onset	duration	sample	trial_type	block	value	depth	confidence	response_time	logged_duration	key
0.000	0	0	clicker_press	n/a	response-received-page_up	n/a	n/a	n/a	n/a	page_up
5.894	0	2947	clicker_press	n/a	response-received-page_up	n/a	n/a	n/a	n/a	page_up
15.220	0	7610	clicker_press	n/a	response-received-page_up	n/a	n/a	n/a	n/a	page_up
19.482	0	9741	clicker_press	n/a	response-received-page_up	n/a	n/a	n/a	n/a	page_up
29.158	0	14579	clicker_press	n/a	response-received-page_up	n/a	n/a	n/a	n/a	page_up
37.950	0	18975	clicker_press	n/a	response-received-page_up	n/a	n/a	n/a	n/a	page_up
45.910	0	22955	clicker_press	n/a	response-received-page_up	n/a	n/a	n/a	n/a	page_up
55.186	0	27593	clicker_press	n/a	response-received-page_up	n/a	n/a	n/a	n/a	page_up
55.204	0	27602	task_begin	n/a	task-begin	n/a	n/a	n/a	n/a	n/a
106.692	0	53346	clicker_press	n/a	response-received-page_down	n/a	n/a	n/a	n/a	page_down
106.726	0	53363	baseline_begin	baseline	baseline-begin	n/a	n/a	n/a	n/a	n/a
406.944	0	203472	baseline_end	baseline	baseline-end	n/a	n/a	n/a	n/a	n/a
481.074	0	240537	clicker_press	n/a	response-received-page_down	n/a	n/a	n/a	n/a	page_down
481.084	0	240542	pre_meditation_begin	pre_meditation	pre-meditation-begin	n/a	n/a	n/a	n/a	n/a
781.134	0	390567	pre_meditation_end	pre_meditation	pre-meditation-end	n/a	n/a	n/a	n/a	n/a
781.134	0	390567	prompt_window_begin	pre_meditation	probe-pre-meditation-begin	n/a	n/a	n/a	n/a	n/a
790.130	0	395065	depth_rating	pre_meditation	rating-pre-meditation-meditation_depth-0	0	n/a	n/a	n/a	n/a
792.074	0	396037	clicker_press	n/a	response-received-page_down	n/a	n/a	n/a	n/a	page_down
793.190	0	396595	clicker_press	n/a	response-received-page_down	n/a	n/a	n/a	n/a	page_down
794.006	0	397003	clicker_press	n/a	response-received-page_down	n/a	n/a	n/a	n/a	page_down
796.904	0	398452	clicker_press	n/a	response-received-page_down	n/a	n/a	n/a	n/a	page_down
797.388	0	398694	clicker_press	n/a	response-received-page_down	n/a	n/a	n/a	n/a	page_down
797.836	0	398918	clicker_press	n/a	response-received-page_down	n/a	n/a	n/a	n/a	page_down
800.302	0	400151	confidence_rating	pre_meditation	rating-pre-meditation-confidence_depth-6	n/a	6	n/a	n/a	n/a
801.318	0	400659	prompt_window_end	pre_meditation	probe-pre-meditation-end	n/a	n/a	n/a	n/a	n/a
832.874	0	416437	clicker_press	n/a	response-received-page_down	n/a	n/a	n/a	n/a	page_down
832.946	0	416473	silent_probe_begin	silent_probe	block-nosapo-probe-begin	n/a	n/a	n/a	n/a	n/a
832.948	0	416474	subblock_begin	silent_probe	subblock-begin	n/a	n/a	n/a	n/a	n/a
832.948	0	416474	silence_begin	silent_probe	silence-begin	n/a	n/a	n/a	n/a	n/a
950.868	0	475434	silence_end	silent_probe	silence-end	n/a	n/a	n/a	n/a	n/a
950.870	0	475435	subblock_end	silent_probe	subblock-end-duration-117.923	n/a	n/a	n/a	117.923	n/a
950.870	0	475435	subblock_begin	silent_probe	subblock-begin	n/a	n/a	n/a	n/a	n/a
950.872	0	475436	silence_begin	silent_probe	silence-begin	n/a	n/a	n/a	n/a	n/a
1035.972	0	517986	prompt_window_begin	silent_probe	probe-nosapo-probe-begin	n/a	n/a	n/a	n/a	n/a
1044.998	0	522499	depth_rating	silent_probe	rating-nosapo-probe-meditation_depth-0	0	n/a	n/a	n/a	n/a
1055.074	0	527537	confidence_rating	silent_probe	rating-nosapo-probe-confidence_depth-0	n/a	0	n/a	n/a	n/a
1058.538	0	529269	prompt_window_end	silent_probe	probe-nosapo-probe-end	n/a	n/a	n/a	n/a	n/a
1089.544	0	544772	silence_end	silent_probe	silence-end	n/a	n/a	n/a	n/a	n/a
1089.546	0	544773	gong_begin	silent_probe	gong-begin	n/a	n/a	n/a	n/a	n/a
1099.720	0	549860	gong_end	silent_probe	gong-end	n/a	n/a	n/a	n/a	n/a
1099.720	0	549860	subblock_end	silent_probe	subblock-end-duration-148.85	n/a	n/a	n/a	148.850	n/a
1099.722	0	549861	subblock_begin	silent_probe	subblock-begin	n/a	n/a	n/a	n/a	n/a
1099.722	0	549861	silence_begin	silent_probe	silence-begin	n/a	n/a	n/a	n/a	n/a
1204.300	0	602150	silence_end	silent_probe	silence-end	n/a	n/a	n/a	n/a	n/a
1204.300	0	602150	gong_begin	silent_probe	gong-begin	n/a	n/a	n/a	n/a	n/a
1214.408	0	607204	gong_end	silent_probe	gong-end	n/a	n/a	n/a	n/a	n/a
1214.408	0	607204	subblock_end	silent_probe	subblock-end-duration-114.688	n/a	n/a	n/a	114.688	n/a
1214.410	0	607205	subblock_begin	silent_probe	subblock-begin	n/a	n/a	n/a	n/a	n/a
1214.410	0	607205	silence_begin	silent_probe	silence-begin	n/a	n/a	n/a	n/a	n/a
1241.552	0	620776	prompt_window_begin	silent_probe	probe-nosapo-probe-begin	n/a	n/a	n/a	n/a	n/a
1250.578	0	625289	depth_rating	silent_probe	rating-nosapo-probe-meditation_depth-0	0	n/a	n/a	n/a	n/a
1260.654	0	630327	confidence_rating	silent_probe	rating-nosapo-probe-confidence_depth-0	n/a	0	n/a	n/a	n/a
1264.100	0	632050	prompt_window_end	silent_probe	probe-nosapo-probe-end	n/a	n/a	n/a	n/a	n/a
1348.264	0	674132	silence_end	silent_probe	silence-end	n/a	n/a	n/a	n/a	n/a
1348.264	0	674132	gong_begin	silent_probe	gong-begin	n/a	n/a	n/a	n/a	n/a
1358.356	0	679178	gong_end	silent_probe	gong-end	n/a	n/a	n/a	n/a	n/a
1358.356	0	679178	subblock_end	silent_probe	subblock-end-duration-143.948	n/a	n/a	n/a	143.948	n/a
1358.356	0	679178	subblock_begin	silent_probe	subblock-begin	n/a	n/a	n/a	n/a	n/a
1358.358	0	679179	silence_begin	silent_probe	silence-begin	n/a	n/a	n/a	n/a	n/a
1456.158	0	728079	prompt_window_begin	silent_probe	probe-nosapo-probe-begin	n/a	n/a	n/a	n/a	n/a
1465.200	0	732600	depth_rating	silent_probe	rating-nosapo-probe-meditation_depth-0	0	n/a	n/a	n/a	n/a
1475.442	0	737721	confidence_rating	silent_probe	rating-nosapo-probe-confidence_depth-0	n/a	0	n/a	n/a	n/a
1478.922	0	739461	prompt_window_end	silent_probe	probe-nosapo-probe-end	n/a	n/a	n/a	n/a	n/a
1481.986	0	740993	silence_end	silent_probe	silence-end	n/a	n/a	n/a	n/a	n/a
1481.986	0	740993	gong_begin	silent_probe	gong-begin	n/a	n/a	n/a	n/a	n/a
1492.096	0	746048	gong_end	silent_probe	gong-end	n/a	n/a	n/a	n/a	n/a
1492.096	0	746048	subblock_end	silent_probe	subblock-end-duration-133.74	n/a	n/a	n/a	133.740	n/a
1492.096	0	746048	subblock_begin	silent_probe	subblock-begin	n/a	n/a	n/a	n/a	n/a
1492.098	0	746049	silence_begin	silent_probe	silence-begin	n/a	n/a	n/a	n/a	n/a
1603.602	0	801801	silence_end	silent_probe	silence-end	n/a	n/a	n/a	n/a	n/a
1603.604	0	801802	subblock_end	silent_probe	subblock-end-duration-111.508	n/a	n/a	n/a	111.508	n/a
1603.604	0	801802	subblock_begin	silent_probe	subblock-begin	n/a	n/a	n/a	n/a	n/a
1603.604	0	801802	silence_begin	silent_probe	silence-begin	n/a	n/a	n/a	n/a	n/a
1668.982	0	834491	prompt_window_begin	silent_probe	probe-nosapo-probe-begin	n/a	n/a	n/a	n/a	n/a
1675.726	0	837863	clicker_press	silent_probe	response-received-page_down	n/a	n/a	n/a	n/a	page_down
1676.358	0	838179	clicker_press	silent_probe	response-received-page_down	n/a	n/a	n/a	n/a	page_down
1676.974	0	838487	clicker_press	silent_probe	response-received-page_down	n/a	n/a	n/a	n/a	page_down
1678.040	0	839020	depth_rating	silent_probe	rating-nosapo-probe-meditation_depth-3	3	n/a	n/a	n/a	n/a
1684.436	0	842218	clicker_press	silent_probe	response-received-page_down	n/a	n/a	n/a	n/a	page_down
1684.918	0	842459	clicker_press	silent_probe	response-received-page_down	n/a	n/a	n/a	n/a	page_down
1685.384	0	842692	clicker_press	silent_probe	response-received-page_down	n/a	n/a	n/a	n/a	page_down
1688.182	0	844091	confidence_rating	silent_probe	rating-nosapo-probe-confidence_depth-3	n/a	3	n/a	n/a	n/a
1691.678	0	845839	prompt_window_end	silent_probe	probe-nosapo-probe-end	n/a	n/a	n/a	n/a	n/a
1730.364	0	865182	silence_end	silent_probe	silence-end	n/a	n/a	n/a	n/a	n/a
1730.364	0	865182	gong_begin	silent_probe	gong-begin	n/a	n/a	n/a	n/a	n/a
1740.488	0	870244	gong_end	silent_probe	gong-end	n/a	n/a	n/a	n/a	n/a
1740.490	0	870245	subblock_end	silent_probe	subblock-end-duration-136.886	n/a	n/a	n/a	136.886	n/a
1740.490	0	870245	subblock_begin	silent_probe	subblock-begin	n/a	n/a	n/a	n/a	n/a
1740.490	0	870245	silence_begin	silent_probe	silence-begin	n/a	n/a	n/a	n/a	n/a
1849.498	0	924749	silence_end	silent_probe	silence-end	n/a	n/a	n/a	n/a	n/a
1849.500	0	924750	subblock_end	silent_probe	subblock-end-duration-109.01	n/a	n/a	n/a	109.010	n/a
1849.500	0	924750	subblock_begin	silent_probe	subblock-begin	n/a	n/a	n/a	n/a	n/a
1849.502	0	924751	silence_begin	silent_probe	silence-begin	n/a	n/a	n/a	n/a	n/a
1924.702	0	962351	prompt_window_begin	silent_probe	probe-nosapo-probe-begin	n/a	n/a	n/a	n/a	n/a
1932.214	0	966107	clicker_press	silent_probe	response-received-page_down	n/a	n/a	n/a	n/a	page_down
1932.662	0	966331	clicker_press	silent_probe	response-received-page_down	n/a	n/a	n/a	n/a	page_down
1933.194	0	966597	clicker_press	silent_probe	response-received-page_down	n/a	n/a	n/a	n/a	page_down
1933.778	0	966889	depth_rating	silent_probe	rating-nosapo-probe-meditation_depth-3	3	n/a	n/a	n/a	n/a
1940.256	0	970128	clicker_press	silent_probe	response-received-page_down	n/a	n/a	n/a	n/a	page_down
1940.656	0	970328	clicker_press	silent_probe	response-received-page_down	n/a	n/a	n/a	n/a	page_down
1941.838	0	970919	clicker_press	silent_probe	response-received-page_down	n/a	n/a	n/a	n/a	page_down
1943.838	0	971919	confidence_rating	silent_probe	rating-nosapo-probe-confidence_depth-3	n/a	3	n/a	n/a	n/a
1947.284	0	973642	prompt_window_end	silent_probe	probe-nosapo-probe-end	n/a	n/a	n/a	n/a	n/a
1985.636	0	992818	silence_end	silent_probe	silence-end	n/a	n/a	n/a	n/a	n/a
1985.636	0	992818	gong_begin	silent_probe	gong-begin	n/a	n/a	n/a	n/a	n/a
1995.778	0	997889	gong_end	silent_probe	gong-end	n/a	n/a	n/a	n/a	n/a
1995.778	0	997889	subblock_end	silent_probe	subblock-end-duration-146.278	n/a	n/a	n/a	146.278	n/a
1995.780	0	997890	subblock_begin	silent_probe	subblock-begin	n/a	n/a	n/a	n/a	n/a
1995.782	0	997891	silence_begin	silent_probe	silence-begin	n/a	n/a	n/a	n/a	n/a
2100.008	0	1050004	silence_end	silent_probe	silence-end	n/a	n/a	n/a	n/a	n/a
2100.008	0	1050004	subblock_end	silent_probe	subblock-end-duration-104.228	n/a	n/a	n/a	104.228	n/a
2100.010	0	1050005	subblock_begin	silent_probe	subblock-begin	n/a	n/a	n/a	n/a	n/a
2100.010	0	1050005	silence_begin	silent_probe	silence-begin	n/a	n/a	n/a	n/a	n/a
2176.294	0	1088147	prompt_window_begin	silent_probe	probe-nosapo-probe-begin	n/a	n/a	n/a	n/a	n/a
2185.354	0	1092677	depth_rating	silent_probe	rating-nosapo-probe-meditation_depth-0	0	n/a	n/a	n/a	n/a
2195.428	0	1097714	confidence_rating	silent_probe	rating-nosapo-probe-confidence_depth-0	n/a	0	n/a	n/a	n/a
2198.942	0	1099471	prompt_window_end	silent_probe	probe-nosapo-probe-end	n/a	n/a	n/a	n/a	n/a
2242.422	0	1121211	silence_end	silent_probe	silence-end	n/a	n/a	n/a	n/a	n/a
2242.422	0	1121211	gong_begin	silent_probe	gong-begin	n/a	n/a	n/a	n/a	n/a
2252.530	0	1126265	gong_end	silent_probe	gong-end	n/a	n/a	n/a	n/a	n/a
2252.532	0	1126266	subblock_end	silent_probe	subblock-end-duration-152.523	n/a	n/a	n/a	152.523	n/a
2252.532	0	1126266	subblock_begin	silent_probe	subblock-begin	n/a	n/a	n/a	n/a	n/a
2252.532	0	1126266	silence_begin	silent_probe	silence-begin	n/a	n/a	n/a	n/a	n/a
2354.048	0	1177024	silence_end	silent_probe	silence-end	n/a	n/a	n/a	n/a	n/a
2354.048	0	1177024	subblock_end	silent_probe	subblock-end-duration-101.517	n/a	n/a	n/a	101.517	n/a
2354.050	0	1177025	subblock_begin	silent_probe	subblock-begin	n/a	n/a	n/a	n/a	n/a
2354.050	0	1177025	silence_begin	silent_probe	silence-begin	n/a	n/a	n/a	n/a	n/a
2420.974	0	1210487	prompt_window_begin	silent_probe	probe-nosapo-probe-begin	n/a	n/a	n/a	n/a	n/a
2427.470	0	1213735	clicker_press	silent_probe	response-received-page_down	n/a	n/a	n/a	n/a	page_down
2427.968	0	1213984	clicker_press	silent_probe	response-received-page_down	n/a	n/a	n/a	n/a	page_down
2428.450	0	1214225	clicker_press	silent_probe	response-received-page_down	n/a	n/a	n/a	n/a	page_down
2430.068	0	1215034	depth_rating	silent_probe	rating-nosapo-probe-meditation_depth-3	3	n/a	n/a	n/a	n/a
2435.698	0	1217849	clicker_press	silent_probe	response-received-page_down	n/a	n/a	n/a	n/a	page_down
2436.178	0	1218089	clicker_press	silent_probe	response-received-page_down	n/a	n/a	n/a	n/a	page_down
2436.678	0	1218339	clicker_press	silent_probe	response-received-page_down	n/a	n/a	n/a	n/a	page_down
2437.144	0	1218572	clicker_press	silent_probe	response-received-page_down	n/a	n/a	n/a	n/a	page_down
2440.192	0	1220096	confidence_rating	silent_probe	rating-nosapo-probe-confidence_depth-4	n/a	4	n/a	n/a	n/a
2443.706	0	1221853	prompt_window_end	silent_probe	probe-nosapo-probe-end	n/a	n/a	n/a	n/a	n/a
2493.898	0	1246949	silence_end	silent_probe	silence-end	n/a	n/a	n/a	n/a	n/a
2493.898	0	1246949	subblock_end	silent_probe	subblock-end-duration-139.849	n/a	n/a	n/a	139.849	n/a
2493.898	0	1246949	subblock_begin	silent_probe	subblock-begin	n/a	n/a	n/a	n/a	n/a
2493.900	0	1246950	silence_begin	silent_probe	silence-begin	n/a	n/a	n/a	n/a	n/a
2595.796	0	1297898	silence_end	silent_probe	silence-end	n/a	n/a	n/a	n/a	n/a
2595.798	0	1297899	subblock_end	silent_probe	subblock-end-duration-101.898	n/a	n/a	n/a	101.898	n/a
2595.798	0	1297899	subblock_begin	silent_probe	subblock-begin	n/a	n/a	n/a	n/a	n/a
2595.798	0	1297899	silence_begin	silent_probe	silence-begin	n/a	n/a	n/a	n/a	n/a
2633.732	0	1316866	prompt_window_begin	silent_probe	probe-nosapo-probe-begin	n/a	n/a	n/a	n/a	n/a
2640.226	0	1320113	clicker_press	silent_probe	response-received-page_down	n/a	n/a	n/a	n/a	page_down
2640.860	0	1320430	clicker_press	silent_probe	response-received-page_down	n/a	n/a	n/a	n/a	page_down
2641.458	0	1320729	clicker_press	silent_probe	response-received-page_down	n/a	n/a	n/a	n/a	page_down
2642.774	0	1321387	depth_rating	silent_probe	rating-nosapo-probe-meditation_depth-3	3	n/a	n/a	n/a	n/a
2649.218	0	1324609	clicker_press	silent_probe	response-received-page_down	n/a	n/a	n/a	n/a	page_down
2650.002	0	1325001	clicker_press	silent_probe	response-received-page_down	n/a	n/a	n/a	n/a	page_down
2650.818	0	1325409	clicker_press	silent_probe	response-received-page_down	n/a	n/a	n/a	n/a	page_down
2652.882	0	1326441	confidence_rating	silent_probe	rating-nosapo-probe-confidence_depth-3	n/a	3	n/a	n/a	n/a
2656.312	0	1328156	prompt_window_end	silent_probe	probe-nosapo-probe-end	n/a	n/a	n/a	n/a	n/a
2721.458	0	1360729	silence_end	silent_probe	silence-end	n/a	n/a	n/a	n/a	n/a
2721.460	0	1360730	subblock_end	silent_probe	subblock-end-duration-125.662	n/a	n/a	n/a	125.662	n/a
2721.460	0	1360730	subblock_begin	silent_probe	subblock-begin	n/a	n/a	n/a	n/a	n/a
2721.460	0	1360730	silence_begin	silent_probe	silence-begin	n/a	n/a	n/a	n/a	n/a
2840.976	0	1420488	silence_end	silent_probe	silence-end	n/a	n/a	n/a	n/a	n/a
2840.976	0	1420488	gong_begin	silent_probe	gong-begin	n/a	n/a	n/a	n/a	n/a
2851.084	0	1425542	gong_end	silent_probe	gong-end	n/a	n/a	n/a	n/a	n/a
2851.086	0	1425543	subblock_end	silent_probe	subblock-end-duration-129.625	n/a	n/a	n/a	129.625	n/a
2851.086	0	1425543	subblock_begin	silent_probe	subblock-begin	n/a	n/a	n/a	n/a	n/a
2851.086	0	1425543	silence_begin	silent_probe	silence-begin	n/a	n/a	n/a	n/a	n/a
2851.086	0	1425543	prompt_window_begin	silent_probe	probe-nosapo-probe-begin	n/a	n/a	n/a	n/a	n/a
2860.160	0	1430080	depth_rating	silent_probe	rating-nosapo-probe-meditation_depth-0	0	n/a	n/a	n/a	n/a
2870.218	0	1435109	confidence_rating	silent_probe	rating-nosapo-probe-confidence_depth-0	n/a	0	n/a	n/a	n/a
2873.682	0	1436841	prompt_window_end	silent_probe	probe-nosapo-probe-end	n/a	n/a	n/a	n/a	n/a
2932.984	0	1466492	silence_end	silent_probe	silence-end	n/a	n/a	n/a	n/a	n/a
2932.984	0	1466492	subblock_end	silent_probe	subblock-end-duration-81.899	n/a	n/a	n/a	81.899	n/a
2932.986	0	1466493	subblock_begin	silent_probe	subblock-begin	n/a	n/a	n/a	n/a	n/a
2932.986	0	1466493	silence_begin	silent_probe	silence-begin	n/a	n/a	n/a	n/a	n/a
2933.100	0	1466550	silent_probe_end	silent_probe	block-nosapo-probe-end	n/a	n/a	n/a	n/a	n/a
2933.100	0	1466550	block_duration	silent_probe	block-nosapo-probe-duration-2100	n/a	n/a	n/a	2100.000	n/a
2933.102	0	1466551	break_begin	break	break-begin	n/a	n/a	n/a	n/a	n/a
3440.009	0	1720004	boundary	n/a	boundary	n/a	n/a	n/a	n/a	n/a
3463.433	0	1731716	boundary	n/a	boundary	n/a	n/a	n/a	n/a	n/a
3503.610	0	1751805	clicker_press	break	response-received-enter	n/a	n/a	n/a	n/a	enter
3503.624	0	1751812	break_end	break	break-end	n/a	n/a	n/a	n/a	n/a
3567.772	0	1783886	clicker_press	n/a	response-received-page_down	n/a	n/a	n/a	n/a	page_down
3567.790	0	1783895	active_oddball_begin	active_oddball	active-oddball-begin	n/a	n/a	n/a	n/a	n/a
3567.798	0	1783899	standard_tone	active_oddball	standard	n/a	n/a	n/a	n/a	n/a
3568.904	0	1784452	distractor_noise	active_oddball	distractor	n/a	n/a	n/a	n/a	n/a
3569.938	0	1784969	standard_tone	active_oddball	standard	n/a	n/a	n/a	n/a	n/a
3570.954	0	1785477	standard_tone	active_oddball	standard	n/a	n/a	n/a	n/a	n/a
3572.002	0	1786001	standard_tone	active_oddball	standard	n/a	n/a	n/a	n/a	n/a
3573.018	0	1786509	standard_tone	active_oddball	standard	n/a	n/a	n/a	n/a	n/a
3574.066	0	1787033	standard_tone	active_oddball	standard	n/a	n/a	n/a	n/a	n/a
3575.116	0	1787558	standard_tone	active_oddball	standard	n/a	n/a	n/a	n/a	n/a
3576.132	0	1788066	distractor_noise	active_oddball	distractor	n/a	n/a	n/a	n/a	n/a
3577.148	0	1788574	standard_tone	active_oddball	standard	n/a	n/a	n/a	n/a	n/a
3578.214	0	1789107	standard_tone	active_oddball	standard	n/a	n/a	n/a	n/a	n/a
3579.246	0	1789623	standard_tone	active_oddball	standard	n/a	n/a	n/a	n/a	n/a
3580.378	0	1790189	standard_tone	active_oddball	standard	n/a	n/a	n/a	n/a	n/a
3581.394	0	1790697	standard_tone	active_oddball	standard	n/a	n/a	n/a	n/a	n/a
3582.410	0	1791205	standard_tone	active_oddball	standard	n/a	n/a	n/a	n/a	n/a
3583.428	0	1791714	oddball_tone	active_oddball	oddball	n/a	n/a	n/a	n/a	n/a
3584.242	0	1792121	clicker_press	active_oddball	response-received-page_down	n/a	n/a	n/a	n/a	page_down
3584.326	0	1792163	oddball_response	active_oddball	active-oddball-button-press-805ms	n/a	n/a	0.805	n/a	n/a
3584.474	0	1792237	distractor_noise	active_oddball	distractor	n/a	n/a	n/a	n/a	n/a
3585.540	0	1792770	standard_tone	active_oddball	standard	n/a	n/a	n/a	n/a	n/a
3586.556	0	1793278	standard_tone	active_oddball	standard	n/a	n/a	n/a	n/a	n/a
3587.572	0	1793786	standard_tone	active_oddball	standard	n/a	n/a	n/a	n/a	n/a
3588.588	0	1794294	standard_tone	active_oddball	standard	n/a	n/a	n/a	n/a	n/a
3589.620	0	1794810	standard_tone	active_oddball	standard	n/a	n/a	n/a	n/a	n/a
3590.686	0	1795343	standard_tone	active_oddball	standard	n/a	n/a	n/a	n/a	n/a
3591.802	0	1795901	standard_tone	active_oddball	standard	n/a	n/a	n/a	n/a	n/a
3592.834	0	1796417	oddball_tone	active_oddball	oddball	n/a	n/a	n/a	n/a	n/a
3593.668	0	1796834	clicker_press	active_oddball	response-received-page_down	n/a	n/a	n/a	n/a	page_down
3593.702	0	1796851	oddball_response	active_oddball	active-oddball-button-press-825ms	n/a	n/a	0.825	n/a	n/a
3593.900	0	1796950	standard_tone	active_oddball	standard	n/a	n/a	n/a	n/a	n/a
3594.916	0	1797458	standard_tone	active_oddball	standard	n/a	n/a	n/a	n/a	n/a
3595.932	0	1797966	standard_tone	active_oddball	standard	n/a	n/a	n/a	n/a	n/a
3596.966	0	1798483	standard_tone	active_oddball	standard	n/a	n/a	n/a	n/a	n/a
3597.998	0	1798999	oddball_tone	active_oddball	oddball	n/a	n/a	n/a	n/a	n/a
3599.012	0	1799506	clicker_press	active_oddball	response-received-page_down	n/a	n/a	n/a	n/a	page_down
3599.014	0	1799507	oddball_response	active_oddball	active-oddball-button-press-1006ms	n/a	n/a	1.006	n/a	n/a
3599.014	0	1799507	standard_tone	active_oddball	standard	n/a	n/a	n/a	n/a	n/a
3600.046	0	1800023	standard_tone	active_oddball	standard	n/a	n/a	n/a	n/a	n/a
3601.078	0	1800539	standard_tone	active_oddball	standard	n/a	n/a	n/a	n/a	n/a
3602.160	0	1801080	standard_tone	active_oddball	standard	n/a	n/a	n/a	n/a	n/a
3603.210	0	1801605	standard_tone	active_oddball	standard	n/a	n/a	n/a	n/a	n/a
3604.292	0	1802146	standard_tone	active_oddball	standard	n/a	n/a	n/a	n/a	n/a
3605.308	0	1802654	distractor_noise	active_oddball	distractor	n/a	n/a	n/a	n/a	n/a
3606.324	0	1803162	standard_tone	active_oddball	standard	n/a	n/a	n/a	n/a	n/a
3607.330	0	1803665	standard_tone	active_oddball	standard	n/a	n/a	n/a	n/a	n/a
3608.338	0	1804169	standard_tone	active_oddball	standard	n/a	n/a	n/a	n/a	n/a
3609.372	0	1804686	standard_tone	active_oddball	standard	n/a	n/a	n/a	n/a	n/a
3610.420	0	1805210	standard_tone	active_oddball	standard	n/a	n/a	n/a	n/a	n/a
3611.470	0	1805735	distractor_noise	active_oddball	distractor	n/a	n/a	n/a	n/a	n/a
3612.486	0	1806243	oddball_tone	active_oddball	oddball	n/a	n/a	n/a	n/a	n/a
3613.518	0	1806759	standard_tone	active_oddball	standard	n/a	n/a	n/a	n/a	n/a
3613.634	0	1806817	clicker_press	active_oddball	response-received-page_down	n/a	n/a	n/a	n/a	page_down
3613.750	0	1806875	oddball_response	active_oddball	active-oddball-button-press-110ms	n/a	n/a	0.110	n/a	n/a
3614.534	0	1807267	standard_tone	active_oddball	standard	n/a	n/a	n/a	n/a	n/a
3615.566	0	1807783	standard_tone	active_oddball	standard	n/a	n/a	n/a	n/a	n/a
3616.582	0	1808291	oddball_tone	active_oddball	oddball	n/a	n/a	n/a	n/a	n/a
3617.680	0	1808840	standard_tone	active_oddball	standard	n/a	n/a	n/a	n/a	n/a
3617.796	0	1808898	clicker_press	active_oddball	response-received-page_down	n/a	n/a	n/a	n/a	page_down
3617.830	0	1808915	oddball_response	active_oddball	active-oddball-button-press-109ms	n/a	n/a	0.109	n/a	n/a
3618.696	0	1809348	oddball_tone	active_oddball	oddball	n/a	n/a	n/a	n/a	n/a
3619.780	0	1809890	standard_tone	active_oddball	standard	n/a	n/a	n/a	n/a	n/a
3619.862	0	1809931	clicker_press	active_oddball	response-received-page_down	n/a	n/a	n/a	n/a	page_down
3619.912	0	1809956	oddball_response	active_oddball	active-oddball-button-press-76ms	n/a	n/a	0.076	n/a	n/a
3620.812	0	1810406	standard_tone	active_oddball	standard	n/a	n/a	n/a	n/a	n/a
3621.878	0	1810939	oddball_tone	active_oddball	oddball	n/a	n/a	n/a	n/a	n/a
3622.942	0	1811471	standard_tone	active_oddball	standard	n/a	n/a	n/a	n/a	n/a
3623.060	0	1811530	clicker_press	active_oddball	response-received-page_down	n/a	n/a	n/a	n/a	page_down
3623.160	0	1811580	oddball_response	active_oddball	active-oddball-button-press-111ms	n/a	n/a	0.111	n/a	n/a
3624.026	0	1812013	standard_tone	active_oddball	standard	n/a	n/a	n/a	n/a	n/a
3625.158	0	1812579	standard_tone	active_oddball	standard	n/a	n/a	n/a	n/a	n/a
3626.174	0	1813087	standard_tone	active_oddball	standard	n/a	n/a	n/a	n/a	n/a
3627.206	0	1813603	standard_tone	active_oddball	standard	n/a	n/a	n/a	n/a	n/a
3628.238	0	1814119	standard_tone	active_oddball	standard	n/a	n/a	n/a	n/a	n/a
3629.272	0	1814636	standard_tone	active_oddball	standard	n/a	n/a	n/a	n/a	n/a
3630.286	0	1815143	standard_tone	active_oddball	standard	n/a	n/a	n/a	n/a	n/a
3631.336	0	1815668	standard_tone	active_oddball	standard	n/a	n/a	n/a	n/a	n/a
3632.352	0	1816176	standard_tone	active_oddball	standard	n/a	n/a	n/a	n/a	n/a
3633.450	0	1816725	standard_tone	active_oddball	standard	n/a	n/a	n/a	n/a	n/a
3634.484	0	1817242	standard_tone	active_oddball	standard	n/a	n/a	n/a	n/a	n/a
3635.500	0	1817750	standard_tone	active_oddball	standard	n/a	n/a	n/a	n/a	n/a
3636.516	0	1818258	standard_tone	active_oddball	standard	n/a	n/a	n/a	n/a	n/a
3637.564	0	1818782	standard_tone	active_oddball	standard	n/a	n/a	n/a	n/a	n/a
3638.598	0	1819299	standard_tone	active_oddball	standard	n/a	n/a	n/a	n/a	n/a
3639.612	0	1819806	standard_tone	active_oddball	standard	n/a	n/a	n/a	n/a	n/a
3640.628	0	1820314	standard_tone	active_oddball	standard	n/a	n/a	n/a	n/a	n/a
3641.644	0	1820822	standard_tone	active_oddball	standard	n/a	n/a	n/a	n/a	n/a
3642.660	0	1821330	standard_tone	active_oddball	standard	n/a	n/a	n/a	n/a	n/a
3643.676	0	1821838	distractor_noise	active_oddball	distractor	n/a	n/a	n/a	n/a	n/a
3644.708	0	1822354	standard_tone	active_oddball	standard	n/a	n/a	n/a	n/a	n/a
3645.742	0	1822871	standard_tone	active_oddball	standard	n/a	n/a	n/a	n/a	n/a
3646.824	0	1823412	standard_tone	active_oddball	standard	n/a	n/a	n/a	n/a	n/a
3647.890	0	1823945	standard_tone	active_oddball	standard	n/a	n/a	n/a	n/a	n/a
3648.904	0	1824452	standard_tone	active_oddball	standard	n/a	n/a	n/a	n/a	n/a
3649.920	0	1824960	distractor_noise	active_oddball	distractor	n/a	n/a	n/a	n/a	n/a
3651.070	0	1825535	oddball_tone	active_oddball	oddball	n/a	n/a	n/a	n/a	n/a
3652.086	0	1826043	clicker_press	active_oddball	response-received-page_down	n/a	n/a	n/a	n/a	page_down
3652.152	0	1826076	oddball_response	active_oddball	active-oddball-button-press-1009ms	n/a	n/a	1.009	n/a	n/a
3652.154	0	1826077	standard_tone	active_oddball	standard	n/a	n/a	n/a	n/a	n/a
3653.336	0	1826668	standard_tone	active_oddball	standard	n/a	n/a	n/a	n/a	n/a
3654.400	0	1827200	standard_tone	active_oddball	standard	n/a	n/a	n/a	n/a	n/a
3655.416	0	1827708	standard_tone	active_oddball	standard	n/a	n/a	n/a	n/a	n/a
3656.448	0	1828224	standard_tone	active_oddball	standard	n/a	n/a	n/a	n/a	n/a
3657.498	0	1828749	standard_tone	active_oddball	standard	n/a	n/a	n/a	n/a	n/a
3658.514	0	1829257	oddball_tone	active_oddball	oddball	n/a	n/a	n/a	n/a	n/a
3659.530	0	1829765	clicker_press	active_oddball	response-received-page_down	n/a	n/a	n/a	n/a	page_down
3659.546	0	1829773	oddball_response	active_oddball	active-oddball-button-press-1010ms	n/a	n/a	1.010	n/a	n/a
3659.548	0	1829774	standard_tone	active_oddball	standard	n/a	n/a	n/a	n/a	n/a
3660.596	0	1830298	standard_tone	active_oddball	standard	n/a	n/a	n/a	n/a	n/a
3661.662	0	1830831	standard_tone	active_oddball	standard	n/a	n/a	n/a	n/a	n/a
3662.710	0	1831355	standard_tone	active_oddball	standard	n/a	n/a	n/a	n/a	n/a
3663.742	0	1831871	standard_tone	active_oddball	standard	n/a	n/a	n/a	n/a	n/a
3664.774	0	1832387	standard_tone	active_oddball	standard	n/a	n/a	n/a	n/a	n/a
3665.808	0	1832904	standard_tone	active_oddball	standard	n/a	n/a	n/a	n/a	n/a
3666.892	0	1833446	oddball_tone	active_oddball	oddball	n/a	n/a	n/a	n/a	n/a
3667.872	0	1833936	clicker_press	active_oddball	response-received-page_down	n/a	n/a	n/a	n/a	page_down
3667.940	0	1833970	oddball_response	active_oddball	active-oddball-button-press-975ms	n/a	n/a	0.975	n/a	n/a
3667.940	0	1833970	distractor_noise	active_oddball	distractor	n/a	n/a	n/a	n/a	n/a
3668.972	0	1834486	standard_tone	active_oddball	standard	n/a	n/a	n/a	n/a	n/a
3669.988	0	1834994	distractor_noise	active_oddball	distractor	n/a	n/a	n/a	n/a	n/a
3671.004	0	1835502	standard_tone	active_oddball	standard	n/a	n/a	n/a	n/a	n/a
3672.070	0	1836035	standard_tone	active_oddball	standard	n/a	n/a	n/a	n/a	n/a
3673.084	0	1836542	standard_tone	active_oddball	standard	n/a	n/a	n/a	n/a	n/a
3674.152	0	1837076	standard_tone	active_oddball	standard	n/a	n/a	n/a	n/a	n/a
3675.184	0	1837592	standard_tone	active_oddball	standard	n/a	n/a	n/a	n/a	n/a
3676.248	0	1838124	standard_tone	active_oddball	standard	n/a	n/a	n/a	n/a	n/a
3677.364	0	1838682	oddball_tone	active_oddball	oddball	n/a	n/a	n/a	n/a	n/a
3678.280	0	1839140	clicker_press	active_oddball	response-received-page_down	n/a	n/a	n/a	n/a	page_down
3678.314	0	1839157	oddball_response	active_oddball	active-oddball-button-press-909ms	n/a	n/a	0.909	n/a	n/a
3678.380	0	1839190	standard_tone	active_oddball	standard	n/a	n/a	n/a	n/a	n/a
3679.396	0	1839698	standard_tone	active_oddball	standard	n/a	n/a	n/a	n/a	n/a
3680.462	0	1840231	standard_tone	active_oddball	standard	n/a	n/a	n/a	n/a	n/a
3681.512	0	1840756	standard_tone	active_oddball	standard	n/a	n/a	n/a	n/a	n/a
3682.544	0	1841272	standard_tone	active_oddball	standard	n/a	n/a	n/a	n/a	n/a
3683.676	0	1841838	standard_tone	active_oddball	standard	n/a	n/a	n/a	n/a	n/a
3684.692	0	1842346	standard_tone	active_oddball	standard	n/a	n/a	n/a	n/a	n/a
3685.726	0	1842863	standard_tone	active_oddball	standard	n/a	n/a	n/a	n/a	n/a
3686.742	0	1843371	standard_tone	active_oddball	standard	n/a	n/a	n/a	n/a	n/a
3687.790	0	1843895	standard_tone	active_oddball	standard	n/a	n/a	n/a	n/a	n/a
3688.822	0	1844411	oddball_tone	active_oddball	oddball	n/a	n/a	n/a	n/a	n/a
3689.572	0	1844786	clicker_press	active_oddball	response-received-page_down	n/a	n/a	n/a	n/a	page_down
3689.638	0	1844819	oddball_response	active_oddball	active-oddball-button-press-742ms	n/a	n/a	0.742	n/a	n/a
3689.838	0	1844919	distractor_noise	active_oddball	distractor	n/a	n/a	n/a	n/a	n/a
3690.870	0	1845435	standard_tone	active_oddball	standard	n/a	n/a	n/a	n/a	n/a
3691.902	0	1845951	standard_tone	active_oddball	standard	n/a	n/a	n/a	n/a	n/a
3693.036	0	1846518	distractor_noise	active_oddball	distractor	n/a	n/a	n/a	n/a	n/a
3694.050	0	1847025	standard_tone	active_oddball	standard	n/a	n/a	n/a	n/a	n/a
3695.066	0	1847533	oddball_tone	active_oddball	oddball	n/a	n/a	n/a	n/a	n/a
3695.966	0	1847983	clicker_press	active_oddball	response-received-page_down	n/a	n/a	n/a	n/a	page_down
3696.082	0	1848041	oddball_response	active_oddball	active-oddball-button-press-892ms	n/a	n/a	0.892	n/a	n/a
3696.084	0	1848042	distractor_noise	active_oddball	distractor	n/a	n/a	n/a	n/a	n/a
3697.216	0	1848608	standard_tone	active_oddball	standard	n/a	n/a	n/a	n/a	n/a
3698.230	0	1849115	standard_tone	active_oddball	standard	n/a	n/a	n/a	n/a	n/a
3699.248	0	1849624	standard_tone	active_oddball	standard	n/a	n/a	n/a	n/a	n/a
3700.346	0	1850173	standard_tone	active_oddball	standard	n/a	n/a	n/a	n/a	n/a
3701.412	0	1850706	standard_tone	active_oddball	standard	n/a	n/a	n/a	n/a	n/a
3702.428	0	1851214	standard_tone	active_oddball	standard	n/a	n/a	n/a	n/a	n/a
3703.444	0	1851722	standard_tone	active_oddball	standard	n/a	n/a	n/a	n/a	n/a
3704.458	0	1852229	standard_tone	active_oddball	standard	n/a	n/a	n/a	n/a	n/a
3705.476	0	1852738	standard_tone	active_oddball	standard	n/a	n/a	n/a	n/a	n/a
3706.490	0	1853245	oddball_tone	active_oddball	oddball	n/a	n/a	n/a	n/a	n/a
3707.524	0	1853762	standard_tone	active_oddball	standard	n/a	n/a	n/a	n/a	n/a
3707.540	0	1853770	clicker_press	active_oddball	response-received-page_down	n/a	n/a	n/a	n/a	page_down
3707.556	0	1853778	oddball_response	active_oddball	active-oddball-button-press-11ms	n/a	n/a	0.011	n/a	n/a
3708.538	0	1854269	standard_tone	active_oddball	standard	n/a	n/a	n/a	n/a	n/a
3709.588	0	1854794	standard_tone	active_oddball	standard	n/a	n/a	n/a	n/a	n/a
3710.604	0	1855302	standard_tone	active_oddball	standard	n/a	n/a	n/a	n/a	n/a
3711.752	0	1855876	standard_tone	active_oddball	standard	n/a	n/a	n/a	n/a	n/a
3712.818	0	1856409	standard_tone	active_oddball	standard	n/a	n/a	n/a	n/a	n/a
3713.850	0	1856925	standard_tone	active_oddball	standard	n/a	n/a	n/a	n/a	n/a
3714.884	0	1857442	standard_tone	active_oddball	standard	n/a	n/a	n/a	n/a	n/a
3715.932	0	1857966	standard_tone	active_oddball	standard	n/a	n/a	n/a	n/a	n/a
3716.966	0	1858483	oddball_tone	active_oddball	oddball	n/a	n/a	n/a	n/a	n/a
3717.980	0	1858990	clicker_press	active_oddball	response-received-page_down	n/a	n/a	n/a	n/a	page_down
3717.982	0	1858991	oddball_response	active_oddball	active-oddball-button-press-1008ms	n/a	n/a	1.008	n/a	n/a
3717.982	0	1858991	standard_tone	active_oddball	standard	n/a	n/a	n/a	n/a	n/a
3719.064	0	1859532	standard_tone	active_oddball	standard	n/a	n/a	n/a	n/a	n/a
3720.146	0	1860073	standard_tone	active_oddball	standard	n/a	n/a	n/a	n/a	n/a
3721.196	0	1860598	standard_tone	active_oddball	standard	n/a	n/a	n/a	n/a	n/a
3722.228	0	1861114	standard_tone	active_oddball	standard	n/a	n/a	n/a	n/a	n/a
3723.260	0	1861630	standard_tone	active_oddball	standard	n/a	n/a	n/a	n/a	n/a
3724.276	0	1862138	standard_tone	active_oddball	standard	n/a	n/a	n/a	n/a	n/a
3725.308	0	1862654	standard_tone	active_oddball	standard	n/a	n/a	n/a	n/a	n/a
3726.390	0	1863195	oddball_tone	active_oddball	oddball	n/a	n/a	n/a	n/a	n/a
3727.306	0	1863653	clicker_press	active_oddball	response-received-page_down	n/a	n/a	n/a	n/a	page_down
3727.324	0	1863662	oddball_response	active_oddball	active-oddball-button-press-909ms	n/a	n/a	0.909	n/a	n/a
3727.422	0	1863711	standard_tone	active_oddball	standard	n/a	n/a	n/a	n/a	n/a
3728.456	0	1864228	standard_tone	active_oddball	standard	n/a	n/a	n/a	n/a	n/a
3729.488	0	1864744	standard_tone	active_oddball	standard	n/a	n/a	n/a	n/a	n/a
3730.504	0	1865252	standard_tone	active_oddball	standard	n/a	n/a	n/a	n/a	n/a
3731.570	0	1865785	standard_tone	active_oddball	standard	n/a	n/a	n/a	n/a	n/a
3732.586	0	1866293	distractor_noise	active_oddball	distractor	n/a	n/a	n/a	n/a	n/a
3733.618	0	1866809	standard_tone	active_oddball	standard	n/a	n/a	n/a	n/a	n/a
3734.668	0	1867334	standard_tone	active_oddball	standard	n/a	n/a	n/a	n/a	n/a
3735.732	0	1867866	standard_tone	active_oddball	standard	n/a	n/a	n/a	n/a	n/a
3736.766	0	1868383	oddball_tone	active_oddball	oddball	n/a	n/a	n/a	n/a	n/a
3737.664	0	1868832	clicker_press	active_oddball	response-received-page_down	n/a	n/a	n/a	n/a	page_down
3737.682	0	1868841	oddball_response	active_oddball	active-oddball-button-press-892ms	n/a	n/a	0.892	n/a	n/a
3737.798	0	1868899	standard_tone	active_oddball	standard	n/a	n/a	n/a	n/a	n/a
3738.864	0	1869432	standard_tone	active_oddball	standard	n/a	n/a	n/a	n/a	n/a
3739.946	0	1869973	standard_tone	active_oddball	standard	n/a	n/a	n/a	n/a	n/a
3740.978	0	1870489	standard_tone	active_oddball	standard	n/a	n/a	n/a	n/a	n/a
3741.994	0	1870997	oddball_tone	active_oddball	oddball	n/a	n/a	n/a	n/a	n/a
3743.044	0	1871522	standard_tone	active_oddball	standard	n/a	n/a	n/a	n/a	n/a
3743.110	0	1871555	clicker_press	active_oddball	response-received-page_down	n/a	n/a	n/a	n/a	page_down
3743.128	0	1871564	oddball_response	active_oddball	active-oddball-button-press-57ms	n/a	n/a	0.057	n/a	n/a
3744.108	0	1872054	standard_tone	active_oddball	standard	n/a	n/a	n/a	n/a	n/a
3745.176	0	1872588	standard_tone	active_oddball	standard	n/a	n/a	n/a	n/a	n/a
3746.292	0	1873146	oddball_tone	active_oddball	oddball	n/a	n/a	n/a	n/a	n/a
3747.308	0	1873654	clicker_press	active_oddball	response-received-page_down	n/a	n/a	n/a	n/a	page_down
3747.356	0	1873678	oddball_response	active_oddball	active-oddball-button-press-1009ms	n/a	n/a	1.009	n/a	n/a
3747.358	0	1873679	standard_tone	active_oddball	standard	n/a	n/a	n/a	n/a	n/a
3748.390	0	1874195	distractor_noise	active_oddball	distractor	n/a	n/a	n/a	n/a	n/a
3749.406	0	1874703	standard_tone	active_oddball	standard	n/a	n/a	n/a	n/a	n/a
3750.420	0	1875210	oddball_tone	active_oddball	oddball	n/a	n/a	n/a	n/a	n/a
3751.452	0	1875726	clicker_press	active_oddball	response-received-page_down	n/a	n/a	n/a	n/a	page_down
3751.470	0	1875735	oddball_response	active_oddball	active-oddball-button-press-1025ms	n/a	n/a	1.025	n/a	n/a
3751.470	0	1875735	standard_tone	active_oddball	standard	n/a	n/a	n/a	n/a	n/a
3752.486	0	1876243	oddball_tone	active_oddball	oddball	n/a	n/a	n/a	n/a	n/a
3753.552	0	1876776	standard_tone	active_oddball	standard	n/a	n/a	n/a	n/a	n/a
3754.600	0	1877300	standard_tone	active_oddball	standard	n/a	n/a	n/a	n/a	n/a
3755.650	0	1877825	standard_tone	active_oddball	standard	n/a	n/a	n/a	n/a	n/a
3756.666	0	1878333	standard_tone	active_oddball	standard	n/a	n/a	n/a	n/a	n/a
3757.714	0	1878857	standard_tone	active_oddball	standard	n/a	n/a	n/a	n/a	n/a
3758.730	0	1879365	standard_tone	active_oddball	standard	n/a	n/a	n/a	n/a	n/a
3759.780	0	1879890	distractor_noise	active_oddball	distractor	n/a	n/a	n/a	n/a	n/a
3760.828	0	1880414	standard_tone	active_oddball	standard	n/a	n/a	n/a	n/a	n/a
3761.844	0	1880922	distractor_noise	active_oddball	distractor	n/a	n/a	n/a	n/a	n/a
3762.910	0	1881455	standard_tone	active_oddball	standard	n/a	n/a	n/a	n/a	n/a
3763.942	0	1881971	standard_tone	active_oddball	standard	n/a	n/a	n/a	n/a	n/a
3764.992	0	1882496	standard_tone	active_oddball	standard	n/a	n/a	n/a	n/a	n/a
3766.058	0	1883029	standard_tone	active_oddball	standard	n/a	n/a	n/a	n/a	n/a
3767.124	0	1883562	oddball_tone	active_oddball	oddball	n/a	n/a	n/a	n/a	n/a
3768.174	0	1884087	standard_tone	active_oddball	standard	n/a	n/a	n/a	n/a	n/a
3768.190	0	1884095	clicker_press	active_oddball	response-received-page_down	n/a	n/a	n/a	n/a	page_down
3768.240	0	1884120	oddball_response	active_oddball	active-oddball-button-press-9ms	n/a	n/a	0.009	n/a	n/a
3769.204	0	1884602	standard_tone	active_oddball	standard	n/a	n/a	n/a	n/a	n/a
3770.256	0	1885128	standard_tone	active_oddball	standard	n/a	n/a	n/a	n/a	n/a
3771.304	0	1885652	oddball_tone	active_oddball	oddball	n/a	n/a	n/a	n/a	n/a
3772.302	0	1886151	clicker_press	active_oddball	response-received-page_down	n/a	n/a	n/a	n/a	page_down
3772.320	0	1886160	oddball_response	active_oddball	active-oddball-button-press-992ms	n/a	n/a	0.992	n/a	n/a
3772.320	0	1886160	standard_tone	active_oddball	standard	n/a	n/a	n/a	n/a	n/a
3773.336	0	1886668	standard_tone	active_oddball	standard	n/a	n/a	n/a	n/a	n/a
3774.418	0	1887209	standard_tone	active_oddball	standard	n/a	n/a	n/a	n/a	n/a
3775.450	0	1887725	standard_tone	active_oddball	standard	n/a	n/a	n/a	n/a	n/a
3776.732	0	1888366	standard_tone	active_oddball	standard	n/a	n/a	n/a	n/a	n/a
3777.782	0	1888891	standard_tone	active_oddball	standard	n/a	n/a	n/a	n/a	n/a
3778.880	0	1889440	standard_tone	active_oddball	standard	n/a	n/a	n/a	n/a	n/a
3779.962	0	1889981	standard_tone	active_oddball	standard	n/a	n/a	n/a	n/a	n/a
3780.978	0	1890489	standard_tone	active_oddball	standard	n/a	n/a	n/a	n/a	n/a
3782.012	0	1891006	distractor_noise	active_oddball	distractor	n/a	n/a	n/a	n/a	n/a
3783.060	0	1891530	standard_tone	active_oddball	standard	n/a	n/a	n/a	n/a	n/a
3784.076	0	1892038	standard_tone	active_oddball	standard	n/a	n/a	n/a	n/a	n/a
3785.126	0	1892563	distractor_noise	active_oddball	distractor	n/a	n/a	n/a	n/a	n/a
3786.174	0	1893087	standard_tone	active_oddball	standard	n/a	n/a	n/a	n/a	n/a
3787.206	0	1893603	oddball_tone	active_oddball	oddball	n/a	n/a	n/a	n/a	n/a
3788.190	0	1894095	clicker_press	active_oddball	response-received-page_down	n/a	n/a	n/a	n/a	page_down
3788.206	0	1894103	oddball_response	active_oddball	active-oddball-button-press-977ms	n/a	n/a	0.977	n/a	n/a
3788.222	0	1894111	standard_tone	active_oddball	standard	n/a	n/a	n/a	n/a	n/a
3789.256	0	1894628	distractor_noise	active_oddball	distractor	n/a	n/a	n/a	n/a	n/a
3790.288	0	1895144	standard_tone	active_oddball	standard	n/a	n/a	n/a	n/a	n/a
3791.338	0	1895669	distractor_noise	active_oddball	distractor	n/a	n/a	n/a	n/a	n/a
3792.352	0	1896176	standard_tone	active_oddball	standard	n/a	n/a	n/a	n/a	n/a
3793.386	0	1896693	standard_tone	active_oddball	standard	n/a	n/a	n/a	n/a	n/a
3794.402	0	1897201	distractor_noise	active_oddball	distractor	n/a	n/a	n/a	n/a	n/a
3795.452	0	1897726	standard_tone	active_oddball	standard	n/a	n/a	n/a	n/a	n/a
3796.466	0	1898233	standard_tone	active_oddball	standard	n/a	n/a	n/a	n/a	n/a
3797.498	0	1898749	oddball_tone	active_oddball	oddball	n/a	n/a	n/a	n/a	n/a
3798.480	0	1899240	clicker_press	active_oddball	response-received-page_down	n/a	n/a	n/a	n/a	page_down
3798.614	0	1899307	oddball_response	active_oddball	active-oddball-button-press-976ms	n/a	n/a	0.976	n/a	n/a
3798.614	0	1899307	distractor_noise	active_oddball	distractor	n/a	n/a	n/a	n/a	n/a
3799.746	0	1899873	standard_tone	active_oddball	standard	n/a	n/a	n/a	n/a	n/a
3800.778	0	1900389	standard_tone	active_oddball	standard	n/a	n/a	n/a	n/a	n/a
3801.844	0	1900922	standard_tone	active_oddball	standard	n/a	n/a	n/a	n/a	n/a
3802.862	0	1901431	standard_tone	active_oddball	standard	n/a	n/a	n/a	n/a	n/a
3803.892	0	1901946	standard_tone	active_oddball	standard	n/a	n/a	n/a	n/a	n/a
3804.958	0	1902479	standard_tone	active_oddball	standard	n/a	n/a	n/a	n/a	n/a
3805.992	0	1902996	standard_tone	active_oddball	standard	n/a	n/a	n/a	n/a	n/a
3807.006	0	1903503	standard_tone	active_oddball	standard	n/a	n/a	n/a	n/a	n/a
3808.140	0	1904070	standard_tone	active_oddball	standard	n/a	n/a	n/a	n/a	n/a
3809.206	0	1904603	standard_tone	active_oddball	standard	n/a	n/a	n/a	n/a	n/a
3810.238	0	1905119	standard_tone	active_oddball	standard	n/a	n/a	n/a	n/a	n/a
3811.254	0	1905627	standard_tone	active_oddball	standard	n/a	n/a	n/a	n/a	n/a
3812.370	0	1906185	standard_tone	active_oddball	standard	n/a	n/a	n/a	n/a	n/a
3813.384	0	1906692	standard_tone	active_oddball	standard	n/a	n/a	n/a	n/a	n/a
3814.402	0	1907201	standard_tone	active_oddball	standard	n/a	n/a	n/a	n/a	n/a
3815.450	0	1907725	standard_tone	active_oddball	standard	n/a	n/a	n/a	n/a	n/a
3816.534	0	1908267	standard_tone	active_oddball	standard	n/a	n/a	n/a	n/a	n/a
3817.648	0	1908824	distractor_noise	active_oddball	distractor	n/a	n/a	n/a	n/a	n/a
3818.780	0	1909390	standard_tone	active_oddball	standard	n/a	n/a	n/a	n/a	n/a
3819.880	0	1909940	standard_tone	active_oddball	standard	n/a	n/a	n/a	n/a	n/a
3820.896	0	1910448	standard_tone	active_oddball	standard	n/a	n/a	n/a	n/a	n/a
3821.996	0	1910998	standard_tone	active_oddball	standard	n/a	n/a	n/a	n/a	n/a
3823.010	0	1911505	standard_tone	active_oddball	standard	n/a	n/a	n/a	n/a	n/a
3824.026	0	1912013	oddball_tone	active_oddball	oddball	n/a	n/a	n/a	n/a	n/a
3824.992	0	1912496	clicker_press	active_oddball	response-received-page_down	n/a	n/a	n/a	n/a	page_down
3825.012	0	1912506	oddball_response	active_oddball	active-oddball-button-press-959ms	n/a	n/a	0.959	n/a	n/a
3825.042	0	1912521	standard_tone	active_oddball	standard	n/a	n/a	n/a	n/a	n/a
3826.090	0	1913045	standard_tone	active_oddball	standard	n/a	n/a	n/a	n/a	n/a
3827.108	0	1913554	standard_tone	active_oddball	standard	n/a	n/a	n/a	n/a	n/a
3828.122	0	1914061	distractor_noise	active_oddball	distractor	n/a	n/a	n/a	n/a	n/a
3829.138	0	1914569	oddball_tone	active_oddball	oddball	n/a	n/a	n/a	n/a	n/a
3830.088	0	1915044	clicker_press	active_oddball	response-received-page_down	n/a	n/a	n/a	n/a	page_down
3830.138	0	1915069	oddball_response	active_oddball	active-oddball-button-press-943ms	n/a	n/a	0.943	n/a	n/a
3830.156	0	1915078	standard_tone	active_oddball	standard	n/a	n/a	n/a	n/a	n/a
3831.236	0	1915618	standard_tone	active_oddball	standard	n/a	n/a	n/a	n/a	n/a
3832.370	0	1916185	standard_tone	active_oddball	standard	n/a	n/a	n/a	n/a	n/a
3833.486	0	1916743	distractor_noise	active_oddball	distractor	n/a	n/a	n/a	n/a	n/a
3834.500	0	1917250	standard_tone	active_oddball	standard	n/a	n/a	n/a	n/a	n/a
3835.584	0	1917792	oddball_tone	active_oddball	oddball	n/a	n/a	n/a	n/a	n/a
3836.582	0	1918291	clicker_press	active_oddball	response-received-page_down	n/a	n/a	n/a	n/a	page_down
3836.616	0	1918308	oddball_response	active_oddball	active-oddball-button-press-992ms	n/a	n/a	0.992	n/a	n/a
3836.616	0	1918308	standard_tone	active_oddball	standard	n/a	n/a	n/a	n/a	n/a
3837.664	0	1918832	distractor_noise	active_oddball	distractor	n/a	n/a	n/a	n/a	n/a
3838.848	0	1919424	standard_tone	active_oddball	standard	n/a	n/a	n/a	n/a	n/a
3839.964	0	1919982	distractor_noise	active_oddball	distractor	n/a	n/a	n/a	n/a	n/a
3841.012	0	1920506	standard_tone	active_oddball	standard	n/a	n/a	n/a	n/a	n/a
3842.162	0	1921081	standard_tone	active_oddball	standard	n/a	n/a	n/a	n/a	n/a
3843.194	0	1921597	standard_tone	active_oddball	standard	n/a	n/a	n/a	n/a	n/a
3844.210	0	1922105	oddball_tone	active_oddball	oddball	n/a	n/a	n/a	n/a	n/a
3845.208	0	1922604	clicker_press	active_oddball	response-received-page_down	n/a	n/a	n/a	n/a	page_down
3845.226	0	1922613	oddball_response	active_oddball	active-oddball-button-press-992ms	n/a	n/a	0.992	n/a	n/a
3845.226	0	1922613	standard_tone	active_oddball	standard	n/a	n/a	n/a	n/a	n/a
3846.274	0	1923137	standard_tone	active_oddball	standard	n/a	n/a	n/a	n/a	n/a
3847.308	0	1923654	oddball_tone	active_oddball	oddball	n/a	n/a	n/a	n/a	n/a
3848.256	0	1924128	clicker_press	active_oddball	response-received-page_down	n/a	n/a	n/a	n/a	page_down
3848.374	0	1924187	oddball_response	active_oddball	active-oddball-button-press-943ms	n/a	n/a	0.943	n/a	n/a
3848.374	0	1924187	standard_tone	active_oddball	standard	n/a	n/a	n/a	n/a	n/a
3849.456	0	1924728	standard_tone	active_oddball	standard	n/a	n/a	n/a	n/a	n/a
3850.506	0	1925253	standard_tone	active_oddball	standard	n/a	n/a	n/a	n/a	n/a
3851.570	0	1925785	standard_tone	active_oddball	standard	n/a	n/a	n/a	n/a	n/a
3852.654	0	1926327	standard_tone	active_oddball	standard	n/a	n/a	n/a	n/a	n/a
3853.736	0	1926868	standard_tone	active_oddball	standard	n/a	n/a	n/a	n/a	n/a
3854.768	0	1927384	standard_tone	active_oddball	standard	n/a	n/a	n/a	n/a	n/a
3855.784	0	1927892	distractor_noise	active_oddball	distractor	n/a	n/a	n/a	n/a	n/a
3856.816	0	1928408	standard_tone	active_oddball	standard	n/a	n/a	n/a	n/a	n/a
3857.832	0	1928916	standard_tone	active_oddball	standard	n/a	n/a	n/a	n/a	n/a
3858.898	0	1929449	standard_tone	active_oddball	standard	n/a	n/a	n/a	n/a	n/a
3859.946	0	1929973	standard_tone	active_oddball	standard	n/a	n/a	n/a	n/a	n/a
3861.030	0	1930515	standard_tone	active_oddball	standard	n/a	n/a	n/a	n/a	n/a
3862.078	0	1931039	distractor_noise	active_oddball	distractor	n/a	n/a	n/a	n/a	n/a
3863.160	0	1931580	standard_tone	active_oddball	standard	n/a	n/a	n/a	n/a	n/a
3864.176	0	1932088	standard_tone	active_oddball	standard	n/a	n/a	n/a	n/a	n/a
3865.242	0	1932621	standard_tone	active_oddball	standard	n/a	n/a	n/a	n/a	n/a
3866.258	0	1933129	standard_tone	active_oddball	standard	n/a	n/a	n/a	n/a	n/a
3867.290	0	1933645	standard_tone	active_oddball	standard	n/a	n/a	n/a	n/a	n/a
3868.306	0	1934153	standard_tone	active_oddball	standard	n/a	n/a	n/a	n/a	n/a
3869.340	0	1934670	distractor_noise	active_oddball	distractor	n/a	n/a	n/a	n/a	n/a
3870.404	0	1935202	standard_tone	active_oddball	standard	n/a	n/a	n/a	n/a	n/a
3871.436	0	1935718	standard_tone	active_oddball	standard	n/a	n/a	n/a	n/a	n/a
3872.452	0	1936226	standard_tone	active_oddball	standard	n/a	n/a	n/a	n/a	n/a
3873.518	0	1936759	standard_tone	active_oddball	standard	n/a	n/a	n/a	n/a	n/a
3874.534	0	1937267	standard_tone	active_oddball	standard	n/a	n/a	n/a	n/a	n/a
3875.566	0	1937783	standard_tone	active_oddball	standard	n/a	n/a	n/a	n/a	n/a
3876.616	0	1938308	standard_tone	active_oddball	standard	n/a	n/a	n/a	n/a	n/a
3877.732	0	1938866	standard_tone	active_oddball	standard	n/a	n/a	n/a	n/a	n/a
3878.764	0	1939382	standard_tone	active_oddball	standard	n/a	n/a	n/a	n/a	n/a
3879.780	0	1939890	standard_tone	active_oddball	standard	n/a	n/a	n/a	n/a	n/a
3880.796	0	1940398	standard_tone	active_oddball	standard	n/a	n/a	n/a	n/a	n/a
3881.862	0	1940931	active_oddball_end	active_oddball	active-oddball-end	n/a	n/a	n/a	n/a	n/a
3881.862	0	1940931	prompt_window_begin	active_oddball	probe-oddball-begin	n/a	n/a	n/a	n/a	n/a
3888.406	0	1944203	clicker_press	n/a	response-received-page_down	n/a	n/a	n/a	n/a	page_down
3889.072	0	1944536	clicker_press	n/a	response-received-page_down	n/a	n/a	n/a	n/a	page_down
3889.588	0	1944794	clicker_press	n/a	response-received-page_down	n/a	n/a	n/a	n/a	page_down
3890.154	0	1945077	clicker_press	n/a	response-received-page_down	n/a	n/a	n/a	n/a	page_down
3890.888	0	1945444	depth_rating	active_oddball	rating-oddball-meditation_depth-4	4	n/a	n/a	n/a	n/a
3897.350	0	1948675	clicker_press	n/a	response-received-page_down	n/a	n/a	n/a	n/a	page_down
3897.866	0	1948933	clicker_press	n/a	response-received-page_down	n/a	n/a	n/a	n/a	page_down
3898.298	0	1949149	clicker_press	n/a	response-received-page_down	n/a	n/a	n/a	n/a	page_down
3898.798	0	1949399	clicker_press	n/a	response-received-page_down	n/a	n/a	n/a	n/a	page_down
3900.980	0	1950490	confidence_rating	active_oddball	rating-oddball-confidence_depth-4	n/a	4	n/a	n/a	n/a
3902.012	0	1951006	prompt_window_end	active_oddball	probe-oddball-end	n/a	n/a	n/a	n/a	n/a
3990.556	0	1995278	clicker_press	n/a	response-received-page_down	n/a	n/a	n/a	n/a	page_down
3990.578	0	1995289	sapo_emerge_begin	sapo_emerge	block-sapo-emerge-begin	n/a	n/a	n/a	n/a	n/a
3990.590	0	1995295	subblock_begin	sapo_emerge	subblock-begin	n/a	n/a	n/a	n/a	n/a
3990.590	0	1995295	silence_begin	sapo_emerge	silence-begin	n/a	n/a	n/a	n/a	n/a
3990.592	0	1995296	distractor_noise	sapo_emerge	distractor	n/a	n/a	n/a	n/a	n/a
3991.604	0	1995802	standard_tone	sapo_emerge	standard	n/a	n/a	n/a	n/a	n/a
3992.620	0	1996310	standard_tone	sapo_emerge	standard	n/a	n/a	n/a	n/a	n/a
3993.636	0	1996818	standard_tone	sapo_emerge	standard	n/a	n/a	n/a	n/a	n/a
3994.652	0	1997326	standard_tone	sapo_emerge	standard	n/a	n/a	n/a	n/a	n/a
3995.652	0	1997826	oddball_tone	sapo_emerge	oddball	n/a	n/a	n/a	n/a	n/a
3996.666	0	1998333	standard_tone	sapo_emerge	standard	n/a	n/a	n/a	n/a	n/a
3997.682	0	1998841	standard_tone	sapo_emerge	standard	n/a	n/a	n/a	n/a	n/a
3998.698	0	1999349	standard_tone	sapo_emerge	standard	n/a	n/a	n/a	n/a	n/a
3999.714	0	1999857	standard_tone	sapo_emerge	standard	n/a	n/a	n/a	n/a	n/a
4000.730	0	2000365	standard_tone	sapo_emerge	standard	n/a	n/a	n/a	n/a	n/a
4001.746	0	2000873	standard_tone	sapo_emerge	standard	n/a	n/a	n/a	n/a	n/a
4002.762	0	2001381	distractor_noise	sapo_emerge	distractor	n/a	n/a	n/a	n/a	n/a
4003.778	0	2001889	standard_tone	sapo_emerge	standard	n/a	n/a	n/a	n/a	n/a
4004.794	0	2002397	standard_tone	sapo_emerge	standard	n/a	n/a	n/a	n/a	n/a
4005.808	0	2002904	standard_tone	sapo_emerge	standard	n/a	n/a	n/a	n/a	n/a
4006.824	0	2003412	standard_tone	sapo_emerge	standard	n/a	n/a	n/a	n/a	n/a
4007.840	0	2003920	oddball_tone	sapo_emerge	oddball	n/a	n/a	n/a	n/a	n/a
4008.856	0	2004428	standard_tone	sapo_emerge	standard	n/a	n/a	n/a	n/a	n/a
4009.872	0	2004936	standard_tone	sapo_emerge	standard	n/a	n/a	n/a	n/a	n/a
4010.888	0	2005444	standard_tone	sapo_emerge	standard	n/a	n/a	n/a	n/a	n/a
4011.904	0	2005952	oddball_tone	sapo_emerge	oddball	n/a	n/a	n/a	n/a	n/a
4012.920	0	2006460	standard_tone	sapo_emerge	standard	n/a	n/a	n/a	n/a	n/a
4013.936	0	2006968	standard_tone	sapo_emerge	standard	n/a	n/a	n/a	n/a	n/a
4014.952	0	2007476	standard_tone	sapo_emerge	standard	n/a	n/a	n/a	n/a	n/a
4015.968	0	2007984	standard_tone	sapo_emerge	standard	n/a	n/a	n/a	n/a	n/a
4016.982	0	2008491	standard_tone	sapo_emerge	standard	n/a	n/a	n/a	n/a	n/a
4017.998	0	2008999	standard_tone	sapo_emerge	standard	n/a	n/a	n/a	n/a	n/a
4019.014	0	2009507	distractor_noise	sapo_emerge	distractor	n/a	n/a	n/a	n/a	n/a
4020.030	0	2010015	standard_tone	sapo_emerge	standard	n/a	n/a	n/a	n/a	n/a
4021.046	0	2010523	standard_tone	sapo_emerge	standard	n/a	n/a	n/a	n/a	n/a
4022.062	0	2011031	oddball_tone	sapo_emerge	oddball	n/a	n/a	n/a	n/a	n/a
4023.078	0	2011539	distractor_noise	sapo_emerge	distractor	n/a	n/a	n/a	n/a	n/a
4024.094	0	2012047	standard_tone	sapo_emerge	standard	n/a	n/a	n/a	n/a	n/a
4025.110	0	2012555	standard_tone	sapo_emerge	standard	n/a	n/a	n/a	n/a	n/a
4026.126	0	2013063	standard_tone	sapo_emerge	standard	n/a	n/a	n/a	n/a	n/a
4027.142	0	2013571	standard_tone	sapo_emerge	standard	n/a	n/a	n/a	n/a	n/a
4028.156	0	2014078	standard_tone	sapo_emerge	standard	n/a	n/a	n/a	n/a	n/a
4029.172	0	2014586	standard_tone	sapo_emerge	standard	n/a	n/a	n/a	n/a	n/a
4030.188	0	2015094	standard_tone	sapo_emerge	standard	n/a	n/a	n/a	n/a	n/a
4031.204	0	2015602	oddball_tone	sapo_emerge	oddball	n/a	n/a	n/a	n/a	n/a
4032.222	0	2016111	standard_tone	sapo_emerge	standard	n/a	n/a	n/a	n/a	n/a
4033.236	0	2016618	standard_tone	sapo_emerge	standard	n/a	n/a	n/a	n/a	n/a
4034.236	0	2017118	standard_tone	sapo_emerge	standard	n/a	n/a	n/a	n/a	n/a
4035.250	0	2017625	distractor_noise	sapo_emerge	distractor	n/a	n/a	n/a	n/a	n/a
4035.468	0	2017734	clicker_press	sapo_emerge	response-received-page_down	n/a	n/a	n/a	n/a	page_down
4035.536	0	2017768	report_window_begin	sapo_emerge	emerge-sapo-emerge-begin	n/a	n/a	n/a	n/a	n/a
4039.430	0	2019715	clicker_press	sapo_emerge	response-received-page_down	n/a	n/a	n/a	n/a	page_down
4039.564	0	2019782	depth_rating	sapo_emerge	rating-sapo-emerge-meditation_depth-2	2	n/a	n/a	n/a	n/a
4046.076	0	2023038	clicker_press	sapo_emerge	response-received-page_down	n/a	n/a	n/a	n/a	page_down
4046.758	0	2023379	clicker_press	sapo_emerge	response-received-page_down	n/a	n/a	n/a	n/a	page_down
4047.324	0	2023662	clicker_press	sapo_emerge	response-received-page_down	n/a	n/a	n/a	n/a	page_down
4049.722	0	2024861	confidence_rating	sapo_emerge	rating-sapo-emerge-confidence_depth-3	n/a	3	n/a	n/a	n/a
4053.204	0	2026602	report_window_end	sapo_emerge	emerge-sapo-emerge-end	n/a	n/a	n/a	n/a	n/a
4053.204	0	2026602	subblock_begin	sapo_emerge	subblock-begin	n/a	n/a	n/a	n/a	n/a
4053.206	0	2026603	silence_begin	sapo_emerge	silence-begin	n/a	n/a	n/a	n/a	n/a
4053.206	0	2026603	distractor_noise	sapo_emerge	distractor	n/a	n/a	n/a	n/a	n/a
4054.218	0	2027109	standard_tone	sapo_emerge	standard	n/a	n/a	n/a	n/a	n/a
4055.234	0	2027617	standard_tone	sapo_emerge	standard	n/a	n/a	n/a	n/a	n/a
4056.250	0	2028125	standard_tone	sapo_emerge	standard	n/a	n/a	n/a	n/a	n/a
4057.250	0	2028625	oddball_tone	sapo_emerge	oddball	n/a	n/a	n/a	n/a	n/a
4058.266	0	2029133	standard_tone	sapo_emerge	standard	n/a	n/a	n/a	n/a	n/a
4059.282	0	2029641	standard_tone	sapo_emerge	standard	n/a	n/a	n/a	n/a	n/a
4060.296	0	2030148	standard_tone	sapo_emerge	standard	n/a	n/a	n/a	n/a	n/a
4061.314	0	2030657	standard_tone	sapo_emerge	standard	n/a	n/a	n/a	n/a	n/a
4062.328	0	2031164	standard_tone	sapo_emerge	standard	n/a	n/a	n/a	n/a	n/a
4063.344	0	2031672	distractor_noise	sapo_emerge	distractor	n/a	n/a	n/a	n/a	n/a
4064.360	0	2032180	standard_tone	sapo_emerge	standard	n/a	n/a	n/a	n/a	n/a
4065.360	0	2032680	standard_tone	sapo_emerge	standard	n/a	n/a	n/a	n/a	n/a
4066.376	0	2033188	standard_tone	sapo_emerge	standard	n/a	n/a	n/a	n/a	n/a
4067.392	0	2033696	standard_tone	sapo_emerge	standard	n/a	n/a	n/a	n/a	n/a
4068.406	0	2034203	standard_tone	sapo_emerge	standard	n/a	n/a	n/a	n/a	n/a
4069.452	0	2034726	standard_tone	sapo_emerge	standard	n/a	n/a	n/a	n/a	n/a
4070.456	0	2035228	distractor_noise	sapo_emerge	distractor	n/a	n/a	n/a	n/a	n/a
4071.470	0	2035735	standard_tone	sapo_emerge	standard	n/a	n/a	n/a	n/a	n/a
4072.486	0	2036243	oddball_tone	sapo_emerge	oddball	n/a	n/a	n/a	n/a	n/a
4073.502	0	2036751	standard_tone	sapo_emerge	standard	n/a	n/a	n/a	n/a	n/a
4074.518	0	2037259	standard_tone	sapo_emerge	standard	n/a	n/a	n/a	n/a	n/a
4075.534	0	2037767	standard_tone	sapo_emerge	standard	n/a	n/a	n/a	n/a	n/a
4076.550	0	2038275	standard_tone	sapo_emerge	standard	n/a	n/a	n/a	n/a	n/a
4077.566	0	2038783	standard_tone	sapo_emerge	standard	n/a	n/a	n/a	n/a	n/a
4078.566	0	2039283	standard_tone	sapo_emerge	standard	n/a	n/a	n/a	n/a	n/a
4079.580	0	2039790	standard_tone	sapo_emerge	standard	n/a	n/a	n/a	n/a	n/a
4080.596	0	2040298	standard_tone	sapo_emerge	standard	n/a	n/a	n/a	n/a	n/a
4081.612	0	2040806	standard_tone	sapo_emerge	standard	n/a	n/a	n/a	n/a	n/a
4082.628	0	2041314	standard_tone	sapo_emerge	standard	n/a	n/a	n/a	n/a	n/a
4083.644	0	2041822	standard_tone	sapo_emerge	standard	n/a	n/a	n/a	n/a	n/a
4084.660	0	2042330	standard_tone	sapo_emerge	standard	n/a	n/a	n/a	n/a	n/a
4085.676	0	2042838	oddball_tone	sapo_emerge	oddball	n/a	n/a	n/a	n/a	n/a
4086.692	0	2043346	standard_tone	sapo_emerge	standard	n/a	n/a	n/a	n/a	n/a
4087.708	0	2043854	standard_tone	sapo_emerge	standard	n/a	n/a	n/a	n/a	n/a
4088.724	0	2044362	standard_tone	sapo_emerge	standard	n/a	n/a	n/a	n/a	n/a
4089.740	0	2044870	standard_tone	sapo_emerge	standard	n/a	n/a	n/a	n/a	n/a
4090.756	0	2045378	oddball_tone	sapo_emerge	oddball	n/a	n/a	n/a	n/a	n/a
4091.772	0	2045886	standard_tone	sapo_emerge	standard	n/a	n/a	n/a	n/a	n/a
4092.786	0	2046393	oddball_tone	sapo_emerge	oddball	n/a	n/a	n/a	n/a	n/a
4093.802	0	2046901	standard_tone	sapo_emerge	standard	n/a	n/a	n/a	n/a	n/a
4094.818	0	2047409	standard_tone	sapo_emerge	standard	n/a	n/a	n/a	n/a	n/a
4095.834	0	2047917	standard_tone	sapo_emerge	standard	n/a	n/a	n/a	n/a	n/a
4096.850	0	2048425	oddball_tone	sapo_emerge	oddball	n/a	n/a	n/a	n/a	n/a
4097.866	0	2048933	standard_tone	sapo_emerge	standard	n/a	n/a	n/a	n/a	n/a
4098.882	0	2049441	standard_tone	sapo_emerge	standard	n/a	n/a	n/a	n/a	n/a
4099.898	0	2049949	standard_tone	sapo_emerge	standard	n/a	n/a	n/a	n/a	n/a
4100.914	0	2050457	standard_tone	sapo_emerge	standard	n/a	n/a	n/a	n/a	n/a
4101.930	0	2050965	standard_tone	sapo_emerge	standard	n/a	n/a	n/a	n/a	n/a
4102.944	0	2051472	standard_tone	sapo_emerge	standard	n/a	n/a	n/a	n/a	n/a
4103.946	0	2051973	standard_tone	sapo_emerge	standard	n/a	n/a	n/a	n/a	n/a
4104.960	0	2052480	standard_tone	sapo_emerge	standard	n/a	n/a	n/a	n/a	n/a
4105.960	0	2052980	standard_tone	sapo_emerge	standard	n/a	n/a	n/a	n/a	n/a
4106.974	0	2053487	standard_tone	sapo_emerge	standard	n/a	n/a	n/a	n/a	n/a
4107.974	0	2053987	standard_tone	sapo_emerge	standard	n/a	n/a	n/a	n/a	n/a
4108.990	0	2054495	standard_tone	sapo_emerge	standard	n/a	n/a	n/a	n/a	n/a
4110.006	0	2055003	standard_tone	sapo_emerge	standard	n/a	n/a	n/a	n/a	n/a
4111.022	0	2055511	standard_tone	sapo_emerge	standard	n/a	n/a	n/a	n/a	n/a
4112.038	0	2056019	standard_tone	sapo_emerge	standard	n/a	n/a	n/a	n/a	n/a
4113.054	0	2056527	standard_tone	sapo_emerge	standard	n/a	n/a	n/a	n/a	n/a
4114.070	0	2057035	oddball_tone	sapo_emerge	oddball	n/a	n/a	n/a	n/a	n/a
4115.086	0	2057543	standard_tone	sapo_emerge	standard	n/a	n/a	n/a	n/a	n/a
4116.100	0	2058050	standard_tone	sapo_emerge	standard	n/a	n/a	n/a	n/a	n/a
4117.116	0	2058558	standard_tone	sapo_emerge	standard	n/a	n/a	n/a	n/a	n/a
4118.132	0	2059066	oddball_tone	sapo_emerge	oddball	n/a	n/a	n/a	n/a	n/a
4119.148	0	2059574	standard_tone	sapo_emerge	standard	n/a	n/a	n/a	n/a	n/a
4120.164	0	2060082	standard_tone	sapo_emerge	standard	n/a	n/a	n/a	n/a	n/a
4121.180	0	2060590	standard_tone	sapo_emerge	standard	n/a	n/a	n/a	n/a	n/a
4122.196	0	2061098	standard_tone	sapo_emerge	standard	n/a	n/a	n/a	n/a	n/a
4122.546	0	2061273	clicker_press	sapo_emerge	response-received-page_down	n/a	n/a	n/a	n/a	page_down
4122.596	0	2061298	report_window_begin	sapo_emerge	emerge-sapo-emerge-begin	n/a	n/a	n/a	n/a	n/a
4123.428	0	2061714	clicker_press	sapo_emerge	response-received-page_down	n/a	n/a	n/a	n/a	page_down
4124.328	0	2062164	clicker_press	sapo_emerge	response-received-page_down	n/a	n/a	n/a	n/a	page_down
4126.642	0	2063321	depth_rating	sapo_emerge	rating-sapo-emerge-meditation_depth-3	3	n/a	n/a	n/a	n/a
4132.706	0	2066353	clicker_press	sapo_emerge	response-received-page_down	n/a	n/a	n/a	n/a	page_down
4133.336	0	2066668	clicker_press	sapo_emerge	response-received-page_down	n/a	n/a	n/a	n/a	page_down
4133.936	0	2066968	clicker_press	sapo_emerge	response-received-page_down	n/a	n/a	n/a	n/a	page_down
4135.650	0	2067825	clicker_press	sapo_emerge	response-received-page_down	n/a	n/a	n/a	n/a	page_down
4136.734	0	2068367	confidence_rating	sapo_emerge	rating-sapo-emerge-confidence_depth-4	n/a	4	n/a	n/a	n/a
4140.198	0	2070099	report_window_end	sapo_emerge	emerge-sapo-emerge-end	n/a	n/a	n/a	n/a	n/a
4140.200	0	2070100	subblock_begin	sapo_emerge	subblock-begin	n/a	n/a	n/a	n/a	n/a
4140.200	0	2070100	silence_begin	sapo_emerge	silence-begin	n/a	n/a	n/a	n/a	n/a
4140.214	0	2070107	standard_tone	sapo_emerge	standard	n/a	n/a	n/a	n/a	n/a
4141.230	0	2070615	standard_tone	sapo_emerge	standard	n/a	n/a	n/a	n/a	n/a
4142.246	0	2071123	standard_tone	sapo_emerge	standard	n/a	n/a	n/a	n/a	n/a
4143.262	0	2071631	standard_tone	sapo_emerge	standard	n/a	n/a	n/a	n/a	n/a
4144.278	0	2072139	standard_tone	sapo_emerge	standard	n/a	n/a	n/a	n/a	n/a
4145.294	0	2072647	standard_tone	sapo_emerge	standard	n/a	n/a	n/a	n/a	n/a
4146.308	0	2073154	standard_tone	sapo_emerge	standard	n/a	n/a	n/a	n/a	n/a
4147.324	0	2073662	oddball_tone	sapo_emerge	oddball	n/a	n/a	n/a	n/a	n/a
4148.340	0	2074170	standard_tone	sapo_emerge	standard	n/a	n/a	n/a	n/a	n/a
4149.356	0	2074678	oddball_tone	sapo_emerge	oddball	n/a	n/a	n/a	n/a	n/a
4150.372	0	2075186	standard_tone	sapo_emerge	standard	n/a	n/a	n/a	n/a	n/a
4151.388	0	2075694	standard_tone	sapo_emerge	standard	n/a	n/a	n/a	n/a	n/a
4152.388	0	2076194	standard_tone	sapo_emerge	standard	n/a	n/a	n/a	n/a	n/a
4153.404	0	2076702	standard_tone	sapo_emerge	standard	n/a	n/a	n/a	n/a	n/a
4154.418	0	2077209	standard_tone	sapo_emerge	standard	n/a	n/a	n/a	n/a	n/a
4155.434	0	2077717	standard_tone	sapo_emerge	standard	n/a	n/a	n/a	n/a	n/a
4156.450	0	2078225	oddball_tone	sapo_emerge	oddball	n/a	n/a	n/a	n/a	n/a
4157.466	0	2078733	standard_tone	sapo_emerge	standard	n/a	n/a	n/a	n/a	n/a
4158.482	0	2079241	standard_tone	sapo_emerge	standard	n/a	n/a	n/a	n/a	n/a
4159.498	0	2079749	standard_tone	sapo_emerge	standard	n/a	n/a	n/a	n/a	n/a
4160.514	0	2080257	standard_tone	sapo_emerge	standard	n/a	n/a	n/a	n/a	n/a
4161.530	0	2080765	standard_tone	sapo_emerge	standard	n/a	n/a	n/a	n/a	n/a
4162.546	0	2081273	standard_tone	sapo_emerge	standard	n/a	n/a	n/a	n/a	n/a
4163.562	0	2081781	standard_tone	sapo_emerge	standard	n/a	n/a	n/a	n/a	n/a
4164.576	0	2082288	standard_tone	sapo_emerge	standard	n/a	n/a	n/a	n/a	n/a
4165.576	0	2082788	standard_tone	sapo_emerge	standard	n/a	n/a	n/a	n/a	n/a
4166.592	0	2083296	standard_tone	sapo_emerge	standard	n/a	n/a	n/a	n/a	n/a
4167.608	0	2083804	standard_tone	sapo_emerge	standard	n/a	n/a	n/a	n/a	n/a
4168.624	0	2084312	standard_tone	sapo_emerge	standard	n/a	n/a	n/a	n/a	n/a
4169.640	0	2084820	standard_tone	sapo_emerge	standard	n/a	n/a	n/a	n/a	n/a
4170.638	0	2085319	standard_tone	sapo_emerge	standard	n/a	n/a	n/a	n/a	n/a
4171.654	0	2085827	standard_tone	sapo_emerge	standard	n/a	n/a	n/a	n/a	n/a
4172.670	0	2086335	standard_tone	sapo_emerge	standard	n/a	n/a	n/a	n/a	n/a
4173.686	0	2086843	standard_tone	sapo_emerge	standard	n/a	n/a	n/a	n/a	n/a
4174.702	0	2087351	standard_tone	sapo_emerge	standard	n/a	n/a	n/a	n/a	n/a
4175.718	0	2087859	standard_tone	sapo_emerge	standard	n/a	n/a	n/a	n/a	n/a
4176.734	0	2088367	standard_tone	sapo_emerge	standard	n/a	n/a	n/a	n/a	n/a
4177.750	0	2088875	standard_tone	sapo_emerge	standard	n/a	n/a	n/a	n/a	n/a
4178.750	0	2089375	standard_tone	sapo_emerge	standard	n/a	n/a	n/a	n/a	n/a
4179.764	0	2089882	standard_tone	sapo_emerge	standard	n/a	n/a	n/a	n/a	n/a
4180.780	0	2090390	standard_tone	sapo_emerge	standard	n/a	n/a	n/a	n/a	n/a
4181.796	0	2090898	standard_tone	sapo_emerge	standard	n/a	n/a	n/a	n/a	n/a
4182.812	0	2091406	standard_tone	sapo_emerge	standard	n/a	n/a	n/a	n/a	n/a
4183.828	0	2091914	standard_tone	sapo_emerge	standard	n/a	n/a	n/a	n/a	n/a
4184.844	0	2092422	standard_tone	sapo_emerge	standard	n/a	n/a	n/a	n/a	n/a
4185.860	0	2092930	standard_tone	sapo_emerge	standard	n/a	n/a	n/a	n/a	n/a
4186.876	0	2093438	standard_tone	sapo_emerge	standard	n/a	n/a	n/a	n/a	n/a
4187.892	0	2093946	standard_tone	sapo_emerge	standard	n/a	n/a	n/a	n/a	n/a
4188.906	0	2094453	standard_tone	sapo_emerge	standard	n/a	n/a	n/a	n/a	n/a
4189.922	0	2094961	standard_tone	sapo_emerge	standard	n/a	n/a	n/a	n/a	n/a
4190.922	0	2095461	standard_tone	sapo_emerge	standard	n/a	n/a	n/a	n/a	n/a
4191.938	0	2095969	distractor_noise	sapo_emerge	distractor	n/a	n/a	n/a	n/a	n/a
4192.954	0	2096477	standard_tone	sapo_emerge	standard	n/a	n/a	n/a	n/a	n/a
4193.970	0	2096985	oddball_tone	sapo_emerge	oddball	n/a	n/a	n/a	n/a	n/a
4194.986	0	2097493	standard_tone	sapo_emerge	standard	n/a	n/a	n/a	n/a	n/a
4196.002	0	2098001	standard_tone	sapo_emerge	standard	n/a	n/a	n/a	n/a	n/a
4197.016	0	2098508	standard_tone	sapo_emerge	standard	n/a	n/a	n/a	n/a	n/a
4198.018	0	2099009	standard_tone	sapo_emerge	standard	n/a	n/a	n/a	n/a	n/a
4199.032	0	2099516	standard_tone	sapo_emerge	standard	n/a	n/a	n/a	n/a	n/a
4200.058	0	2100029	standard_tone	sapo_emerge	standard	n/a	n/a	n/a	n/a	n/a
4201.064	0	2100532	standard_tone	sapo_emerge	standard	n/a	n/a	n/a	n/a	n/a
4202.080	0	2101040	standard_tone	sapo_emerge	standard	n/a	n/a	n/a	n/a	n/a
4203.096	0	2101548	standard_tone	sapo_emerge	standard	n/a	n/a	n/a	n/a	n/a
4204.110	0	2102055	standard_tone	sapo_emerge	standard	n/a	n/a	n/a	n/a	n/a
4205.110	0	2102555	standard_tone	sapo_emerge	standard	n/a	n/a	n/a	n/a	n/a
4206.126	0	2103063	standard_tone	sapo_emerge	standard	n/a	n/a	n/a	n/a	n/a
4207.142	0	2103571	standard_tone	sapo_emerge	standard	n/a	n/a	n/a	n/a	n/a
4208.158	0	2104079	standard_tone	sapo_emerge	standard	n/a	n/a	n/a	n/a	n/a
4209.174	0	2104587	oddball_tone	sapo_emerge	oddball	n/a	n/a	n/a	n/a	n/a
4210.190	0	2105095	distractor_noise	sapo_emerge	distractor	n/a	n/a	n/a	n/a	n/a
4211.206	0	2105603	standard_tone	sapo_emerge	standard	n/a	n/a	n/a	n/a	n/a
4211.358	0	2105679	clicker_press	sapo_emerge	response-received-page_down	n/a	n/a	n/a	n/a	page_down
4211.372	0	2105686	report_window_begin	sapo_emerge	emerge-sapo-emerge-begin	n/a	n/a	n/a	n/a	n/a
4212.172	0	2106086	clicker_press	sapo_emerge	response-received-page_down	n/a	n/a	n/a	n/a	page_down
4212.938	0	2106469	clicker_press	sapo_emerge	response-received-page_down	n/a	n/a	n/a	n/a	page_down
4215.386	0	2107693	depth_rating	sapo_emerge	rating-sapo-emerge-meditation_depth-3	3	n/a	n/a	n/a	n/a
4221.298	0	2110649	clicker_press	sapo_emerge	response-received-page_down	n/a	n/a	n/a	n/a	page_down
4221.896	0	2110948	clicker_press	sapo_emerge	response-received-page_down	n/a	n/a	n/a	n/a	page_down
4222.580	0	2111290	clicker_press	sapo_emerge	response-received-page_down	n/a	n/a	n/a	n/a	page_down
4225.494	0	2112747	confidence_rating	sapo_emerge	rating-sapo-emerge-confidence_depth-3	n/a	3	n/a	n/a	n/a
4228.990	0	2114495	report_window_end	sapo_emerge	emerge-sapo-emerge-end	n/a	n/a	n/a	n/a	n/a
4228.992	0	2114496	subblock_begin	sapo_emerge	subblock-begin	n/a	n/a	n/a	n/a	n/a
4228.992	0	2114496	silence_begin	sapo_emerge	silence-begin	n/a	n/a	n/a	n/a	n/a
4228.992	0	2114496	standard_tone	sapo_emerge	standard	n/a	n/a	n/a	n/a	n/a
4230.006	0	2115003	standard_tone	sapo_emerge	standard	n/a	n/a	n/a	n/a	n/a
4231.022	0	2115511	oddball_tone	sapo_emerge	oddball	n/a	n/a	n/a	n/a	n/a
4232.038	0	2116019	standard_tone	sapo_emerge	standard	n/a	n/a	n/a	n/a	n/a
4233.054	0	2116527	standard_tone	sapo_emerge	standard	n/a	n/a	n/a	n/a	n/a
4234.070	0	2117035	oddball_tone	sapo_emerge	oddball	n/a	n/a	n/a	n/a	n/a
4235.070	0	2117535	standard_tone	sapo_emerge	standard	n/a	n/a	n/a	n/a	n/a
4236.084	0	2118042	standard_tone	sapo_emerge	standard	n/a	n/a	n/a	n/a	n/a
4237.100	0	2118550	distractor_noise	sapo_emerge	distractor	n/a	n/a	n/a	n/a	n/a
4238.116	0	2119058	standard_tone	sapo_emerge	standard	n/a	n/a	n/a	n/a	n/a
4239.132	0	2119566	standard_tone	sapo_emerge	standard	n/a	n/a	n/a	n/a	n/a
4240.148	0	2120074	standard_tone	sapo_emerge	standard	n/a	n/a	n/a	n/a	n/a
4241.148	0	2120574	standard_tone	sapo_emerge	standard	n/a	n/a	n/a	n/a	n/a
4242.162	0	2121081	standard_tone	sapo_emerge	standard	n/a	n/a	n/a	n/a	n/a
4243.178	0	2121589	standard_tone	sapo_emerge	standard	n/a	n/a	n/a	n/a	n/a
4244.194	0	2122097	standard_tone	sapo_emerge	standard	n/a	n/a	n/a	n/a	n/a
4245.210	0	2122605	distractor_noise	sapo_emerge	distractor	n/a	n/a	n/a	n/a	n/a
4246.226	0	2123113	standard_tone	sapo_emerge	standard	n/a	n/a	n/a	n/a	n/a
4247.242	0	2123621	standard_tone	sapo_emerge	standard	n/a	n/a	n/a	n/a	n/a
4248.258	0	2124129	standard_tone	sapo_emerge	standard	n/a	n/a	n/a	n/a	n/a
4249.274	0	2124637	standard_tone	sapo_emerge	standard	n/a	n/a	n/a	n/a	n/a
4250.294	0	2125147	standard_tone	sapo_emerge	standard	n/a	n/a	n/a	n/a	n/a
4251.306	0	2125653	distractor_noise	sapo_emerge	distractor	n/a	n/a	n/a	n/a	n/a
4252.322	0	2126161	standard_tone	sapo_emerge	standard	n/a	n/a	n/a	n/a	n/a
4253.336	0	2126668	standard_tone	sapo_emerge	standard	n/a	n/a	n/a	n/a	n/a
4254.338	0	2127169	standard_tone	sapo_emerge	standard	n/a	n/a	n/a	n/a	n/a
4255.352	0	2127676	standard_tone	sapo_emerge	standard	n/a	n/a	n/a	n/a	n/a
4256.368	0	2128184	standard_tone	sapo_emerge	standard	n/a	n/a	n/a	n/a	n/a
4257.368	0	2128684	oddball_tone	sapo_emerge	oddball	n/a	n/a	n/a	n/a	n/a
4258.382	0	2129191	standard_tone	sapo_emerge	standard	n/a	n/a	n/a	n/a	n/a
4259.398	0	2129699	standard_tone	sapo_emerge	standard	n/a	n/a	n/a	n/a	n/a
4260.414	0	2130207	standard_tone	sapo_emerge	standard	n/a	n/a	n/a	n/a	n/a
4261.430	0	2130715	standard_tone	sapo_emerge	standard	n/a	n/a	n/a	n/a	n/a
4262.446	0	2131223	standard_tone	sapo_emerge	standard	n/a	n/a	n/a	n/a	n/a
4263.462	0	2131731	distractor_noise	sapo_emerge	distractor	n/a	n/a	n/a	n/a	n/a
4264.478	0	2132239	standard_tone	sapo_emerge	standard	n/a	n/a	n/a	n/a	n/a
4265.494	0	2132747	standard_tone	sapo_emerge	standard	n/a	n/a	n/a	n/a	n/a
4266.510	0	2133255	oddball_tone	sapo_emerge	oddball	n/a	n/a	n/a	n/a	n/a
4267.526	0	2133763	standard_tone	sapo_emerge	standard	n/a	n/a	n/a	n/a	n/a
4268.542	0	2134271	standard_tone	sapo_emerge	standard	n/a	n/a	n/a	n/a	n/a
4269.558	0	2134779	standard_tone	sapo_emerge	standard	n/a	n/a	n/a	n/a	n/a
4270.572	0	2135286	standard_tone	sapo_emerge	standard	n/a	n/a	n/a	n/a	n/a
4271.588	0	2135794	standard_tone	sapo_emerge	standard	n/a	n/a	n/a	n/a	n/a
4272.588	0	2136294	standard_tone	sapo_emerge	standard	n/a	n/a	n/a	n/a	n/a
4273.604	0	2136802	distractor_noise	sapo_emerge	distractor	n/a	n/a	n/a	n/a	n/a
4274.620	0	2137310	standard_tone	sapo_emerge	standard	n/a	n/a	n/a	n/a	n/a
4275.636	0	2137818	standard_tone	sapo_emerge	standard	n/a	n/a	n/a	n/a	n/a
4276.652	0	2138326	standard_tone	sapo_emerge	standard	n/a	n/a	n/a	n/a	n/a
4277.668	0	2138834	standard_tone	sapo_emerge	standard	n/a	n/a	n/a	n/a	n/a
4278.682	0	2139341	standard_tone	sapo_emerge	standard	n/a	n/a	n/a	n/a	n/a
4279.698	0	2139849	standard_tone	sapo_emerge	standard	n/a	n/a	n/a	n/a	n/a
4280.714	0	2140357	standard_tone	sapo_emerge	standard	n/a	n/a	n/a	n/a	n/a
4281.730	0	2140865	standard_tone	sapo_emerge	standard	n/a	n/a	n/a	n/a	n/a
4282.746	0	2141373	standard_tone	sapo_emerge	standard	n/a	n/a	n/a	n/a	n/a
4283.744	0	2141872	standard_tone	sapo_emerge	standard	n/a	n/a	n/a	n/a	n/a
4284.760	0	2142380	standard_tone	sapo_emerge	standard	n/a	n/a	n/a	n/a	n/a
4285.776	0	2142888	standard_tone	sapo_emerge	standard	n/a	n/a	n/a	n/a	n/a
4286.792	0	2143396	standard_tone	sapo_emerge	standard	n/a	n/a	n/a	n/a	n/a
4287.808	0	2143904	standard_tone	sapo_emerge	standard	n/a	n/a	n/a	n/a	n/a
4288.824	0	2144412	distractor_noise	sapo_emerge	distractor	n/a	n/a	n/a	n/a	n/a
4289.208	0	2144604	clicker_press	sapo_emerge	response-received-page_down	n/a	n/a	n/a	n/a	page_down
4289.324	0	2144662	report_window_begin	sapo_emerge	emerge-sapo-emerge-begin	n/a	n/a	n/a	n/a	n/a
4289.774	0	2144887	clicker_press	sapo_emerge	response-received-page_down	n/a	n/a	n/a	n/a	page_down
4290.374	0	2145187	clicker_press	sapo_emerge	response-received-page_down	n/a	n/a	n/a	n/a	page_down
4290.890	0	2145445	clicker_press	sapo_emerge	response-received-page_down	n/a	n/a	n/a	n/a	page_down
4293.354	0	2146677	depth_rating	sapo_emerge	rating-sapo-emerge-meditation_depth-4	4	n/a	n/a	n/a	n/a
4299.582	0	2149791	clicker_press	sapo_emerge	response-received-page_down	n/a	n/a	n/a	n/a	page_down
4300.032	0	2150016	clicker_press	sapo_emerge	response-received-page_down	n/a	n/a	n/a	n/a	page_down
4300.398	0	2150199	clicker_press	sapo_emerge	response-received-page_down	n/a	n/a	n/a	n/a	page_down
4300.782	0	2150391	clicker_press	sapo_emerge	response-received-page_down	n/a	n/a	n/a	n/a	page_down
4303.412	0	2151706	confidence_rating	sapo_emerge	rating-sapo-emerge-confidence_depth-4	n/a	4	n/a	n/a	n/a
4307.044	0	2153522	report_window_end	sapo_emerge	emerge-sapo-emerge-end	n/a	n/a	n/a	n/a	n/a
4307.044	0	2153522	subblock_begin	sapo_emerge	subblock-begin	n/a	n/a	n/a	n/a	n/a
4307.044	0	2153522	silence_begin	sapo_emerge	silence-begin	n/a	n/a	n/a	n/a	n/a
4307.046	0	2153523	standard_tone	sapo_emerge	standard	n/a	n/a	n/a	n/a	n/a
4308.058	0	2154029	distractor_noise	sapo_emerge	distractor	n/a	n/a	n/a	n/a	n/a
4309.074	0	2154537	standard_tone	sapo_emerge	standard	n/a	n/a	n/a	n/a	n/a
4310.090	0	2155045	standard_tone	sapo_emerge	standard	n/a	n/a	n/a	n/a	n/a
4311.106	0	2155553	standard_tone	sapo_emerge	standard	n/a	n/a	n/a	n/a	n/a
4312.122	0	2156061	standard_tone	sapo_emerge	standard	n/a	n/a	n/a	n/a	n/a
4313.138	0	2156569	standard_tone	sapo_emerge	standard	n/a	n/a	n/a	n/a	n/a
4314.154	0	2157077	oddball_tone	sapo_emerge	oddball	n/a	n/a	n/a	n/a	n/a
4315.168	0	2157584	standard_tone	sapo_emerge	standard	n/a	n/a	n/a	n/a	n/a
4316.184	0	2158092	standard_tone	sapo_emerge	standard	n/a	n/a	n/a	n/a	n/a
4317.200	0	2158600	standard_tone	sapo_emerge	standard	n/a	n/a	n/a	n/a	n/a
4318.216	0	2159108	oddball_tone	sapo_emerge	oddball	n/a	n/a	n/a	n/a	n/a
4319.232	0	2159616	standard_tone	sapo_emerge	standard	n/a	n/a	n/a	n/a	n/a
4320.248	0	2160124	standard_tone	sapo_emerge	standard	n/a	n/a	n/a	n/a	n/a
4321.264	0	2160632	standard_tone	sapo_emerge	standard	n/a	n/a	n/a	n/a	n/a
4322.280	0	2161140	oddball_tone	sapo_emerge	oddball	n/a	n/a	n/a	n/a	n/a
4323.296	0	2161648	standard_tone	sapo_emerge	standard	n/a	n/a	n/a	n/a	n/a
4324.312	0	2162156	standard_tone	sapo_emerge	standard	n/a	n/a	n/a	n/a	n/a
4325.328	0	2162664	standard_tone	sapo_emerge	standard	n/a	n/a	n/a	n/a	n/a
4326.344	0	2163172	standard_tone	sapo_emerge	standard	n/a	n/a	n/a	n/a	n/a
4327.358	0	2163679	standard_tone	sapo_emerge	standard	n/a	n/a	n/a	n/a	n/a
4328.374	0	2164187	standard_tone	sapo_emerge	standard	n/a	n/a	n/a	n/a	n/a
4329.374	0	2164687	standard_tone	sapo_emerge	standard	n/a	n/a	n/a	n/a	n/a
4330.390	0	2165195	oddball_tone	sapo_emerge	oddball	n/a	n/a	n/a	n/a	n/a
4331.406	0	2165703	standard_tone	sapo_emerge	standard	n/a	n/a	n/a	n/a	n/a
4332.422	0	2166211	standard_tone	sapo_emerge	standard	n/a	n/a	n/a	n/a	n/a
4333.438	0	2166719	standard_tone	sapo_emerge	standard	n/a	n/a	n/a	n/a	n/a
4334.454	0	2167227	standard_tone	sapo_emerge	standard	n/a	n/a	n/a	n/a	n/a
4335.468	0	2167734	distractor_noise	sapo_emerge	distractor	n/a	n/a	n/a	n/a	n/a
4336.484	0	2168242	standard_tone	sapo_emerge	standard	n/a	n/a	n/a	n/a	n/a
4337.500	0	2168750	standard_tone	sapo_emerge	standard	n/a	n/a	n/a	n/a	n/a
4338.502	0	2169251	standard_tone	sapo_emerge	standard	n/a	n/a	n/a	n/a	n/a
4339.516	0	2169758	distractor_noise	sapo_emerge	distractor	n/a	n/a	n/a	n/a	n/a
4340.532	0	2170266	standard_tone	sapo_emerge	standard	n/a	n/a	n/a	n/a	n/a
4341.548	0	2170774	standard_tone	sapo_emerge	standard	n/a	n/a	n/a	n/a	n/a
4342.562	0	2171281	standard_tone	sapo_emerge	standard	n/a	n/a	n/a	n/a	n/a
4343.562	0	2171781	standard_tone	sapo_emerge	standard	n/a	n/a	n/a	n/a	n/a
4344.578	0	2172289	standard_tone	sapo_emerge	standard	n/a	n/a	n/a	n/a	n/a
4345.594	0	2172797	standard_tone	sapo_emerge	standard	n/a	n/a	n/a	n/a	n/a
4346.610	0	2173305	standard_tone	sapo_emerge	standard	n/a	n/a	n/a	n/a	n/a
4347.610	0	2173805	standard_tone	sapo_emerge	standard	n/a	n/a	n/a	n/a	n/a
4348.624	0	2174312	distractor_noise	sapo_emerge	distractor	n/a	n/a	n/a	n/a	n/a
4349.640	0	2174820	standard_tone	sapo_emerge	standard	n/a	n/a	n/a	n/a	n/a
4350.640	0	2175320	standard_tone	sapo_emerge	standard	n/a	n/a	n/a	n/a	n/a
4351.656	0	2175828	standard_tone	sapo_emerge	standard	n/a	n/a	n/a	n/a	n/a
4352.672	0	2176336	distractor_noise	sapo_emerge	distractor	n/a	n/a	n/a	n/a	n/a
4353.672	0	2176836	standard_tone	sapo_emerge	standard	n/a	n/a	n/a	n/a	n/a
4354.686	0	2177343	standard_tone	sapo_emerge	standard	n/a	n/a	n/a	n/a	n/a
4355.702	0	2177851	distractor_noise	sapo_emerge	distractor	n/a	n/a	n/a	n/a	n/a
4356.702	0	2178351	standard_tone	sapo_emerge	standard	n/a	n/a	n/a	n/a	n/a
4357.718	0	2178859	oddball_tone	sapo_emerge	oddball	n/a	n/a	n/a	n/a	n/a
4358.734	0	2179367	standard_tone	sapo_emerge	standard	n/a	n/a	n/a	n/a	n/a
4359.748	0	2179874	standard_tone	sapo_emerge	standard	n/a	n/a	n/a	n/a	n/a
4360.764	0	2180382	standard_tone	sapo_emerge	standard	n/a	n/a	n/a	n/a	n/a
4361.780	0	2180890	standard_tone	sapo_emerge	standard	n/a	n/a	n/a	n/a	n/a
4362.796	0	2181398	distractor_noise	sapo_emerge	distractor	n/a	n/a	n/a	n/a	n/a
4363.812	0	2181906	standard_tone	sapo_emerge	standard	n/a	n/a	n/a	n/a	n/a
4364.828	0	2182414	oddball_tone	sapo_emerge	oddball	n/a	n/a	n/a	n/a	n/a
4365.844	0	2182922	distractor_noise	sapo_emerge	distractor	n/a	n/a	n/a	n/a	n/a
4366.860	0	2183430	standard_tone	sapo_emerge	standard	n/a	n/a	n/a	n/a	n/a
4367.860	0	2183930	standard_tone	sapo_emerge	standard	n/a	n/a	n/a	n/a	n/a
4368.874	0	2184437	standard_tone	sapo_emerge	standard	n/a	n/a	n/a	n/a	n/a
4369.890	0	2184945	standard_tone	sapo_emerge	standard	n/a	n/a	n/a	n/a	n/a
4370.914	0	2185457	standard_tone	sapo_emerge	standard	n/a	n/a	n/a	n/a	n/a
4371.922	0	2185961	standard_tone	sapo_emerge	standard	n/a	n/a	n/a	n/a	n/a
4372.938	0	2186469	standard_tone	sapo_emerge	standard	n/a	n/a	n/a	n/a	n/a
4373.954	0	2186977	standard_tone	sapo_emerge	standard	n/a	n/a	n/a	n/a	n/a
4374.104	0	2187052	clicker_press	sapo_emerge	response-received-page_down	n/a	n/a	n/a	n/a	page_down
4374.154	0	2187077	report_window_begin	sapo_emerge	emerge-sapo-emerge-begin	n/a	n/a	n/a	n/a	n/a
4374.836	0	2187418	clicker_press	sapo_emerge	response-received-page_down	n/a	n/a	n/a	n/a	page_down
4375.522	0	2187761	clicker_press	sapo_emerge	response-received-page_down	n/a	n/a	n/a	n/a	page_down
4378.168	0	2189084	depth_rating	sapo_emerge	rating-sapo-emerge-meditation_depth-3	3	n/a	n/a	n/a	n/a
4384.396	0	2192198	clicker_press	sapo_emerge	response-received-page_down	n/a	n/a	n/a	n/a	page_down
4384.862	0	2192431	clicker_press	sapo_emerge	response-received-page_down	n/a	n/a	n/a	n/a	page_down
4385.394	0	2192697	clicker_press	sapo_emerge	response-received-page_down	n/a	n/a	n/a	n/a	page_down
4388.226	0	2194113	confidence_rating	sapo_emerge	rating-sapo-emerge-confidence_depth-3	n/a	3	n/a	n/a	n/a
4391.722	0	2195861	report_window_end	sapo_emerge	emerge-sapo-emerge-end	n/a	n/a	n/a	n/a	n/a
4391.724	0	2195862	subblock_begin	sapo_emerge	subblock-begin	n/a	n/a	n/a	n/a	n/a
4391.724	0	2195862	silence_begin	sapo_emerge	silence-begin	n/a	n/a	n/a	n/a	n/a
4391.724	0	2195862	standard_tone	sapo_emerge	standard	n/a	n/a	n/a	n/a	n/a
4392.740	0	2196370	standard_tone	sapo_emerge	standard	n/a	n/a	n/a	n/a	n/a
4393.754	0	2196877	oddball_tone	sapo_emerge	oddball	n/a	n/a	n/a	n/a	n/a
4394.770	0	2197385	standard_tone	sapo_emerge	standard	n/a	n/a	n/a	n/a	n/a
4395.786	0	2197893	standard_tone	sapo_emerge	standard	n/a	n/a	n/a	n/a	n/a
4396.802	0	2198401	standard_tone	sapo_emerge	standard	n/a	n/a	n/a	n/a	n/a
4397.818	0	2198909	standard_tone	sapo_emerge	standard	n/a	n/a	n/a	n/a	n/a
4398.832	0	2199416	standard_tone	sapo_emerge	standard	n/a	n/a	n/a	n/a	n/a
4399.848	0	2199924	distractor_noise	sapo_emerge	distractor	n/a	n/a	n/a	n/a	n/a
4400.864	0	2200432	standard_tone	sapo_emerge	standard	n/a	n/a	n/a	n/a	n/a
4401.880	0	2200940	standard_tone	sapo_emerge	standard	n/a	n/a	n/a	n/a	n/a
4402.896	0	2201448	standard_tone	sapo_emerge	standard	n/a	n/a	n/a	n/a	n/a
4403.912	0	2201956	standard_tone	sapo_emerge	standard	n/a	n/a	n/a	n/a	n/a
4404.928	0	2202464	standard_tone	sapo_emerge	standard	n/a	n/a	n/a	n/a	n/a
4405.944	0	2202972	distractor_noise	sapo_emerge	distractor	n/a	n/a	n/a	n/a	n/a
4406.960	0	2203480	standard_tone	sapo_emerge	standard	n/a	n/a	n/a	n/a	n/a
4407.976	0	2203988	standard_tone	sapo_emerge	standard	n/a	n/a	n/a	n/a	n/a
4408.974	0	2204487	standard_tone	sapo_emerge	standard	n/a	n/a	n/a	n/a	n/a
4409.990	0	2204995	standard_tone	sapo_emerge	standard	n/a	n/a	n/a	n/a	n/a
4411.006	0	2205503	standard_tone	sapo_emerge	standard	n/a	n/a	n/a	n/a	n/a
4412.022	0	2206011	standard_tone	sapo_emerge	standard	n/a	n/a	n/a	n/a	n/a
4413.038	0	2206519	distractor_noise	sapo_emerge	distractor	n/a	n/a	n/a	n/a	n/a
4414.038	0	2207019	standard_tone	sapo_emerge	standard	n/a	n/a	n/a	n/a	n/a
4415.052	0	2207526	distractor_noise	sapo_emerge	distractor	n/a	n/a	n/a	n/a	n/a
4416.068	0	2208034	standard_tone	sapo_emerge	standard	n/a	n/a	n/a	n/a	n/a
4417.084	0	2208542	oddball_tone	sapo_emerge	oddball	n/a	n/a	n/a	n/a	n/a
4418.100	0	2209050	standard_tone	sapo_emerge	standard	n/a	n/a	n/a	n/a	n/a
4419.102	0	2209551	distractor_noise	sapo_emerge	distractor	n/a	n/a	n/a	n/a	n/a
4420.116	0	2210058	oddball_tone	sapo_emerge	oddball	n/a	n/a	n/a	n/a	n/a
4421.144	0	2210572	standard_tone	sapo_emerge	standard	n/a	n/a	n/a	n/a	n/a
4422.148	0	2211074	distractor_noise	sapo_emerge	distractor	n/a	n/a	n/a	n/a	n/a
4423.162	0	2211581	standard_tone	sapo_emerge	standard	n/a	n/a	n/a	n/a	n/a
4424.162	0	2212081	standard_tone	sapo_emerge	standard	n/a	n/a	n/a	n/a	n/a
4425.178	0	2212589	standard_tone	sapo_emerge	standard	n/a	n/a	n/a	n/a	n/a
4426.194	0	2213097	standard_tone	sapo_emerge	standard	n/a	n/a	n/a	n/a	n/a
4427.210	0	2213605	standard_tone	sapo_emerge	standard	n/a	n/a	n/a	n/a	n/a
4428.226	0	2214113	standard_tone	sapo_emerge	standard	n/a	n/a	n/a	n/a	n/a
4429.242	0	2214621	standard_tone	sapo_emerge	standard	n/a	n/a	n/a	n/a	n/a
4430.256	0	2215128	oddball_tone	sapo_emerge	oddball	n/a	n/a	n/a	n/a	n/a
4431.274	0	2215637	standard_tone	sapo_emerge	standard	n/a	n/a	n/a	n/a	n/a
4432.288	0	2216144	standard_tone	sapo_emerge	standard	n/a	n/a	n/a	n/a	n/a
4433.304	0	2216652	standard_tone	sapo_emerge	standard	n/a	n/a	n/a	n/a	n/a
4434.320	0	2217160	standard_tone	sapo_emerge	standard	n/a	n/a	n/a	n/a	n/a
4435.336	0	2217668	standard_tone	sapo_emerge	standard	n/a	n/a	n/a	n/a	n/a
4436.352	0	2218176	standard_tone	sapo_emerge	standard	n/a	n/a	n/a	n/a	n/a
4437.368	0	2218684	standard_tone	sapo_emerge	standard	n/a	n/a	n/a	n/a	n/a
4438.384	0	2219192	standard_tone	sapo_emerge	standard	n/a	n/a	n/a	n/a	n/a
4439.400	0	2219700	standard_tone	sapo_emerge	standard	n/a	n/a	n/a	n/a	n/a
4440.416	0	2220208	standard_tone	sapo_emerge	standard	n/a	n/a	n/a	n/a	n/a
4441.430	0	2220715	standard_tone	sapo_emerge	standard	n/a	n/a	n/a	n/a	n/a
4442.430	0	2221215	standard_tone	sapo_emerge	standard	n/a	n/a	n/a	n/a	n/a
4443.446	0	2221723	oddball_tone	sapo_emerge	oddball	n/a	n/a	n/a	n/a	n/a
4444.462	0	2222231	standard_tone	sapo_emerge	standard	n/a	n/a	n/a	n/a	n/a
4445.478	0	2222739	standard_tone	sapo_emerge	standard	n/a	n/a	n/a	n/a	n/a
4446.494	0	2223247	standard_tone	sapo_emerge	standard	n/a	n/a	n/a	n/a	n/a
4447.510	0	2223755	standard_tone	sapo_emerge	standard	n/a	n/a	n/a	n/a	n/a
4448.526	0	2224263	standard_tone	sapo_emerge	standard	n/a	n/a	n/a	n/a	n/a
4449.540	0	2224770	standard_tone	sapo_emerge	standard	n/a	n/a	n/a	n/a	n/a
4450.556	0	2225278	standard_tone	sapo_emerge	standard	n/a	n/a	n/a	n/a	n/a
4451.572	0	2225786	standard_tone	sapo_emerge	standard	n/a	n/a	n/a	n/a	n/a
4452.572	0	2226286	standard_tone	sapo_emerge	standard	n/a	n/a	n/a	n/a	n/a
4453.588	0	2226794	oddball_tone	sapo_emerge	oddball	n/a	n/a	n/a	n/a	n/a
4454.604	0	2227302	distractor_noise	sapo_emerge	distractor	n/a	n/a	n/a	n/a	n/a
4455.620	0	2227810	standard_tone	sapo_emerge	standard	n/a	n/a	n/a	n/a	n/a
4456.634	0	2228317	standard_tone	sapo_emerge	standard	n/a	n/a	n/a	n/a	n/a
4457.634	0	2228817	standard_tone	sapo_emerge	standard	n/a	n/a	n/a	n/a	n/a
4458.650	0	2229325	standard_tone	sapo_emerge	standard	n/a	n/a	n/a	n/a	n/a
4459.666	0	2229833	distractor_noise	sapo_emerge	distractor	n/a	n/a	n/a	n/a	n/a
4460.682	0	2230341	standard_tone	sapo_emerge	standard	n/a	n/a	n/a	n/a	n/a
4461.698	0	2230849	distractor_noise	sapo_emerge	distractor	n/a	n/a	n/a	n/a	n/a
4462.714	0	2231357	standard_tone	sapo_emerge	standard	n/a	n/a	n/a	n/a	n/a
4463.730	0	2231865	standard_tone	sapo_emerge	standard	n/a	n/a	n/a	n/a	n/a
4464.744	0	2232372	standard_tone	sapo_emerge	standard	n/a	n/a	n/a	n/a	n/a
4465.760	0	2232880	standard_tone	sapo_emerge	standard	n/a	n/a	n/a	n/a	n/a
4466.776	0	2233388	distractor_noise	sapo_emerge	distractor	n/a	n/a	n/a	n/a	n/a
4467.792	0	2233896	standard_tone	sapo_emerge	standard	n/a	n/a	n/a	n/a	n/a
4468.808	0	2234404	standard_tone	sapo_emerge	standard	n/a	n/a	n/a	n/a	n/a
4469.824	0	2234912	standard_tone	sapo_emerge	standard	n/a	n/a	n/a	n/a	n/a
4470.840	0	2235420	standard_tone	sapo_emerge	standard	n/a	n/a	n/a	n/a	n/a
4471.856	0	2235928	standard_tone	sapo_emerge	standard	n/a	n/a	n/a	n/a	n/a
4472.872	0	2236436	distractor_noise	sapo_emerge	distractor	n/a	n/a	n/a	n/a	n/a
4473.888	0	2236944	standard_tone	sapo_emerge	standard	n/a	n/a	n/a	n/a	n/a
4474.904	0	2237452	distractor_noise	sapo_emerge	distractor	n/a	n/a	n/a	n/a	n/a
4475.920	0	2237960	standard_tone	sapo_emerge	standard	n/a	n/a	n/a	n/a	n/a
4476.934	0	2238467	standard_tone	sapo_emerge	standard	n/a	n/a	n/a	n/a	n/a
4477.952	0	2238976	standard_tone	sapo_emerge	standard	n/a	n/a	n/a	n/a	n/a
4478.966	0	2239483	standard_tone	sapo_emerge	standard	n/a	n/a	n/a	n/a	n/a
4479.982	0	2239991	standard_tone	sapo_emerge	standard	n/a	n/a	n/a	n/a	n/a
4480.998	0	2240499	standard_tone	sapo_emerge	standard	n/a	n/a	n/a	n/a	n/a
4482.014	0	2241007	standard_tone	sapo_emerge	standard	n/a	n/a	n/a	n/a	n/a
4483.030	0	2241515	standard_tone	sapo_emerge	standard	n/a	n/a	n/a	n/a	n/a
4484.046	0	2242023	standard_tone	sapo_emerge	standard	n/a	n/a	n/a	n/a	n/a
4485.060	0	2242530	standard_tone	sapo_emerge	standard	n/a	n/a	n/a	n/a	n/a
4486.062	0	2243031	standard_tone	sapo_emerge	standard	n/a	n/a	n/a	n/a	n/a
4487.076	0	2243538	standard_tone	sapo_emerge	standard	n/a	n/a	n/a	n/a	n/a
4488.092	0	2244046	standard_tone	sapo_emerge	standard	n/a	n/a	n/a	n/a	n/a
4489.108	0	2244554	standard_tone	sapo_emerge	standard	n/a	n/a	n/a	n/a	n/a
4490.124	0	2245062	distractor_noise	sapo_emerge	distractor	n/a	n/a	n/a	n/a	n/a
4491.140	0	2245570	standard_tone	sapo_emerge	standard	n/a	n/a	n/a	n/a	n/a
4492.156	0	2246078	standard_tone	sapo_emerge	standard	n/a	n/a	n/a	n/a	n/a
4493.172	0	2246586	standard_tone	sapo_emerge	standard	n/a	n/a	n/a	n/a	n/a
4494.188	0	2247094	standard_tone	sapo_emerge	standard	n/a	n/a	n/a	n/a	n/a
4494.322	0	2247161	silence_end	sapo_emerge	silence-end	n/a	n/a	n/a	n/a	n/a
4494.454	0	2247227	gong_begin	sapo_emerge	gong-begin	n/a	n/a	n/a	n/a	n/a
4495.202	0	2247601	standard_tone	sapo_emerge	standard	n/a	n/a	n/a	n/a	n/a
4496.220	0	2248110	standard_tone	sapo_emerge	standard	n/a	n/a	n/a	n/a	n/a
4497.234	0	2248617	standard_tone	sapo_emerge	standard	n/a	n/a	n/a	n/a	n/a
4498.250	0	2249125	standard_tone	sapo_emerge	standard	n/a	n/a	n/a	n/a	n/a
4499.266	0	2249633	standard_tone	sapo_emerge	standard	n/a	n/a	n/a	n/a	n/a
4500.282	0	2250141	oddball_tone	sapo_emerge	oddball	n/a	n/a	n/a	n/a	n/a
4500.382	0	2250191	clicker_press	sapo_emerge	response-received-page_down	n/a	n/a	n/a	n/a	page_down
4500.432	0	2250216	gong_end	sapo_emerge	gong-end	n/a	n/a	n/a	n/a	n/a
4500.434	0	2250217	report_window_begin	sapo_emerge	emerge-sapo-emerge-begin	n/a	n/a	n/a	n/a	n/a
4501.150	0	2250575	clicker_press	sapo_emerge	response-received-page_down	n/a	n/a	n/a	n/a	page_down
4504.480	0	2252240	depth_rating	sapo_emerge	rating-sapo-emerge-meditation_depth-2	2	n/a	n/a	n/a	n/a
4510.658	0	2255329	clicker_press	sapo_emerge	response-received-page_down	n/a	n/a	n/a	n/a	page_down
4511.156	0	2255578	clicker_press	sapo_emerge	response-received-page_down	n/a	n/a	n/a	n/a	page_down
4511.674	0	2255837	clicker_press	sapo_emerge	response-received-page_down	n/a	n/a	n/a	n/a	page_down
4512.206	0	2256103	clicker_press	sapo_emerge	response-received-page_down	n/a	n/a	n/a	n/a	page_down
4514.604	0	2257302	confidence_rating	sapo_emerge	rating-sapo-emerge-confidence_depth-4	n/a	4	n/a	n/a	n/a
4518.068	0	2259034	report_window_end	sapo_emerge	emerge-sapo-emerge-end	n/a	n/a	n/a	n/a	n/a
4518.068	0	2259034	subblock_end	sapo_emerge	subblock-end-duration-126.345	n/a	n/a	n/a	126.345	n/a
4518.070	0	2259035	subblock_begin	sapo_emerge	subblock-begin	n/a	n/a	n/a	n/a	n/a
4518.070	0	2259035	silence_begin	sapo_emerge	silence-begin	n/a	n/a	n/a	n/a	n/a
4518.084	0	2259042	oddball_tone	sapo_emerge	oddball	n/a	n/a	n/a	n/a	n/a
4519.100	0	2259550	standard_tone	sapo_emerge	standard	n/a	n/a	n/a	n/a	n/a
4520.116	0	2260058	standard_tone	sapo_emerge	standard	n/a	n/a	n/a	n/a	n/a
4521.132	0	2260566	standard_tone	sapo_emerge	standard	n/a	n/a	n/a	n/a	n/a
4522.148	0	2261074	standard_tone	sapo_emerge	standard	n/a	n/a	n/a	n/a	n/a
4523.164	0	2261582	standard_tone	sapo_emerge	standard	n/a	n/a	n/a	n/a	n/a
4524.180	0	2262090	standard_tone	sapo_emerge	standard	n/a	n/a	n/a	n/a	n/a
4525.194	0	2262597	standard_tone	sapo_emerge	standard	n/a	n/a	n/a	n/a	n/a
4526.210	0	2263105	standard_tone	sapo_emerge	standard	n/a	n/a	n/a	n/a	n/a
4527.226	0	2263613	standard_tone	sapo_emerge	standard	n/a	n/a	n/a	n/a	n/a
4528.246	0	2264123	distractor_noise	sapo_emerge	distractor	n/a	n/a	n/a	n/a	n/a
4529.258	0	2264629	standard_tone	sapo_emerge	standard	n/a	n/a	n/a	n/a	n/a
4530.274	0	2265137	standard_tone	sapo_emerge	standard	n/a	n/a	n/a	n/a	n/a
4531.290	0	2265645	standard_tone	sapo_emerge	standard	n/a	n/a	n/a	n/a	n/a
4532.306	0	2266153	standard_tone	sapo_emerge	standard	n/a	n/a	n/a	n/a	n/a
4533.322	0	2266661	standard_tone	sapo_emerge	standard	n/a	n/a	n/a	n/a	n/a
4534.338	0	2267169	standard_tone	sapo_emerge	standard	n/a	n/a	n/a	n/a	n/a
4535.336	0	2267668	standard_tone	sapo_emerge	standard	n/a	n/a	n/a	n/a	n/a
4536.352	0	2268176	oddball_tone	sapo_emerge	oddball	n/a	n/a	n/a	n/a	n/a
4537.368	0	2268684	standard_tone	sapo_emerge	standard	n/a	n/a	n/a	n/a	n/a
4538.368	0	2269184	standard_tone	sapo_emerge	standard	n/a	n/a	n/a	n/a	n/a
4539.384	0	2269692	standard_tone	sapo_emerge	standard	n/a	n/a	n/a	n/a	n/a
4540.400	0	2270200	oddball_tone	sapo_emerge	oddball	n/a	n/a	n/a	n/a	n/a
4541.414	0	2270707	standard_tone	sapo_emerge	standard	n/a	n/a	n/a	n/a	n/a
4542.430	0	2271215	oddball_tone	sapo_emerge	oddball	n/a	n/a	n/a	n/a	n/a
4543.446	0	2271723	standard_tone	sapo_emerge	standard	n/a	n/a	n/a	n/a	n/a
4544.462	0	2272231	standard_tone	sapo_emerge	standard	n/a	n/a	n/a	n/a	n/a
4545.462	0	2272731	distractor_noise	sapo_emerge	distractor	n/a	n/a	n/a	n/a	n/a
4546.478	0	2273239	standard_tone	sapo_emerge	standard	n/a	n/a	n/a	n/a	n/a
4547.478	0	2273739	oddball_tone	sapo_emerge	oddball	n/a	n/a	n/a	n/a	n/a
4548.492	0	2274246	standard_tone	sapo_emerge	standard	n/a	n/a	n/a	n/a	n/a
4549.508	0	2274754	distractor_noise	sapo_emerge	distractor	n/a	n/a	n/a	n/a	n/a
4550.524	0	2275262	standard_tone	sapo_emerge	standard	n/a	n/a	n/a	n/a	n/a
4551.524	0	2275762	standard_tone	sapo_emerge	standard	n/a	n/a	n/a	n/a	n/a
4552.540	0	2276270	standard_tone	sapo_emerge	standard	n/a	n/a	n/a	n/a	n/a
4553.554	0	2276777	standard_tone	sapo_emerge	standard	n/a	n/a	n/a	n/a	n/a
4554.570	0	2277285	standard_tone	sapo_emerge	standard	n/a	n/a	n/a	n/a	n/a
4555.586	0	2277793	standard_tone	sapo_emerge	standard	n/a	n/a	n/a	n/a	n/a
4556.602	0	2278301	standard_tone	sapo_emerge	standard	n/a	n/a	n/a	n/a	n/a
4557.618	0	2278809	standard_tone	sapo_emerge	standard	n/a	n/a	n/a	n/a	n/a
4558.618	0	2279309	standard_tone	sapo_emerge	standard	n/a	n/a	n/a	n/a	n/a
4559.634	0	2279817	standard_tone	sapo_emerge	standard	n/a	n/a	n/a	n/a	n/a
4560.650	0	2280325	standard_tone	sapo_emerge	standard	n/a	n/a	n/a	n/a	n/a
4561.664	0	2280832	distractor_noise	sapo_emerge	distractor	n/a	n/a	n/a	n/a	n/a
4562.680	0	2281340	standard_tone	sapo_emerge	standard	n/a	n/a	n/a	n/a	n/a
4563.696	0	2281848	standard_tone	sapo_emerge	standard	n/a	n/a	n/a	n/a	n/a
4564.712	0	2282356	distractor_noise	sapo_emerge	distractor	n/a	n/a	n/a	n/a	n/a
4565.728	0	2282864	standard_tone	sapo_emerge	standard	n/a	n/a	n/a	n/a	n/a
4566.744	0	2283372	standard_tone	sapo_emerge	standard	n/a	n/a	n/a	n/a	n/a
4567.760	0	2283880	oddball_tone	sapo_emerge	oddball	n/a	n/a	n/a	n/a	n/a
4568.776	0	2284388	standard_tone	sapo_emerge	standard	n/a	n/a	n/a	n/a	n/a
4569.792	0	2284896	standard_tone	sapo_emerge	standard	n/a	n/a	n/a	n/a	n/a
4570.808	0	2285404	standard_tone	sapo_emerge	standard	n/a	n/a	n/a	n/a	n/a
4571.822	0	2285911	standard_tone	sapo_emerge	standard	n/a	n/a	n/a	n/a	n/a
4572.840	0	2286420	distractor_noise	sapo_emerge	distractor	n/a	n/a	n/a	n/a	n/a
4573.722	0	2286861	clicker_press	sapo_emerge	response-received-page_down	n/a	n/a	n/a	n/a	page_down
4573.772	0	2286886	report_window_begin	sapo_emerge	emerge-sapo-emerge-begin	n/a	n/a	n/a	n/a	n/a
4574.320	0	2287160	clicker_press	sapo_emerge	response-received-page_down	n/a	n/a	n/a	n/a	page_down
4575.720	0	2287860	clicker_press	sapo_emerge	response-received-page_down	n/a	n/a	n/a	n/a	page_down
4577.786	0	2288893	depth_rating	sapo_emerge	rating-sapo-emerge-meditation_depth-3	3	n/a	n/a	n/a	n/a
4583.830	0	2291915	clicker_press	sapo_emerge	response-received-page_down	n/a	n/a	n/a	n/a	page_down
4584.146	0	2292073	clicker_press	sapo_emerge	response-received-page_down	n/a	n/a	n/a	n/a	page_down
4584.496	0	2292248	clicker_press	sapo_emerge	response-received-page_down	n/a	n/a	n/a	n/a	page_down
4587.878	0	2293939	confidence_rating	sapo_emerge	rating-sapo-emerge-confidence_depth-3	n/a	3	n/a	n/a	n/a
4591.340	0	2295670	report_window_end	sapo_emerge	emerge-sapo-emerge-end	n/a	n/a	n/a	n/a	n/a
4591.342	0	2295671	subblock_begin	sapo_emerge	subblock-begin	n/a	n/a	n/a	n/a	n/a
4591.342	0	2295671	silence_begin	sapo_emerge	silence-begin	n/a	n/a	n/a	n/a	n/a
4591.342	0	2295671	standard_tone	sapo_emerge	standard	n/a	n/a	n/a	n/a	n/a
4592.356	0	2296178	oddball_tone	sapo_emerge	oddball	n/a	n/a	n/a	n/a	n/a
4593.372	0	2296686	standard_tone	sapo_emerge	standard	n/a	n/a	n/a	n/a	n/a
4594.388	0	2297194	standard_tone	sapo_emerge	standard	n/a	n/a	n/a	n/a	n/a
4595.404	0	2297702	oddball_tone	sapo_emerge	oddball	n/a	n/a	n/a	n/a	n/a
4596.420	0	2298210	standard_tone	sapo_emerge	standard	n/a	n/a	n/a	n/a	n/a
4597.434	0	2298717	standard_tone	sapo_emerge	standard	n/a	n/a	n/a	n/a	n/a
4598.450	0	2299225	standard_tone	sapo_emerge	standard	n/a	n/a	n/a	n/a	n/a
4599.466	0	2299733	standard_tone	sapo_emerge	standard	n/a	n/a	n/a	n/a	n/a
4600.484	0	2300242	standard_tone	sapo_emerge	standard	n/a	n/a	n/a	n/a	n/a
4601.498	0	2300749	standard_tone	sapo_emerge	standard	n/a	n/a	n/a	n/a	n/a
4602.514	0	2301257	standard_tone	sapo_emerge	standard	n/a	n/a	n/a	n/a	n/a
4603.530	0	2301765	distractor_noise	sapo_emerge	distractor	n/a	n/a	n/a	n/a	n/a
4604.546	0	2302273	standard_tone	sapo_emerge	standard	n/a	n/a	n/a	n/a	n/a
4605.562	0	2302781	standard_tone	sapo_emerge	standard	n/a	n/a	n/a	n/a	n/a
4606.578	0	2303289	standard_tone	sapo_emerge	standard	n/a	n/a	n/a	n/a	n/a
4607.594	0	2303797	standard_tone	sapo_emerge	standard	n/a	n/a	n/a	n/a	n/a
4608.610	0	2304305	oddball_tone	sapo_emerge	oddball	n/a	n/a	n/a	n/a	n/a
4609.624	0	2304812	standard_tone	sapo_emerge	standard	n/a	n/a	n/a	n/a	n/a
4610.640	0	2305320	standard_tone	sapo_emerge	standard	n/a	n/a	n/a	n/a	n/a
4611.656	0	2305828	standard_tone	sapo_emerge	standard	n/a	n/a	n/a	n/a	n/a
4612.672	0	2306336	standard_tone	sapo_emerge	standard	n/a	n/a	n/a	n/a	n/a
4613.688	0	2306844	standard_tone	sapo_emerge	standard	n/a	n/a	n/a	n/a	n/a
4614.704	0	2307352	standard_tone	sapo_emerge	standard	n/a	n/a	n/a	n/a	n/a
4615.720	0	2307860	standard_tone	sapo_emerge	standard	n/a	n/a	n/a	n/a	n/a
4616.736	0	2308368	standard_tone	sapo_emerge	standard	n/a	n/a	n/a	n/a	n/a
4617.752	0	2308876	standard_tone	sapo_emerge	standard	n/a	n/a	n/a	n/a	n/a
4618.768	0	2309384	standard_tone	sapo_emerge	standard	n/a	n/a	n/a	n/a	n/a
4619.766	0	2309883	standard_tone	sapo_emerge	standard	n/a	n/a	n/a	n/a	n/a
4620.782	0	2310391	standard_tone	sapo_emerge	standard	n/a	n/a	n/a	n/a	n/a
4621.798	0	2310899	standard_tone	sapo_emerge	standard	n/a	n/a	n/a	n/a	n/a
4622.814	0	2311407	standard_tone	sapo_emerge	standard	n/a	n/a	n/a	n/a	n/a
4623.830	0	2311915	standard_tone	sapo_emerge	standard	n/a	n/a	n/a	n/a	n/a
4624.846	0	2312423	standard_tone	sapo_emerge	standard	n/a	n/a	n/a	n/a	n/a
4625.862	0	2312931	standard_tone	sapo_emerge	standard	n/a	n/a	n/a	n/a	n/a
4626.878	0	2313439	standard_tone	sapo_emerge	standard	n/a	n/a	n/a	n/a	n/a
4627.894	0	2313947	standard_tone	sapo_emerge	standard	n/a	n/a	n/a	n/a	n/a
4628.908	0	2314454	distractor_noise	sapo_emerge	distractor	n/a	n/a	n/a	n/a	n/a
4629.924	0	2314962	standard_tone	sapo_emerge	standard	n/a	n/a	n/a	n/a	n/a
4630.940	0	2315470	standard_tone	sapo_emerge	standard	n/a	n/a	n/a	n/a	n/a
4631.956	0	2315978	standard_tone	sapo_emerge	standard	n/a	n/a	n/a	n/a	n/a
4632.972	0	2316486	standard_tone	sapo_emerge	standard	n/a	n/a	n/a	n/a	n/a
4633.988	0	2316994	standard_tone	sapo_emerge	standard	n/a	n/a	n/a	n/a	n/a
4634.988	0	2317494	standard_tone	sapo_emerge	standard	n/a	n/a	n/a	n/a	n/a
4636.004	0	2318002	distractor_noise	sapo_emerge	distractor	n/a	n/a	n/a	n/a	n/a
4637.020	0	2318510	oddball_tone	sapo_emerge	oddball	n/a	n/a	n/a	n/a	n/a
4638.036	0	2319018	standard_tone	sapo_emerge	standard	n/a	n/a	n/a	n/a	n/a
4639.050	0	2319525	distractor_noise	sapo_emerge	distractor	n/a	n/a	n/a	n/a	n/a
4640.066	0	2320033	standard_tone	sapo_emerge	standard	n/a	n/a	n/a	n/a	n/a
4641.082	0	2320541	standard_tone	sapo_emerge	standard	n/a	n/a	n/a	n/a	n/a
4642.098	0	2321049	standard_tone	sapo_emerge	standard	n/a	n/a	n/a	n/a	n/a
4643.114	0	2321557	standard_tone	sapo_emerge	standard	n/a	n/a	n/a	n/a	n/a
4644.130	0	2322065	standard_tone	sapo_emerge	standard	n/a	n/a	n/a	n/a	n/a
4645.146	0	2322573	standard_tone	sapo_emerge	standard	n/a	n/a	n/a	n/a	n/a
4646.162	0	2323081	distractor_noise	sapo_emerge	distractor	n/a	n/a	n/a	n/a	n/a
4647.178	0	2323589	oddball_tone	sapo_emerge	oddball	n/a	n/a	n/a	n/a	n/a
4648.192	0	2324096	standard_tone	sapo_emerge	standard	n/a	n/a	n/a	n/a	n/a
4649.210	0	2324605	standard_tone	sapo_emerge	standard	n/a	n/a	n/a	n/a	n/a
4649.276	0	2324638	clicker_press	sapo_emerge	response-received-page_down	n/a	n/a	n/a	n/a	page_down
4649.292	0	2324646	report_window_begin	sapo_emerge	emerge-sapo-emerge-begin	n/a	n/a	n/a	n/a	n/a
4650.076	0	2325038	clicker_press	sapo_emerge	response-received-page_down	n/a	n/a	n/a	n/a	page_down
4653.322	0	2326661	depth_rating	sapo_emerge	rating-sapo-emerge-meditation_depth-2	2	n/a	n/a	n/a	n/a
4659.452	0	2329726	clicker_press	sapo_emerge	response-received-page_down	n/a	n/a	n/a	n/a	page_down
4659.984	0	2329992	clicker_press	sapo_emerge	response-received-page_down	n/a	n/a	n/a	n/a	page_down
4660.500	0	2330250	clicker_press	sapo_emerge	response-received-page_down	n/a	n/a	n/a	n/a	page_down
4663.564	0	2331782	confidence_rating	sapo_emerge	rating-sapo-emerge-confidence_depth-3	n/a	3	n/a	n/a	n/a
4667.128	0	2333564	report_window_end	sapo_emerge	emerge-sapo-emerge-end	n/a	n/a	n/a	n/a	n/a
4667.128	0	2333564	subblock_begin	sapo_emerge	subblock-begin	n/a	n/a	n/a	n/a	n/a
4667.128	0	2333564	silence_begin	sapo_emerge	silence-begin	n/a	n/a	n/a	n/a	n/a
4667.130	0	2333565	standard_tone	sapo_emerge	standard	n/a	n/a	n/a	n/a	n/a
4668.144	0	2334072	distractor_noise	sapo_emerge	distractor	n/a	n/a	n/a	n/a	n/a
4669.158	0	2334579	standard_tone	sapo_emerge	standard	n/a	n/a	n/a	n/a	n/a
4670.176	0	2335088	standard_tone	sapo_emerge	standard	n/a	n/a	n/a	n/a	n/a
4671.190	0	2335595	standard_tone	sapo_emerge	standard	n/a	n/a	n/a	n/a	n/a
4672.206	0	2336103	standard_tone	sapo_emerge	standard	n/a	n/a	n/a	n/a	n/a
4673.222	0	2336611	standard_tone	sapo_emerge	standard	n/a	n/a	n/a	n/a	n/a
4674.238	0	2337119	distractor_noise	sapo_emerge	distractor	n/a	n/a	n/a	n/a	n/a
4675.254	0	2337627	standard_tone	sapo_emerge	standard	n/a	n/a	n/a	n/a	n/a
4676.270	0	2338135	standard_tone	sapo_emerge	standard	n/a	n/a	n/a	n/a	n/a
4677.286	0	2338643	standard_tone	sapo_emerge	standard	n/a	n/a	n/a	n/a	n/a
4678.300	0	2339150	standard_tone	sapo_emerge	standard	n/a	n/a	n/a	n/a	n/a
4679.300	0	2339650	distractor_noise	sapo_emerge	distractor	n/a	n/a	n/a	n/a	n/a
4680.316	0	2340158	standard_tone	sapo_emerge	standard	n/a	n/a	n/a	n/a	n/a
4681.332	0	2340666	standard_tone	sapo_emerge	standard	n/a	n/a	n/a	n/a	n/a
4682.348	0	2341174	standard_tone	sapo_emerge	standard	n/a	n/a	n/a	n/a	n/a
4683.364	0	2341682	standard_tone	sapo_emerge	standard	n/a	n/a	n/a	n/a	n/a
4684.364	0	2342182	standard_tone	sapo_emerge	standard	n/a	n/a	n/a	n/a	n/a
4685.380	0	2342690	oddball_tone	sapo_emerge	oddball	n/a	n/a	n/a	n/a	n/a
4686.396	0	2343198	standard_tone	sapo_emerge	standard	n/a	n/a	n/a	n/a	n/a
4687.410	0	2343705	standard_tone	sapo_emerge	standard	n/a	n/a	n/a	n/a	n/a
4688.426	0	2344213	distractor_noise	sapo_emerge	distractor	n/a	n/a	n/a	n/a	n/a
4689.442	0	2344721	standard_tone	sapo_emerge	standard	n/a	n/a	n/a	n/a	n/a
4690.458	0	2345229	standard_tone	sapo_emerge	standard	n/a	n/a	n/a	n/a	n/a
4691.474	0	2345737	standard_tone	sapo_emerge	standard	n/a	n/a	n/a	n/a	n/a
4692.490	0	2346245	standard_tone	sapo_emerge	standard	n/a	n/a	n/a	n/a	n/a
4693.506	0	2346753	standard_tone	sapo_emerge	standard	n/a	n/a	n/a	n/a	n/a
4694.522	0	2347261	standard_tone	sapo_emerge	standard	n/a	n/a	n/a	n/a	n/a
4695.538	0	2347769	standard_tone	sapo_emerge	standard	n/a	n/a	n/a	n/a	n/a
4696.552	0	2348276	standard_tone	sapo_emerge	standard	n/a	n/a	n/a	n/a	n/a
4697.568	0	2348784	standard_tone	sapo_emerge	standard	n/a	n/a	n/a	n/a	n/a
4698.584	0	2349292	standard_tone	sapo_emerge	standard	n/a	n/a	n/a	n/a	n/a
4699.584	0	2349792	standard_tone	sapo_emerge	standard	n/a	n/a	n/a	n/a	n/a
4700.600	0	2350300	standard_tone	sapo_emerge	standard	n/a	n/a	n/a	n/a	n/a
4701.616	0	2350808	standard_tone	sapo_emerge	standard	n/a	n/a	n/a	n/a	n/a
4702.632	0	2351316	distractor_noise	sapo_emerge	distractor	n/a	n/a	n/a	n/a	n/a
4703.646	0	2351823	standard_tone	sapo_emerge	standard	n/a	n/a	n/a	n/a	n/a
4704.664	0	2352332	standard_tone	sapo_emerge	standard	n/a	n/a	n/a	n/a	n/a
4705.678	0	2352839	standard_tone	sapo_emerge	standard	n/a	n/a	n/a	n/a	n/a
4706.694	0	2353347	standard_tone	sapo_emerge	standard	n/a	n/a	n/a	n/a	n/a
4707.710	0	2353855	standard_tone	sapo_emerge	standard	n/a	n/a	n/a	n/a	n/a
4708.726	0	2354363	standard_tone	sapo_emerge	standard	n/a	n/a	n/a	n/a	n/a
4709.742	0	2354871	standard_tone	sapo_emerge	standard	n/a	n/a	n/a	n/a	n/a
4710.758	0	2355379	standard_tone	sapo_emerge	standard	n/a	n/a	n/a	n/a	n/a
4711.774	0	2355887	standard_tone	sapo_emerge	standard	n/a	n/a	n/a	n/a	n/a
4712.790	0	2356395	oddball_tone	sapo_emerge	oddball	n/a	n/a	n/a	n/a	n/a
4713.806	0	2356903	standard_tone	sapo_emerge	standard	n/a	n/a	n/a	n/a	n/a
4714.822	0	2357411	standard_tone	sapo_emerge	standard	n/a	n/a	n/a	n/a	n/a
4715.836	0	2357918	oddball_tone	sapo_emerge	oddball	n/a	n/a	n/a	n/a	n/a
4716.852	0	2358426	standard_tone	sapo_emerge	standard	n/a	n/a	n/a	n/a	n/a
4717.868	0	2358934	standard_tone	sapo_emerge	standard	n/a	n/a	n/a	n/a	n/a
4718.884	0	2359442	oddball_tone	sapo_emerge	oddball	n/a	n/a	n/a	n/a	n/a
4719.900	0	2359950	distractor_noise	sapo_emerge	distractor	n/a	n/a	n/a	n/a	n/a
4720.916	0	2360458	standard_tone	sapo_emerge	standard	n/a	n/a	n/a	n/a	n/a
4721.932	0	2360966	standard_tone	sapo_emerge	standard	n/a	n/a	n/a	n/a	n/a
4722.948	0	2361474	oddball_tone	sapo_emerge	oddball	n/a	n/a	n/a	n/a	n/a
4723.964	0	2361982	standard_tone	sapo_emerge	standard	n/a	n/a	n/a	n/a	n/a
4724.962	0	2362481	clicker_press	sapo_emerge	response-received-page_down	n/a	n/a	n/a	n/a	page_down
4725.080	0	2362540	report_window_begin	sapo_emerge	emerge-sapo-emerge-begin	n/a	n/a	n/a	n/a	n/a
4725.578	0	2362789	clicker_press	sapo_emerge	response-received-page_down	n/a	n/a	n/a	n/a	page_down
4727.262	0	2363631	clicker_press	sapo_emerge	response-received-page_down	n/a	n/a	n/a	n/a	page_down
4729.094	0	2364547	depth_rating	sapo_emerge	rating-sapo-emerge-meditation_depth-3	3	n/a	n/a	n/a	n/a
4735.772	0	2367886	clicker_press	sapo_emerge	response-received-page_down	n/a	n/a	n/a	n/a	page_down
4736.120	0	2368060	clicker_press	sapo_emerge	response-received-page_down	n/a	n/a	n/a	n/a	page_down
4736.870	0	2368435	clicker_press	sapo_emerge	response-received-page_down	n/a	n/a	n/a	n/a	page_down
4739.202	0	2369601	confidence_rating	sapo_emerge	rating-sapo-emerge-confidence_depth-3	n/a	3	n/a	n/a	n/a
4742.632	0	2371316	report_window_end	sapo_emerge	emerge-sapo-emerge-end	n/a	n/a	n/a	n/a	n/a
4742.632	0	2371316	subblock_begin	sapo_emerge	subblock-begin	n/a	n/a	n/a	n/a	n/a
4742.632	0	2371316	silence_begin	sapo_emerge	silence-begin	n/a	n/a	n/a	n/a	n/a
4742.634	0	2371317	distractor_noise	sapo_emerge	distractor	n/a	n/a	n/a	n/a	n/a
4743.648	0	2371824	oddball_tone	sapo_emerge	oddball	n/a	n/a	n/a	n/a	n/a
4744.662	0	2372331	distractor_noise	sapo_emerge	distractor	n/a	n/a	n/a	n/a	n/a
4745.678	0	2372839	standard_tone	sapo_emerge	standard	n/a	n/a	n/a	n/a	n/a
4746.694	0	2373347	standard_tone	sapo_emerge	standard	n/a	n/a	n/a	n/a	n/a
4747.710	0	2373855	standard_tone	sapo_emerge	standard	n/a	n/a	n/a	n/a	n/a
4748.726	0	2374363	standard_tone	sapo_emerge	standard	n/a	n/a	n/a	n/a	n/a
4749.742	0	2374871	standard_tone	sapo_emerge	standard	n/a	n/a	n/a	n/a	n/a
4750.758	0	2375379	distractor_noise	sapo_emerge	distractor	n/a	n/a	n/a	n/a	n/a
4751.774	0	2375887	standard_tone	sapo_emerge	standard	n/a	n/a	n/a	n/a	n/a
4752.790	0	2376395	oddball_tone	sapo_emerge	oddball	n/a	n/a	n/a	n/a	n/a
4753.790	0	2376895	standard_tone	sapo_emerge	standard	n/a	n/a	n/a	n/a	n/a
4754.804	0	2377402	oddball_tone	sapo_emerge	oddball	n/a	n/a	n/a	n/a	n/a
4755.822	0	2377911	standard_tone	sapo_emerge	standard	n/a	n/a	n/a	n/a	n/a
4756.836	0	2378418	standard_tone	sapo_emerge	standard	n/a	n/a	n/a	n/a	n/a
4757.852	0	2378926	standard_tone	sapo_emerge	standard	n/a	n/a	n/a	n/a	n/a
4758.868	0	2379434	standard_tone	sapo_emerge	standard	n/a	n/a	n/a	n/a	n/a
4759.868	0	2379934	standard_tone	sapo_emerge	standard	n/a	n/a	n/a	n/a	n/a
4760.882	0	2380441	distractor_noise	sapo_emerge	distractor	n/a	n/a	n/a	n/a	n/a
4761.898	0	2380949	standard_tone	sapo_emerge	standard	n/a	n/a	n/a	n/a	n/a
4762.914	0	2381457	distractor_noise	sapo_emerge	distractor	n/a	n/a	n/a	n/a	n/a
4763.930	0	2381965	standard_tone	sapo_emerge	standard	n/a	n/a	n/a	n/a	n/a
4764.946	0	2382473	standard_tone	sapo_emerge	standard	n/a	n/a	n/a	n/a	n/a
4765.962	0	2382981	standard_tone	sapo_emerge	standard	n/a	n/a	n/a	n/a	n/a
4766.962	0	2383481	standard_tone	sapo_emerge	standard	n/a	n/a	n/a	n/a	n/a
4767.976	0	2383988	distractor_noise	sapo_emerge	distractor	n/a	n/a	n/a	n/a	n/a
4768.992	0	2384496	standard_tone	sapo_emerge	standard	n/a	n/a	n/a	n/a	n/a
4770.008	0	2385004	standard_tone	sapo_emerge	standard	n/a	n/a	n/a	n/a	n/a
4771.024	0	2385512	oddball_tone	sapo_emerge	oddball	n/a	n/a	n/a	n/a	n/a
4772.040	0	2386020	standard_tone	sapo_emerge	standard	n/a	n/a	n/a	n/a	n/a
4773.056	0	2386528	standard_tone	sapo_emerge	standard	n/a	n/a	n/a	n/a	n/a
4774.072	0	2387036	standard_tone	sapo_emerge	standard	n/a	n/a	n/a	n/a	n/a
4775.088	0	2387544	standard_tone	sapo_emerge	standard	n/a	n/a	n/a	n/a	n/a
4776.104	0	2388052	standard_tone	sapo_emerge	standard	n/a	n/a	n/a	n/a	n/a
4777.120	0	2388560	standard_tone	sapo_emerge	standard	n/a	n/a	n/a	n/a	n/a
4778.136	0	2389068	standard_tone	sapo_emerge	standard	n/a	n/a	n/a	n/a	n/a
4779.152	0	2389576	standard_tone	sapo_emerge	standard	n/a	n/a	n/a	n/a	n/a
4780.166	0	2390083	oddball_tone	sapo_emerge	oddball	n/a	n/a	n/a	n/a	n/a
4781.182	0	2390591	standard_tone	sapo_emerge	standard	n/a	n/a	n/a	n/a	n/a
4782.198	0	2391099	standard_tone	sapo_emerge	standard	n/a	n/a	n/a	n/a	n/a
4783.214	0	2391607	standard_tone	sapo_emerge	standard	n/a	n/a	n/a	n/a	n/a
4784.230	0	2392115	standard_tone	sapo_emerge	standard	n/a	n/a	n/a	n/a	n/a
4785.246	0	2392623	standard_tone	sapo_emerge	standard	n/a	n/a	n/a	n/a	n/a
4786.262	0	2393131	standard_tone	sapo_emerge	standard	n/a	n/a	n/a	n/a	n/a
4787.278	0	2393639	standard_tone	sapo_emerge	standard	n/a	n/a	n/a	n/a	n/a
4788.294	0	2394147	standard_tone	sapo_emerge	standard	n/a	n/a	n/a	n/a	n/a
4789.310	0	2394655	distractor_noise	sapo_emerge	distractor	n/a	n/a	n/a	n/a	n/a
4790.326	0	2395163	standard_tone	sapo_emerge	standard	n/a	n/a	n/a	n/a	n/a
4791.340	0	2395670	standard_tone	sapo_emerge	standard	n/a	n/a	n/a	n/a	n/a
4792.358	0	2396179	oddball_tone	sapo_emerge	oddball	n/a	n/a	n/a	n/a	n/a
4793.374	0	2396687	standard_tone	sapo_emerge	standard	n/a	n/a	n/a	n/a	n/a
4794.388	0	2397194	distractor_noise	sapo_emerge	distractor	n/a	n/a	n/a	n/a	n/a
4795.404	0	2397702	standard_tone	sapo_emerge	standard	n/a	n/a	n/a	n/a	n/a
4796.420	0	2398210	oddball_tone	sapo_emerge	oddball	n/a	n/a	n/a	n/a	n/a
4797.436	0	2398718	standard_tone	sapo_emerge	standard	n/a	n/a	n/a	n/a	n/a
4798.452	0	2399226	standard_tone	sapo_emerge	standard	n/a	n/a	n/a	n/a	n/a
4799.468	0	2399734	standard_tone	sapo_emerge	standard	n/a	n/a	n/a	n/a	n/a
4800.484	0	2400242	standard_tone	sapo_emerge	standard	n/a	n/a	n/a	n/a	n/a
4801.500	0	2400750	standard_tone	sapo_emerge	standard	n/a	n/a	n/a	n/a	n/a
4802.514	0	2401257	distractor_noise	sapo_emerge	distractor	n/a	n/a	n/a	n/a	n/a
4803.530	0	2401765	standard_tone	sapo_emerge	standard	n/a	n/a	n/a	n/a	n/a
4804.546	0	2402273	standard_tone	sapo_emerge	standard	n/a	n/a	n/a	n/a	n/a
4805.562	0	2402781	oddball_tone	sapo_emerge	oddball	n/a	n/a	n/a	n/a	n/a
4806.578	0	2403289	standard_tone	sapo_emerge	standard	n/a	n/a	n/a	n/a	n/a
4807.594	0	2403797	standard_tone	sapo_emerge	standard	n/a	n/a	n/a	n/a	n/a
4808.610	0	2404305	standard_tone	sapo_emerge	standard	n/a	n/a	n/a	n/a	n/a
4809.626	0	2404813	standard_tone	sapo_emerge	standard	n/a	n/a	n/a	n/a	n/a
4810.642	0	2405321	standard_tone	sapo_emerge	standard	n/a	n/a	n/a	n/a	n/a
4811.658	0	2405829	standard_tone	sapo_emerge	standard	n/a	n/a	n/a	n/a	n/a
4812.674	0	2406337	standard_tone	sapo_emerge	standard	n/a	n/a	n/a	n/a	n/a
4813.690	0	2406845	standard_tone	sapo_emerge	standard	n/a	n/a	n/a	n/a	n/a
4814.706	0	2407353	standard_tone	sapo_emerge	standard	n/a	n/a	n/a	n/a	n/a
4815.720	0	2407860	standard_tone	sapo_emerge	standard	n/a	n/a	n/a	n/a	n/a
4816.736	0	2408368	standard_tone	sapo_emerge	standard	n/a	n/a	n/a	n/a	n/a
4817.754	0	2408877	standard_tone	sapo_emerge	standard	n/a	n/a	n/a	n/a	n/a
4818.768	0	2409384	distractor_noise	sapo_emerge	distractor	n/a	n/a	n/a	n/a	n/a
4819.768	0	2409884	standard_tone	sapo_emerge	standard	n/a	n/a	n/a	n/a	n/a
4820.250	0	2410125	clicker_press	sapo_emerge	response-received-page_down	n/a	n/a	n/a	n/a	page_down
4820.284	0	2410142	report_window_begin	sapo_emerge	emerge-sapo-emerge-begin	n/a	n/a	n/a	n/a	n/a
4820.968	0	2410484	clicker_press	sapo_emerge	response-received-page_down	n/a	n/a	n/a	n/a	page_down
4821.666	0	2410833	clicker_press	sapo_emerge	response-received-page_down	n/a	n/a	n/a	n/a	page_down
4822.398	0	2411199	clicker_press	sapo_emerge	response-received-page_down	n/a	n/a	n/a	n/a	page_down
4824.464	0	2412232	depth_rating	sapo_emerge	rating-sapo-emerge-meditation_depth-4	4	n/a	n/a	n/a	n/a
4831.008	0	2415504	clicker_press	sapo_emerge	response-received-page_down	n/a	n/a	n/a	n/a	page_down
4831.474	0	2415737	clicker_press	sapo_emerge	response-received-page_down	n/a	n/a	n/a	n/a	page_down
4831.942	0	2415971	clicker_press	sapo_emerge	response-received-page_down	n/a	n/a	n/a	n/a	page_down
4832.406	0	2416203	clicker_press	sapo_emerge	response-received-page_down	n/a	n/a	n/a	n/a	page_down
4834.688	0	2417344	confidence_rating	sapo_emerge	rating-sapo-emerge-confidence_depth-4	n/a	4	n/a	n/a	n/a
4838.170	0	2419085	report_window_end	sapo_emerge	emerge-sapo-emerge-end	n/a	n/a	n/a	n/a	n/a
4838.170	0	2419085	subblock_begin	sapo_emerge	subblock-begin	n/a	n/a	n/a	n/a	n/a
4838.170	0	2419085	silence_begin	sapo_emerge	silence-begin	n/a	n/a	n/a	n/a	n/a
4838.186	0	2419093	standard_tone	sapo_emerge	standard	n/a	n/a	n/a	n/a	n/a
4839.202	0	2419601	standard_tone	sapo_emerge	standard	n/a	n/a	n/a	n/a	n/a
4840.216	0	2420108	standard_tone	sapo_emerge	standard	n/a	n/a	n/a	n/a	n/a
4841.232	0	2420616	standard_tone	sapo_emerge	standard	n/a	n/a	n/a	n/a	n/a
4842.248	0	2421124	distractor_noise	sapo_emerge	distractor	n/a	n/a	n/a	n/a	n/a
4843.264	0	2421632	standard_tone	sapo_emerge	standard	n/a	n/a	n/a	n/a	n/a
4844.280	0	2422140	oddball_tone	sapo_emerge	oddball	n/a	n/a	n/a	n/a	n/a
4845.280	0	2422640	standard_tone	sapo_emerge	standard	n/a	n/a	n/a	n/a	n/a
4846.296	0	2423148	oddball_tone	sapo_emerge	oddball	n/a	n/a	n/a	n/a	n/a
4847.312	0	2423656	distractor_noise	sapo_emerge	distractor	n/a	n/a	n/a	n/a	n/a
4848.328	0	2424164	standard_tone	sapo_emerge	standard	n/a	n/a	n/a	n/a	n/a
4849.344	0	2424672	standard_tone	sapo_emerge	standard	n/a	n/a	n/a	n/a	n/a
4850.358	0	2425179	standard_tone	sapo_emerge	standard	n/a	n/a	n/a	n/a	n/a
4851.374	0	2425687	standard_tone	sapo_emerge	standard	n/a	n/a	n/a	n/a	n/a
4852.390	0	2426195	standard_tone	sapo_emerge	standard	n/a	n/a	n/a	n/a	n/a
4853.406	0	2426703	standard_tone	sapo_emerge	standard	n/a	n/a	n/a	n/a	n/a
4854.422	0	2427211	standard_tone	sapo_emerge	standard	n/a	n/a	n/a	n/a	n/a
4855.438	0	2427719	standard_tone	sapo_emerge	standard	n/a	n/a	n/a	n/a	n/a
4856.454	0	2428227	standard_tone	sapo_emerge	standard	n/a	n/a	n/a	n/a	n/a
4857.470	0	2428735	standard_tone	sapo_emerge	standard	n/a	n/a	n/a	n/a	n/a
4858.486	0	2429243	standard_tone	sapo_emerge	standard	n/a	n/a	n/a	n/a	n/a
4859.502	0	2429751	distractor_noise	sapo_emerge	distractor	n/a	n/a	n/a	n/a	n/a
4860.516	0	2430258	standard_tone	sapo_emerge	standard	n/a	n/a	n/a	n/a	n/a
4861.532	0	2430766	standard_tone	sapo_emerge	standard	n/a	n/a	n/a	n/a	n/a
4862.548	0	2431274	standard_tone	sapo_emerge	standard	n/a	n/a	n/a	n/a	n/a
4863.564	0	2431782	distractor_noise	sapo_emerge	distractor	n/a	n/a	n/a	n/a	n/a
4864.582	0	2432291	standard_tone	sapo_emerge	standard	n/a	n/a	n/a	n/a	n/a
4865.596	0	2432798	distractor_noise	sapo_emerge	distractor	n/a	n/a	n/a	n/a	n/a
4866.612	0	2433306	standard_tone	sapo_emerge	standard	n/a	n/a	n/a	n/a	n/a
4867.628	0	2433814	oddball_tone	sapo_emerge	oddball	n/a	n/a	n/a	n/a	n/a
4868.644	0	2434322	distractor_noise	sapo_emerge	distractor	n/a	n/a	n/a	n/a	n/a
4869.642	0	2434821	standard_tone	sapo_emerge	standard	n/a	n/a	n/a	n/a	n/a
4870.658	0	2435329	oddball_tone	sapo_emerge	oddball	n/a	n/a	n/a	n/a	n/a
4871.676	0	2435838	standard_tone	sapo_emerge	standard	n/a	n/a	n/a	n/a	n/a
4872.690	0	2436345	standard_tone	sapo_emerge	standard	n/a	n/a	n/a	n/a	n/a
4873.706	0	2436853	standard_tone	sapo_emerge	standard	n/a	n/a	n/a	n/a	n/a
4874.706	0	2437353	distractor_noise	sapo_emerge	distractor	n/a	n/a	n/a	n/a	n/a
4875.720	0	2437860	standard_tone	sapo_emerge	standard	n/a	n/a	n/a	n/a	n/a
4876.736	0	2438368	standard_tone	sapo_emerge	standard	n/a	n/a	n/a	n/a	n/a
4877.752	0	2438876	standard_tone	sapo_emerge	standard	n/a	n/a	n/a	n/a	n/a
4878.768	0	2439384	standard_tone	sapo_emerge	standard	n/a	n/a	n/a	n/a	n/a
4879.784	0	2439892	standard_tone	sapo_emerge	standard	n/a	n/a	n/a	n/a	n/a
4880.800	0	2440400	standard_tone	sapo_emerge	standard	n/a	n/a	n/a	n/a	n/a
4881.802	0	2440901	standard_tone	sapo_emerge	standard	n/a	n/a	n/a	n/a	n/a
4882.816	0	2441408	distractor_noise	sapo_emerge	distractor	n/a	n/a	n/a	n/a	n/a
4883.830	0	2441915	standard_tone	sapo_emerge	standard	n/a	n/a	n/a	n/a	n/a
4884.832	0	2442416	standard_tone	sapo_emerge	standard	n/a	n/a	n/a	n/a	n/a
4885.846	0	2442923	distractor_noise	sapo_emerge	distractor	n/a	n/a	n/a	n/a	n/a
4886.862	0	2443431	standard_tone	sapo_emerge	standard	n/a	n/a	n/a	n/a	n/a
4887.878	0	2443939	standard_tone	sapo_emerge	standard	n/a	n/a	n/a	n/a	n/a
4888.894	0	2444447	standard_tone	sapo_emerge	standard	n/a	n/a	n/a	n/a	n/a
4889.910	0	2444955	standard_tone	sapo_emerge	standard	n/a	n/a	n/a	n/a	n/a
4890.926	0	2445463	standard_tone	sapo_emerge	standard	n/a	n/a	n/a	n/a	n/a
4891.942	0	2445971	standard_tone	sapo_emerge	standard	n/a	n/a	n/a	n/a	n/a
4892.956	0	2446478	oddball_tone	sapo_emerge	oddball	n/a	n/a	n/a	n/a	n/a
4893.972	0	2446986	standard_tone	sapo_emerge	standard	n/a	n/a	n/a	n/a	n/a
4894.988	0	2447494	standard_tone	sapo_emerge	standard	n/a	n/a	n/a	n/a	n/a
4896.004	0	2448002	standard_tone	sapo_emerge	standard	n/a	n/a	n/a	n/a	n/a
4897.004	0	2448502	standard_tone	sapo_emerge	standard	n/a	n/a	n/a	n/a	n/a
4898.020	0	2449010	standard_tone	sapo_emerge	standard	n/a	n/a	n/a	n/a	n/a
4899.034	0	2449517	oddball_tone	sapo_emerge	oddball	n/a	n/a	n/a	n/a	n/a
4900.050	0	2450025	standard_tone	sapo_emerge	standard	n/a	n/a	n/a	n/a	n/a
4901.066	0	2450533	standard_tone	sapo_emerge	standard	n/a	n/a	n/a	n/a	n/a
4902.082	0	2451041	standard_tone	sapo_emerge	standard	n/a	n/a	n/a	n/a	n/a
4903.098	0	2451549	distractor_noise	sapo_emerge	distractor	n/a	n/a	n/a	n/a	n/a
4904.114	0	2452057	standard_tone	sapo_emerge	standard	n/a	n/a	n/a	n/a	n/a
4905.130	0	2452565	standard_tone	sapo_emerge	standard	n/a	n/a	n/a	n/a	n/a
4905.346	0	2452673	clicker_press	sapo_emerge	response-received-page_down	n/a	n/a	n/a	n/a	page_down
4905.396	0	2452698	report_window_begin	sapo_emerge	emerge-sapo-emerge-begin	n/a	n/a	n/a	n/a	n/a
4906.230	0	2453115	clicker_press	sapo_emerge	response-received-page_down	n/a	n/a	n/a	n/a	page_down
4906.996	0	2453498	clicker_press	sapo_emerge	response-received-page_down	n/a	n/a	n/a	n/a	page_down
4909.428	0	2454714	depth_rating	sapo_emerge	rating-sapo-emerge-meditation_depth-3	3	n/a	n/a	n/a	n/a
4913.158	0	2456579	clicker_press	sapo_emerge	response-received-page_down	n/a	n/a	n/a	n/a	page_down
4913.940	0	2456970	clicker_press	sapo_emerge	response-received-page_down	n/a	n/a	n/a	n/a	page_down
4915.888	0	2457944	clicker_press	sapo_emerge	response-received-page_down	n/a	n/a	n/a	n/a	page_down
4916.620	0	2458310	clicker_press	sapo_emerge	response-received-page_down	n/a	n/a	n/a	n/a	page_down
4917.170	0	2458585	clicker_press	sapo_emerge	response-received-page_down	n/a	n/a	n/a	n/a	page_down
4919.668	0	2459834	confidence_rating	sapo_emerge	rating-sapo-emerge-confidence_depth-5	n/a	5	n/a	n/a	n/a
4923.166	0	2461583	report_window_end	sapo_emerge	emerge-sapo-emerge-end	n/a	n/a	n/a	n/a	n/a
4923.168	0	2461584	subblock_begin	sapo_emerge	subblock-begin	n/a	n/a	n/a	n/a	n/a
4923.168	0	2461584	silence_begin	sapo_emerge	silence-begin	n/a	n/a	n/a	n/a	n/a
4923.170	0	2461585	oddball_tone	sapo_emerge	oddball	n/a	n/a	n/a	n/a	n/a
4924.180	0	2462090	standard_tone	sapo_emerge	standard	n/a	n/a	n/a	n/a	n/a
4925.196	0	2462598	oddball_tone	sapo_emerge	oddball	n/a	n/a	n/a	n/a	n/a
4926.212	0	2463106	standard_tone	sapo_emerge	standard	n/a	n/a	n/a	n/a	n/a
4927.228	0	2463614	standard_tone	sapo_emerge	standard	n/a	n/a	n/a	n/a	n/a
4928.244	0	2464122	oddball_tone	sapo_emerge	oddball	n/a	n/a	n/a	n/a	n/a
4929.260	0	2464630	distractor_noise	sapo_emerge	distractor	n/a	n/a	n/a	n/a	n/a
4930.276	0	2465138	standard_tone	sapo_emerge	standard	n/a	n/a	n/a	n/a	n/a
4931.292	0	2465646	standard_tone	sapo_emerge	standard	n/a	n/a	n/a	n/a	n/a
4932.308	0	2466154	distractor_noise	sapo_emerge	distractor	n/a	n/a	n/a	n/a	n/a
4933.324	0	2466662	oddball_tone	sapo_emerge	oddball	n/a	n/a	n/a	n/a	n/a
4934.340	0	2467170	standard_tone	sapo_emerge	standard	n/a	n/a	n/a	n/a	n/a
4935.354	0	2467677	standard_tone	sapo_emerge	standard	n/a	n/a	n/a	n/a	n/a
4936.370	0	2468185	standard_tone	sapo_emerge	standard	n/a	n/a	n/a	n/a	n/a
4937.388	0	2468694	standard_tone	sapo_emerge	standard	n/a	n/a	n/a	n/a	n/a
4938.402	0	2469201	distractor_noise	sapo_emerge	distractor	n/a	n/a	n/a	n/a	n/a
4939.418	0	2469709	standard_tone	sapo_emerge	standard	n/a	n/a	n/a	n/a	n/a
4940.434	0	2470217	standard_tone	sapo_emerge	standard	n/a	n/a	n/a	n/a	n/a
4941.434	0	2470717	standard_tone	sapo_emerge	standard	n/a	n/a	n/a	n/a	n/a
4942.450	0	2471225	distractor_noise	sapo_emerge	distractor	n/a	n/a	n/a	n/a	n/a
4943.464	0	2471732	standard_tone	sapo_emerge	standard	n/a	n/a	n/a	n/a	n/a
4944.480	0	2472240	distractor_noise	sapo_emerge	distractor	n/a	n/a	n/a	n/a	n/a
4945.496	0	2472748	standard_tone	sapo_emerge	standard	n/a	n/a	n/a	n/a	n/a
4946.512	0	2473256	standard_tone	sapo_emerge	standard	n/a	n/a	n/a	n/a	n/a
4947.528	0	2473764	standard_tone	sapo_emerge	standard	n/a	n/a	n/a	n/a	n/a
4948.544	0	2474272	distractor_noise	sapo_emerge	distractor	n/a	n/a	n/a	n/a	n/a
4949.544	0	2474772	standard_tone	sapo_emerge	standard	n/a	n/a	n/a	n/a	n/a
4950.558	0	2475279	standard_tone	sapo_emerge	standard	n/a	n/a	n/a	n/a	n/a
4951.574	0	2475787	standard_tone	sapo_emerge	standard	n/a	n/a	n/a	n/a	n/a
4952.590	0	2476295	standard_tone	sapo_emerge	standard	n/a	n/a	n/a	n/a	n/a
4953.638	0	2476819	standard_tone	sapo_emerge	standard	n/a	n/a	n/a	n/a	n/a
4954.638	0	2477319	standard_tone	sapo_emerge	standard	n/a	n/a	n/a	n/a	n/a
4955.654	0	2477827	distractor_noise	sapo_emerge	distractor	n/a	n/a	n/a	n/a	n/a
4956.670	0	2478335	standard_tone	sapo_emerge	standard	n/a	n/a	n/a	n/a	n/a
4957.670	0	2478835	standard_tone	sapo_emerge	standard	n/a	n/a	n/a	n/a	n/a
4958.686	0	2479343	oddball_tone	sapo_emerge	oddball	n/a	n/a	n/a	n/a	n/a
4959.702	0	2479851	distractor_noise	sapo_emerge	distractor	n/a	n/a	n/a	n/a	n/a
4960.718	0	2480359	standard_tone	sapo_emerge	standard	n/a	n/a	n/a	n/a	n/a
4961.734	0	2480867	standard_tone	sapo_emerge	standard	n/a	n/a	n/a	n/a	n/a
4962.748	0	2481374	standard_tone	sapo_emerge	standard	n/a	n/a	n/a	n/a	n/a
4963.764	0	2481882	standard_tone	sapo_emerge	standard	n/a	n/a	n/a	n/a	n/a
4964.780	0	2482390	standard_tone	sapo_emerge	standard	n/a	n/a	n/a	n/a	n/a
4965.796	0	2482898	distractor_noise	sapo_emerge	distractor	n/a	n/a	n/a	n/a	n/a
4966.812	0	2483406	standard_tone	sapo_emerge	standard	n/a	n/a	n/a	n/a	n/a
4967.826	0	2483913	standard_tone	sapo_emerge	standard	n/a	n/a	n/a	n/a	n/a
4968.828	0	2484414	standard_tone	sapo_emerge	standard	n/a	n/a	n/a	n/a	n/a
4969.842	0	2484921	standard_tone	sapo_emerge	standard	n/a	n/a	n/a	n/a	n/a
4970.858	0	2485429	distractor_noise	sapo_emerge	distractor	n/a	n/a	n/a	n/a	n/a
4971.874	0	2485937	standard_tone	sapo_emerge	standard	n/a	n/a	n/a	n/a	n/a
4972.890	0	2486445	oddball_tone	sapo_emerge	oddball	n/a	n/a	n/a	n/a	n/a
4973.890	0	2486945	standard_tone	sapo_emerge	standard	n/a	n/a	n/a	n/a	n/a
4974.906	0	2487453	standard_tone	sapo_emerge	standard	n/a	n/a	n/a	n/a	n/a
4975.922	0	2487961	standard_tone	sapo_emerge	standard	n/a	n/a	n/a	n/a	n/a
4976.938	0	2488469	standard_tone	sapo_emerge	standard	n/a	n/a	n/a	n/a	n/a
4977.936	0	2488968	oddball_tone	sapo_emerge	oddball	n/a	n/a	n/a	n/a	n/a
4978.952	0	2489476	standard_tone	sapo_emerge	standard	n/a	n/a	n/a	n/a	n/a
4979.968	0	2489984	standard_tone	sapo_emerge	standard	n/a	n/a	n/a	n/a	n/a
4980.984	0	2490492	oddball_tone	sapo_emerge	oddball	n/a	n/a	n/a	n/a	n/a
4982.000	0	2491000	standard_tone	sapo_emerge	standard	n/a	n/a	n/a	n/a	n/a
4983.016	0	2491508	standard_tone	sapo_emerge	standard	n/a	n/a	n/a	n/a	n/a
4984.032	0	2492016	standard_tone	sapo_emerge	standard	n/a	n/a	n/a	n/a	n/a
4984.748	0	2492374	clicker_press	sapo_emerge	response-received-page_down	n/a	n/a	n/a	n/a	page_down
4984.880	0	2492440	report_window_begin	sapo_emerge	emerge-sapo-emerge-begin	n/a	n/a	n/a	n/a	n/a
4985.414	0	2492707	clicker_press	sapo_emerge	response-received-page_down	n/a	n/a	n/a	n/a	page_down
4986.096	0	2493048	clicker_press	sapo_emerge	response-received-page_down	n/a	n/a	n/a	n/a	page_down
4988.894	0	2494447	depth_rating	sapo_emerge	rating-sapo-emerge-meditation_depth-3	3	n/a	n/a	n/a	n/a
4995.306	0	2497653	clicker_press	sapo_emerge	response-received-page_down	n/a	n/a	n/a	n/a	page_down
4995.788	0	2497894	clicker_press	sapo_emerge	response-received-page_down	n/a	n/a	n/a	n/a	page_down
4996.306	0	2498153	clicker_press	sapo_emerge	response-received-page_down	n/a	n/a	n/a	n/a	page_down
4996.638	0	2498319	clicker_press	sapo_emerge	response-received-page_down	n/a	n/a	n/a	n/a	page_down
4998.952	0	2499476	confidence_rating	sapo_emerge	rating-sapo-emerge-confidence_depth-4	n/a	4	n/a	n/a	n/a
5002.516	0	2501258	report_window_end	sapo_emerge	emerge-sapo-emerge-end	n/a	n/a	n/a	n/a	n/a
5002.518	0	2501259	subblock_begin	sapo_emerge	subblock-begin	n/a	n/a	n/a	n/a	n/a
5002.518	0	2501259	silence_begin	sapo_emerge	silence-begin	n/a	n/a	n/a	n/a	n/a
5002.532	0	2501266	standard_tone	sapo_emerge	standard	n/a	n/a	n/a	n/a	n/a
5003.548	0	2501774	standard_tone	sapo_emerge	standard	n/a	n/a	n/a	n/a	n/a
5004.564	0	2502282	standard_tone	sapo_emerge	standard	n/a	n/a	n/a	n/a	n/a
5005.580	0	2502790	standard_tone	sapo_emerge	standard	n/a	n/a	n/a	n/a	n/a
5006.596	0	2503298	oddball_tone	sapo_emerge	oddball	n/a	n/a	n/a	n/a	n/a
5007.612	0	2503806	standard_tone	sapo_emerge	standard	n/a	n/a	n/a	n/a	n/a
5008.628	0	2504314	standard_tone	sapo_emerge	standard	n/a	n/a	n/a	n/a	n/a
5009.644	0	2504822	standard_tone	sapo_emerge	standard	n/a	n/a	n/a	n/a	n/a
5010.658	0	2505329	standard_tone	sapo_emerge	standard	n/a	n/a	n/a	n/a	n/a
5011.676	0	2505838	standard_tone	sapo_emerge	standard	n/a	n/a	n/a	n/a	n/a
5012.690	0	2506345	standard_tone	sapo_emerge	standard	n/a	n/a	n/a	n/a	n/a
5013.706	0	2506853	standard_tone	sapo_emerge	standard	n/a	n/a	n/a	n/a	n/a
5014.722	0	2507361	standard_tone	sapo_emerge	standard	n/a	n/a	n/a	n/a	n/a
5015.738	0	2507869	standard_tone	sapo_emerge	standard	n/a	n/a	n/a	n/a	n/a
5016.754	0	2508377	oddball_tone	sapo_emerge	oddball	n/a	n/a	n/a	n/a	n/a
5017.770	0	2508885	standard_tone	sapo_emerge	standard	n/a	n/a	n/a	n/a	n/a
5018.786	0	2509393	standard_tone	sapo_emerge	standard	n/a	n/a	n/a	n/a	n/a
5019.802	0	2509901	distractor_noise	sapo_emerge	distractor	n/a	n/a	n/a	n/a	n/a
5020.818	0	2510409	standard_tone	sapo_emerge	standard	n/a	n/a	n/a	n/a	n/a
5021.834	0	2510917	standard_tone	sapo_emerge	standard	n/a	n/a	n/a	n/a	n/a
5022.850	0	2511425	standard_tone	sapo_emerge	standard	n/a	n/a	n/a	n/a	n/a
5023.864	0	2511932	standard_tone	sapo_emerge	standard	n/a	n/a	n/a	n/a	n/a
5024.880	0	2512440	standard_tone	sapo_emerge	standard	n/a	n/a	n/a	n/a	n/a
5025.896	0	2512948	standard_tone	sapo_emerge	standard	n/a	n/a	n/a	n/a	n/a
5026.912	0	2513456	standard_tone	sapo_emerge	standard	n/a	n/a	n/a	n/a	n/a
5027.928	0	2513964	distractor_noise	sapo_emerge	distractor	n/a	n/a	n/a	n/a	n/a
5028.928	0	2514464	standard_tone	sapo_emerge	standard	n/a	n/a	n/a	n/a	n/a
5029.944	0	2514972	distractor_noise	sapo_emerge	distractor	n/a	n/a	n/a	n/a	n/a
5030.958	0	2515479	standard_tone	sapo_emerge	standard	n/a	n/a	n/a	n/a	n/a
5031.974	0	2515987	standard_tone	sapo_emerge	standard	n/a	n/a	n/a	n/a	n/a
5032.990	0	2516495	standard_tone	sapo_emerge	standard	n/a	n/a	n/a	n/a	n/a
5034.002	0	2517001	standard_tone	sapo_emerge	standard	n/a	n/a	n/a	n/a	n/a
5035.006	0	2517503	standard_tone	sapo_emerge	standard	n/a	n/a	n/a	n/a	n/a
5036.022	0	2518011	standard_tone	sapo_emerge	standard	n/a	n/a	n/a	n/a	n/a
5037.038	0	2518519	standard_tone	sapo_emerge	standard	n/a	n/a	n/a	n/a	n/a
5038.054	0	2519027	standard_tone	sapo_emerge	standard	n/a	n/a	n/a	n/a	n/a
5039.068	0	2519534	standard_tone	sapo_emerge	standard	n/a	n/a	n/a	n/a	n/a
5040.084	0	2520042	standard_tone	sapo_emerge	standard	n/a	n/a	n/a	n/a	n/a
5041.100	0	2520550	standard_tone	sapo_emerge	standard	n/a	n/a	n/a	n/a	n/a
5042.116	0	2521058	standard_tone	sapo_emerge	standard	n/a	n/a	n/a	n/a	n/a
5043.132	0	2521566	standard_tone	sapo_emerge	standard	n/a	n/a	n/a	n/a	n/a
5044.148	0	2522074	standard_tone	sapo_emerge	standard	n/a	n/a	n/a	n/a	n/a
5045.164	0	2522582	standard_tone	sapo_emerge	standard	n/a	n/a	n/a	n/a	n/a
5046.180	0	2523090	standard_tone	sapo_emerge	standard	n/a	n/a	n/a	n/a	n/a
5047.196	0	2523598	standard_tone	sapo_emerge	standard	n/a	n/a	n/a	n/a	n/a
5048.212	0	2524106	standard_tone	sapo_emerge	standard	n/a	n/a	n/a	n/a	n/a
5049.212	0	2524606	standard_tone	sapo_emerge	standard	n/a	n/a	n/a	n/a	n/a
5050.226	0	2525113	standard_tone	sapo_emerge	standard	n/a	n/a	n/a	n/a	n/a
5051.242	0	2525621	distractor_noise	sapo_emerge	distractor	n/a	n/a	n/a	n/a	n/a
5052.258	0	2526129	standard_tone	sapo_emerge	standard	n/a	n/a	n/a	n/a	n/a
5053.274	0	2526637	standard_tone	sapo_emerge	standard	n/a	n/a	n/a	n/a	n/a
5054.290	0	2527145	standard_tone	sapo_emerge	standard	n/a	n/a	n/a	n/a	n/a
5055.306	0	2527653	standard_tone	sapo_emerge	standard	n/a	n/a	n/a	n/a	n/a
5056.304	0	2528152	standard_tone	sapo_emerge	standard	n/a	n/a	n/a	n/a	n/a
5057.320	0	2528660	standard_tone	sapo_emerge	standard	n/a	n/a	n/a	n/a	n/a
5058.336	0	2529168	standard_tone	sapo_emerge	standard	n/a	n/a	n/a	n/a	n/a
5059.352	0	2529676	standard_tone	sapo_emerge	standard	n/a	n/a	n/a	n/a	n/a
5060.368	0	2530184	standard_tone	sapo_emerge	standard	n/a	n/a	n/a	n/a	n/a
5061.384	0	2530692	standard_tone	sapo_emerge	standard	n/a	n/a	n/a	n/a	n/a
5062.384	0	2531192	standard_tone	sapo_emerge	standard	n/a	n/a	n/a	n/a	n/a
5063.398	0	2531699	oddball_tone	sapo_emerge	oddball	n/a	n/a	n/a	n/a	n/a
5064.414	0	2532207	standard_tone	sapo_emerge	standard	n/a	n/a	n/a	n/a	n/a
5065.430	0	2532715	standard_tone	sapo_emerge	standard	n/a	n/a	n/a	n/a	n/a
5066.430	0	2533215	standard_tone	sapo_emerge	standard	n/a	n/a	n/a	n/a	n/a
5066.580	0	2533290	clicker_press	sapo_emerge	response-received-page_down	n/a	n/a	n/a	n/a	page_down
5066.598	0	2533299	report_window_begin	sapo_emerge	emerge-sapo-emerge-begin	n/a	n/a	n/a	n/a	n/a
5067.362	0	2533681	clicker_press	sapo_emerge	response-received-page_down	n/a	n/a	n/a	n/a	page_down
5070.660	0	2535330	depth_rating	sapo_emerge	rating-sapo-emerge-meditation_depth-2	2	n/a	n/a	n/a	n/a
5077.604	0	2538802	clicker_press	sapo_emerge	response-received-page_down	n/a	n/a	n/a	n/a	page_down
5078.036	0	2539018	clicker_press	sapo_emerge	response-received-page_down	n/a	n/a	n/a	n/a	page_down
5078.570	0	2539285	clicker_press	sapo_emerge	response-received-page_down	n/a	n/a	n/a	n/a	page_down
5080.734	0	2540367	confidence_rating	sapo_emerge	rating-sapo-emerge-confidence_depth-3	n/a	3	n/a	n/a	n/a
5084.166	0	2542083	report_window_end	sapo_emerge	emerge-sapo-emerge-end	n/a	n/a	n/a	n/a	n/a
5084.166	0	2542083	subblock_begin	sapo_emerge	subblock-begin	n/a	n/a	n/a	n/a	n/a
5084.166	0	2542083	silence_begin	sapo_emerge	silence-begin	n/a	n/a	n/a	n/a	n/a
5084.168	0	2542084	oddball_tone	sapo_emerge	oddball	n/a	n/a	n/a	n/a	n/a
5085.180	0	2542590	standard_tone	sapo_emerge	standard	n/a	n/a	n/a	n/a	n/a
5086.196	0	2543098	distractor_noise	sapo_emerge	distractor	n/a	n/a	n/a	n/a	n/a
5087.212	0	2543606	oddball_tone	sapo_emerge	oddball	n/a	n/a	n/a	n/a	n/a
5088.228	0	2544114	standard_tone	sapo_emerge	standard	n/a	n/a	n/a	n/a	n/a
5089.244	0	2544622	standard_tone	sapo_emerge	standard	n/a	n/a	n/a	n/a	n/a
5090.260	0	2545130	standard_tone	sapo_emerge	standard	n/a	n/a	n/a	n/a	n/a
5091.276	0	2545638	standard_tone	sapo_emerge	standard	n/a	n/a	n/a	n/a	n/a
5092.292	0	2546146	distractor_noise	sapo_emerge	distractor	n/a	n/a	n/a	n/a	n/a
5093.308	0	2546654	standard_tone	sapo_emerge	standard	n/a	n/a	n/a	n/a	n/a
5094.318	0	2547159	standard_tone	sapo_emerge	standard	n/a	n/a	n/a	n/a	n/a
5095.322	0	2547661	standard_tone	sapo_emerge	standard	n/a	n/a	n/a	n/a	n/a
5096.338	0	2548169	standard_tone	sapo_emerge	standard	n/a	n/a	n/a	n/a	n/a
5097.354	0	2548677	standard_tone	sapo_emerge	standard	n/a	n/a	n/a	n/a	n/a
5098.370	0	2549185	standard_tone	sapo_emerge	standard	n/a	n/a	n/a	n/a	n/a
5099.386	0	2549693	standard_tone	sapo_emerge	standard	n/a	n/a	n/a	n/a	n/a
5100.402	0	2550201	standard_tone	sapo_emerge	standard	n/a	n/a	n/a	n/a	n/a
5101.418	0	2550709	standard_tone	sapo_emerge	standard	n/a	n/a	n/a	n/a	n/a
5102.434	0	2551217	standard_tone	sapo_emerge	standard	n/a	n/a	n/a	n/a	n/a
5103.448	0	2551724	standard_tone	sapo_emerge	standard	n/a	n/a	n/a	n/a	n/a
5104.464	0	2552232	standard_tone	sapo_emerge	standard	n/a	n/a	n/a	n/a	n/a
5105.480	0	2552740	standard_tone	sapo_emerge	standard	n/a	n/a	n/a	n/a	n/a
5106.496	0	2553248	standard_tone	sapo_emerge	standard	n/a	n/a	n/a	n/a	n/a
5107.512	0	2553756	standard_tone	sapo_emerge	standard	n/a	n/a	n/a	n/a	n/a
5108.528	0	2554264	standard_tone	sapo_emerge	standard	n/a	n/a	n/a	n/a	n/a
5109.544	0	2554772	standard_tone	sapo_emerge	standard	n/a	n/a	n/a	n/a	n/a
5110.560	0	2555280	standard_tone	sapo_emerge	standard	n/a	n/a	n/a	n/a	n/a
5111.576	0	2555788	standard_tone	sapo_emerge	standard	n/a	n/a	n/a	n/a	n/a
5112.592	0	2556296	standard_tone	sapo_emerge	standard	n/a	n/a	n/a	n/a	n/a
5113.606	0	2556803	oddball_tone	sapo_emerge	oddball	n/a	n/a	n/a	n/a	n/a
5114.624	0	2557312	standard_tone	sapo_emerge	standard	n/a	n/a	n/a	n/a	n/a
5115.638	0	2557819	standard_tone	sapo_emerge	standard	n/a	n/a	n/a	n/a	n/a
5116.654	0	2558327	oddball_tone	sapo_emerge	oddball	n/a	n/a	n/a	n/a	n/a
5117.670	0	2558835	standard_tone	sapo_emerge	standard	n/a	n/a	n/a	n/a	n/a
5118.686	0	2559343	standard_tone	sapo_emerge	standard	n/a	n/a	n/a	n/a	n/a
5119.702	0	2559851	standard_tone	sapo_emerge	standard	n/a	n/a	n/a	n/a	n/a
5120.718	0	2560359	standard_tone	sapo_emerge	standard	n/a	n/a	n/a	n/a	n/a
5121.736	0	2560868	standard_tone	sapo_emerge	standard	n/a	n/a	n/a	n/a	n/a
5122.750	0	2561375	standard_tone	sapo_emerge	standard	n/a	n/a	n/a	n/a	n/a
5123.766	0	2561883	standard_tone	sapo_emerge	standard	n/a	n/a	n/a	n/a	n/a
5124.782	0	2562391	standard_tone	sapo_emerge	standard	n/a	n/a	n/a	n/a	n/a
5125.798	0	2562899	standard_tone	sapo_emerge	standard	n/a	n/a	n/a	n/a	n/a
5126.812	0	2563406	standard_tone	sapo_emerge	standard	n/a	n/a	n/a	n/a	n/a
5127.828	0	2563914	standard_tone	sapo_emerge	standard	n/a	n/a	n/a	n/a	n/a
5128.828	0	2564414	standard_tone	sapo_emerge	standard	n/a	n/a	n/a	n/a	n/a
5129.844	0	2564922	standard_tone	sapo_emerge	standard	n/a	n/a	n/a	n/a	n/a
5130.860	0	2565430	standard_tone	sapo_emerge	standard	n/a	n/a	n/a	n/a	n/a
5131.874	0	2565937	standard_tone	sapo_emerge	standard	n/a	n/a	n/a	n/a	n/a
5132.892	0	2566446	standard_tone	sapo_emerge	standard	n/a	n/a	n/a	n/a	n/a
5133.908	0	2566954	standard_tone	sapo_emerge	standard	n/a	n/a	n/a	n/a	n/a
5134.922	0	2567461	standard_tone	sapo_emerge	standard	n/a	n/a	n/a	n/a	n/a
5135.938	0	2567969	oddball_tone	sapo_emerge	oddball	n/a	n/a	n/a	n/a	n/a
5136.954	0	2568477	standard_tone	sapo_emerge	standard	n/a	n/a	n/a	n/a	n/a
5137.970	0	2568985	standard_tone	sapo_emerge	standard	n/a	n/a	n/a	n/a	n/a
5138.986	0	2569493	standard_tone	sapo_emerge	standard	n/a	n/a	n/a	n/a	n/a
5140.002	0	2570001	standard_tone	sapo_emerge	standard	n/a	n/a	n/a	n/a	n/a
5141.018	0	2570509	standard_tone	sapo_emerge	standard	n/a	n/a	n/a	n/a	n/a
5142.034	0	2571017	standard_tone	sapo_emerge	standard	n/a	n/a	n/a	n/a	n/a
5143.050	0	2571525	standard_tone	sapo_emerge	standard	n/a	n/a	n/a	n/a	n/a
5144.064	0	2572032	distractor_noise	sapo_emerge	distractor	n/a	n/a	n/a	n/a	n/a
5145.082	0	2572541	standard_tone	sapo_emerge	standard	n/a	n/a	n/a	n/a	n/a
5146.096	0	2573048	distractor_noise	sapo_emerge	distractor	n/a	n/a	n/a	n/a	n/a
5147.112	0	2573556	oddball_tone	sapo_emerge	oddball	n/a	n/a	n/a	n/a	n/a
5148.128	0	2574064	standard_tone	sapo_emerge	standard	n/a	n/a	n/a	n/a	n/a
5149.144	0	2574572	oddball_tone	sapo_emerge	oddball	n/a	n/a	n/a	n/a	n/a
5150.160	0	2575080	standard_tone	sapo_emerge	standard	n/a	n/a	n/a	n/a	n/a
5151.176	0	2575588	oddball_tone	sapo_emerge	oddball	n/a	n/a	n/a	n/a	n/a
5152.192	0	2576096	standard_tone	sapo_emerge	standard	n/a	n/a	n/a	n/a	n/a
5153.208	0	2576604	standard_tone	sapo_emerge	standard	n/a	n/a	n/a	n/a	n/a
5154.224	0	2577112	standard_tone	sapo_emerge	standard	n/a	n/a	n/a	n/a	n/a
5155.222	0	2577611	oddball_tone	sapo_emerge	oddball	n/a	n/a	n/a	n/a	n/a
5156.238	0	2578119	standard_tone	sapo_emerge	standard	n/a	n/a	n/a	n/a	n/a
5157.254	0	2578627	distractor_noise	sapo_emerge	distractor	n/a	n/a	n/a	n/a	n/a
5158.270	0	2579135	standard_tone	sapo_emerge	standard	n/a	n/a	n/a	n/a	n/a
5159.286	0	2579643	standard_tone	sapo_emerge	standard	n/a	n/a	n/a	n/a	n/a
5160.302	0	2580151	standard_tone	sapo_emerge	standard	n/a	n/a	n/a	n/a	n/a
5161.318	0	2580659	standard_tone	sapo_emerge	standard	n/a	n/a	n/a	n/a	n/a
5162.334	0	2581167	standard_tone	sapo_emerge	standard	n/a	n/a	n/a	n/a	n/a
5163.334	0	2581667	standard_tone	sapo_emerge	standard	n/a	n/a	n/a	n/a	n/a
5164.348	0	2582174	standard_tone	sapo_emerge	standard	n/a	n/a	n/a	n/a	n/a
5165.364	0	2582682	standard_tone	sapo_emerge	standard	n/a	n/a	n/a	n/a	n/a
5166.380	0	2583190	standard_tone	sapo_emerge	standard	n/a	n/a	n/a	n/a	n/a
5167.396	0	2583698	standard_tone	sapo_emerge	standard	n/a	n/a	n/a	n/a	n/a
5168.412	0	2584206	standard_tone	sapo_emerge	standard	n/a	n/a	n/a	n/a	n/a
5169.428	0	2584714	distractor_noise	sapo_emerge	distractor	n/a	n/a	n/a	n/a	n/a
5170.444	0	2585222	oddball_tone	sapo_emerge	oddball	n/a	n/a	n/a	n/a	n/a
5171.442	0	2585721	standard_tone	sapo_emerge	standard	n/a	n/a	n/a	n/a	n/a
5172.458	0	2586229	oddball_tone	sapo_emerge	oddball	n/a	n/a	n/a	n/a	n/a
5173.474	0	2586737	standard_tone	sapo_emerge	standard	n/a	n/a	n/a	n/a	n/a
5174.490	0	2587245	distractor_noise	sapo_emerge	distractor	n/a	n/a	n/a	n/a	n/a
5175.506	0	2587753	oddball_tone	sapo_emerge	oddball	n/a	n/a	n/a	n/a	n/a
5176.522	0	2588261	standard_tone	sapo_emerge	standard	n/a	n/a	n/a	n/a	n/a
5177.538	0	2588769	oddball_tone	sapo_emerge	oddball	n/a	n/a	n/a	n/a	n/a
5178.554	0	2589277	standard_tone	sapo_emerge	standard	n/a	n/a	n/a	n/a	n/a
5179.570	0	2589785	standard_tone	sapo_emerge	standard	n/a	n/a	n/a	n/a	n/a
5180.586	0	2590293	oddball_tone	sapo_emerge	oddball	n/a	n/a	n/a	n/a	n/a
5181.600	0	2590800	standard_tone	sapo_emerge	standard	n/a	n/a	n/a	n/a	n/a
5182.616	0	2591308	standard_tone	sapo_emerge	standard	n/a	n/a	n/a	n/a	n/a
5183.632	0	2591816	standard_tone	sapo_emerge	standard	n/a	n/a	n/a	n/a	n/a
5184.648	0	2592324	standard_tone	sapo_emerge	standard	n/a	n/a	n/a	n/a	n/a
5185.666	0	2592833	standard_tone	sapo_emerge	standard	n/a	n/a	n/a	n/a	n/a
5186.680	0	2593340	standard_tone	sapo_emerge	standard	n/a	n/a	n/a	n/a	n/a
5187.696	0	2593848	oddball_tone	sapo_emerge	oddball	n/a	n/a	n/a	n/a	n/a
5188.712	0	2594356	standard_tone	sapo_emerge	standard	n/a	n/a	n/a	n/a	n/a
5189.728	0	2594864	oddball_tone	sapo_emerge	oddball	n/a	n/a	n/a	n/a	n/a
5190.744	0	2595372	standard_tone	sapo_emerge	standard	n/a	n/a	n/a	n/a	n/a
5191.758	0	2595879	standard_tone	sapo_emerge	standard	n/a	n/a	n/a	n/a	n/a
5192.774	0	2596387	standard_tone	sapo_emerge	standard	n/a	n/a	n/a	n/a	n/a
5193.790	0	2596895	standard_tone	sapo_emerge	standard	n/a	n/a	n/a	n/a	n/a
5194.794	0	2597397	oddball_tone	sapo_emerge	oddball	n/a	n/a	n/a	n/a	n/a
5195.806	0	2597903	standard_tone	sapo_emerge	standard	n/a	n/a	n/a	n/a	n/a
5196.822	0	2598411	distractor_noise	sapo_emerge	distractor	n/a	n/a	n/a	n/a	n/a
5197.838	0	2598919	standard_tone	sapo_emerge	standard	n/a	n/a	n/a	n/a	n/a
5198.854	0	2599427	standard_tone	sapo_emerge	standard	n/a	n/a	n/a	n/a	n/a
5199.868	0	2599934	standard_tone	sapo_emerge	standard	n/a	n/a	n/a	n/a	n/a
5200.884	0	2600442	distractor_noise	sapo_emerge	distractor	n/a	n/a	n/a	n/a	n/a
5201.900	0	2600950	standard_tone	sapo_emerge	standard	n/a	n/a	n/a	n/a	n/a
5202.916	0	2601458	standard_tone	sapo_emerge	standard	n/a	n/a	n/a	n/a	n/a
5203.250	0	2601625	silence_end	sapo_emerge	silence-end	n/a	n/a	n/a	n/a	n/a
5203.250	0	2601625	gong_begin	sapo_emerge	gong-begin	n/a	n/a	n/a	n/a	n/a
5203.932	0	2601966	standard_tone	sapo_emerge	standard	n/a	n/a	n/a	n/a	n/a
5204.948	0	2602474	standard_tone	sapo_emerge	standard	n/a	n/a	n/a	n/a	n/a
5205.964	0	2602982	standard_tone	sapo_emerge	standard	n/a	n/a	n/a	n/a	n/a
5206.980	0	2603490	standard_tone	sapo_emerge	standard	n/a	n/a	n/a	n/a	n/a
5207.996	0	2603998	standard_tone	sapo_emerge	standard	n/a	n/a	n/a	n/a	n/a
5209.012	0	2604506	standard_tone	sapo_emerge	standard	n/a	n/a	n/a	n/a	n/a
5210.028	0	2605014	standard_tone	sapo_emerge	standard	n/a	n/a	n/a	n/a	n/a
5211.044	0	2605522	standard_tone	sapo_emerge	standard	n/a	n/a	n/a	n/a	n/a
5212.058	0	2606029	standard_tone	sapo_emerge	standard	n/a	n/a	n/a	n/a	n/a
5213.074	0	2606537	standard_tone	sapo_emerge	standard	n/a	n/a	n/a	n/a	n/a
5213.326	0	2606663	gong_end	sapo_emerge	gong-end	n/a	n/a	n/a	n/a	n/a
5213.326	0	2606663	subblock_end	sapo_emerge	subblock-end-duration-129.161	n/a	n/a	n/a	129.161	n/a
5213.326	0	2606663	subblock_begin	sapo_emerge	subblock-begin	n/a	n/a	n/a	n/a	n/a
5213.328	0	2606664	silence_begin	sapo_emerge	silence-begin	n/a	n/a	n/a	n/a	n/a
5214.090	0	2607045	standard_tone	sapo_emerge	standard	n/a	n/a	n/a	n/a	n/a
5215.106	0	2607553	standard_tone	sapo_emerge	standard	n/a	n/a	n/a	n/a	n/a
5216.122	0	2608061	standard_tone	sapo_emerge	standard	n/a	n/a	n/a	n/a	n/a
5217.122	0	2608561	standard_tone	sapo_emerge	standard	n/a	n/a	n/a	n/a	n/a
5218.136	0	2609068	standard_tone	sapo_emerge	standard	n/a	n/a	n/a	n/a	n/a
5219.152	0	2609576	standard_tone	sapo_emerge	standard	n/a	n/a	n/a	n/a	n/a
5220.168	0	2610084	standard_tone	sapo_emerge	standard	n/a	n/a	n/a	n/a	n/a
5221.184	0	2610592	standard_tone	sapo_emerge	standard	n/a	n/a	n/a	n/a	n/a
5222.200	0	2611100	standard_tone	sapo_emerge	standard	n/a	n/a	n/a	n/a	n/a
5223.216	0	2611608	standard_tone	sapo_emerge	standard	n/a	n/a	n/a	n/a	n/a
5224.232	0	2612116	standard_tone	sapo_emerge	standard	n/a	n/a	n/a	n/a	n/a
5225.248	0	2612624	standard_tone	sapo_emerge	standard	n/a	n/a	n/a	n/a	n/a
5226.264	0	2613132	standard_tone	sapo_emerge	standard	n/a	n/a	n/a	n/a	n/a
5226.948	0	2613474	clicker_press	sapo_emerge	response-received-page_down	n/a	n/a	n/a	n/a	page_down
5226.980	0	2613490	report_window_begin	sapo_emerge	emerge-sapo-emerge-begin	n/a	n/a	n/a	n/a	n/a
5227.596	0	2613798	clicker_press	sapo_emerge	response-received-page_down	n/a	n/a	n/a	n/a	page_down
5228.446	0	2614223	clicker_press	sapo_emerge	response-received-page_down	n/a	n/a	n/a	n/a	page_down
5231.010	0	2615505	depth_rating	sapo_emerge	rating-sapo-emerge-meditation_depth-3	3	n/a	n/a	n/a	n/a
5237.272	0	2618636	clicker_press	sapo_emerge	response-received-page_down	n/a	n/a	n/a	n/a	page_down
5237.704	0	2618852	clicker_press	sapo_emerge	response-received-page_down	n/a	n/a	n/a	n/a	page_down
5238.138	0	2619069	clicker_press	sapo_emerge	response-received-page_down	n/a	n/a	n/a	n/a	page_down
5241.102	0	2620551	confidence_rating	sapo_emerge	rating-sapo-emerge-confidence_depth-3	n/a	3	n/a	n/a	n/a
5244.566	0	2622283	report_window_end	sapo_emerge	emerge-sapo-emerge-end	n/a	n/a	n/a	n/a	n/a
5244.566	0	2622283	subblock_begin	sapo_emerge	subblock-begin	n/a	n/a	n/a	n/a	n/a
5244.568	0	2622284	silence_begin	sapo_emerge	silence-begin	n/a	n/a	n/a	n/a	n/a
5244.582	0	2622291	standard_tone	sapo_emerge	standard	n/a	n/a	n/a	n/a	n/a
5245.598	0	2622799	standard_tone	sapo_emerge	standard	n/a	n/a	n/a	n/a	n/a
5246.614	0	2623307	standard_tone	sapo_emerge	standard	n/a	n/a	n/a	n/a	n/a
5247.630	0	2623815	standard_tone	sapo_emerge	standard	n/a	n/a	n/a	n/a	n/a
5248.646	0	2624323	distractor_noise	sapo_emerge	distractor	n/a	n/a	n/a	n/a	n/a
5249.660	0	2624830	standard_tone	sapo_emerge	standard	n/a	n/a	n/a	n/a	n/a
5250.676	0	2625338	standard_tone	sapo_emerge	standard	n/a	n/a	n/a	n/a	n/a
5251.676	0	2625838	standard_tone	sapo_emerge	standard	n/a	n/a	n/a	n/a	n/a
5252.692	0	2626346	standard_tone	sapo_emerge	standard	n/a	n/a	n/a	n/a	n/a
5253.708	0	2626854	standard_tone	sapo_emerge	standard	n/a	n/a	n/a	n/a	n/a
5254.724	0	2627362	distractor_noise	sapo_emerge	distractor	n/a	n/a	n/a	n/a	n/a
5255.740	0	2627870	standard_tone	sapo_emerge	standard	n/a	n/a	n/a	n/a	n/a
5256.756	0	2628378	standard_tone	sapo_emerge	standard	n/a	n/a	n/a	n/a	n/a
5257.772	0	2628886	standard_tone	sapo_emerge	standard	n/a	n/a	n/a	n/a	n/a
5258.788	0	2629394	standard_tone	sapo_emerge	standard	n/a	n/a	n/a	n/a	n/a
5259.802	0	2629901	standard_tone	sapo_emerge	standard	n/a	n/a	n/a	n/a	n/a
5260.802	0	2630401	standard_tone	sapo_emerge	standard	n/a	n/a	n/a	n/a	n/a
5261.818	0	2630909	oddball_tone	sapo_emerge	oddball	n/a	n/a	n/a	n/a	n/a
5262.834	0	2631417	standard_tone	sapo_emerge	standard	n/a	n/a	n/a	n/a	n/a
5263.850	0	2631925	standard_tone	sapo_emerge	standard	n/a	n/a	n/a	n/a	n/a
5264.866	0	2632433	standard_tone	sapo_emerge	standard	n/a	n/a	n/a	n/a	n/a
5265.880	0	2632940	standard_tone	sapo_emerge	standard	n/a	n/a	n/a	n/a	n/a
5266.896	0	2633448	standard_tone	sapo_emerge	standard	n/a	n/a	n/a	n/a	n/a
5267.912	0	2633956	standard_tone	sapo_emerge	standard	n/a	n/a	n/a	n/a	n/a
5268.928	0	2634464	standard_tone	sapo_emerge	standard	n/a	n/a	n/a	n/a	n/a
5269.944	0	2634972	standard_tone	sapo_emerge	standard	n/a	n/a	n/a	n/a	n/a
5270.960	0	2635480	standard_tone	sapo_emerge	standard	n/a	n/a	n/a	n/a	n/a
5271.976	0	2635988	standard_tone	sapo_emerge	standard	n/a	n/a	n/a	n/a	n/a
5272.992	0	2636496	standard_tone	sapo_emerge	standard	n/a	n/a	n/a	n/a	n/a
5274.008	0	2637004	oddball_tone	sapo_emerge	oddball	n/a	n/a	n/a	n/a	n/a
5275.024	0	2637512	distractor_noise	sapo_emerge	distractor	n/a	n/a	n/a	n/a	n/a
5276.040	0	2638020	standard_tone	sapo_emerge	standard	n/a	n/a	n/a	n/a	n/a
5277.056	0	2638528	standard_tone	sapo_emerge	standard	n/a	n/a	n/a	n/a	n/a
5278.070	0	2639035	oddball_tone	sapo_emerge	oddball	n/a	n/a	n/a	n/a	n/a
5279.086	0	2639543	standard_tone	sapo_emerge	standard	n/a	n/a	n/a	n/a	n/a
5280.102	0	2640051	standard_tone	sapo_emerge	standard	n/a	n/a	n/a	n/a	n/a
5281.118	0	2640559	standard_tone	sapo_emerge	standard	n/a	n/a	n/a	n/a	n/a
5282.136	0	2641068	distractor_noise	sapo_emerge	distractor	n/a	n/a	n/a	n/a	n/a
5283.150	0	2641575	standard_tone	sapo_emerge	standard	n/a	n/a	n/a	n/a	n/a
5284.166	0	2642083	standard_tone	sapo_emerge	standard	n/a	n/a	n/a	n/a	n/a
5285.166	0	2642583	standard_tone	sapo_emerge	standard	n/a	n/a	n/a	n/a	n/a
5286.180	0	2643090	standard_tone	sapo_emerge	standard	n/a	n/a	n/a	n/a	n/a
5287.196	0	2643598	standard_tone	sapo_emerge	standard	n/a	n/a	n/a	n/a	n/a
5288.212	0	2644106	standard_tone	sapo_emerge	standard	n/a	n/a	n/a	n/a	n/a
5289.228	0	2644614	distractor_noise	sapo_emerge	distractor	n/a	n/a	n/a	n/a	n/a
5290.244	0	2645122	standard_tone	sapo_emerge	standard	n/a	n/a	n/a	n/a	n/a
5291.260	0	2645630	distractor_noise	sapo_emerge	distractor	n/a	n/a	n/a	n/a	n/a
5292.276	0	2646138	standard_tone	sapo_emerge	standard	n/a	n/a	n/a	n/a	n/a
5293.294	0	2646647	standard_tone	sapo_emerge	standard	n/a	n/a	n/a	n/a	n/a
5294.308	0	2647154	standard_tone	sapo_emerge	standard	n/a	n/a	n/a	n/a	n/a
5295.324	0	2647662	standard_tone	sapo_emerge	standard	n/a	n/a	n/a	n/a	n/a
5296.340	0	2648170	standard_tone	sapo_emerge	standard	n/a	n/a	n/a	n/a	n/a
5297.354	0	2648677	standard_tone	sapo_emerge	standard	n/a	n/a	n/a	n/a	n/a
5298.372	0	2649186	standard_tone	sapo_emerge	standard	n/a	n/a	n/a	n/a	n/a
5299.386	0	2649693	standard_tone	sapo_emerge	standard	n/a	n/a	n/a	n/a	n/a
5300.402	0	2650201	standard_tone	sapo_emerge	standard	n/a	n/a	n/a	n/a	n/a
5301.402	0	2650701	standard_tone	sapo_emerge	standard	n/a	n/a	n/a	n/a	n/a
5302.416	0	2651208	standard_tone	sapo_emerge	standard	n/a	n/a	n/a	n/a	n/a
5303.432	0	2651716	standard_tone	sapo_emerge	standard	n/a	n/a	n/a	n/a	n/a
5304.448	0	2652224	standard_tone	sapo_emerge	standard	n/a	n/a	n/a	n/a	n/a
5305.464	0	2652732	standard_tone	sapo_emerge	standard	n/a	n/a	n/a	n/a	n/a
5306.480	0	2653240	standard_tone	sapo_emerge	standard	n/a	n/a	n/a	n/a	n/a
5307.496	0	2653748	standard_tone	sapo_emerge	standard	n/a	n/a	n/a	n/a	n/a
5308.512	0	2654256	standard_tone	sapo_emerge	standard	n/a	n/a	n/a	n/a	n/a
5309.528	0	2654764	oddball_tone	sapo_emerge	oddball	n/a	n/a	n/a	n/a	n/a
5310.544	0	2655272	standard_tone	sapo_emerge	standard	n/a	n/a	n/a	n/a	n/a
5311.544	0	2655772	standard_tone	sapo_emerge	standard	n/a	n/a	n/a	n/a	n/a
5312.558	0	2656279	standard_tone	sapo_emerge	standard	n/a	n/a	n/a	n/a	n/a
5313.574	0	2656787	standard_tone	sapo_emerge	standard	n/a	n/a	n/a	n/a	n/a
5314.590	0	2657295	standard_tone	sapo_emerge	standard	n/a	n/a	n/a	n/a	n/a
5315.608	0	2657804	standard_tone	sapo_emerge	standard	n/a	n/a	n/a	n/a	n/a
5316.622	0	2658311	standard_tone	sapo_emerge	standard	n/a	n/a	n/a	n/a	n/a
5317.638	0	2658819	standard_tone	sapo_emerge	standard	n/a	n/a	n/a	n/a	n/a
5318.654	0	2659327	standard_tone	sapo_emerge	standard	n/a	n/a	n/a	n/a	n/a
5319.670	0	2659835	standard_tone	sapo_emerge	standard	n/a	n/a	n/a	n/a	n/a
5320.686	0	2660343	distractor_noise	sapo_emerge	distractor	n/a	n/a	n/a	n/a	n/a
5320.702	0	2660351	clicker_press	sapo_emerge	response-received-page_down	n/a	n/a	n/a	n/a	page_down
5320.818	0	2660409	report_window_begin	sapo_emerge	emerge-sapo-emerge-begin	n/a	n/a	n/a	n/a	n/a
5321.220	0	2660610	clicker_press	sapo_emerge	response-received-page_down	n/a	n/a	n/a	n/a	page_down
5321.868	0	2660934	clicker_press	sapo_emerge	response-received-page_down	n/a	n/a	n/a	n/a	page_down
5324.866	0	2662433	depth_rating	sapo_emerge	rating-sapo-emerge-meditation_depth-3	3	n/a	n/a	n/a	n/a
5331.510	0	2665755	clicker_press	sapo_emerge	response-received-page_down	n/a	n/a	n/a	n/a	page_down
5331.876	0	2665938	clicker_press	sapo_emerge	response-received-page_down	n/a	n/a	n/a	n/a	page_down
5332.326	0	2666163	clicker_press	sapo_emerge	response-received-page_down	n/a	n/a	n/a	n/a	page_down
5334.974	0	2667487	confidence_rating	sapo_emerge	rating-sapo-emerge-confidence_depth-3	n/a	3	n/a	n/a	n/a
5338.572	0	2669286	report_window_end	sapo_emerge	emerge-sapo-emerge-end	n/a	n/a	n/a	n/a	n/a
5338.572	0	2669286	subblock_begin	sapo_emerge	subblock-begin	n/a	n/a	n/a	n/a	n/a
5338.572	0	2669286	silence_begin	sapo_emerge	silence-begin	n/a	n/a	n/a	n/a	n/a
5338.574	0	2669287	standard_tone	sapo_emerge	standard	n/a	n/a	n/a	n/a	n/a
5339.586	0	2669793	standard_tone	sapo_emerge	standard	n/a	n/a	n/a	n/a	n/a
5340.602	0	2670301	standard_tone	sapo_emerge	standard	n/a	n/a	n/a	n/a	n/a
5341.618	0	2670809	standard_tone	sapo_emerge	standard	n/a	n/a	n/a	n/a	n/a
5342.634	0	2671317	oddball_tone	sapo_emerge	oddball	n/a	n/a	n/a	n/a	n/a
5343.650	0	2671825	standard_tone	sapo_emerge	standard	n/a	n/a	n/a	n/a	n/a
5344.666	0	2672333	standard_tone	sapo_emerge	standard	n/a	n/a	n/a	n/a	n/a
5345.682	0	2672841	standard_tone	sapo_emerge	standard	n/a	n/a	n/a	n/a	n/a
5346.698	0	2673349	standard_tone	sapo_emerge	standard	n/a	n/a	n/a	n/a	n/a
5347.712	0	2673856	standard_tone	sapo_emerge	standard	n/a	n/a	n/a	n/a	n/a
5348.728	0	2674364	distractor_noise	sapo_emerge	distractor	n/a	n/a	n/a	n/a	n/a
5349.728	0	2674864	oddball_tone	sapo_emerge	oddball	n/a	n/a	n/a	n/a	n/a
5350.744	0	2675372	standard_tone	sapo_emerge	standard	n/a	n/a	n/a	n/a	n/a
5351.760	0	2675880	standard_tone	sapo_emerge	standard	n/a	n/a	n/a	n/a	n/a
5352.776	0	2676388	standard_tone	sapo_emerge	standard	n/a	n/a	n/a	n/a	n/a
5353.792	0	2676896	standard_tone	sapo_emerge	standard	n/a	n/a	n/a	n/a	n/a
5354.808	0	2677404	standard_tone	sapo_emerge	standard	n/a	n/a	n/a	n/a	n/a
5355.824	0	2677912	distractor_noise	sapo_emerge	distractor	n/a	n/a	n/a	n/a	n/a
5356.838	0	2678419	standard_tone	sapo_emerge	standard	n/a	n/a	n/a	n/a	n/a
5357.854	0	2678927	distractor_noise	sapo_emerge	distractor	n/a	n/a	n/a	n/a	n/a
5358.870	0	2679435	standard_tone	sapo_emerge	standard	n/a	n/a	n/a	n/a	n/a
5359.886	0	2679943	standard_tone	sapo_emerge	standard	n/a	n/a	n/a	n/a	n/a
5360.902	0	2680451	distractor_noise	sapo_emerge	distractor	n/a	n/a	n/a	n/a	n/a
5361.902	0	2680951	standard_tone	sapo_emerge	standard	n/a	n/a	n/a	n/a	n/a
5362.916	0	2681458	distractor_noise	sapo_emerge	distractor	n/a	n/a	n/a	n/a	n/a
5363.934	0	2681967	standard_tone	sapo_emerge	standard	n/a	n/a	n/a	n/a	n/a
5364.950	0	2682475	oddball_tone	sapo_emerge	oddball	n/a	n/a	n/a	n/a	n/a
5365.966	0	2682983	distractor_noise	sapo_emerge	distractor	n/a	n/a	n/a	n/a	n/a
5366.980	0	2683490	standard_tone	sapo_emerge	standard	n/a	n/a	n/a	n/a	n/a
5367.996	0	2683998	oddball_tone	sapo_emerge	oddball	n/a	n/a	n/a	n/a	n/a
5369.012	0	2684506	standard_tone	sapo_emerge	standard	n/a	n/a	n/a	n/a	n/a
5370.026	0	2685013	standard_tone	sapo_emerge	standard	n/a	n/a	n/a	n/a	n/a
5371.026	0	2685513	standard_tone	sapo_emerge	standard	n/a	n/a	n/a	n/a	n/a
5372.042	0	2686021	standard_tone	sapo_emerge	standard	n/a	n/a	n/a	n/a	n/a
5373.058	0	2686529	standard_tone	sapo_emerge	standard	n/a	n/a	n/a	n/a	n/a
5374.076	0	2687038	standard_tone	sapo_emerge	standard	n/a	n/a	n/a	n/a	n/a
5375.090	0	2687545	distractor_noise	sapo_emerge	distractor	n/a	n/a	n/a	n/a	n/a
5376.106	0	2688053	standard_tone	sapo_emerge	standard	n/a	n/a	n/a	n/a	n/a
5377.122	0	2688561	oddball_tone	sapo_emerge	oddball	n/a	n/a	n/a	n/a	n/a
5378.122	0	2689061	standard_tone	sapo_emerge	standard	n/a	n/a	n/a	n/a	n/a
5379.138	0	2689569	distractor_noise	sapo_emerge	distractor	n/a	n/a	n/a	n/a	n/a
5380.152	0	2690076	oddball_tone	sapo_emerge	oddball	n/a	n/a	n/a	n/a	n/a
5381.168	0	2690584	standard_tone	sapo_emerge	standard	n/a	n/a	n/a	n/a	n/a
5382.168	0	2691084	standard_tone	sapo_emerge	standard	n/a	n/a	n/a	n/a	n/a
5383.184	0	2691592	standard_tone	sapo_emerge	standard	n/a	n/a	n/a	n/a	n/a
5384.200	0	2692100	standard_tone	sapo_emerge	standard	n/a	n/a	n/a	n/a	n/a
5385.216	0	2692608	standard_tone	sapo_emerge	standard	n/a	n/a	n/a	n/a	n/a
5386.232	0	2693116	standard_tone	sapo_emerge	standard	n/a	n/a	n/a	n/a	n/a
5387.248	0	2693624	oddball_tone	sapo_emerge	oddball	n/a	n/a	n/a	n/a	n/a
5388.262	0	2694131	standard_tone	sapo_emerge	standard	n/a	n/a	n/a	n/a	n/a
5389.278	0	2694639	distractor_noise	sapo_emerge	distractor	n/a	n/a	n/a	n/a	n/a
5390.294	0	2695147	standard_tone	sapo_emerge	standard	n/a	n/a	n/a	n/a	n/a
5391.310	0	2695655	standard_tone	sapo_emerge	standard	n/a	n/a	n/a	n/a	n/a
5392.326	0	2696163	standard_tone	sapo_emerge	standard	n/a	n/a	n/a	n/a	n/a
5393.342	0	2696671	standard_tone	sapo_emerge	standard	n/a	n/a	n/a	n/a	n/a
5394.358	0	2697179	standard_tone	sapo_emerge	standard	n/a	n/a	n/a	n/a	n/a
5395.374	0	2697687	standard_tone	sapo_emerge	standard	n/a	n/a	n/a	n/a	n/a
5396.390	0	2698195	standard_tone	sapo_emerge	standard	n/a	n/a	n/a	n/a	n/a
5397.406	0	2698703	oddball_tone	sapo_emerge	oddball	n/a	n/a	n/a	n/a	n/a
5398.420	0	2699210	standard_tone	sapo_emerge	standard	n/a	n/a	n/a	n/a	n/a
5399.422	0	2699711	standard_tone	sapo_emerge	standard	n/a	n/a	n/a	n/a	n/a
5400.436	0	2700218	standard_tone	sapo_emerge	standard	n/a	n/a	n/a	n/a	n/a
5401.452	0	2700726	standard_tone	sapo_emerge	standard	n/a	n/a	n/a	n/a	n/a
5402.468	0	2701234	standard_tone	sapo_emerge	standard	n/a	n/a	n/a	n/a	n/a
5403.484	0	2701742	oddball_tone	sapo_emerge	oddball	n/a	n/a	n/a	n/a	n/a
5404.500	0	2702250	standard_tone	sapo_emerge	standard	n/a	n/a	n/a	n/a	n/a
5405.516	0	2702758	standard_tone	sapo_emerge	standard	n/a	n/a	n/a	n/a	n/a
5406.530	0	2703265	oddball_tone	sapo_emerge	oddball	n/a	n/a	n/a	n/a	n/a
5407.546	0	2703773	standard_tone	sapo_emerge	standard	n/a	n/a	n/a	n/a	n/a
5408.562	0	2704281	standard_tone	sapo_emerge	standard	n/a	n/a	n/a	n/a	n/a
5409.578	0	2704789	standard_tone	sapo_emerge	standard	n/a	n/a	n/a	n/a	n/a
5410.594	0	2705297	standard_tone	sapo_emerge	standard	n/a	n/a	n/a	n/a	n/a
5411.610	0	2705805	distractor_noise	sapo_emerge	distractor	n/a	n/a	n/a	n/a	n/a
5412.626	0	2706313	standard_tone	sapo_emerge	standard	n/a	n/a	n/a	n/a	n/a
5413.642	0	2706821	oddball_tone	sapo_emerge	oddball	n/a	n/a	n/a	n/a	n/a
5414.658	0	2707329	standard_tone	sapo_emerge	standard	n/a	n/a	n/a	n/a	n/a
5415.674	0	2707837	standard_tone	sapo_emerge	standard	n/a	n/a	n/a	n/a	n/a
5416.690	0	2708345	standard_tone	sapo_emerge	standard	n/a	n/a	n/a	n/a	n/a
5417.706	0	2708853	standard_tone	sapo_emerge	standard	n/a	n/a	n/a	n/a	n/a
5418.720	0	2709360	standard_tone	sapo_emerge	standard	n/a	n/a	n/a	n/a	n/a
5419.736	0	2709868	standard_tone	sapo_emerge	standard	n/a	n/a	n/a	n/a	n/a
5420.752	0	2710376	standard_tone	sapo_emerge	standard	n/a	n/a	n/a	n/a	n/a
5421.768	0	2710884	standard_tone	sapo_emerge	standard	n/a	n/a	n/a	n/a	n/a
5422.784	0	2711392	standard_tone	sapo_emerge	standard	n/a	n/a	n/a	n/a	n/a
5423.800	0	2711900	standard_tone	sapo_emerge	standard	n/a	n/a	n/a	n/a	n/a
5424.816	0	2712408	standard_tone	sapo_emerge	standard	n/a	n/a	n/a	n/a	n/a
5425.816	0	2712908	distractor_noise	sapo_emerge	distractor	n/a	n/a	n/a	n/a	n/a
5426.830	0	2713415	standard_tone	sapo_emerge	standard	n/a	n/a	n/a	n/a	n/a
5427.830	0	2713915	standard_tone	sapo_emerge	standard	n/a	n/a	n/a	n/a	n/a
5428.846	0	2714423	oddball_tone	sapo_emerge	oddball	n/a	n/a	n/a	n/a	n/a
5429.862	0	2714931	standard_tone	sapo_emerge	standard	n/a	n/a	n/a	n/a	n/a
5430.878	0	2715439	standard_tone	sapo_emerge	standard	n/a	n/a	n/a	n/a	n/a
5431.892	0	2715946	standard_tone	sapo_emerge	standard	n/a	n/a	n/a	n/a	n/a
5432.910	0	2716455	standard_tone	sapo_emerge	standard	n/a	n/a	n/a	n/a	n/a
5433.926	0	2716963	standard_tone	sapo_emerge	standard	n/a	n/a	n/a	n/a	n/a
5434.940	0	2717470	standard_tone	sapo_emerge	standard	n/a	n/a	n/a	n/a	n/a
5435.956	0	2717978	standard_tone	sapo_emerge	standard	n/a	n/a	n/a	n/a	n/a
5436.972	0	2718486	distractor_noise	sapo_emerge	distractor	n/a	n/a	n/a	n/a	n/a
5437.988	0	2718994	standard_tone	sapo_emerge	standard	n/a	n/a	n/a	n/a	n/a
5439.004	0	2719502	standard_tone	sapo_emerge	standard	n/a	n/a	n/a	n/a	n/a
5440.020	0	2720010	distractor_noise	sapo_emerge	distractor	n/a	n/a	n/a	n/a	n/a
5441.036	0	2720518	standard_tone	sapo_emerge	standard	n/a	n/a	n/a	n/a	n/a
5442.052	0	2721026	standard_tone	sapo_emerge	standard	n/a	n/a	n/a	n/a	n/a
5443.068	0	2721534	standard_tone	sapo_emerge	standard	n/a	n/a	n/a	n/a	n/a
5444.084	0	2722042	standard_tone	sapo_emerge	standard	n/a	n/a	n/a	n/a	n/a
5445.098	0	2722549	standard_tone	sapo_emerge	standard	n/a	n/a	n/a	n/a	n/a
5446.114	0	2723057	standard_tone	sapo_emerge	standard	n/a	n/a	n/a	n/a	n/a
5447.130	0	2723565	standard_tone	sapo_emerge	standard	n/a	n/a	n/a	n/a	n/a
5448.146	0	2724073	standard_tone	sapo_emerge	standard	n/a	n/a	n/a	n/a	n/a
5449.162	0	2724581	standard_tone	sapo_emerge	standard	n/a	n/a	n/a	n/a	n/a
5450.178	0	2725089	standard_tone	sapo_emerge	standard	n/a	n/a	n/a	n/a	n/a
5451.144	0	2725572	silence_end	sapo_emerge	silence-end	n/a	n/a	n/a	n/a	n/a
5451.146	0	2725573	gong_begin	sapo_emerge	gong-begin	n/a	n/a	n/a	n/a	n/a
5451.252	0	2725626	oddball_tone	sapo_emerge	oddball	n/a	n/a	n/a	n/a	n/a
5452.260	0	2726130	standard_tone	sapo_emerge	standard	n/a	n/a	n/a	n/a	n/a
5453.276	0	2726638	standard_tone	sapo_emerge	standard	n/a	n/a	n/a	n/a	n/a
5454.292	0	2727146	standard_tone	sapo_emerge	standard	n/a	n/a	n/a	n/a	n/a
5455.308	0	2727654	oddball_tone	sapo_emerge	oddball	n/a	n/a	n/a	n/a	n/a
5456.324	0	2728162	standard_tone	sapo_emerge	standard	n/a	n/a	n/a	n/a	n/a
5457.338	0	2728669	distractor_noise	sapo_emerge	distractor	n/a	n/a	n/a	n/a	n/a
5458.354	0	2729177	oddball_tone	sapo_emerge	oddball	n/a	n/a	n/a	n/a	n/a
5459.372	0	2729686	standard_tone	sapo_emerge	standard	n/a	n/a	n/a	n/a	n/a
5460.386	0	2730193	distractor_noise	sapo_emerge	distractor	n/a	n/a	n/a	n/a	n/a
5461.152	0	2730576	gong_end	sapo_emerge	gong-end	n/a	n/a	n/a	n/a	n/a
5461.154	0	2730577	subblock_end	sapo_emerge	subblock-end-duration-122.582	n/a	n/a	n/a	122.582	n/a
5461.154	0	2730577	subblock_begin	sapo_emerge	subblock-begin	n/a	n/a	n/a	n/a	n/a
5461.154	0	2730577	silence_begin	sapo_emerge	silence-begin	n/a	n/a	n/a	n/a	n/a
5461.402	0	2730701	standard_tone	sapo_emerge	standard	n/a	n/a	n/a	n/a	n/a
5462.418	0	2731209	oddball_tone	sapo_emerge	oddball	n/a	n/a	n/a	n/a	n/a
5463.434	0	2731717	standard_tone	sapo_emerge	standard	n/a	n/a	n/a	n/a	n/a
5464.450	0	2732225	standard_tone	sapo_emerge	standard	n/a	n/a	n/a	n/a	n/a
5465.466	0	2732733	oddball_tone	sapo_emerge	oddball	n/a	n/a	n/a	n/a	n/a
5466.482	0	2733241	standard_tone	sapo_emerge	standard	n/a	n/a	n/a	n/a	n/a
5467.498	0	2733749	standard_tone	sapo_emerge	standard	n/a	n/a	n/a	n/a	n/a
5468.512	0	2734256	standard_tone	sapo_emerge	standard	n/a	n/a	n/a	n/a	n/a
5469.528	0	2734764	standard_tone	sapo_emerge	standard	n/a	n/a	n/a	n/a	n/a
5470.544	0	2735272	standard_tone	sapo_emerge	standard	n/a	n/a	n/a	n/a	n/a
5471.560	0	2735780	distractor_noise	sapo_emerge	distractor	n/a	n/a	n/a	n/a	n/a
5472.560	0	2736280	standard_tone	sapo_emerge	standard	n/a	n/a	n/a	n/a	n/a
5473.576	0	2736788	standard_tone	sapo_emerge	standard	n/a	n/a	n/a	n/a	n/a
5474.592	0	2737296	distractor_noise	sapo_emerge	distractor	n/a	n/a	n/a	n/a	n/a
5475.608	0	2737804	standard_tone	sapo_emerge	standard	n/a	n/a	n/a	n/a	n/a
5476.624	0	2738312	standard_tone	sapo_emerge	standard	n/a	n/a	n/a	n/a	n/a
5477.638	0	2738819	standard_tone	sapo_emerge	standard	n/a	n/a	n/a	n/a	n/a
5478.654	0	2739327	standard_tone	sapo_emerge	standard	n/a	n/a	n/a	n/a	n/a
5479.670	0	2739835	oddball_tone	sapo_emerge	oddball	n/a	n/a	n/a	n/a	n/a
5480.686	0	2740343	distractor_noise	sapo_emerge	distractor	n/a	n/a	n/a	n/a	n/a
5481.702	0	2740851	standard_tone	sapo_emerge	standard	n/a	n/a	n/a	n/a	n/a
5482.718	0	2741359	standard_tone	sapo_emerge	standard	n/a	n/a	n/a	n/a	n/a
5483.734	0	2741867	standard_tone	sapo_emerge	standard	n/a	n/a	n/a	n/a	n/a
5484.750	0	2742375	standard_tone	sapo_emerge	standard	n/a	n/a	n/a	n/a	n/a
5485.766	0	2742883	distractor_noise	sapo_emerge	distractor	n/a	n/a	n/a	n/a	n/a
5486.780	0	2743390	standard_tone	sapo_emerge	standard	n/a	n/a	n/a	n/a	n/a
5487.796	0	2743898	standard_tone	sapo_emerge	standard	n/a	n/a	n/a	n/a	n/a
5488.812	0	2744406	standard_tone	sapo_emerge	standard	n/a	n/a	n/a	n/a	n/a
5489.828	0	2744914	standard_tone	sapo_emerge	standard	n/a	n/a	n/a	n/a	n/a
5490.844	0	2745422	oddball_tone	sapo_emerge	oddball	n/a	n/a	n/a	n/a	n/a
5491.860	0	2745930	standard_tone	sapo_emerge	standard	n/a	n/a	n/a	n/a	n/a
5492.876	0	2746438	standard_tone	sapo_emerge	standard	n/a	n/a	n/a	n/a	n/a
5493.892	0	2746946	standard_tone	sapo_emerge	standard	n/a	n/a	n/a	n/a	n/a
5494.908	0	2747454	standard_tone	sapo_emerge	standard	n/a	n/a	n/a	n/a	n/a
5495.924	0	2747962	standard_tone	sapo_emerge	standard	n/a	n/a	n/a	n/a	n/a
5496.940	0	2748470	standard_tone	sapo_emerge	standard	n/a	n/a	n/a	n/a	n/a
5497.956	0	2748978	standard_tone	sapo_emerge	standard	n/a	n/a	n/a	n/a	n/a
5498.956	0	2749478	standard_tone	sapo_emerge	standard	n/a	n/a	n/a	n/a	n/a
5499.970	0	2749985	standard_tone	sapo_emerge	standard	n/a	n/a	n/a	n/a	n/a
5500.986	0	2750493	standard_tone	sapo_emerge	standard	n/a	n/a	n/a	n/a	n/a
5502.002	0	2751001	standard_tone	sapo_emerge	standard	n/a	n/a	n/a	n/a	n/a
5503.018	0	2751509	standard_tone	sapo_emerge	standard	n/a	n/a	n/a	n/a	n/a
5504.034	0	2752017	standard_tone	sapo_emerge	standard	n/a	n/a	n/a	n/a	n/a
5505.032	0	2752516	standard_tone	sapo_emerge	standard	n/a	n/a	n/a	n/a	n/a
5506.048	0	2753024	standard_tone	sapo_emerge	standard	n/a	n/a	n/a	n/a	n/a
5507.064	0	2753532	standard_tone	sapo_emerge	standard	n/a	n/a	n/a	n/a	n/a
5508.080	0	2754040	standard_tone	sapo_emerge	standard	n/a	n/a	n/a	n/a	n/a
5509.096	0	2754548	standard_tone	sapo_emerge	standard	n/a	n/a	n/a	n/a	n/a
5510.112	0	2755056	standard_tone	sapo_emerge	standard	n/a	n/a	n/a	n/a	n/a
5511.110	0	2755555	distractor_noise	sapo_emerge	distractor	n/a	n/a	n/a	n/a	n/a
5512.128	0	2756064	oddball_tone	sapo_emerge	oddball	n/a	n/a	n/a	n/a	n/a
5513.142	0	2756571	standard_tone	sapo_emerge	standard	n/a	n/a	n/a	n/a	n/a
5514.158	0	2757079	standard_tone	sapo_emerge	standard	n/a	n/a	n/a	n/a	n/a
5515.174	0	2757587	standard_tone	sapo_emerge	standard	n/a	n/a	n/a	n/a	n/a
5516.190	0	2758095	standard_tone	sapo_emerge	standard	n/a	n/a	n/a	n/a	n/a
5516.574	0	2758287	clicker_press	sapo_emerge	response-received-page_down	n/a	n/a	n/a	n/a	page_down
5516.606	0	2758303	report_window_begin	sapo_emerge	emerge-sapo-emerge-begin	n/a	n/a	n/a	n/a	n/a
5517.190	0	2758595	clicker_press	sapo_emerge	response-received-page_down	n/a	n/a	n/a	n/a	page_down
5517.790	0	2758895	clicker_press	sapo_emerge	response-received-page_down	n/a	n/a	n/a	n/a	page_down
5518.406	0	2759203	clicker_press	sapo_emerge	response-received-page_down	n/a	n/a	n/a	n/a	page_down
5520.620	0	2760310	depth_rating	sapo_emerge	rating-sapo-emerge-meditation_depth-4	4	n/a	n/a	n/a	n/a
5526.498	0	2763249	clicker_press	sapo_emerge	response-received-page_down	n/a	n/a	n/a	n/a	page_down
5526.982	0	2763491	clicker_press	sapo_emerge	response-received-page_down	n/a	n/a	n/a	n/a	page_down
5527.482	0	2763741	clicker_press	sapo_emerge	response-received-page_down	n/a	n/a	n/a	n/a	page_down
5527.932	0	2763966	clicker_press	sapo_emerge	response-received-page_down	n/a	n/a	n/a	n/a	page_down
5530.678	0	2765339	confidence_rating	sapo_emerge	rating-sapo-emerge-confidence_depth-4	n/a	4	n/a	n/a	n/a
5534.142	0	2767071	report_window_end	sapo_emerge	emerge-sapo-emerge-end	n/a	n/a	n/a	n/a	n/a
5534.144	0	2767072	subblock_begin	sapo_emerge	subblock-begin	n/a	n/a	n/a	n/a	n/a
5534.144	0	2767072	silence_begin	sapo_emerge	silence-begin	n/a	n/a	n/a	n/a	n/a
5534.160	0	2767080	standard_tone	sapo_emerge	standard	n/a	n/a	n/a	n/a	n/a
5535.174	0	2767587	standard_tone	sapo_emerge	standard	n/a	n/a	n/a	n/a	n/a
5536.190	0	2768095	standard_tone	sapo_emerge	standard	n/a	n/a	n/a	n/a	n/a
5537.206	0	2768603	distractor_noise	sapo_emerge	distractor	n/a	n/a	n/a	n/a	n/a
5538.222	0	2769111	oddball_tone	sapo_emerge	oddball	n/a	n/a	n/a	n/a	n/a
5539.238	0	2769619	standard_tone	sapo_emerge	standard	n/a	n/a	n/a	n/a	n/a
5540.254	0	2770127	standard_tone	sapo_emerge	standard	n/a	n/a	n/a	n/a	n/a
5541.268	0	2770634	standard_tone	sapo_emerge	standard	n/a	n/a	n/a	n/a	n/a
5542.286	0	2771143	standard_tone	sapo_emerge	standard	n/a	n/a	n/a	n/a	n/a
5543.302	0	2771651	oddball_tone	sapo_emerge	oddball	n/a	n/a	n/a	n/a	n/a
5544.316	0	2772158	standard_tone	sapo_emerge	standard	n/a	n/a	n/a	n/a	n/a
5545.332	0	2772666	standard_tone	sapo_emerge	standard	n/a	n/a	n/a	n/a	n/a
5546.348	0	2773174	standard_tone	sapo_emerge	standard	n/a	n/a	n/a	n/a	n/a
5547.348	0	2773674	standard_tone	sapo_emerge	standard	n/a	n/a	n/a	n/a	n/a
5548.364	0	2774182	standard_tone	sapo_emerge	standard	n/a	n/a	n/a	n/a	n/a
5549.380	0	2774690	distractor_noise	sapo_emerge	distractor	n/a	n/a	n/a	n/a	n/a
5550.396	0	2775198	standard_tone	sapo_emerge	standard	n/a	n/a	n/a	n/a	n/a
5551.410	0	2775705	standard_tone	sapo_emerge	standard	n/a	n/a	n/a	n/a	n/a
5552.428	0	2776214	standard_tone	sapo_emerge	standard	n/a	n/a	n/a	n/a	n/a
5553.442	0	2776721	distractor_noise	sapo_emerge	distractor	n/a	n/a	n/a	n/a	n/a
5554.458	0	2777229	standard_tone	sapo_emerge	standard	n/a	n/a	n/a	n/a	n/a
5555.474	0	2777737	standard_tone	sapo_emerge	standard	n/a	n/a	n/a	n/a	n/a
5556.478	0	2778239	oddball_tone	sapo_emerge	oddball	n/a	n/a	n/a	n/a	n/a
5557.490	0	2778745	standard_tone	sapo_emerge	standard	n/a	n/a	n/a	n/a	n/a
5558.504	0	2779252	standard_tone	sapo_emerge	standard	n/a	n/a	n/a	n/a	n/a
5559.520	0	2779760	standard_tone	sapo_emerge	standard	n/a	n/a	n/a	n/a	n/a
5560.536	0	2780268	distractor_noise	sapo_emerge	distractor	n/a	n/a	n/a	n/a	n/a
5561.552	0	2780776	standard_tone	sapo_emerge	standard	n/a	n/a	n/a	n/a	n/a
5562.568	0	2781284	distractor_noise	sapo_emerge	distractor	n/a	n/a	n/a	n/a	n/a
5563.584	0	2781792	standard_tone	sapo_emerge	standard	n/a	n/a	n/a	n/a	n/a
5564.584	0	2782292	standard_tone	sapo_emerge	standard	n/a	n/a	n/a	n/a	n/a
5565.600	0	2782800	distractor_noise	sapo_emerge	distractor	n/a	n/a	n/a	n/a	n/a
5566.616	0	2783308	standard_tone	sapo_emerge	standard	n/a	n/a	n/a	n/a	n/a
5567.630	0	2783815	standard_tone	sapo_emerge	standard	n/a	n/a	n/a	n/a	n/a
5568.648	0	2784324	standard_tone	sapo_emerge	standard	n/a	n/a	n/a	n/a	n/a
5569.662	0	2784831	standard_tone	sapo_emerge	standard	n/a	n/a	n/a	n/a	n/a
5570.678	0	2785339	oddball_tone	sapo_emerge	oddball	n/a	n/a	n/a	n/a	n/a
5571.694	0	2785847	standard_tone	sapo_emerge	standard	n/a	n/a	n/a	n/a	n/a
5572.710	0	2786355	standard_tone	sapo_emerge	standard	n/a	n/a	n/a	n/a	n/a
5573.726	0	2786863	standard_tone	sapo_emerge	standard	n/a	n/a	n/a	n/a	n/a
5574.742	0	2787371	standard_tone	sapo_emerge	standard	n/a	n/a	n/a	n/a	n/a
5575.758	0	2787879	oddball_tone	sapo_emerge	oddball	n/a	n/a	n/a	n/a	n/a
5576.774	0	2788387	standard_tone	sapo_emerge	standard	n/a	n/a	n/a	n/a	n/a
5577.788	0	2788894	standard_tone	sapo_emerge	standard	n/a	n/a	n/a	n/a	n/a
5578.804	0	2789402	standard_tone	sapo_emerge	standard	n/a	n/a	n/a	n/a	n/a
5579.820	0	2789910	standard_tone	sapo_emerge	standard	n/a	n/a	n/a	n/a	n/a
5580.836	0	2790418	standard_tone	sapo_emerge	standard	n/a	n/a	n/a	n/a	n/a
5581.852	0	2790926	standard_tone	sapo_emerge	standard	n/a	n/a	n/a	n/a	n/a
5582.868	0	2791434	oddball_tone	sapo_emerge	oddball	n/a	n/a	n/a	n/a	n/a
5583.884	0	2791942	standard_tone	sapo_emerge	standard	n/a	n/a	n/a	n/a	n/a
5584.900	0	2792450	standard_tone	sapo_emerge	standard	n/a	n/a	n/a	n/a	n/a
5585.916	0	2792958	distractor_noise	sapo_emerge	distractor	n/a	n/a	n/a	n/a	n/a
5586.932	0	2793466	standard_tone	sapo_emerge	standard	n/a	n/a	n/a	n/a	n/a
5587.930	0	2793965	standard_tone	sapo_emerge	standard	n/a	n/a	n/a	n/a	n/a
5588.946	0	2794473	standard_tone	sapo_emerge	standard	n/a	n/a	n/a	n/a	n/a
5589.962	0	2794981	oddball_tone	sapo_emerge	oddball	n/a	n/a	n/a	n/a	n/a
5590.978	0	2795489	distractor_noise	sapo_emerge	distractor	n/a	n/a	n/a	n/a	n/a
5591.994	0	2795997	standard_tone	sapo_emerge	standard	n/a	n/a	n/a	n/a	n/a
5593.010	0	2796505	standard_tone	sapo_emerge	standard	n/a	n/a	n/a	n/a	n/a
5594.026	0	2797013	standard_tone	sapo_emerge	standard	n/a	n/a	n/a	n/a	n/a
5595.042	0	2797521	standard_tone	sapo_emerge	standard	n/a	n/a	n/a	n/a	n/a
5596.058	0	2798029	distractor_noise	sapo_emerge	distractor	n/a	n/a	n/a	n/a	n/a
5597.072	0	2798536	standard_tone	sapo_emerge	standard	n/a	n/a	n/a	n/a	n/a
5598.090	0	2799045	standard_tone	sapo_emerge	standard	n/a	n/a	n/a	n/a	n/a
5599.104	0	2799552	distractor_noise	sapo_emerge	distractor	n/a	n/a	n/a	n/a	n/a
5600.120	0	2800060	standard_tone	sapo_emerge	standard	n/a	n/a	n/a	n/a	n/a
5601.136	0	2800568	standard_tone	sapo_emerge	standard	n/a	n/a	n/a	n/a	n/a
5602.152	0	2801076	standard_tone	sapo_emerge	standard	n/a	n/a	n/a	n/a	n/a
5603.168	0	2801584	standard_tone	sapo_emerge	standard	n/a	n/a	n/a	n/a	n/a
5604.184	0	2802092	standard_tone	sapo_emerge	standard	n/a	n/a	n/a	n/a	n/a
5605.200	0	2802600	standard_tone	sapo_emerge	standard	n/a	n/a	n/a	n/a	n/a
5606.216	0	2803108	standard_tone	sapo_emerge	standard	n/a	n/a	n/a	n/a	n/a
5607.232	0	2803616	standard_tone	sapo_emerge	standard	n/a	n/a	n/a	n/a	n/a
5608.246	0	2804123	oddball_tone	sapo_emerge	oddball	n/a	n/a	n/a	n/a	n/a
5609.262	0	2804631	standard_tone	sapo_emerge	standard	n/a	n/a	n/a	n/a	n/a
5610.278	0	2805139	standard_tone	sapo_emerge	standard	n/a	n/a	n/a	n/a	n/a
5611.278	0	2805639	standard_tone	sapo_emerge	standard	n/a	n/a	n/a	n/a	n/a
5612.294	0	2806147	standard_tone	sapo_emerge	standard	n/a	n/a	n/a	n/a	n/a
5613.310	0	2806655	standard_tone	sapo_emerge	standard	n/a	n/a	n/a	n/a	n/a
5614.326	0	2807163	oddball_tone	sapo_emerge	oddball	n/a	n/a	n/a	n/a	n/a
5615.342	0	2807671	standard_tone	sapo_emerge	standard	n/a	n/a	n/a	n/a	n/a
5616.356	0	2808178	standard_tone	sapo_emerge	standard	n/a	n/a	n/a	n/a	n/a
5617.374	0	2808687	standard_tone	sapo_emerge	standard	n/a	n/a	n/a	n/a	n/a
5618.388	0	2809194	standard_tone	sapo_emerge	standard	n/a	n/a	n/a	n/a	n/a
5619.406	0	2809703	standard_tone	sapo_emerge	standard	n/a	n/a	n/a	n/a	n/a
5620.420	0	2810210	standard_tone	sapo_emerge	standard	n/a	n/a	n/a	n/a	n/a
5621.436	0	2810718	distractor_noise	sapo_emerge	distractor	n/a	n/a	n/a	n/a	n/a
5622.452	0	2811226	standard_tone	sapo_emerge	standard	n/a	n/a	n/a	n/a	n/a
5623.468	0	2811734	standard_tone	sapo_emerge	standard	n/a	n/a	n/a	n/a	n/a
5624.484	0	2812242	standard_tone	sapo_emerge	standard	n/a	n/a	n/a	n/a	n/a
5625.500	0	2812750	standard_tone	sapo_emerge	standard	n/a	n/a	n/a	n/a	n/a
5626.516	0	2813258	standard_tone	sapo_emerge	standard	n/a	n/a	n/a	n/a	n/a
5627.532	0	2813766	standard_tone	sapo_emerge	standard	n/a	n/a	n/a	n/a	n/a
5628.532	0	2814266	standard_tone	sapo_emerge	standard	n/a	n/a	n/a	n/a	n/a
5629.546	0	2814773	standard_tone	sapo_emerge	standard	n/a	n/a	n/a	n/a	n/a
5630.546	0	2815273	standard_tone	sapo_emerge	standard	n/a	n/a	n/a	n/a	n/a
5631.562	0	2815781	standard_tone	sapo_emerge	standard	n/a	n/a	n/a	n/a	n/a
5632.578	0	2816289	standard_tone	sapo_emerge	standard	n/a	n/a	n/a	n/a	n/a
5633.592	0	2816796	oddball_tone	sapo_emerge	oddball	n/a	n/a	n/a	n/a	n/a
5634.608	0	2817304	standard_tone	sapo_emerge	standard	n/a	n/a	n/a	n/a	n/a
5635.624	0	2817812	standard_tone	sapo_emerge	standard	n/a	n/a	n/a	n/a	n/a
5636.640	0	2818320	standard_tone	sapo_emerge	standard	n/a	n/a	n/a	n/a	n/a
5637.640	0	2818820	oddball_tone	sapo_emerge	oddball	n/a	n/a	n/a	n/a	n/a
5638.656	0	2819328	standard_tone	sapo_emerge	standard	n/a	n/a	n/a	n/a	n/a
5639.656	0	2819828	distractor_noise	sapo_emerge	distractor	n/a	n/a	n/a	n/a	n/a
5640.670	0	2820335	standard_tone	sapo_emerge	standard	n/a	n/a	n/a	n/a	n/a
5641.686	0	2820843	oddball_tone	sapo_emerge	oddball	n/a	n/a	n/a	n/a	n/a
5642.702	0	2821351	standard_tone	sapo_emerge	standard	n/a	n/a	n/a	n/a	n/a
5643.702	0	2821851	standard_tone	sapo_emerge	standard	n/a	n/a	n/a	n/a	n/a
5644.718	0	2822359	oddball_tone	sapo_emerge	oddball	n/a	n/a	n/a	n/a	n/a
5645.732	0	2822866	standard_tone	sapo_emerge	standard	n/a	n/a	n/a	n/a	n/a
5646.748	0	2823374	distractor_noise	sapo_emerge	distractor	n/a	n/a	n/a	n/a	n/a
5647.764	0	2823882	standard_tone	sapo_emerge	standard	n/a	n/a	n/a	n/a	n/a
5648.780	0	2824390	distractor_noise	sapo_emerge	distractor	n/a	n/a	n/a	n/a	n/a
5649.796	0	2824898	standard_tone	sapo_emerge	standard	n/a	n/a	n/a	n/a	n/a
5650.812	0	2825406	standard_tone	sapo_emerge	standard	n/a	n/a	n/a	n/a	n/a
5651.828	0	2825914	oddball_tone	sapo_emerge	oddball	n/a	n/a	n/a	n/a	n/a
5652.844	0	2826422	standard_tone	sapo_emerge	standard	n/a	n/a	n/a	n/a	n/a
5653.376	0	2826688	silence_end	sapo_emerge	silence-end	n/a	n/a	n/a	n/a	n/a
5653.378	0	2826689	gong_begin	sapo_emerge	gong-begin	n/a	n/a	n/a	n/a	n/a
5653.860	0	2826930	standard_tone	sapo_emerge	standard	n/a	n/a	n/a	n/a	n/a
5654.864	0	2827432	standard_tone	sapo_emerge	standard	n/a	n/a	n/a	n/a	n/a
5655.880	0	2827940	standard_tone	sapo_emerge	standard	n/a	n/a	n/a	n/a	n/a
5656.892	0	2828446	standard_tone	sapo_emerge	standard	n/a	n/a	n/a	n/a	n/a
5657.906	0	2828953	oddball_tone	sapo_emerge	oddball	n/a	n/a	n/a	n/a	n/a
5658.922	0	2829461	standard_tone	sapo_emerge	standard	n/a	n/a	n/a	n/a	n/a
5659.938	0	2829969	standard_tone	sapo_emerge	standard	n/a	n/a	n/a	n/a	n/a
5660.954	0	2830477	standard_tone	sapo_emerge	standard	n/a	n/a	n/a	n/a	n/a
5661.970	0	2830985	standard_tone	sapo_emerge	standard	n/a	n/a	n/a	n/a	n/a
5662.986	0	2831493	standard_tone	sapo_emerge	standard	n/a	n/a	n/a	n/a	n/a
5663.402	0	2831701	gong_end	sapo_emerge	gong-end	n/a	n/a	n/a	n/a	n/a
5663.402	0	2831701	subblock_end	sapo_emerge	subblock-end-duration-129.26	n/a	n/a	n/a	129.260	n/a
5663.402	0	2831701	subblock_begin	sapo_emerge	subblock-begin	n/a	n/a	n/a	n/a	n/a
5663.404	0	2831702	silence_begin	sapo_emerge	silence-begin	n/a	n/a	n/a	n/a	n/a
5664.000	0	2832000	standard_tone	sapo_emerge	standard	n/a	n/a	n/a	n/a	n/a
5665.016	0	2832508	standard_tone	sapo_emerge	standard	n/a	n/a	n/a	n/a	n/a
5666.032	0	2833016	standard_tone	sapo_emerge	standard	n/a	n/a	n/a	n/a	n/a
5667.048	0	2833524	standard_tone	sapo_emerge	standard	n/a	n/a	n/a	n/a	n/a
5668.064	0	2834032	standard_tone	sapo_emerge	standard	n/a	n/a	n/a	n/a	n/a
5669.080	0	2834540	standard_tone	sapo_emerge	standard	n/a	n/a	n/a	n/a	n/a
5670.096	0	2835048	standard_tone	sapo_emerge	standard	n/a	n/a	n/a	n/a	n/a
5671.112	0	2835556	standard_tone	sapo_emerge	standard	n/a	n/a	n/a	n/a	n/a
5672.128	0	2836064	standard_tone	sapo_emerge	standard	n/a	n/a	n/a	n/a	n/a
5673.144	0	2836572	standard_tone	sapo_emerge	standard	n/a	n/a	n/a	n/a	n/a
5674.160	0	2837080	distractor_noise	sapo_emerge	distractor	n/a	n/a	n/a	n/a	n/a
5675.174	0	2837587	standard_tone	sapo_emerge	standard	n/a	n/a	n/a	n/a	n/a
5676.190	0	2838095	oddball_tone	sapo_emerge	oddball	n/a	n/a	n/a	n/a	n/a
5677.206	0	2838603	standard_tone	sapo_emerge	standard	n/a	n/a	n/a	n/a	n/a
5678.222	0	2839111	standard_tone	sapo_emerge	standard	n/a	n/a	n/a	n/a	n/a
5679.238	0	2839619	distractor_noise	sapo_emerge	distractor	n/a	n/a	n/a	n/a	n/a
5680.256	0	2840128	standard_tone	sapo_emerge	standard	n/a	n/a	n/a	n/a	n/a
5681.270	0	2840635	distractor_noise	sapo_emerge	distractor	n/a	n/a	n/a	n/a	n/a
5682.286	0	2841143	standard_tone	sapo_emerge	standard	n/a	n/a	n/a	n/a	n/a
5683.302	0	2841651	standard_tone	sapo_emerge	standard	n/a	n/a	n/a	n/a	n/a
5684.318	0	2842159	distractor_noise	sapo_emerge	distractor	n/a	n/a	n/a	n/a	n/a
5685.334	0	2842667	standard_tone	sapo_emerge	standard	n/a	n/a	n/a	n/a	n/a
5686.348	0	2843174	standard_tone	sapo_emerge	standard	n/a	n/a	n/a	n/a	n/a
5687.364	0	2843682	standard_tone	sapo_emerge	standard	n/a	n/a	n/a	n/a	n/a
5688.380	0	2844190	standard_tone	sapo_emerge	standard	n/a	n/a	n/a	n/a	n/a
5689.396	0	2844698	standard_tone	sapo_emerge	standard	n/a	n/a	n/a	n/a	n/a
5690.412	0	2845206	standard_tone	sapo_emerge	standard	n/a	n/a	n/a	n/a	n/a
5691.428	0	2845714	standard_tone	sapo_emerge	standard	n/a	n/a	n/a	n/a	n/a
5692.444	0	2846222	standard_tone	sapo_emerge	standard	n/a	n/a	n/a	n/a	n/a
5693.460	0	2846730	standard_tone	sapo_emerge	standard	n/a	n/a	n/a	n/a	n/a
5694.476	0	2847238	standard_tone	sapo_emerge	standard	n/a	n/a	n/a	n/a	n/a
5695.492	0	2847746	standard_tone	sapo_emerge	standard	n/a	n/a	n/a	n/a	n/a
5696.490	0	2848245	standard_tone	sapo_emerge	standard	n/a	n/a	n/a	n/a	n/a
5697.506	0	2848753	standard_tone	sapo_emerge	standard	n/a	n/a	n/a	n/a	n/a
5698.522	0	2849261	standard_tone	sapo_emerge	standard	n/a	n/a	n/a	n/a	n/a
5699.538	0	2849769	standard_tone	sapo_emerge	standard	n/a	n/a	n/a	n/a	n/a
5700.554	0	2850277	standard_tone	sapo_emerge	standard	n/a	n/a	n/a	n/a	n/a
5701.570	0	2850785	standard_tone	sapo_emerge	standard	n/a	n/a	n/a	n/a	n/a
5702.586	0	2851293	standard_tone	sapo_emerge	standard	n/a	n/a	n/a	n/a	n/a
5702.770	0	2851385	clicker_press	sapo_emerge	response-received-page_down	n/a	n/a	n/a	n/a	page_down
5702.788	0	2851394	report_window_begin	sapo_emerge	emerge-sapo-emerge-begin	n/a	n/a	n/a	n/a	n/a
5703.836	0	2851918	clicker_press	sapo_emerge	response-received-page_down	n/a	n/a	n/a	n/a	page_down
5706.800	0	2853400	depth_rating	sapo_emerge	rating-sapo-emerge-meditation_depth-2	2	n/a	n/a	n/a	n/a
5713.844	0	2856922	clicker_press	sapo_emerge	response-received-page_down	n/a	n/a	n/a	n/a	page_down
5714.310	0	2857155	clicker_press	sapo_emerge	response-received-page_down	n/a	n/a	n/a	n/a	page_down
5714.826	0	2857413	clicker_press	sapo_emerge	response-received-page_down	n/a	n/a	n/a	n/a	page_down
5715.326	0	2857663	clicker_press	sapo_emerge	response-received-page_down	n/a	n/a	n/a	n/a	page_down
5716.908	0	2858454	confidence_rating	sapo_emerge	rating-sapo-emerge-confidence_depth-4	n/a	4	n/a	n/a	n/a
5720.372	0	2860186	report_window_end	sapo_emerge	emerge-sapo-emerge-end	n/a	n/a	n/a	n/a	n/a
5720.372	0	2860186	subblock_begin	sapo_emerge	subblock-begin	n/a	n/a	n/a	n/a	n/a
5720.372	0	2860186	silence_begin	sapo_emerge	silence-begin	n/a	n/a	n/a	n/a	n/a
5720.388	0	2860194	oddball_tone	sapo_emerge	oddball	n/a	n/a	n/a	n/a	n/a
5721.404	0	2860702	standard_tone	sapo_emerge	standard	n/a	n/a	n/a	n/a	n/a
5722.420	0	2861210	standard_tone	sapo_emerge	standard	n/a	n/a	n/a	n/a	n/a
5723.434	0	2861717	standard_tone	sapo_emerge	standard	n/a	n/a	n/a	n/a	n/a
5724.452	0	2862226	distractor_noise	sapo_emerge	distractor	n/a	n/a	n/a	n/a	n/a
5725.466	0	2862733	standard_tone	sapo_emerge	standard	n/a	n/a	n/a	n/a	n/a
5726.482	0	2863241	standard_tone	sapo_emerge	standard	n/a	n/a	n/a	n/a	n/a
5727.498	0	2863749	standard_tone	sapo_emerge	standard	n/a	n/a	n/a	n/a	n/a
5728.514	0	2864257	oddball_tone	sapo_emerge	oddball	n/a	n/a	n/a	n/a	n/a
5729.530	0	2864765	standard_tone	sapo_emerge	standard	n/a	n/a	n/a	n/a	n/a
5730.530	0	2865265	standard_tone	sapo_emerge	standard	n/a	n/a	n/a	n/a	n/a
5731.546	0	2865773	oddball_tone	sapo_emerge	oddball	n/a	n/a	n/a	n/a	n/a
5732.560	0	2866280	standard_tone	sapo_emerge	standard	n/a	n/a	n/a	n/a	n/a
5733.576	0	2866788	standard_tone	sapo_emerge	standard	n/a	n/a	n/a	n/a	n/a
5734.592	0	2867296	standard_tone	sapo_emerge	standard	n/a	n/a	n/a	n/a	n/a
5735.608	0	2867804	standard_tone	sapo_emerge	standard	n/a	n/a	n/a	n/a	n/a
5736.624	0	2868312	standard_tone	sapo_emerge	standard	n/a	n/a	n/a	n/a	n/a
5737.640	0	2868820	standard_tone	sapo_emerge	standard	n/a	n/a	n/a	n/a	n/a
5738.656	0	2869328	standard_tone	sapo_emerge	standard	n/a	n/a	n/a	n/a	n/a
5739.672	0	2869836	standard_tone	sapo_emerge	standard	n/a	n/a	n/a	n/a	n/a
5740.688	0	2870344	standard_tone	sapo_emerge	standard	n/a	n/a	n/a	n/a	n/a
5741.704	0	2870852	standard_tone	sapo_emerge	standard	n/a	n/a	n/a	n/a	n/a
5742.720	0	2871360	standard_tone	sapo_emerge	standard	n/a	n/a	n/a	n/a	n/a
5743.736	0	2871868	standard_tone	sapo_emerge	standard	n/a	n/a	n/a	n/a	n/a
5744.750	0	2872375	standard_tone	sapo_emerge	standard	n/a	n/a	n/a	n/a	n/a
5745.766	0	2872883	standard_tone	sapo_emerge	standard	n/a	n/a	n/a	n/a	n/a
5746.782	0	2873391	standard_tone	sapo_emerge	standard	n/a	n/a	n/a	n/a	n/a
5747.798	0	2873899	standard_tone	sapo_emerge	standard	n/a	n/a	n/a	n/a	n/a
5748.814	0	2874407	standard_tone	sapo_emerge	standard	n/a	n/a	n/a	n/a	n/a
5749.830	0	2874915	standard_tone	sapo_emerge	standard	n/a	n/a	n/a	n/a	n/a
5750.846	0	2875423	standard_tone	sapo_emerge	standard	n/a	n/a	n/a	n/a	n/a
5751.862	0	2875931	standard_tone	sapo_emerge	standard	n/a	n/a	n/a	n/a	n/a
5752.878	0	2876439	standard_tone	sapo_emerge	standard	n/a	n/a	n/a	n/a	n/a
5753.892	0	2876946	standard_tone	sapo_emerge	standard	n/a	n/a	n/a	n/a	n/a
5754.892	0	2877446	standard_tone	sapo_emerge	standard	n/a	n/a	n/a	n/a	n/a
5755.908	0	2877954	standard_tone	sapo_emerge	standard	n/a	n/a	n/a	n/a	n/a
5756.908	0	2878454	standard_tone	sapo_emerge	standard	n/a	n/a	n/a	n/a	n/a
5757.922	0	2878961	oddball_tone	sapo_emerge	oddball	n/a	n/a	n/a	n/a	n/a
5758.922	0	2879461	distractor_noise	sapo_emerge	distractor	n/a	n/a	n/a	n/a	n/a
5759.938	0	2879969	oddball_tone	sapo_emerge	oddball	n/a	n/a	n/a	n/a	n/a
5760.954	0	2880477	standard_tone	sapo_emerge	standard	n/a	n/a	n/a	n/a	n/a
5761.954	0	2880977	standard_tone	sapo_emerge	standard	n/a	n/a	n/a	n/a	n/a
5762.970	0	2881485	oddball_tone	sapo_emerge	oddball	n/a	n/a	n/a	n/a	n/a
5763.984	0	2881992	distractor_noise	sapo_emerge	distractor	n/a	n/a	n/a	n/a	n/a
5765.000	0	2882500	standard_tone	sapo_emerge	standard	n/a	n/a	n/a	n/a	n/a
5766.016	0	2883008	standard_tone	sapo_emerge	standard	n/a	n/a	n/a	n/a	n/a
5767.032	0	2883516	standard_tone	sapo_emerge	standard	n/a	n/a	n/a	n/a	n/a
5768.032	0	2884016	standard_tone	sapo_emerge	standard	n/a	n/a	n/a	n/a	n/a
5769.048	0	2884524	standard_tone	sapo_emerge	standard	n/a	n/a	n/a	n/a	n/a
5770.064	0	2885032	standard_tone	sapo_emerge	standard	n/a	n/a	n/a	n/a	n/a
5771.064	0	2885532	standard_tone	sapo_emerge	standard	n/a	n/a	n/a	n/a	n/a
5772.078	0	2886039	standard_tone	sapo_emerge	standard	n/a	n/a	n/a	n/a	n/a
5773.094	0	2886547	standard_tone	sapo_emerge	standard	n/a	n/a	n/a	n/a	n/a
5774.110	0	2887055	standard_tone	sapo_emerge	standard	n/a	n/a	n/a	n/a	n/a
5775.126	0	2887563	standard_tone	sapo_emerge	standard	n/a	n/a	n/a	n/a	n/a
5776.140	0	2888070	oddball_tone	sapo_emerge	oddball	n/a	n/a	n/a	n/a	n/a
5777.156	0	2888578	standard_tone	sapo_emerge	standard	n/a	n/a	n/a	n/a	n/a
5778.174	0	2889087	standard_tone	sapo_emerge	standard	n/a	n/a	n/a	n/a	n/a
5779.188	0	2889594	standard_tone	sapo_emerge	standard	n/a	n/a	n/a	n/a	n/a
5780.204	0	2890102	standard_tone	sapo_emerge	standard	n/a	n/a	n/a	n/a	n/a
5781.220	0	2890610	standard_tone	sapo_emerge	standard	n/a	n/a	n/a	n/a	n/a
5782.236	0	2891118	standard_tone	sapo_emerge	standard	n/a	n/a	n/a	n/a	n/a
5783.252	0	2891626	standard_tone	sapo_emerge	standard	n/a	n/a	n/a	n/a	n/a
5784.268	0	2892134	standard_tone	sapo_emerge	standard	n/a	n/a	n/a	n/a	n/a
5785.284	0	2892642	standard_tone	sapo_emerge	standard	n/a	n/a	n/a	n/a	n/a
5786.300	0	2893150	oddball_tone	sapo_emerge	oddball	n/a	n/a	n/a	n/a	n/a
5787.316	0	2893658	standard_tone	sapo_emerge	standard	n/a	n/a	n/a	n/a	n/a
5788.332	0	2894166	distractor_noise	sapo_emerge	distractor	n/a	n/a	n/a	n/a	n/a
5789.346	0	2894673	standard_tone	sapo_emerge	standard	n/a	n/a	n/a	n/a	n/a
5790.348	0	2895174	oddball_tone	sapo_emerge	oddball	n/a	n/a	n/a	n/a	n/a
5791.362	0	2895681	standard_tone	sapo_emerge	standard	n/a	n/a	n/a	n/a	n/a
5792.378	0	2896189	standard_tone	sapo_emerge	standard	n/a	n/a	n/a	n/a	n/a
5793.394	0	2896697	distractor_noise	sapo_emerge	distractor	n/a	n/a	n/a	n/a	n/a
5794.410	0	2897205	standard_tone	sapo_emerge	standard	n/a	n/a	n/a	n/a	n/a
5795.426	0	2897713	standard_tone	sapo_emerge	standard	n/a	n/a	n/a	n/a	n/a
5796.442	0	2898221	standard_tone	sapo_emerge	standard	n/a	n/a	n/a	n/a	n/a
5797.456	0	2898728	standard_tone	sapo_emerge	standard	n/a	n/a	n/a	n/a	n/a
5798.472	0	2899236	standard_tone	sapo_emerge	standard	n/a	n/a	n/a	n/a	n/a
5799.488	0	2899744	oddball_tone	sapo_emerge	oddball	n/a	n/a	n/a	n/a	n/a
5800.504	0	2900252	standard_tone	sapo_emerge	standard	n/a	n/a	n/a	n/a	n/a
5801.504	0	2900752	standard_tone	sapo_emerge	standard	n/a	n/a	n/a	n/a	n/a
5802.520	0	2901260	standard_tone	sapo_emerge	standard	n/a	n/a	n/a	n/a	n/a
5803.536	0	2901768	standard_tone	sapo_emerge	standard	n/a	n/a	n/a	n/a	n/a
5804.550	0	2902275	standard_tone	sapo_emerge	standard	n/a	n/a	n/a	n/a	n/a
5805.568	0	2902784	standard_tone	sapo_emerge	standard	n/a	n/a	n/a	n/a	n/a
5806.582	0	2903291	standard_tone	sapo_emerge	standard	n/a	n/a	n/a	n/a	n/a
5807.584	0	2903792	oddball_tone	sapo_emerge	oddball	n/a	n/a	n/a	n/a	n/a
5808.598	0	2904299	standard_tone	sapo_emerge	standard	n/a	n/a	n/a	n/a	n/a
5808.998	0	2904499	clicker_press	sapo_emerge	response-received-page_down	n/a	n/a	n/a	n/a	page_down
5809.014	0	2904507	report_window_begin	sapo_emerge	emerge-sapo-emerge-begin	n/a	n/a	n/a	n/a	n/a
5809.698	0	2904849	clicker_press	sapo_emerge	response-received-page_down	n/a	n/a	n/a	n/a	page_down
5810.264	0	2905132	clicker_press	sapo_emerge	response-received-page_down	n/a	n/a	n/a	n/a	page_down
5813.078	0	2906539	depth_rating	sapo_emerge	rating-sapo-emerge-meditation_depth-3	3	n/a	n/a	n/a	n/a
5819.106	0	2909553	clicker_press	sapo_emerge	response-received-page_down	n/a	n/a	n/a	n/a	page_down
5819.506	0	2909753	clicker_press	sapo_emerge	response-received-page_down	n/a	n/a	n/a	n/a	page_down
5819.956	0	2909978	clicker_press	sapo_emerge	response-received-page_down	n/a	n/a	n/a	n/a	page_down
5820.306	0	2910153	clicker_press	sapo_emerge	response-received-page_down	n/a	n/a	n/a	n/a	page_down
5823.120	0	2911560	confidence_rating	sapo_emerge	rating-sapo-emerge-confidence_depth-4	n/a	4	n/a	n/a	n/a
5826.618	0	2913309	report_window_end	sapo_emerge	emerge-sapo-emerge-end	n/a	n/a	n/a	n/a	n/a
5826.618	0	2913309	subblock_begin	sapo_emerge	subblock-begin	n/a	n/a	n/a	n/a	n/a
5826.618	0	2913309	silence_begin	sapo_emerge	silence-begin	n/a	n/a	n/a	n/a	n/a
5826.620	0	2913310	standard_tone	sapo_emerge	standard	n/a	n/a	n/a	n/a	n/a
5827.640	0	2913820	standard_tone	sapo_emerge	standard	n/a	n/a	n/a	n/a	n/a
5828.648	0	2914324	standard_tone	sapo_emerge	standard	n/a	n/a	n/a	n/a	n/a
5829.664	0	2914832	standard_tone	sapo_emerge	standard	n/a	n/a	n/a	n/a	n/a
5830.680	0	2915340	oddball_tone	sapo_emerge	oddball	n/a	n/a	n/a	n/a	n/a
5831.696	0	2915848	standard_tone	sapo_emerge	standard	n/a	n/a	n/a	n/a	n/a
5832.712	0	2916356	oddball_tone	sapo_emerge	oddball	n/a	n/a	n/a	n/a	n/a
5833.726	0	2916863	standard_tone	sapo_emerge	standard	n/a	n/a	n/a	n/a	n/a
5834.742	0	2917371	distractor_noise	sapo_emerge	distractor	n/a	n/a	n/a	n/a	n/a
5835.758	0	2917879	standard_tone	sapo_emerge	standard	n/a	n/a	n/a	n/a	n/a
5836.774	0	2918387	standard_tone	sapo_emerge	standard	n/a	n/a	n/a	n/a	n/a
5837.790	0	2918895	standard_tone	sapo_emerge	standard	n/a	n/a	n/a	n/a	n/a
5838.806	0	2919403	standard_tone	sapo_emerge	standard	n/a	n/a	n/a	n/a	n/a
5839.822	0	2919911	standard_tone	sapo_emerge	standard	n/a	n/a	n/a	n/a	n/a
5840.838	0	2920419	oddball_tone	sapo_emerge	oddball	n/a	n/a	n/a	n/a	n/a
5841.854	0	2920927	distractor_noise	sapo_emerge	distractor	n/a	n/a	n/a	n/a	n/a
5842.868	0	2921434	oddball_tone	sapo_emerge	oddball	n/a	n/a	n/a	n/a	n/a
5843.886	0	2921943	distractor_noise	sapo_emerge	distractor	n/a	n/a	n/a	n/a	n/a
5844.900	0	2922450	standard_tone	sapo_emerge	standard	n/a	n/a	n/a	n/a	n/a
5845.902	0	2922951	standard_tone	sapo_emerge	standard	n/a	n/a	n/a	n/a	n/a
5846.916	0	2923458	standard_tone	sapo_emerge	standard	n/a	n/a	n/a	n/a	n/a
5847.932	0	2923966	standard_tone	sapo_emerge	standard	n/a	n/a	n/a	n/a	n/a
5848.948	0	2924474	standard_tone	sapo_emerge	standard	n/a	n/a	n/a	n/a	n/a
5849.964	0	2924982	oddball_tone	sapo_emerge	oddball	n/a	n/a	n/a	n/a	n/a
5850.980	0	2925490	standard_tone	sapo_emerge	standard	n/a	n/a	n/a	n/a	n/a
5851.996	0	2925998	standard_tone	sapo_emerge	standard	n/a	n/a	n/a	n/a	n/a
5853.010	0	2926505	standard_tone	sapo_emerge	standard	n/a	n/a	n/a	n/a	n/a
5854.026	0	2927013	standard_tone	sapo_emerge	standard	n/a	n/a	n/a	n/a	n/a
5855.044	0	2927522	standard_tone	sapo_emerge	standard	n/a	n/a	n/a	n/a	n/a
5856.058	0	2928029	standard_tone	sapo_emerge	standard	n/a	n/a	n/a	n/a	n/a
5857.074	0	2928537	standard_tone	sapo_emerge	standard	n/a	n/a	n/a	n/a	n/a
5858.090	0	2929045	standard_tone	sapo_emerge	standard	n/a	n/a	n/a	n/a	n/a
5859.106	0	2929553	standard_tone	sapo_emerge	standard	n/a	n/a	n/a	n/a	n/a
5860.122	0	2930061	oddball_tone	sapo_emerge	oddball	n/a	n/a	n/a	n/a	n/a
5861.138	0	2930569	standard_tone	sapo_emerge	standard	n/a	n/a	n/a	n/a	n/a
5862.154	0	2931077	standard_tone	sapo_emerge	standard	n/a	n/a	n/a	n/a	n/a
5863.170	0	2931585	standard_tone	sapo_emerge	standard	n/a	n/a	n/a	n/a	n/a
5864.186	0	2932093	standard_tone	sapo_emerge	standard	n/a	n/a	n/a	n/a	n/a
5865.200	0	2932600	distractor_noise	sapo_emerge	distractor	n/a	n/a	n/a	n/a	n/a
5866.200	0	2933100	standard_tone	sapo_emerge	standard	n/a	n/a	n/a	n/a	n/a
5867.216	0	2933608	oddball_tone	sapo_emerge	oddball	n/a	n/a	n/a	n/a	n/a
5868.232	0	2934116	standard_tone	sapo_emerge	standard	n/a	n/a	n/a	n/a	n/a
5869.248	0	2934624	oddball_tone	sapo_emerge	oddball	n/a	n/a	n/a	n/a	n/a
5870.262	0	2935131	standard_tone	sapo_emerge	standard	n/a	n/a	n/a	n/a	n/a
5871.278	0	2935639	distractor_noise	sapo_emerge	distractor	n/a	n/a	n/a	n/a	n/a
5872.294	0	2936147	standard_tone	sapo_emerge	standard	n/a	n/a	n/a	n/a	n/a
5873.310	0	2936655	oddball_tone	sapo_emerge	oddball	n/a	n/a	n/a	n/a	n/a
5874.326	0	2937163	standard_tone	sapo_emerge	standard	n/a	n/a	n/a	n/a	n/a
5875.342	0	2937671	standard_tone	sapo_emerge	standard	n/a	n/a	n/a	n/a	n/a
5876.358	0	2938179	oddball_tone	sapo_emerge	oddball	n/a	n/a	n/a	n/a	n/a
5877.374	0	2938687	standard_tone	sapo_emerge	standard	n/a	n/a	n/a	n/a	n/a
5878.390	0	2939195	oddball_tone	sapo_emerge	oddball	n/a	n/a	n/a	n/a	n/a
5879.406	0	2939703	distractor_noise	sapo_emerge	distractor	n/a	n/a	n/a	n/a	n/a
5880.422	0	2940211	standard_tone	sapo_emerge	standard	n/a	n/a	n/a	n/a	n/a
5881.436	0	2940718	oddball_tone	sapo_emerge	oddball	n/a	n/a	n/a	n/a	n/a
5882.454	0	2941227	standard_tone	sapo_emerge	standard	n/a	n/a	n/a	n/a	n/a
5883.468	0	2941734	distractor_noise	sapo_emerge	distractor	n/a	n/a	n/a	n/a	n/a
5884.484	0	2942242	standard_tone	sapo_emerge	standard	n/a	n/a	n/a	n/a	n/a
5885.502	0	2942751	oddball_tone	sapo_emerge	oddball	n/a	n/a	n/a	n/a	n/a
5886.516	0	2943258	distractor_noise	sapo_emerge	distractor	n/a	n/a	n/a	n/a	n/a
5887.532	0	2943766	standard_tone	sapo_emerge	standard	n/a	n/a	n/a	n/a	n/a
5888.548	0	2944274	standard_tone	sapo_emerge	standard	n/a	n/a	n/a	n/a	n/a
5889.564	0	2944782	standard_tone	sapo_emerge	standard	n/a	n/a	n/a	n/a	n/a
5890.580	0	2945290	standard_tone	sapo_emerge	standard	n/a	n/a	n/a	n/a	n/a
5891.596	0	2945798	distractor_noise	sapo_emerge	distractor	n/a	n/a	n/a	n/a	n/a
5892.612	0	2946306	standard_tone	sapo_emerge	standard	n/a	n/a	n/a	n/a	n/a
5893.628	0	2946814	oddball_tone	sapo_emerge	oddball	n/a	n/a	n/a	n/a	n/a
5894.642	0	2947321	distractor_noise	sapo_emerge	distractor	n/a	n/a	n/a	n/a	n/a
5895.658	0	2947829	oddball_tone	sapo_emerge	oddball	n/a	n/a	n/a	n/a	n/a
5896.674	0	2948337	standard_tone	sapo_emerge	standard	n/a	n/a	n/a	n/a	n/a
5897.690	0	2948845	standard_tone	sapo_emerge	standard	n/a	n/a	n/a	n/a	n/a
5898.706	0	2949353	standard_tone	sapo_emerge	standard	n/a	n/a	n/a	n/a	n/a
5899.722	0	2949861	standard_tone	sapo_emerge	standard	n/a	n/a	n/a	n/a	n/a
5900.738	0	2950369	standard_tone	sapo_emerge	standard	n/a	n/a	n/a	n/a	n/a
5901.754	0	2950877	distractor_noise	sapo_emerge	distractor	n/a	n/a	n/a	n/a	n/a
5902.770	0	2951385	standard_tone	sapo_emerge	standard	n/a	n/a	n/a	n/a	n/a
5903.786	0	2951893	standard_tone	sapo_emerge	standard	n/a	n/a	n/a	n/a	n/a
5904.802	0	2952401	standard_tone	sapo_emerge	standard	n/a	n/a	n/a	n/a	n/a
5905.816	0	2952908	standard_tone	sapo_emerge	standard	n/a	n/a	n/a	n/a	n/a
5906.832	0	2953416	distractor_noise	sapo_emerge	distractor	n/a	n/a	n/a	n/a	n/a
5907.848	0	2953924	standard_tone	sapo_emerge	standard	n/a	n/a	n/a	n/a	n/a
5908.864	0	2954432	oddball_tone	sapo_emerge	oddball	n/a	n/a	n/a	n/a	n/a
5909.880	0	2954940	standard_tone	sapo_emerge	standard	n/a	n/a	n/a	n/a	n/a
5910.896	0	2955448	standard_tone	sapo_emerge	standard	n/a	n/a	n/a	n/a	n/a
5911.912	0	2955956	standard_tone	sapo_emerge	standard	n/a	n/a	n/a	n/a	n/a
5912.928	0	2956464	standard_tone	sapo_emerge	standard	n/a	n/a	n/a	n/a	n/a
5913.944	0	2956972	standard_tone	sapo_emerge	standard	n/a	n/a	n/a	n/a	n/a
5914.960	0	2957480	distractor_noise	sapo_emerge	distractor	n/a	n/a	n/a	n/a	n/a
5915.974	0	2957987	standard_tone	sapo_emerge	standard	n/a	n/a	n/a	n/a	n/a
5916.974	0	2958487	standard_tone	sapo_emerge	standard	n/a	n/a	n/a	n/a	n/a
5917.990	0	2958995	standard_tone	sapo_emerge	standard	n/a	n/a	n/a	n/a	n/a
5919.006	0	2959503	standard_tone	sapo_emerge	standard	n/a	n/a	n/a	n/a	n/a
5920.022	0	2960011	oddball_tone	sapo_emerge	oddball	n/a	n/a	n/a	n/a	n/a
5921.038	0	2960519	distractor_noise	sapo_emerge	distractor	n/a	n/a	n/a	n/a	n/a
5922.054	0	2961027	standard_tone	sapo_emerge	standard	n/a	n/a	n/a	n/a	n/a
5923.070	0	2961535	standard_tone	sapo_emerge	standard	n/a	n/a	n/a	n/a	n/a
5924.086	0	2962043	standard_tone	sapo_emerge	standard	n/a	n/a	n/a	n/a	n/a
5925.102	0	2962551	distractor_noise	sapo_emerge	distractor	n/a	n/a	n/a	n/a	n/a
5926.116	0	2963058	standard_tone	sapo_emerge	standard	n/a	n/a	n/a	n/a	n/a
5927.132	0	2963566	standard_tone	sapo_emerge	standard	n/a	n/a	n/a	n/a	n/a
5928.148	0	2964074	standard_tone	sapo_emerge	standard	n/a	n/a	n/a	n/a	n/a
5929.164	0	2964582	standard_tone	sapo_emerge	standard	n/a	n/a	n/a	n/a	n/a
5929.432	0	2964716	silence_end	sapo_emerge	silence-end	n/a	n/a	n/a	n/a	n/a
5929.432	0	2964716	gong_begin	sapo_emerge	gong-begin	n/a	n/a	n/a	n/a	n/a
5930.180	0	2965090	standard_tone	sapo_emerge	standard	n/a	n/a	n/a	n/a	n/a
5931.196	0	2965598	oddball_tone	sapo_emerge	oddball	n/a	n/a	n/a	n/a	n/a
5932.212	0	2966106	standard_tone	sapo_emerge	standard	n/a	n/a	n/a	n/a	n/a
5933.228	0	2966614	distractor_noise	sapo_emerge	distractor	n/a	n/a	n/a	n/a	n/a
5934.244	0	2967122	standard_tone	sapo_emerge	standard	n/a	n/a	n/a	n/a	n/a
5935.260	0	2967630	standard_tone	sapo_emerge	standard	n/a	n/a	n/a	n/a	n/a
5936.276	0	2968138	distractor_noise	sapo_emerge	distractor	n/a	n/a	n/a	n/a	n/a
5937.292	0	2968646	standard_tone	sapo_emerge	standard	n/a	n/a	n/a	n/a	n/a
5938.306	0	2969153	standard_tone	sapo_emerge	standard	n/a	n/a	n/a	n/a	n/a
5939.322	0	2969661	standard_tone	sapo_emerge	standard	n/a	n/a	n/a	n/a	n/a
5939.538	0	2969769	gong_end	sapo_emerge	gong-end	n/a	n/a	n/a	n/a	n/a
5939.540	0	2969770	subblock_end	sapo_emerge	subblock-end-duration-112.921	n/a	n/a	n/a	112.921	n/a
5939.540	0	2969770	subblock_begin	sapo_emerge	subblock-begin	n/a	n/a	n/a	n/a	n/a
5939.540	0	2969770	silence_begin	sapo_emerge	silence-begin	n/a	n/a	n/a	n/a	n/a
5940.340	0	2970170	standard_tone	sapo_emerge	standard	n/a	n/a	n/a	n/a	n/a
5941.354	0	2970677	standard_tone	sapo_emerge	standard	n/a	n/a	n/a	n/a	n/a
5942.372	0	2971186	standard_tone	sapo_emerge	standard	n/a	n/a	n/a	n/a	n/a
5943.386	0	2971693	distractor_noise	sapo_emerge	distractor	n/a	n/a	n/a	n/a	n/a
5944.402	0	2972201	standard_tone	sapo_emerge	standard	n/a	n/a	n/a	n/a	n/a
5945.418	0	2972709	distractor_noise	sapo_emerge	distractor	n/a	n/a	n/a	n/a	n/a
5946.434	0	2973217	standard_tone	sapo_emerge	standard	n/a	n/a	n/a	n/a	n/a
5947.450	0	2973725	standard_tone	sapo_emerge	standard	n/a	n/a	n/a	n/a	n/a
5948.466	0	2974233	standard_tone	sapo_emerge	standard	n/a	n/a	n/a	n/a	n/a
5949.480	0	2974740	oddball_tone	sapo_emerge	oddball	n/a	n/a	n/a	n/a	n/a
5950.480	0	2975240	standard_tone	sapo_emerge	standard	n/a	n/a	n/a	n/a	n/a
5951.496	0	2975748	standard_tone	sapo_emerge	standard	n/a	n/a	n/a	n/a	n/a
5952.512	0	2976256	standard_tone	sapo_emerge	standard	n/a	n/a	n/a	n/a	n/a
5953.528	0	2976764	standard_tone	sapo_emerge	standard	n/a	n/a	n/a	n/a	n/a
5954.544	0	2977272	standard_tone	sapo_emerge	standard	n/a	n/a	n/a	n/a	n/a
5955.560	0	2977780	standard_tone	sapo_emerge	standard	n/a	n/a	n/a	n/a	n/a
5956.574	0	2978287	standard_tone	sapo_emerge	standard	n/a	n/a	n/a	n/a	n/a
5957.590	0	2978795	standard_tone	sapo_emerge	standard	n/a	n/a	n/a	n/a	n/a
5958.606	0	2979303	standard_tone	sapo_emerge	standard	n/a	n/a	n/a	n/a	n/a
5959.622	0	2979811	standard_tone	sapo_emerge	standard	n/a	n/a	n/a	n/a	n/a
5960.638	0	2980319	standard_tone	sapo_emerge	standard	n/a	n/a	n/a	n/a	n/a
5961.654	0	2980827	standard_tone	sapo_emerge	standard	n/a	n/a	n/a	n/a	n/a
5962.670	0	2981335	distractor_noise	sapo_emerge	distractor	n/a	n/a	n/a	n/a	n/a
5963.686	0	2981843	standard_tone	sapo_emerge	standard	n/a	n/a	n/a	n/a	n/a
5964.702	0	2982351	distractor_noise	sapo_emerge	distractor	n/a	n/a	n/a	n/a	n/a
5965.718	0	2982859	standard_tone	sapo_emerge	standard	n/a	n/a	n/a	n/a	n/a
5966.734	0	2983367	standard_tone	sapo_emerge	standard	n/a	n/a	n/a	n/a	n/a
5966.900	0	2983450	clicker_press	sapo_emerge	response-received-page_down	n/a	n/a	n/a	n/a	page_down
5966.934	0	2983467	report_window_begin	sapo_emerge	emerge-sapo-emerge-begin	n/a	n/a	n/a	n/a	n/a
5967.452	0	2983726	clicker_press	sapo_emerge	response-received-page_down	n/a	n/a	n/a	n/a	page_down
5968.082	0	2984041	clicker_press	sapo_emerge	response-received-page_down	n/a	n/a	n/a	n/a	page_down
5970.946	0	2985473	depth_rating	sapo_emerge	rating-sapo-emerge-meditation_depth-3	3	n/a	n/a	n/a	n/a
5981.038	0	2990519	confidence_rating	sapo_emerge	rating-sapo-emerge-confidence_depth-0	n/a	0	n/a	n/a	n/a
5984.484	0	2992242	report_window_end	sapo_emerge	emerge-sapo-emerge-end	n/a	n/a	n/a	n/a	n/a
5984.486	0	2992243	subblock_begin	sapo_emerge	subblock-begin	n/a	n/a	n/a	n/a	n/a
5984.486	0	2992243	silence_begin	sapo_emerge	silence-begin	n/a	n/a	n/a	n/a	n/a
5984.486	0	2992243	oddball_tone	sapo_emerge	oddball	n/a	n/a	n/a	n/a	n/a
5985.502	0	2992751	standard_tone	sapo_emerge	standard	n/a	n/a	n/a	n/a	n/a
5986.518	0	2993259	standard_tone	sapo_emerge	standard	n/a	n/a	n/a	n/a	n/a
5987.532	0	2993766	standard_tone	sapo_emerge	standard	n/a	n/a	n/a	n/a	n/a
5988.548	0	2994274	oddball_tone	sapo_emerge	oddball	n/a	n/a	n/a	n/a	n/a
5989.564	0	2994782	standard_tone	sapo_emerge	standard	n/a	n/a	n/a	n/a	n/a
5990.564	0	2995282	standard_tone	sapo_emerge	standard	n/a	n/a	n/a	n/a	n/a
5991.580	0	2995790	standard_tone	sapo_emerge	standard	n/a	n/a	n/a	n/a	n/a
5992.596	0	2996298	standard_tone	sapo_emerge	standard	n/a	n/a	n/a	n/a	n/a
5993.612	0	2996806	standard_tone	sapo_emerge	standard	n/a	n/a	n/a	n/a	n/a
5994.626	0	2997313	standard_tone	sapo_emerge	standard	n/a	n/a	n/a	n/a	n/a
5995.642	0	2997821	standard_tone	sapo_emerge	standard	n/a	n/a	n/a	n/a	n/a
5996.658	0	2998329	standard_tone	sapo_emerge	standard	n/a	n/a	n/a	n/a	n/a
5997.674	0	2998837	standard_tone	sapo_emerge	standard	n/a	n/a	n/a	n/a	n/a
5998.690	0	2999345	oddball_tone	sapo_emerge	oddball	n/a	n/a	n/a	n/a	n/a
5999.706	0	2999853	standard_tone	sapo_emerge	standard	n/a	n/a	n/a	n/a	n/a
6000.722	0	3000361	oddball_tone	sapo_emerge	oddball	n/a	n/a	n/a	n/a	n/a
6001.738	0	3000869	distractor_noise	sapo_emerge	distractor	n/a	n/a	n/a	n/a	n/a
6002.754	0	3001377	oddball_tone	sapo_emerge	oddball	n/a	n/a	n/a	n/a	n/a
6003.770	0	3001885	standard_tone	sapo_emerge	standard	n/a	n/a	n/a	n/a	n/a
6004.770	0	3002385	distractor_noise	sapo_emerge	distractor	n/a	n/a	n/a	n/a	n/a
6005.784	0	3002892	standard_tone	sapo_emerge	standard	n/a	n/a	n/a	n/a	n/a
6006.800	0	3003400	oddball_tone	sapo_emerge	oddball	n/a	n/a	n/a	n/a	n/a
6007.816	0	3003908	standard_tone	sapo_emerge	standard	n/a	n/a	n/a	n/a	n/a
6008.832	0	3004416	standard_tone	sapo_emerge	standard	n/a	n/a	n/a	n/a	n/a
6009.848	0	3004924	distractor_noise	sapo_emerge	distractor	n/a	n/a	n/a	n/a	n/a
6010.864	0	3005432	standard_tone	sapo_emerge	standard	n/a	n/a	n/a	n/a	n/a
6011.878	0	3005939	standard_tone	sapo_emerge	standard	n/a	n/a	n/a	n/a	n/a
6012.894	0	3006447	standard_tone	sapo_emerge	standard	n/a	n/a	n/a	n/a	n/a
6013.910	0	3006955	standard_tone	sapo_emerge	standard	n/a	n/a	n/a	n/a	n/a
6014.926	0	3007463	standard_tone	sapo_emerge	standard	n/a	n/a	n/a	n/a	n/a
6015.942	0	3007971	standard_tone	sapo_emerge	standard	n/a	n/a	n/a	n/a	n/a
6016.958	0	3008479	standard_tone	sapo_emerge	standard	n/a	n/a	n/a	n/a	n/a
6017.974	0	3008987	standard_tone	sapo_emerge	standard	n/a	n/a	n/a	n/a	n/a
6018.990	0	3009495	standard_tone	sapo_emerge	standard	n/a	n/a	n/a	n/a	n/a
6020.006	0	3010003	oddball_tone	sapo_emerge	oddball	n/a	n/a	n/a	n/a	n/a
6021.022	0	3010511	standard_tone	sapo_emerge	standard	n/a	n/a	n/a	n/a	n/a
6022.038	0	3011019	standard_tone	sapo_emerge	standard	n/a	n/a	n/a	n/a	n/a
6023.054	0	3011527	distractor_noise	sapo_emerge	distractor	n/a	n/a	n/a	n/a	n/a
6024.070	0	3012035	standard_tone	sapo_emerge	standard	n/a	n/a	n/a	n/a	n/a
6025.086	0	3012543	standard_tone	sapo_emerge	standard	n/a	n/a	n/a	n/a	n/a
6026.102	0	3013051	standard_tone	sapo_emerge	standard	n/a	n/a	n/a	n/a	n/a
6027.116	0	3013558	standard_tone	sapo_emerge	standard	n/a	n/a	n/a	n/a	n/a
6028.132	0	3014066	standard_tone	sapo_emerge	standard	n/a	n/a	n/a	n/a	n/a
6029.148	0	3014574	standard_tone	sapo_emerge	standard	n/a	n/a	n/a	n/a	n/a
6030.164	0	3015082	oddball_tone	sapo_emerge	oddball	n/a	n/a	n/a	n/a	n/a
6031.164	0	3015582	standard_tone	sapo_emerge	standard	n/a	n/a	n/a	n/a	n/a
6032.180	0	3016090	standard_tone	sapo_emerge	standard	n/a	n/a	n/a	n/a	n/a
6033.194	0	3016597	standard_tone	sapo_emerge	standard	n/a	n/a	n/a	n/a	n/a
6034.210	0	3017105	distractor_noise	sapo_emerge	distractor	n/a	n/a	n/a	n/a	n/a
6035.226	0	3017613	standard_tone	sapo_emerge	standard	n/a	n/a	n/a	n/a	n/a
6036.242	0	3018121	standard_tone	sapo_emerge	standard	n/a	n/a	n/a	n/a	n/a
6037.258	0	3018629	standard_tone	sapo_emerge	standard	n/a	n/a	n/a	n/a	n/a
6038.274	0	3019137	standard_tone	sapo_emerge	standard	n/a	n/a	n/a	n/a	n/a
6039.290	0	3019645	oddball_tone	sapo_emerge	oddball	n/a	n/a	n/a	n/a	n/a
6040.306	0	3020153	standard_tone	sapo_emerge	standard	n/a	n/a	n/a	n/a	n/a
6041.322	0	3020661	standard_tone	sapo_emerge	standard	n/a	n/a	n/a	n/a	n/a
6042.340	0	3021170	standard_tone	sapo_emerge	standard	n/a	n/a	n/a	n/a	n/a
6043.354	0	3021677	standard_tone	sapo_emerge	standard	n/a	n/a	n/a	n/a	n/a
6044.370	0	3022185	standard_tone	sapo_emerge	standard	n/a	n/a	n/a	n/a	n/a
6045.386	0	3022693	oddball_tone	sapo_emerge	oddball	n/a	n/a	n/a	n/a	n/a
6046.400	0	3023200	standard_tone	sapo_emerge	standard	n/a	n/a	n/a	n/a	n/a
6047.416	0	3023708	standard_tone	sapo_emerge	standard	n/a	n/a	n/a	n/a	n/a
6048.432	0	3024216	standard_tone	sapo_emerge	standard	n/a	n/a	n/a	n/a	n/a
6049.448	0	3024724	standard_tone	sapo_emerge	standard	n/a	n/a	n/a	n/a	n/a
6050.464	0	3025232	standard_tone	sapo_emerge	standard	n/a	n/a	n/a	n/a	n/a
6051.480	0	3025740	standard_tone	sapo_emerge	standard	n/a	n/a	n/a	n/a	n/a
6052.480	0	3026240	standard_tone	sapo_emerge	standard	n/a	n/a	n/a	n/a	n/a
6053.494	0	3026747	standard_tone	sapo_emerge	standard	n/a	n/a	n/a	n/a	n/a
6054.510	0	3027255	standard_tone	sapo_emerge	standard	n/a	n/a	n/a	n/a	n/a
6055.526	0	3027763	distractor_noise	sapo_emerge	distractor	n/a	n/a	n/a	n/a	n/a
6056.542	0	3028271	oddball_tone	sapo_emerge	oddball	n/a	n/a	n/a	n/a	n/a
6057.558	0	3028779	distractor_noise	sapo_emerge	distractor	n/a	n/a	n/a	n/a	n/a
6058.574	0	3029287	standard_tone	sapo_emerge	standard	n/a	n/a	n/a	n/a	n/a
6059.590	0	3029795	standard_tone	sapo_emerge	standard	n/a	n/a	n/a	n/a	n/a
6060.590	0	3030295	oddball_tone	sapo_emerge	oddball	n/a	n/a	n/a	n/a	n/a
6061.604	0	3030802	standard_tone	sapo_emerge	standard	n/a	n/a	n/a	n/a	n/a
6062.620	0	3031310	oddball_tone	sapo_emerge	oddball	n/a	n/a	n/a	n/a	n/a
6063.636	0	3031818	distractor_noise	sapo_emerge	distractor	n/a	n/a	n/a	n/a	n/a
6064.652	0	3032326	standard_tone	sapo_emerge	standard	n/a	n/a	n/a	n/a	n/a
6065.668	0	3032834	distractor_noise	sapo_emerge	distractor	n/a	n/a	n/a	n/a	n/a
6066.684	0	3033342	standard_tone	sapo_emerge	standard	n/a	n/a	n/a	n/a	n/a
6067.684	0	3033842	distractor_noise	sapo_emerge	distractor	n/a	n/a	n/a	n/a	n/a
6068.718	0	3034359	standard_tone	sapo_emerge	standard	n/a	n/a	n/a	n/a	n/a
6069.732	0	3034866	oddball_tone	sapo_emerge	oddball	n/a	n/a	n/a	n/a	n/a
6070.748	0	3035374	standard_tone	sapo_emerge	standard	n/a	n/a	n/a	n/a	n/a
6071.762	0	3035881	standard_tone	sapo_emerge	standard	n/a	n/a	n/a	n/a	n/a
6072.778	0	3036389	standard_tone	sapo_emerge	standard	n/a	n/a	n/a	n/a	n/a
6073.794	0	3036897	standard_tone	sapo_emerge	standard	n/a	n/a	n/a	n/a	n/a
6074.810	0	3037405	distractor_noise	sapo_emerge	distractor	n/a	n/a	n/a	n/a	n/a
6075.826	0	3037913	standard_tone	sapo_emerge	standard	n/a	n/a	n/a	n/a	n/a
6076.826	0	3038413	distractor_noise	sapo_emerge	distractor	n/a	n/a	n/a	n/a	n/a
6077.842	0	3038921	standard_tone	sapo_emerge	standard	n/a	n/a	n/a	n/a	n/a
6078.856	0	3039428	distractor_noise	sapo_emerge	distractor	n/a	n/a	n/a	n/a	n/a
6079.872	0	3039936	standard_tone	sapo_emerge	standard	n/a	n/a	n/a	n/a	n/a
6080.890	0	3040445	standard_tone	sapo_emerge	standard	n/a	n/a	n/a	n/a	n/a
6081.904	0	3040952	standard_tone	sapo_emerge	standard	n/a	n/a	n/a	n/a	n/a
6082.920	0	3041460	standard_tone	sapo_emerge	standard	n/a	n/a	n/a	n/a	n/a
6083.936	0	3041968	standard_tone	sapo_emerge	standard	n/a	n/a	n/a	n/a	n/a
6084.952	0	3042476	standard_tone	sapo_emerge	standard	n/a	n/a	n/a	n/a	n/a
6085.202	0	3042601	silence_end	sapo_emerge	silence-end	n/a	n/a	n/a	n/a	n/a
6085.968	0	3042984	standard_tone	sapo_emerge	standard	n/a	n/a	n/a	n/a	n/a
6086.966	0	3043483	standard_tone	sapo_emerge	standard	n/a	n/a	n/a	n/a	n/a
6087.982	0	3043991	standard_tone	sapo_emerge	standard	n/a	n/a	n/a	n/a	n/a
6088.998	0	3044499	standard_tone	sapo_emerge	standard	n/a	n/a	n/a	n/a	n/a
6090.014	0	3045007	oddball_tone	sapo_emerge	oddball	n/a	n/a	n/a	n/a	n/a
6090.614	0	3045307	sapo_emerge_end	sapo_emerge	block-sapo-emerge-end	n/a	n/a	n/a	n/a	n/a
6090.616	0	3045308	block_duration	sapo_emerge	block-sapo-emerge-duration-2100	n/a	n/a	n/a	2100.000	n/a
6090.616	0	3045308	prompt_window_begin	sapo_emerge	probe-sapo-emerge-begin	n/a	n/a	n/a	n/a	n/a
6099.658	0	3049829	depth_rating	sapo_emerge	rating-sapo-emerge-meditation_depth-0	0	n/a	n/a	n/a	n/a
6109.716	0	3054858	confidence_rating	sapo_emerge	rating-sapo-emerge-confidence_depth-0	n/a	0	n/a	n/a	n/a
6110.830	0	3055415	prompt_window_end	sapo_emerge	probe-sapo-emerge-end	n/a	n/a	n/a	n/a	n/a
6110.832	0	3055416	break_begin	break	break-begin	n/a	n/a	n/a	n/a	n/a
6261.088	0	3130544	clicker_press	break	response-received-enter	n/a	n/a	n/a	n/a	enter
6261.106	0	3130553	break_end	break	break-end	n/a	n/a	n/a	n/a	n/a
6291.980	0	3145990	clicker_press	n/a	response-received-page_up	n/a	n/a	n/a	n/a	page_up
6292.030	0	3146015	post_meditation_begin	post_meditation	post-meditation-begin	n/a	n/a	n/a	n/a	n/a
6592.048	0	3296024	post_meditation_end	post_meditation	post-meditation-end	n/a	n/a	n/a	n/a	n/a
6592.048	0	3296024	prompt_window_begin	post_meditation	probe-post-meditation-begin	n/a	n/a	n/a	n/a	n/a
6599.192	0	3299596	clicker_press	n/a	response-received-page_down	n/a	n/a	n/a	n/a	page_down
6599.774	0	3299887	clicker_press	n/a	response-received-page_down	n/a	n/a	n/a	n/a	page_down
6600.374	0	3300187	clicker_press	n/a	response-received-page_down	n/a	n/a	n/a	n/a	page_down
6601.058	0	3300529	depth_rating	post_meditation	rating-post-meditation-meditation_depth-3	3	n/a	n/a	n/a	n/a
6607.302	0	3303651	clicker_press	n/a	response-received-page_down	n/a	n/a	n/a	n/a	page_down
6607.752	0	3303876	clicker_press	n/a	response-received-page_down	n/a	n/a	n/a	n/a	page_down
6608.268	0	3304134	clicker_press	n/a	response-received-page_down	n/a	n/a	n/a	n/a	page_down
6608.750	0	3304375	clicker_press	n/a	response-received-page_down	n/a	n/a	n/a	n/a	page_down
6611.116	0	3305558	confidence_rating	post_meditation	rating-post-meditation-confidence_depth-4	n/a	4	n/a	n/a	n/a
6612.182	0	3306091	prompt_window_end	post_meditation	probe-post-meditation-end	n/a	n/a	n/a	n/a	n/a
6621.156	0	3310578	task_end	n/a	task-end	n/a	n/a	n/a	n/a	n/a
