onset	duration	sample	trial_type	block	value	depth	confidence	response_time	logged_duration	key
0.000	0	0	clicker_press	n/a	response-received-arrow_up	n/a	n/a	n/a	n/a	arrow_up
8.708	0	4354	clicker_press	n/a	response-received-arrow_up	n/a	n/a	n/a	n/a	arrow_up
28.408	0	14204	clicker_press	n/a	response-received-arrow_up	n/a	n/a	n/a	n/a	arrow_up
38.400	0	19200	clicker_press	n/a	response-received-arrow_up	n/a	n/a	n/a	n/a	arrow_up
57.434	0	28717	clicker_press	n/a	response-received-arrow_up	n/a	n/a	n/a	n/a	arrow_up
85.078	0	42539	clicker_press	n/a	response-received-arrow_up	n/a	n/a	n/a	n/a	arrow_up
98.268	0	49134	clicker_press	n/a	response-received-arrow_up	n/a	n/a	n/a	n/a	arrow_up
113.838	0	56919	clicker_press	n/a	response-received-arrow_up	n/a	n/a	n/a	n/a	arrow_up
113.872	0	56936	task_begin	n/a	task-begin	n/a	n/a	n/a	n/a	n/a
164.612	0	82306	clicker_press	n/a	response-received-arrow_up	n/a	n/a	n/a	n/a	arrow_up
164.680	0	82340	baseline_begin	baseline	baseline-begin	n/a	n/a	n/a	n/a	n/a
464.698	0	232349	baseline_end	baseline	baseline-end	n/a	n/a	n/a	n/a	n/a
515.480	0	257740	clicker_press	n/a	response-received-arrow_up	n/a	n/a	n/a	n/a	arrow_up
515.486	0	257743	pre_meditation_begin	pre_meditation	pre-meditation-begin	n/a	n/a	n/a	n/a	n/a
815.506	0	407753	pre_meditation_end	pre_meditation	pre-meditation-end	n/a	n/a	n/a	n/a	n/a
815.508	0	407754	prompt_window_begin	pre_meditation	probe-pre-meditation-begin	n/a	n/a	n/a	n/a	n/a
823.134	0	411567	clicker_press	n/a	response-received-arrow_up	n/a	n/a	n/a	n/a	arrow_up
823.450	0	411725	clicker_press	n/a	response-received-arrow_up	n/a	n/a	n/a	n/a	arrow_up
824.550	0	412275	depth_rating	pre_meditation	rating-pre-meditation-meditation_depth-2	2	n/a	n/a	n/a	n/a
831.526	0	415763	clicker_press	n/a	response-received-arrow_up	n/a	n/a	n/a	n/a	arrow_up
831.876	0	415938	clicker_press	n/a	response-received-arrow_up	n/a	n/a	n/a	n/a	arrow_up
832.208	0	416104	clicker_press	n/a	response-received-arrow_up	n/a	n/a	n/a	n/a	arrow_up
832.526	0	416263	clicker_press	n/a	response-received-arrow_up	n/a	n/a	n/a	n/a	arrow_up
832.892	0	416446	clicker_press	n/a	response-received-arrow_up	n/a	n/a	n/a	n/a	arrow_up
834.624	0	417312	confidence_rating	pre_meditation	rating-pre-meditation-confidence_depth-5	n/a	5	n/a	n/a	n/a
835.706	0	417853	prompt_window_end	pre_meditation	probe-pre-meditation-end	n/a	n/a	n/a	n/a	n/a
904.256	0	452128	clicker_press	n/a	response-received-arrow_up	n/a	n/a	n/a	n/a	arrow_up
904.274	0	452137	silent_probe_begin	silent_probe	block-nosapo-probe-begin	n/a	n/a	n/a	n/a	n/a
904.274	0	452137	subblock_begin	silent_probe	subblock-begin	n/a	n/a	n/a	n/a	n/a
904.274	0	452137	silence_begin	silent_probe	silence-begin	n/a	n/a	n/a	n/a	n/a
1017.040	0	508520	silence_end	silent_probe	silence-end	n/a	n/a	n/a	n/a	n/a
1017.040	0	508520	subblock_end	silent_probe	subblock-end-duration-112.767	n/a	n/a	n/a	112.767	n/a
1017.042	0	508521	subblock_begin	silent_probe	subblock-begin	n/a	n/a	n/a	n/a	n/a
1017.042	0	508521	silence_begin	silent_probe	silence-begin	n/a	n/a	n/a	n/a	n/a
1086.300	0	543150	prompt_window_begin	silent_probe	probe-nosapo-probe-begin	n/a	n/a	n/a	n/a	n/a
1093.864	0	546932	clicker_press	silent_probe	response-received-arrow_up	n/a	n/a	n/a	n/a	arrow_up
1094.146	0	547073	clicker_press	silent_probe	response-received-arrow_up	n/a	n/a	n/a	n/a	arrow_up
1095.326	0	547663	depth_rating	silent_probe	rating-nosapo-probe-meditation_depth-2	2	n/a	n/a	n/a	n/a
1102.202	0	551101	clicker_press	silent_probe	response-received-arrow_up	n/a	n/a	n/a	n/a	arrow_up
1102.502	0	551251	clicker_press	silent_probe	response-received-arrow_up	n/a	n/a	n/a	n/a	arrow_up
1102.802	0	551401	clicker_press	silent_probe	response-received-arrow_up	n/a	n/a	n/a	n/a	arrow_up
1103.102	0	551551	clicker_press	silent_probe	response-received-arrow_up	n/a	n/a	n/a	n/a	arrow_up
1105.434	0	552717	confidence_rating	silent_probe	rating-nosapo-probe-confidence_depth-4	n/a	4	n/a	n/a	n/a
1108.948	0	554474	prompt_window_end	silent_probe	probe-nosapo-probe-end	n/a	n/a	n/a	n/a	n/a
1156.724	0	578362	silence_end	silent_probe	silence-end	n/a	n/a	n/a	n/a	n/a
1156.726	0	578363	subblock_end	silent_probe	subblock-end-duration-139.683	n/a	n/a	n/a	139.683	n/a
1156.726	0	578363	subblock_begin	silent_probe	subblock-begin	n/a	n/a	n/a	n/a	n/a
1156.726	0	578363	silence_begin	silent_probe	silence-begin	n/a	n/a	n/a	n/a	n/a
1273.078	0	636539	silence_end	silent_probe	silence-end	n/a	n/a	n/a	n/a	n/a
1273.080	0	636540	subblock_end	silent_probe	subblock-end-duration-116.354	n/a	n/a	n/a	116.354	n/a
1273.080	0	636540	subblock_begin	silent_probe	subblock-begin	n/a	n/a	n/a	n/a	n/a
1273.080	0	636540	silence_begin	silent_probe	silence-begin	n/a	n/a	n/a	n/a	n/a
1303.986	0	651993	prompt_window_begin	silent_probe	probe-nosapo-probe-begin	n/a	n/a	n/a	n/a	n/a
1312.064	0	656032	clicker_press	silent_probe	response-received-arrow_up	n/a	n/a	n/a	n/a	arrow_up
1312.362	0	656181	clicker_press	silent_probe	response-received-arrow_up	n/a	n/a	n/a	n/a	arrow_up
1312.646	0	656323	clicker_press	silent_probe	response-received-arrow_up	n/a	n/a	n/a	n/a	arrow_up
1313.028	0	656514	depth_rating	silent_probe	rating-nosapo-probe-meditation_depth-3	3	n/a	n/a	n/a	n/a
1319.790	0	659895	clicker_press	silent_probe	response-received-arrow_up	n/a	n/a	n/a	n/a	arrow_up
1320.122	0	660061	clicker_press	silent_probe	response-received-arrow_up	n/a	n/a	n/a	n/a	arrow_up
1320.422	0	660211	clicker_press	silent_probe	response-received-arrow_up	n/a	n/a	n/a	n/a	arrow_up
1320.706	0	660353	clicker_press	silent_probe	response-received-arrow_up	n/a	n/a	n/a	n/a	arrow_up
1321.056	0	660528	clicker_press	silent_probe	response-received-arrow_up	n/a	n/a	n/a	n/a	arrow_up
1323.136	0	661568	confidence_rating	silent_probe	rating-nosapo-probe-confidence_depth-5	n/a	5	n/a	n/a	n/a
1326.584	0	663292	prompt_window_end	silent_probe	probe-nosapo-probe-end	n/a	n/a	n/a	n/a	n/a
1403.636	0	701818	silence_end	silent_probe	silence-end	n/a	n/a	n/a	n/a	n/a
1403.638	0	701819	subblock_end	silent_probe	subblock-end-duration-130.557	n/a	n/a	n/a	130.557	n/a
1403.638	0	701819	subblock_begin	silent_probe	subblock-begin	n/a	n/a	n/a	n/a	n/a
1403.638	0	701819	silence_begin	silent_probe	silence-begin	n/a	n/a	n/a	n/a	n/a
1515.826	0	757913	silence_end	silent_probe	silence-end	n/a	n/a	n/a	n/a	n/a
1515.828	0	757914	subblock_end	silent_probe	subblock-end-duration-112.19	n/a	n/a	n/a	112.190	n/a
1515.828	0	757914	subblock_begin	silent_probe	subblock-begin	n/a	n/a	n/a	n/a	n/a
1515.828	0	757914	silence_begin	silent_probe	silence-begin	n/a	n/a	n/a	n/a	n/a
1535.694	0	767847	prompt_window_begin	silent_probe	probe-nosapo-probe-begin	n/a	n/a	n/a	n/a	n/a
1542.852	0	771426	clicker_press	silent_probe	response-received-arrow_up	n/a	n/a	n/a	n/a	arrow_up
1543.138	0	771569	clicker_press	silent_probe	response-received-arrow_up	n/a	n/a	n/a	n/a	arrow_up
1543.488	0	771744	clicker_press	silent_probe	response-received-arrow_up	n/a	n/a	n/a	n/a	arrow_up
1543.772	0	771886	clicker_press	silent_probe	response-received-arrow_up	n/a	n/a	n/a	n/a	arrow_up
1544.736	0	772368	depth_rating	silent_probe	rating-nosapo-probe-meditation_depth-4	4	n/a	n/a	n/a	n/a
1551.248	0	775624	clicker_press	silent_probe	response-received-arrow_up	n/a	n/a	n/a	n/a	arrow_up
1551.530	0	775765	clicker_press	silent_probe	response-received-arrow_up	n/a	n/a	n/a	n/a	arrow_up
1551.798	0	775899	clicker_press	silent_probe	response-received-arrow_up	n/a	n/a	n/a	n/a	arrow_up
1552.098	0	776049	clicker_press	silent_probe	response-received-arrow_up	n/a	n/a	n/a	n/a	arrow_up
1554.812	0	777406	confidence_rating	silent_probe	rating-nosapo-probe-confidence_depth-4	n/a	4	n/a	n/a	n/a
1558.358	0	779179	prompt_window_end	silent_probe	probe-nosapo-probe-end	n/a	n/a	n/a	n/a	n/a
1642.290	0	821145	silence_end	silent_probe	silence-end	n/a	n/a	n/a	n/a	n/a
1642.290	0	821145	subblock_end	silent_probe	subblock-end-duration-126.462	n/a	n/a	n/a	126.462	n/a
1642.290	0	821145	subblock_begin	silent_probe	subblock-begin	n/a	n/a	n/a	n/a	n/a
1642.292	0	821146	silence_begin	silent_probe	silence-begin	n/a	n/a	n/a	n/a	n/a
1755.546	0	877773	silence_end	silent_probe	silence-end	n/a	n/a	n/a	n/a	n/a
1755.546	0	877773	gong_begin	silent_probe	gong-begin	n/a	n/a	n/a	n/a	n/a
1765.636	0	882818	gong_end	silent_probe	gong-end	n/a	n/a	n/a	n/a	n/a
1765.638	0	882819	subblock_end	silent_probe	subblock-end-duration-123.347	n/a	n/a	n/a	123.347	n/a
1765.638	0	882819	subblock_begin	silent_probe	subblock-begin	n/a	n/a	n/a	n/a	n/a
1765.638	0	882819	silence_begin	silent_probe	silence-begin	n/a	n/a	n/a	n/a	n/a
1774.396	0	887198	prompt_window_begin	silent_probe	probe-nosapo-probe-begin	n/a	n/a	n/a	n/a	n/a
1781.130	0	890565	clicker_press	silent_probe	response-received-arrow_up	n/a	n/a	n/a	n/a	arrow_up
1781.440	0	890720	clicker_press	silent_probe	response-received-arrow_up	n/a	n/a	n/a	n/a	arrow_up
1781.740	0	890870	clicker_press	silent_probe	response-received-arrow_up	n/a	n/a	n/a	n/a	arrow_up
1782.124	0	891062	clicker_press	silent_probe	response-received-arrow_up	n/a	n/a	n/a	n/a	arrow_up
1783.488	0	891744	depth_rating	silent_probe	rating-nosapo-probe-meditation_depth-4	4	n/a	n/a	n/a	n/a
1789.716	0	894858	clicker_press	silent_probe	response-received-arrow_up	n/a	n/a	n/a	n/a	arrow_up
1790.000	0	895000	clicker_press	silent_probe	response-received-arrow_up	n/a	n/a	n/a	n/a	arrow_up
1790.316	0	895158	clicker_press	silent_probe	response-received-arrow_up	n/a	n/a	n/a	n/a	arrow_up
1790.616	0	895308	clicker_press	silent_probe	response-received-arrow_up	n/a	n/a	n/a	n/a	arrow_up
1790.900	0	895450	clicker_press	silent_probe	response-received-arrow_up	n/a	n/a	n/a	n/a	arrow_up
1793.696	0	896848	confidence_rating	silent_probe	rating-nosapo-probe-confidence_depth-5	n/a	5	n/a	n/a	n/a
1797.310	0	898655	prompt_window_end	silent_probe	probe-nosapo-probe-end	n/a	n/a	n/a	n/a	n/a
1896.544	0	948272	silence_end	silent_probe	silence-end	n/a	n/a	n/a	n/a	n/a
1896.546	0	948273	subblock_end	silent_probe	subblock-end-duration-130.908	n/a	n/a	n/a	130.908	n/a
1896.546	0	948273	subblock_begin	silent_probe	subblock-begin	n/a	n/a	n/a	n/a	n/a
1896.546	0	948273	silence_begin	silent_probe	silence-begin	n/a	n/a	n/a	n/a	n/a
1986.420	0	993210	prompt_window_begin	silent_probe	probe-nosapo-probe-begin	n/a	n/a	n/a	n/a	n/a
1993.816	0	996908	clicker_press	silent_probe	response-received-arrow_up	n/a	n/a	n/a	n/a	arrow_up
1994.114	0	997057	clicker_press	silent_probe	response-received-arrow_up	n/a	n/a	n/a	n/a	arrow_up
1995.464	0	997732	depth_rating	silent_probe	rating-nosapo-probe-meditation_depth-2	2	n/a	n/a	n/a	n/a
2001.774	0	1000887	clicker_press	silent_probe	response-received-arrow_up	n/a	n/a	n/a	n/a	arrow_up
2002.024	0	1001012	clicker_press	silent_probe	response-received-arrow_up	n/a	n/a	n/a	n/a	arrow_up
2002.324	0	1001162	clicker_press	silent_probe	response-received-arrow_up	n/a	n/a	n/a	n/a	arrow_up
2002.624	0	1001312	clicker_press	silent_probe	response-received-arrow_up	n/a	n/a	n/a	n/a	arrow_up
2005.538	0	1002769	confidence_rating	silent_probe	rating-nosapo-probe-confidence_depth-4	n/a	4	n/a	n/a	n/a
2009.052	0	1004526	prompt_window_end	silent_probe	probe-nosapo-probe-end	n/a	n/a	n/a	n/a	n/a
2032.382	0	1016191	silence_end	silent_probe	silence-end	n/a	n/a	n/a	n/a	n/a
2032.382	0	1016191	gong_begin	silent_probe	gong-begin	n/a	n/a	n/a	n/a	n/a
2042.542	0	1021271	gong_end	silent_probe	gong-end	n/a	n/a	n/a	n/a	n/a
2042.542	0	1021271	subblock_end	silent_probe	subblock-end-duration-145.997	n/a	n/a	n/a	145.997	n/a
2042.542	0	1021271	subblock_begin	silent_probe	subblock-begin	n/a	n/a	n/a	n/a	n/a
2042.544	0	1021272	silence_begin	silent_probe	silence-begin	n/a	n/a	n/a	n/a	n/a
2159.594	0	1079797	silence_end	silent_probe	silence-end	n/a	n/a	n/a	n/a	n/a
2159.594	0	1079797	gong_begin	silent_probe	gong-begin	n/a	n/a	n/a	n/a	n/a
2169.686	0	1084843	gong_end	silent_probe	gong-end	n/a	n/a	n/a	n/a	n/a
2169.686	0	1084843	subblock_end	silent_probe	subblock-end-duration-127.144	n/a	n/a	n/a	127.144	n/a
2169.686	0	1084843	subblock_begin	silent_probe	subblock-begin	n/a	n/a	n/a	n/a	n/a
2169.686	0	1084843	silence_begin	silent_probe	silence-begin	n/a	n/a	n/a	n/a	n/a
2234.066	0	1117033	prompt_window_begin	silent_probe	probe-nosapo-probe-begin	n/a	n/a	n/a	n/a	n/a
2240.610	0	1120305	clicker_press	silent_probe	response-received-arrow_up	n/a	n/a	n/a	n/a	arrow_up
2240.876	0	1120438	clicker_press	silent_probe	response-received-arrow_up	n/a	n/a	n/a	n/a	arrow_up
2241.192	0	1120596	clicker_press	silent_probe	response-received-arrow_up	n/a	n/a	n/a	n/a	arrow_up
2243.108	0	1121554	depth_rating	silent_probe	rating-nosapo-probe-meditation_depth-3	3	n/a	n/a	n/a	n/a
2250.086	0	1125043	clicker_press	silent_probe	response-received-arrow_up	n/a	n/a	n/a	n/a	arrow_up
2250.336	0	1125168	clicker_press	silent_probe	response-received-arrow_up	n/a	n/a	n/a	n/a	arrow_up
2250.602	0	1125301	clicker_press	silent_probe	response-received-arrow_up	n/a	n/a	n/a	n/a	arrow_up
2250.936	0	1125468	clicker_press	silent_probe	response-received-arrow_up	n/a	n/a	n/a	n/a	arrow_up
2253.250	0	1126625	confidence_rating	silent_probe	rating-nosapo-probe-confidence_depth-4	n/a	4	n/a	n/a	n/a
2256.780	0	1128390	prompt_window_end	silent_probe	probe-nosapo-probe-end	n/a	n/a	n/a	n/a	n/a
2304.890	0	1152445	silence_end	silent_probe	silence-end	n/a	n/a	n/a	n/a	n/a
2304.890	0	1152445	gong_begin	silent_probe	gong-begin	n/a	n/a	n/a	n/a	n/a
2314.998	0	1157499	gong_end	silent_probe	gong-end	n/a	n/a	n/a	n/a	n/a
2315.000	0	1157500	subblock_end	silent_probe	subblock-end-duration-145.314	n/a	n/a	n/a	145.314	n/a
2315.000	0	1157500	subblock_begin	silent_probe	subblock-begin	n/a	n/a	n/a	n/a	n/a
2315.000	0	1157500	silence_begin	silent_probe	silence-begin	n/a	n/a	n/a	n/a	n/a
2431.168	0	1215584	silence_end	silent_probe	silence-end	n/a	n/a	n/a	n/a	n/a
2431.168	0	1215584	subblock_end	silent_probe	subblock-end-duration-116.17	n/a	n/a	n/a	116.170	n/a
2431.170	0	1215585	subblock_begin	silent_probe	subblock-begin	n/a	n/a	n/a	n/a	n/a
2431.170	0	1215585	silence_begin	silent_probe	silence-begin	n/a	n/a	n/a	n/a	n/a
2436.880	0	1218440	prompt_window_begin	silent_probe	probe-nosapo-probe-begin	n/a	n/a	n/a	n/a	n/a
2444.382	0	1222191	clicker_press	silent_probe	response-received-arrow_up	n/a	n/a	n/a	n/a	arrow_up
2444.708	0	1222354	clicker_press	silent_probe	response-received-arrow_up	n/a	n/a	n/a	n/a	arrow_up
2444.992	0	1222496	clicker_press	silent_probe	response-received-arrow_up	n/a	n/a	n/a	n/a	arrow_up
2445.374	0	1222687	clicker_press	silent_probe	response-received-arrow_up	n/a	n/a	n/a	n/a	arrow_up
2445.906	0	1222953	depth_rating	silent_probe	rating-nosapo-probe-meditation_depth-4	4	n/a	n/a	n/a	n/a
2451.936	0	1225968	clicker_press	silent_probe	response-received-arrow_up	n/a	n/a	n/a	n/a	arrow_up
2452.254	0	1226127	clicker_press	silent_probe	response-received-arrow_up	n/a	n/a	n/a	n/a	arrow_up
2452.518	0	1226259	clicker_press	silent_probe	response-received-arrow_up	n/a	n/a	n/a	n/a	arrow_up
2452.818	0	1226409	clicker_press	silent_probe	response-received-arrow_up	n/a	n/a	n/a	n/a	arrow_up
2455.966	0	1227983	confidence_rating	silent_probe	rating-nosapo-probe-confidence_depth-4	n/a	4	n/a	n/a	n/a
2459.428	0	1229714	prompt_window_end	silent_probe	probe-nosapo-probe-end	n/a	n/a	n/a	n/a	n/a
2560.278	0	1280139	silence_end	silent_probe	silence-end	n/a	n/a	n/a	n/a	n/a
2560.280	0	1280140	subblock_end	silent_probe	subblock-end-duration-129.111	n/a	n/a	n/a	129.111	n/a
2560.280	0	1280140	subblock_begin	silent_probe	subblock-begin	n/a	n/a	n/a	n/a	n/a
2560.280	0	1280140	silence_begin	silent_probe	silence-begin	n/a	n/a	n/a	n/a	n/a
2660.730	0	1330365	silence_end	silent_probe	silence-end	n/a	n/a	n/a	n/a	n/a
2660.730	0	1330365	subblock_end	silent_probe	subblock-end-duration-100.45	n/a	n/a	n/a	100.450	n/a
2660.730	0	1330365	subblock_begin	silent_probe	subblock-begin	n/a	n/a	n/a	n/a	n/a
2660.732	0	1330366	silence_begin	silent_probe	silence-begin	n/a	n/a	n/a	n/a	n/a
2660.732	0	1330366	prompt_window_begin	silent_probe	probe-nosapo-probe-begin	n/a	n/a	n/a	n/a	n/a
2667.298	0	1333649	clicker_press	silent_probe	response-received-arrow_up	n/a	n/a	n/a	n/a	arrow_up
2667.608	0	1333804	clicker_press	silent_probe	response-received-arrow_up	n/a	n/a	n/a	n/a	arrow_up
2667.990	0	1333995	clicker_press	silent_probe	response-received-arrow_up	n/a	n/a	n/a	n/a	arrow_up
2669.754	0	1334877	depth_rating	silent_probe	rating-nosapo-probe-meditation_depth-3	3	n/a	n/a	n/a	n/a
2675.616	0	1337808	clicker_press	silent_probe	response-received-arrow_up	n/a	n/a	n/a	n/a	arrow_up
2675.934	0	1337967	clicker_press	silent_probe	response-received-arrow_up	n/a	n/a	n/a	n/a	arrow_up
2676.266	0	1338133	clicker_press	silent_probe	response-received-arrow_up	n/a	n/a	n/a	n/a	arrow_up
2679.814	0	1339907	confidence_rating	silent_probe	rating-nosapo-probe-confidence_depth-3	n/a	3	n/a	n/a	n/a
2683.276	0	1341638	prompt_window_end	silent_probe	probe-nosapo-probe-end	n/a	n/a	n/a	n/a	n/a
2799.264	0	1399632	silence_end	silent_probe	silence-end	n/a	n/a	n/a	n/a	n/a
2799.266	0	1399633	subblock_end	silent_probe	subblock-end-duration-138.534	n/a	n/a	n/a	138.534	n/a
2799.266	0	1399633	subblock_begin	silent_probe	subblock-begin	n/a	n/a	n/a	n/a	n/a
2799.266	0	1399633	silence_begin	silent_probe	silence-begin	n/a	n/a	n/a	n/a	n/a
2872.302	0	1436151	prompt_window_begin	silent_probe	probe-nosapo-probe-begin	n/a	n/a	n/a	n/a	n/a
2879.758	0	1439879	clicker_press	silent_probe	response-received-arrow_up	n/a	n/a	n/a	n/a	arrow_up
2880.064	0	1440032	clicker_press	silent_probe	response-received-arrow_up	n/a	n/a	n/a	n/a	arrow_up
2880.350	0	1440175	clicker_press	silent_probe	response-received-arrow_up	n/a	n/a	n/a	n/a	arrow_up
2880.664	0	1440332	clicker_press	silent_probe	response-received-arrow_up	n/a	n/a	n/a	n/a	arrow_up
2881.330	0	1440665	depth_rating	silent_probe	rating-nosapo-probe-meditation_depth-4	4	n/a	n/a	n/a	n/a
2887.474	0	1443737	clicker_press	silent_probe	response-received-arrow_up	n/a	n/a	n/a	n/a	arrow_up
2887.742	0	1443871	clicker_press	silent_probe	response-received-arrow_up	n/a	n/a	n/a	n/a	arrow_up
2888.008	0	1444004	clicker_press	silent_probe	response-received-arrow_up	n/a	n/a	n/a	n/a	arrow_up
2888.274	0	1444137	clicker_press	silent_probe	response-received-arrow_up	n/a	n/a	n/a	n/a	arrow_up
2891.438	0	1445719	confidence_rating	silent_probe	rating-nosapo-probe-confidence_depth-4	n/a	4	n/a	n/a	n/a
2894.902	0	1447451	prompt_window_end	silent_probe	probe-nosapo-probe-end	n/a	n/a	n/a	n/a	n/a
2938.932	0	1469466	silence_end	silent_probe	silence-end	n/a	n/a	n/a	n/a	n/a
2938.932	0	1469466	gong_begin	silent_probe	gong-begin	n/a	n/a	n/a	n/a	n/a
2949.090	0	1474545	gong_end	silent_probe	gong-end	n/a	n/a	n/a	n/a	n/a
2949.090	0	1474545	subblock_end	silent_probe	subblock-end-duration-149.826	n/a	n/a	n/a	149.826	n/a
2949.092	0	1474546	subblock_begin	silent_probe	subblock-begin	n/a	n/a	n/a	n/a	n/a
2949.092	0	1474546	silence_begin	silent_probe	silence-begin	n/a	n/a	n/a	n/a	n/a
3004.344	0	1502172	silent_probe_end	silent_probe	block-nosapo-probe-end	n/a	n/a	n/a	n/a	n/a
3004.344	0	1502172	block_duration	silent_probe	block-nosapo-probe-duration-2100	n/a	n/a	n/a	2100.000	n/a
3004.346	0	1502173	prompt_window_begin	silent_probe	probe-nosapo-probe-begin	n/a	n/a	n/a	n/a	n/a
3011.008	0	1505504	clicker_press	n/a	response-received-arrow_up	n/a	n/a	n/a	n/a	arrow_up
3011.306	0	1505653	clicker_press	n/a	response-received-arrow_up	n/a	n/a	n/a	n/a	arrow_up
3011.672	0	1505836	clicker_press	n/a	response-received-arrow_up	n/a	n/a	n/a	n/a	arrow_up
3013.370	0	1506685	depth_rating	silent_probe	rating-nosapo-probe-meditation_depth-3	3	n/a	n/a	n/a	n/a
3019.414	0	1509707	clicker_press	n/a	response-received-arrow_up	n/a	n/a	n/a	n/a	arrow_up
3019.714	0	1509857	clicker_press	n/a	response-received-arrow_up	n/a	n/a	n/a	n/a	arrow_up
3020.032	0	1510016	clicker_press	n/a	response-received-arrow_up	n/a	n/a	n/a	n/a	arrow_up
3020.332	0	1510166	clicker_press	n/a	response-received-arrow_up	n/a	n/a	n/a	n/a	arrow_up
3020.664	0	1510332	clicker_press	n/a	response-received-arrow_up	n/a	n/a	n/a	n/a	arrow_up
3023.444	0	1511722	confidence_rating	silent_probe	rating-nosapo-probe-confidence_depth-5	n/a	5	n/a	n/a	n/a
3024.510	0	1512255	prompt_window_end	silent_probe	probe-nosapo-probe-end	n/a	n/a	n/a	n/a	n/a
3024.512	0	1512256	break_begin	break	break-begin	n/a	n/a	n/a	n/a	n/a
3187.124	0	1593562	clicker_press	break	response-received-enter	n/a	n/a	n/a	n/a	enter
3187.142	0	1593571	break_end	break	break-end	n/a	n/a	n/a	n/a	n/a
3264.962	0	1632481	clicker_press	n/a	response-received-arrow_up	n/a	n/a	n/a	n/a	arrow_up
3264.980	0	1632490	active_oddball_begin	active_oddball	active-oddball-begin	n/a	n/a	n/a	n/a	n/a
3264.990	0	1632495	standard_tone	active_oddball	standard	n/a	n/a	n/a	n/a	n/a
3266.028	0	1633014	standard_tone	active_oddball	standard	n/a	n/a	n/a	n/a	n/a
3267.060	0	1633530	distractor_noise	active_oddball	distractor	n/a	n/a	n/a	n/a	n/a
3268.110	0	1634055	standard_tone	active_oddball	standard	n/a	n/a	n/a	n/a	n/a
3269.142	0	1634571	standard_tone	active_oddball	standard	n/a	n/a	n/a	n/a	n/a
3270.190	0	1635095	standard_tone	active_oddball	standard	n/a	n/a	n/a	n/a	n/a
3271.240	0	1635620	standard_tone	active_oddball	standard	n/a	n/a	n/a	n/a	n/a
3272.288	0	1636144	standard_tone	active_oddball	standard	n/a	n/a	n/a	n/a	n/a
3273.322	0	1636661	standard_tone	active_oddball	standard	n/a	n/a	n/a	n/a	n/a
3274.372	0	1637186	standard_tone	active_oddball	standard	n/a	n/a	n/a	n/a	n/a
3275.386	0	1637693	standard_tone	active_oddball	standard	n/a	n/a	n/a	n/a	n/a
3276.402	0	1638201	standard_tone	active_oddball	standard	n/a	n/a	n/a	n/a	n/a
3277.418	0	1638709	standard_tone	active_oddball	standard	n/a	n/a	n/a	n/a	n/a
3278.434	0	1639217	oddball_tone	active_oddball	oddball	n/a	n/a	n/a	n/a	n/a
3279.184	0	1639592	clicker_press	active_oddball	response-received-arrow_up	n/a	n/a	n/a	n/a	arrow_up
3279.234	0	1639617	oddball_response	active_oddball	active-oddball-button-press-743ms	n/a	n/a	0.743	n/a	n/a
3279.466	0	1639733	standard_tone	active_oddball	standard	n/a	n/a	n/a	n/a	n/a
3280.516	0	1640258	oddball_tone	active_oddball	oddball	n/a	n/a	n/a	n/a	n/a
3281.348	0	1640674	clicker_press	active_oddball	response-received-arrow_up	n/a	n/a	n/a	n/a	arrow_up
3281.398	0	1640699	oddball_response	active_oddball	active-oddball-button-press-826ms	n/a	n/a	0.826	n/a	n/a
3281.532	0	1640766	standard_tone	active_oddball	standard	n/a	n/a	n/a	n/a	n/a
3282.596	0	1641298	standard_tone	active_oddball	standard	n/a	n/a	n/a	n/a	n/a
3283.646	0	1641823	oddball_tone	active_oddball	oddball	n/a	n/a	n/a	n/a	n/a
3284.462	0	1642231	clicker_press	active_oddball	response-received-arrow_up	n/a	n/a	n/a	n/a	arrow_up
3284.530	0	1642265	oddball_response	active_oddball	active-oddball-button-press-809ms	n/a	n/a	0.809	n/a	n/a
3284.812	0	1642406	standard_tone	active_oddball	standard	n/a	n/a	n/a	n/a	n/a
3285.844	0	1642922	standard_tone	active_oddball	standard	n/a	n/a	n/a	n/a	n/a
3286.860	0	1643430	standard_tone	active_oddball	standard	n/a	n/a	n/a	n/a	n/a
3287.892	0	1643946	standard_tone	active_oddball	standard	n/a	n/a	n/a	n/a	n/a
3288.926	0	1644463	standard_tone	active_oddball	standard	n/a	n/a	n/a	n/a	n/a
3289.940	0	1644970	standard_tone	active_oddball	standard	n/a	n/a	n/a	n/a	n/a
3290.956	0	1645478	standard_tone	active_oddball	standard	n/a	n/a	n/a	n/a	n/a
3292.022	0	1646011	standard_tone	active_oddball	standard	n/a	n/a	n/a	n/a	n/a
3293.056	0	1646528	standard_tone	active_oddball	standard	n/a	n/a	n/a	n/a	n/a
3294.072	0	1647036	standard_tone	active_oddball	standard	n/a	n/a	n/a	n/a	n/a
3295.104	0	1647552	standard_tone	active_oddball	standard	n/a	n/a	n/a	n/a	n/a
3296.220	0	1648110	standard_tone	active_oddball	standard	n/a	n/a	n/a	n/a	n/a
3297.252	0	1648626	standard_tone	active_oddball	standard	n/a	n/a	n/a	n/a	n/a
3298.318	0	1649159	standard_tone	active_oddball	standard	n/a	n/a	n/a	n/a	n/a
3299.400	0	1649700	oddball_tone	active_oddball	oddball	n/a	n/a	n/a	n/a	n/a
3300.200	0	1650100	clicker_press	active_oddball	response-received-arrow_up	n/a	n/a	n/a	n/a	arrow_up
3300.216	0	1650108	oddball_response	active_oddball	active-oddball-button-press-793ms	n/a	n/a	0.793	n/a	n/a
3300.448	0	1650224	standard_tone	active_oddball	standard	n/a	n/a	n/a	n/a	n/a
3301.564	0	1650782	oddball_tone	active_oddball	oddball	n/a	n/a	n/a	n/a	n/a
3302.380	0	1651190	clicker_press	active_oddball	response-received-arrow_up	n/a	n/a	n/a	n/a	arrow_up
3302.464	0	1651232	oddball_response	active_oddball	active-oddball-button-press-811ms	n/a	n/a	0.811	n/a	n/a
3302.580	0	1651290	standard_tone	active_oddball	standard	n/a	n/a	n/a	n/a	n/a
3303.596	0	1651798	standard_tone	active_oddball	standard	n/a	n/a	n/a	n/a	n/a
3304.762	0	1652381	distractor_noise	active_oddball	distractor	n/a	n/a	n/a	n/a	n/a
3305.828	0	1652914	oddball_tone	active_oddball	oddball	n/a	n/a	n/a	n/a	n/a
3306.694	0	1653347	clicker_press	active_oddball	response-received-arrow_up	n/a	n/a	n/a	n/a	arrow_up
3306.760	0	1653380	oddball_response	active_oddball	active-oddball-button-press-859ms	n/a	n/a	0.859	n/a	n/a
3306.844	0	1653422	standard_tone	active_oddball	standard	n/a	n/a	n/a	n/a	n/a
3307.910	0	1653955	standard_tone	active_oddball	standard	n/a	n/a	n/a	n/a	n/a
3308.942	0	1654471	standard_tone	active_oddball	standard	n/a	n/a	n/a	n/a	n/a
3309.974	0	1654987	standard_tone	active_oddball	standard	n/a	n/a	n/a	n/a	n/a
3311.006	0	1655503	distractor_noise	active_oddball	distractor	n/a	n/a	n/a	n/a	n/a
3312.156	0	1656078	standard_tone	active_oddball	standard	n/a	n/a	n/a	n/a	n/a
3313.204	0	1656602	standard_tone	active_oddball	standard	n/a	n/a	n/a	n/a	n/a
3314.220	0	1657110	distractor_noise	active_oddball	distractor	n/a	n/a	n/a	n/a	n/a
3315.254	0	1657627	standard_tone	active_oddball	standard	n/a	n/a	n/a	n/a	n/a
3316.270	0	1658135	standard_tone	active_oddball	standard	n/a	n/a	n/a	n/a	n/a
3317.368	0	1658684	standard_tone	active_oddball	standard	n/a	n/a	n/a	n/a	n/a
3318.384	0	1659192	standard_tone	active_oddball	standard	n/a	n/a	n/a	n/a	n/a
3319.416	0	1659708	oddball_tone	active_oddball	oddball	n/a	n/a	n/a	n/a	n/a
3320.100	0	1660050	clicker_press	active_oddball	response-received-arrow_up	n/a	n/a	n/a	n/a	arrow_up
3320.116	0	1660058	oddball_response	active_oddball	active-oddball-button-press-677ms	n/a	n/a	0.677	n/a	n/a
3320.432	0	1660216	standard_tone	active_oddball	standard	n/a	n/a	n/a	n/a	n/a
3321.448	0	1660724	standard_tone	active_oddball	standard	n/a	n/a	n/a	n/a	n/a
3322.464	0	1661232	standard_tone	active_oddball	standard	n/a	n/a	n/a	n/a	n/a
3323.530	0	1661765	distractor_noise	active_oddball	distractor	n/a	n/a	n/a	n/a	n/a
3324.546	0	1662273	oddball_tone	active_oddball	oddball	n/a	n/a	n/a	n/a	n/a
3325.412	0	1662706	clicker_press	active_oddball	response-received-arrow_up	n/a	n/a	n/a	n/a	arrow_up
3325.446	0	1662723	oddball_response	active_oddball	active-oddball-button-press-860ms	n/a	n/a	0.860	n/a	n/a
3325.562	0	1662781	standard_tone	active_oddball	standard	n/a	n/a	n/a	n/a	n/a
3326.610	0	1663305	standard_tone	active_oddball	standard	n/a	n/a	n/a	n/a	n/a
3327.676	0	1663838	standard_tone	active_oddball	standard	n/a	n/a	n/a	n/a	n/a
3328.692	0	1664346	standard_tone	active_oddball	standard	n/a	n/a	n/a	n/a	n/a
3329.726	0	1664863	standard_tone	active_oddball	standard	n/a	n/a	n/a	n/a	n/a
3330.774	0	1665387	standard_tone	active_oddball	standard	n/a	n/a	n/a	n/a	n/a
3331.856	0	1665928	standard_tone	active_oddball	standard	n/a	n/a	n/a	n/a	n/a
3332.872	0	1666436	standard_tone	active_oddball	standard	n/a	n/a	n/a	n/a	n/a
3333.956	0	1666978	oddball_tone	active_oddball	oddball	n/a	n/a	n/a	n/a	n/a
3334.970	0	1667485	clicker_press	active_oddball	response-received-arrow_up	n/a	n/a	n/a	n/a	arrow_up
3334.972	0	1667486	oddball_response	active_oddball	active-oddball-button-press-1007ms	n/a	n/a	1.007	n/a	n/a
3334.974	0	1667487	standard_tone	active_oddball	standard	n/a	n/a	n/a	n/a	n/a
3336.020	0	1668010	standard_tone	active_oddball	standard	n/a	n/a	n/a	n/a	n/a
3337.036	0	1668518	distractor_noise	active_oddball	distractor	n/a	n/a	n/a	n/a	n/a
3338.102	0	1669051	standard_tone	active_oddball	standard	n/a	n/a	n/a	n/a	n/a
3339.116	0	1669558	standard_tone	active_oddball	standard	n/a	n/a	n/a	n/a	n/a
3340.216	0	1670108	standard_tone	active_oddball	standard	n/a	n/a	n/a	n/a	n/a
3341.232	0	1670616	standard_tone	active_oddball	standard	n/a	n/a	n/a	n/a	n/a
3342.248	0	1671124	standard_tone	active_oddball	standard	n/a	n/a	n/a	n/a	n/a
3343.264	0	1671632	standard_tone	active_oddball	standard	n/a	n/a	n/a	n/a	n/a
3344.312	0	1672156	standard_tone	active_oddball	standard	n/a	n/a	n/a	n/a	n/a
3345.328	0	1672664	standard_tone	active_oddball	standard	n/a	n/a	n/a	n/a	n/a
3346.360	0	1673180	standard_tone	active_oddball	standard	n/a	n/a	n/a	n/a	n/a
3347.378	0	1673689	standard_tone	active_oddball	standard	n/a	n/a	n/a	n/a	n/a
3348.492	0	1674246	standard_tone	active_oddball	standard	n/a	n/a	n/a	n/a	n/a
3349.558	0	1674779	standard_tone	active_oddball	standard	n/a	n/a	n/a	n/a	n/a
3350.674	0	1675337	standard_tone	active_oddball	standard	n/a	n/a	n/a	n/a	n/a
3351.790	0	1675895	standard_tone	active_oddball	standard	n/a	n/a	n/a	n/a	n/a
3352.906	0	1676453	standard_tone	active_oddball	standard	n/a	n/a	n/a	n/a	n/a
3354.004	0	1677002	standard_tone	active_oddball	standard	n/a	n/a	n/a	n/a	n/a
3355.086	0	1677543	standard_tone	active_oddball	standard	n/a	n/a	n/a	n/a	n/a
3356.120	0	1678060	standard_tone	active_oddball	standard	n/a	n/a	n/a	n/a	n/a
3357.136	0	1678568	distractor_noise	active_oddball	distractor	n/a	n/a	n/a	n/a	n/a
3358.168	0	1679084	standard_tone	active_oddball	standard	n/a	n/a	n/a	n/a	n/a
3359.234	0	1679617	standard_tone	active_oddball	standard	n/a	n/a	n/a	n/a	n/a
3360.298	0	1680149	standard_tone	active_oddball	standard	n/a	n/a	n/a	n/a	n/a
3361.382	0	1680691	standard_tone	active_oddball	standard	n/a	n/a	n/a	n/a	n/a
3362.414	0	1681207	standard_tone	active_oddball	standard	n/a	n/a	n/a	n/a	n/a
3363.430	0	1681715	distractor_noise	active_oddball	distractor	n/a	n/a	n/a	n/a	n/a
3364.496	0	1682248	standard_tone	active_oddball	standard	n/a	n/a	n/a	n/a	n/a
3365.512	0	1682756	standard_tone	active_oddball	standard	n/a	n/a	n/a	n/a	n/a
3366.544	0	1683272	standard_tone	active_oddball	standard	n/a	n/a	n/a	n/a	n/a
3367.660	0	1683830	standard_tone	active_oddball	standard	n/a	n/a	n/a	n/a	n/a
3368.842	0	1684421	oddball_tone	active_oddball	oddball	n/a	n/a	n/a	n/a	n/a
3369.924	0	1684962	clicker_press	active_oddball	response-received-arrow_up	n/a	n/a	n/a	n/a	arrow_up
3369.926	0	1684963	oddball_response	active_oddball	active-oddball-button-press-1077ms	n/a	n/a	1.077	n/a	n/a
3369.926	0	1684963	standard_tone	active_oddball	standard	n/a	n/a	n/a	n/a	n/a
3371.090	0	1685545	standard_tone	active_oddball	standard	n/a	n/a	n/a	n/a	n/a
3372.156	0	1686078	standard_tone	active_oddball	standard	n/a	n/a	n/a	n/a	n/a
3373.188	0	1686594	distractor_noise	active_oddball	distractor	n/a	n/a	n/a	n/a	n/a
3374.204	0	1687102	standard_tone	active_oddball	standard	n/a	n/a	n/a	n/a	n/a
3375.236	0	1687618	standard_tone	active_oddball	standard	n/a	n/a	n/a	n/a	n/a
3376.286	0	1688143	standard_tone	active_oddball	standard	n/a	n/a	n/a	n/a	n/a
3377.352	0	1688676	standard_tone	active_oddball	standard	n/a	n/a	n/a	n/a	n/a
3378.366	0	1689183	standard_tone	active_oddball	standard	n/a	n/a	n/a	n/a	n/a
3379.384	0	1689692	standard_tone	active_oddball	standard	n/a	n/a	n/a	n/a	n/a
3380.432	0	1690216	standard_tone	active_oddball	standard	n/a	n/a	n/a	n/a	n/a
3381.482	0	1690741	distractor_noise	active_oddball	distractor	n/a	n/a	n/a	n/a	n/a
3382.698	0	1691349	standard_tone	active_oddball	standard	n/a	n/a	n/a	n/a	n/a
3383.730	0	1691865	standard_tone	active_oddball	standard	n/a	n/a	n/a	n/a	n/a
3384.780	0	1692390	standard_tone	active_oddball	standard	n/a	n/a	n/a	n/a	n/a
3385.878	0	1692939	standard_tone	active_oddball	standard	n/a	n/a	n/a	n/a	n/a
3386.878	0	1693439	oddball_tone	active_oddball	oddball	n/a	n/a	n/a	n/a	n/a
3387.710	0	1693855	clicker_press	active_oddball	response-received-arrow_up	n/a	n/a	n/a	n/a	arrow_up
3387.744	0	1693872	oddball_response	active_oddball	active-oddball-button-press-825ms	n/a	n/a	0.825	n/a	n/a
3387.892	0	1693946	standard_tone	active_oddball	standard	n/a	n/a	n/a	n/a	n/a
3388.908	0	1694454	standard_tone	active_oddball	standard	n/a	n/a	n/a	n/a	n/a
3389.926	0	1694963	standard_tone	active_oddball	standard	n/a	n/a	n/a	n/a	n/a
3390.940	0	1695470	standard_tone	active_oddball	standard	n/a	n/a	n/a	n/a	n/a
3392.140	0	1696070	standard_tone	active_oddball	standard	n/a	n/a	n/a	n/a	n/a
3393.206	0	1696603	standard_tone	active_oddball	standard	n/a	n/a	n/a	n/a	n/a
3394.222	0	1697111	standard_tone	active_oddball	standard	n/a	n/a	n/a	n/a	n/a
3395.320	0	1697660	standard_tone	active_oddball	standard	n/a	n/a	n/a	n/a	n/a
3396.354	0	1698177	distractor_noise	active_oddball	distractor	n/a	n/a	n/a	n/a	n/a
3397.368	0	1698684	standard_tone	active_oddball	standard	n/a	n/a	n/a	n/a	n/a
3398.552	0	1699276	standard_tone	active_oddball	standard	n/a	n/a	n/a	n/a	n/a
3399.584	0	1699792	standard_tone	active_oddball	standard	n/a	n/a	n/a	n/a	n/a
3400.632	0	1700316	standard_tone	active_oddball	standard	n/a	n/a	n/a	n/a	n/a
3401.648	0	1700824	standard_tone	active_oddball	standard	n/a	n/a	n/a	n/a	n/a
3402.680	0	1701340	oddball_tone	active_oddball	oddball	n/a	n/a	n/a	n/a	n/a
3403.630	0	1701815	clicker_press	active_oddball	response-received-arrow_up	n/a	n/a	n/a	n/a	arrow_up
3403.664	0	1701832	oddball_response	active_oddball	active-oddball-button-press-943ms	n/a	n/a	0.943	n/a	n/a
3403.696	0	1701848	standard_tone	active_oddball	standard	n/a	n/a	n/a	n/a	n/a
3404.746	0	1702373	standard_tone	active_oddball	standard	n/a	n/a	n/a	n/a	n/a
3405.778	0	1702889	standard_tone	active_oddball	standard	n/a	n/a	n/a	n/a	n/a
3406.794	0	1703397	standard_tone	active_oddball	standard	n/a	n/a	n/a	n/a	n/a
3407.826	0	1703913	standard_tone	active_oddball	standard	n/a	n/a	n/a	n/a	n/a
3408.892	0	1704446	standard_tone	active_oddball	standard	n/a	n/a	n/a	n/a	n/a
3409.924	0	1704962	standard_tone	active_oddball	standard	n/a	n/a	n/a	n/a	n/a
3410.940	0	1705470	standard_tone	active_oddball	standard	n/a	n/a	n/a	n/a	n/a
3411.974	0	1705987	standard_tone	active_oddball	standard	n/a	n/a	n/a	n/a	n/a
3413.022	0	1706511	oddball_tone	active_oddball	oddball	n/a	n/a	n/a	n/a	n/a
3413.672	0	1706836	clicker_press	active_oddball	response-received-arrow_up	n/a	n/a	n/a	n/a	arrow_up
3413.690	0	1706845	oddball_response	active_oddball	active-oddball-button-press-643ms	n/a	n/a	0.643	n/a	n/a
3414.104	0	1707052	standard_tone	active_oddball	standard	n/a	n/a	n/a	n/a	n/a
3415.122	0	1707561	distractor_noise	active_oddball	distractor	n/a	n/a	n/a	n/a	n/a
3416.136	0	1708068	standard_tone	active_oddball	standard	n/a	n/a	n/a	n/a	n/a
3417.152	0	1708576	standard_tone	active_oddball	standard	n/a	n/a	n/a	n/a	n/a
3418.218	0	1709109	standard_tone	active_oddball	standard	n/a	n/a	n/a	n/a	n/a
3419.234	0	1709617	standard_tone	active_oddball	standard	n/a	n/a	n/a	n/a	n/a
3420.250	0	1710125	standard_tone	active_oddball	standard	n/a	n/a	n/a	n/a	n/a
3421.266	0	1710633	standard_tone	active_oddball	standard	n/a	n/a	n/a	n/a	n/a
3422.298	0	1711149	standard_tone	active_oddball	standard	n/a	n/a	n/a	n/a	n/a
3423.364	0	1711682	distractor_noise	active_oddball	distractor	n/a	n/a	n/a	n/a	n/a
3424.430	0	1712215	standard_tone	active_oddball	standard	n/a	n/a	n/a	n/a	n/a
3425.444	0	1712722	distractor_noise	active_oddball	distractor	n/a	n/a	n/a	n/a	n/a
3426.478	0	1713239	oddball_tone	active_oddball	oddball	n/a	n/a	n/a	n/a	n/a
3427.378	0	1713689	clicker_press	active_oddball	response-received-arrow_up	n/a	n/a	n/a	n/a	arrow_up
3427.410	0	1713705	oddball_response	active_oddball	active-oddball-button-press-890ms	n/a	n/a	0.890	n/a	n/a
3427.494	0	1713747	standard_tone	active_oddball	standard	n/a	n/a	n/a	n/a	n/a
3428.560	0	1714280	standard_tone	active_oddball	standard	n/a	n/a	n/a	n/a	n/a
3429.576	0	1714788	standard_tone	active_oddball	standard	n/a	n/a	n/a	n/a	n/a
3430.608	0	1715304	standard_tone	active_oddball	standard	n/a	n/a	n/a	n/a	n/a
3431.674	0	1715837	standard_tone	active_oddball	standard	n/a	n/a	n/a	n/a	n/a
3432.706	0	1716353	standard_tone	active_oddball	standard	n/a	n/a	n/a	n/a	n/a
3433.722	0	1716861	standard_tone	active_oddball	standard	n/a	n/a	n/a	n/a	n/a
3434.788	0	1717394	oddball_tone	active_oddball	oddball	n/a	n/a	n/a	n/a	n/a
3435.570	0	1717785	clicker_press	active_oddball	response-received-arrow_up	n/a	n/a	n/a	n/a	arrow_up
3435.604	0	1717802	oddball_response	active_oddball	active-oddball-button-press-776ms	n/a	n/a	0.776	n/a	n/a
3435.804	0	1717902	standard_tone	active_oddball	standard	n/a	n/a	n/a	n/a	n/a
3436.870	0	1718435	oddball_tone	active_oddball	oddball	n/a	n/a	n/a	n/a	n/a
3437.686	0	1718843	clicker_press	active_oddball	response-received-arrow_up	n/a	n/a	n/a	n/a	arrow_up
3437.718	0	1718859	oddball_response	active_oddball	active-oddball-button-press-810ms	n/a	n/a	0.810	n/a	n/a
3437.918	0	1718959	standard_tone	active_oddball	standard	n/a	n/a	n/a	n/a	n/a
3438.968	0	1719484	standard_tone	active_oddball	standard	n/a	n/a	n/a	n/a	n/a
3439.984	0	1719992	oddball_tone	active_oddball	oddball	n/a	n/a	n/a	n/a	n/a
3440.716	0	1720358	clicker_press	active_oddball	response-received-arrow_up	n/a	n/a	n/a	n/a	arrow_up
3440.734	0	1720367	oddball_response	active_oddball	active-oddball-button-press-726ms	n/a	n/a	0.726	n/a	n/a
3441.016	0	1720508	distractor_noise	active_oddball	distractor	n/a	n/a	n/a	n/a	n/a
3442.032	0	1721016	standard_tone	active_oddball	standard	n/a	n/a	n/a	n/a	n/a
3443.048	0	1721524	standard_tone	active_oddball	standard	n/a	n/a	n/a	n/a	n/a
3444.148	0	1722074	standard_tone	active_oddball	standard	n/a	n/a	n/a	n/a	n/a
3445.162	0	1722581	standard_tone	active_oddball	standard	n/a	n/a	n/a	n/a	n/a
3446.178	0	1723089	standard_tone	active_oddball	standard	n/a	n/a	n/a	n/a	n/a
3447.178	0	1723589	standard_tone	active_oddball	standard	n/a	n/a	n/a	n/a	n/a
3448.226	0	1724113	standard_tone	active_oddball	standard	n/a	n/a	n/a	n/a	n/a
3449.326	0	1724663	standard_tone	active_oddball	standard	n/a	n/a	n/a	n/a	n/a
3450.342	0	1725171	standard_tone	active_oddball	standard	n/a	n/a	n/a	n/a	n/a
3451.358	0	1725679	standard_tone	active_oddball	standard	n/a	n/a	n/a	n/a	n/a
3452.506	0	1726253	oddball_tone	active_oddball	oddball	n/a	n/a	n/a	n/a	n/a
3453.240	0	1726620	clicker_press	active_oddball	response-received-arrow_up	n/a	n/a	n/a	n/a	arrow_up
3453.256	0	1726628	oddball_response	active_oddball	active-oddball-button-press-727ms	n/a	n/a	0.727	n/a	n/a
3453.556	0	1726778	standard_tone	active_oddball	standard	n/a	n/a	n/a	n/a	n/a
3454.622	0	1727311	oddball_tone	active_oddball	oddball	n/a	n/a	n/a	n/a	n/a
3455.470	0	1727735	clicker_press	active_oddball	response-received-arrow_up	n/a	n/a	n/a	n/a	arrow_up
3455.488	0	1727744	oddball_response	active_oddball	active-oddball-button-press-843ms	n/a	n/a	0.843	n/a	n/a
3455.688	0	1727844	standard_tone	active_oddball	standard	n/a	n/a	n/a	n/a	n/a
3456.770	0	1728385	distractor_noise	active_oddball	distractor	n/a	n/a	n/a	n/a	n/a
3457.820	0	1728910	standard_tone	active_oddball	standard	n/a	n/a	n/a	n/a	n/a
3458.852	0	1729426	standard_tone	active_oddball	standard	n/a	n/a	n/a	n/a	n/a
3459.868	0	1729934	standard_tone	active_oddball	standard	n/a	n/a	n/a	n/a	n/a
3460.882	0	1730441	oddball_tone	active_oddball	oddball	n/a	n/a	n/a	n/a	n/a
3461.582	0	1730791	clicker_press	active_oddball	response-received-arrow_up	n/a	n/a	n/a	n/a	arrow_up
3461.616	0	1730808	oddball_response	active_oddball	active-oddball-button-press-692ms	n/a	n/a	0.692	n/a	n/a
3461.898	0	1730949	standard_tone	active_oddball	standard	n/a	n/a	n/a	n/a	n/a
3462.914	0	1731457	standard_tone	active_oddball	standard	n/a	n/a	n/a	n/a	n/a
3463.996	0	1731998	standard_tone	active_oddball	standard	n/a	n/a	n/a	n/a	n/a
3465.064	0	1732532	standard_tone	active_oddball	standard	n/a	n/a	n/a	n/a	n/a
3466.096	0	1733048	standard_tone	active_oddball	standard	n/a	n/a	n/a	n/a	n/a
3467.260	0	1733630	oddball_tone	active_oddball	oddball	n/a	n/a	n/a	n/a	n/a
3467.926	0	1733963	clicker_press	active_oddball	response-received-arrow_up	n/a	n/a	n/a	n/a	arrow_up
3467.942	0	1733971	oddball_response	active_oddball	active-oddball-button-press-662ms	n/a	n/a	0.662	n/a	n/a
3468.276	0	1734138	standard_tone	active_oddball	standard	n/a	n/a	n/a	n/a	n/a
3469.360	0	1734680	standard_tone	active_oddball	standard	n/a	n/a	n/a	n/a	n/a
3470.376	0	1735188	distractor_noise	active_oddball	distractor	n/a	n/a	n/a	n/a	n/a
3471.540	0	1735770	standard_tone	active_oddball	standard	n/a	n/a	n/a	n/a	n/a
3472.574	0	1736287	standard_tone	active_oddball	standard	n/a	n/a	n/a	n/a	n/a
3473.606	0	1736803	standard_tone	active_oddball	standard	n/a	n/a	n/a	n/a	n/a
3474.622	0	1737311	standard_tone	active_oddball	standard	n/a	n/a	n/a	n/a	n/a
3475.638	0	1737819	standard_tone	active_oddball	standard	n/a	n/a	n/a	n/a	n/a
3476.686	0	1738343	standard_tone	active_oddball	standard	n/a	n/a	n/a	n/a	n/a
3477.752	0	1738876	standard_tone	active_oddball	standard	n/a	n/a	n/a	n/a	n/a
3478.768	0	1739384	standard_tone	active_oddball	standard	n/a	n/a	n/a	n/a	n/a
3479.884	0	1739942	distractor_noise	active_oddball	distractor	n/a	n/a	n/a	n/a	n/a
3480.900	0	1740450	standard_tone	active_oddball	standard	n/a	n/a	n/a	n/a	n/a
3482.016	0	1741008	standard_tone	active_oddball	standard	n/a	n/a	n/a	n/a	n/a
3483.032	0	1741516	standard_tone	active_oddball	standard	n/a	n/a	n/a	n/a	n/a
3484.114	0	1742057	standard_tone	active_oddball	standard	n/a	n/a	n/a	n/a	n/a
3485.146	0	1742573	standard_tone	active_oddball	standard	n/a	n/a	n/a	n/a	n/a
3486.178	0	1743089	standard_tone	active_oddball	standard	n/a	n/a	n/a	n/a	n/a
3487.212	0	1743606	standard_tone	active_oddball	standard	n/a	n/a	n/a	n/a	n/a
3488.226	0	1744113	oddball_tone	active_oddball	oddball	n/a	n/a	n/a	n/a	n/a
3489.076	0	1744538	clicker_press	active_oddball	response-received-arrow_up	n/a	n/a	n/a	n/a	arrow_up
3489.094	0	1744547	oddball_response	active_oddball	active-oddball-button-press-843ms	n/a	n/a	0.843	n/a	n/a
3489.292	0	1744646	distractor_noise	active_oddball	distractor	n/a	n/a	n/a	n/a	n/a
3490.358	0	1745179	standard_tone	active_oddball	standard	n/a	n/a	n/a	n/a	n/a
3491.374	0	1745687	standard_tone	active_oddball	standard	n/a	n/a	n/a	n/a	n/a
3492.508	0	1746254	standard_tone	active_oddball	standard	n/a	n/a	n/a	n/a	n/a
3493.572	0	1746786	standard_tone	active_oddball	standard	n/a	n/a	n/a	n/a	n/a
3494.620	0	1747310	standard_tone	active_oddball	standard	n/a	n/a	n/a	n/a	n/a
3495.638	0	1747819	standard_tone	active_oddball	standard	n/a	n/a	n/a	n/a	n/a
3496.686	0	1748343	standard_tone	active_oddball	standard	n/a	n/a	n/a	n/a	n/a
3497.702	0	1748851	standard_tone	active_oddball	standard	n/a	n/a	n/a	n/a	n/a
3498.718	0	1749359	standard_tone	active_oddball	standard	n/a	n/a	n/a	n/a	n/a
3499.800	0	1749900	standard_tone	active_oddball	standard	n/a	n/a	n/a	n/a	n/a
3500.816	0	1750408	standard_tone	active_oddball	standard	n/a	n/a	n/a	n/a	n/a
3501.848	0	1750924	standard_tone	active_oddball	standard	n/a	n/a	n/a	n/a	n/a
3502.864	0	1751432	distractor_noise	active_oddball	distractor	n/a	n/a	n/a	n/a	n/a
3503.898	0	1751949	standard_tone	active_oddball	standard	n/a	n/a	n/a	n/a	n/a
3504.964	0	1752482	standard_tone	active_oddball	standard	n/a	n/a	n/a	n/a	n/a
3505.980	0	1752990	standard_tone	active_oddball	standard	n/a	n/a	n/a	n/a	n/a
3506.994	0	1753497	standard_tone	active_oddball	standard	n/a	n/a	n/a	n/a	n/a
3508.010	0	1754005	standard_tone	active_oddball	standard	n/a	n/a	n/a	n/a	n/a
3509.060	0	1754530	distractor_noise	active_oddball	distractor	n/a	n/a	n/a	n/a	n/a
3510.142	0	1755071	standard_tone	active_oddball	standard	n/a	n/a	n/a	n/a	n/a
3511.192	0	1755596	standard_tone	active_oddball	standard	n/a	n/a	n/a	n/a	n/a
3512.240	0	1756120	standard_tone	active_oddball	standard	n/a	n/a	n/a	n/a	n/a
3513.256	0	1756628	standard_tone	active_oddball	standard	n/a	n/a	n/a	n/a	n/a
3514.288	0	1757144	standard_tone	active_oddball	standard	n/a	n/a	n/a	n/a	n/a
3515.372	0	1757686	standard_tone	active_oddball	standard	n/a	n/a	n/a	n/a	n/a
3516.536	0	1758268	standard_tone	active_oddball	standard	n/a	n/a	n/a	n/a	n/a
3517.520	0	1758760	standard_tone	active_oddball	standard	n/a	n/a	n/a	n/a	n/a
3518.552	0	1759276	standard_tone	active_oddball	standard	n/a	n/a	n/a	n/a	n/a
3519.600	0	1759800	standard_tone	active_oddball	standard	n/a	n/a	n/a	n/a	n/a
3520.666	0	1760333	standard_tone	active_oddball	standard	n/a	n/a	n/a	n/a	n/a
3521.766	0	1760883	standard_tone	active_oddball	standard	n/a	n/a	n/a	n/a	n/a
3522.882	0	1761441	standard_tone	active_oddball	standard	n/a	n/a	n/a	n/a	n/a
3523.914	0	1761957	oddball_tone	active_oddball	oddball	n/a	n/a	n/a	n/a	n/a
3524.730	0	1762365	clicker_press	active_oddball	response-received-arrow_up	n/a	n/a	n/a	n/a	arrow_up
3524.764	0	1762382	oddball_response	active_oddball	active-oddball-button-press-809ms	n/a	n/a	0.809	n/a	n/a
3524.962	0	1762481	standard_tone	active_oddball	standard	n/a	n/a	n/a	n/a	n/a
3525.978	0	1762989	standard_tone	active_oddball	standard	n/a	n/a	n/a	n/a	n/a
3527.028	0	1763514	standard_tone	active_oddball	standard	n/a	n/a	n/a	n/a	n/a
3528.060	0	1764030	standard_tone	active_oddball	standard	n/a	n/a	n/a	n/a	n/a
3529.160	0	1764580	standard_tone	active_oddball	standard	n/a	n/a	n/a	n/a	n/a
3530.176	0	1765088	oddball_tone	active_oddball	oddball	n/a	n/a	n/a	n/a	n/a
3530.974	0	1765487	clicker_press	active_oddball	response-received-arrow_up	n/a	n/a	n/a	n/a	arrow_up
3531.058	0	1765529	oddball_response	active_oddball	active-oddball-button-press-793ms	n/a	n/a	0.793	n/a	n/a
3531.224	0	1765612	standard_tone	active_oddball	standard	n/a	n/a	n/a	n/a	n/a
3532.290	0	1766145	distractor_noise	active_oddball	distractor	n/a	n/a	n/a	n/a	n/a
3533.306	0	1766653	standard_tone	active_oddball	standard	n/a	n/a	n/a	n/a	n/a
3534.338	0	1767169	standard_tone	active_oddball	standard	n/a	n/a	n/a	n/a	n/a
3535.354	0	1767677	standard_tone	active_oddball	standard	n/a	n/a	n/a	n/a	n/a
3536.404	0	1768202	standard_tone	active_oddball	standard	n/a	n/a	n/a	n/a	n/a
3537.454	0	1768727	standard_tone	active_oddball	standard	n/a	n/a	n/a	n/a	n/a
3538.486	0	1769243	standard_tone	active_oddball	standard	n/a	n/a	n/a	n/a	n/a
3539.534	0	1769767	oddball_tone	active_oddball	oddball	n/a	n/a	n/a	n/a	n/a
3540.384	0	1770192	clicker_press	active_oddball	response-received-arrow_up	n/a	n/a	n/a	n/a	arrow_up
3540.416	0	1770208	oddball_response	active_oddball	active-oddball-button-press-843ms	n/a	n/a	0.843	n/a	n/a
3540.684	0	1770342	standard_tone	active_oddball	standard	n/a	n/a	n/a	n/a	n/a
3541.766	0	1770883	standard_tone	active_oddball	standard	n/a	n/a	n/a	n/a	n/a
3542.816	0	1771408	standard_tone	active_oddball	standard	n/a	n/a	n/a	n/a	n/a
3543.864	0	1771932	standard_tone	active_oddball	standard	n/a	n/a	n/a	n/a	n/a
3544.880	0	1772440	distractor_noise	active_oddball	distractor	n/a	n/a	n/a	n/a	n/a
3545.930	0	1772965	standard_tone	active_oddball	standard	n/a	n/a	n/a	n/a	n/a
3546.944	0	1773472	standard_tone	active_oddball	standard	n/a	n/a	n/a	n/a	n/a
3547.978	0	1773989	standard_tone	active_oddball	standard	n/a	n/a	n/a	n/a	n/a
3548.992	0	1774496	oddball_tone	active_oddball	oddball	n/a	n/a	n/a	n/a	n/a
3549.810	0	1774905	clicker_press	active_oddball	response-received-arrow_up	n/a	n/a	n/a	n/a	arrow_up
3549.826	0	1774913	oddball_response	active_oddball	active-oddball-button-press-810ms	n/a	n/a	0.810	n/a	n/a
3550.058	0	1775029	standard_tone	active_oddball	standard	n/a	n/a	n/a	n/a	n/a
3551.126	0	1775563	standard_tone	active_oddball	standard	n/a	n/a	n/a	n/a	n/a
3552.140	0	1776070	oddball_tone	active_oddball	oddball	n/a	n/a	n/a	n/a	n/a
3553.090	0	1776545	clicker_press	active_oddball	response-received-arrow_up	n/a	n/a	n/a	n/a	arrow_up
3553.140	0	1776570	oddball_response	active_oddball	active-oddball-button-press-943ms	n/a	n/a	0.943	n/a	n/a
3553.222	0	1776611	standard_tone	active_oddball	standard	n/a	n/a	n/a	n/a	n/a
3554.322	0	1777161	distractor_noise	active_oddball	distractor	n/a	n/a	n/a	n/a	n/a
3555.354	0	1777677	standard_tone	active_oddball	standard	n/a	n/a	n/a	n/a	n/a
3556.470	0	1778235	standard_tone	active_oddball	standard	n/a	n/a	n/a	n/a	n/a
3557.536	0	1778768	standard_tone	active_oddball	standard	n/a	n/a	n/a	n/a	n/a
3558.568	0	1779284	distractor_noise	active_oddball	distractor	n/a	n/a	n/a	n/a	n/a
3559.618	0	1779809	standard_tone	active_oddball	standard	n/a	n/a	n/a	n/a	n/a
3560.650	0	1780325	oddball_tone	active_oddball	oddball	n/a	n/a	n/a	n/a	n/a
3561.416	0	1780708	clicker_press	active_oddball	response-received-arrow_up	n/a	n/a	n/a	n/a	arrow_up
3561.450	0	1780725	oddball_response	active_oddball	active-oddball-button-press-759ms	n/a	n/a	0.759	n/a	n/a
3561.700	0	1780850	standard_tone	active_oddball	standard	n/a	n/a	n/a	n/a	n/a
3562.716	0	1781358	distractor_noise	active_oddball	distractor	n/a	n/a	n/a	n/a	n/a
3563.814	0	1781907	standard_tone	active_oddball	standard	n/a	n/a	n/a	n/a	n/a
3564.830	0	1782415	oddball_tone	active_oddball	oddball	n/a	n/a	n/a	n/a	n/a
3565.478	0	1782739	clicker_press	active_oddball	response-received-arrow_up	n/a	n/a	n/a	n/a	arrow_up
3565.528	0	1782764	oddball_response	active_oddball	active-oddball-button-press-642ms	n/a	n/a	0.642	n/a	n/a
3565.878	0	1782939	standard_tone	active_oddball	standard	n/a	n/a	n/a	n/a	n/a
3566.912	0	1783456	oddball_tone	active_oddball	oddball	n/a	n/a	n/a	n/a	n/a
3567.794	0	1783897	clicker_press	active_oddball	response-received-arrow_up	n/a	n/a	n/a	n/a	arrow_up
3567.828	0	1783914	oddball_response	active_oddball	active-oddball-button-press-875ms	n/a	n/a	0.875	n/a	n/a
3567.944	0	1783972	standard_tone	active_oddball	standard	n/a	n/a	n/a	n/a	n/a
3568.960	0	1784480	distractor_noise	active_oddball	distractor	n/a	n/a	n/a	n/a	n/a
3570.092	0	1785046	standard_tone	active_oddball	standard	n/a	n/a	n/a	n/a	n/a
3571.174	0	1785587	distractor_noise	active_oddball	distractor	n/a	n/a	n/a	n/a	n/a
3572.190	0	1786095	standard_tone	active_oddball	standard	n/a	n/a	n/a	n/a	n/a
3573.272	0	1786636	standard_tone	active_oddball	standard	n/a	n/a	n/a	n/a	n/a
3574.338	0	1787169	distractor_noise	active_oddball	distractor	n/a	n/a	n/a	n/a	n/a
3575.404	0	1787702	standard_tone	active_oddball	standard	n/a	n/a	n/a	n/a	n/a
3576.420	0	1788210	standard_tone	active_oddball	standard	n/a	n/a	n/a	n/a	n/a
3577.486	0	1788743	standard_tone	active_oddball	standard	n/a	n/a	n/a	n/a	n/a
3578.502	0	1789251	distractor_noise	active_oddball	distractor	n/a	n/a	n/a	n/a	n/a
3579.566	0	1789783	active_oddball_end	active_oddball	active-oddball-end	n/a	n/a	n/a	n/a	n/a
3579.568	0	1789784	prompt_window_begin	active_oddball	probe-oddball-begin	n/a	n/a	n/a	n/a	n/a
3586.280	0	1793140	clicker_press	n/a	response-received-arrow_up	n/a	n/a	n/a	n/a	arrow_up
3588.694	0	1794347	depth_rating	active_oddball	rating-oddball-meditation_depth-1	1	n/a	n/a	n/a	n/a
3594.906	0	1797453	clicker_press	n/a	response-received-arrow_up	n/a	n/a	n/a	n/a	arrow_up
3595.238	0	1797619	clicker_press	n/a	response-received-arrow_up	n/a	n/a	n/a	n/a	arrow_up
3595.572	0	1797786	clicker_press	n/a	response-received-arrow_up	n/a	n/a	n/a	n/a	arrow_up
3595.888	0	1797944	clicker_press	n/a	response-received-arrow_up	n/a	n/a	n/a	n/a	arrow_up
3596.238	0	1798119	clicker_press	n/a	response-received-arrow_up	n/a	n/a	n/a	n/a	arrow_up
3598.752	0	1799376	confidence_rating	active_oddball	rating-oddball-confidence_depth-5	n/a	5	n/a	n/a	n/a
3599.834	0	1799917	prompt_window_end	active_oddball	probe-oddball-end	n/a	n/a	n/a	n/a	n/a
3675.054	0	1837527	clicker_press	n/a	response-received-arrow_up	n/a	n/a	n/a	n/a	arrow_up
3675.072	0	1837536	sapo_emerge_begin	sapo_emerge	block-sapo-emerge-begin	n/a	n/a	n/a	n/a	n/a
3675.074	0	1837537	subblock_begin	sapo_emerge	subblock-begin	n/a	n/a	n/a	n/a	n/a
3675.074	0	1837537	silence_begin	sapo_emerge	silence-begin	n/a	n/a	n/a	n/a	n/a
3675.074	0	1837537	distractor_noise	sapo_emerge	distractor	n/a	n/a	n/a	n/a	n/a
3676.088	0	1838044	standard_tone	sapo_emerge	standard	n/a	n/a	n/a	n/a	n/a
3677.104	0	1838552	standard_tone	sapo_emerge	standard	n/a	n/a	n/a	n/a	n/a
3678.120	0	1839060	standard_tone	sapo_emerge	standard	n/a	n/a	n/a	n/a	n/a
3679.136	0	1839568	distractor_noise	sapo_emerge	distractor	n/a	n/a	n/a	n/a	n/a
3680.152	0	1840076	standard_tone	sapo_emerge	standard	n/a	n/a	n/a	n/a	n/a
3681.166	0	1840583	standard_tone	sapo_emerge	standard	n/a	n/a	n/a	n/a	n/a
3682.182	0	1841091	standard_tone	sapo_emerge	standard	n/a	n/a	n/a	n/a	n/a
3683.198	0	1841599	standard_tone	sapo_emerge	standard	n/a	n/a	n/a	n/a	n/a
3684.214	0	1842107	standard_tone	sapo_emerge	standard	n/a	n/a	n/a	n/a	n/a
3685.230	0	1842615	standard_tone	sapo_emerge	standard	n/a	n/a	n/a	n/a	n/a
3686.246	0	1843123	standard_tone	sapo_emerge	standard	n/a	n/a	n/a	n/a	n/a
3687.262	0	1843631	standard_tone	sapo_emerge	standard	n/a	n/a	n/a	n/a	n/a
3688.278	0	1844139	distractor_noise	sapo_emerge	distractor	n/a	n/a	n/a	n/a	n/a
3689.294	0	1844647	standard_tone	sapo_emerge	standard	n/a	n/a	n/a	n/a	n/a
3690.292	0	1845146	standard_tone	sapo_emerge	standard	n/a	n/a	n/a	n/a	n/a
3691.308	0	1845654	standard_tone	sapo_emerge	standard	n/a	n/a	n/a	n/a	n/a
3692.324	0	1846162	distractor_noise	sapo_emerge	distractor	n/a	n/a	n/a	n/a	n/a
3693.340	0	1846670	standard_tone	sapo_emerge	standard	n/a	n/a	n/a	n/a	n/a
3694.356	0	1847178	distractor_noise	sapo_emerge	distractor	n/a	n/a	n/a	n/a	n/a
3695.372	0	1847686	standard_tone	sapo_emerge	standard	n/a	n/a	n/a	n/a	n/a
3696.388	0	1848194	standard_tone	sapo_emerge	standard	n/a	n/a	n/a	n/a	n/a
3697.404	0	1848702	standard_tone	sapo_emerge	standard	n/a	n/a	n/a	n/a	n/a
3698.402	0	1849201	oddball_tone	sapo_emerge	oddball	n/a	n/a	n/a	n/a	n/a
3699.420	0	1849710	standard_tone	sapo_emerge	standard	n/a	n/a	n/a	n/a	n/a
3700.434	0	1850217	standard_tone	sapo_emerge	standard	n/a	n/a	n/a	n/a	n/a
3701.450	0	1850725	standard_tone	sapo_emerge	standard	n/a	n/a	n/a	n/a	n/a
3702.466	0	1851233	standard_tone	sapo_emerge	standard	n/a	n/a	n/a	n/a	n/a
3703.482	0	1851741	standard_tone	sapo_emerge	standard	n/a	n/a	n/a	n/a	n/a
3704.498	0	1852249	standard_tone	sapo_emerge	standard	n/a	n/a	n/a	n/a	n/a
3705.514	0	1852757	standard_tone	sapo_emerge	standard	n/a	n/a	n/a	n/a	n/a
3706.530	0	1853265	oddball_tone	sapo_emerge	oddball	n/a	n/a	n/a	n/a	n/a
3707.544	0	1853772	distractor_noise	sapo_emerge	distractor	n/a	n/a	n/a	n/a	n/a
3708.560	0	1854280	standard_tone	sapo_emerge	standard	n/a	n/a	n/a	n/a	n/a
3709.576	0	1854788	distractor_noise	sapo_emerge	distractor	n/a	n/a	n/a	n/a	n/a
3710.594	0	1855297	standard_tone	sapo_emerge	standard	n/a	n/a	n/a	n/a	n/a
3711.608	0	1855804	standard_tone	sapo_emerge	standard	n/a	n/a	n/a	n/a	n/a
3712.624	0	1856312	standard_tone	sapo_emerge	standard	n/a	n/a	n/a	n/a	n/a
3713.640	0	1856820	standard_tone	sapo_emerge	standard	n/a	n/a	n/a	n/a	n/a
3714.656	0	1857328	standard_tone	sapo_emerge	standard	n/a	n/a	n/a	n/a	n/a
3715.670	0	1857835	standard_tone	sapo_emerge	standard	n/a	n/a	n/a	n/a	n/a
3716.670	0	1858335	distractor_noise	sapo_emerge	distractor	n/a	n/a	n/a	n/a	n/a
3717.686	0	1858843	standard_tone	sapo_emerge	standard	n/a	n/a	n/a	n/a	n/a
3718.686	0	1859343	standard_tone	sapo_emerge	standard	n/a	n/a	n/a	n/a	n/a
3719.702	0	1859851	distractor_noise	sapo_emerge	distractor	n/a	n/a	n/a	n/a	n/a
3720.718	0	1860359	oddball_tone	sapo_emerge	oddball	n/a	n/a	n/a	n/a	n/a
3721.734	0	1860867	standard_tone	sapo_emerge	standard	n/a	n/a	n/a	n/a	n/a
3722.750	0	1861375	standard_tone	sapo_emerge	standard	n/a	n/a	n/a	n/a	n/a
3723.766	0	1861883	standard_tone	sapo_emerge	standard	n/a	n/a	n/a	n/a	n/a
3724.780	0	1862390	standard_tone	sapo_emerge	standard	n/a	n/a	n/a	n/a	n/a
3725.796	0	1862898	standard_tone	sapo_emerge	standard	n/a	n/a	n/a	n/a	n/a
3726.812	0	1863406	standard_tone	sapo_emerge	standard	n/a	n/a	n/a	n/a	n/a
3727.828	0	1863914	standard_tone	sapo_emerge	standard	n/a	n/a	n/a	n/a	n/a
3728.844	0	1864422	standard_tone	sapo_emerge	standard	n/a	n/a	n/a	n/a	n/a
3729.844	0	1864922	standard_tone	sapo_emerge	standard	n/a	n/a	n/a	n/a	n/a
3730.860	0	1865430	distractor_noise	sapo_emerge	distractor	n/a	n/a	n/a	n/a	n/a
3731.874	0	1865937	standard_tone	sapo_emerge	standard	n/a	n/a	n/a	n/a	n/a
3732.890	0	1866445	standard_tone	sapo_emerge	standard	n/a	n/a	n/a	n/a	n/a
3733.906	0	1866953	standard_tone	sapo_emerge	standard	n/a	n/a	n/a	n/a	n/a
3734.922	0	1867461	standard_tone	sapo_emerge	standard	n/a	n/a	n/a	n/a	n/a
3735.938	0	1867969	standard_tone	sapo_emerge	standard	n/a	n/a	n/a	n/a	n/a
3736.954	0	1868477	standard_tone	sapo_emerge	standard	n/a	n/a	n/a	n/a	n/a
3737.970	0	1868985	standard_tone	sapo_emerge	standard	n/a	n/a	n/a	n/a	n/a
3738.986	0	1869493	standard_tone	sapo_emerge	standard	n/a	n/a	n/a	n/a	n/a
3740.002	0	1870001	standard_tone	sapo_emerge	standard	n/a	n/a	n/a	n/a	n/a
3741.018	0	1870509	standard_tone	sapo_emerge	standard	n/a	n/a	n/a	n/a	n/a
3742.034	0	1871017	standard_tone	sapo_emerge	standard	n/a	n/a	n/a	n/a	n/a
3743.050	0	1871525	standard_tone	sapo_emerge	standard	n/a	n/a	n/a	n/a	n/a
3744.064	0	1872032	standard_tone	sapo_emerge	standard	n/a	n/a	n/a	n/a	n/a
3745.080	0	1872540	standard_tone	sapo_emerge	standard	n/a	n/a	n/a	n/a	n/a
3746.080	0	1873040	standard_tone	sapo_emerge	standard	n/a	n/a	n/a	n/a	n/a
3747.096	0	1873548	distractor_noise	sapo_emerge	distractor	n/a	n/a	n/a	n/a	n/a
3748.112	0	1874056	standard_tone	sapo_emerge	standard	n/a	n/a	n/a	n/a	n/a
3749.128	0	1874564	standard_tone	sapo_emerge	standard	n/a	n/a	n/a	n/a	n/a
3750.144	0	1875072	standard_tone	sapo_emerge	standard	n/a	n/a	n/a	n/a	n/a
3751.158	0	1875579	oddball_tone	sapo_emerge	oddball	n/a	n/a	n/a	n/a	n/a
3752.158	0	1876079	standard_tone	sapo_emerge	standard	n/a	n/a	n/a	n/a	n/a
3753.174	0	1876587	distractor_noise	sapo_emerge	distractor	n/a	n/a	n/a	n/a	n/a
3754.190	0	1877095	standard_tone	sapo_emerge	standard	n/a	n/a	n/a	n/a	n/a
3755.206	0	1877603	standard_tone	sapo_emerge	standard	n/a	n/a	n/a	n/a	n/a
3756.222	0	1878111	standard_tone	sapo_emerge	standard	n/a	n/a	n/a	n/a	n/a
3757.238	0	1878619	oddball_tone	sapo_emerge	oddball	n/a	n/a	n/a	n/a	n/a
3758.254	0	1879127	standard_tone	sapo_emerge	standard	n/a	n/a	n/a	n/a	n/a
3759.268	0	1879634	standard_tone	sapo_emerge	standard	n/a	n/a	n/a	n/a	n/a
3760.284	0	1880142	standard_tone	sapo_emerge	standard	n/a	n/a	n/a	n/a	n/a
3761.300	0	1880650	standard_tone	sapo_emerge	standard	n/a	n/a	n/a	n/a	n/a
3762.316	0	1881158	oddball_tone	sapo_emerge	oddball	n/a	n/a	n/a	n/a	n/a
3763.332	0	1881666	standard_tone	sapo_emerge	standard	n/a	n/a	n/a	n/a	n/a
3764.348	0	1882174	standard_tone	sapo_emerge	standard	n/a	n/a	n/a	n/a	n/a
3765.364	0	1882682	standard_tone	sapo_emerge	standard	n/a	n/a	n/a	n/a	n/a
3766.380	0	1883190	standard_tone	sapo_emerge	standard	n/a	n/a	n/a	n/a	n/a
3767.396	0	1883698	standard_tone	sapo_emerge	standard	n/a	n/a	n/a	n/a	n/a
3768.412	0	1884206	distractor_noise	sapo_emerge	distractor	n/a	n/a	n/a	n/a	n/a
3769.428	0	1884714	standard_tone	sapo_emerge	standard	n/a	n/a	n/a	n/a	n/a
3770.426	0	1885213	standard_tone	sapo_emerge	standard	n/a	n/a	n/a	n/a	n/a
3771.442	0	1885721	standard_tone	sapo_emerge	standard	n/a	n/a	n/a	n/a	n/a
3772.458	0	1886229	distractor_noise	sapo_emerge	distractor	n/a	n/a	n/a	n/a	n/a
3773.474	0	1886737	standard_tone	sapo_emerge	standard	n/a	n/a	n/a	n/a	n/a
3774.490	0	1887245	distractor_noise	sapo_emerge	distractor	n/a	n/a	n/a	n/a	n/a
3775.506	0	1887753	standard_tone	sapo_emerge	standard	n/a	n/a	n/a	n/a	n/a
3776.522	0	1888261	standard_tone	sapo_emerge	standard	n/a	n/a	n/a	n/a	n/a
3777.538	0	1888769	standard_tone	sapo_emerge	standard	n/a	n/a	n/a	n/a	n/a
3778.554	0	1889277	standard_tone	sapo_emerge	standard	n/a	n/a	n/a	n/a	n/a
3779.568	0	1889784	standard_tone	sapo_emerge	standard	n/a	n/a	n/a	n/a	n/a
3780.584	0	1890292	standard_tone	sapo_emerge	standard	n/a	n/a	n/a	n/a	n/a
3781.600	0	1890800	standard_tone	sapo_emerge	standard	n/a	n/a	n/a	n/a	n/a
3782.616	0	1891308	standard_tone	sapo_emerge	standard	n/a	n/a	n/a	n/a	n/a
3783.632	0	1891816	standard_tone	sapo_emerge	standard	n/a	n/a	n/a	n/a	n/a
3784.648	0	1892324	standard_tone	sapo_emerge	standard	n/a	n/a	n/a	n/a	n/a
3785.664	0	1892832	standard_tone	sapo_emerge	standard	n/a	n/a	n/a	n/a	n/a
3786.680	0	1893340	standard_tone	sapo_emerge	standard	n/a	n/a	n/a	n/a	n/a
3787.696	0	1893848	standard_tone	sapo_emerge	standard	n/a	n/a	n/a	n/a	n/a
3788.712	0	1894356	oddball_tone	sapo_emerge	oddball	n/a	n/a	n/a	n/a	n/a
3789.726	0	1894863	standard_tone	sapo_emerge	standard	n/a	n/a	n/a	n/a	n/a
3790.726	0	1895363	standard_tone	sapo_emerge	standard	n/a	n/a	n/a	n/a	n/a
3791.742	0	1895871	standard_tone	sapo_emerge	standard	n/a	n/a	n/a	n/a	n/a
3792.758	0	1896379	distractor_noise	sapo_emerge	distractor	n/a	n/a	n/a	n/a	n/a
3793.274	0	1896637	silence_end	sapo_emerge	silence-end	n/a	n/a	n/a	n/a	n/a
3793.276	0	1896638	gong_begin	sapo_emerge	gong-begin	n/a	n/a	n/a	n/a	n/a
3793.774	0	1896887	standard_tone	sapo_emerge	standard	n/a	n/a	n/a	n/a	n/a
3794.774	0	1897387	standard_tone	sapo_emerge	standard	n/a	n/a	n/a	n/a	n/a
3795.778	0	1897889	standard_tone	sapo_emerge	standard	n/a	n/a	n/a	n/a	n/a
3796.794	0	1898397	distractor_noise	sapo_emerge	distractor	n/a	n/a	n/a	n/a	n/a
3797.804	0	1898902	standard_tone	sapo_emerge	standard	n/a	n/a	n/a	n/a	n/a
3798.804	0	1899402	standard_tone	sapo_emerge	standard	n/a	n/a	n/a	n/a	n/a
3799.818	0	1899909	standard_tone	sapo_emerge	standard	n/a	n/a	n/a	n/a	n/a
3800.834	0	1900417	standard_tone	sapo_emerge	standard	n/a	n/a	n/a	n/a	n/a
3801.850	0	1900925	distractor_noise	sapo_emerge	distractor	n/a	n/a	n/a	n/a	n/a
3802.850	0	1901425	standard_tone	sapo_emerge	standard	n/a	n/a	n/a	n/a	n/a
3803.332	0	1901666	gong_end	sapo_emerge	gong-end	n/a	n/a	n/a	n/a	n/a
3803.334	0	1901667	subblock_end	sapo_emerge	subblock-end-duration-128.26	n/a	n/a	n/a	128.260	n/a
3803.334	0	1901667	subblock_begin	sapo_emerge	subblock-begin	n/a	n/a	n/a	n/a	n/a
3803.334	0	1901667	silence_begin	sapo_emerge	silence-begin	n/a	n/a	n/a	n/a	n/a
3803.866	0	1901933	standard_tone	sapo_emerge	standard	n/a	n/a	n/a	n/a	n/a
3804.880	0	1902440	standard_tone	sapo_emerge	standard	n/a	n/a	n/a	n/a	n/a
3805.380	0	1902690	clicker_press	sapo_emerge	response-received-arrow_up	n/a	n/a	n/a	n/a	arrow_up
3805.414	0	1902707	report_window_begin	sapo_emerge	emerge-sapo-emerge-begin	n/a	n/a	n/a	n/a	n/a
3805.748	0	1902874	clicker_press	sapo_emerge	response-received-arrow_up	n/a	n/a	n/a	n/a	arrow_up
3809.478	0	1904739	depth_rating	sapo_emerge	rating-sapo-emerge-meditation_depth-2	2	n/a	n/a	n/a	n/a
3816.056	0	1908028	clicker_press	sapo_emerge	response-received-arrow_up	n/a	n/a	n/a	n/a	arrow_up
3816.338	0	1908169	clicker_press	sapo_emerge	response-received-arrow_up	n/a	n/a	n/a	n/a	arrow_up
3816.688	0	1908344	clicker_press	sapo_emerge	response-received-arrow_up	n/a	n/a	n/a	n/a	arrow_up
3819.752	0	1909876	confidence_rating	sapo_emerge	rating-sapo-emerge-confidence_depth-3	n/a	3	n/a	n/a	n/a
3823.200	0	1911600	report_window_end	sapo_emerge	emerge-sapo-emerge-end	n/a	n/a	n/a	n/a	n/a
3823.200	0	1911600	subblock_begin	sapo_emerge	subblock-begin	n/a	n/a	n/a	n/a	n/a
3823.200	0	1911600	silence_begin	sapo_emerge	silence-begin	n/a	n/a	n/a	n/a	n/a
3823.202	0	1911601	standard_tone	sapo_emerge	standard	n/a	n/a	n/a	n/a	n/a
3824.216	0	1912108	oddball_tone	sapo_emerge	oddball	n/a	n/a	n/a	n/a	n/a
3825.230	0	1912615	standard_tone	sapo_emerge	standard	n/a	n/a	n/a	n/a	n/a
3826.246	0	1913123	standard_tone	sapo_emerge	standard	n/a	n/a	n/a	n/a	n/a
3827.262	0	1913631	standard_tone	sapo_emerge	standard	n/a	n/a	n/a	n/a	n/a
3828.278	0	1914139	standard_tone	sapo_emerge	standard	n/a	n/a	n/a	n/a	n/a
3829.294	0	1914647	standard_tone	sapo_emerge	standard	n/a	n/a	n/a	n/a	n/a
3830.310	0	1915155	standard_tone	sapo_emerge	standard	n/a	n/a	n/a	n/a	n/a
3831.326	0	1915663	standard_tone	sapo_emerge	standard	n/a	n/a	n/a	n/a	n/a
3832.342	0	1916171	standard_tone	sapo_emerge	standard	n/a	n/a	n/a	n/a	n/a
3833.358	0	1916679	standard_tone	sapo_emerge	standard	n/a	n/a	n/a	n/a	n/a
3834.374	0	1917187	oddball_tone	sapo_emerge	oddball	n/a	n/a	n/a	n/a	n/a
3835.390	0	1917695	standard_tone	sapo_emerge	standard	n/a	n/a	n/a	n/a	n/a
3836.404	0	1918202	standard_tone	sapo_emerge	standard	n/a	n/a	n/a	n/a	n/a
3837.420	0	1918710	standard_tone	sapo_emerge	standard	n/a	n/a	n/a	n/a	n/a
3838.438	0	1919219	standard_tone	sapo_emerge	standard	n/a	n/a	n/a	n/a	n/a
3839.452	0	1919726	oddball_tone	sapo_emerge	oddball	n/a	n/a	n/a	n/a	n/a
3840.468	0	1920234	standard_tone	sapo_emerge	standard	n/a	n/a	n/a	n/a	n/a
3841.484	0	1920742	standard_tone	sapo_emerge	standard	n/a	n/a	n/a	n/a	n/a
3842.500	0	1921250	standard_tone	sapo_emerge	standard	n/a	n/a	n/a	n/a	n/a
3843.516	0	1921758	oddball_tone	sapo_emerge	oddball	n/a	n/a	n/a	n/a	n/a
3844.532	0	1922266	standard_tone	sapo_emerge	standard	n/a	n/a	n/a	n/a	n/a
3845.548	0	1922774	standard_tone	sapo_emerge	standard	n/a	n/a	n/a	n/a	n/a
3846.564	0	1923282	standard_tone	sapo_emerge	standard	n/a	n/a	n/a	n/a	n/a
3847.580	0	1923790	standard_tone	sapo_emerge	standard	n/a	n/a	n/a	n/a	n/a
3848.594	0	1924297	distractor_noise	sapo_emerge	distractor	n/a	n/a	n/a	n/a	n/a
3849.610	0	1924805	standard_tone	sapo_emerge	standard	n/a	n/a	n/a	n/a	n/a
3850.626	0	1925313	standard_tone	sapo_emerge	standard	n/a	n/a	n/a	n/a	n/a
3851.642	0	1925821	standard_tone	sapo_emerge	standard	n/a	n/a	n/a	n/a	n/a
3852.642	0	1926321	standard_tone	sapo_emerge	standard	n/a	n/a	n/a	n/a	n/a
3853.658	0	1926829	standard_tone	sapo_emerge	standard	n/a	n/a	n/a	n/a	n/a
3854.674	0	1927337	oddball_tone	sapo_emerge	oddball	n/a	n/a	n/a	n/a	n/a
3855.688	0	1927844	standard_tone	sapo_emerge	standard	n/a	n/a	n/a	n/a	n/a
3856.688	0	1928344	standard_tone	sapo_emerge	standard	n/a	n/a	n/a	n/a	n/a
3857.704	0	1928852	distractor_noise	sapo_emerge	distractor	n/a	n/a	n/a	n/a	n/a
3858.720	0	1929360	standard_tone	sapo_emerge	standard	n/a	n/a	n/a	n/a	n/a
3859.720	0	1929860	standard_tone	sapo_emerge	standard	n/a	n/a	n/a	n/a	n/a
3860.734	0	1930367	standard_tone	sapo_emerge	standard	n/a	n/a	n/a	n/a	n/a
3861.750	0	1930875	oddball_tone	sapo_emerge	oddball	n/a	n/a	n/a	n/a	n/a
3862.766	0	1931383	standard_tone	sapo_emerge	standard	n/a	n/a	n/a	n/a	n/a
3863.782	0	1931891	standard_tone	sapo_emerge	standard	n/a	n/a	n/a	n/a	n/a
3864.798	0	1932399	oddball_tone	sapo_emerge	oddball	n/a	n/a	n/a	n/a	n/a
3865.814	0	1932907	standard_tone	sapo_emerge	standard	n/a	n/a	n/a	n/a	n/a
3866.830	0	1933415	standard_tone	sapo_emerge	standard	n/a	n/a	n/a	n/a	n/a
3867.846	0	1933923	standard_tone	sapo_emerge	standard	n/a	n/a	n/a	n/a	n/a
3868.862	0	1934431	standard_tone	sapo_emerge	standard	n/a	n/a	n/a	n/a	n/a
3869.878	0	1934939	standard_tone	sapo_emerge	standard	n/a	n/a	n/a	n/a	n/a
3870.894	0	1935447	standard_tone	sapo_emerge	standard	n/a	n/a	n/a	n/a	n/a
3871.910	0	1935955	standard_tone	sapo_emerge	standard	n/a	n/a	n/a	n/a	n/a
3872.926	0	1936463	standard_tone	sapo_emerge	standard	n/a	n/a	n/a	n/a	n/a
3873.942	0	1936971	oddball_tone	sapo_emerge	oddball	n/a	n/a	n/a	n/a	n/a
3874.956	0	1937478	standard_tone	sapo_emerge	standard	n/a	n/a	n/a	n/a	n/a
3875.972	0	1937986	standard_tone	sapo_emerge	standard	n/a	n/a	n/a	n/a	n/a
3876.972	0	1938486	distractor_noise	sapo_emerge	distractor	n/a	n/a	n/a	n/a	n/a
3877.988	0	1938994	standard_tone	sapo_emerge	standard	n/a	n/a	n/a	n/a	n/a
3879.004	0	1939502	standard_tone	sapo_emerge	standard	n/a	n/a	n/a	n/a	n/a
3880.020	0	1940010	standard_tone	sapo_emerge	standard	n/a	n/a	n/a	n/a	n/a
3881.036	0	1940518	oddball_tone	sapo_emerge	oddball	n/a	n/a	n/a	n/a	n/a
3882.050	0	1941025	standard_tone	sapo_emerge	standard	n/a	n/a	n/a	n/a	n/a
3883.066	0	1941533	standard_tone	sapo_emerge	standard	n/a	n/a	n/a	n/a	n/a
3884.082	0	1942041	oddball_tone	sapo_emerge	oddball	n/a	n/a	n/a	n/a	n/a
3885.098	0	1942549	standard_tone	sapo_emerge	standard	n/a	n/a	n/a	n/a	n/a
3886.114	0	1943057	standard_tone	sapo_emerge	standard	n/a	n/a	n/a	n/a	n/a
3887.130	0	1943565	standard_tone	sapo_emerge	standard	n/a	n/a	n/a	n/a	n/a
3888.146	0	1944073	standard_tone	sapo_emerge	standard	n/a	n/a	n/a	n/a	n/a
3889.160	0	1944580	standard_tone	sapo_emerge	standard	n/a	n/a	n/a	n/a	n/a
3890.160	0	1945080	standard_tone	sapo_emerge	standard	n/a	n/a	n/a	n/a	n/a
3891.176	0	1945588	distractor_noise	sapo_emerge	distractor	n/a	n/a	n/a	n/a	n/a
3892.192	0	1946096	standard_tone	sapo_emerge	standard	n/a	n/a	n/a	n/a	n/a
3893.208	0	1946604	standard_tone	sapo_emerge	standard	n/a	n/a	n/a	n/a	n/a
3894.224	0	1947112	distractor_noise	sapo_emerge	distractor	n/a	n/a	n/a	n/a	n/a
3895.240	0	1947620	standard_tone	sapo_emerge	standard	n/a	n/a	n/a	n/a	n/a
3896.256	0	1948128	standard_tone	sapo_emerge	standard	n/a	n/a	n/a	n/a	n/a
3897.272	0	1948636	standard_tone	sapo_emerge	standard	n/a	n/a	n/a	n/a	n/a
3898.288	0	1949144	standard_tone	sapo_emerge	standard	n/a	n/a	n/a	n/a	n/a
3899.304	0	1949652	standard_tone	sapo_emerge	standard	n/a	n/a	n/a	n/a	n/a
3900.318	0	1950159	standard_tone	sapo_emerge	standard	n/a	n/a	n/a	n/a	n/a
3901.334	0	1950667	standard_tone	sapo_emerge	standard	n/a	n/a	n/a	n/a	n/a
3902.350	0	1951175	standard_tone	sapo_emerge	standard	n/a	n/a	n/a	n/a	n/a
3903.350	0	1951675	standard_tone	sapo_emerge	standard	n/a	n/a	n/a	n/a	n/a
3904.366	0	1952183	standard_tone	sapo_emerge	standard	n/a	n/a	n/a	n/a	n/a
3905.382	0	1952691	standard_tone	sapo_emerge	standard	n/a	n/a	n/a	n/a	n/a
3906.398	0	1953199	standard_tone	sapo_emerge	standard	n/a	n/a	n/a	n/a	n/a
3907.414	0	1953707	standard_tone	sapo_emerge	standard	n/a	n/a	n/a	n/a	n/a
3908.428	0	1954214	standard_tone	sapo_emerge	standard	n/a	n/a	n/a	n/a	n/a
3909.444	0	1954722	standard_tone	sapo_emerge	standard	n/a	n/a	n/a	n/a	n/a
3910.460	0	1955230	standard_tone	sapo_emerge	standard	n/a	n/a	n/a	n/a	n/a
3911.476	0	1955738	oddball_tone	sapo_emerge	oddball	n/a	n/a	n/a	n/a	n/a
3912.492	0	1956246	standard_tone	sapo_emerge	standard	n/a	n/a	n/a	n/a	n/a
3913.508	0	1956754	oddball_tone	sapo_emerge	oddball	n/a	n/a	n/a	n/a	n/a
3914.524	0	1957262	distractor_noise	sapo_emerge	distractor	n/a	n/a	n/a	n/a	n/a
3915.540	0	1957770	standard_tone	sapo_emerge	standard	n/a	n/a	n/a	n/a	n/a
3916.554	0	1958277	standard_tone	sapo_emerge	standard	n/a	n/a	n/a	n/a	n/a
3917.554	0	1958777	standard_tone	sapo_emerge	standard	n/a	n/a	n/a	n/a	n/a
3918.570	0	1959285	standard_tone	sapo_emerge	standard	n/a	n/a	n/a	n/a	n/a
3919.586	0	1959793	standard_tone	sapo_emerge	standard	n/a	n/a	n/a	n/a	n/a
3920.602	0	1960301	standard_tone	sapo_emerge	standard	n/a	n/a	n/a	n/a	n/a
3921.602	0	1960801	standard_tone	sapo_emerge	standard	n/a	n/a	n/a	n/a	n/a
3922.616	0	1961308	standard_tone	sapo_emerge	standard	n/a	n/a	n/a	n/a	n/a
3923.632	0	1961816	distractor_noise	sapo_emerge	distractor	n/a	n/a	n/a	n/a	n/a
3924.648	0	1962324	standard_tone	sapo_emerge	standard	n/a	n/a	n/a	n/a	n/a
3925.664	0	1962832	standard_tone	sapo_emerge	standard	n/a	n/a	n/a	n/a	n/a
3926.680	0	1963340	standard_tone	sapo_emerge	standard	n/a	n/a	n/a	n/a	n/a
3927.696	0	1963848	oddball_tone	sapo_emerge	oddball	n/a	n/a	n/a	n/a	n/a
3928.712	0	1964356	standard_tone	sapo_emerge	standard	n/a	n/a	n/a	n/a	n/a
3929.728	0	1964864	standard_tone	sapo_emerge	standard	n/a	n/a	n/a	n/a	n/a
3930.744	0	1965372	standard_tone	sapo_emerge	standard	n/a	n/a	n/a	n/a	n/a
3931.760	0	1965880	standard_tone	sapo_emerge	standard	n/a	n/a	n/a	n/a	n/a
3932.776	0	1966388	standard_tone	sapo_emerge	standard	n/a	n/a	n/a	n/a	n/a
3932.842	0	1966421	silence_end	sapo_emerge	silence-end	n/a	n/a	n/a	n/a	n/a
3933.042	0	1966521	gong_begin	sapo_emerge	gong-begin	n/a	n/a	n/a	n/a	n/a
3933.790	0	1966895	standard_tone	sapo_emerge	standard	n/a	n/a	n/a	n/a	n/a
3934.808	0	1967404	standard_tone	sapo_emerge	standard	n/a	n/a	n/a	n/a	n/a
3935.824	0	1967912	oddball_tone	sapo_emerge	oddball	n/a	n/a	n/a	n/a	n/a
3936.838	0	1968419	standard_tone	sapo_emerge	standard	n/a	n/a	n/a	n/a	n/a
3937.854	0	1968927	distractor_noise	sapo_emerge	distractor	n/a	n/a	n/a	n/a	n/a
3938.870	0	1969435	standard_tone	sapo_emerge	standard	n/a	n/a	n/a	n/a	n/a
3939.886	0	1969943	standard_tone	sapo_emerge	standard	n/a	n/a	n/a	n/a	n/a
3940.902	0	1970451	oddball_tone	sapo_emerge	oddball	n/a	n/a	n/a	n/a	n/a
3941.902	0	1970951	standard_tone	sapo_emerge	standard	n/a	n/a	n/a	n/a	n/a
3942.850	0	1971425	gong_end	sapo_emerge	gong-end	n/a	n/a	n/a	n/a	n/a
3942.852	0	1971426	subblock_end	sapo_emerge	subblock-end-duration-119.651	n/a	n/a	n/a	119.651	n/a
3942.852	0	1971426	subblock_begin	sapo_emerge	subblock-begin	n/a	n/a	n/a	n/a	n/a
3942.852	0	1971426	silence_begin	sapo_emerge	silence-begin	n/a	n/a	n/a	n/a	n/a
3942.918	0	1971459	standard_tone	sapo_emerge	standard	n/a	n/a	n/a	n/a	n/a
3943.932	0	1971966	standard_tone	sapo_emerge	standard	n/a	n/a	n/a	n/a	n/a
3944.948	0	1972474	standard_tone	sapo_emerge	standard	n/a	n/a	n/a	n/a	n/a
3945.964	0	1972982	standard_tone	sapo_emerge	standard	n/a	n/a	n/a	n/a	n/a
3946.982	0	1973491	standard_tone	sapo_emerge	standard	n/a	n/a	n/a	n/a	n/a
3947.996	0	1973998	standard_tone	sapo_emerge	standard	n/a	n/a	n/a	n/a	n/a
3949.012	0	1974506	standard_tone	sapo_emerge	standard	n/a	n/a	n/a	n/a	n/a
3950.028	0	1975014	distractor_noise	sapo_emerge	distractor	n/a	n/a	n/a	n/a	n/a
3951.044	0	1975522	standard_tone	sapo_emerge	standard	n/a	n/a	n/a	n/a	n/a
3952.060	0	1976030	standard_tone	sapo_emerge	standard	n/a	n/a	n/a	n/a	n/a
3953.076	0	1976538	standard_tone	sapo_emerge	standard	n/a	n/a	n/a	n/a	n/a
3954.092	0	1977046	standard_tone	sapo_emerge	standard	n/a	n/a	n/a	n/a	n/a
3955.106	0	1977553	distractor_noise	sapo_emerge	distractor	n/a	n/a	n/a	n/a	n/a
3956.122	0	1978061	standard_tone	sapo_emerge	standard	n/a	n/a	n/a	n/a	n/a
3957.138	0	1978569	standard_tone	sapo_emerge	standard	n/a	n/a	n/a	n/a	n/a
3958.154	0	1979077	standard_tone	sapo_emerge	standard	n/a	n/a	n/a	n/a	n/a
3959.170	0	1979585	standard_tone	sapo_emerge	standard	n/a	n/a	n/a	n/a	n/a
3960.186	0	1980093	standard_tone	sapo_emerge	standard	n/a	n/a	n/a	n/a	n/a
3961.184	0	1980592	standard_tone	sapo_emerge	standard	n/a	n/a	n/a	n/a	n/a
3962.202	0	1981101	standard_tone	sapo_emerge	standard	n/a	n/a	n/a	n/a	n/a
3963.216	0	1981608	oddball_tone	sapo_emerge	oddball	n/a	n/a	n/a	n/a	n/a
3964.232	0	1982116	standard_tone	sapo_emerge	standard	n/a	n/a	n/a	n/a	n/a
3965.250	0	1982625	standard_tone	sapo_emerge	standard	n/a	n/a	n/a	n/a	n/a
3966.264	0	1983132	standard_tone	sapo_emerge	standard	n/a	n/a	n/a	n/a	n/a
3967.280	0	1983640	standard_tone	sapo_emerge	standard	n/a	n/a	n/a	n/a	n/a
3968.296	0	1984148	standard_tone	sapo_emerge	standard	n/a	n/a	n/a	n/a	n/a
3969.312	0	1984656	standard_tone	sapo_emerge	standard	n/a	n/a	n/a	n/a	n/a
3970.328	0	1985164	distractor_noise	sapo_emerge	distractor	n/a	n/a	n/a	n/a	n/a
3971.344	0	1985672	standard_tone	sapo_emerge	standard	n/a	n/a	n/a	n/a	n/a
3972.360	0	1986180	standard_tone	sapo_emerge	standard	n/a	n/a	n/a	n/a	n/a
3973.374	0	1986687	standard_tone	sapo_emerge	standard	n/a	n/a	n/a	n/a	n/a
3974.390	0	1987195	standard_tone	sapo_emerge	standard	n/a	n/a	n/a	n/a	n/a
3975.408	0	1987704	standard_tone	sapo_emerge	standard	n/a	n/a	n/a	n/a	n/a
3976.422	0	1988211	standard_tone	sapo_emerge	standard	n/a	n/a	n/a	n/a	n/a
3977.438	0	1988719	standard_tone	sapo_emerge	standard	n/a	n/a	n/a	n/a	n/a
3978.438	0	1989219	oddball_tone	sapo_emerge	oddball	n/a	n/a	n/a	n/a	n/a
3979.454	0	1989727	standard_tone	sapo_emerge	standard	n/a	n/a	n/a	n/a	n/a
3980.454	0	1990227	distractor_noise	sapo_emerge	distractor	n/a	n/a	n/a	n/a	n/a
3981.468	0	1990734	standard_tone	sapo_emerge	standard	n/a	n/a	n/a	n/a	n/a
3982.484	0	1991242	oddball_tone	sapo_emerge	oddball	n/a	n/a	n/a	n/a	n/a
3983.484	0	1991742	distractor_noise	sapo_emerge	distractor	n/a	n/a	n/a	n/a	n/a
3984.498	0	1992249	standard_tone	sapo_emerge	standard	n/a	n/a	n/a	n/a	n/a
3985.498	0	1992749	distractor_noise	sapo_emerge	distractor	n/a	n/a	n/a	n/a	n/a
3986.514	0	1993257	standard_tone	sapo_emerge	standard	n/a	n/a	n/a	n/a	n/a
3987.514	0	1993757	standard_tone	sapo_emerge	standard	n/a	n/a	n/a	n/a	n/a
3988.530	0	1994265	standard_tone	sapo_emerge	standard	n/a	n/a	n/a	n/a	n/a
3989.544	0	1994772	standard_tone	sapo_emerge	standard	n/a	n/a	n/a	n/a	n/a
3990.562	0	1995281	standard_tone	sapo_emerge	standard	n/a	n/a	n/a	n/a	n/a
3991.576	0	1995788	standard_tone	sapo_emerge	standard	n/a	n/a	n/a	n/a	n/a
3992.576	0	1996288	standard_tone	sapo_emerge	standard	n/a	n/a	n/a	n/a	n/a
3993.592	0	1996796	standard_tone	sapo_emerge	standard	n/a	n/a	n/a	n/a	n/a
3994.608	0	1997304	standard_tone	sapo_emerge	standard	n/a	n/a	n/a	n/a	n/a
3995.624	0	1997812	standard_tone	sapo_emerge	standard	n/a	n/a	n/a	n/a	n/a
3996.638	0	1998319	standard_tone	sapo_emerge	standard	n/a	n/a	n/a	n/a	n/a
3997.654	0	1998827	oddball_tone	sapo_emerge	oddball	n/a	n/a	n/a	n/a	n/a
3998.670	0	1999335	standard_tone	sapo_emerge	standard	n/a	n/a	n/a	n/a	n/a
3999.736	0	1999868	standard_tone	sapo_emerge	standard	n/a	n/a	n/a	n/a	n/a
4000.736	0	2000368	oddball_tone	sapo_emerge	oddball	n/a	n/a	n/a	n/a	n/a
4001.752	0	2000876	standard_tone	sapo_emerge	standard	n/a	n/a	n/a	n/a	n/a
4002.768	0	2001384	standard_tone	sapo_emerge	standard	n/a	n/a	n/a	n/a	n/a
4003.784	0	2001892	standard_tone	sapo_emerge	standard	n/a	n/a	n/a	n/a	n/a
4004.798	0	2002399	standard_tone	sapo_emerge	standard	n/a	n/a	n/a	n/a	n/a
4005.814	0	2002907	standard_tone	sapo_emerge	standard	n/a	n/a	n/a	n/a	n/a
4006.830	0	2003415	standard_tone	sapo_emerge	standard	n/a	n/a	n/a	n/a	n/a
4007.846	0	2003923	standard_tone	sapo_emerge	standard	n/a	n/a	n/a	n/a	n/a
4008.862	0	2004431	standard_tone	sapo_emerge	standard	n/a	n/a	n/a	n/a	n/a
4009.878	0	2004939	standard_tone	sapo_emerge	standard	n/a	n/a	n/a	n/a	n/a
4010.878	0	2005439	standard_tone	sapo_emerge	standard	n/a	n/a	n/a	n/a	n/a
4011.894	0	2005947	standard_tone	sapo_emerge	standard	n/a	n/a	n/a	n/a	n/a
4012.908	0	2006454	standard_tone	sapo_emerge	standard	n/a	n/a	n/a	n/a	n/a
4013.924	0	2006962	standard_tone	sapo_emerge	standard	n/a	n/a	n/a	n/a	n/a
4014.940	0	2007470	standard_tone	sapo_emerge	standard	n/a	n/a	n/a	n/a	n/a
4015.956	0	2007978	standard_tone	sapo_emerge	standard	n/a	n/a	n/a	n/a	n/a
4016.972	0	2008486	standard_tone	sapo_emerge	standard	n/a	n/a	n/a	n/a	n/a
4017.970	0	2008985	oddball_tone	sapo_emerge	oddball	n/a	n/a	n/a	n/a	n/a
4018.988	0	2009494	standard_tone	sapo_emerge	standard	n/a	n/a	n/a	n/a	n/a
4020.004	0	2010002	oddball_tone	sapo_emerge	oddball	n/a	n/a	n/a	n/a	n/a
4021.018	0	2010509	standard_tone	sapo_emerge	standard	n/a	n/a	n/a	n/a	n/a
4022.034	0	2011017	standard_tone	sapo_emerge	standard	n/a	n/a	n/a	n/a	n/a
4023.050	0	2011525	standard_tone	sapo_emerge	standard	n/a	n/a	n/a	n/a	n/a
4024.066	0	2012033	standard_tone	sapo_emerge	standard	n/a	n/a	n/a	n/a	n/a
4025.082	0	2012541	standard_tone	sapo_emerge	standard	n/a	n/a	n/a	n/a	n/a
4026.098	0	2013049	standard_tone	sapo_emerge	standard	n/a	n/a	n/a	n/a	n/a
4027.114	0	2013557	standard_tone	sapo_emerge	standard	n/a	n/a	n/a	n/a	n/a
4028.130	0	2014065	standard_tone	sapo_emerge	standard	n/a	n/a	n/a	n/a	n/a
4029.146	0	2014573	standard_tone	sapo_emerge	standard	n/a	n/a	n/a	n/a	n/a
4030.162	0	2015081	distractor_noise	sapo_emerge	distractor	n/a	n/a	n/a	n/a	n/a
4031.178	0	2015589	standard_tone	sapo_emerge	standard	n/a	n/a	n/a	n/a	n/a
4032.194	0	2016097	standard_tone	sapo_emerge	standard	n/a	n/a	n/a	n/a	n/a
4033.208	0	2016604	standard_tone	sapo_emerge	standard	n/a	n/a	n/a	n/a	n/a
4034.224	0	2017112	standard_tone	sapo_emerge	standard	n/a	n/a	n/a	n/a	n/a
4035.240	0	2017620	standard_tone	sapo_emerge	standard	n/a	n/a	n/a	n/a	n/a
4036.256	0	2018128	standard_tone	sapo_emerge	standard	n/a	n/a	n/a	n/a	n/a
4037.274	0	2018637	standard_tone	sapo_emerge	standard	n/a	n/a	n/a	n/a	n/a
4038.288	0	2019144	standard_tone	sapo_emerge	standard	n/a	n/a	n/a	n/a	n/a
4039.304	0	2019652	standard_tone	sapo_emerge	standard	n/a	n/a	n/a	n/a	n/a
4040.320	0	2020160	oddball_tone	sapo_emerge	oddball	n/a	n/a	n/a	n/a	n/a
4041.336	0	2020668	standard_tone	sapo_emerge	standard	n/a	n/a	n/a	n/a	n/a
4042.352	0	2021176	standard_tone	sapo_emerge	standard	n/a	n/a	n/a	n/a	n/a
4043.366	0	2021683	standard_tone	sapo_emerge	standard	n/a	n/a	n/a	n/a	n/a
4044.382	0	2022191	standard_tone	sapo_emerge	standard	n/a	n/a	n/a	n/a	n/a
4045.398	0	2022699	standard_tone	sapo_emerge	standard	n/a	n/a	n/a	n/a	n/a
4046.398	0	2023199	standard_tone	sapo_emerge	standard	n/a	n/a	n/a	n/a	n/a
4047.414	0	2023707	standard_tone	sapo_emerge	standard	n/a	n/a	n/a	n/a	n/a
4048.430	0	2024215	standard_tone	sapo_emerge	standard	n/a	n/a	n/a	n/a	n/a
4049.428	0	2024714	standard_tone	sapo_emerge	standard	n/a	n/a	n/a	n/a	n/a
4050.444	0	2025222	standard_tone	sapo_emerge	standard	n/a	n/a	n/a	n/a	n/a
4051.460	0	2025730	standard_tone	sapo_emerge	standard	n/a	n/a	n/a	n/a	n/a
4052.460	0	2026230	standard_tone	sapo_emerge	standard	n/a	n/a	n/a	n/a	n/a
4053.476	0	2026738	standard_tone	sapo_emerge	standard	n/a	n/a	n/a	n/a	n/a
4054.492	0	2027246	standard_tone	sapo_emerge	standard	n/a	n/a	n/a	n/a	n/a
4055.506	0	2027753	oddball_tone	sapo_emerge	oddball	n/a	n/a	n/a	n/a	n/a
4056.522	0	2028261	distractor_noise	sapo_emerge	distractor	n/a	n/a	n/a	n/a	n/a
4057.538	0	2028769	oddball_tone	sapo_emerge	oddball	n/a	n/a	n/a	n/a	n/a
4058.554	0	2029277	standard_tone	sapo_emerge	standard	n/a	n/a	n/a	n/a	n/a
4059.570	0	2029785	standard_tone	sapo_emerge	standard	n/a	n/a	n/a	n/a	n/a
4059.970	0	2029985	silence_end	sapo_emerge	silence-end	n/a	n/a	n/a	n/a	n/a
4059.986	0	2029993	gong_begin	sapo_emerge	gong-begin	n/a	n/a	n/a	n/a	n/a
4060.570	0	2030285	standard_tone	sapo_emerge	standard	n/a	n/a	n/a	n/a	n/a
4060.820	0	2030410	clicker_press	sapo_emerge	response-received-arrow_up	n/a	n/a	n/a	n/a	arrow_up
4060.836	0	2030418	gong_end	sapo_emerge	gong-end	n/a	n/a	n/a	n/a	n/a
4060.838	0	2030419	report_window_begin	sapo_emerge	emerge-sapo-emerge-begin	n/a	n/a	n/a	n/a	n/a
4061.154	0	2030577	clicker_press	sapo_emerge	response-received-arrow_up	n/a	n/a	n/a	n/a	arrow_up
4061.570	0	2030785	clicker_press	sapo_emerge	response-received-arrow_up	n/a	n/a	n/a	n/a	arrow_up
4064.850	0	2032425	depth_rating	sapo_emerge	rating-sapo-emerge-meditation_depth-3	3	n/a	n/a	n/a	n/a
4071.478	0	2035739	clicker_press	sapo_emerge	response-received-arrow_up	n/a	n/a	n/a	n/a	arrow_up
4071.794	0	2035897	clicker_press	sapo_emerge	response-received-arrow_up	n/a	n/a	n/a	n/a	arrow_up
4072.094	0	2036047	clicker_press	sapo_emerge	response-received-arrow_up	n/a	n/a	n/a	n/a	arrow_up
4072.444	0	2036222	clicker_press	sapo_emerge	response-received-arrow_up	n/a	n/a	n/a	n/a	arrow_up
4075.008	0	2037504	confidence_rating	sapo_emerge	rating-sapo-emerge-confidence_depth-4	n/a	4	n/a	n/a	n/a
4078.554	0	2039277	report_window_end	sapo_emerge	emerge-sapo-emerge-end	n/a	n/a	n/a	n/a	n/a
4078.556	0	2039278	subblock_end	sapo_emerge	subblock-end-duration-135.704	n/a	n/a	n/a	135.704	n/a
4078.556	0	2039278	subblock_begin	sapo_emerge	subblock-begin	n/a	n/a	n/a	n/a	n/a
4078.556	0	2039278	silence_begin	sapo_emerge	silence-begin	n/a	n/a	n/a	n/a	n/a
4078.558	0	2039279	standard_tone	sapo_emerge	standard	n/a	n/a	n/a	n/a	n/a
4079.570	0	2039785	oddball_tone	sapo_emerge	oddball	n/a	n/a	n/a	n/a	n/a
4080.586	0	2040293	standard_tone	sapo_emerge	standard	n/a	n/a	n/a	n/a	n/a
4081.602	0	2040801	standard_tone	sapo_emerge	standard	n/a	n/a	n/a	n/a	n/a
4082.618	0	2041309	standard_tone	sapo_emerge	standard	n/a	n/a	n/a	n/a	n/a
4083.634	0	2041817	standard_tone	sapo_emerge	standard	n/a	n/a	n/a	n/a	n/a
4084.650	0	2042325	standard_tone	sapo_emerge	standard	n/a	n/a	n/a	n/a	n/a
4085.650	0	2042825	standard_tone	sapo_emerge	standard	n/a	n/a	n/a	n/a	n/a
4086.664	0	2043332	standard_tone	sapo_emerge	standard	n/a	n/a	n/a	n/a	n/a
4087.680	0	2043840	oddball_tone	sapo_emerge	oddball	n/a	n/a	n/a	n/a	n/a
4088.696	0	2044348	standard_tone	sapo_emerge	standard	n/a	n/a	n/a	n/a	n/a
4089.712	0	2044856	standard_tone	sapo_emerge	standard	n/a	n/a	n/a	n/a	n/a
4090.728	0	2045364	standard_tone	sapo_emerge	standard	n/a	n/a	n/a	n/a	n/a
4091.744	0	2045872	standard_tone	sapo_emerge	standard	n/a	n/a	n/a	n/a	n/a
4092.760	0	2046380	standard_tone	sapo_emerge	standard	n/a	n/a	n/a	n/a	n/a
4093.776	0	2046888	standard_tone	sapo_emerge	standard	n/a	n/a	n/a	n/a	n/a
4094.792	0	2047396	standard_tone	sapo_emerge	standard	n/a	n/a	n/a	n/a	n/a
4095.806	0	2047903	distractor_noise	sapo_emerge	distractor	n/a	n/a	n/a	n/a	n/a
4096.822	0	2048411	standard_tone	sapo_emerge	standard	n/a	n/a	n/a	n/a	n/a
4097.838	0	2048919	standard_tone	sapo_emerge	standard	n/a	n/a	n/a	n/a	n/a
4098.854	0	2049427	distractor_noise	sapo_emerge	distractor	n/a	n/a	n/a	n/a	n/a
4099.870	0	2049935	standard_tone	sapo_emerge	standard	n/a	n/a	n/a	n/a	n/a
4100.886	0	2050443	oddball_tone	sapo_emerge	oddball	n/a	n/a	n/a	n/a	n/a
4101.902	0	2050951	standard_tone	sapo_emerge	standard	n/a	n/a	n/a	n/a	n/a
4102.918	0	2051459	standard_tone	sapo_emerge	standard	n/a	n/a	n/a	n/a	n/a
4103.934	0	2051967	standard_tone	sapo_emerge	standard	n/a	n/a	n/a	n/a	n/a
4104.950	0	2052475	standard_tone	sapo_emerge	standard	n/a	n/a	n/a	n/a	n/a
4105.966	0	2052983	standard_tone	sapo_emerge	standard	n/a	n/a	n/a	n/a	n/a
4106.982	0	2053491	standard_tone	sapo_emerge	standard	n/a	n/a	n/a	n/a	n/a
4107.996	0	2053998	standard_tone	sapo_emerge	standard	n/a	n/a	n/a	n/a	n/a
4109.012	0	2054506	distractor_noise	sapo_emerge	distractor	n/a	n/a	n/a	n/a	n/a
4110.028	0	2055014	standard_tone	sapo_emerge	standard	n/a	n/a	n/a	n/a	n/a
4111.044	0	2055522	standard_tone	sapo_emerge	standard	n/a	n/a	n/a	n/a	n/a
4112.060	0	2056030	standard_tone	sapo_emerge	standard	n/a	n/a	n/a	n/a	n/a
4113.060	0	2056530	standard_tone	sapo_emerge	standard	n/a	n/a	n/a	n/a	n/a
4114.074	0	2057037	standard_tone	sapo_emerge	standard	n/a	n/a	n/a	n/a	n/a
4115.092	0	2057546	standard_tone	sapo_emerge	standard	n/a	n/a	n/a	n/a	n/a
4116.106	0	2058053	standard_tone	sapo_emerge	standard	n/a	n/a	n/a	n/a	n/a
4117.122	0	2058561	standard_tone	sapo_emerge	standard	n/a	n/a	n/a	n/a	n/a
4118.138	0	2059069	standard_tone	sapo_emerge	standard	n/a	n/a	n/a	n/a	n/a
4119.154	0	2059577	distractor_noise	sapo_emerge	distractor	n/a	n/a	n/a	n/a	n/a
4120.170	0	2060085	standard_tone	sapo_emerge	standard	n/a	n/a	n/a	n/a	n/a
4121.186	0	2060593	standard_tone	sapo_emerge	standard	n/a	n/a	n/a	n/a	n/a
4122.202	0	2061101	standard_tone	sapo_emerge	standard	n/a	n/a	n/a	n/a	n/a
4123.218	0	2061609	standard_tone	sapo_emerge	standard	n/a	n/a	n/a	n/a	n/a
4124.234	0	2062117	standard_tone	sapo_emerge	standard	n/a	n/a	n/a	n/a	n/a
4125.250	0	2062625	standard_tone	sapo_emerge	standard	n/a	n/a	n/a	n/a	n/a
4126.264	0	2063132	standard_tone	sapo_emerge	standard	n/a	n/a	n/a	n/a	n/a
4127.280	0	2063640	standard_tone	sapo_emerge	standard	n/a	n/a	n/a	n/a	n/a
4128.296	0	2064148	standard_tone	sapo_emerge	standard	n/a	n/a	n/a	n/a	n/a
4129.312	0	2064656	standard_tone	sapo_emerge	standard	n/a	n/a	n/a	n/a	n/a
4130.312	0	2065156	standard_tone	sapo_emerge	standard	n/a	n/a	n/a	n/a	n/a
4131.328	0	2065664	standard_tone	sapo_emerge	standard	n/a	n/a	n/a	n/a	n/a
4132.344	0	2066172	standard_tone	sapo_emerge	standard	n/a	n/a	n/a	n/a	n/a
4133.360	0	2066680	standard_tone	sapo_emerge	standard	n/a	n/a	n/a	n/a	n/a
4134.376	0	2067188	standard_tone	sapo_emerge	standard	n/a	n/a	n/a	n/a	n/a
4135.390	0	2067695	standard_tone	sapo_emerge	standard	n/a	n/a	n/a	n/a	n/a
4136.406	0	2068203	standard_tone	sapo_emerge	standard	n/a	n/a	n/a	n/a	n/a
4137.422	0	2068711	oddball_tone	sapo_emerge	oddball	n/a	n/a	n/a	n/a	n/a
4138.438	0	2069219	standard_tone	sapo_emerge	standard	n/a	n/a	n/a	n/a	n/a
4139.454	0	2069727	standard_tone	sapo_emerge	standard	n/a	n/a	n/a	n/a	n/a
4140.470	0	2070235	standard_tone	sapo_emerge	standard	n/a	n/a	n/a	n/a	n/a
4141.486	0	2070743	standard_tone	sapo_emerge	standard	n/a	n/a	n/a	n/a	n/a
4142.502	0	2071251	distractor_noise	sapo_emerge	distractor	n/a	n/a	n/a	n/a	n/a
4143.518	0	2071759	standard_tone	sapo_emerge	standard	n/a	n/a	n/a	n/a	n/a
4144.534	0	2072267	standard_tone	sapo_emerge	standard	n/a	n/a	n/a	n/a	n/a
4145.548	0	2072774	standard_tone	sapo_emerge	standard	n/a	n/a	n/a	n/a	n/a
4146.564	0	2073282	standard_tone	sapo_emerge	standard	n/a	n/a	n/a	n/a	n/a
4147.580	0	2073790	standard_tone	sapo_emerge	standard	n/a	n/a	n/a	n/a	n/a
4148.598	0	2074299	standard_tone	sapo_emerge	standard	n/a	n/a	n/a	n/a	n/a
4149.612	0	2074806	standard_tone	sapo_emerge	standard	n/a	n/a	n/a	n/a	n/a
4150.612	0	2075306	distractor_noise	sapo_emerge	distractor	n/a	n/a	n/a	n/a	n/a
4151.628	0	2075814	standard_tone	sapo_emerge	standard	n/a	n/a	n/a	n/a	n/a
4152.644	0	2076322	standard_tone	sapo_emerge	standard	n/a	n/a	n/a	n/a	n/a
4153.658	0	2076829	standard_tone	sapo_emerge	standard	n/a	n/a	n/a	n/a	n/a
4154.226	0	2077113	clicker_press	sapo_emerge	response-received-arrow_up	n/a	n/a	n/a	n/a	arrow_up
4154.258	0	2077129	report_window_begin	sapo_emerge	emerge-sapo-emerge-begin	n/a	n/a	n/a	n/a	n/a
4154.592	0	2077296	clicker_press	sapo_emerge	response-received-arrow_up	n/a	n/a	n/a	n/a	arrow_up
4154.926	0	2077463	clicker_press	sapo_emerge	response-received-arrow_up	n/a	n/a	n/a	n/a	arrow_up
4158.388	0	2079194	depth_rating	sapo_emerge	rating-sapo-emerge-meditation_depth-3	3	n/a	n/a	n/a	n/a
4165.284	0	2082642	clicker_press	sapo_emerge	response-received-arrow_up	n/a	n/a	n/a	n/a	arrow_up
4165.600	0	2082800	clicker_press	sapo_emerge	response-received-arrow_up	n/a	n/a	n/a	n/a	arrow_up
4165.900	0	2082950	clicker_press	sapo_emerge	response-received-arrow_up	n/a	n/a	n/a	n/a	arrow_up
4166.216	0	2083108	clicker_press	sapo_emerge	response-received-arrow_up	n/a	n/a	n/a	n/a	arrow_up
4168.430	0	2084215	confidence_rating	sapo_emerge	rating-sapo-emerge-confidence_depth-4	n/a	4	n/a	n/a	n/a
4171.860	0	2085930	report_window_end	sapo_emerge	emerge-sapo-emerge-end	n/a	n/a	n/a	n/a	n/a
4171.862	0	2085931	subblock_begin	sapo_emerge	subblock-begin	n/a	n/a	n/a	n/a	n/a
4171.862	0	2085931	silence_begin	sapo_emerge	silence-begin	n/a	n/a	n/a	n/a	n/a
4171.862	0	2085931	oddball_tone	sapo_emerge	oddball	n/a	n/a	n/a	n/a	n/a
4172.876	0	2086438	standard_tone	sapo_emerge	standard	n/a	n/a	n/a	n/a	n/a
4173.892	0	2086946	distractor_noise	sapo_emerge	distractor	n/a	n/a	n/a	n/a	n/a
4174.908	0	2087454	standard_tone	sapo_emerge	standard	n/a	n/a	n/a	n/a	n/a
4175.924	0	2087962	standard_tone	sapo_emerge	standard	n/a	n/a	n/a	n/a	n/a
4176.940	0	2088470	standard_tone	sapo_emerge	standard	n/a	n/a	n/a	n/a	n/a
4177.956	0	2088978	standard_tone	sapo_emerge	standard	n/a	n/a	n/a	n/a	n/a
4178.972	0	2089486	oddball_tone	sapo_emerge	oddball	n/a	n/a	n/a	n/a	n/a
4179.988	0	2089994	standard_tone	sapo_emerge	standard	n/a	n/a	n/a	n/a	n/a
4181.002	0	2090501	standard_tone	sapo_emerge	standard	n/a	n/a	n/a	n/a	n/a
4182.018	0	2091009	standard_tone	sapo_emerge	standard	n/a	n/a	n/a	n/a	n/a
4183.034	0	2091517	standard_tone	sapo_emerge	standard	n/a	n/a	n/a	n/a	n/a
4184.050	0	2092025	standard_tone	sapo_emerge	standard	n/a	n/a	n/a	n/a	n/a
4185.066	0	2092533	distractor_noise	sapo_emerge	distractor	n/a	n/a	n/a	n/a	n/a
4186.084	0	2093042	standard_tone	sapo_emerge	standard	n/a	n/a	n/a	n/a	n/a
4187.098	0	2093549	oddball_tone	sapo_emerge	oddball	n/a	n/a	n/a	n/a	n/a
4188.114	0	2094057	standard_tone	sapo_emerge	standard	n/a	n/a	n/a	n/a	n/a
4189.130	0	2094565	standard_tone	sapo_emerge	standard	n/a	n/a	n/a	n/a	n/a
4190.128	0	2095064	standard_tone	sapo_emerge	standard	n/a	n/a	n/a	n/a	n/a
4191.144	0	2095572	standard_tone	sapo_emerge	standard	n/a	n/a	n/a	n/a	n/a
4192.160	0	2096080	standard_tone	sapo_emerge	standard	n/a	n/a	n/a	n/a	n/a
4193.176	0	2096588	standard_tone	sapo_emerge	standard	n/a	n/a	n/a	n/a	n/a
4194.192	0	2097096	standard_tone	sapo_emerge	standard	n/a	n/a	n/a	n/a	n/a
4195.208	0	2097604	standard_tone	sapo_emerge	standard	n/a	n/a	n/a	n/a	n/a
4196.222	0	2098111	standard_tone	sapo_emerge	standard	n/a	n/a	n/a	n/a	n/a
4197.224	0	2098612	standard_tone	sapo_emerge	standard	n/a	n/a	n/a	n/a	n/a
4198.224	0	2099112	standard_tone	sapo_emerge	standard	n/a	n/a	n/a	n/a	n/a
4199.238	0	2099619	standard_tone	sapo_emerge	standard	n/a	n/a	n/a	n/a	n/a
4200.254	0	2100127	standard_tone	sapo_emerge	standard	n/a	n/a	n/a	n/a	n/a
4201.270	0	2100635	standard_tone	sapo_emerge	standard	n/a	n/a	n/a	n/a	n/a
4202.286	0	2101143	distractor_noise	sapo_emerge	distractor	n/a	n/a	n/a	n/a	n/a
4203.302	0	2101651	standard_tone	sapo_emerge	standard	n/a	n/a	n/a	n/a	n/a
4204.316	0	2102158	distractor_noise	sapo_emerge	distractor	n/a	n/a	n/a	n/a	n/a
4205.334	0	2102667	standard_tone	sapo_emerge	standard	n/a	n/a	n/a	n/a	n/a
4206.348	0	2103174	standard_tone	sapo_emerge	standard	n/a	n/a	n/a	n/a	n/a
4207.364	0	2103682	standard_tone	sapo_emerge	standard	n/a	n/a	n/a	n/a	n/a
4208.380	0	2104190	standard_tone	sapo_emerge	standard	n/a	n/a	n/a	n/a	n/a
4209.396	0	2104698	distractor_noise	sapo_emerge	distractor	n/a	n/a	n/a	n/a	n/a
4210.412	0	2105206	standard_tone	sapo_emerge	standard	n/a	n/a	n/a	n/a	n/a
4211.428	0	2105714	standard_tone	sapo_emerge	standard	n/a	n/a	n/a	n/a	n/a
4212.428	0	2106214	distractor_noise	sapo_emerge	distractor	n/a	n/a	n/a	n/a	n/a
4213.442	0	2106721	standard_tone	sapo_emerge	standard	n/a	n/a	n/a	n/a	n/a
4214.458	0	2107229	standard_tone	sapo_emerge	standard	n/a	n/a	n/a	n/a	n/a
4215.474	0	2107737	standard_tone	sapo_emerge	standard	n/a	n/a	n/a	n/a	n/a
4216.490	0	2108245	standard_tone	sapo_emerge	standard	n/a	n/a	n/a	n/a	n/a
4217.506	0	2108753	standard_tone	sapo_emerge	standard	n/a	n/a	n/a	n/a	n/a
4218.522	0	2109261	standard_tone	sapo_emerge	standard	n/a	n/a	n/a	n/a	n/a
4219.538	0	2109769	oddball_tone	sapo_emerge	oddball	n/a	n/a	n/a	n/a	n/a
4220.554	0	2110277	standard_tone	sapo_emerge	standard	n/a	n/a	n/a	n/a	n/a
4221.570	0	2110785	standard_tone	sapo_emerge	standard	n/a	n/a	n/a	n/a	n/a
4222.568	0	2111284	standard_tone	sapo_emerge	standard	n/a	n/a	n/a	n/a	n/a
4223.584	0	2111792	standard_tone	sapo_emerge	standard	n/a	n/a	n/a	n/a	n/a
4224.600	0	2112300	standard_tone	sapo_emerge	standard	n/a	n/a	n/a	n/a	n/a
4225.616	0	2112808	distractor_noise	sapo_emerge	distractor	n/a	n/a	n/a	n/a	n/a
4226.632	0	2113316	standard_tone	sapo_emerge	standard	n/a	n/a	n/a	n/a	n/a
4227.648	0	2113824	standard_tone	sapo_emerge	standard	n/a	n/a	n/a	n/a	n/a
4228.664	0	2114332	standard_tone	sapo_emerge	standard	n/a	n/a	n/a	n/a	n/a
4229.680	0	2114840	standard_tone	sapo_emerge	standard	n/a	n/a	n/a	n/a	n/a
4230.696	0	2115348	standard_tone	sapo_emerge	standard	n/a	n/a	n/a	n/a	n/a
4231.712	0	2115856	standard_tone	sapo_emerge	standard	n/a	n/a	n/a	n/a	n/a
4232.728	0	2116364	distractor_noise	sapo_emerge	distractor	n/a	n/a	n/a	n/a	n/a
4233.742	0	2116871	standard_tone	sapo_emerge	standard	n/a	n/a	n/a	n/a	n/a
4234.758	0	2117379	oddball_tone	sapo_emerge	oddball	n/a	n/a	n/a	n/a	n/a
4235.774	0	2117887	standard_tone	sapo_emerge	standard	n/a	n/a	n/a	n/a	n/a
4236.790	0	2118395	standard_tone	sapo_emerge	standard	n/a	n/a	n/a	n/a	n/a
4237.806	0	2118903	standard_tone	sapo_emerge	standard	n/a	n/a	n/a	n/a	n/a
4238.822	0	2119411	standard_tone	sapo_emerge	standard	n/a	n/a	n/a	n/a	n/a
4239.838	0	2119919	standard_tone	sapo_emerge	standard	n/a	n/a	n/a	n/a	n/a
4240.854	0	2120427	standard_tone	sapo_emerge	standard	n/a	n/a	n/a	n/a	n/a
4241.870	0	2120935	standard_tone	sapo_emerge	standard	n/a	n/a	n/a	n/a	n/a
4242.868	0	2121434	standard_tone	sapo_emerge	standard	n/a	n/a	n/a	n/a	n/a
4243.884	0	2121942	standard_tone	sapo_emerge	standard	n/a	n/a	n/a	n/a	n/a
4244.900	0	2122450	oddball_tone	sapo_emerge	oddball	n/a	n/a	n/a	n/a	n/a
4245.916	0	2122958	standard_tone	sapo_emerge	standard	n/a	n/a	n/a	n/a	n/a
4246.932	0	2123466	standard_tone	sapo_emerge	standard	n/a	n/a	n/a	n/a	n/a
4247.948	0	2123974	oddball_tone	sapo_emerge	oddball	n/a	n/a	n/a	n/a	n/a
4248.964	0	2124482	standard_tone	sapo_emerge	standard	n/a	n/a	n/a	n/a	n/a
4249.964	0	2124982	standard_tone	sapo_emerge	standard	n/a	n/a	n/a	n/a	n/a
4250.978	0	2125489	standard_tone	sapo_emerge	standard	n/a	n/a	n/a	n/a	n/a
4251.994	0	2125997	standard_tone	sapo_emerge	standard	n/a	n/a	n/a	n/a	n/a
4253.010	0	2126505	standard_tone	sapo_emerge	standard	n/a	n/a	n/a	n/a	n/a
4254.026	0	2127013	standard_tone	sapo_emerge	standard	n/a	n/a	n/a	n/a	n/a
4255.042	0	2127521	standard_tone	sapo_emerge	standard	n/a	n/a	n/a	n/a	n/a
4256.058	0	2128029	oddball_tone	sapo_emerge	oddball	n/a	n/a	n/a	n/a	n/a
4257.074	0	2128537	standard_tone	sapo_emerge	standard	n/a	n/a	n/a	n/a	n/a
4258.088	0	2129044	standard_tone	sapo_emerge	standard	n/a	n/a	n/a	n/a	n/a
4259.104	0	2129552	distractor_noise	sapo_emerge	distractor	n/a	n/a	n/a	n/a	n/a
4260.120	0	2130060	oddball_tone	sapo_emerge	oddball	n/a	n/a	n/a	n/a	n/a
4261.136	0	2130568	standard_tone	sapo_emerge	standard	n/a	n/a	n/a	n/a	n/a
4262.152	0	2131076	standard_tone	sapo_emerge	standard	n/a	n/a	n/a	n/a	n/a
4263.168	0	2131584	standard_tone	sapo_emerge	standard	n/a	n/a	n/a	n/a	n/a
4264.168	0	2132084	standard_tone	sapo_emerge	standard	n/a	n/a	n/a	n/a	n/a
4265.184	0	2132592	standard_tone	sapo_emerge	standard	n/a	n/a	n/a	n/a	n/a
4266.182	0	2133091	standard_tone	sapo_emerge	standard	n/a	n/a	n/a	n/a	n/a
4267.198	0	2133599	oddball_tone	sapo_emerge	oddball	n/a	n/a	n/a	n/a	n/a
4268.214	0	2134107	standard_tone	sapo_emerge	standard	n/a	n/a	n/a	n/a	n/a
4269.230	0	2134615	standard_tone	sapo_emerge	standard	n/a	n/a	n/a	n/a	n/a
4270.246	0	2135123	standard_tone	sapo_emerge	standard	n/a	n/a	n/a	n/a	n/a
4271.244	0	2135622	standard_tone	sapo_emerge	standard	n/a	n/a	n/a	n/a	n/a
4272.262	0	2136131	standard_tone	sapo_emerge	standard	n/a	n/a	n/a	n/a	n/a
4273.276	0	2136638	oddball_tone	sapo_emerge	oddball	n/a	n/a	n/a	n/a	n/a
4273.810	0	2136905	silence_end	sapo_emerge	silence-end	n/a	n/a	n/a	n/a	n/a
4273.810	0	2136905	gong_begin	sapo_emerge	gong-begin	n/a	n/a	n/a	n/a	n/a
4274.292	0	2137146	standard_tone	sapo_emerge	standard	n/a	n/a	n/a	n/a	n/a
4275.308	0	2137654	distractor_noise	sapo_emerge	distractor	n/a	n/a	n/a	n/a	n/a
4276.258	0	2138129	clicker_press	sapo_emerge	response-received-arrow_up	n/a	n/a	n/a	n/a	arrow_up
4276.276	0	2138138	gong_end	sapo_emerge	gong-end	n/a	n/a	n/a	n/a	n/a
4276.276	0	2138138	report_window_begin	sapo_emerge	emerge-sapo-emerge-begin	n/a	n/a	n/a	n/a	n/a
4276.630	0	2138315	clicker_press	sapo_emerge	response-received-arrow_up	n/a	n/a	n/a	n/a	arrow_up
4280.288	0	2140144	depth_rating	sapo_emerge	rating-sapo-emerge-meditation_depth-2	2	n/a	n/a	n/a	n/a
4288.166	0	2144083	clicker_press	sapo_emerge	response-received-arrow_up	n/a	n/a	n/a	n/a	arrow_up
4288.482	0	2144241	clicker_press	sapo_emerge	response-received-arrow_up	n/a	n/a	n/a	n/a	arrow_up
4288.764	0	2144382	clicker_press	sapo_emerge	response-received-arrow_up	n/a	n/a	n/a	n/a	arrow_up
4289.098	0	2144549	clicker_press	sapo_emerge	response-received-arrow_up	n/a	n/a	n/a	n/a	arrow_up
4290.396	0	2145198	confidence_rating	sapo_emerge	rating-sapo-emerge-confidence_depth-4	n/a	4	n/a	n/a	n/a
4293.860	0	2146930	report_window_end	sapo_emerge	emerge-sapo-emerge-end	n/a	n/a	n/a	n/a	n/a
4293.862	0	2146931	subblock_end	sapo_emerge	subblock-end-duration-122.0	n/a	n/a	n/a	122.000	n/a
4293.862	0	2146931	subblock_begin	sapo_emerge	subblock-begin	n/a	n/a	n/a	n/a	n/a
4293.862	0	2146931	silence_begin	sapo_emerge	silence-begin	n/a	n/a	n/a	n/a	n/a
4293.864	0	2146932	standard_tone	sapo_emerge	standard	n/a	n/a	n/a	n/a	n/a
4294.876	0	2147438	distractor_noise	sapo_emerge	distractor	n/a	n/a	n/a	n/a	n/a
4295.874	0	2147937	standard_tone	sapo_emerge	standard	n/a	n/a	n/a	n/a	n/a
4296.890	0	2148445	oddball_tone	sapo_emerge	oddball	n/a	n/a	n/a	n/a	n/a
4297.906	0	2148953	standard_tone	sapo_emerge	standard	n/a	n/a	n/a	n/a	n/a
4298.922	0	2149461	standard_tone	sapo_emerge	standard	n/a	n/a	n/a	n/a	n/a
4299.938	0	2149969	standard_tone	sapo_emerge	standard	n/a	n/a	n/a	n/a	n/a
4300.954	0	2150477	standard_tone	sapo_emerge	standard	n/a	n/a	n/a	n/a	n/a
4301.970	0	2150985	standard_tone	sapo_emerge	standard	n/a	n/a	n/a	n/a	n/a
4302.986	0	2151493	standard_tone	sapo_emerge	standard	n/a	n/a	n/a	n/a	n/a
4303.984	0	2151992	oddball_tone	sapo_emerge	oddball	n/a	n/a	n/a	n/a	n/a
4305.000	0	2152500	standard_tone	sapo_emerge	standard	n/a	n/a	n/a	n/a	n/a
4306.016	0	2153008	standard_tone	sapo_emerge	standard	n/a	n/a	n/a	n/a	n/a
4307.032	0	2153516	oddball_tone	sapo_emerge	oddball	n/a	n/a	n/a	n/a	n/a
4308.048	0	2154024	distractor_noise	sapo_emerge	distractor	n/a	n/a	n/a	n/a	n/a
4309.064	0	2154532	standard_tone	sapo_emerge	standard	n/a	n/a	n/a	n/a	n/a
4310.080	0	2155040	standard_tone	sapo_emerge	standard	n/a	n/a	n/a	n/a	n/a
4311.096	0	2155548	oddball_tone	sapo_emerge	oddball	n/a	n/a	n/a	n/a	n/a
4312.112	0	2156056	distractor_noise	sapo_emerge	distractor	n/a	n/a	n/a	n/a	n/a
4313.126	0	2156563	standard_tone	sapo_emerge	standard	n/a	n/a	n/a	n/a	n/a
4314.142	0	2157071	standard_tone	sapo_emerge	standard	n/a	n/a	n/a	n/a	n/a
4315.158	0	2157579	standard_tone	sapo_emerge	standard	n/a	n/a	n/a	n/a	n/a
4316.174	0	2158087	standard_tone	sapo_emerge	standard	n/a	n/a	n/a	n/a	n/a
4317.190	0	2158595	standard_tone	sapo_emerge	standard	n/a	n/a	n/a	n/a	n/a
4318.206	0	2159103	distractor_noise	sapo_emerge	distractor	n/a	n/a	n/a	n/a	n/a
4319.222	0	2159611	standard_tone	sapo_emerge	standard	n/a	n/a	n/a	n/a	n/a
4320.238	0	2160119	distractor_noise	sapo_emerge	distractor	n/a	n/a	n/a	n/a	n/a
4321.254	0	2160627	standard_tone	sapo_emerge	standard	n/a	n/a	n/a	n/a	n/a
4322.270	0	2161135	standard_tone	sapo_emerge	standard	n/a	n/a	n/a	n/a	n/a
4323.286	0	2161643	standard_tone	sapo_emerge	standard	n/a	n/a	n/a	n/a	n/a
4324.302	0	2162151	standard_tone	sapo_emerge	standard	n/a	n/a	n/a	n/a	n/a
4325.316	0	2162658	standard_tone	sapo_emerge	standard	n/a	n/a	n/a	n/a	n/a
4326.332	0	2163166	standard_tone	sapo_emerge	standard	n/a	n/a	n/a	n/a	n/a
4327.348	0	2163674	oddball_tone	sapo_emerge	oddball	n/a	n/a	n/a	n/a	n/a
4328.364	0	2164182	standard_tone	sapo_emerge	standard	n/a	n/a	n/a	n/a	n/a
4329.380	0	2164690	standard_tone	sapo_emerge	standard	n/a	n/a	n/a	n/a	n/a
4330.396	0	2165198	distractor_noise	sapo_emerge	distractor	n/a	n/a	n/a	n/a	n/a
4331.412	0	2165706	oddball_tone	sapo_emerge	oddball	n/a	n/a	n/a	n/a	n/a
4332.428	0	2166214	standard_tone	sapo_emerge	standard	n/a	n/a	n/a	n/a	n/a
4333.444	0	2166722	standard_tone	sapo_emerge	standard	n/a	n/a	n/a	n/a	n/a
4334.460	0	2167230	standard_tone	sapo_emerge	standard	n/a	n/a	n/a	n/a	n/a
4335.476	0	2167738	standard_tone	sapo_emerge	standard	n/a	n/a	n/a	n/a	n/a
4336.492	0	2168246	standard_tone	sapo_emerge	standard	n/a	n/a	n/a	n/a	n/a
4337.506	0	2168753	standard_tone	sapo_emerge	standard	n/a	n/a	n/a	n/a	n/a
4338.522	0	2169261	standard_tone	sapo_emerge	standard	n/a	n/a	n/a	n/a	n/a
4339.538	0	2169769	standard_tone	sapo_emerge	standard	n/a	n/a	n/a	n/a	n/a
4340.538	0	2170269	distractor_noise	sapo_emerge	distractor	n/a	n/a	n/a	n/a	n/a
4341.554	0	2170777	standard_tone	sapo_emerge	standard	n/a	n/a	n/a	n/a	n/a
4342.570	0	2171285	oddball_tone	sapo_emerge	oddball	n/a	n/a	n/a	n/a	n/a
4343.586	0	2171793	standard_tone	sapo_emerge	standard	n/a	n/a	n/a	n/a	n/a
4344.600	0	2172300	standard_tone	sapo_emerge	standard	n/a	n/a	n/a	n/a	n/a
4345.616	0	2172808	oddball_tone	sapo_emerge	oddball	n/a	n/a	n/a	n/a	n/a
4346.632	0	2173316	standard_tone	sapo_emerge	standard	n/a	n/a	n/a	n/a	n/a
4347.632	0	2173816	standard_tone	sapo_emerge	standard	n/a	n/a	n/a	n/a	n/a
4348.648	0	2174324	standard_tone	sapo_emerge	standard	n/a	n/a	n/a	n/a	n/a
4349.664	0	2174832	oddball_tone	sapo_emerge	oddball	n/a	n/a	n/a	n/a	n/a
4350.680	0	2175340	standard_tone	sapo_emerge	standard	n/a	n/a	n/a	n/a	n/a
4351.696	0	2175848	oddball_tone	sapo_emerge	oddball	n/a	n/a	n/a	n/a	n/a
4352.712	0	2176356	standard_tone	sapo_emerge	standard	n/a	n/a	n/a	n/a	n/a
4353.726	0	2176863	standard_tone	sapo_emerge	standard	n/a	n/a	n/a	n/a	n/a
4354.742	0	2177371	oddball_tone	sapo_emerge	oddball	n/a	n/a	n/a	n/a	n/a
4355.758	0	2177879	standard_tone	sapo_emerge	standard	n/a	n/a	n/a	n/a	n/a
4356.774	0	2178387	standard_tone	sapo_emerge	standard	n/a	n/a	n/a	n/a	n/a
4357.774	0	2178887	standard_tone	sapo_emerge	standard	n/a	n/a	n/a	n/a	n/a
4358.790	0	2179395	standard_tone	sapo_emerge	standard	n/a	n/a	n/a	n/a	n/a
4359.806	0	2179903	standard_tone	sapo_emerge	standard	n/a	n/a	n/a	n/a	n/a
4360.820	0	2180410	standard_tone	sapo_emerge	standard	n/a	n/a	n/a	n/a	n/a
4361.836	0	2180918	oddball_tone	sapo_emerge	oddball	n/a	n/a	n/a	n/a	n/a
4362.852	0	2181426	standard_tone	sapo_emerge	standard	n/a	n/a	n/a	n/a	n/a
4363.868	0	2181934	standard_tone	sapo_emerge	standard	n/a	n/a	n/a	n/a	n/a
4364.884	0	2182442	standard_tone	sapo_emerge	standard	n/a	n/a	n/a	n/a	n/a
4365.900	0	2182950	standard_tone	sapo_emerge	standard	n/a	n/a	n/a	n/a	n/a
4366.900	0	2183450	standard_tone	sapo_emerge	standard	n/a	n/a	n/a	n/a	n/a
4367.914	0	2183957	standard_tone	sapo_emerge	standard	n/a	n/a	n/a	n/a	n/a
4368.930	0	2184465	distractor_noise	sapo_emerge	distractor	n/a	n/a	n/a	n/a	n/a
4369.946	0	2184973	oddball_tone	sapo_emerge	oddball	n/a	n/a	n/a	n/a	n/a
4370.962	0	2185481	standard_tone	sapo_emerge	standard	n/a	n/a	n/a	n/a	n/a
4371.978	0	2185989	standard_tone	sapo_emerge	standard	n/a	n/a	n/a	n/a	n/a
4372.994	0	2186497	standard_tone	sapo_emerge	standard	n/a	n/a	n/a	n/a	n/a
4374.010	0	2187005	standard_tone	sapo_emerge	standard	n/a	n/a	n/a	n/a	n/a
4375.026	0	2187513	standard_tone	sapo_emerge	standard	n/a	n/a	n/a	n/a	n/a
4376.042	0	2188021	standard_tone	sapo_emerge	standard	n/a	n/a	n/a	n/a	n/a
4377.058	0	2188529	standard_tone	sapo_emerge	standard	n/a	n/a	n/a	n/a	n/a
4378.074	0	2189037	oddball_tone	sapo_emerge	oddball	n/a	n/a	n/a	n/a	n/a
4379.090	0	2189545	standard_tone	sapo_emerge	standard	n/a	n/a	n/a	n/a	n/a
4380.104	0	2190052	oddball_tone	sapo_emerge	oddball	n/a	n/a	n/a	n/a	n/a
4381.120	0	2190560	standard_tone	sapo_emerge	standard	n/a	n/a	n/a	n/a	n/a
4382.136	0	2191068	standard_tone	sapo_emerge	standard	n/a	n/a	n/a	n/a	n/a
4383.152	0	2191576	standard_tone	sapo_emerge	standard	n/a	n/a	n/a	n/a	n/a
4384.168	0	2192084	standard_tone	sapo_emerge	standard	n/a	n/a	n/a	n/a	n/a
4385.184	0	2192592	standard_tone	sapo_emerge	standard	n/a	n/a	n/a	n/a	n/a
4386.200	0	2193100	standard_tone	sapo_emerge	standard	n/a	n/a	n/a	n/a	n/a
4387.216	0	2193608	standard_tone	sapo_emerge	standard	n/a	n/a	n/a	n/a	n/a
4388.232	0	2194116	standard_tone	sapo_emerge	standard	n/a	n/a	n/a	n/a	n/a
4389.248	0	2194624	standard_tone	sapo_emerge	standard	n/a	n/a	n/a	n/a	n/a
4390.264	0	2195132	distractor_noise	sapo_emerge	distractor	n/a	n/a	n/a	n/a	n/a
4391.278	0	2195639	standard_tone	sapo_emerge	standard	n/a	n/a	n/a	n/a	n/a
4392.278	0	2196139	standard_tone	sapo_emerge	standard	n/a	n/a	n/a	n/a	n/a
4393.294	0	2196647	standard_tone	sapo_emerge	standard	n/a	n/a	n/a	n/a	n/a
4394.310	0	2197155	standard_tone	sapo_emerge	standard	n/a	n/a	n/a	n/a	n/a
4395.326	0	2197663	standard_tone	sapo_emerge	standard	n/a	n/a	n/a	n/a	n/a
4396.342	0	2198171	standard_tone	sapo_emerge	standard	n/a	n/a	n/a	n/a	n/a
4397.358	0	2198679	standard_tone	sapo_emerge	standard	n/a	n/a	n/a	n/a	n/a
4398.356	0	2199178	distractor_noise	sapo_emerge	distractor	n/a	n/a	n/a	n/a	n/a
4399.372	0	2199686	standard_tone	sapo_emerge	standard	n/a	n/a	n/a	n/a	n/a
4400.388	0	2200194	standard_tone	sapo_emerge	standard	n/a	n/a	n/a	n/a	n/a
4401.404	0	2200702	standard_tone	sapo_emerge	standard	n/a	n/a	n/a	n/a	n/a
4402.420	0	2201210	standard_tone	sapo_emerge	standard	n/a	n/a	n/a	n/a	n/a
4403.436	0	2201718	distractor_noise	sapo_emerge	distractor	n/a	n/a	n/a	n/a	n/a
4404.452	0	2202226	standard_tone	sapo_emerge	standard	n/a	n/a	n/a	n/a	n/a
4405.468	0	2202734	standard_tone	sapo_emerge	standard	n/a	n/a	n/a	n/a	n/a
4406.482	0	2203241	standard_tone	sapo_emerge	standard	n/a	n/a	n/a	n/a	n/a
4407.498	0	2203749	standard_tone	sapo_emerge	standard	n/a	n/a	n/a	n/a	n/a
4408.514	0	2204257	standard_tone	sapo_emerge	standard	n/a	n/a	n/a	n/a	n/a
4409.530	0	2204765	standard_tone	sapo_emerge	standard	n/a	n/a	n/a	n/a	n/a
4410.546	0	2205273	standard_tone	sapo_emerge	standard	n/a	n/a	n/a	n/a	n/a
4411.562	0	2205781	standard_tone	sapo_emerge	standard	n/a	n/a	n/a	n/a	n/a
4412.578	0	2206289	standard_tone	sapo_emerge	standard	n/a	n/a	n/a	n/a	n/a
4413.410	0	2206705	silence_end	sapo_emerge	silence-end	n/a	n/a	n/a	n/a	n/a
4413.412	0	2206706	gong_begin	sapo_emerge	gong-begin	n/a	n/a	n/a	n/a	n/a
4413.594	0	2206797	standard_tone	sapo_emerge	standard	n/a	n/a	n/a	n/a	n/a
4414.610	0	2207305	standard_tone	sapo_emerge	standard	n/a	n/a	n/a	n/a	n/a
4415.626	0	2207813	standard_tone	sapo_emerge	standard	n/a	n/a	n/a	n/a	n/a
4416.642	0	2208321	standard_tone	sapo_emerge	standard	n/a	n/a	n/a	n/a	n/a
4417.424	0	2208712	clicker_press	sapo_emerge	response-received-arrow_up	n/a	n/a	n/a	n/a	arrow_up
4417.458	0	2208729	gong_end	sapo_emerge	gong-end	n/a	n/a	n/a	n/a	n/a
4417.458	0	2208729	report_window_begin	sapo_emerge	emerge-sapo-emerge-begin	n/a	n/a	n/a	n/a	n/a
4417.690	0	2208845	clicker_press	sapo_emerge	response-received-arrow_up	n/a	n/a	n/a	n/a	arrow_up
4418.040	0	2209020	clicker_press	sapo_emerge	response-received-arrow_up	n/a	n/a	n/a	n/a	arrow_up
4421.554	0	2210777	depth_rating	sapo_emerge	rating-sapo-emerge-meditation_depth-3	3	n/a	n/a	n/a	n/a
4430.080	0	2215040	clicker_press	sapo_emerge	response-received-arrow_up	n/a	n/a	n/a	n/a	arrow_up
4430.348	0	2215174	clicker_press	sapo_emerge	response-received-arrow_up	n/a	n/a	n/a	n/a	arrow_up
4430.598	0	2215299	clicker_press	sapo_emerge	response-received-arrow_up	n/a	n/a	n/a	n/a	arrow_up
4430.880	0	2215440	clicker_press	sapo_emerge	response-received-arrow_up	n/a	n/a	n/a	n/a	arrow_up
4431.164	0	2215582	clicker_press	sapo_emerge	response-received-arrow_up	n/a	n/a	n/a	n/a	arrow_up
4431.596	0	2215798	confidence_rating	sapo_emerge	rating-sapo-emerge-confidence_depth-5	n/a	5	n/a	n/a	n/a
4435.042	0	2217521	report_window_end	sapo_emerge	emerge-sapo-emerge-end	n/a	n/a	n/a	n/a	n/a
4435.044	0	2217522	subblock_end	sapo_emerge	subblock-end-duration-141.182	n/a	n/a	n/a	141.182	n/a
4435.044	0	2217522	subblock_begin	sapo_emerge	subblock-begin	n/a	n/a	n/a	n/a	n/a
4435.044	0	2217522	silence_begin	sapo_emerge	silence-begin	n/a	n/a	n/a	n/a	n/a
4435.046	0	2217523	standard_tone	sapo_emerge	standard	n/a	n/a	n/a	n/a	n/a
4436.058	0	2218029	distractor_noise	sapo_emerge	distractor	n/a	n/a	n/a	n/a	n/a
4437.074	0	2218537	standard_tone	sapo_emerge	standard	n/a	n/a	n/a	n/a	n/a
4438.090	0	2219045	standard_tone	sapo_emerge	standard	n/a	n/a	n/a	n/a	n/a
4439.106	0	2219553	distractor_noise	sapo_emerge	distractor	n/a	n/a	n/a	n/a	n/a
4440.106	0	2220053	standard_tone	sapo_emerge	standard	n/a	n/a	n/a	n/a	n/a
4441.120	0	2220560	standard_tone	sapo_emerge	standard	n/a	n/a	n/a	n/a	n/a
4442.120	0	2221060	standard_tone	sapo_emerge	standard	n/a	n/a	n/a	n/a	n/a
4443.136	0	2221568	standard_tone	sapo_emerge	standard	n/a	n/a	n/a	n/a	n/a
4444.152	0	2222076	standard_tone	sapo_emerge	standard	n/a	n/a	n/a	n/a	n/a
4445.168	0	2222584	standard_tone	sapo_emerge	standard	n/a	n/a	n/a	n/a	n/a
4446.184	0	2223092	standard_tone	sapo_emerge	standard	n/a	n/a	n/a	n/a	n/a
4447.200	0	2223600	distractor_noise	sapo_emerge	distractor	n/a	n/a	n/a	n/a	n/a
4448.214	0	2224107	standard_tone	sapo_emerge	standard	n/a	n/a	n/a	n/a	n/a
4449.230	0	2224615	distractor_noise	sapo_emerge	distractor	n/a	n/a	n/a	n/a	n/a
4450.246	0	2225123	standard_tone	sapo_emerge	standard	n/a	n/a	n/a	n/a	n/a
4451.262	0	2225631	standard_tone	sapo_emerge	standard	n/a	n/a	n/a	n/a	n/a
4452.262	0	2226131	oddball_tone	sapo_emerge	oddball	n/a	n/a	n/a	n/a	n/a
4453.278	0	2226639	standard_tone	sapo_emerge	standard	n/a	n/a	n/a	n/a	n/a
4454.294	0	2227147	standard_tone	sapo_emerge	standard	n/a	n/a	n/a	n/a	n/a
4455.310	0	2227655	standard_tone	sapo_emerge	standard	n/a	n/a	n/a	n/a	n/a
4456.324	0	2228162	oddball_tone	sapo_emerge	oddball	n/a	n/a	n/a	n/a	n/a
4457.340	0	2228670	standard_tone	sapo_emerge	standard	n/a	n/a	n/a	n/a	n/a
4458.356	0	2229178	oddball_tone	sapo_emerge	oddball	n/a	n/a	n/a	n/a	n/a
4459.372	0	2229686	standard_tone	sapo_emerge	standard	n/a	n/a	n/a	n/a	n/a
4460.388	0	2230194	standard_tone	sapo_emerge	standard	n/a	n/a	n/a	n/a	n/a
4461.404	0	2230702	standard_tone	sapo_emerge	standard	n/a	n/a	n/a	n/a	n/a
4462.420	0	2231210	distractor_noise	sapo_emerge	distractor	n/a	n/a	n/a	n/a	n/a
4463.436	0	2231718	standard_tone	sapo_emerge	standard	n/a	n/a	n/a	n/a	n/a
4464.452	0	2232226	standard_tone	sapo_emerge	standard	n/a	n/a	n/a	n/a	n/a
4465.468	0	2232734	standard_tone	sapo_emerge	standard	n/a	n/a	n/a	n/a	n/a
4466.484	0	2233242	standard_tone	sapo_emerge	standard	n/a	n/a	n/a	n/a	n/a
4467.498	0	2233749	standard_tone	sapo_emerge	standard	n/a	n/a	n/a	n/a	n/a
4468.514	0	2234257	standard_tone	sapo_emerge	standard	n/a	n/a	n/a	n/a	n/a
4469.530	0	2234765	oddball_tone	sapo_emerge	oddball	n/a	n/a	n/a	n/a	n/a
4470.546	0	2235273	standard_tone	sapo_emerge	standard	n/a	n/a	n/a	n/a	n/a
4471.562	0	2235781	standard_tone	sapo_emerge	standard	n/a	n/a	n/a	n/a	n/a
4472.578	0	2236289	standard_tone	sapo_emerge	standard	n/a	n/a	n/a	n/a	n/a
4473.594	0	2236797	standard_tone	sapo_emerge	standard	n/a	n/a	n/a	n/a	n/a
4474.610	0	2237305	standard_tone	sapo_emerge	standard	n/a	n/a	n/a	n/a	n/a
4475.626	0	2237813	standard_tone	sapo_emerge	standard	n/a	n/a	n/a	n/a	n/a
4476.642	0	2238321	standard_tone	sapo_emerge	standard	n/a	n/a	n/a	n/a	n/a
4477.658	0	2238829	standard_tone	sapo_emerge	standard	n/a	n/a	n/a	n/a	n/a
4478.674	0	2239337	distractor_noise	sapo_emerge	distractor	n/a	n/a	n/a	n/a	n/a
4479.690	0	2239845	standard_tone	sapo_emerge	standard	n/a	n/a	n/a	n/a	n/a
4480.704	0	2240352	standard_tone	sapo_emerge	standard	n/a	n/a	n/a	n/a	n/a
4481.720	0	2240860	standard_tone	sapo_emerge	standard	n/a	n/a	n/a	n/a	n/a
4482.736	0	2241368	oddball_tone	sapo_emerge	oddball	n/a	n/a	n/a	n/a	n/a
4483.752	0	2241876	distractor_noise	sapo_emerge	distractor	n/a	n/a	n/a	n/a	n/a
4484.768	0	2242384	standard_tone	sapo_emerge	standard	n/a	n/a	n/a	n/a	n/a
4485.768	0	2242884	standard_tone	sapo_emerge	standard	n/a	n/a	n/a	n/a	n/a
4486.784	0	2243392	standard_tone	sapo_emerge	standard	n/a	n/a	n/a	n/a	n/a
4487.800	0	2243900	standard_tone	sapo_emerge	standard	n/a	n/a	n/a	n/a	n/a
4488.814	0	2244407	standard_tone	sapo_emerge	standard	n/a	n/a	n/a	n/a	n/a
4489.830	0	2244915	standard_tone	sapo_emerge	standard	n/a	n/a	n/a	n/a	n/a
4490.846	0	2245423	standard_tone	sapo_emerge	standard	n/a	n/a	n/a	n/a	n/a
4491.862	0	2245931	standard_tone	sapo_emerge	standard	n/a	n/a	n/a	n/a	n/a
4492.878	0	2246439	standard_tone	sapo_emerge	standard	n/a	n/a	n/a	n/a	n/a
4493.894	0	2246947	standard_tone	sapo_emerge	standard	n/a	n/a	n/a	n/a	n/a
4494.910	0	2247455	standard_tone	sapo_emerge	standard	n/a	n/a	n/a	n/a	n/a
4495.926	0	2247963	standard_tone	sapo_emerge	standard	n/a	n/a	n/a	n/a	n/a
4496.926	0	2248463	distractor_noise	sapo_emerge	distractor	n/a	n/a	n/a	n/a	n/a
4497.940	0	2248970	oddball_tone	sapo_emerge	oddball	n/a	n/a	n/a	n/a	n/a
4498.940	0	2249470	standard_tone	sapo_emerge	standard	n/a	n/a	n/a	n/a	n/a
4499.956	0	2249978	standard_tone	sapo_emerge	standard	n/a	n/a	n/a	n/a	n/a
4500.972	0	2250486	standard_tone	sapo_emerge	standard	n/a	n/a	n/a	n/a	n/a
4501.970	0	2250985	standard_tone	sapo_emerge	standard	n/a	n/a	n/a	n/a	n/a
4502.986	0	2251493	standard_tone	sapo_emerge	standard	n/a	n/a	n/a	n/a	n/a
4504.002	0	2252001	standard_tone	sapo_emerge	standard	n/a	n/a	n/a	n/a	n/a
4505.018	0	2252509	standard_tone	sapo_emerge	standard	n/a	n/a	n/a	n/a	n/a
4506.034	0	2253017	oddball_tone	sapo_emerge	oddball	n/a	n/a	n/a	n/a	n/a
4507.050	0	2253525	standard_tone	sapo_emerge	standard	n/a	n/a	n/a	n/a	n/a
4508.066	0	2254033	standard_tone	sapo_emerge	standard	n/a	n/a	n/a	n/a	n/a
4508.632	0	2254316	clicker_press	sapo_emerge	response-received-arrow_up	n/a	n/a	n/a	n/a	arrow_up
4508.648	0	2254324	report_window_begin	sapo_emerge	emerge-sapo-emerge-begin	n/a	n/a	n/a	n/a	n/a
4508.980	0	2254490	clicker_press	sapo_emerge	response-received-arrow_up	n/a	n/a	n/a	n/a	arrow_up
4509.332	0	2254666	clicker_press	sapo_emerge	response-received-arrow_up	n/a	n/a	n/a	n/a	arrow_up
4512.678	0	2256339	depth_rating	sapo_emerge	rating-sapo-emerge-meditation_depth-3	3	n/a	n/a	n/a	n/a
4519.706	0	2259853	clicker_press	sapo_emerge	response-received-arrow_up	n/a	n/a	n/a	n/a	arrow_up
4520.022	0	2260011	clicker_press	sapo_emerge	response-received-arrow_up	n/a	n/a	n/a	n/a	arrow_up
4520.322	0	2260161	clicker_press	sapo_emerge	response-received-arrow_up	n/a	n/a	n/a	n/a	arrow_up
4520.688	0	2260344	clicker_press	sapo_emerge	response-received-arrow_up	n/a	n/a	n/a	n/a	arrow_up
4522.904	0	2261452	confidence_rating	sapo_emerge	rating-sapo-emerge-confidence_depth-4	n/a	4	n/a	n/a	n/a
4526.350	0	2263175	report_window_end	sapo_emerge	emerge-sapo-emerge-end	n/a	n/a	n/a	n/a	n/a
4526.350	0	2263175	subblock_begin	sapo_emerge	subblock-begin	n/a	n/a	n/a	n/a	n/a
4526.350	0	2263175	silence_begin	sapo_emerge	silence-begin	n/a	n/a	n/a	n/a	n/a
4526.366	0	2263183	oddball_tone	sapo_emerge	oddball	n/a	n/a	n/a	n/a	n/a
4527.366	0	2263683	standard_tone	sapo_emerge	standard	n/a	n/a	n/a	n/a	n/a
4528.366	0	2264183	standard_tone	sapo_emerge	standard	n/a	n/a	n/a	n/a	n/a
4529.382	0	2264691	standard_tone	sapo_emerge	standard	n/a	n/a	n/a	n/a	n/a
4530.398	0	2265199	oddball_tone	sapo_emerge	oddball	n/a	n/a	n/a	n/a	n/a
4531.412	0	2265706	distractor_noise	sapo_emerge	distractor	n/a	n/a	n/a	n/a	n/a
4532.414	0	2266207	standard_tone	sapo_emerge	standard	n/a	n/a	n/a	n/a	n/a
4533.428	0	2266714	standard_tone	sapo_emerge	standard	n/a	n/a	n/a	n/a	n/a
4534.444	0	2267222	standard_tone	sapo_emerge	standard	n/a	n/a	n/a	n/a	n/a
4535.458	0	2267729	standard_tone	sapo_emerge	standard	n/a	n/a	n/a	n/a	n/a
4536.458	0	2268229	standard_tone	sapo_emerge	standard	n/a	n/a	n/a	n/a	n/a
4537.474	0	2268737	standard_tone	sapo_emerge	standard	n/a	n/a	n/a	n/a	n/a
4538.490	0	2269245	standard_tone	sapo_emerge	standard	n/a	n/a	n/a	n/a	n/a
4539.506	0	2269753	standard_tone	sapo_emerge	standard	n/a	n/a	n/a	n/a	n/a
4540.522	0	2270261	distractor_noise	sapo_emerge	distractor	n/a	n/a	n/a	n/a	n/a
4541.538	0	2270769	standard_tone	sapo_emerge	standard	n/a	n/a	n/a	n/a	n/a
4542.538	0	2271269	standard_tone	sapo_emerge	standard	n/a	n/a	n/a	n/a	n/a
4543.554	0	2271777	standard_tone	sapo_emerge	standard	n/a	n/a	n/a	n/a	n/a
4544.568	0	2272284	standard_tone	sapo_emerge	standard	n/a	n/a	n/a	n/a	n/a
4545.584	0	2272792	standard_tone	sapo_emerge	standard	n/a	n/a	n/a	n/a	n/a
4546.584	0	2273292	oddball_tone	sapo_emerge	oddball	n/a	n/a	n/a	n/a	n/a
4547.600	0	2273800	standard_tone	sapo_emerge	standard	n/a	n/a	n/a	n/a	n/a
4548.616	0	2274308	standard_tone	sapo_emerge	standard	n/a	n/a	n/a	n/a	n/a
4549.630	0	2274815	standard_tone	sapo_emerge	standard	n/a	n/a	n/a	n/a	n/a
4550.646	0	2275323	standard_tone	sapo_emerge	standard	n/a	n/a	n/a	n/a	n/a
4551.662	0	2275831	distractor_noise	sapo_emerge	distractor	n/a	n/a	n/a	n/a	n/a
4552.678	0	2276339	standard_tone	sapo_emerge	standard	n/a	n/a	n/a	n/a	n/a
4553.694	0	2276847	oddball_tone	sapo_emerge	oddball	n/a	n/a	n/a	n/a	n/a
4554.710	0	2277355	standard_tone	sapo_emerge	standard	n/a	n/a	n/a	n/a	n/a
4555.710	0	2277855	standard_tone	sapo_emerge	standard	n/a	n/a	n/a	n/a	n/a
4556.726	0	2278363	standard_tone	sapo_emerge	standard	n/a	n/a	n/a	n/a	n/a
4557.742	0	2278871	standard_tone	sapo_emerge	standard	n/a	n/a	n/a	n/a	n/a
4558.756	0	2279378	standard_tone	sapo_emerge	standard	n/a	n/a	n/a	n/a	n/a
4559.772	0	2279886	standard_tone	sapo_emerge	standard	n/a	n/a	n/a	n/a	n/a
4560.788	0	2280394	standard_tone	sapo_emerge	standard	n/a	n/a	n/a	n/a	n/a
4561.804	0	2280902	standard_tone	sapo_emerge	standard	n/a	n/a	n/a	n/a	n/a
4562.820	0	2281410	standard_tone	sapo_emerge	standard	n/a	n/a	n/a	n/a	n/a
4563.836	0	2281918	oddball_tone	sapo_emerge	oddball	n/a	n/a	n/a	n/a	n/a
4564.852	0	2282426	distractor_noise	sapo_emerge	distractor	n/a	n/a	n/a	n/a	n/a
4565.868	0	2282934	standard_tone	sapo_emerge	standard	n/a	n/a	n/a	n/a	n/a
4566.884	0	2283442	standard_tone	sapo_emerge	standard	n/a	n/a	n/a	n/a	n/a
4567.900	0	2283950	standard_tone	sapo_emerge	standard	n/a	n/a	n/a	n/a	n/a
4568.914	0	2284457	oddball_tone	sapo_emerge	oddball	n/a	n/a	n/a	n/a	n/a
4569.930	0	2284965	standard_tone	sapo_emerge	standard	n/a	n/a	n/a	n/a	n/a
4570.930	0	2285465	standard_tone	sapo_emerge	standard	n/a	n/a	n/a	n/a	n/a
4571.946	0	2285973	standard_tone	sapo_emerge	standard	n/a	n/a	n/a	n/a	n/a
4572.962	0	2286481	standard_tone	sapo_emerge	standard	n/a	n/a	n/a	n/a	n/a
4573.978	0	2286989	standard_tone	sapo_emerge	standard	n/a	n/a	n/a	n/a	n/a
4574.976	0	2287488	standard_tone	sapo_emerge	standard	n/a	n/a	n/a	n/a	n/a
4575.992	0	2287996	standard_tone	sapo_emerge	standard	n/a	n/a	n/a	n/a	n/a
4577.008	0	2288504	standard_tone	sapo_emerge	standard	n/a	n/a	n/a	n/a	n/a
4578.024	0	2289012	standard_tone	sapo_emerge	standard	n/a	n/a	n/a	n/a	n/a
4579.042	0	2289521	standard_tone	sapo_emerge	standard	n/a	n/a	n/a	n/a	n/a
4580.056	0	2290028	distractor_noise	sapo_emerge	distractor	n/a	n/a	n/a	n/a	n/a
4581.072	0	2290536	standard_tone	sapo_emerge	standard	n/a	n/a	n/a	n/a	n/a
4582.088	0	2291044	standard_tone	sapo_emerge	standard	n/a	n/a	n/a	n/a	n/a
4583.104	0	2291552	standard_tone	sapo_emerge	standard	n/a	n/a	n/a	n/a	n/a
4584.120	0	2292060	standard_tone	sapo_emerge	standard	n/a	n/a	n/a	n/a	n/a
4585.136	0	2292568	standard_tone	sapo_emerge	standard	n/a	n/a	n/a	n/a	n/a
4586.150	0	2293075	standard_tone	sapo_emerge	standard	n/a	n/a	n/a	n/a	n/a
4587.166	0	2293583	standard_tone	sapo_emerge	standard	n/a	n/a	n/a	n/a	n/a
4588.182	0	2294091	distractor_noise	sapo_emerge	distractor	n/a	n/a	n/a	n/a	n/a
4589.182	0	2294591	standard_tone	sapo_emerge	standard	n/a	n/a	n/a	n/a	n/a
4590.198	0	2295099	distractor_noise	sapo_emerge	distractor	n/a	n/a	n/a	n/a	n/a
4591.214	0	2295607	standard_tone	sapo_emerge	standard	n/a	n/a	n/a	n/a	n/a
4592.230	0	2296115	standard_tone	sapo_emerge	standard	n/a	n/a	n/a	n/a	n/a
4593.246	0	2296623	standard_tone	sapo_emerge	standard	n/a	n/a	n/a	n/a	n/a
4594.260	0	2297130	standard_tone	sapo_emerge	standard	n/a	n/a	n/a	n/a	n/a
4595.276	0	2297638	standard_tone	sapo_emerge	standard	n/a	n/a	n/a	n/a	n/a
4596.292	0	2298146	standard_tone	sapo_emerge	standard	n/a	n/a	n/a	n/a	n/a
4597.308	0	2298654	standard_tone	sapo_emerge	standard	n/a	n/a	n/a	n/a	n/a
4598.324	0	2299162	standard_tone	sapo_emerge	standard	n/a	n/a	n/a	n/a	n/a
4599.340	0	2299670	distractor_noise	sapo_emerge	distractor	n/a	n/a	n/a	n/a	n/a
4600.340	0	2300170	standard_tone	sapo_emerge	standard	n/a	n/a	n/a	n/a	n/a
4601.354	0	2300677	standard_tone	sapo_emerge	standard	n/a	n/a	n/a	n/a	n/a
4602.370	0	2301185	standard_tone	sapo_emerge	standard	n/a	n/a	n/a	n/a	n/a
4603.386	0	2301693	standard_tone	sapo_emerge	standard	n/a	n/a	n/a	n/a	n/a
4604.402	0	2302201	standard_tone	sapo_emerge	standard	n/a	n/a	n/a	n/a	n/a
4605.418	0	2302709	standard_tone	sapo_emerge	standard	n/a	n/a	n/a	n/a	n/a
4606.434	0	2303217	standard_tone	sapo_emerge	standard	n/a	n/a	n/a	n/a	n/a
4607.450	0	2303725	standard_tone	sapo_emerge	standard	n/a	n/a	n/a	n/a	n/a
4608.466	0	2304233	standard_tone	sapo_emerge	standard	n/a	n/a	n/a	n/a	n/a
4609.482	0	2304741	standard_tone	sapo_emerge	standard	n/a	n/a	n/a	n/a	n/a
4610.498	0	2305249	standard_tone	sapo_emerge	standard	n/a	n/a	n/a	n/a	n/a
4611.514	0	2305757	standard_tone	sapo_emerge	standard	n/a	n/a	n/a	n/a	n/a
4612.528	0	2306264	standard_tone	sapo_emerge	standard	n/a	n/a	n/a	n/a	n/a
4613.544	0	2306772	standard_tone	sapo_emerge	standard	n/a	n/a	n/a	n/a	n/a
4614.560	0	2307280	standard_tone	sapo_emerge	standard	n/a	n/a	n/a	n/a	n/a
4615.576	0	2307788	standard_tone	sapo_emerge	standard	n/a	n/a	n/a	n/a	n/a
4616.592	0	2308296	standard_tone	sapo_emerge	standard	n/a	n/a	n/a	n/a	n/a
4617.608	0	2308804	oddball_tone	sapo_emerge	oddball	n/a	n/a	n/a	n/a	n/a
4618.624	0	2309312	standard_tone	sapo_emerge	standard	n/a	n/a	n/a	n/a	n/a
4619.640	0	2309820	standard_tone	sapo_emerge	standard	n/a	n/a	n/a	n/a	n/a
4620.656	0	2310328	standard_tone	sapo_emerge	standard	n/a	n/a	n/a	n/a	n/a
4621.672	0	2310836	standard_tone	sapo_emerge	standard	n/a	n/a	n/a	n/a	n/a
4622.686	0	2311343	standard_tone	sapo_emerge	standard	n/a	n/a	n/a	n/a	n/a
4623.702	0	2311851	standard_tone	sapo_emerge	standard	n/a	n/a	n/a	n/a	n/a
4624.720	0	2312360	standard_tone	sapo_emerge	standard	n/a	n/a	n/a	n/a	n/a
4625.734	0	2312867	standard_tone	sapo_emerge	standard	n/a	n/a	n/a	n/a	n/a
4626.750	0	2313375	standard_tone	sapo_emerge	standard	n/a	n/a	n/a	n/a	n/a
4627.750	0	2313875	oddball_tone	sapo_emerge	oddball	n/a	n/a	n/a	n/a	n/a
4628.766	0	2314383	standard_tone	sapo_emerge	standard	n/a	n/a	n/a	n/a	n/a
4629.782	0	2314891	standard_tone	sapo_emerge	standard	n/a	n/a	n/a	n/a	n/a
4630.798	0	2315399	standard_tone	sapo_emerge	standard	n/a	n/a	n/a	n/a	n/a
4630.980	0	2315490	silence_end	sapo_emerge	silence-end	n/a	n/a	n/a	n/a	n/a
4631.064	0	2315532	gong_begin	sapo_emerge	gong-begin	n/a	n/a	n/a	n/a	n/a
4631.798	0	2315899	standard_tone	sapo_emerge	standard	n/a	n/a	n/a	n/a	n/a
4632.812	0	2316406	standard_tone	sapo_emerge	standard	n/a	n/a	n/a	n/a	n/a
4633.828	0	2316914	standard_tone	sapo_emerge	standard	n/a	n/a	n/a	n/a	n/a
4634.828	0	2317414	oddball_tone	sapo_emerge	oddball	n/a	n/a	n/a	n/a	n/a
4635.844	0	2317922	standard_tone	sapo_emerge	standard	n/a	n/a	n/a	n/a	n/a
4636.860	0	2318430	standard_tone	sapo_emerge	standard	n/a	n/a	n/a	n/a	n/a
4637.874	0	2318937	oddball_tone	sapo_emerge	oddball	n/a	n/a	n/a	n/a	n/a
4638.890	0	2319445	standard_tone	sapo_emerge	standard	n/a	n/a	n/a	n/a	n/a
4639.906	0	2319953	standard_tone	sapo_emerge	standard	n/a	n/a	n/a	n/a	n/a
4640.922	0	2320461	standard_tone	sapo_emerge	standard	n/a	n/a	n/a	n/a	n/a
4641.006	0	2320503	gong_end	sapo_emerge	gong-end	n/a	n/a	n/a	n/a	n/a
4641.006	0	2320503	subblock_end	sapo_emerge	subblock-end-duration-114.657	n/a	n/a	n/a	114.657	n/a
4641.006	0	2320503	subblock_begin	sapo_emerge	subblock-begin	n/a	n/a	n/a	n/a	n/a
4641.008	0	2320504	silence_begin	sapo_emerge	silence-begin	n/a	n/a	n/a	n/a	n/a
4641.938	0	2320969	standard_tone	sapo_emerge	standard	n/a	n/a	n/a	n/a	n/a
4642.954	0	2321477	standard_tone	sapo_emerge	standard	n/a	n/a	n/a	n/a	n/a
4643.970	0	2321985	distractor_noise	sapo_emerge	distractor	n/a	n/a	n/a	n/a	n/a
4644.986	0	2322493	standard_tone	sapo_emerge	standard	n/a	n/a	n/a	n/a	n/a
4646.000	0	2323000	standard_tone	sapo_emerge	standard	n/a	n/a	n/a	n/a	n/a
4647.000	0	2323500	standard_tone	sapo_emerge	standard	n/a	n/a	n/a	n/a	n/a
4648.016	0	2324008	standard_tone	sapo_emerge	standard	n/a	n/a	n/a	n/a	n/a
4649.032	0	2324516	standard_tone	sapo_emerge	standard	n/a	n/a	n/a	n/a	n/a
4650.048	0	2325024	standard_tone	sapo_emerge	standard	n/a	n/a	n/a	n/a	n/a
4651.064	0	2325532	standard_tone	sapo_emerge	standard	n/a	n/a	n/a	n/a	n/a
4652.080	0	2326040	standard_tone	sapo_emerge	standard	n/a	n/a	n/a	n/a	n/a
4653.096	0	2326548	standard_tone	sapo_emerge	standard	n/a	n/a	n/a	n/a	n/a
4654.110	0	2327055	standard_tone	sapo_emerge	standard	n/a	n/a	n/a	n/a	n/a
4655.110	0	2327555	distractor_noise	sapo_emerge	distractor	n/a	n/a	n/a	n/a	n/a
4656.126	0	2328063	standard_tone	sapo_emerge	standard	n/a	n/a	n/a	n/a	n/a
4657.142	0	2328571	standard_tone	sapo_emerge	standard	n/a	n/a	n/a	n/a	n/a
4658.158	0	2329079	standard_tone	sapo_emerge	standard	n/a	n/a	n/a	n/a	n/a
4659.174	0	2329587	standard_tone	sapo_emerge	standard	n/a	n/a	n/a	n/a	n/a
4660.190	0	2330095	oddball_tone	sapo_emerge	oddball	n/a	n/a	n/a	n/a	n/a
4661.206	0	2330603	distractor_noise	sapo_emerge	distractor	n/a	n/a	n/a	n/a	n/a
4662.222	0	2331111	standard_tone	sapo_emerge	standard	n/a	n/a	n/a	n/a	n/a
4663.236	0	2331618	standard_tone	sapo_emerge	standard	n/a	n/a	n/a	n/a	n/a
4664.252	0	2332126	standard_tone	sapo_emerge	standard	n/a	n/a	n/a	n/a	n/a
4665.268	0	2332634	distractor_noise	sapo_emerge	distractor	n/a	n/a	n/a	n/a	n/a
4666.284	0	2333142	standard_tone	sapo_emerge	standard	n/a	n/a	n/a	n/a	n/a
4667.300	0	2333650	standard_tone	sapo_emerge	standard	n/a	n/a	n/a	n/a	n/a
4668.316	0	2334158	standard_tone	sapo_emerge	standard	n/a	n/a	n/a	n/a	n/a
4669.316	0	2334658	standard_tone	sapo_emerge	standard	n/a	n/a	n/a	n/a	n/a
4670.332	0	2335166	standard_tone	sapo_emerge	standard	n/a	n/a	n/a	n/a	n/a
4671.346	0	2335673	standard_tone	sapo_emerge	standard	n/a	n/a	n/a	n/a	n/a
4672.362	0	2336181	standard_tone	sapo_emerge	standard	n/a	n/a	n/a	n/a	n/a
4673.378	0	2336689	standard_tone	sapo_emerge	standard	n/a	n/a	n/a	n/a	n/a
4674.394	0	2337197	distractor_noise	sapo_emerge	distractor	n/a	n/a	n/a	n/a	n/a
4675.410	0	2337705	oddball_tone	sapo_emerge	oddball	n/a	n/a	n/a	n/a	n/a
4676.426	0	2338213	standard_tone	sapo_emerge	standard	n/a	n/a	n/a	n/a	n/a
4677.442	0	2338721	oddball_tone	sapo_emerge	oddball	n/a	n/a	n/a	n/a	n/a
4678.458	0	2339229	standard_tone	sapo_emerge	standard	n/a	n/a	n/a	n/a	n/a
4679.474	0	2339737	standard_tone	sapo_emerge	standard	n/a	n/a	n/a	n/a	n/a
4680.490	0	2340245	standard_tone	sapo_emerge	standard	n/a	n/a	n/a	n/a	n/a
4681.506	0	2340753	standard_tone	sapo_emerge	standard	n/a	n/a	n/a	n/a	n/a
4682.522	0	2341261	standard_tone	sapo_emerge	standard	n/a	n/a	n/a	n/a	n/a
4683.536	0	2341768	standard_tone	sapo_emerge	standard	n/a	n/a	n/a	n/a	n/a
4684.552	0	2342276	standard_tone	sapo_emerge	standard	n/a	n/a	n/a	n/a	n/a
4685.568	0	2342784	standard_tone	sapo_emerge	standard	n/a	n/a	n/a	n/a	n/a
4686.584	0	2343292	standard_tone	sapo_emerge	standard	n/a	n/a	n/a	n/a	n/a
4687.600	0	2343800	standard_tone	sapo_emerge	standard	n/a	n/a	n/a	n/a	n/a
4688.616	0	2344308	standard_tone	sapo_emerge	standard	n/a	n/a	n/a	n/a	n/a
4689.616	0	2344808	standard_tone	sapo_emerge	standard	n/a	n/a	n/a	n/a	n/a
4690.630	0	2345315	standard_tone	sapo_emerge	standard	n/a	n/a	n/a	n/a	n/a
4691.646	0	2345823	standard_tone	sapo_emerge	standard	n/a	n/a	n/a	n/a	n/a
4692.662	0	2346331	standard_tone	sapo_emerge	standard	n/a	n/a	n/a	n/a	n/a
4693.678	0	2346839	standard_tone	sapo_emerge	standard	n/a	n/a	n/a	n/a	n/a
4694.694	0	2347347	distractor_noise	sapo_emerge	distractor	n/a	n/a	n/a	n/a	n/a
4695.710	0	2347855	standard_tone	sapo_emerge	standard	n/a	n/a	n/a	n/a	n/a
4696.726	0	2348363	standard_tone	sapo_emerge	standard	n/a	n/a	n/a	n/a	n/a
4697.742	0	2348871	standard_tone	sapo_emerge	standard	n/a	n/a	n/a	n/a	n/a
4698.758	0	2349379	standard_tone	sapo_emerge	standard	n/a	n/a	n/a	n/a	n/a
4699.774	0	2349887	standard_tone	sapo_emerge	standard	n/a	n/a	n/a	n/a	n/a
4700.790	0	2350395	standard_tone	sapo_emerge	standard	n/a	n/a	n/a	n/a	n/a
4701.806	0	2350903	oddball_tone	sapo_emerge	oddball	n/a	n/a	n/a	n/a	n/a
4702.820	0	2351410	standard_tone	sapo_emerge	standard	n/a	n/a	n/a	n/a	n/a
4703.836	0	2351918	standard_tone	sapo_emerge	standard	n/a	n/a	n/a	n/a	n/a
4704.852	0	2352426	standard_tone	sapo_emerge	standard	n/a	n/a	n/a	n/a	n/a
4705.868	0	2352934	standard_tone	sapo_emerge	standard	n/a	n/a	n/a	n/a	n/a
4706.884	0	2353442	standard_tone	sapo_emerge	standard	n/a	n/a	n/a	n/a	n/a
4707.900	0	2353950	standard_tone	sapo_emerge	standard	n/a	n/a	n/a	n/a	n/a
4707.984	0	2353992	clicker_press	sapo_emerge	response-received-arrow_up	n/a	n/a	n/a	n/a	arrow_up
4708.000	0	2354000	report_window_begin	sapo_emerge	emerge-sapo-emerge-begin	n/a	n/a	n/a	n/a	n/a
4708.366	0	2354183	clicker_press	sapo_emerge	response-received-arrow_up	n/a	n/a	n/a	n/a	arrow_up
4708.684	0	2354342	clicker_press	sapo_emerge	response-received-arrow_up	n/a	n/a	n/a	n/a	arrow_up
4709.050	0	2354525	clicker_press	sapo_emerge	response-received-arrow_up	n/a	n/a	n/a	n/a	arrow_up
4712.046	0	2356023	depth_rating	sapo_emerge	rating-sapo-emerge-meditation_depth-4	4	n/a	n/a	n/a	n/a
4718.392	0	2359196	clicker_press	sapo_emerge	response-received-arrow_up	n/a	n/a	n/a	n/a	arrow_up
4718.676	0	2359338	clicker_press	sapo_emerge	response-received-arrow_up	n/a	n/a	n/a	n/a	arrow_up
4718.942	0	2359471	clicker_press	sapo_emerge	response-received-arrow_up	n/a	n/a	n/a	n/a	arrow_up
4719.240	0	2359620	clicker_press	sapo_emerge	response-received-arrow_up	n/a	n/a	n/a	n/a	arrow_up
4722.106	0	2361053	confidence_rating	sapo_emerge	rating-sapo-emerge-confidence_depth-4	n/a	4	n/a	n/a	n/a
4725.536	0	2362768	report_window_end	sapo_emerge	emerge-sapo-emerge-end	n/a	n/a	n/a	n/a	n/a
4725.536	0	2362768	subblock_begin	sapo_emerge	subblock-begin	n/a	n/a	n/a	n/a	n/a
4725.536	0	2362768	silence_begin	sapo_emerge	silence-begin	n/a	n/a	n/a	n/a	n/a
4725.552	0	2362776	standard_tone	sapo_emerge	standard	n/a	n/a	n/a	n/a	n/a
4726.568	0	2363284	oddball_tone	sapo_emerge	oddball	n/a	n/a	n/a	n/a	n/a
4727.584	0	2363792	standard_tone	sapo_emerge	standard	n/a	n/a	n/a	n/a	n/a
4728.600	0	2364300	standard_tone	sapo_emerge	standard	n/a	n/a	n/a	n/a	n/a
4729.616	0	2364808	standard_tone	sapo_emerge	standard	n/a	n/a	n/a	n/a	n/a
4730.632	0	2365316	standard_tone	sapo_emerge	standard	n/a	n/a	n/a	n/a	n/a
4731.646	0	2365823	standard_tone	sapo_emerge	standard	n/a	n/a	n/a	n/a	n/a
4732.648	0	2366324	distractor_noise	sapo_emerge	distractor	n/a	n/a	n/a	n/a	n/a
4733.662	0	2366831	standard_tone	sapo_emerge	standard	n/a	n/a	n/a	n/a	n/a
4734.678	0	2367339	standard_tone	sapo_emerge	standard	n/a	n/a	n/a	n/a	n/a
4735.694	0	2367847	standard_tone	sapo_emerge	standard	n/a	n/a	n/a	n/a	n/a
4736.692	0	2368346	standard_tone	sapo_emerge	standard	n/a	n/a	n/a	n/a	n/a
4737.710	0	2368855	standard_tone	sapo_emerge	standard	n/a	n/a	n/a	n/a	n/a
4738.724	0	2369362	standard_tone	sapo_emerge	standard	n/a	n/a	n/a	n/a	n/a
4739.740	0	2369870	standard_tone	sapo_emerge	standard	n/a	n/a	n/a	n/a	n/a
4740.756	0	2370378	oddball_tone	sapo_emerge	oddball	n/a	n/a	n/a	n/a	n/a
4741.772	0	2370886	standard_tone	sapo_emerge	standard	n/a	n/a	n/a	n/a	n/a
4742.772	0	2371386	oddball_tone	sapo_emerge	oddball	n/a	n/a	n/a	n/a	n/a
4743.788	0	2371894	standard_tone	sapo_emerge	standard	n/a	n/a	n/a	n/a	n/a
4744.804	0	2372402	distractor_noise	sapo_emerge	distractor	n/a	n/a	n/a	n/a	n/a
4745.820	0	2372910	standard_tone	sapo_emerge	standard	n/a	n/a	n/a	n/a	n/a
4746.834	0	2373417	oddball_tone	sapo_emerge	oddball	n/a	n/a	n/a	n/a	n/a
4747.850	0	2373925	standard_tone	sapo_emerge	standard	n/a	n/a	n/a	n/a	n/a
4748.866	0	2374433	standard_tone	sapo_emerge	standard	n/a	n/a	n/a	n/a	n/a
4749.882	0	2374941	standard_tone	sapo_emerge	standard	n/a	n/a	n/a	n/a	n/a
4750.898	0	2375449	oddball_tone	sapo_emerge	oddball	n/a	n/a	n/a	n/a	n/a
4751.914	0	2375957	standard_tone	sapo_emerge	standard	n/a	n/a	n/a	n/a	n/a
4752.930	0	2376465	distractor_noise	sapo_emerge	distractor	n/a	n/a	n/a	n/a	n/a
4753.946	0	2376973	standard_tone	sapo_emerge	standard	n/a	n/a	n/a	n/a	n/a
4754.962	0	2377481	distractor_noise	sapo_emerge	distractor	n/a	n/a	n/a	n/a	n/a
4755.976	0	2377988	standard_tone	sapo_emerge	standard	n/a	n/a	n/a	n/a	n/a
4756.992	0	2378496	standard_tone	sapo_emerge	standard	n/a	n/a	n/a	n/a	n/a
4758.008	0	2379004	standard_tone	sapo_emerge	standard	n/a	n/a	n/a	n/a	n/a
4759.024	0	2379512	standard_tone	sapo_emerge	standard	n/a	n/a	n/a	n/a	n/a
4760.040	0	2380020	standard_tone	sapo_emerge	standard	n/a	n/a	n/a	n/a	n/a
4761.056	0	2380528	standard_tone	sapo_emerge	standard	n/a	n/a	n/a	n/a	n/a
4762.072	0	2381036	standard_tone	sapo_emerge	standard	n/a	n/a	n/a	n/a	n/a
4763.088	0	2381544	standard_tone	sapo_emerge	standard	n/a	n/a	n/a	n/a	n/a
4764.104	0	2382052	standard_tone	sapo_emerge	standard	n/a	n/a	n/a	n/a	n/a
4765.120	0	2382560	standard_tone	sapo_emerge	standard	n/a	n/a	n/a	n/a	n/a
4766.136	0	2383068	standard_tone	sapo_emerge	standard	n/a	n/a	n/a	n/a	n/a
4767.150	0	2383575	standard_tone	sapo_emerge	standard	n/a	n/a	n/a	n/a	n/a
4768.166	0	2384083	standard_tone	sapo_emerge	standard	n/a	n/a	n/a	n/a	n/a
4769.182	0	2384591	standard_tone	sapo_emerge	standard	n/a	n/a	n/a	n/a	n/a
4770.198	0	2385099	standard_tone	sapo_emerge	standard	n/a	n/a	n/a	n/a	n/a
4771.214	0	2385607	oddball_tone	sapo_emerge	oddball	n/a	n/a	n/a	n/a	n/a
4772.230	0	2386115	standard_tone	sapo_emerge	standard	n/a	n/a	n/a	n/a	n/a
4773.246	0	2386623	standard_tone	sapo_emerge	standard	n/a	n/a	n/a	n/a	n/a
4774.262	0	2387131	standard_tone	sapo_emerge	standard	n/a	n/a	n/a	n/a	n/a
4775.278	0	2387639	distractor_noise	sapo_emerge	distractor	n/a	n/a	n/a	n/a	n/a
4776.294	0	2388147	standard_tone	sapo_emerge	standard	n/a	n/a	n/a	n/a	n/a
4777.310	0	2388655	distractor_noise	sapo_emerge	distractor	n/a	n/a	n/a	n/a	n/a
4778.324	0	2389162	standard_tone	sapo_emerge	standard	n/a	n/a	n/a	n/a	n/a
4779.340	0	2389670	standard_tone	sapo_emerge	standard	n/a	n/a	n/a	n/a	n/a
4780.356	0	2390178	distractor_noise	sapo_emerge	distractor	n/a	n/a	n/a	n/a	n/a
4781.372	0	2390686	standard_tone	sapo_emerge	standard	n/a	n/a	n/a	n/a	n/a
4782.388	0	2391194	standard_tone	sapo_emerge	standard	n/a	n/a	n/a	n/a	n/a
4783.404	0	2391702	standard_tone	sapo_emerge	standard	n/a	n/a	n/a	n/a	n/a
4784.420	0	2392210	standard_tone	sapo_emerge	standard	n/a	n/a	n/a	n/a	n/a
4785.420	0	2392710	standard_tone	sapo_emerge	standard	n/a	n/a	n/a	n/a	n/a
4786.436	0	2393218	standard_tone	sapo_emerge	standard	n/a	n/a	n/a	n/a	n/a
4787.450	0	2393725	oddball_tone	sapo_emerge	oddball	n/a	n/a	n/a	n/a	n/a
4788.466	0	2394233	standard_tone	sapo_emerge	standard	n/a	n/a	n/a	n/a	n/a
4789.482	0	2394741	standard_tone	sapo_emerge	standard	n/a	n/a	n/a	n/a	n/a
4790.498	0	2395249	oddball_tone	sapo_emerge	oddball	n/a	n/a	n/a	n/a	n/a
4791.514	0	2395757	standard_tone	sapo_emerge	standard	n/a	n/a	n/a	n/a	n/a
4792.530	0	2396265	standard_tone	sapo_emerge	standard	n/a	n/a	n/a	n/a	n/a
4793.584	0	2396792	standard_tone	sapo_emerge	standard	n/a	n/a	n/a	n/a	n/a
4794.596	0	2397298	standard_tone	sapo_emerge	standard	n/a	n/a	n/a	n/a	n/a
4795.610	0	2397805	standard_tone	sapo_emerge	standard	n/a	n/a	n/a	n/a	n/a
4796.626	0	2398313	standard_tone	sapo_emerge	standard	n/a	n/a	n/a	n/a	n/a
4797.642	0	2398821	standard_tone	sapo_emerge	standard	n/a	n/a	n/a	n/a	n/a
4798.658	0	2399329	standard_tone	sapo_emerge	standard	n/a	n/a	n/a	n/a	n/a
4799.674	0	2399837	standard_tone	sapo_emerge	standard	n/a	n/a	n/a	n/a	n/a
4800.690	0	2400345	distractor_noise	sapo_emerge	distractor	n/a	n/a	n/a	n/a	n/a
4801.704	0	2400852	standard_tone	sapo_emerge	standard	n/a	n/a	n/a	n/a	n/a
4802.722	0	2401361	oddball_tone	sapo_emerge	oddball	n/a	n/a	n/a	n/a	n/a
4803.738	0	2401869	distractor_noise	sapo_emerge	distractor	n/a	n/a	n/a	n/a	n/a
4804.754	0	2402377	standard_tone	sapo_emerge	standard	n/a	n/a	n/a	n/a	n/a
4805.770	0	2402885	standard_tone	sapo_emerge	standard	n/a	n/a	n/a	n/a	n/a
4806.784	0	2403392	oddball_tone	sapo_emerge	oddball	n/a	n/a	n/a	n/a	n/a
4807.784	0	2403892	standard_tone	sapo_emerge	standard	n/a	n/a	n/a	n/a	n/a
4808.800	0	2404400	standard_tone	sapo_emerge	standard	n/a	n/a	n/a	n/a	n/a
4809.816	0	2404908	standard_tone	sapo_emerge	standard	n/a	n/a	n/a	n/a	n/a
4810.832	0	2405416	standard_tone	sapo_emerge	standard	n/a	n/a	n/a	n/a	n/a
4811.848	0	2405924	standard_tone	sapo_emerge	standard	n/a	n/a	n/a	n/a	n/a
4812.864	0	2406432	standard_tone	sapo_emerge	standard	n/a	n/a	n/a	n/a	n/a
4813.880	0	2406940	standard_tone	sapo_emerge	standard	n/a	n/a	n/a	n/a	n/a
4814.894	0	2407447	standard_tone	sapo_emerge	standard	n/a	n/a	n/a	n/a	n/a
4815.912	0	2407956	standard_tone	sapo_emerge	standard	n/a	n/a	n/a	n/a	n/a
4816.910	0	2408455	standard_tone	sapo_emerge	standard	n/a	n/a	n/a	n/a	n/a
4817.924	0	2408962	standard_tone	sapo_emerge	standard	n/a	n/a	n/a	n/a	n/a
4818.942	0	2409471	standard_tone	sapo_emerge	standard	n/a	n/a	n/a	n/a	n/a
4819.958	0	2409979	oddball_tone	sapo_emerge	oddball	n/a	n/a	n/a	n/a	n/a
4820.974	0	2410487	standard_tone	sapo_emerge	standard	n/a	n/a	n/a	n/a	n/a
4821.988	0	2410994	oddball_tone	sapo_emerge	oddball	n/a	n/a	n/a	n/a	n/a
4823.004	0	2411502	standard_tone	sapo_emerge	standard	n/a	n/a	n/a	n/a	n/a
4824.020	0	2412010	oddball_tone	sapo_emerge	oddball	n/a	n/a	n/a	n/a	n/a
4825.036	0	2412518	standard_tone	sapo_emerge	standard	n/a	n/a	n/a	n/a	n/a
4826.052	0	2413026	standard_tone	sapo_emerge	standard	n/a	n/a	n/a	n/a	n/a
4827.052	0	2413526	standard_tone	sapo_emerge	standard	n/a	n/a	n/a	n/a	n/a
4828.068	0	2414034	standard_tone	sapo_emerge	standard	n/a	n/a	n/a	n/a	n/a
4829.082	0	2414541	standard_tone	sapo_emerge	standard	n/a	n/a	n/a	n/a	n/a
4830.098	0	2415049	distractor_noise	sapo_emerge	distractor	n/a	n/a	n/a	n/a	n/a
4831.114	0	2415557	standard_tone	sapo_emerge	standard	n/a	n/a	n/a	n/a	n/a
4832.130	0	2416065	distractor_noise	sapo_emerge	distractor	n/a	n/a	n/a	n/a	n/a
4833.148	0	2416574	standard_tone	sapo_emerge	standard	n/a	n/a	n/a	n/a	n/a
4834.162	0	2417081	distractor_noise	sapo_emerge	distractor	n/a	n/a	n/a	n/a	n/a
4835.178	0	2417589	oddball_tone	sapo_emerge	oddball	n/a	n/a	n/a	n/a	n/a
4836.194	0	2418097	standard_tone	sapo_emerge	standard	n/a	n/a	n/a	n/a	n/a
4837.210	0	2418605	standard_tone	sapo_emerge	standard	n/a	n/a	n/a	n/a	n/a
4838.226	0	2419113	standard_tone	sapo_emerge	standard	n/a	n/a	n/a	n/a	n/a
4838.958	0	2419479	silence_end	sapo_emerge	silence-end	n/a	n/a	n/a	n/a	n/a
4838.960	0	2419480	gong_begin	sapo_emerge	gong-begin	n/a	n/a	n/a	n/a	n/a
4839.242	0	2419621	standard_tone	sapo_emerge	standard	n/a	n/a	n/a	n/a	n/a
4840.258	0	2420129	standard_tone	sapo_emerge	standard	n/a	n/a	n/a	n/a	n/a
4841.274	0	2420637	standard_tone	sapo_emerge	standard	n/a	n/a	n/a	n/a	n/a
4841.922	0	2420961	clicker_press	sapo_emerge	response-received-arrow_up	n/a	n/a	n/a	n/a	arrow_up
4841.990	0	2420995	gong_end	sapo_emerge	gong-end	n/a	n/a	n/a	n/a	n/a
4841.990	0	2420995	report_window_begin	sapo_emerge	emerge-sapo-emerge-begin	n/a	n/a	n/a	n/a	n/a
4842.240	0	2421120	clicker_press	sapo_emerge	response-received-arrow_up	n/a	n/a	n/a	n/a	arrow_up
4842.640	0	2421320	clicker_press	sapo_emerge	response-received-arrow_up	n/a	n/a	n/a	n/a	arrow_up
4846.004	0	2423002	depth_rating	sapo_emerge	rating-sapo-emerge-meditation_depth-3	3	n/a	n/a	n/a	n/a
4852.430	0	2426215	clicker_press	sapo_emerge	response-received-arrow_up	n/a	n/a	n/a	n/a	arrow_up
4852.748	0	2426374	clicker_press	sapo_emerge	response-received-arrow_up	n/a	n/a	n/a	n/a	arrow_up
4853.114	0	2426557	clicker_press	sapo_emerge	response-received-arrow_up	n/a	n/a	n/a	n/a	arrow_up
4856.078	0	2428039	confidence_rating	sapo_emerge	rating-sapo-emerge-confidence_depth-3	n/a	3	n/a	n/a	n/a
4859.508	0	2429754	report_window_end	sapo_emerge	emerge-sapo-emerge-end	n/a	n/a	n/a	n/a	n/a
4859.510	0	2429755	subblock_end	sapo_emerge	subblock-end-duration-133.974	n/a	n/a	n/a	133.974	n/a
4859.510	0	2429755	subblock_begin	sapo_emerge	subblock-begin	n/a	n/a	n/a	n/a	n/a
4859.510	0	2429755	silence_begin	sapo_emerge	silence-begin	n/a	n/a	n/a	n/a	n/a
4859.524	0	2429762	standard_tone	sapo_emerge	standard	n/a	n/a	n/a	n/a	n/a
4860.540	0	2430270	standard_tone	sapo_emerge	standard	n/a	n/a	n/a	n/a	n/a
4861.556	0	2430778	standard_tone	sapo_emerge	standard	n/a	n/a	n/a	n/a	n/a
4862.572	0	2431286	standard_tone	sapo_emerge	standard	n/a	n/a	n/a	n/a	n/a
4863.588	0	2431794	standard_tone	sapo_emerge	standard	n/a	n/a	n/a	n/a	n/a
4864.604	0	2432302	standard_tone	sapo_emerge	standard	n/a	n/a	n/a	n/a	n/a
4865.620	0	2432810	standard_tone	sapo_emerge	standard	n/a	n/a	n/a	n/a	n/a
4866.636	0	2433318	oddball_tone	sapo_emerge	oddball	n/a	n/a	n/a	n/a	n/a
4867.634	0	2433817	standard_tone	sapo_emerge	standard	n/a	n/a	n/a	n/a	n/a
4868.650	0	2434325	standard_tone	sapo_emerge	standard	n/a	n/a	n/a	n/a	n/a
4869.666	0	2434833	standard_tone	sapo_emerge	standard	n/a	n/a	n/a	n/a	n/a
4870.666	0	2435333	standard_tone	sapo_emerge	standard	n/a	n/a	n/a	n/a	n/a
4871.680	0	2435840	standard_tone	sapo_emerge	standard	n/a	n/a	n/a	n/a	n/a
4872.698	0	2436349	standard_tone	sapo_emerge	standard	n/a	n/a	n/a	n/a	n/a
4873.712	0	2436856	standard_tone	sapo_emerge	standard	n/a	n/a	n/a	n/a	n/a
4874.728	0	2437364	standard_tone	sapo_emerge	standard	n/a	n/a	n/a	n/a	n/a
4875.744	0	2437872	distractor_noise	sapo_emerge	distractor	n/a	n/a	n/a	n/a	n/a
4876.760	0	2438380	standard_tone	sapo_emerge	standard	n/a	n/a	n/a	n/a	n/a
4877.776	0	2438888	standard_tone	sapo_emerge	standard	n/a	n/a	n/a	n/a	n/a
4878.792	0	2439396	standard_tone	sapo_emerge	standard	n/a	n/a	n/a	n/a	n/a
4879.808	0	2439904	standard_tone	sapo_emerge	standard	n/a	n/a	n/a	n/a	n/a
4880.824	0	2440412	standard_tone	sapo_emerge	standard	n/a	n/a	n/a	n/a	n/a
4881.840	0	2440920	standard_tone	sapo_emerge	standard	n/a	n/a	n/a	n/a	n/a
4882.856	0	2441428	standard_tone	sapo_emerge	standard	n/a	n/a	n/a	n/a	n/a
4883.870	0	2441935	standard_tone	sapo_emerge	standard	n/a	n/a	n/a	n/a	n/a
4884.886	0	2442443	standard_tone	sapo_emerge	standard	n/a	n/a	n/a	n/a	n/a
4885.902	0	2442951	standard_tone	sapo_emerge	standard	n/a	n/a	n/a	n/a	n/a
4886.918	0	2443459	oddball_tone	sapo_emerge	oddball	n/a	n/a	n/a	n/a	n/a
4887.934	0	2443967	standard_tone	sapo_emerge	standard	n/a	n/a	n/a	n/a	n/a
4888.950	0	2444475	standard_tone	sapo_emerge	standard	n/a	n/a	n/a	n/a	n/a
4889.966	0	2444983	distractor_noise	sapo_emerge	distractor	n/a	n/a	n/a	n/a	n/a
4890.982	0	2445491	standard_tone	sapo_emerge	standard	n/a	n/a	n/a	n/a	n/a
4891.982	0	2445991	standard_tone	sapo_emerge	standard	n/a	n/a	n/a	n/a	n/a
4892.996	0	2446498	standard_tone	sapo_emerge	standard	n/a	n/a	n/a	n/a	n/a
4894.012	0	2447006	standard_tone	sapo_emerge	standard	n/a	n/a	n/a	n/a	n/a
4895.028	0	2447514	standard_tone	sapo_emerge	standard	n/a	n/a	n/a	n/a	n/a
4896.044	0	2448022	standard_tone	sapo_emerge	standard	n/a	n/a	n/a	n/a	n/a
4897.060	0	2448530	distractor_noise	sapo_emerge	distractor	n/a	n/a	n/a	n/a	n/a
4898.076	0	2449038	standard_tone	sapo_emerge	standard	n/a	n/a	n/a	n/a	n/a
4899.092	0	2449546	standard_tone	sapo_emerge	standard	n/a	n/a	n/a	n/a	n/a
4900.108	0	2450054	standard_tone	sapo_emerge	standard	n/a	n/a	n/a	n/a	n/a
4901.124	0	2450562	oddball_tone	sapo_emerge	oddball	n/a	n/a	n/a	n/a	n/a
4902.140	0	2451070	standard_tone	sapo_emerge	standard	n/a	n/a	n/a	n/a	n/a
4903.154	0	2451577	standard_tone	sapo_emerge	standard	n/a	n/a	n/a	n/a	n/a
4904.170	0	2452085	standard_tone	sapo_emerge	standard	n/a	n/a	n/a	n/a	n/a
4905.186	0	2452593	standard_tone	sapo_emerge	standard	n/a	n/a	n/a	n/a	n/a
4906.202	0	2453101	standard_tone	sapo_emerge	standard	n/a	n/a	n/a	n/a	n/a
4907.218	0	2453609	distractor_noise	sapo_emerge	distractor	n/a	n/a	n/a	n/a	n/a
4908.218	0	2454109	standard_tone	sapo_emerge	standard	n/a	n/a	n/a	n/a	n/a
4909.234	0	2454617	standard_tone	sapo_emerge	standard	n/a	n/a	n/a	n/a	n/a
4910.250	0	2455125	standard_tone	sapo_emerge	standard	n/a	n/a	n/a	n/a	n/a
4911.264	0	2455632	distractor_noise	sapo_emerge	distractor	n/a	n/a	n/a	n/a	n/a
4912.280	0	2456140	standard_tone	sapo_emerge	standard	n/a	n/a	n/a	n/a	n/a
4913.296	0	2456648	standard_tone	sapo_emerge	standard	n/a	n/a	n/a	n/a	n/a
4914.312	0	2457156	standard_tone	sapo_emerge	standard	n/a	n/a	n/a	n/a	n/a
4915.328	0	2457664	standard_tone	sapo_emerge	standard	n/a	n/a	n/a	n/a	n/a
4916.344	0	2458172	standard_tone	sapo_emerge	standard	n/a	n/a	n/a	n/a	n/a
4917.360	0	2458680	standard_tone	sapo_emerge	standard	n/a	n/a	n/a	n/a	n/a
4918.376	0	2459188	distractor_noise	sapo_emerge	distractor	n/a	n/a	n/a	n/a	n/a
4919.392	0	2459696	standard_tone	sapo_emerge	standard	n/a	n/a	n/a	n/a	n/a
4920.408	0	2460204	standard_tone	sapo_emerge	standard	n/a	n/a	n/a	n/a	n/a
4921.424	0	2460712	oddball_tone	sapo_emerge	oddball	n/a	n/a	n/a	n/a	n/a
4922.440	0	2461220	standard_tone	sapo_emerge	standard	n/a	n/a	n/a	n/a	n/a
4923.454	0	2461727	oddball_tone	sapo_emerge	oddball	n/a	n/a	n/a	n/a	n/a
4924.470	0	2462235	standard_tone	sapo_emerge	standard	n/a	n/a	n/a	n/a	n/a
4925.486	0	2462743	oddball_tone	sapo_emerge	oddball	n/a	n/a	n/a	n/a	n/a
4926.502	0	2463251	standard_tone	sapo_emerge	standard	n/a	n/a	n/a	n/a	n/a
4927.518	0	2463759	oddball_tone	sapo_emerge	oddball	n/a	n/a	n/a	n/a	n/a
4928.534	0	2464267	standard_tone	sapo_emerge	standard	n/a	n/a	n/a	n/a	n/a
4929.550	0	2464775	standard_tone	sapo_emerge	standard	n/a	n/a	n/a	n/a	n/a
4930.566	0	2465283	standard_tone	sapo_emerge	standard	n/a	n/a	n/a	n/a	n/a
4931.582	0	2465791	standard_tone	sapo_emerge	standard	n/a	n/a	n/a	n/a	n/a
4932.598	0	2466299	standard_tone	sapo_emerge	standard	n/a	n/a	n/a	n/a	n/a
4933.596	0	2466798	oddball_tone	sapo_emerge	oddball	n/a	n/a	n/a	n/a	n/a
4934.612	0	2467306	standard_tone	sapo_emerge	standard	n/a	n/a	n/a	n/a	n/a
4935.630	0	2467815	standard_tone	sapo_emerge	standard	n/a	n/a	n/a	n/a	n/a
4936.644	0	2468322	standard_tone	sapo_emerge	standard	n/a	n/a	n/a	n/a	n/a
4937.658	0	2468829	standard_tone	sapo_emerge	standard	n/a	n/a	n/a	n/a	n/a
4938.676	0	2469338	standard_tone	sapo_emerge	standard	n/a	n/a	n/a	n/a	n/a
4939.692	0	2469846	standard_tone	sapo_emerge	standard	n/a	n/a	n/a	n/a	n/a
4940.708	0	2470354	standard_tone	sapo_emerge	standard	n/a	n/a	n/a	n/a	n/a
4941.722	0	2470861	standard_tone	sapo_emerge	standard	n/a	n/a	n/a	n/a	n/a
4942.738	0	2471369	standard_tone	sapo_emerge	standard	n/a	n/a	n/a	n/a	n/a
4943.754	0	2471877	standard_tone	sapo_emerge	standard	n/a	n/a	n/a	n/a	n/a
4944.754	0	2472377	standard_tone	sapo_emerge	standard	n/a	n/a	n/a	n/a	n/a
4945.770	0	2472885	standard_tone	sapo_emerge	standard	n/a	n/a	n/a	n/a	n/a
4946.786	0	2473393	standard_tone	sapo_emerge	standard	n/a	n/a	n/a	n/a	n/a
4947.802	0	2473901	standard_tone	sapo_emerge	standard	n/a	n/a	n/a	n/a	n/a
4948.818	0	2474409	standard_tone	sapo_emerge	standard	n/a	n/a	n/a	n/a	n/a
4949.832	0	2474916	oddball_tone	sapo_emerge	oddball	n/a	n/a	n/a	n/a	n/a
4950.848	0	2475424	distractor_noise	sapo_emerge	distractor	n/a	n/a	n/a	n/a	n/a
4951.864	0	2475932	standard_tone	sapo_emerge	standard	n/a	n/a	n/a	n/a	n/a
4952.182	0	2476091	clicker_press	sapo_emerge	response-received-arrow_up	n/a	n/a	n/a	n/a	arrow_up
4952.198	0	2476099	report_window_begin	sapo_emerge	emerge-sapo-emerge-begin	n/a	n/a	n/a	n/a	n/a
4952.582	0	2476291	clicker_press	sapo_emerge	response-received-arrow_up	n/a	n/a	n/a	n/a	arrow_up
4956.262	0	2478131	depth_rating	sapo_emerge	rating-sapo-emerge-meditation_depth-2	2	n/a	n/a	n/a	n/a
4963.438	0	2481719	clicker_press	sapo_emerge	response-received-arrow_up	n/a	n/a	n/a	n/a	arrow_up
4963.756	0	2481878	clicker_press	sapo_emerge	response-received-arrow_up	n/a	n/a	n/a	n/a	arrow_up
4964.122	0	2482061	clicker_press	sapo_emerge	response-received-arrow_up	n/a	n/a	n/a	n/a	arrow_up
4966.406	0	2483203	confidence_rating	sapo_emerge	rating-sapo-emerge-confidence_depth-3	n/a	3	n/a	n/a	n/a
4969.884	0	2484942	report_window_end	sapo_emerge	emerge-sapo-emerge-end	n/a	n/a	n/a	n/a	n/a
4969.884	0	2484942	subblock_begin	sapo_emerge	subblock-begin	n/a	n/a	n/a	n/a	n/a
4969.886	0	2484943	silence_begin	sapo_emerge	silence-begin	n/a	n/a	n/a	n/a	n/a
4969.900	0	2484950	standard_tone	sapo_emerge	standard	n/a	n/a	n/a	n/a	n/a
4970.916	0	2485458	standard_tone	sapo_emerge	standard	n/a	n/a	n/a	n/a	n/a
4971.932	0	2485966	distractor_noise	sapo_emerge	distractor	n/a	n/a	n/a	n/a	n/a
4972.948	0	2486474	standard_tone	sapo_emerge	standard	n/a	n/a	n/a	n/a	n/a
4973.964	0	2486982	standard_tone	sapo_emerge	standard	n/a	n/a	n/a	n/a	n/a
4974.978	0	2487489	standard_tone	sapo_emerge	standard	n/a	n/a	n/a	n/a	n/a
4975.996	0	2487998	distractor_noise	sapo_emerge	distractor	n/a	n/a	n/a	n/a	n/a
4977.012	0	2488506	standard_tone	sapo_emerge	standard	n/a	n/a	n/a	n/a	n/a
4978.026	0	2489013	standard_tone	sapo_emerge	standard	n/a	n/a	n/a	n/a	n/a
4979.042	0	2489521	standard_tone	sapo_emerge	standard	n/a	n/a	n/a	n/a	n/a
4980.058	0	2490029	standard_tone	sapo_emerge	standard	n/a	n/a	n/a	n/a	n/a
4981.074	0	2490537	standard_tone	sapo_emerge	standard	n/a	n/a	n/a	n/a	n/a
4982.090	0	2491045	standard_tone	sapo_emerge	standard	n/a	n/a	n/a	n/a	n/a
4983.106	0	2491553	oddball_tone	sapo_emerge	oddball	n/a	n/a	n/a	n/a	n/a
4984.122	0	2492061	standard_tone	sapo_emerge	standard	n/a	n/a	n/a	n/a	n/a
4985.138	0	2492569	standard_tone	sapo_emerge	standard	n/a	n/a	n/a	n/a	n/a
4986.154	0	2493077	standard_tone	sapo_emerge	standard	n/a	n/a	n/a	n/a	n/a
4987.168	0	2493584	standard_tone	sapo_emerge	standard	n/a	n/a	n/a	n/a	n/a
4988.184	0	2494092	distractor_noise	sapo_emerge	distractor	n/a	n/a	n/a	n/a	n/a
4989.184	0	2494592	standard_tone	sapo_emerge	standard	n/a	n/a	n/a	n/a	n/a
4990.200	0	2495100	distractor_noise	sapo_emerge	distractor	n/a	n/a	n/a	n/a	n/a
4991.216	0	2495608	standard_tone	sapo_emerge	standard	n/a	n/a	n/a	n/a	n/a
4992.230	0	2496115	standard_tone	sapo_emerge	standard	n/a	n/a	n/a	n/a	n/a
4993.248	0	2496624	standard_tone	sapo_emerge	standard	n/a	n/a	n/a	n/a	n/a
4994.264	0	2497132	standard_tone	sapo_emerge	standard	n/a	n/a	n/a	n/a	n/a
4995.280	0	2497640	oddball_tone	sapo_emerge	oddball	n/a	n/a	n/a	n/a	n/a
4996.296	0	2498148	standard_tone	sapo_emerge	standard	n/a	n/a	n/a	n/a	n/a
4997.310	0	2498655	standard_tone	sapo_emerge	standard	n/a	n/a	n/a	n/a	n/a
4998.326	0	2499163	standard_tone	sapo_emerge	standard	n/a	n/a	n/a	n/a	n/a
4999.342	0	2499671	standard_tone	sapo_emerge	standard	n/a	n/a	n/a	n/a	n/a
5000.358	0	2500179	standard_tone	sapo_emerge	standard	n/a	n/a	n/a	n/a	n/a
5001.374	0	2500687	standard_tone	sapo_emerge	standard	n/a	n/a	n/a	n/a	n/a
5002.390	0	2501195	standard_tone	sapo_emerge	standard	n/a	n/a	n/a	n/a	n/a
5003.406	0	2501703	oddball_tone	sapo_emerge	oddball	n/a	n/a	n/a	n/a	n/a
5004.406	0	2502203	standard_tone	sapo_emerge	standard	n/a	n/a	n/a	n/a	n/a
5005.420	0	2502710	standard_tone	sapo_emerge	standard	n/a	n/a	n/a	n/a	n/a
5006.436	0	2503218	standard_tone	sapo_emerge	standard	n/a	n/a	n/a	n/a	n/a
5007.452	0	2503726	oddball_tone	sapo_emerge	oddball	n/a	n/a	n/a	n/a	n/a
5008.468	0	2504234	standard_tone	sapo_emerge	standard	n/a	n/a	n/a	n/a	n/a
5009.484	0	2504742	standard_tone	sapo_emerge	standard	n/a	n/a	n/a	n/a	n/a
5010.500	0	2505250	standard_tone	sapo_emerge	standard	n/a	n/a	n/a	n/a	n/a
5011.516	0	2505758	standard_tone	sapo_emerge	standard	n/a	n/a	n/a	n/a	n/a
5012.532	0	2506266	standard_tone	sapo_emerge	standard	n/a	n/a	n/a	n/a	n/a
5013.546	0	2506773	standard_tone	sapo_emerge	standard	n/a	n/a	n/a	n/a	n/a
5014.572	0	2507286	standard_tone	sapo_emerge	standard	n/a	n/a	n/a	n/a	n/a
5015.578	0	2507789	standard_tone	sapo_emerge	standard	n/a	n/a	n/a	n/a	n/a
5016.578	0	2508289	standard_tone	sapo_emerge	standard	n/a	n/a	n/a	n/a	n/a
5017.578	0	2508789	standard_tone	sapo_emerge	standard	n/a	n/a	n/a	n/a	n/a
5018.592	0	2509296	standard_tone	sapo_emerge	standard	n/a	n/a	n/a	n/a	n/a
5019.608	0	2509804	standard_tone	sapo_emerge	standard	n/a	n/a	n/a	n/a	n/a
5020.624	0	2510312	distractor_noise	sapo_emerge	distractor	n/a	n/a	n/a	n/a	n/a
5021.640	0	2510820	standard_tone	sapo_emerge	standard	n/a	n/a	n/a	n/a	n/a
5022.656	0	2511328	standard_tone	sapo_emerge	standard	n/a	n/a	n/a	n/a	n/a
5023.656	0	2511828	standard_tone	sapo_emerge	standard	n/a	n/a	n/a	n/a	n/a
5024.670	0	2512335	standard_tone	sapo_emerge	standard	n/a	n/a	n/a	n/a	n/a
5025.686	0	2512843	standard_tone	sapo_emerge	standard	n/a	n/a	n/a	n/a	n/a
5026.702	0	2513351	oddball_tone	sapo_emerge	oddball	n/a	n/a	n/a	n/a	n/a
5027.718	0	2513859	standard_tone	sapo_emerge	standard	n/a	n/a	n/a	n/a	n/a
5028.734	0	2514367	standard_tone	sapo_emerge	standard	n/a	n/a	n/a	n/a	n/a
5029.752	0	2514876	standard_tone	sapo_emerge	standard	n/a	n/a	n/a	n/a	n/a
5030.766	0	2515383	standard_tone	sapo_emerge	standard	n/a	n/a	n/a	n/a	n/a
5031.782	0	2515891	distractor_noise	sapo_emerge	distractor	n/a	n/a	n/a	n/a	n/a
5032.796	0	2516398	standard_tone	sapo_emerge	standard	n/a	n/a	n/a	n/a	n/a
5033.812	0	2516906	standard_tone	sapo_emerge	standard	n/a	n/a	n/a	n/a	n/a
5034.828	0	2517414	standard_tone	sapo_emerge	standard	n/a	n/a	n/a	n/a	n/a
5035.846	0	2517923	standard_tone	sapo_emerge	standard	n/a	n/a	n/a	n/a	n/a
5036.862	0	2518431	standard_tone	sapo_emerge	standard	n/a	n/a	n/a	n/a	n/a
5037.878	0	2518939	standard_tone	sapo_emerge	standard	n/a	n/a	n/a	n/a	n/a
5038.894	0	2519447	standard_tone	sapo_emerge	standard	n/a	n/a	n/a	n/a	n/a
5039.908	0	2519954	standard_tone	sapo_emerge	standard	n/a	n/a	n/a	n/a	n/a
5040.910	0	2520455	standard_tone	sapo_emerge	standard	n/a	n/a	n/a	n/a	n/a
5041.924	0	2520962	standard_tone	sapo_emerge	standard	n/a	n/a	n/a	n/a	n/a
5042.940	0	2521470	standard_tone	sapo_emerge	standard	n/a	n/a	n/a	n/a	n/a
5043.956	0	2521978	standard_tone	sapo_emerge	standard	n/a	n/a	n/a	n/a	n/a
5044.970	0	2522485	standard_tone	sapo_emerge	standard	n/a	n/a	n/a	n/a	n/a
5045.986	0	2522993	standard_tone	sapo_emerge	standard	n/a	n/a	n/a	n/a	n/a
5046.986	0	2523493	standard_tone	sapo_emerge	standard	n/a	n/a	n/a	n/a	n/a
5048.002	0	2524001	standard_tone	sapo_emerge	standard	n/a	n/a	n/a	n/a	n/a
5049.018	0	2524509	distractor_noise	sapo_emerge	distractor	n/a	n/a	n/a	n/a	n/a
5050.034	0	2525017	oddball_tone	sapo_emerge	oddball	n/a	n/a	n/a	n/a	n/a
5051.050	0	2525525	distractor_noise	sapo_emerge	distractor	n/a	n/a	n/a	n/a	n/a
5052.048	0	2526024	oddball_tone	sapo_emerge	oddball	n/a	n/a	n/a	n/a	n/a
5053.064	0	2526532	standard_tone	sapo_emerge	standard	n/a	n/a	n/a	n/a	n/a
5054.064	0	2527032	standard_tone	sapo_emerge	standard	n/a	n/a	n/a	n/a	n/a
5055.080	0	2527540	standard_tone	sapo_emerge	standard	n/a	n/a	n/a	n/a	n/a
5056.096	0	2528048	standard_tone	sapo_emerge	standard	n/a	n/a	n/a	n/a	n/a
5057.110	0	2528555	standard_tone	sapo_emerge	standard	n/a	n/a	n/a	n/a	n/a
5058.126	0	2529063	distractor_noise	sapo_emerge	distractor	n/a	n/a	n/a	n/a	n/a
5059.142	0	2529571	standard_tone	sapo_emerge	standard	n/a	n/a	n/a	n/a	n/a
5060.158	0	2530079	standard_tone	sapo_emerge	standard	n/a	n/a	n/a	n/a	n/a
5061.174	0	2530587	standard_tone	sapo_emerge	standard	n/a	n/a	n/a	n/a	n/a
5062.190	0	2531095	standard_tone	sapo_emerge	standard	n/a	n/a	n/a	n/a	n/a
5063.206	0	2531603	standard_tone	sapo_emerge	standard	n/a	n/a	n/a	n/a	n/a
5064.222	0	2532111	standard_tone	sapo_emerge	standard	n/a	n/a	n/a	n/a	n/a
5065.238	0	2532619	standard_tone	sapo_emerge	standard	n/a	n/a	n/a	n/a	n/a
5066.252	0	2533126	standard_tone	sapo_emerge	standard	n/a	n/a	n/a	n/a	n/a
5067.268	0	2533634	standard_tone	sapo_emerge	standard	n/a	n/a	n/a	n/a	n/a
5068.284	0	2534142	standard_tone	sapo_emerge	standard	n/a	n/a	n/a	n/a	n/a
5069.302	0	2534651	standard_tone	sapo_emerge	standard	n/a	n/a	n/a	n/a	n/a
5070.316	0	2535158	standard_tone	sapo_emerge	standard	n/a	n/a	n/a	n/a	n/a
5071.332	0	2535666	standard_tone	sapo_emerge	standard	n/a	n/a	n/a	n/a	n/a
5072.348	0	2536174	standard_tone	sapo_emerge	standard	n/a	n/a	n/a	n/a	n/a
5073.364	0	2536682	standard_tone	sapo_emerge	standard	n/a	n/a	n/a	n/a	n/a
5074.380	0	2537190	standard_tone	sapo_emerge	standard	n/a	n/a	n/a	n/a	n/a
5075.396	0	2537698	distractor_noise	sapo_emerge	distractor	n/a	n/a	n/a	n/a	n/a
5076.412	0	2538206	standard_tone	sapo_emerge	standard	n/a	n/a	n/a	n/a	n/a
5077.428	0	2538714	standard_tone	sapo_emerge	standard	n/a	n/a	n/a	n/a	n/a
5078.444	0	2539222	standard_tone	sapo_emerge	standard	n/a	n/a	n/a	n/a	n/a
5079.458	0	2539729	standard_tone	sapo_emerge	standard	n/a	n/a	n/a	n/a	n/a
5080.474	0	2540237	standard_tone	sapo_emerge	standard	n/a	n/a	n/a	n/a	n/a
5080.624	0	2540312	silence_end	sapo_emerge	silence-end	n/a	n/a	n/a	n/a	n/a
5080.742	0	2540371	gong_begin	sapo_emerge	gong-begin	n/a	n/a	n/a	n/a	n/a
5081.492	0	2540746	standard_tone	sapo_emerge	standard	n/a	n/a	n/a	n/a	n/a
5082.506	0	2541253	standard_tone	sapo_emerge	standard	n/a	n/a	n/a	n/a	n/a
5083.522	0	2541761	standard_tone	sapo_emerge	standard	n/a	n/a	n/a	n/a	n/a
5084.538	0	2542269	oddball_tone	sapo_emerge	oddball	n/a	n/a	n/a	n/a	n/a
5085.554	0	2542777	standard_tone	sapo_emerge	standard	n/a	n/a	n/a	n/a	n/a
5086.570	0	2543285	standard_tone	sapo_emerge	standard	n/a	n/a	n/a	n/a	n/a
5087.586	0	2543793	standard_tone	sapo_emerge	standard	n/a	n/a	n/a	n/a	n/a
5088.602	0	2544301	distractor_noise	sapo_emerge	distractor	n/a	n/a	n/a	n/a	n/a
5089.618	0	2544809	standard_tone	sapo_emerge	standard	n/a	n/a	n/a	n/a	n/a
5090.634	0	2545317	gong_end	sapo_emerge	gong-end	n/a	n/a	n/a	n/a	n/a
5090.634	0	2545317	subblock_end	sapo_emerge	subblock-end-duration-120.75	n/a	n/a	n/a	120.750	n/a
5090.634	0	2545317	subblock_begin	sapo_emerge	subblock-begin	n/a	n/a	n/a	n/a	n/a
5090.634	0	2545317	silence_begin	sapo_emerge	silence-begin	n/a	n/a	n/a	n/a	n/a
5090.636	0	2545318	oddball_tone	sapo_emerge	oddball	n/a	n/a	n/a	n/a	n/a
5091.648	0	2545824	standard_tone	sapo_emerge	standard	n/a	n/a	n/a	n/a	n/a
5092.664	0	2546332	standard_tone	sapo_emerge	standard	n/a	n/a	n/a	n/a	n/a
5093.680	0	2546840	standard_tone	sapo_emerge	standard	n/a	n/a	n/a	n/a	n/a
5094.696	0	2547348	standard_tone	sapo_emerge	standard	n/a	n/a	n/a	n/a	n/a
5095.712	0	2547856	oddball_tone	sapo_emerge	oddball	n/a	n/a	n/a	n/a	n/a
5096.728	0	2548364	standard_tone	sapo_emerge	standard	n/a	n/a	n/a	n/a	n/a
5097.744	0	2548872	standard_tone	sapo_emerge	standard	n/a	n/a	n/a	n/a	n/a
5098.760	0	2549380	standard_tone	sapo_emerge	standard	n/a	n/a	n/a	n/a	n/a
5099.776	0	2549888	standard_tone	sapo_emerge	standard	n/a	n/a	n/a	n/a	n/a
5100.790	0	2550395	standard_tone	sapo_emerge	standard	n/a	n/a	n/a	n/a	n/a
5101.790	0	2550895	distractor_noise	sapo_emerge	distractor	n/a	n/a	n/a	n/a	n/a
5102.806	0	2551403	standard_tone	sapo_emerge	standard	n/a	n/a	n/a	n/a	n/a
5103.822	0	2551911	oddball_tone	sapo_emerge	oddball	n/a	n/a	n/a	n/a	n/a
5104.838	0	2552419	distractor_noise	sapo_emerge	distractor	n/a	n/a	n/a	n/a	n/a
5105.856	0	2552928	standard_tone	sapo_emerge	standard	n/a	n/a	n/a	n/a	n/a
5106.870	0	2553435	standard_tone	sapo_emerge	standard	n/a	n/a	n/a	n/a	n/a
5107.886	0	2553943	standard_tone	sapo_emerge	standard	n/a	n/a	n/a	n/a	n/a
5108.902	0	2554451	standard_tone	sapo_emerge	standard	n/a	n/a	n/a	n/a	n/a
5109.918	0	2554959	standard_tone	sapo_emerge	standard	n/a	n/a	n/a	n/a	n/a
5110.934	0	2555467	oddball_tone	sapo_emerge	oddball	n/a	n/a	n/a	n/a	n/a
5111.948	0	2555974	standard_tone	sapo_emerge	standard	n/a	n/a	n/a	n/a	n/a
5112.964	0	2556482	distractor_noise	sapo_emerge	distractor	n/a	n/a	n/a	n/a	n/a
5113.980	0	2556990	standard_tone	sapo_emerge	standard	n/a	n/a	n/a	n/a	n/a
5114.996	0	2557498	standard_tone	sapo_emerge	standard	n/a	n/a	n/a	n/a	n/a
5116.012	0	2558006	standard_tone	sapo_emerge	standard	n/a	n/a	n/a	n/a	n/a
5117.028	0	2558514	standard_tone	sapo_emerge	standard	n/a	n/a	n/a	n/a	n/a
5118.044	0	2559022	standard_tone	sapo_emerge	standard	n/a	n/a	n/a	n/a	n/a
5119.042	0	2559521	standard_tone	sapo_emerge	standard	n/a	n/a	n/a	n/a	n/a
5120.058	0	2560029	standard_tone	sapo_emerge	standard	n/a	n/a	n/a	n/a	n/a
5121.074	0	2560537	standard_tone	sapo_emerge	standard	n/a	n/a	n/a	n/a	n/a
5122.090	0	2561045	standard_tone	sapo_emerge	standard	n/a	n/a	n/a	n/a	n/a
5123.090	0	2561545	oddball_tone	sapo_emerge	oddball	n/a	n/a	n/a	n/a	n/a
5124.106	0	2562053	standard_tone	sapo_emerge	standard	n/a	n/a	n/a	n/a	n/a
5125.112	0	2562556	oddball_tone	sapo_emerge	oddball	n/a	n/a	n/a	n/a	n/a
5126.122	0	2563061	standard_tone	sapo_emerge	standard	n/a	n/a	n/a	n/a	n/a
5127.136	0	2563568	standard_tone	sapo_emerge	standard	n/a	n/a	n/a	n/a	n/a
5128.152	0	2564076	standard_tone	sapo_emerge	standard	n/a	n/a	n/a	n/a	n/a
5129.168	0	2564584	oddball_tone	sapo_emerge	oddball	n/a	n/a	n/a	n/a	n/a
5130.182	0	2565091	standard_tone	sapo_emerge	standard	n/a	n/a	n/a	n/a	n/a
5131.200	0	2565600	standard_tone	sapo_emerge	standard	n/a	n/a	n/a	n/a	n/a
5132.216	0	2566108	oddball_tone	sapo_emerge	oddball	n/a	n/a	n/a	n/a	n/a
5133.230	0	2566615	standard_tone	sapo_emerge	standard	n/a	n/a	n/a	n/a	n/a
5134.230	0	2567115	oddball_tone	sapo_emerge	oddball	n/a	n/a	n/a	n/a	n/a
5135.246	0	2567623	standard_tone	sapo_emerge	standard	n/a	n/a	n/a	n/a	n/a
5136.262	0	2568131	standard_tone	sapo_emerge	standard	n/a	n/a	n/a	n/a	n/a
5137.278	0	2568639	standard_tone	sapo_emerge	standard	n/a	n/a	n/a	n/a	n/a
5138.294	0	2569147	standard_tone	sapo_emerge	standard	n/a	n/a	n/a	n/a	n/a
5139.310	0	2569655	standard_tone	sapo_emerge	standard	n/a	n/a	n/a	n/a	n/a
5140.326	0	2570163	standard_tone	sapo_emerge	standard	n/a	n/a	n/a	n/a	n/a
5141.342	0	2570671	standard_tone	sapo_emerge	standard	n/a	n/a	n/a	n/a	n/a
5142.356	0	2571178	standard_tone	sapo_emerge	standard	n/a	n/a	n/a	n/a	n/a
5143.356	0	2571678	distractor_noise	sapo_emerge	distractor	n/a	n/a	n/a	n/a	n/a
5144.372	0	2572186	oddball_tone	sapo_emerge	oddball	n/a	n/a	n/a	n/a	n/a
5145.388	0	2572694	standard_tone	sapo_emerge	standard	n/a	n/a	n/a	n/a	n/a
5146.404	0	2573202	distractor_noise	sapo_emerge	distractor	n/a	n/a	n/a	n/a	n/a
5147.420	0	2573710	standard_tone	sapo_emerge	standard	n/a	n/a	n/a	n/a	n/a
5148.434	0	2574217	standard_tone	sapo_emerge	standard	n/a	n/a	n/a	n/a	n/a
5149.434	0	2574717	standard_tone	sapo_emerge	standard	n/a	n/a	n/a	n/a	n/a
5150.450	0	2575225	standard_tone	sapo_emerge	standard	n/a	n/a	n/a	n/a	n/a
5151.466	0	2575733	distractor_noise	sapo_emerge	distractor	n/a	n/a	n/a	n/a	n/a
5152.482	0	2576241	standard_tone	sapo_emerge	standard	n/a	n/a	n/a	n/a	n/a
5153.498	0	2576749	distractor_noise	sapo_emerge	distractor	n/a	n/a	n/a	n/a	n/a
5154.514	0	2577257	standard_tone	sapo_emerge	standard	n/a	n/a	n/a	n/a	n/a
5155.530	0	2577765	standard_tone	sapo_emerge	standard	n/a	n/a	n/a	n/a	n/a
5156.546	0	2578273	standard_tone	sapo_emerge	standard	n/a	n/a	n/a	n/a	n/a
5157.560	0	2578780	standard_tone	sapo_emerge	standard	n/a	n/a	n/a	n/a	n/a
5158.578	0	2579289	oddball_tone	sapo_emerge	oddball	n/a	n/a	n/a	n/a	n/a
5159.592	0	2579796	standard_tone	sapo_emerge	standard	n/a	n/a	n/a	n/a	n/a
5160.608	0	2580304	standard_tone	sapo_emerge	standard	n/a	n/a	n/a	n/a	n/a
5161.624	0	2580812	standard_tone	sapo_emerge	standard	n/a	n/a	n/a	n/a	n/a
5162.640	0	2581320	standard_tone	sapo_emerge	standard	n/a	n/a	n/a	n/a	n/a
5163.640	0	2581820	standard_tone	sapo_emerge	standard	n/a	n/a	n/a	n/a	n/a
5164.656	0	2582328	standard_tone	sapo_emerge	standard	n/a	n/a	n/a	n/a	n/a
5165.672	0	2582836	standard_tone	sapo_emerge	standard	n/a	n/a	n/a	n/a	n/a
5166.686	0	2583343	oddball_tone	sapo_emerge	oddball	n/a	n/a	n/a	n/a	n/a
5167.702	0	2583851	standard_tone	sapo_emerge	standard	n/a	n/a	n/a	n/a	n/a
5168.718	0	2584359	oddball_tone	sapo_emerge	oddball	n/a	n/a	n/a	n/a	n/a
5169.734	0	2584867	standard_tone	sapo_emerge	standard	n/a	n/a	n/a	n/a	n/a
5170.750	0	2585375	standard_tone	sapo_emerge	standard	n/a	n/a	n/a	n/a	n/a
5171.766	0	2585883	standard_tone	sapo_emerge	standard	n/a	n/a	n/a	n/a	n/a
5172.782	0	2586391	standard_tone	sapo_emerge	standard	n/a	n/a	n/a	n/a	n/a
5173.798	0	2586899	standard_tone	sapo_emerge	standard	n/a	n/a	n/a	n/a	n/a
5174.814	0	2587407	standard_tone	sapo_emerge	standard	n/a	n/a	n/a	n/a	n/a
5175.830	0	2587915	standard_tone	sapo_emerge	standard	n/a	n/a	n/a	n/a	n/a
5176.846	0	2588423	standard_tone	sapo_emerge	standard	n/a	n/a	n/a	n/a	n/a
5177.862	0	2588931	standard_tone	sapo_emerge	standard	n/a	n/a	n/a	n/a	n/a
5178.876	0	2589438	standard_tone	sapo_emerge	standard	n/a	n/a	n/a	n/a	n/a
5179.892	0	2589946	standard_tone	sapo_emerge	standard	n/a	n/a	n/a	n/a	n/a
5180.908	0	2590454	standard_tone	sapo_emerge	standard	n/a	n/a	n/a	n/a	n/a
5181.924	0	2590962	standard_tone	sapo_emerge	standard	n/a	n/a	n/a	n/a	n/a
5182.940	0	2591470	standard_tone	sapo_emerge	standard	n/a	n/a	n/a	n/a	n/a
5183.956	0	2591978	standard_tone	sapo_emerge	standard	n/a	n/a	n/a	n/a	n/a
5184.972	0	2592486	standard_tone	sapo_emerge	standard	n/a	n/a	n/a	n/a	n/a
5185.970	0	2592985	standard_tone	sapo_emerge	standard	n/a	n/a	n/a	n/a	n/a
5186.986	0	2593493	standard_tone	sapo_emerge	standard	n/a	n/a	n/a	n/a	n/a
5188.002	0	2594001	distractor_noise	sapo_emerge	distractor	n/a	n/a	n/a	n/a	n/a
5189.018	0	2594509	standard_tone	sapo_emerge	standard	n/a	n/a	n/a	n/a	n/a
5190.034	0	2595017	standard_tone	sapo_emerge	standard	n/a	n/a	n/a	n/a	n/a
5191.050	0	2595525	standard_tone	sapo_emerge	standard	n/a	n/a	n/a	n/a	n/a
5192.050	0	2596025	standard_tone	sapo_emerge	standard	n/a	n/a	n/a	n/a	n/a
5193.066	0	2596533	standard_tone	sapo_emerge	standard	n/a	n/a	n/a	n/a	n/a
5194.080	0	2597040	standard_tone	sapo_emerge	standard	n/a	n/a	n/a	n/a	n/a
5195.096	0	2597548	standard_tone	sapo_emerge	standard	n/a	n/a	n/a	n/a	n/a
5196.112	0	2598056	standard_tone	sapo_emerge	standard	n/a	n/a	n/a	n/a	n/a
5196.396	0	2598198	silence_end	sapo_emerge	silence-end	n/a	n/a	n/a	n/a	n/a
5196.396	0	2598198	gong_begin	sapo_emerge	gong-begin	n/a	n/a	n/a	n/a	n/a
5197.128	0	2598564	standard_tone	sapo_emerge	standard	n/a	n/a	n/a	n/a	n/a
5198.144	0	2599072	standard_tone	sapo_emerge	standard	n/a	n/a	n/a	n/a	n/a
5199.160	0	2599580	standard_tone	sapo_emerge	standard	n/a	n/a	n/a	n/a	n/a
5200.176	0	2600088	distractor_noise	sapo_emerge	distractor	n/a	n/a	n/a	n/a	n/a
5201.192	0	2600596	standard_tone	sapo_emerge	standard	n/a	n/a	n/a	n/a	n/a
5202.208	0	2601104	standard_tone	sapo_emerge	standard	n/a	n/a	n/a	n/a	n/a
5203.224	0	2601612	oddball_tone	sapo_emerge	oddball	n/a	n/a	n/a	n/a	n/a
5204.240	0	2602120	standard_tone	sapo_emerge	standard	n/a	n/a	n/a	n/a	n/a
5205.254	0	2602627	oddball_tone	sapo_emerge	oddball	n/a	n/a	n/a	n/a	n/a
5206.270	0	2603135	standard_tone	sapo_emerge	standard	n/a	n/a	n/a	n/a	n/a
5206.404	0	2603202	gong_end	sapo_emerge	gong-end	n/a	n/a	n/a	n/a	n/a
5206.404	0	2603202	subblock_end	sapo_emerge	subblock-end-duration-115.77	n/a	n/a	n/a	115.770	n/a
5206.404	0	2603202	subblock_begin	sapo_emerge	subblock-begin	n/a	n/a	n/a	n/a	n/a
5206.404	0	2603202	silence_begin	sapo_emerge	silence-begin	n/a	n/a	n/a	n/a	n/a
5207.286	0	2603643	standard_tone	sapo_emerge	standard	n/a	n/a	n/a	n/a	n/a
5208.302	0	2604151	standard_tone	sapo_emerge	standard	n/a	n/a	n/a	n/a	n/a
5209.318	0	2604659	standard_tone	sapo_emerge	standard	n/a	n/a	n/a	n/a	n/a
5210.334	0	2605167	standard_tone	sapo_emerge	standard	n/a	n/a	n/a	n/a	n/a
5211.350	0	2605675	standard_tone	sapo_emerge	standard	n/a	n/a	n/a	n/a	n/a
5211.402	0	2605701	clicker_press	sapo_emerge	response-received-arrow_up	n/a	n/a	n/a	n/a	arrow_up
5211.416	0	2605708	report_window_begin	sapo_emerge	emerge-sapo-emerge-begin	n/a	n/a	n/a	n/a	n/a
5211.850	0	2605925	clicker_press	sapo_emerge	response-received-arrow_up	n/a	n/a	n/a	n/a	arrow_up
5215.464	0	2607732	depth_rating	sapo_emerge	rating-sapo-emerge-meditation_depth-2	2	n/a	n/a	n/a	n/a
5222.124	0	2611062	clicker_press	sapo_emerge	response-received-arrow_up	n/a	n/a	n/a	n/a	arrow_up
5222.474	0	2611237	clicker_press	sapo_emerge	response-received-arrow_up	n/a	n/a	n/a	n/a	arrow_up
5222.858	0	2611429	clicker_press	sapo_emerge	response-received-arrow_up	n/a	n/a	n/a	n/a	arrow_up
5223.208	0	2611604	clicker_press	sapo_emerge	response-received-arrow_up	n/a	n/a	n/a	n/a	arrow_up
5225.574	0	2612787	confidence_rating	sapo_emerge	rating-sapo-emerge-confidence_depth-4	n/a	4	n/a	n/a	n/a
5229.052	0	2614526	report_window_end	sapo_emerge	emerge-sapo-emerge-end	n/a	n/a	n/a	n/a	n/a
5229.052	0	2614526	subblock_begin	sapo_emerge	subblock-begin	n/a	n/a	n/a	n/a	n/a
5229.054	0	2614527	silence_begin	sapo_emerge	silence-begin	n/a	n/a	n/a	n/a	n/a
5229.068	0	2614534	standard_tone	sapo_emerge	standard	n/a	n/a	n/a	n/a	n/a
5230.084	0	2615042	standard_tone	sapo_emerge	standard	n/a	n/a	n/a	n/a	n/a
5231.100	0	2615550	standard_tone	sapo_emerge	standard	n/a	n/a	n/a	n/a	n/a
5232.116	0	2616058	oddball_tone	sapo_emerge	oddball	n/a	n/a	n/a	n/a	n/a
5233.132	0	2616566	standard_tone	sapo_emerge	standard	n/a	n/a	n/a	n/a	n/a
5234.130	0	2617065	standard_tone	sapo_emerge	standard	n/a	n/a	n/a	n/a	n/a
5235.146	0	2617573	standard_tone	sapo_emerge	standard	n/a	n/a	n/a	n/a	n/a
5236.164	0	2618082	standard_tone	sapo_emerge	standard	n/a	n/a	n/a	n/a	n/a
5237.178	0	2618589	standard_tone	sapo_emerge	standard	n/a	n/a	n/a	n/a	n/a
5238.194	0	2619097	standard_tone	sapo_emerge	standard	n/a	n/a	n/a	n/a	n/a
5239.210	0	2619605	standard_tone	sapo_emerge	standard	n/a	n/a	n/a	n/a	n/a
5240.210	0	2620105	standard_tone	sapo_emerge	standard	n/a	n/a	n/a	n/a	n/a
5241.224	0	2620612	standard_tone	sapo_emerge	standard	n/a	n/a	n/a	n/a	n/a
5242.240	0	2621120	standard_tone	sapo_emerge	standard	n/a	n/a	n/a	n/a	n/a
5243.240	0	2621620	standard_tone	sapo_emerge	standard	n/a	n/a	n/a	n/a	n/a
5244.256	0	2622128	distractor_noise	sapo_emerge	distractor	n/a	n/a	n/a	n/a	n/a
5245.256	0	2622628	standard_tone	sapo_emerge	standard	n/a	n/a	n/a	n/a	n/a
5246.272	0	2623136	oddball_tone	sapo_emerge	oddball	n/a	n/a	n/a	n/a	n/a
5247.286	0	2623643	standard_tone	sapo_emerge	standard	n/a	n/a	n/a	n/a	n/a
5248.302	0	2624151	distractor_noise	sapo_emerge	distractor	n/a	n/a	n/a	n/a	n/a
5249.318	0	2624659	standard_tone	sapo_emerge	standard	n/a	n/a	n/a	n/a	n/a
5250.334	0	2625167	standard_tone	sapo_emerge	standard	n/a	n/a	n/a	n/a	n/a
5251.350	0	2625675	standard_tone	sapo_emerge	standard	n/a	n/a	n/a	n/a	n/a
5252.366	0	2626183	standard_tone	sapo_emerge	standard	n/a	n/a	n/a	n/a	n/a
5253.382	0	2626691	distractor_noise	sapo_emerge	distractor	n/a	n/a	n/a	n/a	n/a
5254.398	0	2627199	standard_tone	sapo_emerge	standard	n/a	n/a	n/a	n/a	n/a
5255.414	0	2627707	standard_tone	sapo_emerge	standard	n/a	n/a	n/a	n/a	n/a
5256.430	0	2628215	standard_tone	sapo_emerge	standard	n/a	n/a	n/a	n/a	n/a
5257.444	0	2628722	standard_tone	sapo_emerge	standard	n/a	n/a	n/a	n/a	n/a
5258.460	0	2629230	standard_tone	sapo_emerge	standard	n/a	n/a	n/a	n/a	n/a
5259.476	0	2629738	standard_tone	sapo_emerge	standard	n/a	n/a	n/a	n/a	n/a
5260.492	0	2630246	standard_tone	sapo_emerge	standard	n/a	n/a	n/a	n/a	n/a
5261.508	0	2630754	standard_tone	sapo_emerge	standard	n/a	n/a	n/a	n/a	n/a
5262.524	0	2631262	standard_tone	sapo_emerge	standard	n/a	n/a	n/a	n/a	n/a
5263.540	0	2631770	oddball_tone	sapo_emerge	oddball	n/a	n/a	n/a	n/a	n/a
5264.556	0	2632278	distractor_noise	sapo_emerge	distractor	n/a	n/a	n/a	n/a	n/a
5265.572	0	2632786	standard_tone	sapo_emerge	standard	n/a	n/a	n/a	n/a	n/a
5266.588	0	2633294	standard_tone	sapo_emerge	standard	n/a	n/a	n/a	n/a	n/a
5267.604	0	2633802	standard_tone	sapo_emerge	standard	n/a	n/a	n/a	n/a	n/a
5268.618	0	2634309	standard_tone	sapo_emerge	standard	n/a	n/a	n/a	n/a	n/a
5269.618	0	2634809	distractor_noise	sapo_emerge	distractor	n/a	n/a	n/a	n/a	n/a
5270.634	0	2635317	standard_tone	sapo_emerge	standard	n/a	n/a	n/a	n/a	n/a
5271.650	0	2635825	standard_tone	sapo_emerge	standard	n/a	n/a	n/a	n/a	n/a
5272.666	0	2636333	standard_tone	sapo_emerge	standard	n/a	n/a	n/a	n/a	n/a
5273.682	0	2636841	standard_tone	sapo_emerge	standard	n/a	n/a	n/a	n/a	n/a
5274.698	0	2637349	standard_tone	sapo_emerge	standard	n/a	n/a	n/a	n/a	n/a
5275.714	0	2637857	standard_tone	sapo_emerge	standard	n/a	n/a	n/a	n/a	n/a
5276.730	0	2638365	distractor_noise	sapo_emerge	distractor	n/a	n/a	n/a	n/a	n/a
5277.744	0	2638872	standard_tone	sapo_emerge	standard	n/a	n/a	n/a	n/a	n/a
5278.760	0	2639380	distractor_noise	sapo_emerge	distractor	n/a	n/a	n/a	n/a	n/a
5279.776	0	2639888	standard_tone	sapo_emerge	standard	n/a	n/a	n/a	n/a	n/a
5280.792	0	2640396	standard_tone	sapo_emerge	standard	n/a	n/a	n/a	n/a	n/a
5281.808	0	2640904	standard_tone	sapo_emerge	standard	n/a	n/a	n/a	n/a	n/a
5282.824	0	2641412	distractor_noise	sapo_emerge	distractor	n/a	n/a	n/a	n/a	n/a
5283.840	0	2641920	standard_tone	sapo_emerge	standard	n/a	n/a	n/a	n/a	n/a
5284.856	0	2642428	standard_tone	sapo_emerge	standard	n/a	n/a	n/a	n/a	n/a
5285.872	0	2642936	standard_tone	sapo_emerge	standard	n/a	n/a	n/a	n/a	n/a
5286.888	0	2643444	standard_tone	sapo_emerge	standard	n/a	n/a	n/a	n/a	n/a
5287.904	0	2643952	standard_tone	sapo_emerge	standard	n/a	n/a	n/a	n/a	n/a
5288.918	0	2644459	oddball_tone	sapo_emerge	oddball	n/a	n/a	n/a	n/a	n/a
5289.934	0	2644967	standard_tone	sapo_emerge	standard	n/a	n/a	n/a	n/a	n/a
5290.950	0	2645475	standard_tone	sapo_emerge	standard	n/a	n/a	n/a	n/a	n/a
5291.966	0	2645983	standard_tone	sapo_emerge	standard	n/a	n/a	n/a	n/a	n/a
5292.982	0	2646491	standard_tone	sapo_emerge	standard	n/a	n/a	n/a	n/a	n/a
5293.998	0	2646999	oddball_tone	sapo_emerge	oddball	n/a	n/a	n/a	n/a	n/a
5295.014	0	2647507	standard_tone	sapo_emerge	standard	n/a	n/a	n/a	n/a	n/a
5296.030	0	2648015	standard_tone	sapo_emerge	standard	n/a	n/a	n/a	n/a	n/a
5297.046	0	2648523	standard_tone	sapo_emerge	standard	n/a	n/a	n/a	n/a	n/a
5298.062	0	2649031	standard_tone	sapo_emerge	standard	n/a	n/a	n/a	n/a	n/a
5299.078	0	2649539	standard_tone	sapo_emerge	standard	n/a	n/a	n/a	n/a	n/a
5300.094	0	2650047	standard_tone	sapo_emerge	standard	n/a	n/a	n/a	n/a	n/a
5301.110	0	2650555	standard_tone	sapo_emerge	standard	n/a	n/a	n/a	n/a	n/a
5302.124	0	2651062	standard_tone	sapo_emerge	standard	n/a	n/a	n/a	n/a	n/a
5303.140	0	2651570	standard_tone	sapo_emerge	standard	n/a	n/a	n/a	n/a	n/a
5304.156	0	2652078	standard_tone	sapo_emerge	standard	n/a	n/a	n/a	n/a	n/a
5305.172	0	2652586	standard_tone	sapo_emerge	standard	n/a	n/a	n/a	n/a	n/a
5306.188	0	2653094	standard_tone	sapo_emerge	standard	n/a	n/a	n/a	n/a	n/a
5307.188	0	2653594	standard_tone	sapo_emerge	standard	n/a	n/a	n/a	n/a	n/a
5308.202	0	2654101	distractor_noise	sapo_emerge	distractor	n/a	n/a	n/a	n/a	n/a
5309.218	0	2654609	standard_tone	sapo_emerge	standard	n/a	n/a	n/a	n/a	n/a
5310.236	0	2655118	standard_tone	sapo_emerge	standard	n/a	n/a	n/a	n/a	n/a
5311.250	0	2655625	standard_tone	sapo_emerge	standard	n/a	n/a	n/a	n/a	n/a
5312.250	0	2656125	standard_tone	sapo_emerge	standard	n/a	n/a	n/a	n/a	n/a
5313.248	0	2656624	distractor_noise	sapo_emerge	distractor	n/a	n/a	n/a	n/a	n/a
5314.264	0	2657132	standard_tone	sapo_emerge	standard	n/a	n/a	n/a	n/a	n/a
5315.280	0	2657640	standard_tone	sapo_emerge	standard	n/a	n/a	n/a	n/a	n/a
5316.296	0	2658148	standard_tone	sapo_emerge	standard	n/a	n/a	n/a	n/a	n/a
5317.312	0	2658656	distractor_noise	sapo_emerge	distractor	n/a	n/a	n/a	n/a	n/a
5318.328	0	2659164	standard_tone	sapo_emerge	standard	n/a	n/a	n/a	n/a	n/a
5319.344	0	2659672	standard_tone	sapo_emerge	standard	n/a	n/a	n/a	n/a	n/a
5320.360	0	2660180	oddball_tone	sapo_emerge	oddball	n/a	n/a	n/a	n/a	n/a
5321.376	0	2660688	standard_tone	sapo_emerge	standard	n/a	n/a	n/a	n/a	n/a
5322.392	0	2661196	standard_tone	sapo_emerge	standard	n/a	n/a	n/a	n/a	n/a
5323.406	0	2661703	distractor_noise	sapo_emerge	distractor	n/a	n/a	n/a	n/a	n/a
5324.422	0	2662211	standard_tone	sapo_emerge	standard	n/a	n/a	n/a	n/a	n/a
5325.438	0	2662719	standard_tone	sapo_emerge	standard	n/a	n/a	n/a	n/a	n/a
5326.454	0	2663227	oddball_tone	sapo_emerge	oddball	n/a	n/a	n/a	n/a	n/a
5327.470	0	2663735	standard_tone	sapo_emerge	standard	n/a	n/a	n/a	n/a	n/a
5328.486	0	2664243	standard_tone	sapo_emerge	standard	n/a	n/a	n/a	n/a	n/a
5329.502	0	2664751	standard_tone	sapo_emerge	standard	n/a	n/a	n/a	n/a	n/a
5330.518	0	2665259	standard_tone	sapo_emerge	standard	n/a	n/a	n/a	n/a	n/a
5330.900	0	2665450	silence_end	sapo_emerge	silence-end	n/a	n/a	n/a	n/a	n/a
5330.902	0	2665451	gong_begin	sapo_emerge	gong-begin	n/a	n/a	n/a	n/a	n/a
5331.534	0	2665767	distractor_noise	sapo_emerge	distractor	n/a	n/a	n/a	n/a	n/a
5332.550	0	2666275	standard_tone	sapo_emerge	standard	n/a	n/a	n/a	n/a	n/a
5333.566	0	2666783	standard_tone	sapo_emerge	standard	n/a	n/a	n/a	n/a	n/a
5334.582	0	2667291	standard_tone	sapo_emerge	standard	n/a	n/a	n/a	n/a	n/a
5334.832	0	2667416	clicker_press	sapo_emerge	response-received-arrow_up	n/a	n/a	n/a	n/a	arrow_up
5334.914	0	2667457	gong_end	sapo_emerge	gong-end	n/a	n/a	n/a	n/a	n/a
5334.916	0	2667458	report_window_begin	sapo_emerge	emerge-sapo-emerge-begin	n/a	n/a	n/a	n/a	n/a
5338.994	0	2669497	depth_rating	sapo_emerge	rating-sapo-emerge-meditation_depth-1	1	n/a	n/a	n/a	n/a
5345.072	0	2672536	clicker_press	sapo_emerge	response-received-arrow_up	n/a	n/a	n/a	n/a	arrow_up
5345.490	0	2672745	clicker_press	sapo_emerge	response-received-arrow_up	n/a	n/a	n/a	n/a	arrow_up
5345.788	0	2672894	clicker_press	sapo_emerge	response-received-arrow_up	n/a	n/a	n/a	n/a	arrow_up
5346.156	0	2673078	clicker_press	sapo_emerge	response-received-arrow_up	n/a	n/a	n/a	n/a	arrow_up
5349.136	0	2674568	confidence_rating	sapo_emerge	rating-sapo-emerge-confidence_depth-4	n/a	4	n/a	n/a	n/a
5352.568	0	2676284	report_window_end	sapo_emerge	emerge-sapo-emerge-end	n/a	n/a	n/a	n/a	n/a
5352.568	0	2676284	subblock_end	sapo_emerge	subblock-end-duration-123.515	n/a	n/a	n/a	123.515	n/a
5352.570	0	2676285	subblock_begin	sapo_emerge	subblock-begin	n/a	n/a	n/a	n/a	n/a
5352.570	0	2676285	silence_begin	sapo_emerge	silence-begin	n/a	n/a	n/a	n/a	n/a
5352.570	0	2676285	distractor_noise	sapo_emerge	distractor	n/a	n/a	n/a	n/a	n/a
5353.582	0	2676791	oddball_tone	sapo_emerge	oddball	n/a	n/a	n/a	n/a	n/a
5354.598	0	2677299	distractor_noise	sapo_emerge	distractor	n/a	n/a	n/a	n/a	n/a
5355.614	0	2677807	oddball_tone	sapo_emerge	oddball	n/a	n/a	n/a	n/a	n/a
5356.630	0	2678315	standard_tone	sapo_emerge	standard	n/a	n/a	n/a	n/a	n/a
5357.628	0	2678814	standard_tone	sapo_emerge	standard	n/a	n/a	n/a	n/a	n/a
5358.644	0	2679322	standard_tone	sapo_emerge	standard	n/a	n/a	n/a	n/a	n/a
5359.660	0	2679830	standard_tone	sapo_emerge	standard	n/a	n/a	n/a	n/a	n/a
5360.676	0	2680338	standard_tone	sapo_emerge	standard	n/a	n/a	n/a	n/a	n/a
5361.676	0	2680838	standard_tone	sapo_emerge	standard	n/a	n/a	n/a	n/a	n/a
5362.692	0	2681346	standard_tone	sapo_emerge	standard	n/a	n/a	n/a	n/a	n/a
5363.706	0	2681853	standard_tone	sapo_emerge	standard	n/a	n/a	n/a	n/a	n/a
5364.722	0	2682361	standard_tone	sapo_emerge	standard	n/a	n/a	n/a	n/a	n/a
5365.738	0	2682869	distractor_noise	sapo_emerge	distractor	n/a	n/a	n/a	n/a	n/a
5366.738	0	2683369	standard_tone	sapo_emerge	standard	n/a	n/a	n/a	n/a	n/a
5367.754	0	2683877	standard_tone	sapo_emerge	standard	n/a	n/a	n/a	n/a	n/a
5368.770	0	2684385	oddball_tone	sapo_emerge	oddball	n/a	n/a	n/a	n/a	n/a
5369.784	0	2684892	standard_tone	sapo_emerge	standard	n/a	n/a	n/a	n/a	n/a
5370.802	0	2685401	standard_tone	sapo_emerge	standard	n/a	n/a	n/a	n/a	n/a
5371.818	0	2685909	standard_tone	sapo_emerge	standard	n/a	n/a	n/a	n/a	n/a
5372.832	0	2686416	standard_tone	sapo_emerge	standard	n/a	n/a	n/a	n/a	n/a
5373.848	0	2686924	standard_tone	sapo_emerge	standard	n/a	n/a	n/a	n/a	n/a
5374.864	0	2687432	standard_tone	sapo_emerge	standard	n/a	n/a	n/a	n/a	n/a
5375.880	0	2687940	distractor_noise	sapo_emerge	distractor	n/a	n/a	n/a	n/a	n/a
5376.896	0	2688448	standard_tone	sapo_emerge	standard	n/a	n/a	n/a	n/a	n/a
5377.912	0	2688956	standard_tone	sapo_emerge	standard	n/a	n/a	n/a	n/a	n/a
5378.928	0	2689464	standard_tone	sapo_emerge	standard	n/a	n/a	n/a	n/a	n/a
5379.944	0	2689972	standard_tone	sapo_emerge	standard	n/a	n/a	n/a	n/a	n/a
5380.960	0	2690480	standard_tone	sapo_emerge	standard	n/a	n/a	n/a	n/a	n/a
5381.976	0	2690988	standard_tone	sapo_emerge	standard	n/a	n/a	n/a	n/a	n/a
5382.990	0	2691495	standard_tone	sapo_emerge	standard	n/a	n/a	n/a	n/a	n/a
5384.006	0	2692003	oddball_tone	sapo_emerge	oddball	n/a	n/a	n/a	n/a	n/a
5385.022	0	2692511	standard_tone	sapo_emerge	standard	n/a	n/a	n/a	n/a	n/a
5386.038	0	2693019	standard_tone	sapo_emerge	standard	n/a	n/a	n/a	n/a	n/a
5387.054	0	2693527	standard_tone	sapo_emerge	standard	n/a	n/a	n/a	n/a	n/a
5388.070	0	2694035	standard_tone	sapo_emerge	standard	n/a	n/a	n/a	n/a	n/a
5389.086	0	2694543	standard_tone	sapo_emerge	standard	n/a	n/a	n/a	n/a	n/a
5390.102	0	2695051	standard_tone	sapo_emerge	standard	n/a	n/a	n/a	n/a	n/a
5391.118	0	2695559	standard_tone	sapo_emerge	standard	n/a	n/a	n/a	n/a	n/a
5392.134	0	2696067	standard_tone	sapo_emerge	standard	n/a	n/a	n/a	n/a	n/a
5393.150	0	2696575	standard_tone	sapo_emerge	standard	n/a	n/a	n/a	n/a	n/a
5394.166	0	2697083	standard_tone	sapo_emerge	standard	n/a	n/a	n/a	n/a	n/a
5395.164	0	2697582	standard_tone	sapo_emerge	standard	n/a	n/a	n/a	n/a	n/a
5396.180	0	2698090	oddball_tone	sapo_emerge	oddball	n/a	n/a	n/a	n/a	n/a
5397.196	0	2698598	standard_tone	sapo_emerge	standard	n/a	n/a	n/a	n/a	n/a
5398.212	0	2699106	distractor_noise	sapo_emerge	distractor	n/a	n/a	n/a	n/a	n/a
5399.212	0	2699606	standard_tone	sapo_emerge	standard	n/a	n/a	n/a	n/a	n/a
5400.226	0	2700113	distractor_noise	sapo_emerge	distractor	n/a	n/a	n/a	n/a	n/a
5401.242	0	2700621	standard_tone	sapo_emerge	standard	n/a	n/a	n/a	n/a	n/a
5402.258	0	2701129	standard_tone	sapo_emerge	standard	n/a	n/a	n/a	n/a	n/a
5403.274	0	2701637	standard_tone	sapo_emerge	standard	n/a	n/a	n/a	n/a	n/a
5404.290	0	2702145	standard_tone	sapo_emerge	standard	n/a	n/a	n/a	n/a	n/a
5405.306	0	2702653	standard_tone	sapo_emerge	standard	n/a	n/a	n/a	n/a	n/a
5406.334	0	2703167	standard_tone	sapo_emerge	standard	n/a	n/a	n/a	n/a	n/a
5407.338	0	2703669	standard_tone	sapo_emerge	standard	n/a	n/a	n/a	n/a	n/a
5408.354	0	2704177	oddball_tone	sapo_emerge	oddball	n/a	n/a	n/a	n/a	n/a
5409.370	0	2704685	standard_tone	sapo_emerge	standard	n/a	n/a	n/a	n/a	n/a
5410.386	0	2705193	standard_tone	sapo_emerge	standard	n/a	n/a	n/a	n/a	n/a
5411.400	0	2705700	standard_tone	sapo_emerge	standard	n/a	n/a	n/a	n/a	n/a
5412.416	0	2706208	standard_tone	sapo_emerge	standard	n/a	n/a	n/a	n/a	n/a
5413.432	0	2706716	oddball_tone	sapo_emerge	oddball	n/a	n/a	n/a	n/a	n/a
5414.448	0	2707224	standard_tone	sapo_emerge	standard	n/a	n/a	n/a	n/a	n/a
5415.464	0	2707732	standard_tone	sapo_emerge	standard	n/a	n/a	n/a	n/a	n/a
5416.480	0	2708240	oddball_tone	sapo_emerge	oddball	n/a	n/a	n/a	n/a	n/a
5417.480	0	2708740	standard_tone	sapo_emerge	standard	n/a	n/a	n/a	n/a	n/a
5418.496	0	2709248	standard_tone	sapo_emerge	standard	n/a	n/a	n/a	n/a	n/a
5419.510	0	2709755	standard_tone	sapo_emerge	standard	n/a	n/a	n/a	n/a	n/a
5420.528	0	2710264	distractor_noise	sapo_emerge	distractor	n/a	n/a	n/a	n/a	n/a
5421.542	0	2710771	standard_tone	sapo_emerge	standard	n/a	n/a	n/a	n/a	n/a
5422.542	0	2711271	oddball_tone	sapo_emerge	oddball	n/a	n/a	n/a	n/a	n/a
5423.558	0	2711779	distractor_noise	sapo_emerge	distractor	n/a	n/a	n/a	n/a	n/a
5424.574	0	2712287	standard_tone	sapo_emerge	standard	n/a	n/a	n/a	n/a	n/a
5425.588	0	2712794	standard_tone	sapo_emerge	standard	n/a	n/a	n/a	n/a	n/a
5426.606	0	2713303	distractor_noise	sapo_emerge	distractor	n/a	n/a	n/a	n/a	n/a
5427.620	0	2713810	standard_tone	sapo_emerge	standard	n/a	n/a	n/a	n/a	n/a
5428.636	0	2714318	standard_tone	sapo_emerge	standard	n/a	n/a	n/a	n/a	n/a
5429.652	0	2714826	standard_tone	sapo_emerge	standard	n/a	n/a	n/a	n/a	n/a
5430.668	0	2715334	oddball_tone	sapo_emerge	oddball	n/a	n/a	n/a	n/a	n/a
5431.684	0	2715842	standard_tone	sapo_emerge	standard	n/a	n/a	n/a	n/a	n/a
5432.700	0	2716350	distractor_noise	sapo_emerge	distractor	n/a	n/a	n/a	n/a	n/a
5433.716	0	2716858	oddball_tone	sapo_emerge	oddball	n/a	n/a	n/a	n/a	n/a
5434.716	0	2717358	standard_tone	sapo_emerge	standard	n/a	n/a	n/a	n/a	n/a
5435.730	0	2717865	distractor_noise	sapo_emerge	distractor	n/a	n/a	n/a	n/a	n/a
5436.746	0	2718373	standard_tone	sapo_emerge	standard	n/a	n/a	n/a	n/a	n/a
5437.746	0	2718873	standard_tone	sapo_emerge	standard	n/a	n/a	n/a	n/a	n/a
5438.762	0	2719381	standard_tone	sapo_emerge	standard	n/a	n/a	n/a	n/a	n/a
5439.778	0	2719889	standard_tone	sapo_emerge	standard	n/a	n/a	n/a	n/a	n/a
5440.794	0	2720397	distractor_noise	sapo_emerge	distractor	n/a	n/a	n/a	n/a	n/a
5441.794	0	2720897	standard_tone	sapo_emerge	standard	n/a	n/a	n/a	n/a	n/a
5442.808	0	2721404	standard_tone	sapo_emerge	standard	n/a	n/a	n/a	n/a	n/a
5443.824	0	2721912	standard_tone	sapo_emerge	standard	n/a	n/a	n/a	n/a	n/a
5444.840	0	2722420	standard_tone	sapo_emerge	standard	n/a	n/a	n/a	n/a	n/a
5445.856	0	2722928	standard_tone	sapo_emerge	standard	n/a	n/a	n/a	n/a	n/a
5446.872	0	2723436	standard_tone	sapo_emerge	standard	n/a	n/a	n/a	n/a	n/a
5447.888	0	2723944	distractor_noise	sapo_emerge	distractor	n/a	n/a	n/a	n/a	n/a
5448.902	0	2724451	standard_tone	sapo_emerge	standard	n/a	n/a	n/a	n/a	n/a
5449.918	0	2724959	standard_tone	sapo_emerge	standard	n/a	n/a	n/a	n/a	n/a
5450.934	0	2725467	standard_tone	sapo_emerge	standard	n/a	n/a	n/a	n/a	n/a
5451.950	0	2725975	standard_tone	sapo_emerge	standard	n/a	n/a	n/a	n/a	n/a
5452.950	0	2726475	standard_tone	sapo_emerge	standard	n/a	n/a	n/a	n/a	n/a
5453.966	0	2726983	standard_tone	sapo_emerge	standard	n/a	n/a	n/a	n/a	n/a
5454.982	0	2727491	distractor_noise	sapo_emerge	distractor	n/a	n/a	n/a	n/a	n/a
5455.998	0	2727999	standard_tone	sapo_emerge	standard	n/a	n/a	n/a	n/a	n/a
5456.996	0	2728498	standard_tone	sapo_emerge	standard	n/a	n/a	n/a	n/a	n/a
5457.812	0	2728906	silence_end	sapo_emerge	silence-end	n/a	n/a	n/a	n/a	n/a
5457.814	0	2728907	gong_begin	sapo_emerge	gong-begin	n/a	n/a	n/a	n/a	n/a
5458.012	0	2729006	standard_tone	sapo_emerge	standard	n/a	n/a	n/a	n/a	n/a
5459.028	0	2729514	oddball_tone	sapo_emerge	oddball	n/a	n/a	n/a	n/a	n/a
5460.044	0	2730022	standard_tone	sapo_emerge	standard	n/a	n/a	n/a	n/a	n/a
5461.060	0	2730530	standard_tone	sapo_emerge	standard	n/a	n/a	n/a	n/a	n/a
5462.076	0	2731038	standard_tone	sapo_emerge	standard	n/a	n/a	n/a	n/a	n/a
5463.092	0	2731546	standard_tone	sapo_emerge	standard	n/a	n/a	n/a	n/a	n/a
5464.108	0	2732054	oddball_tone	sapo_emerge	oddball	n/a	n/a	n/a	n/a	n/a
5465.124	0	2732562	standard_tone	sapo_emerge	standard	n/a	n/a	n/a	n/a	n/a
5465.574	0	2732787	clicker_press	sapo_emerge	response-received-arrow_up	n/a	n/a	n/a	n/a	arrow_up
5465.624	0	2732812	gong_end	sapo_emerge	gong-end	n/a	n/a	n/a	n/a	n/a
5465.624	0	2732812	report_window_begin	sapo_emerge	emerge-sapo-emerge-begin	n/a	n/a	n/a	n/a	n/a
5469.636	0	2734818	depth_rating	sapo_emerge	rating-sapo-emerge-meditation_depth-1	1	n/a	n/a	n/a	n/a
5474.566	0	2737283	clicker_press	sapo_emerge	response-received-arrow_up	n/a	n/a	n/a	n/a	arrow_up
5475.016	0	2737508	clicker_press	sapo_emerge	response-received-arrow_up	n/a	n/a	n/a	n/a	arrow_up
5475.416	0	2737708	clicker_press	sapo_emerge	response-received-arrow_up	n/a	n/a	n/a	n/a	arrow_up
5475.864	0	2737932	clicker_press	sapo_emerge	response-received-arrow_up	n/a	n/a	n/a	n/a	arrow_up
5479.762	0	2739881	confidence_rating	sapo_emerge	rating-sapo-emerge-confidence_depth-4	n/a	4	n/a	n/a	n/a
5483.276	0	2741638	report_window_end	sapo_emerge	emerge-sapo-emerge-end	n/a	n/a	n/a	n/a	n/a
5483.278	0	2741639	subblock_end	sapo_emerge	subblock-end-duration-130.707	n/a	n/a	n/a	130.707	n/a
5483.278	0	2741639	subblock_begin	sapo_emerge	subblock-begin	n/a	n/a	n/a	n/a	n/a
5483.278	0	2741639	silence_begin	sapo_emerge	silence-begin	n/a	n/a	n/a	n/a	n/a
5483.280	0	2741640	standard_tone	sapo_emerge	standard	n/a	n/a	n/a	n/a	n/a
5484.294	0	2742147	standard_tone	sapo_emerge	standard	n/a	n/a	n/a	n/a	n/a
5485.306	0	2742653	standard_tone	sapo_emerge	standard	n/a	n/a	n/a	n/a	n/a
5486.322	0	2743161	standard_tone	sapo_emerge	standard	n/a	n/a	n/a	n/a	n/a
5487.336	0	2743668	standard_tone	sapo_emerge	standard	n/a	n/a	n/a	n/a	n/a
5488.354	0	2744177	distractor_noise	sapo_emerge	distractor	n/a	n/a	n/a	n/a	n/a
5489.370	0	2744685	standard_tone	sapo_emerge	standard	n/a	n/a	n/a	n/a	n/a
5490.386	0	2745193	standard_tone	sapo_emerge	standard	n/a	n/a	n/a	n/a	n/a
5491.402	0	2745701	standard_tone	sapo_emerge	standard	n/a	n/a	n/a	n/a	n/a
5492.416	0	2746208	distractor_noise	sapo_emerge	distractor	n/a	n/a	n/a	n/a	n/a
5493.432	0	2746716	standard_tone	sapo_emerge	standard	n/a	n/a	n/a	n/a	n/a
5494.448	0	2747224	standard_tone	sapo_emerge	standard	n/a	n/a	n/a	n/a	n/a
5495.466	0	2747733	standard_tone	sapo_emerge	standard	n/a	n/a	n/a	n/a	n/a
5496.480	0	2748240	standard_tone	sapo_emerge	standard	n/a	n/a	n/a	n/a	n/a
5497.496	0	2748748	distractor_noise	sapo_emerge	distractor	n/a	n/a	n/a	n/a	n/a
5498.512	0	2749256	standard_tone	sapo_emerge	standard	n/a	n/a	n/a	n/a	n/a
5499.510	0	2749755	standard_tone	sapo_emerge	standard	n/a	n/a	n/a	n/a	n/a
5500.528	0	2750264	standard_tone	sapo_emerge	standard	n/a	n/a	n/a	n/a	n/a
5501.542	0	2750771	oddball_tone	sapo_emerge	oddball	n/a	n/a	n/a	n/a	n/a
5502.558	0	2751279	standard_tone	sapo_emerge	standard	n/a	n/a	n/a	n/a	n/a
5503.574	0	2751787	distractor_noise	sapo_emerge	distractor	n/a	n/a	n/a	n/a	n/a
5504.590	0	2752295	standard_tone	sapo_emerge	standard	n/a	n/a	n/a	n/a	n/a
5505.606	0	2752803	standard_tone	sapo_emerge	standard	n/a	n/a	n/a	n/a	n/a
5506.622	0	2753311	standard_tone	sapo_emerge	standard	n/a	n/a	n/a	n/a	n/a
5507.622	0	2753811	standard_tone	sapo_emerge	standard	n/a	n/a	n/a	n/a	n/a
5508.636	0	2754318	standard_tone	sapo_emerge	standard	n/a	n/a	n/a	n/a	n/a
5509.652	0	2754826	distractor_noise	sapo_emerge	distractor	n/a	n/a	n/a	n/a	n/a
5510.668	0	2755334	standard_tone	sapo_emerge	standard	n/a	n/a	n/a	n/a	n/a
5511.684	0	2755842	standard_tone	sapo_emerge	standard	n/a	n/a	n/a	n/a	n/a
5512.700	0	2756350	oddball_tone	sapo_emerge	oddball	n/a	n/a	n/a	n/a	n/a
5513.716	0	2756858	distractor_noise	sapo_emerge	distractor	n/a	n/a	n/a	n/a	n/a
5514.732	0	2757366	standard_tone	sapo_emerge	standard	n/a	n/a	n/a	n/a	n/a
5515.748	0	2757874	standard_tone	sapo_emerge	standard	n/a	n/a	n/a	n/a	n/a
5516.760	0	2758380	oddball_tone	sapo_emerge	oddball	n/a	n/a	n/a	n/a	n/a
5517.764	0	2758882	standard_tone	sapo_emerge	standard	n/a	n/a	n/a	n/a	n/a
5518.778	0	2759389	standard_tone	sapo_emerge	standard	n/a	n/a	n/a	n/a	n/a
5519.794	0	2759897	standard_tone	sapo_emerge	standard	n/a	n/a	n/a	n/a	n/a
5520.794	0	2760397	standard_tone	sapo_emerge	standard	n/a	n/a	n/a	n/a	n/a
5521.810	0	2760905	oddball_tone	sapo_emerge	oddball	n/a	n/a	n/a	n/a	n/a
5522.826	0	2761413	standard_tone	sapo_emerge	standard	n/a	n/a	n/a	n/a	n/a
5523.840	0	2761920	distractor_noise	sapo_emerge	distractor	n/a	n/a	n/a	n/a	n/a
5524.858	0	2762429	standard_tone	sapo_emerge	standard	n/a	n/a	n/a	n/a	n/a
5525.872	0	2762936	standard_tone	sapo_emerge	standard	n/a	n/a	n/a	n/a	n/a
5526.888	0	2763444	standard_tone	sapo_emerge	standard	n/a	n/a	n/a	n/a	n/a
5527.904	0	2763952	distractor_noise	sapo_emerge	distractor	n/a	n/a	n/a	n/a	n/a
5528.904	0	2764452	standard_tone	sapo_emerge	standard	n/a	n/a	n/a	n/a	n/a
5529.920	0	2764960	standard_tone	sapo_emerge	standard	n/a	n/a	n/a	n/a	n/a
5530.936	0	2765468	standard_tone	sapo_emerge	standard	n/a	n/a	n/a	n/a	n/a
5531.934	0	2765967	distractor_noise	sapo_emerge	distractor	n/a	n/a	n/a	n/a	n/a
5532.950	0	2766475	standard_tone	sapo_emerge	standard	n/a	n/a	n/a	n/a	n/a
5533.966	0	2766983	standard_tone	sapo_emerge	standard	n/a	n/a	n/a	n/a	n/a
5534.966	0	2767483	standard_tone	sapo_emerge	standard	n/a	n/a	n/a	n/a	n/a
5535.980	0	2767990	standard_tone	sapo_emerge	standard	n/a	n/a	n/a	n/a	n/a
5536.996	0	2768498	oddball_tone	sapo_emerge	oddball	n/a	n/a	n/a	n/a	n/a
5538.012	0	2769006	standard_tone	sapo_emerge	standard	n/a	n/a	n/a	n/a	n/a
5539.012	0	2769506	standard_tone	sapo_emerge	standard	n/a	n/a	n/a	n/a	n/a
5540.028	0	2770014	distractor_noise	sapo_emerge	distractor	n/a	n/a	n/a	n/a	n/a
5541.044	0	2770522	standard_tone	sapo_emerge	standard	n/a	n/a	n/a	n/a	n/a
5542.060	0	2771030	standard_tone	sapo_emerge	standard	n/a	n/a	n/a	n/a	n/a
5543.076	0	2771538	standard_tone	sapo_emerge	standard	n/a	n/a	n/a	n/a	n/a
5544.090	0	2772045	standard_tone	sapo_emerge	standard	n/a	n/a	n/a	n/a	n/a
5545.106	0	2772553	standard_tone	sapo_emerge	standard	n/a	n/a	n/a	n/a	n/a
5546.122	0	2773061	standard_tone	sapo_emerge	standard	n/a	n/a	n/a	n/a	n/a
5547.138	0	2773569	standard_tone	sapo_emerge	standard	n/a	n/a	n/a	n/a	n/a
5548.154	0	2774077	standard_tone	sapo_emerge	standard	n/a	n/a	n/a	n/a	n/a
5549.170	0	2774585	standard_tone	sapo_emerge	standard	n/a	n/a	n/a	n/a	n/a
5550.186	0	2775093	standard_tone	sapo_emerge	standard	n/a	n/a	n/a	n/a	n/a
5551.186	0	2775593	oddball_tone	sapo_emerge	oddball	n/a	n/a	n/a	n/a	n/a
5552.200	0	2776100	standard_tone	sapo_emerge	standard	n/a	n/a	n/a	n/a	n/a
5553.216	0	2776608	standard_tone	sapo_emerge	standard	n/a	n/a	n/a	n/a	n/a
5554.232	0	2777116	standard_tone	sapo_emerge	standard	n/a	n/a	n/a	n/a	n/a
5555.248	0	2777624	distractor_noise	sapo_emerge	distractor	n/a	n/a	n/a	n/a	n/a
5556.264	0	2778132	oddball_tone	sapo_emerge	oddball	n/a	n/a	n/a	n/a	n/a
5557.280	0	2778640	standard_tone	sapo_emerge	standard	n/a	n/a	n/a	n/a	n/a
5558.296	0	2779148	distractor_noise	sapo_emerge	distractor	n/a	n/a	n/a	n/a	n/a
5559.312	0	2779656	standard_tone	sapo_emerge	standard	n/a	n/a	n/a	n/a	n/a
5560.328	0	2780164	standard_tone	sapo_emerge	standard	n/a	n/a	n/a	n/a	n/a
5561.344	0	2780672	oddball_tone	sapo_emerge	oddball	n/a	n/a	n/a	n/a	n/a
5562.360	0	2781180	standard_tone	sapo_emerge	standard	n/a	n/a	n/a	n/a	n/a
5563.376	0	2781688	standard_tone	sapo_emerge	standard	n/a	n/a	n/a	n/a	n/a
5564.390	0	2782195	standard_tone	sapo_emerge	standard	n/a	n/a	n/a	n/a	n/a
5565.406	0	2782703	standard_tone	sapo_emerge	standard	n/a	n/a	n/a	n/a	n/a
5566.422	0	2783211	oddball_tone	sapo_emerge	oddball	n/a	n/a	n/a	n/a	n/a
5567.422	0	2783711	standard_tone	sapo_emerge	standard	n/a	n/a	n/a	n/a	n/a
5568.438	0	2784219	oddball_tone	sapo_emerge	oddball	n/a	n/a	n/a	n/a	n/a
5569.454	0	2784727	standard_tone	sapo_emerge	standard	n/a	n/a	n/a	n/a	n/a
5570.470	0	2785235	standard_tone	sapo_emerge	standard	n/a	n/a	n/a	n/a	n/a
5571.486	0	2785743	standard_tone	sapo_emerge	standard	n/a	n/a	n/a	n/a	n/a
5572.500	0	2786250	standard_tone	sapo_emerge	standard	n/a	n/a	n/a	n/a	n/a
5573.516	0	2786758	oddball_tone	sapo_emerge	oddball	n/a	n/a	n/a	n/a	n/a
5574.532	0	2787266	standard_tone	sapo_emerge	standard	n/a	n/a	n/a	n/a	n/a
5575.548	0	2787774	standard_tone	sapo_emerge	standard	n/a	n/a	n/a	n/a	n/a
5576.564	0	2788282	oddball_tone	sapo_emerge	oddball	n/a	n/a	n/a	n/a	n/a
5577.580	0	2788790	standard_tone	sapo_emerge	standard	n/a	n/a	n/a	n/a	n/a
5578.596	0	2789298	standard_tone	sapo_emerge	standard	n/a	n/a	n/a	n/a	n/a
5579.612	0	2789806	standard_tone	sapo_emerge	standard	n/a	n/a	n/a	n/a	n/a
5580.612	0	2790306	standard_tone	sapo_emerge	standard	n/a	n/a	n/a	n/a	n/a
5581.626	0	2790813	distractor_noise	sapo_emerge	distractor	n/a	n/a	n/a	n/a	n/a
5582.642	0	2791321	standard_tone	sapo_emerge	standard	n/a	n/a	n/a	n/a	n/a
5583.658	0	2791829	standard_tone	sapo_emerge	standard	n/a	n/a	n/a	n/a	n/a
5584.674	0	2792337	standard_tone	sapo_emerge	standard	n/a	n/a	n/a	n/a	n/a
5585.690	0	2792845	oddball_tone	sapo_emerge	oddball	n/a	n/a	n/a	n/a	n/a
5586.706	0	2793353	standard_tone	sapo_emerge	standard	n/a	n/a	n/a	n/a	n/a
5587.722	0	2793861	distractor_noise	sapo_emerge	distractor	n/a	n/a	n/a	n/a	n/a
5588.738	0	2794369	standard_tone	sapo_emerge	standard	n/a	n/a	n/a	n/a	n/a
5589.754	0	2794877	standard_tone	sapo_emerge	standard	n/a	n/a	n/a	n/a	n/a
5590.768	0	2795384	distractor_noise	sapo_emerge	distractor	n/a	n/a	n/a	n/a	n/a
5591.784	0	2795892	standard_tone	sapo_emerge	standard	n/a	n/a	n/a	n/a	n/a
5592.800	0	2796400	distractor_noise	sapo_emerge	distractor	n/a	n/a	n/a	n/a	n/a
5593.816	0	2796908	standard_tone	sapo_emerge	standard	n/a	n/a	n/a	n/a	n/a
5594.832	0	2797416	standard_tone	sapo_emerge	standard	n/a	n/a	n/a	n/a	n/a
5595.848	0	2797924	standard_tone	sapo_emerge	standard	n/a	n/a	n/a	n/a	n/a
5596.864	0	2798432	standard_tone	sapo_emerge	standard	n/a	n/a	n/a	n/a	n/a
5597.880	0	2798940	oddball_tone	sapo_emerge	oddball	n/a	n/a	n/a	n/a	n/a
5598.380	0	2799190	silence_end	sapo_emerge	silence-end	n/a	n/a	n/a	n/a	n/a
5598.382	0	2799191	gong_begin	sapo_emerge	gong-begin	n/a	n/a	n/a	n/a	n/a
5598.896	0	2799448	standard_tone	sapo_emerge	standard	n/a	n/a	n/a	n/a	n/a
5599.912	0	2799956	standard_tone	sapo_emerge	standard	n/a	n/a	n/a	n/a	n/a
5600.928	0	2800464	standard_tone	sapo_emerge	standard	n/a	n/a	n/a	n/a	n/a
5601.942	0	2800971	standard_tone	sapo_emerge	standard	n/a	n/a	n/a	n/a	n/a
5602.958	0	2801479	standard_tone	sapo_emerge	standard	n/a	n/a	n/a	n/a	n/a
5603.974	0	2801987	standard_tone	sapo_emerge	standard	n/a	n/a	n/a	n/a	n/a
5604.976	0	2802488	standard_tone	sapo_emerge	standard	n/a	n/a	n/a	n/a	n/a
5605.990	0	2802995	standard_tone	sapo_emerge	standard	n/a	n/a	n/a	n/a	n/a
5607.006	0	2803503	standard_tone	sapo_emerge	standard	n/a	n/a	n/a	n/a	n/a
5608.004	0	2804002	distractor_noise	sapo_emerge	distractor	n/a	n/a	n/a	n/a	n/a
5608.388	0	2804194	gong_end	sapo_emerge	gong-end	n/a	n/a	n/a	n/a	n/a
5608.388	0	2804194	subblock_end	sapo_emerge	subblock-end-duration-125.111	n/a	n/a	n/a	125.111	n/a
5608.390	0	2804195	subblock_begin	sapo_emerge	subblock-begin	n/a	n/a	n/a	n/a	n/a
5608.390	0	2804195	silence_begin	sapo_emerge	silence-begin	n/a	n/a	n/a	n/a	n/a
5609.020	0	2804510	standard_tone	sapo_emerge	standard	n/a	n/a	n/a	n/a	n/a
5610.036	0	2805018	standard_tone	sapo_emerge	standard	n/a	n/a	n/a	n/a	n/a
5611.052	0	2805526	standard_tone	sapo_emerge	standard	n/a	n/a	n/a	n/a	n/a
5612.068	0	2806034	standard_tone	sapo_emerge	standard	n/a	n/a	n/a	n/a	n/a
5613.084	0	2806542	distractor_noise	sapo_emerge	distractor	n/a	n/a	n/a	n/a	n/a
5614.100	0	2807050	standard_tone	sapo_emerge	standard	n/a	n/a	n/a	n/a	n/a
5615.116	0	2807558	distractor_noise	sapo_emerge	distractor	n/a	n/a	n/a	n/a	n/a
5616.132	0	2808066	standard_tone	sapo_emerge	standard	n/a	n/a	n/a	n/a	n/a
5617.148	0	2808574	standard_tone	sapo_emerge	standard	n/a	n/a	n/a	n/a	n/a
5618.162	0	2809081	standard_tone	sapo_emerge	standard	n/a	n/a	n/a	n/a	n/a
5619.178	0	2809589	standard_tone	sapo_emerge	standard	n/a	n/a	n/a	n/a	n/a
5620.194	0	2810097	standard_tone	sapo_emerge	standard	n/a	n/a	n/a	n/a	n/a
5621.210	0	2810605	standard_tone	sapo_emerge	standard	n/a	n/a	n/a	n/a	n/a
5622.226	0	2811113	standard_tone	sapo_emerge	standard	n/a	n/a	n/a	n/a	n/a
5623.226	0	2811613	standard_tone	sapo_emerge	standard	n/a	n/a	n/a	n/a	n/a
5624.242	0	2812121	standard_tone	sapo_emerge	standard	n/a	n/a	n/a	n/a	n/a
5625.256	0	2812628	standard_tone	sapo_emerge	standard	n/a	n/a	n/a	n/a	n/a
5626.272	0	2813136	standard_tone	sapo_emerge	standard	n/a	n/a	n/a	n/a	n/a
5627.308	0	2813654	standard_tone	sapo_emerge	standard	n/a	n/a	n/a	n/a	n/a
5628.322	0	2814161	standard_tone	sapo_emerge	standard	n/a	n/a	n/a	n/a	n/a
5629.320	0	2814660	standard_tone	sapo_emerge	standard	n/a	n/a	n/a	n/a	n/a
5630.336	0	2815168	standard_tone	sapo_emerge	standard	n/a	n/a	n/a	n/a	n/a
5631.352	0	2815676	standard_tone	sapo_emerge	standard	n/a	n/a	n/a	n/a	n/a
5632.368	0	2816184	standard_tone	sapo_emerge	standard	n/a	n/a	n/a	n/a	n/a
5633.382	0	2816691	distractor_noise	sapo_emerge	distractor	n/a	n/a	n/a	n/a	n/a
5634.400	0	2817200	standard_tone	sapo_emerge	standard	n/a	n/a	n/a	n/a	n/a
5635.414	0	2817707	standard_tone	sapo_emerge	standard	n/a	n/a	n/a	n/a	n/a
5636.432	0	2818216	standard_tone	sapo_emerge	standard	n/a	n/a	n/a	n/a	n/a
5637.446	0	2818723	standard_tone	sapo_emerge	standard	n/a	n/a	n/a	n/a	n/a
5638.462	0	2819231	standard_tone	sapo_emerge	standard	n/a	n/a	n/a	n/a	n/a
5639.478	0	2819739	standard_tone	sapo_emerge	standard	n/a	n/a	n/a	n/a	n/a
5640.494	0	2820247	standard_tone	sapo_emerge	standard	n/a	n/a	n/a	n/a	n/a
5641.512	0	2820756	standard_tone	sapo_emerge	standard	n/a	n/a	n/a	n/a	n/a
5642.526	0	2821263	standard_tone	sapo_emerge	standard	n/a	n/a	n/a	n/a	n/a
5643.542	0	2821771	standard_tone	sapo_emerge	standard	n/a	n/a	n/a	n/a	n/a
5644.558	0	2822279	distractor_noise	sapo_emerge	distractor	n/a	n/a	n/a	n/a	n/a
5645.574	0	2822787	standard_tone	sapo_emerge	standard	n/a	n/a	n/a	n/a	n/a
5646.590	0	2823295	standard_tone	sapo_emerge	standard	n/a	n/a	n/a	n/a	n/a
5647.606	0	2823803	standard_tone	sapo_emerge	standard	n/a	n/a	n/a	n/a	n/a
5648.622	0	2824311	standard_tone	sapo_emerge	standard	n/a	n/a	n/a	n/a	n/a
5649.636	0	2824818	standard_tone	sapo_emerge	standard	n/a	n/a	n/a	n/a	n/a
5650.636	0	2825318	oddball_tone	sapo_emerge	oddball	n/a	n/a	n/a	n/a	n/a
5651.652	0	2825826	standard_tone	sapo_emerge	standard	n/a	n/a	n/a	n/a	n/a
5652.668	0	2826334	standard_tone	sapo_emerge	standard	n/a	n/a	n/a	n/a	n/a
5653.684	0	2826842	standard_tone	sapo_emerge	standard	n/a	n/a	n/a	n/a	n/a
5654.684	0	2827342	standard_tone	sapo_emerge	standard	n/a	n/a	n/a	n/a	n/a
5655.698	0	2827849	standard_tone	sapo_emerge	standard	n/a	n/a	n/a	n/a	n/a
5656.714	0	2828357	standard_tone	sapo_emerge	standard	n/a	n/a	n/a	n/a	n/a
5657.730	0	2828865	standard_tone	sapo_emerge	standard	n/a	n/a	n/a	n/a	n/a
5658.746	0	2829373	standard_tone	sapo_emerge	standard	n/a	n/a	n/a	n/a	n/a
5659.762	0	2829881	standard_tone	sapo_emerge	standard	n/a	n/a	n/a	n/a	n/a
5660.778	0	2830389	distractor_noise	sapo_emerge	distractor	n/a	n/a	n/a	n/a	n/a
5661.776	0	2830888	standard_tone	sapo_emerge	standard	n/a	n/a	n/a	n/a	n/a
5662.794	0	2831397	oddball_tone	sapo_emerge	oddball	n/a	n/a	n/a	n/a	n/a
5663.808	0	2831904	standard_tone	sapo_emerge	standard	n/a	n/a	n/a	n/a	n/a
5664.824	0	2832412	standard_tone	sapo_emerge	standard	n/a	n/a	n/a	n/a	n/a
5665.840	0	2832920	standard_tone	sapo_emerge	standard	n/a	n/a	n/a	n/a	n/a
5666.856	0	2833428	oddball_tone	sapo_emerge	oddball	n/a	n/a	n/a	n/a	n/a
5667.872	0	2833936	standard_tone	sapo_emerge	standard	n/a	n/a	n/a	n/a	n/a
5668.888	0	2834444	standard_tone	sapo_emerge	standard	n/a	n/a	n/a	n/a	n/a
5669.904	0	2834952	standard_tone	sapo_emerge	standard	n/a	n/a	n/a	n/a	n/a
5670.920	0	2835460	oddball_tone	sapo_emerge	oddball	n/a	n/a	n/a	n/a	n/a
5671.936	0	2835968	standard_tone	sapo_emerge	standard	n/a	n/a	n/a	n/a	n/a
5672.950	0	2836475	standard_tone	sapo_emerge	standard	n/a	n/a	n/a	n/a	n/a
5673.966	0	2836983	standard_tone	sapo_emerge	standard	n/a	n/a	n/a	n/a	n/a
5674.982	0	2837491	standard_tone	sapo_emerge	standard	n/a	n/a	n/a	n/a	n/a
5675.998	0	2837999	distractor_noise	sapo_emerge	distractor	n/a	n/a	n/a	n/a	n/a
5677.014	0	2838507	standard_tone	sapo_emerge	standard	n/a	n/a	n/a	n/a	n/a
5678.030	0	2839015	distractor_noise	sapo_emerge	distractor	n/a	n/a	n/a	n/a	n/a
5679.046	0	2839523	standard_tone	sapo_emerge	standard	n/a	n/a	n/a	n/a	n/a
5680.062	0	2840031	distractor_noise	sapo_emerge	distractor	n/a	n/a	n/a	n/a	n/a
5681.078	0	2840539	oddball_tone	sapo_emerge	oddball	n/a	n/a	n/a	n/a	n/a
5682.092	0	2841046	standard_tone	sapo_emerge	standard	n/a	n/a	n/a	n/a	n/a
5683.110	0	2841555	standard_tone	sapo_emerge	standard	n/a	n/a	n/a	n/a	n/a
5684.124	0	2842062	oddball_tone	sapo_emerge	oddball	n/a	n/a	n/a	n/a	n/a
5685.140	0	2842570	standard_tone	sapo_emerge	standard	n/a	n/a	n/a	n/a	n/a
5686.156	0	2843078	standard_tone	sapo_emerge	standard	n/a	n/a	n/a	n/a	n/a
5687.172	0	2843586	standard_tone	sapo_emerge	standard	n/a	n/a	n/a	n/a	n/a
5688.188	0	2844094	standard_tone	sapo_emerge	standard	n/a	n/a	n/a	n/a	n/a
5689.204	0	2844602	distractor_noise	sapo_emerge	distractor	n/a	n/a	n/a	n/a	n/a
5690.220	0	2845110	standard_tone	sapo_emerge	standard	n/a	n/a	n/a	n/a	n/a
5691.236	0	2845618	standard_tone	sapo_emerge	standard	n/a	n/a	n/a	n/a	n/a
5692.252	0	2846126	standard_tone	sapo_emerge	standard	n/a	n/a	n/a	n/a	n/a
5693.268	0	2846634	standard_tone	sapo_emerge	standard	n/a	n/a	n/a	n/a	n/a
5694.284	0	2847142	oddball_tone	sapo_emerge	oddball	n/a	n/a	n/a	n/a	n/a
5695.300	0	2847650	standard_tone	sapo_emerge	standard	n/a	n/a	n/a	n/a	n/a
5696.314	0	2848157	standard_tone	sapo_emerge	standard	n/a	n/a	n/a	n/a	n/a
5697.314	0	2848657	standard_tone	sapo_emerge	standard	n/a	n/a	n/a	n/a	n/a
5698.330	0	2849165	distractor_noise	sapo_emerge	distractor	n/a	n/a	n/a	n/a	n/a
5699.346	0	2849673	standard_tone	sapo_emerge	standard	n/a	n/a	n/a	n/a	n/a
5700.362	0	2850181	standard_tone	sapo_emerge	standard	n/a	n/a	n/a	n/a	n/a
5701.378	0	2850689	standard_tone	sapo_emerge	standard	n/a	n/a	n/a	n/a	n/a
5702.376	0	2851188	standard_tone	sapo_emerge	standard	n/a	n/a	n/a	n/a	n/a
5703.392	0	2851696	distractor_noise	sapo_emerge	distractor	n/a	n/a	n/a	n/a	n/a
5704.408	0	2852204	standard_tone	sapo_emerge	standard	n/a	n/a	n/a	n/a	n/a
5705.424	0	2852712	standard_tone	sapo_emerge	standard	n/a	n/a	n/a	n/a	n/a
5706.440	0	2853220	standard_tone	sapo_emerge	standard	n/a	n/a	n/a	n/a	n/a
5707.456	0	2853728	standard_tone	sapo_emerge	standard	n/a	n/a	n/a	n/a	n/a
5708.472	0	2854236	standard_tone	sapo_emerge	standard	n/a	n/a	n/a	n/a	n/a
5709.488	0	2854744	oddball_tone	sapo_emerge	oddball	n/a	n/a	n/a	n/a	n/a
5710.086	0	2855043	silence_end	sapo_emerge	silence-end	n/a	n/a	n/a	n/a	n/a
5710.104	0	2855052	gong_begin	sapo_emerge	gong-begin	n/a	n/a	n/a	n/a	n/a
5710.504	0	2855252	standard_tone	sapo_emerge	standard	n/a	n/a	n/a	n/a	n/a
5711.518	0	2855759	standard_tone	sapo_emerge	standard	n/a	n/a	n/a	n/a	n/a
5712.534	0	2856267	oddball_tone	sapo_emerge	oddball	n/a	n/a	n/a	n/a	n/a
5713.550	0	2856775	standard_tone	sapo_emerge	standard	n/a	n/a	n/a	n/a	n/a
5714.566	0	2857283	standard_tone	sapo_emerge	standard	n/a	n/a	n/a	n/a	n/a
5715.582	0	2857791	standard_tone	sapo_emerge	standard	n/a	n/a	n/a	n/a	n/a
5715.750	0	2857875	clicker_press	sapo_emerge	response-received-arrow_up	n/a	n/a	n/a	n/a	arrow_up
5715.782	0	2857891	gong_end	sapo_emerge	gong-end	n/a	n/a	n/a	n/a	n/a
5715.784	0	2857892	report_window_begin	sapo_emerge	emerge-sapo-emerge-begin	n/a	n/a	n/a	n/a	n/a
5716.116	0	2858058	clicker_press	sapo_emerge	response-received-arrow_up	n/a	n/a	n/a	n/a	arrow_up
5719.830	0	2859915	depth_rating	sapo_emerge	rating-sapo-emerge-meditation_depth-2	2	n/a	n/a	n/a	n/a
5726.590	0	2863295	clicker_press	sapo_emerge	response-received-arrow_up	n/a	n/a	n/a	n/a	arrow_up
5726.908	0	2863454	clicker_press	sapo_emerge	response-received-arrow_up	n/a	n/a	n/a	n/a	arrow_up
5727.274	0	2863637	clicker_press	sapo_emerge	response-received-arrow_up	n/a	n/a	n/a	n/a	arrow_up
5727.656	0	2863828	clicker_press	sapo_emerge	response-received-arrow_up	n/a	n/a	n/a	n/a	arrow_up
5729.938	0	2864969	confidence_rating	sapo_emerge	rating-sapo-emerge-confidence_depth-4	n/a	4	n/a	n/a	n/a
5733.450	0	2866725	report_window_end	sapo_emerge	emerge-sapo-emerge-end	n/a	n/a	n/a	n/a	n/a
5733.452	0	2866726	subblock_end	sapo_emerge	subblock-end-duration-125.062	n/a	n/a	n/a	125.062	n/a
5733.452	0	2866726	subblock_begin	sapo_emerge	subblock-begin	n/a	n/a	n/a	n/a	n/a
5733.452	0	2866726	silence_begin	sapo_emerge	silence-begin	n/a	n/a	n/a	n/a	n/a
5733.454	0	2866727	standard_tone	sapo_emerge	standard	n/a	n/a	n/a	n/a	n/a
5734.466	0	2867233	standard_tone	sapo_emerge	standard	n/a	n/a	n/a	n/a	n/a
5735.466	0	2867733	standard_tone	sapo_emerge	standard	n/a	n/a	n/a	n/a	n/a
5736.482	0	2868241	standard_tone	sapo_emerge	standard	n/a	n/a	n/a	n/a	n/a
5737.480	0	2868740	standard_tone	sapo_emerge	standard	n/a	n/a	n/a	n/a	n/a
5738.496	0	2869248	standard_tone	sapo_emerge	standard	n/a	n/a	n/a	n/a	n/a
5739.512	0	2869756	standard_tone	sapo_emerge	standard	n/a	n/a	n/a	n/a	n/a
5740.528	0	2870264	standard_tone	sapo_emerge	standard	n/a	n/a	n/a	n/a	n/a
5741.544	0	2870772	oddball_tone	sapo_emerge	oddball	n/a	n/a	n/a	n/a	n/a
5742.560	0	2871280	standard_tone	sapo_emerge	standard	n/a	n/a	n/a	n/a	n/a
5743.576	0	2871788	standard_tone	sapo_emerge	standard	n/a	n/a	n/a	n/a	n/a
5744.592	0	2872296	standard_tone	sapo_emerge	standard	n/a	n/a	n/a	n/a	n/a
5745.608	0	2872804	standard_tone	sapo_emerge	standard	n/a	n/a	n/a	n/a	n/a
5746.624	0	2873312	standard_tone	sapo_emerge	standard	n/a	n/a	n/a	n/a	n/a
5747.640	0	2873820	distractor_noise	sapo_emerge	distractor	n/a	n/a	n/a	n/a	n/a
5748.654	0	2874327	standard_tone	sapo_emerge	standard	n/a	n/a	n/a	n/a	n/a
5749.670	0	2874835	standard_tone	sapo_emerge	standard	n/a	n/a	n/a	n/a	n/a
5750.688	0	2875344	standard_tone	sapo_emerge	standard	n/a	n/a	n/a	n/a	n/a
5751.702	0	2875851	oddball_tone	sapo_emerge	oddball	n/a	n/a	n/a	n/a	n/a
5752.718	0	2876359	distractor_noise	sapo_emerge	distractor	n/a	n/a	n/a	n/a	n/a
5753.734	0	2876867	standard_tone	sapo_emerge	standard	n/a	n/a	n/a	n/a	n/a
5754.750	0	2877375	distractor_noise	sapo_emerge	distractor	n/a	n/a	n/a	n/a	n/a
5755.766	0	2877883	standard_tone	sapo_emerge	standard	n/a	n/a	n/a	n/a	n/a
5756.780	0	2878390	oddball_tone	sapo_emerge	oddball	n/a	n/a	n/a	n/a	n/a
5757.780	0	2878890	distractor_noise	sapo_emerge	distractor	n/a	n/a	n/a	n/a	n/a
5758.796	0	2879398	standard_tone	sapo_emerge	standard	n/a	n/a	n/a	n/a	n/a
5759.812	0	2879906	standard_tone	sapo_emerge	standard	n/a	n/a	n/a	n/a	n/a
5760.828	0	2880414	standard_tone	sapo_emerge	standard	n/a	n/a	n/a	n/a	n/a
5761.844	0	2880922	distractor_noise	sapo_emerge	distractor	n/a	n/a	n/a	n/a	n/a
5762.860	0	2881430	standard_tone	sapo_emerge	standard	n/a	n/a	n/a	n/a	n/a
5763.876	0	2881938	oddball_tone	sapo_emerge	oddball	n/a	n/a	n/a	n/a	n/a
5764.890	0	2882445	standard_tone	sapo_emerge	standard	n/a	n/a	n/a	n/a	n/a
5765.890	0	2882945	standard_tone	sapo_emerge	standard	n/a	n/a	n/a	n/a	n/a
5766.906	0	2883453	distractor_noise	sapo_emerge	distractor	n/a	n/a	n/a	n/a	n/a
5767.922	0	2883961	standard_tone	sapo_emerge	standard	n/a	n/a	n/a	n/a	n/a
5768.938	0	2884469	standard_tone	sapo_emerge	standard	n/a	n/a	n/a	n/a	n/a
5769.952	0	2884976	standard_tone	sapo_emerge	standard	n/a	n/a	n/a	n/a	n/a
5770.954	0	2885477	standard_tone	sapo_emerge	standard	n/a	n/a	n/a	n/a	n/a
5771.970	0	2885985	standard_tone	sapo_emerge	standard	n/a	n/a	n/a	n/a	n/a
5772.984	0	2886492	standard_tone	sapo_emerge	standard	n/a	n/a	n/a	n/a	n/a
5774.000	0	2887000	standard_tone	sapo_emerge	standard	n/a	n/a	n/a	n/a	n/a
5775.016	0	2887508	standard_tone	sapo_emerge	standard	n/a	n/a	n/a	n/a	n/a
5775.100	0	2887550	sapo_emerge_end	sapo_emerge	block-sapo-emerge-end	n/a	n/a	n/a	n/a	n/a
5775.100	0	2887550	block_duration	sapo_emerge	block-sapo-emerge-duration-2100	n/a	n/a	n/a	2100.000	n/a
5775.102	0	2887551	break_begin	break	break-begin	n/a	n/a	n/a	n/a	n/a
5875.166	0	2937583	clicker_press	break	response-received-enter	n/a	n/a	n/a	n/a	enter
5875.182	0	2937591	break_end	break	break-end	n/a	n/a	n/a	n/a	n/a
5906.940	0	2953470	clicker_press	n/a	response-received-arrow_up	n/a	n/a	n/a	n/a	arrow_up
5907.042	0	2953521	post_meditation_begin	post_meditation	post-meditation-begin	n/a	n/a	n/a	n/a	n/a
6207.058	0	3103529	post_meditation_end	post_meditation	post-meditation-end	n/a	n/a	n/a	n/a	n/a
6207.060	0	3103530	prompt_window_begin	post_meditation	probe-post-meditation-begin	n/a	n/a	n/a	n/a	n/a
6216.018	0	3108009	clicker_press	n/a	response-received-arrow_up	n/a	n/a	n/a	n/a	arrow_up
6216.084	0	3108042	depth_rating	post_meditation	rating-post-meditation-meditation_depth-1	1	n/a	n/a	n/a	n/a
6224.262	0	3112131	clicker_press	n/a	response-received-arrow_up	n/a	n/a	n/a	n/a	arrow_up
6224.576	0	3112288	clicker_press	n/a	response-received-arrow_up	n/a	n/a	n/a	n/a	arrow_up
6224.944	0	3112472	clicker_press	n/a	response-received-arrow_up	n/a	n/a	n/a	n/a	arrow_up
6226.126	0	3113063	confidence_rating	post_meditation	rating-post-meditation-confidence_depth-3	n/a	3	n/a	n/a	n/a
6227.160	0	3113580	prompt_window_end	post_meditation	probe-post-meditation-end	n/a	n/a	n/a	n/a	n/a
6236.452	0	3118226	task_end	n/a	task-end	n/a	n/a	n/a	n/a	n/a
