onset	duration	sample	trial_type	block	value	depth	confidence	response_time	logged_duration	key
0.000	0	0	clicker_press	n/a	response-received-arrow_up	n/a	n/a	n/a	n/a	arrow_up
12.076	0	6038	clicker_press	n/a	response-received-arrow_up	n/a	n/a	n/a	n/a	arrow_up
30.110	0	15055	clicker_press	n/a	response-received-arrow_up	n/a	n/a	n/a	n/a	arrow_up
44.914	0	22457	clicker_press	n/a	response-received-arrow_up	n/a	n/a	n/a	n/a	arrow_up
55.622	0	27811	clicker_press	n/a	response-received-arrow_up	n/a	n/a	n/a	n/a	arrow_up
73.256	0	36628	clicker_press	n/a	response-received-arrow_up	n/a	n/a	n/a	n/a	arrow_up
86.494	0	43247	clicker_press	n/a	response-received-arrow_up	n/a	n/a	n/a	n/a	arrow_up
98.686	0	49343	clicker_press	n/a	response-received-arrow_up	n/a	n/a	n/a	n/a	arrow_up
98.702	0	49351	task_begin	n/a	task-begin	n/a	n/a	n/a	n/a	n/a
187.814	0	93907	clicker_press	n/a	response-received-arrow_up	n/a	n/a	n/a	n/a	arrow_up
187.876	0	93938	baseline_begin	baseline	baseline-begin	n/a	n/a	n/a	n/a	n/a
488.028	0	244014	baseline_end	baseline	baseline-end	n/a	n/a	n/a	n/a	n/a
583.456	0	291728	clicker_press	n/a	response-received-arrow_up	n/a	n/a	n/a	n/a	arrow_up
583.462	0	291731	pre_meditation_begin	pre_meditation	pre-meditation-begin	n/a	n/a	n/a	n/a	n/a
883.504	0	441752	pre_meditation_end	pre_meditation	pre-meditation-end	n/a	n/a	n/a	n/a	n/a
883.504	0	441752	prompt_window_begin	pre_meditation	probe-pre-meditation-begin	n/a	n/a	n/a	n/a	n/a
890.926	0	445463	clicker_press	n/a	response-received-arrow_up	n/a	n/a	n/a	n/a	arrow_up
891.480	0	445740	clicker_press	n/a	response-received-arrow_up	n/a	n/a	n/a	n/a	arrow_up
892.528	0	446264	depth_rating	pre_meditation	rating-pre-meditation-meditation_depth-2	2	n/a	n/a	n/a	n/a
898.624	0	449312	clicker_press	n/a	response-received-arrow_up	n/a	n/a	n/a	n/a	arrow_up
899.024	0	449512	clicker_press	n/a	response-received-arrow_up	n/a	n/a	n/a	n/a	arrow_up
899.572	0	449786	clicker_press	n/a	response-received-arrow_up	n/a	n/a	n/a	n/a	arrow_up
900.456	0	450228	clicker_press	n/a	response-received-arrow_up	n/a	n/a	n/a	n/a	arrow_up
902.620	0	451310	confidence_rating	pre_meditation	rating-pre-meditation-confidence_depth-4	n/a	4	n/a	n/a	n/a
903.704	0	451852	prompt_window_end	pre_meditation	probe-pre-meditation-end	n/a	n/a	n/a	n/a	n/a
1031.122	0	515561	clicker_press	n/a	response-received-arrow_down	n/a	n/a	n/a	n/a	arrow_down
1031.186	0	515593	sapo_probe_begin	sapo_probe	block-sapo-probe-begin	n/a	n/a	n/a	n/a	n/a
1031.218	0	515609	subblock_begin	sapo_probe	subblock-begin	n/a	n/a	n/a	n/a	n/a
1031.218	0	515609	silence_begin	sapo_probe	silence-begin	n/a	n/a	n/a	n/a	n/a
1031.218	0	515609	standard_tone	sapo_probe	standard	n/a	n/a	n/a	n/a	n/a
1032.230	0	516115	standard_tone	sapo_probe	standard	n/a	n/a	n/a	n/a	n/a
1033.246	0	516623	standard_tone	sapo_probe	standard	n/a	n/a	n/a	n/a	n/a
1034.260	0	517130	standard_tone	sapo_probe	standard	n/a	n/a	n/a	n/a	n/a
1035.274	0	517637	oddball_tone	sapo_probe	oddball	n/a	n/a	n/a	n/a	n/a
1036.276	0	518138	distractor_noise	sapo_probe	distractor	n/a	n/a	n/a	n/a	n/a
1037.276	0	518638	standard_tone	sapo_probe	standard	n/a	n/a	n/a	n/a	n/a
1038.292	0	519146	standard_tone	sapo_probe	standard	n/a	n/a	n/a	n/a	n/a
1039.292	0	519646	distractor_noise	sapo_probe	distractor	n/a	n/a	n/a	n/a	n/a
1040.306	0	520153	standard_tone	sapo_probe	standard	n/a	n/a	n/a	n/a	n/a
1041.322	0	520661	standard_tone	sapo_probe	standard	n/a	n/a	n/a	n/a	n/a
1042.338	0	521169	standard_tone	sapo_probe	standard	n/a	n/a	n/a	n/a	n/a
1043.354	0	521677	standard_tone	sapo_probe	standard	n/a	n/a	n/a	n/a	n/a
1044.370	0	522185	standard_tone	sapo_probe	standard	n/a	n/a	n/a	n/a	n/a
1045.384	0	522692	standard_tone	sapo_probe	standard	n/a	n/a	n/a	n/a	n/a
1046.384	0	523192	standard_tone	sapo_probe	standard	n/a	n/a	n/a	n/a	n/a
1047.400	0	523700	standard_tone	sapo_probe	standard	n/a	n/a	n/a	n/a	n/a
1048.416	0	524208	standard_tone	sapo_probe	standard	n/a	n/a	n/a	n/a	n/a
1049.432	0	524716	standard_tone	sapo_probe	standard	n/a	n/a	n/a	n/a	n/a
1050.448	0	525224	standard_tone	sapo_probe	standard	n/a	n/a	n/a	n/a	n/a
1051.464	0	525732	standard_tone	sapo_probe	standard	n/a	n/a	n/a	n/a	n/a
1052.480	0	526240	standard_tone	sapo_probe	standard	n/a	n/a	n/a	n/a	n/a
1053.496	0	526748	standard_tone	sapo_probe	standard	n/a	n/a	n/a	n/a	n/a
1054.512	0	527256	standard_tone	sapo_probe	standard	n/a	n/a	n/a	n/a	n/a
1055.528	0	527764	standard_tone	sapo_probe	standard	n/a	n/a	n/a	n/a	n/a
1056.542	0	528271	standard_tone	sapo_probe	standard	n/a	n/a	n/a	n/a	n/a
1057.542	0	528771	standard_tone	sapo_probe	standard	n/a	n/a	n/a	n/a	n/a
1058.558	0	529279	standard_tone	sapo_probe	standard	n/a	n/a	n/a	n/a	n/a
1059.574	0	529787	standard_tone	sapo_probe	standard	n/a	n/a	n/a	n/a	n/a
1060.590	0	530295	standard_tone	sapo_probe	standard	n/a	n/a	n/a	n/a	n/a
1061.606	0	530803	standard_tone	sapo_probe	standard	n/a	n/a	n/a	n/a	n/a
1062.620	0	531310	distractor_noise	sapo_probe	distractor	n/a	n/a	n/a	n/a	n/a
1063.620	0	531810	standard_tone	sapo_probe	standard	n/a	n/a	n/a	n/a	n/a
1064.636	0	532318	distractor_noise	sapo_probe	distractor	n/a	n/a	n/a	n/a	n/a
1065.652	0	532826	standard_tone	sapo_probe	standard	n/a	n/a	n/a	n/a	n/a
1066.668	0	533334	oddball_tone	sapo_probe	oddball	n/a	n/a	n/a	n/a	n/a
1067.668	0	533834	standard_tone	sapo_probe	standard	n/a	n/a	n/a	n/a	n/a
1068.684	0	534342	standard_tone	sapo_probe	standard	n/a	n/a	n/a	n/a	n/a
1069.700	0	534850	standard_tone	sapo_probe	standard	n/a	n/a	n/a	n/a	n/a
1070.714	0	535357	standard_tone	sapo_probe	standard	n/a	n/a	n/a	n/a	n/a
1071.728	0	535864	standard_tone	sapo_probe	standard	n/a	n/a	n/a	n/a	n/a
1072.744	0	536372	oddball_tone	sapo_probe	oddball	n/a	n/a	n/a	n/a	n/a
1073.744	0	536872	standard_tone	sapo_probe	standard	n/a	n/a	n/a	n/a	n/a
1074.744	0	537372	standard_tone	sapo_probe	standard	n/a	n/a	n/a	n/a	n/a
1075.760	0	537880	standard_tone	sapo_probe	standard	n/a	n/a	n/a	n/a	n/a
1076.776	0	538388	standard_tone	sapo_probe	standard	n/a	n/a	n/a	n/a	n/a
1077.792	0	538896	standard_tone	sapo_probe	standard	n/a	n/a	n/a	n/a	n/a
1078.808	0	539404	standard_tone	sapo_probe	standard	n/a	n/a	n/a	n/a	n/a
1079.822	0	539911	standard_tone	sapo_probe	standard	n/a	n/a	n/a	n/a	n/a
1080.824	0	540412	standard_tone	sapo_probe	standard	n/a	n/a	n/a	n/a	n/a
1081.838	0	540919	standard_tone	sapo_probe	standard	n/a	n/a	n/a	n/a	n/a
1082.854	0	541427	standard_tone	sapo_probe	standard	n/a	n/a	n/a	n/a	n/a
1083.870	0	541935	standard_tone	sapo_probe	standard	n/a	n/a	n/a	n/a	n/a
1084.886	0	542443	standard_tone	sapo_probe	standard	n/a	n/a	n/a	n/a	n/a
1085.902	0	542951	standard_tone	sapo_probe	standard	n/a	n/a	n/a	n/a	n/a
1086.918	0	543459	oddball_tone	sapo_probe	oddball	n/a	n/a	n/a	n/a	n/a
1087.934	0	543967	standard_tone	sapo_probe	standard	n/a	n/a	n/a	n/a	n/a
1088.934	0	544467	standard_tone	sapo_probe	standard	n/a	n/a	n/a	n/a	n/a
1089.950	0	544975	standard_tone	sapo_probe	standard	n/a	n/a	n/a	n/a	n/a
1090.966	0	545483	standard_tone	sapo_probe	standard	n/a	n/a	n/a	n/a	n/a
1091.980	0	545990	standard_tone	sapo_probe	standard	n/a	n/a	n/a	n/a	n/a
1092.980	0	546490	standard_tone	sapo_probe	standard	n/a	n/a	n/a	n/a	n/a
1093.994	0	546997	standard_tone	sapo_probe	standard	n/a	n/a	n/a	n/a	n/a
1094.994	0	547497	standard_tone	sapo_probe	standard	n/a	n/a	n/a	n/a	n/a
1096.012	0	548006	distractor_noise	sapo_probe	distractor	n/a	n/a	n/a	n/a	n/a
1097.026	0	548513	standard_tone	sapo_probe	standard	n/a	n/a	n/a	n/a	n/a
1098.026	0	549013	standard_tone	sapo_probe	standard	n/a	n/a	n/a	n/a	n/a
1099.042	0	549521	distractor_noise	sapo_probe	distractor	n/a	n/a	n/a	n/a	n/a
1100.056	0	550028	standard_tone	sapo_probe	standard	n/a	n/a	n/a	n/a	n/a
1101.056	0	550528	standard_tone	sapo_probe	standard	n/a	n/a	n/a	n/a	n/a
1102.072	0	551036	standard_tone	sapo_probe	standard	n/a	n/a	n/a	n/a	n/a
1103.088	0	551544	standard_tone	sapo_probe	standard	n/a	n/a	n/a	n/a	n/a
1104.102	0	552051	oddball_tone	sapo_probe	oddball	n/a	n/a	n/a	n/a	n/a
1105.104	0	552552	standard_tone	sapo_probe	standard	n/a	n/a	n/a	n/a	n/a
1106.120	0	553060	standard_tone	sapo_probe	standard	n/a	n/a	n/a	n/a	n/a
1107.134	0	553567	standard_tone	sapo_probe	standard	n/a	n/a	n/a	n/a	n/a
1108.150	0	554075	distractor_noise	sapo_probe	distractor	n/a	n/a	n/a	n/a	n/a
1109.166	0	554583	standard_tone	sapo_probe	standard	n/a	n/a	n/a	n/a	n/a
1110.180	0	555090	standard_tone	sapo_probe	standard	n/a	n/a	n/a	n/a	n/a
1111.182	0	555591	standard_tone	sapo_probe	standard	n/a	n/a	n/a	n/a	n/a
1112.196	0	556098	standard_tone	sapo_probe	standard	n/a	n/a	n/a	n/a	n/a
1113.214	0	556607	standard_tone	sapo_probe	standard	n/a	n/a	n/a	n/a	n/a
1114.228	0	557114	standard_tone	sapo_probe	standard	n/a	n/a	n/a	n/a	n/a
1115.244	0	557622	standard_tone	sapo_probe	standard	n/a	n/a	n/a	n/a	n/a
1116.260	0	558130	standard_tone	sapo_probe	standard	n/a	n/a	n/a	n/a	n/a
1117.276	0	558638	standard_tone	sapo_probe	standard	n/a	n/a	n/a	n/a	n/a
1118.292	0	559146	oddball_tone	sapo_probe	oddball	n/a	n/a	n/a	n/a	n/a
1119.308	0	559654	standard_tone	sapo_probe	standard	n/a	n/a	n/a	n/a	n/a
1120.324	0	560162	standard_tone	sapo_probe	standard	n/a	n/a	n/a	n/a	n/a
1121.340	0	560670	standard_tone	sapo_probe	standard	n/a	n/a	n/a	n/a	n/a
1122.354	0	561177	standard_tone	sapo_probe	standard	n/a	n/a	n/a	n/a	n/a
1123.356	0	561678	standard_tone	sapo_probe	standard	n/a	n/a	n/a	n/a	n/a
1124.370	0	562185	standard_tone	sapo_probe	standard	n/a	n/a	n/a	n/a	n/a
1125.386	0	562693	standard_tone	sapo_probe	standard	n/a	n/a	n/a	n/a	n/a
1126.402	0	563201	standard_tone	sapo_probe	standard	n/a	n/a	n/a	n/a	n/a
1127.402	0	563701	standard_tone	sapo_probe	standard	n/a	n/a	n/a	n/a	n/a
1128.416	0	564208	oddball_tone	sapo_probe	oddball	n/a	n/a	n/a	n/a	n/a
1129.416	0	564708	standard_tone	sapo_probe	standard	n/a	n/a	n/a	n/a	n/a
1130.416	0	565208	distractor_noise	sapo_probe	distractor	n/a	n/a	n/a	n/a	n/a
1131.428	0	565714	standard_tone	sapo_probe	standard	n/a	n/a	n/a	n/a	n/a
1132.430	0	566215	standard_tone	sapo_probe	standard	n/a	n/a	n/a	n/a	n/a
1133.444	0	566722	standard_tone	sapo_probe	standard	n/a	n/a	n/a	n/a	n/a
1134.444	0	567222	standard_tone	sapo_probe	standard	n/a	n/a	n/a	n/a	n/a
1135.460	0	567730	standard_tone	sapo_probe	standard	n/a	n/a	n/a	n/a	n/a
1136.478	0	568239	standard_tone	sapo_probe	standard	n/a	n/a	n/a	n/a	n/a
1137.492	0	568746	standard_tone	sapo_probe	standard	n/a	n/a	n/a	n/a	n/a
1138.508	0	569254	standard_tone	sapo_probe	standard	n/a	n/a	n/a	n/a	n/a
1139.522	0	569761	standard_tone	sapo_probe	standard	n/a	n/a	n/a	n/a	n/a
1140.524	0	570262	standard_tone	sapo_probe	standard	n/a	n/a	n/a	n/a	n/a
1141.540	0	570770	standard_tone	sapo_probe	standard	n/a	n/a	n/a	n/a	n/a
1142.554	0	571277	standard_tone	sapo_probe	standard	n/a	n/a	n/a	n/a	n/a
1143.554	0	571777	oddball_tone	sapo_probe	oddball	n/a	n/a	n/a	n/a	n/a
1144.570	0	572285	standard_tone	sapo_probe	standard	n/a	n/a	n/a	n/a	n/a
1145.584	0	572792	standard_tone	sapo_probe	standard	n/a	n/a	n/a	n/a	n/a
1146.600	0	573300	standard_tone	sapo_probe	standard	n/a	n/a	n/a	n/a	n/a
1147.600	0	573800	standard_tone	sapo_probe	standard	n/a	n/a	n/a	n/a	n/a
1148.600	0	574300	distractor_noise	sapo_probe	distractor	n/a	n/a	n/a	n/a	n/a
1149.300	0	574650	silence_end	sapo_probe	silence-end	n/a	n/a	n/a	n/a	n/a
1149.300	0	574650	subblock_end	sapo_probe	subblock-end-duration-118.083	n/a	n/a	n/a	118.083	n/a
1149.302	0	574651	subblock_begin	sapo_probe	subblock-begin	n/a	n/a	n/a	n/a	n/a
1149.302	0	574651	silence_begin	sapo_probe	silence-begin	n/a	n/a	n/a	n/a	n/a
1149.616	0	574808	standard_tone	sapo_probe	standard	n/a	n/a	n/a	n/a	n/a
1150.630	0	575315	standard_tone	sapo_probe	standard	n/a	n/a	n/a	n/a	n/a
1151.632	0	575816	standard_tone	sapo_probe	standard	n/a	n/a	n/a	n/a	n/a
1152.646	0	576323	standard_tone	sapo_probe	standard	n/a	n/a	n/a	n/a	n/a
1153.662	0	576831	standard_tone	sapo_probe	standard	n/a	n/a	n/a	n/a	n/a
1154.662	0	577331	standard_tone	sapo_probe	standard	n/a	n/a	n/a	n/a	n/a
1155.678	0	577839	standard_tone	sapo_probe	standard	n/a	n/a	n/a	n/a	n/a
1156.694	0	578347	distractor_noise	sapo_probe	distractor	n/a	n/a	n/a	n/a	n/a
1157.710	0	578855	oddball_tone	sapo_probe	oddball	n/a	n/a	n/a	n/a	n/a
1158.726	0	579363	standard_tone	sapo_probe	standard	n/a	n/a	n/a	n/a	n/a
1159.742	0	579871	standard_tone	sapo_probe	standard	n/a	n/a	n/a	n/a	n/a
1160.756	0	580378	standard_tone	sapo_probe	standard	n/a	n/a	n/a	n/a	n/a
1161.756	0	580878	standard_tone	sapo_probe	standard	n/a	n/a	n/a	n/a	n/a
1162.772	0	581386	standard_tone	sapo_probe	standard	n/a	n/a	n/a	n/a	n/a
1163.788	0	581894	standard_tone	sapo_probe	standard	n/a	n/a	n/a	n/a	n/a
1164.804	0	582402	distractor_noise	sapo_probe	distractor	n/a	n/a	n/a	n/a	n/a
1165.820	0	582910	standard_tone	sapo_probe	standard	n/a	n/a	n/a	n/a	n/a
1166.836	0	583418	standard_tone	sapo_probe	standard	n/a	n/a	n/a	n/a	n/a
1167.852	0	583926	standard_tone	sapo_probe	standard	n/a	n/a	n/a	n/a	n/a
1168.868	0	584434	standard_tone	sapo_probe	standard	n/a	n/a	n/a	n/a	n/a
1169.882	0	584941	standard_tone	sapo_probe	standard	n/a	n/a	n/a	n/a	n/a
1170.898	0	585449	standard_tone	sapo_probe	standard	n/a	n/a	n/a	n/a	n/a
1171.900	0	585950	oddball_tone	sapo_probe	oddball	n/a	n/a	n/a	n/a	n/a
1172.914	0	586457	standard_tone	sapo_probe	standard	n/a	n/a	n/a	n/a	n/a
1173.928	0	586964	standard_tone	sapo_probe	standard	n/a	n/a	n/a	n/a	n/a
1174.946	0	587473	standard_tone	sapo_probe	standard	n/a	n/a	n/a	n/a	n/a
1175.960	0	587980	standard_tone	sapo_probe	standard	n/a	n/a	n/a	n/a	n/a
1176.960	0	588480	standard_tone	sapo_probe	standard	n/a	n/a	n/a	n/a	n/a
1177.976	0	588988	distractor_noise	sapo_probe	distractor	n/a	n/a	n/a	n/a	n/a
1178.976	0	589488	standard_tone	sapo_probe	standard	n/a	n/a	n/a	n/a	n/a
1179.992	0	589996	standard_tone	sapo_probe	standard	n/a	n/a	n/a	n/a	n/a
1181.008	0	590504	standard_tone	sapo_probe	standard	n/a	n/a	n/a	n/a	n/a
1182.022	0	591011	standard_tone	sapo_probe	standard	n/a	n/a	n/a	n/a	n/a
1183.038	0	591519	oddball_tone	sapo_probe	oddball	n/a	n/a	n/a	n/a	n/a
1184.054	0	592027	standard_tone	sapo_probe	standard	n/a	n/a	n/a	n/a	n/a
1185.068	0	592534	standard_tone	sapo_probe	standard	n/a	n/a	n/a	n/a	n/a
1186.068	0	593034	standard_tone	sapo_probe	standard	n/a	n/a	n/a	n/a	n/a
1187.068	0	593534	standard_tone	sapo_probe	standard	n/a	n/a	n/a	n/a	n/a
1188.084	0	594042	standard_tone	sapo_probe	standard	n/a	n/a	n/a	n/a	n/a
1189.102	0	594551	standard_tone	sapo_probe	standard	n/a	n/a	n/a	n/a	n/a
1190.114	0	595057	standard_tone	sapo_probe	standard	n/a	n/a	n/a	n/a	n/a
1191.130	0	595565	standard_tone	sapo_probe	standard	n/a	n/a	n/a	n/a	n/a
1192.132	0	596066	oddball_tone	sapo_probe	oddball	n/a	n/a	n/a	n/a	n/a
1193.146	0	596573	distractor_noise	sapo_probe	distractor	n/a	n/a	n/a	n/a	n/a
1194.162	0	597081	standard_tone	sapo_probe	standard	n/a	n/a	n/a	n/a	n/a
1195.178	0	597589	distractor_noise	sapo_probe	distractor	n/a	n/a	n/a	n/a	n/a
1196.192	0	598096	standard_tone	sapo_probe	standard	n/a	n/a	n/a	n/a	n/a
1197.194	0	598597	standard_tone	sapo_probe	standard	n/a	n/a	n/a	n/a	n/a
1198.210	0	599105	standard_tone	sapo_probe	standard	n/a	n/a	n/a	n/a	n/a
1199.226	0	599613	distractor_noise	sapo_probe	distractor	n/a	n/a	n/a	n/a	n/a
1200.240	0	600120	standard_tone	sapo_probe	standard	n/a	n/a	n/a	n/a	n/a
1201.240	0	600620	distractor_noise	sapo_probe	distractor	n/a	n/a	n/a	n/a	n/a
1202.254	0	601127	standard_tone	sapo_probe	standard	n/a	n/a	n/a	n/a	n/a
1203.272	0	601636	standard_tone	sapo_probe	standard	n/a	n/a	n/a	n/a	n/a
1204.286	0	602143	standard_tone	sapo_probe	standard	n/a	n/a	n/a	n/a	n/a
1205.286	0	602643	standard_tone	sapo_probe	standard	n/a	n/a	n/a	n/a	n/a
1206.302	0	603151	standard_tone	sapo_probe	standard	n/a	n/a	n/a	n/a	n/a
1207.318	0	603659	standard_tone	sapo_probe	standard	n/a	n/a	n/a	n/a	n/a
1208.334	0	604167	standard_tone	sapo_probe	standard	n/a	n/a	n/a	n/a	n/a
1209.350	0	604675	standard_tone	sapo_probe	standard	n/a	n/a	n/a	n/a	n/a
1210.366	0	605183	standard_tone	sapo_probe	standard	n/a	n/a	n/a	n/a	n/a
1211.380	0	605690	standard_tone	sapo_probe	standard	n/a	n/a	n/a	n/a	n/a
1212.380	0	606190	standard_tone	sapo_probe	standard	n/a	n/a	n/a	n/a	n/a
1213.396	0	606698	standard_tone	sapo_probe	standard	n/a	n/a	n/a	n/a	n/a
1214.412	0	607206	standard_tone	sapo_probe	standard	n/a	n/a	n/a	n/a	n/a
1215.428	0	607714	standard_tone	sapo_probe	standard	n/a	n/a	n/a	n/a	n/a
1216.444	0	608222	standard_tone	sapo_probe	standard	n/a	n/a	n/a	n/a	n/a
1217.460	0	608730	distractor_noise	sapo_probe	distractor	n/a	n/a	n/a	n/a	n/a
1218.476	0	609238	standard_tone	sapo_probe	standard	n/a	n/a	n/a	n/a	n/a
1219.476	0	609738	standard_tone	sapo_probe	standard	n/a	n/a	n/a	n/a	n/a
1220.492	0	610246	standard_tone	sapo_probe	standard	n/a	n/a	n/a	n/a	n/a
1221.506	0	610753	standard_tone	sapo_probe	standard	n/a	n/a	n/a	n/a	n/a
1222.522	0	611261	standard_tone	sapo_probe	standard	n/a	n/a	n/a	n/a	n/a
1223.538	0	611769	standard_tone	sapo_probe	standard	n/a	n/a	n/a	n/a	n/a
1224.538	0	612269	standard_tone	sapo_probe	standard	n/a	n/a	n/a	n/a	n/a
1225.222	0	612611	prompt_window_begin	sapo_probe	probe-sapo-probe-begin	n/a	n/a	n/a	n/a	n/a
1231.546	0	615773	clicker_press	sapo_probe	response-received-arrow_up	n/a	n/a	n/a	n/a	arrow_up
1232.148	0	616074	clicker_press	sapo_probe	response-received-arrow_up	n/a	n/a	n/a	n/a	arrow_up
1234.246	0	617123	depth_rating	sapo_probe	rating-sapo-probe-meditation_depth-2	2	n/a	n/a	n/a	n/a
1240.994	0	620497	clicker_press	sapo_probe	response-received-arrow_up	n/a	n/a	n/a	n/a	arrow_up
1241.324	0	620662	clicker_press	sapo_probe	response-received-arrow_up	n/a	n/a	n/a	n/a	arrow_up
1241.674	0	620837	clicker_press	sapo_probe	response-received-arrow_up	n/a	n/a	n/a	n/a	arrow_up
1242.124	0	621062	clicker_press	sapo_probe	response-received-arrow_up	n/a	n/a	n/a	n/a	arrow_up
1244.304	0	622152	confidence_rating	sapo_probe	rating-sapo-probe-confidence_depth-4	n/a	4	n/a	n/a	n/a
1247.784	0	623892	prompt_window_end	sapo_probe	probe-sapo-probe-end	n/a	n/a	n/a	n/a	n/a
1247.786	0	623893	standard_tone	sapo_probe	standard	n/a	n/a	n/a	n/a	n/a
1248.802	0	624401	standard_tone	sapo_probe	standard	n/a	n/a	n/a	n/a	n/a
1249.818	0	624909	standard_tone	sapo_probe	standard	n/a	n/a	n/a	n/a	n/a
1250.832	0	625416	standard_tone	sapo_probe	standard	n/a	n/a	n/a	n/a	n/a
1251.848	0	625924	distractor_noise	sapo_probe	distractor	n/a	n/a	n/a	n/a	n/a
1252.864	0	626432	standard_tone	sapo_probe	standard	n/a	n/a	n/a	n/a	n/a
1253.880	0	626940	standard_tone	sapo_probe	standard	n/a	n/a	n/a	n/a	n/a
1254.896	0	627448	standard_tone	sapo_probe	standard	n/a	n/a	n/a	n/a	n/a
1255.912	0	627956	standard_tone	sapo_probe	standard	n/a	n/a	n/a	n/a	n/a
1256.926	0	628463	standard_tone	sapo_probe	standard	n/a	n/a	n/a	n/a	n/a
1257.928	0	628964	standard_tone	sapo_probe	standard	n/a	n/a	n/a	n/a	n/a
1258.944	0	629472	standard_tone	sapo_probe	standard	n/a	n/a	n/a	n/a	n/a
1259.958	0	629979	standard_tone	sapo_probe	standard	n/a	n/a	n/a	n/a	n/a
1260.958	0	630479	standard_tone	sapo_probe	standard	n/a	n/a	n/a	n/a	n/a
1261.974	0	630987	oddball_tone	sapo_probe	oddball	n/a	n/a	n/a	n/a	n/a
1262.990	0	631495	standard_tone	sapo_probe	standard	n/a	n/a	n/a	n/a	n/a
1264.004	0	632002	standard_tone	sapo_probe	standard	n/a	n/a	n/a	n/a	n/a
1265.004	0	632502	standard_tone	sapo_probe	standard	n/a	n/a	n/a	n/a	n/a
1266.034	0	633017	standard_tone	sapo_probe	standard	n/a	n/a	n/a	n/a	n/a
1267.034	0	633517	standard_tone	sapo_probe	standard	n/a	n/a	n/a	n/a	n/a
1268.036	0	634018	standard_tone	sapo_probe	standard	n/a	n/a	n/a	n/a	n/a
1269.052	0	634526	distractor_noise	sapo_probe	distractor	n/a	n/a	n/a	n/a	n/a
1270.066	0	635033	standard_tone	sapo_probe	standard	n/a	n/a	n/a	n/a	n/a
1271.082	0	635541	standard_tone	sapo_probe	standard	n/a	n/a	n/a	n/a	n/a
1272.098	0	636049	oddball_tone	sapo_probe	oddball	n/a	n/a	n/a	n/a	n/a
1273.116	0	636558	standard_tone	sapo_probe	standard	n/a	n/a	n/a	n/a	n/a
1274.130	0	637065	standard_tone	sapo_probe	standard	n/a	n/a	n/a	n/a	n/a
1275.148	0	637574	standard_tone	sapo_probe	standard	n/a	n/a	n/a	n/a	n/a
1276.162	0	638081	standard_tone	sapo_probe	standard	n/a	n/a	n/a	n/a	n/a
1277.178	0	638589	standard_tone	sapo_probe	standard	n/a	n/a	n/a	n/a	n/a
1278.190	0	639095	distractor_noise	sapo_probe	distractor	n/a	n/a	n/a	n/a	n/a
1279.192	0	639596	standard_tone	sapo_probe	standard	n/a	n/a	n/a	n/a	n/a
1280.208	0	640104	standard_tone	sapo_probe	standard	n/a	n/a	n/a	n/a	n/a
1281.226	0	640613	oddball_tone	sapo_probe	oddball	n/a	n/a	n/a	n/a	n/a
1282.240	0	641120	standard_tone	sapo_probe	standard	n/a	n/a	n/a	n/a	n/a
1282.290	0	641145	silence_end	sapo_probe	silence-end	n/a	n/a	n/a	n/a	n/a
1282.292	0	641146	subblock_end	sapo_probe	subblock-end-duration-132.99	n/a	n/a	n/a	132.990	n/a
1282.292	0	641146	subblock_begin	sapo_probe	subblock-begin	n/a	n/a	n/a	n/a	n/a
1282.292	0	641146	silence_begin	sapo_probe	silence-begin	n/a	n/a	n/a	n/a	n/a
1283.256	0	641628	standard_tone	sapo_probe	standard	n/a	n/a	n/a	n/a	n/a
1284.272	0	642136	standard_tone	sapo_probe	standard	n/a	n/a	n/a	n/a	n/a
1285.286	0	642643	oddball_tone	sapo_probe	oddball	n/a	n/a	n/a	n/a	n/a
1286.304	0	643152	standard_tone	sapo_probe	standard	n/a	n/a	n/a	n/a	n/a
1287.318	0	643659	standard_tone	sapo_probe	standard	n/a	n/a	n/a	n/a	n/a
1288.318	0	644159	standard_tone	sapo_probe	standard	n/a	n/a	n/a	n/a	n/a
1289.334	0	644667	standard_tone	sapo_probe	standard	n/a	n/a	n/a	n/a	n/a
1290.350	0	645175	standard_tone	sapo_probe	standard	n/a	n/a	n/a	n/a	n/a
1291.366	0	645683	standard_tone	sapo_probe	standard	n/a	n/a	n/a	n/a	n/a
1292.382	0	646191	standard_tone	sapo_probe	standard	n/a	n/a	n/a	n/a	n/a
1293.398	0	646699	standard_tone	sapo_probe	standard	n/a	n/a	n/a	n/a	n/a
1294.412	0	647206	standard_tone	sapo_probe	standard	n/a	n/a	n/a	n/a	n/a
1295.428	0	647714	standard_tone	sapo_probe	standard	n/a	n/a	n/a	n/a	n/a
1296.446	0	648223	distractor_noise	sapo_probe	distractor	n/a	n/a	n/a	n/a	n/a
1297.460	0	648730	standard_tone	sapo_probe	standard	n/a	n/a	n/a	n/a	n/a
1298.460	0	649230	standard_tone	sapo_probe	standard	n/a	n/a	n/a	n/a	n/a
1299.476	0	649738	standard_tone	sapo_probe	standard	n/a	n/a	n/a	n/a	n/a
1300.494	0	650247	standard_tone	sapo_probe	standard	n/a	n/a	n/a	n/a	n/a
1301.504	0	650752	standard_tone	sapo_probe	standard	n/a	n/a	n/a	n/a	n/a
1302.506	0	651253	standard_tone	sapo_probe	standard	n/a	n/a	n/a	n/a	n/a
1303.506	0	651753	standard_tone	sapo_probe	standard	n/a	n/a	n/a	n/a	n/a
1304.520	0	652260	standard_tone	sapo_probe	standard	n/a	n/a	n/a	n/a	n/a
1305.538	0	652769	distractor_noise	sapo_probe	distractor	n/a	n/a	n/a	n/a	n/a
1306.550	0	653275	standard_tone	sapo_probe	standard	n/a	n/a	n/a	n/a	n/a
1307.552	0	653776	standard_tone	sapo_probe	standard	n/a	n/a	n/a	n/a	n/a
1308.566	0	654283	standard_tone	sapo_probe	standard	n/a	n/a	n/a	n/a	n/a
1309.568	0	654784	standard_tone	sapo_probe	standard	n/a	n/a	n/a	n/a	n/a
1310.584	0	655292	standard_tone	sapo_probe	standard	n/a	n/a	n/a	n/a	n/a
1311.596	0	655798	standard_tone	sapo_probe	standard	n/a	n/a	n/a	n/a	n/a
1312.600	0	656300	standard_tone	sapo_probe	standard	n/a	n/a	n/a	n/a	n/a
1313.614	0	656807	standard_tone	sapo_probe	standard	n/a	n/a	n/a	n/a	n/a
1314.630	0	657315	standard_tone	sapo_probe	standard	n/a	n/a	n/a	n/a	n/a
1315.644	0	657822	standard_tone	sapo_probe	standard	n/a	n/a	n/a	n/a	n/a
1316.646	0	658323	standard_tone	sapo_probe	standard	n/a	n/a	n/a	n/a	n/a
1317.658	0	658829	standard_tone	sapo_probe	standard	n/a	n/a	n/a	n/a	n/a
1318.660	0	659330	standard_tone	sapo_probe	standard	n/a	n/a	n/a	n/a	n/a
1319.676	0	659838	standard_tone	sapo_probe	standard	n/a	n/a	n/a	n/a	n/a
1320.692	0	660346	distractor_noise	sapo_probe	distractor	n/a	n/a	n/a	n/a	n/a
1321.706	0	660853	standard_tone	sapo_probe	standard	n/a	n/a	n/a	n/a	n/a
1322.706	0	661353	distractor_noise	sapo_probe	distractor	n/a	n/a	n/a	n/a	n/a
1323.720	0	661860	oddball_tone	sapo_probe	oddball	n/a	n/a	n/a	n/a	n/a
1324.722	0	662361	standard_tone	sapo_probe	standard	n/a	n/a	n/a	n/a	n/a
1325.738	0	662869	standard_tone	sapo_probe	standard	n/a	n/a	n/a	n/a	n/a
1326.754	0	663377	standard_tone	sapo_probe	standard	n/a	n/a	n/a	n/a	n/a
1327.770	0	663885	standard_tone	sapo_probe	standard	n/a	n/a	n/a	n/a	n/a
1328.782	0	664391	standard_tone	sapo_probe	standard	n/a	n/a	n/a	n/a	n/a
1329.784	0	664892	standard_tone	sapo_probe	standard	n/a	n/a	n/a	n/a	n/a
1330.800	0	665400	standard_tone	sapo_probe	standard	n/a	n/a	n/a	n/a	n/a
1331.814	0	665907	standard_tone	sapo_probe	standard	n/a	n/a	n/a	n/a	n/a
1332.814	0	666407	standard_tone	sapo_probe	standard	n/a	n/a	n/a	n/a	n/a
1333.830	0	666915	standard_tone	sapo_probe	standard	n/a	n/a	n/a	n/a	n/a
1334.830	0	667415	standard_tone	sapo_probe	standard	n/a	n/a	n/a	n/a	n/a
1335.846	0	667923	oddball_tone	sapo_probe	oddball	n/a	n/a	n/a	n/a	n/a
1336.860	0	668430	standard_tone	sapo_probe	standard	n/a	n/a	n/a	n/a	n/a
1337.860	0	668930	standard_tone	sapo_probe	standard	n/a	n/a	n/a	n/a	n/a
1338.876	0	669438	standard_tone	sapo_probe	standard	n/a	n/a	n/a	n/a	n/a
1339.876	0	669938	standard_tone	sapo_probe	standard	n/a	n/a	n/a	n/a	n/a
1340.892	0	670446	standard_tone	sapo_probe	standard	n/a	n/a	n/a	n/a	n/a
1341.906	0	670953	standard_tone	sapo_probe	standard	n/a	n/a	n/a	n/a	n/a
1342.924	0	671462	standard_tone	sapo_probe	standard	n/a	n/a	n/a	n/a	n/a
1343.940	0	671970	standard_tone	sapo_probe	standard	n/a	n/a	n/a	n/a	n/a
1344.956	0	672478	standard_tone	sapo_probe	standard	n/a	n/a	n/a	n/a	n/a
1345.970	0	672985	distractor_noise	sapo_probe	distractor	n/a	n/a	n/a	n/a	n/a
1346.970	0	673485	standard_tone	sapo_probe	standard	n/a	n/a	n/a	n/a	n/a
1347.986	0	673993	standard_tone	sapo_probe	standard	n/a	n/a	n/a	n/a	n/a
1349.000	0	674500	standard_tone	sapo_probe	standard	n/a	n/a	n/a	n/a	n/a
1350.016	0	675008	standard_tone	sapo_probe	standard	n/a	n/a	n/a	n/a	n/a
1351.016	0	675508	standard_tone	sapo_probe	standard	n/a	n/a	n/a	n/a	n/a
1352.034	0	676017	standard_tone	sapo_probe	standard	n/a	n/a	n/a	n/a	n/a
1353.046	0	676523	standard_tone	sapo_probe	standard	n/a	n/a	n/a	n/a	n/a
1354.048	0	677024	standard_tone	sapo_probe	standard	n/a	n/a	n/a	n/a	n/a
1355.062	0	677531	standard_tone	sapo_probe	standard	n/a	n/a	n/a	n/a	n/a
1356.064	0	678032	standard_tone	sapo_probe	standard	n/a	n/a	n/a	n/a	n/a
1357.062	0	678531	distractor_noise	sapo_probe	distractor	n/a	n/a	n/a	n/a	n/a
1358.076	0	679038	standard_tone	sapo_probe	standard	n/a	n/a	n/a	n/a	n/a
1359.092	0	679546	standard_tone	sapo_probe	standard	n/a	n/a	n/a	n/a	n/a
1360.106	0	680053	standard_tone	sapo_probe	standard	n/a	n/a	n/a	n/a	n/a
1361.108	0	680554	oddball_tone	sapo_probe	oddball	n/a	n/a	n/a	n/a	n/a
1362.124	0	681062	standard_tone	sapo_probe	standard	n/a	n/a	n/a	n/a	n/a
1363.138	0	681569	distractor_noise	sapo_probe	distractor	n/a	n/a	n/a	n/a	n/a
1364.140	0	682070	standard_tone	sapo_probe	standard	n/a	n/a	n/a	n/a	n/a
1365.154	0	682577	oddball_tone	sapo_probe	oddball	n/a	n/a	n/a	n/a	n/a
1366.170	0	683085	standard_tone	sapo_probe	standard	n/a	n/a	n/a	n/a	n/a
1367.186	0	683593	standard_tone	sapo_probe	standard	n/a	n/a	n/a	n/a	n/a
1368.200	0	684100	standard_tone	sapo_probe	standard	n/a	n/a	n/a	n/a	n/a
1369.202	0	684601	standard_tone	sapo_probe	standard	n/a	n/a	n/a	n/a	n/a
1370.216	0	685108	standard_tone	sapo_probe	standard	n/a	n/a	n/a	n/a	n/a
1371.232	0	685616	standard_tone	sapo_probe	standard	n/a	n/a	n/a	n/a	n/a
1372.232	0	686116	standard_tone	sapo_probe	standard	n/a	n/a	n/a	n/a	n/a
1373.248	0	686624	standard_tone	sapo_probe	standard	n/a	n/a	n/a	n/a	n/a
1374.264	0	687132	standard_tone	sapo_probe	standard	n/a	n/a	n/a	n/a	n/a
1375.280	0	687640	standard_tone	sapo_probe	standard	n/a	n/a	n/a	n/a	n/a
1376.294	0	688147	standard_tone	sapo_probe	standard	n/a	n/a	n/a	n/a	n/a
1377.312	0	688656	standard_tone	sapo_probe	standard	n/a	n/a	n/a	n/a	n/a
1378.328	0	689164	standard_tone	sapo_probe	standard	n/a	n/a	n/a	n/a	n/a
1379.342	0	689671	standard_tone	sapo_probe	standard	n/a	n/a	n/a	n/a	n/a
1380.360	0	690180	oddball_tone	sapo_probe	oddball	n/a	n/a	n/a	n/a	n/a
1381.374	0	690687	standard_tone	sapo_probe	standard	n/a	n/a	n/a	n/a	n/a
1382.376	0	691188	distractor_noise	sapo_probe	distractor	n/a	n/a	n/a	n/a	n/a
1383.388	0	691694	standard_tone	sapo_probe	standard	n/a	n/a	n/a	n/a	n/a
1384.390	0	692195	standard_tone	sapo_probe	standard	n/a	n/a	n/a	n/a	n/a
1385.404	0	692702	standard_tone	sapo_probe	standard	n/a	n/a	n/a	n/a	n/a
1386.420	0	693210	distractor_noise	sapo_probe	distractor	n/a	n/a	n/a	n/a	n/a
1387.420	0	693710	standard_tone	sapo_probe	standard	n/a	n/a	n/a	n/a	n/a
1388.434	0	694217	standard_tone	sapo_probe	standard	n/a	n/a	n/a	n/a	n/a
1389.452	0	694726	standard_tone	sapo_probe	standard	n/a	n/a	n/a	n/a	n/a
1390.466	0	695233	standard_tone	sapo_probe	standard	n/a	n/a	n/a	n/a	n/a
1391.466	0	695733	standard_tone	sapo_probe	standard	n/a	n/a	n/a	n/a	n/a
1392.482	0	696241	standard_tone	sapo_probe	standard	n/a	n/a	n/a	n/a	n/a
1393.496	0	696748	standard_tone	sapo_probe	standard	n/a	n/a	n/a	n/a	n/a
1394.248	0	697124	silence_end	sapo_probe	silence-end	n/a	n/a	n/a	n/a	n/a
1394.248	0	697124	gong_begin	sapo_probe	gong-begin	n/a	n/a	n/a	n/a	n/a
1404.456	0	702228	gong_end	sapo_probe	gong-end	n/a	n/a	n/a	n/a	n/a
1404.456	0	702228	subblock_end	sapo_probe	subblock-end-duration-122.164	n/a	n/a	n/a	122.164	n/a
1404.458	0	702229	subblock_begin	sapo_probe	subblock-begin	n/a	n/a	n/a	n/a	n/a
1404.458	0	702229	silence_begin	sapo_probe	silence-begin	n/a	n/a	n/a	n/a	n/a
1404.472	0	702236	oddball_tone	sapo_probe	oddball	n/a	n/a	n/a	n/a	n/a
1405.488	0	702744	standard_tone	sapo_probe	standard	n/a	n/a	n/a	n/a	n/a
1406.504	0	703252	standard_tone	sapo_probe	standard	n/a	n/a	n/a	n/a	n/a
1407.520	0	703760	standard_tone	sapo_probe	standard	n/a	n/a	n/a	n/a	n/a
1408.536	0	704268	standard_tone	sapo_probe	standard	n/a	n/a	n/a	n/a	n/a
1409.552	0	704776	oddball_tone	sapo_probe	oddball	n/a	n/a	n/a	n/a	n/a
1410.566	0	705283	standard_tone	sapo_probe	standard	n/a	n/a	n/a	n/a	n/a
1411.566	0	705783	distractor_noise	sapo_probe	distractor	n/a	n/a	n/a	n/a	n/a
1412.582	0	706291	standard_tone	sapo_probe	standard	n/a	n/a	n/a	n/a	n/a
1413.582	0	706791	standard_tone	sapo_probe	standard	n/a	n/a	n/a	n/a	n/a
1414.596	0	707298	standard_tone	sapo_probe	standard	n/a	n/a	n/a	n/a	n/a
1415.614	0	707807	oddball_tone	sapo_probe	oddball	n/a	n/a	n/a	n/a	n/a
1416.628	0	708314	distractor_noise	sapo_probe	distractor	n/a	n/a	n/a	n/a	n/a
1417.628	0	708814	oddball_tone	sapo_probe	oddball	n/a	n/a	n/a	n/a	n/a
1418.644	0	709322	standard_tone	sapo_probe	standard	n/a	n/a	n/a	n/a	n/a
1419.660	0	709830	oddball_tone	sapo_probe	oddball	n/a	n/a	n/a	n/a	n/a
1420.676	0	710338	standard_tone	sapo_probe	standard	n/a	n/a	n/a	n/a	n/a
1421.692	0	710846	standard_tone	sapo_probe	standard	n/a	n/a	n/a	n/a	n/a
1422.708	0	711354	standard_tone	sapo_probe	standard	n/a	n/a	n/a	n/a	n/a
1423.722	0	711861	standard_tone	sapo_probe	standard	n/a	n/a	n/a	n/a	n/a
1424.740	0	712370	standard_tone	sapo_probe	standard	n/a	n/a	n/a	n/a	n/a
1425.754	0	712877	standard_tone	sapo_probe	standard	n/a	n/a	n/a	n/a	n/a
1426.770	0	713385	standard_tone	sapo_probe	standard	n/a	n/a	n/a	n/a	n/a
1427.770	0	713885	oddball_tone	sapo_probe	oddball	n/a	n/a	n/a	n/a	n/a
1428.786	0	714393	standard_tone	sapo_probe	standard	n/a	n/a	n/a	n/a	n/a
1429.802	0	714901	oddball_tone	sapo_probe	oddball	n/a	n/a	n/a	n/a	n/a
1430.816	0	715408	distractor_noise	sapo_probe	distractor	n/a	n/a	n/a	n/a	n/a
1431.832	0	715916	standard_tone	sapo_probe	standard	n/a	n/a	n/a	n/a	n/a
1432.848	0	716424	distractor_noise	sapo_probe	distractor	n/a	n/a	n/a	n/a	n/a
1433.864	0	716932	standard_tone	sapo_probe	standard	n/a	n/a	n/a	n/a	n/a
1434.882	0	717441	standard_tone	sapo_probe	standard	n/a	n/a	n/a	n/a	n/a
1435.896	0	717948	standard_tone	sapo_probe	standard	n/a	n/a	n/a	n/a	n/a
1436.912	0	718456	standard_tone	sapo_probe	standard	n/a	n/a	n/a	n/a	n/a
1437.924	0	718962	standard_tone	sapo_probe	standard	n/a	n/a	n/a	n/a	n/a
1438.926	0	719463	standard_tone	sapo_probe	standard	n/a	n/a	n/a	n/a	n/a
1439.794	0	719897	prompt_window_begin	sapo_probe	probe-sapo-probe-begin	n/a	n/a	n/a	n/a	n/a
1447.292	0	723646	clicker_press	sapo_probe	response-received-arrow_up	n/a	n/a	n/a	n/a	arrow_up
1447.622	0	723811	clicker_press	sapo_probe	response-received-arrow_up	n/a	n/a	n/a	n/a	arrow_up
1447.954	0	723977	clicker_press	sapo_probe	response-received-arrow_up	n/a	n/a	n/a	n/a	arrow_up
1448.886	0	724443	depth_rating	sapo_probe	rating-sapo-probe-meditation_depth-3	3	n/a	n/a	n/a	n/a
1455.264	0	727632	clicker_press	sapo_probe	response-received-arrow_up	n/a	n/a	n/a	n/a	arrow_up
1455.630	0	727815	clicker_press	sapo_probe	response-received-arrow_up	n/a	n/a	n/a	n/a	arrow_up
1456.046	0	728023	clicker_press	sapo_probe	response-received-arrow_up	n/a	n/a	n/a	n/a	arrow_up
1456.596	0	728298	clicker_press	sapo_probe	response-received-arrow_up	n/a	n/a	n/a	n/a	arrow_up
1459.024	0	729512	confidence_rating	sapo_probe	rating-sapo-probe-confidence_depth-4	n/a	4	n/a	n/a	n/a
1462.492	0	731246	prompt_window_end	sapo_probe	probe-sapo-probe-end	n/a	n/a	n/a	n/a	n/a
1462.492	0	731246	standard_tone	sapo_probe	standard	n/a	n/a	n/a	n/a	n/a
1463.506	0	731753	oddball_tone	sapo_probe	oddball	n/a	n/a	n/a	n/a	n/a
1464.524	0	732262	standard_tone	sapo_probe	standard	n/a	n/a	n/a	n/a	n/a
1465.538	0	732769	standard_tone	sapo_probe	standard	n/a	n/a	n/a	n/a	n/a
1466.554	0	733277	standard_tone	sapo_probe	standard	n/a	n/a	n/a	n/a	n/a
1467.570	0	733785	standard_tone	sapo_probe	standard	n/a	n/a	n/a	n/a	n/a
1468.568	0	734284	distractor_noise	sapo_probe	distractor	n/a	n/a	n/a	n/a	n/a
1469.584	0	734792	oddball_tone	sapo_probe	oddball	n/a	n/a	n/a	n/a	n/a
1470.600	0	735300	standard_tone	sapo_probe	standard	n/a	n/a	n/a	n/a	n/a
1471.616	0	735808	standard_tone	sapo_probe	standard	n/a	n/a	n/a	n/a	n/a
1472.634	0	736317	oddball_tone	sapo_probe	oddball	n/a	n/a	n/a	n/a	n/a
1473.648	0	736824	distractor_noise	sapo_probe	distractor	n/a	n/a	n/a	n/a	n/a
1474.648	0	737324	oddball_tone	sapo_probe	oddball	n/a	n/a	n/a	n/a	n/a
1475.662	0	737831	standard_tone	sapo_probe	standard	n/a	n/a	n/a	n/a	n/a
1476.664	0	738332	standard_tone	sapo_probe	standard	n/a	n/a	n/a	n/a	n/a
1477.678	0	738839	standard_tone	sapo_probe	standard	n/a	n/a	n/a	n/a	n/a
1478.694	0	739347	standard_tone	sapo_probe	standard	n/a	n/a	n/a	n/a	n/a
1479.710	0	739855	standard_tone	sapo_probe	standard	n/a	n/a	n/a	n/a	n/a
1480.726	0	740363	oddball_tone	sapo_probe	oddball	n/a	n/a	n/a	n/a	n/a
1481.742	0	740871	standard_tone	sapo_probe	standard	n/a	n/a	n/a	n/a	n/a
1482.758	0	741379	standard_tone	sapo_probe	standard	n/a	n/a	n/a	n/a	n/a
1483.774	0	741887	standard_tone	sapo_probe	standard	n/a	n/a	n/a	n/a	n/a
1484.790	0	742395	distractor_noise	sapo_probe	distractor	n/a	n/a	n/a	n/a	n/a
1485.804	0	742902	standard_tone	sapo_probe	standard	n/a	n/a	n/a	n/a	n/a
1486.822	0	743411	standard_tone	sapo_probe	standard	n/a	n/a	n/a	n/a	n/a
1487.838	0	743919	standard_tone	sapo_probe	standard	n/a	n/a	n/a	n/a	n/a
1488.854	0	744427	standard_tone	sapo_probe	standard	n/a	n/a	n/a	n/a	n/a
1489.868	0	744934	standard_tone	sapo_probe	standard	n/a	n/a	n/a	n/a	n/a
1490.884	0	745442	distractor_noise	sapo_probe	distractor	n/a	n/a	n/a	n/a	n/a
1491.900	0	745950	standard_tone	sapo_probe	standard	n/a	n/a	n/a	n/a	n/a
1492.916	0	746458	standard_tone	sapo_probe	standard	n/a	n/a	n/a	n/a	n/a
1493.932	0	746966	standard_tone	sapo_probe	standard	n/a	n/a	n/a	n/a	n/a
1494.948	0	747474	standard_tone	sapo_probe	standard	n/a	n/a	n/a	n/a	n/a
1495.962	0	747981	standard_tone	sapo_probe	standard	n/a	n/a	n/a	n/a	n/a
1496.964	0	748482	standard_tone	sapo_probe	standard	n/a	n/a	n/a	n/a	n/a
1497.978	0	748989	standard_tone	sapo_probe	standard	n/a	n/a	n/a	n/a	n/a
1498.994	0	749497	standard_tone	sapo_probe	standard	n/a	n/a	n/a	n/a	n/a
1500.010	0	750005	standard_tone	sapo_probe	standard	n/a	n/a	n/a	n/a	n/a
1501.026	0	750513	standard_tone	sapo_probe	standard	n/a	n/a	n/a	n/a	n/a
1502.026	0	751013	standard_tone	sapo_probe	standard	n/a	n/a	n/a	n/a	n/a
1503.042	0	751521	standard_tone	sapo_probe	standard	n/a	n/a	n/a	n/a	n/a
1504.056	0	752028	distractor_noise	sapo_probe	distractor	n/a	n/a	n/a	n/a	n/a
1505.072	0	752536	standard_tone	sapo_probe	standard	n/a	n/a	n/a	n/a	n/a
1506.088	0	753044	standard_tone	sapo_probe	standard	n/a	n/a	n/a	n/a	n/a
1507.102	0	753551	distractor_noise	sapo_probe	distractor	n/a	n/a	n/a	n/a	n/a
1508.104	0	754052	standard_tone	sapo_probe	standard	n/a	n/a	n/a	n/a	n/a
1509.104	0	754552	standard_tone	sapo_probe	standard	n/a	n/a	n/a	n/a	n/a
1510.118	0	755059	standard_tone	sapo_probe	standard	n/a	n/a	n/a	n/a	n/a
1511.134	0	755567	standard_tone	sapo_probe	standard	n/a	n/a	n/a	n/a	n/a
1512.148	0	756074	standard_tone	sapo_probe	standard	n/a	n/a	n/a	n/a	n/a
1513.166	0	756583	standard_tone	sapo_probe	standard	n/a	n/a	n/a	n/a	n/a
1514.182	0	757091	standard_tone	sapo_probe	standard	n/a	n/a	n/a	n/a	n/a
1515.196	0	757598	standard_tone	sapo_probe	standard	n/a	n/a	n/a	n/a	n/a
1516.214	0	758107	standard_tone	sapo_probe	standard	n/a	n/a	n/a	n/a	n/a
1517.226	0	758613	standard_tone	sapo_probe	standard	n/a	n/a	n/a	n/a	n/a
1518.230	0	759115	standard_tone	sapo_probe	standard	n/a	n/a	n/a	n/a	n/a
1519.244	0	759622	standard_tone	sapo_probe	standard	n/a	n/a	n/a	n/a	n/a
1520.260	0	760130	standard_tone	sapo_probe	standard	n/a	n/a	n/a	n/a	n/a
1521.276	0	760638	standard_tone	sapo_probe	standard	n/a	n/a	n/a	n/a	n/a
1522.292	0	761146	standard_tone	sapo_probe	standard	n/a	n/a	n/a	n/a	n/a
1523.308	0	761654	standard_tone	sapo_probe	standard	n/a	n/a	n/a	n/a	n/a
1524.324	0	762162	standard_tone	sapo_probe	standard	n/a	n/a	n/a	n/a	n/a
1525.338	0	762669	standard_tone	sapo_probe	standard	n/a	n/a	n/a	n/a	n/a
1526.356	0	763178	oddball_tone	sapo_probe	oddball	n/a	n/a	n/a	n/a	n/a
1527.372	0	763686	standard_tone	sapo_probe	standard	n/a	n/a	n/a	n/a	n/a
1528.386	0	764193	standard_tone	sapo_probe	standard	n/a	n/a	n/a	n/a	n/a
1529.402	0	764701	oddball_tone	sapo_probe	oddball	n/a	n/a	n/a	n/a	n/a
1530.402	0	765201	standard_tone	sapo_probe	standard	n/a	n/a	n/a	n/a	n/a
1531.418	0	765709	standard_tone	sapo_probe	standard	n/a	n/a	n/a	n/a	n/a
1532.432	0	766216	standard_tone	sapo_probe	standard	n/a	n/a	n/a	n/a	n/a
1533.448	0	766724	standard_tone	sapo_probe	standard	n/a	n/a	n/a	n/a	n/a
1534.464	0	767232	oddball_tone	sapo_probe	oddball	n/a	n/a	n/a	n/a	n/a
1535.464	0	767732	standard_tone	sapo_probe	standard	n/a	n/a	n/a	n/a	n/a
1536.478	0	768239	standard_tone	sapo_probe	standard	n/a	n/a	n/a	n/a	n/a
1537.478	0	768739	standard_tone	sapo_probe	standard	n/a	n/a	n/a	n/a	n/a
1538.162	0	769081	silence_end	sapo_probe	silence-end	n/a	n/a	n/a	n/a	n/a
1538.162	0	769081	subblock_end	sapo_probe	subblock-end-duration-133.705	n/a	n/a	n/a	133.705	n/a
1538.162	0	769081	subblock_begin	sapo_probe	subblock-begin	n/a	n/a	n/a	n/a	n/a
1538.164	0	769082	silence_begin	sapo_probe	silence-begin	n/a	n/a	n/a	n/a	n/a
1538.478	0	769239	standard_tone	sapo_probe	standard	n/a	n/a	n/a	n/a	n/a
1539.494	0	769747	standard_tone	sapo_probe	standard	n/a	n/a	n/a	n/a	n/a
1540.510	0	770255	distractor_noise	sapo_probe	distractor	n/a	n/a	n/a	n/a	n/a
1541.526	0	770763	standard_tone	sapo_probe	standard	n/a	n/a	n/a	n/a	n/a
1542.540	0	771270	standard_tone	sapo_probe	standard	n/a	n/a	n/a	n/a	n/a
1543.556	0	771778	standard_tone	sapo_probe	standard	n/a	n/a	n/a	n/a	n/a
1544.570	0	772285	standard_tone	sapo_probe	standard	n/a	n/a	n/a	n/a	n/a
1545.586	0	772793	standard_tone	sapo_probe	standard	n/a	n/a	n/a	n/a	n/a
1546.588	0	773294	standard_tone	sapo_probe	standard	n/a	n/a	n/a	n/a	n/a
1547.602	0	773801	distractor_noise	sapo_probe	distractor	n/a	n/a	n/a	n/a	n/a
1548.604	0	774302	standard_tone	sapo_probe	standard	n/a	n/a	n/a	n/a	n/a
1549.618	0	774809	standard_tone	sapo_probe	standard	n/a	n/a	n/a	n/a	n/a
1550.618	0	775309	standard_tone	sapo_probe	standard	n/a	n/a	n/a	n/a	n/a
1551.634	0	775817	standard_tone	sapo_probe	standard	n/a	n/a	n/a	n/a	n/a
1552.650	0	776325	distractor_noise	sapo_probe	distractor	n/a	n/a	n/a	n/a	n/a
1553.666	0	776833	standard_tone	sapo_probe	standard	n/a	n/a	n/a	n/a	n/a
1554.680	0	777340	standard_tone	sapo_probe	standard	n/a	n/a	n/a	n/a	n/a
1555.694	0	777847	distractor_noise	sapo_probe	distractor	n/a	n/a	n/a	n/a	n/a
1556.696	0	778348	standard_tone	sapo_probe	standard	n/a	n/a	n/a	n/a	n/a
1557.696	0	778848	standard_tone	sapo_probe	standard	n/a	n/a	n/a	n/a	n/a
1558.712	0	779356	standard_tone	sapo_probe	standard	n/a	n/a	n/a	n/a	n/a
1559.728	0	779864	standard_tone	sapo_probe	standard	n/a	n/a	n/a	n/a	n/a
1560.744	0	780372	distractor_noise	sapo_probe	distractor	n/a	n/a	n/a	n/a	n/a
1561.758	0	780879	standard_tone	sapo_probe	standard	n/a	n/a	n/a	n/a	n/a
1562.772	0	781386	standard_tone	sapo_probe	standard	n/a	n/a	n/a	n/a	n/a
1563.774	0	781887	standard_tone	sapo_probe	standard	n/a	n/a	n/a	n/a	n/a
1564.790	0	782395	standard_tone	sapo_probe	standard	n/a	n/a	n/a	n/a	n/a
1565.806	0	782903	standard_tone	sapo_probe	standard	n/a	n/a	n/a	n/a	n/a
1566.822	0	783411	standard_tone	sapo_probe	standard	n/a	n/a	n/a	n/a	n/a
1567.836	0	783918	standard_tone	sapo_probe	standard	n/a	n/a	n/a	n/a	n/a
1568.854	0	784427	standard_tone	sapo_probe	standard	n/a	n/a	n/a	n/a	n/a
1569.868	0	784934	standard_tone	sapo_probe	standard	n/a	n/a	n/a	n/a	n/a
1570.868	0	785434	standard_tone	sapo_probe	standard	n/a	n/a	n/a	n/a	n/a
1571.884	0	785942	distractor_noise	sapo_probe	distractor	n/a	n/a	n/a	n/a	n/a
1572.900	0	786450	standard_tone	sapo_probe	standard	n/a	n/a	n/a	n/a	n/a
1573.914	0	786957	standard_tone	sapo_probe	standard	n/a	n/a	n/a	n/a	n/a
1574.914	0	787457	oddball_tone	sapo_probe	oddball	n/a	n/a	n/a	n/a	n/a
1575.930	0	787965	standard_tone	sapo_probe	standard	n/a	n/a	n/a	n/a	n/a
1576.946	0	788473	standard_tone	sapo_probe	standard	n/a	n/a	n/a	n/a	n/a
1577.962	0	788981	standard_tone	sapo_probe	standard	n/a	n/a	n/a	n/a	n/a
1578.978	0	789489	standard_tone	sapo_probe	standard	n/a	n/a	n/a	n/a	n/a
1579.992	0	789996	oddball_tone	sapo_probe	oddball	n/a	n/a	n/a	n/a	n/a
1580.992	0	790496	standard_tone	sapo_probe	standard	n/a	n/a	n/a	n/a	n/a
1582.008	0	791004	distractor_noise	sapo_probe	distractor	n/a	n/a	n/a	n/a	n/a
1583.024	0	791512	standard_tone	sapo_probe	standard	n/a	n/a	n/a	n/a	n/a
1584.024	0	792012	standard_tone	sapo_probe	standard	n/a	n/a	n/a	n/a	n/a
1585.040	0	792520	oddball_tone	sapo_probe	oddball	n/a	n/a	n/a	n/a	n/a
1586.056	0	793028	standard_tone	sapo_probe	standard	n/a	n/a	n/a	n/a	n/a
1587.072	0	793536	standard_tone	sapo_probe	standard	n/a	n/a	n/a	n/a	n/a
1588.086	0	794043	standard_tone	sapo_probe	standard	n/a	n/a	n/a	n/a	n/a
1589.104	0	794552	standard_tone	sapo_probe	standard	n/a	n/a	n/a	n/a	n/a
1590.120	0	795060	standard_tone	sapo_probe	standard	n/a	n/a	n/a	n/a	n/a
1591.134	0	795567	standard_tone	sapo_probe	standard	n/a	n/a	n/a	n/a	n/a
1592.150	0	796075	standard_tone	sapo_probe	standard	n/a	n/a	n/a	n/a	n/a
1593.166	0	796583	oddball_tone	sapo_probe	oddball	n/a	n/a	n/a	n/a	n/a
1594.182	0	797091	standard_tone	sapo_probe	standard	n/a	n/a	n/a	n/a	n/a
1595.198	0	797599	standard_tone	sapo_probe	standard	n/a	n/a	n/a	n/a	n/a
1596.198	0	798099	standard_tone	sapo_probe	standard	n/a	n/a	n/a	n/a	n/a
1597.212	0	798606	standard_tone	sapo_probe	standard	n/a	n/a	n/a	n/a	n/a
1598.212	0	799106	standard_tone	sapo_probe	standard	n/a	n/a	n/a	n/a	n/a
1599.212	0	799606	standard_tone	sapo_probe	standard	n/a	n/a	n/a	n/a	n/a
1600.226	0	800113	standard_tone	sapo_probe	standard	n/a	n/a	n/a	n/a	n/a
1601.244	0	800622	oddball_tone	sapo_probe	oddball	n/a	n/a	n/a	n/a	n/a
1602.258	0	801129	standard_tone	sapo_probe	standard	n/a	n/a	n/a	n/a	n/a
1603.258	0	801629	standard_tone	sapo_probe	standard	n/a	n/a	n/a	n/a	n/a
1604.274	0	802137	distractor_noise	sapo_probe	distractor	n/a	n/a	n/a	n/a	n/a
1605.290	0	802645	standard_tone	sapo_probe	standard	n/a	n/a	n/a	n/a	n/a
1606.306	0	803153	distractor_noise	sapo_probe	distractor	n/a	n/a	n/a	n/a	n/a
1607.320	0	803660	standard_tone	sapo_probe	standard	n/a	n/a	n/a	n/a	n/a
1608.320	0	804160	oddball_tone	sapo_probe	oddball	n/a	n/a	n/a	n/a	n/a
1609.336	0	804668	distractor_noise	sapo_probe	distractor	n/a	n/a	n/a	n/a	n/a
1610.352	0	805176	oddball_tone	sapo_probe	oddball	n/a	n/a	n/a	n/a	n/a
1611.368	0	805684	standard_tone	sapo_probe	standard	n/a	n/a	n/a	n/a	n/a
1612.384	0	806192	standard_tone	sapo_probe	standard	n/a	n/a	n/a	n/a	n/a
1613.400	0	806700	standard_tone	sapo_probe	standard	n/a	n/a	n/a	n/a	n/a
1614.398	0	807199	standard_tone	sapo_probe	standard	n/a	n/a	n/a	n/a	n/a
1615.398	0	807699	standard_tone	sapo_probe	standard	n/a	n/a	n/a	n/a	n/a
1616.412	0	808206	distractor_noise	sapo_probe	distractor	n/a	n/a	n/a	n/a	n/a
1617.412	0	808706	standard_tone	sapo_probe	standard	n/a	n/a	n/a	n/a	n/a
1618.428	0	809214	standard_tone	sapo_probe	standard	n/a	n/a	n/a	n/a	n/a
1619.444	0	809722	distractor_noise	sapo_probe	distractor	n/a	n/a	n/a	n/a	n/a
1620.460	0	810230	standard_tone	sapo_probe	standard	n/a	n/a	n/a	n/a	n/a
1621.476	0	810738	standard_tone	sapo_probe	standard	n/a	n/a	n/a	n/a	n/a
1622.492	0	811246	standard_tone	sapo_probe	standard	n/a	n/a	n/a	n/a	n/a
1623.506	0	811753	standard_tone	sapo_probe	standard	n/a	n/a	n/a	n/a	n/a
1624.508	0	812254	standard_tone	sapo_probe	standard	n/a	n/a	n/a	n/a	n/a
1625.522	0	812761	standard_tone	sapo_probe	standard	n/a	n/a	n/a	n/a	n/a
1626.538	0	813269	standard_tone	sapo_probe	standard	n/a	n/a	n/a	n/a	n/a
1627.552	0	813776	standard_tone	sapo_probe	standard	n/a	n/a	n/a	n/a	n/a
1628.552	0	814276	standard_tone	sapo_probe	standard	n/a	n/a	n/a	n/a	n/a
1629.570	0	814785	distractor_noise	sapo_probe	distractor	n/a	n/a	n/a	n/a	n/a
1630.586	0	815293	standard_tone	sapo_probe	standard	n/a	n/a	n/a	n/a	n/a
1631.602	0	815801	standard_tone	sapo_probe	standard	n/a	n/a	n/a	n/a	n/a
1632.616	0	816308	standard_tone	sapo_probe	standard	n/a	n/a	n/a	n/a	n/a
1633.634	0	816817	standard_tone	sapo_probe	standard	n/a	n/a	n/a	n/a	n/a
1634.648	0	817324	standard_tone	sapo_probe	standard	n/a	n/a	n/a	n/a	n/a
1635.664	0	817832	standard_tone	sapo_probe	standard	n/a	n/a	n/a	n/a	n/a
1636.680	0	818340	distractor_noise	sapo_probe	distractor	n/a	n/a	n/a	n/a	n/a
1637.698	0	818849	standard_tone	sapo_probe	standard	n/a	n/a	n/a	n/a	n/a
1638.712	0	819356	standard_tone	sapo_probe	standard	n/a	n/a	n/a	n/a	n/a
1639.726	0	819863	standard_tone	sapo_probe	standard	n/a	n/a	n/a	n/a	n/a
1640.728	0	820364	oddball_tone	sapo_probe	oddball	n/a	n/a	n/a	n/a	n/a
1641.026	0	820513	silence_end	sapo_probe	silence-end	n/a	n/a	n/a	n/a	n/a
1641.028	0	820514	subblock_end	sapo_probe	subblock-end-duration-102.864	n/a	n/a	n/a	102.864	n/a
1641.028	0	820514	subblock_begin	sapo_probe	subblock-begin	n/a	n/a	n/a	n/a	n/a
1641.028	0	820514	silence_begin	sapo_probe	silence-begin	n/a	n/a	n/a	n/a	n/a
1641.742	0	820871	distractor_noise	sapo_probe	distractor	n/a	n/a	n/a	n/a	n/a
1642.758	0	821379	standard_tone	sapo_probe	standard	n/a	n/a	n/a	n/a	n/a
1643.776	0	821888	standard_tone	sapo_probe	standard	n/a	n/a	n/a	n/a	n/a
1644.522	0	822261	prompt_window_begin	sapo_probe	probe-sapo-probe-begin	n/a	n/a	n/a	n/a	n/a
1650.900	0	825450	clicker_press	sapo_probe	response-received-arrow_up	n/a	n/a	n/a	n/a	arrow_up
1651.468	0	825734	clicker_press	sapo_probe	response-received-arrow_up	n/a	n/a	n/a	n/a	arrow_up
1653.650	0	826825	depth_rating	sapo_probe	rating-sapo-probe-meditation_depth-2	2	n/a	n/a	n/a	n/a
1658.630	0	829315	clicker_press	sapo_probe	response-received-arrow_up	n/a	n/a	n/a	n/a	arrow_up
1659.180	0	829590	clicker_press	sapo_probe	response-received-arrow_up	n/a	n/a	n/a	n/a	arrow_up
1659.694	0	829847	clicker_press	sapo_probe	response-received-arrow_up	n/a	n/a	n/a	n/a	arrow_up
1660.296	0	830148	clicker_press	sapo_probe	response-received-arrow_up	n/a	n/a	n/a	n/a	arrow_up
1663.692	0	831846	confidence_rating	sapo_probe	rating-sapo-probe-confidence_depth-4	n/a	4	n/a	n/a	n/a
1667.138	0	833569	prompt_window_end	sapo_probe	probe-sapo-probe-end	n/a	n/a	n/a	n/a	n/a
1667.140	0	833570	standard_tone	sapo_probe	standard	n/a	n/a	n/a	n/a	n/a
1668.154	0	834077	standard_tone	sapo_probe	standard	n/a	n/a	n/a	n/a	n/a
1669.170	0	834585	standard_tone	sapo_probe	standard	n/a	n/a	n/a	n/a	n/a
1670.186	0	835093	distractor_noise	sapo_probe	distractor	n/a	n/a	n/a	n/a	n/a
1671.200	0	835600	standard_tone	sapo_probe	standard	n/a	n/a	n/a	n/a	n/a
1672.216	0	836108	standard_tone	sapo_probe	standard	n/a	n/a	n/a	n/a	n/a
1673.234	0	836617	standard_tone	sapo_probe	standard	n/a	n/a	n/a	n/a	n/a
1674.250	0	837125	standard_tone	sapo_probe	standard	n/a	n/a	n/a	n/a	n/a
1675.264	0	837632	standard_tone	sapo_probe	standard	n/a	n/a	n/a	n/a	n/a
1676.280	0	838140	standard_tone	sapo_probe	standard	n/a	n/a	n/a	n/a	n/a
1677.280	0	838640	oddball_tone	sapo_probe	oddball	n/a	n/a	n/a	n/a	n/a
1678.296	0	839148	standard_tone	sapo_probe	standard	n/a	n/a	n/a	n/a	n/a
1679.310	0	839655	standard_tone	sapo_probe	standard	n/a	n/a	n/a	n/a	n/a
1680.326	0	840163	standard_tone	sapo_probe	standard	n/a	n/a	n/a	n/a	n/a
1681.326	0	840663	standard_tone	sapo_probe	standard	n/a	n/a	n/a	n/a	n/a
1682.342	0	841171	distractor_noise	sapo_probe	distractor	n/a	n/a	n/a	n/a	n/a
1683.358	0	841679	standard_tone	sapo_probe	standard	n/a	n/a	n/a	n/a	n/a
1684.374	0	842187	oddball_tone	sapo_probe	oddball	n/a	n/a	n/a	n/a	n/a
1685.374	0	842687	standard_tone	sapo_probe	standard	n/a	n/a	n/a	n/a	n/a
1686.390	0	843195	standard_tone	sapo_probe	standard	n/a	n/a	n/a	n/a	n/a
1687.404	0	843702	oddball_tone	sapo_probe	oddball	n/a	n/a	n/a	n/a	n/a
1688.420	0	844210	standard_tone	sapo_probe	standard	n/a	n/a	n/a	n/a	n/a
1689.436	0	844718	standard_tone	sapo_probe	standard	n/a	n/a	n/a	n/a	n/a
1690.450	0	845225	standard_tone	sapo_probe	standard	n/a	n/a	n/a	n/a	n/a
1691.452	0	845726	oddball_tone	sapo_probe	oddball	n/a	n/a	n/a	n/a	n/a
1692.468	0	846234	standard_tone	sapo_probe	standard	n/a	n/a	n/a	n/a	n/a
1693.482	0	846741	standard_tone	sapo_probe	standard	n/a	n/a	n/a	n/a	n/a
1694.482	0	847241	standard_tone	sapo_probe	standard	n/a	n/a	n/a	n/a	n/a
1695.500	0	847750	standard_tone	sapo_probe	standard	n/a	n/a	n/a	n/a	n/a
1696.514	0	848257	distractor_noise	sapo_probe	distractor	n/a	n/a	n/a	n/a	n/a
1697.530	0	848765	standard_tone	sapo_probe	standard	n/a	n/a	n/a	n/a	n/a
1698.544	0	849272	standard_tone	sapo_probe	standard	n/a	n/a	n/a	n/a	n/a
1699.546	0	849773	standard_tone	sapo_probe	standard	n/a	n/a	n/a	n/a	n/a
1700.562	0	850281	oddball_tone	sapo_probe	oddball	n/a	n/a	n/a	n/a	n/a
1701.578	0	850789	standard_tone	sapo_probe	standard	n/a	n/a	n/a	n/a	n/a
1702.592	0	851296	standard_tone	sapo_probe	standard	n/a	n/a	n/a	n/a	n/a
1703.608	0	851804	standard_tone	sapo_probe	standard	n/a	n/a	n/a	n/a	n/a
1704.624	0	852312	standard_tone	sapo_probe	standard	n/a	n/a	n/a	n/a	n/a
1705.624	0	852812	standard_tone	sapo_probe	standard	n/a	n/a	n/a	n/a	n/a
1706.638	0	853319	standard_tone	sapo_probe	standard	n/a	n/a	n/a	n/a	n/a
1707.654	0	853827	standard_tone	sapo_probe	standard	n/a	n/a	n/a	n/a	n/a
1708.670	0	854335	standard_tone	sapo_probe	standard	n/a	n/a	n/a	n/a	n/a
1709.686	0	854843	standard_tone	sapo_probe	standard	n/a	n/a	n/a	n/a	n/a
1710.702	0	855351	standard_tone	sapo_probe	standard	n/a	n/a	n/a	n/a	n/a
1711.718	0	855859	distractor_noise	sapo_probe	distractor	n/a	n/a	n/a	n/a	n/a
1712.734	0	856367	oddball_tone	sapo_probe	oddball	n/a	n/a	n/a	n/a	n/a
1713.750	0	856875	standard_tone	sapo_probe	standard	n/a	n/a	n/a	n/a	n/a
1714.766	0	857383	standard_tone	sapo_probe	standard	n/a	n/a	n/a	n/a	n/a
1715.782	0	857891	standard_tone	sapo_probe	standard	n/a	n/a	n/a	n/a	n/a
1716.796	0	858398	standard_tone	sapo_probe	standard	n/a	n/a	n/a	n/a	n/a
1717.812	0	858906	oddball_tone	sapo_probe	oddball	n/a	n/a	n/a	n/a	n/a
1718.828	0	859414	standard_tone	sapo_probe	standard	n/a	n/a	n/a	n/a	n/a
1719.828	0	859914	standard_tone	sapo_probe	standard	n/a	n/a	n/a	n/a	n/a
1720.844	0	860422	distractor_noise	sapo_probe	distractor	n/a	n/a	n/a	n/a	n/a
1721.860	0	860930	standard_tone	sapo_probe	standard	n/a	n/a	n/a	n/a	n/a
1722.876	0	861438	standard_tone	sapo_probe	standard	n/a	n/a	n/a	n/a	n/a
1723.892	0	861946	oddball_tone	sapo_probe	oddball	n/a	n/a	n/a	n/a	n/a
1724.908	0	862454	standard_tone	sapo_probe	standard	n/a	n/a	n/a	n/a	n/a
1725.920	0	862960	standard_tone	sapo_probe	standard	n/a	n/a	n/a	n/a	n/a
1726.922	0	863461	standard_tone	sapo_probe	standard	n/a	n/a	n/a	n/a	n/a
1727.938	0	863969	standard_tone	sapo_probe	standard	n/a	n/a	n/a	n/a	n/a
1728.938	0	864469	standard_tone	sapo_probe	standard	n/a	n/a	n/a	n/a	n/a
1729.954	0	864977	standard_tone	sapo_probe	standard	n/a	n/a	n/a	n/a	n/a
1730.966	0	865483	standard_tone	sapo_probe	standard	n/a	n/a	n/a	n/a	n/a
1731.968	0	865984	oddball_tone	sapo_probe	oddball	n/a	n/a	n/a	n/a	n/a
1732.968	0	866484	standard_tone	sapo_probe	standard	n/a	n/a	n/a	n/a	n/a
1733.982	0	866991	standard_tone	sapo_probe	standard	n/a	n/a	n/a	n/a	n/a
1735.000	0	867500	standard_tone	sapo_probe	standard	n/a	n/a	n/a	n/a	n/a
1736.012	0	868006	standard_tone	sapo_probe	standard	n/a	n/a	n/a	n/a	n/a
1737.028	0	868514	standard_tone	sapo_probe	standard	n/a	n/a	n/a	n/a	n/a
1738.030	0	869015	oddball_tone	sapo_probe	oddball	n/a	n/a	n/a	n/a	n/a
1739.046	0	869523	standard_tone	sapo_probe	standard	n/a	n/a	n/a	n/a	n/a
1740.060	0	870030	standard_tone	sapo_probe	standard	n/a	n/a	n/a	n/a	n/a
1741.076	0	870538	standard_tone	sapo_probe	standard	n/a	n/a	n/a	n/a	n/a
1742.076	0	871038	distractor_noise	sapo_probe	distractor	n/a	n/a	n/a	n/a	n/a
1743.092	0	871546	standard_tone	sapo_probe	standard	n/a	n/a	n/a	n/a	n/a
1744.108	0	872054	standard_tone	sapo_probe	standard	n/a	n/a	n/a	n/a	n/a
1745.126	0	872563	standard_tone	sapo_probe	standard	n/a	n/a	n/a	n/a	n/a
1746.142	0	873071	standard_tone	sapo_probe	standard	n/a	n/a	n/a	n/a	n/a
1747.156	0	873578	oddball_tone	sapo_probe	oddball	n/a	n/a	n/a	n/a	n/a
1748.174	0	874087	standard_tone	sapo_probe	standard	n/a	n/a	n/a	n/a	n/a
1749.186	0	874593	standard_tone	sapo_probe	standard	n/a	n/a	n/a	n/a	n/a
1750.204	0	875102	standard_tone	sapo_probe	standard	n/a	n/a	n/a	n/a	n/a
1751.220	0	875610	standard_tone	sapo_probe	standard	n/a	n/a	n/a	n/a	n/a
1752.234	0	876117	standard_tone	sapo_probe	standard	n/a	n/a	n/a	n/a	n/a
1753.250	0	876625	standard_tone	sapo_probe	standard	n/a	n/a	n/a	n/a	n/a
1754.264	0	877132	standard_tone	sapo_probe	standard	n/a	n/a	n/a	n/a	n/a
1755.266	0	877633	oddball_tone	sapo_probe	oddball	n/a	n/a	n/a	n/a	n/a
1756.282	0	878141	standard_tone	sapo_probe	standard	n/a	n/a	n/a	n/a	n/a
1757.296	0	878648	oddball_tone	sapo_probe	oddball	n/a	n/a	n/a	n/a	n/a
1758.314	0	879157	standard_tone	sapo_probe	standard	n/a	n/a	n/a	n/a	n/a
1759.330	0	879665	standard_tone	sapo_probe	standard	n/a	n/a	n/a	n/a	n/a
1760.344	0	880172	standard_tone	sapo_probe	standard	n/a	n/a	n/a	n/a	n/a
1761.360	0	880680	standard_tone	sapo_probe	standard	n/a	n/a	n/a	n/a	n/a
1762.376	0	881188	standard_tone	sapo_probe	standard	n/a	n/a	n/a	n/a	n/a
1763.392	0	881696	standard_tone	sapo_probe	standard	n/a	n/a	n/a	n/a	n/a
1764.392	0	882196	standard_tone	sapo_probe	standard	n/a	n/a	n/a	n/a	n/a
1765.408	0	882704	standard_tone	sapo_probe	standard	n/a	n/a	n/a	n/a	n/a
1766.424	0	883212	standard_tone	sapo_probe	standard	n/a	n/a	n/a	n/a	n/a
1767.438	0	883719	standard_tone	sapo_probe	standard	n/a	n/a	n/a	n/a	n/a
1768.438	0	884219	standard_tone	sapo_probe	standard	n/a	n/a	n/a	n/a	n/a
1769.454	0	884727	standard_tone	sapo_probe	standard	n/a	n/a	n/a	n/a	n/a
1770.468	0	885234	standard_tone	sapo_probe	standard	n/a	n/a	n/a	n/a	n/a
1771.484	0	885742	standard_tone	sapo_probe	standard	n/a	n/a	n/a	n/a	n/a
1772.502	0	886251	standard_tone	sapo_probe	standard	n/a	n/a	n/a	n/a	n/a
1773.514	0	886757	standard_tone	sapo_probe	standard	n/a	n/a	n/a	n/a	n/a
1774.516	0	887258	distractor_noise	sapo_probe	distractor	n/a	n/a	n/a	n/a	n/a
1775.532	0	887766	standard_tone	sapo_probe	standard	n/a	n/a	n/a	n/a	n/a
1776.532	0	888266	standard_tone	sapo_probe	standard	n/a	n/a	n/a	n/a	n/a
1777.546	0	888773	standard_tone	sapo_probe	standard	n/a	n/a	n/a	n/a	n/a
1778.562	0	889281	standard_tone	sapo_probe	standard	n/a	n/a	n/a	n/a	n/a
1778.780	0	889390	silence_end	sapo_probe	silence-end	n/a	n/a	n/a	n/a	n/a
1778.780	0	889390	gong_begin	sapo_probe	gong-begin	n/a	n/a	n/a	n/a	n/a
1788.888	0	894444	gong_end	sapo_probe	gong-end	n/a	n/a	n/a	n/a	n/a
1788.888	0	894444	subblock_end	sapo_probe	subblock-end-duration-147.859	n/a	n/a	n/a	147.859	n/a
1788.888	0	894444	subblock_begin	sapo_probe	subblock-begin	n/a	n/a	n/a	n/a	n/a
1788.890	0	894445	silence_begin	sapo_probe	silence-begin	n/a	n/a	n/a	n/a	n/a
1788.904	0	894452	standard_tone	sapo_probe	standard	n/a	n/a	n/a	n/a	n/a
1789.922	0	894961	standard_tone	sapo_probe	standard	n/a	n/a	n/a	n/a	n/a
1790.936	0	895468	standard_tone	sapo_probe	standard	n/a	n/a	n/a	n/a	n/a
1791.952	0	895976	standard_tone	sapo_probe	standard	n/a	n/a	n/a	n/a	n/a
1792.968	0	896484	standard_tone	sapo_probe	standard	n/a	n/a	n/a	n/a	n/a
1793.982	0	896991	standard_tone	sapo_probe	standard	n/a	n/a	n/a	n/a	n/a
1795.000	0	897500	standard_tone	sapo_probe	standard	n/a	n/a	n/a	n/a	n/a
1796.016	0	898008	standard_tone	sapo_probe	standard	n/a	n/a	n/a	n/a	n/a
1797.030	0	898515	standard_tone	sapo_probe	standard	n/a	n/a	n/a	n/a	n/a
1798.046	0	899023	standard_tone	sapo_probe	standard	n/a	n/a	n/a	n/a	n/a
1799.046	0	899523	standard_tone	sapo_probe	standard	n/a	n/a	n/a	n/a	n/a
1800.060	0	900030	standard_tone	sapo_probe	standard	n/a	n/a	n/a	n/a	n/a
1801.062	0	900531	standard_tone	sapo_probe	standard	n/a	n/a	n/a	n/a	n/a
1802.076	0	901038	standard_tone	sapo_probe	standard	n/a	n/a	n/a	n/a	n/a
1803.092	0	901546	distractor_noise	sapo_probe	distractor	n/a	n/a	n/a	n/a	n/a
1804.092	0	902046	oddball_tone	sapo_probe	oddball	n/a	n/a	n/a	n/a	n/a
1805.108	0	902554	standard_tone	sapo_probe	standard	n/a	n/a	n/a	n/a	n/a
1806.124	0	903062	standard_tone	sapo_probe	standard	n/a	n/a	n/a	n/a	n/a
1807.140	0	903570	standard_tone	sapo_probe	standard	n/a	n/a	n/a	n/a	n/a
1808.156	0	904078	oddball_tone	sapo_probe	oddball	n/a	n/a	n/a	n/a	n/a
1809.170	0	904585	standard_tone	sapo_probe	standard	n/a	n/a	n/a	n/a	n/a
1810.170	0	905085	standard_tone	sapo_probe	standard	n/a	n/a	n/a	n/a	n/a
1811.186	0	905593	standard_tone	sapo_probe	standard	n/a	n/a	n/a	n/a	n/a
1812.202	0	906101	standard_tone	sapo_probe	standard	n/a	n/a	n/a	n/a	n/a
1813.218	0	906609	standard_tone	sapo_probe	standard	n/a	n/a	n/a	n/a	n/a
1814.234	0	907117	standard_tone	sapo_probe	standard	n/a	n/a	n/a	n/a	n/a
1815.232	0	907616	distractor_noise	sapo_probe	distractor	n/a	n/a	n/a	n/a	n/a
1816.250	0	908125	oddball_tone	sapo_probe	oddball	n/a	n/a	n/a	n/a	n/a
1817.264	0	908632	distractor_noise	sapo_probe	distractor	n/a	n/a	n/a	n/a	n/a
1818.264	0	909132	standard_tone	sapo_probe	standard	n/a	n/a	n/a	n/a	n/a
1819.264	0	909632	distractor_noise	sapo_probe	distractor	n/a	n/a	n/a	n/a	n/a
1820.278	0	910139	standard_tone	sapo_probe	standard	n/a	n/a	n/a	n/a	n/a
1821.294	0	910647	standard_tone	sapo_probe	standard	n/a	n/a	n/a	n/a	n/a
1822.310	0	911155	standard_tone	sapo_probe	standard	n/a	n/a	n/a	n/a	n/a
1823.326	0	911663	standard_tone	sapo_probe	standard	n/a	n/a	n/a	n/a	n/a
1824.344	0	912172	standard_tone	sapo_probe	standard	n/a	n/a	n/a	n/a	n/a
1825.354	0	912677	oddball_tone	sapo_probe	oddball	n/a	n/a	n/a	n/a	n/a
1826.356	0	913178	standard_tone	sapo_probe	standard	n/a	n/a	n/a	n/a	n/a
1827.372	0	913686	standard_tone	sapo_probe	standard	n/a	n/a	n/a	n/a	n/a
1828.388	0	914194	distractor_noise	sapo_probe	distractor	n/a	n/a	n/a	n/a	n/a
1829.404	0	914702	oddball_tone	sapo_probe	oddball	n/a	n/a	n/a	n/a	n/a
1830.420	0	915210	standard_tone	sapo_probe	standard	n/a	n/a	n/a	n/a	n/a
1831.434	0	915717	oddball_tone	sapo_probe	oddball	n/a	n/a	n/a	n/a	n/a
1832.434	0	916217	standard_tone	sapo_probe	standard	n/a	n/a	n/a	n/a	n/a
1833.450	0	916725	standard_tone	sapo_probe	standard	n/a	n/a	n/a	n/a	n/a
1834.450	0	917225	standard_tone	sapo_probe	standard	n/a	n/a	n/a	n/a	n/a
1835.466	0	917733	standard_tone	sapo_probe	standard	n/a	n/a	n/a	n/a	n/a
1836.482	0	918241	standard_tone	sapo_probe	standard	n/a	n/a	n/a	n/a	n/a
1837.498	0	918749	standard_tone	sapo_probe	standard	n/a	n/a	n/a	n/a	n/a
1838.514	0	919257	distractor_noise	sapo_probe	distractor	n/a	n/a	n/a	n/a	n/a
1839.528	0	919764	standard_tone	sapo_probe	standard	n/a	n/a	n/a	n/a	n/a
1840.528	0	920264	standard_tone	sapo_probe	standard	n/a	n/a	n/a	n/a	n/a
1841.542	0	920771	standard_tone	sapo_probe	standard	n/a	n/a	n/a	n/a	n/a
1842.544	0	921272	standard_tone	sapo_probe	standard	n/a	n/a	n/a	n/a	n/a
1843.558	0	921779	standard_tone	sapo_probe	standard	n/a	n/a	n/a	n/a	n/a
1844.574	0	922287	standard_tone	sapo_probe	standard	n/a	n/a	n/a	n/a	n/a
1845.588	0	922794	standard_tone	sapo_probe	standard	n/a	n/a	n/a	n/a	n/a
1846.590	0	923295	standard_tone	sapo_probe	standard	n/a	n/a	n/a	n/a	n/a
1847.606	0	923803	distractor_noise	sapo_probe	distractor	n/a	n/a	n/a	n/a	n/a
1848.622	0	924311	standard_tone	sapo_probe	standard	n/a	n/a	n/a	n/a	n/a
1849.638	0	924819	standard_tone	sapo_probe	standard	n/a	n/a	n/a	n/a	n/a
1850.652	0	925326	standard_tone	sapo_probe	standard	n/a	n/a	n/a	n/a	n/a
1851.670	0	925835	oddball_tone	sapo_probe	oddball	n/a	n/a	n/a	n/a	n/a
1852.684	0	926342	standard_tone	sapo_probe	standard	n/a	n/a	n/a	n/a	n/a
1853.700	0	926850	standard_tone	sapo_probe	standard	n/a	n/a	n/a	n/a	n/a
1854.700	0	927350	standard_tone	sapo_probe	standard	n/a	n/a	n/a	n/a	n/a
1855.716	0	927858	standard_tone	sapo_probe	standard	n/a	n/a	n/a	n/a	n/a
1856.732	0	928366	distractor_noise	sapo_probe	distractor	n/a	n/a	n/a	n/a	n/a
1857.746	0	928873	standard_tone	sapo_probe	standard	n/a	n/a	n/a	n/a	n/a
1858.762	0	929381	standard_tone	sapo_probe	standard	n/a	n/a	n/a	n/a	n/a
1859.764	0	929882	standard_tone	sapo_probe	standard	n/a	n/a	n/a	n/a	n/a
1860.778	0	930389	standard_tone	sapo_probe	standard	n/a	n/a	n/a	n/a	n/a
1861.794	0	930897	standard_tone	sapo_probe	standard	n/a	n/a	n/a	n/a	n/a
1862.810	0	931405	distractor_noise	sapo_probe	distractor	n/a	n/a	n/a	n/a	n/a
1863.826	0	931913	standard_tone	sapo_probe	standard	n/a	n/a	n/a	n/a	n/a
1864.842	0	932421	standard_tone	sapo_probe	standard	n/a	n/a	n/a	n/a	n/a
1865.856	0	932928	standard_tone	sapo_probe	standard	n/a	n/a	n/a	n/a	n/a
1866.874	0	933437	standard_tone	sapo_probe	standard	n/a	n/a	n/a	n/a	n/a
1867.890	0	933945	standard_tone	sapo_probe	standard	n/a	n/a	n/a	n/a	n/a
1868.904	0	934452	standard_tone	sapo_probe	standard	n/a	n/a	n/a	n/a	n/a
1869.922	0	934961	standard_tone	sapo_probe	standard	n/a	n/a	n/a	n/a	n/a
1870.936	0	935468	standard_tone	sapo_probe	standard	n/a	n/a	n/a	n/a	n/a
1871.952	0	935976	standard_tone	sapo_probe	standard	n/a	n/a	n/a	n/a	n/a
1872.968	0	936484	distractor_noise	sapo_probe	distractor	n/a	n/a	n/a	n/a	n/a
1873.984	0	936992	standard_tone	sapo_probe	standard	n/a	n/a	n/a	n/a	n/a
1875.000	0	937500	standard_tone	sapo_probe	standard	n/a	n/a	n/a	n/a	n/a
1876.014	0	938007	standard_tone	sapo_probe	standard	n/a	n/a	n/a	n/a	n/a
1877.032	0	938516	standard_tone	sapo_probe	standard	n/a	n/a	n/a	n/a	n/a
1878.032	0	939016	standard_tone	sapo_probe	standard	n/a	n/a	n/a	n/a	n/a
1879.046	0	939523	standard_tone	sapo_probe	standard	n/a	n/a	n/a	n/a	n/a
1880.062	0	940031	standard_tone	sapo_probe	standard	n/a	n/a	n/a	n/a	n/a
1881.078	0	940539	standard_tone	sapo_probe	standard	n/a	n/a	n/a	n/a	n/a
1882.094	0	941047	standard_tone	sapo_probe	standard	n/a	n/a	n/a	n/a	n/a
1883.110	0	941555	standard_tone	sapo_probe	standard	n/a	n/a	n/a	n/a	n/a
1884.124	0	942062	standard_tone	sapo_probe	standard	n/a	n/a	n/a	n/a	n/a
1885.140	0	942570	standard_tone	sapo_probe	standard	n/a	n/a	n/a	n/a	n/a
1886.158	0	943079	oddball_tone	sapo_probe	oddball	n/a	n/a	n/a	n/a	n/a
1887.174	0	943587	standard_tone	sapo_probe	standard	n/a	n/a	n/a	n/a	n/a
1888.206	0	944103	prompt_window_begin	sapo_probe	probe-sapo-probe-begin	n/a	n/a	n/a	n/a	n/a
1895.600	0	947800	clicker_press	sapo_probe	response-received-arrow_up	n/a	n/a	n/a	n/a	arrow_up
1896.032	0	948016	clicker_press	sapo_probe	response-received-arrow_up	n/a	n/a	n/a	n/a	arrow_up
1896.550	0	948275	clicker_press	sapo_probe	response-received-arrow_up	n/a	n/a	n/a	n/a	arrow_up
1897.264	0	948632	depth_rating	sapo_probe	rating-sapo-probe-meditation_depth-3	3	n/a	n/a	n/a	n/a
1903.594	0	951797	clicker_press	sapo_probe	response-received-arrow_up	n/a	n/a	n/a	n/a	arrow_up
1904.226	0	952113	clicker_press	sapo_probe	response-received-arrow_up	n/a	n/a	n/a	n/a	arrow_up
1907.340	0	953670	confidence_rating	sapo_probe	rating-sapo-probe-confidence_depth-2	n/a	2	n/a	n/a	n/a
1910.920	0	955460	prompt_window_end	sapo_probe	probe-sapo-probe-end	n/a	n/a	n/a	n/a	n/a
1910.920	0	955460	standard_tone	sapo_probe	standard	n/a	n/a	n/a	n/a	n/a
1911.936	0	955968	standard_tone	sapo_probe	standard	n/a	n/a	n/a	n/a	n/a
1912.952	0	956476	oddball_tone	sapo_probe	oddball	n/a	n/a	n/a	n/a	n/a
1913.968	0	956984	standard_tone	sapo_probe	standard	n/a	n/a	n/a	n/a	n/a
1914.968	0	957484	standard_tone	sapo_probe	standard	n/a	n/a	n/a	n/a	n/a
1915.984	0	957992	distractor_noise	sapo_probe	distractor	n/a	n/a	n/a	n/a	n/a
1916.998	0	958499	standard_tone	sapo_probe	standard	n/a	n/a	n/a	n/a	n/a
1918.014	0	959007	standard_tone	sapo_probe	standard	n/a	n/a	n/a	n/a	n/a
1918.298	0	959149	silence_end	sapo_probe	silence-end	n/a	n/a	n/a	n/a	n/a
1918.298	0	959149	subblock_end	sapo_probe	subblock-end-duration-129.409	n/a	n/a	n/a	129.409	n/a
1918.298	0	959149	subblock_begin	sapo_probe	subblock-begin	n/a	n/a	n/a	n/a	n/a
1918.300	0	959150	silence_begin	sapo_probe	silence-begin	n/a	n/a	n/a	n/a	n/a
1919.030	0	959515	standard_tone	sapo_probe	standard	n/a	n/a	n/a	n/a	n/a
1920.046	0	960023	standard_tone	sapo_probe	standard	n/a	n/a	n/a	n/a	n/a
1921.062	0	960531	standard_tone	sapo_probe	standard	n/a	n/a	n/a	n/a	n/a
1922.078	0	961039	oddball_tone	sapo_probe	oddball	n/a	n/a	n/a	n/a	n/a
1923.090	0	961545	standard_tone	sapo_probe	standard	n/a	n/a	n/a	n/a	n/a
1924.092	0	962046	standard_tone	sapo_probe	standard	n/a	n/a	n/a	n/a	n/a
1925.108	0	962554	standard_tone	sapo_probe	standard	n/a	n/a	n/a	n/a	n/a
1926.124	0	963062	standard_tone	sapo_probe	standard	n/a	n/a	n/a	n/a	n/a
1927.142	0	963571	oddball_tone	sapo_probe	oddball	n/a	n/a	n/a	n/a	n/a
1928.156	0	964078	standard_tone	sapo_probe	standard	n/a	n/a	n/a	n/a	n/a
1929.170	0	964585	standard_tone	sapo_probe	standard	n/a	n/a	n/a	n/a	n/a
1930.172	0	965086	distractor_noise	sapo_probe	distractor	n/a	n/a	n/a	n/a	n/a
1931.188	0	965594	standard_tone	sapo_probe	standard	n/a	n/a	n/a	n/a	n/a
1932.202	0	966101	standard_tone	sapo_probe	standard	n/a	n/a	n/a	n/a	n/a
1933.200	0	966600	standard_tone	sapo_probe	standard	n/a	n/a	n/a	n/a	n/a
1934.216	0	967108	standard_tone	sapo_probe	standard	n/a	n/a	n/a	n/a	n/a
1935.234	0	967617	standard_tone	sapo_probe	standard	n/a	n/a	n/a	n/a	n/a
1936.250	0	968125	standard_tone	sapo_probe	standard	n/a	n/a	n/a	n/a	n/a
1937.264	0	968632	standard_tone	sapo_probe	standard	n/a	n/a	n/a	n/a	n/a
1938.264	0	969132	standard_tone	sapo_probe	standard	n/a	n/a	n/a	n/a	n/a
1939.280	0	969640	standard_tone	sapo_probe	standard	n/a	n/a	n/a	n/a	n/a
1940.296	0	970148	distractor_noise	sapo_probe	distractor	n/a	n/a	n/a	n/a	n/a
1941.312	0	970656	standard_tone	sapo_probe	standard	n/a	n/a	n/a	n/a	n/a
1942.328	0	971164	standard_tone	sapo_probe	standard	n/a	n/a	n/a	n/a	n/a
1943.342	0	971671	standard_tone	sapo_probe	standard	n/a	n/a	n/a	n/a	n/a
1944.342	0	972171	standard_tone	sapo_probe	standard	n/a	n/a	n/a	n/a	n/a
1945.358	0	972679	standard_tone	sapo_probe	standard	n/a	n/a	n/a	n/a	n/a
1946.374	0	973187	standard_tone	sapo_probe	standard	n/a	n/a	n/a	n/a	n/a
1947.374	0	973687	standard_tone	sapo_probe	standard	n/a	n/a	n/a	n/a	n/a
1948.390	0	974195	distractor_noise	sapo_probe	distractor	n/a	n/a	n/a	n/a	n/a
1949.404	0	974702	standard_tone	sapo_probe	standard	n/a	n/a	n/a	n/a	n/a
1950.404	0	975202	standard_tone	sapo_probe	standard	n/a	n/a	n/a	n/a	n/a
1951.420	0	975710	standard_tone	sapo_probe	standard	n/a	n/a	n/a	n/a	n/a
1952.434	0	976217	standard_tone	sapo_probe	standard	n/a	n/a	n/a	n/a	n/a
1953.434	0	976717	standard_tone	sapo_probe	standard	n/a	n/a	n/a	n/a	n/a
1954.452	0	977226	oddball_tone	sapo_probe	oddball	n/a	n/a	n/a	n/a	n/a
1955.466	0	977733	standard_tone	sapo_probe	standard	n/a	n/a	n/a	n/a	n/a
1956.466	0	978233	standard_tone	sapo_probe	standard	n/a	n/a	n/a	n/a	n/a
1957.482	0	978741	standard_tone	sapo_probe	standard	n/a	n/a	n/a	n/a	n/a
1958.496	0	979248	oddball_tone	sapo_probe	oddball	n/a	n/a	n/a	n/a	n/a
1959.514	0	979757	standard_tone	sapo_probe	standard	n/a	n/a	n/a	n/a	n/a
1960.528	0	980264	distractor_noise	sapo_probe	distractor	n/a	n/a	n/a	n/a	n/a
1961.542	0	980771	standard_tone	sapo_probe	standard	n/a	n/a	n/a	n/a	n/a
1962.544	0	981272	standard_tone	sapo_probe	standard	n/a	n/a	n/a	n/a	n/a
1963.560	0	981780	standard_tone	sapo_probe	standard	n/a	n/a	n/a	n/a	n/a
1964.576	0	982288	distractor_noise	sapo_probe	distractor	n/a	n/a	n/a	n/a	n/a
1965.592	0	982796	standard_tone	sapo_probe	standard	n/a	n/a	n/a	n/a	n/a
1966.606	0	983303	standard_tone	sapo_probe	standard	n/a	n/a	n/a	n/a	n/a
1967.606	0	983803	standard_tone	sapo_probe	standard	n/a	n/a	n/a	n/a	n/a
1968.622	0	984311	standard_tone	sapo_probe	standard	n/a	n/a	n/a	n/a	n/a
1969.638	0	984819	standard_tone	sapo_probe	standard	n/a	n/a	n/a	n/a	n/a
1970.654	0	985327	distractor_noise	sapo_probe	distractor	n/a	n/a	n/a	n/a	n/a
1971.670	0	985835	standard_tone	sapo_probe	standard	n/a	n/a	n/a	n/a	n/a
1972.670	0	986335	distractor_noise	sapo_probe	distractor	n/a	n/a	n/a	n/a	n/a
1973.684	0	986842	standard_tone	sapo_probe	standard	n/a	n/a	n/a	n/a	n/a
1974.700	0	987350	standard_tone	sapo_probe	standard	n/a	n/a	n/a	n/a	n/a
1975.716	0	987858	standard_tone	sapo_probe	standard	n/a	n/a	n/a	n/a	n/a
1976.718	0	988359	standard_tone	sapo_probe	standard	n/a	n/a	n/a	n/a	n/a
1977.730	0	988865	distractor_noise	sapo_probe	distractor	n/a	n/a	n/a	n/a	n/a
1978.748	0	989374	standard_tone	sapo_probe	standard	n/a	n/a	n/a	n/a	n/a
1979.746	0	989873	standard_tone	sapo_probe	standard	n/a	n/a	n/a	n/a	n/a
1980.762	0	990381	standard_tone	sapo_probe	standard	n/a	n/a	n/a	n/a	n/a
1981.778	0	990889	oddball_tone	sapo_probe	oddball	n/a	n/a	n/a	n/a	n/a
1982.794	0	991397	standard_tone	sapo_probe	standard	n/a	n/a	n/a	n/a	n/a
1983.810	0	991905	standard_tone	sapo_probe	standard	n/a	n/a	n/a	n/a	n/a
1984.810	0	992405	standard_tone	sapo_probe	standard	n/a	n/a	n/a	n/a	n/a
1985.826	0	992913	oddball_tone	sapo_probe	oddball	n/a	n/a	n/a	n/a	n/a
1986.840	0	993420	standard_tone	sapo_probe	standard	n/a	n/a	n/a	n/a	n/a
1987.856	0	993928	standard_tone	sapo_probe	standard	n/a	n/a	n/a	n/a	n/a
1988.856	0	994428	standard_tone	sapo_probe	standard	n/a	n/a	n/a	n/a	n/a
1989.870	0	994935	standard_tone	sapo_probe	standard	n/a	n/a	n/a	n/a	n/a
1990.870	0	995435	standard_tone	sapo_probe	standard	n/a	n/a	n/a	n/a	n/a
1991.884	0	995942	standard_tone	sapo_probe	standard	n/a	n/a	n/a	n/a	n/a
1992.900	0	996450	standard_tone	sapo_probe	standard	n/a	n/a	n/a	n/a	n/a
1993.902	0	996951	distractor_noise	sapo_probe	distractor	n/a	n/a	n/a	n/a	n/a
1994.918	0	997459	standard_tone	sapo_probe	standard	n/a	n/a	n/a	n/a	n/a
1995.932	0	997966	standard_tone	sapo_probe	standard	n/a	n/a	n/a	n/a	n/a
1996.946	0	998473	standard_tone	sapo_probe	standard	n/a	n/a	n/a	n/a	n/a
1997.964	0	998982	standard_tone	sapo_probe	standard	n/a	n/a	n/a	n/a	n/a
1998.964	0	999482	standard_tone	sapo_probe	standard	n/a	n/a	n/a	n/a	n/a
1999.964	0	999982	standard_tone	sapo_probe	standard	n/a	n/a	n/a	n/a	n/a
2000.978	0	1000489	oddball_tone	sapo_probe	oddball	n/a	n/a	n/a	n/a	n/a
2001.996	0	1000998	distractor_noise	sapo_probe	distractor	n/a	n/a	n/a	n/a	n/a
2003.012	0	1001506	standard_tone	sapo_probe	standard	n/a	n/a	n/a	n/a	n/a
2004.024	0	1002012	standard_tone	sapo_probe	standard	n/a	n/a	n/a	n/a	n/a
2005.026	0	1002513	standard_tone	sapo_probe	standard	n/a	n/a	n/a	n/a	n/a
2006.042	0	1003021	standard_tone	sapo_probe	standard	n/a	n/a	n/a	n/a	n/a
2007.058	0	1003529	standard_tone	sapo_probe	standard	n/a	n/a	n/a	n/a	n/a
2008.072	0	1004036	standard_tone	sapo_probe	standard	n/a	n/a	n/a	n/a	n/a
2009.072	0	1004536	distractor_noise	sapo_probe	distractor	n/a	n/a	n/a	n/a	n/a
2010.088	0	1005044	standard_tone	sapo_probe	standard	n/a	n/a	n/a	n/a	n/a
2011.088	0	1005544	standard_tone	sapo_probe	standard	n/a	n/a	n/a	n/a	n/a
2012.102	0	1006051	standard_tone	sapo_probe	standard	n/a	n/a	n/a	n/a	n/a
2013.102	0	1006551	standard_tone	sapo_probe	standard	n/a	n/a	n/a	n/a	n/a
2014.118	0	1007059	standard_tone	sapo_probe	standard	n/a	n/a	n/a	n/a	n/a
2015.134	0	1007567	standard_tone	sapo_probe	standard	n/a	n/a	n/a	n/a	n/a
2016.150	0	1008075	standard_tone	sapo_probe	standard	n/a	n/a	n/a	n/a	n/a
2017.164	0	1008582	standard_tone	sapo_probe	standard	n/a	n/a	n/a	n/a	n/a
2018.166	0	1009083	standard_tone	sapo_probe	standard	n/a	n/a	n/a	n/a	n/a
2019.182	0	1009591	standard_tone	sapo_probe	standard	n/a	n/a	n/a	n/a	n/a
2020.196	0	1010098	standard_tone	sapo_probe	standard	n/a	n/a	n/a	n/a	n/a
2021.212	0	1010606	standard_tone	sapo_probe	standard	n/a	n/a	n/a	n/a	n/a
2022.228	0	1011114	standard_tone	sapo_probe	standard	n/a	n/a	n/a	n/a	n/a
2022.362	0	1011181	silence_end	sapo_probe	silence-end	n/a	n/a	n/a	n/a	n/a
2022.362	0	1011181	subblock_end	sapo_probe	subblock-end-duration-104.064	n/a	n/a	n/a	104.064	n/a
2022.362	0	1011181	subblock_begin	sapo_probe	subblock-begin	n/a	n/a	n/a	n/a	n/a
2022.364	0	1011182	silence_begin	sapo_probe	silence-begin	n/a	n/a	n/a	n/a	n/a
2023.244	0	1011622	standard_tone	sapo_probe	standard	n/a	n/a	n/a	n/a	n/a
2024.244	0	1012122	standard_tone	sapo_probe	standard	n/a	n/a	n/a	n/a	n/a
2025.260	0	1012630	standard_tone	sapo_probe	standard	n/a	n/a	n/a	n/a	n/a
2026.274	0	1013137	standard_tone	sapo_probe	standard	n/a	n/a	n/a	n/a	n/a
2027.292	0	1013646	standard_tone	sapo_probe	standard	n/a	n/a	n/a	n/a	n/a
2028.306	0	1014153	standard_tone	sapo_probe	standard	n/a	n/a	n/a	n/a	n/a
2029.322	0	1014661	oddball_tone	sapo_probe	oddball	n/a	n/a	n/a	n/a	n/a
2030.338	0	1015169	distractor_noise	sapo_probe	distractor	n/a	n/a	n/a	n/a	n/a
2031.352	0	1015676	standard_tone	sapo_probe	standard	n/a	n/a	n/a	n/a	n/a
2032.354	0	1016177	standard_tone	sapo_probe	standard	n/a	n/a	n/a	n/a	n/a
2033.368	0	1016684	standard_tone	sapo_probe	standard	n/a	n/a	n/a	n/a	n/a
2034.384	0	1017192	standard_tone	sapo_probe	standard	n/a	n/a	n/a	n/a	n/a
2035.400	0	1017700	standard_tone	sapo_probe	standard	n/a	n/a	n/a	n/a	n/a
2036.416	0	1018208	distractor_noise	sapo_probe	distractor	n/a	n/a	n/a	n/a	n/a
2037.416	0	1018708	oddball_tone	sapo_probe	oddball	n/a	n/a	n/a	n/a	n/a
2038.428	0	1019214	standard_tone	sapo_probe	standard	n/a	n/a	n/a	n/a	n/a
2039.430	0	1019715	standard_tone	sapo_probe	standard	n/a	n/a	n/a	n/a	n/a
2040.446	0	1020223	standard_tone	sapo_probe	standard	n/a	n/a	n/a	n/a	n/a
2041.462	0	1020731	oddball_tone	sapo_probe	oddball	n/a	n/a	n/a	n/a	n/a
2042.478	0	1021239	standard_tone	sapo_probe	standard	n/a	n/a	n/a	n/a	n/a
2043.494	0	1021747	standard_tone	sapo_probe	standard	n/a	n/a	n/a	n/a	n/a
2044.510	0	1022255	distractor_noise	sapo_probe	distractor	n/a	n/a	n/a	n/a	n/a
2045.524	0	1022762	standard_tone	sapo_probe	standard	n/a	n/a	n/a	n/a	n/a
2046.542	0	1023271	standard_tone	sapo_probe	standard	n/a	n/a	n/a	n/a	n/a
2047.556	0	1023778	standard_tone	sapo_probe	standard	n/a	n/a	n/a	n/a	n/a
2048.572	0	1024286	standard_tone	sapo_probe	standard	n/a	n/a	n/a	n/a	n/a
2049.588	0	1024794	distractor_noise	sapo_probe	distractor	n/a	n/a	n/a	n/a	n/a
2050.604	0	1025302	standard_tone	sapo_probe	standard	n/a	n/a	n/a	n/a	n/a
2051.620	0	1025810	oddball_tone	sapo_probe	oddball	n/a	n/a	n/a	n/a	n/a
2052.636	0	1026318	standard_tone	sapo_probe	standard	n/a	n/a	n/a	n/a	n/a
2053.652	0	1026826	distractor_noise	sapo_probe	distractor	n/a	n/a	n/a	n/a	n/a
2054.652	0	1027326	standard_tone	sapo_probe	standard	n/a	n/a	n/a	n/a	n/a
2055.668	0	1027834	standard_tone	sapo_probe	standard	n/a	n/a	n/a	n/a	n/a
2056.666	0	1028333	standard_tone	sapo_probe	standard	n/a	n/a	n/a	n/a	n/a
2057.682	0	1028841	standard_tone	sapo_probe	standard	n/a	n/a	n/a	n/a	n/a
2058.682	0	1029341	standard_tone	sapo_probe	standard	n/a	n/a	n/a	n/a	n/a
2059.682	0	1029841	standard_tone	sapo_probe	standard	n/a	n/a	n/a	n/a	n/a
2060.696	0	1030348	oddball_tone	sapo_probe	oddball	n/a	n/a	n/a	n/a	n/a
2061.696	0	1030848	standard_tone	sapo_probe	standard	n/a	n/a	n/a	n/a	n/a
2062.710	0	1031355	distractor_noise	sapo_probe	distractor	n/a	n/a	n/a	n/a	n/a
2063.728	0	1031864	standard_tone	sapo_probe	standard	n/a	n/a	n/a	n/a	n/a
2064.742	0	1032371	standard_tone	sapo_probe	standard	n/a	n/a	n/a	n/a	n/a
2065.744	0	1032872	standard_tone	sapo_probe	standard	n/a	n/a	n/a	n/a	n/a
2066.760	0	1033380	standard_tone	sapo_probe	standard	n/a	n/a	n/a	n/a	n/a
2067.772	0	1033886	standard_tone	sapo_probe	standard	n/a	n/a	n/a	n/a	n/a
2068.790	0	1034395	standard_tone	sapo_probe	standard	n/a	n/a	n/a	n/a	n/a
2069.806	0	1034903	standard_tone	sapo_probe	standard	n/a	n/a	n/a	n/a	n/a
2070.822	0	1035411	standard_tone	sapo_probe	standard	n/a	n/a	n/a	n/a	n/a
2071.838	0	1035919	standard_tone	sapo_probe	standard	n/a	n/a	n/a	n/a	n/a
2072.854	0	1036427	standard_tone	sapo_probe	standard	n/a	n/a	n/a	n/a	n/a
2073.870	0	1036935	standard_tone	sapo_probe	standard	n/a	n/a	n/a	n/a	n/a
2074.884	0	1037442	standard_tone	sapo_probe	standard	n/a	n/a	n/a	n/a	n/a
2075.900	0	1037950	standard_tone	sapo_probe	standard	n/a	n/a	n/a	n/a	n/a
2076.902	0	1038451	oddball_tone	sapo_probe	oddball	n/a	n/a	n/a	n/a	n/a
2077.916	0	1038958	standard_tone	sapo_probe	standard	n/a	n/a	n/a	n/a	n/a
2078.932	0	1039466	standard_tone	sapo_probe	standard	n/a	n/a	n/a	n/a	n/a
2079.946	0	1039973	standard_tone	sapo_probe	standard	n/a	n/a	n/a	n/a	n/a
2080.962	0	1040481	standard_tone	sapo_probe	standard	n/a	n/a	n/a	n/a	n/a
2081.978	0	1040989	standard_tone	sapo_probe	standard	n/a	n/a	n/a	n/a	n/a
2082.994	0	1041497	standard_tone	sapo_probe	standard	n/a	n/a	n/a	n/a	n/a
2084.008	0	1042004	standard_tone	sapo_probe	standard	n/a	n/a	n/a	n/a	n/a
2085.010	0	1042505	standard_tone	sapo_probe	standard	n/a	n/a	n/a	n/a	n/a
2086.026	0	1043013	standard_tone	sapo_probe	standard	n/a	n/a	n/a	n/a	n/a
2087.042	0	1043521	standard_tone	sapo_probe	standard	n/a	n/a	n/a	n/a	n/a
2088.058	0	1044029	oddball_tone	sapo_probe	oddball	n/a	n/a	n/a	n/a	n/a
2089.072	0	1044536	standard_tone	sapo_probe	standard	n/a	n/a	n/a	n/a	n/a
2090.088	0	1045044	oddball_tone	sapo_probe	oddball	n/a	n/a	n/a	n/a	n/a
2091.104	0	1045552	standard_tone	sapo_probe	standard	n/a	n/a	n/a	n/a	n/a
2092.120	0	1046060	oddball_tone	sapo_probe	oddball	n/a	n/a	n/a	n/a	n/a
2093.136	0	1046568	standard_tone	sapo_probe	standard	n/a	n/a	n/a	n/a	n/a
2094.152	0	1047076	standard_tone	sapo_probe	standard	n/a	n/a	n/a	n/a	n/a
2095.166	0	1047583	standard_tone	sapo_probe	standard	n/a	n/a	n/a	n/a	n/a
2096.184	0	1048092	distractor_noise	sapo_probe	distractor	n/a	n/a	n/a	n/a	n/a
2097.198	0	1048599	oddball_tone	sapo_probe	oddball	n/a	n/a	n/a	n/a	n/a
2098.214	0	1049107	distractor_noise	sapo_probe	distractor	n/a	n/a	n/a	n/a	n/a
2099.232	0	1049616	standard_tone	sapo_probe	standard	n/a	n/a	n/a	n/a	n/a
2100.244	0	1050122	standard_tone	sapo_probe	standard	n/a	n/a	n/a	n/a	n/a
2101.014	0	1050507	prompt_window_begin	sapo_probe	probe-sapo-probe-begin	n/a	n/a	n/a	n/a	n/a
2106.974	0	1053487	clicker_press	sapo_probe	response-received-arrow_up	n/a	n/a	n/a	n/a	arrow_up
2107.524	0	1053762	clicker_press	sapo_probe	response-received-arrow_up	n/a	n/a	n/a	n/a	arrow_up
2110.088	0	1055044	depth_rating	sapo_probe	rating-sapo-probe-meditation_depth-2	2	n/a	n/a	n/a	n/a
2116.382	0	1058191	clicker_press	sapo_probe	response-received-arrow_up	n/a	n/a	n/a	n/a	arrow_up
2116.816	0	1058408	clicker_press	sapo_probe	response-received-arrow_up	n/a	n/a	n/a	n/a	arrow_up
2117.268	0	1058634	clicker_press	sapo_probe	response-received-arrow_up	n/a	n/a	n/a	n/a	arrow_up
2117.750	0	1058875	clicker_press	sapo_probe	response-received-arrow_up	n/a	n/a	n/a	n/a	arrow_up
2120.232	0	1060116	confidence_rating	sapo_probe	rating-sapo-probe-confidence_depth-4	n/a	4	n/a	n/a	n/a
2123.728	0	1061864	prompt_window_end	sapo_probe	probe-sapo-probe-end	n/a	n/a	n/a	n/a	n/a
2123.744	0	1061872	standard_tone	sapo_probe	standard	n/a	n/a	n/a	n/a	n/a
2124.760	0	1062380	distractor_noise	sapo_probe	distractor	n/a	n/a	n/a	n/a	n/a
2125.776	0	1062888	standard_tone	sapo_probe	standard	n/a	n/a	n/a	n/a	n/a
2126.792	0	1063396	standard_tone	sapo_probe	standard	n/a	n/a	n/a	n/a	n/a
2127.808	0	1063904	standard_tone	sapo_probe	standard	n/a	n/a	n/a	n/a	n/a
2128.824	0	1064412	distractor_noise	sapo_probe	distractor	n/a	n/a	n/a	n/a	n/a
2129.840	0	1064920	standard_tone	sapo_probe	standard	n/a	n/a	n/a	n/a	n/a
2130.854	0	1065427	standard_tone	sapo_probe	standard	n/a	n/a	n/a	n/a	n/a
2131.870	0	1065935	oddball_tone	sapo_probe	oddball	n/a	n/a	n/a	n/a	n/a
2132.886	0	1066443	standard_tone	sapo_probe	standard	n/a	n/a	n/a	n/a	n/a
2133.902	0	1066951	standard_tone	sapo_probe	standard	n/a	n/a	n/a	n/a	n/a
2134.918	0	1067459	standard_tone	sapo_probe	standard	n/a	n/a	n/a	n/a	n/a
2135.934	0	1067967	standard_tone	sapo_probe	standard	n/a	n/a	n/a	n/a	n/a
2136.934	0	1068467	standard_tone	sapo_probe	standard	n/a	n/a	n/a	n/a	n/a
2137.948	0	1068974	distractor_noise	sapo_probe	distractor	n/a	n/a	n/a	n/a	n/a
2138.964	0	1069482	standard_tone	sapo_probe	standard	n/a	n/a	n/a	n/a	n/a
2139.980	0	1069990	distractor_noise	sapo_probe	distractor	n/a	n/a	n/a	n/a	n/a
2140.996	0	1070498	standard_tone	sapo_probe	standard	n/a	n/a	n/a	n/a	n/a
2141.996	0	1070998	standard_tone	sapo_probe	standard	n/a	n/a	n/a	n/a	n/a
2143.012	0	1071506	standard_tone	sapo_probe	standard	n/a	n/a	n/a	n/a	n/a
2144.028	0	1072014	distractor_noise	sapo_probe	distractor	n/a	n/a	n/a	n/a	n/a
2145.042	0	1072521	standard_tone	sapo_probe	standard	n/a	n/a	n/a	n/a	n/a
2146.058	0	1073029	standard_tone	sapo_probe	standard	n/a	n/a	n/a	n/a	n/a
2147.074	0	1073537	standard_tone	sapo_probe	standard	n/a	n/a	n/a	n/a	n/a
2148.088	0	1074044	standard_tone	sapo_probe	standard	n/a	n/a	n/a	n/a	n/a
2149.090	0	1074545	standard_tone	sapo_probe	standard	n/a	n/a	n/a	n/a	n/a
2150.106	0	1075053	standard_tone	sapo_probe	standard	n/a	n/a	n/a	n/a	n/a
2151.122	0	1075561	standard_tone	sapo_probe	standard	n/a	n/a	n/a	n/a	n/a
2152.138	0	1076069	standard_tone	sapo_probe	standard	n/a	n/a	n/a	n/a	n/a
2153.154	0	1076577	standard_tone	sapo_probe	standard	n/a	n/a	n/a	n/a	n/a
2154.170	0	1077085	standard_tone	sapo_probe	standard	n/a	n/a	n/a	n/a	n/a
2155.182	0	1077591	oddball_tone	sapo_probe	oddball	n/a	n/a	n/a	n/a	n/a
2156.184	0	1078092	standard_tone	sapo_probe	standard	n/a	n/a	n/a	n/a	n/a
2157.200	0	1078600	distractor_noise	sapo_probe	distractor	n/a	n/a	n/a	n/a	n/a
2158.214	0	1079107	standard_tone	sapo_probe	standard	n/a	n/a	n/a	n/a	n/a
2159.164	0	1079582	silence_end	sapo_probe	silence-end	n/a	n/a	n/a	n/a	n/a
2159.166	0	1079583	subblock_end	sapo_probe	subblock-end-duration-136.803	n/a	n/a	n/a	136.803	n/a
2159.166	0	1079583	subblock_begin	sapo_probe	subblock-begin	n/a	n/a	n/a	n/a	n/a
2159.168	0	1079584	silence_begin	sapo_probe	silence-begin	n/a	n/a	n/a	n/a	n/a
2159.230	0	1079615	standard_tone	sapo_probe	standard	n/a	n/a	n/a	n/a	n/a
2160.244	0	1080122	standard_tone	sapo_probe	standard	n/a	n/a	n/a	n/a	n/a
2161.246	0	1080623	standard_tone	sapo_probe	standard	n/a	n/a	n/a	n/a	n/a
2162.262	0	1081131	standard_tone	sapo_probe	standard	n/a	n/a	n/a	n/a	n/a
2163.278	0	1081639	standard_tone	sapo_probe	standard	n/a	n/a	n/a	n/a	n/a
2164.294	0	1082147	oddball_tone	sapo_probe	oddball	n/a	n/a	n/a	n/a	n/a
2165.310	0	1082655	standard_tone	sapo_probe	standard	n/a	n/a	n/a	n/a	n/a
2166.326	0	1083163	standard_tone	sapo_probe	standard	n/a	n/a	n/a	n/a	n/a
2167.342	0	1083671	standard_tone	sapo_probe	standard	n/a	n/a	n/a	n/a	n/a
2168.342	0	1084171	standard_tone	sapo_probe	standard	n/a	n/a	n/a	n/a	n/a
2169.358	0	1084679	standard_tone	sapo_probe	standard	n/a	n/a	n/a	n/a	n/a
2170.372	0	1085186	standard_tone	sapo_probe	standard	n/a	n/a	n/a	n/a	n/a
2171.388	0	1085694	distractor_noise	sapo_probe	distractor	n/a	n/a	n/a	n/a	n/a
2172.404	0	1086202	standard_tone	sapo_probe	standard	n/a	n/a	n/a	n/a	n/a
2173.420	0	1086710	standard_tone	sapo_probe	standard	n/a	n/a	n/a	n/a	n/a
2174.420	0	1087210	standard_tone	sapo_probe	standard	n/a	n/a	n/a	n/a	n/a
2175.434	0	1087717	oddball_tone	sapo_probe	oddball	n/a	n/a	n/a	n/a	n/a
2176.450	0	1088225	standard_tone	sapo_probe	standard	n/a	n/a	n/a	n/a	n/a
2177.466	0	1088733	standard_tone	sapo_probe	standard	n/a	n/a	n/a	n/a	n/a
2178.482	0	1089241	standard_tone	sapo_probe	standard	n/a	n/a	n/a	n/a	n/a
2179.500	0	1089750	standard_tone	sapo_probe	standard	n/a	n/a	n/a	n/a	n/a
2180.512	0	1090256	distractor_noise	sapo_probe	distractor	n/a	n/a	n/a	n/a	n/a
2181.526	0	1090763	standard_tone	sapo_probe	standard	n/a	n/a	n/a	n/a	n/a
2182.528	0	1091264	standard_tone	sapo_probe	standard	n/a	n/a	n/a	n/a	n/a
2183.544	0	1091772	distractor_noise	sapo_probe	distractor	n/a	n/a	n/a	n/a	n/a
2184.544	0	1092272	oddball_tone	sapo_probe	oddball	n/a	n/a	n/a	n/a	n/a
2185.558	0	1092779	standard_tone	sapo_probe	standard	n/a	n/a	n/a	n/a	n/a
2186.558	0	1093279	standard_tone	sapo_probe	standard	n/a	n/a	n/a	n/a	n/a
2187.574	0	1093787	standard_tone	sapo_probe	standard	n/a	n/a	n/a	n/a	n/a
2188.590	0	1094295	oddball_tone	sapo_probe	oddball	n/a	n/a	n/a	n/a	n/a
2189.590	0	1094795	standard_tone	sapo_probe	standard	n/a	n/a	n/a	n/a	n/a
2190.602	0	1095301	standard_tone	sapo_probe	standard	n/a	n/a	n/a	n/a	n/a
2191.606	0	1095803	distractor_noise	sapo_probe	distractor	n/a	n/a	n/a	n/a	n/a
2192.620	0	1096310	standard_tone	sapo_probe	standard	n/a	n/a	n/a	n/a	n/a
2193.636	0	1096818	standard_tone	sapo_probe	standard	n/a	n/a	n/a	n/a	n/a
2194.650	0	1097325	standard_tone	sapo_probe	standard	n/a	n/a	n/a	n/a	n/a
2195.652	0	1097826	standard_tone	sapo_probe	standard	n/a	n/a	n/a	n/a	n/a
2196.666	0	1098333	standard_tone	sapo_probe	standard	n/a	n/a	n/a	n/a	n/a
2197.666	0	1098833	oddball_tone	sapo_probe	oddball	n/a	n/a	n/a	n/a	n/a
2198.682	0	1099341	distractor_noise	sapo_probe	distractor	n/a	n/a	n/a	n/a	n/a
2199.698	0	1099849	oddball_tone	sapo_probe	oddball	n/a	n/a	n/a	n/a	n/a
2200.712	0	1100356	distractor_noise	sapo_probe	distractor	n/a	n/a	n/a	n/a	n/a
2201.728	0	1100864	standard_tone	sapo_probe	standard	n/a	n/a	n/a	n/a	n/a
2202.728	0	1101364	standard_tone	sapo_probe	standard	n/a	n/a	n/a	n/a	n/a
2203.744	0	1101872	standard_tone	sapo_probe	standard	n/a	n/a	n/a	n/a	n/a
2204.758	0	1102379	oddball_tone	sapo_probe	oddball	n/a	n/a	n/a	n/a	n/a
2205.774	0	1102887	distractor_noise	sapo_probe	distractor	n/a	n/a	n/a	n/a	n/a
2206.792	0	1103396	standard_tone	sapo_probe	standard	n/a	n/a	n/a	n/a	n/a
2207.792	0	1103896	standard_tone	sapo_probe	standard	n/a	n/a	n/a	n/a	n/a
2208.808	0	1104404	distractor_noise	sapo_probe	distractor	n/a	n/a	n/a	n/a	n/a
2209.822	0	1104911	standard_tone	sapo_probe	standard	n/a	n/a	n/a	n/a	n/a
2210.822	0	1105411	standard_tone	sapo_probe	standard	n/a	n/a	n/a	n/a	n/a
2211.838	0	1105919	standard_tone	sapo_probe	standard	n/a	n/a	n/a	n/a	n/a
2212.854	0	1106427	standard_tone	sapo_probe	standard	n/a	n/a	n/a	n/a	n/a
2213.870	0	1106935	standard_tone	sapo_probe	standard	n/a	n/a	n/a	n/a	n/a
2214.886	0	1107443	standard_tone	sapo_probe	standard	n/a	n/a	n/a	n/a	n/a
2215.900	0	1107950	standard_tone	sapo_probe	standard	n/a	n/a	n/a	n/a	n/a
2216.916	0	1108458	standard_tone	sapo_probe	standard	n/a	n/a	n/a	n/a	n/a
2217.916	0	1108958	standard_tone	sapo_probe	standard	n/a	n/a	n/a	n/a	n/a
2218.932	0	1109466	distractor_noise	sapo_probe	distractor	n/a	n/a	n/a	n/a	n/a
2219.946	0	1109973	standard_tone	sapo_probe	standard	n/a	n/a	n/a	n/a	n/a
2220.948	0	1110474	standard_tone	sapo_probe	standard	n/a	n/a	n/a	n/a	n/a
2221.964	0	1110982	standard_tone	sapo_probe	standard	n/a	n/a	n/a	n/a	n/a
2222.978	0	1111489	distractor_noise	sapo_probe	distractor	n/a	n/a	n/a	n/a	n/a
2223.994	0	1111997	standard_tone	sapo_probe	standard	n/a	n/a	n/a	n/a	n/a
2224.994	0	1112497	oddball_tone	sapo_probe	oddball	n/a	n/a	n/a	n/a	n/a
2226.010	0	1113005	standard_tone	sapo_probe	standard	n/a	n/a	n/a	n/a	n/a
2227.026	0	1113513	distractor_noise	sapo_probe	distractor	n/a	n/a	n/a	n/a	n/a
2228.042	0	1114021	oddball_tone	sapo_probe	oddball	n/a	n/a	n/a	n/a	n/a
2229.056	0	1114528	standard_tone	sapo_probe	standard	n/a	n/a	n/a	n/a	n/a
2230.072	0	1115036	standard_tone	sapo_probe	standard	n/a	n/a	n/a	n/a	n/a
2231.090	0	1115545	standard_tone	sapo_probe	standard	n/a	n/a	n/a	n/a	n/a
2232.104	0	1116052	standard_tone	sapo_probe	standard	n/a	n/a	n/a	n/a	n/a
2233.120	0	1116560	oddball_tone	sapo_probe	oddball	n/a	n/a	n/a	n/a	n/a
2234.120	0	1117060	standard_tone	sapo_probe	standard	n/a	n/a	n/a	n/a	n/a
2235.136	0	1117568	oddball_tone	sapo_probe	oddball	n/a	n/a	n/a	n/a	n/a
2236.152	0	1118076	standard_tone	sapo_probe	standard	n/a	n/a	n/a	n/a	n/a
2237.166	0	1118583	standard_tone	sapo_probe	standard	n/a	n/a	n/a	n/a	n/a
2238.182	0	1119091	standard_tone	sapo_probe	standard	n/a	n/a	n/a	n/a	n/a
2239.200	0	1119600	standard_tone	sapo_probe	standard	n/a	n/a	n/a	n/a	n/a
2240.214	0	1120107	standard_tone	sapo_probe	standard	n/a	n/a	n/a	n/a	n/a
2241.230	0	1120615	standard_tone	sapo_probe	standard	n/a	n/a	n/a	n/a	n/a
2242.246	0	1121123	standard_tone	sapo_probe	standard	n/a	n/a	n/a	n/a	n/a
2243.246	0	1121623	standard_tone	sapo_probe	standard	n/a	n/a	n/a	n/a	n/a
2244.260	0	1122130	standard_tone	sapo_probe	standard	n/a	n/a	n/a	n/a	n/a
2245.260	0	1122630	standard_tone	sapo_probe	standard	n/a	n/a	n/a	n/a	n/a
2246.276	0	1123138	standard_tone	sapo_probe	standard	n/a	n/a	n/a	n/a	n/a
2247.276	0	1123638	standard_tone	sapo_probe	standard	n/a	n/a	n/a	n/a	n/a
2248.292	0	1124146	standard_tone	sapo_probe	standard	n/a	n/a	n/a	n/a	n/a
2249.306	0	1124653	distractor_noise	sapo_probe	distractor	n/a	n/a	n/a	n/a	n/a
2250.322	0	1125161	standard_tone	sapo_probe	standard	n/a	n/a	n/a	n/a	n/a
2251.340	0	1125670	oddball_tone	sapo_probe	oddball	n/a	n/a	n/a	n/a	n/a
2252.354	0	1126177	standard_tone	sapo_probe	standard	n/a	n/a	n/a	n/a	n/a
2253.370	0	1126685	standard_tone	sapo_probe	standard	n/a	n/a	n/a	n/a	n/a
2254.386	0	1127193	standard_tone	sapo_probe	standard	n/a	n/a	n/a	n/a	n/a
2255.402	0	1127701	standard_tone	sapo_probe	standard	n/a	n/a	n/a	n/a	n/a
2256.418	0	1128209	standard_tone	sapo_probe	standard	n/a	n/a	n/a	n/a	n/a
2257.434	0	1128717	standard_tone	sapo_probe	standard	n/a	n/a	n/a	n/a	n/a
2258.448	0	1129224	standard_tone	sapo_probe	standard	n/a	n/a	n/a	n/a	n/a
2259.450	0	1129725	standard_tone	sapo_probe	standard	n/a	n/a	n/a	n/a	n/a
2260.464	0	1130232	oddball_tone	sapo_probe	oddball	n/a	n/a	n/a	n/a	n/a
2261.480	0	1130740	standard_tone	sapo_probe	standard	n/a	n/a	n/a	n/a	n/a
2262.496	0	1131248	standard_tone	sapo_probe	standard	n/a	n/a	n/a	n/a	n/a
2263.512	0	1131756	standard_tone	sapo_probe	standard	n/a	n/a	n/a	n/a	n/a
2264.528	0	1132264	standard_tone	sapo_probe	standard	n/a	n/a	n/a	n/a	n/a
2265.544	0	1132772	standard_tone	sapo_probe	standard	n/a	n/a	n/a	n/a	n/a
2266.560	0	1133280	standard_tone	sapo_probe	standard	n/a	n/a	n/a	n/a	n/a
2267.574	0	1133787	standard_tone	sapo_probe	standard	n/a	n/a	n/a	n/a	n/a
2268.592	0	1134296	standard_tone	sapo_probe	standard	n/a	n/a	n/a	n/a	n/a
2269.608	0	1134804	standard_tone	sapo_probe	standard	n/a	n/a	n/a	n/a	n/a
2270.622	0	1135311	standard_tone	sapo_probe	standard	n/a	n/a	n/a	n/a	n/a
2271.638	0	1135819	standard_tone	sapo_probe	standard	n/a	n/a	n/a	n/a	n/a
2272.654	0	1136327	oddball_tone	sapo_probe	oddball	n/a	n/a	n/a	n/a	n/a
2273.670	0	1136835	standard_tone	sapo_probe	standard	n/a	n/a	n/a	n/a	n/a
2274.684	0	1137342	standard_tone	sapo_probe	standard	n/a	n/a	n/a	n/a	n/a
2275.236	0	1137618	silence_end	sapo_probe	silence-end	n/a	n/a	n/a	n/a	n/a
2275.236	0	1137618	gong_begin	sapo_probe	gong-begin	n/a	n/a	n/a	n/a	n/a
2285.376	0	1142688	gong_end	sapo_probe	gong-end	n/a	n/a	n/a	n/a	n/a
2285.378	0	1142689	subblock_end	sapo_probe	subblock-end-duration-126.21	n/a	n/a	n/a	126.210	n/a
2285.378	0	1142689	subblock_begin	sapo_probe	subblock-begin	n/a	n/a	n/a	n/a	n/a
2285.378	0	1142689	silence_begin	sapo_probe	silence-begin	n/a	n/a	n/a	n/a	n/a
2285.394	0	1142697	standard_tone	sapo_probe	standard	n/a	n/a	n/a	n/a	n/a
2286.410	0	1143205	standard_tone	sapo_probe	standard	n/a	n/a	n/a	n/a	n/a
2287.424	0	1143712	oddball_tone	sapo_probe	oddball	n/a	n/a	n/a	n/a	n/a
2288.424	0	1144212	standard_tone	sapo_probe	standard	n/a	n/a	n/a	n/a	n/a
2289.440	0	1144720	oddball_tone	sapo_probe	oddball	n/a	n/a	n/a	n/a	n/a
2290.440	0	1145220	standard_tone	sapo_probe	standard	n/a	n/a	n/a	n/a	n/a
2291.456	0	1145728	standard_tone	sapo_probe	standard	n/a	n/a	n/a	n/a	n/a
2292.470	0	1146235	distractor_noise	sapo_probe	distractor	n/a	n/a	n/a	n/a	n/a
2293.470	0	1146735	standard_tone	sapo_probe	standard	n/a	n/a	n/a	n/a	n/a
2294.486	0	1147243	standard_tone	sapo_probe	standard	n/a	n/a	n/a	n/a	n/a
2295.486	0	1147743	standard_tone	sapo_probe	standard	n/a	n/a	n/a	n/a	n/a
2296.500	0	1148250	standard_tone	sapo_probe	standard	n/a	n/a	n/a	n/a	n/a
2297.516	0	1148758	standard_tone	sapo_probe	standard	n/a	n/a	n/a	n/a	n/a
2298.534	0	1149267	standard_tone	sapo_probe	standard	n/a	n/a	n/a	n/a	n/a
2299.548	0	1149774	standard_tone	sapo_probe	standard	n/a	n/a	n/a	n/a	n/a
2300.548	0	1150274	standard_tone	sapo_probe	standard	n/a	n/a	n/a	n/a	n/a
2301.562	0	1150781	oddball_tone	sapo_probe	oddball	n/a	n/a	n/a	n/a	n/a
2302.580	0	1151290	standard_tone	sapo_probe	standard	n/a	n/a	n/a	n/a	n/a
2303.594	0	1151797	standard_tone	sapo_probe	standard	n/a	n/a	n/a	n/a	n/a
2304.594	0	1152297	standard_tone	sapo_probe	standard	n/a	n/a	n/a	n/a	n/a
2305.612	0	1152806	standard_tone	sapo_probe	standard	n/a	n/a	n/a	n/a	n/a
2306.626	0	1153313	standard_tone	sapo_probe	standard	n/a	n/a	n/a	n/a	n/a
2307.626	0	1153813	oddball_tone	sapo_probe	oddball	n/a	n/a	n/a	n/a	n/a
2308.642	0	1154321	standard_tone	sapo_probe	standard	n/a	n/a	n/a	n/a	n/a
2309.656	0	1154828	standard_tone	sapo_probe	standard	n/a	n/a	n/a	n/a	n/a
2310.672	0	1155336	oddball_tone	sapo_probe	oddball	n/a	n/a	n/a	n/a	n/a
2311.672	0	1155836	standard_tone	sapo_probe	standard	n/a	n/a	n/a	n/a	n/a
2312.688	0	1156344	oddball_tone	sapo_probe	oddball	n/a	n/a	n/a	n/a	n/a
2313.704	0	1156852	standard_tone	sapo_probe	standard	n/a	n/a	n/a	n/a	n/a
2314.720	0	1157360	standard_tone	sapo_probe	standard	n/a	n/a	n/a	n/a	n/a
2315.736	0	1157868	standard_tone	sapo_probe	standard	n/a	n/a	n/a	n/a	n/a
2316.754	0	1158377	standard_tone	sapo_probe	standard	n/a	n/a	n/a	n/a	n/a
2317.768	0	1158884	standard_tone	sapo_probe	standard	n/a	n/a	n/a	n/a	n/a
2318.784	0	1159392	standard_tone	sapo_probe	standard	n/a	n/a	n/a	n/a	n/a
2319.798	0	1159899	standard_tone	sapo_probe	standard	n/a	n/a	n/a	n/a	n/a
2320.798	0	1160399	standard_tone	sapo_probe	standard	n/a	n/a	n/a	n/a	n/a
2321.814	0	1160907	oddball_tone	sapo_probe	oddball	n/a	n/a	n/a	n/a	n/a
2322.814	0	1161407	standard_tone	sapo_probe	standard	n/a	n/a	n/a	n/a	n/a
2323.828	0	1161914	standard_tone	sapo_probe	standard	n/a	n/a	n/a	n/a	n/a
2324.844	0	1162422	oddball_tone	sapo_probe	oddball	n/a	n/a	n/a	n/a	n/a
2325.844	0	1162922	distractor_noise	sapo_probe	distractor	n/a	n/a	n/a	n/a	n/a
2326.860	0	1163430	standard_tone	sapo_probe	standard	n/a	n/a	n/a	n/a	n/a
2327.874	0	1163937	standard_tone	sapo_probe	standard	n/a	n/a	n/a	n/a	n/a
2328.876	0	1164438	standard_tone	sapo_probe	standard	n/a	n/a	n/a	n/a	n/a
2329.890	0	1164945	standard_tone	sapo_probe	standard	n/a	n/a	n/a	n/a	n/a
2330.908	0	1165454	oddball_tone	sapo_probe	oddball	n/a	n/a	n/a	n/a	n/a
2331.922	0	1165961	standard_tone	sapo_probe	standard	n/a	n/a	n/a	n/a	n/a
2332.938	0	1166469	distractor_noise	sapo_probe	distractor	n/a	n/a	n/a	n/a	n/a
2333.954	0	1166977	standard_tone	sapo_probe	standard	n/a	n/a	n/a	n/a	n/a
2334.968	0	1167484	standard_tone	sapo_probe	standard	n/a	n/a	n/a	n/a	n/a
2335.984	0	1167992	distractor_noise	sapo_probe	distractor	n/a	n/a	n/a	n/a	n/a
2337.000	0	1168500	standard_tone	sapo_probe	standard	n/a	n/a	n/a	n/a	n/a
2338.016	0	1169008	standard_tone	sapo_probe	standard	n/a	n/a	n/a	n/a	n/a
2339.016	0	1169508	standard_tone	sapo_probe	standard	n/a	n/a	n/a	n/a	n/a
2340.034	0	1170017	standard_tone	sapo_probe	standard	n/a	n/a	n/a	n/a	n/a
2341.050	0	1170525	standard_tone	sapo_probe	standard	n/a	n/a	n/a	n/a	n/a
2342.064	0	1171032	standard_tone	sapo_probe	standard	n/a	n/a	n/a	n/a	n/a
2343.080	0	1171540	standard_tone	sapo_probe	standard	n/a	n/a	n/a	n/a	n/a
2344.096	0	1172048	oddball_tone	sapo_probe	oddball	n/a	n/a	n/a	n/a	n/a
2345.112	0	1172556	standard_tone	sapo_probe	standard	n/a	n/a	n/a	n/a	n/a
2346.126	0	1173063	standard_tone	sapo_probe	standard	n/a	n/a	n/a	n/a	n/a
2347.142	0	1173571	oddball_tone	sapo_probe	oddball	n/a	n/a	n/a	n/a	n/a
2348.142	0	1174071	standard_tone	sapo_probe	standard	n/a	n/a	n/a	n/a	n/a
2349.160	0	1174580	standard_tone	sapo_probe	standard	n/a	n/a	n/a	n/a	n/a
2350.174	0	1175087	standard_tone	sapo_probe	standard	n/a	n/a	n/a	n/a	n/a
2351.190	0	1175595	oddball_tone	sapo_probe	oddball	n/a	n/a	n/a	n/a	n/a
2352.206	0	1176103	standard_tone	sapo_probe	standard	n/a	n/a	n/a	n/a	n/a
2353.222	0	1176611	standard_tone	sapo_probe	standard	n/a	n/a	n/a	n/a	n/a
2354.238	0	1177119	standard_tone	sapo_probe	standard	n/a	n/a	n/a	n/a	n/a
2355.252	0	1177626	standard_tone	sapo_probe	standard	n/a	n/a	n/a	n/a	n/a
2356.252	0	1178126	standard_tone	sapo_probe	standard	n/a	n/a	n/a	n/a	n/a
2357.268	0	1178634	standard_tone	sapo_probe	standard	n/a	n/a	n/a	n/a	n/a
2358.280	0	1179140	standard_tone	sapo_probe	standard	n/a	n/a	n/a	n/a	n/a
2359.282	0	1179641	oddball_tone	sapo_probe	oddball	n/a	n/a	n/a	n/a	n/a
2360.298	0	1180149	standard_tone	sapo_probe	standard	n/a	n/a	n/a	n/a	n/a
2361.314	0	1180657	standard_tone	sapo_probe	standard	n/a	n/a	n/a	n/a	n/a
2361.764	0	1180882	prompt_window_begin	sapo_probe	probe-sapo-probe-begin	n/a	n/a	n/a	n/a	n/a
2368.756	0	1184378	clicker_press	sapo_probe	response-received-arrow_up	n/a	n/a	n/a	n/a	arrow_up
2369.106	0	1184553	clicker_press	sapo_probe	response-received-arrow_up	n/a	n/a	n/a	n/a	arrow_up
2369.538	0	1184769	clicker_press	sapo_probe	response-received-arrow_up	n/a	n/a	n/a	n/a	arrow_up
2370.806	0	1185403	depth_rating	sapo_probe	rating-sapo-probe-meditation_depth-3	3	n/a	n/a	n/a	n/a
2374.668	0	1187334	clicker_press	sapo_probe	response-received-arrow_up	n/a	n/a	n/a	n/a	arrow_up
2375.120	0	1187560	clicker_press	sapo_probe	response-received-arrow_up	n/a	n/a	n/a	n/a	arrow_up
2375.636	0	1187818	clicker_press	sapo_probe	response-received-arrow_up	n/a	n/a	n/a	n/a	arrow_up
2376.268	0	1188134	clicker_press	sapo_probe	response-received-arrow_up	n/a	n/a	n/a	n/a	arrow_up
2380.916	0	1190458	confidence_rating	sapo_probe	rating-sapo-probe-confidence_depth-4	n/a	4	n/a	n/a	n/a
2384.460	0	1192230	prompt_window_end	sapo_probe	probe-sapo-probe-end	n/a	n/a	n/a	n/a	n/a
2384.476	0	1192238	standard_tone	sapo_probe	standard	n/a	n/a	n/a	n/a	n/a
2385.476	0	1192738	standard_tone	sapo_probe	standard	n/a	n/a	n/a	n/a	n/a
2386.476	0	1193238	oddball_tone	sapo_probe	oddball	n/a	n/a	n/a	n/a	n/a
2387.492	0	1193746	standard_tone	sapo_probe	standard	n/a	n/a	n/a	n/a	n/a
2388.508	0	1194254	standard_tone	sapo_probe	standard	n/a	n/a	n/a	n/a	n/a
2389.524	0	1194762	standard_tone	sapo_probe	standard	n/a	n/a	n/a	n/a	n/a
2390.540	0	1195270	standard_tone	sapo_probe	standard	n/a	n/a	n/a	n/a	n/a
2391.540	0	1195770	standard_tone	sapo_probe	standard	n/a	n/a	n/a	n/a	n/a
2392.556	0	1196278	standard_tone	sapo_probe	standard	n/a	n/a	n/a	n/a	n/a
2393.572	0	1196786	standard_tone	sapo_probe	standard	n/a	n/a	n/a	n/a	n/a
2394.588	0	1197294	standard_tone	sapo_probe	standard	n/a	n/a	n/a	n/a	n/a
2395.604	0	1197802	distractor_noise	sapo_probe	distractor	n/a	n/a	n/a	n/a	n/a
2396.618	0	1198309	standard_tone	sapo_probe	standard	n/a	n/a	n/a	n/a	n/a
2397.636	0	1198818	distractor_noise	sapo_probe	distractor	n/a	n/a	n/a	n/a	n/a
2398.650	0	1199325	oddball_tone	sapo_probe	oddball	n/a	n/a	n/a	n/a	n/a
2399.666	0	1199833	distractor_noise	sapo_probe	distractor	n/a	n/a	n/a	n/a	n/a
2400.666	0	1200333	standard_tone	sapo_probe	standard	n/a	n/a	n/a	n/a	n/a
2401.682	0	1200841	oddball_tone	sapo_probe	oddball	n/a	n/a	n/a	n/a	n/a
2402.696	0	1201348	standard_tone	sapo_probe	standard	n/a	n/a	n/a	n/a	n/a
2403.696	0	1201848	standard_tone	sapo_probe	standard	n/a	n/a	n/a	n/a	n/a
2404.712	0	1202356	standard_tone	sapo_probe	standard	n/a	n/a	n/a	n/a	n/a
2405.728	0	1202864	standard_tone	sapo_probe	standard	n/a	n/a	n/a	n/a	n/a
2406.742	0	1203371	distractor_noise	sapo_probe	distractor	n/a	n/a	n/a	n/a	n/a
2407.760	0	1203880	standard_tone	sapo_probe	standard	n/a	n/a	n/a	n/a	n/a
2408.774	0	1204387	distractor_noise	sapo_probe	distractor	n/a	n/a	n/a	n/a	n/a
2409.774	0	1204887	standard_tone	sapo_probe	standard	n/a	n/a	n/a	n/a	n/a
2410.790	0	1205395	standard_tone	sapo_probe	standard	n/a	n/a	n/a	n/a	n/a
2411.806	0	1205903	standard_tone	sapo_probe	standard	n/a	n/a	n/a	n/a	n/a
2412.820	0	1206410	distractor_noise	sapo_probe	distractor	n/a	n/a	n/a	n/a	n/a
2413.822	0	1206911	standard_tone	sapo_probe	standard	n/a	n/a	n/a	n/a	n/a
2414.386	0	1207193	silence_end	sapo_probe	silence-end	n/a	n/a	n/a	n/a	n/a
2414.388	0	1207194	subblock_end	sapo_probe	subblock-end-duration-129.01	n/a	n/a	n/a	129.010	n/a
2414.388	0	1207194	subblock_begin	sapo_probe	subblock-begin	n/a	n/a	n/a	n/a	n/a
2414.388	0	1207194	silence_begin	sapo_probe	silence-begin	n/a	n/a	n/a	n/a	n/a
2414.836	0	1207418	standard_tone	sapo_probe	standard	n/a	n/a	n/a	n/a	n/a
2415.852	0	1207926	standard_tone	sapo_probe	standard	n/a	n/a	n/a	n/a	n/a
2416.852	0	1208426	standard_tone	sapo_probe	standard	n/a	n/a	n/a	n/a	n/a
2417.868	0	1208934	standard_tone	sapo_probe	standard	n/a	n/a	n/a	n/a	n/a
2418.868	0	1209434	oddball_tone	sapo_probe	oddball	n/a	n/a	n/a	n/a	n/a
2419.882	0	1209941	standard_tone	sapo_probe	standard	n/a	n/a	n/a	n/a	n/a
2420.898	0	1210449	standard_tone	sapo_probe	standard	n/a	n/a	n/a	n/a	n/a
2421.914	0	1210957	standard_tone	sapo_probe	standard	n/a	n/a	n/a	n/a	n/a
2422.930	0	1211465	standard_tone	sapo_probe	standard	n/a	n/a	n/a	n/a	n/a
2423.932	0	1211966	standard_tone	sapo_probe	standard	n/a	n/a	n/a	n/a	n/a
2424.946	0	1212473	standard_tone	sapo_probe	standard	n/a	n/a	n/a	n/a	n/a
2425.960	0	1212980	standard_tone	sapo_probe	standard	n/a	n/a	n/a	n/a	n/a
2426.976	0	1213488	standard_tone	sapo_probe	standard	n/a	n/a	n/a	n/a	n/a
2427.992	0	1213996	standard_tone	sapo_probe	standard	n/a	n/a	n/a	n/a	n/a
2429.008	0	1214504	standard_tone	sapo_probe	standard	n/a	n/a	n/a	n/a	n/a
2430.024	0	1215012	standard_tone	sapo_probe	standard	n/a	n/a	n/a	n/a	n/a
2431.040	0	1215520	standard_tone	sapo_probe	standard	n/a	n/a	n/a	n/a	n/a
2432.056	0	1216028	standard_tone	sapo_probe	standard	n/a	n/a	n/a	n/a	n/a
2433.072	0	1216536	standard_tone	sapo_probe	standard	n/a	n/a	n/a	n/a	n/a
2434.088	0	1217044	distractor_noise	sapo_probe	distractor	n/a	n/a	n/a	n/a	n/a
2435.104	0	1217552	standard_tone	sapo_probe	standard	n/a	n/a	n/a	n/a	n/a
2436.120	0	1218060	standard_tone	sapo_probe	standard	n/a	n/a	n/a	n/a	n/a
2437.134	0	1218567	standard_tone	sapo_probe	standard	n/a	n/a	n/a	n/a	n/a
2438.150	0	1219075	standard_tone	sapo_probe	standard	n/a	n/a	n/a	n/a	n/a
2439.166	0	1219583	standard_tone	sapo_probe	standard	n/a	n/a	n/a	n/a	n/a
2440.182	0	1220091	standard_tone	sapo_probe	standard	n/a	n/a	n/a	n/a	n/a
2441.182	0	1220591	standard_tone	sapo_probe	standard	n/a	n/a	n/a	n/a	n/a
2442.200	0	1221100	distractor_noise	sapo_probe	distractor	n/a	n/a	n/a	n/a	n/a
2443.214	0	1221607	standard_tone	sapo_probe	standard	n/a	n/a	n/a	n/a	n/a
2444.228	0	1222114	standard_tone	sapo_probe	standard	n/a	n/a	n/a	n/a	n/a
2445.230	0	1222615	standard_tone	sapo_probe	standard	n/a	n/a	n/a	n/a	n/a
2446.244	0	1223122	oddball_tone	sapo_probe	oddball	n/a	n/a	n/a	n/a	n/a
2447.260	0	1223630	standard_tone	sapo_probe	standard	n/a	n/a	n/a	n/a	n/a
2448.274	0	1224137	standard_tone	sapo_probe	standard	n/a	n/a	n/a	n/a	n/a
2449.274	0	1224637	standard_tone	sapo_probe	standard	n/a	n/a	n/a	n/a	n/a
2450.290	0	1225145	standard_tone	sapo_probe	standard	n/a	n/a	n/a	n/a	n/a
2451.306	0	1225653	standard_tone	sapo_probe	standard	n/a	n/a	n/a	n/a	n/a
2452.324	0	1226162	standard_tone	sapo_probe	standard	n/a	n/a	n/a	n/a	n/a
2453.338	0	1226669	standard_tone	sapo_probe	standard	n/a	n/a	n/a	n/a	n/a
2454.354	0	1227177	standard_tone	sapo_probe	standard	n/a	n/a	n/a	n/a	n/a
2455.370	0	1227685	standard_tone	sapo_probe	standard	n/a	n/a	n/a	n/a	n/a
2456.386	0	1228193	standard_tone	sapo_probe	standard	n/a	n/a	n/a	n/a	n/a
2457.402	0	1228701	standard_tone	sapo_probe	standard	n/a	n/a	n/a	n/a	n/a
2458.416	0	1229208	standard_tone	sapo_probe	standard	n/a	n/a	n/a	n/a	n/a
2459.432	0	1229716	standard_tone	sapo_probe	standard	n/a	n/a	n/a	n/a	n/a
2460.450	0	1230225	standard_tone	sapo_probe	standard	n/a	n/a	n/a	n/a	n/a
2461.460	0	1230730	standard_tone	sapo_probe	standard	n/a	n/a	n/a	n/a	n/a
2462.464	0	1231232	standard_tone	sapo_probe	standard	n/a	n/a	n/a	n/a	n/a
2463.480	0	1231740	distractor_noise	sapo_probe	distractor	n/a	n/a	n/a	n/a	n/a
2464.496	0	1232248	standard_tone	sapo_probe	standard	n/a	n/a	n/a	n/a	n/a
2465.512	0	1232756	oddball_tone	sapo_probe	oddball	n/a	n/a	n/a	n/a	n/a
2466.528	0	1233264	standard_tone	sapo_probe	standard	n/a	n/a	n/a	n/a	n/a
2467.544	0	1233772	distractor_noise	sapo_probe	distractor	n/a	n/a	n/a	n/a	n/a
2468.560	0	1234280	standard_tone	sapo_probe	standard	n/a	n/a	n/a	n/a	n/a
2469.576	0	1234788	standard_tone	sapo_probe	standard	n/a	n/a	n/a	n/a	n/a
2470.592	0	1235296	standard_tone	sapo_probe	standard	n/a	n/a	n/a	n/a	n/a
2471.606	0	1235803	standard_tone	sapo_probe	standard	n/a	n/a	n/a	n/a	n/a
2472.606	0	1236303	standard_tone	sapo_probe	standard	n/a	n/a	n/a	n/a	n/a
2473.620	0	1236810	distractor_noise	sapo_probe	distractor	n/a	n/a	n/a	n/a	n/a
2474.636	0	1237318	oddball_tone	sapo_probe	oddball	n/a	n/a	n/a	n/a	n/a
2475.652	0	1237826	standard_tone	sapo_probe	standard	n/a	n/a	n/a	n/a	n/a
2476.652	0	1238326	standard_tone	sapo_probe	standard	n/a	n/a	n/a	n/a	n/a
2477.668	0	1238834	standard_tone	sapo_probe	standard	n/a	n/a	n/a	n/a	n/a
2478.684	0	1239342	distractor_noise	sapo_probe	distractor	n/a	n/a	n/a	n/a	n/a
2479.700	0	1239850	standard_tone	sapo_probe	standard	n/a	n/a	n/a	n/a	n/a
2480.700	0	1240350	standard_tone	sapo_probe	standard	n/a	n/a	n/a	n/a	n/a
2481.714	0	1240857	standard_tone	sapo_probe	standard	n/a	n/a	n/a	n/a	n/a
2482.732	0	1241366	standard_tone	sapo_probe	standard	n/a	n/a	n/a	n/a	n/a
2483.746	0	1241873	oddball_tone	sapo_probe	oddball	n/a	n/a	n/a	n/a	n/a
2484.762	0	1242381	standard_tone	sapo_probe	standard	n/a	n/a	n/a	n/a	n/a
2485.778	0	1242889	distractor_noise	sapo_probe	distractor	n/a	n/a	n/a	n/a	n/a
2486.794	0	1243397	oddball_tone	sapo_probe	oddball	n/a	n/a	n/a	n/a	n/a
2487.810	0	1243905	standard_tone	sapo_probe	standard	n/a	n/a	n/a	n/a	n/a
2488.826	0	1244413	standard_tone	sapo_probe	standard	n/a	n/a	n/a	n/a	n/a
2489.842	0	1244921	standard_tone	sapo_probe	standard	n/a	n/a	n/a	n/a	n/a
2490.842	0	1245421	standard_tone	sapo_probe	standard	n/a	n/a	n/a	n/a	n/a
2491.854	0	1245927	standard_tone	sapo_probe	standard	n/a	n/a	n/a	n/a	n/a
2492.856	0	1246428	standard_tone	sapo_probe	standard	n/a	n/a	n/a	n/a	n/a
2493.872	0	1246936	standard_tone	sapo_probe	standard	n/a	n/a	n/a	n/a	n/a
2494.888	0	1247444	standard_tone	sapo_probe	standard	n/a	n/a	n/a	n/a	n/a
2495.902	0	1247951	standard_tone	sapo_probe	standard	n/a	n/a	n/a	n/a	n/a
2496.918	0	1248459	standard_tone	sapo_probe	standard	n/a	n/a	n/a	n/a	n/a
2497.934	0	1248967	standard_tone	sapo_probe	standard	n/a	n/a	n/a	n/a	n/a
2498.936	0	1249468	standard_tone	sapo_probe	standard	n/a	n/a	n/a	n/a	n/a
2499.950	0	1249975	standard_tone	sapo_probe	standard	n/a	n/a	n/a	n/a	n/a
2500.966	0	1250483	standard_tone	sapo_probe	standard	n/a	n/a	n/a	n/a	n/a
2501.982	0	1250991	oddball_tone	sapo_probe	oddball	n/a	n/a	n/a	n/a	n/a
2502.996	0	1251498	distractor_noise	sapo_probe	distractor	n/a	n/a	n/a	n/a	n/a
2504.012	0	1252006	standard_tone	sapo_probe	standard	n/a	n/a	n/a	n/a	n/a
2505.012	0	1252506	standard_tone	sapo_probe	standard	n/a	n/a	n/a	n/a	n/a
2506.012	0	1253006	standard_tone	sapo_probe	standard	n/a	n/a	n/a	n/a	n/a
2507.026	0	1253513	oddball_tone	sapo_probe	oddball	n/a	n/a	n/a	n/a	n/a
2508.026	0	1254013	standard_tone	sapo_probe	standard	n/a	n/a	n/a	n/a	n/a
2509.042	0	1254521	standard_tone	sapo_probe	standard	n/a	n/a	n/a	n/a	n/a
2510.058	0	1255029	standard_tone	sapo_probe	standard	n/a	n/a	n/a	n/a	n/a
2511.074	0	1255537	distractor_noise	sapo_probe	distractor	n/a	n/a	n/a	n/a	n/a
2512.090	0	1256045	standard_tone	sapo_probe	standard	n/a	n/a	n/a	n/a	n/a
2513.104	0	1256552	standard_tone	sapo_probe	standard	n/a	n/a	n/a	n/a	n/a
2514.122	0	1257061	standard_tone	sapo_probe	standard	n/a	n/a	n/a	n/a	n/a
2515.138	0	1257569	standard_tone	sapo_probe	standard	n/a	n/a	n/a	n/a	n/a
2516.220	0	1258110	silence_end	sapo_probe	silence-end	n/a	n/a	n/a	n/a	n/a
2516.222	0	1258111	subblock_end	sapo_probe	subblock-end-duration-101.832	n/a	n/a	n/a	101.832	n/a
2516.222	0	1258111	subblock_begin	sapo_probe	subblock-begin	n/a	n/a	n/a	n/a	n/a
2516.222	0	1258111	silence_begin	sapo_probe	silence-begin	n/a	n/a	n/a	n/a	n/a
2516.224	0	1258112	standard_tone	sapo_probe	standard	n/a	n/a	n/a	n/a	n/a
2517.236	0	1258618	standard_tone	sapo_probe	standard	n/a	n/a	n/a	n/a	n/a
2518.252	0	1259126	distractor_noise	sapo_probe	distractor	n/a	n/a	n/a	n/a	n/a
2519.268	0	1259634	standard_tone	sapo_probe	standard	n/a	n/a	n/a	n/a	n/a
2520.282	0	1260141	standard_tone	sapo_probe	standard	n/a	n/a	n/a	n/a	n/a
2521.298	0	1260649	standard_tone	sapo_probe	standard	n/a	n/a	n/a	n/a	n/a
2522.314	0	1261157	standard_tone	sapo_probe	standard	n/a	n/a	n/a	n/a	n/a
2523.332	0	1261666	distractor_noise	sapo_probe	distractor	n/a	n/a	n/a	n/a	n/a
2524.346	0	1262173	standard_tone	sapo_probe	standard	n/a	n/a	n/a	n/a	n/a
2525.362	0	1262681	standard_tone	sapo_probe	standard	n/a	n/a	n/a	n/a	n/a
2526.378	0	1263189	standard_tone	sapo_probe	standard	n/a	n/a	n/a	n/a	n/a
2527.378	0	1263689	standard_tone	sapo_probe	standard	n/a	n/a	n/a	n/a	n/a
2528.392	0	1264196	oddball_tone	sapo_probe	oddball	n/a	n/a	n/a	n/a	n/a
2529.410	0	1264705	standard_tone	sapo_probe	standard	n/a	n/a	n/a	n/a	n/a
2530.408	0	1265204	standard_tone	sapo_probe	standard	n/a	n/a	n/a	n/a	n/a
2531.424	0	1265712	standard_tone	sapo_probe	standard	n/a	n/a	n/a	n/a	n/a
2532.440	0	1266220	standard_tone	sapo_probe	standard	n/a	n/a	n/a	n/a	n/a
2533.456	0	1266728	standard_tone	sapo_probe	standard	n/a	n/a	n/a	n/a	n/a
2534.470	0	1267235	standard_tone	sapo_probe	standard	n/a	n/a	n/a	n/a	n/a
2535.470	0	1267735	standard_tone	sapo_probe	standard	n/a	n/a	n/a	n/a	n/a
2536.486	0	1268243	oddball_tone	sapo_probe	oddball	n/a	n/a	n/a	n/a	n/a
2537.502	0	1268751	standard_tone	sapo_probe	standard	n/a	n/a	n/a	n/a	n/a
2538.518	0	1269259	oddball_tone	sapo_probe	oddball	n/a	n/a	n/a	n/a	n/a
2539.518	0	1269759	standard_tone	sapo_probe	standard	n/a	n/a	n/a	n/a	n/a
2540.532	0	1270266	standard_tone	sapo_probe	standard	n/a	n/a	n/a	n/a	n/a
2541.548	0	1270774	standard_tone	sapo_probe	standard	n/a	n/a	n/a	n/a	n/a
2542.564	0	1271282	standard_tone	sapo_probe	standard	n/a	n/a	n/a	n/a	n/a
2543.580	0	1271790	standard_tone	sapo_probe	standard	n/a	n/a	n/a	n/a	n/a
2544.592	0	1272296	standard_tone	sapo_probe	standard	n/a	n/a	n/a	n/a	n/a
2545.596	0	1272798	standard_tone	sapo_probe	standard	n/a	n/a	n/a	n/a	n/a
2546.596	0	1273298	standard_tone	sapo_probe	standard	n/a	n/a	n/a	n/a	n/a
2547.612	0	1273806	standard_tone	sapo_probe	standard	n/a	n/a	n/a	n/a	n/a
2548.626	0	1274313	oddball_tone	sapo_probe	oddball	n/a	n/a	n/a	n/a	n/a
2549.626	0	1274813	standard_tone	sapo_probe	standard	n/a	n/a	n/a	n/a	n/a
2550.642	0	1275321	standard_tone	sapo_probe	standard	n/a	n/a	n/a	n/a	n/a
2551.656	0	1275828	oddball_tone	sapo_probe	oddball	n/a	n/a	n/a	n/a	n/a
2552.656	0	1276328	standard_tone	sapo_probe	standard	n/a	n/a	n/a	n/a	n/a
2553.672	0	1276836	standard_tone	sapo_probe	standard	n/a	n/a	n/a	n/a	n/a
2554.688	0	1277344	standard_tone	sapo_probe	standard	n/a	n/a	n/a	n/a	n/a
2555.704	0	1277852	standard_tone	sapo_probe	standard	n/a	n/a	n/a	n/a	n/a
2556.718	0	1278359	distractor_noise	sapo_probe	distractor	n/a	n/a	n/a	n/a	n/a
2557.720	0	1278860	standard_tone	sapo_probe	standard	n/a	n/a	n/a	n/a	n/a
2558.734	0	1279367	standard_tone	sapo_probe	standard	n/a	n/a	n/a	n/a	n/a
2559.734	0	1279867	oddball_tone	sapo_probe	oddball	n/a	n/a	n/a	n/a	n/a
2560.748	0	1280374	standard_tone	sapo_probe	standard	n/a	n/a	n/a	n/a	n/a
2561.766	0	1280883	standard_tone	sapo_probe	standard	n/a	n/a	n/a	n/a	n/a
2562.782	0	1281391	standard_tone	sapo_probe	standard	n/a	n/a	n/a	n/a	n/a
2563.796	0	1281898	standard_tone	sapo_probe	standard	n/a	n/a	n/a	n/a	n/a
2564.812	0	1282406	standard_tone	sapo_probe	standard	n/a	n/a	n/a	n/a	n/a
2565.830	0	1282915	standard_tone	sapo_probe	standard	n/a	n/a	n/a	n/a	n/a
2566.844	0	1283422	standard_tone	sapo_probe	standard	n/a	n/a	n/a	n/a	n/a
2567.844	0	1283922	standard_tone	sapo_probe	standard	n/a	n/a	n/a	n/a	n/a
2568.860	0	1284430	standard_tone	sapo_probe	standard	n/a	n/a	n/a	n/a	n/a
2569.876	0	1284938	standard_tone	sapo_probe	standard	n/a	n/a	n/a	n/a	n/a
2570.890	0	1285445	distractor_noise	sapo_probe	distractor	n/a	n/a	n/a	n/a	n/a
2571.906	0	1285953	standard_tone	sapo_probe	standard	n/a	n/a	n/a	n/a	n/a
2572.922	0	1286461	standard_tone	sapo_probe	standard	n/a	n/a	n/a	n/a	n/a
2573.938	0	1286969	distractor_noise	sapo_probe	distractor	n/a	n/a	n/a	n/a	n/a
2574.952	0	1287476	standard_tone	sapo_probe	standard	n/a	n/a	n/a	n/a	n/a
2575.954	0	1287977	distractor_noise	sapo_probe	distractor	n/a	n/a	n/a	n/a	n/a
2576.970	0	1288485	standard_tone	sapo_probe	standard	n/a	n/a	n/a	n/a	n/a
2577.986	0	1288993	oddball_tone	sapo_probe	oddball	n/a	n/a	n/a	n/a	n/a
2578.984	0	1289492	standard_tone	sapo_probe	standard	n/a	n/a	n/a	n/a	n/a
2580.000	0	1290000	standard_tone	sapo_probe	standard	n/a	n/a	n/a	n/a	n/a
2581.016	0	1290508	standard_tone	sapo_probe	standard	n/a	n/a	n/a	n/a	n/a
2582.024	0	1291012	standard_tone	sapo_probe	standard	n/a	n/a	n/a	n/a	n/a
2583.030	0	1291515	oddball_tone	sapo_probe	oddball	n/a	n/a	n/a	n/a	n/a
2584.046	0	1292023	standard_tone	sapo_probe	standard	n/a	n/a	n/a	n/a	n/a
2585.048	0	1292524	standard_tone	sapo_probe	standard	n/a	n/a	n/a	n/a	n/a
2586.060	0	1293030	oddball_tone	sapo_probe	oddball	n/a	n/a	n/a	n/a	n/a
2587.062	0	1293531	standard_tone	sapo_probe	standard	n/a	n/a	n/a	n/a	n/a
2588.078	0	1294039	standard_tone	sapo_probe	standard	n/a	n/a	n/a	n/a	n/a
2589.092	0	1294546	standard_tone	sapo_probe	standard	n/a	n/a	n/a	n/a	n/a
2590.108	0	1295054	standard_tone	sapo_probe	standard	n/a	n/a	n/a	n/a	n/a
2591.124	0	1295562	standard_tone	sapo_probe	standard	n/a	n/a	n/a	n/a	n/a
2592.140	0	1296070	distractor_noise	sapo_probe	distractor	n/a	n/a	n/a	n/a	n/a
2593.154	0	1296577	standard_tone	sapo_probe	standard	n/a	n/a	n/a	n/a	n/a
2594.172	0	1297086	standard_tone	sapo_probe	standard	n/a	n/a	n/a	n/a	n/a
2595.188	0	1297594	standard_tone	sapo_probe	standard	n/a	n/a	n/a	n/a	n/a
2596.188	0	1298094	distractor_noise	sapo_probe	distractor	n/a	n/a	n/a	n/a	n/a
2597.202	0	1298601	standard_tone	sapo_probe	standard	n/a	n/a	n/a	n/a	n/a
2598.218	0	1299109	standard_tone	sapo_probe	standard	n/a	n/a	n/a	n/a	n/a
2599.234	0	1299617	standard_tone	sapo_probe	standard	n/a	n/a	n/a	n/a	n/a
2600.250	0	1300125	distractor_noise	sapo_probe	distractor	n/a	n/a	n/a	n/a	n/a
2601.266	0	1300633	standard_tone	sapo_probe	standard	n/a	n/a	n/a	n/a	n/a
2602.282	0	1301141	standard_tone	sapo_probe	standard	n/a	n/a	n/a	n/a	n/a
2603.298	0	1301649	standard_tone	sapo_probe	standard	n/a	n/a	n/a	n/a	n/a
2604.312	0	1302156	oddball_tone	sapo_probe	oddball	n/a	n/a	n/a	n/a	n/a
2605.330	0	1302665	standard_tone	sapo_probe	standard	n/a	n/a	n/a	n/a	n/a
2606.346	0	1303173	standard_tone	sapo_probe	standard	n/a	n/a	n/a	n/a	n/a
2607.360	0	1303680	standard_tone	sapo_probe	standard	n/a	n/a	n/a	n/a	n/a
2608.378	0	1304189	standard_tone	sapo_probe	standard	n/a	n/a	n/a	n/a	n/a
2609.392	0	1304696	standard_tone	sapo_probe	standard	n/a	n/a	n/a	n/a	n/a
2610.408	0	1305204	standard_tone	sapo_probe	standard	n/a	n/a	n/a	n/a	n/a
2611.424	0	1305712	standard_tone	sapo_probe	standard	n/a	n/a	n/a	n/a	n/a
2612.440	0	1306220	standard_tone	sapo_probe	standard	n/a	n/a	n/a	n/a	n/a
2613.440	0	1306720	standard_tone	sapo_probe	standard	n/a	n/a	n/a	n/a	n/a
2614.456	0	1307228	standard_tone	sapo_probe	standard	n/a	n/a	n/a	n/a	n/a
2615.470	0	1307735	standard_tone	sapo_probe	standard	n/a	n/a	n/a	n/a	n/a
2616.486	0	1308243	distractor_noise	sapo_probe	distractor	n/a	n/a	n/a	n/a	n/a
2617.500	0	1308750	standard_tone	sapo_probe	standard	n/a	n/a	n/a	n/a	n/a
2618.500	0	1309250	standard_tone	sapo_probe	standard	n/a	n/a	n/a	n/a	n/a
2619.516	0	1309758	standard_tone	sapo_probe	standard	n/a	n/a	n/a	n/a	n/a
2620.532	0	1310266	standard_tone	sapo_probe	standard	n/a	n/a	n/a	n/a	n/a
2621.550	0	1310775	standard_tone	sapo_probe	standard	n/a	n/a	n/a	n/a	n/a
2622.564	0	1311282	prompt_window_begin	sapo_probe	probe-sapo-probe-begin	n/a	n/a	n/a	n/a	n/a
2626.982	0	1313491	clicker_press	sapo_probe	response-received-arrow_up	n/a	n/a	n/a	n/a	arrow_up
2627.510	0	1313755	clicker_press	sapo_probe	response-received-arrow_up	n/a	n/a	n/a	n/a	arrow_up
2628.124	0	1314062	clicker_press	sapo_probe	response-received-arrow_up	n/a	n/a	n/a	n/a	arrow_up
2631.658	0	1315829	depth_rating	sapo_probe	rating-sapo-probe-meditation_depth-3	3	n/a	n/a	n/a	n/a
2636.954	0	1318477	clicker_press	sapo_probe	response-received-arrow_up	n/a	n/a	n/a	n/a	arrow_up
2637.336	0	1318668	clicker_press	sapo_probe	response-received-arrow_up	n/a	n/a	n/a	n/a	arrow_up
2637.770	0	1318885	clicker_press	sapo_probe	response-received-arrow_up	n/a	n/a	n/a	n/a	arrow_up
2638.270	0	1319135	clicker_press	sapo_probe	response-received-arrow_up	n/a	n/a	n/a	n/a	arrow_up
2641.732	0	1320866	confidence_rating	sapo_probe	rating-sapo-probe-confidence_depth-4	n/a	4	n/a	n/a	n/a
2645.228	0	1322614	prompt_window_end	sapo_probe	probe-sapo-probe-end	n/a	n/a	n/a	n/a	n/a
2645.244	0	1322622	standard_tone	sapo_probe	standard	n/a	n/a	n/a	n/a	n/a
2646.246	0	1323123	standard_tone	sapo_probe	standard	n/a	n/a	n/a	n/a	n/a
2647.262	0	1323631	standard_tone	sapo_probe	standard	n/a	n/a	n/a	n/a	n/a
2648.276	0	1324138	standard_tone	sapo_probe	standard	n/a	n/a	n/a	n/a	n/a
2649.292	0	1324646	standard_tone	sapo_probe	standard	n/a	n/a	n/a	n/a	n/a
2650.308	0	1325154	standard_tone	sapo_probe	standard	n/a	n/a	n/a	n/a	n/a
2651.324	0	1325662	standard_tone	sapo_probe	standard	n/a	n/a	n/a	n/a	n/a
2651.608	0	1325804	silence_end	sapo_probe	silence-end	n/a	n/a	n/a	n/a	n/a
2651.610	0	1325805	subblock_end	sapo_probe	subblock-end-duration-135.387	n/a	n/a	n/a	135.387	n/a
2651.610	0	1325805	subblock_begin	sapo_probe	subblock-begin	n/a	n/a	n/a	n/a	n/a
2651.610	0	1325805	silence_begin	sapo_probe	silence-begin	n/a	n/a	n/a	n/a	n/a
2652.364	0	1326182	standard_tone	sapo_probe	standard	n/a	n/a	n/a	n/a	n/a
2653.372	0	1326686	standard_tone	sapo_probe	standard	n/a	n/a	n/a	n/a	n/a
2654.388	0	1327194	standard_tone	sapo_probe	standard	n/a	n/a	n/a	n/a	n/a
2655.404	0	1327702	standard_tone	sapo_probe	standard	n/a	n/a	n/a	n/a	n/a
2656.420	0	1328210	standard_tone	sapo_probe	standard	n/a	n/a	n/a	n/a	n/a
2657.436	0	1328718	standard_tone	sapo_probe	standard	n/a	n/a	n/a	n/a	n/a
2658.452	0	1329226	standard_tone	sapo_probe	standard	n/a	n/a	n/a	n/a	n/a
2659.452	0	1329726	standard_tone	sapo_probe	standard	n/a	n/a	n/a	n/a	n/a
2660.468	0	1330234	distractor_noise	sapo_probe	distractor	n/a	n/a	n/a	n/a	n/a
2661.484	0	1330742	standard_tone	sapo_probe	standard	n/a	n/a	n/a	n/a	n/a
2662.498	0	1331249	standard_tone	sapo_probe	standard	n/a	n/a	n/a	n/a	n/a
2663.498	0	1331749	standard_tone	sapo_probe	standard	n/a	n/a	n/a	n/a	n/a
2664.512	0	1332256	oddball_tone	sapo_probe	oddball	n/a	n/a	n/a	n/a	n/a
2665.528	0	1332764	standard_tone	sapo_probe	standard	n/a	n/a	n/a	n/a	n/a
2666.546	0	1333273	standard_tone	sapo_probe	standard	n/a	n/a	n/a	n/a	n/a
2667.562	0	1333781	standard_tone	sapo_probe	standard	n/a	n/a	n/a	n/a	n/a
2668.576	0	1334288	oddball_tone	sapo_probe	oddball	n/a	n/a	n/a	n/a	n/a
2669.576	0	1334788	standard_tone	sapo_probe	standard	n/a	n/a	n/a	n/a	n/a
2670.592	0	1335296	standard_tone	sapo_probe	standard	n/a	n/a	n/a	n/a	n/a
2671.608	0	1335804	distractor_noise	sapo_probe	distractor	n/a	n/a	n/a	n/a	n/a
2672.622	0	1336311	standard_tone	sapo_probe	standard	n/a	n/a	n/a	n/a	n/a
2673.638	0	1336819	oddball_tone	sapo_probe	oddball	n/a	n/a	n/a	n/a	n/a
2674.654	0	1337327	standard_tone	sapo_probe	standard	n/a	n/a	n/a	n/a	n/a
2675.670	0	1337835	standard_tone	sapo_probe	standard	n/a	n/a	n/a	n/a	n/a
2676.686	0	1338343	standard_tone	sapo_probe	standard	n/a	n/a	n/a	n/a	n/a
2677.686	0	1338843	standard_tone	sapo_probe	standard	n/a	n/a	n/a	n/a	n/a
2678.686	0	1339343	standard_tone	sapo_probe	standard	n/a	n/a	n/a	n/a	n/a
2679.700	0	1339850	distractor_noise	sapo_probe	distractor	n/a	n/a	n/a	n/a	n/a
2680.716	0	1340358	standard_tone	sapo_probe	standard	n/a	n/a	n/a	n/a	n/a
2681.734	0	1340867	standard_tone	sapo_probe	standard	n/a	n/a	n/a	n/a	n/a
2682.748	0	1341374	standard_tone	sapo_probe	standard	n/a	n/a	n/a	n/a	n/a
2683.764	0	1341882	distractor_noise	sapo_probe	distractor	n/a	n/a	n/a	n/a	n/a
2684.764	0	1342382	standard_tone	sapo_probe	standard	n/a	n/a	n/a	n/a	n/a
2685.780	0	1342890	standard_tone	sapo_probe	standard	n/a	n/a	n/a	n/a	n/a
2686.794	0	1343397	standard_tone	sapo_probe	standard	n/a	n/a	n/a	n/a	n/a
2687.794	0	1343897	distractor_noise	sapo_probe	distractor	n/a	n/a	n/a	n/a	n/a
2688.810	0	1344405	standard_tone	sapo_probe	standard	n/a	n/a	n/a	n/a	n/a
2689.826	0	1344913	standard_tone	sapo_probe	standard	n/a	n/a	n/a	n/a	n/a
2690.844	0	1345422	standard_tone	sapo_probe	standard	n/a	n/a	n/a	n/a	n/a
2691.858	0	1345929	standard_tone	sapo_probe	standard	n/a	n/a	n/a	n/a	n/a
2692.874	0	1346437	standard_tone	sapo_probe	standard	n/a	n/a	n/a	n/a	n/a
2693.890	0	1346945	distractor_noise	sapo_probe	distractor	n/a	n/a	n/a	n/a	n/a
2694.904	0	1347452	standard_tone	sapo_probe	standard	n/a	n/a	n/a	n/a	n/a
2695.922	0	1347961	standard_tone	sapo_probe	standard	n/a	n/a	n/a	n/a	n/a
2696.936	0	1348468	standard_tone	sapo_probe	standard	n/a	n/a	n/a	n/a	n/a
2697.954	0	1348977	standard_tone	sapo_probe	standard	n/a	n/a	n/a	n/a	n/a
2698.968	0	1349484	standard_tone	sapo_probe	standard	n/a	n/a	n/a	n/a	n/a
2699.984	0	1349992	standard_tone	sapo_probe	standard	n/a	n/a	n/a	n/a	n/a
2700.984	0	1350492	standard_tone	sapo_probe	standard	n/a	n/a	n/a	n/a	n/a
2702.000	0	1351000	standard_tone	sapo_probe	standard	n/a	n/a	n/a	n/a	n/a
2703.016	0	1351508	standard_tone	sapo_probe	standard	n/a	n/a	n/a	n/a	n/a
2704.030	0	1352015	standard_tone	sapo_probe	standard	n/a	n/a	n/a	n/a	n/a
2705.048	0	1352524	standard_tone	sapo_probe	standard	n/a	n/a	n/a	n/a	n/a
2706.062	0	1353031	standard_tone	sapo_probe	standard	n/a	n/a	n/a	n/a	n/a
2707.078	0	1353539	standard_tone	sapo_probe	standard	n/a	n/a	n/a	n/a	n/a
2708.094	0	1354047	standard_tone	sapo_probe	standard	n/a	n/a	n/a	n/a	n/a
2709.110	0	1354555	standard_tone	sapo_probe	standard	n/a	n/a	n/a	n/a	n/a
2710.126	0	1355063	standard_tone	sapo_probe	standard	n/a	n/a	n/a	n/a	n/a
2711.142	0	1355571	oddball_tone	sapo_probe	oddball	n/a	n/a	n/a	n/a	n/a
2712.156	0	1356078	distractor_noise	sapo_probe	distractor	n/a	n/a	n/a	n/a	n/a
2713.172	0	1356586	standard_tone	sapo_probe	standard	n/a	n/a	n/a	n/a	n/a
2714.172	0	1357086	oddball_tone	sapo_probe	oddball	n/a	n/a	n/a	n/a	n/a
2715.188	0	1357594	standard_tone	sapo_probe	standard	n/a	n/a	n/a	n/a	n/a
2716.188	0	1358094	oddball_tone	sapo_probe	oddball	n/a	n/a	n/a	n/a	n/a
2717.202	0	1358601	standard_tone	sapo_probe	standard	n/a	n/a	n/a	n/a	n/a
2718.202	0	1359101	standard_tone	sapo_probe	standard	n/a	n/a	n/a	n/a	n/a
2719.218	0	1359609	standard_tone	sapo_probe	standard	n/a	n/a	n/a	n/a	n/a
2720.234	0	1360117	standard_tone	sapo_probe	standard	n/a	n/a	n/a	n/a	n/a
2721.250	0	1360625	standard_tone	sapo_probe	standard	n/a	n/a	n/a	n/a	n/a
2722.266	0	1361133	standard_tone	sapo_probe	standard	n/a	n/a	n/a	n/a	n/a
2723.282	0	1361641	standard_tone	sapo_probe	standard	n/a	n/a	n/a	n/a	n/a
2724.298	0	1362149	standard_tone	sapo_probe	standard	n/a	n/a	n/a	n/a	n/a
2725.312	0	1362656	standard_tone	sapo_probe	standard	n/a	n/a	n/a	n/a	n/a
2726.328	0	1363164	standard_tone	sapo_probe	standard	n/a	n/a	n/a	n/a	n/a
2727.342	0	1363671	standard_tone	sapo_probe	standard	n/a	n/a	n/a	n/a	n/a
2728.344	0	1364172	standard_tone	sapo_probe	standard	n/a	n/a	n/a	n/a	n/a
2729.360	0	1364680	standard_tone	sapo_probe	standard	n/a	n/a	n/a	n/a	n/a
2730.376	0	1365188	standard_tone	sapo_probe	standard	n/a	n/a	n/a	n/a	n/a
2731.392	0	1365696	oddball_tone	sapo_probe	oddball	n/a	n/a	n/a	n/a	n/a
2732.392	0	1366196	standard_tone	sapo_probe	standard	n/a	n/a	n/a	n/a	n/a
2733.404	0	1366702	standard_tone	sapo_probe	standard	n/a	n/a	n/a	n/a	n/a
2734.420	0	1367210	standard_tone	sapo_probe	standard	n/a	n/a	n/a	n/a	n/a
2735.422	0	1367711	distractor_noise	sapo_probe	distractor	n/a	n/a	n/a	n/a	n/a
2736.438	0	1368219	standard_tone	sapo_probe	standard	n/a	n/a	n/a	n/a	n/a
2737.454	0	1368727	standard_tone	sapo_probe	standard	n/a	n/a	n/a	n/a	n/a
2738.466	0	1369233	standard_tone	sapo_probe	standard	n/a	n/a	n/a	n/a	n/a
2739.484	0	1369742	standard_tone	sapo_probe	standard	n/a	n/a	n/a	n/a	n/a
2740.484	0	1370242	standard_tone	sapo_probe	standard	n/a	n/a	n/a	n/a	n/a
2741.500	0	1370750	standard_tone	sapo_probe	standard	n/a	n/a	n/a	n/a	n/a
2742.516	0	1371258	standard_tone	sapo_probe	standard	n/a	n/a	n/a	n/a	n/a
2743.528	0	1371764	distractor_noise	sapo_probe	distractor	n/a	n/a	n/a	n/a	n/a
2744.530	0	1372265	standard_tone	sapo_probe	standard	n/a	n/a	n/a	n/a	n/a
2745.546	0	1372773	standard_tone	sapo_probe	standard	n/a	n/a	n/a	n/a	n/a
2746.562	0	1373281	standard_tone	sapo_probe	standard	n/a	n/a	n/a	n/a	n/a
2747.578	0	1373789	standard_tone	sapo_probe	standard	n/a	n/a	n/a	n/a	n/a
2748.592	0	1374296	standard_tone	sapo_probe	standard	n/a	n/a	n/a	n/a	n/a
2749.610	0	1374805	distractor_noise	sapo_probe	distractor	n/a	n/a	n/a	n/a	n/a
2750.626	0	1375313	standard_tone	sapo_probe	standard	n/a	n/a	n/a	n/a	n/a
2751.638	0	1375819	standard_tone	sapo_probe	standard	n/a	n/a	n/a	n/a	n/a
2752.656	0	1376328	standard_tone	sapo_probe	standard	n/a	n/a	n/a	n/a	n/a
2753.672	0	1376836	standard_tone	sapo_probe	standard	n/a	n/a	n/a	n/a	n/a
2754.672	0	1377336	oddball_tone	sapo_probe	oddball	n/a	n/a	n/a	n/a	n/a
2755.688	0	1377844	standard_tone	sapo_probe	standard	n/a	n/a	n/a	n/a	n/a
2756.706	0	1378353	distractor_noise	sapo_probe	distractor	n/a	n/a	n/a	n/a	n/a
2757.720	0	1378860	standard_tone	sapo_probe	standard	n/a	n/a	n/a	n/a	n/a
2758.736	0	1379368	standard_tone	sapo_probe	standard	n/a	n/a	n/a	n/a	n/a
2759.750	0	1379875	oddball_tone	sapo_probe	oddball	n/a	n/a	n/a	n/a	n/a
2760.750	0	1380375	standard_tone	sapo_probe	standard	n/a	n/a	n/a	n/a	n/a
2761.766	0	1380883	oddball_tone	sapo_probe	oddball	n/a	n/a	n/a	n/a	n/a
2762.782	0	1381391	distractor_noise	sapo_probe	distractor	n/a	n/a	n/a	n/a	n/a
2763.782	0	1381891	standard_tone	sapo_probe	standard	n/a	n/a	n/a	n/a	n/a
2764.796	0	1382398	standard_tone	sapo_probe	standard	n/a	n/a	n/a	n/a	n/a
2765.814	0	1382907	distractor_noise	sapo_probe	distractor	n/a	n/a	n/a	n/a	n/a
2766.830	0	1383415	standard_tone	sapo_probe	standard	n/a	n/a	n/a	n/a	n/a
2767.844	0	1383922	standard_tone	sapo_probe	standard	n/a	n/a	n/a	n/a	n/a
2768.860	0	1384430	oddball_tone	sapo_probe	oddball	n/a	n/a	n/a	n/a	n/a
2769.860	0	1384930	standard_tone	sapo_probe	standard	n/a	n/a	n/a	n/a	n/a
2770.910	0	1385455	silence_end	sapo_probe	silence-end	n/a	n/a	n/a	n/a	n/a
2770.910	0	1385455	subblock_end	sapo_probe	subblock-end-duration-119.301	n/a	n/a	n/a	119.301	n/a
2770.912	0	1385456	subblock_begin	sapo_probe	subblock-begin	n/a	n/a	n/a	n/a	n/a
2770.912	0	1385456	silence_begin	sapo_probe	silence-begin	n/a	n/a	n/a	n/a	n/a
2770.912	0	1385456	standard_tone	sapo_probe	standard	n/a	n/a	n/a	n/a	n/a
2771.926	0	1385963	distractor_noise	sapo_probe	distractor	n/a	n/a	n/a	n/a	n/a
2772.940	0	1386470	standard_tone	sapo_probe	standard	n/a	n/a	n/a	n/a	n/a
2773.940	0	1386970	standard_tone	sapo_probe	standard	n/a	n/a	n/a	n/a	n/a
2774.956	0	1387478	distractor_noise	sapo_probe	distractor	n/a	n/a	n/a	n/a	n/a
2775.970	0	1387985	oddball_tone	sapo_probe	oddball	n/a	n/a	n/a	n/a	n/a
2776.970	0	1388485	standard_tone	sapo_probe	standard	n/a	n/a	n/a	n/a	n/a
2777.986	0	1388993	distractor_noise	sapo_probe	distractor	n/a	n/a	n/a	n/a	n/a
2779.000	0	1389500	oddball_tone	sapo_probe	oddball	n/a	n/a	n/a	n/a	n/a
2780.002	0	1390001	standard_tone	sapo_probe	standard	n/a	n/a	n/a	n/a	n/a
2781.018	0	1390509	distractor_noise	sapo_probe	distractor	n/a	n/a	n/a	n/a	n/a
2782.032	0	1391016	oddball_tone	sapo_probe	oddball	n/a	n/a	n/a	n/a	n/a
2783.046	0	1391523	standard_tone	sapo_probe	standard	n/a	n/a	n/a	n/a	n/a
2784.062	0	1392031	oddball_tone	sapo_probe	oddball	n/a	n/a	n/a	n/a	n/a
2785.064	0	1392532	standard_tone	sapo_probe	standard	n/a	n/a	n/a	n/a	n/a
2786.064	0	1393032	standard_tone	sapo_probe	standard	n/a	n/a	n/a	n/a	n/a
2787.078	0	1393539	standard_tone	sapo_probe	standard	n/a	n/a	n/a	n/a	n/a
2788.096	0	1394048	standard_tone	sapo_probe	standard	n/a	n/a	n/a	n/a	n/a
2789.108	0	1394554	standard_tone	sapo_probe	standard	n/a	n/a	n/a	n/a	n/a
2790.110	0	1395055	standard_tone	sapo_probe	standard	n/a	n/a	n/a	n/a	n/a
2791.126	0	1395563	standard_tone	sapo_probe	standard	n/a	n/a	n/a	n/a	n/a
2792.140	0	1396070	standard_tone	sapo_probe	standard	n/a	n/a	n/a	n/a	n/a
2793.158	0	1396579	standard_tone	sapo_probe	standard	n/a	n/a	n/a	n/a	n/a
2794.172	0	1397086	standard_tone	sapo_probe	standard	n/a	n/a	n/a	n/a	n/a
2795.190	0	1397595	standard_tone	sapo_probe	standard	n/a	n/a	n/a	n/a	n/a
2796.204	0	1398102	standard_tone	sapo_probe	standard	n/a	n/a	n/a	n/a	n/a
2797.222	0	1398611	standard_tone	sapo_probe	standard	n/a	n/a	n/a	n/a	n/a
2798.236	0	1399118	standard_tone	sapo_probe	standard	n/a	n/a	n/a	n/a	n/a
2799.252	0	1399626	distractor_noise	sapo_probe	distractor	n/a	n/a	n/a	n/a	n/a
2800.268	0	1400134	standard_tone	sapo_probe	standard	n/a	n/a	n/a	n/a	n/a
2801.284	0	1400642	standard_tone	sapo_probe	standard	n/a	n/a	n/a	n/a	n/a
2802.300	0	1401150	standard_tone	sapo_probe	standard	n/a	n/a	n/a	n/a	n/a
2803.300	0	1401650	standard_tone	sapo_probe	standard	n/a	n/a	n/a	n/a	n/a
2804.316	0	1402158	standard_tone	sapo_probe	standard	n/a	n/a	n/a	n/a	n/a
2805.330	0	1402665	standard_tone	sapo_probe	standard	n/a	n/a	n/a	n/a	n/a
2806.346	0	1403173	oddball_tone	sapo_probe	oddball	n/a	n/a	n/a	n/a	n/a
2807.360	0	1403680	standard_tone	sapo_probe	standard	n/a	n/a	n/a	n/a	n/a
2808.378	0	1404189	standard_tone	sapo_probe	standard	n/a	n/a	n/a	n/a	n/a
2809.378	0	1404689	standard_tone	sapo_probe	standard	n/a	n/a	n/a	n/a	n/a
2810.394	0	1405197	distractor_noise	sapo_probe	distractor	n/a	n/a	n/a	n/a	n/a
2811.408	0	1405704	standard_tone	sapo_probe	standard	n/a	n/a	n/a	n/a	n/a
2812.424	0	1406212	standard_tone	sapo_probe	standard	n/a	n/a	n/a	n/a	n/a
2813.440	0	1406720	standard_tone	sapo_probe	standard	n/a	n/a	n/a	n/a	n/a
2814.456	0	1407228	oddball_tone	sapo_probe	oddball	n/a	n/a	n/a	n/a	n/a
2815.472	0	1407736	standard_tone	sapo_probe	standard	n/a	n/a	n/a	n/a	n/a
2816.486	0	1408243	standard_tone	sapo_probe	standard	n/a	n/a	n/a	n/a	n/a
2817.486	0	1408743	standard_tone	sapo_probe	standard	n/a	n/a	n/a	n/a	n/a
2818.488	0	1409244	standard_tone	sapo_probe	standard	n/a	n/a	n/a	n/a	n/a
2819.502	0	1409751	standard_tone	sapo_probe	standard	n/a	n/a	n/a	n/a	n/a
2820.518	0	1410259	standard_tone	sapo_probe	standard	n/a	n/a	n/a	n/a	n/a
2821.534	0	1410767	standard_tone	sapo_probe	standard	n/a	n/a	n/a	n/a	n/a
2822.550	0	1411275	oddball_tone	sapo_probe	oddball	n/a	n/a	n/a	n/a	n/a
2823.566	0	1411783	standard_tone	sapo_probe	standard	n/a	n/a	n/a	n/a	n/a
2824.580	0	1412290	standard_tone	sapo_probe	standard	n/a	n/a	n/a	n/a	n/a
2825.596	0	1412798	oddball_tone	sapo_probe	oddball	n/a	n/a	n/a	n/a	n/a
2826.596	0	1413298	standard_tone	sapo_probe	standard	n/a	n/a	n/a	n/a	n/a
2827.612	0	1413806	standard_tone	sapo_probe	standard	n/a	n/a	n/a	n/a	n/a
2828.612	0	1414306	standard_tone	sapo_probe	standard	n/a	n/a	n/a	n/a	n/a
2829.626	0	1414813	standard_tone	sapo_probe	standard	n/a	n/a	n/a	n/a	n/a
2830.626	0	1415313	standard_tone	sapo_probe	standard	n/a	n/a	n/a	n/a	n/a
2831.642	0	1415821	standard_tone	sapo_probe	standard	n/a	n/a	n/a	n/a	n/a
2832.658	0	1416329	distractor_noise	sapo_probe	distractor	n/a	n/a	n/a	n/a	n/a
2833.674	0	1416837	standard_tone	sapo_probe	standard	n/a	n/a	n/a	n/a	n/a
2834.690	0	1417345	standard_tone	sapo_probe	standard	n/a	n/a	n/a	n/a	n/a
2835.706	0	1417853	standard_tone	sapo_probe	standard	n/a	n/a	n/a	n/a	n/a
2836.720	0	1418360	standard_tone	sapo_probe	standard	n/a	n/a	n/a	n/a	n/a
2837.736	0	1418868	standard_tone	sapo_probe	standard	n/a	n/a	n/a	n/a	n/a
2838.754	0	1419377	standard_tone	sapo_probe	standard	n/a	n/a	n/a	n/a	n/a
2839.770	0	1419885	standard_tone	sapo_probe	standard	n/a	n/a	n/a	n/a	n/a
2840.786	0	1420393	standard_tone	sapo_probe	standard	n/a	n/a	n/a	n/a	n/a
2841.786	0	1420893	standard_tone	sapo_probe	standard	n/a	n/a	n/a	n/a	n/a
2842.800	0	1421400	standard_tone	sapo_probe	standard	n/a	n/a	n/a	n/a	n/a
2843.816	0	1421908	standard_tone	sapo_probe	standard	n/a	n/a	n/a	n/a	n/a
2844.830	0	1422415	standard_tone	sapo_probe	standard	n/a	n/a	n/a	n/a	n/a
2845.830	0	1422915	standard_tone	sapo_probe	standard	n/a	n/a	n/a	n/a	n/a
2846.846	0	1423423	standard_tone	sapo_probe	standard	n/a	n/a	n/a	n/a	n/a
2847.862	0	1423931	distractor_noise	sapo_probe	distractor	n/a	n/a	n/a	n/a	n/a
2848.878	0	1424439	oddball_tone	sapo_probe	oddball	n/a	n/a	n/a	n/a	n/a
2849.894	0	1424947	standard_tone	sapo_probe	standard	n/a	n/a	n/a	n/a	n/a
2850.910	0	1425455	oddball_tone	sapo_probe	oddball	n/a	n/a	n/a	n/a	n/a
2851.910	0	1425955	standard_tone	sapo_probe	standard	n/a	n/a	n/a	n/a	n/a
2852.926	0	1426463	standard_tone	sapo_probe	standard	n/a	n/a	n/a	n/a	n/a
2853.940	0	1426970	standard_tone	sapo_probe	standard	n/a	n/a	n/a	n/a	n/a
2854.956	0	1427478	oddball_tone	sapo_probe	oddball	n/a	n/a	n/a	n/a	n/a
2855.972	0	1427986	standard_tone	sapo_probe	standard	n/a	n/a	n/a	n/a	n/a
2856.988	0	1428494	standard_tone	sapo_probe	standard	n/a	n/a	n/a	n/a	n/a
2857.988	0	1428994	standard_tone	sapo_probe	standard	n/a	n/a	n/a	n/a	n/a
2859.002	0	1429501	standard_tone	sapo_probe	standard	n/a	n/a	n/a	n/a	n/a
2860.016	0	1430008	standard_tone	sapo_probe	standard	n/a	n/a	n/a	n/a	n/a
2861.032	0	1430516	standard_tone	sapo_probe	standard	n/a	n/a	n/a	n/a	n/a
2862.034	0	1431017	oddball_tone	sapo_probe	oddball	n/a	n/a	n/a	n/a	n/a
2863.048	0	1431524	standard_tone	sapo_probe	standard	n/a	n/a	n/a	n/a	n/a
2864.050	0	1432025	standard_tone	sapo_probe	standard	n/a	n/a	n/a	n/a	n/a
2865.064	0	1432532	oddball_tone	sapo_probe	oddball	n/a	n/a	n/a	n/a	n/a
2866.080	0	1433040	standard_tone	sapo_probe	standard	n/a	n/a	n/a	n/a	n/a
2867.096	0	1433548	standard_tone	sapo_probe	standard	n/a	n/a	n/a	n/a	n/a
2868.112	0	1434056	distractor_noise	sapo_probe	distractor	n/a	n/a	n/a	n/a	n/a
2869.128	0	1434564	oddball_tone	sapo_probe	oddball	n/a	n/a	n/a	n/a	n/a
2870.128	0	1435064	distractor_noise	sapo_probe	distractor	n/a	n/a	n/a	n/a	n/a
2871.144	0	1435572	standard_tone	sapo_probe	standard	n/a	n/a	n/a	n/a	n/a
2872.158	0	1436079	standard_tone	sapo_probe	standard	n/a	n/a	n/a	n/a	n/a
2873.174	0	1436587	oddball_tone	sapo_probe	oddball	n/a	n/a	n/a	n/a	n/a
2874.174	0	1437087	standard_tone	sapo_probe	standard	n/a	n/a	n/a	n/a	n/a
2875.190	0	1437595	oddball_tone	sapo_probe	oddball	n/a	n/a	n/a	n/a	n/a
2876.190	0	1438095	standard_tone	sapo_probe	standard	n/a	n/a	n/a	n/a	n/a
2877.204	0	1438602	standard_tone	sapo_probe	standard	n/a	n/a	n/a	n/a	n/a
2878.120	0	1439060	silence_end	sapo_probe	silence-end	n/a	n/a	n/a	n/a	n/a
2878.122	0	1439061	subblock_end	sapo_probe	subblock-end-duration-107.21	n/a	n/a	n/a	107.210	n/a
2878.122	0	1439061	subblock_begin	sapo_probe	subblock-begin	n/a	n/a	n/a	n/a	n/a
2878.122	0	1439061	silence_begin	sapo_probe	silence-begin	n/a	n/a	n/a	n/a	n/a
2878.122	0	1439061	prompt_window_begin	sapo_probe	probe-sapo-probe-begin	n/a	n/a	n/a	n/a	n/a
2884.316	0	1442158	clicker_press	sapo_probe	response-received-arrow_up	n/a	n/a	n/a	n/a	arrow_up
2884.796	0	1442398	clicker_press	sapo_probe	response-received-arrow_up	n/a	n/a	n/a	n/a	arrow_up
2885.346	0	1442673	clicker_press	sapo_probe	response-received-arrow_up	n/a	n/a	n/a	n/a	arrow_up
2887.148	0	1443574	depth_rating	sapo_probe	rating-sapo-probe-meditation_depth-3	3	n/a	n/a	n/a	n/a
2893.076	0	1446538	clicker_press	sapo_probe	response-received-arrow_up	n/a	n/a	n/a	n/a	arrow_up
2893.568	0	1446784	clicker_press	sapo_probe	response-received-arrow_up	n/a	n/a	n/a	n/a	arrow_up
2893.954	0	1446977	clicker_press	sapo_probe	response-received-arrow_up	n/a	n/a	n/a	n/a	arrow_up
2894.426	0	1447213	clicker_press	sapo_probe	response-received-arrow_up	n/a	n/a	n/a	n/a	arrow_up
2897.288	0	1448644	confidence_rating	sapo_probe	rating-sapo-probe-confidence_depth-4	n/a	4	n/a	n/a	n/a
2900.834	0	1450417	prompt_window_end	sapo_probe	probe-sapo-probe-end	n/a	n/a	n/a	n/a	n/a
2900.836	0	1450418	standard_tone	sapo_probe	standard	n/a	n/a	n/a	n/a	n/a
2901.850	0	1450925	standard_tone	sapo_probe	standard	n/a	n/a	n/a	n/a	n/a
2902.868	0	1451434	standard_tone	sapo_probe	standard	n/a	n/a	n/a	n/a	n/a
2903.882	0	1451941	standard_tone	sapo_probe	standard	n/a	n/a	n/a	n/a	n/a
2904.898	0	1452449	standard_tone	sapo_probe	standard	n/a	n/a	n/a	n/a	n/a
2905.914	0	1452957	standard_tone	sapo_probe	standard	n/a	n/a	n/a	n/a	n/a
2906.930	0	1453465	standard_tone	sapo_probe	standard	n/a	n/a	n/a	n/a	n/a
2907.948	0	1453974	oddball_tone	sapo_probe	oddball	n/a	n/a	n/a	n/a	n/a
2908.960	0	1454480	standard_tone	sapo_probe	standard	n/a	n/a	n/a	n/a	n/a
2909.976	0	1454988	oddball_tone	sapo_probe	oddball	n/a	n/a	n/a	n/a	n/a
2910.994	0	1455497	standard_tone	sapo_probe	standard	n/a	n/a	n/a	n/a	n/a
2912.010	0	1456005	standard_tone	sapo_probe	standard	n/a	n/a	n/a	n/a	n/a
2913.026	0	1456513	standard_tone	sapo_probe	standard	n/a	n/a	n/a	n/a	n/a
2914.042	0	1457021	standard_tone	sapo_probe	standard	n/a	n/a	n/a	n/a	n/a
2915.054	0	1457527	oddball_tone	sapo_probe	oddball	n/a	n/a	n/a	n/a	n/a
2916.054	0	1458027	standard_tone	sapo_probe	standard	n/a	n/a	n/a	n/a	n/a
2917.054	0	1458527	standard_tone	sapo_probe	standard	n/a	n/a	n/a	n/a	n/a
2918.070	0	1459035	oddball_tone	sapo_probe	oddball	n/a	n/a	n/a	n/a	n/a
2919.070	0	1459535	standard_tone	sapo_probe	standard	n/a	n/a	n/a	n/a	n/a
2920.082	0	1460041	standard_tone	sapo_probe	standard	n/a	n/a	n/a	n/a	n/a
2921.098	0	1460549	distractor_noise	sapo_probe	distractor	n/a	n/a	n/a	n/a	n/a
2922.102	0	1461051	standard_tone	sapo_probe	standard	n/a	n/a	n/a	n/a	n/a
2923.116	0	1461558	standard_tone	sapo_probe	standard	n/a	n/a	n/a	n/a	n/a
2924.132	0	1462066	standard_tone	sapo_probe	standard	n/a	n/a	n/a	n/a	n/a
2925.146	0	1462573	standard_tone	sapo_probe	standard	n/a	n/a	n/a	n/a	n/a
2926.162	0	1463081	standard_tone	sapo_probe	standard	n/a	n/a	n/a	n/a	n/a
2927.164	0	1463582	standard_tone	sapo_probe	standard	n/a	n/a	n/a	n/a	n/a
2928.178	0	1464089	standard_tone	sapo_probe	standard	n/a	n/a	n/a	n/a	n/a
2929.178	0	1464589	oddball_tone	sapo_probe	oddball	n/a	n/a	n/a	n/a	n/a
2930.194	0	1465097	standard_tone	sapo_probe	standard	n/a	n/a	n/a	n/a	n/a
2931.210	0	1465605	standard_tone	sapo_probe	standard	n/a	n/a	n/a	n/a	n/a
2932.224	0	1466112	oddball_tone	sapo_probe	oddball	n/a	n/a	n/a	n/a	n/a
2933.224	0	1466612	distractor_noise	sapo_probe	distractor	n/a	n/a	n/a	n/a	n/a
2934.238	0	1467119	standard_tone	sapo_probe	standard	n/a	n/a	n/a	n/a	n/a
2935.240	0	1467620	standard_tone	sapo_probe	standard	n/a	n/a	n/a	n/a	n/a
2936.256	0	1468128	standard_tone	sapo_probe	standard	n/a	n/a	n/a	n/a	n/a
2937.272	0	1468636	standard_tone	sapo_probe	standard	n/a	n/a	n/a	n/a	n/a
2938.272	0	1469136	standard_tone	sapo_probe	standard	n/a	n/a	n/a	n/a	n/a
2939.286	0	1469643	oddball_tone	sapo_probe	oddball	n/a	n/a	n/a	n/a	n/a
2940.302	0	1470151	standard_tone	sapo_probe	standard	n/a	n/a	n/a	n/a	n/a
2941.318	0	1470659	distractor_noise	sapo_probe	distractor	n/a	n/a	n/a	n/a	n/a
2942.334	0	1471167	standard_tone	sapo_probe	standard	n/a	n/a	n/a	n/a	n/a
2943.350	0	1471675	standard_tone	sapo_probe	standard	n/a	n/a	n/a	n/a	n/a
2944.366	0	1472183	standard_tone	sapo_probe	standard	n/a	n/a	n/a	n/a	n/a
2945.382	0	1472691	standard_tone	sapo_probe	standard	n/a	n/a	n/a	n/a	n/a
2946.398	0	1473199	oddball_tone	sapo_probe	oddball	n/a	n/a	n/a	n/a	n/a
2947.412	0	1473706	standard_tone	sapo_probe	standard	n/a	n/a	n/a	n/a	n/a
2948.428	0	1474214	standard_tone	sapo_probe	standard	n/a	n/a	n/a	n/a	n/a
2949.446	0	1474723	standard_tone	sapo_probe	standard	n/a	n/a	n/a	n/a	n/a
2950.462	0	1475231	standard_tone	sapo_probe	standard	n/a	n/a	n/a	n/a	n/a
2951.476	0	1475738	standard_tone	sapo_probe	standard	n/a	n/a	n/a	n/a	n/a
2952.492	0	1476246	standard_tone	sapo_probe	standard	n/a	n/a	n/a	n/a	n/a
2953.508	0	1476754	standard_tone	sapo_probe	standard	n/a	n/a	n/a	n/a	n/a
2954.524	0	1477262	oddball_tone	sapo_probe	oddball	n/a	n/a	n/a	n/a	n/a
2955.540	0	1477770	standard_tone	sapo_probe	standard	n/a	n/a	n/a	n/a	n/a
2956.556	0	1478278	standard_tone	sapo_probe	standard	n/a	n/a	n/a	n/a	n/a
2957.570	0	1478785	standard_tone	sapo_probe	standard	n/a	n/a	n/a	n/a	n/a
2958.586	0	1479293	distractor_noise	sapo_probe	distractor	n/a	n/a	n/a	n/a	n/a
2959.604	0	1479802	standard_tone	sapo_probe	standard	n/a	n/a	n/a	n/a	n/a
2960.618	0	1480309	standard_tone	sapo_probe	standard	n/a	n/a	n/a	n/a	n/a
2961.634	0	1480817	standard_tone	sapo_probe	standard	n/a	n/a	n/a	n/a	n/a
2962.650	0	1481325	standard_tone	sapo_probe	standard	n/a	n/a	n/a	n/a	n/a
2963.668	0	1481834	standard_tone	sapo_probe	standard	n/a	n/a	n/a	n/a	n/a
2964.682	0	1482341	oddball_tone	sapo_probe	oddball	n/a	n/a	n/a	n/a	n/a
2965.698	0	1482849	standard_tone	sapo_probe	standard	n/a	n/a	n/a	n/a	n/a
2966.714	0	1483357	distractor_noise	sapo_probe	distractor	n/a	n/a	n/a	n/a	n/a
2967.730	0	1483865	standard_tone	sapo_probe	standard	n/a	n/a	n/a	n/a	n/a
2968.746	0	1484373	standard_tone	sapo_probe	standard	n/a	n/a	n/a	n/a	n/a
2969.760	0	1484880	standard_tone	sapo_probe	standard	n/a	n/a	n/a	n/a	n/a
2970.760	0	1485380	standard_tone	sapo_probe	standard	n/a	n/a	n/a	n/a	n/a
2971.776	0	1485888	oddball_tone	sapo_probe	oddball	n/a	n/a	n/a	n/a	n/a
2972.774	0	1486387	distractor_noise	sapo_probe	distractor	n/a	n/a	n/a	n/a	n/a
2973.790	0	1486895	standard_tone	sapo_probe	standard	n/a	n/a	n/a	n/a	n/a
2974.808	0	1487404	oddball_tone	sapo_probe	oddball	n/a	n/a	n/a	n/a	n/a
2975.822	0	1487911	standard_tone	sapo_probe	standard	n/a	n/a	n/a	n/a	n/a
2976.838	0	1488419	standard_tone	sapo_probe	standard	n/a	n/a	n/a	n/a	n/a
2977.854	0	1488927	standard_tone	sapo_probe	standard	n/a	n/a	n/a	n/a	n/a
2978.870	0	1489435	standard_tone	sapo_probe	standard	n/a	n/a	n/a	n/a	n/a
2979.870	0	1489935	standard_tone	sapo_probe	standard	n/a	n/a	n/a	n/a	n/a
2980.886	0	1490443	standard_tone	sapo_probe	standard	n/a	n/a	n/a	n/a	n/a
2981.884	0	1490942	standard_tone	sapo_probe	standard	n/a	n/a	n/a	n/a	n/a
2982.900	0	1491450	oddball_tone	sapo_probe	oddball	n/a	n/a	n/a	n/a	n/a
2983.900	0	1491950	standard_tone	sapo_probe	standard	n/a	n/a	n/a	n/a	n/a
2984.916	0	1492458	distractor_noise	sapo_probe	distractor	n/a	n/a	n/a	n/a	n/a
2985.930	0	1492965	standard_tone	sapo_probe	standard	n/a	n/a	n/a	n/a	n/a
2986.948	0	1493474	standard_tone	sapo_probe	standard	n/a	n/a	n/a	n/a	n/a
2987.962	0	1493981	distractor_noise	sapo_probe	distractor	n/a	n/a	n/a	n/a	n/a
2988.978	0	1494489	standard_tone	sapo_probe	standard	n/a	n/a	n/a	n/a	n/a
2989.994	0	1494997	distractor_noise	sapo_probe	distractor	n/a	n/a	n/a	n/a	n/a
2990.994	0	1495497	standard_tone	sapo_probe	standard	n/a	n/a	n/a	n/a	n/a
2992.010	0	1496005	standard_tone	sapo_probe	standard	n/a	n/a	n/a	n/a	n/a
2993.024	0	1496512	standard_tone	sapo_probe	standard	n/a	n/a	n/a	n/a	n/a
2994.044	0	1497022	standard_tone	sapo_probe	standard	n/a	n/a	n/a	n/a	n/a
2995.058	0	1497529	standard_tone	sapo_probe	standard	n/a	n/a	n/a	n/a	n/a
2996.074	0	1498037	standard_tone	sapo_probe	standard	n/a	n/a	n/a	n/a	n/a
2997.090	0	1498545	standard_tone	sapo_probe	standard	n/a	n/a	n/a	n/a	n/a
2998.104	0	1499052	distractor_noise	sapo_probe	distractor	n/a	n/a	n/a	n/a	n/a
2999.118	0	1499559	standard_tone	sapo_probe	standard	n/a	n/a	n/a	n/a	n/a
3000.120	0	1500060	distractor_noise	sapo_probe	distractor	n/a	n/a	n/a	n/a	n/a
3001.136	0	1500568	standard_tone	sapo_probe	standard	n/a	n/a	n/a	n/a	n/a
3002.150	0	1501075	standard_tone	sapo_probe	standard	n/a	n/a	n/a	n/a	n/a
3003.150	0	1501575	oddball_tone	sapo_probe	oddball	n/a	n/a	n/a	n/a	n/a
3004.166	0	1502083	standard_tone	sapo_probe	standard	n/a	n/a	n/a	n/a	n/a
3005.166	0	1502583	distractor_noise	sapo_probe	distractor	n/a	n/a	n/a	n/a	n/a
3006.180	0	1503090	standard_tone	sapo_probe	standard	n/a	n/a	n/a	n/a	n/a
3007.198	0	1503599	standard_tone	sapo_probe	standard	n/a	n/a	n/a	n/a	n/a
3008.212	0	1504106	standard_tone	sapo_probe	standard	n/a	n/a	n/a	n/a	n/a
3009.228	0	1504614	standard_tone	sapo_probe	standard	n/a	n/a	n/a	n/a	n/a
3010.244	0	1505122	standard_tone	sapo_probe	standard	n/a	n/a	n/a	n/a	n/a
3011.260	0	1505630	standard_tone	sapo_probe	standard	n/a	n/a	n/a	n/a	n/a
3012.276	0	1506138	distractor_noise	sapo_probe	distractor	n/a	n/a	n/a	n/a	n/a
3013.292	0	1506646	standard_tone	sapo_probe	standard	n/a	n/a	n/a	n/a	n/a
3014.308	0	1507154	oddball_tone	sapo_probe	oddball	n/a	n/a	n/a	n/a	n/a
3015.322	0	1507661	standard_tone	sapo_probe	standard	n/a	n/a	n/a	n/a	n/a
3016.324	0	1508162	standard_tone	sapo_probe	standard	n/a	n/a	n/a	n/a	n/a
3017.338	0	1508669	distractor_noise	sapo_probe	distractor	n/a	n/a	n/a	n/a	n/a
3018.354	0	1509177	standard_tone	sapo_probe	standard	n/a	n/a	n/a	n/a	n/a
3019.370	0	1509685	standard_tone	sapo_probe	standard	n/a	n/a	n/a	n/a	n/a
3020.388	0	1510194	distractor_noise	sapo_probe	distractor	n/a	n/a	n/a	n/a	n/a
3021.402	0	1510701	oddball_tone	sapo_probe	oddball	n/a	n/a	n/a	n/a	n/a
3022.402	0	1511201	standard_tone	sapo_probe	standard	n/a	n/a	n/a	n/a	n/a
3023.402	0	1511701	standard_tone	sapo_probe	standard	n/a	n/a	n/a	n/a	n/a
3024.416	0	1512208	standard_tone	sapo_probe	standard	n/a	n/a	n/a	n/a	n/a
3025.434	0	1512717	standard_tone	sapo_probe	standard	n/a	n/a	n/a	n/a	n/a
3026.446	0	1513223	standard_tone	sapo_probe	standard	n/a	n/a	n/a	n/a	n/a
3027.446	0	1513723	standard_tone	sapo_probe	standard	n/a	n/a	n/a	n/a	n/a
3028.462	0	1514231	standard_tone	sapo_probe	standard	n/a	n/a	n/a	n/a	n/a
3029.478	0	1514739	standard_tone	sapo_probe	standard	n/a	n/a	n/a	n/a	n/a
3030.478	0	1515239	standard_tone	sapo_probe	standard	n/a	n/a	n/a	n/a	n/a
3031.492	0	1515746	standard_tone	sapo_probe	standard	n/a	n/a	n/a	n/a	n/a
3032.508	0	1516254	standard_tone	sapo_probe	standard	n/a	n/a	n/a	n/a	n/a
3033.522	0	1516761	standard_tone	sapo_probe	standard	n/a	n/a	n/a	n/a	n/a
3034.524	0	1517262	oddball_tone	sapo_probe	oddball	n/a	n/a	n/a	n/a	n/a
3035.540	0	1517770	standard_tone	sapo_probe	standard	n/a	n/a	n/a	n/a	n/a
3036.556	0	1518278	standard_tone	sapo_probe	standard	n/a	n/a	n/a	n/a	n/a
3037.570	0	1518785	standard_tone	sapo_probe	standard	n/a	n/a	n/a	n/a	n/a
3037.954	0	1518977	silence_end	sapo_probe	silence-end	n/a	n/a	n/a	n/a	n/a
3037.956	0	1518978	subblock_end	sapo_probe	subblock-end-duration-159.834	n/a	n/a	n/a	159.834	n/a
3037.956	0	1518978	subblock_begin	sapo_probe	subblock-begin	n/a	n/a	n/a	n/a	n/a
3037.956	0	1518978	silence_begin	sapo_probe	silence-begin	n/a	n/a	n/a	n/a	n/a
3038.570	0	1519285	oddball_tone	sapo_probe	oddball	n/a	n/a	n/a	n/a	n/a
3039.570	0	1519785	standard_tone	sapo_probe	standard	n/a	n/a	n/a	n/a	n/a
3040.586	0	1520293	standard_tone	sapo_probe	standard	n/a	n/a	n/a	n/a	n/a
3041.602	0	1520801	distractor_noise	sapo_probe	distractor	n/a	n/a	n/a	n/a	n/a
3042.618	0	1521309	standard_tone	sapo_probe	standard	n/a	n/a	n/a	n/a	n/a
3043.634	0	1521817	standard_tone	sapo_probe	standard	n/a	n/a	n/a	n/a	n/a
3044.650	0	1522325	distractor_noise	sapo_probe	distractor	n/a	n/a	n/a	n/a	n/a
3045.666	0	1522833	standard_tone	sapo_probe	standard	n/a	n/a	n/a	n/a	n/a
3046.680	0	1523340	standard_tone	sapo_probe	standard	n/a	n/a	n/a	n/a	n/a
3047.680	0	1523840	standard_tone	sapo_probe	standard	n/a	n/a	n/a	n/a	n/a
3048.696	0	1524348	distractor_noise	sapo_probe	distractor	n/a	n/a	n/a	n/a	n/a
3049.712	0	1524856	standard_tone	sapo_probe	standard	n/a	n/a	n/a	n/a	n/a
3050.712	0	1525356	standard_tone	sapo_probe	standard	n/a	n/a	n/a	n/a	n/a
3051.726	0	1525863	standard_tone	sapo_probe	standard	n/a	n/a	n/a	n/a	n/a
3052.726	0	1526363	standard_tone	sapo_probe	standard	n/a	n/a	n/a	n/a	n/a
3053.742	0	1526871	standard_tone	sapo_probe	standard	n/a	n/a	n/a	n/a	n/a
3054.760	0	1527380	standard_tone	sapo_probe	standard	n/a	n/a	n/a	n/a	n/a
3055.774	0	1527887	standard_tone	sapo_probe	standard	n/a	n/a	n/a	n/a	n/a
3056.788	0	1528394	standard_tone	sapo_probe	standard	n/a	n/a	n/a	n/a	n/a
3057.804	0	1528902	oddball_tone	sapo_probe	oddball	n/a	n/a	n/a	n/a	n/a
3058.820	0	1529410	standard_tone	sapo_probe	standard	n/a	n/a	n/a	n/a	n/a
3059.838	0	1529919	standard_tone	sapo_probe	standard	n/a	n/a	n/a	n/a	n/a
3060.852	0	1530426	distractor_noise	sapo_probe	distractor	n/a	n/a	n/a	n/a	n/a
3061.868	0	1530934	standard_tone	sapo_probe	standard	n/a	n/a	n/a	n/a	n/a
3062.884	0	1531442	oddball_tone	sapo_probe	oddball	n/a	n/a	n/a	n/a	n/a
3063.884	0	1531942	standard_tone	sapo_probe	standard	n/a	n/a	n/a	n/a	n/a
3064.898	0	1532449	distractor_noise	sapo_probe	distractor	n/a	n/a	n/a	n/a	n/a
3065.916	0	1532958	oddball_tone	sapo_probe	oddball	n/a	n/a	n/a	n/a	n/a
3066.914	0	1533457	standard_tone	sapo_probe	standard	n/a	n/a	n/a	n/a	n/a
3067.930	0	1533965	standard_tone	sapo_probe	standard	n/a	n/a	n/a	n/a	n/a
3068.946	0	1534473	standard_tone	sapo_probe	standard	n/a	n/a	n/a	n/a	n/a
3069.946	0	1534973	standard_tone	sapo_probe	standard	n/a	n/a	n/a	n/a	n/a
3070.960	0	1535480	standard_tone	sapo_probe	standard	n/a	n/a	n/a	n/a	n/a
3071.976	0	1535988	standard_tone	sapo_probe	standard	n/a	n/a	n/a	n/a	n/a
3072.976	0	1536488	oddball_tone	sapo_probe	oddball	n/a	n/a	n/a	n/a	n/a
3073.994	0	1536997	standard_tone	sapo_probe	standard	n/a	n/a	n/a	n/a	n/a
3075.008	0	1537504	standard_tone	sapo_probe	standard	n/a	n/a	n/a	n/a	n/a
3076.022	0	1538011	distractor_noise	sapo_probe	distractor	n/a	n/a	n/a	n/a	n/a
3077.022	0	1538511	standard_tone	sapo_probe	standard	n/a	n/a	n/a	n/a	n/a
3078.022	0	1539011	standard_tone	sapo_probe	standard	n/a	n/a	n/a	n/a	n/a
3079.038	0	1539519	standard_tone	sapo_probe	standard	n/a	n/a	n/a	n/a	n/a
3080.054	0	1540027	standard_tone	sapo_probe	standard	n/a	n/a	n/a	n/a	n/a
3081.070	0	1540535	standard_tone	sapo_probe	standard	n/a	n/a	n/a	n/a	n/a
3082.084	0	1541042	standard_tone	sapo_probe	standard	n/a	n/a	n/a	n/a	n/a
3083.100	0	1541550	standard_tone	sapo_probe	standard	n/a	n/a	n/a	n/a	n/a
3084.116	0	1542058	standard_tone	sapo_probe	standard	n/a	n/a	n/a	n/a	n/a
3085.132	0	1542566	standard_tone	sapo_probe	standard	n/a	n/a	n/a	n/a	n/a
3086.132	0	1543066	standard_tone	sapo_probe	standard	n/a	n/a	n/a	n/a	n/a
3087.148	0	1543574	standard_tone	sapo_probe	standard	n/a	n/a	n/a	n/a	n/a
3088.162	0	1544081	distractor_noise	sapo_probe	distractor	n/a	n/a	n/a	n/a	n/a
3089.178	0	1544589	standard_tone	sapo_probe	standard	n/a	n/a	n/a	n/a	n/a
3090.194	0	1545097	standard_tone	sapo_probe	standard	n/a	n/a	n/a	n/a	n/a
3091.210	0	1545605	standard_tone	sapo_probe	standard	n/a	n/a	n/a	n/a	n/a
3092.228	0	1546114	oddball_tone	sapo_probe	oddball	n/a	n/a	n/a	n/a	n/a
3093.242	0	1546621	standard_tone	sapo_probe	standard	n/a	n/a	n/a	n/a	n/a
3094.258	0	1547129	oddball_tone	sapo_probe	oddball	n/a	n/a	n/a	n/a	n/a
3095.258	0	1547629	distractor_noise	sapo_probe	distractor	n/a	n/a	n/a	n/a	n/a
3096.274	0	1548137	standard_tone	sapo_probe	standard	n/a	n/a	n/a	n/a	n/a
3097.290	0	1548645	standard_tone	sapo_probe	standard	n/a	n/a	n/a	n/a	n/a
3098.304	0	1549152	standard_tone	sapo_probe	standard	n/a	n/a	n/a	n/a	n/a
3099.320	0	1549660	standard_tone	sapo_probe	standard	n/a	n/a	n/a	n/a	n/a
3100.336	0	1550168	oddball_tone	sapo_probe	oddball	n/a	n/a	n/a	n/a	n/a
3101.352	0	1550676	standard_tone	sapo_probe	standard	n/a	n/a	n/a	n/a	n/a
3102.370	0	1551185	standard_tone	sapo_probe	standard	n/a	n/a	n/a	n/a	n/a
3103.384	0	1551692	standard_tone	sapo_probe	standard	n/a	n/a	n/a	n/a	n/a
3104.400	0	1552200	standard_tone	sapo_probe	standard	n/a	n/a	n/a	n/a	n/a
3105.400	0	1552700	standard_tone	sapo_probe	standard	n/a	n/a	n/a	n/a	n/a
3105.848	0	1552924	prompt_window_begin	sapo_probe	probe-sapo-probe-begin	n/a	n/a	n/a	n/a	n/a
3113.626	0	1556813	clicker_press	sapo_probe	response-received-arrow_up	n/a	n/a	n/a	n/a	arrow_up
3113.908	0	1556954	clicker_press	sapo_probe	response-received-arrow_up	n/a	n/a	n/a	n/a	arrow_up
3114.308	0	1557154	clicker_press	sapo_probe	response-received-arrow_up	n/a	n/a	n/a	n/a	arrow_up
3114.876	0	1557438	depth_rating	sapo_probe	rating-sapo-probe-meditation_depth-3	3	n/a	n/a	n/a	n/a
3118.174	0	1559087	clicker_press	sapo_probe	response-received-arrow_up	n/a	n/a	n/a	n/a	arrow_up
3118.538	0	1559269	clicker_press	sapo_probe	response-received-arrow_up	n/a	n/a	n/a	n/a	arrow_up
3118.888	0	1559444	clicker_press	sapo_probe	response-received-arrow_up	n/a	n/a	n/a	n/a	arrow_up
3119.456	0	1559728	clicker_press	sapo_probe	response-received-arrow_up	n/a	n/a	n/a	n/a	arrow_up
3125.034	0	1562517	confidence_rating	sapo_probe	rating-sapo-probe-confidence_depth-4	n/a	4	n/a	n/a	n/a
3128.614	0	1564307	prompt_window_end	sapo_probe	probe-sapo-probe-end	n/a	n/a	n/a	n/a	n/a
3128.614	0	1564307	standard_tone	sapo_probe	standard	n/a	n/a	n/a	n/a	n/a
3129.628	0	1564814	distractor_noise	sapo_probe	distractor	n/a	n/a	n/a	n/a	n/a
3130.644	0	1565322	standard_tone	sapo_probe	standard	n/a	n/a	n/a	n/a	n/a
3131.244	0	1565622	silence_end	sapo_probe	silence-end	n/a	n/a	n/a	n/a	n/a
3131.246	0	1565623	subblock_end	sapo_probe	subblock-end-duration-93.29	n/a	n/a	n/a	93.290	n/a
3131.246	0	1565623	subblock_begin	sapo_probe	subblock-begin	n/a	n/a	n/a	n/a	n/a
3131.246	0	1565623	silence_begin	sapo_probe	silence-begin	n/a	n/a	n/a	n/a	n/a
3131.294	0	1565647	sapo_probe_end	sapo_probe	block-sapo-probe-end	n/a	n/a	n/a	n/a	n/a
3131.296	0	1565648	block_duration	sapo_probe	block-sapo-probe-duration-2100	n/a	n/a	n/a	2100.000	n/a
3131.296	0	1565648	break_begin	break	break-begin	n/a	n/a	n/a	n/a	n/a
3303.982	0	1651991	clicker_press	break	response-received-enter	n/a	n/a	n/a	n/a	enter
3304.000	0	1652000	break_end	break	break-end	n/a	n/a	n/a	n/a	n/a
3419.356	0	1709678	clicker_press	n/a	response-received-arrow_up	n/a	n/a	n/a	n/a	arrow_up
3419.472	0	1709736	active_oddball_begin	active_oddball	active-oddball-begin	n/a	n/a	n/a	n/a	n/a
3419.482	0	1709741	standard_tone	active_oddball	standard	n/a	n/a	n/a	n/a	n/a
3420.506	0	1710253	standard_tone	active_oddball	standard	n/a	n/a	n/a	n/a	n/a
3421.620	0	1710810	standard_tone	active_oddball	standard	n/a	n/a	n/a	n/a	n/a
3422.654	0	1711327	standard_tone	active_oddball	standard	n/a	n/a	n/a	n/a	n/a
3423.722	0	1711861	standard_tone	active_oddball	standard	n/a	n/a	n/a	n/a	n/a
3424.736	0	1712368	distractor_noise	active_oddball	distractor	n/a	n/a	n/a	n/a	n/a
3425.750	0	1712875	oddball_tone	active_oddball	oddball	n/a	n/a	n/a	n/a	n/a
3426.700	0	1713350	clicker_press	active_oddball	response-received-arrow_up	n/a	n/a	n/a	n/a	arrow_up
3426.734	0	1713367	oddball_response	active_oddball	active-oddball-button-press-943ms	n/a	n/a	0.943	n/a	n/a
3426.768	0	1713384	standard_tone	active_oddball	standard	n/a	n/a	n/a	n/a	n/a
3427.782	0	1713891	standard_tone	active_oddball	standard	n/a	n/a	n/a	n/a	n/a
3428.832	0	1714416	oddball_tone	active_oddball	oddball	n/a	n/a	n/a	n/a	n/a
3429.862	0	1714931	distractor_noise	active_oddball	distractor	n/a	n/a	n/a	n/a	n/a
3430.348	0	1715174	clicker_press	active_oddball	response-received-arrow_up	n/a	n/a	n/a	n/a	arrow_up
3430.446	0	1715223	oddball_response	active_oddball	active-oddball-button-press-483ms	n/a	n/a	0.483	n/a	n/a
3430.912	0	1715456	standard_tone	active_oddball	standard	n/a	n/a	n/a	n/a	n/a
3431.928	0	1715964	standard_tone	active_oddball	standard	n/a	n/a	n/a	n/a	n/a
3432.962	0	1716481	standard_tone	active_oddball	standard	n/a	n/a	n/a	n/a	n/a
3434.028	0	1717014	oddball_tone	active_oddball	oddball	n/a	n/a	n/a	n/a	n/a
3434.960	0	1717480	clicker_press	active_oddball	response-received-arrow_up	n/a	n/a	n/a	n/a	arrow_up
3435.026	0	1717513	oddball_response	active_oddball	active-oddball-button-press-926ms	n/a	n/a	0.926	n/a	n/a
3435.044	0	1717522	distractor_noise	active_oddball	distractor	n/a	n/a	n/a	n/a	n/a
3436.076	0	1718038	standard_tone	active_oddball	standard	n/a	n/a	n/a	n/a	n/a
3437.124	0	1718562	oddball_tone	active_oddball	oddball	n/a	n/a	n/a	n/a	n/a
3437.992	0	1718996	clicker_press	active_oddball	response-received-arrow_up	n/a	n/a	n/a	n/a	arrow_up
3438.074	0	1719037	oddball_response	active_oddball	active-oddball-button-press-861ms	n/a	n/a	0.861	n/a	n/a
3438.142	0	1719071	standard_tone	active_oddball	standard	n/a	n/a	n/a	n/a	n/a
3439.156	0	1719578	standard_tone	active_oddball	standard	n/a	n/a	n/a	n/a	n/a
3440.240	0	1720120	standard_tone	active_oddball	standard	n/a	n/a	n/a	n/a	n/a
3441.254	0	1720627	standard_tone	active_oddball	standard	n/a	n/a	n/a	n/a	n/a
3442.352	0	1721176	distractor_noise	active_oddball	distractor	n/a	n/a	n/a	n/a	n/a
3443.454	0	1721727	standard_tone	active_oddball	standard	n/a	n/a	n/a	n/a	n/a
3444.486	0	1722243	standard_tone	active_oddball	standard	n/a	n/a	n/a	n/a	n/a
3445.534	0	1722767	standard_tone	active_oddball	standard	n/a	n/a	n/a	n/a	n/a
3446.600	0	1723300	distractor_noise	active_oddball	distractor	n/a	n/a	n/a	n/a	n/a
3447.916	0	1723958	standard_tone	active_oddball	standard	n/a	n/a	n/a	n/a	n/a
3448.948	0	1724474	standard_tone	active_oddball	standard	n/a	n/a	n/a	n/a	n/a
3449.964	0	1724982	standard_tone	active_oddball	standard	n/a	n/a	n/a	n/a	n/a
3451.048	0	1725524	standard_tone	active_oddball	standard	n/a	n/a	n/a	n/a	n/a
3452.162	0	1726081	standard_tone	active_oddball	standard	n/a	n/a	n/a	n/a	n/a
3453.228	0	1726614	standard_tone	active_oddball	standard	n/a	n/a	n/a	n/a	n/a
3454.244	0	1727122	standard_tone	active_oddball	standard	n/a	n/a	n/a	n/a	n/a
3455.260	0	1727630	standard_tone	active_oddball	standard	n/a	n/a	n/a	n/a	n/a
3456.308	0	1728154	distractor_noise	active_oddball	distractor	n/a	n/a	n/a	n/a	n/a
3457.326	0	1728663	standard_tone	active_oddball	standard	n/a	n/a	n/a	n/a	n/a
3458.358	0	1729179	standard_tone	active_oddball	standard	n/a	n/a	n/a	n/a	n/a
3459.374	0	1729687	standard_tone	active_oddball	standard	n/a	n/a	n/a	n/a	n/a
3460.438	0	1730219	standard_tone	active_oddball	standard	n/a	n/a	n/a	n/a	n/a
3461.472	0	1730736	oddball_tone	active_oddball	oddball	n/a	n/a	n/a	n/a	n/a
3462.586	0	1731293	standard_tone	active_oddball	standard	n/a	n/a	n/a	n/a	n/a
3462.938	0	1731469	clicker_press	active_oddball	response-received-arrow_up	n/a	n/a	n/a	n/a	arrow_up
3462.986	0	1731493	oddball_response	active_oddball	active-oddball-button-press-348ms	n/a	n/a	0.348	n/a	n/a
3463.620	0	1731810	standard_tone	active_oddball	standard	n/a	n/a	n/a	n/a	n/a
3464.684	0	1732342	standard_tone	active_oddball	standard	n/a	n/a	n/a	n/a	n/a
3465.718	0	1732859	standard_tone	active_oddball	standard	n/a	n/a	n/a	n/a	n/a
3466.734	0	1733367	standard_tone	active_oddball	standard	n/a	n/a	n/a	n/a	n/a
3467.800	0	1733900	standard_tone	active_oddball	standard	n/a	n/a	n/a	n/a	n/a
3468.834	0	1734417	standard_tone	active_oddball	standard	n/a	n/a	n/a	n/a	n/a
3469.866	0	1734933	standard_tone	active_oddball	standard	n/a	n/a	n/a	n/a	n/a
3470.896	0	1735448	standard_tone	active_oddball	standard	n/a	n/a	n/a	n/a	n/a
3471.980	0	1735990	oddball_tone	active_oddball	oddball	n/a	n/a	n/a	n/a	n/a
3472.778	0	1736389	clicker_press	active_oddball	response-received-arrow_up	n/a	n/a	n/a	n/a	arrow_up
3472.846	0	1736423	oddball_response	active_oddball	active-oddball-button-press-794ms	n/a	n/a	0.794	n/a	n/a
3473.028	0	1736514	standard_tone	active_oddball	standard	n/a	n/a	n/a	n/a	n/a
3474.078	0	1737039	standard_tone	active_oddball	standard	n/a	n/a	n/a	n/a	n/a
3475.094	0	1737547	standard_tone	active_oddball	standard	n/a	n/a	n/a	n/a	n/a
3476.110	0	1738055	standard_tone	active_oddball	standard	n/a	n/a	n/a	n/a	n/a
3477.208	0	1738604	standard_tone	active_oddball	standard	n/a	n/a	n/a	n/a	n/a
3478.342	0	1739171	oddball_tone	active_oddball	oddball	n/a	n/a	n/a	n/a	n/a
3479.158	0	1739579	clicker_press	active_oddball	response-received-arrow_up	n/a	n/a	n/a	n/a	arrow_up
3479.190	0	1739595	oddball_response	active_oddball	active-oddball-button-press-809ms	n/a	n/a	0.809	n/a	n/a
3479.390	0	1739695	standard_tone	active_oddball	standard	n/a	n/a	n/a	n/a	n/a
3480.572	0	1740286	standard_tone	active_oddball	standard	n/a	n/a	n/a	n/a	n/a
3481.622	0	1740811	standard_tone	active_oddball	standard	n/a	n/a	n/a	n/a	n/a
3482.788	0	1741394	standard_tone	active_oddball	standard	n/a	n/a	n/a	n/a	n/a
3483.836	0	1741918	standard_tone	active_oddball	standard	n/a	n/a	n/a	n/a	n/a
3484.870	0	1742435	standard_tone	active_oddball	standard	n/a	n/a	n/a	n/a	n/a
3485.886	0	1742943	standard_tone	active_oddball	standard	n/a	n/a	n/a	n/a	n/a
3486.900	0	1743450	standard_tone	active_oddball	standard	n/a	n/a	n/a	n/a	n/a
3487.980	0	1743990	standard_tone	active_oddball	standard	n/a	n/a	n/a	n/a	n/a
3488.998	0	1744499	distractor_noise	active_oddball	distractor	n/a	n/a	n/a	n/a	n/a
3490.050	0	1745025	standard_tone	active_oddball	standard	n/a	n/a	n/a	n/a	n/a
3491.114	0	1745557	standard_tone	active_oddball	standard	n/a	n/a	n/a	n/a	n/a
3492.146	0	1746073	standard_tone	active_oddball	standard	n/a	n/a	n/a	n/a	n/a
3493.178	0	1746589	standard_tone	active_oddball	standard	n/a	n/a	n/a	n/a	n/a
3494.294	0	1747147	standard_tone	active_oddball	standard	n/a	n/a	n/a	n/a	n/a
3495.444	0	1747722	oddball_tone	active_oddball	oddball	n/a	n/a	n/a	n/a	n/a
3496.176	0	1748088	clicker_press	active_oddball	response-received-arrow_up	n/a	n/a	n/a	n/a	arrow_up
3496.194	0	1748097	oddball_response	active_oddball	active-oddball-button-press-725ms	n/a	n/a	0.725	n/a	n/a
3496.476	0	1748238	standard_tone	active_oddball	standard	n/a	n/a	n/a	n/a	n/a
3497.542	0	1748771	standard_tone	active_oddball	standard	n/a	n/a	n/a	n/a	n/a
3498.706	0	1749353	standard_tone	active_oddball	standard	n/a	n/a	n/a	n/a	n/a
3499.740	0	1749870	oddball_tone	active_oddball	oddball	n/a	n/a	n/a	n/a	n/a
3500.524	0	1750262	clicker_press	active_oddball	response-received-arrow_up	n/a	n/a	n/a	n/a	arrow_up
3500.604	0	1750302	oddball_response	active_oddball	active-oddball-button-press-778ms	n/a	n/a	0.778	n/a	n/a
3500.772	0	1750386	standard_tone	active_oddball	standard	n/a	n/a	n/a	n/a	n/a
3501.936	0	1750968	standard_tone	active_oddball	standard	n/a	n/a	n/a	n/a	n/a
3502.988	0	1751494	standard_tone	active_oddball	standard	n/a	n/a	n/a	n/a	n/a
3504.004	0	1752002	standard_tone	active_oddball	standard	n/a	n/a	n/a	n/a	n/a
3505.036	0	1752518	standard_tone	active_oddball	standard	n/a	n/a	n/a	n/a	n/a
3506.050	0	1753025	standard_tone	active_oddball	standard	n/a	n/a	n/a	n/a	n/a
3507.084	0	1753542	standard_tone	active_oddball	standard	n/a	n/a	n/a	n/a	n/a
3508.100	0	1754050	standard_tone	active_oddball	standard	n/a	n/a	n/a	n/a	n/a
3509.116	0	1754558	standard_tone	active_oddball	standard	n/a	n/a	n/a	n/a	n/a
3510.130	0	1755065	standard_tone	active_oddball	standard	n/a	n/a	n/a	n/a	n/a
3511.164	0	1755582	standard_tone	active_oddball	standard	n/a	n/a	n/a	n/a	n/a
3512.180	0	1756090	standard_tone	active_oddball	standard	n/a	n/a	n/a	n/a	n/a
3513.244	0	1756622	standard_tone	active_oddball	standard	n/a	n/a	n/a	n/a	n/a
3514.310	0	1757155	standard_tone	active_oddball	standard	n/a	n/a	n/a	n/a	n/a
3515.344	0	1757672	standard_tone	active_oddball	standard	n/a	n/a	n/a	n/a	n/a
3516.428	0	1758214	oddball_tone	active_oddball	oddball	n/a	n/a	n/a	n/a	n/a
3517.258	0	1758629	clicker_press	active_oddball	response-received-arrow_up	n/a	n/a	n/a	n/a	arrow_up
3517.326	0	1758663	oddball_response	active_oddball	active-oddball-button-press-825ms	n/a	n/a	0.825	n/a	n/a
3517.476	0	1758738	distractor_noise	active_oddball	distractor	n/a	n/a	n/a	n/a	n/a
3518.574	0	1759287	standard_tone	active_oddball	standard	n/a	n/a	n/a	n/a	n/a
3519.590	0	1759795	standard_tone	active_oddball	standard	n/a	n/a	n/a	n/a	n/a
3520.624	0	1760312	standard_tone	active_oddball	standard	n/a	n/a	n/a	n/a	n/a
3521.638	0	1760819	standard_tone	active_oddball	standard	n/a	n/a	n/a	n/a	n/a
3522.686	0	1761343	standard_tone	active_oddball	standard	n/a	n/a	n/a	n/a	n/a
3523.704	0	1761852	standard_tone	active_oddball	standard	n/a	n/a	n/a	n/a	n/a
3524.736	0	1762368	standard_tone	active_oddball	standard	n/a	n/a	n/a	n/a	n/a
3525.752	0	1762876	distractor_noise	active_oddball	distractor	n/a	n/a	n/a	n/a	n/a
3526.852	0	1763426	oddball_tone	active_oddball	oddball	n/a	n/a	n/a	n/a	n/a
3527.732	0	1763866	clicker_press	active_oddball	response-received-arrow_up	n/a	n/a	n/a	n/a	arrow_up
3527.766	0	1763883	oddball_response	active_oddball	active-oddball-button-press-875ms	n/a	n/a	0.875	n/a	n/a
3527.932	0	1763966	standard_tone	active_oddball	standard	n/a	n/a	n/a	n/a	n/a
3528.998	0	1764499	standard_tone	active_oddball	standard	n/a	n/a	n/a	n/a	n/a
3530.084	0	1765042	standard_tone	active_oddball	standard	n/a	n/a	n/a	n/a	n/a
3531.098	0	1765549	standard_tone	active_oddball	standard	n/a	n/a	n/a	n/a	n/a
3532.146	0	1766073	standard_tone	active_oddball	standard	n/a	n/a	n/a	n/a	n/a
3533.310	0	1766655	standard_tone	active_oddball	standard	n/a	n/a	n/a	n/a	n/a
3534.362	0	1767181	standard_tone	active_oddball	standard	n/a	n/a	n/a	n/a	n/a
3535.444	0	1767722	oddball_tone	active_oddball	oddball	n/a	n/a	n/a	n/a	n/a
3536.344	0	1768172	clicker_press	active_oddball	response-received-arrow_up	n/a	n/a	n/a	n/a	arrow_up
3536.442	0	1768221	oddball_response	active_oddball	active-oddball-button-press-894ms	n/a	n/a	0.894	n/a	n/a
3536.458	0	1768229	standard_tone	active_oddball	standard	n/a	n/a	n/a	n/a	n/a
3537.474	0	1768737	standard_tone	active_oddball	standard	n/a	n/a	n/a	n/a	n/a
3538.558	0	1769279	oddball_tone	active_oddball	oddball	n/a	n/a	n/a	n/a	n/a
3539.390	0	1769695	clicker_press	active_oddball	response-received-arrow_up	n/a	n/a	n/a	n/a	arrow_up
3539.474	0	1769737	oddball_response	active_oddball	active-oddball-button-press-825ms	n/a	n/a	0.825	n/a	n/a
3539.740	0	1769870	standard_tone	active_oddball	standard	n/a	n/a	n/a	n/a	n/a
3540.754	0	1770377	oddball_tone	active_oddball	oddball	n/a	n/a	n/a	n/a	n/a
3541.556	0	1770778	clicker_press	active_oddball	response-received-arrow_up	n/a	n/a	n/a	n/a	arrow_up
3541.588	0	1770794	oddball_response	active_oddball	active-oddball-button-press-798ms	n/a	n/a	0.798	n/a	n/a
3541.772	0	1770886	standard_tone	active_oddball	standard	n/a	n/a	n/a	n/a	n/a
3542.788	0	1771394	standard_tone	active_oddball	standard	n/a	n/a	n/a	n/a	n/a
3543.802	0	1771901	standard_tone	active_oddball	standard	n/a	n/a	n/a	n/a	n/a
3544.836	0	1772418	standard_tone	active_oddball	standard	n/a	n/a	n/a	n/a	n/a
3545.918	0	1772959	standard_tone	active_oddball	standard	n/a	n/a	n/a	n/a	n/a
3547.036	0	1773518	standard_tone	active_oddball	standard	n/a	n/a	n/a	n/a	n/a
3548.100	0	1774050	standard_tone	active_oddball	standard	n/a	n/a	n/a	n/a	n/a
3549.116	0	1774558	oddball_tone	active_oddball	oddball	n/a	n/a	n/a	n/a	n/a
3549.816	0	1774908	clicker_press	active_oddball	response-received-arrow_up	n/a	n/a	n/a	n/a	arrow_up
3549.866	0	1774933	oddball_response	active_oddball	active-oddball-button-press-695ms	n/a	n/a	0.695	n/a	n/a
3550.128	0	1775064	standard_tone	active_oddball	standard	n/a	n/a	n/a	n/a	n/a
3551.146	0	1775573	standard_tone	active_oddball	standard	n/a	n/a	n/a	n/a	n/a
3552.164	0	1776082	standard_tone	active_oddball	standard	n/a	n/a	n/a	n/a	n/a
3553.178	0	1776589	standard_tone	active_oddball	standard	n/a	n/a	n/a	n/a	n/a
3554.196	0	1777098	distractor_noise	active_oddball	distractor	n/a	n/a	n/a	n/a	n/a
3555.212	0	1777606	standard_tone	active_oddball	standard	n/a	n/a	n/a	n/a	n/a
3556.310	0	1778155	standard_tone	active_oddball	standard	n/a	n/a	n/a	n/a	n/a
3557.392	0	1778696	standard_tone	active_oddball	standard	n/a	n/a	n/a	n/a	n/a
3558.426	0	1779213	standard_tone	active_oddball	standard	n/a	n/a	n/a	n/a	n/a
3559.442	0	1779721	standard_tone	active_oddball	standard	n/a	n/a	n/a	n/a	n/a
3560.490	0	1780245	standard_tone	active_oddball	standard	n/a	n/a	n/a	n/a	n/a
3561.522	0	1780761	standard_tone	active_oddball	standard	n/a	n/a	n/a	n/a	n/a
3562.538	0	1781269	standard_tone	active_oddball	standard	n/a	n/a	n/a	n/a	n/a
3563.554	0	1781777	standard_tone	active_oddball	standard	n/a	n/a	n/a	n/a	n/a
3564.584	0	1782292	standard_tone	active_oddball	standard	n/a	n/a	n/a	n/a	n/a
3565.602	0	1782801	distractor_noise	active_oddball	distractor	n/a	n/a	n/a	n/a	n/a
3566.636	0	1783318	oddball_tone	active_oddball	oddball	n/a	n/a	n/a	n/a	n/a
3567.532	0	1783766	clicker_press	active_oddball	response-received-arrow_up	n/a	n/a	n/a	n/a	arrow_up
3567.714	0	1783857	oddball_response	active_oddball	active-oddball-button-press-892ms	n/a	n/a	0.892	n/a	n/a
3567.716	0	1783858	standard_tone	active_oddball	standard	n/a	n/a	n/a	n/a	n/a
3568.732	0	1784366	standard_tone	active_oddball	standard	n/a	n/a	n/a	n/a	n/a
3569.746	0	1784873	standard_tone	active_oddball	standard	n/a	n/a	n/a	n/a	n/a
3570.898	0	1785449	standard_tone	active_oddball	standard	n/a	n/a	n/a	n/a	n/a
3571.930	0	1785965	standard_tone	active_oddball	standard	n/a	n/a	n/a	n/a	n/a
3572.946	0	1786473	standard_tone	active_oddball	standard	n/a	n/a	n/a	n/a	n/a
3574.094	0	1787047	standard_tone	active_oddball	standard	n/a	n/a	n/a	n/a	n/a
3575.112	0	1787556	standard_tone	active_oddball	standard	n/a	n/a	n/a	n/a	n/a
3576.210	0	1788105	standard_tone	active_oddball	standard	n/a	n/a	n/a	n/a	n/a
3577.226	0	1788613	distractor_noise	active_oddball	distractor	n/a	n/a	n/a	n/a	n/a
3578.242	0	1789121	standard_tone	active_oddball	standard	n/a	n/a	n/a	n/a	n/a
3579.258	0	1789629	distractor_noise	active_oddball	distractor	n/a	n/a	n/a	n/a	n/a
3580.274	0	1790137	standard_tone	active_oddball	standard	n/a	n/a	n/a	n/a	n/a
3581.336	0	1790668	standard_tone	active_oddball	standard	n/a	n/a	n/a	n/a	n/a
3582.370	0	1791185	distractor_noise	active_oddball	distractor	n/a	n/a	n/a	n/a	n/a
3583.470	0	1791735	standard_tone	active_oddball	standard	n/a	n/a	n/a	n/a	n/a
3584.638	0	1792319	standard_tone	active_oddball	standard	n/a	n/a	n/a	n/a	n/a
3585.670	0	1792835	standard_tone	active_oddball	standard	n/a	n/a	n/a	n/a	n/a
3586.702	0	1793351	standard_tone	active_oddball	standard	n/a	n/a	n/a	n/a	n/a
3587.718	0	1793859	distractor_noise	active_oddball	distractor	n/a	n/a	n/a	n/a	n/a
3588.734	0	1794367	oddball_tone	active_oddball	oddball	n/a	n/a	n/a	n/a	n/a
3589.648	0	1794824	clicker_press	active_oddball	response-received-arrow_up	n/a	n/a	n/a	n/a	arrow_up
3589.732	0	1794866	oddball_response	active_oddball	active-oddball-button-press-908ms	n/a	n/a	0.908	n/a	n/a
3589.832	0	1794916	distractor_noise	active_oddball	distractor	n/a	n/a	n/a	n/a	n/a
3590.864	0	1795432	standard_tone	active_oddball	standard	n/a	n/a	n/a	n/a	n/a
3591.898	0	1795949	distractor_noise	active_oddball	distractor	n/a	n/a	n/a	n/a	n/a
3592.964	0	1796482	standard_tone	active_oddball	standard	n/a	n/a	n/a	n/a	n/a
3594.030	0	1797015	standard_tone	active_oddball	standard	n/a	n/a	n/a	n/a	n/a
3595.128	0	1797564	standard_tone	active_oddball	standard	n/a	n/a	n/a	n/a	n/a
3596.160	0	1798080	oddball_tone	active_oddball	oddball	n/a	n/a	n/a	n/a	n/a
3596.908	0	1798454	clicker_press	active_oddball	response-received-arrow_up	n/a	n/a	n/a	n/a	arrow_up
3596.944	0	1798472	oddball_response	active_oddball	active-oddball-button-press-742ms	n/a	n/a	0.742	n/a	n/a
3597.192	0	1798596	standard_tone	active_oddball	standard	n/a	n/a	n/a	n/a	n/a
3598.274	0	1799137	distractor_noise	active_oddball	distractor	n/a	n/a	n/a	n/a	n/a
3599.292	0	1799646	standard_tone	active_oddball	standard	n/a	n/a	n/a	n/a	n/a
3600.340	0	1800170	standard_tone	active_oddball	standard	n/a	n/a	n/a	n/a	n/a
3601.388	0	1800694	distractor_noise	active_oddball	distractor	n/a	n/a	n/a	n/a	n/a
3602.420	0	1801210	standard_tone	active_oddball	standard	n/a	n/a	n/a	n/a	n/a
3603.470	0	1801735	standard_tone	active_oddball	standard	n/a	n/a	n/a	n/a	n/a
3604.504	0	1802252	standard_tone	active_oddball	standard	n/a	n/a	n/a	n/a	n/a
3605.586	0	1802793	standard_tone	active_oddball	standard	n/a	n/a	n/a	n/a	n/a
3606.602	0	1803301	oddball_tone	active_oddball	oddball	n/a	n/a	n/a	n/a	n/a
3607.468	0	1803734	clicker_press	active_oddball	response-received-arrow_up	n/a	n/a	n/a	n/a	arrow_up
3607.536	0	1803768	oddball_response	active_oddball	active-oddball-button-press-860ms	n/a	n/a	0.860	n/a	n/a
3607.634	0	1803817	distractor_noise	active_oddball	distractor	n/a	n/a	n/a	n/a	n/a
3608.700	0	1804350	standard_tone	active_oddball	standard	n/a	n/a	n/a	n/a	n/a
3609.716	0	1804858	standard_tone	active_oddball	standard	n/a	n/a	n/a	n/a	n/a
3610.732	0	1805366	standard_tone	active_oddball	standard	n/a	n/a	n/a	n/a	n/a
3611.812	0	1805906	standard_tone	active_oddball	standard	n/a	n/a	n/a	n/a	n/a
3612.846	0	1806423	standard_tone	active_oddball	standard	n/a	n/a	n/a	n/a	n/a
3613.862	0	1806931	oddball_tone	active_oddball	oddball	n/a	n/a	n/a	n/a	n/a
3614.830	0	1807415	clicker_press	active_oddball	response-received-arrow_up	n/a	n/a	n/a	n/a	arrow_up
3614.878	0	1807439	oddball_response	active_oddball	active-oddball-button-press-960ms	n/a	n/a	0.960	n/a	n/a
3614.878	0	1807439	standard_tone	active_oddball	standard	n/a	n/a	n/a	n/a	n/a
3616.010	0	1808005	oddball_tone	active_oddball	oddball	n/a	n/a	n/a	n/a	n/a
3616.844	0	1808422	clicker_press	active_oddball	response-received-arrow_up	n/a	n/a	n/a	n/a	arrow_up
3616.876	0	1808438	oddball_response	active_oddball	active-oddball-button-press-828ms	n/a	n/a	0.828	n/a	n/a
3617.026	0	1808513	standard_tone	active_oddball	standard	n/a	n/a	n/a	n/a	n/a
3618.144	0	1809072	standard_tone	active_oddball	standard	n/a	n/a	n/a	n/a	n/a
3619.174	0	1809587	standard_tone	active_oddball	standard	n/a	n/a	n/a	n/a	n/a
3620.224	0	1810112	standard_tone	active_oddball	standard	n/a	n/a	n/a	n/a	n/a
3621.272	0	1810636	standard_tone	active_oddball	standard	n/a	n/a	n/a	n/a	n/a
3622.356	0	1811178	standard_tone	active_oddball	standard	n/a	n/a	n/a	n/a	n/a
3623.388	0	1811694	standard_tone	active_oddball	standard	n/a	n/a	n/a	n/a	n/a
3624.400	0	1812200	standard_tone	active_oddball	standard	n/a	n/a	n/a	n/a	n/a
3625.404	0	1812702	standard_tone	active_oddball	standard	n/a	n/a	n/a	n/a	n/a
3626.416	0	1813208	distractor_noise	active_oddball	distractor	n/a	n/a	n/a	n/a	n/a
3627.420	0	1813710	standard_tone	active_oddball	standard	n/a	n/a	n/a	n/a	n/a
3628.448	0	1814224	standard_tone	active_oddball	standard	n/a	n/a	n/a	n/a	n/a
3629.498	0	1814749	oddball_tone	active_oddball	oddball	n/a	n/a	n/a	n/a	n/a
3630.264	0	1815132	clicker_press	active_oddball	response-received-arrow_up	n/a	n/a	n/a	n/a	arrow_up
3630.382	0	1815191	oddball_response	active_oddball	active-oddball-button-press-764ms	n/a	n/a	0.764	n/a	n/a
3630.582	0	1815291	standard_tone	active_oddball	standard	n/a	n/a	n/a	n/a	n/a
3631.598	0	1815799	standard_tone	active_oddball	standard	n/a	n/a	n/a	n/a	n/a
3632.614	0	1816307	standard_tone	active_oddball	standard	n/a	n/a	n/a	n/a	n/a
3633.678	0	1816839	standard_tone	active_oddball	standard	n/a	n/a	n/a	n/a	n/a
3634.746	0	1817373	standard_tone	active_oddball	standard	n/a	n/a	n/a	n/a	n/a
3635.778	0	1817889	distractor_noise	active_oddball	distractor	n/a	n/a	n/a	n/a	n/a
3636.860	0	1818430	standard_tone	active_oddball	standard	n/a	n/a	n/a	n/a	n/a
3637.874	0	1818937	standard_tone	active_oddball	standard	n/a	n/a	n/a	n/a	n/a
3638.958	0	1819479	standard_tone	active_oddball	standard	n/a	n/a	n/a	n/a	n/a
3639.974	0	1819987	standard_tone	active_oddball	standard	n/a	n/a	n/a	n/a	n/a
3641.056	0	1820528	oddball_tone	active_oddball	oddball	n/a	n/a	n/a	n/a	n/a
3641.856	0	1820928	clicker_press	active_oddball	response-received-arrow_up	n/a	n/a	n/a	n/a	arrow_up
3641.904	0	1820952	oddball_response	active_oddball	active-oddball-button-press-792ms	n/a	n/a	0.792	n/a	n/a
3642.172	0	1821086	standard_tone	active_oddball	standard	n/a	n/a	n/a	n/a	n/a
3643.220	0	1821610	standard_tone	active_oddball	standard	n/a	n/a	n/a	n/a	n/a
3644.238	0	1822119	standard_tone	active_oddball	standard	n/a	n/a	n/a	n/a	n/a
3645.270	0	1822635	standard_tone	active_oddball	standard	n/a	n/a	n/a	n/a	n/a
3646.286	0	1823143	standard_tone	active_oddball	standard	n/a	n/a	n/a	n/a	n/a
3647.368	0	1823684	standard_tone	active_oddball	standard	n/a	n/a	n/a	n/a	n/a
3648.384	0	1824192	standard_tone	active_oddball	standard	n/a	n/a	n/a	n/a	n/a
3649.448	0	1824724	standard_tone	active_oddball	standard	n/a	n/a	n/a	n/a	n/a
3650.484	0	1825242	standard_tone	active_oddball	standard	n/a	n/a	n/a	n/a	n/a
3651.498	0	1825749	standard_tone	active_oddball	standard	n/a	n/a	n/a	n/a	n/a
3652.510	0	1826255	standard_tone	active_oddball	standard	n/a	n/a	n/a	n/a	n/a
3653.546	0	1826773	standard_tone	active_oddball	standard	n/a	n/a	n/a	n/a	n/a
3654.628	0	1827314	standard_tone	active_oddball	standard	n/a	n/a	n/a	n/a	n/a
3655.810	0	1827905	standard_tone	active_oddball	standard	n/a	n/a	n/a	n/a	n/a
3656.910	0	1828455	standard_tone	active_oddball	standard	n/a	n/a	n/a	n/a	n/a
3657.942	0	1828971	standard_tone	active_oddball	standard	n/a	n/a	n/a	n/a	n/a
3659.008	0	1829504	oddball_tone	active_oddball	oddball	n/a	n/a	n/a	n/a	n/a
3659.940	0	1829970	clicker_press	active_oddball	response-received-arrow_up	n/a	n/a	n/a	n/a	arrow_up
3659.958	0	1829979	oddball_response	active_oddball	active-oddball-button-press-926ms	n/a	n/a	0.926	n/a	n/a
3660.074	0	1830037	standard_tone	active_oddball	standard	n/a	n/a	n/a	n/a	n/a
3661.140	0	1830570	standard_tone	active_oddball	standard	n/a	n/a	n/a	n/a	n/a
3662.154	0	1831077	distractor_noise	active_oddball	distractor	n/a	n/a	n/a	n/a	n/a
3663.322	0	1831661	standard_tone	active_oddball	standard	n/a	n/a	n/a	n/a	n/a
3664.338	0	1832169	standard_tone	active_oddball	standard	n/a	n/a	n/a	n/a	n/a
3665.354	0	1832677	standard_tone	active_oddball	standard	n/a	n/a	n/a	n/a	n/a
3666.368	0	1833184	standard_tone	active_oddball	standard	n/a	n/a	n/a	n/a	n/a
3667.470	0	1833735	standard_tone	active_oddball	standard	n/a	n/a	n/a	n/a	n/a
3668.516	0	1834258	standard_tone	active_oddball	standard	n/a	n/a	n/a	n/a	n/a
3669.550	0	1834775	distractor_noise	active_oddball	distractor	n/a	n/a	n/a	n/a	n/a
3670.816	0	1835408	standard_tone	active_oddball	standard	n/a	n/a	n/a	n/a	n/a
3671.830	0	1835915	standard_tone	active_oddball	standard	n/a	n/a	n/a	n/a	n/a
3672.880	0	1836440	standard_tone	active_oddball	standard	n/a	n/a	n/a	n/a	n/a
3673.894	0	1836947	distractor_noise	active_oddball	distractor	n/a	n/a	n/a	n/a	n/a
3674.930	0	1837465	standard_tone	active_oddball	standard	n/a	n/a	n/a	n/a	n/a
3675.976	0	1837988	standard_tone	active_oddball	standard	n/a	n/a	n/a	n/a	n/a
3676.994	0	1838497	standard_tone	active_oddball	standard	n/a	n/a	n/a	n/a	n/a
3678.028	0	1839014	standard_tone	active_oddball	standard	n/a	n/a	n/a	n/a	n/a
3679.042	0	1839521	standard_tone	active_oddball	standard	n/a	n/a	n/a	n/a	n/a
3680.058	0	1840029	standard_tone	active_oddball	standard	n/a	n/a	n/a	n/a	n/a
3681.174	0	1840587	standard_tone	active_oddball	standard	n/a	n/a	n/a	n/a	n/a
3682.338	0	1841169	standard_tone	active_oddball	standard	n/a	n/a	n/a	n/a	n/a
3683.472	0	1841736	standard_tone	active_oddball	standard	n/a	n/a	n/a	n/a	n/a
3684.486	0	1842243	standard_tone	active_oddball	standard	n/a	n/a	n/a	n/a	n/a
3685.520	0	1842760	standard_tone	active_oddball	standard	n/a	n/a	n/a	n/a	n/a
3686.568	0	1843284	standard_tone	active_oddball	standard	n/a	n/a	n/a	n/a	n/a
3687.652	0	1843826	oddball_tone	active_oddball	oddball	n/a	n/a	n/a	n/a	n/a
3688.552	0	1844276	clicker_press	active_oddball	response-received-arrow_up	n/a	n/a	n/a	n/a	arrow_up
3688.618	0	1844309	oddball_response	active_oddball	active-oddball-button-press-893ms	n/a	n/a	0.893	n/a	n/a
3688.818	0	1844409	standard_tone	active_oddball	standard	n/a	n/a	n/a	n/a	n/a
3689.832	0	1844916	standard_tone	active_oddball	standard	n/a	n/a	n/a	n/a	n/a
3690.848	0	1845424	standard_tone	active_oddball	standard	n/a	n/a	n/a	n/a	n/a
3691.914	0	1845957	oddball_tone	active_oddball	oddball	n/a	n/a	n/a	n/a	n/a
3692.782	0	1846391	clicker_press	active_oddball	response-received-arrow_up	n/a	n/a	n/a	n/a	arrow_up
3692.848	0	1846424	oddball_response	active_oddball	active-oddball-button-press-861ms	n/a	n/a	0.861	n/a	n/a
3692.948	0	1846474	standard_tone	active_oddball	standard	n/a	n/a	n/a	n/a	n/a
3693.962	0	1846981	distractor_noise	active_oddball	distractor	n/a	n/a	n/a	n/a	n/a
3695.028	0	1847514	standard_tone	active_oddball	standard	n/a	n/a	n/a	n/a	n/a
3696.060	0	1848030	distractor_noise	active_oddball	distractor	n/a	n/a	n/a	n/a	n/a
3697.094	0	1848547	standard_tone	active_oddball	standard	n/a	n/a	n/a	n/a	n/a
3698.126	0	1849063	standard_tone	active_oddball	standard	n/a	n/a	n/a	n/a	n/a
3699.140	0	1849570	standard_tone	active_oddball	standard	n/a	n/a	n/a	n/a	n/a
3700.190	0	1850095	standard_tone	active_oddball	standard	n/a	n/a	n/a	n/a	n/a
3701.208	0	1850604	standard_tone	active_oddball	standard	n/a	n/a	n/a	n/a	n/a
3702.222	0	1851111	distractor_noise	active_oddball	distractor	n/a	n/a	n/a	n/a	n/a
3703.254	0	1851627	standard_tone	active_oddball	standard	n/a	n/a	n/a	n/a	n/a
3704.454	0	1852227	standard_tone	active_oddball	standard	n/a	n/a	n/a	n/a	n/a
3705.470	0	1852735	standard_tone	active_oddball	standard	n/a	n/a	n/a	n/a	n/a
3706.568	0	1853284	standard_tone	active_oddball	standard	n/a	n/a	n/a	n/a	n/a
3707.648	0	1853824	oddball_tone	active_oddball	oddball	n/a	n/a	n/a	n/a	n/a
3708.450	0	1854225	clicker_press	active_oddball	response-received-arrow_up	n/a	n/a	n/a	n/a	arrow_up
3708.466	0	1854233	oddball_response	active_oddball	active-oddball-button-press-799ms	n/a	n/a	0.799	n/a	n/a
3708.668	0	1854334	standard_tone	active_oddball	standard	n/a	n/a	n/a	n/a	n/a
3709.684	0	1854842	oddball_tone	active_oddball	oddball	n/a	n/a	n/a	n/a	n/a
3710.616	0	1855308	clicker_press	active_oddball	response-received-arrow_up	n/a	n/a	n/a	n/a	arrow_up
3710.666	0	1855333	oddball_response	active_oddball	active-oddball-button-press-925ms	n/a	n/a	0.925	n/a	n/a
3710.700	0	1855350	distractor_noise	active_oddball	distractor	n/a	n/a	n/a	n/a	n/a
3711.716	0	1855858	standard_tone	active_oddball	standard	n/a	n/a	n/a	n/a	n/a
3712.764	0	1856382	standard_tone	active_oddball	standard	n/a	n/a	n/a	n/a	n/a
3713.780	0	1856890	standard_tone	active_oddball	standard	n/a	n/a	n/a	n/a	n/a
3714.846	0	1857423	standard_tone	active_oddball	standard	n/a	n/a	n/a	n/a	n/a
3715.978	0	1857989	standard_tone	active_oddball	standard	n/a	n/a	n/a	n/a	n/a
3717.160	0	1858580	standard_tone	active_oddball	standard	n/a	n/a	n/a	n/a	n/a
3718.294	0	1859147	standard_tone	active_oddball	standard	n/a	n/a	n/a	n/a	n/a
3719.326	0	1859663	standard_tone	active_oddball	standard	n/a	n/a	n/a	n/a	n/a
3720.358	0	1860179	standard_tone	active_oddball	standard	n/a	n/a	n/a	n/a	n/a
3721.372	0	1860686	standard_tone	active_oddball	standard	n/a	n/a	n/a	n/a	n/a
3722.472	0	1861236	standard_tone	active_oddball	standard	n/a	n/a	n/a	n/a	n/a
3723.488	0	1861744	standard_tone	active_oddball	standard	n/a	n/a	n/a	n/a	n/a
3724.554	0	1862277	distractor_noise	active_oddball	distractor	n/a	n/a	n/a	n/a	n/a
3725.602	0	1862801	standard_tone	active_oddball	standard	n/a	n/a	n/a	n/a	n/a
3726.666	0	1863333	standard_tone	active_oddball	standard	n/a	n/a	n/a	n/a	n/a
3727.702	0	1863851	standard_tone	active_oddball	standard	n/a	n/a	n/a	n/a	n/a
3728.734	0	1864367	standard_tone	active_oddball	standard	n/a	n/a	n/a	n/a	n/a
3729.784	0	1864892	standard_tone	active_oddball	standard	n/a	n/a	n/a	n/a	n/a
3730.950	0	1865475	oddball_tone	active_oddball	oddball	n/a	n/a	n/a	n/a	n/a
3731.880	0	1865940	clicker_press	active_oddball	response-received-arrow_up	n/a	n/a	n/a	n/a	arrow_up
3731.898	0	1865949	oddball_response	active_oddball	active-oddball-button-press-926ms	n/a	n/a	0.926	n/a	n/a
3731.982	0	1865991	standard_tone	active_oddball	standard	n/a	n/a	n/a	n/a	n/a
3733.112	0	1866556	standard_tone	active_oddball	standard	n/a	n/a	n/a	n/a	n/a
3734.162	0	1867081	oddball_tone	active_oddball	oddball	n/a	n/a	n/a	n/a	n/a
3734.978	0	1867489	clicker_press	active_oddball	response-received-arrow_up	n/a	n/a	n/a	n/a	arrow_up
3734.996	0	1867498	oddball_response	active_oddball	active-oddball-button-press-809ms	n/a	n/a	0.809	n/a	n/a
3735.262	0	1867631	active_oddball_end	active_oddball	active-oddball-end	n/a	n/a	n/a	n/a	n/a
3735.262	0	1867631	prompt_window_begin	active_oddball	probe-oddball-begin	n/a	n/a	n/a	n/a	n/a
3741.974	0	1870987	clicker_press	n/a	response-received-arrow_up	n/a	n/a	n/a	n/a	arrow_up
3742.290	0	1871145	clicker_press	n/a	response-received-arrow_up	n/a	n/a	n/a	n/a	arrow_up
3742.722	0	1871361	clicker_press	n/a	response-received-arrow_up	n/a	n/a	n/a	n/a	arrow_up
3743.172	0	1871586	clicker_press	n/a	response-received-arrow_up	n/a	n/a	n/a	n/a	arrow_up
3744.354	0	1872177	depth_rating	active_oddball	rating-oddball-meditation_depth-4	4	n/a	n/a	n/a	n/a
3750.316	0	1875158	clicker_press	n/a	response-received-arrow_up	n/a	n/a	n/a	n/a	arrow_up
3750.632	0	1875316	clicker_press	n/a	response-received-arrow_up	n/a	n/a	n/a	n/a	arrow_up
3750.998	0	1875499	clicker_press	n/a	response-received-arrow_up	n/a	n/a	n/a	n/a	arrow_up
3751.464	0	1875732	clicker_press	n/a	response-received-arrow_up	n/a	n/a	n/a	n/a	arrow_up
3754.428	0	1877214	confidence_rating	active_oddball	rating-oddball-confidence_depth-4	n/a	4	n/a	n/a	n/a
3755.528	0	1877764	prompt_window_end	active_oddball	probe-oddball-end	n/a	n/a	n/a	n/a	n/a
3871.284	0	1935642	clicker_press	n/a	response-received-arrow_up	n/a	n/a	n/a	n/a	arrow_up
3871.306	0	1935653	silent_emerge_begin	silent_emerge	block-nosapo-emerge-begin	n/a	n/a	n/a	n/a	n/a
3871.306	0	1935653	subblock_begin	silent_emerge	subblock-begin	n/a	n/a	n/a	n/a	n/a
3871.306	0	1935653	silence_begin	silent_emerge	silence-begin	n/a	n/a	n/a	n/a	n/a
3940.158	0	1970079	clicker_press	silent_emerge	response-received-arrow_up	n/a	n/a	n/a	n/a	arrow_up
3940.192	0	1970096	report_window_begin	silent_emerge	emerge-nosapo-emerge-begin	n/a	n/a	n/a	n/a	n/a
3940.478	0	1970239	clicker_press	silent_emerge	response-received-arrow_up	n/a	n/a	n/a	n/a	arrow_up
3940.826	0	1970413	clicker_press	silent_emerge	response-received-arrow_up	n/a	n/a	n/a	n/a	arrow_up
3941.274	0	1970637	clicker_press	silent_emerge	response-received-arrow_up	n/a	n/a	n/a	n/a	arrow_up
3944.208	0	1972104	depth_rating	silent_emerge	rating-nosapo-emerge-meditation_depth-4	4	n/a	n/a	n/a	n/a
3948.402	0	1974201	clicker_press	silent_emerge	response-received-arrow_up	n/a	n/a	n/a	n/a	arrow_up
3948.768	0	1974384	clicker_press	silent_emerge	response-received-arrow_up	n/a	n/a	n/a	n/a	arrow_up
3949.136	0	1974568	clicker_press	silent_emerge	response-received-arrow_up	n/a	n/a	n/a	n/a	arrow_up
3949.652	0	1974826	clicker_press	silent_emerge	response-received-arrow_up	n/a	n/a	n/a	n/a	arrow_up
3954.432	0	1977216	confidence_rating	silent_emerge	rating-nosapo-emerge-confidence_depth-4	n/a	4	n/a	n/a	n/a
3957.928	0	1978964	report_window_end	silent_emerge	emerge-nosapo-emerge-end	n/a	n/a	n/a	n/a	n/a
3957.928	0	1978964	subblock_begin	silent_emerge	subblock-begin	n/a	n/a	n/a	n/a	n/a
3957.928	0	1978964	silence_begin	silent_emerge	silence-begin	n/a	n/a	n/a	n/a	n/a
4060.044	0	2030022	silence_end	silent_emerge	silence-end	n/a	n/a	n/a	n/a	n/a
4060.046	0	2030023	gong_begin	silent_emerge	gong-begin	n/a	n/a	n/a	n/a	n/a
4070.052	0	2035026	gong_end	silent_emerge	gong-end	n/a	n/a	n/a	n/a	n/a
4070.054	0	2035027	subblock_end	silent_emerge	subblock-end-duration-112.124	n/a	n/a	n/a	112.124	n/a
4070.054	0	2035027	subblock_begin	silent_emerge	subblock-begin	n/a	n/a	n/a	n/a	n/a
4070.054	0	2035027	silence_begin	silent_emerge	silence-begin	n/a	n/a	n/a	n/a	n/a
4104.208	0	2052104	clicker_press	silent_emerge	response-received-arrow_up	n/a	n/a	n/a	n/a	arrow_up
4104.306	0	2052153	report_window_begin	silent_emerge	emerge-nosapo-emerge-begin	n/a	n/a	n/a	n/a	n/a
4104.540	0	2052270	clicker_press	silent_emerge	response-received-arrow_up	n/a	n/a	n/a	n/a	arrow_up
4104.924	0	2052462	clicker_press	silent_emerge	response-received-arrow_up	n/a	n/a	n/a	n/a	arrow_up
4108.354	0	2054177	depth_rating	silent_emerge	rating-nosapo-emerge-meditation_depth-3	3	n/a	n/a	n/a	n/a
4111.134	0	2055567	clicker_press	silent_emerge	response-received-arrow_up	n/a	n/a	n/a	n/a	arrow_up
4111.452	0	2055726	clicker_press	silent_emerge	response-received-arrow_up	n/a	n/a	n/a	n/a	arrow_up
4111.852	0	2055926	clicker_press	silent_emerge	response-received-arrow_up	n/a	n/a	n/a	n/a	arrow_up
4112.352	0	2056176	clicker_press	silent_emerge	response-received-arrow_up	n/a	n/a	n/a	n/a	arrow_up
4118.460	0	2059230	confidence_rating	silent_emerge	rating-nosapo-emerge-confidence_depth-4	n/a	4	n/a	n/a	n/a
4121.892	0	2060946	report_window_end	silent_emerge	emerge-nosapo-emerge-end	n/a	n/a	n/a	n/a	n/a
4121.892	0	2060946	subblock_begin	silent_emerge	subblock-begin	n/a	n/a	n/a	n/a	n/a
4121.892	0	2060946	silence_begin	silent_emerge	silence-begin	n/a	n/a	n/a	n/a	n/a
4225.156	0	2112578	silence_end	silent_emerge	silence-end	n/a	n/a	n/a	n/a	n/a
4225.440	0	2112720	gong_begin	silent_emerge	gong-begin	n/a	n/a	n/a	n/a	n/a
4235.262	0	2117631	gong_end	silent_emerge	gong-end	n/a	n/a	n/a	n/a	n/a
4235.262	0	2117631	subblock_end	silent_emerge	subblock-end-duration-113.37	n/a	n/a	n/a	113.370	n/a
4235.264	0	2117632	subblock_begin	silent_emerge	subblock-begin	n/a	n/a	n/a	n/a	n/a
4235.264	0	2117632	silence_begin	silent_emerge	silence-begin	n/a	n/a	n/a	n/a	n/a
4325.240	0	2162620	clicker_press	silent_emerge	response-received-arrow_up	n/a	n/a	n/a	n/a	arrow_up
4325.308	0	2162654	report_window_begin	silent_emerge	emerge-nosapo-emerge-begin	n/a	n/a	n/a	n/a	n/a
4325.574	0	2162787	clicker_press	silent_emerge	response-received-arrow_up	n/a	n/a	n/a	n/a	arrow_up
4325.908	0	2162954	clicker_press	silent_emerge	response-received-arrow_up	n/a	n/a	n/a	n/a	arrow_up
4326.306	0	2163153	clicker_press	silent_emerge	response-received-arrow_up	n/a	n/a	n/a	n/a	arrow_up
4329.338	0	2164669	depth_rating	silent_emerge	rating-nosapo-emerge-meditation_depth-4	4	n/a	n/a	n/a	n/a
4332.818	0	2166409	clicker_press	silent_emerge	response-received-arrow_up	n/a	n/a	n/a	n/a	arrow_up
4333.086	0	2166543	clicker_press	silent_emerge	response-received-arrow_up	n/a	n/a	n/a	n/a	arrow_up
4333.436	0	2166718	clicker_press	silent_emerge	response-received-arrow_up	n/a	n/a	n/a	n/a	arrow_up
4333.702	0	2166851	clicker_press	silent_emerge	response-received-arrow_up	n/a	n/a	n/a	n/a	arrow_up
4334.200	0	2167100	clicker_press	silent_emerge	response-received-arrow_up	n/a	n/a	n/a	n/a	arrow_up
4339.396	0	2169698	confidence_rating	silent_emerge	rating-nosapo-emerge-confidence_depth-5	n/a	5	n/a	n/a	n/a
4342.876	0	2171438	report_window_end	silent_emerge	emerge-nosapo-emerge-end	n/a	n/a	n/a	n/a	n/a
4342.876	0	2171438	subblock_begin	silent_emerge	subblock-begin	n/a	n/a	n/a	n/a	n/a
4342.876	0	2171438	silence_begin	silent_emerge	silence-begin	n/a	n/a	n/a	n/a	n/a
4443.244	0	2221622	silence_end	silent_emerge	silence-end	n/a	n/a	n/a	n/a	n/a
4443.342	0	2221671	gong_begin	silent_emerge	gong-begin	n/a	n/a	n/a	n/a	n/a
4453.252	0	2226626	gong_end	silent_emerge	gong-end	n/a	n/a	n/a	n/a	n/a
4453.254	0	2226627	subblock_end	silent_emerge	subblock-end-duration-110.376	n/a	n/a	n/a	110.376	n/a
4453.254	0	2226627	subblock_begin	silent_emerge	subblock-begin	n/a	n/a	n/a	n/a	n/a
4453.254	0	2226627	silence_begin	silent_emerge	silence-begin	n/a	n/a	n/a	n/a	n/a
4553.468	0	2276734	silence_end	silent_emerge	silence-end	n/a	n/a	n/a	n/a	n/a
4553.750	0	2276875	gong_begin	silent_emerge	gong-begin	n/a	n/a	n/a	n/a	n/a
4563.528	0	2281764	gong_end	silent_emerge	gong-end	n/a	n/a	n/a	n/a	n/a
4563.530	0	2281765	subblock_end	silent_emerge	subblock-end-duration-110.276	n/a	n/a	n/a	110.276	n/a
4563.530	0	2281765	subblock_begin	silent_emerge	subblock-begin	n/a	n/a	n/a	n/a	n/a
4563.530	0	2281765	silence_begin	silent_emerge	silence-begin	n/a	n/a	n/a	n/a	n/a
4665.526	0	2332763	silence_end	silent_emerge	silence-end	n/a	n/a	n/a	n/a	n/a
4665.544	0	2332772	gong_begin	silent_emerge	gong-begin	n/a	n/a	n/a	n/a	n/a
4675.534	0	2337767	gong_end	silent_emerge	gong-end	n/a	n/a	n/a	n/a	n/a
4675.534	0	2337767	subblock_end	silent_emerge	subblock-end-duration-112.005	n/a	n/a	n/a	112.005	n/a
4675.536	0	2337768	subblock_begin	silent_emerge	subblock-begin	n/a	n/a	n/a	n/a	n/a
4675.536	0	2337768	silence_begin	silent_emerge	silence-begin	n/a	n/a	n/a	n/a	n/a
4737.700	0	2368850	clicker_press	silent_emerge	response-received-arrow_up	n/a	n/a	n/a	n/a	arrow_up
4737.718	0	2368859	report_window_begin	silent_emerge	emerge-nosapo-emerge-begin	n/a	n/a	n/a	n/a	n/a
4737.934	0	2368967	clicker_press	silent_emerge	response-received-arrow_up	n/a	n/a	n/a	n/a	arrow_up
4738.250	0	2369125	clicker_press	silent_emerge	response-received-arrow_up	n/a	n/a	n/a	n/a	arrow_up
4738.548	0	2369274	clicker_press	silent_emerge	response-received-arrow_up	n/a	n/a	n/a	n/a	arrow_up
4741.780	0	2370890	depth_rating	silent_emerge	rating-nosapo-emerge-meditation_depth-4	4	n/a	n/a	n/a	n/a
4744.360	0	2372180	clicker_press	silent_emerge	response-received-arrow_up	n/a	n/a	n/a	n/a	arrow_up
4744.612	0	2372306	clicker_press	silent_emerge	response-received-arrow_up	n/a	n/a	n/a	n/a	arrow_up
4744.994	0	2372497	clicker_press	silent_emerge	response-received-arrow_up	n/a	n/a	n/a	n/a	arrow_up
4751.904	0	2375952	confidence_rating	silent_emerge	rating-nosapo-emerge-confidence_depth-3	n/a	3	n/a	n/a	n/a
4755.368	0	2377684	report_window_end	silent_emerge	emerge-nosapo-emerge-end	n/a	n/a	n/a	n/a	n/a
4755.370	0	2377685	subblock_begin	silent_emerge	subblock-begin	n/a	n/a	n/a	n/a	n/a
4755.370	0	2377685	silence_begin	silent_emerge	silence-begin	n/a	n/a	n/a	n/a	n/a
4874.800	0	2437400	silence_end	silent_emerge	silence-end	n/a	n/a	n/a	n/a	n/a
4875.086	0	2437543	gong_begin	silent_emerge	gong-begin	n/a	n/a	n/a	n/a	n/a
4884.830	0	2442415	gong_end	silent_emerge	gong-end	n/a	n/a	n/a	n/a	n/a
4884.830	0	2442415	subblock_end	silent_emerge	subblock-end-duration-129.46	n/a	n/a	n/a	129.460	n/a
4884.830	0	2442415	subblock_begin	silent_emerge	subblock-begin	n/a	n/a	n/a	n/a	n/a
4884.832	0	2442416	silence_begin	silent_emerge	silence-begin	n/a	n/a	n/a	n/a	n/a
4994.704	0	2497352	silence_end	silent_emerge	silence-end	n/a	n/a	n/a	n/a	n/a
4994.706	0	2497353	gong_begin	silent_emerge	gong-begin	n/a	n/a	n/a	n/a	n/a
5004.744	0	2502372	gong_end	silent_emerge	gong-end	n/a	n/a	n/a	n/a	n/a
5004.746	0	2502373	subblock_end	silent_emerge	subblock-end-duration-119.915	n/a	n/a	n/a	119.915	n/a
5004.746	0	2502373	subblock_begin	silent_emerge	subblock-begin	n/a	n/a	n/a	n/a	n/a
5004.746	0	2502373	silence_begin	silent_emerge	silence-begin	n/a	n/a	n/a	n/a	n/a
5116.186	0	2558093	silence_end	silent_emerge	silence-end	n/a	n/a	n/a	n/a	n/a
5116.220	0	2558110	gong_begin	silent_emerge	gong-begin	n/a	n/a	n/a	n/a	n/a
5126.210	0	2563105	gong_end	silent_emerge	gong-end	n/a	n/a	n/a	n/a	n/a
5126.212	0	2563106	subblock_end	silent_emerge	subblock-end-duration-121.466	n/a	n/a	n/a	121.466	n/a
5126.212	0	2563106	subblock_begin	silent_emerge	subblock-begin	n/a	n/a	n/a	n/a	n/a
5126.212	0	2563106	silence_begin	silent_emerge	silence-begin	n/a	n/a	n/a	n/a	n/a
5227.078	0	2613539	silence_end	silent_emerge	silence-end	n/a	n/a	n/a	n/a	n/a
5227.094	0	2613547	gong_begin	silent_emerge	gong-begin	n/a	n/a	n/a	n/a	n/a
5237.252	0	2618626	gong_end	silent_emerge	gong-end	n/a	n/a	n/a	n/a	n/a
5237.254	0	2618627	subblock_end	silent_emerge	subblock-end-duration-111.041	n/a	n/a	n/a	111.041	n/a
5237.254	0	2618627	subblock_begin	silent_emerge	subblock-begin	n/a	n/a	n/a	n/a	n/a
5237.254	0	2618627	silence_begin	silent_emerge	silence-begin	n/a	n/a	n/a	n/a	n/a
5352.560	0	2676280	silence_end	silent_emerge	silence-end	n/a	n/a	n/a	n/a	n/a
5352.560	0	2676280	gong_begin	silent_emerge	gong-begin	n/a	n/a	n/a	n/a	n/a
5362.598	0	2681299	gong_end	silent_emerge	gong-end	n/a	n/a	n/a	n/a	n/a
5362.600	0	2681300	subblock_end	silent_emerge	subblock-end-duration-125.346	n/a	n/a	n/a	125.346	n/a
5362.600	0	2681300	subblock_begin	silent_emerge	subblock-begin	n/a	n/a	n/a	n/a	n/a
5362.600	0	2681300	silence_begin	silent_emerge	silence-begin	n/a	n/a	n/a	n/a	n/a
5379.486	0	2689743	clicker_press	silent_emerge	response-received-arrow_up	n/a	n/a	n/a	n/a	arrow_up
5379.502	0	2689751	report_window_begin	silent_emerge	emerge-nosapo-emerge-begin	n/a	n/a	n/a	n/a	n/a
5379.768	0	2689884	clicker_press	silent_emerge	response-received-arrow_up	n/a	n/a	n/a	n/a	arrow_up
5380.102	0	2690051	clicker_press	silent_emerge	response-received-arrow_up	n/a	n/a	n/a	n/a	arrow_up
5383.516	0	2691758	depth_rating	silent_emerge	rating-nosapo-emerge-meditation_depth-3	3	n/a	n/a	n/a	n/a
5386.796	0	2693398	clicker_press	silent_emerge	response-received-arrow_up	n/a	n/a	n/a	n/a	arrow_up
5387.112	0	2693556	clicker_press	silent_emerge	response-received-arrow_up	n/a	n/a	n/a	n/a	arrow_up
5387.478	0	2693739	clicker_press	silent_emerge	response-received-arrow_up	n/a	n/a	n/a	n/a	arrow_up
5388.044	0	2694022	clicker_press	silent_emerge	response-received-arrow_up	n/a	n/a	n/a	n/a	arrow_up
5393.808	0	2696904	confidence_rating	silent_emerge	rating-nosapo-emerge-confidence_depth-4	n/a	4	n/a	n/a	n/a
5397.254	0	2698627	report_window_end	silent_emerge	emerge-nosapo-emerge-end	n/a	n/a	n/a	n/a	n/a
5397.254	0	2698627	subblock_begin	silent_emerge	subblock-begin	n/a	n/a	n/a	n/a	n/a
5397.254	0	2698627	silence_begin	silent_emerge	silence-begin	n/a	n/a	n/a	n/a	n/a
5512.326	0	2756163	silence_end	silent_emerge	silence-end	n/a	n/a	n/a	n/a	n/a
5512.326	0	2756163	gong_begin	silent_emerge	gong-begin	n/a	n/a	n/a	n/a	n/a
5522.336	0	2761168	gong_end	silent_emerge	gong-end	n/a	n/a	n/a	n/a	n/a
5522.336	0	2761168	subblock_end	silent_emerge	subblock-end-duration-125.083	n/a	n/a	n/a	125.083	n/a
5522.338	0	2761169	subblock_begin	silent_emerge	subblock-begin	n/a	n/a	n/a	n/a	n/a
5522.338	0	2761169	silence_begin	silent_emerge	silence-begin	n/a	n/a	n/a	n/a	n/a
5570.344	0	2785172	clicker_press	silent_emerge	response-received-arrow_up	n/a	n/a	n/a	n/a	arrow_up
5570.396	0	2785198	report_window_begin	silent_emerge	emerge-nosapo-emerge-begin	n/a	n/a	n/a	n/a	n/a
5570.712	0	2785356	clicker_press	silent_emerge	response-received-arrow_up	n/a	n/a	n/a	n/a	arrow_up
5571.012	0	2785506	clicker_press	silent_emerge	response-received-arrow_up	n/a	n/a	n/a	n/a	arrow_up
5571.494	0	2785747	clicker_press	silent_emerge	response-received-arrow_up	n/a	n/a	n/a	n/a	arrow_up
5574.472	0	2787236	depth_rating	silent_emerge	rating-nosapo-emerge-meditation_depth-4	4	n/a	n/a	n/a	n/a
5578.404	0	2789202	clicker_press	silent_emerge	response-received-arrow_up	n/a	n/a	n/a	n/a	arrow_up
5578.688	0	2789344	clicker_press	silent_emerge	response-received-arrow_up	n/a	n/a	n/a	n/a	arrow_up
5579.020	0	2789510	clicker_press	silent_emerge	response-received-arrow_up	n/a	n/a	n/a	n/a	arrow_up
5579.654	0	2789827	clicker_press	silent_emerge	response-received-arrow_up	n/a	n/a	n/a	n/a	arrow_up
5584.534	0	2792267	confidence_rating	silent_emerge	rating-nosapo-emerge-confidence_depth-4	n/a	4	n/a	n/a	n/a
5588.064	0	2794032	report_window_end	silent_emerge	emerge-nosapo-emerge-end	n/a	n/a	n/a	n/a	n/a
5588.064	0	2794032	subblock_begin	silent_emerge	subblock-begin	n/a	n/a	n/a	n/a	n/a
5588.064	0	2794032	silence_begin	silent_emerge	silence-begin	n/a	n/a	n/a	n/a	n/a
5703.768	0	2851884	silence_end	silent_emerge	silence-end	n/a	n/a	n/a	n/a	n/a
5703.784	0	2851892	gong_begin	silent_emerge	gong-begin	n/a	n/a	n/a	n/a	n/a
5713.794	0	2856897	gong_end	silent_emerge	gong-end	n/a	n/a	n/a	n/a	n/a
5713.794	0	2856897	subblock_end	silent_emerge	subblock-end-duration-125.729	n/a	n/a	n/a	125.729	n/a
5713.794	0	2856897	subblock_begin	silent_emerge	subblock-begin	n/a	n/a	n/a	n/a	n/a
5713.796	0	2856898	silence_begin	silent_emerge	silence-begin	n/a	n/a	n/a	n/a	n/a
5833.408	0	2916704	silence_end	silent_emerge	silence-end	n/a	n/a	n/a	n/a	n/a
5833.424	0	2916712	gong_begin	silent_emerge	gong-begin	n/a	n/a	n/a	n/a	n/a
5843.534	0	2921767	gong_end	silent_emerge	gong-end	n/a	n/a	n/a	n/a	n/a
5843.534	0	2921767	subblock_end	silent_emerge	subblock-end-duration-129.738	n/a	n/a	n/a	129.738	n/a
5843.534	0	2921767	subblock_begin	silent_emerge	subblock-begin	n/a	n/a	n/a	n/a	n/a
5843.534	0	2921767	silence_begin	silent_emerge	silence-begin	n/a	n/a	n/a	n/a	n/a
5877.954	0	2938977	clicker_press	silent_emerge	response-received-arrow_up	n/a	n/a	n/a	n/a	arrow_up
5877.972	0	2938986	report_window_begin	silent_emerge	emerge-nosapo-emerge-begin	n/a	n/a	n/a	n/a	n/a
5878.222	0	2939111	clicker_press	silent_emerge	response-received-arrow_up	n/a	n/a	n/a	n/a	arrow_up
5878.504	0	2939252	clicker_press	silent_emerge	response-received-arrow_up	n/a	n/a	n/a	n/a	arrow_up
5878.906	0	2939453	clicker_press	silent_emerge	response-received-arrow_up	n/a	n/a	n/a	n/a	arrow_up
5882.034	0	2941017	depth_rating	silent_emerge	rating-nosapo-emerge-meditation_depth-4	4	n/a	n/a	n/a	n/a
5886.298	0	2943149	clicker_press	silent_emerge	response-received-arrow_up	n/a	n/a	n/a	n/a	arrow_up
5886.648	0	2943324	clicker_press	silent_emerge	response-received-arrow_up	n/a	n/a	n/a	n/a	arrow_up
5887.032	0	2943516	clicker_press	silent_emerge	response-received-arrow_up	n/a	n/a	n/a	n/a	arrow_up
5887.348	0	2943674	clicker_press	silent_emerge	response-received-arrow_up	n/a	n/a	n/a	n/a	arrow_up
5887.866	0	2943933	clicker_press	silent_emerge	response-received-arrow_up	n/a	n/a	n/a	n/a	arrow_up
5892.160	0	2946080	confidence_rating	silent_emerge	rating-nosapo-emerge-confidence_depth-5	n/a	5	n/a	n/a	n/a
5895.776	0	2947888	report_window_end	silent_emerge	emerge-nosapo-emerge-end	n/a	n/a	n/a	n/a	n/a
5895.776	0	2947888	subblock_begin	silent_emerge	subblock-begin	n/a	n/a	n/a	n/a	n/a
5895.776	0	2947888	silence_begin	silent_emerge	silence-begin	n/a	n/a	n/a	n/a	n/a
5971.378	0	2985689	silent_emerge_end	silent_emerge	block-nosapo-emerge-end	n/a	n/a	n/a	n/a	n/a
5971.378	0	2985689	block_duration	silent_emerge	block-nosapo-emerge-duration-2100	n/a	n/a	n/a	2100.000	n/a
5971.378	0	2985689	prompt_window_begin	silent_emerge	probe-nosapo-emerge-begin	n/a	n/a	n/a	n/a	n/a
5980.454	0	2990227	depth_rating	silent_emerge	rating-nosapo-emerge-meditation_depth-0	0	n/a	n/a	n/a	n/a
5989.694	0	2994847	clicker_press	n/a	response-received-arrow_up	n/a	n/a	n/a	n/a	arrow_up
5990.478	0	2995239	confidence_rating	silent_emerge	rating-nosapo-emerge-confidence_depth-1	n/a	1	n/a	n/a	n/a
5991.528	0	2995764	prompt_window_end	silent_emerge	probe-nosapo-emerge-end	n/a	n/a	n/a	n/a	n/a
5991.528	0	2995764	break_begin	break	break-begin	n/a	n/a	n/a	n/a	n/a
6114.708	0	3057354	clicker_press	break	response-received-enter	n/a	n/a	n/a	n/a	enter
6114.742	0	3057371	break_end	break	break-end	n/a	n/a	n/a	n/a	n/a
6149.880	0	3074940	clicker_press	n/a	response-received-arrow_up	n/a	n/a	n/a	n/a	arrow_up
6149.896	0	3074948	post_meditation_begin	post_meditation	post-meditation-begin	n/a	n/a	n/a	n/a	n/a
6449.900	0	3224950	post_meditation_end	post_meditation	post-meditation-end	n/a	n/a	n/a	n/a	n/a
6449.902	0	3224951	prompt_window_begin	post_meditation	probe-post-meditation-begin	n/a	n/a	n/a	n/a	n/a
6455.598	0	3227799	clicker_press	n/a	response-received-arrow_up	n/a	n/a	n/a	n/a	arrow_up
6455.962	0	3227981	clicker_press	n/a	response-received-arrow_up	n/a	n/a	n/a	n/a	arrow_up
6456.362	0	3228181	clicker_press	n/a	response-received-arrow_up	n/a	n/a	n/a	n/a	arrow_up
6456.728	0	3228364	clicker_press	n/a	response-received-arrow_up	n/a	n/a	n/a	n/a	arrow_up
6457.180	0	3228590	clicker_press	n/a	response-received-arrow_up	n/a	n/a	n/a	n/a	arrow_up
6458.926	0	3229463	depth_rating	post_meditation	rating-post-meditation-meditation_depth-5	5	n/a	n/a	n/a	n/a
6462.274	0	3231137	clicker_press	n/a	response-received-arrow_up	n/a	n/a	n/a	n/a	arrow_up
6462.674	0	3231337	clicker_press	n/a	response-received-arrow_up	n/a	n/a	n/a	n/a	arrow_up
6463.090	0	3231545	clicker_press	n/a	response-received-arrow_up	n/a	n/a	n/a	n/a	arrow_up
6463.522	0	3231761	clicker_press	n/a	response-received-arrow_up	n/a	n/a	n/a	n/a	arrow_up
6464.088	0	3232044	clicker_press	n/a	response-received-arrow_up	n/a	n/a	n/a	n/a	arrow_up
6469.068	0	3234534	confidence_rating	post_meditation	rating-post-meditation-confidence_depth-5	n/a	5	n/a	n/a	n/a
6470.102	0	3235051	prompt_window_end	post_meditation	probe-post-meditation-end	n/a	n/a	n/a	n/a	n/a
6479.224	0	3239612	task_end	n/a	task-end	n/a	n/a	n/a	n/a	n/a
