onset	duration	sample	trial_type	block	value	depth	confidence	response_time	logged_duration	key
0.000	0	0	clicker_press	n/a	response-received-arrow_up	n/a	n/a	n/a	n/a	arrow_up
7.724	0	3862	clicker_press	n/a	response-received-arrow_up	n/a	n/a	n/a	n/a	arrow_up
15.884	0	7942	clicker_press	n/a	response-received-arrow_up	n/a	n/a	n/a	n/a	arrow_up
19.882	0	9941	clicker_press	n/a	response-received-arrow_up	n/a	n/a	n/a	n/a	arrow_up
25.810	0	12905	clicker_press	n/a	response-received-arrow_up	n/a	n/a	n/a	n/a	arrow_up
30.356	0	15178	clicker_press	n/a	response-received-arrow_up	n/a	n/a	n/a	n/a	arrow_up
39.066	0	19533	clicker_press	n/a	response-received-arrow_up	n/a	n/a	n/a	n/a	arrow_up
51.090	0	25545	clicker_press	n/a	response-received-arrow_up	n/a	n/a	n/a	n/a	arrow_up
51.206	0	25603	task_begin	n/a	task-begin	n/a	n/a	n/a	n/a	n/a
102.830	0	51415	clicker_press	n/a	response-received-arrow_up	n/a	n/a	n/a	n/a	arrow_up
102.846	0	51423	baseline_begin	baseline	baseline-begin	n/a	n/a	n/a	n/a	n/a
402.930	0	201465	baseline_end	baseline	baseline-end	n/a	n/a	n/a	n/a	n/a
466.402	0	233201	clicker_press	n/a	response-received-arrow_up	n/a	n/a	n/a	n/a	arrow_up
466.412	0	233206	pre_meditation_begin	pre_meditation	pre-meditation-begin	n/a	n/a	n/a	n/a	n/a
766.446	0	383223	pre_meditation_end	pre_meditation	pre-meditation-end	n/a	n/a	n/a	n/a	n/a
766.448	0	383224	prompt_window_begin	pre_meditation	probe-pre-meditation-begin	n/a	n/a	n/a	n/a	n/a
774.042	0	387021	clicker_press	n/a	response-received-arrow_up	n/a	n/a	n/a	n/a	arrow_up
774.490	0	387245	clicker_press	n/a	response-received-arrow_up	n/a	n/a	n/a	n/a	arrow_up
775.022	0	387511	clicker_press	n/a	response-received-arrow_up	n/a	n/a	n/a	n/a	arrow_up
775.488	0	387744	depth_rating	pre_meditation	rating-pre-meditation-meditation_depth-3	3	n/a	n/a	n/a	n/a
781.916	0	390958	clicker_press	n/a	response-received-arrow_up	n/a	n/a	n/a	n/a	arrow_up
782.266	0	391133	clicker_press	n/a	response-received-arrow_up	n/a	n/a	n/a	n/a	arrow_up
782.584	0	391292	clicker_press	n/a	response-received-arrow_up	n/a	n/a	n/a	n/a	arrow_up
783.000	0	391500	clicker_press	n/a	response-received-arrow_up	n/a	n/a	n/a	n/a	arrow_up
783.466	0	391733	clicker_press	n/a	response-received-arrow_up	n/a	n/a	n/a	n/a	arrow_up
785.648	0	392824	confidence_rating	pre_meditation	rating-pre-meditation-confidence_depth-5	n/a	5	n/a	n/a	n/a
786.780	0	393390	prompt_window_end	pre_meditation	probe-pre-meditation-end	n/a	n/a	n/a	n/a	n/a
857.920	0	428960	clicker_press	n/a	response-received-arrow_up	n/a	n/a	n/a	n/a	arrow_up
857.944	0	428972	silent_probe_begin	silent_probe	block-nosapo-probe-begin	n/a	n/a	n/a	n/a	n/a
857.944	0	428972	subblock_begin	silent_probe	subblock-begin	n/a	n/a	n/a	n/a	n/a
857.944	0	428972	silence_begin	silent_probe	silence-begin	n/a	n/a	n/a	n/a	n/a
963.084	0	481542	silence_end	silent_probe	silence-end	n/a	n/a	n/a	n/a	n/a
963.084	0	481542	gong_begin	silent_probe	gong-begin	n/a	n/a	n/a	n/a	n/a
973.208	0	486604	gong_end	silent_probe	gong-end	n/a	n/a	n/a	n/a	n/a
973.210	0	486605	subblock_end	silent_probe	subblock-end-duration-115.265	n/a	n/a	n/a	115.265	n/a
973.210	0	486605	subblock_begin	silent_probe	subblock-begin	n/a	n/a	n/a	n/a	n/a
973.210	0	486605	silence_begin	silent_probe	silence-begin	n/a	n/a	n/a	n/a	n/a
1084.282	0	542141	silence_end	silent_probe	silence-end	n/a	n/a	n/a	n/a	n/a
1084.284	0	542142	subblock_end	silent_probe	subblock-end-duration-111.074	n/a	n/a	n/a	111.074	n/a
1084.284	0	542142	subblock_begin	silent_probe	subblock-begin	n/a	n/a	n/a	n/a	n/a
1084.286	0	542143	silence_begin	silent_probe	silence-begin	n/a	n/a	n/a	n/a	n/a
1089.996	0	544998	prompt_window_begin	silent_probe	probe-nosapo-probe-begin	n/a	n/a	n/a	n/a	n/a
1093.526	0	546763	clicker_press	silent_probe	response-received-arrow_up	n/a	n/a	n/a	n/a	arrow_up
1094.126	0	547063	clicker_press	silent_probe	response-received-arrow_up	n/a	n/a	n/a	n/a	arrow_up
1095.208	0	547604	clicker_press	silent_probe	response-received-arrow_up	n/a	n/a	n/a	n/a	arrow_up
1099.022	0	549511	depth_rating	silent_probe	rating-nosapo-probe-meditation_depth-3	3	n/a	n/a	n/a	n/a
1101.436	0	550718	clicker_press	silent_probe	response-received-arrow_up	n/a	n/a	n/a	n/a	arrow_up
1101.752	0	550876	clicker_press	silent_probe	response-received-arrow_up	n/a	n/a	n/a	n/a	arrow_up
1102.152	0	551076	clicker_press	silent_probe	response-received-arrow_up	n/a	n/a	n/a	n/a	arrow_up
1102.452	0	551226	clicker_press	silent_probe	response-received-arrow_up	n/a	n/a	n/a	n/a	arrow_up
1102.918	0	551459	clicker_press	silent_probe	response-received-arrow_up	n/a	n/a	n/a	n/a	arrow_up
1109.146	0	554573	confidence_rating	silent_probe	rating-nosapo-probe-confidence_depth-5	n/a	5	n/a	n/a	n/a
1112.660	0	556330	prompt_window_end	silent_probe	probe-nosapo-probe-end	n/a	n/a	n/a	n/a	n/a
1225.200	0	612600	silence_end	silent_probe	silence-end	n/a	n/a	n/a	n/a	n/a
1225.200	0	612600	gong_begin	silent_probe	gong-begin	n/a	n/a	n/a	n/a	n/a
1235.308	0	617654	gong_end	silent_probe	gong-end	n/a	n/a	n/a	n/a	n/a
1235.308	0	617654	subblock_end	silent_probe	subblock-end-duration-151.024	n/a	n/a	n/a	151.024	n/a
1235.308	0	617654	subblock_begin	silent_probe	subblock-begin	n/a	n/a	n/a	n/a	n/a
1235.310	0	617655	silence_begin	silent_probe	silence-begin	n/a	n/a	n/a	n/a	n/a
1315.774	0	657887	prompt_window_begin	silent_probe	probe-nosapo-probe-begin	n/a	n/a	n/a	n/a	n/a
1319.040	0	659520	clicker_press	silent_probe	response-received-arrow_down	n/a	n/a	n/a	n/a	arrow_down
1319.688	0	659844	clicker_press	silent_probe	response-received-arrow_down	n/a	n/a	n/a	n/a	arrow_down
1320.056	0	660028	clicker_press	silent_probe	response-received-arrow_down	n/a	n/a	n/a	n/a	arrow_down
1320.822	0	660411	clicker_press	silent_probe	response-received-arrow_down	n/a	n/a	n/a	n/a	arrow_down
1324.836	0	662418	depth_rating	silent_probe	rating-nosapo-probe-meditation_depth-4	4	n/a	n/a	n/a	n/a
1327.816	0	663908	clicker_press	silent_probe	response-received-arrow_down	n/a	n/a	n/a	n/a	arrow_down
1328.066	0	664033	clicker_press	silent_probe	response-received-arrow_down	n/a	n/a	n/a	n/a	arrow_down
1328.364	0	664182	clicker_press	silent_probe	response-received-arrow_down	n/a	n/a	n/a	n/a	arrow_down
1328.682	0	664341	clicker_press	silent_probe	response-received-arrow_down	n/a	n/a	n/a	n/a	arrow_down
1329.064	0	664532	clicker_press	silent_probe	response-received-arrow_down	n/a	n/a	n/a	n/a	arrow_down
1334.892	0	667446	confidence_rating	silent_probe	rating-nosapo-probe-confidence_depth-5	n/a	5	n/a	n/a	n/a
1338.406	0	669203	prompt_window_end	silent_probe	probe-nosapo-probe-end	n/a	n/a	n/a	n/a	n/a
1370.196	0	685098	silence_end	silent_probe	silence-end	n/a	n/a	n/a	n/a	n/a
1370.198	0	685099	gong_begin	silent_probe	gong-begin	n/a	n/a	n/a	n/a	n/a
1380.388	0	690194	gong_end	silent_probe	gong-end	n/a	n/a	n/a	n/a	n/a
1380.390	0	690195	subblock_end	silent_probe	subblock-end-duration-145.08	n/a	n/a	n/a	145.080	n/a
1380.390	0	690195	subblock_begin	silent_probe	subblock-begin	n/a	n/a	n/a	n/a	n/a
1380.390	0	690195	silence_begin	silent_probe	silence-begin	n/a	n/a	n/a	n/a	n/a
1497.658	0	748829	silence_end	silent_probe	silence-end	n/a	n/a	n/a	n/a	n/a
1497.658	0	748829	subblock_end	silent_probe	subblock-end-duration-117.269	n/a	n/a	n/a	117.269	n/a
1497.660	0	748830	subblock_begin	silent_probe	subblock-begin	n/a	n/a	n/a	n/a	n/a
1497.660	0	748830	silence_begin	silent_probe	silence-begin	n/a	n/a	n/a	n/a	n/a
1551.446	0	775723	prompt_window_begin	silent_probe	probe-nosapo-probe-begin	n/a	n/a	n/a	n/a	n/a
1553.712	0	776856	clicker_press	silent_probe	response-received-arrow_down	n/a	n/a	n/a	n/a	arrow_down
1554.062	0	777031	clicker_press	silent_probe	response-received-arrow_down	n/a	n/a	n/a	n/a	arrow_down
1554.694	0	777347	clicker_press	silent_probe	response-received-arrow_down	n/a	n/a	n/a	n/a	arrow_down
1560.556	0	780278	depth_rating	silent_probe	rating-nosapo-probe-meditation_depth-3	3	n/a	n/a	n/a	n/a
1563.102	0	781551	clicker_press	silent_probe	response-received-arrow_down	n/a	n/a	n/a	n/a	arrow_down
1563.336	0	781668	clicker_press	silent_probe	response-received-arrow_down	n/a	n/a	n/a	n/a	arrow_down
1563.620	0	781810	clicker_press	silent_probe	response-received-arrow_down	n/a	n/a	n/a	n/a	arrow_down
1563.870	0	781935	clicker_press	silent_probe	response-received-arrow_down	n/a	n/a	n/a	n/a	arrow_down
1564.254	0	782127	clicker_press	silent_probe	response-received-arrow_down	n/a	n/a	n/a	n/a	arrow_down
1570.630	0	785315	confidence_rating	silent_probe	rating-nosapo-probe-confidence_depth-5	n/a	5	n/a	n/a	n/a
1574.060	0	787030	prompt_window_end	silent_probe	probe-nosapo-probe-end	n/a	n/a	n/a	n/a	n/a
1628.698	0	814349	silence_end	silent_probe	silence-end	n/a	n/a	n/a	n/a	n/a
1628.700	0	814350	subblock_end	silent_probe	subblock-end-duration-131.041	n/a	n/a	n/a	131.041	n/a
1628.700	0	814350	subblock_begin	silent_probe	subblock-begin	n/a	n/a	n/a	n/a	n/a
1628.700	0	814350	silence_begin	silent_probe	silence-begin	n/a	n/a	n/a	n/a	n/a
1729.448	0	864724	silence_end	silent_probe	silence-end	n/a	n/a	n/a	n/a	n/a
1729.450	0	864725	subblock_end	silent_probe	subblock-end-duration-100.75	n/a	n/a	n/a	100.750	n/a
1729.450	0	864725	subblock_begin	silent_probe	subblock-begin	n/a	n/a	n/a	n/a	n/a
1729.450	0	864725	silence_begin	silent_probe	silence-begin	n/a	n/a	n/a	n/a	n/a
1766.086	0	883043	prompt_window_begin	silent_probe	probe-nosapo-probe-begin	n/a	n/a	n/a	n/a	n/a
1769.400	0	884700	clicker_press	silent_probe	response-received-arrow_down	n/a	n/a	n/a	n/a	arrow_down
1769.966	0	884983	clicker_press	silent_probe	response-received-arrow_down	n/a	n/a	n/a	n/a	arrow_down
1770.464	0	885232	clicker_press	silent_probe	response-received-arrow_down	n/a	n/a	n/a	n/a	arrow_down
1775.162	0	887581	depth_rating	silent_probe	rating-nosapo-probe-meditation_depth-3	3	n/a	n/a	n/a	n/a
1782.488	0	891244	clicker_press	silent_probe	response-received-arrow_up	n/a	n/a	n/a	n/a	arrow_up
1782.838	0	891419	clicker_press	silent_probe	response-received-arrow_up	n/a	n/a	n/a	n/a	arrow_up
1784.038	0	892019	clicker_press	silent_probe	response-received-arrow_up	n/a	n/a	n/a	n/a	arrow_up
1784.354	0	892177	clicker_press	silent_probe	response-received-arrow_up	n/a	n/a	n/a	n/a	arrow_up
1784.622	0	892311	clicker_press	silent_probe	response-received-arrow_up	n/a	n/a	n/a	n/a	arrow_up
1785.320	0	892660	confidence_rating	silent_probe	rating-nosapo-probe-confidence_depth-5	n/a	5	n/a	n/a	n/a
1788.900	0	894450	prompt_window_end	silent_probe	probe-nosapo-probe-end	n/a	n/a	n/a	n/a	n/a
1859.540	0	929770	silence_end	silent_probe	silence-end	n/a	n/a	n/a	n/a	n/a
1859.542	0	929771	subblock_end	silent_probe	subblock-end-duration-130.092	n/a	n/a	n/a	130.092	n/a
1859.542	0	929771	subblock_begin	silent_probe	subblock-begin	n/a	n/a	n/a	n/a	n/a
1859.542	0	929771	silence_begin	silent_probe	silence-begin	n/a	n/a	n/a	n/a	n/a
1961.290	0	980645	silence_end	silent_probe	silence-end	n/a	n/a	n/a	n/a	n/a
1961.290	0	980645	gong_begin	silent_probe	gong-begin	n/a	n/a	n/a	n/a	n/a
1971.464	0	985732	gong_end	silent_probe	gong-end	n/a	n/a	n/a	n/a	n/a
1971.464	0	985732	subblock_end	silent_probe	subblock-end-duration-111.923	n/a	n/a	n/a	111.923	n/a
1971.464	0	985732	subblock_begin	silent_probe	subblock-begin	n/a	n/a	n/a	n/a	n/a
1971.464	0	985732	silence_begin	silent_probe	silence-begin	n/a	n/a	n/a	n/a	n/a
1971.914	0	985957	prompt_window_begin	silent_probe	probe-nosapo-probe-begin	n/a	n/a	n/a	n/a	n/a
1980.958	0	990479	depth_rating	silent_probe	rating-nosapo-probe-meditation_depth-0	0	n/a	n/a	n/a	n/a
1987.636	0	993818	clicker_press	silent_probe	response-received-arrow_up	n/a	n/a	n/a	n/a	arrow_up
1991.016	0	995508	confidence_rating	silent_probe	rating-nosapo-probe-confidence_depth-1	n/a	1	n/a	n/a	n/a
1994.530	0	997265	prompt_window_end	silent_probe	probe-nosapo-probe-end	n/a	n/a	n/a	n/a	n/a
2104.256	0	1052128	silence_end	silent_probe	silence-end	n/a	n/a	n/a	n/a	n/a
2104.256	0	1052128	subblock_end	silent_probe	subblock-end-duration-132.792	n/a	n/a	n/a	132.792	n/a
2104.256	0	1052128	subblock_begin	silent_probe	subblock-begin	n/a	n/a	n/a	n/a	n/a
2104.258	0	1052129	silence_begin	silent_probe	silence-begin	n/a	n/a	n/a	n/a	n/a
2206.586	0	1103293	prompt_window_begin	silent_probe	probe-nosapo-probe-begin	n/a	n/a	n/a	n/a	n/a
2213.616	0	1106808	clicker_press	silent_probe	response-received-arrow_up	n/a	n/a	n/a	n/a	arrow_up
2214.264	0	1107132	clicker_press	silent_probe	response-received-arrow_up	n/a	n/a	n/a	n/a	arrow_up
2215.812	0	1107906	depth_rating	silent_probe	rating-nosapo-probe-meditation_depth-2	2	n/a	n/a	n/a	n/a
2219.828	0	1109914	clicker_press	silent_probe	response-received-arrow_up	n/a	n/a	n/a	n/a	arrow_up
2220.092	0	1110046	clicker_press	silent_probe	response-received-arrow_up	n/a	n/a	n/a	n/a	arrow_up
2220.410	0	1110205	clicker_press	silent_probe	response-received-arrow_up	n/a	n/a	n/a	n/a	arrow_up
2220.742	0	1110371	clicker_press	silent_probe	response-received-arrow_up	n/a	n/a	n/a	n/a	arrow_up
2221.042	0	1110521	clicker_press	silent_probe	response-received-arrow_up	n/a	n/a	n/a	n/a	arrow_up
2225.938	0	1112969	confidence_rating	silent_probe	rating-nosapo-probe-confidence_depth-5	n/a	5	n/a	n/a	n/a
2229.436	0	1114718	prompt_window_end	silent_probe	probe-nosapo-probe-end	n/a	n/a	n/a	n/a	n/a
2233.482	0	1116741	silence_end	silent_probe	silence-end	n/a	n/a	n/a	n/a	n/a
2233.482	0	1116741	gong_begin	silent_probe	gong-begin	n/a	n/a	n/a	n/a	n/a
2243.690	0	1121845	gong_end	silent_probe	gong-end	n/a	n/a	n/a	n/a	n/a
2243.690	0	1121845	subblock_end	silent_probe	subblock-end-duration-139.435	n/a	n/a	n/a	139.435	n/a
2243.692	0	1121846	subblock_begin	silent_probe	subblock-begin	n/a	n/a	n/a	n/a	n/a
2243.692	0	1121846	silence_begin	silent_probe	silence-begin	n/a	n/a	n/a	n/a	n/a
2363.090	0	1181545	silence_end	silent_probe	silence-end	n/a	n/a	n/a	n/a	n/a
2363.092	0	1181546	subblock_end	silent_probe	subblock-end-duration-119.402	n/a	n/a	n/a	119.402	n/a
2363.094	0	1181547	subblock_begin	silent_probe	subblock-begin	n/a	n/a	n/a	n/a	n/a
2363.094	0	1181547	silence_begin	silent_probe	silence-begin	n/a	n/a	n/a	n/a	n/a
2444.474	0	1222237	prompt_window_begin	silent_probe	probe-nosapo-probe-begin	n/a	n/a	n/a	n/a	n/a
2449.252	0	1224626	clicker_press	silent_probe	response-received-arrow_up	n/a	n/a	n/a	n/a	arrow_up
2449.770	0	1224885	clicker_press	silent_probe	response-received-arrow_up	n/a	n/a	n/a	n/a	arrow_up
2450.368	0	1225184	clicker_press	silent_probe	response-received-arrow_up	n/a	n/a	n/a	n/a	arrow_up
2453.734	0	1226867	depth_rating	silent_probe	rating-nosapo-probe-meditation_depth-3	3	n/a	n/a	n/a	n/a
2455.882	0	1227941	clicker_press	silent_probe	response-received-arrow_up	n/a	n/a	n/a	n/a	arrow_up
2456.214	0	1228107	clicker_press	silent_probe	response-received-arrow_up	n/a	n/a	n/a	n/a	arrow_up
2456.430	0	1228215	clicker_press	silent_probe	response-received-arrow_up	n/a	n/a	n/a	n/a	arrow_up
2456.764	0	1228382	clicker_press	silent_probe	response-received-arrow_up	n/a	n/a	n/a	n/a	arrow_up
2457.080	0	1228540	clicker_press	silent_probe	response-received-arrow_up	n/a	n/a	n/a	n/a	arrow_up
2463.808	0	1231904	confidence_rating	silent_probe	rating-nosapo-probe-confidence_depth-5	n/a	5	n/a	n/a	n/a
2467.288	0	1233644	prompt_window_end	silent_probe	probe-nosapo-probe-end	n/a	n/a	n/a	n/a	n/a
2489.370	0	1244685	silence_end	silent_probe	silence-end	n/a	n/a	n/a	n/a	n/a
2489.372	0	1244686	gong_begin	silent_probe	gong-begin	n/a	n/a	n/a	n/a	n/a
2499.478	0	1249739	gong_end	silent_probe	gong-end	n/a	n/a	n/a	n/a	n/a
2499.478	0	1249739	subblock_end	silent_probe	subblock-end-duration-136.385	n/a	n/a	n/a	136.385	n/a
2499.478	0	1249739	subblock_begin	silent_probe	subblock-begin	n/a	n/a	n/a	n/a	n/a
2499.480	0	1249740	silence_begin	silent_probe	silence-begin	n/a	n/a	n/a	n/a	n/a
2602.892	0	1301446	silence_end	silent_probe	silence-end	n/a	n/a	n/a	n/a	n/a
2602.894	0	1301447	gong_begin	silent_probe	gong-begin	n/a	n/a	n/a	n/a	n/a
2612.968	0	1306484	gong_end	silent_probe	gong-end	n/a	n/a	n/a	n/a	n/a
2612.968	0	1306484	subblock_end	silent_probe	subblock-end-duration-113.488	n/a	n/a	n/a	113.488	n/a
2612.968	0	1306484	subblock_begin	silent_probe	subblock-begin	n/a	n/a	n/a	n/a	n/a
2612.968	0	1306484	silence_begin	silent_probe	silence-begin	n/a	n/a	n/a	n/a	n/a
2667.322	0	1333661	prompt_window_begin	silent_probe	probe-nosapo-probe-begin	n/a	n/a	n/a	n/a	n/a
2673.234	0	1336617	clicker_press	silent_probe	response-received-arrow_up	n/a	n/a	n/a	n/a	arrow_up
2673.584	0	1336792	clicker_press	silent_probe	response-received-arrow_up	n/a	n/a	n/a	n/a	arrow_up
2676.364	0	1338182	depth_rating	silent_probe	rating-nosapo-probe-meditation_depth-2	2	n/a	n/a	n/a	n/a
2678.514	0	1339257	clicker_press	silent_probe	response-received-arrow_up	n/a	n/a	n/a	n/a	arrow_up
2678.878	0	1339439	clicker_press	silent_probe	response-received-arrow_up	n/a	n/a	n/a	n/a	arrow_up
2679.244	0	1339622	clicker_press	silent_probe	response-received-arrow_up	n/a	n/a	n/a	n/a	arrow_up
2679.478	0	1339739	clicker_press	silent_probe	response-received-arrow_up	n/a	n/a	n/a	n/a	arrow_up
2679.894	0	1339947	clicker_press	silent_probe	response-received-arrow_up	n/a	n/a	n/a	n/a	arrow_up
2686.522	0	1343261	confidence_rating	silent_probe	rating-nosapo-probe-confidence_depth-5	n/a	5	n/a	n/a	n/a
2690.120	0	1345060	prompt_window_end	silent_probe	probe-nosapo-probe-end	n/a	n/a	n/a	n/a	n/a
2748.554	0	1374277	silence_end	silent_probe	silence-end	n/a	n/a	n/a	n/a	n/a
2748.556	0	1374278	subblock_end	silent_probe	subblock-end-duration-135.588	n/a	n/a	n/a	135.588	n/a
2748.556	0	1374278	subblock_begin	silent_probe	subblock-begin	n/a	n/a	n/a	n/a	n/a
2748.556	0	1374278	silence_begin	silent_probe	silence-begin	n/a	n/a	n/a	n/a	n/a
2866.624	0	1433312	silence_end	silent_probe	silence-end	n/a	n/a	n/a	n/a	n/a
2866.624	0	1433312	gong_begin	silent_probe	gong-begin	n/a	n/a	n/a	n/a	n/a
2876.748	0	1438374	gong_end	silent_probe	gong-end	n/a	n/a	n/a	n/a	n/a
2876.750	0	1438375	subblock_end	silent_probe	subblock-end-duration-128.193	n/a	n/a	n/a	128.193	n/a
2876.750	0	1438375	subblock_begin	silent_probe	subblock-begin	n/a	n/a	n/a	n/a	n/a
2876.750	0	1438375	silence_begin	silent_probe	silence-begin	n/a	n/a	n/a	n/a	n/a
2891.170	0	1445585	prompt_window_begin	silent_probe	probe-nosapo-probe-begin	n/a	n/a	n/a	n/a	n/a
2894.176	0	1447088	clicker_press	silent_probe	response-received-arrow_up	n/a	n/a	n/a	n/a	arrow_up
2894.550	0	1447275	clicker_press	silent_probe	response-received-arrow_up	n/a	n/a	n/a	n/a	arrow_up
2894.954	0	1447477	clicker_press	silent_probe	response-received-arrow_up	n/a	n/a	n/a	n/a	arrow_up
2900.230	0	1450115	depth_rating	silent_probe	rating-nosapo-probe-meditation_depth-3	3	n/a	n/a	n/a	n/a
2907.990	0	1453995	clicker_press	silent_probe	response-received-arrow_up	n/a	n/a	n/a	n/a	arrow_up
2908.290	0	1454145	clicker_press	silent_probe	response-received-arrow_up	n/a	n/a	n/a	n/a	arrow_up
2908.572	0	1454286	clicker_press	silent_probe	response-received-arrow_up	n/a	n/a	n/a	n/a	arrow_up
2908.940	0	1454470	clicker_press	silent_probe	response-received-arrow_up	n/a	n/a	n/a	n/a	arrow_up
2909.188	0	1454594	clicker_press	silent_probe	response-received-arrow_up	n/a	n/a	n/a	n/a	arrow_up
2910.338	0	1455169	confidence_rating	silent_probe	rating-nosapo-probe-confidence_depth-5	n/a	5	n/a	n/a	n/a
2913.934	0	1456967	prompt_window_end	silent_probe	probe-nosapo-probe-end	n/a	n/a	n/a	n/a	n/a
2957.982	0	1478991	silence_end	silent_probe	silence-end	n/a	n/a	n/a	n/a	n/a
2957.982	0	1478991	gong_begin	silent_probe	gong-begin	n/a	n/a	n/a	n/a	n/a
2968.124	0	1484062	gong_end	silent_probe	gong-end	n/a	n/a	n/a	n/a	n/a
2968.124	0	1484062	subblock_end	silent_probe	subblock-end-duration-91.374	n/a	n/a	n/a	91.374	n/a
2968.124	0	1484062	subblock_begin	silent_probe	subblock-begin	n/a	n/a	n/a	n/a	n/a
2968.124	0	1484062	silence_begin	silent_probe	silence-begin	n/a	n/a	n/a	n/a	n/a
2968.222	0	1484111	silent_probe_end	silent_probe	block-nosapo-probe-end	n/a	n/a	n/a	n/a	n/a
2968.224	0	1484112	block_duration	silent_probe	block-nosapo-probe-duration-2110	n/a	n/a	n/a	2110.000	n/a
2968.224	0	1484112	break_begin	break	break-begin	n/a	n/a	n/a	n/a	n/a
3096.116	0	1548058	clicker_press	break	response-received-enter	n/a	n/a	n/a	n/a	enter
3096.132	0	1548066	break_end	break	break-end	n/a	n/a	n/a	n/a	n/a
3142.430	0	1571215	clicker_press	n/a	response-received-arrow_up	n/a	n/a	n/a	n/a	arrow_up
3142.512	0	1571256	active_oddball_begin	active_oddball	active-oddball-begin	n/a	n/a	n/a	n/a	n/a
3142.520	0	1571260	standard_tone	active_oddball	standard	n/a	n/a	n/a	n/a	n/a
3143.528	0	1571764	standard_tone	active_oddball	standard	n/a	n/a	n/a	n/a	n/a
3144.694	0	1572347	standard_tone	active_oddball	standard	n/a	n/a	n/a	n/a	n/a
3145.726	0	1572863	standard_tone	active_oddball	standard	n/a	n/a	n/a	n/a	n/a
3146.758	0	1573379	standard_tone	active_oddball	standard	n/a	n/a	n/a	n/a	n/a
3147.808	0	1573904	standard_tone	active_oddball	standard	n/a	n/a	n/a	n/a	n/a
3148.924	0	1574462	standard_tone	active_oddball	standard	n/a	n/a	n/a	n/a	n/a
3149.956	0	1574978	standard_tone	active_oddball	standard	n/a	n/a	n/a	n/a	n/a
3151.038	0	1575519	standard_tone	active_oddball	standard	n/a	n/a	n/a	n/a	n/a
3152.054	0	1576027	distractor_noise	active_oddball	distractor	n/a	n/a	n/a	n/a	n/a
3153.070	0	1576535	standard_tone	active_oddball	standard	n/a	n/a	n/a	n/a	n/a
3154.086	0	1577043	standard_tone	active_oddball	standard	n/a	n/a	n/a	n/a	n/a
3154.452	0	1577226	clicker_press	active_oddball	response-received-arrow_up	n/a	n/a	n/a	n/a	arrow_up
3154.470	0	1577235	oddball_response	active_oddball	active-oddball-button-press-361ms	n/a	n/a	0.361	n/a	n/a
3155.102	0	1577551	standard_tone	active_oddball	standard	n/a	n/a	n/a	n/a	n/a
3156.152	0	1578076	standard_tone	active_oddball	standard	n/a	n/a	n/a	n/a	n/a
3157.268	0	1578634	oddball_tone	active_oddball	oddball	n/a	n/a	n/a	n/a	n/a
3158.082	0	1579041	clicker_press	active_oddball	response-received-arrow_up	n/a	n/a	n/a	n/a	arrow_up
3158.132	0	1579066	oddball_response	active_oddball	active-oddball-button-press-807ms	n/a	n/a	0.807	n/a	n/a
3158.282	0	1579141	standard_tone	active_oddball	standard	n/a	n/a	n/a	n/a	n/a
3159.398	0	1579699	standard_tone	active_oddball	standard	n/a	n/a	n/a	n/a	n/a
3160.414	0	1580207	oddball_tone	active_oddball	oddball	n/a	n/a	n/a	n/a	n/a
3161.180	0	1580590	clicker_press	active_oddball	response-received-arrow_up	n/a	n/a	n/a	n/a	arrow_up
3161.296	0	1580648	oddball_response	active_oddball	active-oddball-button-press-759ms	n/a	n/a	0.759	n/a	n/a
3161.480	0	1580740	standard_tone	active_oddball	standard	n/a	n/a	n/a	n/a	n/a
3162.496	0	1581248	standard_tone	active_oddball	standard	n/a	n/a	n/a	n/a	n/a
3163.544	0	1581772	standard_tone	active_oddball	standard	n/a	n/a	n/a	n/a	n/a
3164.560	0	1582280	standard_tone	active_oddball	standard	n/a	n/a	n/a	n/a	n/a
3165.610	0	1582805	standard_tone	active_oddball	standard	n/a	n/a	n/a	n/a	n/a
3166.626	0	1583313	standard_tone	active_oddball	standard	n/a	n/a	n/a	n/a	n/a
3167.640	0	1583820	oddball_tone	active_oddball	oddball	n/a	n/a	n/a	n/a	n/a
3168.424	0	1584212	clicker_press	active_oddball	response-received-arrow_up	n/a	n/a	n/a	n/a	arrow_up
3168.524	0	1584262	oddball_response	active_oddball	active-oddball-button-press-776ms	n/a	n/a	0.776	n/a	n/a
3168.706	0	1584353	distractor_noise	active_oddball	distractor	n/a	n/a	n/a	n/a	n/a
3169.740	0	1584870	standard_tone	active_oddball	standard	n/a	n/a	n/a	n/a	n/a
3170.872	0	1585436	standard_tone	active_oddball	standard	n/a	n/a	n/a	n/a	n/a
3171.954	0	1585977	standard_tone	active_oddball	standard	n/a	n/a	n/a	n/a	n/a
3172.970	0	1586485	standard_tone	active_oddball	standard	n/a	n/a	n/a	n/a	n/a
3174.020	0	1587010	standard_tone	active_oddball	standard	n/a	n/a	n/a	n/a	n/a
3175.034	0	1587517	oddball_tone	active_oddball	oddball	n/a	n/a	n/a	n/a	n/a
3175.834	0	1587917	clicker_press	active_oddball	response-received-arrow_up	n/a	n/a	n/a	n/a	arrow_up
3175.868	0	1587934	oddball_response	active_oddball	active-oddball-button-press-799ms	n/a	n/a	0.799	n/a	n/a
3176.068	0	1588034	standard_tone	active_oddball	standard	n/a	n/a	n/a	n/a	n/a
3177.166	0	1588583	standard_tone	active_oddball	standard	n/a	n/a	n/a	n/a	n/a
3178.216	0	1589108	standard_tone	active_oddball	standard	n/a	n/a	n/a	n/a	n/a
3179.282	0	1589641	standard_tone	active_oddball	standard	n/a	n/a	n/a	n/a	n/a
3180.314	0	1590157	distractor_noise	active_oddball	distractor	n/a	n/a	n/a	n/a	n/a
3181.346	0	1590673	standard_tone	active_oddball	standard	n/a	n/a	n/a	n/a	n/a
3181.396	0	1590698	clicker_press	active_oddball	response-received-arrow_up	n/a	n/a	n/a	n/a	arrow_up
3181.446	0	1590723	oddball_response	active_oddball	active-oddball-button-press-42ms	n/a	n/a	0.042	n/a	n/a
3182.362	0	1591181	standard_tone	active_oddball	standard	n/a	n/a	n/a	n/a	n/a
3183.394	0	1591697	standard_tone	active_oddball	standard	n/a	n/a	n/a	n/a	n/a
3184.412	0	1592206	standard_tone	active_oddball	standard	n/a	n/a	n/a	n/a	n/a
3185.444	0	1592722	standard_tone	active_oddball	standard	n/a	n/a	n/a	n/a	n/a
3186.508	0	1593254	oddball_tone	active_oddball	oddball	n/a	n/a	n/a	n/a	n/a
3187.342	0	1593671	clicker_press	active_oddball	response-received-arrow_up	n/a	n/a	n/a	n/a	arrow_up
3187.358	0	1593679	oddball_response	active_oddball	active-oddball-button-press-826ms	n/a	n/a	0.826	n/a	n/a
3187.524	0	1593762	standard_tone	active_oddball	standard	n/a	n/a	n/a	n/a	n/a
3188.574	0	1594287	standard_tone	active_oddball	standard	n/a	n/a	n/a	n/a	n/a
3189.590	0	1594795	standard_tone	active_oddball	standard	n/a	n/a	n/a	n/a	n/a
3190.690	0	1595345	standard_tone	active_oddball	standard	n/a	n/a	n/a	n/a	n/a
3191.788	0	1595894	standard_tone	active_oddball	standard	n/a	n/a	n/a	n/a	n/a
3192.886	0	1596443	standard_tone	active_oddball	standard	n/a	n/a	n/a	n/a	n/a
3193.902	0	1596951	standard_tone	active_oddball	standard	n/a	n/a	n/a	n/a	n/a
3194.968	0	1597484	standard_tone	active_oddball	standard	n/a	n/a	n/a	n/a	n/a
3195.984	0	1597992	standard_tone	active_oddball	standard	n/a	n/a	n/a	n/a	n/a
3197.018	0	1598509	standard_tone	active_oddball	standard	n/a	n/a	n/a	n/a	n/a
3198.066	0	1599033	oddball_tone	active_oddball	oddball	n/a	n/a	n/a	n/a	n/a
3198.732	0	1599366	clicker_press	active_oddball	response-received-arrow_up	n/a	n/a	n/a	n/a	arrow_up
3198.798	0	1599399	oddball_response	active_oddball	active-oddball-button-press-660ms	n/a	n/a	0.660	n/a	n/a
3199.116	0	1599558	standard_tone	active_oddball	standard	n/a	n/a	n/a	n/a	n/a
3200.130	0	1600065	standard_tone	active_oddball	standard	n/a	n/a	n/a	n/a	n/a
3201.180	0	1600590	standard_tone	active_oddball	standard	n/a	n/a	n/a	n/a	n/a
3202.412	0	1601206	standard_tone	active_oddball	standard	n/a	n/a	n/a	n/a	n/a
3203.478	0	1601739	standard_tone	active_oddball	standard	n/a	n/a	n/a	n/a	n/a
3204.560	0	1602280	standard_tone	active_oddball	standard	n/a	n/a	n/a	n/a	n/a
3205.592	0	1602796	standard_tone	active_oddball	standard	n/a	n/a	n/a	n/a	n/a
3206.642	0	1603321	distractor_noise	active_oddball	distractor	n/a	n/a	n/a	n/a	n/a
3207.692	0	1603846	standard_tone	active_oddball	standard	n/a	n/a	n/a	n/a	n/a
3207.742	0	1603871	clicker_press	active_oddball	response-received-arrow_up	n/a	n/a	n/a	n/a	arrow_up
3207.758	0	1603879	oddball_response	active_oddball	active-oddball-button-press-45ms	n/a	n/a	0.045	n/a	n/a
3208.708	0	1604354	standard_tone	active_oddball	standard	n/a	n/a	n/a	n/a	n/a
3209.758	0	1604879	distractor_noise	active_oddball	distractor	n/a	n/a	n/a	n/a	n/a
3210.706	0	1605353	clicker_press	active_oddball	response-received-arrow_up	n/a	n/a	n/a	n/a	arrow_up
3210.756	0	1605378	oddball_response	active_oddball	active-oddball-button-press-941ms	n/a	n/a	0.941	n/a	n/a
3210.772	0	1605386	standard_tone	active_oddball	standard	n/a	n/a	n/a	n/a	n/a
3211.790	0	1605895	oddball_tone	active_oddball	oddball	n/a	n/a	n/a	n/a	n/a
3212.638	0	1606319	clicker_press	active_oddball	response-received-arrow_up	n/a	n/a	n/a	n/a	arrow_up
3212.770	0	1606385	oddball_response	active_oddball	active-oddball-button-press-841ms	n/a	n/a	0.841	n/a	n/a
3212.820	0	1606410	standard_tone	active_oddball	standard	n/a	n/a	n/a	n/a	n/a
3213.836	0	1606918	distractor_noise	active_oddball	distractor	n/a	n/a	n/a	n/a	n/a
3214.670	0	1607335	clicker_press	active_oddball	response-received-arrow_up	n/a	n/a	n/a	n/a	arrow_up
3214.686	0	1607343	oddball_response	active_oddball	active-oddball-button-press-827ms	n/a	n/a	0.827	n/a	n/a
3214.918	0	1607459	standard_tone	active_oddball	standard	n/a	n/a	n/a	n/a	n/a
3215.936	0	1607968	standard_tone	active_oddball	standard	n/a	n/a	n/a	n/a	n/a
3216.966	0	1608483	standard_tone	active_oddball	standard	n/a	n/a	n/a	n/a	n/a
3218.000	0	1609000	standard_tone	active_oddball	standard	n/a	n/a	n/a	n/a	n/a
3219.098	0	1609549	distractor_noise	active_oddball	distractor	n/a	n/a	n/a	n/a	n/a
3220.180	0	1610090	standard_tone	active_oddball	standard	n/a	n/a	n/a	n/a	n/a
3220.798	0	1610399	clicker_press	active_oddball	response-received-arrow_up	n/a	n/a	n/a	n/a	arrow_up
3220.814	0	1610407	oddball_response	active_oddball	active-oddball-button-press-610ms	n/a	n/a	0.610	n/a	n/a
3221.200	0	1610600	standard_tone	active_oddball	standard	n/a	n/a	n/a	n/a	n/a
3222.230	0	1611115	standard_tone	active_oddball	standard	n/a	n/a	n/a	n/a	n/a
3223.244	0	1611622	distractor_noise	active_oddball	distractor	n/a	n/a	n/a	n/a	n/a
3224.312	0	1612156	oddball_tone	active_oddball	oddball	n/a	n/a	n/a	n/a	n/a
3224.344	0	1612172	clicker_press	active_oddball	response-received-arrow_up	n/a	n/a	n/a	n/a	arrow_up
3224.378	0	1612189	oddball_response	active_oddball	active-oddball-button-press-27ms	n/a	n/a	0.027	n/a	n/a
3225.328	0	1612664	standard_tone	active_oddball	standard	n/a	n/a	n/a	n/a	n/a
3226.360	0	1613180	standard_tone	active_oddball	standard	n/a	n/a	n/a	n/a	n/a
3227.442	0	1613721	standard_tone	active_oddball	standard	n/a	n/a	n/a	n/a	n/a
3228.458	0	1614229	standard_tone	active_oddball	standard	n/a	n/a	n/a	n/a	n/a
3229.508	0	1614754	standard_tone	active_oddball	standard	n/a	n/a	n/a	n/a	n/a
3230.540	0	1615270	standard_tone	active_oddball	standard	n/a	n/a	n/a	n/a	n/a
3231.638	0	1615819	oddball_tone	active_oddball	oddball	n/a	n/a	n/a	n/a	n/a
3232.404	0	1616202	clicker_press	active_oddball	response-received-arrow_up	n/a	n/a	n/a	n/a	arrow_up
3232.654	0	1616327	oddball_response	active_oddball	active-oddball-button-press-758ms	n/a	n/a	0.758	n/a	n/a
3232.654	0	1616327	standard_tone	active_oddball	standard	n/a	n/a	n/a	n/a	n/a
3233.686	0	1616843	standard_tone	active_oddball	standard	n/a	n/a	n/a	n/a	n/a
3234.752	0	1617376	standard_tone	active_oddball	standard	n/a	n/a	n/a	n/a	n/a
3235.752	0	1617876	standard_tone	active_oddball	standard	n/a	n/a	n/a	n/a	n/a
3236.834	0	1618417	distractor_noise	active_oddball	distractor	n/a	n/a	n/a	n/a	n/a
3237.850	0	1618925	standard_tone	active_oddball	standard	n/a	n/a	n/a	n/a	n/a
3238.882	0	1619441	standard_tone	active_oddball	standard	n/a	n/a	n/a	n/a	n/a
3239.948	0	1619974	oddball_tone	active_oddball	oddball	n/a	n/a	n/a	n/a	n/a
3240.698	0	1620349	clicker_press	active_oddball	response-received-arrow_up	n/a	n/a	n/a	n/a	arrow_up
3240.732	0	1620366	oddball_response	active_oddball	active-oddball-button-press-744ms	n/a	n/a	0.744	n/a	n/a
3241.014	0	1620507	standard_tone	active_oddball	standard	n/a	n/a	n/a	n/a	n/a
3242.080	0	1621040	distractor_noise	active_oddball	distractor	n/a	n/a	n/a	n/a	n/a
3243.096	0	1621548	standard_tone	active_oddball	standard	n/a	n/a	n/a	n/a	n/a
3244.112	0	1622056	standard_tone	active_oddball	standard	n/a	n/a	n/a	n/a	n/a
3245.144	0	1622572	distractor_noise	active_oddball	distractor	n/a	n/a	n/a	n/a	n/a
3245.830	0	1622915	clicker_press	active_oddball	response-received-arrow_up	n/a	n/a	n/a	n/a	arrow_up
3245.842	0	1622921	oddball_response	active_oddball	active-oddball-button-press-680ms	n/a	n/a	0.680	n/a	n/a
3246.226	0	1623113	standard_tone	active_oddball	standard	n/a	n/a	n/a	n/a	n/a
3247.258	0	1623629	standard_tone	active_oddball	standard	n/a	n/a	n/a	n/a	n/a
3248.274	0	1624137	standard_tone	active_oddball	standard	n/a	n/a	n/a	n/a	n/a
3249.290	0	1624645	standard_tone	active_oddball	standard	n/a	n/a	n/a	n/a	n/a
3250.306	0	1625153	standard_tone	active_oddball	standard	n/a	n/a	n/a	n/a	n/a
3251.422	0	1625711	standard_tone	active_oddball	standard	n/a	n/a	n/a	n/a	n/a
3252.438	0	1626219	standard_tone	active_oddball	standard	n/a	n/a	n/a	n/a	n/a
3253.454	0	1626727	standard_tone	active_oddball	standard	n/a	n/a	n/a	n/a	n/a
3254.502	0	1627251	standard_tone	active_oddball	standard	n/a	n/a	n/a	n/a	n/a
3255.552	0	1627776	oddball_tone	active_oddball	oddball	n/a	n/a	n/a	n/a	n/a
3256.534	0	1628267	clicker_press	active_oddball	response-received-arrow_up	n/a	n/a	n/a	n/a	arrow_up
3256.618	0	1628309	oddball_response	active_oddball	active-oddball-button-press-977ms	n/a	n/a	0.977	n/a	n/a
3256.618	0	1628309	standard_tone	active_oddball	standard	n/a	n/a	n/a	n/a	n/a
3257.734	0	1628867	standard_tone	active_oddball	standard	n/a	n/a	n/a	n/a	n/a
3258.766	0	1629383	standard_tone	active_oddball	standard	n/a	n/a	n/a	n/a	n/a
3259.782	0	1629891	standard_tone	active_oddball	standard	n/a	n/a	n/a	n/a	n/a
3260.798	0	1630399	standard_tone	active_oddball	standard	n/a	n/a	n/a	n/a	n/a
3261.830	0	1630915	standard_tone	active_oddball	standard	n/a	n/a	n/a	n/a	n/a
3262.844	0	1631422	standard_tone	active_oddball	standard	n/a	n/a	n/a	n/a	n/a
3263.928	0	1631964	oddball_tone	active_oddball	oddball	n/a	n/a	n/a	n/a	n/a
3264.610	0	1632305	clicker_press	active_oddball	response-received-arrow_up	n/a	n/a	n/a	n/a	arrow_up
3264.744	0	1632372	oddball_response	active_oddball	active-oddball-button-press-677ms	n/a	n/a	0.677	n/a	n/a
3264.944	0	1632472	standard_tone	active_oddball	standard	n/a	n/a	n/a	n/a	n/a
3265.960	0	1632980	standard_tone	active_oddball	standard	n/a	n/a	n/a	n/a	n/a
3267.142	0	1633571	standard_tone	active_oddball	standard	n/a	n/a	n/a	n/a	n/a
3268.158	0	1634079	standard_tone	active_oddball	standard	n/a	n/a	n/a	n/a	n/a
3269.174	0	1634587	standard_tone	active_oddball	standard	n/a	n/a	n/a	n/a	n/a
3270.222	0	1635111	standard_tone	active_oddball	standard	n/a	n/a	n/a	n/a	n/a
3271.290	0	1635645	standard_tone	active_oddball	standard	n/a	n/a	n/a	n/a	n/a
3272.304	0	1636152	standard_tone	active_oddball	standard	n/a	n/a	n/a	n/a	n/a
3273.354	0	1636677	standard_tone	active_oddball	standard	n/a	n/a	n/a	n/a	n/a
3274.486	0	1637243	distractor_noise	active_oddball	distractor	n/a	n/a	n/a	n/a	n/a
3275.518	0	1637759	standard_tone	active_oddball	standard	n/a	n/a	n/a	n/a	n/a
3276.550	0	1638275	standard_tone	active_oddball	standard	n/a	n/a	n/a	n/a	n/a
3277.566	0	1638783	standard_tone	active_oddball	standard	n/a	n/a	n/a	n/a	n/a
3278.616	0	1639308	distractor_noise	active_oddball	distractor	n/a	n/a	n/a	n/a	n/a
3279.764	0	1639882	standard_tone	active_oddball	standard	n/a	n/a	n/a	n/a	n/a
3280.798	0	1640399	standard_tone	active_oddball	standard	n/a	n/a	n/a	n/a	n/a
3281.880	0	1640940	standard_tone	active_oddball	standard	n/a	n/a	n/a	n/a	n/a
3282.896	0	1641448	standard_tone	active_oddball	standard	n/a	n/a	n/a	n/a	n/a
3283.928	0	1641964	distractor_noise	active_oddball	distractor	n/a	n/a	n/a	n/a	n/a
3285.010	0	1642505	standard_tone	active_oddball	standard	n/a	n/a	n/a	n/a	n/a
3286.026	0	1643013	standard_tone	active_oddball	standard	n/a	n/a	n/a	n/a	n/a
3287.192	0	1643596	standard_tone	active_oddball	standard	n/a	n/a	n/a	n/a	n/a
3288.242	0	1644121	standard_tone	active_oddball	standard	n/a	n/a	n/a	n/a	n/a
3289.274	0	1644637	standard_tone	active_oddball	standard	n/a	n/a	n/a	n/a	n/a
3290.290	0	1645145	standard_tone	active_oddball	standard	n/a	n/a	n/a	n/a	n/a
3291.388	0	1645694	standard_tone	active_oddball	standard	n/a	n/a	n/a	n/a	n/a
3292.404	0	1646202	standard_tone	active_oddball	standard	n/a	n/a	n/a	n/a	n/a
3293.454	0	1646727	standard_tone	active_oddball	standard	n/a	n/a	n/a	n/a	n/a
3294.536	0	1647268	distractor_noise	active_oddball	distractor	n/a	n/a	n/a	n/a	n/a
3295.602	0	1647801	standard_tone	active_oddball	standard	n/a	n/a	n/a	n/a	n/a
3296.650	0	1648325	oddball_tone	active_oddball	oddball	n/a	n/a	n/a	n/a	n/a
3297.450	0	1648725	clicker_press	active_oddball	response-received-arrow_up	n/a	n/a	n/a	n/a	arrow_up
3297.484	0	1648742	oddball_response	active_oddball	active-oddball-button-press-794ms	n/a	n/a	0.794	n/a	n/a
3297.684	0	1648842	standard_tone	active_oddball	standard	n/a	n/a	n/a	n/a	n/a
3298.816	0	1649408	standard_tone	active_oddball	standard	n/a	n/a	n/a	n/a	n/a
3299.866	0	1649933	standard_tone	active_oddball	standard	n/a	n/a	n/a	n/a	n/a
3300.882	0	1650441	standard_tone	active_oddball	standard	n/a	n/a	n/a	n/a	n/a
3301.914	0	1650957	standard_tone	active_oddball	standard	n/a	n/a	n/a	n/a	n/a
3303.046	0	1651523	distractor_noise	active_oddball	distractor	n/a	n/a	n/a	n/a	n/a
3304.080	0	1652040	standard_tone	active_oddball	standard	n/a	n/a	n/a	n/a	n/a
3305.278	0	1652639	standard_tone	active_oddball	standard	n/a	n/a	n/a	n/a	n/a
3306.310	0	1653155	standard_tone	active_oddball	standard	n/a	n/a	n/a	n/a	n/a
3307.476	0	1653738	standard_tone	active_oddball	standard	n/a	n/a	n/a	n/a	n/a
3308.508	0	1654254	standard_tone	active_oddball	standard	n/a	n/a	n/a	n/a	n/a
3309.690	0	1654845	standard_tone	active_oddball	standard	n/a	n/a	n/a	n/a	n/a
3310.706	0	1655353	distractor_noise	active_oddball	distractor	n/a	n/a	n/a	n/a	n/a
3311.790	0	1655895	standard_tone	active_oddball	standard	n/a	n/a	n/a	n/a	n/a
3312.920	0	1656460	distractor_noise	active_oddball	distractor	n/a	n/a	n/a	n/a	n/a
3313.954	0	1656977	standard_tone	active_oddball	standard	n/a	n/a	n/a	n/a	n/a
3314.986	0	1657493	standard_tone	active_oddball	standard	n/a	n/a	n/a	n/a	n/a
3316.018	0	1658009	oddball_tone	active_oddball	oddball	n/a	n/a	n/a	n/a	n/a
3317.034	0	1658517	distractor_noise	active_oddball	distractor	n/a	n/a	n/a	n/a	n/a
3317.134	0	1658567	clicker_press	active_oddball	response-received-arrow_up	n/a	n/a	n/a	n/a	arrow_up
3317.184	0	1658592	oddball_response	active_oddball	active-oddball-button-press-94ms	n/a	n/a	0.094	n/a	n/a
3318.066	0	1659033	standard_tone	active_oddball	standard	n/a	n/a	n/a	n/a	n/a
3319.116	0	1659558	standard_tone	active_oddball	standard	n/a	n/a	n/a	n/a	n/a
3320.166	0	1660083	standard_tone	active_oddball	standard	n/a	n/a	n/a	n/a	n/a
3321.198	0	1660599	standard_tone	active_oddball	standard	n/a	n/a	n/a	n/a	n/a
3322.212	0	1661106	standard_tone	active_oddball	standard	n/a	n/a	n/a	n/a	n/a
3323.280	0	1661640	standard_tone	active_oddball	standard	n/a	n/a	n/a	n/a	n/a
3324.294	0	1662147	standard_tone	active_oddball	standard	n/a	n/a	n/a	n/a	n/a
3325.310	0	1662655	distractor_noise	active_oddball	distractor	n/a	n/a	n/a	n/a	n/a
3326.726	0	1663363	standard_tone	active_oddball	standard	n/a	n/a	n/a	n/a	n/a
3327.792	0	1663896	standard_tone	active_oddball	standard	n/a	n/a	n/a	n/a	n/a
3328.874	0	1664437	oddball_tone	active_oddball	oddball	n/a	n/a	n/a	n/a	n/a
3329.890	0	1664945	standard_tone	active_oddball	standard	n/a	n/a	n/a	n/a	n/a
3330.906	0	1665453	standard_tone	active_oddball	standard	n/a	n/a	n/a	n/a	n/a
3331.938	0	1665969	standard_tone	active_oddball	standard	n/a	n/a	n/a	n/a	n/a
3333.038	0	1666519	standard_tone	active_oddball	standard	n/a	n/a	n/a	n/a	n/a
3334.086	0	1667043	standard_tone	active_oddball	standard	n/a	n/a	n/a	n/a	n/a
3335.136	0	1667568	standard_tone	active_oddball	standard	n/a	n/a	n/a	n/a	n/a
3336.186	0	1668093	standard_tone	active_oddball	standard	n/a	n/a	n/a	n/a	n/a
3337.318	0	1668659	oddball_tone	active_oddball	oddball	n/a	n/a	n/a	n/a	n/a
3338.334	0	1669167	standard_tone	active_oddball	standard	n/a	n/a	n/a	n/a	n/a
3339.366	0	1669683	standard_tone	active_oddball	standard	n/a	n/a	n/a	n/a	n/a
3340.414	0	1670207	standard_tone	active_oddball	standard	n/a	n/a	n/a	n/a	n/a
3341.430	0	1670715	standard_tone	active_oddball	standard	n/a	n/a	n/a	n/a	n/a
3342.480	0	1671240	distractor_noise	active_oddball	distractor	n/a	n/a	n/a	n/a	n/a
3343.528	0	1671764	oddball_tone	active_oddball	oddball	n/a	n/a	n/a	n/a	n/a
3344.628	0	1672314	standard_tone	active_oddball	standard	n/a	n/a	n/a	n/a	n/a
3345.644	0	1672822	standard_tone	active_oddball	standard	n/a	n/a	n/a	n/a	n/a
3346.658	0	1673329	standard_tone	active_oddball	standard	n/a	n/a	n/a	n/a	n/a
3347.692	0	1673846	standard_tone	active_oddball	standard	n/a	n/a	n/a	n/a	n/a
3348.740	0	1674370	standard_tone	active_oddball	standard	n/a	n/a	n/a	n/a	n/a
3349.756	0	1674878	standard_tone	active_oddball	standard	n/a	n/a	n/a	n/a	n/a
3350.890	0	1675445	distractor_noise	active_oddball	distractor	n/a	n/a	n/a	n/a	n/a
3351.938	0	1675969	standard_tone	active_oddball	standard	n/a	n/a	n/a	n/a	n/a
3353.038	0	1676519	standard_tone	active_oddball	standard	n/a	n/a	n/a	n/a	n/a
3354.186	0	1677093	standard_tone	active_oddball	standard	n/a	n/a	n/a	n/a	n/a
3355.236	0	1677618	distractor_noise	active_oddball	distractor	n/a	n/a	n/a	n/a	n/a
3356.250	0	1678125	standard_tone	active_oddball	standard	n/a	n/a	n/a	n/a	n/a
3357.284	0	1678642	standard_tone	active_oddball	standard	n/a	n/a	n/a	n/a	n/a
3358.300	0	1679150	standard_tone	active_oddball	standard	n/a	n/a	n/a	n/a	n/a
3359.350	0	1679675	standard_tone	active_oddball	standard	n/a	n/a	n/a	n/a	n/a
3360.382	0	1680191	oddball_tone	active_oddball	oddball	n/a	n/a	n/a	n/a	n/a
3361.398	0	1680699	standard_tone	active_oddball	standard	n/a	n/a	n/a	n/a	n/a
3362.430	0	1681215	standard_tone	active_oddball	standard	n/a	n/a	n/a	n/a	n/a
3362.612	0	1681306	clicker_press	active_oddball	response-received-arrow_up	n/a	n/a	n/a	n/a	arrow_up
3362.696	0	1681348	oddball_response	active_oddball	active-oddball-button-press-176ms	n/a	n/a	0.176	n/a	n/a
3363.446	0	1681723	standard_tone	active_oddball	standard	n/a	n/a	n/a	n/a	n/a
3364.462	0	1682231	standard_tone	active_oddball	standard	n/a	n/a	n/a	n/a	n/a
3365.478	0	1682739	standard_tone	active_oddball	standard	n/a	n/a	n/a	n/a	n/a
3366.642	0	1683321	oddball_tone	active_oddball	oddball	n/a	n/a	n/a	n/a	n/a
3367.576	0	1683788	clicker_press	active_oddball	response-received-arrow_up	n/a	n/a	n/a	n/a	arrow_up
3367.626	0	1683813	oddball_response	active_oddball	active-oddball-button-press-927ms	n/a	n/a	0.927	n/a	n/a
3367.676	0	1683838	standard_tone	active_oddball	standard	n/a	n/a	n/a	n/a	n/a
3368.708	0	1684354	standard_tone	active_oddball	standard	n/a	n/a	n/a	n/a	n/a
3369.740	0	1684870	oddball_tone	active_oddball	oddball	n/a	n/a	n/a	n/a	n/a
3370.756	0	1685378	clicker_press	active_oddball	response-received-arrow_up	n/a	n/a	n/a	n/a	arrow_up
3370.788	0	1685394	oddball_response	active_oddball	active-oddball-button-press-1007ms	n/a	n/a	1.007	n/a	n/a
3370.790	0	1685395	standard_tone	active_oddball	standard	n/a	n/a	n/a	n/a	n/a
3371.806	0	1685903	standard_tone	active_oddball	standard	n/a	n/a	n/a	n/a	n/a
3372.854	0	1686427	standard_tone	active_oddball	standard	n/a	n/a	n/a	n/a	n/a
3373.870	0	1686935	distractor_noise	active_oddball	distractor	n/a	n/a	n/a	n/a	n/a
3375.002	0	1687501	standard_tone	active_oddball	standard	n/a	n/a	n/a	n/a	n/a
3376.018	0	1688009	oddball_tone	active_oddball	oddball	n/a	n/a	n/a	n/a	n/a
3376.802	0	1688401	clicker_press	active_oddball	response-received-arrow_up	n/a	n/a	n/a	n/a	arrow_up
3376.818	0	1688409	oddball_response	active_oddball	active-oddball-button-press-777ms	n/a	n/a	0.777	n/a	n/a
3377.034	0	1688517	distractor_noise	active_oddball	distractor	n/a	n/a	n/a	n/a	n/a
3378.116	0	1689058	standard_tone	active_oddball	standard	n/a	n/a	n/a	n/a	n/a
3379.132	0	1689566	standard_tone	active_oddball	standard	n/a	n/a	n/a	n/a	n/a
3380.182	0	1690091	standard_tone	active_oddball	standard	n/a	n/a	n/a	n/a	n/a
3381.248	0	1690624	standard_tone	active_oddball	standard	n/a	n/a	n/a	n/a	n/a
3382.514	0	1691257	standard_tone	active_oddball	standard	n/a	n/a	n/a	n/a	n/a
3383.596	0	1691798	standard_tone	active_oddball	standard	n/a	n/a	n/a	n/a	n/a
3384.662	0	1692331	standard_tone	active_oddball	standard	n/a	n/a	n/a	n/a	n/a
3385.744	0	1692872	standard_tone	active_oddball	standard	n/a	n/a	n/a	n/a	n/a
3386.760	0	1693380	standard_tone	active_oddball	standard	n/a	n/a	n/a	n/a	n/a
3387.776	0	1693888	oddball_tone	active_oddball	oddball	n/a	n/a	n/a	n/a	n/a
3388.708	0	1694354	clicker_press	active_oddball	response-received-arrow_up	n/a	n/a	n/a	n/a	arrow_up
3388.774	0	1694387	oddball_response	active_oddball	active-oddball-button-press-927ms	n/a	n/a	0.927	n/a	n/a
3388.776	0	1694388	standard_tone	active_oddball	standard	n/a	n/a	n/a	n/a	n/a
3389.790	0	1694895	standard_tone	active_oddball	standard	n/a	n/a	n/a	n/a	n/a
3390.824	0	1695412	oddball_tone	active_oddball	oddball	n/a	n/a	n/a	n/a	n/a
3391.722	0	1695861	clicker_press	active_oddball	response-received-arrow_up	n/a	n/a	n/a	n/a	arrow_up
3391.740	0	1695870	oddball_response	active_oddball	active-oddball-button-press-892ms	n/a	n/a	0.892	n/a	n/a
3391.840	0	1695920	standard_tone	active_oddball	standard	n/a	n/a	n/a	n/a	n/a
3392.854	0	1696427	standard_tone	active_oddball	standard	n/a	n/a	n/a	n/a	n/a
3394.020	0	1697010	standard_tone	active_oddball	standard	n/a	n/a	n/a	n/a	n/a
3395.036	0	1697518	standard_tone	active_oddball	standard	n/a	n/a	n/a	n/a	n/a
3396.050	0	1698025	standard_tone	active_oddball	standard	n/a	n/a	n/a	n/a	n/a
3397.118	0	1698559	standard_tone	active_oddball	standard	n/a	n/a	n/a	n/a	n/a
3398.184	0	1699092	standard_tone	active_oddball	standard	n/a	n/a	n/a	n/a	n/a
3399.232	0	1699616	standard_tone	active_oddball	standard	n/a	n/a	n/a	n/a	n/a
3400.248	0	1700124	standard_tone	active_oddball	standard	n/a	n/a	n/a	n/a	n/a
3401.264	0	1700632	standard_tone	active_oddball	standard	n/a	n/a	n/a	n/a	n/a
3402.296	0	1701148	standard_tone	active_oddball	standard	n/a	n/a	n/a	n/a	n/a
3403.346	0	1701673	oddball_tone	active_oddball	oddball	n/a	n/a	n/a	n/a	n/a
3404.396	0	1702198	standard_tone	active_oddball	standard	n/a	n/a	n/a	n/a	n/a
3405.410	0	1702705	standard_tone	active_oddball	standard	n/a	n/a	n/a	n/a	n/a
3406.426	0	1703213	standard_tone	active_oddball	standard	n/a	n/a	n/a	n/a	n/a
3407.476	0	1703738	standard_tone	active_oddball	standard	n/a	n/a	n/a	n/a	n/a
3408.508	0	1704254	standard_tone	active_oddball	standard	n/a	n/a	n/a	n/a	n/a
3409.558	0	1704779	standard_tone	active_oddball	standard	n/a	n/a	n/a	n/a	n/a
3410.606	0	1705303	standard_tone	active_oddball	standard	n/a	n/a	n/a	n/a	n/a
3411.722	0	1705861	distractor_noise	active_oddball	distractor	n/a	n/a	n/a	n/a	n/a
3412.738	0	1706369	standard_tone	active_oddball	standard	n/a	n/a	n/a	n/a	n/a
3413.770	0	1706885	standard_tone	active_oddball	standard	n/a	n/a	n/a	n/a	n/a
3414.870	0	1707435	standard_tone	active_oddball	standard	n/a	n/a	n/a	n/a	n/a
3415.902	0	1707951	standard_tone	active_oddball	standard	n/a	n/a	n/a	n/a	n/a
3416.918	0	1708459	standard_tone	active_oddball	standard	n/a	n/a	n/a	n/a	n/a
3418.100	0	1709050	standard_tone	active_oddball	standard	n/a	n/a	n/a	n/a	n/a
3419.150	0	1709575	standard_tone	active_oddball	standard	n/a	n/a	n/a	n/a	n/a
3420.232	0	1710116	standard_tone	active_oddball	standard	n/a	n/a	n/a	n/a	n/a
3421.298	0	1710649	standard_tone	active_oddball	standard	n/a	n/a	n/a	n/a	n/a
3422.314	0	1711157	distractor_noise	active_oddball	distractor	n/a	n/a	n/a	n/a	n/a
3423.412	0	1711706	standard_tone	active_oddball	standard	n/a	n/a	n/a	n/a	n/a
3424.430	0	1712215	standard_tone	active_oddball	standard	n/a	n/a	n/a	n/a	n/a
3425.494	0	1712747	oddball_tone	active_oddball	oddball	n/a	n/a	n/a	n/a	n/a
3426.578	0	1713289	standard_tone	active_oddball	standard	n/a	n/a	n/a	n/a	n/a
3427.626	0	1713813	standard_tone	active_oddball	standard	n/a	n/a	n/a	n/a	n/a
3428.658	0	1714329	standard_tone	active_oddball	standard	n/a	n/a	n/a	n/a	n/a
3429.758	0	1714879	standard_tone	active_oddball	standard	n/a	n/a	n/a	n/a	n/a
3430.790	0	1715395	standard_tone	active_oddball	standard	n/a	n/a	n/a	n/a	n/a
3431.840	0	1715920	standard_tone	active_oddball	standard	n/a	n/a	n/a	n/a	n/a
3432.906	0	1716453	standard_tone	active_oddball	standard	n/a	n/a	n/a	n/a	n/a
3433.938	0	1716969	standard_tone	active_oddball	standard	n/a	n/a	n/a	n/a	n/a
3434.970	0	1717485	oddball_tone	active_oddball	oddball	n/a	n/a	n/a	n/a	n/a
3435.986	0	1717993	standard_tone	active_oddball	standard	n/a	n/a	n/a	n/a	n/a
3437.034	0	1718517	oddball_tone	active_oddball	oddball	n/a	n/a	n/a	n/a	n/a
3438.118	0	1719059	standard_tone	active_oddball	standard	n/a	n/a	n/a	n/a	n/a
3439.166	0	1719583	distractor_noise	active_oddball	distractor	n/a	n/a	n/a	n/a	n/a
3439.484	0	1719742	clicker_press	active_oddball	response-received-arrow_up	n/a	n/a	n/a	n/a	arrow_up
3439.516	0	1719758	oddball_response	active_oddball	active-oddball-button-press-311ms	n/a	n/a	0.311	n/a	n/a
3440.216	0	1720108	standard_tone	active_oddball	standard	n/a	n/a	n/a	n/a	n/a
3441.232	0	1720616	standard_tone	active_oddball	standard	n/a	n/a	n/a	n/a	n/a
3442.264	0	1721132	oddball_tone	active_oddball	oddball	n/a	n/a	n/a	n/a	n/a
3443.080	0	1721540	clicker_press	active_oddball	response-received-arrow_up	n/a	n/a	n/a	n/a	arrow_up
3443.114	0	1721557	oddball_response	active_oddball	active-oddball-button-press-810ms	n/a	n/a	0.810	n/a	n/a
3443.296	0	1721648	standard_tone	active_oddball	standard	n/a	n/a	n/a	n/a	n/a
3444.346	0	1722173	standard_tone	active_oddball	standard	n/a	n/a	n/a	n/a	n/a
3445.360	0	1722680	standard_tone	active_oddball	standard	n/a	n/a	n/a	n/a	n/a
3446.376	0	1723188	distractor_noise	active_oddball	distractor	n/a	n/a	n/a	n/a	n/a
3447.392	0	1723696	standard_tone	active_oddball	standard	n/a	n/a	n/a	n/a	n/a
3448.424	0	1724212	standard_tone	active_oddball	standard	n/a	n/a	n/a	n/a	n/a
3449.440	0	1724720	standard_tone	active_oddball	standard	n/a	n/a	n/a	n/a	n/a
3450.456	0	1725228	standard_tone	active_oddball	standard	n/a	n/a	n/a	n/a	n/a
3451.506	0	1725753	distractor_noise	active_oddball	distractor	n/a	n/a	n/a	n/a	n/a
3452.572	0	1726286	oddball_tone	active_oddball	oddball	n/a	n/a	n/a	n/a	n/a
3453.520	0	1726760	clicker_press	active_oddball	response-received-arrow_up	n/a	n/a	n/a	n/a	arrow_up
3453.538	0	1726769	oddball_response	active_oddball	active-oddball-button-press-942ms	n/a	n/a	0.942	n/a	n/a
3453.638	0	1726819	standard_tone	active_oddball	standard	n/a	n/a	n/a	n/a	n/a
3454.686	0	1727343	oddball_tone	active_oddball	oddball	n/a	n/a	n/a	n/a	n/a
3455.602	0	1727801	clicker_press	active_oddball	response-received-arrow_up	n/a	n/a	n/a	n/a	arrow_up
3455.620	0	1727810	oddball_response	active_oddball	active-oddball-button-press-907ms	n/a	n/a	0.907	n/a	n/a
3455.702	0	1727851	standard_tone	active_oddball	standard	n/a	n/a	n/a	n/a	n/a
3456.718	0	1728359	standard_tone	active_oddball	standard	n/a	n/a	n/a	n/a	n/a
3457.750	0	1728875	active_oddball_end	active_oddball	active-oddball-end	n/a	n/a	n/a	n/a	n/a
3457.750	0	1728875	prompt_window_begin	active_oddball	probe-oddball-begin	n/a	n/a	n/a	n/a	n/a
3464.378	0	1732189	clicker_press	n/a	response-received-arrow_up	n/a	n/a	n/a	n/a	arrow_up
3466.776	0	1733388	depth_rating	active_oddball	rating-oddball-meditation_depth-1	1	n/a	n/a	n/a	n/a
3469.890	0	1734945	clicker_press	n/a	response-received-arrow_up	n/a	n/a	n/a	n/a	arrow_up
3470.324	0	1735162	clicker_press	n/a	response-received-arrow_up	n/a	n/a	n/a	n/a	arrow_up
3470.624	0	1735312	clicker_press	n/a	response-received-arrow_up	n/a	n/a	n/a	n/a	arrow_up
3471.024	0	1735512	clicker_press	n/a	response-received-arrow_up	n/a	n/a	n/a	n/a	arrow_up
3471.542	0	1735771	clicker_press	n/a	response-received-arrow_up	n/a	n/a	n/a	n/a	arrow_up
3476.820	0	1738410	confidence_rating	active_oddball	rating-oddball-confidence_depth-5	n/a	5	n/a	n/a	n/a
3477.884	0	1738942	prompt_window_end	active_oddball	probe-oddball-end	n/a	n/a	n/a	n/a	n/a
3536.020	0	1768010	clicker_press	n/a	response-received-arrow_up	n/a	n/a	n/a	n/a	arrow_up
3536.060	0	1768030	sapo_emerge_begin	sapo_emerge	block-sapo-emerge-begin	n/a	n/a	n/a	n/a	n/a
3536.080	0	1768040	subblock_begin	sapo_emerge	subblock-begin	n/a	n/a	n/a	n/a	n/a
3536.080	0	1768040	silence_begin	sapo_emerge	silence-begin	n/a	n/a	n/a	n/a	n/a
3536.082	0	1768041	standard_tone	sapo_emerge	standard	n/a	n/a	n/a	n/a	n/a
3537.084	0	1768542	oddball_tone	sapo_emerge	oddball	n/a	n/a	n/a	n/a	n/a
3538.102	0	1769051	standard_tone	sapo_emerge	standard	n/a	n/a	n/a	n/a	n/a
3539.116	0	1769558	distractor_noise	sapo_emerge	distractor	n/a	n/a	n/a	n/a	n/a
3540.132	0	1770066	oddball_tone	sapo_emerge	oddball	n/a	n/a	n/a	n/a	n/a
3541.148	0	1770574	standard_tone	sapo_emerge	standard	n/a	n/a	n/a	n/a	n/a
3542.164	0	1771082	standard_tone	sapo_emerge	standard	n/a	n/a	n/a	n/a	n/a
3543.180	0	1771590	oddball_tone	sapo_emerge	oddball	n/a	n/a	n/a	n/a	n/a
3544.196	0	1772098	standard_tone	sapo_emerge	standard	n/a	n/a	n/a	n/a	n/a
3545.212	0	1772606	standard_tone	sapo_emerge	standard	n/a	n/a	n/a	n/a	n/a
3546.228	0	1773114	standard_tone	sapo_emerge	standard	n/a	n/a	n/a	n/a	n/a
3547.244	0	1773622	standard_tone	sapo_emerge	standard	n/a	n/a	n/a	n/a	n/a
3548.260	0	1774130	standard_tone	sapo_emerge	standard	n/a	n/a	n/a	n/a	n/a
3549.276	0	1774638	distractor_noise	sapo_emerge	distractor	n/a	n/a	n/a	n/a	n/a
3550.290	0	1775145	standard_tone	sapo_emerge	standard	n/a	n/a	n/a	n/a	n/a
3551.306	0	1775653	standard_tone	sapo_emerge	standard	n/a	n/a	n/a	n/a	n/a
3552.322	0	1776161	standard_tone	sapo_emerge	standard	n/a	n/a	n/a	n/a	n/a
3553.338	0	1776669	standard_tone	sapo_emerge	standard	n/a	n/a	n/a	n/a	n/a
3554.354	0	1777177	standard_tone	sapo_emerge	standard	n/a	n/a	n/a	n/a	n/a
3555.370	0	1777685	standard_tone	sapo_emerge	standard	n/a	n/a	n/a	n/a	n/a
3556.386	0	1778193	standard_tone	sapo_emerge	standard	n/a	n/a	n/a	n/a	n/a
3557.402	0	1778701	standard_tone	sapo_emerge	standard	n/a	n/a	n/a	n/a	n/a
3558.418	0	1779209	standard_tone	sapo_emerge	standard	n/a	n/a	n/a	n/a	n/a
3559.434	0	1779717	standard_tone	sapo_emerge	standard	n/a	n/a	n/a	n/a	n/a
3560.450	0	1780225	standard_tone	sapo_emerge	standard	n/a	n/a	n/a	n/a	n/a
3561.466	0	1780733	standard_tone	sapo_emerge	standard	n/a	n/a	n/a	n/a	n/a
3562.480	0	1781240	standard_tone	sapo_emerge	standard	n/a	n/a	n/a	n/a	n/a
3563.496	0	1781748	standard_tone	sapo_emerge	standard	n/a	n/a	n/a	n/a	n/a
3564.512	0	1782256	oddball_tone	sapo_emerge	oddball	n/a	n/a	n/a	n/a	n/a
3565.528	0	1782764	distractor_noise	sapo_emerge	distractor	n/a	n/a	n/a	n/a	n/a
3566.544	0	1783272	standard_tone	sapo_emerge	standard	n/a	n/a	n/a	n/a	n/a
3567.560	0	1783780	standard_tone	sapo_emerge	standard	n/a	n/a	n/a	n/a	n/a
3568.576	0	1784288	standard_tone	sapo_emerge	standard	n/a	n/a	n/a	n/a	n/a
3569.592	0	1784796	standard_tone	sapo_emerge	standard	n/a	n/a	n/a	n/a	n/a
3570.590	0	1785295	standard_tone	sapo_emerge	standard	n/a	n/a	n/a	n/a	n/a
3571.606	0	1785803	standard_tone	sapo_emerge	standard	n/a	n/a	n/a	n/a	n/a
3572.622	0	1786311	standard_tone	sapo_emerge	standard	n/a	n/a	n/a	n/a	n/a
3573.638	0	1786819	distractor_noise	sapo_emerge	distractor	n/a	n/a	n/a	n/a	n/a
3574.654	0	1787327	standard_tone	sapo_emerge	standard	n/a	n/a	n/a	n/a	n/a
3575.670	0	1787835	standard_tone	sapo_emerge	standard	n/a	n/a	n/a	n/a	n/a
3576.686	0	1788343	standard_tone	sapo_emerge	standard	n/a	n/a	n/a	n/a	n/a
3577.700	0	1788850	standard_tone	sapo_emerge	standard	n/a	n/a	n/a	n/a	n/a
3578.718	0	1789359	standard_tone	sapo_emerge	standard	n/a	n/a	n/a	n/a	n/a
3579.732	0	1789866	standard_tone	sapo_emerge	standard	n/a	n/a	n/a	n/a	n/a
3580.748	0	1790374	standard_tone	sapo_emerge	standard	n/a	n/a	n/a	n/a	n/a
3581.748	0	1790874	standard_tone	sapo_emerge	standard	n/a	n/a	n/a	n/a	n/a
3582.764	0	1791382	standard_tone	sapo_emerge	standard	n/a	n/a	n/a	n/a	n/a
3583.780	0	1791890	standard_tone	sapo_emerge	standard	n/a	n/a	n/a	n/a	n/a
3584.796	0	1792398	standard_tone	sapo_emerge	standard	n/a	n/a	n/a	n/a	n/a
3585.812	0	1792906	standard_tone	sapo_emerge	standard	n/a	n/a	n/a	n/a	n/a
3586.828	0	1793414	oddball_tone	sapo_emerge	oddball	n/a	n/a	n/a	n/a	n/a
3587.842	0	1793921	distractor_noise	sapo_emerge	distractor	n/a	n/a	n/a	n/a	n/a
3588.858	0	1794429	standard_tone	sapo_emerge	standard	n/a	n/a	n/a	n/a	n/a
3589.874	0	1794937	standard_tone	sapo_emerge	standard	n/a	n/a	n/a	n/a	n/a
3590.890	0	1795445	standard_tone	sapo_emerge	standard	n/a	n/a	n/a	n/a	n/a
3591.906	0	1795953	distractor_noise	sapo_emerge	distractor	n/a	n/a	n/a	n/a	n/a
3592.922	0	1796461	standard_tone	sapo_emerge	standard	n/a	n/a	n/a	n/a	n/a
3593.938	0	1796969	standard_tone	sapo_emerge	standard	n/a	n/a	n/a	n/a	n/a
3594.938	0	1797469	standard_tone	sapo_emerge	standard	n/a	n/a	n/a	n/a	n/a
3595.952	0	1797976	standard_tone	sapo_emerge	standard	n/a	n/a	n/a	n/a	n/a
3596.968	0	1798484	standard_tone	sapo_emerge	standard	n/a	n/a	n/a	n/a	n/a
3597.984	0	1798992	standard_tone	sapo_emerge	standard	n/a	n/a	n/a	n/a	n/a
3599.000	0	1799500	standard_tone	sapo_emerge	standard	n/a	n/a	n/a	n/a	n/a
3600.016	0	1800008	standard_tone	sapo_emerge	standard	n/a	n/a	n/a	n/a	n/a
3601.032	0	1800516	standard_tone	sapo_emerge	standard	n/a	n/a	n/a	n/a	n/a
3602.048	0	1801024	standard_tone	sapo_emerge	standard	n/a	n/a	n/a	n/a	n/a
3603.048	0	1801524	distractor_noise	sapo_emerge	distractor	n/a	n/a	n/a	n/a	n/a
3604.062	0	1802031	standard_tone	sapo_emerge	standard	n/a	n/a	n/a	n/a	n/a
3605.078	0	1802539	standard_tone	sapo_emerge	standard	n/a	n/a	n/a	n/a	n/a
3606.078	0	1803039	standard_tone	sapo_emerge	standard	n/a	n/a	n/a	n/a	n/a
3607.094	0	1803547	standard_tone	sapo_emerge	standard	n/a	n/a	n/a	n/a	n/a
3608.110	0	1804055	standard_tone	sapo_emerge	standard	n/a	n/a	n/a	n/a	n/a
3609.126	0	1804563	standard_tone	sapo_emerge	standard	n/a	n/a	n/a	n/a	n/a
3610.142	0	1805071	standard_tone	sapo_emerge	standard	n/a	n/a	n/a	n/a	n/a
3611.156	0	1805578	standard_tone	sapo_emerge	standard	n/a	n/a	n/a	n/a	n/a
3612.172	0	1806086	standard_tone	sapo_emerge	standard	n/a	n/a	n/a	n/a	n/a
3613.188	0	1806594	standard_tone	sapo_emerge	standard	n/a	n/a	n/a	n/a	n/a
3614.204	0	1807102	standard_tone	sapo_emerge	standard	n/a	n/a	n/a	n/a	n/a
3615.220	0	1807610	standard_tone	sapo_emerge	standard	n/a	n/a	n/a	n/a	n/a
3616.236	0	1808118	standard_tone	sapo_emerge	standard	n/a	n/a	n/a	n/a	n/a
3617.252	0	1808626	standard_tone	sapo_emerge	standard	n/a	n/a	n/a	n/a	n/a
3618.268	0	1809134	standard_tone	sapo_emerge	standard	n/a	n/a	n/a	n/a	n/a
3619.284	0	1809642	distractor_noise	sapo_emerge	distractor	n/a	n/a	n/a	n/a	n/a
3620.282	0	1810141	standard_tone	sapo_emerge	standard	n/a	n/a	n/a	n/a	n/a
3621.298	0	1810649	standard_tone	sapo_emerge	standard	n/a	n/a	n/a	n/a	n/a
3622.314	0	1811157	distractor_noise	sapo_emerge	distractor	n/a	n/a	n/a	n/a	n/a
3623.330	0	1811665	standard_tone	sapo_emerge	standard	n/a	n/a	n/a	n/a	n/a
3624.346	0	1812173	standard_tone	sapo_emerge	standard	n/a	n/a	n/a	n/a	n/a
3625.362	0	1812681	standard_tone	sapo_emerge	standard	n/a	n/a	n/a	n/a	n/a
3626.378	0	1813189	distractor_noise	sapo_emerge	distractor	n/a	n/a	n/a	n/a	n/a
3627.394	0	1813697	standard_tone	sapo_emerge	standard	n/a	n/a	n/a	n/a	n/a
3628.410	0	1814205	standard_tone	sapo_emerge	standard	n/a	n/a	n/a	n/a	n/a
3629.426	0	1814713	standard_tone	sapo_emerge	standard	n/a	n/a	n/a	n/a	n/a
3630.442	0	1815221	standard_tone	sapo_emerge	standard	n/a	n/a	n/a	n/a	n/a
3631.456	0	1815728	oddball_tone	sapo_emerge	oddball	n/a	n/a	n/a	n/a	n/a
3632.456	0	1816228	standard_tone	sapo_emerge	standard	n/a	n/a	n/a	n/a	n/a
3633.472	0	1816736	distractor_noise	sapo_emerge	distractor	n/a	n/a	n/a	n/a	n/a
3634.488	0	1817244	standard_tone	sapo_emerge	standard	n/a	n/a	n/a	n/a	n/a
3635.488	0	1817744	standard_tone	sapo_emerge	standard	n/a	n/a	n/a	n/a	n/a
3636.504	0	1818252	standard_tone	sapo_emerge	standard	n/a	n/a	n/a	n/a	n/a
3637.518	0	1818759	oddball_tone	sapo_emerge	oddball	n/a	n/a	n/a	n/a	n/a
3638.518	0	1819259	standard_tone	sapo_emerge	standard	n/a	n/a	n/a	n/a	n/a
3639.284	0	1819642	silence_end	sapo_emerge	silence-end	n/a	n/a	n/a	n/a	n/a
3639.286	0	1819643	gong_begin	sapo_emerge	gong-begin	n/a	n/a	n/a	n/a	n/a
3639.534	0	1819767	standard_tone	sapo_emerge	standard	n/a	n/a	n/a	n/a	n/a
3640.532	0	1820266	standard_tone	sapo_emerge	standard	n/a	n/a	n/a	n/a	n/a
3641.548	0	1820774	standard_tone	sapo_emerge	standard	n/a	n/a	n/a	n/a	n/a
3642.564	0	1821282	standard_tone	sapo_emerge	standard	n/a	n/a	n/a	n/a	n/a
3643.580	0	1821790	distractor_noise	sapo_emerge	distractor	n/a	n/a	n/a	n/a	n/a
3644.580	0	1822290	standard_tone	sapo_emerge	standard	n/a	n/a	n/a	n/a	n/a
3645.596	0	1822798	standard_tone	sapo_emerge	standard	n/a	n/a	n/a	n/a	n/a
3646.610	0	1823305	standard_tone	sapo_emerge	standard	n/a	n/a	n/a	n/a	n/a
3647.640	0	1823820	standard_tone	sapo_emerge	standard	n/a	n/a	n/a	n/a	n/a
3648.642	0	1824321	standard_tone	sapo_emerge	standard	n/a	n/a	n/a	n/a	n/a
3649.292	0	1824646	clicker_press	sapo_emerge	response-received-arrow_up	n/a	n/a	n/a	n/a	arrow_up
3649.310	0	1824655	gong_end	sapo_emerge	gong-end	n/a	n/a	n/a	n/a	n/a
3649.310	0	1824655	report_window_begin	sapo_emerge	emerge-sapo-emerge-begin	n/a	n/a	n/a	n/a	n/a
3649.576	0	1824788	clicker_press	sapo_emerge	response-received-arrow_up	n/a	n/a	n/a	n/a	arrow_up
3653.322	0	1826661	depth_rating	sapo_emerge	rating-sapo-emerge-meditation_depth-2	2	n/a	n/a	n/a	n/a
3655.688	0	1827844	clicker_press	sapo_emerge	response-received-arrow_up	n/a	n/a	n/a	n/a	arrow_up
3656.004	0	1828002	clicker_press	sapo_emerge	response-received-arrow_up	n/a	n/a	n/a	n/a	arrow_up
3656.204	0	1828102	clicker_press	sapo_emerge	response-received-arrow_up	n/a	n/a	n/a	n/a	arrow_up
3656.438	0	1828219	clicker_press	sapo_emerge	response-received-arrow_up	n/a	n/a	n/a	n/a	arrow_up
3656.736	0	1828368	clicker_press	sapo_emerge	response-received-arrow_up	n/a	n/a	n/a	n/a	arrow_up
3663.382	0	1831691	confidence_rating	sapo_emerge	rating-sapo-emerge-confidence_depth-5	n/a	5	n/a	n/a	n/a
3666.844	0	1833422	report_window_end	sapo_emerge	emerge-sapo-emerge-end	n/a	n/a	n/a	n/a	n/a
3666.846	0	1833423	subblock_end	sapo_emerge	subblock-end-duration-130.765	n/a	n/a	n/a	130.765	n/a
3666.846	0	1833423	subblock_begin	sapo_emerge	subblock-begin	n/a	n/a	n/a	n/a	n/a
3666.846	0	1833423	silence_begin	sapo_emerge	silence-begin	n/a	n/a	n/a	n/a	n/a
3666.848	0	1833424	standard_tone	sapo_emerge	standard	n/a	n/a	n/a	n/a	n/a
3667.860	0	1833930	standard_tone	sapo_emerge	standard	n/a	n/a	n/a	n/a	n/a
3668.860	0	1834430	distractor_noise	sapo_emerge	distractor	n/a	n/a	n/a	n/a	n/a
3669.876	0	1834938	standard_tone	sapo_emerge	standard	n/a	n/a	n/a	n/a	n/a
3670.892	0	1835446	standard_tone	sapo_emerge	standard	n/a	n/a	n/a	n/a	n/a
3671.906	0	1835953	standard_tone	sapo_emerge	standard	n/a	n/a	n/a	n/a	n/a
3672.922	0	1836461	distractor_noise	sapo_emerge	distractor	n/a	n/a	n/a	n/a	n/a
3673.938	0	1836969	standard_tone	sapo_emerge	standard	n/a	n/a	n/a	n/a	n/a
3674.954	0	1837477	standard_tone	sapo_emerge	standard	n/a	n/a	n/a	n/a	n/a
3675.970	0	1837985	oddball_tone	sapo_emerge	oddball	n/a	n/a	n/a	n/a	n/a
3676.986	0	1838493	distractor_noise	sapo_emerge	distractor	n/a	n/a	n/a	n/a	n/a
3678.002	0	1839001	oddball_tone	sapo_emerge	oddball	n/a	n/a	n/a	n/a	n/a
3679.018	0	1839509	standard_tone	sapo_emerge	standard	n/a	n/a	n/a	n/a	n/a
3680.016	0	1840008	distractor_noise	sapo_emerge	distractor	n/a	n/a	n/a	n/a	n/a
3681.032	0	1840516	standard_tone	sapo_emerge	standard	n/a	n/a	n/a	n/a	n/a
3682.048	0	1841024	standard_tone	sapo_emerge	standard	n/a	n/a	n/a	n/a	n/a
3683.048	0	1841524	standard_tone	sapo_emerge	standard	n/a	n/a	n/a	n/a	n/a
3684.064	0	1842032	standard_tone	sapo_emerge	standard	n/a	n/a	n/a	n/a	n/a
3685.080	0	1842540	standard_tone	sapo_emerge	standard	n/a	n/a	n/a	n/a	n/a
3686.078	0	1843039	standard_tone	sapo_emerge	standard	n/a	n/a	n/a	n/a	n/a
3687.094	0	1843547	standard_tone	sapo_emerge	standard	n/a	n/a	n/a	n/a	n/a
3688.110	0	1844055	standard_tone	sapo_emerge	standard	n/a	n/a	n/a	n/a	n/a
3689.126	0	1844563	standard_tone	sapo_emerge	standard	n/a	n/a	n/a	n/a	n/a
3690.142	0	1845071	standard_tone	sapo_emerge	standard	n/a	n/a	n/a	n/a	n/a
3691.158	0	1845579	standard_tone	sapo_emerge	standard	n/a	n/a	n/a	n/a	n/a
3692.174	0	1846087	standard_tone	sapo_emerge	standard	n/a	n/a	n/a	n/a	n/a
3693.174	0	1846587	standard_tone	sapo_emerge	standard	n/a	n/a	n/a	n/a	n/a
3694.188	0	1847094	standard_tone	sapo_emerge	standard	n/a	n/a	n/a	n/a	n/a
3695.204	0	1847602	standard_tone	sapo_emerge	standard	n/a	n/a	n/a	n/a	n/a
3696.220	0	1848110	standard_tone	sapo_emerge	standard	n/a	n/a	n/a	n/a	n/a
3697.236	0	1848618	oddball_tone	sapo_emerge	oddball	n/a	n/a	n/a	n/a	n/a
3698.252	0	1849126	standard_tone	sapo_emerge	standard	n/a	n/a	n/a	n/a	n/a
3699.268	0	1849634	standard_tone	sapo_emerge	standard	n/a	n/a	n/a	n/a	n/a
3700.266	0	1850133	standard_tone	sapo_emerge	standard	n/a	n/a	n/a	n/a	n/a
3701.282	0	1850641	standard_tone	sapo_emerge	standard	n/a	n/a	n/a	n/a	n/a
3702.282	0	1851141	standard_tone	sapo_emerge	standard	n/a	n/a	n/a	n/a	n/a
3703.298	0	1851649	oddball_tone	sapo_emerge	oddball	n/a	n/a	n/a	n/a	n/a
3704.314	0	1852157	standard_tone	sapo_emerge	standard	n/a	n/a	n/a	n/a	n/a
3705.328	0	1852664	standard_tone	sapo_emerge	standard	n/a	n/a	n/a	n/a	n/a
3706.344	0	1853172	standard_tone	sapo_emerge	standard	n/a	n/a	n/a	n/a	n/a
3707.360	0	1853680	distractor_noise	sapo_emerge	distractor	n/a	n/a	n/a	n/a	n/a
3708.376	0	1854188	standard_tone	sapo_emerge	standard	n/a	n/a	n/a	n/a	n/a
3709.392	0	1854696	standard_tone	sapo_emerge	standard	n/a	n/a	n/a	n/a	n/a
3710.408	0	1855204	standard_tone	sapo_emerge	standard	n/a	n/a	n/a	n/a	n/a
3711.426	0	1855713	standard_tone	sapo_emerge	standard	n/a	n/a	n/a	n/a	n/a
3712.440	0	1856220	standard_tone	sapo_emerge	standard	n/a	n/a	n/a	n/a	n/a
3713.456	0	1856728	standard_tone	sapo_emerge	standard	n/a	n/a	n/a	n/a	n/a
3714.472	0	1857236	standard_tone	sapo_emerge	standard	n/a	n/a	n/a	n/a	n/a
3715.488	0	1857744	standard_tone	sapo_emerge	standard	n/a	n/a	n/a	n/a	n/a
3716.502	0	1858251	standard_tone	sapo_emerge	standard	n/a	n/a	n/a	n/a	n/a
3717.520	0	1858760	distractor_noise	sapo_emerge	distractor	n/a	n/a	n/a	n/a	n/a
3718.520	0	1859260	standard_tone	sapo_emerge	standard	n/a	n/a	n/a	n/a	n/a
3719.534	0	1859767	standard_tone	sapo_emerge	standard	n/a	n/a	n/a	n/a	n/a
3720.550	0	1860275	standard_tone	sapo_emerge	standard	n/a	n/a	n/a	n/a	n/a
3721.566	0	1860783	standard_tone	sapo_emerge	standard	n/a	n/a	n/a	n/a	n/a
3722.582	0	1861291	standard_tone	sapo_emerge	standard	n/a	n/a	n/a	n/a	n/a
3723.598	0	1861799	standard_tone	sapo_emerge	standard	n/a	n/a	n/a	n/a	n/a
3724.612	0	1862306	standard_tone	sapo_emerge	standard	n/a	n/a	n/a	n/a	n/a
3725.630	0	1862815	standard_tone	sapo_emerge	standard	n/a	n/a	n/a	n/a	n/a
3726.644	0	1863322	standard_tone	sapo_emerge	standard	n/a	n/a	n/a	n/a	n/a
3727.660	0	1863830	standard_tone	sapo_emerge	standard	n/a	n/a	n/a	n/a	n/a
3728.676	0	1864338	standard_tone	sapo_emerge	standard	n/a	n/a	n/a	n/a	n/a
3729.692	0	1864846	standard_tone	sapo_emerge	standard	n/a	n/a	n/a	n/a	n/a
3730.708	0	1865354	standard_tone	sapo_emerge	standard	n/a	n/a	n/a	n/a	n/a
3731.724	0	1865862	standard_tone	sapo_emerge	standard	n/a	n/a	n/a	n/a	n/a
3732.740	0	1866370	standard_tone	sapo_emerge	standard	n/a	n/a	n/a	n/a	n/a
3733.756	0	1866878	standard_tone	sapo_emerge	standard	n/a	n/a	n/a	n/a	n/a
3734.772	0	1867386	standard_tone	sapo_emerge	standard	n/a	n/a	n/a	n/a	n/a
3735.788	0	1867894	distractor_noise	sapo_emerge	distractor	n/a	n/a	n/a	n/a	n/a
3736.802	0	1868401	standard_tone	sapo_emerge	standard	n/a	n/a	n/a	n/a	n/a
3737.818	0	1868909	standard_tone	sapo_emerge	standard	n/a	n/a	n/a	n/a	n/a
3738.834	0	1869417	standard_tone	sapo_emerge	standard	n/a	n/a	n/a	n/a	n/a
3739.850	0	1869925	standard_tone	sapo_emerge	standard	n/a	n/a	n/a	n/a	n/a
3740.866	0	1870433	standard_tone	sapo_emerge	standard	n/a	n/a	n/a	n/a	n/a
3741.882	0	1870941	oddball_tone	sapo_emerge	oddball	n/a	n/a	n/a	n/a	n/a
3742.898	0	1871449	standard_tone	sapo_emerge	standard	n/a	n/a	n/a	n/a	n/a
3743.914	0	1871957	standard_tone	sapo_emerge	standard	n/a	n/a	n/a	n/a	n/a
3744.930	0	1872465	standard_tone	sapo_emerge	standard	n/a	n/a	n/a	n/a	n/a
3745.946	0	1872973	standard_tone	sapo_emerge	standard	n/a	n/a	n/a	n/a	n/a
3746.962	0	1873481	distractor_noise	sapo_emerge	distractor	n/a	n/a	n/a	n/a	n/a
3747.976	0	1873988	standard_tone	sapo_emerge	standard	n/a	n/a	n/a	n/a	n/a
3748.992	0	1874496	standard_tone	sapo_emerge	standard	n/a	n/a	n/a	n/a	n/a
3749.992	0	1874996	standard_tone	sapo_emerge	standard	n/a	n/a	n/a	n/a	n/a
3751.008	0	1875504	standard_tone	sapo_emerge	standard	n/a	n/a	n/a	n/a	n/a
3752.024	0	1876012	distractor_noise	sapo_emerge	distractor	n/a	n/a	n/a	n/a	n/a
3753.040	0	1876520	standard_tone	sapo_emerge	standard	n/a	n/a	n/a	n/a	n/a
3754.056	0	1877028	standard_tone	sapo_emerge	standard	n/a	n/a	n/a	n/a	n/a
3755.072	0	1877536	standard_tone	sapo_emerge	standard	n/a	n/a	n/a	n/a	n/a
3756.088	0	1878044	standard_tone	sapo_emerge	standard	n/a	n/a	n/a	n/a	n/a
3757.102	0	1878551	distractor_noise	sapo_emerge	distractor	n/a	n/a	n/a	n/a	n/a
3758.118	0	1879059	oddball_tone	sapo_emerge	oddball	n/a	n/a	n/a	n/a	n/a
3759.134	0	1879567	standard_tone	sapo_emerge	standard	n/a	n/a	n/a	n/a	n/a
3760.150	0	1880075	standard_tone	sapo_emerge	standard	n/a	n/a	n/a	n/a	n/a
3761.166	0	1880583	standard_tone	sapo_emerge	standard	n/a	n/a	n/a	n/a	n/a
3762.182	0	1881091	standard_tone	sapo_emerge	standard	n/a	n/a	n/a	n/a	n/a
3763.180	0	1881590	standard_tone	sapo_emerge	standard	n/a	n/a	n/a	n/a	n/a
3764.198	0	1882099	standard_tone	sapo_emerge	standard	n/a	n/a	n/a	n/a	n/a
3765.212	0	1882606	standard_tone	sapo_emerge	standard	n/a	n/a	n/a	n/a	n/a
3766.228	0	1883114	standard_tone	sapo_emerge	standard	n/a	n/a	n/a	n/a	n/a
3767.244	0	1883622	standard_tone	sapo_emerge	standard	n/a	n/a	n/a	n/a	n/a
3768.244	0	1884122	standard_tone	sapo_emerge	standard	n/a	n/a	n/a	n/a	n/a
3769.260	0	1884630	standard_tone	sapo_emerge	standard	n/a	n/a	n/a	n/a	n/a
3770.258	0	1885129	standard_tone	sapo_emerge	standard	n/a	n/a	n/a	n/a	n/a
3771.274	0	1885637	standard_tone	sapo_emerge	standard	n/a	n/a	n/a	n/a	n/a
3772.290	0	1886145	standard_tone	sapo_emerge	standard	n/a	n/a	n/a	n/a	n/a
3773.306	0	1886653	standard_tone	sapo_emerge	standard	n/a	n/a	n/a	n/a	n/a
3773.374	0	1886687	silence_end	sapo_emerge	silence-end	n/a	n/a	n/a	n/a	n/a
3773.574	0	1886787	gong_begin	sapo_emerge	gong-begin	n/a	n/a	n/a	n/a	n/a
3774.322	0	1887161	standard_tone	sapo_emerge	standard	n/a	n/a	n/a	n/a	n/a
3775.338	0	1887669	standard_tone	sapo_emerge	standard	n/a	n/a	n/a	n/a	n/a
3776.354	0	1888177	standard_tone	sapo_emerge	standard	n/a	n/a	n/a	n/a	n/a
3777.370	0	1888685	standard_tone	sapo_emerge	standard	n/a	n/a	n/a	n/a	n/a
3778.386	0	1889193	standard_tone	sapo_emerge	standard	n/a	n/a	n/a	n/a	n/a
3779.400	0	1889700	standard_tone	sapo_emerge	standard	n/a	n/a	n/a	n/a	n/a
3780.400	0	1890200	standard_tone	sapo_emerge	standard	n/a	n/a	n/a	n/a	n/a
3781.416	0	1890708	standard_tone	sapo_emerge	standard	n/a	n/a	n/a	n/a	n/a
3782.432	0	1891216	standard_tone	sapo_emerge	standard	n/a	n/a	n/a	n/a	n/a
3783.398	0	1891699	gong_end	sapo_emerge	gong-end	n/a	n/a	n/a	n/a	n/a
3783.400	0	1891700	subblock_end	sapo_emerge	subblock-end-duration-116.553	n/a	n/a	n/a	116.553	n/a
3783.400	0	1891700	subblock_begin	sapo_emerge	subblock-begin	n/a	n/a	n/a	n/a	n/a
3783.400	0	1891700	silence_begin	sapo_emerge	silence-begin	n/a	n/a	n/a	n/a	n/a
3783.448	0	1891724	distractor_noise	sapo_emerge	distractor	n/a	n/a	n/a	n/a	n/a
3784.464	0	1892232	standard_tone	sapo_emerge	standard	n/a	n/a	n/a	n/a	n/a
3785.480	0	1892740	oddball_tone	sapo_emerge	oddball	n/a	n/a	n/a	n/a	n/a
3786.496	0	1893248	distractor_noise	sapo_emerge	distractor	n/a	n/a	n/a	n/a	n/a
3787.510	0	1893755	standard_tone	sapo_emerge	standard	n/a	n/a	n/a	n/a	n/a
3788.526	0	1894263	standard_tone	sapo_emerge	standard	n/a	n/a	n/a	n/a	n/a
3789.526	0	1894763	standard_tone	sapo_emerge	standard	n/a	n/a	n/a	n/a	n/a
3790.542	0	1895271	distractor_noise	sapo_emerge	distractor	n/a	n/a	n/a	n/a	n/a
3791.556	0	1895778	oddball_tone	sapo_emerge	oddball	n/a	n/a	n/a	n/a	n/a
3792.556	0	1896278	standard_tone	sapo_emerge	standard	n/a	n/a	n/a	n/a	n/a
3793.574	0	1896787	standard_tone	sapo_emerge	standard	n/a	n/a	n/a	n/a	n/a
3794.588	0	1897294	standard_tone	sapo_emerge	standard	n/a	n/a	n/a	n/a	n/a
3794.622	0	1897311	clicker_press	sapo_emerge	response-received-arrow_up	n/a	n/a	n/a	n/a	arrow_up
3794.706	0	1897353	report_window_begin	sapo_emerge	emerge-sapo-emerge-begin	n/a	n/a	n/a	n/a	n/a
3794.990	0	1897495	clicker_press	sapo_emerge	response-received-arrow_up	n/a	n/a	n/a	n/a	arrow_up
3795.554	0	1897777	clicker_press	sapo_emerge	response-received-arrow_up	n/a	n/a	n/a	n/a	arrow_up
3798.718	0	1899359	depth_rating	sapo_emerge	rating-sapo-emerge-meditation_depth-3	3	n/a	n/a	n/a	n/a
3802.716	0	1901358	clicker_press	sapo_emerge	response-received-arrow_up	n/a	n/a	n/a	n/a	arrow_up
3808.760	0	1904380	confidence_rating	sapo_emerge	rating-sapo-emerge-confidence_depth-1	n/a	1	n/a	n/a	n/a
3812.406	0	1906203	report_window_end	sapo_emerge	emerge-sapo-emerge-end	n/a	n/a	n/a	n/a	n/a
3812.408	0	1906204	subblock_begin	sapo_emerge	subblock-begin	n/a	n/a	n/a	n/a	n/a
3812.408	0	1906204	silence_begin	sapo_emerge	silence-begin	n/a	n/a	n/a	n/a	n/a
3812.408	0	1906204	standard_tone	sapo_emerge	standard	n/a	n/a	n/a	n/a	n/a
3813.422	0	1906711	standard_tone	sapo_emerge	standard	n/a	n/a	n/a	n/a	n/a
3814.422	0	1907211	standard_tone	sapo_emerge	standard	n/a	n/a	n/a	n/a	n/a
3815.438	0	1907719	standard_tone	sapo_emerge	standard	n/a	n/a	n/a	n/a	n/a
3816.454	0	1908227	standard_tone	sapo_emerge	standard	n/a	n/a	n/a	n/a	n/a
3817.470	0	1908735	oddball_tone	sapo_emerge	oddball	n/a	n/a	n/a	n/a	n/a
3818.484	0	1909242	standard_tone	sapo_emerge	standard	n/a	n/a	n/a	n/a	n/a
3819.484	0	1909742	standard_tone	sapo_emerge	standard	n/a	n/a	n/a	n/a	n/a
3820.500	0	1910250	standard_tone	sapo_emerge	standard	n/a	n/a	n/a	n/a	n/a
3821.516	0	1910758	distractor_noise	sapo_emerge	distractor	n/a	n/a	n/a	n/a	n/a
3822.532	0	1911266	standard_tone	sapo_emerge	standard	n/a	n/a	n/a	n/a	n/a
3823.548	0	1911774	distractor_noise	sapo_emerge	distractor	n/a	n/a	n/a	n/a	n/a
3824.564	0	1912282	standard_tone	sapo_emerge	standard	n/a	n/a	n/a	n/a	n/a
3825.580	0	1912790	standard_tone	sapo_emerge	standard	n/a	n/a	n/a	n/a	n/a
3826.596	0	1913298	standard_tone	sapo_emerge	standard	n/a	n/a	n/a	n/a	n/a
3827.612	0	1913806	standard_tone	sapo_emerge	standard	n/a	n/a	n/a	n/a	n/a
3828.626	0	1914313	standard_tone	sapo_emerge	standard	n/a	n/a	n/a	n/a	n/a
3829.642	0	1914821	standard_tone	sapo_emerge	standard	n/a	n/a	n/a	n/a	n/a
3830.658	0	1915329	distractor_noise	sapo_emerge	distractor	n/a	n/a	n/a	n/a	n/a
3831.658	0	1915829	standard_tone	sapo_emerge	standard	n/a	n/a	n/a	n/a	n/a
3832.674	0	1916337	standard_tone	sapo_emerge	standard	n/a	n/a	n/a	n/a	n/a
3833.690	0	1916845	standard_tone	sapo_emerge	standard	n/a	n/a	n/a	n/a	n/a
3834.706	0	1917353	oddball_tone	sapo_emerge	oddball	n/a	n/a	n/a	n/a	n/a
3835.720	0	1917860	standard_tone	sapo_emerge	standard	n/a	n/a	n/a	n/a	n/a
3836.736	0	1918368	standard_tone	sapo_emerge	standard	n/a	n/a	n/a	n/a	n/a
3837.754	0	1918877	standard_tone	sapo_emerge	standard	n/a	n/a	n/a	n/a	n/a
3838.768	0	1919384	standard_tone	sapo_emerge	standard	n/a	n/a	n/a	n/a	n/a
3839.784	0	1919892	standard_tone	sapo_emerge	standard	n/a	n/a	n/a	n/a	n/a
3840.800	0	1920400	standard_tone	sapo_emerge	standard	n/a	n/a	n/a	n/a	n/a
3841.816	0	1920908	standard_tone	sapo_emerge	standard	n/a	n/a	n/a	n/a	n/a
3842.832	0	1921416	oddball_tone	sapo_emerge	oddball	n/a	n/a	n/a	n/a	n/a
3843.848	0	1921924	standard_tone	sapo_emerge	standard	n/a	n/a	n/a	n/a	n/a
3844.846	0	1922423	oddball_tone	sapo_emerge	oddball	n/a	n/a	n/a	n/a	n/a
3845.862	0	1922931	standard_tone	sapo_emerge	standard	n/a	n/a	n/a	n/a	n/a
3846.880	0	1923440	standard_tone	sapo_emerge	standard	n/a	n/a	n/a	n/a	n/a
3847.894	0	1923947	standard_tone	sapo_emerge	standard	n/a	n/a	n/a	n/a	n/a
3848.910	0	1924455	standard_tone	sapo_emerge	standard	n/a	n/a	n/a	n/a	n/a
3849.926	0	1924963	standard_tone	sapo_emerge	standard	n/a	n/a	n/a	n/a	n/a
3850.926	0	1925463	standard_tone	sapo_emerge	standard	n/a	n/a	n/a	n/a	n/a
3851.940	0	1925970	standard_tone	sapo_emerge	standard	n/a	n/a	n/a	n/a	n/a
3852.940	0	1926470	oddball_tone	sapo_emerge	oddball	n/a	n/a	n/a	n/a	n/a
3853.956	0	1926978	standard_tone	sapo_emerge	standard	n/a	n/a	n/a	n/a	n/a
3854.972	0	1927486	standard_tone	sapo_emerge	standard	n/a	n/a	n/a	n/a	n/a
3855.988	0	1927994	standard_tone	sapo_emerge	standard	n/a	n/a	n/a	n/a	n/a
3857.004	0	1928502	standard_tone	sapo_emerge	standard	n/a	n/a	n/a	n/a	n/a
3858.020	0	1929010	standard_tone	sapo_emerge	standard	n/a	n/a	n/a	n/a	n/a
3859.020	0	1929510	standard_tone	sapo_emerge	standard	n/a	n/a	n/a	n/a	n/a
3860.034	0	1930017	standard_tone	sapo_emerge	standard	n/a	n/a	n/a	n/a	n/a
3861.050	0	1930525	standard_tone	sapo_emerge	standard	n/a	n/a	n/a	n/a	n/a
3862.066	0	1931033	standard_tone	sapo_emerge	standard	n/a	n/a	n/a	n/a	n/a
3863.082	0	1931541	standard_tone	sapo_emerge	standard	n/a	n/a	n/a	n/a	n/a
3864.082	0	1932041	distractor_noise	sapo_emerge	distractor	n/a	n/a	n/a	n/a	n/a
3865.096	0	1932548	standard_tone	sapo_emerge	standard	n/a	n/a	n/a	n/a	n/a
3866.114	0	1933057	standard_tone	sapo_emerge	standard	n/a	n/a	n/a	n/a	n/a
3867.128	0	1933564	standard_tone	sapo_emerge	standard	n/a	n/a	n/a	n/a	n/a
3868.128	0	1934064	standard_tone	sapo_emerge	standard	n/a	n/a	n/a	n/a	n/a
3869.144	0	1934572	standard_tone	sapo_emerge	standard	n/a	n/a	n/a	n/a	n/a
3870.160	0	1935080	standard_tone	sapo_emerge	standard	n/a	n/a	n/a	n/a	n/a
3871.174	0	1935587	standard_tone	sapo_emerge	standard	n/a	n/a	n/a	n/a	n/a
3872.190	0	1936095	standard_tone	sapo_emerge	standard	n/a	n/a	n/a	n/a	n/a
3873.206	0	1936603	standard_tone	sapo_emerge	standard	n/a	n/a	n/a	n/a	n/a
3874.222	0	1937111	standard_tone	sapo_emerge	standard	n/a	n/a	n/a	n/a	n/a
3875.238	0	1937619	standard_tone	sapo_emerge	standard	n/a	n/a	n/a	n/a	n/a
3876.254	0	1938127	standard_tone	sapo_emerge	standard	n/a	n/a	n/a	n/a	n/a
3877.270	0	1938635	standard_tone	sapo_emerge	standard	n/a	n/a	n/a	n/a	n/a
3878.286	0	1939143	standard_tone	sapo_emerge	standard	n/a	n/a	n/a	n/a	n/a
3879.302	0	1939651	standard_tone	sapo_emerge	standard	n/a	n/a	n/a	n/a	n/a
3880.318	0	1940159	standard_tone	sapo_emerge	standard	n/a	n/a	n/a	n/a	n/a
3881.334	0	1940667	standard_tone	sapo_emerge	standard	n/a	n/a	n/a	n/a	n/a
3882.350	0	1941175	standard_tone	sapo_emerge	standard	n/a	n/a	n/a	n/a	n/a
3883.364	0	1941682	standard_tone	sapo_emerge	standard	n/a	n/a	n/a	n/a	n/a
3884.380	0	1942190	standard_tone	sapo_emerge	standard	n/a	n/a	n/a	n/a	n/a
3885.396	0	1942698	oddball_tone	sapo_emerge	oddball	n/a	n/a	n/a	n/a	n/a
3886.412	0	1943206	standard_tone	sapo_emerge	standard	n/a	n/a	n/a	n/a	n/a
3887.428	0	1943714	standard_tone	sapo_emerge	standard	n/a	n/a	n/a	n/a	n/a
3888.444	0	1944222	standard_tone	sapo_emerge	standard	n/a	n/a	n/a	n/a	n/a
3889.460	0	1944730	standard_tone	sapo_emerge	standard	n/a	n/a	n/a	n/a	n/a
3890.476	0	1945238	standard_tone	sapo_emerge	standard	n/a	n/a	n/a	n/a	n/a
3891.492	0	1945746	standard_tone	sapo_emerge	standard	n/a	n/a	n/a	n/a	n/a
3892.508	0	1946254	standard_tone	sapo_emerge	standard	n/a	n/a	n/a	n/a	n/a
3893.522	0	1946761	standard_tone	sapo_emerge	standard	n/a	n/a	n/a	n/a	n/a
3894.488	0	1947244	clicker_press	sapo_emerge	response-received-arrow_up	n/a	n/a	n/a	n/a	arrow_up
3894.510	0	1947255	report_window_begin	sapo_emerge	emerge-sapo-emerge-begin	n/a	n/a	n/a	n/a	n/a
3894.790	0	1947395	clicker_press	sapo_emerge	response-received-arrow_up	n/a	n/a	n/a	n/a	arrow_up
3895.122	0	1947561	clicker_press	sapo_emerge	response-received-arrow_up	n/a	n/a	n/a	n/a	arrow_up
3895.506	0	1947753	clicker_press	sapo_emerge	response-received-arrow_up	n/a	n/a	n/a	n/a	arrow_up
3898.552	0	1949276	depth_rating	sapo_emerge	rating-sapo-emerge-meditation_depth-4	4	n/a	n/a	n/a	n/a
3903.300	0	1951650	clicker_press	sapo_emerge	response-received-arrow_up	n/a	n/a	n/a	n/a	arrow_up
3903.532	0	1951766	clicker_press	sapo_emerge	response-received-arrow_up	n/a	n/a	n/a	n/a	arrow_up
3903.832	0	1951916	clicker_press	sapo_emerge	response-received-arrow_up	n/a	n/a	n/a	n/a	arrow_up
3904.132	0	1952066	clicker_press	sapo_emerge	response-received-arrow_up	n/a	n/a	n/a	n/a	arrow_up
3904.698	0	1952349	clicker_press	sapo_emerge	response-received-arrow_up	n/a	n/a	n/a	n/a	arrow_up
3908.628	0	1954314	confidence_rating	sapo_emerge	rating-sapo-emerge-confidence_depth-5	n/a	5	n/a	n/a	n/a
3912.308	0	1956154	report_window_end	sapo_emerge	emerge-sapo-emerge-end	n/a	n/a	n/a	n/a	n/a
3912.310	0	1956155	subblock_begin	sapo_emerge	subblock-begin	n/a	n/a	n/a	n/a	n/a
3912.310	0	1956155	silence_begin	sapo_emerge	silence-begin	n/a	n/a	n/a	n/a	n/a
3912.324	0	1956162	standard_tone	sapo_emerge	standard	n/a	n/a	n/a	n/a	n/a
3913.340	0	1956670	standard_tone	sapo_emerge	standard	n/a	n/a	n/a	n/a	n/a
3914.356	0	1957178	standard_tone	sapo_emerge	standard	n/a	n/a	n/a	n/a	n/a
3915.372	0	1957686	standard_tone	sapo_emerge	standard	n/a	n/a	n/a	n/a	n/a
3916.388	0	1958194	standard_tone	sapo_emerge	standard	n/a	n/a	n/a	n/a	n/a
3917.404	0	1958702	standard_tone	sapo_emerge	standard	n/a	n/a	n/a	n/a	n/a
3918.420	0	1959210	standard_tone	sapo_emerge	standard	n/a	n/a	n/a	n/a	n/a
3919.436	0	1959718	distractor_noise	sapo_emerge	distractor	n/a	n/a	n/a	n/a	n/a
3920.450	0	1960225	standard_tone	sapo_emerge	standard	n/a	n/a	n/a	n/a	n/a
3921.466	0	1960733	standard_tone	sapo_emerge	standard	n/a	n/a	n/a	n/a	n/a
3922.466	0	1961233	standard_tone	sapo_emerge	standard	n/a	n/a	n/a	n/a	n/a
3923.482	0	1961741	standard_tone	sapo_emerge	standard	n/a	n/a	n/a	n/a	n/a
3924.498	0	1962249	distractor_noise	sapo_emerge	distractor	n/a	n/a	n/a	n/a	n/a
3925.514	0	1962757	standard_tone	sapo_emerge	standard	n/a	n/a	n/a	n/a	n/a
3926.530	0	1963265	standard_tone	sapo_emerge	standard	n/a	n/a	n/a	n/a	n/a
3927.528	0	1963764	standard_tone	sapo_emerge	standard	n/a	n/a	n/a	n/a	n/a
3928.544	0	1964272	standard_tone	sapo_emerge	standard	n/a	n/a	n/a	n/a	n/a
3929.560	0	1964780	standard_tone	sapo_emerge	standard	n/a	n/a	n/a	n/a	n/a
3930.576	0	1965288	standard_tone	sapo_emerge	standard	n/a	n/a	n/a	n/a	n/a
3931.592	0	1965796	standard_tone	sapo_emerge	standard	n/a	n/a	n/a	n/a	n/a
3932.608	0	1966304	distractor_noise	sapo_emerge	distractor	n/a	n/a	n/a	n/a	n/a
3933.624	0	1966812	standard_tone	sapo_emerge	standard	n/a	n/a	n/a	n/a	n/a
3934.640	0	1967320	standard_tone	sapo_emerge	standard	n/a	n/a	n/a	n/a	n/a
3935.656	0	1967828	standard_tone	sapo_emerge	standard	n/a	n/a	n/a	n/a	n/a
3936.670	0	1968335	standard_tone	sapo_emerge	standard	n/a	n/a	n/a	n/a	n/a
3937.670	0	1968835	standard_tone	sapo_emerge	standard	n/a	n/a	n/a	n/a	n/a
3938.686	0	1969343	standard_tone	sapo_emerge	standard	n/a	n/a	n/a	n/a	n/a
3939.702	0	1969851	standard_tone	sapo_emerge	standard	n/a	n/a	n/a	n/a	n/a
3940.718	0	1970359	standard_tone	sapo_emerge	standard	n/a	n/a	n/a	n/a	n/a
3941.734	0	1970867	standard_tone	sapo_emerge	standard	n/a	n/a	n/a	n/a	n/a
3942.750	0	1971375	distractor_noise	sapo_emerge	distractor	n/a	n/a	n/a	n/a	n/a
3943.766	0	1971883	standard_tone	sapo_emerge	standard	n/a	n/a	n/a	n/a	n/a
3944.780	0	1972390	standard_tone	sapo_emerge	standard	n/a	n/a	n/a	n/a	n/a
3945.798	0	1972899	standard_tone	sapo_emerge	standard	n/a	n/a	n/a	n/a	n/a
3946.812	0	1973406	standard_tone	sapo_emerge	standard	n/a	n/a	n/a	n/a	n/a
3947.828	0	1973914	standard_tone	sapo_emerge	standard	n/a	n/a	n/a	n/a	n/a
3948.844	0	1974422	oddball_tone	sapo_emerge	oddball	n/a	n/a	n/a	n/a	n/a
3949.860	0	1974930	standard_tone	sapo_emerge	standard	n/a	n/a	n/a	n/a	n/a
3950.876	0	1975438	standard_tone	sapo_emerge	standard	n/a	n/a	n/a	n/a	n/a
3951.892	0	1975946	oddball_tone	sapo_emerge	oddball	n/a	n/a	n/a	n/a	n/a
3952.908	0	1976454	standard_tone	sapo_emerge	standard	n/a	n/a	n/a	n/a	n/a
3953.924	0	1976962	oddball_tone	sapo_emerge	oddball	n/a	n/a	n/a	n/a	n/a
3954.940	0	1977470	standard_tone	sapo_emerge	standard	n/a	n/a	n/a	n/a	n/a
3955.956	0	1977978	standard_tone	sapo_emerge	standard	n/a	n/a	n/a	n/a	n/a
3956.970	0	1978485	standard_tone	sapo_emerge	standard	n/a	n/a	n/a	n/a	n/a
3957.986	0	1978993	standard_tone	sapo_emerge	standard	n/a	n/a	n/a	n/a	n/a
3959.002	0	1979501	standard_tone	sapo_emerge	standard	n/a	n/a	n/a	n/a	n/a
3960.018	0	1980009	standard_tone	sapo_emerge	standard	n/a	n/a	n/a	n/a	n/a
3961.018	0	1980509	oddball_tone	sapo_emerge	oddball	n/a	n/a	n/a	n/a	n/a
3962.034	0	1981017	standard_tone	sapo_emerge	standard	n/a	n/a	n/a	n/a	n/a
3963.032	0	1981516	standard_tone	sapo_emerge	standard	n/a	n/a	n/a	n/a	n/a
3964.048	0	1982024	standard_tone	sapo_emerge	standard	n/a	n/a	n/a	n/a	n/a
3965.064	0	1982532	standard_tone	sapo_emerge	standard	n/a	n/a	n/a	n/a	n/a
3966.080	0	1983040	standard_tone	sapo_emerge	standard	n/a	n/a	n/a	n/a	n/a
3967.096	0	1983548	standard_tone	sapo_emerge	standard	n/a	n/a	n/a	n/a	n/a
3968.112	0	1984056	standard_tone	sapo_emerge	standard	n/a	n/a	n/a	n/a	n/a
3969.128	0	1984564	standard_tone	sapo_emerge	standard	n/a	n/a	n/a	n/a	n/a
3970.144	0	1985072	standard_tone	sapo_emerge	standard	n/a	n/a	n/a	n/a	n/a
3971.160	0	1985580	standard_tone	sapo_emerge	standard	n/a	n/a	n/a	n/a	n/a
3972.174	0	1986087	distractor_noise	sapo_emerge	distractor	n/a	n/a	n/a	n/a	n/a
3973.190	0	1986595	standard_tone	sapo_emerge	standard	n/a	n/a	n/a	n/a	n/a
3974.190	0	1987095	standard_tone	sapo_emerge	standard	n/a	n/a	n/a	n/a	n/a
3975.206	0	1987603	standard_tone	sapo_emerge	standard	n/a	n/a	n/a	n/a	n/a
3976.222	0	1988111	standard_tone	sapo_emerge	standard	n/a	n/a	n/a	n/a	n/a
3977.238	0	1988619	standard_tone	sapo_emerge	standard	n/a	n/a	n/a	n/a	n/a
3978.254	0	1989127	standard_tone	sapo_emerge	standard	n/a	n/a	n/a	n/a	n/a
3979.268	0	1989634	standard_tone	sapo_emerge	standard	n/a	n/a	n/a	n/a	n/a
3980.286	0	1990143	standard_tone	sapo_emerge	standard	n/a	n/a	n/a	n/a	n/a
3981.300	0	1990650	distractor_noise	sapo_emerge	distractor	n/a	n/a	n/a	n/a	n/a
3982.316	0	1991158	oddball_tone	sapo_emerge	oddball	n/a	n/a	n/a	n/a	n/a
3983.316	0	1991658	standard_tone	sapo_emerge	standard	n/a	n/a	n/a	n/a	n/a
3984.332	0	1992166	standard_tone	sapo_emerge	standard	n/a	n/a	n/a	n/a	n/a
3985.348	0	1992674	standard_tone	sapo_emerge	standard	n/a	n/a	n/a	n/a	n/a
3986.362	0	1993181	standard_tone	sapo_emerge	standard	n/a	n/a	n/a	n/a	n/a
3987.378	0	1993689	oddball_tone	sapo_emerge	oddball	n/a	n/a	n/a	n/a	n/a
3988.394	0	1994197	standard_tone	sapo_emerge	standard	n/a	n/a	n/a	n/a	n/a
3989.410	0	1994705	standard_tone	sapo_emerge	standard	n/a	n/a	n/a	n/a	n/a
3990.426	0	1995213	standard_tone	sapo_emerge	standard	n/a	n/a	n/a	n/a	n/a
3991.426	0	1995713	standard_tone	sapo_emerge	standard	n/a	n/a	n/a	n/a	n/a
3992.440	0	1996220	standard_tone	sapo_emerge	standard	n/a	n/a	n/a	n/a	n/a
3993.458	0	1996729	standard_tone	sapo_emerge	standard	n/a	n/a	n/a	n/a	n/a
3994.472	0	1997236	oddball_tone	sapo_emerge	oddball	n/a	n/a	n/a	n/a	n/a
3995.488	0	1997744	standard_tone	sapo_emerge	standard	n/a	n/a	n/a	n/a	n/a
3996.506	0	1998253	standard_tone	sapo_emerge	standard	n/a	n/a	n/a	n/a	n/a
3997.520	0	1998760	oddball_tone	sapo_emerge	oddball	n/a	n/a	n/a	n/a	n/a
3998.536	0	1999268	standard_tone	sapo_emerge	standard	n/a	n/a	n/a	n/a	n/a
3999.536	0	1999768	standard_tone	sapo_emerge	standard	n/a	n/a	n/a	n/a	n/a
4000.552	0	2000276	standard_tone	sapo_emerge	standard	n/a	n/a	n/a	n/a	n/a
4001.566	0	2000783	standard_tone	sapo_emerge	standard	n/a	n/a	n/a	n/a	n/a
4002.566	0	2001283	standard_tone	sapo_emerge	standard	n/a	n/a	n/a	n/a	n/a
4003.582	0	2001791	standard_tone	sapo_emerge	standard	n/a	n/a	n/a	n/a	n/a
4004.598	0	2002299	standard_tone	sapo_emerge	standard	n/a	n/a	n/a	n/a	n/a
4005.614	0	2002807	oddball_tone	sapo_emerge	oddball	n/a	n/a	n/a	n/a	n/a
4006.630	0	2003315	standard_tone	sapo_emerge	standard	n/a	n/a	n/a	n/a	n/a
4007.646	0	2003823	standard_tone	sapo_emerge	standard	n/a	n/a	n/a	n/a	n/a
4008.662	0	2004331	standard_tone	sapo_emerge	standard	n/a	n/a	n/a	n/a	n/a
4009.676	0	2004838	standard_tone	sapo_emerge	standard	n/a	n/a	n/a	n/a	n/a
4010.692	0	2005346	distractor_noise	sapo_emerge	distractor	n/a	n/a	n/a	n/a	n/a
4011.708	0	2005854	standard_tone	sapo_emerge	standard	n/a	n/a	n/a	n/a	n/a
4012.724	0	2006362	standard_tone	sapo_emerge	standard	n/a	n/a	n/a	n/a	n/a
4013.724	0	2006862	oddball_tone	sapo_emerge	oddball	n/a	n/a	n/a	n/a	n/a
4014.740	0	2007370	standard_tone	sapo_emerge	standard	n/a	n/a	n/a	n/a	n/a
4015.756	0	2007878	distractor_noise	sapo_emerge	distractor	n/a	n/a	n/a	n/a	n/a
4016.754	0	2008377	oddball_tone	sapo_emerge	oddball	n/a	n/a	n/a	n/a	n/a
4017.770	0	2008885	standard_tone	sapo_emerge	standard	n/a	n/a	n/a	n/a	n/a
4018.786	0	2009393	standard_tone	sapo_emerge	standard	n/a	n/a	n/a	n/a	n/a
4019.802	0	2009901	standard_tone	sapo_emerge	standard	n/a	n/a	n/a	n/a	n/a
4020.818	0	2010409	standard_tone	sapo_emerge	standard	n/a	n/a	n/a	n/a	n/a
4021.816	0	2010908	distractor_noise	sapo_emerge	distractor	n/a	n/a	n/a	n/a	n/a
4022.234	0	2011117	silence_end	sapo_emerge	silence-end	n/a	n/a	n/a	n/a	n/a
4022.250	0	2011125	gong_begin	sapo_emerge	gong-begin	n/a	n/a	n/a	n/a	n/a
4022.832	0	2011416	standard_tone	sapo_emerge	standard	n/a	n/a	n/a	n/a	n/a
4023.848	0	2011924	distractor_noise	sapo_emerge	distractor	n/a	n/a	n/a	n/a	n/a
4024.864	0	2012432	standard_tone	sapo_emerge	standard	n/a	n/a	n/a	n/a	n/a
4025.880	0	2012940	standard_tone	sapo_emerge	standard	n/a	n/a	n/a	n/a	n/a
4026.896	0	2013448	standard_tone	sapo_emerge	standard	n/a	n/a	n/a	n/a	n/a
4027.912	0	2013956	oddball_tone	sapo_emerge	oddball	n/a	n/a	n/a	n/a	n/a
4028.928	0	2014464	distractor_noise	sapo_emerge	distractor	n/a	n/a	n/a	n/a	n/a
4029.944	0	2014972	standard_tone	sapo_emerge	standard	n/a	n/a	n/a	n/a	n/a
4030.942	0	2015471	standard_tone	sapo_emerge	standard	n/a	n/a	n/a	n/a	n/a
4031.958	0	2015979	distractor_noise	sapo_emerge	distractor	n/a	n/a	n/a	n/a	n/a
4032.260	0	2016130	gong_end	sapo_emerge	gong-end	n/a	n/a	n/a	n/a	n/a
4032.260	0	2016130	subblock_end	sapo_emerge	subblock-end-duration-119.951	n/a	n/a	n/a	119.951	n/a
4032.260	0	2016130	subblock_begin	sapo_emerge	subblock-begin	n/a	n/a	n/a	n/a	n/a
4032.262	0	2016131	silence_begin	sapo_emerge	silence-begin	n/a	n/a	n/a	n/a	n/a
4032.958	0	2016479	standard_tone	sapo_emerge	standard	n/a	n/a	n/a	n/a	n/a
4033.974	0	2016987	standard_tone	sapo_emerge	standard	n/a	n/a	n/a	n/a	n/a
4034.990	0	2017495	oddball_tone	sapo_emerge	oddball	n/a	n/a	n/a	n/a	n/a
4036.006	0	2018003	standard_tone	sapo_emerge	standard	n/a	n/a	n/a	n/a	n/a
4037.022	0	2018511	standard_tone	sapo_emerge	standard	n/a	n/a	n/a	n/a	n/a
4038.038	0	2019019	standard_tone	sapo_emerge	standard	n/a	n/a	n/a	n/a	n/a
4039.052	0	2019526	standard_tone	sapo_emerge	standard	n/a	n/a	n/a	n/a	n/a
4040.068	0	2020034	standard_tone	sapo_emerge	standard	n/a	n/a	n/a	n/a	n/a
4041.084	0	2020542	oddball_tone	sapo_emerge	oddball	n/a	n/a	n/a	n/a	n/a
4042.100	0	2021050	distractor_noise	sapo_emerge	distractor	n/a	n/a	n/a	n/a	n/a
4043.116	0	2021558	standard_tone	sapo_emerge	standard	n/a	n/a	n/a	n/a	n/a
4044.132	0	2022066	standard_tone	sapo_emerge	standard	n/a	n/a	n/a	n/a	n/a
4045.148	0	2022574	distractor_noise	sapo_emerge	distractor	n/a	n/a	n/a	n/a	n/a
4046.164	0	2023082	standard_tone	sapo_emerge	standard	n/a	n/a	n/a	n/a	n/a
4047.178	0	2023589	standard_tone	sapo_emerge	standard	n/a	n/a	n/a	n/a	n/a
4048.196	0	2024098	standard_tone	sapo_emerge	standard	n/a	n/a	n/a	n/a	n/a
4049.210	0	2024605	standard_tone	sapo_emerge	standard	n/a	n/a	n/a	n/a	n/a
4050.226	0	2025113	oddball_tone	sapo_emerge	oddball	n/a	n/a	n/a	n/a	n/a
4051.242	0	2025621	standard_tone	sapo_emerge	standard	n/a	n/a	n/a	n/a	n/a
4052.258	0	2026129	standard_tone	sapo_emerge	standard	n/a	n/a	n/a	n/a	n/a
4053.274	0	2026637	standard_tone	sapo_emerge	standard	n/a	n/a	n/a	n/a	n/a
4054.290	0	2027145	standard_tone	sapo_emerge	standard	n/a	n/a	n/a	n/a	n/a
4055.306	0	2027653	standard_tone	sapo_emerge	standard	n/a	n/a	n/a	n/a	n/a
4056.322	0	2028161	standard_tone	sapo_emerge	standard	n/a	n/a	n/a	n/a	n/a
4057.338	0	2028669	distractor_noise	sapo_emerge	distractor	n/a	n/a	n/a	n/a	n/a
4058.354	0	2029177	standard_tone	sapo_emerge	standard	n/a	n/a	n/a	n/a	n/a
4059.370	0	2029685	standard_tone	sapo_emerge	standard	n/a	n/a	n/a	n/a	n/a
4060.384	0	2030192	standard_tone	sapo_emerge	standard	n/a	n/a	n/a	n/a	n/a
4061.400	0	2030700	standard_tone	sapo_emerge	standard	n/a	n/a	n/a	n/a	n/a
4062.416	0	2031208	standard_tone	sapo_emerge	standard	n/a	n/a	n/a	n/a	n/a
4063.432	0	2031716	standard_tone	sapo_emerge	standard	n/a	n/a	n/a	n/a	n/a
4064.448	0	2032224	standard_tone	sapo_emerge	standard	n/a	n/a	n/a	n/a	n/a
4065.464	0	2032732	standard_tone	sapo_emerge	standard	n/a	n/a	n/a	n/a	n/a
4066.480	0	2033240	standard_tone	sapo_emerge	standard	n/a	n/a	n/a	n/a	n/a
4067.496	0	2033748	standard_tone	sapo_emerge	standard	n/a	n/a	n/a	n/a	n/a
4068.512	0	2034256	distractor_noise	sapo_emerge	distractor	n/a	n/a	n/a	n/a	n/a
4069.528	0	2034764	standard_tone	sapo_emerge	standard	n/a	n/a	n/a	n/a	n/a
4070.544	0	2035272	standard_tone	sapo_emerge	standard	n/a	n/a	n/a	n/a	n/a
4071.560	0	2035780	standard_tone	sapo_emerge	standard	n/a	n/a	n/a	n/a	n/a
4072.576	0	2036288	standard_tone	sapo_emerge	standard	n/a	n/a	n/a	n/a	n/a
4073.590	0	2036795	standard_tone	sapo_emerge	standard	n/a	n/a	n/a	n/a	n/a
4074.590	0	2037295	oddball_tone	sapo_emerge	oddball	n/a	n/a	n/a	n/a	n/a
4075.606	0	2037803	standard_tone	sapo_emerge	standard	n/a	n/a	n/a	n/a	n/a
4076.622	0	2038311	standard_tone	sapo_emerge	standard	n/a	n/a	n/a	n/a	n/a
4077.638	0	2038819	distractor_noise	sapo_emerge	distractor	n/a	n/a	n/a	n/a	n/a
4078.652	0	2039326	standard_tone	sapo_emerge	standard	n/a	n/a	n/a	n/a	n/a
4079.668	0	2039834	oddball_tone	sapo_emerge	oddball	n/a	n/a	n/a	n/a	n/a
4080.684	0	2040342	standard_tone	sapo_emerge	standard	n/a	n/a	n/a	n/a	n/a
4081.700	0	2040850	standard_tone	sapo_emerge	standard	n/a	n/a	n/a	n/a	n/a
4082.716	0	2041358	standard_tone	sapo_emerge	standard	n/a	n/a	n/a	n/a	n/a
4083.732	0	2041866	standard_tone	sapo_emerge	standard	n/a	n/a	n/a	n/a	n/a
4084.748	0	2042374	standard_tone	sapo_emerge	standard	n/a	n/a	n/a	n/a	n/a
4085.764	0	2042882	oddball_tone	sapo_emerge	oddball	n/a	n/a	n/a	n/a	n/a
4086.780	0	2043390	standard_tone	sapo_emerge	standard	n/a	n/a	n/a	n/a	n/a
4087.796	0	2043898	standard_tone	sapo_emerge	standard	n/a	n/a	n/a	n/a	n/a
4088.812	0	2044406	standard_tone	sapo_emerge	standard	n/a	n/a	n/a	n/a	n/a
4089.812	0	2044906	standard_tone	sapo_emerge	standard	n/a	n/a	n/a	n/a	n/a
4090.826	0	2045413	standard_tone	sapo_emerge	standard	n/a	n/a	n/a	n/a	n/a
4091.842	0	2045921	standard_tone	sapo_emerge	standard	n/a	n/a	n/a	n/a	n/a
4092.858	0	2046429	standard_tone	sapo_emerge	standard	n/a	n/a	n/a	n/a	n/a
4093.874	0	2046937	standard_tone	sapo_emerge	standard	n/a	n/a	n/a	n/a	n/a
4094.874	0	2047437	distractor_noise	sapo_emerge	distractor	n/a	n/a	n/a	n/a	n/a
4095.888	0	2047944	standard_tone	sapo_emerge	standard	n/a	n/a	n/a	n/a	n/a
4096.904	0	2048452	standard_tone	sapo_emerge	standard	n/a	n/a	n/a	n/a	n/a
4097.922	0	2048961	distractor_noise	sapo_emerge	distractor	n/a	n/a	n/a	n/a	n/a
4098.936	0	2049468	standard_tone	sapo_emerge	standard	n/a	n/a	n/a	n/a	n/a
4099.952	0	2049976	standard_tone	sapo_emerge	standard	n/a	n/a	n/a	n/a	n/a
4100.968	0	2050484	standard_tone	sapo_emerge	standard	n/a	n/a	n/a	n/a	n/a
4101.984	0	2050992	standard_tone	sapo_emerge	standard	n/a	n/a	n/a	n/a	n/a
4103.000	0	2051500	standard_tone	sapo_emerge	standard	n/a	n/a	n/a	n/a	n/a
4104.016	0	2052008	standard_tone	sapo_emerge	standard	n/a	n/a	n/a	n/a	n/a
4105.032	0	2052516	oddball_tone	sapo_emerge	oddball	n/a	n/a	n/a	n/a	n/a
4106.048	0	2053024	standard_tone	sapo_emerge	standard	n/a	n/a	n/a	n/a	n/a
4107.064	0	2053532	standard_tone	sapo_emerge	standard	n/a	n/a	n/a	n/a	n/a
4108.078	0	2054039	oddball_tone	sapo_emerge	oddball	n/a	n/a	n/a	n/a	n/a
4109.094	0	2054547	standard_tone	sapo_emerge	standard	n/a	n/a	n/a	n/a	n/a
4110.110	0	2055055	standard_tone	sapo_emerge	standard	n/a	n/a	n/a	n/a	n/a
4111.126	0	2055563	standard_tone	sapo_emerge	standard	n/a	n/a	n/a	n/a	n/a
4112.142	0	2056071	standard_tone	sapo_emerge	standard	n/a	n/a	n/a	n/a	n/a
4113.158	0	2056579	standard_tone	sapo_emerge	standard	n/a	n/a	n/a	n/a	n/a
4114.174	0	2057087	standard_tone	sapo_emerge	standard	n/a	n/a	n/a	n/a	n/a
4115.174	0	2057587	distractor_noise	sapo_emerge	distractor	n/a	n/a	n/a	n/a	n/a
4116.188	0	2058094	standard_tone	sapo_emerge	standard	n/a	n/a	n/a	n/a	n/a
4117.204	0	2058602	standard_tone	sapo_emerge	standard	n/a	n/a	n/a	n/a	n/a
4118.220	0	2059110	standard_tone	sapo_emerge	standard	n/a	n/a	n/a	n/a	n/a
4119.236	0	2059618	oddball_tone	sapo_emerge	oddball	n/a	n/a	n/a	n/a	n/a
4120.252	0	2060126	standard_tone	sapo_emerge	standard	n/a	n/a	n/a	n/a	n/a
4121.268	0	2060634	distractor_noise	sapo_emerge	distractor	n/a	n/a	n/a	n/a	n/a
4122.284	0	2061142	standard_tone	sapo_emerge	standard	n/a	n/a	n/a	n/a	n/a
4123.300	0	2061650	oddball_tone	sapo_emerge	oddball	n/a	n/a	n/a	n/a	n/a
4124.316	0	2062158	standard_tone	sapo_emerge	standard	n/a	n/a	n/a	n/a	n/a
4125.332	0	2062666	standard_tone	sapo_emerge	standard	n/a	n/a	n/a	n/a	n/a
4126.346	0	2063173	standard_tone	sapo_emerge	standard	n/a	n/a	n/a	n/a	n/a
4127.362	0	2063681	oddball_tone	sapo_emerge	oddball	n/a	n/a	n/a	n/a	n/a
4128.378	0	2064189	standard_tone	sapo_emerge	standard	n/a	n/a	n/a	n/a	n/a
4129.394	0	2064697	standard_tone	sapo_emerge	standard	n/a	n/a	n/a	n/a	n/a
4130.412	0	2065206	oddball_tone	sapo_emerge	oddball	n/a	n/a	n/a	n/a	n/a
4131.426	0	2065713	standard_tone	sapo_emerge	standard	n/a	n/a	n/a	n/a	n/a
4132.442	0	2066221	standard_tone	sapo_emerge	standard	n/a	n/a	n/a	n/a	n/a
4133.458	0	2066729	standard_tone	sapo_emerge	standard	n/a	n/a	n/a	n/a	n/a
4134.474	0	2067237	oddball_tone	sapo_emerge	oddball	n/a	n/a	n/a	n/a	n/a
4135.490	0	2067745	standard_tone	sapo_emerge	standard	n/a	n/a	n/a	n/a	n/a
4136.506	0	2068253	standard_tone	sapo_emerge	standard	n/a	n/a	n/a	n/a	n/a
4137.520	0	2068760	distractor_noise	sapo_emerge	distractor	n/a	n/a	n/a	n/a	n/a
4138.538	0	2069269	standard_tone	sapo_emerge	standard	n/a	n/a	n/a	n/a	n/a
4139.554	0	2069777	standard_tone	sapo_emerge	standard	n/a	n/a	n/a	n/a	n/a
4140.568	0	2070284	standard_tone	sapo_emerge	standard	n/a	n/a	n/a	n/a	n/a
4141.584	0	2070792	standard_tone	sapo_emerge	standard	n/a	n/a	n/a	n/a	n/a
4142.600	0	2071300	standard_tone	sapo_emerge	standard	n/a	n/a	n/a	n/a	n/a
4143.200	0	2071600	silence_end	sapo_emerge	silence-end	n/a	n/a	n/a	n/a	n/a
4143.202	0	2071601	gong_begin	sapo_emerge	gong-begin	n/a	n/a	n/a	n/a	n/a
4143.616	0	2071808	standard_tone	sapo_emerge	standard	n/a	n/a	n/a	n/a	n/a
4144.632	0	2072316	standard_tone	sapo_emerge	standard	n/a	n/a	n/a	n/a	n/a
4145.648	0	2072824	standard_tone	sapo_emerge	standard	n/a	n/a	n/a	n/a	n/a
4146.664	0	2073332	standard_tone	sapo_emerge	standard	n/a	n/a	n/a	n/a	n/a
4147.664	0	2073832	standard_tone	sapo_emerge	standard	n/a	n/a	n/a	n/a	n/a
4148.680	0	2074340	standard_tone	sapo_emerge	standard	n/a	n/a	n/a	n/a	n/a
4149.694	0	2074847	oddball_tone	sapo_emerge	oddball	n/a	n/a	n/a	n/a	n/a
4150.710	0	2075355	standard_tone	sapo_emerge	standard	n/a	n/a	n/a	n/a	n/a
4151.726	0	2075863	standard_tone	sapo_emerge	standard	n/a	n/a	n/a	n/a	n/a
4152.742	0	2076371	distractor_noise	sapo_emerge	distractor	n/a	n/a	n/a	n/a	n/a
4153.242	0	2076621	gong_end	sapo_emerge	gong-end	n/a	n/a	n/a	n/a	n/a
4153.242	0	2076621	subblock_end	sapo_emerge	subblock-end-duration-120.981	n/a	n/a	n/a	120.981	n/a
4153.242	0	2076621	subblock_begin	sapo_emerge	subblock-begin	n/a	n/a	n/a	n/a	n/a
4153.244	0	2076622	silence_begin	sapo_emerge	silence-begin	n/a	n/a	n/a	n/a	n/a
4153.758	0	2076879	standard_tone	sapo_emerge	standard	n/a	n/a	n/a	n/a	n/a
4153.892	0	2076946	clicker_press	sapo_emerge	response-received-arrow_up	n/a	n/a	n/a	n/a	arrow_up
4153.908	0	2076954	report_window_begin	sapo_emerge	emerge-sapo-emerge-begin	n/a	n/a	n/a	n/a	n/a
4154.808	0	2077404	clicker_press	sapo_emerge	response-received-arrow_up	n/a	n/a	n/a	n/a	arrow_up
4155.808	0	2077904	clicker_press	sapo_emerge	response-received-arrow_up	n/a	n/a	n/a	n/a	arrow_up
4156.106	0	2078053	clicker_press	sapo_emerge	response-received-arrow_up	n/a	n/a	n/a	n/a	arrow_up
4157.920	0	2078960	depth_rating	sapo_emerge	rating-sapo-emerge-meditation_depth-4	4	n/a	n/a	n/a	n/a
4160.736	0	2080368	clicker_press	sapo_emerge	response-received-arrow_up	n/a	n/a	n/a	n/a	arrow_up
4161.152	0	2080576	clicker_press	sapo_emerge	response-received-arrow_up	n/a	n/a	n/a	n/a	arrow_up
4161.570	0	2080785	clicker_press	sapo_emerge	response-received-arrow_up	n/a	n/a	n/a	n/a	arrow_up
4161.968	0	2080984	clicker_press	sapo_emerge	response-received-arrow_up	n/a	n/a	n/a	n/a	arrow_up
4162.402	0	2081201	clicker_press	sapo_emerge	response-received-arrow_up	n/a	n/a	n/a	n/a	arrow_up
4168.030	0	2084015	confidence_rating	sapo_emerge	rating-sapo-emerge-confidence_depth-5	n/a	5	n/a	n/a	n/a
4171.494	0	2085747	report_window_end	sapo_emerge	emerge-sapo-emerge-end	n/a	n/a	n/a	n/a	n/a
4171.494	0	2085747	subblock_begin	sapo_emerge	subblock-begin	n/a	n/a	n/a	n/a	n/a
4171.494	0	2085747	silence_begin	sapo_emerge	silence-begin	n/a	n/a	n/a	n/a	n/a
4171.510	0	2085755	standard_tone	sapo_emerge	standard	n/a	n/a	n/a	n/a	n/a
4172.526	0	2086263	standard_tone	sapo_emerge	standard	n/a	n/a	n/a	n/a	n/a
4173.540	0	2086770	standard_tone	sapo_emerge	standard	n/a	n/a	n/a	n/a	n/a
4174.556	0	2087278	standard_tone	sapo_emerge	standard	n/a	n/a	n/a	n/a	n/a
4175.574	0	2087787	standard_tone	sapo_emerge	standard	n/a	n/a	n/a	n/a	n/a
4176.588	0	2088294	standard_tone	sapo_emerge	standard	n/a	n/a	n/a	n/a	n/a
4177.604	0	2088802	standard_tone	sapo_emerge	standard	n/a	n/a	n/a	n/a	n/a
4178.620	0	2089310	oddball_tone	sapo_emerge	oddball	n/a	n/a	n/a	n/a	n/a
4179.636	0	2089818	standard_tone	sapo_emerge	standard	n/a	n/a	n/a	n/a	n/a
4180.652	0	2090326	standard_tone	sapo_emerge	standard	n/a	n/a	n/a	n/a	n/a
4181.668	0	2090834	standard_tone	sapo_emerge	standard	n/a	n/a	n/a	n/a	n/a
4182.684	0	2091342	standard_tone	sapo_emerge	standard	n/a	n/a	n/a	n/a	n/a
4183.700	0	2091850	standard_tone	sapo_emerge	standard	n/a	n/a	n/a	n/a	n/a
4184.716	0	2092358	standard_tone	sapo_emerge	standard	n/a	n/a	n/a	n/a	n/a
4185.732	0	2092866	standard_tone	sapo_emerge	standard	n/a	n/a	n/a	n/a	n/a
4186.748	0	2093374	standard_tone	sapo_emerge	standard	n/a	n/a	n/a	n/a	n/a
4187.764	0	2093882	standard_tone	sapo_emerge	standard	n/a	n/a	n/a	n/a	n/a
4188.778	0	2094389	standard_tone	sapo_emerge	standard	n/a	n/a	n/a	n/a	n/a
4189.778	0	2094889	distractor_noise	sapo_emerge	distractor	n/a	n/a	n/a	n/a	n/a
4190.792	0	2095396	standard_tone	sapo_emerge	standard	n/a	n/a	n/a	n/a	n/a
4191.810	0	2095905	oddball_tone	sapo_emerge	oddball	n/a	n/a	n/a	n/a	n/a
4192.826	0	2096413	standard_tone	sapo_emerge	standard	n/a	n/a	n/a	n/a	n/a
4193.842	0	2096921	standard_tone	sapo_emerge	standard	n/a	n/a	n/a	n/a	n/a
4194.858	0	2097429	standard_tone	sapo_emerge	standard	n/a	n/a	n/a	n/a	n/a
4195.872	0	2097936	standard_tone	sapo_emerge	standard	n/a	n/a	n/a	n/a	n/a
4196.888	0	2098444	standard_tone	sapo_emerge	standard	n/a	n/a	n/a	n/a	n/a
4197.906	0	2098953	standard_tone	sapo_emerge	standard	n/a	n/a	n/a	n/a	n/a
4198.920	0	2099460	standard_tone	sapo_emerge	standard	n/a	n/a	n/a	n/a	n/a
4199.936	0	2099968	distractor_noise	sapo_emerge	distractor	n/a	n/a	n/a	n/a	n/a
4200.952	0	2100476	oddball_tone	sapo_emerge	oddball	n/a	n/a	n/a	n/a	n/a
4201.968	0	2100984	standard_tone	sapo_emerge	standard	n/a	n/a	n/a	n/a	n/a
4202.984	0	2101492	standard_tone	sapo_emerge	standard	n/a	n/a	n/a	n/a	n/a
4204.000	0	2102000	oddball_tone	sapo_emerge	oddball	n/a	n/a	n/a	n/a	n/a
4205.016	0	2102508	standard_tone	sapo_emerge	standard	n/a	n/a	n/a	n/a	n/a
4206.030	0	2103015	standard_tone	sapo_emerge	standard	n/a	n/a	n/a	n/a	n/a
4207.046	0	2103523	standard_tone	sapo_emerge	standard	n/a	n/a	n/a	n/a	n/a
4208.062	0	2104031	standard_tone	sapo_emerge	standard	n/a	n/a	n/a	n/a	n/a
4209.078	0	2104539	oddball_tone	sapo_emerge	oddball	n/a	n/a	n/a	n/a	n/a
4210.094	0	2105047	standard_tone	sapo_emerge	standard	n/a	n/a	n/a	n/a	n/a
4211.094	0	2105547	standard_tone	sapo_emerge	standard	n/a	n/a	n/a	n/a	n/a
4212.110	0	2106055	standard_tone	sapo_emerge	standard	n/a	n/a	n/a	n/a	n/a
4213.126	0	2106563	standard_tone	sapo_emerge	standard	n/a	n/a	n/a	n/a	n/a
4214.142	0	2107071	standard_tone	sapo_emerge	standard	n/a	n/a	n/a	n/a	n/a
4215.156	0	2107578	distractor_noise	sapo_emerge	distractor	n/a	n/a	n/a	n/a	n/a
4216.156	0	2108078	standard_tone	sapo_emerge	standard	n/a	n/a	n/a	n/a	n/a
4217.172	0	2108586	standard_tone	sapo_emerge	standard	n/a	n/a	n/a	n/a	n/a
4218.188	0	2109094	standard_tone	sapo_emerge	standard	n/a	n/a	n/a	n/a	n/a
4219.204	0	2109602	standard_tone	sapo_emerge	standard	n/a	n/a	n/a	n/a	n/a
4220.220	0	2110110	standard_tone	sapo_emerge	standard	n/a	n/a	n/a	n/a	n/a
4221.234	0	2110617	standard_tone	sapo_emerge	standard	n/a	n/a	n/a	n/a	n/a
4222.250	0	2111125	standard_tone	sapo_emerge	standard	n/a	n/a	n/a	n/a	n/a
4223.266	0	2111633	standard_tone	sapo_emerge	standard	n/a	n/a	n/a	n/a	n/a
4224.282	0	2112141	standard_tone	sapo_emerge	standard	n/a	n/a	n/a	n/a	n/a
4225.298	0	2112649	oddball_tone	sapo_emerge	oddball	n/a	n/a	n/a	n/a	n/a
4226.314	0	2113157	standard_tone	sapo_emerge	standard	n/a	n/a	n/a	n/a	n/a
4227.314	0	2113657	standard_tone	sapo_emerge	standard	n/a	n/a	n/a	n/a	n/a
4228.330	0	2114165	standard_tone	sapo_emerge	standard	n/a	n/a	n/a	n/a	n/a
4229.346	0	2114673	standard_tone	sapo_emerge	standard	n/a	n/a	n/a	n/a	n/a
4230.362	0	2115181	standard_tone	sapo_emerge	standard	n/a	n/a	n/a	n/a	n/a
4231.376	0	2115688	standard_tone	sapo_emerge	standard	n/a	n/a	n/a	n/a	n/a
4232.392	0	2116196	standard_tone	sapo_emerge	standard	n/a	n/a	n/a	n/a	n/a
4233.408	0	2116704	standard_tone	sapo_emerge	standard	n/a	n/a	n/a	n/a	n/a
4234.424	0	2117212	oddball_tone	sapo_emerge	oddball	n/a	n/a	n/a	n/a	n/a
4235.424	0	2117712	standard_tone	sapo_emerge	standard	n/a	n/a	n/a	n/a	n/a
4236.440	0	2118220	standard_tone	sapo_emerge	standard	n/a	n/a	n/a	n/a	n/a
4237.456	0	2118728	distractor_noise	sapo_emerge	distractor	n/a	n/a	n/a	n/a	n/a
4238.470	0	2119235	standard_tone	sapo_emerge	standard	n/a	n/a	n/a	n/a	n/a
4239.486	0	2119743	distractor_noise	sapo_emerge	distractor	n/a	n/a	n/a	n/a	n/a
4240.488	0	2120244	standard_tone	sapo_emerge	standard	n/a	n/a	n/a	n/a	n/a
4241.502	0	2120751	standard_tone	sapo_emerge	standard	n/a	n/a	n/a	n/a	n/a
4242.518	0	2121259	oddball_tone	sapo_emerge	oddball	n/a	n/a	n/a	n/a	n/a
4243.534	0	2121767	standard_tone	sapo_emerge	standard	n/a	n/a	n/a	n/a	n/a
4244.548	0	2122274	standard_tone	sapo_emerge	standard	n/a	n/a	n/a	n/a	n/a
4245.564	0	2122782	standard_tone	sapo_emerge	standard	n/a	n/a	n/a	n/a	n/a
4246.582	0	2123291	oddball_tone	sapo_emerge	oddball	n/a	n/a	n/a	n/a	n/a
4247.596	0	2123798	standard_tone	sapo_emerge	standard	n/a	n/a	n/a	n/a	n/a
4248.612	0	2124306	standard_tone	sapo_emerge	standard	n/a	n/a	n/a	n/a	n/a
4249.628	0	2124814	distractor_noise	sapo_emerge	distractor	n/a	n/a	n/a	n/a	n/a
4250.644	0	2125322	standard_tone	sapo_emerge	standard	n/a	n/a	n/a	n/a	n/a
4251.660	0	2125830	standard_tone	sapo_emerge	standard	n/a	n/a	n/a	n/a	n/a
4252.676	0	2126338	distractor_noise	sapo_emerge	distractor	n/a	n/a	n/a	n/a	n/a
4253.692	0	2126846	standard_tone	sapo_emerge	standard	n/a	n/a	n/a	n/a	n/a
4254.708	0	2127354	oddball_tone	sapo_emerge	oddball	n/a	n/a	n/a	n/a	n/a
4255.724	0	2127862	standard_tone	sapo_emerge	standard	n/a	n/a	n/a	n/a	n/a
4256.738	0	2128369	standard_tone	sapo_emerge	standard	n/a	n/a	n/a	n/a	n/a
4257.754	0	2128877	standard_tone	sapo_emerge	standard	n/a	n/a	n/a	n/a	n/a
4258.770	0	2129385	standard_tone	sapo_emerge	standard	n/a	n/a	n/a	n/a	n/a
4259.786	0	2129893	standard_tone	sapo_emerge	standard	n/a	n/a	n/a	n/a	n/a
4260.802	0	2130401	standard_tone	sapo_emerge	standard	n/a	n/a	n/a	n/a	n/a
4261.818	0	2130909	standard_tone	sapo_emerge	standard	n/a	n/a	n/a	n/a	n/a
4262.818	0	2131409	standard_tone	sapo_emerge	standard	n/a	n/a	n/a	n/a	n/a
4263.834	0	2131917	standard_tone	sapo_emerge	standard	n/a	n/a	n/a	n/a	n/a
4264.832	0	2132416	distractor_noise	sapo_emerge	distractor	n/a	n/a	n/a	n/a	n/a
4265.848	0	2132924	standard_tone	sapo_emerge	standard	n/a	n/a	n/a	n/a	n/a
4266.864	0	2133432	standard_tone	sapo_emerge	standard	n/a	n/a	n/a	n/a	n/a
4267.880	0	2133940	standard_tone	sapo_emerge	standard	n/a	n/a	n/a	n/a	n/a
4268.896	0	2134448	standard_tone	sapo_emerge	standard	n/a	n/a	n/a	n/a	n/a
4269.912	0	2134956	oddball_tone	sapo_emerge	oddball	n/a	n/a	n/a	n/a	n/a
4270.928	0	2135464	standard_tone	sapo_emerge	standard	n/a	n/a	n/a	n/a	n/a
4271.944	0	2135972	distractor_noise	sapo_emerge	distractor	n/a	n/a	n/a	n/a	n/a
4272.510	0	2136255	silence_end	sapo_emerge	silence-end	n/a	n/a	n/a	n/a	n/a
4272.510	0	2136255	gong_begin	sapo_emerge	gong-begin	n/a	n/a	n/a	n/a	n/a
4272.964	0	2136482	standard_tone	sapo_emerge	standard	n/a	n/a	n/a	n/a	n/a
4273.980	0	2136990	standard_tone	sapo_emerge	standard	n/a	n/a	n/a	n/a	n/a
4274.992	0	2137496	oddball_tone	sapo_emerge	oddball	n/a	n/a	n/a	n/a	n/a
4276.006	0	2138003	standard_tone	sapo_emerge	standard	n/a	n/a	n/a	n/a	n/a
4277.022	0	2138511	distractor_noise	sapo_emerge	distractor	n/a	n/a	n/a	n/a	n/a
4278.038	0	2139019	standard_tone	sapo_emerge	standard	n/a	n/a	n/a	n/a	n/a
4279.054	0	2139527	standard_tone	sapo_emerge	standard	n/a	n/a	n/a	n/a	n/a
4280.070	0	2140035	oddball_tone	sapo_emerge	oddball	n/a	n/a	n/a	n/a	n/a
4281.086	0	2140543	standard_tone	sapo_emerge	standard	n/a	n/a	n/a	n/a	n/a
4282.102	0	2141051	standard_tone	sapo_emerge	standard	n/a	n/a	n/a	n/a	n/a
4282.518	0	2141259	gong_end	sapo_emerge	gong-end	n/a	n/a	n/a	n/a	n/a
4282.520	0	2141260	subblock_end	sapo_emerge	subblock-end-duration-111.026	n/a	n/a	n/a	111.026	n/a
4282.520	0	2141260	subblock_begin	sapo_emerge	subblock-begin	n/a	n/a	n/a	n/a	n/a
4282.520	0	2141260	silence_begin	sapo_emerge	silence-begin	n/a	n/a	n/a	n/a	n/a
4283.118	0	2141559	standard_tone	sapo_emerge	standard	n/a	n/a	n/a	n/a	n/a
4284.134	0	2142067	distractor_noise	sapo_emerge	distractor	n/a	n/a	n/a	n/a	n/a
4285.148	0	2142574	standard_tone	sapo_emerge	standard	n/a	n/a	n/a	n/a	n/a
4286.164	0	2143082	standard_tone	sapo_emerge	standard	n/a	n/a	n/a	n/a	n/a
4287.180	0	2143590	standard_tone	sapo_emerge	standard	n/a	n/a	n/a	n/a	n/a
4288.196	0	2144098	standard_tone	sapo_emerge	standard	n/a	n/a	n/a	n/a	n/a
4289.212	0	2144606	standard_tone	sapo_emerge	standard	n/a	n/a	n/a	n/a	n/a
4290.212	0	2145106	oddball_tone	sapo_emerge	oddball	n/a	n/a	n/a	n/a	n/a
4291.228	0	2145614	standard_tone	sapo_emerge	standard	n/a	n/a	n/a	n/a	n/a
4292.242	0	2146121	standard_tone	sapo_emerge	standard	n/a	n/a	n/a	n/a	n/a
4293.260	0	2146630	standard_tone	sapo_emerge	standard	n/a	n/a	n/a	n/a	n/a
4294.274	0	2147137	standard_tone	sapo_emerge	standard	n/a	n/a	n/a	n/a	n/a
4295.290	0	2147645	standard_tone	sapo_emerge	standard	n/a	n/a	n/a	n/a	n/a
4296.290	0	2148145	oddball_tone	sapo_emerge	oddball	n/a	n/a	n/a	n/a	n/a
4297.306	0	2148653	standard_tone	sapo_emerge	standard	n/a	n/a	n/a	n/a	n/a
4298.322	0	2149161	standard_tone	sapo_emerge	standard	n/a	n/a	n/a	n/a	n/a
4299.336	0	2149668	standard_tone	sapo_emerge	standard	n/a	n/a	n/a	n/a	n/a
4300.352	0	2150176	standard_tone	sapo_emerge	standard	n/a	n/a	n/a	n/a	n/a
4301.368	0	2150684	standard_tone	sapo_emerge	standard	n/a	n/a	n/a	n/a	n/a
4302.384	0	2151192	standard_tone	sapo_emerge	standard	n/a	n/a	n/a	n/a	n/a
4303.400	0	2151700	standard_tone	sapo_emerge	standard	n/a	n/a	n/a	n/a	n/a
4304.416	0	2152208	standard_tone	sapo_emerge	standard	n/a	n/a	n/a	n/a	n/a
4305.432	0	2152716	standard_tone	sapo_emerge	standard	n/a	n/a	n/a	n/a	n/a
4306.448	0	2153224	standard_tone	sapo_emerge	standard	n/a	n/a	n/a	n/a	n/a
4307.464	0	2153732	standard_tone	sapo_emerge	standard	n/a	n/a	n/a	n/a	n/a
4308.480	0	2154240	standard_tone	sapo_emerge	standard	n/a	n/a	n/a	n/a	n/a
4309.496	0	2154748	standard_tone	sapo_emerge	standard	n/a	n/a	n/a	n/a	n/a
4310.512	0	2155256	standard_tone	sapo_emerge	standard	n/a	n/a	n/a	n/a	n/a
4311.526	0	2155763	standard_tone	sapo_emerge	standard	n/a	n/a	n/a	n/a	n/a
4312.542	0	2156271	standard_tone	sapo_emerge	standard	n/a	n/a	n/a	n/a	n/a
4313.558	0	2156779	standard_tone	sapo_emerge	standard	n/a	n/a	n/a	n/a	n/a
4314.558	0	2157279	standard_tone	sapo_emerge	standard	n/a	n/a	n/a	n/a	n/a
4315.574	0	2157787	standard_tone	sapo_emerge	standard	n/a	n/a	n/a	n/a	n/a
4316.590	0	2158295	distractor_noise	sapo_emerge	distractor	n/a	n/a	n/a	n/a	n/a
4317.606	0	2158803	standard_tone	sapo_emerge	standard	n/a	n/a	n/a	n/a	n/a
4318.622	0	2159311	standard_tone	sapo_emerge	standard	n/a	n/a	n/a	n/a	n/a
4319.636	0	2159818	distractor_noise	sapo_emerge	distractor	n/a	n/a	n/a	n/a	n/a
4320.668	0	2160334	standard_tone	sapo_emerge	standard	n/a	n/a	n/a	n/a	n/a
4321.668	0	2160834	standard_tone	sapo_emerge	standard	n/a	n/a	n/a	n/a	n/a
4322.684	0	2161342	standard_tone	sapo_emerge	standard	n/a	n/a	n/a	n/a	n/a
4323.700	0	2161850	standard_tone	sapo_emerge	standard	n/a	n/a	n/a	n/a	n/a
4324.716	0	2162358	standard_tone	sapo_emerge	standard	n/a	n/a	n/a	n/a	n/a
4325.732	0	2162866	distractor_noise	sapo_emerge	distractor	n/a	n/a	n/a	n/a	n/a
4326.748	0	2163374	standard_tone	sapo_emerge	standard	n/a	n/a	n/a	n/a	n/a
4327.764	0	2163882	oddball_tone	sapo_emerge	oddball	n/a	n/a	n/a	n/a	n/a
4328.780	0	2164390	standard_tone	sapo_emerge	standard	n/a	n/a	n/a	n/a	n/a
4329.796	0	2164898	distractor_noise	sapo_emerge	distractor	n/a	n/a	n/a	n/a	n/a
4330.810	0	2165405	standard_tone	sapo_emerge	standard	n/a	n/a	n/a	n/a	n/a
4331.826	0	2165913	standard_tone	sapo_emerge	standard	n/a	n/a	n/a	n/a	n/a
4332.842	0	2166421	standard_tone	sapo_emerge	standard	n/a	n/a	n/a	n/a	n/a
4333.858	0	2166929	standard_tone	sapo_emerge	standard	n/a	n/a	n/a	n/a	n/a
4334.874	0	2167437	standard_tone	sapo_emerge	standard	n/a	n/a	n/a	n/a	n/a
4335.890	0	2167945	standard_tone	sapo_emerge	standard	n/a	n/a	n/a	n/a	n/a
4336.906	0	2168453	standard_tone	sapo_emerge	standard	n/a	n/a	n/a	n/a	n/a
4337.922	0	2168961	standard_tone	sapo_emerge	standard	n/a	n/a	n/a	n/a	n/a
4338.938	0	2169469	oddball_tone	sapo_emerge	oddball	n/a	n/a	n/a	n/a	n/a
4339.954	0	2169977	standard_tone	sapo_emerge	standard	n/a	n/a	n/a	n/a	n/a
4340.970	0	2170485	standard_tone	sapo_emerge	standard	n/a	n/a	n/a	n/a	n/a
4341.984	0	2170992	standard_tone	sapo_emerge	standard	n/a	n/a	n/a	n/a	n/a
4343.000	0	2171500	oddball_tone	sapo_emerge	oddball	n/a	n/a	n/a	n/a	n/a
4344.016	0	2172008	distractor_noise	sapo_emerge	distractor	n/a	n/a	n/a	n/a	n/a
4345.032	0	2172516	standard_tone	sapo_emerge	standard	n/a	n/a	n/a	n/a	n/a
4346.048	0	2173024	oddball_tone	sapo_emerge	oddball	n/a	n/a	n/a	n/a	n/a
4347.064	0	2173532	standard_tone	sapo_emerge	standard	n/a	n/a	n/a	n/a	n/a
4348.080	0	2174040	standard_tone	sapo_emerge	standard	n/a	n/a	n/a	n/a	n/a
4349.096	0	2174548	standard_tone	sapo_emerge	standard	n/a	n/a	n/a	n/a	n/a
4350.112	0	2175056	standard_tone	sapo_emerge	standard	n/a	n/a	n/a	n/a	n/a
4351.128	0	2175564	distractor_noise	sapo_emerge	distractor	n/a	n/a	n/a	n/a	n/a
4352.144	0	2176072	standard_tone	sapo_emerge	standard	n/a	n/a	n/a	n/a	n/a
4353.160	0	2176580	distractor_noise	sapo_emerge	distractor	n/a	n/a	n/a	n/a	n/a
4354.176	0	2177088	standard_tone	sapo_emerge	standard	n/a	n/a	n/a	n/a	n/a
4355.190	0	2177595	standard_tone	sapo_emerge	standard	n/a	n/a	n/a	n/a	n/a
4356.206	0	2178103	standard_tone	sapo_emerge	standard	n/a	n/a	n/a	n/a	n/a
4357.222	0	2178611	standard_tone	sapo_emerge	standard	n/a	n/a	n/a	n/a	n/a
4358.238	0	2179119	standard_tone	sapo_emerge	standard	n/a	n/a	n/a	n/a	n/a
4359.254	0	2179627	distractor_noise	sapo_emerge	distractor	n/a	n/a	n/a	n/a	n/a
4360.270	0	2180135	standard_tone	sapo_emerge	standard	n/a	n/a	n/a	n/a	n/a
4361.286	0	2180643	standard_tone	sapo_emerge	standard	n/a	n/a	n/a	n/a	n/a
4362.302	0	2181151	standard_tone	sapo_emerge	standard	n/a	n/a	n/a	n/a	n/a
4362.618	0	2181309	clicker_press	sapo_emerge	response-received-arrow_up	n/a	n/a	n/a	n/a	arrow_up
4362.684	0	2181342	report_window_begin	sapo_emerge	emerge-sapo-emerge-begin	n/a	n/a	n/a	n/a	n/a
4362.986	0	2181493	clicker_press	sapo_emerge	response-received-arrow_up	n/a	n/a	n/a	n/a	arrow_up
4363.636	0	2181818	clicker_press	sapo_emerge	response-received-arrow_up	n/a	n/a	n/a	n/a	arrow_up
4366.732	0	2183366	depth_rating	sapo_emerge	rating-sapo-emerge-meditation_depth-3	3	n/a	n/a	n/a	n/a
4368.880	0	2184440	clicker_press	sapo_emerge	response-received-arrow_up	n/a	n/a	n/a	n/a	arrow_up
4369.246	0	2184623	clicker_press	sapo_emerge	response-received-arrow_up	n/a	n/a	n/a	n/a	arrow_up
4369.530	0	2184765	clicker_press	sapo_emerge	response-received-arrow_up	n/a	n/a	n/a	n/a	arrow_up
4369.812	0	2184906	clicker_press	sapo_emerge	response-received-arrow_up	n/a	n/a	n/a	n/a	arrow_up
4370.180	0	2185090	clicker_press	sapo_emerge	response-received-arrow_up	n/a	n/a	n/a	n/a	arrow_up
4376.774	0	2188387	confidence_rating	sapo_emerge	rating-sapo-emerge-confidence_depth-5	n/a	5	n/a	n/a	n/a
4380.204	0	2190102	report_window_end	sapo_emerge	emerge-sapo-emerge-end	n/a	n/a	n/a	n/a	n/a
4380.204	0	2190102	subblock_begin	sapo_emerge	subblock-begin	n/a	n/a	n/a	n/a	n/a
4380.206	0	2190103	silence_begin	sapo_emerge	silence-begin	n/a	n/a	n/a	n/a	n/a
4380.220	0	2190110	standard_tone	sapo_emerge	standard	n/a	n/a	n/a	n/a	n/a
4381.236	0	2190618	standard_tone	sapo_emerge	standard	n/a	n/a	n/a	n/a	n/a
4382.252	0	2191126	standard_tone	sapo_emerge	standard	n/a	n/a	n/a	n/a	n/a
4383.268	0	2191634	standard_tone	sapo_emerge	standard	n/a	n/a	n/a	n/a	n/a
4384.284	0	2192142	standard_tone	sapo_emerge	standard	n/a	n/a	n/a	n/a	n/a
4385.300	0	2192650	standard_tone	sapo_emerge	standard	n/a	n/a	n/a	n/a	n/a
4386.314	0	2193157	standard_tone	sapo_emerge	standard	n/a	n/a	n/a	n/a	n/a
4387.330	0	2193665	standard_tone	sapo_emerge	standard	n/a	n/a	n/a	n/a	n/a
4388.346	0	2194173	standard_tone	sapo_emerge	standard	n/a	n/a	n/a	n/a	n/a
4389.364	0	2194682	standard_tone	sapo_emerge	standard	n/a	n/a	n/a	n/a	n/a
4390.378	0	2195189	standard_tone	sapo_emerge	standard	n/a	n/a	n/a	n/a	n/a
4391.394	0	2195697	standard_tone	sapo_emerge	standard	n/a	n/a	n/a	n/a	n/a
4392.410	0	2196205	standard_tone	sapo_emerge	standard	n/a	n/a	n/a	n/a	n/a
4393.426	0	2196713	oddball_tone	sapo_emerge	oddball	n/a	n/a	n/a	n/a	n/a
4394.426	0	2197213	standard_tone	sapo_emerge	standard	n/a	n/a	n/a	n/a	n/a
4395.440	0	2197720	oddball_tone	sapo_emerge	oddball	n/a	n/a	n/a	n/a	n/a
4396.456	0	2198228	standard_tone	sapo_emerge	standard	n/a	n/a	n/a	n/a	n/a
4397.472	0	2198736	standard_tone	sapo_emerge	standard	n/a	n/a	n/a	n/a	n/a
4398.488	0	2199244	standard_tone	sapo_emerge	standard	n/a	n/a	n/a	n/a	n/a
4399.504	0	2199752	standard_tone	sapo_emerge	standard	n/a	n/a	n/a	n/a	n/a
4400.520	0	2200260	distractor_noise	sapo_emerge	distractor	n/a	n/a	n/a	n/a	n/a
4401.536	0	2200768	standard_tone	sapo_emerge	standard	n/a	n/a	n/a	n/a	n/a
4402.552	0	2201276	standard_tone	sapo_emerge	standard	n/a	n/a	n/a	n/a	n/a
4403.568	0	2201784	standard_tone	sapo_emerge	standard	n/a	n/a	n/a	n/a	n/a
4404.584	0	2202292	standard_tone	sapo_emerge	standard	n/a	n/a	n/a	n/a	n/a
4405.598	0	2202799	standard_tone	sapo_emerge	standard	n/a	n/a	n/a	n/a	n/a
4406.614	0	2203307	standard_tone	sapo_emerge	standard	n/a	n/a	n/a	n/a	n/a
4407.614	0	2203807	oddball_tone	sapo_emerge	oddball	n/a	n/a	n/a	n/a	n/a
4408.630	0	2204315	standard_tone	sapo_emerge	standard	n/a	n/a	n/a	n/a	n/a
4409.646	0	2204823	oddball_tone	sapo_emerge	oddball	n/a	n/a	n/a	n/a	n/a
4410.662	0	2205331	standard_tone	sapo_emerge	standard	n/a	n/a	n/a	n/a	n/a
4411.678	0	2205839	standard_tone	sapo_emerge	standard	n/a	n/a	n/a	n/a	n/a
4412.694	0	2206347	standard_tone	sapo_emerge	standard	n/a	n/a	n/a	n/a	n/a
4412.776	0	2206388	clicker_press	sapo_emerge	response-received-arrow_up	n/a	n/a	n/a	n/a	arrow_up
4412.826	0	2206413	report_window_begin	sapo_emerge	emerge-sapo-emerge-begin	n/a	n/a	n/a	n/a	n/a
4413.926	0	2206963	clicker_press	sapo_emerge	response-received-arrow_up	n/a	n/a	n/a	n/a	arrow_up
4415.158	0	2207579	clicker_press	sapo_emerge	response-received-arrow_up	n/a	n/a	n/a	n/a	arrow_up
4416.890	0	2208445	depth_rating	sapo_emerge	rating-sapo-emerge-meditation_depth-3	3	n/a	n/a	n/a	n/a
4420.020	0	2210010	clicker_press	sapo_emerge	response-received-arrow_up	n/a	n/a	n/a	n/a	arrow_up
4420.454	0	2210227	clicker_press	sapo_emerge	response-received-arrow_up	n/a	n/a	n/a	n/a	arrow_up
4420.854	0	2210427	clicker_press	sapo_emerge	response-received-arrow_up	n/a	n/a	n/a	n/a	arrow_up
4421.204	0	2210602	clicker_press	sapo_emerge	response-received-arrow_up	n/a	n/a	n/a	n/a	arrow_up
4421.736	0	2210868	clicker_press	sapo_emerge	response-received-arrow_up	n/a	n/a	n/a	n/a	arrow_up
4427.114	0	2213557	confidence_rating	sapo_emerge	rating-sapo-emerge-confidence_depth-5	n/a	5	n/a	n/a	n/a
4430.546	0	2215273	report_window_end	sapo_emerge	emerge-sapo-emerge-end	n/a	n/a	n/a	n/a	n/a
4430.546	0	2215273	subblock_begin	sapo_emerge	subblock-begin	n/a	n/a	n/a	n/a	n/a
4430.548	0	2215274	silence_begin	sapo_emerge	silence-begin	n/a	n/a	n/a	n/a	n/a
4430.548	0	2215274	standard_tone	sapo_emerge	standard	n/a	n/a	n/a	n/a	n/a
4431.560	0	2215780	standard_tone	sapo_emerge	standard	n/a	n/a	n/a	n/a	n/a
4432.576	0	2216288	standard_tone	sapo_emerge	standard	n/a	n/a	n/a	n/a	n/a
4433.592	0	2216796	standard_tone	sapo_emerge	standard	n/a	n/a	n/a	n/a	n/a
4434.608	0	2217304	standard_tone	sapo_emerge	standard	n/a	n/a	n/a	n/a	n/a
4435.624	0	2217812	standard_tone	sapo_emerge	standard	n/a	n/a	n/a	n/a	n/a
4436.640	0	2218320	standard_tone	sapo_emerge	standard	n/a	n/a	n/a	n/a	n/a
4437.656	0	2218828	standard_tone	sapo_emerge	standard	n/a	n/a	n/a	n/a	n/a
4438.672	0	2219336	standard_tone	sapo_emerge	standard	n/a	n/a	n/a	n/a	n/a
4439.688	0	2219844	standard_tone	sapo_emerge	standard	n/a	n/a	n/a	n/a	n/a
4440.704	0	2220352	standard_tone	sapo_emerge	standard	n/a	n/a	n/a	n/a	n/a
4441.702	0	2220851	standard_tone	sapo_emerge	standard	n/a	n/a	n/a	n/a	n/a
4442.718	0	2221359	standard_tone	sapo_emerge	standard	n/a	n/a	n/a	n/a	n/a
4443.734	0	2221867	standard_tone	sapo_emerge	standard	n/a	n/a	n/a	n/a	n/a
4444.750	0	2222375	standard_tone	sapo_emerge	standard	n/a	n/a	n/a	n/a	n/a
4445.766	0	2222883	standard_tone	sapo_emerge	standard	n/a	n/a	n/a	n/a	n/a
4446.782	0	2223391	distractor_noise	sapo_emerge	distractor	n/a	n/a	n/a	n/a	n/a
4447.798	0	2223899	standard_tone	sapo_emerge	standard	n/a	n/a	n/a	n/a	n/a
4448.814	0	2224407	standard_tone	sapo_emerge	standard	n/a	n/a	n/a	n/a	n/a
4449.830	0	2224915	distractor_noise	sapo_emerge	distractor	n/a	n/a	n/a	n/a	n/a
4450.830	0	2225415	standard_tone	sapo_emerge	standard	n/a	n/a	n/a	n/a	n/a
4451.844	0	2225922	oddball_tone	sapo_emerge	oddball	n/a	n/a	n/a	n/a	n/a
4452.844	0	2226422	standard_tone	sapo_emerge	standard	n/a	n/a	n/a	n/a	n/a
4453.860	0	2226930	standard_tone	sapo_emerge	standard	n/a	n/a	n/a	n/a	n/a
4454.876	0	2227438	standard_tone	sapo_emerge	standard	n/a	n/a	n/a	n/a	n/a
4455.892	0	2227946	standard_tone	sapo_emerge	standard	n/a	n/a	n/a	n/a	n/a
4456.906	0	2228453	standard_tone	sapo_emerge	standard	n/a	n/a	n/a	n/a	n/a
4457.922	0	2228961	standard_tone	sapo_emerge	standard	n/a	n/a	n/a	n/a	n/a
4458.938	0	2229469	standard_tone	sapo_emerge	standard	n/a	n/a	n/a	n/a	n/a
4459.954	0	2229977	standard_tone	sapo_emerge	standard	n/a	n/a	n/a	n/a	n/a
4460.970	0	2230485	standard_tone	sapo_emerge	standard	n/a	n/a	n/a	n/a	n/a
4461.986	0	2230993	standard_tone	sapo_emerge	standard	n/a	n/a	n/a	n/a	n/a
4463.002	0	2231501	standard_tone	sapo_emerge	standard	n/a	n/a	n/a	n/a	n/a
4464.018	0	2232009	standard_tone	sapo_emerge	standard	n/a	n/a	n/a	n/a	n/a
4465.032	0	2232516	standard_tone	sapo_emerge	standard	n/a	n/a	n/a	n/a	n/a
4466.048	0	2233024	standard_tone	sapo_emerge	standard	n/a	n/a	n/a	n/a	n/a
4467.064	0	2233532	oddball_tone	sapo_emerge	oddball	n/a	n/a	n/a	n/a	n/a
4468.082	0	2234041	standard_tone	sapo_emerge	standard	n/a	n/a	n/a	n/a	n/a
4469.096	0	2234548	distractor_noise	sapo_emerge	distractor	n/a	n/a	n/a	n/a	n/a
4469.796	0	2234898	clicker_press	sapo_emerge	response-received-arrow_up	n/a	n/a	n/a	n/a	arrow_up
4469.896	0	2234948	report_window_begin	sapo_emerge	emerge-sapo-emerge-begin	n/a	n/a	n/a	n/a	n/a
4470.330	0	2235165	clicker_press	sapo_emerge	response-received-arrow_up	n/a	n/a	n/a	n/a	arrow_up
4470.762	0	2235381	clicker_press	sapo_emerge	response-received-arrow_up	n/a	n/a	n/a	n/a	arrow_up
4471.662	0	2235831	clicker_press	sapo_emerge	response-received-arrow_up	n/a	n/a	n/a	n/a	arrow_up
4473.910	0	2236955	depth_rating	sapo_emerge	rating-sapo-emerge-meditation_depth-4	4	n/a	n/a	n/a	n/a
4479.204	0	2239602	clicker_press	sapo_emerge	response-received-arrow_up	n/a	n/a	n/a	n/a	arrow_up
4479.622	0	2239811	clicker_press	sapo_emerge	response-received-arrow_up	n/a	n/a	n/a	n/a	arrow_up
4479.954	0	2239977	clicker_press	sapo_emerge	response-received-arrow_up	n/a	n/a	n/a	n/a	arrow_up
4480.270	0	2240135	clicker_press	sapo_emerge	response-received-arrow_up	n/a	n/a	n/a	n/a	arrow_up
4480.654	0	2240327	clicker_press	sapo_emerge	response-received-arrow_up	n/a	n/a	n/a	n/a	arrow_up
4484.052	0	2242026	confidence_rating	sapo_emerge	rating-sapo-emerge-confidence_depth-5	n/a	5	n/a	n/a	n/a
4487.548	0	2243774	report_window_end	sapo_emerge	emerge-sapo-emerge-end	n/a	n/a	n/a	n/a	n/a
4487.548	0	2243774	subblock_begin	sapo_emerge	subblock-begin	n/a	n/a	n/a	n/a	n/a
4487.550	0	2243775	silence_begin	sapo_emerge	silence-begin	n/a	n/a	n/a	n/a	n/a
4487.564	0	2243782	standard_tone	sapo_emerge	standard	n/a	n/a	n/a	n/a	n/a
4488.580	0	2244290	standard_tone	sapo_emerge	standard	n/a	n/a	n/a	n/a	n/a
4489.596	0	2244798	standard_tone	sapo_emerge	standard	n/a	n/a	n/a	n/a	n/a
4490.612	0	2245306	standard_tone	sapo_emerge	standard	n/a	n/a	n/a	n/a	n/a
4491.628	0	2245814	distractor_noise	sapo_emerge	distractor	n/a	n/a	n/a	n/a	n/a
4492.644	0	2246322	standard_tone	sapo_emerge	standard	n/a	n/a	n/a	n/a	n/a
4493.660	0	2246830	standard_tone	sapo_emerge	standard	n/a	n/a	n/a	n/a	n/a
4494.676	0	2247338	standard_tone	sapo_emerge	standard	n/a	n/a	n/a	n/a	n/a
4495.676	0	2247838	standard_tone	sapo_emerge	standard	n/a	n/a	n/a	n/a	n/a
4496.690	0	2248345	standard_tone	sapo_emerge	standard	n/a	n/a	n/a	n/a	n/a
4497.706	0	2248853	standard_tone	sapo_emerge	standard	n/a	n/a	n/a	n/a	n/a
4498.722	0	2249361	standard_tone	sapo_emerge	standard	n/a	n/a	n/a	n/a	n/a
4499.738	0	2249869	standard_tone	sapo_emerge	standard	n/a	n/a	n/a	n/a	n/a
4500.754	0	2250377	standard_tone	sapo_emerge	standard	n/a	n/a	n/a	n/a	n/a
4501.770	0	2250885	standard_tone	sapo_emerge	standard	n/a	n/a	n/a	n/a	n/a
4502.786	0	2251393	distractor_noise	sapo_emerge	distractor	n/a	n/a	n/a	n/a	n/a
4503.802	0	2251901	standard_tone	sapo_emerge	standard	n/a	n/a	n/a	n/a	n/a
4504.818	0	2252409	distractor_noise	sapo_emerge	distractor	n/a	n/a	n/a	n/a	n/a
4505.832	0	2252916	standard_tone	sapo_emerge	standard	n/a	n/a	n/a	n/a	n/a
4506.832	0	2253416	standard_tone	sapo_emerge	standard	n/a	n/a	n/a	n/a	n/a
4507.848	0	2253924	standard_tone	sapo_emerge	standard	n/a	n/a	n/a	n/a	n/a
4508.864	0	2254432	distractor_noise	sapo_emerge	distractor	n/a	n/a	n/a	n/a	n/a
4509.880	0	2254940	standard_tone	sapo_emerge	standard	n/a	n/a	n/a	n/a	n/a
4510.896	0	2255448	oddball_tone	sapo_emerge	oddball	n/a	n/a	n/a	n/a	n/a
4511.912	0	2255956	standard_tone	sapo_emerge	standard	n/a	n/a	n/a	n/a	n/a
4512.926	0	2256463	standard_tone	sapo_emerge	standard	n/a	n/a	n/a	n/a	n/a
4513.942	0	2256971	standard_tone	sapo_emerge	standard	n/a	n/a	n/a	n/a	n/a
4514.958	0	2257479	standard_tone	sapo_emerge	standard	n/a	n/a	n/a	n/a	n/a
4515.974	0	2257987	oddball_tone	sapo_emerge	oddball	n/a	n/a	n/a	n/a	n/a
4516.990	0	2258495	standard_tone	sapo_emerge	standard	n/a	n/a	n/a	n/a	n/a
4518.006	0	2259003	standard_tone	sapo_emerge	standard	n/a	n/a	n/a	n/a	n/a
4519.006	0	2259503	standard_tone	sapo_emerge	standard	n/a	n/a	n/a	n/a	n/a
4520.022	0	2260011	standard_tone	sapo_emerge	standard	n/a	n/a	n/a	n/a	n/a
4521.036	0	2260518	standard_tone	sapo_emerge	standard	n/a	n/a	n/a	n/a	n/a
4522.052	0	2261026	standard_tone	sapo_emerge	standard	n/a	n/a	n/a	n/a	n/a
4523.068	0	2261534	standard_tone	sapo_emerge	standard	n/a	n/a	n/a	n/a	n/a
4524.084	0	2262042	standard_tone	sapo_emerge	standard	n/a	n/a	n/a	n/a	n/a
4525.100	0	2262550	standard_tone	sapo_emerge	standard	n/a	n/a	n/a	n/a	n/a
4526.116	0	2263058	standard_tone	sapo_emerge	standard	n/a	n/a	n/a	n/a	n/a
4527.132	0	2263566	standard_tone	sapo_emerge	standard	n/a	n/a	n/a	n/a	n/a
4528.132	0	2264066	standard_tone	sapo_emerge	standard	n/a	n/a	n/a	n/a	n/a
4529.146	0	2264573	standard_tone	sapo_emerge	standard	n/a	n/a	n/a	n/a	n/a
4530.162	0	2265081	standard_tone	sapo_emerge	standard	n/a	n/a	n/a	n/a	n/a
4531.162	0	2265581	distractor_noise	sapo_emerge	distractor	n/a	n/a	n/a	n/a	n/a
4532.178	0	2266089	standard_tone	sapo_emerge	standard	n/a	n/a	n/a	n/a	n/a
4533.194	0	2266597	standard_tone	sapo_emerge	standard	n/a	n/a	n/a	n/a	n/a
4534.194	0	2267097	standard_tone	sapo_emerge	standard	n/a	n/a	n/a	n/a	n/a
4535.208	0	2267604	standard_tone	sapo_emerge	standard	n/a	n/a	n/a	n/a	n/a
4536.224	0	2268112	oddball_tone	sapo_emerge	oddball	n/a	n/a	n/a	n/a	n/a
4537.240	0	2268620	standard_tone	sapo_emerge	standard	n/a	n/a	n/a	n/a	n/a
4538.256	0	2269128	standard_tone	sapo_emerge	standard	n/a	n/a	n/a	n/a	n/a
4539.256	0	2269628	standard_tone	sapo_emerge	standard	n/a	n/a	n/a	n/a	n/a
4540.270	0	2270135	standard_tone	sapo_emerge	standard	n/a	n/a	n/a	n/a	n/a
4541.270	0	2270635	standard_tone	sapo_emerge	standard	n/a	n/a	n/a	n/a	n/a
4542.286	0	2271143	standard_tone	sapo_emerge	standard	n/a	n/a	n/a	n/a	n/a
4543.302	0	2271651	standard_tone	sapo_emerge	standard	n/a	n/a	n/a	n/a	n/a
4544.318	0	2272159	standard_tone	sapo_emerge	standard	n/a	n/a	n/a	n/a	n/a
4544.368	0	2272184	clicker_press	sapo_emerge	response-received-arrow_up	n/a	n/a	n/a	n/a	arrow_up
4544.400	0	2272200	report_window_begin	sapo_emerge	emerge-sapo-emerge-begin	n/a	n/a	n/a	n/a	n/a
4544.734	0	2272367	clicker_press	sapo_emerge	response-received-arrow_up	n/a	n/a	n/a	n/a	arrow_up
4545.034	0	2272517	clicker_press	sapo_emerge	response-received-arrow_up	n/a	n/a	n/a	n/a	arrow_up
4545.516	0	2272758	clicker_press	sapo_emerge	response-received-arrow_up	n/a	n/a	n/a	n/a	arrow_up
4548.464	0	2274232	depth_rating	sapo_emerge	rating-sapo-emerge-meditation_depth-4	4	n/a	n/a	n/a	n/a
4550.646	0	2275323	clicker_press	sapo_emerge	response-received-arrow_up	n/a	n/a	n/a	n/a	arrow_up
4550.896	0	2275448	clicker_press	sapo_emerge	response-received-arrow_up	n/a	n/a	n/a	n/a	arrow_up
4551.180	0	2275590	clicker_press	sapo_emerge	response-received-arrow_up	n/a	n/a	n/a	n/a	arrow_up
4551.496	0	2275748	clicker_press	sapo_emerge	response-received-arrow_up	n/a	n/a	n/a	n/a	arrow_up
4551.898	0	2275949	clicker_press	sapo_emerge	response-received-arrow_up	n/a	n/a	n/a	n/a	arrow_up
4558.572	0	2279286	confidence_rating	sapo_emerge	rating-sapo-emerge-confidence_depth-5	n/a	5	n/a	n/a	n/a
4562.070	0	2281035	report_window_end	sapo_emerge	emerge-sapo-emerge-end	n/a	n/a	n/a	n/a	n/a
4562.072	0	2281036	subblock_begin	sapo_emerge	subblock-begin	n/a	n/a	n/a	n/a	n/a
4562.072	0	2281036	silence_begin	sapo_emerge	silence-begin	n/a	n/a	n/a	n/a	n/a
4562.072	0	2281036	oddball_tone	sapo_emerge	oddball	n/a	n/a	n/a	n/a	n/a
4563.086	0	2281543	standard_tone	sapo_emerge	standard	n/a	n/a	n/a	n/a	n/a
4564.102	0	2282051	standard_tone	sapo_emerge	standard	n/a	n/a	n/a	n/a	n/a
4565.116	0	2282558	standard_tone	sapo_emerge	standard	n/a	n/a	n/a	n/a	n/a
4566.132	0	2283066	standard_tone	sapo_emerge	standard	n/a	n/a	n/a	n/a	n/a
4567.132	0	2283566	standard_tone	sapo_emerge	standard	n/a	n/a	n/a	n/a	n/a
4568.148	0	2284074	standard_tone	sapo_emerge	standard	n/a	n/a	n/a	n/a	n/a
4569.164	0	2284582	standard_tone	sapo_emerge	standard	n/a	n/a	n/a	n/a	n/a
4570.180	0	2285090	distractor_noise	sapo_emerge	distractor	n/a	n/a	n/a	n/a	n/a
4571.196	0	2285598	standard_tone	sapo_emerge	standard	n/a	n/a	n/a	n/a	n/a
4572.212	0	2286106	standard_tone	sapo_emerge	standard	n/a	n/a	n/a	n/a	n/a
4573.228	0	2286614	distractor_noise	sapo_emerge	distractor	n/a	n/a	n/a	n/a	n/a
4574.242	0	2287121	standard_tone	sapo_emerge	standard	n/a	n/a	n/a	n/a	n/a
4575.258	0	2287629	standard_tone	sapo_emerge	standard	n/a	n/a	n/a	n/a	n/a
4576.274	0	2288137	standard_tone	sapo_emerge	standard	n/a	n/a	n/a	n/a	n/a
4577.290	0	2288645	oddball_tone	sapo_emerge	oddball	n/a	n/a	n/a	n/a	n/a
4578.306	0	2289153	standard_tone	sapo_emerge	standard	n/a	n/a	n/a	n/a	n/a
4579.322	0	2289661	standard_tone	sapo_emerge	standard	n/a	n/a	n/a	n/a	n/a
4580.338	0	2290169	standard_tone	sapo_emerge	standard	n/a	n/a	n/a	n/a	n/a
4581.354	0	2290677	standard_tone	sapo_emerge	standard	n/a	n/a	n/a	n/a	n/a
4582.370	0	2291185	standard_tone	sapo_emerge	standard	n/a	n/a	n/a	n/a	n/a
4583.386	0	2291693	oddball_tone	sapo_emerge	oddball	n/a	n/a	n/a	n/a	n/a
4584.402	0	2292201	standard_tone	sapo_emerge	standard	n/a	n/a	n/a	n/a	n/a
4585.416	0	2292708	oddball_tone	sapo_emerge	oddball	n/a	n/a	n/a	n/a	n/a
4586.432	0	2293216	standard_tone	sapo_emerge	standard	n/a	n/a	n/a	n/a	n/a
4587.448	0	2293724	standard_tone	sapo_emerge	standard	n/a	n/a	n/a	n/a	n/a
4588.448	0	2294224	standard_tone	sapo_emerge	standard	n/a	n/a	n/a	n/a	n/a
4589.464	0	2294732	standard_tone	sapo_emerge	standard	n/a	n/a	n/a	n/a	n/a
4590.480	0	2295240	standard_tone	sapo_emerge	standard	n/a	n/a	n/a	n/a	n/a
4591.496	0	2295748	standard_tone	sapo_emerge	standard	n/a	n/a	n/a	n/a	n/a
4592.512	0	2296256	standard_tone	sapo_emerge	standard	n/a	n/a	n/a	n/a	n/a
4593.526	0	2296763	standard_tone	sapo_emerge	standard	n/a	n/a	n/a	n/a	n/a
4594.542	0	2297271	oddball_tone	sapo_emerge	oddball	n/a	n/a	n/a	n/a	n/a
4595.558	0	2297779	standard_tone	sapo_emerge	standard	n/a	n/a	n/a	n/a	n/a
4596.574	0	2298287	standard_tone	sapo_emerge	standard	n/a	n/a	n/a	n/a	n/a
4597.590	0	2298795	standard_tone	sapo_emerge	standard	n/a	n/a	n/a	n/a	n/a
4598.606	0	2299303	distractor_noise	sapo_emerge	distractor	n/a	n/a	n/a	n/a	n/a
4599.622	0	2299811	standard_tone	sapo_emerge	standard	n/a	n/a	n/a	n/a	n/a
4600.636	0	2300318	standard_tone	sapo_emerge	standard	n/a	n/a	n/a	n/a	n/a
4601.654	0	2300827	oddball_tone	sapo_emerge	oddball	n/a	n/a	n/a	n/a	n/a
4602.670	0	2301335	standard_tone	sapo_emerge	standard	n/a	n/a	n/a	n/a	n/a
4603.686	0	2301843	standard_tone	sapo_emerge	standard	n/a	n/a	n/a	n/a	n/a
4604.686	0	2302343	standard_tone	sapo_emerge	standard	n/a	n/a	n/a	n/a	n/a
4605.700	0	2302850	standard_tone	sapo_emerge	standard	n/a	n/a	n/a	n/a	n/a
4606.700	0	2303350	standard_tone	sapo_emerge	standard	n/a	n/a	n/a	n/a	n/a
4607.716	0	2303858	standard_tone	sapo_emerge	standard	n/a	n/a	n/a	n/a	n/a
4608.730	0	2304365	standard_tone	sapo_emerge	standard	n/a	n/a	n/a	n/a	n/a
4609.748	0	2304874	standard_tone	sapo_emerge	standard	n/a	n/a	n/a	n/a	n/a
4610.762	0	2305381	oddball_tone	sapo_emerge	oddball	n/a	n/a	n/a	n/a	n/a
4611.778	0	2305889	distractor_noise	sapo_emerge	distractor	n/a	n/a	n/a	n/a	n/a
4612.794	0	2306397	standard_tone	sapo_emerge	standard	n/a	n/a	n/a	n/a	n/a
4613.810	0	2306905	standard_tone	sapo_emerge	standard	n/a	n/a	n/a	n/a	n/a
4614.826	0	2307413	standard_tone	sapo_emerge	standard	n/a	n/a	n/a	n/a	n/a
4615.842	0	2307921	standard_tone	sapo_emerge	standard	n/a	n/a	n/a	n/a	n/a
4616.858	0	2308429	standard_tone	sapo_emerge	standard	n/a	n/a	n/a	n/a	n/a
4617.874	0	2308937	standard_tone	sapo_emerge	standard	n/a	n/a	n/a	n/a	n/a
4618.890	0	2309445	distractor_noise	sapo_emerge	distractor	n/a	n/a	n/a	n/a	n/a
4619.906	0	2309953	standard_tone	sapo_emerge	standard	n/a	n/a	n/a	n/a	n/a
4620.920	0	2310460	standard_tone	sapo_emerge	standard	n/a	n/a	n/a	n/a	n/a
4621.936	0	2310968	standard_tone	sapo_emerge	standard	n/a	n/a	n/a	n/a	n/a
4622.952	0	2311476	standard_tone	sapo_emerge	standard	n/a	n/a	n/a	n/a	n/a
4623.952	0	2311976	distractor_noise	sapo_emerge	distractor	n/a	n/a	n/a	n/a	n/a
4624.968	0	2312484	standard_tone	sapo_emerge	standard	n/a	n/a	n/a	n/a	n/a
4625.984	0	2312992	distractor_noise	sapo_emerge	distractor	n/a	n/a	n/a	n/a	n/a
4626.998	0	2313499	oddball_tone	sapo_emerge	oddball	n/a	n/a	n/a	n/a	n/a
4628.014	0	2314007	standard_tone	sapo_emerge	standard	n/a	n/a	n/a	n/a	n/a
4629.032	0	2314516	standard_tone	sapo_emerge	standard	n/a	n/a	n/a	n/a	n/a
4630.046	0	2315023	standard_tone	sapo_emerge	standard	n/a	n/a	n/a	n/a	n/a
4631.062	0	2315531	standard_tone	sapo_emerge	standard	n/a	n/a	n/a	n/a	n/a
4632.078	0	2316039	standard_tone	sapo_emerge	standard	n/a	n/a	n/a	n/a	n/a
4633.094	0	2316547	standard_tone	sapo_emerge	standard	n/a	n/a	n/a	n/a	n/a
4634.110	0	2317055	standard_tone	sapo_emerge	standard	n/a	n/a	n/a	n/a	n/a
4635.126	0	2317563	standard_tone	sapo_emerge	standard	n/a	n/a	n/a	n/a	n/a
4636.142	0	2318071	standard_tone	sapo_emerge	standard	n/a	n/a	n/a	n/a	n/a
4637.158	0	2318579	standard_tone	sapo_emerge	standard	n/a	n/a	n/a	n/a	n/a
4638.174	0	2319087	oddball_tone	sapo_emerge	oddball	n/a	n/a	n/a	n/a	n/a
4639.190	0	2319595	standard_tone	sapo_emerge	standard	n/a	n/a	n/a	n/a	n/a
4640.206	0	2320103	standard_tone	sapo_emerge	standard	n/a	n/a	n/a	n/a	n/a
4641.220	0	2320610	standard_tone	sapo_emerge	standard	n/a	n/a	n/a	n/a	n/a
4642.238	0	2321119	standard_tone	sapo_emerge	standard	n/a	n/a	n/a	n/a	n/a
4643.252	0	2321626	standard_tone	sapo_emerge	standard	n/a	n/a	n/a	n/a	n/a
4644.268	0	2322134	standard_tone	sapo_emerge	standard	n/a	n/a	n/a	n/a	n/a
4645.268	0	2322634	standard_tone	sapo_emerge	standard	n/a	n/a	n/a	n/a	n/a
4646.284	0	2323142	standard_tone	sapo_emerge	standard	n/a	n/a	n/a	n/a	n/a
4647.300	0	2323650	standard_tone	sapo_emerge	standard	n/a	n/a	n/a	n/a	n/a
4648.314	0	2324157	standard_tone	sapo_emerge	standard	n/a	n/a	n/a	n/a	n/a
4649.314	0	2324657	standard_tone	sapo_emerge	standard	n/a	n/a	n/a	n/a	n/a
4650.330	0	2325165	oddball_tone	sapo_emerge	oddball	n/a	n/a	n/a	n/a	n/a
4651.346	0	2325673	standard_tone	sapo_emerge	standard	n/a	n/a	n/a	n/a	n/a
4652.360	0	2326180	distractor_noise	sapo_emerge	distractor	n/a	n/a	n/a	n/a	n/a
4653.360	0	2326680	standard_tone	sapo_emerge	standard	n/a	n/a	n/a	n/a	n/a
4654.376	0	2327188	standard_tone	sapo_emerge	standard	n/a	n/a	n/a	n/a	n/a
4655.392	0	2327696	standard_tone	sapo_emerge	standard	n/a	n/a	n/a	n/a	n/a
4656.408	0	2328204	standard_tone	sapo_emerge	standard	n/a	n/a	n/a	n/a	n/a
4657.424	0	2328712	standard_tone	sapo_emerge	standard	n/a	n/a	n/a	n/a	n/a
4658.440	0	2329220	standard_tone	sapo_emerge	standard	n/a	n/a	n/a	n/a	n/a
4659.456	0	2329728	standard_tone	sapo_emerge	standard	n/a	n/a	n/a	n/a	n/a
4660.472	0	2330236	standard_tone	sapo_emerge	standard	n/a	n/a	n/a	n/a	n/a
4661.486	0	2330743	standard_tone	sapo_emerge	standard	n/a	n/a	n/a	n/a	n/a
4662.502	0	2331251	oddball_tone	sapo_emerge	oddball	n/a	n/a	n/a	n/a	n/a
4663.518	0	2331759	standard_tone	sapo_emerge	standard	n/a	n/a	n/a	n/a	n/a
4664.534	0	2332267	standard_tone	sapo_emerge	standard	n/a	n/a	n/a	n/a	n/a
4665.550	0	2332775	distractor_noise	sapo_emerge	distractor	n/a	n/a	n/a	n/a	n/a
4666.566	0	2333283	standard_tone	sapo_emerge	standard	n/a	n/a	n/a	n/a	n/a
4667.582	0	2333791	standard_tone	sapo_emerge	standard	n/a	n/a	n/a	n/a	n/a
4668.598	0	2334299	standard_tone	sapo_emerge	standard	n/a	n/a	n/a	n/a	n/a
4669.614	0	2334807	standard_tone	sapo_emerge	standard	n/a	n/a	n/a	n/a	n/a
4670.628	0	2335314	standard_tone	sapo_emerge	standard	n/a	n/a	n/a	n/a	n/a
4671.630	0	2335815	standard_tone	sapo_emerge	standard	n/a	n/a	n/a	n/a	n/a
4672.644	0	2336322	standard_tone	sapo_emerge	standard	n/a	n/a	n/a	n/a	n/a
4673.660	0	2336830	standard_tone	sapo_emerge	standard	n/a	n/a	n/a	n/a	n/a
4674.676	0	2337338	standard_tone	sapo_emerge	standard	n/a	n/a	n/a	n/a	n/a
4675.692	0	2337846	standard_tone	sapo_emerge	standard	n/a	n/a	n/a	n/a	n/a
4676.708	0	2338354	standard_tone	sapo_emerge	standard	n/a	n/a	n/a	n/a	n/a
4677.724	0	2338862	standard_tone	sapo_emerge	standard	n/a	n/a	n/a	n/a	n/a
4678.740	0	2339370	distractor_noise	sapo_emerge	distractor	n/a	n/a	n/a	n/a	n/a
4679.756	0	2339878	standard_tone	sapo_emerge	standard	n/a	n/a	n/a	n/a	n/a
4680.772	0	2340386	oddball_tone	sapo_emerge	oddball	n/a	n/a	n/a	n/a	n/a
4681.188	0	2340594	silence_end	sapo_emerge	silence-end	n/a	n/a	n/a	n/a	n/a
4681.190	0	2340595	gong_begin	sapo_emerge	gong-begin	n/a	n/a	n/a	n/a	n/a
4681.788	0	2340894	standard_tone	sapo_emerge	standard	n/a	n/a	n/a	n/a	n/a
4682.802	0	2341401	oddball_tone	sapo_emerge	oddball	n/a	n/a	n/a	n/a	n/a
4683.818	0	2341909	standard_tone	sapo_emerge	standard	n/a	n/a	n/a	n/a	n/a
4684.834	0	2342417	standard_tone	sapo_emerge	standard	n/a	n/a	n/a	n/a	n/a
4685.834	0	2342917	oddball_tone	sapo_emerge	oddball	n/a	n/a	n/a	n/a	n/a
4686.850	0	2343425	standard_tone	sapo_emerge	standard	n/a	n/a	n/a	n/a	n/a
4687.866	0	2343933	standard_tone	sapo_emerge	standard	n/a	n/a	n/a	n/a	n/a
4688.882	0	2344441	standard_tone	sapo_emerge	standard	n/a	n/a	n/a	n/a	n/a
4689.898	0	2344949	standard_tone	sapo_emerge	standard	n/a	n/a	n/a	n/a	n/a
4690.912	0	2345456	standard_tone	sapo_emerge	standard	n/a	n/a	n/a	n/a	n/a
4691.196	0	2345598	gong_end	sapo_emerge	gong-end	n/a	n/a	n/a	n/a	n/a
4691.196	0	2345598	subblock_end	sapo_emerge	subblock-end-duration-129.124	n/a	n/a	n/a	129.124	n/a
4691.198	0	2345599	subblock_begin	sapo_emerge	subblock-begin	n/a	n/a	n/a	n/a	n/a
4691.198	0	2345599	silence_begin	sapo_emerge	silence-begin	n/a	n/a	n/a	n/a	n/a
4691.928	0	2345964	standard_tone	sapo_emerge	standard	n/a	n/a	n/a	n/a	n/a
4692.944	0	2346472	standard_tone	sapo_emerge	standard	n/a	n/a	n/a	n/a	n/a
4693.960	0	2346980	standard_tone	sapo_emerge	standard	n/a	n/a	n/a	n/a	n/a
4694.976	0	2347488	standard_tone	sapo_emerge	standard	n/a	n/a	n/a	n/a	n/a
4695.992	0	2347996	standard_tone	sapo_emerge	standard	n/a	n/a	n/a	n/a	n/a
4697.008	0	2348504	standard_tone	sapo_emerge	standard	n/a	n/a	n/a	n/a	n/a
4698.024	0	2349012	standard_tone	sapo_emerge	standard	n/a	n/a	n/a	n/a	n/a
4699.040	0	2349520	standard_tone	sapo_emerge	standard	n/a	n/a	n/a	n/a	n/a
4700.056	0	2350028	standard_tone	sapo_emerge	standard	n/a	n/a	n/a	n/a	n/a
4701.072	0	2350536	oddball_tone	sapo_emerge	oddball	n/a	n/a	n/a	n/a	n/a
4702.086	0	2351043	standard_tone	sapo_emerge	standard	n/a	n/a	n/a	n/a	n/a
4703.102	0	2351551	standard_tone	sapo_emerge	standard	n/a	n/a	n/a	n/a	n/a
4704.118	0	2352059	standard_tone	sapo_emerge	standard	n/a	n/a	n/a	n/a	n/a
4705.134	0	2352567	standard_tone	sapo_emerge	standard	n/a	n/a	n/a	n/a	n/a
4706.150	0	2353075	standard_tone	sapo_emerge	standard	n/a	n/a	n/a	n/a	n/a
4707.166	0	2353583	oddball_tone	sapo_emerge	oddball	n/a	n/a	n/a	n/a	n/a
4708.182	0	2354091	standard_tone	sapo_emerge	standard	n/a	n/a	n/a	n/a	n/a
4709.198	0	2354599	standard_tone	sapo_emerge	standard	n/a	n/a	n/a	n/a	n/a
4710.214	0	2355107	standard_tone	sapo_emerge	standard	n/a	n/a	n/a	n/a	n/a
4711.230	0	2355615	standard_tone	sapo_emerge	standard	n/a	n/a	n/a	n/a	n/a
4712.246	0	2356123	oddball_tone	sapo_emerge	oddball	n/a	n/a	n/a	n/a	n/a
4713.260	0	2356630	standard_tone	sapo_emerge	standard	n/a	n/a	n/a	n/a	n/a
4714.276	0	2357138	standard_tone	sapo_emerge	standard	n/a	n/a	n/a	n/a	n/a
4715.292	0	2357646	standard_tone	sapo_emerge	standard	n/a	n/a	n/a	n/a	n/a
4716.308	0	2358154	standard_tone	sapo_emerge	standard	n/a	n/a	n/a	n/a	n/a
4717.324	0	2358662	distractor_noise	sapo_emerge	distractor	n/a	n/a	n/a	n/a	n/a
4718.340	0	2359170	standard_tone	sapo_emerge	standard	n/a	n/a	n/a	n/a	n/a
4719.356	0	2359678	standard_tone	sapo_emerge	standard	n/a	n/a	n/a	n/a	n/a
4720.372	0	2360186	distractor_noise	sapo_emerge	distractor	n/a	n/a	n/a	n/a	n/a
4721.388	0	2360694	oddball_tone	sapo_emerge	oddball	n/a	n/a	n/a	n/a	n/a
4722.404	0	2361202	standard_tone	sapo_emerge	standard	n/a	n/a	n/a	n/a	n/a
4723.420	0	2361710	standard_tone	sapo_emerge	standard	n/a	n/a	n/a	n/a	n/a
4724.436	0	2362218	standard_tone	sapo_emerge	standard	n/a	n/a	n/a	n/a	n/a
4725.452	0	2362726	standard_tone	sapo_emerge	standard	n/a	n/a	n/a	n/a	n/a
4726.466	0	2363233	standard_tone	sapo_emerge	standard	n/a	n/a	n/a	n/a	n/a
4727.482	0	2363741	standard_tone	sapo_emerge	standard	n/a	n/a	n/a	n/a	n/a
4728.482	0	2364241	standard_tone	sapo_emerge	standard	n/a	n/a	n/a	n/a	n/a
4729.498	0	2364749	standard_tone	sapo_emerge	standard	n/a	n/a	n/a	n/a	n/a
4730.514	0	2365257	standard_tone	sapo_emerge	standard	n/a	n/a	n/a	n/a	n/a
4731.530	0	2365765	standard_tone	sapo_emerge	standard	n/a	n/a	n/a	n/a	n/a
4732.544	0	2366272	standard_tone	sapo_emerge	standard	n/a	n/a	n/a	n/a	n/a
4733.544	0	2366772	standard_tone	sapo_emerge	standard	n/a	n/a	n/a	n/a	n/a
4734.560	0	2367280	standard_tone	sapo_emerge	standard	n/a	n/a	n/a	n/a	n/a
4735.576	0	2367788	standard_tone	sapo_emerge	standard	n/a	n/a	n/a	n/a	n/a
4736.592	0	2368296	standard_tone	sapo_emerge	standard	n/a	n/a	n/a	n/a	n/a
4737.608	0	2368804	standard_tone	sapo_emerge	standard	n/a	n/a	n/a	n/a	n/a
4738.624	0	2369312	standard_tone	sapo_emerge	standard	n/a	n/a	n/a	n/a	n/a
4739.640	0	2369820	standard_tone	sapo_emerge	standard	n/a	n/a	n/a	n/a	n/a
4740.654	0	2370327	standard_tone	sapo_emerge	standard	n/a	n/a	n/a	n/a	n/a
4741.670	0	2370835	distractor_noise	sapo_emerge	distractor	n/a	n/a	n/a	n/a	n/a
4742.670	0	2371335	standard_tone	sapo_emerge	standard	n/a	n/a	n/a	n/a	n/a
4743.686	0	2371843	standard_tone	sapo_emerge	standard	n/a	n/a	n/a	n/a	n/a
4744.702	0	2372351	standard_tone	sapo_emerge	standard	n/a	n/a	n/a	n/a	n/a
4745.718	0	2372859	standard_tone	sapo_emerge	standard	n/a	n/a	n/a	n/a	n/a
4746.734	0	2373367	standard_tone	sapo_emerge	standard	n/a	n/a	n/a	n/a	n/a
4747.748	0	2373874	standard_tone	sapo_emerge	standard	n/a	n/a	n/a	n/a	n/a
4748.764	0	2374382	standard_tone	sapo_emerge	standard	n/a	n/a	n/a	n/a	n/a
4749.780	0	2374890	standard_tone	sapo_emerge	standard	n/a	n/a	n/a	n/a	n/a
4750.796	0	2375398	standard_tone	sapo_emerge	standard	n/a	n/a	n/a	n/a	n/a
4751.796	0	2375898	standard_tone	sapo_emerge	standard	n/a	n/a	n/a	n/a	n/a
4752.812	0	2376406	standard_tone	sapo_emerge	standard	n/a	n/a	n/a	n/a	n/a
4753.828	0	2376914	standard_tone	sapo_emerge	standard	n/a	n/a	n/a	n/a	n/a
4754.844	0	2377422	standard_tone	sapo_emerge	standard	n/a	n/a	n/a	n/a	n/a
4755.858	0	2377929	standard_tone	sapo_emerge	standard	n/a	n/a	n/a	n/a	n/a
4756.874	0	2378437	standard_tone	sapo_emerge	standard	n/a	n/a	n/a	n/a	n/a
4757.892	0	2378946	standard_tone	sapo_emerge	standard	n/a	n/a	n/a	n/a	n/a
4758.906	0	2379453	standard_tone	sapo_emerge	standard	n/a	n/a	n/a	n/a	n/a
4759.922	0	2379961	standard_tone	sapo_emerge	standard	n/a	n/a	n/a	n/a	n/a
4760.938	0	2380469	standard_tone	sapo_emerge	standard	n/a	n/a	n/a	n/a	n/a
4761.954	0	2380977	standard_tone	sapo_emerge	standard	n/a	n/a	n/a	n/a	n/a
4762.954	0	2381477	standard_tone	sapo_emerge	standard	n/a	n/a	n/a	n/a	n/a
4763.970	0	2381985	standard_tone	sapo_emerge	standard	n/a	n/a	n/a	n/a	n/a
4764.984	0	2382492	standard_tone	sapo_emerge	standard	n/a	n/a	n/a	n/a	n/a
4766.000	0	2383000	standard_tone	sapo_emerge	standard	n/a	n/a	n/a	n/a	n/a
4767.016	0	2383508	standard_tone	sapo_emerge	standard	n/a	n/a	n/a	n/a	n/a
4768.032	0	2384016	standard_tone	sapo_emerge	standard	n/a	n/a	n/a	n/a	n/a
4769.048	0	2384524	standard_tone	sapo_emerge	standard	n/a	n/a	n/a	n/a	n/a
4770.064	0	2385032	standard_tone	sapo_emerge	standard	n/a	n/a	n/a	n/a	n/a
4771.080	0	2385540	standard_tone	sapo_emerge	standard	n/a	n/a	n/a	n/a	n/a
4772.080	0	2386040	standard_tone	sapo_emerge	standard	n/a	n/a	n/a	n/a	n/a
4773.096	0	2386548	oddball_tone	sapo_emerge	oddball	n/a	n/a	n/a	n/a	n/a
4774.110	0	2387055	standard_tone	sapo_emerge	standard	n/a	n/a	n/a	n/a	n/a
4775.126	0	2387563	standard_tone	sapo_emerge	standard	n/a	n/a	n/a	n/a	n/a
4776.142	0	2388071	distractor_noise	sapo_emerge	distractor	n/a	n/a	n/a	n/a	n/a
4777.158	0	2388579	standard_tone	sapo_emerge	standard	n/a	n/a	n/a	n/a	n/a
4778.174	0	2389087	standard_tone	sapo_emerge	standard	n/a	n/a	n/a	n/a	n/a
4779.190	0	2389595	standard_tone	sapo_emerge	standard	n/a	n/a	n/a	n/a	n/a
4780.206	0	2390103	distractor_noise	sapo_emerge	distractor	n/a	n/a	n/a	n/a	n/a
4781.204	0	2390602	standard_tone	sapo_emerge	standard	n/a	n/a	n/a	n/a	n/a
4782.220	0	2391110	standard_tone	sapo_emerge	standard	n/a	n/a	n/a	n/a	n/a
4783.236	0	2391618	standard_tone	sapo_emerge	standard	n/a	n/a	n/a	n/a	n/a
4784.252	0	2392126	distractor_noise	sapo_emerge	distractor	n/a	n/a	n/a	n/a	n/a
4785.268	0	2392634	standard_tone	sapo_emerge	standard	n/a	n/a	n/a	n/a	n/a
4786.284	0	2393142	standard_tone	sapo_emerge	standard	n/a	n/a	n/a	n/a	n/a
4787.300	0	2393650	standard_tone	sapo_emerge	standard	n/a	n/a	n/a	n/a	n/a
4788.316	0	2394158	standard_tone	sapo_emerge	standard	n/a	n/a	n/a	n/a	n/a
4789.332	0	2394666	standard_tone	sapo_emerge	standard	n/a	n/a	n/a	n/a	n/a
4790.346	0	2395173	standard_tone	sapo_emerge	standard	n/a	n/a	n/a	n/a	n/a
4791.346	0	2395673	standard_tone	sapo_emerge	standard	n/a	n/a	n/a	n/a	n/a
4792.362	0	2396181	standard_tone	sapo_emerge	standard	n/a	n/a	n/a	n/a	n/a
4793.362	0	2396681	standard_tone	sapo_emerge	standard	n/a	n/a	n/a	n/a	n/a
4793.678	0	2396839	silence_end	sapo_emerge	silence-end	n/a	n/a	n/a	n/a	n/a
4793.678	0	2396839	gong_begin	sapo_emerge	gong-begin	n/a	n/a	n/a	n/a	n/a
4794.376	0	2397188	standard_tone	sapo_emerge	standard	n/a	n/a	n/a	n/a	n/a
4795.392	0	2397696	standard_tone	sapo_emerge	standard	n/a	n/a	n/a	n/a	n/a
4796.392	0	2398196	standard_tone	sapo_emerge	standard	n/a	n/a	n/a	n/a	n/a
4797.408	0	2398704	standard_tone	sapo_emerge	standard	n/a	n/a	n/a	n/a	n/a
4798.424	0	2399212	standard_tone	sapo_emerge	standard	n/a	n/a	n/a	n/a	n/a
4799.440	0	2399720	oddball_tone	sapo_emerge	oddball	n/a	n/a	n/a	n/a	n/a
4800.456	0	2400228	standard_tone	sapo_emerge	standard	n/a	n/a	n/a	n/a	n/a
4800.506	0	2400253	clicker_press	sapo_emerge	response-received-arrow_up	n/a	n/a	n/a	n/a	arrow_up
4800.524	0	2400262	gong_end	sapo_emerge	gong-end	n/a	n/a	n/a	n/a	n/a
4800.524	0	2400262	report_window_begin	sapo_emerge	emerge-sapo-emerge-begin	n/a	n/a	n/a	n/a	n/a
4800.890	0	2400445	clicker_press	sapo_emerge	response-received-arrow_up	n/a	n/a	n/a	n/a	arrow_up
4801.256	0	2400628	clicker_press	sapo_emerge	response-received-arrow_up	n/a	n/a	n/a	n/a	arrow_up
4804.570	0	2402285	depth_rating	sapo_emerge	rating-sapo-emerge-meditation_depth-3	3	n/a	n/a	n/a	n/a
4806.684	0	2403342	clicker_press	sapo_emerge	response-received-arrow_up	n/a	n/a	n/a	n/a	arrow_up
4806.968	0	2403484	clicker_press	sapo_emerge	response-received-arrow_up	n/a	n/a	n/a	n/a	arrow_up
4807.234	0	2403617	clicker_press	sapo_emerge	response-received-arrow_up	n/a	n/a	n/a	n/a	arrow_up
4807.616	0	2403808	clicker_press	sapo_emerge	response-received-arrow_up	n/a	n/a	n/a	n/a	arrow_up
4808.066	0	2404033	clicker_press	sapo_emerge	response-received-arrow_up	n/a	n/a	n/a	n/a	arrow_up
4814.678	0	2407339	confidence_rating	sapo_emerge	rating-sapo-emerge-confidence_depth-5	n/a	5	n/a	n/a	n/a
4818.124	0	2409062	report_window_end	sapo_emerge	emerge-sapo-emerge-end	n/a	n/a	n/a	n/a	n/a
4818.126	0	2409063	subblock_end	sapo_emerge	subblock-end-duration-126.928	n/a	n/a	n/a	126.928	n/a
4818.126	0	2409063	subblock_begin	sapo_emerge	subblock-begin	n/a	n/a	n/a	n/a	n/a
4818.126	0	2409063	silence_begin	sapo_emerge	silence-begin	n/a	n/a	n/a	n/a	n/a
4818.126	0	2409063	standard_tone	sapo_emerge	standard	n/a	n/a	n/a	n/a	n/a
4819.140	0	2409570	standard_tone	sapo_emerge	standard	n/a	n/a	n/a	n/a	n/a
4820.156	0	2410078	standard_tone	sapo_emerge	standard	n/a	n/a	n/a	n/a	n/a
4821.154	0	2410577	standard_tone	sapo_emerge	standard	n/a	n/a	n/a	n/a	n/a
4822.170	0	2411085	oddball_tone	sapo_emerge	oddball	n/a	n/a	n/a	n/a	n/a
4823.186	0	2411593	standard_tone	sapo_emerge	standard	n/a	n/a	n/a	n/a	n/a
4824.202	0	2412101	standard_tone	sapo_emerge	standard	n/a	n/a	n/a	n/a	n/a
4825.202	0	2412601	standard_tone	sapo_emerge	standard	n/a	n/a	n/a	n/a	n/a
4826.218	0	2413109	standard_tone	sapo_emerge	standard	n/a	n/a	n/a	n/a	n/a
4827.234	0	2413617	standard_tone	sapo_emerge	standard	n/a	n/a	n/a	n/a	n/a
4828.248	0	2414124	standard_tone	sapo_emerge	standard	n/a	n/a	n/a	n/a	n/a
4829.248	0	2414624	standard_tone	sapo_emerge	standard	n/a	n/a	n/a	n/a	n/a
4830.264	0	2415132	standard_tone	sapo_emerge	standard	n/a	n/a	n/a	n/a	n/a
4831.280	0	2415640	standard_tone	sapo_emerge	standard	n/a	n/a	n/a	n/a	n/a
4832.280	0	2416140	standard_tone	sapo_emerge	standard	n/a	n/a	n/a	n/a	n/a
4833.294	0	2416647	oddball_tone	sapo_emerge	oddball	n/a	n/a	n/a	n/a	n/a
4834.310	0	2417155	standard_tone	sapo_emerge	standard	n/a	n/a	n/a	n/a	n/a
4835.326	0	2417663	standard_tone	sapo_emerge	standard	n/a	n/a	n/a	n/a	n/a
4836.342	0	2418171	standard_tone	sapo_emerge	standard	n/a	n/a	n/a	n/a	n/a
4837.342	0	2418671	standard_tone	sapo_emerge	standard	n/a	n/a	n/a	n/a	n/a
4838.358	0	2419179	standard_tone	sapo_emerge	standard	n/a	n/a	n/a	n/a	n/a
4839.374	0	2419687	oddball_tone	sapo_emerge	oddball	n/a	n/a	n/a	n/a	n/a
4840.390	0	2420195	distractor_noise	sapo_emerge	distractor	n/a	n/a	n/a	n/a	n/a
4841.406	0	2420703	standard_tone	sapo_emerge	standard	n/a	n/a	n/a	n/a	n/a
4842.420	0	2421210	distractor_noise	sapo_emerge	distractor	n/a	n/a	n/a	n/a	n/a
4843.436	0	2421718	standard_tone	sapo_emerge	standard	n/a	n/a	n/a	n/a	n/a
4844.452	0	2422226	standard_tone	sapo_emerge	standard	n/a	n/a	n/a	n/a	n/a
4845.468	0	2422734	standard_tone	sapo_emerge	standard	n/a	n/a	n/a	n/a	n/a
4846.484	0	2423242	standard_tone	sapo_emerge	standard	n/a	n/a	n/a	n/a	n/a
4847.500	0	2423750	standard_tone	sapo_emerge	standard	n/a	n/a	n/a	n/a	n/a
4848.516	0	2424258	oddball_tone	sapo_emerge	oddball	n/a	n/a	n/a	n/a	n/a
4849.532	0	2424766	standard_tone	sapo_emerge	standard	n/a	n/a	n/a	n/a	n/a
4850.548	0	2425274	standard_tone	sapo_emerge	standard	n/a	n/a	n/a	n/a	n/a
4851.562	0	2425781	standard_tone	sapo_emerge	standard	n/a	n/a	n/a	n/a	n/a
4852.578	0	2426289	standard_tone	sapo_emerge	standard	n/a	n/a	n/a	n/a	n/a
4853.594	0	2426797	distractor_noise	sapo_emerge	distractor	n/a	n/a	n/a	n/a	n/a
4854.610	0	2427305	standard_tone	sapo_emerge	standard	n/a	n/a	n/a	n/a	n/a
4855.626	0	2427813	standard_tone	sapo_emerge	standard	n/a	n/a	n/a	n/a	n/a
4856.642	0	2428321	standard_tone	sapo_emerge	standard	n/a	n/a	n/a	n/a	n/a
4857.658	0	2428829	standard_tone	sapo_emerge	standard	n/a	n/a	n/a	n/a	n/a
4858.674	0	2429337	standard_tone	sapo_emerge	standard	n/a	n/a	n/a	n/a	n/a
4859.690	0	2429845	standard_tone	sapo_emerge	standard	n/a	n/a	n/a	n/a	n/a
4860.706	0	2430353	standard_tone	sapo_emerge	standard	n/a	n/a	n/a	n/a	n/a
4861.722	0	2430861	standard_tone	sapo_emerge	standard	n/a	n/a	n/a	n/a	n/a
4862.738	0	2431369	standard_tone	sapo_emerge	standard	n/a	n/a	n/a	n/a	n/a
4863.754	0	2431877	distractor_noise	sapo_emerge	distractor	n/a	n/a	n/a	n/a	n/a
4864.768	0	2432384	standard_tone	sapo_emerge	standard	n/a	n/a	n/a	n/a	n/a
4865.786	0	2432893	standard_tone	sapo_emerge	standard	n/a	n/a	n/a	n/a	n/a
4866.800	0	2433400	standard_tone	sapo_emerge	standard	n/a	n/a	n/a	n/a	n/a
4867.816	0	2433908	standard_tone	sapo_emerge	standard	n/a	n/a	n/a	n/a	n/a
4868.832	0	2434416	standard_tone	sapo_emerge	standard	n/a	n/a	n/a	n/a	n/a
4869.848	0	2434924	standard_tone	sapo_emerge	standard	n/a	n/a	n/a	n/a	n/a
4870.864	0	2435432	distractor_noise	sapo_emerge	distractor	n/a	n/a	n/a	n/a	n/a
4871.880	0	2435940	standard_tone	sapo_emerge	standard	n/a	n/a	n/a	n/a	n/a
4872.896	0	2436448	standard_tone	sapo_emerge	standard	n/a	n/a	n/a	n/a	n/a
4873.912	0	2436956	standard_tone	sapo_emerge	standard	n/a	n/a	n/a	n/a	n/a
4874.926	0	2437463	standard_tone	sapo_emerge	standard	n/a	n/a	n/a	n/a	n/a
4875.944	0	2437972	standard_tone	sapo_emerge	standard	n/a	n/a	n/a	n/a	n/a
4876.958	0	2438479	standard_tone	sapo_emerge	standard	n/a	n/a	n/a	n/a	n/a
4877.974	0	2438987	distractor_noise	sapo_emerge	distractor	n/a	n/a	n/a	n/a	n/a
4878.992	0	2439496	standard_tone	sapo_emerge	standard	n/a	n/a	n/a	n/a	n/a
4880.006	0	2440003	standard_tone	sapo_emerge	standard	n/a	n/a	n/a	n/a	n/a
4881.022	0	2440511	oddball_tone	sapo_emerge	oddball	n/a	n/a	n/a	n/a	n/a
4882.038	0	2441019	standard_tone	sapo_emerge	standard	n/a	n/a	n/a	n/a	n/a
4883.054	0	2441527	distractor_noise	sapo_emerge	distractor	n/a	n/a	n/a	n/a	n/a
4884.070	0	2442035	standard_tone	sapo_emerge	standard	n/a	n/a	n/a	n/a	n/a
4885.086	0	2442543	standard_tone	sapo_emerge	standard	n/a	n/a	n/a	n/a	n/a
4886.102	0	2443051	standard_tone	sapo_emerge	standard	n/a	n/a	n/a	n/a	n/a
4887.018	0	2443509	clicker_press	sapo_emerge	response-received-arrow_up	n/a	n/a	n/a	n/a	arrow_up
4887.034	0	2443517	report_window_begin	sapo_emerge	emerge-sapo-emerge-begin	n/a	n/a	n/a	n/a	n/a
4887.418	0	2443709	clicker_press	sapo_emerge	response-received-arrow_up	n/a	n/a	n/a	n/a	arrow_up
4887.866	0	2443933	clicker_press	sapo_emerge	response-received-arrow_up	n/a	n/a	n/a	n/a	arrow_up
4888.250	0	2444125	clicker_press	sapo_emerge	response-received-arrow_up	n/a	n/a	n/a	n/a	arrow_up
4891.048	0	2445524	depth_rating	sapo_emerge	rating-sapo-emerge-meditation_depth-4	4	n/a	n/a	n/a	n/a
4893.312	0	2446656	clicker_press	sapo_emerge	response-received-arrow_up	n/a	n/a	n/a	n/a	arrow_up
4893.614	0	2446807	clicker_press	sapo_emerge	response-received-arrow_up	n/a	n/a	n/a	n/a	arrow_up
4893.880	0	2446940	clicker_press	sapo_emerge	response-received-arrow_up	n/a	n/a	n/a	n/a	arrow_up
4894.178	0	2447089	clicker_press	sapo_emerge	response-received-arrow_up	n/a	n/a	n/a	n/a	arrow_up
4894.528	0	2447264	clicker_press	sapo_emerge	response-received-arrow_up	n/a	n/a	n/a	n/a	arrow_up
4901.158	0	2450579	confidence_rating	sapo_emerge	rating-sapo-emerge-confidence_depth-5	n/a	5	n/a	n/a	n/a
4904.836	0	2452418	report_window_end	sapo_emerge	emerge-sapo-emerge-end	n/a	n/a	n/a	n/a	n/a
4904.836	0	2452418	subblock_begin	sapo_emerge	subblock-begin	n/a	n/a	n/a	n/a	n/a
4904.838	0	2452419	silence_begin	sapo_emerge	silence-begin	n/a	n/a	n/a	n/a	n/a
4904.852	0	2452426	oddball_tone	sapo_emerge	oddball	n/a	n/a	n/a	n/a	n/a
4905.868	0	2452934	standard_tone	sapo_emerge	standard	n/a	n/a	n/a	n/a	n/a
4906.884	0	2453442	standard_tone	sapo_emerge	standard	n/a	n/a	n/a	n/a	n/a
4907.900	0	2453950	standard_tone	sapo_emerge	standard	n/a	n/a	n/a	n/a	n/a
4908.916	0	2454458	oddball_tone	sapo_emerge	oddball	n/a	n/a	n/a	n/a	n/a
4909.932	0	2454966	standard_tone	sapo_emerge	standard	n/a	n/a	n/a	n/a	n/a
4910.948	0	2455474	oddball_tone	sapo_emerge	oddball	n/a	n/a	n/a	n/a	n/a
4911.946	0	2455973	standard_tone	sapo_emerge	standard	n/a	n/a	n/a	n/a	n/a
4912.962	0	2456481	standard_tone	sapo_emerge	standard	n/a	n/a	n/a	n/a	n/a
4913.978	0	2456989	standard_tone	sapo_emerge	standard	n/a	n/a	n/a	n/a	n/a
4914.994	0	2457497	distractor_noise	sapo_emerge	distractor	n/a	n/a	n/a	n/a	n/a
4916.010	0	2458005	standard_tone	sapo_emerge	standard	n/a	n/a	n/a	n/a	n/a
4917.026	0	2458513	oddball_tone	sapo_emerge	oddball	n/a	n/a	n/a	n/a	n/a
4918.042	0	2459021	standard_tone	sapo_emerge	standard	n/a	n/a	n/a	n/a	n/a
4919.056	0	2459528	standard_tone	sapo_emerge	standard	n/a	n/a	n/a	n/a	n/a
4920.074	0	2460037	distractor_noise	sapo_emerge	distractor	n/a	n/a	n/a	n/a	n/a
4921.090	0	2460545	standard_tone	sapo_emerge	standard	n/a	n/a	n/a	n/a	n/a
4922.104	0	2461052	standard_tone	sapo_emerge	standard	n/a	n/a	n/a	n/a	n/a
4923.120	0	2461560	standard_tone	sapo_emerge	standard	n/a	n/a	n/a	n/a	n/a
4924.136	0	2462068	standard_tone	sapo_emerge	standard	n/a	n/a	n/a	n/a	n/a
4925.152	0	2462576	standard_tone	sapo_emerge	standard	n/a	n/a	n/a	n/a	n/a
4926.168	0	2463084	distractor_noise	sapo_emerge	distractor	n/a	n/a	n/a	n/a	n/a
4927.168	0	2463584	standard_tone	sapo_emerge	standard	n/a	n/a	n/a	n/a	n/a
4928.182	0	2464091	standard_tone	sapo_emerge	standard	n/a	n/a	n/a	n/a	n/a
4929.198	0	2464599	standard_tone	sapo_emerge	standard	n/a	n/a	n/a	n/a	n/a
4930.214	0	2465107	oddball_tone	sapo_emerge	oddball	n/a	n/a	n/a	n/a	n/a
4931.230	0	2465615	standard_tone	sapo_emerge	standard	n/a	n/a	n/a	n/a	n/a
4932.246	0	2466123	standard_tone	sapo_emerge	standard	n/a	n/a	n/a	n/a	n/a
4933.262	0	2466631	standard_tone	sapo_emerge	standard	n/a	n/a	n/a	n/a	n/a
4934.278	0	2467139	standard_tone	sapo_emerge	standard	n/a	n/a	n/a	n/a	n/a
4935.294	0	2467647	distractor_noise	sapo_emerge	distractor	n/a	n/a	n/a	n/a	n/a
4936.310	0	2468155	standard_tone	sapo_emerge	standard	n/a	n/a	n/a	n/a	n/a
4937.326	0	2468663	distractor_noise	sapo_emerge	distractor	n/a	n/a	n/a	n/a	n/a
4938.340	0	2469170	standard_tone	sapo_emerge	standard	n/a	n/a	n/a	n/a	n/a
4939.340	0	2469670	oddball_tone	sapo_emerge	oddball	n/a	n/a	n/a	n/a	n/a
4940.356	0	2470178	standard_tone	sapo_emerge	standard	n/a	n/a	n/a	n/a	n/a
4941.372	0	2470686	standard_tone	sapo_emerge	standard	n/a	n/a	n/a	n/a	n/a
4942.388	0	2471194	standard_tone	sapo_emerge	standard	n/a	n/a	n/a	n/a	n/a
4943.404	0	2471702	standard_tone	sapo_emerge	standard	n/a	n/a	n/a	n/a	n/a
4944.420	0	2472210	standard_tone	sapo_emerge	standard	n/a	n/a	n/a	n/a	n/a
4945.436	0	2472718	standard_tone	sapo_emerge	standard	n/a	n/a	n/a	n/a	n/a
4946.452	0	2473226	standard_tone	sapo_emerge	standard	n/a	n/a	n/a	n/a	n/a
4947.468	0	2473734	standard_tone	sapo_emerge	standard	n/a	n/a	n/a	n/a	n/a
4948.482	0	2474241	standard_tone	sapo_emerge	standard	n/a	n/a	n/a	n/a	n/a
4949.482	0	2474741	standard_tone	sapo_emerge	standard	n/a	n/a	n/a	n/a	n/a
4950.498	0	2475249	distractor_noise	sapo_emerge	distractor	n/a	n/a	n/a	n/a	n/a
4951.514	0	2475757	standard_tone	sapo_emerge	standard	n/a	n/a	n/a	n/a	n/a
4952.530	0	2476265	standard_tone	sapo_emerge	standard	n/a	n/a	n/a	n/a	n/a
4953.546	0	2476773	standard_tone	sapo_emerge	standard	n/a	n/a	n/a	n/a	n/a
4954.562	0	2477281	distractor_noise	sapo_emerge	distractor	n/a	n/a	n/a	n/a	n/a
4955.578	0	2477789	standard_tone	sapo_emerge	standard	n/a	n/a	n/a	n/a	n/a
4956.594	0	2478297	distractor_noise	sapo_emerge	distractor	n/a	n/a	n/a	n/a	n/a
4957.608	0	2478804	standard_tone	sapo_emerge	standard	n/a	n/a	n/a	n/a	n/a
4958.624	0	2479312	standard_tone	sapo_emerge	standard	n/a	n/a	n/a	n/a	n/a
4959.640	0	2479820	standard_tone	sapo_emerge	standard	n/a	n/a	n/a	n/a	n/a
4960.656	0	2480328	standard_tone	sapo_emerge	standard	n/a	n/a	n/a	n/a	n/a
4961.672	0	2480836	standard_tone	sapo_emerge	standard	n/a	n/a	n/a	n/a	n/a
4962.688	0	2481344	standard_tone	sapo_emerge	standard	n/a	n/a	n/a	n/a	n/a
4963.704	0	2481852	standard_tone	sapo_emerge	standard	n/a	n/a	n/a	n/a	n/a
4964.720	0	2482360	standard_tone	sapo_emerge	standard	n/a	n/a	n/a	n/a	n/a
4965.736	0	2482868	distractor_noise	sapo_emerge	distractor	n/a	n/a	n/a	n/a	n/a
4966.752	0	2483376	standard_tone	sapo_emerge	standard	n/a	n/a	n/a	n/a	n/a
4967.766	0	2483883	oddball_tone	sapo_emerge	oddball	n/a	n/a	n/a	n/a	n/a
4968.782	0	2484391	standard_tone	sapo_emerge	standard	n/a	n/a	n/a	n/a	n/a
4969.798	0	2484899	distractor_noise	sapo_emerge	distractor	n/a	n/a	n/a	n/a	n/a
4970.798	0	2485399	standard_tone	sapo_emerge	standard	n/a	n/a	n/a	n/a	n/a
4971.814	0	2485907	standard_tone	sapo_emerge	standard	n/a	n/a	n/a	n/a	n/a
4972.812	0	2486406	standard_tone	sapo_emerge	standard	n/a	n/a	n/a	n/a	n/a
4973.840	0	2486920	distractor_noise	sapo_emerge	distractor	n/a	n/a	n/a	n/a	n/a
4974.844	0	2487422	oddball_tone	sapo_emerge	oddball	n/a	n/a	n/a	n/a	n/a
4975.844	0	2487922	standard_tone	sapo_emerge	standard	n/a	n/a	n/a	n/a	n/a
4976.860	0	2488430	standard_tone	sapo_emerge	standard	n/a	n/a	n/a	n/a	n/a
4977.874	0	2488937	standard_tone	sapo_emerge	standard	n/a	n/a	n/a	n/a	n/a
4978.890	0	2489445	standard_tone	sapo_emerge	standard	n/a	n/a	n/a	n/a	n/a
4979.908	0	2489954	standard_tone	sapo_emerge	standard	n/a	n/a	n/a	n/a	n/a
4980.922	0	2490461	standard_tone	sapo_emerge	standard	n/a	n/a	n/a	n/a	n/a
4981.938	0	2490969	standard_tone	sapo_emerge	standard	n/a	n/a	n/a	n/a	n/a
4982.938	0	2491469	standard_tone	sapo_emerge	standard	n/a	n/a	n/a	n/a	n/a
4983.954	0	2491977	standard_tone	sapo_emerge	standard	n/a	n/a	n/a	n/a	n/a
4984.970	0	2492485	distractor_noise	sapo_emerge	distractor	n/a	n/a	n/a	n/a	n/a
4985.968	0	2492984	standard_tone	sapo_emerge	standard	n/a	n/a	n/a	n/a	n/a
4986.984	0	2493492	standard_tone	sapo_emerge	standard	n/a	n/a	n/a	n/a	n/a
4988.000	0	2494000	standard_tone	sapo_emerge	standard	n/a	n/a	n/a	n/a	n/a
4989.016	0	2494508	distractor_noise	sapo_emerge	distractor	n/a	n/a	n/a	n/a	n/a
4990.032	0	2495016	standard_tone	sapo_emerge	standard	n/a	n/a	n/a	n/a	n/a
4991.048	0	2495524	standard_tone	sapo_emerge	standard	n/a	n/a	n/a	n/a	n/a
4992.064	0	2496032	standard_tone	sapo_emerge	standard	n/a	n/a	n/a	n/a	n/a
4993.080	0	2496540	standard_tone	sapo_emerge	standard	n/a	n/a	n/a	n/a	n/a
4994.094	0	2497047	standard_tone	sapo_emerge	standard	n/a	n/a	n/a	n/a	n/a
4995.112	0	2497556	standard_tone	sapo_emerge	standard	n/a	n/a	n/a	n/a	n/a
4996.126	0	2498063	oddball_tone	sapo_emerge	oddball	n/a	n/a	n/a	n/a	n/a
4997.126	0	2498563	standard_tone	sapo_emerge	standard	n/a	n/a	n/a	n/a	n/a
4998.142	0	2499071	standard_tone	sapo_emerge	standard	n/a	n/a	n/a	n/a	n/a
4999.158	0	2499579	standard_tone	sapo_emerge	standard	n/a	n/a	n/a	n/a	n/a
5000.174	0	2500087	standard_tone	sapo_emerge	standard	n/a	n/a	n/a	n/a	n/a
5001.190	0	2500595	standard_tone	sapo_emerge	standard	n/a	n/a	n/a	n/a	n/a
5002.204	0	2501102	oddball_tone	sapo_emerge	oddball	n/a	n/a	n/a	n/a	n/a
5003.220	0	2501610	distractor_noise	sapo_emerge	distractor	n/a	n/a	n/a	n/a	n/a
5004.236	0	2502118	standard_tone	sapo_emerge	standard	n/a	n/a	n/a	n/a	n/a
5005.236	0	2502618	standard_tone	sapo_emerge	standard	n/a	n/a	n/a	n/a	n/a
5006.252	0	2503126	standard_tone	sapo_emerge	standard	n/a	n/a	n/a	n/a	n/a
5007.268	0	2503634	standard_tone	sapo_emerge	standard	n/a	n/a	n/a	n/a	n/a
5008.284	0	2504142	oddball_tone	sapo_emerge	oddball	n/a	n/a	n/a	n/a	n/a
5009.298	0	2504649	standard_tone	sapo_emerge	standard	n/a	n/a	n/a	n/a	n/a
5010.314	0	2505157	standard_tone	sapo_emerge	standard	n/a	n/a	n/a	n/a	n/a
5011.330	0	2505665	standard_tone	sapo_emerge	standard	n/a	n/a	n/a	n/a	n/a
5012.346	0	2506173	standard_tone	sapo_emerge	standard	n/a	n/a	n/a	n/a	n/a
5013.364	0	2506682	standard_tone	sapo_emerge	standard	n/a	n/a	n/a	n/a	n/a
5014.378	0	2507189	standard_tone	sapo_emerge	standard	n/a	n/a	n/a	n/a	n/a
5015.394	0	2507697	distractor_noise	sapo_emerge	distractor	n/a	n/a	n/a	n/a	n/a
5016.410	0	2508205	standard_tone	sapo_emerge	standard	n/a	n/a	n/a	n/a	n/a
5017.410	0	2508705	silence_end	sapo_emerge	silence-end	n/a	n/a	n/a	n/a	n/a
5017.410	0	2508705	standard_tone	sapo_emerge	standard	n/a	n/a	n/a	n/a	n/a
5017.676	0	2508838	gong_begin	sapo_emerge	gong-begin	n/a	n/a	n/a	n/a	n/a
5018.424	0	2509212	standard_tone	sapo_emerge	standard	n/a	n/a	n/a	n/a	n/a
5019.440	0	2509720	oddball_tone	sapo_emerge	oddball	n/a	n/a	n/a	n/a	n/a
5020.458	0	2510229	standard_tone	sapo_emerge	standard	n/a	n/a	n/a	n/a	n/a
5021.472	0	2510736	standard_tone	sapo_emerge	standard	n/a	n/a	n/a	n/a	n/a
5022.472	0	2511236	standard_tone	sapo_emerge	standard	n/a	n/a	n/a	n/a	n/a
5023.488	0	2511744	standard_tone	sapo_emerge	standard	n/a	n/a	n/a	n/a	n/a
5024.504	0	2512252	standard_tone	sapo_emerge	standard	n/a	n/a	n/a	n/a	n/a
5025.520	0	2512760	distractor_noise	sapo_emerge	distractor	n/a	n/a	n/a	n/a	n/a
5026.536	0	2513268	standard_tone	sapo_emerge	standard	n/a	n/a	n/a	n/a	n/a
5027.468	0	2513734	gong_end	sapo_emerge	gong-end	n/a	n/a	n/a	n/a	n/a
5027.468	0	2513734	subblock_end	sapo_emerge	subblock-end-duration-122.633	n/a	n/a	n/a	122.633	n/a
5027.470	0	2513735	subblock_begin	sapo_emerge	subblock-begin	n/a	n/a	n/a	n/a	n/a
5027.470	0	2513735	silence_begin	sapo_emerge	silence-begin	n/a	n/a	n/a	n/a	n/a
5027.552	0	2513776	standard_tone	sapo_emerge	standard	n/a	n/a	n/a	n/a	n/a
5028.566	0	2514283	oddball_tone	sapo_emerge	oddball	n/a	n/a	n/a	n/a	n/a
5029.582	0	2514791	standard_tone	sapo_emerge	standard	n/a	n/a	n/a	n/a	n/a
5030.598	0	2515299	standard_tone	sapo_emerge	standard	n/a	n/a	n/a	n/a	n/a
5031.614	0	2515807	standard_tone	sapo_emerge	standard	n/a	n/a	n/a	n/a	n/a
5032.614	0	2516307	standard_tone	sapo_emerge	standard	n/a	n/a	n/a	n/a	n/a
5033.630	0	2516815	oddball_tone	sapo_emerge	oddball	n/a	n/a	n/a	n/a	n/a
5034.644	0	2517322	distractor_noise	sapo_emerge	distractor	n/a	n/a	n/a	n/a	n/a
5035.660	0	2517830	standard_tone	sapo_emerge	standard	n/a	n/a	n/a	n/a	n/a
5036.676	0	2518338	standard_tone	sapo_emerge	standard	n/a	n/a	n/a	n/a	n/a
5037.692	0	2518846	standard_tone	sapo_emerge	standard	n/a	n/a	n/a	n/a	n/a
5038.708	0	2519354	standard_tone	sapo_emerge	standard	n/a	n/a	n/a	n/a	n/a
5039.724	0	2519862	oddball_tone	sapo_emerge	oddball	n/a	n/a	n/a	n/a	n/a
5040.740	0	2520370	standard_tone	sapo_emerge	standard	n/a	n/a	n/a	n/a	n/a
5041.756	0	2520878	standard_tone	sapo_emerge	standard	n/a	n/a	n/a	n/a	n/a
5042.772	0	2521386	standard_tone	sapo_emerge	standard	n/a	n/a	n/a	n/a	n/a
5043.788	0	2521894	standard_tone	sapo_emerge	standard	n/a	n/a	n/a	n/a	n/a
5044.802	0	2522401	standard_tone	sapo_emerge	standard	n/a	n/a	n/a	n/a	n/a
5045.818	0	2522909	standard_tone	sapo_emerge	standard	n/a	n/a	n/a	n/a	n/a
5046.834	0	2523417	oddball_tone	sapo_emerge	oddball	n/a	n/a	n/a	n/a	n/a
5047.850	0	2523925	standard_tone	sapo_emerge	standard	n/a	n/a	n/a	n/a	n/a
5048.850	0	2524425	standard_tone	sapo_emerge	standard	n/a	n/a	n/a	n/a	n/a
5049.866	0	2524933	standard_tone	sapo_emerge	standard	n/a	n/a	n/a	n/a	n/a
5050.866	0	2525433	standard_tone	sapo_emerge	standard	n/a	n/a	n/a	n/a	n/a
5051.880	0	2525940	standard_tone	sapo_emerge	standard	n/a	n/a	n/a	n/a	n/a
5052.896	0	2526448	oddball_tone	sapo_emerge	oddball	n/a	n/a	n/a	n/a	n/a
5053.680	0	2526840	clicker_press	sapo_emerge	response-received-arrow_up	n/a	n/a	n/a	n/a	arrow_up
5053.698	0	2526849	report_window_begin	sapo_emerge	emerge-sapo-emerge-begin	n/a	n/a	n/a	n/a	n/a
5054.146	0	2527073	clicker_press	sapo_emerge	response-received-arrow_up	n/a	n/a	n/a	n/a	arrow_up
5055.028	0	2527514	clicker_press	sapo_emerge	response-received-arrow_up	n/a	n/a	n/a	n/a	arrow_up
5057.826	0	2528913	depth_rating	sapo_emerge	rating-sapo-emerge-meditation_depth-3	3	n/a	n/a	n/a	n/a
5062.972	0	2531486	clicker_press	sapo_emerge	response-received-arrow_up	n/a	n/a	n/a	n/a	arrow_up
5063.454	0	2531727	clicker_press	sapo_emerge	response-received-arrow_up	n/a	n/a	n/a	n/a	arrow_up
5063.888	0	2531944	clicker_press	sapo_emerge	response-received-arrow_up	n/a	n/a	n/a	n/a	arrow_up
5064.220	0	2532110	clicker_press	sapo_emerge	response-received-arrow_up	n/a	n/a	n/a	n/a	arrow_up
5064.738	0	2532369	clicker_press	sapo_emerge	response-received-arrow_up	n/a	n/a	n/a	n/a	arrow_up
5067.868	0	2533934	confidence_rating	sapo_emerge	rating-sapo-emerge-confidence_depth-5	n/a	5	n/a	n/a	n/a
5071.298	0	2535649	report_window_end	sapo_emerge	emerge-sapo-emerge-end	n/a	n/a	n/a	n/a	n/a
5071.298	0	2535649	subblock_begin	sapo_emerge	subblock-begin	n/a	n/a	n/a	n/a	n/a
5071.300	0	2535650	silence_begin	sapo_emerge	silence-begin	n/a	n/a	n/a	n/a	n/a
5071.300	0	2535650	standard_tone	sapo_emerge	standard	n/a	n/a	n/a	n/a	n/a
5072.314	0	2536157	oddball_tone	sapo_emerge	oddball	n/a	n/a	n/a	n/a	n/a
5073.330	0	2536665	standard_tone	sapo_emerge	standard	n/a	n/a	n/a	n/a	n/a
5074.346	0	2537173	standard_tone	sapo_emerge	standard	n/a	n/a	n/a	n/a	n/a
5075.362	0	2537681	standard_tone	sapo_emerge	standard	n/a	n/a	n/a	n/a	n/a
5076.376	0	2538188	standard_tone	sapo_emerge	standard	n/a	n/a	n/a	n/a	n/a
5077.392	0	2538696	distractor_noise	sapo_emerge	distractor	n/a	n/a	n/a	n/a	n/a
5078.408	0	2539204	standard_tone	sapo_emerge	standard	n/a	n/a	n/a	n/a	n/a
5079.424	0	2539712	distractor_noise	sapo_emerge	distractor	n/a	n/a	n/a	n/a	n/a
5080.440	0	2540220	standard_tone	sapo_emerge	standard	n/a	n/a	n/a	n/a	n/a
5081.456	0	2540728	standard_tone	sapo_emerge	standard	n/a	n/a	n/a	n/a	n/a
5082.472	0	2541236	standard_tone	sapo_emerge	standard	n/a	n/a	n/a	n/a	n/a
5083.488	0	2541744	standard_tone	sapo_emerge	standard	n/a	n/a	n/a	n/a	n/a
5084.504	0	2542252	oddball_tone	sapo_emerge	oddball	n/a	n/a	n/a	n/a	n/a
5085.520	0	2542760	standard_tone	sapo_emerge	standard	n/a	n/a	n/a	n/a	n/a
5086.534	0	2543267	oddball_tone	sapo_emerge	oddball	n/a	n/a	n/a	n/a	n/a
5087.550	0	2543775	standard_tone	sapo_emerge	standard	n/a	n/a	n/a	n/a	n/a
5088.566	0	2544283	standard_tone	sapo_emerge	standard	n/a	n/a	n/a	n/a	n/a
5089.582	0	2544791	standard_tone	sapo_emerge	standard	n/a	n/a	n/a	n/a	n/a
5090.598	0	2545299	oddball_tone	sapo_emerge	oddball	n/a	n/a	n/a	n/a	n/a
5091.614	0	2545807	standard_tone	sapo_emerge	standard	n/a	n/a	n/a	n/a	n/a
5092.614	0	2546307	standard_tone	sapo_emerge	standard	n/a	n/a	n/a	n/a	n/a
5093.630	0	2546815	standard_tone	sapo_emerge	standard	n/a	n/a	n/a	n/a	n/a
5094.644	0	2547322	standard_tone	sapo_emerge	standard	n/a	n/a	n/a	n/a	n/a
5095.660	0	2547830	standard_tone	sapo_emerge	standard	n/a	n/a	n/a	n/a	n/a
5096.676	0	2548338	distractor_noise	sapo_emerge	distractor	n/a	n/a	n/a	n/a	n/a
5097.692	0	2548846	standard_tone	sapo_emerge	standard	n/a	n/a	n/a	n/a	n/a
5098.692	0	2549346	standard_tone	sapo_emerge	standard	n/a	n/a	n/a	n/a	n/a
5099.708	0	2549854	standard_tone	sapo_emerge	standard	n/a	n/a	n/a	n/a	n/a
5100.706	0	2550353	standard_tone	sapo_emerge	standard	n/a	n/a	n/a	n/a	n/a
5101.722	0	2550861	standard_tone	sapo_emerge	standard	n/a	n/a	n/a	n/a	n/a
5102.738	0	2551369	standard_tone	sapo_emerge	standard	n/a	n/a	n/a	n/a	n/a
5103.754	0	2551877	standard_tone	sapo_emerge	standard	n/a	n/a	n/a	n/a	n/a
5104.770	0	2552385	standard_tone	sapo_emerge	standard	n/a	n/a	n/a	n/a	n/a
5105.784	0	2552892	distractor_noise	sapo_emerge	distractor	n/a	n/a	n/a	n/a	n/a
5106.786	0	2553393	standard_tone	sapo_emerge	standard	n/a	n/a	n/a	n/a	n/a
5107.802	0	2553901	standard_tone	sapo_emerge	standard	n/a	n/a	n/a	n/a	n/a
5108.816	0	2554408	standard_tone	sapo_emerge	standard	n/a	n/a	n/a	n/a	n/a
5109.832	0	2554916	standard_tone	sapo_emerge	standard	n/a	n/a	n/a	n/a	n/a
5110.848	0	2555424	distractor_noise	sapo_emerge	distractor	n/a	n/a	n/a	n/a	n/a
5111.864	0	2555932	standard_tone	sapo_emerge	standard	n/a	n/a	n/a	n/a	n/a
5112.864	0	2556432	oddball_tone	sapo_emerge	oddball	n/a	n/a	n/a	n/a	n/a
5113.880	0	2556940	standard_tone	sapo_emerge	standard	n/a	n/a	n/a	n/a	n/a
5114.894	0	2557447	oddball_tone	sapo_emerge	oddball	n/a	n/a	n/a	n/a	n/a
5115.912	0	2557956	standard_tone	sapo_emerge	standard	n/a	n/a	n/a	n/a	n/a
5116.926	0	2558463	standard_tone	sapo_emerge	standard	n/a	n/a	n/a	n/a	n/a
5117.942	0	2558971	standard_tone	sapo_emerge	standard	n/a	n/a	n/a	n/a	n/a
5118.958	0	2559479	standard_tone	sapo_emerge	standard	n/a	n/a	n/a	n/a	n/a
5119.974	0	2559987	standard_tone	sapo_emerge	standard	n/a	n/a	n/a	n/a	n/a
5120.990	0	2560495	standard_tone	sapo_emerge	standard	n/a	n/a	n/a	n/a	n/a
5122.008	0	2561004	standard_tone	sapo_emerge	standard	n/a	n/a	n/a	n/a	n/a
5123.022	0	2561511	oddball_tone	sapo_emerge	oddball	n/a	n/a	n/a	n/a	n/a
5124.038	0	2562019	distractor_noise	sapo_emerge	distractor	n/a	n/a	n/a	n/a	n/a
5125.036	0	2562518	standard_tone	sapo_emerge	standard	n/a	n/a	n/a	n/a	n/a
5126.052	0	2563026	oddball_tone	sapo_emerge	oddball	n/a	n/a	n/a	n/a	n/a
5127.068	0	2563534	standard_tone	sapo_emerge	standard	n/a	n/a	n/a	n/a	n/a
5128.068	0	2564034	standard_tone	sapo_emerge	standard	n/a	n/a	n/a	n/a	n/a
5129.084	0	2564542	standard_tone	sapo_emerge	standard	n/a	n/a	n/a	n/a	n/a
5130.100	0	2565050	standard_tone	sapo_emerge	standard	n/a	n/a	n/a	n/a	n/a
5131.114	0	2565557	standard_tone	sapo_emerge	standard	n/a	n/a	n/a	n/a	n/a
5132.132	0	2566066	standard_tone	sapo_emerge	standard	n/a	n/a	n/a	n/a	n/a
5133.146	0	2566573	standard_tone	sapo_emerge	standard	n/a	n/a	n/a	n/a	n/a
5134.162	0	2567081	standard_tone	sapo_emerge	standard	n/a	n/a	n/a	n/a	n/a
5135.178	0	2567589	standard_tone	sapo_emerge	standard	n/a	n/a	n/a	n/a	n/a
5136.194	0	2568097	standard_tone	sapo_emerge	standard	n/a	n/a	n/a	n/a	n/a
5137.210	0	2568605	standard_tone	sapo_emerge	standard	n/a	n/a	n/a	n/a	n/a
5138.210	0	2569105	standard_tone	sapo_emerge	standard	n/a	n/a	n/a	n/a	n/a
5139.224	0	2569612	standard_tone	sapo_emerge	standard	n/a	n/a	n/a	n/a	n/a
5140.240	0	2570120	standard_tone	sapo_emerge	standard	n/a	n/a	n/a	n/a	n/a
5141.256	0	2570628	oddball_tone	sapo_emerge	oddball	n/a	n/a	n/a	n/a	n/a
5142.272	0	2571136	standard_tone	sapo_emerge	standard	n/a	n/a	n/a	n/a	n/a
5143.288	0	2571644	standard_tone	sapo_emerge	standard	n/a	n/a	n/a	n/a	n/a
5144.304	0	2572152	standard_tone	sapo_emerge	standard	n/a	n/a	n/a	n/a	n/a
5145.320	0	2572660	standard_tone	sapo_emerge	standard	n/a	n/a	n/a	n/a	n/a
5146.336	0	2573168	standard_tone	sapo_emerge	standard	n/a	n/a	n/a	n/a	n/a
5147.352	0	2573676	standard_tone	sapo_emerge	standard	n/a	n/a	n/a	n/a	n/a
5148.368	0	2574184	distractor_noise	sapo_emerge	distractor	n/a	n/a	n/a	n/a	n/a
5149.384	0	2574692	standard_tone	sapo_emerge	standard	n/a	n/a	n/a	n/a	n/a
5150.398	0	2575199	standard_tone	sapo_emerge	standard	n/a	n/a	n/a	n/a	n/a
5151.414	0	2575707	standard_tone	sapo_emerge	standard	n/a	n/a	n/a	n/a	n/a
5152.430	0	2576215	standard_tone	sapo_emerge	standard	n/a	n/a	n/a	n/a	n/a
5153.446	0	2576723	standard_tone	sapo_emerge	standard	n/a	n/a	n/a	n/a	n/a
5154.462	0	2577231	oddball_tone	sapo_emerge	oddball	n/a	n/a	n/a	n/a	n/a
5155.478	0	2577739	distractor_noise	sapo_emerge	distractor	n/a	n/a	n/a	n/a	n/a
5156.494	0	2578247	standard_tone	sapo_emerge	standard	n/a	n/a	n/a	n/a	n/a
5157.492	0	2578746	standard_tone	sapo_emerge	standard	n/a	n/a	n/a	n/a	n/a
5158.510	0	2579255	standard_tone	sapo_emerge	standard	n/a	n/a	n/a	n/a	n/a
5159.524	0	2579762	standard_tone	sapo_emerge	standard	n/a	n/a	n/a	n/a	n/a
5160.540	0	2580270	distractor_noise	sapo_emerge	distractor	n/a	n/a	n/a	n/a	n/a
5161.556	0	2580778	oddball_tone	sapo_emerge	oddball	n/a	n/a	n/a	n/a	n/a
5162.572	0	2581286	standard_tone	sapo_emerge	standard	n/a	n/a	n/a	n/a	n/a
5163.588	0	2581794	oddball_tone	sapo_emerge	oddball	n/a	n/a	n/a	n/a	n/a
5164.604	0	2582302	standard_tone	sapo_emerge	standard	n/a	n/a	n/a	n/a	n/a
5165.620	0	2582810	standard_tone	sapo_emerge	standard	n/a	n/a	n/a	n/a	n/a
5166.636	0	2583318	standard_tone	sapo_emerge	standard	n/a	n/a	n/a	n/a	n/a
5167.652	0	2583826	standard_tone	sapo_emerge	standard	n/a	n/a	n/a	n/a	n/a
5168.668	0	2584334	distractor_noise	sapo_emerge	distractor	n/a	n/a	n/a	n/a	n/a
5169.684	0	2584842	standard_tone	sapo_emerge	standard	n/a	n/a	n/a	n/a	n/a
5170.698	0	2585349	standard_tone	sapo_emerge	standard	n/a	n/a	n/a	n/a	n/a
5171.714	0	2585857	standard_tone	sapo_emerge	standard	n/a	n/a	n/a	n/a	n/a
5172.730	0	2586365	standard_tone	sapo_emerge	standard	n/a	n/a	n/a	n/a	n/a
5173.746	0	2586873	standard_tone	sapo_emerge	standard	n/a	n/a	n/a	n/a	n/a
5174.762	0	2587381	standard_tone	sapo_emerge	standard	n/a	n/a	n/a	n/a	n/a
5175.778	0	2587889	oddball_tone	sapo_emerge	oddball	n/a	n/a	n/a	n/a	n/a
5176.794	0	2588397	standard_tone	sapo_emerge	standard	n/a	n/a	n/a	n/a	n/a
5177.810	0	2588905	standard_tone	sapo_emerge	standard	n/a	n/a	n/a	n/a	n/a
5178.824	0	2589412	standard_tone	sapo_emerge	standard	n/a	n/a	n/a	n/a	n/a
5179.842	0	2589921	standard_tone	sapo_emerge	standard	n/a	n/a	n/a	n/a	n/a
5180.858	0	2590429	distractor_noise	sapo_emerge	distractor	n/a	n/a	n/a	n/a	n/a
5181.872	0	2590936	standard_tone	sapo_emerge	standard	n/a	n/a	n/a	n/a	n/a
5182.888	0	2591444	standard_tone	sapo_emerge	standard	n/a	n/a	n/a	n/a	n/a
5183.904	0	2591952	standard_tone	sapo_emerge	standard	n/a	n/a	n/a	n/a	n/a
5184.920	0	2592460	standard_tone	sapo_emerge	standard	n/a	n/a	n/a	n/a	n/a
5185.936	0	2592968	standard_tone	sapo_emerge	standard	n/a	n/a	n/a	n/a	n/a
5186.952	0	2593476	standard_tone	sapo_emerge	standard	n/a	n/a	n/a	n/a	n/a
5187.968	0	2593984	standard_tone	sapo_emerge	standard	n/a	n/a	n/a	n/a	n/a
5188.984	0	2594492	standard_tone	sapo_emerge	standard	n/a	n/a	n/a	n/a	n/a
5189.866	0	2594933	silence_end	sapo_emerge	silence-end	n/a	n/a	n/a	n/a	n/a
5189.868	0	2594934	gong_begin	sapo_emerge	gong-begin	n/a	n/a	n/a	n/a	n/a
5189.998	0	2594999	standard_tone	sapo_emerge	standard	n/a	n/a	n/a	n/a	n/a
5191.004	0	2595502	standard_tone	sapo_emerge	standard	n/a	n/a	n/a	n/a	n/a
5192.020	0	2596010	standard_tone	sapo_emerge	standard	n/a	n/a	n/a	n/a	n/a
5193.036	0	2596518	standard_tone	sapo_emerge	standard	n/a	n/a	n/a	n/a	n/a
5194.046	0	2597023	standard_tone	sapo_emerge	standard	n/a	n/a	n/a	n/a	n/a
5195.062	0	2597531	standard_tone	sapo_emerge	standard	n/a	n/a	n/a	n/a	n/a
5196.078	0	2598039	standard_tone	sapo_emerge	standard	n/a	n/a	n/a	n/a	n/a
5197.094	0	2598547	oddball_tone	sapo_emerge	oddball	n/a	n/a	n/a	n/a	n/a
5198.110	0	2599055	standard_tone	sapo_emerge	standard	n/a	n/a	n/a	n/a	n/a
5199.126	0	2599563	standard_tone	sapo_emerge	standard	n/a	n/a	n/a	n/a	n/a
5199.892	0	2599946	gong_end	sapo_emerge	gong-end	n/a	n/a	n/a	n/a	n/a
5199.892	0	2599946	subblock_end	sapo_emerge	subblock-end-duration-128.594	n/a	n/a	n/a	128.594	n/a
5199.892	0	2599946	subblock_begin	sapo_emerge	subblock-begin	n/a	n/a	n/a	n/a	n/a
5199.892	0	2599946	silence_begin	sapo_emerge	silence-begin	n/a	n/a	n/a	n/a	n/a
5200.142	0	2600071	standard_tone	sapo_emerge	standard	n/a	n/a	n/a	n/a	n/a
5201.156	0	2600578	distractor_noise	sapo_emerge	distractor	n/a	n/a	n/a	n/a	n/a
5202.174	0	2601087	standard_tone	sapo_emerge	standard	n/a	n/a	n/a	n/a	n/a
5203.188	0	2601594	standard_tone	sapo_emerge	standard	n/a	n/a	n/a	n/a	n/a
5204.204	0	2602102	distractor_noise	sapo_emerge	distractor	n/a	n/a	n/a	n/a	n/a
5205.220	0	2602610	standard_tone	sapo_emerge	standard	n/a	n/a	n/a	n/a	n/a
5206.220	0	2603110	standard_tone	sapo_emerge	standard	n/a	n/a	n/a	n/a	n/a
5207.236	0	2603618	standard_tone	sapo_emerge	standard	n/a	n/a	n/a	n/a	n/a
5208.250	0	2604125	standard_tone	sapo_emerge	standard	n/a	n/a	n/a	n/a	n/a
5209.266	0	2604633	standard_tone	sapo_emerge	standard	n/a	n/a	n/a	n/a	n/a
5210.282	0	2605141	distractor_noise	sapo_emerge	distractor	n/a	n/a	n/a	n/a	n/a
5211.298	0	2605649	standard_tone	sapo_emerge	standard	n/a	n/a	n/a	n/a	n/a
5212.314	0	2606157	standard_tone	sapo_emerge	standard	n/a	n/a	n/a	n/a	n/a
5213.330	0	2606665	standard_tone	sapo_emerge	standard	n/a	n/a	n/a	n/a	n/a
5214.346	0	2607173	standard_tone	sapo_emerge	standard	n/a	n/a	n/a	n/a	n/a
5215.346	0	2607673	standard_tone	sapo_emerge	standard	n/a	n/a	n/a	n/a	n/a
5216.360	0	2608180	standard_tone	sapo_emerge	standard	n/a	n/a	n/a	n/a	n/a
5217.376	0	2608688	standard_tone	sapo_emerge	standard	n/a	n/a	n/a	n/a	n/a
5218.392	0	2609196	oddball_tone	sapo_emerge	oddball	n/a	n/a	n/a	n/a	n/a
5219.408	0	2609704	distractor_noise	sapo_emerge	distractor	n/a	n/a	n/a	n/a	n/a
5220.424	0	2610212	standard_tone	sapo_emerge	standard	n/a	n/a	n/a	n/a	n/a
5221.440	0	2610720	standard_tone	sapo_emerge	standard	n/a	n/a	n/a	n/a	n/a
5222.456	0	2611228	standard_tone	sapo_emerge	standard	n/a	n/a	n/a	n/a	n/a
5223.472	0	2611736	standard_tone	sapo_emerge	standard	n/a	n/a	n/a	n/a	n/a
5224.488	0	2612244	standard_tone	sapo_emerge	standard	n/a	n/a	n/a	n/a	n/a
5225.504	0	2612752	standard_tone	sapo_emerge	standard	n/a	n/a	n/a	n/a	n/a
5226.520	0	2613260	oddball_tone	sapo_emerge	oddball	n/a	n/a	n/a	n/a	n/a
5227.534	0	2613767	distractor_noise	sapo_emerge	distractor	n/a	n/a	n/a	n/a	n/a
5228.534	0	2614267	standard_tone	sapo_emerge	standard	n/a	n/a	n/a	n/a	n/a
5229.550	0	2614775	standard_tone	sapo_emerge	standard	n/a	n/a	n/a	n/a	n/a
5230.566	0	2615283	standard_tone	sapo_emerge	standard	n/a	n/a	n/a	n/a	n/a
5231.582	0	2615791	distractor_noise	sapo_emerge	distractor	n/a	n/a	n/a	n/a	n/a
5232.600	0	2616300	standard_tone	sapo_emerge	standard	n/a	n/a	n/a	n/a	n/a
5233.614	0	2616807	standard_tone	sapo_emerge	standard	n/a	n/a	n/a	n/a	n/a
5234.628	0	2617314	standard_tone	sapo_emerge	standard	n/a	n/a	n/a	n/a	n/a
5235.644	0	2617822	standard_tone	sapo_emerge	standard	n/a	n/a	n/a	n/a	n/a
5236.660	0	2618330	standard_tone	sapo_emerge	standard	n/a	n/a	n/a	n/a	n/a
5237.676	0	2618838	standard_tone	sapo_emerge	standard	n/a	n/a	n/a	n/a	n/a
5238.692	0	2619346	oddball_tone	sapo_emerge	oddball	n/a	n/a	n/a	n/a	n/a
5239.708	0	2619854	standard_tone	sapo_emerge	standard	n/a	n/a	n/a	n/a	n/a
5240.724	0	2620362	standard_tone	sapo_emerge	standard	n/a	n/a	n/a	n/a	n/a
5241.740	0	2620870	standard_tone	sapo_emerge	standard	n/a	n/a	n/a	n/a	n/a
5242.756	0	2621378	standard_tone	sapo_emerge	standard	n/a	n/a	n/a	n/a	n/a
5243.772	0	2621886	standard_tone	sapo_emerge	standard	n/a	n/a	n/a	n/a	n/a
5244.788	0	2622394	distractor_noise	sapo_emerge	distractor	n/a	n/a	n/a	n/a	n/a
5245.804	0	2622902	standard_tone	sapo_emerge	standard	n/a	n/a	n/a	n/a	n/a
5246.820	0	2623410	distractor_noise	sapo_emerge	distractor	n/a	n/a	n/a	n/a	n/a
5247.818	0	2623909	standard_tone	sapo_emerge	standard	n/a	n/a	n/a	n/a	n/a
5248.834	0	2624417	standard_tone	sapo_emerge	standard	n/a	n/a	n/a	n/a	n/a
5249.850	0	2624925	standard_tone	sapo_emerge	standard	n/a	n/a	n/a	n/a	n/a
5250.866	0	2625433	oddball_tone	sapo_emerge	oddball	n/a	n/a	n/a	n/a	n/a
5251.882	0	2625941	distractor_noise	sapo_emerge	distractor	n/a	n/a	n/a	n/a	n/a
5252.898	0	2626449	oddball_tone	sapo_emerge	oddball	n/a	n/a	n/a	n/a	n/a
5253.914	0	2626957	standard_tone	sapo_emerge	standard	n/a	n/a	n/a	n/a	n/a
5254.930	0	2627465	oddball_tone	sapo_emerge	oddball	n/a	n/a	n/a	n/a	n/a
5255.946	0	2627973	standard_tone	sapo_emerge	standard	n/a	n/a	n/a	n/a	n/a
5256.960	0	2628480	distractor_noise	sapo_emerge	distractor	n/a	n/a	n/a	n/a	n/a
5257.976	0	2628988	standard_tone	sapo_emerge	standard	n/a	n/a	n/a	n/a	n/a
5258.992	0	2629496	standard_tone	sapo_emerge	standard	n/a	n/a	n/a	n/a	n/a
5259.992	0	2629996	distractor_noise	sapo_emerge	distractor	n/a	n/a	n/a	n/a	n/a
5261.008	0	2630504	standard_tone	sapo_emerge	standard	n/a	n/a	n/a	n/a	n/a
5262.024	0	2631012	distractor_noise	sapo_emerge	distractor	n/a	n/a	n/a	n/a	n/a
5263.040	0	2631520	oddball_tone	sapo_emerge	oddball	n/a	n/a	n/a	n/a	n/a
5264.054	0	2632027	standard_tone	sapo_emerge	standard	n/a	n/a	n/a	n/a	n/a
5265.070	0	2632535	standard_tone	sapo_emerge	standard	n/a	n/a	n/a	n/a	n/a
5266.086	0	2633043	oddball_tone	sapo_emerge	oddball	n/a	n/a	n/a	n/a	n/a
5267.102	0	2633551	distractor_noise	sapo_emerge	distractor	n/a	n/a	n/a	n/a	n/a
5268.118	0	2634059	standard_tone	sapo_emerge	standard	n/a	n/a	n/a	n/a	n/a
5269.134	0	2634567	standard_tone	sapo_emerge	standard	n/a	n/a	n/a	n/a	n/a
5270.150	0	2635075	standard_tone	sapo_emerge	standard	n/a	n/a	n/a	n/a	n/a
5271.166	0	2635583	distractor_noise	sapo_emerge	distractor	n/a	n/a	n/a	n/a	n/a
5272.182	0	2636091	standard_tone	sapo_emerge	standard	n/a	n/a	n/a	n/a	n/a
5273.198	0	2636599	distractor_noise	sapo_emerge	distractor	n/a	n/a	n/a	n/a	n/a
5274.214	0	2637107	oddball_tone	sapo_emerge	oddball	n/a	n/a	n/a	n/a	n/a
5275.230	0	2637615	standard_tone	sapo_emerge	standard	n/a	n/a	n/a	n/a	n/a
5276.246	0	2638123	standard_tone	sapo_emerge	standard	n/a	n/a	n/a	n/a	n/a
5277.260	0	2638630	distractor_noise	sapo_emerge	distractor	n/a	n/a	n/a	n/a	n/a
5278.276	0	2639138	standard_tone	sapo_emerge	standard	n/a	n/a	n/a	n/a	n/a
5279.292	0	2639646	standard_tone	sapo_emerge	standard	n/a	n/a	n/a	n/a	n/a
5280.308	0	2640154	standard_tone	sapo_emerge	standard	n/a	n/a	n/a	n/a	n/a
5281.324	0	2640662	oddball_tone	sapo_emerge	oddball	n/a	n/a	n/a	n/a	n/a
5282.322	0	2641161	distractor_noise	sapo_emerge	distractor	n/a	n/a	n/a	n/a	n/a
5283.340	0	2641670	standard_tone	sapo_emerge	standard	n/a	n/a	n/a	n/a	n/a
5284.354	0	2642177	standard_tone	sapo_emerge	standard	n/a	n/a	n/a	n/a	n/a
5285.404	0	2642702	standard_tone	sapo_emerge	standard	n/a	n/a	n/a	n/a	n/a
5286.420	0	2643210	standard_tone	sapo_emerge	standard	n/a	n/a	n/a	n/a	n/a
5287.434	0	2643717	oddball_tone	sapo_emerge	oddball	n/a	n/a	n/a	n/a	n/a
5288.436	0	2644218	standard_tone	sapo_emerge	standard	n/a	n/a	n/a	n/a	n/a
5289.450	0	2644725	distractor_noise	sapo_emerge	distractor	n/a	n/a	n/a	n/a	n/a
5290.466	0	2645233	standard_tone	sapo_emerge	standard	n/a	n/a	n/a	n/a	n/a
5291.466	0	2645733	standard_tone	sapo_emerge	standard	n/a	n/a	n/a	n/a	n/a
5292.482	0	2646241	standard_tone	sapo_emerge	standard	n/a	n/a	n/a	n/a	n/a
5293.498	0	2646749	standard_tone	sapo_emerge	standard	n/a	n/a	n/a	n/a	n/a
5294.512	0	2647256	standard_tone	sapo_emerge	standard	n/a	n/a	n/a	n/a	n/a
5295.528	0	2647764	oddball_tone	sapo_emerge	oddball	n/a	n/a	n/a	n/a	n/a
5296.528	0	2648264	standard_tone	sapo_emerge	standard	n/a	n/a	n/a	n/a	n/a
5297.544	0	2648772	distractor_noise	sapo_emerge	distractor	n/a	n/a	n/a	n/a	n/a
5298.544	0	2649272	standard_tone	sapo_emerge	standard	n/a	n/a	n/a	n/a	n/a
5299.558	0	2649779	standard_tone	sapo_emerge	standard	n/a	n/a	n/a	n/a	n/a
5300.558	0	2650279	standard_tone	sapo_emerge	standard	n/a	n/a	n/a	n/a	n/a
5301.574	0	2650787	standard_tone	sapo_emerge	standard	n/a	n/a	n/a	n/a	n/a
5302.590	0	2651295	standard_tone	sapo_emerge	standard	n/a	n/a	n/a	n/a	n/a
5303.606	0	2651803	standard_tone	sapo_emerge	standard	n/a	n/a	n/a	n/a	n/a
5304.622	0	2652311	distractor_noise	sapo_emerge	distractor	n/a	n/a	n/a	n/a	n/a
5305.636	0	2652818	standard_tone	sapo_emerge	standard	n/a	n/a	n/a	n/a	n/a
5306.636	0	2653318	standard_tone	sapo_emerge	standard	n/a	n/a	n/a	n/a	n/a
5307.652	0	2653826	standard_tone	sapo_emerge	standard	n/a	n/a	n/a	n/a	n/a
5308.668	0	2654334	oddball_tone	sapo_emerge	oddball	n/a	n/a	n/a	n/a	n/a
5309.684	0	2654842	standard_tone	sapo_emerge	standard	n/a	n/a	n/a	n/a	n/a
5310.700	0	2655350	oddball_tone	sapo_emerge	oddball	n/a	n/a	n/a	n/a	n/a
5311.716	0	2655858	standard_tone	sapo_emerge	standard	n/a	n/a	n/a	n/a	n/a
5312.732	0	2656366	standard_tone	sapo_emerge	standard	n/a	n/a	n/a	n/a	n/a
5313.582	0	2656791	silence_end	sapo_emerge	silence-end	n/a	n/a	n/a	n/a	n/a
5313.582	0	2656791	gong_begin	sapo_emerge	gong-begin	n/a	n/a	n/a	n/a	n/a
5313.746	0	2656873	standard_tone	sapo_emerge	standard	n/a	n/a	n/a	n/a	n/a
5314.762	0	2657381	standard_tone	sapo_emerge	standard	n/a	n/a	n/a	n/a	n/a
5315.778	0	2657889	standard_tone	sapo_emerge	standard	n/a	n/a	n/a	n/a	n/a
5316.778	0	2658389	distractor_noise	sapo_emerge	distractor	n/a	n/a	n/a	n/a	n/a
5317.794	0	2658897	standard_tone	sapo_emerge	standard	n/a	n/a	n/a	n/a	n/a
5318.112	0	2659056	clicker_press	sapo_emerge	response-received-arrow_up	n/a	n/a	n/a	n/a	arrow_up
5318.128	0	2659064	gong_end	sapo_emerge	gong-end	n/a	n/a	n/a	n/a	n/a
5318.130	0	2659065	report_window_begin	sapo_emerge	emerge-sapo-emerge-begin	n/a	n/a	n/a	n/a	n/a
5318.726	0	2659363	clicker_press	sapo_emerge	response-received-arrow_up	n/a	n/a	n/a	n/a	arrow_up
5319.194	0	2659597	clicker_press	sapo_emerge	response-received-arrow_up	n/a	n/a	n/a	n/a	arrow_up
5322.140	0	2661070	depth_rating	sapo_emerge	rating-sapo-emerge-meditation_depth-3	3	n/a	n/a	n/a	n/a
5328.136	0	2664068	clicker_press	sapo_emerge	response-received-arrow_up	n/a	n/a	n/a	n/a	arrow_up
5328.468	0	2664234	clicker_press	sapo_emerge	response-received-arrow_up	n/a	n/a	n/a	n/a	arrow_up
5328.786	0	2664393	clicker_press	sapo_emerge	response-received-arrow_up	n/a	n/a	n/a	n/a	arrow_up
5329.102	0	2664551	clicker_press	sapo_emerge	response-received-arrow_up	n/a	n/a	n/a	n/a	arrow_up
5329.602	0	2664801	clicker_press	sapo_emerge	response-received-arrow_up	n/a	n/a	n/a	n/a	arrow_up
5332.266	0	2666133	confidence_rating	sapo_emerge	rating-sapo-emerge-confidence_depth-5	n/a	5	n/a	n/a	n/a
5335.730	0	2667865	report_window_end	sapo_emerge	emerge-sapo-emerge-end	n/a	n/a	n/a	n/a	n/a
5335.730	0	2667865	subblock_end	sapo_emerge	subblock-end-duration-135.837	n/a	n/a	n/a	135.837	n/a
5335.730	0	2667865	subblock_begin	sapo_emerge	subblock-begin	n/a	n/a	n/a	n/a	n/a
5335.730	0	2667865	silence_begin	sapo_emerge	silence-begin	n/a	n/a	n/a	n/a	n/a
5335.730	0	2667865	standard_tone	sapo_emerge	standard	n/a	n/a	n/a	n/a	n/a
5336.744	0	2668372	standard_tone	sapo_emerge	standard	n/a	n/a	n/a	n/a	n/a
5337.760	0	2668880	distractor_noise	sapo_emerge	distractor	n/a	n/a	n/a	n/a	n/a
5338.776	0	2669388	standard_tone	sapo_emerge	standard	n/a	n/a	n/a	n/a	n/a
5339.792	0	2669896	standard_tone	sapo_emerge	standard	n/a	n/a	n/a	n/a	n/a
5340.808	0	2670404	standard_tone	sapo_emerge	standard	n/a	n/a	n/a	n/a	n/a
5341.824	0	2670912	distractor_noise	sapo_emerge	distractor	n/a	n/a	n/a	n/a	n/a
5342.840	0	2671420	standard_tone	sapo_emerge	standard	n/a	n/a	n/a	n/a	n/a
5343.856	0	2671928	standard_tone	sapo_emerge	standard	n/a	n/a	n/a	n/a	n/a
5344.872	0	2672436	standard_tone	sapo_emerge	standard	n/a	n/a	n/a	n/a	n/a
5345.888	0	2672944	standard_tone	sapo_emerge	standard	n/a	n/a	n/a	n/a	n/a
5346.902	0	2673451	standard_tone	sapo_emerge	standard	n/a	n/a	n/a	n/a	n/a
5347.902	0	2673951	standard_tone	sapo_emerge	standard	n/a	n/a	n/a	n/a	n/a
5348.918	0	2674459	standard_tone	sapo_emerge	standard	n/a	n/a	n/a	n/a	n/a
5349.916	0	2674958	standard_tone	sapo_emerge	standard	n/a	n/a	n/a	n/a	n/a
5350.932	0	2675466	standard_tone	sapo_emerge	standard	n/a	n/a	n/a	n/a	n/a
5351.948	0	2675974	oddball_tone	sapo_emerge	oddball	n/a	n/a	n/a	n/a	n/a
5352.964	0	2676482	distractor_noise	sapo_emerge	distractor	n/a	n/a	n/a	n/a	n/a
5353.980	0	2676990	standard_tone	sapo_emerge	standard	n/a	n/a	n/a	n/a	n/a
5354.996	0	2677498	standard_tone	sapo_emerge	standard	n/a	n/a	n/a	n/a	n/a
5356.012	0	2678006	distractor_noise	sapo_emerge	distractor	n/a	n/a	n/a	n/a	n/a
5357.028	0	2678514	standard_tone	sapo_emerge	standard	n/a	n/a	n/a	n/a	n/a
5358.044	0	2679022	standard_tone	sapo_emerge	standard	n/a	n/a	n/a	n/a	n/a
5359.060	0	2679530	standard_tone	sapo_emerge	standard	n/a	n/a	n/a	n/a	n/a
5360.076	0	2680038	oddball_tone	sapo_emerge	oddball	n/a	n/a	n/a	n/a	n/a
5361.092	0	2680546	standard_tone	sapo_emerge	standard	n/a	n/a	n/a	n/a	n/a
5362.106	0	2681053	standard_tone	sapo_emerge	standard	n/a	n/a	n/a	n/a	n/a
5363.122	0	2681561	standard_tone	sapo_emerge	standard	n/a	n/a	n/a	n/a	n/a
5364.138	0	2682069	standard_tone	sapo_emerge	standard	n/a	n/a	n/a	n/a	n/a
5365.154	0	2682577	distractor_noise	sapo_emerge	distractor	n/a	n/a	n/a	n/a	n/a
5366.170	0	2683085	oddball_tone	sapo_emerge	oddball	n/a	n/a	n/a	n/a	n/a
5367.186	0	2683593	distractor_noise	sapo_emerge	distractor	n/a	n/a	n/a	n/a	n/a
5368.202	0	2684101	standard_tone	sapo_emerge	standard	n/a	n/a	n/a	n/a	n/a
5369.218	0	2684609	standard_tone	sapo_emerge	standard	n/a	n/a	n/a	n/a	n/a
5370.234	0	2685117	standard_tone	sapo_emerge	standard	n/a	n/a	n/a	n/a	n/a
5371.250	0	2685625	standard_tone	sapo_emerge	standard	n/a	n/a	n/a	n/a	n/a
5372.264	0	2686132	distractor_noise	sapo_emerge	distractor	n/a	n/a	n/a	n/a	n/a
5373.280	0	2686640	standard_tone	sapo_emerge	standard	n/a	n/a	n/a	n/a	n/a
5374.296	0	2687148	standard_tone	sapo_emerge	standard	n/a	n/a	n/a	n/a	n/a
5375.312	0	2687656	distractor_noise	sapo_emerge	distractor	n/a	n/a	n/a	n/a	n/a
5376.328	0	2688164	standard_tone	sapo_emerge	standard	n/a	n/a	n/a	n/a	n/a
5377.346	0	2688673	standard_tone	sapo_emerge	standard	n/a	n/a	n/a	n/a	n/a
5378.360	0	2689180	standard_tone	sapo_emerge	standard	n/a	n/a	n/a	n/a	n/a
5379.376	0	2689688	standard_tone	sapo_emerge	standard	n/a	n/a	n/a	n/a	n/a
5380.392	0	2690196	oddball_tone	sapo_emerge	oddball	n/a	n/a	n/a	n/a	n/a
5381.408	0	2690704	standard_tone	sapo_emerge	standard	n/a	n/a	n/a	n/a	n/a
5382.424	0	2691212	standard_tone	sapo_emerge	standard	n/a	n/a	n/a	n/a	n/a
5383.440	0	2691720	standard_tone	sapo_emerge	standard	n/a	n/a	n/a	n/a	n/a
5384.454	0	2692227	standard_tone	sapo_emerge	standard	n/a	n/a	n/a	n/a	n/a
5385.470	0	2692735	standard_tone	sapo_emerge	standard	n/a	n/a	n/a	n/a	n/a
5386.470	0	2693235	standard_tone	sapo_emerge	standard	n/a	n/a	n/a	n/a	n/a
5387.486	0	2693743	standard_tone	sapo_emerge	standard	n/a	n/a	n/a	n/a	n/a
5388.502	0	2694251	standard_tone	sapo_emerge	standard	n/a	n/a	n/a	n/a	n/a
5389.518	0	2694759	standard_tone	sapo_emerge	standard	n/a	n/a	n/a	n/a	n/a
5390.534	0	2695267	standard_tone	sapo_emerge	standard	n/a	n/a	n/a	n/a	n/a
5391.550	0	2695775	standard_tone	sapo_emerge	standard	n/a	n/a	n/a	n/a	n/a
5392.566	0	2696283	standard_tone	sapo_emerge	standard	n/a	n/a	n/a	n/a	n/a
5393.566	0	2696783	oddball_tone	sapo_emerge	oddball	n/a	n/a	n/a	n/a	n/a
5394.580	0	2697290	standard_tone	sapo_emerge	standard	n/a	n/a	n/a	n/a	n/a
5395.596	0	2697798	standard_tone	sapo_emerge	standard	n/a	n/a	n/a	n/a	n/a
5396.612	0	2698306	oddball_tone	sapo_emerge	oddball	n/a	n/a	n/a	n/a	n/a
5397.628	0	2698814	standard_tone	sapo_emerge	standard	n/a	n/a	n/a	n/a	n/a
5398.626	0	2699313	standard_tone	sapo_emerge	standard	n/a	n/a	n/a	n/a	n/a
5399.642	0	2699821	standard_tone	sapo_emerge	standard	n/a	n/a	n/a	n/a	n/a
5400.658	0	2700329	standard_tone	sapo_emerge	standard	n/a	n/a	n/a	n/a	n/a
5401.674	0	2700837	distractor_noise	sapo_emerge	distractor	n/a	n/a	n/a	n/a	n/a
5402.690	0	2701345	standard_tone	sapo_emerge	standard	n/a	n/a	n/a	n/a	n/a
5403.706	0	2701853	standard_tone	sapo_emerge	standard	n/a	n/a	n/a	n/a	n/a
5404.706	0	2702353	standard_tone	sapo_emerge	standard	n/a	n/a	n/a	n/a	n/a
5405.722	0	2702861	standard_tone	sapo_emerge	standard	n/a	n/a	n/a	n/a	n/a
5406.736	0	2703368	standard_tone	sapo_emerge	standard	n/a	n/a	n/a	n/a	n/a
5407.752	0	2703876	standard_tone	sapo_emerge	standard	n/a	n/a	n/a	n/a	n/a
5408.768	0	2704384	standard_tone	sapo_emerge	standard	n/a	n/a	n/a	n/a	n/a
5409.784	0	2704892	standard_tone	sapo_emerge	standard	n/a	n/a	n/a	n/a	n/a
5410.784	0	2705392	standard_tone	sapo_emerge	standard	n/a	n/a	n/a	n/a	n/a
5411.798	0	2705899	distractor_noise	sapo_emerge	distractor	n/a	n/a	n/a	n/a	n/a
5412.814	0	2706407	standard_tone	sapo_emerge	standard	n/a	n/a	n/a	n/a	n/a
5413.830	0	2706915	standard_tone	sapo_emerge	standard	n/a	n/a	n/a	n/a	n/a
5414.848	0	2707424	standard_tone	sapo_emerge	standard	n/a	n/a	n/a	n/a	n/a
5415.862	0	2707931	oddball_tone	sapo_emerge	oddball	n/a	n/a	n/a	n/a	n/a
5416.878	0	2708439	standard_tone	sapo_emerge	standard	n/a	n/a	n/a	n/a	n/a
5417.894	0	2708947	standard_tone	sapo_emerge	standard	n/a	n/a	n/a	n/a	n/a
5418.910	0	2709455	standard_tone	sapo_emerge	standard	n/a	n/a	n/a	n/a	n/a
5419.926	0	2709963	standard_tone	sapo_emerge	standard	n/a	n/a	n/a	n/a	n/a
5420.942	0	2710471	standard_tone	sapo_emerge	standard	n/a	n/a	n/a	n/a	n/a
5421.958	0	2710979	standard_tone	sapo_emerge	standard	n/a	n/a	n/a	n/a	n/a
5422.972	0	2711486	standard_tone	sapo_emerge	standard	n/a	n/a	n/a	n/a	n/a
5423.990	0	2711995	distractor_noise	sapo_emerge	distractor	n/a	n/a	n/a	n/a	n/a
5424.988	0	2712494	standard_tone	sapo_emerge	standard	n/a	n/a	n/a	n/a	n/a
5426.004	0	2713002	standard_tone	sapo_emerge	standard	n/a	n/a	n/a	n/a	n/a
5427.020	0	2713510	standard_tone	sapo_emerge	standard	n/a	n/a	n/a	n/a	n/a
5428.036	0	2714018	standard_tone	sapo_emerge	standard	n/a	n/a	n/a	n/a	n/a
5429.052	0	2714526	distractor_noise	sapo_emerge	distractor	n/a	n/a	n/a	n/a	n/a
5430.066	0	2715033	standard_tone	sapo_emerge	standard	n/a	n/a	n/a	n/a	n/a
5431.066	0	2715533	distractor_noise	sapo_emerge	distractor	n/a	n/a	n/a	n/a	n/a
5432.082	0	2716041	standard_tone	sapo_emerge	standard	n/a	n/a	n/a	n/a	n/a
5433.098	0	2716549	standard_tone	sapo_emerge	standard	n/a	n/a	n/a	n/a	n/a
5434.112	0	2717056	standard_tone	sapo_emerge	standard	n/a	n/a	n/a	n/a	n/a
5435.114	0	2717557	standard_tone	sapo_emerge	standard	n/a	n/a	n/a	n/a	n/a
5436.130	0	2718065	distractor_noise	sapo_emerge	distractor	n/a	n/a	n/a	n/a	n/a
5437.144	0	2718572	standard_tone	sapo_emerge	standard	n/a	n/a	n/a	n/a	n/a
5438.144	0	2719072	standard_tone	sapo_emerge	standard	n/a	n/a	n/a	n/a	n/a
5439.158	0	2719579	standard_tone	sapo_emerge	standard	n/a	n/a	n/a	n/a	n/a
5440.176	0	2720088	standard_tone	sapo_emerge	standard	n/a	n/a	n/a	n/a	n/a
5441.192	0	2720596	standard_tone	sapo_emerge	standard	n/a	n/a	n/a	n/a	n/a
5442.208	0	2721104	standard_tone	sapo_emerge	standard	n/a	n/a	n/a	n/a	n/a
5443.224	0	2721612	standard_tone	sapo_emerge	standard	n/a	n/a	n/a	n/a	n/a
5444.240	0	2722120	standard_tone	sapo_emerge	standard	n/a	n/a	n/a	n/a	n/a
5445.254	0	2722627	distractor_noise	sapo_emerge	distractor	n/a	n/a	n/a	n/a	n/a
5446.264	0	2723132	standard_tone	sapo_emerge	standard	n/a	n/a	n/a	n/a	n/a
5447.270	0	2723635	oddball_tone	sapo_emerge	oddball	n/a	n/a	n/a	n/a	n/a
5448.286	0	2724143	standard_tone	sapo_emerge	standard	n/a	n/a	n/a	n/a	n/a
5449.302	0	2724651	standard_tone	sapo_emerge	standard	n/a	n/a	n/a	n/a	n/a
5450.318	0	2725159	standard_tone	sapo_emerge	standard	n/a	n/a	n/a	n/a	n/a
5451.332	0	2725666	standard_tone	sapo_emerge	standard	n/a	n/a	n/a	n/a	n/a
5452.348	0	2726174	standard_tone	sapo_emerge	standard	n/a	n/a	n/a	n/a	n/a
5453.364	0	2726682	standard_tone	sapo_emerge	standard	n/a	n/a	n/a	n/a	n/a
5454.380	0	2727190	oddball_tone	sapo_emerge	oddball	n/a	n/a	n/a	n/a	n/a
5454.598	0	2727299	silence_end	sapo_emerge	silence-end	n/a	n/a	n/a	n/a	n/a
5454.646	0	2727323	gong_begin	sapo_emerge	gong-begin	n/a	n/a	n/a	n/a	n/a
5455.396	0	2727698	standard_tone	sapo_emerge	standard	n/a	n/a	n/a	n/a	n/a
5456.412	0	2728206	oddball_tone	sapo_emerge	oddball	n/a	n/a	n/a	n/a	n/a
5457.428	0	2728714	standard_tone	sapo_emerge	standard	n/a	n/a	n/a	n/a	n/a
5458.428	0	2729214	oddball_tone	sapo_emerge	oddball	n/a	n/a	n/a	n/a	n/a
5459.442	0	2729721	standard_tone	sapo_emerge	standard	n/a	n/a	n/a	n/a	n/a
5460.458	0	2730229	standard_tone	sapo_emerge	standard	n/a	n/a	n/a	n/a	n/a
5461.476	0	2730738	oddball_tone	sapo_emerge	oddball	n/a	n/a	n/a	n/a	n/a
5462.490	0	2731245	standard_tone	sapo_emerge	standard	n/a	n/a	n/a	n/a	n/a
5463.506	0	2731753	distractor_noise	sapo_emerge	distractor	n/a	n/a	n/a	n/a	n/a
5464.522	0	2732261	standard_tone	sapo_emerge	standard	n/a	n/a	n/a	n/a	n/a
5464.672	0	2732336	gong_end	sapo_emerge	gong-end	n/a	n/a	n/a	n/a	n/a
5464.672	0	2732336	subblock_end	sapo_emerge	subblock-end-duration-128.942	n/a	n/a	n/a	128.942	n/a
5464.672	0	2732336	subblock_begin	sapo_emerge	subblock-begin	n/a	n/a	n/a	n/a	n/a
5464.672	0	2732336	silence_begin	sapo_emerge	silence-begin	n/a	n/a	n/a	n/a	n/a
5465.538	0	2732769	standard_tone	sapo_emerge	standard	n/a	n/a	n/a	n/a	n/a
5466.538	0	2733269	standard_tone	sapo_emerge	standard	n/a	n/a	n/a	n/a	n/a
5467.552	0	2733776	standard_tone	sapo_emerge	standard	n/a	n/a	n/a	n/a	n/a
5468.568	0	2734284	standard_tone	sapo_emerge	standard	n/a	n/a	n/a	n/a	n/a
5469.584	0	2734792	standard_tone	sapo_emerge	standard	n/a	n/a	n/a	n/a	n/a
5470.600	0	2735300	standard_tone	sapo_emerge	standard	n/a	n/a	n/a	n/a	n/a
5471.616	0	2735808	standard_tone	sapo_emerge	standard	n/a	n/a	n/a	n/a	n/a
5472.632	0	2736316	standard_tone	sapo_emerge	standard	n/a	n/a	n/a	n/a	n/a
5473.648	0	2736824	distractor_noise	sapo_emerge	distractor	n/a	n/a	n/a	n/a	n/a
5474.664	0	2737332	standard_tone	sapo_emerge	standard	n/a	n/a	n/a	n/a	n/a
5475.680	0	2737840	standard_tone	sapo_emerge	standard	n/a	n/a	n/a	n/a	n/a
5476.696	0	2738348	standard_tone	sapo_emerge	standard	n/a	n/a	n/a	n/a	n/a
5476.746	0	2738373	clicker_press	sapo_emerge	response-received-arrow_up	n/a	n/a	n/a	n/a	arrow_up
5476.812	0	2738406	report_window_begin	sapo_emerge	emerge-sapo-emerge-begin	n/a	n/a	n/a	n/a	n/a
5480.858	0	2740429	depth_rating	sapo_emerge	rating-sapo-emerge-meditation_depth-1	1	n/a	n/a	n/a	n/a
5483.142	0	2741571	clicker_press	sapo_emerge	response-received-arrow_up	n/a	n/a	n/a	n/a	arrow_up
5483.540	0	2741770	clicker_press	sapo_emerge	response-received-arrow_up	n/a	n/a	n/a	n/a	arrow_up
5483.874	0	2741937	clicker_press	sapo_emerge	response-received-arrow_up	n/a	n/a	n/a	n/a	arrow_up
5484.206	0	2742103	clicker_press	sapo_emerge	response-received-arrow_up	n/a	n/a	n/a	n/a	arrow_up
5484.806	0	2742403	clicker_press	sapo_emerge	response-received-arrow_up	n/a	n/a	n/a	n/a	arrow_up
5491.000	0	2745500	confidence_rating	sapo_emerge	rating-sapo-emerge-confidence_depth-5	n/a	5	n/a	n/a	n/a
5494.464	0	2747232	report_window_end	sapo_emerge	emerge-sapo-emerge-end	n/a	n/a	n/a	n/a	n/a
5494.466	0	2747233	subblock_begin	sapo_emerge	subblock-begin	n/a	n/a	n/a	n/a	n/a
5494.466	0	2747233	silence_begin	sapo_emerge	silence-begin	n/a	n/a	n/a	n/a	n/a
5494.480	0	2747240	standard_tone	sapo_emerge	standard	n/a	n/a	n/a	n/a	n/a
5495.496	0	2747748	standard_tone	sapo_emerge	standard	n/a	n/a	n/a	n/a	n/a
5496.512	0	2748256	standard_tone	sapo_emerge	standard	n/a	n/a	n/a	n/a	n/a
5497.528	0	2748764	standard_tone	sapo_emerge	standard	n/a	n/a	n/a	n/a	n/a
5498.544	0	2749272	standard_tone	sapo_emerge	standard	n/a	n/a	n/a	n/a	n/a
5499.560	0	2749780	standard_tone	sapo_emerge	standard	n/a	n/a	n/a	n/a	n/a
5500.576	0	2750288	oddball_tone	sapo_emerge	oddball	n/a	n/a	n/a	n/a	n/a
5501.574	0	2750787	standard_tone	sapo_emerge	standard	n/a	n/a	n/a	n/a	n/a
5502.590	0	2751295	oddball_tone	sapo_emerge	oddball	n/a	n/a	n/a	n/a	n/a
5503.606	0	2751803	standard_tone	sapo_emerge	standard	n/a	n/a	n/a	n/a	n/a
5504.622	0	2752311	standard_tone	sapo_emerge	standard	n/a	n/a	n/a	n/a	n/a
5505.638	0	2752819	distractor_noise	sapo_emerge	distractor	n/a	n/a	n/a	n/a	n/a
5506.654	0	2753327	standard_tone	sapo_emerge	standard	n/a	n/a	n/a	n/a	n/a
5507.654	0	2753827	standard_tone	sapo_emerge	standard	n/a	n/a	n/a	n/a	n/a
5508.668	0	2754334	standard_tone	sapo_emerge	standard	n/a	n/a	n/a	n/a	n/a
5509.686	0	2754843	standard_tone	sapo_emerge	standard	n/a	n/a	n/a	n/a	n/a
5510.700	0	2755350	standard_tone	sapo_emerge	standard	n/a	n/a	n/a	n/a	n/a
5511.716	0	2755858	standard_tone	sapo_emerge	standard	n/a	n/a	n/a	n/a	n/a
5512.732	0	2756366	standard_tone	sapo_emerge	standard	n/a	n/a	n/a	n/a	n/a
5513.748	0	2756874	oddball_tone	sapo_emerge	oddball	n/a	n/a	n/a	n/a	n/a
5514.764	0	2757382	standard_tone	sapo_emerge	standard	n/a	n/a	n/a	n/a	n/a
5515.780	0	2757890	standard_tone	sapo_emerge	standard	n/a	n/a	n/a	n/a	n/a
5516.796	0	2758398	standard_tone	sapo_emerge	standard	n/a	n/a	n/a	n/a	n/a
5517.812	0	2758906	standard_tone	sapo_emerge	standard	n/a	n/a	n/a	n/a	n/a
5518.828	0	2759414	standard_tone	sapo_emerge	standard	n/a	n/a	n/a	n/a	n/a
5519.842	0	2759921	standard_tone	sapo_emerge	standard	n/a	n/a	n/a	n/a	n/a
5520.858	0	2760429	standard_tone	sapo_emerge	standard	n/a	n/a	n/a	n/a	n/a
5521.874	0	2760937	standard_tone	sapo_emerge	standard	n/a	n/a	n/a	n/a	n/a
5522.890	0	2761445	standard_tone	sapo_emerge	standard	n/a	n/a	n/a	n/a	n/a
5523.906	0	2761953	standard_tone	sapo_emerge	standard	n/a	n/a	n/a	n/a	n/a
5524.922	0	2762461	distractor_noise	sapo_emerge	distractor	n/a	n/a	n/a	n/a	n/a
5525.938	0	2762969	standard_tone	sapo_emerge	standard	n/a	n/a	n/a	n/a	n/a
5526.938	0	2763469	standard_tone	sapo_emerge	standard	n/a	n/a	n/a	n/a	n/a
5527.952	0	2763976	distractor_noise	sapo_emerge	distractor	n/a	n/a	n/a	n/a	n/a
5528.968	0	2764484	standard_tone	sapo_emerge	standard	n/a	n/a	n/a	n/a	n/a
5529.984	0	2764992	standard_tone	sapo_emerge	standard	n/a	n/a	n/a	n/a	n/a
5531.000	0	2765500	standard_tone	sapo_emerge	standard	n/a	n/a	n/a	n/a	n/a
5532.016	0	2766008	standard_tone	sapo_emerge	standard	n/a	n/a	n/a	n/a	n/a
5533.032	0	2766516	standard_tone	sapo_emerge	standard	n/a	n/a	n/a	n/a	n/a
5534.048	0	2767024	standard_tone	sapo_emerge	standard	n/a	n/a	n/a	n/a	n/a
5535.064	0	2767532	standard_tone	sapo_emerge	standard	n/a	n/a	n/a	n/a	n/a
5536.064	0	2768032	standard_tone	sapo_emerge	standard	n/a	n/a	n/a	n/a	n/a
5537.078	0	2768539	standard_tone	sapo_emerge	standard	n/a	n/a	n/a	n/a	n/a
5538.078	0	2769039	standard_tone	sapo_emerge	standard	n/a	n/a	n/a	n/a	n/a
5539.094	0	2769547	standard_tone	sapo_emerge	standard	n/a	n/a	n/a	n/a	n/a
5540.110	0	2770055	standard_tone	sapo_emerge	standard	n/a	n/a	n/a	n/a	n/a
5541.126	0	2770563	standard_tone	sapo_emerge	standard	n/a	n/a	n/a	n/a	n/a
5542.124	0	2771062	standard_tone	sapo_emerge	standard	n/a	n/a	n/a	n/a	n/a
5543.140	0	2771570	standard_tone	sapo_emerge	standard	n/a	n/a	n/a	n/a	n/a
5544.156	0	2772078	standard_tone	sapo_emerge	standard	n/a	n/a	n/a	n/a	n/a
5545.172	0	2772586	oddball_tone	sapo_emerge	oddball	n/a	n/a	n/a	n/a	n/a
5546.188	0	2773094	distractor_noise	sapo_emerge	distractor	n/a	n/a	n/a	n/a	n/a
5547.204	0	2773602	standard_tone	sapo_emerge	standard	n/a	n/a	n/a	n/a	n/a
5548.204	0	2774102	standard_tone	sapo_emerge	standard	n/a	n/a	n/a	n/a	n/a
5549.218	0	2774609	standard_tone	sapo_emerge	standard	n/a	n/a	n/a	n/a	n/a
5550.234	0	2775117	oddball_tone	sapo_emerge	oddball	n/a	n/a	n/a	n/a	n/a
5551.250	0	2775625	standard_tone	sapo_emerge	standard	n/a	n/a	n/a	n/a	n/a
5552.266	0	2776133	standard_tone	sapo_emerge	standard	n/a	n/a	n/a	n/a	n/a
5553.282	0	2776641	oddball_tone	sapo_emerge	oddball	n/a	n/a	n/a	n/a	n/a
5554.298	0	2777149	distractor_noise	sapo_emerge	distractor	n/a	n/a	n/a	n/a	n/a
5555.298	0	2777649	oddball_tone	sapo_emerge	oddball	n/a	n/a	n/a	n/a	n/a
5556.312	0	2778156	standard_tone	sapo_emerge	standard	n/a	n/a	n/a	n/a	n/a
5557.312	0	2778656	standard_tone	sapo_emerge	standard	n/a	n/a	n/a	n/a	n/a
5558.328	0	2779164	standard_tone	sapo_emerge	standard	n/a	n/a	n/a	n/a	n/a
5559.344	0	2779672	standard_tone	sapo_emerge	standard	n/a	n/a	n/a	n/a	n/a
5560.360	0	2780180	standard_tone	sapo_emerge	standard	n/a	n/a	n/a	n/a	n/a
5561.376	0	2780688	standard_tone	sapo_emerge	standard	n/a	n/a	n/a	n/a	n/a
5562.392	0	2781196	oddball_tone	sapo_emerge	oddball	n/a	n/a	n/a	n/a	n/a
5563.406	0	2781703	standard_tone	sapo_emerge	standard	n/a	n/a	n/a	n/a	n/a
5564.424	0	2782212	standard_tone	sapo_emerge	standard	n/a	n/a	n/a	n/a	n/a
5565.438	0	2782719	standard_tone	sapo_emerge	standard	n/a	n/a	n/a	n/a	n/a
5566.454	0	2783227	standard_tone	sapo_emerge	standard	n/a	n/a	n/a	n/a	n/a
5567.470	0	2783735	standard_tone	sapo_emerge	standard	n/a	n/a	n/a	n/a	n/a
5568.486	0	2784243	standard_tone	sapo_emerge	standard	n/a	n/a	n/a	n/a	n/a
5569.502	0	2784751	oddball_tone	sapo_emerge	oddball	n/a	n/a	n/a	n/a	n/a
5570.518	0	2785259	standard_tone	sapo_emerge	standard	n/a	n/a	n/a	n/a	n/a
5571.532	0	2785766	oddball_tone	sapo_emerge	oddball	n/a	n/a	n/a	n/a	n/a
5572.550	0	2786275	standard_tone	sapo_emerge	standard	n/a	n/a	n/a	n/a	n/a
5573.566	0	2786783	standard_tone	sapo_emerge	standard	n/a	n/a	n/a	n/a	n/a
5574.582	0	2787291	standard_tone	sapo_emerge	standard	n/a	n/a	n/a	n/a	n/a
5575.598	0	2787799	standard_tone	sapo_emerge	standard	n/a	n/a	n/a	n/a	n/a
5576.614	0	2788307	standard_tone	sapo_emerge	standard	n/a	n/a	n/a	n/a	n/a
5577.630	0	2788815	standard_tone	sapo_emerge	standard	n/a	n/a	n/a	n/a	n/a
5578.644	0	2789322	standard_tone	sapo_emerge	standard	n/a	n/a	n/a	n/a	n/a
5579.660	0	2789830	oddball_tone	sapo_emerge	oddball	n/a	n/a	n/a	n/a	n/a
5580.660	0	2790330	standard_tone	sapo_emerge	standard	n/a	n/a	n/a	n/a	n/a
5581.676	0	2790838	distractor_noise	sapo_emerge	distractor	n/a	n/a	n/a	n/a	n/a
5582.690	0	2791345	standard_tone	sapo_emerge	standard	n/a	n/a	n/a	n/a	n/a
5583.706	0	2791853	distractor_noise	sapo_emerge	distractor	n/a	n/a	n/a	n/a	n/a
5584.722	0	2792361	standard_tone	sapo_emerge	standard	n/a	n/a	n/a	n/a	n/a
5585.738	0	2792869	distractor_noise	sapo_emerge	distractor	n/a	n/a	n/a	n/a	n/a
5586.738	0	2793369	standard_tone	sapo_emerge	standard	n/a	n/a	n/a	n/a	n/a
5587.754	0	2793877	standard_tone	sapo_emerge	standard	n/a	n/a	n/a	n/a	n/a
5588.770	0	2794385	distractor_noise	sapo_emerge	distractor	n/a	n/a	n/a	n/a	n/a
5589.786	0	2794893	standard_tone	sapo_emerge	standard	n/a	n/a	n/a	n/a	n/a
5590.800	0	2795400	oddball_tone	sapo_emerge	oddball	n/a	n/a	n/a	n/a	n/a
5591.816	0	2795908	standard_tone	sapo_emerge	standard	n/a	n/a	n/a	n/a	n/a
5592.832	0	2796416	distractor_noise	sapo_emerge	distractor	n/a	n/a	n/a	n/a	n/a
5593.848	0	2796924	standard_tone	sapo_emerge	standard	n/a	n/a	n/a	n/a	n/a
5594.864	0	2797432	distractor_noise	sapo_emerge	distractor	n/a	n/a	n/a	n/a	n/a
5595.448	0	2797724	silence_end	sapo_emerge	silence-end	n/a	n/a	n/a	n/a	n/a
5595.448	0	2797724	gong_begin	sapo_emerge	gong-begin	n/a	n/a	n/a	n/a	n/a
5595.880	0	2797940	standard_tone	sapo_emerge	standard	n/a	n/a	n/a	n/a	n/a
5596.896	0	2798448	standard_tone	sapo_emerge	standard	n/a	n/a	n/a	n/a	n/a
5597.912	0	2798956	oddball_tone	sapo_emerge	oddball	n/a	n/a	n/a	n/a	n/a
5598.928	0	2799464	standard_tone	sapo_emerge	standard	n/a	n/a	n/a	n/a	n/a
5599.944	0	2799972	standard_tone	sapo_emerge	standard	n/a	n/a	n/a	n/a	n/a
5600.960	0	2800480	standard_tone	sapo_emerge	standard	n/a	n/a	n/a	n/a	n/a
5601.974	0	2800987	oddball_tone	sapo_emerge	oddball	n/a	n/a	n/a	n/a	n/a
5602.990	0	2801495	standard_tone	sapo_emerge	standard	n/a	n/a	n/a	n/a	n/a
5604.006	0	2802003	distractor_noise	sapo_emerge	distractor	n/a	n/a	n/a	n/a	n/a
5605.022	0	2802511	standard_tone	sapo_emerge	standard	n/a	n/a	n/a	n/a	n/a
5605.606	0	2802803	gong_end	sapo_emerge	gong-end	n/a	n/a	n/a	n/a	n/a
5605.606	0	2802803	subblock_end	sapo_emerge	subblock-end-duration-111.14	n/a	n/a	n/a	111.140	n/a
5605.606	0	2802803	subblock_begin	sapo_emerge	subblock-begin	n/a	n/a	n/a	n/a	n/a
5605.606	0	2802803	silence_begin	sapo_emerge	silence-begin	n/a	n/a	n/a	n/a	n/a
5606.038	0	2803019	standard_tone	sapo_emerge	standard	n/a	n/a	n/a	n/a	n/a
5607.048	0	2803524	standard_tone	sapo_emerge	standard	n/a	n/a	n/a	n/a	n/a
5608.054	0	2804027	standard_tone	sapo_emerge	standard	n/a	n/a	n/a	n/a	n/a
5609.070	0	2804535	distractor_noise	sapo_emerge	distractor	n/a	n/a	n/a	n/a	n/a
5610.084	0	2805042	standard_tone	sapo_emerge	standard	n/a	n/a	n/a	n/a	n/a
5611.084	0	2805542	standard_tone	sapo_emerge	standard	n/a	n/a	n/a	n/a	n/a
5612.100	0	2806050	standard_tone	sapo_emerge	standard	n/a	n/a	n/a	n/a	n/a
5613.116	0	2806558	standard_tone	sapo_emerge	standard	n/a	n/a	n/a	n/a	n/a
5614.132	0	2807066	standard_tone	sapo_emerge	standard	n/a	n/a	n/a	n/a	n/a
5615.148	0	2807574	oddball_tone	sapo_emerge	oddball	n/a	n/a	n/a	n/a	n/a
5616.164	0	2808082	standard_tone	sapo_emerge	standard	n/a	n/a	n/a	n/a	n/a
5617.178	0	2808589	distractor_noise	sapo_emerge	distractor	n/a	n/a	n/a	n/a	n/a
5618.194	0	2809097	standard_tone	sapo_emerge	standard	n/a	n/a	n/a	n/a	n/a
5619.210	0	2809605	oddball_tone	sapo_emerge	oddball	n/a	n/a	n/a	n/a	n/a
5620.226	0	2810113	standard_tone	sapo_emerge	standard	n/a	n/a	n/a	n/a	n/a
5621.242	0	2810621	oddball_tone	sapo_emerge	oddball	n/a	n/a	n/a	n/a	n/a
5622.242	0	2811121	standard_tone	sapo_emerge	standard	n/a	n/a	n/a	n/a	n/a
5623.258	0	2811629	standard_tone	sapo_emerge	standard	n/a	n/a	n/a	n/a	n/a
5624.256	0	2812128	standard_tone	sapo_emerge	standard	n/a	n/a	n/a	n/a	n/a
5625.272	0	2812636	standard_tone	sapo_emerge	standard	n/a	n/a	n/a	n/a	n/a
5626.288	0	2813144	oddball_tone	sapo_emerge	oddball	n/a	n/a	n/a	n/a	n/a
5627.304	0	2813652	standard_tone	sapo_emerge	standard	n/a	n/a	n/a	n/a	n/a
5628.320	0	2814160	standard_tone	sapo_emerge	standard	n/a	n/a	n/a	n/a	n/a
5629.336	0	2814668	standard_tone	sapo_emerge	standard	n/a	n/a	n/a	n/a	n/a
5630.352	0	2815176	oddball_tone	sapo_emerge	oddball	n/a	n/a	n/a	n/a	n/a
5631.018	0	2815509	clicker_press	sapo_emerge	response-received-arrow_up	n/a	n/a	n/a	n/a	arrow_up
5631.134	0	2815567	report_window_begin	sapo_emerge	emerge-sapo-emerge-begin	n/a	n/a	n/a	n/a	n/a
5631.402	0	2815701	clicker_press	sapo_emerge	response-received-arrow_up	n/a	n/a	n/a	n/a	arrow_up
5635.266	0	2817633	depth_rating	sapo_emerge	rating-sapo-emerge-meditation_depth-2	2	n/a	n/a	n/a	n/a
5637.446	0	2818723	clicker_press	sapo_emerge	response-received-arrow_up	n/a	n/a	n/a	n/a	arrow_up
5637.746	0	2818873	clicker_press	sapo_emerge	response-received-arrow_up	n/a	n/a	n/a	n/a	arrow_up
5638.062	0	2819031	clicker_press	sapo_emerge	response-received-arrow_up	n/a	n/a	n/a	n/a	arrow_up
5638.412	0	2819206	clicker_press	sapo_emerge	response-received-arrow_up	n/a	n/a	n/a	n/a	arrow_up
5638.794	0	2819397	clicker_press	sapo_emerge	response-received-arrow_up	n/a	n/a	n/a	n/a	arrow_up
5645.340	0	2822670	confidence_rating	sapo_emerge	rating-sapo-emerge-confidence_depth-5	n/a	5	n/a	n/a	n/a
5648.836	0	2824418	report_window_end	sapo_emerge	emerge-sapo-emerge-end	n/a	n/a	n/a	n/a	n/a
5648.838	0	2824419	subblock_begin	sapo_emerge	subblock-begin	n/a	n/a	n/a	n/a	n/a
5648.838	0	2824419	silence_begin	sapo_emerge	silence-begin	n/a	n/a	n/a	n/a	n/a
5648.838	0	2824419	standard_tone	sapo_emerge	standard	n/a	n/a	n/a	n/a	n/a
5648.954	0	2824477	sapo_emerge_end	sapo_emerge	block-sapo-emerge-end	n/a	n/a	n/a	n/a	n/a
5648.954	0	2824477	block_duration	sapo_emerge	block-sapo-emerge-duration-2112	n/a	n/a	n/a	2112.000	n/a
5648.954	0	2824477	break_begin	break	break-begin	n/a	n/a	n/a	n/a	n/a
5733.848	0	2866924	clicker_press	break	response-received-enter	n/a	n/a	n/a	n/a	enter
5733.866	0	2866933	break_end	break	break-end	n/a	n/a	n/a	n/a	n/a
5790.686	0	2895343	clicker_press	n/a	response-received-arrow_up	n/a	n/a	n/a	n/a	arrow_up
5790.902	0	2895451	post_meditation_begin	post_meditation	post-meditation-begin	n/a	n/a	n/a	n/a	n/a
6090.936	0	3045468	post_meditation_end	post_meditation	post-meditation-end	n/a	n/a	n/a	n/a	n/a
6090.938	0	3045469	prompt_window_begin	post_meditation	probe-post-meditation-begin	n/a	n/a	n/a	n/a	n/a
6096.116	0	3048058	clicker_press	n/a	response-received-arrow_up	n/a	n/a	n/a	n/a	arrow_up
6096.584	0	3048292	clicker_press	n/a	response-received-arrow_up	n/a	n/a	n/a	n/a	arrow_up
6099.980	0	3049990	depth_rating	post_meditation	rating-post-meditation-meditation_depth-2	2	n/a	n/a	n/a	n/a
6102.342	0	3051171	clicker_press	n/a	response-received-arrow_up	n/a	n/a	n/a	n/a	arrow_up
6102.610	0	3051305	clicker_press	n/a	response-received-arrow_up	n/a	n/a	n/a	n/a	arrow_up
6102.910	0	3051455	clicker_press	n/a	response-received-arrow_up	n/a	n/a	n/a	n/a	arrow_up
6103.210	0	3051605	clicker_press	n/a	response-received-arrow_up	n/a	n/a	n/a	n/a	arrow_up
6103.544	0	3051772	clicker_press	n/a	response-received-arrow_up	n/a	n/a	n/a	n/a	arrow_up
6110.088	0	3055044	confidence_rating	post_meditation	rating-post-meditation-confidence_depth-5	n/a	5	n/a	n/a	n/a
6111.104	0	3055552	prompt_window_end	post_meditation	probe-post-meditation-end	n/a	n/a	n/a	n/a	n/a
6120.296	0	3060148	task_end	n/a	task-end	n/a	n/a	n/a	n/a	n/a
