onset	duration	sample	trial_type	block	value	depth	confidence	response_time	logged_duration	key
0.000	0	0	clicker_press	n/a	response-received-page_up	n/a	n/a	n/a	n/a	page_up
8.742	0	4371	clicker_press	n/a	response-received-page_up	n/a	n/a	n/a	n/a	page_up
50.690	0	25345	clicker_press	n/a	response-received-page_up	n/a	n/a	n/a	n/a	page_up
72.056	0	36028	clicker_press	n/a	response-received-page_up	n/a	n/a	n/a	n/a	page_up
110.856	0	55428	clicker_press	n/a	response-received-page_up	n/a	n/a	n/a	n/a	page_up
117.684	0	58842	clicker_press	n/a	response-received-page_up	n/a	n/a	n/a	n/a	page_up
138.350	0	69175	clicker_press	n/a	response-received-page_up	n/a	n/a	n/a	n/a	page_up
198.186	0	99093	clicker_press	n/a	response-received-page_up	n/a	n/a	n/a	n/a	page_up
198.220	0	99110	task_begin	n/a	task-begin	n/a	n/a	n/a	n/a	n/a
273.406	0	136703	clicker_press	n/a	response-received-page_up	n/a	n/a	n/a	n/a	page_up
273.422	0	136711	baseline_begin	baseline	baseline-begin	n/a	n/a	n/a	n/a	n/a
573.490	0	286745	baseline_end	baseline	baseline-end	n/a	n/a	n/a	n/a	n/a
641.272	0	320636	clicker_press	n/a	response-received-page_up	n/a	n/a	n/a	n/a	page_up
641.284	0	320642	pre_meditation_begin	pre_meditation	pre-meditation-begin	n/a	n/a	n/a	n/a	n/a
941.318	0	470659	pre_meditation_end	pre_meditation	pre-meditation-end	n/a	n/a	n/a	n/a	n/a
941.320	0	470660	prompt_window_begin	pre_meditation	probe-pre-meditation-begin	n/a	n/a	n/a	n/a	n/a
950.322	0	475161	clicker_press	n/a	response-received-page_up	n/a	n/a	n/a	n/a	page_up
950.360	0	475180	depth_rating	pre_meditation	rating-pre-meditation-meditation_depth-1	1	n/a	n/a	n/a	n/a
956.406	0	478203	clicker_press	n/a	response-received-page_up	n/a	n/a	n/a	n/a	page_up
956.938	0	478469	clicker_press	n/a	response-received-page_up	n/a	n/a	n/a	n/a	page_up
957.522	0	478761	clicker_press	n/a	response-received-page_up	n/a	n/a	n/a	n/a	page_up
958.088	0	479044	clicker_press	n/a	response-received-page_up	n/a	n/a	n/a	n/a	page_up
958.588	0	479294	clicker_press	n/a	response-received-page_up	n/a	n/a	n/a	n/a	page_up
960.454	0	480227	confidence_rating	pre_meditation	rating-pre-meditation-confidence_depth-5	n/a	5	n/a	n/a	n/a
961.536	0	480768	prompt_window_end	pre_meditation	probe-pre-meditation-end	n/a	n/a	n/a	n/a	n/a
1076.712	0	538356	clicker_press	n/a	response-received-page_up	n/a	n/a	n/a	n/a	page_up
1076.728	0	538364	silent_emerge_begin	silent_emerge	block-nosapo-emerge-begin	n/a	n/a	n/a	n/a	n/a
1076.730	0	538365	subblock_begin	silent_emerge	subblock-begin	n/a	n/a	n/a	n/a	n/a
1076.730	0	538365	silence_begin	silent_emerge	silence-begin	n/a	n/a	n/a	n/a	n/a
1128.996	0	564498	clicker_press	silent_emerge	response-received-page_up	n/a	n/a	n/a	n/a	page_up
1129.014	0	564507	report_window_begin	silent_emerge	emerge-nosapo-emerge-begin	n/a	n/a	n/a	n/a	n/a
1132.478	0	566239	clicker_press	silent_emerge	response-received-page_up	n/a	n/a	n/a	n/a	page_up
1132.794	0	566397	clicker_press	silent_emerge	response-received-page_up	n/a	n/a	n/a	n/a	page_up
1133.026	0	566513	depth_rating	silent_emerge	rating-nosapo-emerge-meditation_depth-3	3	n/a	n/a	n/a	n/a
1134.158	0	567079	clicker_press	silent_emerge	response-received-page_up	n/a	n/a	n/a	n/a	page_up
1142.252	0	571126	clicker_press	silent_emerge	response-received-page_up	n/a	n/a	n/a	n/a	page_up
1142.852	0	571426	clicker_press	silent_emerge	response-received-page_up	n/a	n/a	n/a	n/a	page_up
1143.068	0	571534	confidence_rating	silent_emerge	rating-nosapo-emerge-confidence_depth-3	n/a	3	n/a	n/a	n/a
1146.582	0	573291	report_window_end	silent_emerge	emerge-nosapo-emerge-end	n/a	n/a	n/a	n/a	n/a
1146.582	0	573291	subblock_begin	silent_emerge	subblock-begin	n/a	n/a	n/a	n/a	n/a
1146.584	0	573292	silence_begin	silent_emerge	silence-begin	n/a	n/a	n/a	n/a	n/a
1249.296	0	624648	silence_end	silent_emerge	silence-end	n/a	n/a	n/a	n/a	n/a
1249.346	0	624673	gong_begin	silent_emerge	gong-begin	n/a	n/a	n/a	n/a	n/a
1256.282	0	628141	clicker_press	silent_emerge	response-received-page_up	n/a	n/a	n/a	n/a	page_up
1256.290	0	628145	gong_end	silent_emerge	gong-end	n/a	n/a	n/a	n/a	n/a
1256.292	0	628146	report_window_begin	silent_emerge	emerge-nosapo-emerge-begin	n/a	n/a	n/a	n/a	n/a
1260.338	0	630169	depth_rating	silent_emerge	rating-nosapo-emerge-meditation_depth-1	1	n/a	n/a	n/a	n/a
1266.182	0	633091	clicker_press	silent_emerge	response-received-page_up	n/a	n/a	n/a	n/a	page_up
1266.632	0	633316	clicker_press	silent_emerge	response-received-page_up	n/a	n/a	n/a	n/a	page_up
1267.198	0	633599	clicker_press	silent_emerge	response-received-page_up	n/a	n/a	n/a	n/a	page_up
1267.632	0	633816	clicker_press	silent_emerge	response-received-page_up	n/a	n/a	n/a	n/a	page_up
1268.082	0	634041	clicker_press	silent_emerge	response-received-page_up	n/a	n/a	n/a	n/a	page_up
1270.462	0	635231	confidence_rating	silent_emerge	rating-nosapo-emerge-confidence_depth-5	n/a	5	n/a	n/a	n/a
1273.942	0	636971	report_window_end	silent_emerge	emerge-nosapo-emerge-end	n/a	n/a	n/a	n/a	n/a
1273.944	0	636972	subblock_end	silent_emerge	subblock-end-duration-127.361	n/a	n/a	n/a	127.361	n/a
1273.944	0	636972	subblock_begin	silent_emerge	subblock-begin	n/a	n/a	n/a	n/a	n/a
1273.944	0	636972	silence_begin	silent_emerge	silence-begin	n/a	n/a	n/a	n/a	n/a
1342.684	0	671342	clicker_press	silent_emerge	response-received-page_up	n/a	n/a	n/a	n/a	page_up
1342.700	0	671350	report_window_begin	silent_emerge	emerge-nosapo-emerge-begin	n/a	n/a	n/a	n/a	n/a
1343.220	0	671610	clicker_press	silent_emerge	response-received-page_up	n/a	n/a	n/a	n/a	page_up
1346.782	0	673391	depth_rating	silent_emerge	rating-nosapo-emerge-meditation_depth-2	2	n/a	n/a	n/a	n/a
1354.394	0	677197	clicker_press	silent_emerge	response-received-page_up	n/a	n/a	n/a	n/a	page_up
1355.026	0	677513	clicker_press	silent_emerge	response-received-page_up	n/a	n/a	n/a	n/a	page_up
1355.842	0	677921	clicker_press	silent_emerge	response-received-page_up	n/a	n/a	n/a	n/a	page_up
1356.624	0	678312	clicker_press	silent_emerge	response-received-page_up	n/a	n/a	n/a	n/a	page_up
1356.842	0	678421	confidence_rating	silent_emerge	rating-nosapo-emerge-confidence_depth-4	n/a	4	n/a	n/a	n/a
1360.422	0	680211	report_window_end	silent_emerge	emerge-nosapo-emerge-end	n/a	n/a	n/a	n/a	n/a
1360.422	0	680211	subblock_begin	silent_emerge	subblock-begin	n/a	n/a	n/a	n/a	n/a
1360.422	0	680211	silence_begin	silent_emerge	silence-begin	n/a	n/a	n/a	n/a	n/a
1410.330	0	705165	clicker_press	silent_emerge	response-received-page_up	n/a	n/a	n/a	n/a	page_up
1410.346	0	705173	report_window_begin	silent_emerge	emerge-nosapo-emerge-begin	n/a	n/a	n/a	n/a	n/a
1411.212	0	705606	clicker_press	silent_emerge	response-received-page_up	n/a	n/a	n/a	n/a	page_up
1414.394	0	707197	depth_rating	silent_emerge	rating-nosapo-emerge-meditation_depth-2	2	n/a	n/a	n/a	n/a
1420.888	0	710444	clicker_press	silent_emerge	response-received-page_up	n/a	n/a	n/a	n/a	page_up
1421.838	0	710919	clicker_press	silent_emerge	response-received-page_up	n/a	n/a	n/a	n/a	page_up
1422.570	0	711285	clicker_press	silent_emerge	response-received-page_up	n/a	n/a	n/a	n/a	page_up
1423.336	0	711668	clicker_press	silent_emerge	response-received-page_up	n/a	n/a	n/a	n/a	page_up
1423.936	0	711968	clicker_press	silent_emerge	response-received-page_up	n/a	n/a	n/a	n/a	page_up
1424.734	0	712367	confidence_rating	silent_emerge	rating-nosapo-emerge-confidence_depth-5	n/a	5	n/a	n/a	n/a
1428.282	0	714141	report_window_end	silent_emerge	emerge-nosapo-emerge-end	n/a	n/a	n/a	n/a	n/a
1428.282	0	714141	subblock_begin	silent_emerge	subblock-begin	n/a	n/a	n/a	n/a	n/a
1428.284	0	714142	silence_begin	silent_emerge	silence-begin	n/a	n/a	n/a	n/a	n/a
1534.460	0	767230	silence_end	silent_emerge	silence-end	n/a	n/a	n/a	n/a	n/a
1534.462	0	767231	gong_begin	silent_emerge	gong-begin	n/a	n/a	n/a	n/a	n/a
1544.536	0	772268	gong_end	silent_emerge	gong-end	n/a	n/a	n/a	n/a	n/a
1544.536	0	772268	subblock_end	silent_emerge	subblock-end-duration-116.254	n/a	n/a	n/a	116.254	n/a
1544.536	0	772268	subblock_begin	silent_emerge	subblock-begin	n/a	n/a	n/a	n/a	n/a
1544.538	0	772269	silence_begin	silent_emerge	silence-begin	n/a	n/a	n/a	n/a	n/a
1585.002	0	792501	clicker_press	silent_emerge	response-received-page_up	n/a	n/a	n/a	n/a	page_up
1585.034	0	792517	report_window_begin	silent_emerge	emerge-nosapo-emerge-begin	n/a	n/a	n/a	n/a	n/a
1589.048	0	794524	depth_rating	silent_emerge	rating-nosapo-emerge-meditation_depth-1	1	n/a	n/a	n/a	n/a
1595.294	0	797647	clicker_press	silent_emerge	response-received-page_up	n/a	n/a	n/a	n/a	page_up
1595.660	0	797830	clicker_press	silent_emerge	response-received-page_up	n/a	n/a	n/a	n/a	page_up
1596.142	0	798071	clicker_press	silent_emerge	response-received-page_up	n/a	n/a	n/a	n/a	page_up
1599.106	0	799553	confidence_rating	silent_emerge	rating-nosapo-emerge-confidence_depth-3	n/a	3	n/a	n/a	n/a
1602.570	0	801285	report_window_end	silent_emerge	emerge-nosapo-emerge-end	n/a	n/a	n/a	n/a	n/a
1602.572	0	801286	subblock_begin	silent_emerge	subblock-begin	n/a	n/a	n/a	n/a	n/a
1602.572	0	801286	silence_begin	silent_emerge	silence-begin	n/a	n/a	n/a	n/a	n/a
1661.138	0	830569	clicker_press	silent_emerge	response-received-page_up	n/a	n/a	n/a	n/a	page_up
1661.156	0	830578	report_window_begin	silent_emerge	emerge-nosapo-emerge-begin	n/a	n/a	n/a	n/a	n/a
1665.236	0	832618	depth_rating	silent_emerge	rating-nosapo-emerge-meditation_depth-1	1	n/a	n/a	n/a	n/a
1671.496	0	835748	clicker_press	silent_emerge	response-received-page_up	n/a	n/a	n/a	n/a	page_up
1672.046	0	836023	clicker_press	silent_emerge	response-received-page_up	n/a	n/a	n/a	n/a	page_up
1672.746	0	836373	clicker_press	silent_emerge	response-received-page_up	n/a	n/a	n/a	n/a	page_up
1673.446	0	836723	clicker_press	silent_emerge	response-received-page_up	n/a	n/a	n/a	n/a	page_up
1673.980	0	836990	clicker_press	silent_emerge	response-received-page_up	n/a	n/a	n/a	n/a	page_up
1675.460	0	837730	confidence_rating	silent_emerge	rating-nosapo-emerge-confidence_depth-5	n/a	5	n/a	n/a	n/a
1679.140	0	839570	report_window_end	silent_emerge	emerge-nosapo-emerge-end	n/a	n/a	n/a	n/a	n/a
1679.140	0	839570	subblock_begin	silent_emerge	subblock-begin	n/a	n/a	n/a	n/a	n/a
1679.142	0	839571	silence_begin	silent_emerge	silence-begin	n/a	n/a	n/a	n/a	n/a
1798.274	0	899137	silence_end	silent_emerge	silence-end	n/a	n/a	n/a	n/a	n/a
1798.276	0	899138	gong_begin	silent_emerge	gong-begin	n/a	n/a	n/a	n/a	n/a
1807.720	0	903860	clicker_press	silent_emerge	response-received-page_up	n/a	n/a	n/a	n/a	page_up
1807.724	0	903862	gong_end	silent_emerge	gong-end	n/a	n/a	n/a	n/a	n/a
1807.724	0	903862	report_window_begin	silent_emerge	emerge-nosapo-emerge-begin	n/a	n/a	n/a	n/a	n/a
1808.068	0	904034	clicker_press	silent_emerge	response-received-page_up	n/a	n/a	n/a	n/a	page_up
1811.832	0	905916	depth_rating	silent_emerge	rating-nosapo-emerge-meditation_depth-2	2	n/a	n/a	n/a	n/a
1819.840	0	909920	clicker_press	silent_emerge	response-received-page_up	n/a	n/a	n/a	n/a	page_up
1820.474	0	910237	clicker_press	silent_emerge	response-received-page_up	n/a	n/a	n/a	n/a	page_up
1821.060	0	910530	clicker_press	silent_emerge	response-received-page_up	n/a	n/a	n/a	n/a	page_up
1821.622	0	910811	clicker_press	silent_emerge	response-received-page_up	n/a	n/a	n/a	n/a	page_up
1821.988	0	910994	confidence_rating	silent_emerge	rating-nosapo-emerge-confidence_depth-4	n/a	4	n/a	n/a	n/a
1825.468	0	912734	report_window_end	silent_emerge	emerge-nosapo-emerge-end	n/a	n/a	n/a	n/a	n/a
1825.470	0	912735	subblock_end	silent_emerge	subblock-end-duration-146.329	n/a	n/a	n/a	146.329	n/a
1825.470	0	912735	subblock_begin	silent_emerge	subblock-begin	n/a	n/a	n/a	n/a	n/a
1825.470	0	912735	silence_begin	silent_emerge	silence-begin	n/a	n/a	n/a	n/a	n/a
1923.526	0	961763	clicker_press	silent_emerge	response-received-page_up	n/a	n/a	n/a	n/a	page_up
1923.536	0	961768	report_window_begin	silent_emerge	emerge-nosapo-emerge-begin	n/a	n/a	n/a	n/a	n/a
1925.292	0	962646	clicker_press	silent_emerge	response-received-page_up	n/a	n/a	n/a	n/a	page_up
1927.550	0	963775	depth_rating	silent_emerge	rating-nosapo-emerge-meditation_depth-2	2	n/a	n/a	n/a	n/a
1934.180	0	967090	clicker_press	silent_emerge	response-received-page_up	n/a	n/a	n/a	n/a	page_up
1934.696	0	967348	clicker_press	silent_emerge	response-received-page_up	n/a	n/a	n/a	n/a	page_up
1935.212	0	967606	clicker_press	silent_emerge	response-received-page_up	n/a	n/a	n/a	n/a	page_up
1935.560	0	967780	clicker_press	silent_emerge	response-received-page_up	n/a	n/a	n/a	n/a	page_up
1937.642	0	968821	confidence_rating	silent_emerge	rating-nosapo-emerge-confidence_depth-4	n/a	4	n/a	n/a	n/a
1941.208	0	970604	report_window_end	silent_emerge	emerge-nosapo-emerge-end	n/a	n/a	n/a	n/a	n/a
1941.208	0	970604	subblock_begin	silent_emerge	subblock-begin	n/a	n/a	n/a	n/a	n/a
1941.208	0	970604	silence_begin	silent_emerge	silence-begin	n/a	n/a	n/a	n/a	n/a
2057.460	0	1028730	silence_end	silent_emerge	silence-end	n/a	n/a	n/a	n/a	n/a
2057.476	0	1028738	gong_begin	silent_emerge	gong-begin	n/a	n/a	n/a	n/a	n/a
2064.322	0	1032161	clicker_press	silent_emerge	response-received-page_up	n/a	n/a	n/a	n/a	page_up
2064.338	0	1032169	gong_end	silent_emerge	gong-end	n/a	n/a	n/a	n/a	n/a
2064.338	0	1032169	report_window_begin	silent_emerge	emerge-nosapo-emerge-begin	n/a	n/a	n/a	n/a	n/a
2068.368	0	1034184	depth_rating	silent_emerge	rating-nosapo-emerge-meditation_depth-1	1	n/a	n/a	n/a	n/a
2074.246	0	1037123	clicker_press	silent_emerge	response-received-page_up	n/a	n/a	n/a	n/a	page_up
2074.730	0	1037365	clicker_press	silent_emerge	response-received-page_up	n/a	n/a	n/a	n/a	page_up
2075.380	0	1037690	clicker_press	silent_emerge	response-received-page_up	n/a	n/a	n/a	n/a	page_up
2075.962	0	1037981	clicker_press	silent_emerge	response-received-page_up	n/a	n/a	n/a	n/a	page_up
2076.544	0	1038272	clicker_press	silent_emerge	response-received-page_up	n/a	n/a	n/a	n/a	page_up
2078.492	0	1039246	confidence_rating	silent_emerge	rating-nosapo-emerge-confidence_depth-5	n/a	5	n/a	n/a	n/a
2082.040	0	1041020	report_window_end	silent_emerge	emerge-nosapo-emerge-end	n/a	n/a	n/a	n/a	n/a
2082.040	0	1041020	subblock_end	silent_emerge	subblock-end-duration-140.832	n/a	n/a	n/a	140.832	n/a
2082.040	0	1041020	subblock_begin	silent_emerge	subblock-begin	n/a	n/a	n/a	n/a	n/a
2082.042	0	1041021	silence_begin	silent_emerge	silence-begin	n/a	n/a	n/a	n/a	n/a
2135.262	0	1067631	clicker_press	silent_emerge	response-received-page_up	n/a	n/a	n/a	n/a	page_up
2135.280	0	1067640	report_window_begin	silent_emerge	emerge-nosapo-emerge-begin	n/a	n/a	n/a	n/a	n/a
2139.292	0	1069646	depth_rating	silent_emerge	rating-nosapo-emerge-meditation_depth-1	1	n/a	n/a	n/a	n/a
2146.654	0	1073327	clicker_press	silent_emerge	response-received-page_up	n/a	n/a	n/a	n/a	page_up
2147.236	0	1073618	clicker_press	silent_emerge	response-received-page_up	n/a	n/a	n/a	n/a	page_up
2147.752	0	1073876	clicker_press	silent_emerge	response-received-page_up	n/a	n/a	n/a	n/a	page_up
2148.284	0	1074142	clicker_press	silent_emerge	response-received-page_up	n/a	n/a	n/a	n/a	page_up
2148.702	0	1074351	clicker_press	silent_emerge	response-received-page_up	n/a	n/a	n/a	n/a	page_up
2149.400	0	1074700	confidence_rating	silent_emerge	rating-nosapo-emerge-confidence_depth-5	n/a	5	n/a	n/a	n/a
2152.998	0	1076499	report_window_end	silent_emerge	emerge-nosapo-emerge-end	n/a	n/a	n/a	n/a	n/a
2152.998	0	1076499	subblock_begin	silent_emerge	subblock-begin	n/a	n/a	n/a	n/a	n/a
2152.998	0	1076499	silence_begin	silent_emerge	silence-begin	n/a	n/a	n/a	n/a	n/a
2258.694	0	1129347	clicker_press	silent_emerge	response-received-page_up	n/a	n/a	n/a	n/a	page_up
2258.710	0	1129355	report_window_begin	silent_emerge	emerge-nosapo-emerge-begin	n/a	n/a	n/a	n/a	n/a
2259.426	0	1129713	clicker_press	silent_emerge	response-received-page_up	n/a	n/a	n/a	n/a	page_up
2262.790	0	1131395	depth_rating	silent_emerge	rating-nosapo-emerge-meditation_depth-2	2	n/a	n/a	n/a	n/a
2269.884	0	1134942	clicker_press	silent_emerge	response-received-page_up	n/a	n/a	n/a	n/a	page_up
2270.684	0	1135342	clicker_press	silent_emerge	response-received-page_up	n/a	n/a	n/a	n/a	page_up
2271.382	0	1135691	clicker_press	silent_emerge	response-received-page_up	n/a	n/a	n/a	n/a	page_up
2272.082	0	1136041	clicker_press	silent_emerge	response-received-page_up	n/a	n/a	n/a	n/a	page_up
2272.914	0	1136457	confidence_rating	silent_emerge	rating-nosapo-emerge-confidence_depth-4	n/a	4	n/a	n/a	n/a
2276.346	0	1138173	report_window_end	silent_emerge	emerge-nosapo-emerge-end	n/a	n/a	n/a	n/a	n/a
2276.346	0	1138173	subblock_begin	silent_emerge	subblock-begin	n/a	n/a	n/a	n/a	n/a
2276.346	0	1138173	silence_begin	silent_emerge	silence-begin	n/a	n/a	n/a	n/a	n/a
2372.388	0	1186194	clicker_press	silent_emerge	response-received-page_up	n/a	n/a	n/a	n/a	page_up
2372.432	0	1186216	report_window_begin	silent_emerge	emerge-nosapo-emerge-begin	n/a	n/a	n/a	n/a	n/a
2374.348	0	1187174	clicker_press	silent_emerge	response-received-page_up	n/a	n/a	n/a	n/a	page_up
2376.480	0	1188240	depth_rating	silent_emerge	rating-nosapo-emerge-meditation_depth-2	2	n/a	n/a	n/a	n/a
2383.790	0	1191895	clicker_press	silent_emerge	response-received-page_up	n/a	n/a	n/a	n/a	page_up
2384.472	0	1192236	clicker_press	silent_emerge	response-received-page_up	n/a	n/a	n/a	n/a	page_up
2385.122	0	1192561	clicker_press	silent_emerge	response-received-page_up	n/a	n/a	n/a	n/a	page_up
2385.672	0	1192836	clicker_press	silent_emerge	response-received-page_up	n/a	n/a	n/a	n/a	page_up
2386.588	0	1193294	confidence_rating	silent_emerge	rating-nosapo-emerge-confidence_depth-4	n/a	4	n/a	n/a	n/a
2390.200	0	1195100	report_window_end	silent_emerge	emerge-nosapo-emerge-end	n/a	n/a	n/a	n/a	n/a
2390.202	0	1195101	subblock_begin	silent_emerge	subblock-begin	n/a	n/a	n/a	n/a	n/a
2390.202	0	1195101	silence_begin	silent_emerge	silence-begin	n/a	n/a	n/a	n/a	n/a
2490.734	0	1245367	silence_end	silent_emerge	silence-end	n/a	n/a	n/a	n/a	n/a
2490.834	0	1245417	gong_begin	silent_emerge	gong-begin	n/a	n/a	n/a	n/a	n/a
2500.776	0	1250388	gong_end	silent_emerge	gong-end	n/a	n/a	n/a	n/a	n/a
2500.778	0	1250389	subblock_end	silent_emerge	subblock-end-duration-110.576	n/a	n/a	n/a	110.576	n/a
2500.778	0	1250389	subblock_begin	silent_emerge	subblock-begin	n/a	n/a	n/a	n/a	n/a
2500.778	0	1250389	silence_begin	silent_emerge	silence-begin	n/a	n/a	n/a	n/a	n/a
2501.284	0	1250642	clicker_press	silent_emerge	response-received-page_up	n/a	n/a	n/a	n/a	page_up
2501.290	0	1250645	report_window_begin	silent_emerge	emerge-nosapo-emerge-begin	n/a	n/a	n/a	n/a	n/a
2505.622	0	1252811	depth_rating	silent_emerge	rating-nosapo-emerge-meditation_depth-1	1	n/a	n/a	n/a	n/a
2512.066	0	1256033	clicker_press	silent_emerge	response-received-page_up	n/a	n/a	n/a	n/a	page_up
2512.750	0	1256375	clicker_press	silent_emerge	response-received-page_up	n/a	n/a	n/a	n/a	page_up
2513.366	0	1256683	clicker_press	silent_emerge	response-received-page_up	n/a	n/a	n/a	n/a	page_up
2514.016	0	1257008	clicker_press	silent_emerge	response-received-page_up	n/a	n/a	n/a	n/a	page_up
2514.666	0	1257333	clicker_press	silent_emerge	response-received-page_up	n/a	n/a	n/a	n/a	page_up
2515.764	0	1257882	confidence_rating	silent_emerge	rating-nosapo-emerge-confidence_depth-5	n/a	5	n/a	n/a	n/a
2519.278	0	1259639	report_window_end	silent_emerge	emerge-nosapo-emerge-end	n/a	n/a	n/a	n/a	n/a
2519.278	0	1259639	subblock_begin	silent_emerge	subblock-begin	n/a	n/a	n/a	n/a	n/a
2519.278	0	1259639	silence_begin	silent_emerge	silence-begin	n/a	n/a	n/a	n/a	n/a
2635.930	0	1317965	silence_end	silent_emerge	silence-end	n/a	n/a	n/a	n/a	n/a
2635.946	0	1317973	gong_begin	silent_emerge	gong-begin	n/a	n/a	n/a	n/a	n/a
2643.002	0	1321501	clicker_press	silent_emerge	response-received-page_up	n/a	n/a	n/a	n/a	page_up
2643.022	0	1321511	gong_end	silent_emerge	gong-end	n/a	n/a	n/a	n/a	n/a
2643.022	0	1321511	report_window_begin	silent_emerge	emerge-nosapo-emerge-begin	n/a	n/a	n/a	n/a	n/a
2647.054	0	1323527	depth_rating	silent_emerge	rating-nosapo-emerge-meditation_depth-1	1	n/a	n/a	n/a	n/a
2653.284	0	1326642	clicker_press	silent_emerge	response-received-page_up	n/a	n/a	n/a	n/a	page_up
2653.732	0	1326866	clicker_press	silent_emerge	response-received-page_up	n/a	n/a	n/a	n/a	page_up
2654.566	0	1327283	clicker_press	silent_emerge	response-received-page_up	n/a	n/a	n/a	n/a	page_up
2655.166	0	1327583	clicker_press	silent_emerge	response-received-page_up	n/a	n/a	n/a	n/a	page_up
2655.948	0	1327974	clicker_press	silent_emerge	response-received-page_up	n/a	n/a	n/a	n/a	page_up
2657.196	0	1328598	confidence_rating	silent_emerge	rating-nosapo-emerge-confidence_depth-5	n/a	5	n/a	n/a	n/a
2660.660	0	1330330	report_window_end	silent_emerge	emerge-nosapo-emerge-end	n/a	n/a	n/a	n/a	n/a
2660.660	0	1330330	subblock_end	silent_emerge	subblock-end-duration-141.382	n/a	n/a	n/a	141.382	n/a
2660.660	0	1330330	subblock_begin	silent_emerge	subblock-begin	n/a	n/a	n/a	n/a	n/a
2660.662	0	1330331	silence_begin	silent_emerge	silence-begin	n/a	n/a	n/a	n/a	n/a
2727.558	0	1363779	clicker_press	silent_emerge	response-received-page_up	n/a	n/a	n/a	n/a	page_up
2727.570	0	1363785	report_window_begin	silent_emerge	emerge-nosapo-emerge-begin	n/a	n/a	n/a	n/a	n/a
2727.872	0	1363936	clicker_press	silent_emerge	response-received-page_up	n/a	n/a	n/a	n/a	page_up
2731.586	0	1365793	depth_rating	silent_emerge	rating-nosapo-emerge-meditation_depth-2	2	n/a	n/a	n/a	n/a
2737.796	0	1368898	clicker_press	silent_emerge	response-received-page_up	n/a	n/a	n/a	n/a	page_up
2738.512	0	1369256	clicker_press	silent_emerge	response-received-page_up	n/a	n/a	n/a	n/a	page_up
2739.266	0	1369633	clicker_press	silent_emerge	response-received-page_up	n/a	n/a	n/a	n/a	page_up
2740.128	0	1370064	clicker_press	silent_emerge	response-received-page_up	n/a	n/a	n/a	n/a	page_up
2740.812	0	1370406	clicker_press	silent_emerge	response-received-page_up	n/a	n/a	n/a	n/a	page_up
2741.760	0	1370880	confidence_rating	silent_emerge	rating-nosapo-emerge-confidence_depth-5	n/a	5	n/a	n/a	n/a
2745.374	0	1372687	report_window_end	silent_emerge	emerge-nosapo-emerge-end	n/a	n/a	n/a	n/a	n/a
2745.374	0	1372687	subblock_begin	silent_emerge	subblock-begin	n/a	n/a	n/a	n/a	n/a
2745.374	0	1372687	silence_begin	silent_emerge	silence-begin	n/a	n/a	n/a	n/a	n/a
2857.532	0	1428766	silence_end	silent_emerge	silence-end	n/a	n/a	n/a	n/a	n/a
2857.532	0	1428766	gong_begin	silent_emerge	gong-begin	n/a	n/a	n/a	n/a	n/a
2862.528	0	1431264	clicker_press	silent_emerge	response-received-page_up	n/a	n/a	n/a	n/a	page_up
2862.576	0	1431288	gong_end	silent_emerge	gong-end	n/a	n/a	n/a	n/a	n/a
2862.576	0	1431288	report_window_begin	silent_emerge	emerge-nosapo-emerge-begin	n/a	n/a	n/a	n/a	n/a
2863.658	0	1431829	clicker_press	silent_emerge	response-received-page_up	n/a	n/a	n/a	n/a	page_up
2866.638	0	1433319	depth_rating	silent_emerge	rating-nosapo-emerge-meditation_depth-2	2	n/a	n/a	n/a	n/a
2874.200	0	1437100	clicker_press	silent_emerge	response-received-page_up	n/a	n/a	n/a	n/a	page_up
2874.650	0	1437325	clicker_press	silent_emerge	response-received-page_up	n/a	n/a	n/a	n/a	page_up
2875.216	0	1437608	clicker_press	silent_emerge	response-received-page_up	n/a	n/a	n/a	n/a	page_up
2875.648	0	1437824	clicker_press	silent_emerge	response-received-page_up	n/a	n/a	n/a	n/a	page_up
2876.016	0	1438008	clicker_press	silent_emerge	response-received-page_up	n/a	n/a	n/a	n/a	page_up
2876.714	0	1438357	confidence_rating	silent_emerge	rating-nosapo-emerge-confidence_depth-5	n/a	5	n/a	n/a	n/a
2880.194	0	1440097	report_window_end	silent_emerge	emerge-nosapo-emerge-end	n/a	n/a	n/a	n/a	n/a
2880.196	0	1440098	subblock_end	silent_emerge	subblock-end-duration-134.822	n/a	n/a	n/a	134.822	n/a
2880.196	0	1440098	subblock_begin	silent_emerge	subblock-begin	n/a	n/a	n/a	n/a	n/a
2880.196	0	1440098	silence_begin	silent_emerge	silence-begin	n/a	n/a	n/a	n/a	n/a
2988.704	0	1494352	silence_end	silent_emerge	silence-end	n/a	n/a	n/a	n/a	n/a
2988.988	0	1494494	gong_begin	silent_emerge	gong-begin	n/a	n/a	n/a	n/a	n/a
2998.764	0	1499382	gong_end	silent_emerge	gong-end	n/a	n/a	n/a	n/a	n/a
2998.764	0	1499382	subblock_end	silent_emerge	subblock-end-duration-118.569	n/a	n/a	n/a	118.569	n/a
2998.764	0	1499382	subblock_begin	silent_emerge	subblock-begin	n/a	n/a	n/a	n/a	n/a
2998.766	0	1499383	silence_begin	silent_emerge	silence-begin	n/a	n/a	n/a	n/a	n/a
3113.800	0	1556900	silence_end	silent_emerge	silence-end	n/a	n/a	n/a	n/a	n/a
3113.802	0	1556901	gong_begin	silent_emerge	gong-begin	n/a	n/a	n/a	n/a	n/a
3123.976	0	1561988	gong_end	silent_emerge	gong-end	n/a	n/a	n/a	n/a	n/a
3123.976	0	1561988	subblock_end	silent_emerge	subblock-end-duration-125.212	n/a	n/a	n/a	125.212	n/a
3123.978	0	1561989	subblock_begin	silent_emerge	subblock-begin	n/a	n/a	n/a	n/a	n/a
3123.978	0	1561989	silence_begin	silent_emerge	silence-begin	n/a	n/a	n/a	n/a	n/a
3176.782	0	1588391	silent_emerge_end	silent_emerge	block-nosapo-emerge-end	n/a	n/a	n/a	n/a	n/a
3176.784	0	1588392	block_duration	silent_emerge	block-nosapo-emerge-duration-2100	n/a	n/a	n/a	2100.000	n/a
3176.784	0	1588392	prompt_window_begin	silent_emerge	probe-nosapo-emerge-begin	n/a	n/a	n/a	n/a	n/a
3184.196	0	1592098	clicker_press	n/a	response-received-page_up	n/a	n/a	n/a	n/a	page_up
3184.858	0	1592429	clicker_press	n/a	response-received-page_up	n/a	n/a	n/a	n/a	page_up
3185.824	0	1592912	depth_rating	silent_emerge	rating-nosapo-emerge-meditation_depth-2	2	n/a	n/a	n/a	n/a
3192.020	0	1596010	clicker_press	n/a	response-received-page_up	n/a	n/a	n/a	n/a	page_up
3192.636	0	1596318	clicker_press	n/a	response-received-page_up	n/a	n/a	n/a	n/a	page_up
3193.318	0	1596659	clicker_press	n/a	response-received-page_up	n/a	n/a	n/a	n/a	page_up
3194.018	0	1597009	clicker_press	n/a	response-received-page_up	n/a	n/a	n/a	n/a	page_up
3195.916	0	1597958	confidence_rating	silent_emerge	rating-nosapo-emerge-confidence_depth-4	n/a	4	n/a	n/a	n/a
3196.998	0	1598499	prompt_window_end	silent_emerge	probe-nosapo-emerge-end	n/a	n/a	n/a	n/a	n/a
3197.000	0	1598500	break_begin	break	break-begin	n/a	n/a	n/a	n/a	n/a
3396.282	0	1698141	clicker_press	break	response-received-enter	n/a	n/a	n/a	n/a	enter
3396.400	0	1698200	break_end	break	break-end	n/a	n/a	n/a	n/a	n/a
3452.070	0	1726035	clicker_press	n/a	response-received-page_up	n/a	n/a	n/a	n/a	page_up
3452.106	0	1726053	active_oddball_begin	active_oddball	active-oddball-begin	n/a	n/a	n/a	n/a	n/a
3452.114	0	1726057	standard_tone	active_oddball	standard	n/a	n/a	n/a	n/a	n/a
3453.236	0	1726618	standard_tone	active_oddball	standard	n/a	n/a	n/a	n/a	n/a
3454.302	0	1727151	standard_tone	active_oddball	standard	n/a	n/a	n/a	n/a	n/a
3455.318	0	1727659	standard_tone	active_oddball	standard	n/a	n/a	n/a	n/a	n/a
3456.334	0	1728167	standard_tone	active_oddball	standard	n/a	n/a	n/a	n/a	n/a
3457.348	0	1728674	distractor_noise	active_oddball	distractor	n/a	n/a	n/a	n/a	n/a
3458.382	0	1729191	standard_tone	active_oddball	standard	n/a	n/a	n/a	n/a	n/a
3459.448	0	1729724	standard_tone	active_oddball	standard	n/a	n/a	n/a	n/a	n/a
3460.480	0	1730240	standard_tone	active_oddball	standard	n/a	n/a	n/a	n/a	n/a
3461.496	0	1730748	standard_tone	active_oddball	standard	n/a	n/a	n/a	n/a	n/a
3462.562	0	1731281	distractor_noise	active_oddball	distractor	n/a	n/a	n/a	n/a	n/a
3463.694	0	1731847	standard_tone	active_oddball	standard	n/a	n/a	n/a	n/a	n/a
3464.728	0	1732364	standard_tone	active_oddball	standard	n/a	n/a	n/a	n/a	n/a
3465.742	0	1732871	standard_tone	active_oddball	standard	n/a	n/a	n/a	n/a	n/a
3466.826	0	1733413	standard_tone	active_oddball	standard	n/a	n/a	n/a	n/a	n/a
3467.840	0	1733920	standard_tone	active_oddball	standard	n/a	n/a	n/a	n/a	n/a
3468.974	0	1734487	standard_tone	active_oddball	standard	n/a	n/a	n/a	n/a	n/a
3469.990	0	1734995	standard_tone	active_oddball	standard	n/a	n/a	n/a	n/a	n/a
3471.004	0	1735502	standard_tone	active_oddball	standard	n/a	n/a	n/a	n/a	n/a
3472.120	0	1736060	distractor_noise	active_oddball	distractor	n/a	n/a	n/a	n/a	n/a
3473.170	0	1736585	standard_tone	active_oddball	standard	n/a	n/a	n/a	n/a	n/a
3474.270	0	1737135	standard_tone	active_oddball	standard	n/a	n/a	n/a	n/a	n/a
3475.302	0	1737651	standard_tone	active_oddball	standard	n/a	n/a	n/a	n/a	n/a
3476.318	0	1738159	oddball_tone	active_oddball	oddball	n/a	n/a	n/a	n/a	n/a
3477.416	0	1738708	standard_tone	active_oddball	standard	n/a	n/a	n/a	n/a	n/a
3477.616	0	1738808	clicker_press	active_oddball	response-received-page_up	n/a	n/a	n/a	n/a	page_up
3477.650	0	1738825	oddball_response	active_oddball	active-oddball-button-press-194ms	n/a	n/a	0.194	n/a	n/a
3478.432	0	1739216	standard_tone	active_oddball	standard	n/a	n/a	n/a	n/a	n/a
3479.448	0	1739724	oddball_tone	active_oddball	oddball	n/a	n/a	n/a	n/a	n/a
3480.414	0	1740207	clicker_press	active_oddball	response-received-page_up	n/a	n/a	n/a	n/a	page_up
3480.430	0	1740215	oddball_response	active_oddball	active-oddball-button-press-960ms	n/a	n/a	0.960	n/a	n/a
3480.464	0	1740232	standard_tone	active_oddball	standard	n/a	n/a	n/a	n/a	n/a
3481.496	0	1740748	standard_tone	active_oddball	standard	n/a	n/a	n/a	n/a	n/a
3482.528	0	1741264	standard_tone	active_oddball	standard	n/a	n/a	n/a	n/a	n/a
3483.544	0	1741772	standard_tone	active_oddball	standard	n/a	n/a	n/a	n/a	n/a
3484.628	0	1742314	standard_tone	active_oddball	standard	n/a	n/a	n/a	n/a	n/a
3485.660	0	1742830	standard_tone	active_oddball	standard	n/a	n/a	n/a	n/a	n/a
3486.692	0	1743346	standard_tone	active_oddball	standard	n/a	n/a	n/a	n/a	n/a
3487.724	0	1743862	oddball_tone	active_oddball	oddball	n/a	n/a	n/a	n/a	n/a
3488.790	0	1744395	clicker_press	active_oddball	response-received-page_up	n/a	n/a	n/a	n/a	page_up
3488.824	0	1744412	oddball_response	active_oddball	active-oddball-button-press-1059ms	n/a	n/a	1.059	n/a	n/a
3488.824	0	1744412	standard_tone	active_oddball	standard	n/a	n/a	n/a	n/a	n/a
3489.856	0	1744928	standard_tone	active_oddball	standard	n/a	n/a	n/a	n/a	n/a
3490.888	0	1745444	standard_tone	active_oddball	standard	n/a	n/a	n/a	n/a	n/a
3491.906	0	1745953	oddball_tone	active_oddball	oddball	n/a	n/a	n/a	n/a	n/a
3492.854	0	1746427	clicker_press	active_oddball	response-received-page_up	n/a	n/a	n/a	n/a	page_up
3492.870	0	1746435	oddball_response	active_oddball	active-oddball-button-press-940ms	n/a	n/a	0.940	n/a	n/a
3492.920	0	1746460	standard_tone	active_oddball	standard	n/a	n/a	n/a	n/a	n/a
3493.968	0	1746984	standard_tone	active_oddball	standard	n/a	n/a	n/a	n/a	n/a
3494.986	0	1747493	standard_tone	active_oddball	standard	n/a	n/a	n/a	n/a	n/a
3496.034	0	1748017	oddball_tone	active_oddball	oddball	n/a	n/a	n/a	n/a	n/a
3496.666	0	1748333	clicker_press	active_oddball	response-received-page_up	n/a	n/a	n/a	n/a	page_up
3496.766	0	1748383	oddball_response	active_oddball	active-oddball-button-press-627ms	n/a	n/a	0.627	n/a	n/a
3497.066	0	1748533	standard_tone	active_oddball	standard	n/a	n/a	n/a	n/a	n/a
3498.100	0	1749050	oddball_tone	active_oddball	oddball	n/a	n/a	n/a	n/a	n/a
3499.048	0	1749524	clicker_press	active_oddball	response-received-page_up	n/a	n/a	n/a	n/a	page_up
3499.198	0	1749599	oddball_response	active_oddball	active-oddball-button-press-943ms	n/a	n/a	0.943	n/a	n/a
3499.200	0	1749600	standard_tone	active_oddball	standard	n/a	n/a	n/a	n/a	n/a
3500.232	0	1750116	standard_tone	active_oddball	standard	n/a	n/a	n/a	n/a	n/a
3501.246	0	1750623	standard_tone	active_oddball	standard	n/a	n/a	n/a	n/a	n/a
3502.262	0	1751131	distractor_noise	active_oddball	distractor	n/a	n/a	n/a	n/a	n/a
3503.328	0	1751664	standard_tone	active_oddball	standard	n/a	n/a	n/a	n/a	n/a
3504.344	0	1752172	standard_tone	active_oddball	standard	n/a	n/a	n/a	n/a	n/a
3505.376	0	1752688	distractor_noise	active_oddball	distractor	n/a	n/a	n/a	n/a	n/a
3506.392	0	1753196	oddball_tone	active_oddball	oddball	n/a	n/a	n/a	n/a	n/a
3507.158	0	1753579	clicker_press	active_oddball	response-received-page_up	n/a	n/a	n/a	n/a	page_up
3507.192	0	1753596	oddball_response	active_oddball	active-oddball-button-press-759ms	n/a	n/a	0.759	n/a	n/a
3507.408	0	1753704	standard_tone	active_oddball	standard	n/a	n/a	n/a	n/a	n/a
3508.508	0	1754254	standard_tone	active_oddball	standard	n/a	n/a	n/a	n/a	n/a
3509.556	0	1754778	standard_tone	active_oddball	standard	n/a	n/a	n/a	n/a	n/a
3510.606	0	1755303	standard_tone	active_oddball	standard	n/a	n/a	n/a	n/a	n/a
3511.704	0	1755852	standard_tone	active_oddball	standard	n/a	n/a	n/a	n/a	n/a
3512.754	0	1756377	standard_tone	active_oddball	standard	n/a	n/a	n/a	n/a	n/a
3513.786	0	1756893	oddball_tone	active_oddball	oddball	n/a	n/a	n/a	n/a	n/a
3514.618	0	1757309	clicker_press	active_oddball	response-received-page_up	n/a	n/a	n/a	n/a	page_up
3514.652	0	1757326	oddball_response	active_oddball	active-oddball-button-press-826ms	n/a	n/a	0.826	n/a	n/a
3514.868	0	1757434	standard_tone	active_oddball	standard	n/a	n/a	n/a	n/a	n/a
3515.934	0	1757967	oddball_tone	active_oddball	oddball	n/a	n/a	n/a	n/a	n/a
3517.066	0	1758533	standard_tone	active_oddball	standard	n/a	n/a	n/a	n/a	n/a
3517.216	0	1758608	clicker_press	active_oddball	response-received-page_up	n/a	n/a	n/a	n/a	page_up
3517.266	0	1758633	oddball_response	active_oddball	active-oddball-button-press-144ms	n/a	n/a	0.144	n/a	n/a
3518.266	0	1759133	standard_tone	active_oddball	standard	n/a	n/a	n/a	n/a	n/a
3519.316	0	1759658	standard_tone	active_oddball	standard	n/a	n/a	n/a	n/a	n/a
3520.382	0	1760191	standard_tone	active_oddball	standard	n/a	n/a	n/a	n/a	n/a
3521.430	0	1760715	standard_tone	active_oddball	standard	n/a	n/a	n/a	n/a	n/a
3522.446	0	1761223	standard_tone	active_oddball	standard	n/a	n/a	n/a	n/a	n/a
3523.512	0	1761756	standard_tone	active_oddball	standard	n/a	n/a	n/a	n/a	n/a
3524.562	0	1762281	distractor_noise	active_oddball	distractor	n/a	n/a	n/a	n/a	n/a
3525.610	0	1762805	standard_tone	active_oddball	standard	n/a	n/a	n/a	n/a	n/a
3526.626	0	1763313	oddball_tone	active_oddball	oddball	n/a	n/a	n/a	n/a	n/a
3527.458	0	1763729	clicker_press	active_oddball	response-received-page_up	n/a	n/a	n/a	n/a	page_up
3527.558	0	1763779	oddball_response	active_oddball	active-oddball-button-press-826ms	n/a	n/a	0.826	n/a	n/a
3527.658	0	1763829	standard_tone	active_oddball	standard	n/a	n/a	n/a	n/a	n/a
3528.708	0	1764354	standard_tone	active_oddball	standard	n/a	n/a	n/a	n/a	n/a
3529.856	0	1764928	standard_tone	active_oddball	standard	n/a	n/a	n/a	n/a	n/a
3530.938	0	1765469	standard_tone	active_oddball	standard	n/a	n/a	n/a	n/a	n/a
3532.006	0	1766003	standard_tone	active_oddball	standard	n/a	n/a	n/a	n/a	n/a
3533.054	0	1766527	distractor_noise	active_oddball	distractor	n/a	n/a	n/a	n/a	n/a
3534.086	0	1767043	standard_tone	active_oddball	standard	n/a	n/a	n/a	n/a	n/a
3535.136	0	1767568	standard_tone	active_oddball	standard	n/a	n/a	n/a	n/a	n/a
3536.152	0	1768076	standard_tone	active_oddball	standard	n/a	n/a	n/a	n/a	n/a
3537.200	0	1768600	standard_tone	active_oddball	standard	n/a	n/a	n/a	n/a	n/a
3538.232	0	1769116	standard_tone	active_oddball	standard	n/a	n/a	n/a	n/a	n/a
3539.248	0	1769624	standard_tone	active_oddball	standard	n/a	n/a	n/a	n/a	n/a
3540.264	0	1770132	oddball_tone	active_oddball	oddball	n/a	n/a	n/a	n/a	n/a
3541.048	0	1770524	clicker_press	active_oddball	response-received-page_up	n/a	n/a	n/a	n/a	page_up
3541.080	0	1770540	oddball_response	active_oddball	active-oddball-button-press-777ms	n/a	n/a	0.777	n/a	n/a
3541.296	0	1770648	standard_tone	active_oddball	standard	n/a	n/a	n/a	n/a	n/a
3542.346	0	1771173	standard_tone	active_oddball	standard	n/a	n/a	n/a	n/a	n/a
3543.362	0	1771681	standard_tone	active_oddball	standard	n/a	n/a	n/a	n/a	n/a
3544.510	0	1772255	standard_tone	active_oddball	standard	n/a	n/a	n/a	n/a	n/a
3545.660	0	1772830	standard_tone	active_oddball	standard	n/a	n/a	n/a	n/a	n/a
3546.708	0	1773354	standard_tone	active_oddball	standard	n/a	n/a	n/a	n/a	n/a
3547.858	0	1773929	standard_tone	active_oddball	standard	n/a	n/a	n/a	n/a	n/a
3548.906	0	1774453	distractor_noise	active_oddball	distractor	n/a	n/a	n/a	n/a	n/a
3549.922	0	1774961	standard_tone	active_oddball	standard	n/a	n/a	n/a	n/a	n/a
3551.072	0	1775536	standard_tone	active_oddball	standard	n/a	n/a	n/a	n/a	n/a
3552.088	0	1776044	standard_tone	active_oddball	standard	n/a	n/a	n/a	n/a	n/a
3553.104	0	1776552	standard_tone	active_oddball	standard	n/a	n/a	n/a	n/a	n/a
3554.202	0	1777101	standard_tone	active_oddball	standard	n/a	n/a	n/a	n/a	n/a
3555.218	0	1777609	standard_tone	active_oddball	standard	n/a	n/a	n/a	n/a	n/a
3556.284	0	1778142	standard_tone	active_oddball	standard	n/a	n/a	n/a	n/a	n/a
3557.684	0	1778842	standard_tone	active_oddball	standard	n/a	n/a	n/a	n/a	n/a
3558.750	0	1779375	standard_tone	active_oddball	standard	n/a	n/a	n/a	n/a	n/a
3559.782	0	1779891	standard_tone	active_oddball	standard	n/a	n/a	n/a	n/a	n/a
3560.814	0	1780407	standard_tone	active_oddball	standard	n/a	n/a	n/a	n/a	n/a
3562.062	0	1781031	standard_tone	active_oddball	standard	n/a	n/a	n/a	n/a	n/a
3563.096	0	1781548	standard_tone	active_oddball	standard	n/a	n/a	n/a	n/a	n/a
3564.112	0	1782056	standard_tone	active_oddball	standard	n/a	n/a	n/a	n/a	n/a
3565.126	0	1782563	standard_tone	active_oddball	standard	n/a	n/a	n/a	n/a	n/a
3566.144	0	1783072	standard_tone	active_oddball	standard	n/a	n/a	n/a	n/a	n/a
3567.176	0	1783588	standard_tone	active_oddball	standard	n/a	n/a	n/a	n/a	n/a
3568.224	0	1784112	distractor_noise	active_oddball	distractor	n/a	n/a	n/a	n/a	n/a
3569.240	0	1784620	standard_tone	active_oddball	standard	n/a	n/a	n/a	n/a	n/a
3570.256	0	1785128	standard_tone	active_oddball	standard	n/a	n/a	n/a	n/a	n/a
3571.322	0	1785661	standard_tone	active_oddball	standard	n/a	n/a	n/a	n/a	n/a
3572.338	0	1786169	distractor_noise	active_oddball	distractor	n/a	n/a	n/a	n/a	n/a
3573.486	0	1786743	standard_tone	active_oddball	standard	n/a	n/a	n/a	n/a	n/a
3574.502	0	1787251	standard_tone	active_oddball	standard	n/a	n/a	n/a	n/a	n/a
3575.518	0	1787759	distractor_noise	active_oddball	distractor	n/a	n/a	n/a	n/a	n/a
3576.550	0	1788275	standard_tone	active_oddball	standard	n/a	n/a	n/a	n/a	n/a
3577.600	0	1788800	oddball_tone	active_oddball	oddball	n/a	n/a	n/a	n/a	n/a
3578.482	0	1789241	clicker_press	active_oddball	response-received-page_up	n/a	n/a	n/a	n/a	page_up
3578.516	0	1789258	oddball_response	active_oddball	active-oddball-button-press-875ms	n/a	n/a	0.875	n/a	n/a
3578.616	0	1789308	standard_tone	active_oddball	standard	n/a	n/a	n/a	n/a	n/a
3579.632	0	1789816	standard_tone	active_oddball	standard	n/a	n/a	n/a	n/a	n/a
3580.730	0	1790365	distractor_noise	active_oddball	distractor	n/a	n/a	n/a	n/a	n/a
3581.762	0	1790881	oddball_tone	active_oddball	oddball	n/a	n/a	n/a	n/a	n/a
3582.530	0	1791265	clicker_press	active_oddball	response-received-page_up	n/a	n/a	n/a	n/a	page_up
3582.546	0	1791273	oddball_response	active_oddball	active-oddball-button-press-760ms	n/a	n/a	0.760	n/a	n/a
3582.896	0	1791448	standard_tone	active_oddball	standard	n/a	n/a	n/a	n/a	n/a
3583.962	0	1791981	standard_tone	active_oddball	standard	n/a	n/a	n/a	n/a	n/a
3585.028	0	1792514	standard_tone	active_oddball	standard	n/a	n/a	n/a	n/a	n/a
3586.060	0	1793030	distractor_noise	active_oddball	distractor	n/a	n/a	n/a	n/a	n/a
3587.192	0	1793596	standard_tone	active_oddball	standard	n/a	n/a	n/a	n/a	n/a
3588.208	0	1794104	standard_tone	active_oddball	standard	n/a	n/a	n/a	n/a	n/a
3589.224	0	1794612	standard_tone	active_oddball	standard	n/a	n/a	n/a	n/a	n/a
3590.390	0	1795195	standard_tone	active_oddball	standard	n/a	n/a	n/a	n/a	n/a
3591.438	0	1795719	standard_tone	active_oddball	standard	n/a	n/a	n/a	n/a	n/a
3592.506	0	1796253	oddball_tone	active_oddball	oddball	n/a	n/a	n/a	n/a	n/a
3593.370	0	1796685	clicker_press	active_oddball	response-received-page_up	n/a	n/a	n/a	n/a	page_up
3593.404	0	1796702	oddball_response	active_oddball	active-oddball-button-press-858ms	n/a	n/a	0.858	n/a	n/a
3593.620	0	1796810	standard_tone	active_oddball	standard	n/a	n/a	n/a	n/a	n/a
3594.636	0	1797318	standard_tone	active_oddball	standard	n/a	n/a	n/a	n/a	n/a
3595.652	0	1797826	standard_tone	active_oddball	standard	n/a	n/a	n/a	n/a	n/a
3596.684	0	1798342	standard_tone	active_oddball	standard	n/a	n/a	n/a	n/a	n/a
3597.700	0	1798850	standard_tone	active_oddball	standard	n/a	n/a	n/a	n/a	n/a
3598.750	0	1799375	oddball_tone	active_oddball	oddball	n/a	n/a	n/a	n/a	n/a
3599.764	0	1799882	clicker_press	active_oddball	response-received-page_up	n/a	n/a	n/a	n/a	page_up
3599.814	0	1799907	oddball_response	active_oddball	active-oddball-button-press-1010ms	n/a	n/a	1.010	n/a	n/a
3599.816	0	1799908	standard_tone	active_oddball	standard	n/a	n/a	n/a	n/a	n/a
3600.864	0	1800432	standard_tone	active_oddball	standard	n/a	n/a	n/a	n/a	n/a
3601.880	0	1800940	oddball_tone	active_oddball	oddball	n/a	n/a	n/a	n/a	n/a
3602.912	0	1801456	clicker_press	active_oddball	response-received-page_up	n/a	n/a	n/a	n/a	page_up
3602.914	0	1801457	oddball_response	active_oddball	active-oddball-button-press-1026ms	n/a	n/a	1.026	n/a	n/a
3602.914	0	1801457	standard_tone	active_oddball	standard	n/a	n/a	n/a	n/a	n/a
3603.928	0	1801964	standard_tone	active_oddball	standard	n/a	n/a	n/a	n/a	n/a
3604.994	0	1802497	standard_tone	active_oddball	standard	n/a	n/a	n/a	n/a	n/a
3606.010	0	1803005	standard_tone	active_oddball	standard	n/a	n/a	n/a	n/a	n/a
3607.042	0	1803521	standard_tone	active_oddball	standard	n/a	n/a	n/a	n/a	n/a
3608.058	0	1804029	oddball_tone	active_oddball	oddball	n/a	n/a	n/a	n/a	n/a
3608.858	0	1804429	clicker_press	active_oddball	response-received-page_up	n/a	n/a	n/a	n/a	page_up
3608.990	0	1804495	oddball_response	active_oddball	active-oddball-button-press-793ms	n/a	n/a	0.793	n/a	n/a
3609.156	0	1804578	standard_tone	active_oddball	standard	n/a	n/a	n/a	n/a	n/a
3610.206	0	1805103	distractor_noise	active_oddball	distractor	n/a	n/a	n/a	n/a	n/a
3611.306	0	1805653	standard_tone	active_oddball	standard	n/a	n/a	n/a	n/a	n/a
3612.338	0	1806169	standard_tone	active_oddball	standard	n/a	n/a	n/a	n/a	n/a
3613.370	0	1806685	standard_tone	active_oddball	standard	n/a	n/a	n/a	n/a	n/a
3614.386	0	1807193	standard_tone	active_oddball	standard	n/a	n/a	n/a	n/a	n/a
3615.418	0	1807709	distractor_noise	active_oddball	distractor	n/a	n/a	n/a	n/a	n/a
3616.434	0	1808217	standard_tone	active_oddball	standard	n/a	n/a	n/a	n/a	n/a
3617.466	0	1808733	standard_tone	active_oddball	standard	n/a	n/a	n/a	n/a	n/a
3618.516	0	1809258	standard_tone	active_oddball	standard	n/a	n/a	n/a	n/a	n/a
3619.532	0	1809766	standard_tone	active_oddball	standard	n/a	n/a	n/a	n/a	n/a
3620.598	0	1810299	standard_tone	active_oddball	standard	n/a	n/a	n/a	n/a	n/a
3621.630	0	1810815	standard_tone	active_oddball	standard	n/a	n/a	n/a	n/a	n/a
3622.712	0	1811356	standard_tone	active_oddball	standard	n/a	n/a	n/a	n/a	n/a
3623.828	0	1811914	standard_tone	active_oddball	standard	n/a	n/a	n/a	n/a	n/a
3624.928	0	1812464	standard_tone	active_oddball	standard	n/a	n/a	n/a	n/a	n/a
3626.176	0	1813088	standard_tone	active_oddball	standard	n/a	n/a	n/a	n/a	n/a
3627.226	0	1813613	oddball_tone	active_oddball	oddball	n/a	n/a	n/a	n/a	n/a
3628.008	0	1814004	clicker_press	active_oddball	response-received-page_down	n/a	n/a	n/a	n/a	page_down
3628.108	0	1814054	oddball_response	active_oddball	active-oddball-button-press-776ms	n/a	n/a	0.776	n/a	n/a
3628.274	0	1814137	standard_tone	active_oddball	standard	n/a	n/a	n/a	n/a	n/a
3629.290	0	1814645	standard_tone	active_oddball	standard	n/a	n/a	n/a	n/a	n/a
3630.360	0	1815180	standard_tone	active_oddball	standard	n/a	n/a	n/a	n/a	n/a
3631.372	0	1815686	standard_tone	active_oddball	standard	n/a	n/a	n/a	n/a	n/a
3632.404	0	1816202	standard_tone	active_oddball	standard	n/a	n/a	n/a	n/a	n/a
3633.470	0	1816735	oddball_tone	active_oddball	oddball	n/a	n/a	n/a	n/a	n/a
3634.370	0	1817185	clicker_press	active_oddball	response-received-page_down	n/a	n/a	n/a	n/a	page_down
3634.388	0	1817194	oddball_response	active_oddball	active-oddball-button-press-894ms	n/a	n/a	0.894	n/a	n/a
3634.502	0	1817251	distractor_noise	active_oddball	distractor	n/a	n/a	n/a	n/a	n/a
3635.536	0	1817768	standard_tone	active_oddball	standard	n/a	n/a	n/a	n/a	n/a
3636.584	0	1818292	standard_tone	active_oddball	standard	n/a	n/a	n/a	n/a	n/a
3637.650	0	1818825	standard_tone	active_oddball	standard	n/a	n/a	n/a	n/a	n/a
3638.700	0	1819350	standard_tone	active_oddball	standard	n/a	n/a	n/a	n/a	n/a
3639.716	0	1819858	oddball_tone	active_oddball	oddball	n/a	n/a	n/a	n/a	n/a
3640.448	0	1820224	clicker_press	active_oddball	response-received-page_down	n/a	n/a	n/a	n/a	page_down
3640.466	0	1820233	oddball_response	active_oddball	active-oddball-button-press-727ms	n/a	n/a	0.727	n/a	n/a
3640.748	0	1820374	standard_tone	active_oddball	standard	n/a	n/a	n/a	n/a	n/a
3641.780	0	1820890	standard_tone	active_oddball	standard	n/a	n/a	n/a	n/a	n/a
3642.846	0	1821423	distractor_noise	active_oddball	distractor	n/a	n/a	n/a	n/a	n/a
3643.862	0	1821931	standard_tone	active_oddball	standard	n/a	n/a	n/a	n/a	n/a
3645.044	0	1822522	standard_tone	active_oddball	standard	n/a	n/a	n/a	n/a	n/a
3646.110	0	1823055	standard_tone	active_oddball	standard	n/a	n/a	n/a	n/a	n/a
3647.142	0	1823571	distractor_noise	active_oddball	distractor	n/a	n/a	n/a	n/a	n/a
3648.174	0	1824087	standard_tone	active_oddball	standard	n/a	n/a	n/a	n/a	n/a
3649.256	0	1824628	standard_tone	active_oddball	standard	n/a	n/a	n/a	n/a	n/a
3650.424	0	1825212	standard_tone	active_oddball	standard	n/a	n/a	n/a	n/a	n/a
3651.438	0	1825719	oddball_tone	active_oddball	oddball	n/a	n/a	n/a	n/a	n/a
3652.172	0	1826086	clicker_press	active_oddball	response-received-page_down	n/a	n/a	n/a	n/a	page_down
3652.204	0	1826102	oddball_response	active_oddball	active-oddball-button-press-726ms	n/a	n/a	0.726	n/a	n/a
3652.488	0	1826244	standard_tone	active_oddball	standard	n/a	n/a	n/a	n/a	n/a
3653.504	0	1826752	standard_tone	active_oddball	standard	n/a	n/a	n/a	n/a	n/a
3654.520	0	1827260	oddball_tone	active_oddball	oddball	n/a	n/a	n/a	n/a	n/a
3655.536	0	1827768	clicker_press	active_oddball	response-received-page_down	n/a	n/a	n/a	n/a	page_down
3655.536	0	1827768	oddball_response	active_oddball	active-oddball-button-press-1009ms	n/a	n/a	1.009	n/a	n/a
3655.538	0	1827769	standard_tone	active_oddball	standard	n/a	n/a	n/a	n/a	n/a
3656.552	0	1828276	standard_tone	active_oddball	standard	n/a	n/a	n/a	n/a	n/a
3657.584	0	1828792	standard_tone	active_oddball	standard	n/a	n/a	n/a	n/a	n/a
3658.600	0	1829300	standard_tone	active_oddball	standard	n/a	n/a	n/a	n/a	n/a
3659.682	0	1829841	oddball_tone	active_oddball	oddball	n/a	n/a	n/a	n/a	n/a
3660.548	0	1830274	clicker_press	active_oddball	response-received-page_down	n/a	n/a	n/a	n/a	page_down
3660.680	0	1830340	oddball_response	active_oddball	active-oddball-button-press-859ms	n/a	n/a	0.859	n/a	n/a
3660.698	0	1830349	standard_tone	active_oddball	standard	n/a	n/a	n/a	n/a	n/a
3661.748	0	1830874	oddball_tone	active_oddball	oddball	n/a	n/a	n/a	n/a	n/a
3662.630	0	1831315	clicker_press	active_oddball	response-received-page_down	n/a	n/a	n/a	n/a	page_down
3662.646	0	1831323	oddball_response	active_oddball	active-oddball-button-press-874ms	n/a	n/a	0.874	n/a	n/a
3662.780	0	1831390	standard_tone	active_oddball	standard	n/a	n/a	n/a	n/a	n/a
3663.796	0	1831898	standard_tone	active_oddball	standard	n/a	n/a	n/a	n/a	n/a
3664.828	0	1832414	standard_tone	active_oddball	standard	n/a	n/a	n/a	n/a	n/a
3665.844	0	1832922	distractor_noise	active_oddball	distractor	n/a	n/a	n/a	n/a	n/a
3666.460	0	1833230	clicker_press	active_oddball	response-received-page_down	n/a	n/a	n/a	n/a	page_down
3666.478	0	1833239	oddball_response	active_oddball	active-oddball-button-press-610ms	n/a	n/a	0.610	n/a	n/a
3666.860	0	1833430	standard_tone	active_oddball	standard	n/a	n/a	n/a	n/a	n/a
3667.926	0	1833963	standard_tone	active_oddball	standard	n/a	n/a	n/a	n/a	n/a
3668.958	0	1834479	oddball_tone	active_oddball	oddball	n/a	n/a	n/a	n/a	n/a
3669.990	0	1834995	standard_tone	active_oddball	standard	n/a	n/a	n/a	n/a	n/a
3670.090	0	1835045	clicker_press	active_oddball	response-received-page_down	n/a	n/a	n/a	n/a	page_down
3670.122	0	1835061	oddball_response	active_oddball	active-oddball-button-press-93ms	n/a	n/a	0.093	n/a	n/a
3671.006	0	1835503	standard_tone	active_oddball	standard	n/a	n/a	n/a	n/a	n/a
3672.072	0	1836036	distractor_noise	active_oddball	distractor	n/a	n/a	n/a	n/a	n/a
3673.188	0	1836594	oddball_tone	active_oddball	oddball	n/a	n/a	n/a	n/a	n/a
3674.052	0	1837026	clicker_press	active_oddball	response-received-page_down	n/a	n/a	n/a	n/a	page_down
3674.070	0	1837035	oddball_response	active_oddball	active-oddball-button-press-859ms	n/a	n/a	0.859	n/a	n/a
3674.270	0	1837135	standard_tone	active_oddball	standard	n/a	n/a	n/a	n/a	n/a
3675.418	0	1837709	oddball_tone	active_oddball	oddball	n/a	n/a	n/a	n/a	n/a
3676.252	0	1838126	clicker_press	active_oddball	response-received-page_down	n/a	n/a	n/a	n/a	page_down
3676.268	0	1838134	oddball_response	active_oddball	active-oddball-button-press-826ms	n/a	n/a	0.826	n/a	n/a
3676.518	0	1838259	standard_tone	active_oddball	standard	n/a	n/a	n/a	n/a	n/a
3677.534	0	1838767	standard_tone	active_oddball	standard	n/a	n/a	n/a	n/a	n/a
3678.566	0	1839283	standard_tone	active_oddball	standard	n/a	n/a	n/a	n/a	n/a
3679.648	0	1839824	standard_tone	active_oddball	standard	n/a	n/a	n/a	n/a	n/a
3680.664	0	1840332	standard_tone	active_oddball	standard	n/a	n/a	n/a	n/a	n/a
3681.780	0	1840890	distractor_noise	active_oddball	distractor	n/a	n/a	n/a	n/a	n/a
3682.812	0	1841406	standard_tone	active_oddball	standard	n/a	n/a	n/a	n/a	n/a
3683.844	0	1841922	standard_tone	active_oddball	standard	n/a	n/a	n/a	n/a	n/a
3684.862	0	1842431	standard_tone	active_oddball	standard	n/a	n/a	n/a	n/a	n/a
3685.894	0	1842947	standard_tone	active_oddball	standard	n/a	n/a	n/a	n/a	n/a
3686.976	0	1843488	standard_tone	active_oddball	standard	n/a	n/a	n/a	n/a	n/a
3687.992	0	1843996	standard_tone	active_oddball	standard	n/a	n/a	n/a	n/a	n/a
3689.008	0	1844504	standard_tone	active_oddball	standard	n/a	n/a	n/a	n/a	n/a
3690.074	0	1845037	standard_tone	active_oddball	standard	n/a	n/a	n/a	n/a	n/a
3691.106	0	1845553	distractor_noise	active_oddball	distractor	n/a	n/a	n/a	n/a	n/a
3692.188	0	1846094	standard_tone	active_oddball	standard	n/a	n/a	n/a	n/a	n/a
3693.220	0	1846610	standard_tone	active_oddball	standard	n/a	n/a	n/a	n/a	n/a
3694.270	0	1847135	standard_tone	active_oddball	standard	n/a	n/a	n/a	n/a	n/a
3695.302	0	1847651	distractor_noise	active_oddball	distractor	n/a	n/a	n/a	n/a	n/a
3696.402	0	1848201	standard_tone	active_oddball	standard	n/a	n/a	n/a	n/a	n/a
3697.484	0	1848742	standard_tone	active_oddball	standard	n/a	n/a	n/a	n/a	n/a
3698.500	0	1849250	standard_tone	active_oddball	standard	n/a	n/a	n/a	n/a	n/a
3699.582	0	1849791	standard_tone	active_oddball	standard	n/a	n/a	n/a	n/a	n/a
3700.632	0	1850316	standard_tone	active_oddball	standard	n/a	n/a	n/a	n/a	n/a
3701.648	0	1850824	standard_tone	active_oddball	standard	n/a	n/a	n/a	n/a	n/a
3702.664	0	1851332	oddball_tone	active_oddball	oddball	n/a	n/a	n/a	n/a	n/a
3703.712	0	1851856	standard_tone	active_oddball	standard	n/a	n/a	n/a	n/a	n/a
3704.728	0	1852364	standard_tone	active_oddball	standard	n/a	n/a	n/a	n/a	n/a
3705.760	0	1852880	distractor_noise	active_oddball	distractor	n/a	n/a	n/a	n/a	n/a
3706.826	0	1853413	standard_tone	active_oddball	standard	n/a	n/a	n/a	n/a	n/a
3707.876	0	1853938	standard_tone	active_oddball	standard	n/a	n/a	n/a	n/a	n/a
3708.942	0	1854471	distractor_noise	active_oddball	distractor	n/a	n/a	n/a	n/a	n/a
3709.956	0	1854978	standard_tone	active_oddball	standard	n/a	n/a	n/a	n/a	n/a
3710.974	0	1855487	standard_tone	active_oddball	standard	n/a	n/a	n/a	n/a	n/a
3712.022	0	1856011	standard_tone	active_oddball	standard	n/a	n/a	n/a	n/a	n/a
3713.038	0	1856519	standard_tone	active_oddball	standard	n/a	n/a	n/a	n/a	n/a
3714.086	0	1857043	standard_tone	active_oddball	standard	n/a	n/a	n/a	n/a	n/a
3715.152	0	1857576	standard_tone	active_oddball	standard	n/a	n/a	n/a	n/a	n/a
3716.202	0	1858101	standard_tone	active_oddball	standard	n/a	n/a	n/a	n/a	n/a
3717.284	0	1858642	standard_tone	active_oddball	standard	n/a	n/a	n/a	n/a	n/a
3718.334	0	1859167	distractor_noise	active_oddball	distractor	n/a	n/a	n/a	n/a	n/a
3719.432	0	1859716	standard_tone	active_oddball	standard	n/a	n/a	n/a	n/a	n/a
3720.448	0	1860224	standard_tone	active_oddball	standard	n/a	n/a	n/a	n/a	n/a
3721.498	0	1860749	standard_tone	active_oddball	standard	n/a	n/a	n/a	n/a	n/a
3722.546	0	1861273	standard_tone	active_oddball	standard	n/a	n/a	n/a	n/a	n/a
3723.580	0	1861790	standard_tone	active_oddball	standard	n/a	n/a	n/a	n/a	n/a
3724.612	0	1862306	standard_tone	active_oddball	standard	n/a	n/a	n/a	n/a	n/a
3725.678	0	1862839	standard_tone	active_oddball	standard	n/a	n/a	n/a	n/a	n/a
3726.744	0	1863372	distractor_noise	active_oddball	distractor	n/a	n/a	n/a	n/a	n/a
3727.842	0	1863921	standard_tone	active_oddball	standard	n/a	n/a	n/a	n/a	n/a
3728.924	0	1864462	standard_tone	active_oddball	standard	n/a	n/a	n/a	n/a	n/a
3729.990	0	1864995	standard_tone	active_oddball	standard	n/a	n/a	n/a	n/a	n/a
3731.006	0	1865503	standard_tone	active_oddball	standard	n/a	n/a	n/a	n/a	n/a
3732.022	0	1866011	distractor_noise	active_oddball	distractor	n/a	n/a	n/a	n/a	n/a
3733.054	0	1866527	standard_tone	active_oddball	standard	n/a	n/a	n/a	n/a	n/a
3734.138	0	1867069	standard_tone	active_oddball	standard	n/a	n/a	n/a	n/a	n/a
3735.186	0	1867593	standard_tone	active_oddball	standard	n/a	n/a	n/a	n/a	n/a
3736.202	0	1868101	distractor_noise	active_oddball	distractor	n/a	n/a	n/a	n/a	n/a
3737.318	0	1868659	oddball_tone	active_oddball	oddball	n/a	n/a	n/a	n/a	n/a
3738.350	0	1869175	standard_tone	active_oddball	standard	n/a	n/a	n/a	n/a	n/a
3739.398	0	1869699	standard_tone	active_oddball	standard	n/a	n/a	n/a	n/a	n/a
3740.448	0	1870224	standard_tone	active_oddball	standard	n/a	n/a	n/a	n/a	n/a
3741.464	0	1870732	standard_tone	active_oddball	standard	n/a	n/a	n/a	n/a	n/a
3742.680	0	1871340	standard_tone	active_oddball	standard	n/a	n/a	n/a	n/a	n/a
3743.712	0	1871856	standard_tone	active_oddball	standard	n/a	n/a	n/a	n/a	n/a
3744.744	0	1872372	standard_tone	active_oddball	standard	n/a	n/a	n/a	n/a	n/a
3745.778	0	1872889	standard_tone	active_oddball	standard	n/a	n/a	n/a	n/a	n/a
3746.810	0	1873405	standard_tone	active_oddball	standard	n/a	n/a	n/a	n/a	n/a
3747.876	0	1873938	standard_tone	active_oddball	standard	n/a	n/a	n/a	n/a	n/a
3748.892	0	1874446	standard_tone	active_oddball	standard	n/a	n/a	n/a	n/a	n/a
3749.940	0	1874970	standard_tone	active_oddball	standard	n/a	n/a	n/a	n/a	n/a
3750.990	0	1875495	standard_tone	active_oddball	standard	n/a	n/a	n/a	n/a	n/a
3752.022	0	1876011	standard_tone	active_oddball	standard	n/a	n/a	n/a	n/a	n/a
3753.070	0	1876535	standard_tone	active_oddball	standard	n/a	n/a	n/a	n/a	n/a
3754.102	0	1877051	oddball_tone	active_oddball	oddball	n/a	n/a	n/a	n/a	n/a
3755.118	0	1877559	standard_tone	active_oddball	standard	n/a	n/a	n/a	n/a	n/a
3756.134	0	1878067	standard_tone	active_oddball	standard	n/a	n/a	n/a	n/a	n/a
3757.150	0	1878575	standard_tone	active_oddball	standard	n/a	n/a	n/a	n/a	n/a
3758.166	0	1879083	standard_tone	active_oddball	standard	n/a	n/a	n/a	n/a	n/a
3759.216	0	1879608	standard_tone	active_oddball	standard	n/a	n/a	n/a	n/a	n/a
3760.232	0	1880116	standard_tone	active_oddball	standard	n/a	n/a	n/a	n/a	n/a
3761.248	0	1880624	standard_tone	active_oddball	standard	n/a	n/a	n/a	n/a	n/a
3762.296	0	1881148	standard_tone	active_oddball	standard	n/a	n/a	n/a	n/a	n/a
3763.312	0	1881656	standard_tone	active_oddball	standard	n/a	n/a	n/a	n/a	n/a
3764.328	0	1882164	distractor_noise	active_oddball	distractor	n/a	n/a	n/a	n/a	n/a
3765.362	0	1882681	standard_tone	active_oddball	standard	n/a	n/a	n/a	n/a	n/a
3766.376	0	1883188	standard_tone	active_oddball	standard	n/a	n/a	n/a	n/a	n/a
3767.408	0	1883704	active_oddball_end	active_oddball	active-oddball-end	n/a	n/a	n/a	n/a	n/a
3767.410	0	1883705	prompt_window_begin	active_oddball	probe-oddball-begin	n/a	n/a	n/a	n/a	n/a
3776.434	0	1888217	depth_rating	active_oddball	rating-oddball-meditation_depth-0	0	n/a	n/a	n/a	n/a
3786.526	0	1893263	confidence_rating	active_oddball	rating-oddball-confidence_depth-0	n/a	0	n/a	n/a	n/a
3787.626	0	1893813	prompt_window_end	active_oddball	probe-oddball-end	n/a	n/a	n/a	n/a	n/a
4267.028	0	2133514	clicker_press	n/a	response-received-page_up	n/a	n/a	n/a	n/a	page_up
4267.054	0	2133527	sapo_probe_begin	sapo_probe	block-sapo-probe-begin	n/a	n/a	n/a	n/a	n/a
4267.066	0	2133533	subblock_begin	sapo_probe	subblock-begin	n/a	n/a	n/a	n/a	n/a
4267.068	0	2133534	silence_begin	sapo_probe	silence-begin	n/a	n/a	n/a	n/a	n/a
4267.068	0	2133534	standard_tone	sapo_probe	standard	n/a	n/a	n/a	n/a	n/a
4268.076	0	2134038	standard_tone	sapo_probe	standard	n/a	n/a	n/a	n/a	n/a
4269.092	0	2134546	standard_tone	sapo_probe	standard	n/a	n/a	n/a	n/a	n/a
4270.092	0	2135046	standard_tone	sapo_probe	standard	n/a	n/a	n/a	n/a	n/a
4271.108	0	2135554	standard_tone	sapo_probe	standard	n/a	n/a	n/a	n/a	n/a
4272.124	0	2136062	standard_tone	sapo_probe	standard	n/a	n/a	n/a	n/a	n/a
4273.140	0	2136570	standard_tone	sapo_probe	standard	n/a	n/a	n/a	n/a	n/a
4274.156	0	2137078	standard_tone	sapo_probe	standard	n/a	n/a	n/a	n/a	n/a
4275.172	0	2137586	standard_tone	sapo_probe	standard	n/a	n/a	n/a	n/a	n/a
4276.188	0	2138094	standard_tone	sapo_probe	standard	n/a	n/a	n/a	n/a	n/a
4277.204	0	2138602	standard_tone	sapo_probe	standard	n/a	n/a	n/a	n/a	n/a
4278.220	0	2139110	standard_tone	sapo_probe	standard	n/a	n/a	n/a	n/a	n/a
4279.236	0	2139618	standard_tone	sapo_probe	standard	n/a	n/a	n/a	n/a	n/a
4280.250	0	2140125	standard_tone	sapo_probe	standard	n/a	n/a	n/a	n/a	n/a
4281.266	0	2140633	oddball_tone	sapo_probe	oddball	n/a	n/a	n/a	n/a	n/a
4282.282	0	2141141	standard_tone	sapo_probe	standard	n/a	n/a	n/a	n/a	n/a
4283.298	0	2141649	distractor_noise	sapo_probe	distractor	n/a	n/a	n/a	n/a	n/a
4284.312	0	2142156	standard_tone	sapo_probe	standard	n/a	n/a	n/a	n/a	n/a
4285.314	0	2142657	standard_tone	sapo_probe	standard	n/a	n/a	n/a	n/a	n/a
4286.328	0	2143164	oddball_tone	sapo_probe	oddball	n/a	n/a	n/a	n/a	n/a
4287.344	0	2143672	standard_tone	sapo_probe	standard	n/a	n/a	n/a	n/a	n/a
4288.360	0	2144180	oddball_tone	sapo_probe	oddball	n/a	n/a	n/a	n/a	n/a
4289.376	0	2144688	standard_tone	sapo_probe	standard	n/a	n/a	n/a	n/a	n/a
4290.394	0	2145197	standard_tone	sapo_probe	standard	n/a	n/a	n/a	n/a	n/a
4291.408	0	2145704	standard_tone	sapo_probe	standard	n/a	n/a	n/a	n/a	n/a
4292.424	0	2146212	standard_tone	sapo_probe	standard	n/a	n/a	n/a	n/a	n/a
4293.440	0	2146720	distractor_noise	sapo_probe	distractor	n/a	n/a	n/a	n/a	n/a
4294.456	0	2147228	standard_tone	sapo_probe	standard	n/a	n/a	n/a	n/a	n/a
4295.472	0	2147736	oddball_tone	sapo_probe	oddball	n/a	n/a	n/a	n/a	n/a
4296.488	0	2148244	standard_tone	sapo_probe	standard	n/a	n/a	n/a	n/a	n/a
4297.488	0	2148744	distractor_noise	sapo_probe	distractor	n/a	n/a	n/a	n/a	n/a
4298.502	0	2149251	standard_tone	sapo_probe	standard	n/a	n/a	n/a	n/a	n/a
4299.518	0	2149759	standard_tone	sapo_probe	standard	n/a	n/a	n/a	n/a	n/a
4300.534	0	2150267	standard_tone	sapo_probe	standard	n/a	n/a	n/a	n/a	n/a
4301.550	0	2150775	standard_tone	sapo_probe	standard	n/a	n/a	n/a	n/a	n/a
4302.566	0	2151283	standard_tone	sapo_probe	standard	n/a	n/a	n/a	n/a	n/a
4303.582	0	2151791	standard_tone	sapo_probe	standard	n/a	n/a	n/a	n/a	n/a
4304.598	0	2152299	standard_tone	sapo_probe	standard	n/a	n/a	n/a	n/a	n/a
4305.612	0	2152806	oddball_tone	sapo_probe	oddball	n/a	n/a	n/a	n/a	n/a
4306.628	0	2153314	standard_tone	sapo_probe	standard	n/a	n/a	n/a	n/a	n/a
4307.644	0	2153822	standard_tone	sapo_probe	standard	n/a	n/a	n/a	n/a	n/a
4308.660	0	2154330	standard_tone	sapo_probe	standard	n/a	n/a	n/a	n/a	n/a
4309.676	0	2154838	standard_tone	sapo_probe	standard	n/a	n/a	n/a	n/a	n/a
4310.692	0	2155346	standard_tone	sapo_probe	standard	n/a	n/a	n/a	n/a	n/a
4311.692	0	2155846	standard_tone	sapo_probe	standard	n/a	n/a	n/a	n/a	n/a
4312.708	0	2156354	distractor_noise	sapo_probe	distractor	n/a	n/a	n/a	n/a	n/a
4313.722	0	2156861	standard_tone	sapo_probe	standard	n/a	n/a	n/a	n/a	n/a
4314.738	0	2157369	standard_tone	sapo_probe	standard	n/a	n/a	n/a	n/a	n/a
4315.754	0	2157877	standard_tone	sapo_probe	standard	n/a	n/a	n/a	n/a	n/a
4316.770	0	2158385	standard_tone	sapo_probe	standard	n/a	n/a	n/a	n/a	n/a
4317.786	0	2158893	standard_tone	sapo_probe	standard	n/a	n/a	n/a	n/a	n/a
4318.802	0	2159401	standard_tone	sapo_probe	standard	n/a	n/a	n/a	n/a	n/a
4319.818	0	2159909	standard_tone	sapo_probe	standard	n/a	n/a	n/a	n/a	n/a
4320.834	0	2160417	standard_tone	sapo_probe	standard	n/a	n/a	n/a	n/a	n/a
4321.850	0	2160925	distractor_noise	sapo_probe	distractor	n/a	n/a	n/a	n/a	n/a
4322.866	0	2161433	standard_tone	sapo_probe	standard	n/a	n/a	n/a	n/a	n/a
4323.882	0	2161941	distractor_noise	sapo_probe	distractor	n/a	n/a	n/a	n/a	n/a
4324.896	0	2162448	standard_tone	sapo_probe	standard	n/a	n/a	n/a	n/a	n/a
4325.914	0	2162957	standard_tone	sapo_probe	standard	n/a	n/a	n/a	n/a	n/a
4326.928	0	2163464	standard_tone	sapo_probe	standard	n/a	n/a	n/a	n/a	n/a
4327.944	0	2163972	standard_tone	sapo_probe	standard	n/a	n/a	n/a	n/a	n/a
4328.960	0	2164480	distractor_noise	sapo_probe	distractor	n/a	n/a	n/a	n/a	n/a
4329.976	0	2164988	standard_tone	sapo_probe	standard	n/a	n/a	n/a	n/a	n/a
4330.992	0	2165496	standard_tone	sapo_probe	standard	n/a	n/a	n/a	n/a	n/a
4332.008	0	2166004	distractor_noise	sapo_probe	distractor	n/a	n/a	n/a	n/a	n/a
4333.024	0	2166512	standard_tone	sapo_probe	standard	n/a	n/a	n/a	n/a	n/a
4334.040	0	2167020	standard_tone	sapo_probe	standard	n/a	n/a	n/a	n/a	n/a
4335.056	0	2167528	standard_tone	sapo_probe	standard	n/a	n/a	n/a	n/a	n/a
4336.070	0	2168035	standard_tone	sapo_probe	standard	n/a	n/a	n/a	n/a	n/a
4337.086	0	2168543	standard_tone	sapo_probe	standard	n/a	n/a	n/a	n/a	n/a
4338.102	0	2169051	standard_tone	sapo_probe	standard	n/a	n/a	n/a	n/a	n/a
4339.102	0	2169551	standard_tone	sapo_probe	standard	n/a	n/a	n/a	n/a	n/a
4340.118	0	2170059	standard_tone	sapo_probe	standard	n/a	n/a	n/a	n/a	n/a
4341.116	0	2170558	standard_tone	sapo_probe	standard	n/a	n/a	n/a	n/a	n/a
4342.132	0	2171066	standard_tone	sapo_probe	standard	n/a	n/a	n/a	n/a	n/a
4343.148	0	2171574	standard_tone	sapo_probe	standard	n/a	n/a	n/a	n/a	n/a
4344.164	0	2172082	standard_tone	sapo_probe	standard	n/a	n/a	n/a	n/a	n/a
4345.180	0	2172590	standard_tone	sapo_probe	standard	n/a	n/a	n/a	n/a	n/a
4346.196	0	2173098	oddball_tone	sapo_probe	oddball	n/a	n/a	n/a	n/a	n/a
4347.212	0	2173606	standard_tone	sapo_probe	standard	n/a	n/a	n/a	n/a	n/a
4348.228	0	2174114	standard_tone	sapo_probe	standard	n/a	n/a	n/a	n/a	n/a
4349.242	0	2174621	standard_tone	sapo_probe	standard	n/a	n/a	n/a	n/a	n/a
4350.260	0	2175130	standard_tone	sapo_probe	standard	n/a	n/a	n/a	n/a	n/a
4351.276	0	2175638	standard_tone	sapo_probe	standard	n/a	n/a	n/a	n/a	n/a
4352.290	0	2176145	distractor_noise	sapo_probe	distractor	n/a	n/a	n/a	n/a	n/a
4353.306	0	2176653	standard_tone	sapo_probe	standard	n/a	n/a	n/a	n/a	n/a
4354.322	0	2177161	standard_tone	sapo_probe	standard	n/a	n/a	n/a	n/a	n/a
4355.322	0	2177661	standard_tone	sapo_probe	standard	n/a	n/a	n/a	n/a	n/a
4356.338	0	2178169	standard_tone	sapo_probe	standard	n/a	n/a	n/a	n/a	n/a
4357.354	0	2178677	standard_tone	sapo_probe	standard	n/a	n/a	n/a	n/a	n/a
4358.370	0	2179185	standard_tone	sapo_probe	standard	n/a	n/a	n/a	n/a	n/a
4359.384	0	2179692	standard_tone	sapo_probe	standard	n/a	n/a	n/a	n/a	n/a
4360.400	0	2180200	standard_tone	sapo_probe	standard	n/a	n/a	n/a	n/a	n/a
4361.416	0	2180708	standard_tone	sapo_probe	standard	n/a	n/a	n/a	n/a	n/a
4362.432	0	2181216	standard_tone	sapo_probe	standard	n/a	n/a	n/a	n/a	n/a
4363.448	0	2181724	standard_tone	sapo_probe	standard	n/a	n/a	n/a	n/a	n/a
4364.464	0	2182232	standard_tone	sapo_probe	standard	n/a	n/a	n/a	n/a	n/a
4365.480	0	2182740	standard_tone	sapo_probe	standard	n/a	n/a	n/a	n/a	n/a
4366.496	0	2183248	standard_tone	sapo_probe	standard	n/a	n/a	n/a	n/a	n/a
4367.512	0	2183756	standard_tone	sapo_probe	standard	n/a	n/a	n/a	n/a	n/a
4368.528	0	2184264	standard_tone	sapo_probe	standard	n/a	n/a	n/a	n/a	n/a
4369.544	0	2184772	standard_tone	sapo_probe	standard	n/a	n/a	n/a	n/a	n/a
4370.560	0	2185280	standard_tone	sapo_probe	standard	n/a	n/a	n/a	n/a	n/a
4371.574	0	2185787	oddball_tone	sapo_probe	oddball	n/a	n/a	n/a	n/a	n/a
4372.590	0	2186295	standard_tone	sapo_probe	standard	n/a	n/a	n/a	n/a	n/a
4373.606	0	2186803	standard_tone	sapo_probe	standard	n/a	n/a	n/a	n/a	n/a
4374.622	0	2187311	standard_tone	sapo_probe	standard	n/a	n/a	n/a	n/a	n/a
4375.638	0	2187819	standard_tone	sapo_probe	standard	n/a	n/a	n/a	n/a	n/a
4376.654	0	2188327	standard_tone	sapo_probe	standard	n/a	n/a	n/a	n/a	n/a
4377.670	0	2188835	standard_tone	sapo_probe	standard	n/a	n/a	n/a	n/a	n/a
4378.686	0	2189343	standard_tone	sapo_probe	standard	n/a	n/a	n/a	n/a	n/a
4379.702	0	2189851	standard_tone	sapo_probe	standard	n/a	n/a	n/a	n/a	n/a
4380.718	0	2190359	standard_tone	sapo_probe	standard	n/a	n/a	n/a	n/a	n/a
4381.734	0	2190867	standard_tone	sapo_probe	standard	n/a	n/a	n/a	n/a	n/a
4382.732	0	2191366	standard_tone	sapo_probe	standard	n/a	n/a	n/a	n/a	n/a
4383.782	0	2191891	silence_end	sapo_probe	silence-end	n/a	n/a	n/a	n/a	n/a
4383.782	0	2191891	subblock_end	sapo_probe	subblock-end-duration-116.716	n/a	n/a	n/a	116.716	n/a
4383.782	0	2191891	subblock_begin	sapo_probe	subblock-begin	n/a	n/a	n/a	n/a	n/a
4383.784	0	2191892	silence_begin	sapo_probe	silence-begin	n/a	n/a	n/a	n/a	n/a
4383.784	0	2191892	distractor_noise	sapo_probe	distractor	n/a	n/a	n/a	n/a	n/a
4384.794	0	2192397	standard_tone	sapo_probe	standard	n/a	n/a	n/a	n/a	n/a
4385.796	0	2192898	standard_tone	sapo_probe	standard	n/a	n/a	n/a	n/a	n/a
4386.812	0	2193406	standard_tone	sapo_probe	standard	n/a	n/a	n/a	n/a	n/a
4387.812	0	2193906	standard_tone	sapo_probe	standard	n/a	n/a	n/a	n/a	n/a
4388.828	0	2194414	standard_tone	sapo_probe	standard	n/a	n/a	n/a	n/a	n/a
4389.844	0	2194922	standard_tone	sapo_probe	standard	n/a	n/a	n/a	n/a	n/a
4390.858	0	2195429	standard_tone	sapo_probe	standard	n/a	n/a	n/a	n/a	n/a
4391.860	0	2195930	standard_tone	sapo_probe	standard	n/a	n/a	n/a	n/a	n/a
4392.874	0	2196437	standard_tone	sapo_probe	standard	n/a	n/a	n/a	n/a	n/a
4393.890	0	2196945	standard_tone	sapo_probe	standard	n/a	n/a	n/a	n/a	n/a
4394.906	0	2197453	distractor_noise	sapo_probe	distractor	n/a	n/a	n/a	n/a	n/a
4395.922	0	2197961	standard_tone	sapo_probe	standard	n/a	n/a	n/a	n/a	n/a
4396.938	0	2198469	oddball_tone	sapo_probe	oddball	n/a	n/a	n/a	n/a	n/a
4397.954	0	2198977	standard_tone	sapo_probe	standard	n/a	n/a	n/a	n/a	n/a
4398.968	0	2199484	standard_tone	sapo_probe	standard	n/a	n/a	n/a	n/a	n/a
4399.986	0	2199993	distractor_noise	sapo_probe	distractor	n/a	n/a	n/a	n/a	n/a
4401.000	0	2200500	standard_tone	sapo_probe	standard	n/a	n/a	n/a	n/a	n/a
4402.016	0	2201008	standard_tone	sapo_probe	standard	n/a	n/a	n/a	n/a	n/a
4403.032	0	2201516	standard_tone	sapo_probe	standard	n/a	n/a	n/a	n/a	n/a
4404.048	0	2202024	standard_tone	sapo_probe	standard	n/a	n/a	n/a	n/a	n/a
4405.064	0	2202532	standard_tone	sapo_probe	standard	n/a	n/a	n/a	n/a	n/a
4406.080	0	2203040	standard_tone	sapo_probe	standard	n/a	n/a	n/a	n/a	n/a
4407.096	0	2203548	standard_tone	sapo_probe	standard	n/a	n/a	n/a	n/a	n/a
4408.112	0	2204056	standard_tone	sapo_probe	standard	n/a	n/a	n/a	n/a	n/a
4409.128	0	2204564	standard_tone	sapo_probe	standard	n/a	n/a	n/a	n/a	n/a
4410.144	0	2205072	standard_tone	sapo_probe	standard	n/a	n/a	n/a	n/a	n/a
4411.160	0	2205580	standard_tone	sapo_probe	standard	n/a	n/a	n/a	n/a	n/a
4412.174	0	2206087	standard_tone	sapo_probe	standard	n/a	n/a	n/a	n/a	n/a
4413.190	0	2206595	oddball_tone	sapo_probe	oddball	n/a	n/a	n/a	n/a	n/a
4414.206	0	2207103	distractor_noise	sapo_probe	distractor	n/a	n/a	n/a	n/a	n/a
4415.222	0	2207611	standard_tone	sapo_probe	standard	n/a	n/a	n/a	n/a	n/a
4416.238	0	2208119	standard_tone	sapo_probe	standard	n/a	n/a	n/a	n/a	n/a
4417.254	0	2208627	standard_tone	sapo_probe	standard	n/a	n/a	n/a	n/a	n/a
4418.270	0	2209135	standard_tone	sapo_probe	standard	n/a	n/a	n/a	n/a	n/a
4419.286	0	2209643	standard_tone	sapo_probe	standard	n/a	n/a	n/a	n/a	n/a
4420.302	0	2210151	distractor_noise	sapo_probe	distractor	n/a	n/a	n/a	n/a	n/a
4421.318	0	2210659	standard_tone	sapo_probe	standard	n/a	n/a	n/a	n/a	n/a
4422.332	0	2211166	standard_tone	sapo_probe	standard	n/a	n/a	n/a	n/a	n/a
4423.348	0	2211674	standard_tone	sapo_probe	standard	n/a	n/a	n/a	n/a	n/a
4424.364	0	2212182	standard_tone	sapo_probe	standard	n/a	n/a	n/a	n/a	n/a
4425.380	0	2212690	standard_tone	sapo_probe	standard	n/a	n/a	n/a	n/a	n/a
4426.396	0	2213198	distractor_noise	sapo_probe	distractor	n/a	n/a	n/a	n/a	n/a
4427.396	0	2213698	standard_tone	sapo_probe	standard	n/a	n/a	n/a	n/a	n/a
4428.412	0	2214206	standard_tone	sapo_probe	standard	n/a	n/a	n/a	n/a	n/a
4429.426	0	2214713	standard_tone	sapo_probe	standard	n/a	n/a	n/a	n/a	n/a
4430.444	0	2215222	standard_tone	sapo_probe	standard	n/a	n/a	n/a	n/a	n/a
4431.458	0	2215729	standard_tone	sapo_probe	standard	n/a	n/a	n/a	n/a	n/a
4432.474	0	2216237	standard_tone	sapo_probe	standard	n/a	n/a	n/a	n/a	n/a
4433.490	0	2216745	standard_tone	sapo_probe	standard	n/a	n/a	n/a	n/a	n/a
4434.506	0	2217253	standard_tone	sapo_probe	standard	n/a	n/a	n/a	n/a	n/a
4435.522	0	2217761	standard_tone	sapo_probe	standard	n/a	n/a	n/a	n/a	n/a
4436.538	0	2218269	oddball_tone	sapo_probe	oddball	n/a	n/a	n/a	n/a	n/a
4437.536	0	2218768	standard_tone	sapo_probe	standard	n/a	n/a	n/a	n/a	n/a
4438.552	0	2219276	standard_tone	sapo_probe	standard	n/a	n/a	n/a	n/a	n/a
4439.568	0	2219784	oddball_tone	sapo_probe	oddball	n/a	n/a	n/a	n/a	n/a
4440.584	0	2220292	standard_tone	sapo_probe	standard	n/a	n/a	n/a	n/a	n/a
4441.600	0	2220800	standard_tone	sapo_probe	standard	n/a	n/a	n/a	n/a	n/a
4442.616	0	2221308	standard_tone	sapo_probe	standard	n/a	n/a	n/a	n/a	n/a
4443.632	0	2221816	standard_tone	sapo_probe	standard	n/a	n/a	n/a	n/a	n/a
4444.648	0	2222324	standard_tone	sapo_probe	standard	n/a	n/a	n/a	n/a	n/a
4445.664	0	2222832	distractor_noise	sapo_probe	distractor	n/a	n/a	n/a	n/a	n/a
4446.680	0	2223340	standard_tone	sapo_probe	standard	n/a	n/a	n/a	n/a	n/a
4447.696	0	2223848	oddball_tone	sapo_probe	oddball	n/a	n/a	n/a	n/a	n/a
4448.710	0	2224355	standard_tone	sapo_probe	standard	n/a	n/a	n/a	n/a	n/a
4449.726	0	2224863	standard_tone	sapo_probe	standard	n/a	n/a	n/a	n/a	n/a
4450.742	0	2225371	standard_tone	sapo_probe	standard	n/a	n/a	n/a	n/a	n/a
4451.758	0	2225879	standard_tone	sapo_probe	standard	n/a	n/a	n/a	n/a	n/a
4452.774	0	2226387	standard_tone	sapo_probe	standard	n/a	n/a	n/a	n/a	n/a
4453.790	0	2226895	distractor_noise	sapo_probe	distractor	n/a	n/a	n/a	n/a	n/a
4454.806	0	2227403	standard_tone	sapo_probe	standard	n/a	n/a	n/a	n/a	n/a
4455.822	0	2227911	standard_tone	sapo_probe	standard	n/a	n/a	n/a	n/a	n/a
4456.838	0	2228419	oddball_tone	sapo_probe	oddball	n/a	n/a	n/a	n/a	n/a
4457.854	0	2228927	standard_tone	sapo_probe	standard	n/a	n/a	n/a	n/a	n/a
4458.870	0	2229435	oddball_tone	sapo_probe	oddball	n/a	n/a	n/a	n/a	n/a
4459.886	0	2229943	standard_tone	sapo_probe	standard	n/a	n/a	n/a	n/a	n/a
4460.900	0	2230450	standard_tone	sapo_probe	standard	n/a	n/a	n/a	n/a	n/a
4461.916	0	2230958	standard_tone	sapo_probe	standard	n/a	n/a	n/a	n/a	n/a
4462.932	0	2231466	distractor_noise	sapo_probe	distractor	n/a	n/a	n/a	n/a	n/a
4463.948	0	2231974	oddball_tone	sapo_probe	oddball	n/a	n/a	n/a	n/a	n/a
4464.964	0	2232482	distractor_noise	sapo_probe	distractor	n/a	n/a	n/a	n/a	n/a
4465.980	0	2232990	standard_tone	sapo_probe	standard	n/a	n/a	n/a	n/a	n/a
4466.996	0	2233498	standard_tone	sapo_probe	standard	n/a	n/a	n/a	n/a	n/a
4468.012	0	2234006	standard_tone	sapo_probe	standard	n/a	n/a	n/a	n/a	n/a
4469.026	0	2234513	oddball_tone	sapo_probe	oddball	n/a	n/a	n/a	n/a	n/a
4470.026	0	2235013	standard_tone	sapo_probe	standard	n/a	n/a	n/a	n/a	n/a
4471.044	0	2235522	standard_tone	sapo_probe	standard	n/a	n/a	n/a	n/a	n/a
4471.076	0	2235538	prompt_window_begin	sapo_probe	probe-sapo-probe-begin	n/a	n/a	n/a	n/a	n/a
4477.860	0	2238930	clicker_press	sapo_probe	response-received-page_up	n/a	n/a	n/a	n/a	page_up
4478.336	0	2239168	clicker_press	sapo_probe	response-received-page_up	n/a	n/a	n/a	n/a	page_up
4480.168	0	2240084	depth_rating	sapo_probe	rating-sapo-probe-meditation_depth-2	2	n/a	n/a	n/a	n/a
4486.530	0	2243265	clicker_press	sapo_probe	response-received-page_up	n/a	n/a	n/a	n/a	page_up
4487.080	0	2243540	clicker_press	sapo_probe	response-received-page_up	n/a	n/a	n/a	n/a	page_up
4487.630	0	2243815	clicker_press	sapo_probe	response-received-page_up	n/a	n/a	n/a	n/a	page_up
4488.246	0	2244123	clicker_press	sapo_probe	response-received-page_up	n/a	n/a	n/a	n/a	page_up
4489.062	0	2244531	clicker_press	sapo_probe	response-received-page_up	n/a	n/a	n/a	n/a	page_up
4490.244	0	2245122	confidence_rating	sapo_probe	rating-sapo-probe-confidence_depth-5	n/a	5	n/a	n/a	n/a
4493.758	0	2246879	prompt_window_end	sapo_probe	probe-sapo-probe-end	n/a	n/a	n/a	n/a	n/a
4493.760	0	2246880	standard_tone	sapo_probe	standard	n/a	n/a	n/a	n/a	n/a
4494.772	0	2247386	standard_tone	sapo_probe	standard	n/a	n/a	n/a	n/a	n/a
4495.788	0	2247894	distractor_noise	sapo_probe	distractor	n/a	n/a	n/a	n/a	n/a
4496.804	0	2248402	standard_tone	sapo_probe	standard	n/a	n/a	n/a	n/a	n/a
4497.804	0	2248902	standard_tone	sapo_probe	standard	n/a	n/a	n/a	n/a	n/a
4498.820	0	2249410	standard_tone	sapo_probe	standard	n/a	n/a	n/a	n/a	n/a
4499.836	0	2249918	distractor_noise	sapo_probe	distractor	n/a	n/a	n/a	n/a	n/a
4500.850	0	2250425	standard_tone	sapo_probe	standard	n/a	n/a	n/a	n/a	n/a
4501.866	0	2250933	standard_tone	sapo_probe	standard	n/a	n/a	n/a	n/a	n/a
4502.882	0	2251441	standard_tone	sapo_probe	standard	n/a	n/a	n/a	n/a	n/a
4503.898	0	2251949	standard_tone	sapo_probe	standard	n/a	n/a	n/a	n/a	n/a
4504.914	0	2252457	standard_tone	sapo_probe	standard	n/a	n/a	n/a	n/a	n/a
4505.930	0	2252965	standard_tone	sapo_probe	standard	n/a	n/a	n/a	n/a	n/a
4506.946	0	2253473	distractor_noise	sapo_probe	distractor	n/a	n/a	n/a	n/a	n/a
4507.596	0	2253798	silence_end	sapo_probe	silence-end	n/a	n/a	n/a	n/a	n/a
4507.596	0	2253798	subblock_end	sapo_probe	subblock-end-duration-123.815	n/a	n/a	n/a	123.815	n/a
4507.598	0	2253799	subblock_begin	sapo_probe	subblock-begin	n/a	n/a	n/a	n/a	n/a
4507.598	0	2253799	silence_begin	sapo_probe	silence-begin	n/a	n/a	n/a	n/a	n/a
4507.962	0	2253981	standard_tone	sapo_probe	standard	n/a	n/a	n/a	n/a	n/a
4508.978	0	2254489	standard_tone	sapo_probe	standard	n/a	n/a	n/a	n/a	n/a
4509.994	0	2254997	standard_tone	sapo_probe	standard	n/a	n/a	n/a	n/a	n/a
4511.010	0	2255505	standard_tone	sapo_probe	standard	n/a	n/a	n/a	n/a	n/a
4512.026	0	2256013	standard_tone	sapo_probe	standard	n/a	n/a	n/a	n/a	n/a
4513.024	0	2256512	standard_tone	sapo_probe	standard	n/a	n/a	n/a	n/a	n/a
4514.040	0	2257020	standard_tone	sapo_probe	standard	n/a	n/a	n/a	n/a	n/a
4515.056	0	2257528	standard_tone	sapo_probe	standard	n/a	n/a	n/a	n/a	n/a
4516.072	0	2258036	standard_tone	sapo_probe	standard	n/a	n/a	n/a	n/a	n/a
4517.088	0	2258544	oddball_tone	sapo_probe	oddball	n/a	n/a	n/a	n/a	n/a
4518.104	0	2259052	distractor_noise	sapo_probe	distractor	n/a	n/a	n/a	n/a	n/a
4519.120	0	2259560	standard_tone	sapo_probe	standard	n/a	n/a	n/a	n/a	n/a
4520.136	0	2260068	standard_tone	sapo_probe	standard	n/a	n/a	n/a	n/a	n/a
4521.150	0	2260575	oddball_tone	sapo_probe	oddball	n/a	n/a	n/a	n/a	n/a
4522.166	0	2261083	standard_tone	sapo_probe	standard	n/a	n/a	n/a	n/a	n/a
4523.182	0	2261591	standard_tone	sapo_probe	standard	n/a	n/a	n/a	n/a	n/a
4524.198	0	2262099	standard_tone	sapo_probe	standard	n/a	n/a	n/a	n/a	n/a
4525.214	0	2262607	standard_tone	sapo_probe	standard	n/a	n/a	n/a	n/a	n/a
4526.214	0	2263107	standard_tone	sapo_probe	standard	n/a	n/a	n/a	n/a	n/a
4527.230	0	2263615	standard_tone	sapo_probe	standard	n/a	n/a	n/a	n/a	n/a
4528.246	0	2264123	standard_tone	sapo_probe	standard	n/a	n/a	n/a	n/a	n/a
4529.260	0	2264630	standard_tone	sapo_probe	standard	n/a	n/a	n/a	n/a	n/a
4530.260	0	2265130	standard_tone	sapo_probe	standard	n/a	n/a	n/a	n/a	n/a
4531.276	0	2265638	standard_tone	sapo_probe	standard	n/a	n/a	n/a	n/a	n/a
4532.292	0	2266146	standard_tone	sapo_probe	standard	n/a	n/a	n/a	n/a	n/a
4533.308	0	2266654	standard_tone	sapo_probe	standard	n/a	n/a	n/a	n/a	n/a
4534.324	0	2267162	standard_tone	sapo_probe	standard	n/a	n/a	n/a	n/a	n/a
4535.340	0	2267670	standard_tone	sapo_probe	standard	n/a	n/a	n/a	n/a	n/a
4536.356	0	2268178	standard_tone	sapo_probe	standard	n/a	n/a	n/a	n/a	n/a
4537.370	0	2268685	distractor_noise	sapo_probe	distractor	n/a	n/a	n/a	n/a	n/a
4538.388	0	2269194	standard_tone	sapo_probe	standard	n/a	n/a	n/a	n/a	n/a
4539.386	0	2269693	standard_tone	sapo_probe	standard	n/a	n/a	n/a	n/a	n/a
4540.402	0	2270201	distractor_noise	sapo_probe	distractor	n/a	n/a	n/a	n/a	n/a
4541.418	0	2270709	standard_tone	sapo_probe	standard	n/a	n/a	n/a	n/a	n/a
4542.434	0	2271217	standard_tone	sapo_probe	standard	n/a	n/a	n/a	n/a	n/a
4543.448	0	2271724	standard_tone	sapo_probe	standard	n/a	n/a	n/a	n/a	n/a
4544.448	0	2272224	oddball_tone	sapo_probe	oddball	n/a	n/a	n/a	n/a	n/a
4545.464	0	2272732	standard_tone	sapo_probe	standard	n/a	n/a	n/a	n/a	n/a
4546.480	0	2273240	oddball_tone	sapo_probe	oddball	n/a	n/a	n/a	n/a	n/a
4547.496	0	2273748	standard_tone	sapo_probe	standard	n/a	n/a	n/a	n/a	n/a
4548.512	0	2274256	standard_tone	sapo_probe	standard	n/a	n/a	n/a	n/a	n/a
4549.528	0	2274764	standard_tone	sapo_probe	standard	n/a	n/a	n/a	n/a	n/a
4550.544	0	2275272	oddball_tone	sapo_probe	oddball	n/a	n/a	n/a	n/a	n/a
4551.558	0	2275779	standard_tone	sapo_probe	standard	n/a	n/a	n/a	n/a	n/a
4552.574	0	2276287	standard_tone	sapo_probe	standard	n/a	n/a	n/a	n/a	n/a
4553.590	0	2276795	oddball_tone	sapo_probe	oddball	n/a	n/a	n/a	n/a	n/a
4554.606	0	2277303	standard_tone	sapo_probe	standard	n/a	n/a	n/a	n/a	n/a
4555.622	0	2277811	standard_tone	sapo_probe	standard	n/a	n/a	n/a	n/a	n/a
4556.638	0	2278319	standard_tone	sapo_probe	standard	n/a	n/a	n/a	n/a	n/a
4557.654	0	2278827	standard_tone	sapo_probe	standard	n/a	n/a	n/a	n/a	n/a
4558.670	0	2279335	distractor_noise	sapo_probe	distractor	n/a	n/a	n/a	n/a	n/a
4559.686	0	2279843	standard_tone	sapo_probe	standard	n/a	n/a	n/a	n/a	n/a
4560.702	0	2280351	oddball_tone	sapo_probe	oddball	n/a	n/a	n/a	n/a	n/a
4561.718	0	2280859	standard_tone	sapo_probe	standard	n/a	n/a	n/a	n/a	n/a
4562.734	0	2281367	standard_tone	sapo_probe	standard	n/a	n/a	n/a	n/a	n/a
4563.750	0	2281875	standard_tone	sapo_probe	standard	n/a	n/a	n/a	n/a	n/a
4564.766	0	2282383	standard_tone	sapo_probe	standard	n/a	n/a	n/a	n/a	n/a
4565.780	0	2282890	standard_tone	sapo_probe	standard	n/a	n/a	n/a	n/a	n/a
4566.796	0	2283398	standard_tone	sapo_probe	standard	n/a	n/a	n/a	n/a	n/a
4567.812	0	2283906	standard_tone	sapo_probe	standard	n/a	n/a	n/a	n/a	n/a
4568.828	0	2284414	standard_tone	sapo_probe	standard	n/a	n/a	n/a	n/a	n/a
4569.846	0	2284923	standard_tone	sapo_probe	standard	n/a	n/a	n/a	n/a	n/a
4570.860	0	2285430	standard_tone	sapo_probe	standard	n/a	n/a	n/a	n/a	n/a
4571.876	0	2285938	standard_tone	sapo_probe	standard	n/a	n/a	n/a	n/a	n/a
4572.892	0	2286446	standard_tone	sapo_probe	standard	n/a	n/a	n/a	n/a	n/a
4573.908	0	2286954	standard_tone	sapo_probe	standard	n/a	n/a	n/a	n/a	n/a
4574.924	0	2287462	standard_tone	sapo_probe	standard	n/a	n/a	n/a	n/a	n/a
4575.938	0	2287969	standard_tone	sapo_probe	standard	n/a	n/a	n/a	n/a	n/a
4576.954	0	2288477	distractor_noise	sapo_probe	distractor	n/a	n/a	n/a	n/a	n/a
4577.970	0	2288985	standard_tone	sapo_probe	standard	n/a	n/a	n/a	n/a	n/a
4578.986	0	2289493	standard_tone	sapo_probe	standard	n/a	n/a	n/a	n/a	n/a
4580.002	0	2290001	standard_tone	sapo_probe	standard	n/a	n/a	n/a	n/a	n/a
4581.018	0	2290509	distractor_noise	sapo_probe	distractor	n/a	n/a	n/a	n/a	n/a
4582.034	0	2291017	standard_tone	sapo_probe	standard	n/a	n/a	n/a	n/a	n/a
4583.052	0	2291526	standard_tone	sapo_probe	standard	n/a	n/a	n/a	n/a	n/a
4584.066	0	2292033	standard_tone	sapo_probe	standard	n/a	n/a	n/a	n/a	n/a
4585.082	0	2292541	distractor_noise	sapo_probe	distractor	n/a	n/a	n/a	n/a	n/a
4586.098	0	2293049	standard_tone	sapo_probe	standard	n/a	n/a	n/a	n/a	n/a
4587.114	0	2293557	standard_tone	sapo_probe	standard	n/a	n/a	n/a	n/a	n/a
4588.128	0	2294064	standard_tone	sapo_probe	standard	n/a	n/a	n/a	n/a	n/a
4589.144	0	2294572	standard_tone	sapo_probe	standard	n/a	n/a	n/a	n/a	n/a
4590.160	0	2295080	distractor_noise	sapo_probe	distractor	n/a	n/a	n/a	n/a	n/a
4591.176	0	2295588	standard_tone	sapo_probe	standard	n/a	n/a	n/a	n/a	n/a
4592.192	0	2296096	distractor_noise	sapo_probe	distractor	n/a	n/a	n/a	n/a	n/a
4593.208	0	2296604	standard_tone	sapo_probe	standard	n/a	n/a	n/a	n/a	n/a
4594.224	0	2297112	oddball_tone	sapo_probe	oddball	n/a	n/a	n/a	n/a	n/a
4595.240	0	2297620	standard_tone	sapo_probe	standard	n/a	n/a	n/a	n/a	n/a
4596.256	0	2298128	oddball_tone	sapo_probe	oddball	n/a	n/a	n/a	n/a	n/a
4597.270	0	2298635	standard_tone	sapo_probe	standard	n/a	n/a	n/a	n/a	n/a
4598.288	0	2299144	standard_tone	sapo_probe	standard	n/a	n/a	n/a	n/a	n/a
4599.302	0	2299651	standard_tone	sapo_probe	standard	n/a	n/a	n/a	n/a	n/a
4600.320	0	2300160	standard_tone	sapo_probe	standard	n/a	n/a	n/a	n/a	n/a
4601.334	0	2300667	standard_tone	sapo_probe	standard	n/a	n/a	n/a	n/a	n/a
4602.350	0	2301175	distractor_noise	sapo_probe	distractor	n/a	n/a	n/a	n/a	n/a
4603.366	0	2301683	standard_tone	sapo_probe	standard	n/a	n/a	n/a	n/a	n/a
4604.382	0	2302191	standard_tone	sapo_probe	standard	n/a	n/a	n/a	n/a	n/a
4605.398	0	2302699	standard_tone	sapo_probe	standard	n/a	n/a	n/a	n/a	n/a
4606.414	0	2303207	standard_tone	sapo_probe	standard	n/a	n/a	n/a	n/a	n/a
4607.430	0	2303715	standard_tone	sapo_probe	standard	n/a	n/a	n/a	n/a	n/a
4608.428	0	2304214	standard_tone	sapo_probe	standard	n/a	n/a	n/a	n/a	n/a
4609.444	0	2304722	standard_tone	sapo_probe	standard	n/a	n/a	n/a	n/a	n/a
4610.460	0	2305230	oddball_tone	sapo_probe	oddball	n/a	n/a	n/a	n/a	n/a
4611.476	0	2305738	standard_tone	sapo_probe	standard	n/a	n/a	n/a	n/a	n/a
4612.492	0	2306246	standard_tone	sapo_probe	standard	n/a	n/a	n/a	n/a	n/a
4613.508	0	2306754	standard_tone	sapo_probe	standard	n/a	n/a	n/a	n/a	n/a
4614.524	0	2307262	oddball_tone	sapo_probe	oddball	n/a	n/a	n/a	n/a	n/a
4615.540	0	2307770	standard_tone	sapo_probe	standard	n/a	n/a	n/a	n/a	n/a
4616.556	0	2308278	distractor_noise	sapo_probe	distractor	n/a	n/a	n/a	n/a	n/a
4617.572	0	2308786	standard_tone	sapo_probe	standard	n/a	n/a	n/a	n/a	n/a
4618.586	0	2309293	standard_tone	sapo_probe	standard	n/a	n/a	n/a	n/a	n/a
4619.586	0	2309793	standard_tone	sapo_probe	standard	n/a	n/a	n/a	n/a	n/a
4620.602	0	2310301	standard_tone	sapo_probe	standard	n/a	n/a	n/a	n/a	n/a
4621.618	0	2310809	standard_tone	sapo_probe	standard	n/a	n/a	n/a	n/a	n/a
4622.634	0	2311317	standard_tone	sapo_probe	standard	n/a	n/a	n/a	n/a	n/a
4623.650	0	2311825	standard_tone	sapo_probe	standard	n/a	n/a	n/a	n/a	n/a
4624.666	0	2312333	oddball_tone	sapo_probe	oddball	n/a	n/a	n/a	n/a	n/a
4625.680	0	2312840	standard_tone	sapo_probe	standard	n/a	n/a	n/a	n/a	n/a
4626.696	0	2313348	oddball_tone	sapo_probe	oddball	n/a	n/a	n/a	n/a	n/a
4626.980	0	2313490	silence_end	sapo_probe	silence-end	n/a	n/a	n/a	n/a	n/a
4626.980	0	2313490	gong_begin	sapo_probe	gong-begin	n/a	n/a	n/a	n/a	n/a
4637.122	0	2318561	gong_end	sapo_probe	gong-end	n/a	n/a	n/a	n/a	n/a
4637.122	0	2318561	subblock_end	sapo_probe	subblock-end-duration-129.526	n/a	n/a	n/a	129.526	n/a
4637.124	0	2318562	subblock_begin	sapo_probe	subblock-begin	n/a	n/a	n/a	n/a	n/a
4637.124	0	2318562	silence_begin	sapo_probe	silence-begin	n/a	n/a	n/a	n/a	n/a
4637.124	0	2318562	standard_tone	sapo_probe	standard	n/a	n/a	n/a	n/a	n/a
4638.138	0	2319069	standard_tone	sapo_probe	standard	n/a	n/a	n/a	n/a	n/a
4639.154	0	2319577	distractor_noise	sapo_probe	distractor	n/a	n/a	n/a	n/a	n/a
4640.152	0	2320076	standard_tone	sapo_probe	standard	n/a	n/a	n/a	n/a	n/a
4641.168	0	2320584	standard_tone	sapo_probe	standard	n/a	n/a	n/a	n/a	n/a
4642.184	0	2321092	standard_tone	sapo_probe	standard	n/a	n/a	n/a	n/a	n/a
4643.200	0	2321600	standard_tone	sapo_probe	standard	n/a	n/a	n/a	n/a	n/a
4644.216	0	2322108	oddball_tone	sapo_probe	oddball	n/a	n/a	n/a	n/a	n/a
4645.232	0	2322616	standard_tone	sapo_probe	standard	n/a	n/a	n/a	n/a	n/a
4646.246	0	2323123	standard_tone	sapo_probe	standard	n/a	n/a	n/a	n/a	n/a
4647.264	0	2323632	standard_tone	sapo_probe	standard	n/a	n/a	n/a	n/a	n/a
4648.280	0	2324140	distractor_noise	sapo_probe	distractor	n/a	n/a	n/a	n/a	n/a
4649.294	0	2324647	standard_tone	sapo_probe	standard	n/a	n/a	n/a	n/a	n/a
4650.294	0	2325147	standard_tone	sapo_probe	standard	n/a	n/a	n/a	n/a	n/a
4651.310	0	2325655	distractor_noise	sapo_probe	distractor	n/a	n/a	n/a	n/a	n/a
4652.310	0	2326155	standard_tone	sapo_probe	standard	n/a	n/a	n/a	n/a	n/a
4653.324	0	2326662	standard_tone	sapo_probe	standard	n/a	n/a	n/a	n/a	n/a
4654.340	0	2327170	standard_tone	sapo_probe	standard	n/a	n/a	n/a	n/a	n/a
4655.356	0	2327678	standard_tone	sapo_probe	standard	n/a	n/a	n/a	n/a	n/a
4656.372	0	2328186	distractor_noise	sapo_probe	distractor	n/a	n/a	n/a	n/a	n/a
4657.388	0	2328694	standard_tone	sapo_probe	standard	n/a	n/a	n/a	n/a	n/a
4658.404	0	2329202	oddball_tone	sapo_probe	oddball	n/a	n/a	n/a	n/a	n/a
4659.420	0	2329710	standard_tone	sapo_probe	standard	n/a	n/a	n/a	n/a	n/a
4660.434	0	2330217	standard_tone	sapo_probe	standard	n/a	n/a	n/a	n/a	n/a
4661.452	0	2330726	standard_tone	sapo_probe	standard	n/a	n/a	n/a	n/a	n/a
4662.468	0	2331234	standard_tone	sapo_probe	standard	n/a	n/a	n/a	n/a	n/a
4663.484	0	2331742	standard_tone	sapo_probe	standard	n/a	n/a	n/a	n/a	n/a
4664.498	0	2332249	standard_tone	sapo_probe	standard	n/a	n/a	n/a	n/a	n/a
4665.514	0	2332757	standard_tone	sapo_probe	standard	n/a	n/a	n/a	n/a	n/a
4666.530	0	2333265	standard_tone	sapo_probe	standard	n/a	n/a	n/a	n/a	n/a
4667.530	0	2333765	oddball_tone	sapo_probe	oddball	n/a	n/a	n/a	n/a	n/a
4668.546	0	2334273	standard_tone	sapo_probe	standard	n/a	n/a	n/a	n/a	n/a
4669.562	0	2334781	standard_tone	sapo_probe	standard	n/a	n/a	n/a	n/a	n/a
4670.578	0	2335289	standard_tone	sapo_probe	standard	n/a	n/a	n/a	n/a	n/a
4671.594	0	2335797	standard_tone	sapo_probe	standard	n/a	n/a	n/a	n/a	n/a
4672.608	0	2336304	oddball_tone	sapo_probe	oddball	n/a	n/a	n/a	n/a	n/a
4673.624	0	2336812	standard_tone	sapo_probe	standard	n/a	n/a	n/a	n/a	n/a
4674.640	0	2337320	standard_tone	sapo_probe	standard	n/a	n/a	n/a	n/a	n/a
4675.656	0	2337828	standard_tone	sapo_probe	standard	n/a	n/a	n/a	n/a	n/a
4676.672	0	2338336	standard_tone	sapo_probe	standard	n/a	n/a	n/a	n/a	n/a
4677.688	0	2338844	standard_tone	sapo_probe	standard	n/a	n/a	n/a	n/a	n/a
4678.704	0	2339352	oddball_tone	sapo_probe	oddball	n/a	n/a	n/a	n/a	n/a
4679.720	0	2339860	standard_tone	sapo_probe	standard	n/a	n/a	n/a	n/a	n/a
4680.736	0	2340368	standard_tone	sapo_probe	standard	n/a	n/a	n/a	n/a	n/a
4681.752	0	2340876	standard_tone	sapo_probe	standard	n/a	n/a	n/a	n/a	n/a
4682.768	0	2341384	standard_tone	sapo_probe	standard	n/a	n/a	n/a	n/a	n/a
4683.782	0	2341891	standard_tone	sapo_probe	standard	n/a	n/a	n/a	n/a	n/a
4684.798	0	2342399	standard_tone	sapo_probe	standard	n/a	n/a	n/a	n/a	n/a
4685.798	0	2342899	standard_tone	sapo_probe	standard	n/a	n/a	n/a	n/a	n/a
4686.814	0	2343407	standard_tone	sapo_probe	standard	n/a	n/a	n/a	n/a	n/a
4687.830	0	2343915	distractor_noise	sapo_probe	distractor	n/a	n/a	n/a	n/a	n/a
4688.846	0	2344423	standard_tone	sapo_probe	standard	n/a	n/a	n/a	n/a	n/a
4689.862	0	2344931	standard_tone	sapo_probe	standard	n/a	n/a	n/a	n/a	n/a
4690.876	0	2345438	standard_tone	sapo_probe	standard	n/a	n/a	n/a	n/a	n/a
4691.892	0	2345946	oddball_tone	sapo_probe	oddball	n/a	n/a	n/a	n/a	n/a
4692.908	0	2346454	standard_tone	sapo_probe	standard	n/a	n/a	n/a	n/a	n/a
4693.924	0	2346962	standard_tone	sapo_probe	standard	n/a	n/a	n/a	n/a	n/a
4694.940	0	2347470	standard_tone	sapo_probe	standard	n/a	n/a	n/a	n/a	n/a
4695.956	0	2347978	standard_tone	sapo_probe	standard	n/a	n/a	n/a	n/a	n/a
4696.972	0	2348486	oddball_tone	sapo_probe	oddball	n/a	n/a	n/a	n/a	n/a
4697.988	0	2348994	standard_tone	sapo_probe	standard	n/a	n/a	n/a	n/a	n/a
4699.004	0	2349502	standard_tone	sapo_probe	standard	n/a	n/a	n/a	n/a	n/a
4700.020	0	2350010	standard_tone	sapo_probe	standard	n/a	n/a	n/a	n/a	n/a
4701.036	0	2350518	standard_tone	sapo_probe	standard	n/a	n/a	n/a	n/a	n/a
4702.050	0	2351025	standard_tone	sapo_probe	standard	n/a	n/a	n/a	n/a	n/a
4703.068	0	2351534	standard_tone	sapo_probe	standard	n/a	n/a	n/a	n/a	n/a
4704.082	0	2352041	oddball_tone	sapo_probe	oddball	n/a	n/a	n/a	n/a	n/a
4705.098	0	2352549	standard_tone	sapo_probe	standard	n/a	n/a	n/a	n/a	n/a
4706.114	0	2353057	standard_tone	sapo_probe	standard	n/a	n/a	n/a	n/a	n/a
4707.130	0	2353565	standard_tone	sapo_probe	standard	n/a	n/a	n/a	n/a	n/a
4708.146	0	2354073	standard_tone	sapo_probe	standard	n/a	n/a	n/a	n/a	n/a
4709.162	0	2354581	standard_tone	sapo_probe	standard	n/a	n/a	n/a	n/a	n/a
4710.162	0	2355081	standard_tone	sapo_probe	standard	n/a	n/a	n/a	n/a	n/a
4711.178	0	2355589	standard_tone	sapo_probe	standard	n/a	n/a	n/a	n/a	n/a
4712.192	0	2356096	distractor_noise	sapo_probe	distractor	n/a	n/a	n/a	n/a	n/a
4712.760	0	2356380	prompt_window_begin	sapo_probe	probe-sapo-probe-begin	n/a	n/a	n/a	n/a	n/a
4716.898	0	2358449	clicker_press	sapo_probe	response-received-page_up	n/a	n/a	n/a	n/a	page_up
4717.838	0	2358919	clicker_press	sapo_probe	response-received-page_up	n/a	n/a	n/a	n/a	page_up
4721.786	0	2360893	depth_rating	sapo_probe	rating-sapo-probe-meditation_depth-2	2	n/a	n/a	n/a	n/a
4725.168	0	2362584	clicker_press	sapo_probe	response-received-page_up	n/a	n/a	n/a	n/a	page_up
4725.682	0	2362841	clicker_press	sapo_probe	response-received-page_up	n/a	n/a	n/a	n/a	page_up
4726.216	0	2363108	clicker_press	sapo_probe	response-received-page_up	n/a	n/a	n/a	n/a	page_up
4726.714	0	2363357	clicker_press	sapo_probe	response-received-page_up	n/a	n/a	n/a	n/a	page_up
4727.114	0	2363557	clicker_press	sapo_probe	response-received-page_up	n/a	n/a	n/a	n/a	page_up
4731.844	0	2365922	confidence_rating	sapo_probe	rating-sapo-probe-confidence_depth-5	n/a	5	n/a	n/a	n/a
4735.308	0	2367654	prompt_window_end	sapo_probe	probe-sapo-probe-end	n/a	n/a	n/a	n/a	n/a
4735.308	0	2367654	standard_tone	sapo_probe	standard	n/a	n/a	n/a	n/a	n/a
4736.322	0	2368161	standard_tone	sapo_probe	standard	n/a	n/a	n/a	n/a	n/a
4737.338	0	2368669	standard_tone	sapo_probe	standard	n/a	n/a	n/a	n/a	n/a
4738.354	0	2369177	standard_tone	sapo_probe	standard	n/a	n/a	n/a	n/a	n/a
4739.370	0	2369685	distractor_noise	sapo_probe	distractor	n/a	n/a	n/a	n/a	n/a
4740.386	0	2370193	standard_tone	sapo_probe	standard	n/a	n/a	n/a	n/a	n/a
4741.402	0	2370701	standard_tone	sapo_probe	standard	n/a	n/a	n/a	n/a	n/a
4742.418	0	2371209	standard_tone	sapo_probe	standard	n/a	n/a	n/a	n/a	n/a
4743.418	0	2371709	standard_tone	sapo_probe	standard	n/a	n/a	n/a	n/a	n/a
4744.432	0	2372216	standard_tone	sapo_probe	standard	n/a	n/a	n/a	n/a	n/a
4745.448	0	2372724	standard_tone	sapo_probe	standard	n/a	n/a	n/a	n/a	n/a
4746.464	0	2373232	distractor_noise	sapo_probe	distractor	n/a	n/a	n/a	n/a	n/a
4747.480	0	2373740	standard_tone	sapo_probe	standard	n/a	n/a	n/a	n/a	n/a
4748.480	0	2374240	standard_tone	sapo_probe	standard	n/a	n/a	n/a	n/a	n/a
4749.494	0	2374747	oddball_tone	sapo_probe	oddball	n/a	n/a	n/a	n/a	n/a
4750.510	0	2375255	standard_tone	sapo_probe	standard	n/a	n/a	n/a	n/a	n/a
4751.526	0	2375763	standard_tone	sapo_probe	standard	n/a	n/a	n/a	n/a	n/a
4752.542	0	2376271	standard_tone	sapo_probe	standard	n/a	n/a	n/a	n/a	n/a
4753.558	0	2376779	oddball_tone	sapo_probe	oddball	n/a	n/a	n/a	n/a	n/a
4754.574	0	2377287	standard_tone	sapo_probe	standard	n/a	n/a	n/a	n/a	n/a
4755.590	0	2377795	standard_tone	sapo_probe	standard	n/a	n/a	n/a	n/a	n/a
4756.590	0	2378295	standard_tone	sapo_probe	standard	n/a	n/a	n/a	n/a	n/a
4757.604	0	2378802	standard_tone	sapo_probe	standard	n/a	n/a	n/a	n/a	n/a
4758.620	0	2379310	standard_tone	sapo_probe	standard	n/a	n/a	n/a	n/a	n/a
4759.620	0	2379810	standard_tone	sapo_probe	standard	n/a	n/a	n/a	n/a	n/a
4760.636	0	2380318	oddball_tone	sapo_probe	oddball	n/a	n/a	n/a	n/a	n/a
4761.652	0	2380826	distractor_noise	sapo_probe	distractor	n/a	n/a	n/a	n/a	n/a
4762.668	0	2381334	standard_tone	sapo_probe	standard	n/a	n/a	n/a	n/a	n/a
4763.684	0	2381842	standard_tone	sapo_probe	standard	n/a	n/a	n/a	n/a	n/a
4764.698	0	2382349	standard_tone	sapo_probe	standard	n/a	n/a	n/a	n/a	n/a
4765.714	0	2382857	standard_tone	sapo_probe	standard	n/a	n/a	n/a	n/a	n/a
4766.730	0	2383365	standard_tone	sapo_probe	standard	n/a	n/a	n/a	n/a	n/a
4767.746	0	2383873	oddball_tone	sapo_probe	oddball	n/a	n/a	n/a	n/a	n/a
4768.762	0	2384381	standard_tone	sapo_probe	standard	n/a	n/a	n/a	n/a	n/a
4769.778	0	2384889	standard_tone	sapo_probe	standard	n/a	n/a	n/a	n/a	n/a
4770.794	0	2385397	standard_tone	sapo_probe	standard	n/a	n/a	n/a	n/a	n/a
4771.810	0	2385905	oddball_tone	sapo_probe	oddball	n/a	n/a	n/a	n/a	n/a
4772.826	0	2386413	standard_tone	sapo_probe	standard	n/a	n/a	n/a	n/a	n/a
4773.842	0	2386921	standard_tone	sapo_probe	standard	n/a	n/a	n/a	n/a	n/a
4774.858	0	2387429	standard_tone	sapo_probe	standard	n/a	n/a	n/a	n/a	n/a
4775.874	0	2387937	standard_tone	sapo_probe	standard	n/a	n/a	n/a	n/a	n/a
4776.888	0	2388444	standard_tone	sapo_probe	standard	n/a	n/a	n/a	n/a	n/a
4777.438	0	2388719	silence_end	sapo_probe	silence-end	n/a	n/a	n/a	n/a	n/a
4777.440	0	2388720	subblock_end	sapo_probe	subblock-end-duration-140.317	n/a	n/a	n/a	140.317	n/a
4777.440	0	2388720	subblock_begin	sapo_probe	subblock-begin	n/a	n/a	n/a	n/a	n/a
4777.440	0	2388720	silence_begin	sapo_probe	silence-begin	n/a	n/a	n/a	n/a	n/a
4777.904	0	2388952	standard_tone	sapo_probe	standard	n/a	n/a	n/a	n/a	n/a
4778.920	0	2389460	oddball_tone	sapo_probe	oddball	n/a	n/a	n/a	n/a	n/a
4779.920	0	2389960	standard_tone	sapo_probe	standard	n/a	n/a	n/a	n/a	n/a
4780.936	0	2390468	standard_tone	sapo_probe	standard	n/a	n/a	n/a	n/a	n/a
4781.952	0	2390976	distractor_noise	sapo_probe	distractor	n/a	n/a	n/a	n/a	n/a
4782.968	0	2391484	standard_tone	sapo_probe	standard	n/a	n/a	n/a	n/a	n/a
4783.984	0	2391992	distractor_noise	sapo_probe	distractor	n/a	n/a	n/a	n/a	n/a
4784.998	0	2392499	standard_tone	sapo_probe	standard	n/a	n/a	n/a	n/a	n/a
4786.014	0	2393007	standard_tone	sapo_probe	standard	n/a	n/a	n/a	n/a	n/a
4787.030	0	2393515	standard_tone	sapo_probe	standard	n/a	n/a	n/a	n/a	n/a
4788.046	0	2394023	distractor_noise	sapo_probe	distractor	n/a	n/a	n/a	n/a	n/a
4789.062	0	2394531	standard_tone	sapo_probe	standard	n/a	n/a	n/a	n/a	n/a
4790.078	0	2395039	standard_tone	sapo_probe	standard	n/a	n/a	n/a	n/a	n/a
4791.094	0	2395547	standard_tone	sapo_probe	standard	n/a	n/a	n/a	n/a	n/a
4792.110	0	2396055	standard_tone	sapo_probe	standard	n/a	n/a	n/a	n/a	n/a
4793.126	0	2396563	standard_tone	sapo_probe	standard	n/a	n/a	n/a	n/a	n/a
4794.142	0	2397071	oddball_tone	sapo_probe	oddball	n/a	n/a	n/a	n/a	n/a
4795.158	0	2397579	standard_tone	sapo_probe	standard	n/a	n/a	n/a	n/a	n/a
4796.172	0	2398086	distractor_noise	sapo_probe	distractor	n/a	n/a	n/a	n/a	n/a
4797.190	0	2398595	standard_tone	sapo_probe	standard	n/a	n/a	n/a	n/a	n/a
4798.204	0	2399102	standard_tone	sapo_probe	standard	n/a	n/a	n/a	n/a	n/a
4799.220	0	2399610	standard_tone	sapo_probe	standard	n/a	n/a	n/a	n/a	n/a
4800.236	0	2400118	standard_tone	sapo_probe	standard	n/a	n/a	n/a	n/a	n/a
4801.252	0	2400626	standard_tone	sapo_probe	standard	n/a	n/a	n/a	n/a	n/a
4802.268	0	2401134	standard_tone	sapo_probe	standard	n/a	n/a	n/a	n/a	n/a
4803.284	0	2401642	distractor_noise	sapo_probe	distractor	n/a	n/a	n/a	n/a	n/a
4804.300	0	2402150	standard_tone	sapo_probe	standard	n/a	n/a	n/a	n/a	n/a
4805.316	0	2402658	standard_tone	sapo_probe	standard	n/a	n/a	n/a	n/a	n/a
4806.332	0	2403166	standard_tone	sapo_probe	standard	n/a	n/a	n/a	n/a	n/a
4807.348	0	2403674	standard_tone	sapo_probe	standard	n/a	n/a	n/a	n/a	n/a
4808.362	0	2404181	standard_tone	sapo_probe	standard	n/a	n/a	n/a	n/a	n/a
4809.378	0	2404689	standard_tone	sapo_probe	standard	n/a	n/a	n/a	n/a	n/a
4810.394	0	2405197	standard_tone	sapo_probe	standard	n/a	n/a	n/a	n/a	n/a
4811.410	0	2405705	standard_tone	sapo_probe	standard	n/a	n/a	n/a	n/a	n/a
4812.426	0	2406213	distractor_noise	sapo_probe	distractor	n/a	n/a	n/a	n/a	n/a
4813.442	0	2406721	standard_tone	sapo_probe	standard	n/a	n/a	n/a	n/a	n/a
4814.458	0	2407229	standard_tone	sapo_probe	standard	n/a	n/a	n/a	n/a	n/a
4815.458	0	2407729	standard_tone	sapo_probe	standard	n/a	n/a	n/a	n/a	n/a
4816.472	0	2408236	standard_tone	sapo_probe	standard	n/a	n/a	n/a	n/a	n/a
4817.488	0	2408744	standard_tone	sapo_probe	standard	n/a	n/a	n/a	n/a	n/a
4818.504	0	2409252	standard_tone	sapo_probe	standard	n/a	n/a	n/a	n/a	n/a
4819.520	0	2409760	oddball_tone	sapo_probe	oddball	n/a	n/a	n/a	n/a	n/a
4820.536	0	2410268	standard_tone	sapo_probe	standard	n/a	n/a	n/a	n/a	n/a
4821.552	0	2410776	oddball_tone	sapo_probe	oddball	n/a	n/a	n/a	n/a	n/a
4822.568	0	2411284	standard_tone	sapo_probe	standard	n/a	n/a	n/a	n/a	n/a
4823.584	0	2411792	standard_tone	sapo_probe	standard	n/a	n/a	n/a	n/a	n/a
4824.600	0	2412300	oddball_tone	sapo_probe	oddball	n/a	n/a	n/a	n/a	n/a
4825.616	0	2412808	standard_tone	sapo_probe	standard	n/a	n/a	n/a	n/a	n/a
4826.632	0	2413316	standard_tone	sapo_probe	standard	n/a	n/a	n/a	n/a	n/a
4827.646	0	2413823	standard_tone	sapo_probe	standard	n/a	n/a	n/a	n/a	n/a
4828.662	0	2414331	standard_tone	sapo_probe	standard	n/a	n/a	n/a	n/a	n/a
4829.678	0	2414839	standard_tone	sapo_probe	standard	n/a	n/a	n/a	n/a	n/a
4830.696	0	2415348	standard_tone	sapo_probe	standard	n/a	n/a	n/a	n/a	n/a
4831.710	0	2415855	standard_tone	sapo_probe	standard	n/a	n/a	n/a	n/a	n/a
4832.726	0	2416363	oddball_tone	sapo_probe	oddball	n/a	n/a	n/a	n/a	n/a
4833.742	0	2416871	standard_tone	sapo_probe	standard	n/a	n/a	n/a	n/a	n/a
4834.758	0	2417379	standard_tone	sapo_probe	standard	n/a	n/a	n/a	n/a	n/a
4835.774	0	2417887	standard_tone	sapo_probe	standard	n/a	n/a	n/a	n/a	n/a
4836.790	0	2418395	oddball_tone	sapo_probe	oddball	n/a	n/a	n/a	n/a	n/a
4837.804	0	2418902	standard_tone	sapo_probe	standard	n/a	n/a	n/a	n/a	n/a
4838.820	0	2419410	standard_tone	sapo_probe	standard	n/a	n/a	n/a	n/a	n/a
4839.836	0	2419918	standard_tone	sapo_probe	standard	n/a	n/a	n/a	n/a	n/a
4840.852	0	2420426	standard_tone	sapo_probe	standard	n/a	n/a	n/a	n/a	n/a
4841.868	0	2420934	standard_tone	sapo_probe	standard	n/a	n/a	n/a	n/a	n/a
4842.884	0	2421442	standard_tone	sapo_probe	standard	n/a	n/a	n/a	n/a	n/a
4843.900	0	2421950	standard_tone	sapo_probe	standard	n/a	n/a	n/a	n/a	n/a
4844.900	0	2422450	standard_tone	sapo_probe	standard	n/a	n/a	n/a	n/a	n/a
4845.916	0	2422958	standard_tone	sapo_probe	standard	n/a	n/a	n/a	n/a	n/a
4846.930	0	2423465	standard_tone	sapo_probe	standard	n/a	n/a	n/a	n/a	n/a
4847.946	0	2423973	standard_tone	sapo_probe	standard	n/a	n/a	n/a	n/a	n/a
4848.962	0	2424481	standard_tone	sapo_probe	standard	n/a	n/a	n/a	n/a	n/a
4849.962	0	2424981	distractor_noise	sapo_probe	distractor	n/a	n/a	n/a	n/a	n/a
4850.978	0	2425489	standard_tone	sapo_probe	standard	n/a	n/a	n/a	n/a	n/a
4851.994	0	2425997	oddball_tone	sapo_probe	oddball	n/a	n/a	n/a	n/a	n/a
4853.010	0	2426505	standard_tone	sapo_probe	standard	n/a	n/a	n/a	n/a	n/a
4854.026	0	2427013	standard_tone	sapo_probe	standard	n/a	n/a	n/a	n/a	n/a
4855.040	0	2427520	standard_tone	sapo_probe	standard	n/a	n/a	n/a	n/a	n/a
4856.056	0	2428028	standard_tone	sapo_probe	standard	n/a	n/a	n/a	n/a	n/a
4857.072	0	2428536	standard_tone	sapo_probe	standard	n/a	n/a	n/a	n/a	n/a
4858.088	0	2429044	standard_tone	sapo_probe	standard	n/a	n/a	n/a	n/a	n/a
4859.104	0	2429552	standard_tone	sapo_probe	standard	n/a	n/a	n/a	n/a	n/a
4860.120	0	2430060	standard_tone	sapo_probe	standard	n/a	n/a	n/a	n/a	n/a
4861.136	0	2430568	standard_tone	sapo_probe	standard	n/a	n/a	n/a	n/a	n/a
4862.152	0	2431076	standard_tone	sapo_probe	standard	n/a	n/a	n/a	n/a	n/a
4863.168	0	2431584	standard_tone	sapo_probe	standard	n/a	n/a	n/a	n/a	n/a
4864.184	0	2432092	distractor_noise	sapo_probe	distractor	n/a	n/a	n/a	n/a	n/a
4865.200	0	2432600	standard_tone	sapo_probe	standard	n/a	n/a	n/a	n/a	n/a
4866.214	0	2433107	standard_tone	sapo_probe	standard	n/a	n/a	n/a	n/a	n/a
4867.230	0	2433615	standard_tone	sapo_probe	standard	n/a	n/a	n/a	n/a	n/a
4868.230	0	2434115	standard_tone	sapo_probe	standard	n/a	n/a	n/a	n/a	n/a
4869.246	0	2434623	standard_tone	sapo_probe	standard	n/a	n/a	n/a	n/a	n/a
4870.260	0	2435130	distractor_noise	sapo_probe	distractor	n/a	n/a	n/a	n/a	n/a
4871.260	0	2435630	standard_tone	sapo_probe	standard	n/a	n/a	n/a	n/a	n/a
4872.276	0	2436138	standard_tone	sapo_probe	standard	n/a	n/a	n/a	n/a	n/a
4873.292	0	2436646	standard_tone	sapo_probe	standard	n/a	n/a	n/a	n/a	n/a
4874.308	0	2437154	standard_tone	sapo_probe	standard	n/a	n/a	n/a	n/a	n/a
4875.324	0	2437662	standard_tone	sapo_probe	standard	n/a	n/a	n/a	n/a	n/a
4876.340	0	2438170	standard_tone	sapo_probe	standard	n/a	n/a	n/a	n/a	n/a
4877.356	0	2438678	standard_tone	sapo_probe	standard	n/a	n/a	n/a	n/a	n/a
4878.372	0	2439186	standard_tone	sapo_probe	standard	n/a	n/a	n/a	n/a	n/a
4879.388	0	2439694	oddball_tone	sapo_probe	oddball	n/a	n/a	n/a	n/a	n/a
4880.404	0	2440202	standard_tone	sapo_probe	standard	n/a	n/a	n/a	n/a	n/a
4881.418	0	2440709	standard_tone	sapo_probe	standard	n/a	n/a	n/a	n/a	n/a
4882.434	0	2441217	standard_tone	sapo_probe	standard	n/a	n/a	n/a	n/a	n/a
4883.436	0	2441718	distractor_noise	sapo_probe	distractor	n/a	n/a	n/a	n/a	n/a
4884.450	0	2442225	standard_tone	sapo_probe	standard	n/a	n/a	n/a	n/a	n/a
4885.466	0	2442733	standard_tone	sapo_probe	standard	n/a	n/a	n/a	n/a	n/a
4886.482	0	2443241	standard_tone	sapo_probe	standard	n/a	n/a	n/a	n/a	n/a
4887.498	0	2443749	standard_tone	sapo_probe	standard	n/a	n/a	n/a	n/a	n/a
4888.514	0	2444257	distractor_noise	sapo_probe	distractor	n/a	n/a	n/a	n/a	n/a
4889.528	0	2444764	standard_tone	sapo_probe	standard	n/a	n/a	n/a	n/a	n/a
4890.546	0	2445273	standard_tone	sapo_probe	standard	n/a	n/a	n/a	n/a	n/a
4891.560	0	2445780	oddball_tone	sapo_probe	oddball	n/a	n/a	n/a	n/a	n/a
4892.576	0	2446288	standard_tone	sapo_probe	standard	n/a	n/a	n/a	n/a	n/a
4893.592	0	2446796	standard_tone	sapo_probe	standard	n/a	n/a	n/a	n/a	n/a
4894.608	0	2447304	standard_tone	sapo_probe	standard	n/a	n/a	n/a	n/a	n/a
4895.624	0	2447812	standard_tone	sapo_probe	standard	n/a	n/a	n/a	n/a	n/a
4896.638	0	2448319	distractor_noise	sapo_probe	distractor	n/a	n/a	n/a	n/a	n/a
4896.840	0	2448420	silence_end	sapo_probe	silence-end	n/a	n/a	n/a	n/a	n/a
4896.840	0	2448420	gong_begin	sapo_probe	gong-begin	n/a	n/a	n/a	n/a	n/a
4906.932	0	2453466	gong_end	sapo_probe	gong-end	n/a	n/a	n/a	n/a	n/a
4906.932	0	2453466	subblock_end	sapo_probe	subblock-end-duration-129.492	n/a	n/a	n/a	129.492	n/a
4906.932	0	2453466	subblock_begin	sapo_probe	subblock-begin	n/a	n/a	n/a	n/a	n/a
4906.932	0	2453466	silence_begin	sapo_probe	silence-begin	n/a	n/a	n/a	n/a	n/a
4906.934	0	2453467	standard_tone	sapo_probe	standard	n/a	n/a	n/a	n/a	n/a
4907.946	0	2453973	oddball_tone	sapo_probe	oddball	n/a	n/a	n/a	n/a	n/a
4908.964	0	2454482	standard_tone	sapo_probe	standard	n/a	n/a	n/a	n/a	n/a
4909.978	0	2454989	standard_tone	sapo_probe	standard	n/a	n/a	n/a	n/a	n/a
4910.994	0	2455497	standard_tone	sapo_probe	standard	n/a	n/a	n/a	n/a	n/a
4912.010	0	2456005	standard_tone	sapo_probe	standard	n/a	n/a	n/a	n/a	n/a
4913.026	0	2456513	standard_tone	sapo_probe	standard	n/a	n/a	n/a	n/a	n/a
4914.042	0	2457021	standard_tone	sapo_probe	standard	n/a	n/a	n/a	n/a	n/a
4915.058	0	2457529	standard_tone	sapo_probe	standard	n/a	n/a	n/a	n/a	n/a
4916.074	0	2458037	standard_tone	sapo_probe	standard	n/a	n/a	n/a	n/a	n/a
4917.090	0	2458545	standard_tone	sapo_probe	standard	n/a	n/a	n/a	n/a	n/a
4918.106	0	2459053	oddball_tone	sapo_probe	oddball	n/a	n/a	n/a	n/a	n/a
4919.120	0	2459560	standard_tone	sapo_probe	standard	n/a	n/a	n/a	n/a	n/a
4920.120	0	2460060	standard_tone	sapo_probe	standard	n/a	n/a	n/a	n/a	n/a
4921.136	0	2460568	standard_tone	sapo_probe	standard	n/a	n/a	n/a	n/a	n/a
4922.152	0	2461076	standard_tone	sapo_probe	standard	n/a	n/a	n/a	n/a	n/a
4923.168	0	2461584	standard_tone	sapo_probe	standard	n/a	n/a	n/a	n/a	n/a
4924.184	0	2462092	distractor_noise	sapo_probe	distractor	n/a	n/a	n/a	n/a	n/a
4925.200	0	2462600	standard_tone	sapo_probe	standard	n/a	n/a	n/a	n/a	n/a
4926.216	0	2463108	standard_tone	sapo_probe	standard	n/a	n/a	n/a	n/a	n/a
4927.216	0	2463608	standard_tone	sapo_probe	standard	n/a	n/a	n/a	n/a	n/a
4928.230	0	2464115	standard_tone	sapo_probe	standard	n/a	n/a	n/a	n/a	n/a
4929.246	0	2464623	standard_tone	sapo_probe	standard	n/a	n/a	n/a	n/a	n/a
4930.262	0	2465131	standard_tone	sapo_probe	standard	n/a	n/a	n/a	n/a	n/a
4931.278	0	2465639	standard_tone	sapo_probe	standard	n/a	n/a	n/a	n/a	n/a
4932.294	0	2466147	standard_tone	sapo_probe	standard	n/a	n/a	n/a	n/a	n/a
4933.310	0	2466655	standard_tone	sapo_probe	standard	n/a	n/a	n/a	n/a	n/a
4934.326	0	2467163	standard_tone	sapo_probe	standard	n/a	n/a	n/a	n/a	n/a
4935.340	0	2467670	standard_tone	sapo_probe	standard	n/a	n/a	n/a	n/a	n/a
4936.356	0	2468178	standard_tone	sapo_probe	standard	n/a	n/a	n/a	n/a	n/a
4937.368	0	2468684	standard_tone	sapo_probe	standard	n/a	n/a	n/a	n/a	n/a
4938.372	0	2469186	standard_tone	sapo_probe	standard	n/a	n/a	n/a	n/a	n/a
4939.388	0	2469694	standard_tone	sapo_probe	standard	n/a	n/a	n/a	n/a	n/a
4940.404	0	2470202	standard_tone	sapo_probe	standard	n/a	n/a	n/a	n/a	n/a
4941.420	0	2470710	standard_tone	sapo_probe	standard	n/a	n/a	n/a	n/a	n/a
4942.434	0	2471217	standard_tone	sapo_probe	standard	n/a	n/a	n/a	n/a	n/a
4943.450	0	2471725	standard_tone	sapo_probe	standard	n/a	n/a	n/a	n/a	n/a
4944.466	0	2472233	standard_tone	sapo_probe	standard	n/a	n/a	n/a	n/a	n/a
4945.482	0	2472741	distractor_noise	sapo_probe	distractor	n/a	n/a	n/a	n/a	n/a
4946.498	0	2473249	standard_tone	sapo_probe	standard	n/a	n/a	n/a	n/a	n/a
4947.514	0	2473757	oddball_tone	sapo_probe	oddball	n/a	n/a	n/a	n/a	n/a
4948.530	0	2474265	distractor_noise	sapo_probe	distractor	n/a	n/a	n/a	n/a	n/a
4949.546	0	2474773	standard_tone	sapo_probe	standard	n/a	n/a	n/a	n/a	n/a
4950.562	0	2475281	standard_tone	sapo_probe	standard	n/a	n/a	n/a	n/a	n/a
4951.478	0	2475739	prompt_window_begin	sapo_probe	probe-sapo-probe-begin	n/a	n/a	n/a	n/a	n/a
4957.876	0	2478938	clicker_press	sapo_probe	response-received-page_up	n/a	n/a	n/a	n/a	page_up
4958.672	0	2479336	clicker_press	sapo_probe	response-received-page_up	n/a	n/a	n/a	n/a	page_up
4960.570	0	2480285	depth_rating	sapo_probe	rating-sapo-probe-meditation_depth-2	2	n/a	n/a	n/a	n/a
4966.498	0	2483249	clicker_press	sapo_probe	response-received-page_up	n/a	n/a	n/a	n/a	page_up
4967.132	0	2483566	clicker_press	sapo_probe	response-received-page_up	n/a	n/a	n/a	n/a	page_up
4967.848	0	2483924	clicker_press	sapo_probe	response-received-page_up	n/a	n/a	n/a	n/a	page_up
4968.514	0	2484257	clicker_press	sapo_probe	response-received-page_up	n/a	n/a	n/a	n/a	page_up
4969.280	0	2484640	clicker_press	sapo_probe	response-received-page_up	n/a	n/a	n/a	n/a	page_up
4970.846	0	2485423	confidence_rating	sapo_probe	rating-sapo-probe-confidence_depth-5	n/a	5	n/a	n/a	n/a
4974.442	0	2487221	prompt_window_end	sapo_probe	probe-sapo-probe-end	n/a	n/a	n/a	n/a	n/a
4974.444	0	2487222	standard_tone	sapo_probe	standard	n/a	n/a	n/a	n/a	n/a
4975.458	0	2487729	oddball_tone	sapo_probe	oddball	n/a	n/a	n/a	n/a	n/a
4976.474	0	2488237	standard_tone	sapo_probe	standard	n/a	n/a	n/a	n/a	n/a
4977.490	0	2488745	distractor_noise	sapo_probe	distractor	n/a	n/a	n/a	n/a	n/a
4978.506	0	2489253	standard_tone	sapo_probe	standard	n/a	n/a	n/a	n/a	n/a
4979.522	0	2489761	standard_tone	sapo_probe	standard	n/a	n/a	n/a	n/a	n/a
4980.538	0	2490269	standard_tone	sapo_probe	standard	n/a	n/a	n/a	n/a	n/a
4981.554	0	2490777	standard_tone	sapo_probe	standard	n/a	n/a	n/a	n/a	n/a
4982.568	0	2491284	standard_tone	sapo_probe	standard	n/a	n/a	n/a	n/a	n/a
4983.584	0	2491792	standard_tone	sapo_probe	standard	n/a	n/a	n/a	n/a	n/a
4984.600	0	2492300	standard_tone	sapo_probe	standard	n/a	n/a	n/a	n/a	n/a
4985.616	0	2492808	standard_tone	sapo_probe	standard	n/a	n/a	n/a	n/a	n/a
4986.632	0	2493316	standard_tone	sapo_probe	standard	n/a	n/a	n/a	n/a	n/a
4987.632	0	2493816	oddball_tone	sapo_probe	oddball	n/a	n/a	n/a	n/a	n/a
4988.646	0	2494323	standard_tone	sapo_probe	standard	n/a	n/a	n/a	n/a	n/a
4989.662	0	2494831	standard_tone	sapo_probe	standard	n/a	n/a	n/a	n/a	n/a
4990.678	0	2495339	standard_tone	sapo_probe	standard	n/a	n/a	n/a	n/a	n/a
4991.694	0	2495847	standard_tone	sapo_probe	standard	n/a	n/a	n/a	n/a	n/a
4992.710	0	2496355	standard_tone	sapo_probe	standard	n/a	n/a	n/a	n/a	n/a
4993.726	0	2496863	standard_tone	sapo_probe	standard	n/a	n/a	n/a	n/a	n/a
4994.742	0	2497371	standard_tone	sapo_probe	standard	n/a	n/a	n/a	n/a	n/a
4995.758	0	2497879	standard_tone	sapo_probe	standard	n/a	n/a	n/a	n/a	n/a
4996.774	0	2498387	standard_tone	sapo_probe	standard	n/a	n/a	n/a	n/a	n/a
4997.790	0	2498895	standard_tone	sapo_probe	standard	n/a	n/a	n/a	n/a	n/a
4998.806	0	2499403	standard_tone	sapo_probe	standard	n/a	n/a	n/a	n/a	n/a
4999.820	0	2499910	standard_tone	sapo_probe	standard	n/a	n/a	n/a	n/a	n/a
5000.836	0	2500418	distractor_noise	sapo_probe	distractor	n/a	n/a	n/a	n/a	n/a
5001.852	0	2500926	standard_tone	sapo_probe	standard	n/a	n/a	n/a	n/a	n/a
5002.868	0	2501434	standard_tone	sapo_probe	standard	n/a	n/a	n/a	n/a	n/a
5003.884	0	2501942	standard_tone	sapo_probe	standard	n/a	n/a	n/a	n/a	n/a
5004.900	0	2502450	standard_tone	sapo_probe	standard	n/a	n/a	n/a	n/a	n/a
5005.916	0	2502958	standard_tone	sapo_probe	standard	n/a	n/a	n/a	n/a	n/a
5006.916	0	2503458	standard_tone	sapo_probe	standard	n/a	n/a	n/a	n/a	n/a
5007.930	0	2503965	standard_tone	sapo_probe	standard	n/a	n/a	n/a	n/a	n/a
5008.946	0	2504473	distractor_noise	sapo_probe	distractor	n/a	n/a	n/a	n/a	n/a
5009.962	0	2504981	standard_tone	sapo_probe	standard	n/a	n/a	n/a	n/a	n/a
5010.978	0	2505489	standard_tone	sapo_probe	standard	n/a	n/a	n/a	n/a	n/a
5011.994	0	2505997	standard_tone	sapo_probe	standard	n/a	n/a	n/a	n/a	n/a
5013.010	0	2506505	standard_tone	sapo_probe	standard	n/a	n/a	n/a	n/a	n/a
5014.026	0	2507013	standard_tone	sapo_probe	standard	n/a	n/a	n/a	n/a	n/a
5015.042	0	2507521	standard_tone	sapo_probe	standard	n/a	n/a	n/a	n/a	n/a
5016.058	0	2508029	standard_tone	sapo_probe	standard	n/a	n/a	n/a	n/a	n/a
5017.074	0	2508537	oddball_tone	sapo_probe	oddball	n/a	n/a	n/a	n/a	n/a
5018.090	0	2509045	standard_tone	sapo_probe	standard	n/a	n/a	n/a	n/a	n/a
5019.106	0	2509553	standard_tone	sapo_probe	standard	n/a	n/a	n/a	n/a	n/a
5020.120	0	2510060	oddball_tone	sapo_probe	oddball	n/a	n/a	n/a	n/a	n/a
5021.136	0	2510568	standard_tone	sapo_probe	standard	n/a	n/a	n/a	n/a	n/a
5022.152	0	2511076	standard_tone	sapo_probe	standard	n/a	n/a	n/a	n/a	n/a
5023.168	0	2511584	standard_tone	sapo_probe	standard	n/a	n/a	n/a	n/a	n/a
5024.184	0	2512092	standard_tone	sapo_probe	standard	n/a	n/a	n/a	n/a	n/a
5025.200	0	2512600	standard_tone	sapo_probe	standard	n/a	n/a	n/a	n/a	n/a
5026.216	0	2513108	standard_tone	sapo_probe	standard	n/a	n/a	n/a	n/a	n/a
5027.232	0	2513616	standard_tone	sapo_probe	standard	n/a	n/a	n/a	n/a	n/a
5028.248	0	2514124	standard_tone	sapo_probe	standard	n/a	n/a	n/a	n/a	n/a
5029.264	0	2514632	standard_tone	sapo_probe	standard	n/a	n/a	n/a	n/a	n/a
5030.278	0	2515139	distractor_noise	sapo_probe	distractor	n/a	n/a	n/a	n/a	n/a
5031.278	0	2515639	standard_tone	sapo_probe	standard	n/a	n/a	n/a	n/a	n/a
5031.562	0	2515781	silence_end	sapo_probe	silence-end	n/a	n/a	n/a	n/a	n/a
5031.562	0	2515781	gong_begin	sapo_probe	gong-begin	n/a	n/a	n/a	n/a	n/a
5041.670	0	2520835	gong_end	sapo_probe	gong-end	n/a	n/a	n/a	n/a	n/a
5041.670	0	2520835	subblock_end	sapo_probe	subblock-end-duration-134.738	n/a	n/a	n/a	134.738	n/a
5041.672	0	2520836	subblock_begin	sapo_probe	subblock-begin	n/a	n/a	n/a	n/a	n/a
5041.672	0	2520836	silence_begin	sapo_probe	silence-begin	n/a	n/a	n/a	n/a	n/a
5041.672	0	2520836	standard_tone	sapo_probe	standard	n/a	n/a	n/a	n/a	n/a
5042.686	0	2521343	standard_tone	sapo_probe	standard	n/a	n/a	n/a	n/a	n/a
5043.702	0	2521851	standard_tone	sapo_probe	standard	n/a	n/a	n/a	n/a	n/a
5044.718	0	2522359	distractor_noise	sapo_probe	distractor	n/a	n/a	n/a	n/a	n/a
5045.732	0	2522866	standard_tone	sapo_probe	standard	n/a	n/a	n/a	n/a	n/a
5046.748	0	2523374	standard_tone	sapo_probe	standard	n/a	n/a	n/a	n/a	n/a
5047.764	0	2523882	distractor_noise	sapo_probe	distractor	n/a	n/a	n/a	n/a	n/a
5048.780	0	2524390	standard_tone	sapo_probe	standard	n/a	n/a	n/a	n/a	n/a
5049.796	0	2524898	oddball_tone	sapo_probe	oddball	n/a	n/a	n/a	n/a	n/a
5050.812	0	2525406	standard_tone	sapo_probe	standard	n/a	n/a	n/a	n/a	n/a
5051.828	0	2525914	standard_tone	sapo_probe	standard	n/a	n/a	n/a	n/a	n/a
5052.844	0	2526422	standard_tone	sapo_probe	standard	n/a	n/a	n/a	n/a	n/a
5053.860	0	2526930	standard_tone	sapo_probe	standard	n/a	n/a	n/a	n/a	n/a
5054.876	0	2527438	oddball_tone	sapo_probe	oddball	n/a	n/a	n/a	n/a	n/a
5055.892	0	2527946	standard_tone	sapo_probe	standard	n/a	n/a	n/a	n/a	n/a
5056.906	0	2528453	standard_tone	sapo_probe	standard	n/a	n/a	n/a	n/a	n/a
5057.924	0	2528962	standard_tone	sapo_probe	standard	n/a	n/a	n/a	n/a	n/a
5058.922	0	2529461	oddball_tone	sapo_probe	oddball	n/a	n/a	n/a	n/a	n/a
5059.938	0	2529969	standard_tone	sapo_probe	standard	n/a	n/a	n/a	n/a	n/a
5060.954	0	2530477	standard_tone	sapo_probe	standard	n/a	n/a	n/a	n/a	n/a
5061.968	0	2530984	standard_tone	sapo_probe	standard	n/a	n/a	n/a	n/a	n/a
5062.968	0	2531484	standard_tone	sapo_probe	standard	n/a	n/a	n/a	n/a	n/a
5063.984	0	2531992	standard_tone	sapo_probe	standard	n/a	n/a	n/a	n/a	n/a
5065.000	0	2532500	standard_tone	sapo_probe	standard	n/a	n/a	n/a	n/a	n/a
5066.016	0	2533008	standard_tone	sapo_probe	standard	n/a	n/a	n/a	n/a	n/a
5067.032	0	2533516	standard_tone	sapo_probe	standard	n/a	n/a	n/a	n/a	n/a
5068.048	0	2534024	standard_tone	sapo_probe	standard	n/a	n/a	n/a	n/a	n/a
5069.062	0	2534531	standard_tone	sapo_probe	standard	n/a	n/a	n/a	n/a	n/a
5070.062	0	2535031	standard_tone	sapo_probe	standard	n/a	n/a	n/a	n/a	n/a
5071.078	0	2535539	standard_tone	sapo_probe	standard	n/a	n/a	n/a	n/a	n/a
5072.094	0	2536047	oddball_tone	sapo_probe	oddball	n/a	n/a	n/a	n/a	n/a
5073.110	0	2536555	standard_tone	sapo_probe	standard	n/a	n/a	n/a	n/a	n/a
5074.126	0	2537063	standard_tone	sapo_probe	standard	n/a	n/a	n/a	n/a	n/a
5075.142	0	2537571	standard_tone	sapo_probe	standard	n/a	n/a	n/a	n/a	n/a
5076.142	0	2538071	standard_tone	sapo_probe	standard	n/a	n/a	n/a	n/a	n/a
5077.156	0	2538578	standard_tone	sapo_probe	standard	n/a	n/a	n/a	n/a	n/a
5078.172	0	2539086	standard_tone	sapo_probe	standard	n/a	n/a	n/a	n/a	n/a
5079.188	0	2539594	standard_tone	sapo_probe	standard	n/a	n/a	n/a	n/a	n/a
5080.204	0	2540102	oddball_tone	sapo_probe	oddball	n/a	n/a	n/a	n/a	n/a
5081.220	0	2540610	standard_tone	sapo_probe	standard	n/a	n/a	n/a	n/a	n/a
5082.236	0	2541118	standard_tone	sapo_probe	standard	n/a	n/a	n/a	n/a	n/a
5083.252	0	2541626	standard_tone	sapo_probe	standard	n/a	n/a	n/a	n/a	n/a
5084.268	0	2542134	standard_tone	sapo_probe	standard	n/a	n/a	n/a	n/a	n/a
5085.284	0	2542642	oddball_tone	sapo_probe	oddball	n/a	n/a	n/a	n/a	n/a
5086.300	0	2543150	standard_tone	sapo_probe	standard	n/a	n/a	n/a	n/a	n/a
5087.314	0	2543657	standard_tone	sapo_probe	standard	n/a	n/a	n/a	n/a	n/a
5088.330	0	2544165	standard_tone	sapo_probe	standard	n/a	n/a	n/a	n/a	n/a
5089.330	0	2544665	standard_tone	sapo_probe	standard	n/a	n/a	n/a	n/a	n/a
5090.346	0	2545173	standard_tone	sapo_probe	standard	n/a	n/a	n/a	n/a	n/a
5091.362	0	2545681	distractor_noise	sapo_probe	distractor	n/a	n/a	n/a	n/a	n/a
5092.378	0	2546189	standard_tone	sapo_probe	standard	n/a	n/a	n/a	n/a	n/a
5093.378	0	2546689	standard_tone	sapo_probe	standard	n/a	n/a	n/a	n/a	n/a
5094.392	0	2547196	distractor_noise	sapo_probe	distractor	n/a	n/a	n/a	n/a	n/a
5095.408	0	2547704	standard_tone	sapo_probe	standard	n/a	n/a	n/a	n/a	n/a
5096.424	0	2548212	standard_tone	sapo_probe	standard	n/a	n/a	n/a	n/a	n/a
5097.440	0	2548720	standard_tone	sapo_probe	standard	n/a	n/a	n/a	n/a	n/a
5098.456	0	2549228	distractor_noise	sapo_probe	distractor	n/a	n/a	n/a	n/a	n/a
5099.472	0	2549736	standard_tone	sapo_probe	standard	n/a	n/a	n/a	n/a	n/a
5100.488	0	2550244	standard_tone	sapo_probe	standard	n/a	n/a	n/a	n/a	n/a
5101.504	0	2550752	standard_tone	sapo_probe	standard	n/a	n/a	n/a	n/a	n/a
5102.518	0	2551259	standard_tone	sapo_probe	standard	n/a	n/a	n/a	n/a	n/a
5103.534	0	2551767	standard_tone	sapo_probe	standard	n/a	n/a	n/a	n/a	n/a
5104.552	0	2552276	standard_tone	sapo_probe	standard	n/a	n/a	n/a	n/a	n/a
5105.566	0	2552783	oddball_tone	sapo_probe	oddball	n/a	n/a	n/a	n/a	n/a
5106.582	0	2553291	standard_tone	sapo_probe	standard	n/a	n/a	n/a	n/a	n/a
5107.598	0	2553799	standard_tone	sapo_probe	standard	n/a	n/a	n/a	n/a	n/a
5108.614	0	2554307	distractor_noise	sapo_probe	distractor	n/a	n/a	n/a	n/a	n/a
5109.630	0	2554815	standard_tone	sapo_probe	standard	n/a	n/a	n/a	n/a	n/a
5110.646	0	2555323	standard_tone	sapo_probe	standard	n/a	n/a	n/a	n/a	n/a
5111.662	0	2555831	standard_tone	sapo_probe	standard	n/a	n/a	n/a	n/a	n/a
5112.662	0	2556331	standard_tone	sapo_probe	standard	n/a	n/a	n/a	n/a	n/a
5113.676	0	2556838	distractor_noise	sapo_probe	distractor	n/a	n/a	n/a	n/a	n/a
5114.692	0	2557346	standard_tone	sapo_probe	standard	n/a	n/a	n/a	n/a	n/a
5115.708	0	2557854	standard_tone	sapo_probe	standard	n/a	n/a	n/a	n/a	n/a
5116.724	0	2558362	standard_tone	sapo_probe	standard	n/a	n/a	n/a	n/a	n/a
5117.740	0	2558870	standard_tone	sapo_probe	standard	n/a	n/a	n/a	n/a	n/a
5118.756	0	2559378	standard_tone	sapo_probe	standard	n/a	n/a	n/a	n/a	n/a
5119.772	0	2559886	standard_tone	sapo_probe	standard	n/a	n/a	n/a	n/a	n/a
5120.788	0	2560394	standard_tone	sapo_probe	standard	n/a	n/a	n/a	n/a	n/a
5121.804	0	2560902	standard_tone	sapo_probe	standard	n/a	n/a	n/a	n/a	n/a
5122.818	0	2561409	standard_tone	sapo_probe	standard	n/a	n/a	n/a	n/a	n/a
5123.834	0	2561917	standard_tone	sapo_probe	standard	n/a	n/a	n/a	n/a	n/a
5124.850	0	2562425	standard_tone	sapo_probe	standard	n/a	n/a	n/a	n/a	n/a
5125.866	0	2562933	standard_tone	sapo_probe	standard	n/a	n/a	n/a	n/a	n/a
5126.882	0	2563441	standard_tone	sapo_probe	standard	n/a	n/a	n/a	n/a	n/a
5127.898	0	2563949	standard_tone	sapo_probe	standard	n/a	n/a	n/a	n/a	n/a
5128.912	0	2564456	standard_tone	sapo_probe	standard	n/a	n/a	n/a	n/a	n/a
5129.912	0	2564956	standard_tone	sapo_probe	standard	n/a	n/a	n/a	n/a	n/a
5130.928	0	2565464	standard_tone	sapo_probe	standard	n/a	n/a	n/a	n/a	n/a
5131.928	0	2565964	distractor_noise	sapo_probe	distractor	n/a	n/a	n/a	n/a	n/a
5132.944	0	2566472	oddball_tone	sapo_probe	oddball	n/a	n/a	n/a	n/a	n/a
5133.958	0	2566979	standard_tone	sapo_probe	standard	n/a	n/a	n/a	n/a	n/a
5134.976	0	2567488	distractor_noise	sapo_probe	distractor	n/a	n/a	n/a	n/a	n/a
5135.976	0	2567988	standard_tone	sapo_probe	standard	n/a	n/a	n/a	n/a	n/a
5136.990	0	2568495	standard_tone	sapo_probe	standard	n/a	n/a	n/a	n/a	n/a
5138.006	0	2569003	standard_tone	sapo_probe	standard	n/a	n/a	n/a	n/a	n/a
5139.022	0	2569511	standard_tone	sapo_probe	standard	n/a	n/a	n/a	n/a	n/a
5140.038	0	2570019	standard_tone	sapo_probe	standard	n/a	n/a	n/a	n/a	n/a
5141.054	0	2570527	standard_tone	sapo_probe	standard	n/a	n/a	n/a	n/a	n/a
5142.070	0	2571035	distractor_noise	sapo_probe	distractor	n/a	n/a	n/a	n/a	n/a
5143.086	0	2571543	standard_tone	sapo_probe	standard	n/a	n/a	n/a	n/a	n/a
5144.102	0	2572051	oddball_tone	sapo_probe	oddball	n/a	n/a	n/a	n/a	n/a
5145.116	0	2572558	standard_tone	sapo_probe	standard	n/a	n/a	n/a	n/a	n/a
5146.134	0	2573067	standard_tone	sapo_probe	standard	n/a	n/a	n/a	n/a	n/a
5147.148	0	2573574	oddball_tone	sapo_probe	oddball	n/a	n/a	n/a	n/a	n/a
5148.164	0	2574082	standard_tone	sapo_probe	standard	n/a	n/a	n/a	n/a	n/a
5149.130	0	2574565	silence_end	sapo_probe	silence-end	n/a	n/a	n/a	n/a	n/a
5149.132	0	2574566	gong_begin	sapo_probe	gong-begin	n/a	n/a	n/a	n/a	n/a
5159.240	0	2579620	gong_end	sapo_probe	gong-end	n/a	n/a	n/a	n/a	n/a
5159.240	0	2579620	subblock_end	sapo_probe	subblock-end-duration-117.57	n/a	n/a	n/a	117.570	n/a
5159.242	0	2579621	subblock_begin	sapo_probe	subblock-begin	n/a	n/a	n/a	n/a	n/a
5159.242	0	2579621	silence_begin	sapo_probe	silence-begin	n/a	n/a	n/a	n/a	n/a
5159.242	0	2579621	standard_tone	sapo_probe	standard	n/a	n/a	n/a	n/a	n/a
5160.254	0	2580127	standard_tone	sapo_probe	standard	n/a	n/a	n/a	n/a	n/a
5161.254	0	2580627	standard_tone	sapo_probe	standard	n/a	n/a	n/a	n/a	n/a
5162.270	0	2581135	standard_tone	sapo_probe	standard	n/a	n/a	n/a	n/a	n/a
5163.270	0	2581635	standard_tone	sapo_probe	standard	n/a	n/a	n/a	n/a	n/a
5164.284	0	2582142	standard_tone	sapo_probe	standard	n/a	n/a	n/a	n/a	n/a
5165.300	0	2582650	standard_tone	sapo_probe	standard	n/a	n/a	n/a	n/a	n/a
5166.316	0	2583158	standard_tone	sapo_probe	standard	n/a	n/a	n/a	n/a	n/a
5167.332	0	2583666	standard_tone	sapo_probe	standard	n/a	n/a	n/a	n/a	n/a
5168.348	0	2584174	standard_tone	sapo_probe	standard	n/a	n/a	n/a	n/a	n/a
5169.362	0	2584681	standard_tone	sapo_probe	standard	n/a	n/a	n/a	n/a	n/a
5170.380	0	2585190	distractor_noise	sapo_probe	distractor	n/a	n/a	n/a	n/a	n/a
5171.396	0	2585698	standard_tone	sapo_probe	standard	n/a	n/a	n/a	n/a	n/a
5172.412	0	2586206	standard_tone	sapo_probe	standard	n/a	n/a	n/a	n/a	n/a
5173.426	0	2586713	standard_tone	sapo_probe	standard	n/a	n/a	n/a	n/a	n/a
5174.442	0	2587221	standard_tone	sapo_probe	standard	n/a	n/a	n/a	n/a	n/a
5175.460	0	2587730	standard_tone	sapo_probe	standard	n/a	n/a	n/a	n/a	n/a
5176.474	0	2588237	standard_tone	sapo_probe	standard	n/a	n/a	n/a	n/a	n/a
5177.490	0	2588745	oddball_tone	sapo_probe	oddball	n/a	n/a	n/a	n/a	n/a
5178.506	0	2589253	distractor_noise	sapo_probe	distractor	n/a	n/a	n/a	n/a	n/a
5179.506	0	2589753	standard_tone	sapo_probe	standard	n/a	n/a	n/a	n/a	n/a
5180.522	0	2590261	standard_tone	sapo_probe	standard	n/a	n/a	n/a	n/a	n/a
5181.536	0	2590768	standard_tone	sapo_probe	standard	n/a	n/a	n/a	n/a	n/a
5182.552	0	2591276	standard_tone	sapo_probe	standard	n/a	n/a	n/a	n/a	n/a
5183.568	0	2591784	standard_tone	sapo_probe	standard	n/a	n/a	n/a	n/a	n/a
5184.584	0	2592292	standard_tone	sapo_probe	standard	n/a	n/a	n/a	n/a	n/a
5185.600	0	2592800	standard_tone	sapo_probe	standard	n/a	n/a	n/a	n/a	n/a
5186.616	0	2593308	standard_tone	sapo_probe	standard	n/a	n/a	n/a	n/a	n/a
5187.632	0	2593816	standard_tone	sapo_probe	standard	n/a	n/a	n/a	n/a	n/a
5188.648	0	2594324	standard_tone	sapo_probe	standard	n/a	n/a	n/a	n/a	n/a
5189.664	0	2594832	standard_tone	sapo_probe	standard	n/a	n/a	n/a	n/a	n/a
5190.680	0	2595340	oddball_tone	sapo_probe	oddball	n/a	n/a	n/a	n/a	n/a
5191.694	0	2595847	distractor_noise	sapo_probe	distractor	n/a	n/a	n/a	n/a	n/a
5192.712	0	2596356	standard_tone	sapo_probe	standard	n/a	n/a	n/a	n/a	n/a
5193.710	0	2596855	standard_tone	sapo_probe	standard	n/a	n/a	n/a	n/a	n/a
5194.726	0	2597363	standard_tone	sapo_probe	standard	n/a	n/a	n/a	n/a	n/a
5195.742	0	2597871	standard_tone	sapo_probe	standard	n/a	n/a	n/a	n/a	n/a
5196.474	0	2598237	prompt_window_begin	sapo_probe	probe-sapo-probe-begin	n/a	n/a	n/a	n/a	n/a
5202.996	0	2601498	clicker_press	sapo_probe	response-received-page_up	n/a	n/a	n/a	n/a	page_up
5203.738	0	2601869	clicker_press	sapo_probe	response-received-page_up	n/a	n/a	n/a	n/a	page_up
5204.852	0	2602426	clicker_press	sapo_probe	response-received-page_up	n/a	n/a	n/a	n/a	page_up
5205.534	0	2602767	depth_rating	sapo_probe	rating-sapo-probe-meditation_depth-3	3	n/a	n/a	n/a	n/a
5211.462	0	2605731	clicker_press	sapo_probe	response-received-page_up	n/a	n/a	n/a	n/a	page_up
5211.962	0	2605981	clicker_press	sapo_probe	response-received-page_up	n/a	n/a	n/a	n/a	page_up
5212.414	0	2606207	clicker_press	sapo_probe	response-received-page_up	n/a	n/a	n/a	n/a	page_up
5213.178	0	2606589	clicker_press	sapo_probe	response-received-page_up	n/a	n/a	n/a	n/a	page_up
5215.594	0	2607797	confidence_rating	sapo_probe	rating-sapo-probe-confidence_depth-4	n/a	4	n/a	n/a	n/a
5219.090	0	2609545	prompt_window_end	sapo_probe	probe-sapo-probe-end	n/a	n/a	n/a	n/a	n/a
5219.090	0	2609545	oddball_tone	sapo_probe	oddball	n/a	n/a	n/a	n/a	n/a
5220.104	0	2610052	standard_tone	sapo_probe	standard	n/a	n/a	n/a	n/a	n/a
5221.120	0	2610560	standard_tone	sapo_probe	standard	n/a	n/a	n/a	n/a	n/a
5222.136	0	2611068	standard_tone	sapo_probe	standard	n/a	n/a	n/a	n/a	n/a
5223.152	0	2611576	standard_tone	sapo_probe	standard	n/a	n/a	n/a	n/a	n/a
5224.168	0	2612084	standard_tone	sapo_probe	standard	n/a	n/a	n/a	n/a	n/a
5225.184	0	2612592	standard_tone	sapo_probe	standard	n/a	n/a	n/a	n/a	n/a
5226.200	0	2613100	standard_tone	sapo_probe	standard	n/a	n/a	n/a	n/a	n/a
5227.216	0	2613608	standard_tone	sapo_probe	standard	n/a	n/a	n/a	n/a	n/a
5228.232	0	2614116	standard_tone	sapo_probe	standard	n/a	n/a	n/a	n/a	n/a
5229.230	0	2614615	standard_tone	sapo_probe	standard	n/a	n/a	n/a	n/a	n/a
5230.246	0	2615123	standard_tone	sapo_probe	standard	n/a	n/a	n/a	n/a	n/a
5231.262	0	2615631	standard_tone	sapo_probe	standard	n/a	n/a	n/a	n/a	n/a
5232.278	0	2616139	standard_tone	sapo_probe	standard	n/a	n/a	n/a	n/a	n/a
5233.294	0	2616647	standard_tone	sapo_probe	standard	n/a	n/a	n/a	n/a	n/a
5234.310	0	2617155	standard_tone	sapo_probe	standard	n/a	n/a	n/a	n/a	n/a
5235.326	0	2617663	standard_tone	sapo_probe	standard	n/a	n/a	n/a	n/a	n/a
5236.342	0	2618171	standard_tone	sapo_probe	standard	n/a	n/a	n/a	n/a	n/a
5237.358	0	2618679	standard_tone	sapo_probe	standard	n/a	n/a	n/a	n/a	n/a
5238.374	0	2619187	oddball_tone	sapo_probe	oddball	n/a	n/a	n/a	n/a	n/a
5239.390	0	2619695	standard_tone	sapo_probe	standard	n/a	n/a	n/a	n/a	n/a
5240.404	0	2620202	standard_tone	sapo_probe	standard	n/a	n/a	n/a	n/a	n/a
5241.420	0	2620710	standard_tone	sapo_probe	standard	n/a	n/a	n/a	n/a	n/a
5242.436	0	2621218	standard_tone	sapo_probe	standard	n/a	n/a	n/a	n/a	n/a
5243.452	0	2621726	standard_tone	sapo_probe	standard	n/a	n/a	n/a	n/a	n/a
5244.468	0	2622234	oddball_tone	sapo_probe	oddball	n/a	n/a	n/a	n/a	n/a
5245.468	0	2622734	standard_tone	sapo_probe	standard	n/a	n/a	n/a	n/a	n/a
5246.482	0	2623241	standard_tone	sapo_probe	standard	n/a	n/a	n/a	n/a	n/a
5247.498	0	2623749	standard_tone	sapo_probe	standard	n/a	n/a	n/a	n/a	n/a
5248.514	0	2624257	standard_tone	sapo_probe	standard	n/a	n/a	n/a	n/a	n/a
5249.530	0	2624765	standard_tone	sapo_probe	standard	n/a	n/a	n/a	n/a	n/a
5250.546	0	2625273	standard_tone	sapo_probe	standard	n/a	n/a	n/a	n/a	n/a
5251.562	0	2625781	standard_tone	sapo_probe	standard	n/a	n/a	n/a	n/a	n/a
5252.578	0	2626289	standard_tone	sapo_probe	standard	n/a	n/a	n/a	n/a	n/a
5253.578	0	2626789	standard_tone	sapo_probe	standard	n/a	n/a	n/a	n/a	n/a
5254.592	0	2627296	oddball_tone	sapo_probe	oddball	n/a	n/a	n/a	n/a	n/a
5255.608	0	2627804	standard_tone	sapo_probe	standard	n/a	n/a	n/a	n/a	n/a
5256.624	0	2628312	distractor_noise	sapo_probe	distractor	n/a	n/a	n/a	n/a	n/a
5257.640	0	2628820	standard_tone	sapo_probe	standard	n/a	n/a	n/a	n/a	n/a
5258.640	0	2629320	standard_tone	sapo_probe	standard	n/a	n/a	n/a	n/a	n/a
5259.656	0	2629828	standard_tone	sapo_probe	standard	n/a	n/a	n/a	n/a	n/a
5260.672	0	2630336	standard_tone	sapo_probe	standard	n/a	n/a	n/a	n/a	n/a
5261.688	0	2630844	standard_tone	sapo_probe	standard	n/a	n/a	n/a	n/a	n/a
5262.702	0	2631351	standard_tone	sapo_probe	standard	n/a	n/a	n/a	n/a	n/a
5263.702	0	2631851	oddball_tone	sapo_probe	oddball	n/a	n/a	n/a	n/a	n/a
5264.718	0	2632359	standard_tone	sapo_probe	standard	n/a	n/a	n/a	n/a	n/a
5265.734	0	2632867	standard_tone	sapo_probe	standard	n/a	n/a	n/a	n/a	n/a
5266.750	0	2633375	standard_tone	sapo_probe	standard	n/a	n/a	n/a	n/a	n/a
5267.766	0	2633883	standard_tone	sapo_probe	standard	n/a	n/a	n/a	n/a	n/a
5268.782	0	2634391	distractor_noise	sapo_probe	distractor	n/a	n/a	n/a	n/a	n/a
5269.782	0	2634891	standard_tone	sapo_probe	standard	n/a	n/a	n/a	n/a	n/a
5270.796	0	2635398	standard_tone	sapo_probe	standard	n/a	n/a	n/a	n/a	n/a
5271.812	0	2635906	standard_tone	sapo_probe	standard	n/a	n/a	n/a	n/a	n/a
5272.828	0	2636414	standard_tone	sapo_probe	standard	n/a	n/a	n/a	n/a	n/a
5273.844	0	2636922	standard_tone	sapo_probe	standard	n/a	n/a	n/a	n/a	n/a
5274.860	0	2637430	standard_tone	sapo_probe	standard	n/a	n/a	n/a	n/a	n/a
5275.876	0	2637938	standard_tone	sapo_probe	standard	n/a	n/a	n/a	n/a	n/a
5276.892	0	2638446	distractor_noise	sapo_probe	distractor	n/a	n/a	n/a	n/a	n/a
5277.906	0	2638953	standard_tone	sapo_probe	standard	n/a	n/a	n/a	n/a	n/a
5278.924	0	2639462	standard_tone	sapo_probe	standard	n/a	n/a	n/a	n/a	n/a
5279.938	0	2639969	distractor_noise	sapo_probe	distractor	n/a	n/a	n/a	n/a	n/a
5280.954	0	2640477	standard_tone	sapo_probe	standard	n/a	n/a	n/a	n/a	n/a
5281.970	0	2640985	standard_tone	sapo_probe	standard	n/a	n/a	n/a	n/a	n/a
5282.986	0	2641493	standard_tone	sapo_probe	standard	n/a	n/a	n/a	n/a	n/a
5284.002	0	2642001	standard_tone	sapo_probe	standard	n/a	n/a	n/a	n/a	n/a
5285.018	0	2642509	standard_tone	sapo_probe	standard	n/a	n/a	n/a	n/a	n/a
5286.034	0	2643017	distractor_noise	sapo_probe	distractor	n/a	n/a	n/a	n/a	n/a
5287.050	0	2643525	standard_tone	sapo_probe	standard	n/a	n/a	n/a	n/a	n/a
5288.066	0	2644033	standard_tone	sapo_probe	standard	n/a	n/a	n/a	n/a	n/a
5289.080	0	2644540	standard_tone	sapo_probe	standard	n/a	n/a	n/a	n/a	n/a
5290.096	0	2645048	distractor_noise	sapo_probe	distractor	n/a	n/a	n/a	n/a	n/a
5291.112	0	2645556	standard_tone	sapo_probe	standard	n/a	n/a	n/a	n/a	n/a
5291.646	0	2645823	silence_end	sapo_probe	silence-end	n/a	n/a	n/a	n/a	n/a
5291.646	0	2645823	subblock_end	sapo_probe	subblock-end-duration-132.406	n/a	n/a	n/a	132.406	n/a
5291.648	0	2645824	subblock_begin	sapo_probe	subblock-begin	n/a	n/a	n/a	n/a	n/a
5291.648	0	2645824	silence_begin	sapo_probe	silence-begin	n/a	n/a	n/a	n/a	n/a
5292.128	0	2646064	standard_tone	sapo_probe	standard	n/a	n/a	n/a	n/a	n/a
5293.144	0	2646572	standard_tone	sapo_probe	standard	n/a	n/a	n/a	n/a	n/a
5294.160	0	2647080	standard_tone	sapo_probe	standard	n/a	n/a	n/a	n/a	n/a
5295.176	0	2647588	oddball_tone	sapo_probe	oddball	n/a	n/a	n/a	n/a	n/a
5296.192	0	2648096	standard_tone	sapo_probe	standard	n/a	n/a	n/a	n/a	n/a
5297.208	0	2648604	standard_tone	sapo_probe	standard	n/a	n/a	n/a	n/a	n/a
5298.224	0	2649112	standard_tone	sapo_probe	standard	n/a	n/a	n/a	n/a	n/a
5299.240	0	2649620	standard_tone	sapo_probe	standard	n/a	n/a	n/a	n/a	n/a
5300.256	0	2650128	standard_tone	sapo_probe	standard	n/a	n/a	n/a	n/a	n/a
5301.270	0	2650635	standard_tone	sapo_probe	standard	n/a	n/a	n/a	n/a	n/a
5302.286	0	2651143	distractor_noise	sapo_probe	distractor	n/a	n/a	n/a	n/a	n/a
5303.286	0	2651643	standard_tone	sapo_probe	standard	n/a	n/a	n/a	n/a	n/a
5304.302	0	2652151	standard_tone	sapo_probe	standard	n/a	n/a	n/a	n/a	n/a
5305.318	0	2652659	standard_tone	sapo_probe	standard	n/a	n/a	n/a	n/a	n/a
5306.334	0	2653167	standard_tone	sapo_probe	standard	n/a	n/a	n/a	n/a	n/a
5307.350	0	2653675	standard_tone	sapo_probe	standard	n/a	n/a	n/a	n/a	n/a
5308.366	0	2654183	standard_tone	sapo_probe	standard	n/a	n/a	n/a	n/a	n/a
5309.380	0	2654690	standard_tone	sapo_probe	standard	n/a	n/a	n/a	n/a	n/a
5310.396	0	2655198	standard_tone	sapo_probe	standard	n/a	n/a	n/a	n/a	n/a
5311.412	0	2655706	distractor_noise	sapo_probe	distractor	n/a	n/a	n/a	n/a	n/a
5312.428	0	2656214	oddball_tone	sapo_probe	oddball	n/a	n/a	n/a	n/a	n/a
5313.444	0	2656722	standard_tone	sapo_probe	standard	n/a	n/a	n/a	n/a	n/a
5314.460	0	2657230	standard_tone	sapo_probe	standard	n/a	n/a	n/a	n/a	n/a
5315.476	0	2657738	oddball_tone	sapo_probe	oddball	n/a	n/a	n/a	n/a	n/a
5316.492	0	2658246	standard_tone	sapo_probe	standard	n/a	n/a	n/a	n/a	n/a
5317.508	0	2658754	distractor_noise	sapo_probe	distractor	n/a	n/a	n/a	n/a	n/a
5318.524	0	2659262	standard_tone	sapo_probe	standard	n/a	n/a	n/a	n/a	n/a
5319.540	0	2659770	standard_tone	sapo_probe	standard	n/a	n/a	n/a	n/a	n/a
5320.540	0	2660270	standard_tone	sapo_probe	standard	n/a	n/a	n/a	n/a	n/a
5321.554	0	2660777	standard_tone	sapo_probe	standard	n/a	n/a	n/a	n/a	n/a
5322.570	0	2661285	distractor_noise	sapo_probe	distractor	n/a	n/a	n/a	n/a	n/a
5323.586	0	2661793	standard_tone	sapo_probe	standard	n/a	n/a	n/a	n/a	n/a
5324.602	0	2662301	standard_tone	sapo_probe	standard	n/a	n/a	n/a	n/a	n/a
5325.618	0	2662809	oddball_tone	sapo_probe	oddball	n/a	n/a	n/a	n/a	n/a
5326.634	0	2663317	standard_tone	sapo_probe	standard	n/a	n/a	n/a	n/a	n/a
5327.650	0	2663825	standard_tone	sapo_probe	standard	n/a	n/a	n/a	n/a	n/a
5328.666	0	2664333	standard_tone	sapo_probe	standard	n/a	n/a	n/a	n/a	n/a
5329.680	0	2664840	oddball_tone	sapo_probe	oddball	n/a	n/a	n/a	n/a	n/a
5330.680	0	2665340	standard_tone	sapo_probe	standard	n/a	n/a	n/a	n/a	n/a
5331.696	0	2665848	standard_tone	sapo_probe	standard	n/a	n/a	n/a	n/a	n/a
5332.712	0	2666356	standard_tone	sapo_probe	standard	n/a	n/a	n/a	n/a	n/a
5333.728	0	2666864	standard_tone	sapo_probe	standard	n/a	n/a	n/a	n/a	n/a
5334.744	0	2667372	standard_tone	sapo_probe	standard	n/a	n/a	n/a	n/a	n/a
5335.758	0	2667879	standard_tone	sapo_probe	standard	n/a	n/a	n/a	n/a	n/a
5336.774	0	2668387	standard_tone	sapo_probe	standard	n/a	n/a	n/a	n/a	n/a
5337.790	0	2668895	standard_tone	sapo_probe	standard	n/a	n/a	n/a	n/a	n/a
5338.808	0	2669404	standard_tone	sapo_probe	standard	n/a	n/a	n/a	n/a	n/a
5339.824	0	2669912	standard_tone	sapo_probe	standard	n/a	n/a	n/a	n/a	n/a
5340.838	0	2670419	standard_tone	sapo_probe	standard	n/a	n/a	n/a	n/a	n/a
5341.854	0	2670927	standard_tone	sapo_probe	standard	n/a	n/a	n/a	n/a	n/a
5342.870	0	2671435	standard_tone	sapo_probe	standard	n/a	n/a	n/a	n/a	n/a
5343.886	0	2671943	standard_tone	sapo_probe	standard	n/a	n/a	n/a	n/a	n/a
5344.902	0	2672451	standard_tone	sapo_probe	standard	n/a	n/a	n/a	n/a	n/a
5345.918	0	2672959	standard_tone	sapo_probe	standard	n/a	n/a	n/a	n/a	n/a
5346.934	0	2673467	distractor_noise	sapo_probe	distractor	n/a	n/a	n/a	n/a	n/a
5347.948	0	2673974	standard_tone	sapo_probe	standard	n/a	n/a	n/a	n/a	n/a
5348.964	0	2674482	standard_tone	sapo_probe	standard	n/a	n/a	n/a	n/a	n/a
5349.980	0	2674990	standard_tone	sapo_probe	standard	n/a	n/a	n/a	n/a	n/a
5350.996	0	2675498	standard_tone	sapo_probe	standard	n/a	n/a	n/a	n/a	n/a
5352.012	0	2676006	standard_tone	sapo_probe	standard	n/a	n/a	n/a	n/a	n/a
5353.028	0	2676514	standard_tone	sapo_probe	standard	n/a	n/a	n/a	n/a	n/a
5354.044	0	2677022	standard_tone	sapo_probe	standard	n/a	n/a	n/a	n/a	n/a
5355.044	0	2677522	oddball_tone	sapo_probe	oddball	n/a	n/a	n/a	n/a	n/a
5356.060	0	2678030	standard_tone	sapo_probe	standard	n/a	n/a	n/a	n/a	n/a
5357.074	0	2678537	standard_tone	sapo_probe	standard	n/a	n/a	n/a	n/a	n/a
5358.090	0	2679045	oddball_tone	sapo_probe	oddball	n/a	n/a	n/a	n/a	n/a
5359.106	0	2679553	standard_tone	sapo_probe	standard	n/a	n/a	n/a	n/a	n/a
5360.122	0	2680061	standard_tone	sapo_probe	standard	n/a	n/a	n/a	n/a	n/a
5361.138	0	2680569	standard_tone	sapo_probe	standard	n/a	n/a	n/a	n/a	n/a
5362.154	0	2681077	distractor_noise	sapo_probe	distractor	n/a	n/a	n/a	n/a	n/a
5363.170	0	2681585	oddball_tone	sapo_probe	oddball	n/a	n/a	n/a	n/a	n/a
5364.186	0	2682093	standard_tone	sapo_probe	standard	n/a	n/a	n/a	n/a	n/a
5365.186	0	2682593	standard_tone	sapo_probe	standard	n/a	n/a	n/a	n/a	n/a
5366.202	0	2683101	standard_tone	sapo_probe	standard	n/a	n/a	n/a	n/a	n/a
5367.216	0	2683608	standard_tone	sapo_probe	standard	n/a	n/a	n/a	n/a	n/a
5368.232	0	2684116	oddball_tone	sapo_probe	oddball	n/a	n/a	n/a	n/a	n/a
5369.248	0	2684624	standard_tone	sapo_probe	standard	n/a	n/a	n/a	n/a	n/a
5370.248	0	2685124	standard_tone	sapo_probe	standard	n/a	n/a	n/a	n/a	n/a
5371.262	0	2685631	distractor_noise	sapo_probe	distractor	n/a	n/a	n/a	n/a	n/a
5372.278	0	2686139	standard_tone	sapo_probe	standard	n/a	n/a	n/a	n/a	n/a
5373.294	0	2686647	standard_tone	sapo_probe	standard	n/a	n/a	n/a	n/a	n/a
5374.310	0	2687155	standard_tone	sapo_probe	standard	n/a	n/a	n/a	n/a	n/a
5375.326	0	2687663	standard_tone	sapo_probe	standard	n/a	n/a	n/a	n/a	n/a
5376.342	0	2688171	standard_tone	sapo_probe	standard	n/a	n/a	n/a	n/a	n/a
5377.358	0	2688679	standard_tone	sapo_probe	standard	n/a	n/a	n/a	n/a	n/a
5378.374	0	2689187	standard_tone	sapo_probe	standard	n/a	n/a	n/a	n/a	n/a
5379.390	0	2689695	standard_tone	sapo_probe	standard	n/a	n/a	n/a	n/a	n/a
5380.406	0	2690203	standard_tone	sapo_probe	standard	n/a	n/a	n/a	n/a	n/a
5381.422	0	2690711	standard_tone	sapo_probe	standard	n/a	n/a	n/a	n/a	n/a
5382.438	0	2691219	standard_tone	sapo_probe	standard	n/a	n/a	n/a	n/a	n/a
5383.452	0	2691726	standard_tone	sapo_probe	standard	n/a	n/a	n/a	n/a	n/a
5384.468	0	2692234	standard_tone	sapo_probe	standard	n/a	n/a	n/a	n/a	n/a
5385.484	0	2692742	standard_tone	sapo_probe	standard	n/a	n/a	n/a	n/a	n/a
5386.500	0	2693250	standard_tone	sapo_probe	standard	n/a	n/a	n/a	n/a	n/a
5387.516	0	2693758	standard_tone	sapo_probe	standard	n/a	n/a	n/a	n/a	n/a
5388.532	0	2694266	distractor_noise	sapo_probe	distractor	n/a	n/a	n/a	n/a	n/a
5389.548	0	2694774	standard_tone	sapo_probe	standard	n/a	n/a	n/a	n/a	n/a
5390.564	0	2695282	standard_tone	sapo_probe	standard	n/a	n/a	n/a	n/a	n/a
5391.580	0	2695790	standard_tone	sapo_probe	standard	n/a	n/a	n/a	n/a	n/a
5392.580	0	2696290	standard_tone	sapo_probe	standard	n/a	n/a	n/a	n/a	n/a
5393.594	0	2696797	standard_tone	sapo_probe	standard	n/a	n/a	n/a	n/a	n/a
5394.610	0	2697305	standard_tone	sapo_probe	standard	n/a	n/a	n/a	n/a	n/a
5395.626	0	2697813	standard_tone	sapo_probe	standard	n/a	n/a	n/a	n/a	n/a
5396.642	0	2698321	standard_tone	sapo_probe	standard	n/a	n/a	n/a	n/a	n/a
5397.658	0	2698829	standard_tone	sapo_probe	standard	n/a	n/a	n/a	n/a	n/a
5398.674	0	2699337	standard_tone	sapo_probe	standard	n/a	n/a	n/a	n/a	n/a
5399.690	0	2699845	standard_tone	sapo_probe	standard	n/a	n/a	n/a	n/a	n/a
5400.704	0	2700352	distractor_noise	sapo_probe	distractor	n/a	n/a	n/a	n/a	n/a
5401.722	0	2700861	standard_tone	sapo_probe	standard	n/a	n/a	n/a	n/a	n/a
5402.736	0	2701368	oddball_tone	sapo_probe	oddball	n/a	n/a	n/a	n/a	n/a
5403.752	0	2701876	standard_tone	sapo_probe	standard	n/a	n/a	n/a	n/a	n/a
5404.768	0	2702384	standard_tone	sapo_probe	standard	n/a	n/a	n/a	n/a	n/a
5405.784	0	2702892	distractor_noise	sapo_probe	distractor	n/a	n/a	n/a	n/a	n/a
5406.800	0	2703400	standard_tone	sapo_probe	standard	n/a	n/a	n/a	n/a	n/a
5407.816	0	2703908	standard_tone	sapo_probe	standard	n/a	n/a	n/a	n/a	n/a
5408.832	0	2704416	standard_tone	sapo_probe	standard	n/a	n/a	n/a	n/a	n/a
5409.848	0	2704924	silence_end	sapo_probe	silence-end	n/a	n/a	n/a	n/a	n/a
5409.850	0	2704925	subblock_end	sapo_probe	subblock-end-duration-118.202	n/a	n/a	n/a	118.202	n/a
5409.850	0	2704925	subblock_begin	sapo_probe	subblock-begin	n/a	n/a	n/a	n/a	n/a
5409.850	0	2704925	silence_begin	sapo_probe	silence-begin	n/a	n/a	n/a	n/a	n/a
5409.850	0	2704925	prompt_window_begin	sapo_probe	probe-sapo-probe-begin	n/a	n/a	n/a	n/a	n/a
5416.154	0	2708077	clicker_press	sapo_probe	response-received-page_up	n/a	n/a	n/a	n/a	page_up
5416.710	0	2708355	clicker_press	sapo_probe	response-received-page_up	n/a	n/a	n/a	n/a	page_up
5417.858	0	2708929	clicker_press	sapo_probe	response-received-page_up	n/a	n/a	n/a	n/a	page_up
5418.990	0	2709495	depth_rating	sapo_probe	rating-sapo-probe-meditation_depth-3	3	n/a	n/a	n/a	n/a
5421.922	0	2710961	clicker_press	sapo_probe	response-received-page_up	n/a	n/a	n/a	n/a	page_up
5423.004	0	2711502	clicker_press	sapo_probe	response-received-page_up	n/a	n/a	n/a	n/a	page_up
5424.004	0	2712002	clicker_press	sapo_probe	response-received-page_up	n/a	n/a	n/a	n/a	page_up
5424.752	0	2712376	clicker_press	sapo_probe	response-received-page_up	n/a	n/a	n/a	n/a	page_up
5429.098	0	2714549	confidence_rating	sapo_probe	rating-sapo-probe-confidence_depth-4	n/a	4	n/a	n/a	n/a
5432.646	0	2716323	prompt_window_end	sapo_probe	probe-sapo-probe-end	n/a	n/a	n/a	n/a	n/a
5432.648	0	2716324	oddball_tone	sapo_probe	oddball	n/a	n/a	n/a	n/a	n/a
5433.662	0	2716831	standard_tone	sapo_probe	standard	n/a	n/a	n/a	n/a	n/a
5434.676	0	2717338	standard_tone	sapo_probe	standard	n/a	n/a	n/a	n/a	n/a
5435.676	0	2717838	distractor_noise	sapo_probe	distractor	n/a	n/a	n/a	n/a	n/a
5436.692	0	2718346	standard_tone	sapo_probe	standard	n/a	n/a	n/a	n/a	n/a
5437.708	0	2718854	standard_tone	sapo_probe	standard	n/a	n/a	n/a	n/a	n/a
5438.724	0	2719362	standard_tone	sapo_probe	standard	n/a	n/a	n/a	n/a	n/a
5439.740	0	2719870	distractor_noise	sapo_probe	distractor	n/a	n/a	n/a	n/a	n/a
5440.756	0	2720378	oddball_tone	sapo_probe	oddball	n/a	n/a	n/a	n/a	n/a
5441.770	0	2720885	standard_tone	sapo_probe	standard	n/a	n/a	n/a	n/a	n/a
5442.788	0	2721394	standard_tone	sapo_probe	standard	n/a	n/a	n/a	n/a	n/a
5443.802	0	2721901	oddball_tone	sapo_probe	oddball	n/a	n/a	n/a	n/a	n/a
5444.818	0	2722409	standard_tone	sapo_probe	standard	n/a	n/a	n/a	n/a	n/a
5445.834	0	2722917	standard_tone	sapo_probe	standard	n/a	n/a	n/a	n/a	n/a
5446.850	0	2723425	standard_tone	sapo_probe	standard	n/a	n/a	n/a	n/a	n/a
5447.850	0	2723925	standard_tone	sapo_probe	standard	n/a	n/a	n/a	n/a	n/a
5448.866	0	2724433	standard_tone	sapo_probe	standard	n/a	n/a	n/a	n/a	n/a
5449.876	0	2724938	standard_tone	sapo_probe	standard	n/a	n/a	n/a	n/a	n/a
5450.880	0	2725440	distractor_noise	sapo_probe	distractor	n/a	n/a	n/a	n/a	n/a
5451.896	0	2725948	standard_tone	sapo_probe	standard	n/a	n/a	n/a	n/a	n/a
5452.912	0	2726456	standard_tone	sapo_probe	standard	n/a	n/a	n/a	n/a	n/a
5453.928	0	2726964	standard_tone	sapo_probe	standard	n/a	n/a	n/a	n/a	n/a
5454.944	0	2727472	standard_tone	sapo_probe	standard	n/a	n/a	n/a	n/a	n/a
5455.960	0	2727980	distractor_noise	sapo_probe	distractor	n/a	n/a	n/a	n/a	n/a
5456.974	0	2728487	standard_tone	sapo_probe	standard	n/a	n/a	n/a	n/a	n/a
5457.990	0	2728995	standard_tone	sapo_probe	standard	n/a	n/a	n/a	n/a	n/a
5459.006	0	2729503	oddball_tone	sapo_probe	oddball	n/a	n/a	n/a	n/a	n/a
5460.022	0	2730011	standard_tone	sapo_probe	standard	n/a	n/a	n/a	n/a	n/a
5461.038	0	2730519	standard_tone	sapo_probe	standard	n/a	n/a	n/a	n/a	n/a
5462.054	0	2731027	oddball_tone	sapo_probe	oddball	n/a	n/a	n/a	n/a	n/a
5463.070	0	2731535	standard_tone	sapo_probe	standard	n/a	n/a	n/a	n/a	n/a
5464.070	0	2732035	oddball_tone	sapo_probe	oddball	n/a	n/a	n/a	n/a	n/a
5465.086	0	2732543	standard_tone	sapo_probe	standard	n/a	n/a	n/a	n/a	n/a
5466.100	0	2733050	standard_tone	sapo_probe	standard	n/a	n/a	n/a	n/a	n/a
5467.116	0	2733558	oddball_tone	sapo_probe	oddball	n/a	n/a	n/a	n/a	n/a
5468.132	0	2734066	standard_tone	sapo_probe	standard	n/a	n/a	n/a	n/a	n/a
5469.148	0	2734574	standard_tone	sapo_probe	standard	n/a	n/a	n/a	n/a	n/a
5470.164	0	2735082	standard_tone	sapo_probe	standard	n/a	n/a	n/a	n/a	n/a
5471.180	0	2735590	distractor_noise	sapo_probe	distractor	n/a	n/a	n/a	n/a	n/a
5472.196	0	2736098	standard_tone	sapo_probe	standard	n/a	n/a	n/a	n/a	n/a
5473.212	0	2736606	standard_tone	sapo_probe	standard	n/a	n/a	n/a	n/a	n/a
5474.228	0	2737114	standard_tone	sapo_probe	standard	n/a	n/a	n/a	n/a	n/a
5475.244	0	2737622	standard_tone	sapo_probe	standard	n/a	n/a	n/a	n/a	n/a
5476.260	0	2738130	standard_tone	sapo_probe	standard	n/a	n/a	n/a	n/a	n/a
5477.276	0	2738638	oddball_tone	sapo_probe	oddball	n/a	n/a	n/a	n/a	n/a
5478.290	0	2739145	standard_tone	sapo_probe	standard	n/a	n/a	n/a	n/a	n/a
5479.306	0	2739653	standard_tone	sapo_probe	standard	n/a	n/a	n/a	n/a	n/a
5480.322	0	2740161	standard_tone	sapo_probe	standard	n/a	n/a	n/a	n/a	n/a
5481.338	0	2740669	standard_tone	sapo_probe	standard	n/a	n/a	n/a	n/a	n/a
5482.356	0	2741178	standard_tone	sapo_probe	standard	n/a	n/a	n/a	n/a	n/a
5483.370	0	2741685	standard_tone	sapo_probe	standard	n/a	n/a	n/a	n/a	n/a
5484.386	0	2742193	standard_tone	sapo_probe	standard	n/a	n/a	n/a	n/a	n/a
5485.402	0	2742701	standard_tone	sapo_probe	standard	n/a	n/a	n/a	n/a	n/a
5486.418	0	2743209	distractor_noise	sapo_probe	distractor	n/a	n/a	n/a	n/a	n/a
5487.434	0	2743717	standard_tone	sapo_probe	standard	n/a	n/a	n/a	n/a	n/a
5488.450	0	2744225	standard_tone	sapo_probe	standard	n/a	n/a	n/a	n/a	n/a
5489.464	0	2744732	oddball_tone	sapo_probe	oddball	n/a	n/a	n/a	n/a	n/a
5490.480	0	2745240	standard_tone	sapo_probe	standard	n/a	n/a	n/a	n/a	n/a
5491.496	0	2745748	standard_tone	sapo_probe	standard	n/a	n/a	n/a	n/a	n/a
5492.496	0	2746248	distractor_noise	sapo_probe	distractor	n/a	n/a	n/a	n/a	n/a
5493.512	0	2746756	standard_tone	sapo_probe	standard	n/a	n/a	n/a	n/a	n/a
5494.528	0	2747264	standard_tone	sapo_probe	standard	n/a	n/a	n/a	n/a	n/a
5495.544	0	2747772	standard_tone	sapo_probe	standard	n/a	n/a	n/a	n/a	n/a
5496.560	0	2748280	standard_tone	sapo_probe	standard	n/a	n/a	n/a	n/a	n/a
5497.574	0	2748787	oddball_tone	sapo_probe	oddball	n/a	n/a	n/a	n/a	n/a
5498.576	0	2749288	standard_tone	sapo_probe	standard	n/a	n/a	n/a	n/a	n/a
5499.590	0	2749795	oddball_tone	sapo_probe	oddball	n/a	n/a	n/a	n/a	n/a
5500.606	0	2750303	standard_tone	sapo_probe	standard	n/a	n/a	n/a	n/a	n/a
5501.622	0	2750811	standard_tone	sapo_probe	standard	n/a	n/a	n/a	n/a	n/a
5502.638	0	2751319	distractor_noise	sapo_probe	distractor	n/a	n/a	n/a	n/a	n/a
5503.652	0	2751826	standard_tone	sapo_probe	standard	n/a	n/a	n/a	n/a	n/a
5504.668	0	2752334	standard_tone	sapo_probe	standard	n/a	n/a	n/a	n/a	n/a
5505.684	0	2752842	standard_tone	sapo_probe	standard	n/a	n/a	n/a	n/a	n/a
5506.700	0	2753350	standard_tone	sapo_probe	standard	n/a	n/a	n/a	n/a	n/a
5507.716	0	2753858	standard_tone	sapo_probe	standard	n/a	n/a	n/a	n/a	n/a
5508.732	0	2754366	standard_tone	sapo_probe	standard	n/a	n/a	n/a	n/a	n/a
5509.748	0	2754874	standard_tone	sapo_probe	standard	n/a	n/a	n/a	n/a	n/a
5510.764	0	2755382	standard_tone	sapo_probe	standard	n/a	n/a	n/a	n/a	n/a
5511.780	0	2755890	standard_tone	sapo_probe	standard	n/a	n/a	n/a	n/a	n/a
5512.796	0	2756398	standard_tone	sapo_probe	standard	n/a	n/a	n/a	n/a	n/a
5513.794	0	2756897	standard_tone	sapo_probe	standard	n/a	n/a	n/a	n/a	n/a
5514.812	0	2757406	standard_tone	sapo_probe	standard	n/a	n/a	n/a	n/a	n/a
5515.826	0	2757913	standard_tone	sapo_probe	standard	n/a	n/a	n/a	n/a	n/a
5516.844	0	2758422	standard_tone	sapo_probe	standard	n/a	n/a	n/a	n/a	n/a
5517.858	0	2758929	standard_tone	sapo_probe	standard	n/a	n/a	n/a	n/a	n/a
5518.874	0	2759437	standard_tone	sapo_probe	standard	n/a	n/a	n/a	n/a	n/a
5519.890	0	2759945	standard_tone	sapo_probe	standard	n/a	n/a	n/a	n/a	n/a
5520.888	0	2760444	oddball_tone	sapo_probe	oddball	n/a	n/a	n/a	n/a	n/a
5521.904	0	2760952	standard_tone	sapo_probe	standard	n/a	n/a	n/a	n/a	n/a
5522.920	0	2761460	standard_tone	sapo_probe	standard	n/a	n/a	n/a	n/a	n/a
5523.936	0	2761968	standard_tone	sapo_probe	standard	n/a	n/a	n/a	n/a	n/a
5524.952	0	2762476	distractor_noise	sapo_probe	distractor	n/a	n/a	n/a	n/a	n/a
5525.968	0	2762984	standard_tone	sapo_probe	standard	n/a	n/a	n/a	n/a	n/a
5526.984	0	2763492	standard_tone	sapo_probe	standard	n/a	n/a	n/a	n/a	n/a
5528.000	0	2764000	standard_tone	sapo_probe	standard	n/a	n/a	n/a	n/a	n/a
5529.016	0	2764508	standard_tone	sapo_probe	standard	n/a	n/a	n/a	n/a	n/a
5530.032	0	2765016	standard_tone	sapo_probe	standard	n/a	n/a	n/a	n/a	n/a
5531.030	0	2765515	distractor_noise	sapo_probe	distractor	n/a	n/a	n/a	n/a	n/a
5532.046	0	2766023	oddball_tone	sapo_probe	oddball	n/a	n/a	n/a	n/a	n/a
5533.062	0	2766531	standard_tone	sapo_probe	standard	n/a	n/a	n/a	n/a	n/a
5534.078	0	2767039	standard_tone	sapo_probe	standard	n/a	n/a	n/a	n/a	n/a
5535.094	0	2767547	standard_tone	sapo_probe	standard	n/a	n/a	n/a	n/a	n/a
5536.110	0	2768055	standard_tone	sapo_probe	standard	n/a	n/a	n/a	n/a	n/a
5537.110	0	2768555	standard_tone	sapo_probe	standard	n/a	n/a	n/a	n/a	n/a
5538.124	0	2769062	standard_tone	sapo_probe	standard	n/a	n/a	n/a	n/a	n/a
5539.140	0	2769570	standard_tone	sapo_probe	standard	n/a	n/a	n/a	n/a	n/a
5540.156	0	2770078	standard_tone	sapo_probe	standard	n/a	n/a	n/a	n/a	n/a
5541.172	0	2770586	standard_tone	sapo_probe	standard	n/a	n/a	n/a	n/a	n/a
5542.188	0	2771094	standard_tone	sapo_probe	standard	n/a	n/a	n/a	n/a	n/a
5543.204	0	2771602	oddball_tone	sapo_probe	oddball	n/a	n/a	n/a	n/a	n/a
5544.220	0	2772110	distractor_noise	sapo_probe	distractor	n/a	n/a	n/a	n/a	n/a
5545.236	0	2772618	standard_tone	sapo_probe	standard	n/a	n/a	n/a	n/a	n/a
5546.252	0	2773126	standard_tone	sapo_probe	standard	n/a	n/a	n/a	n/a	n/a
5546.650	0	2773325	silence_end	sapo_probe	silence-end	n/a	n/a	n/a	n/a	n/a
5546.652	0	2773326	subblock_end	sapo_probe	subblock-end-duration-136.802	n/a	n/a	n/a	136.802	n/a
5546.652	0	2773326	subblock_begin	sapo_probe	subblock-begin	n/a	n/a	n/a	n/a	n/a
5546.652	0	2773326	silence_begin	sapo_probe	silence-begin	n/a	n/a	n/a	n/a	n/a
5547.268	0	2773634	standard_tone	sapo_probe	standard	n/a	n/a	n/a	n/a	n/a
5548.282	0	2774141	standard_tone	sapo_probe	standard	n/a	n/a	n/a	n/a	n/a
5549.298	0	2774649	standard_tone	sapo_probe	standard	n/a	n/a	n/a	n/a	n/a
5550.316	0	2775158	standard_tone	sapo_probe	standard	n/a	n/a	n/a	n/a	n/a
5551.330	0	2775665	distractor_noise	sapo_probe	distractor	n/a	n/a	n/a	n/a	n/a
5552.346	0	2776173	oddball_tone	sapo_probe	oddball	n/a	n/a	n/a	n/a	n/a
5553.362	0	2776681	standard_tone	sapo_probe	standard	n/a	n/a	n/a	n/a	n/a
5554.378	0	2777189	standard_tone	sapo_probe	standard	n/a	n/a	n/a	n/a	n/a
5555.394	0	2777697	standard_tone	sapo_probe	standard	n/a	n/a	n/a	n/a	n/a
5556.410	0	2778205	standard_tone	sapo_probe	standard	n/a	n/a	n/a	n/a	n/a
5557.410	0	2778705	standard_tone	sapo_probe	standard	n/a	n/a	n/a	n/a	n/a
5558.424	0	2779212	standard_tone	sapo_probe	standard	n/a	n/a	n/a	n/a	n/a
5559.440	0	2779720	oddball_tone	sapo_probe	oddball	n/a	n/a	n/a	n/a	n/a
5560.454	0	2780227	standard_tone	sapo_probe	standard	n/a	n/a	n/a	n/a	n/a
5561.456	0	2780728	standard_tone	sapo_probe	standard	n/a	n/a	n/a	n/a	n/a
5562.472	0	2781236	standard_tone	sapo_probe	standard	n/a	n/a	n/a	n/a	n/a
5563.486	0	2781743	standard_tone	sapo_probe	standard	n/a	n/a	n/a	n/a	n/a
5564.488	0	2782244	standard_tone	sapo_probe	standard	n/a	n/a	n/a	n/a	n/a
5565.502	0	2782751	standard_tone	sapo_probe	standard	n/a	n/a	n/a	n/a	n/a
5566.518	0	2783259	standard_tone	sapo_probe	standard	n/a	n/a	n/a	n/a	n/a
5567.534	0	2783767	standard_tone	sapo_probe	standard	n/a	n/a	n/a	n/a	n/a
5568.550	0	2784275	standard_tone	sapo_probe	standard	n/a	n/a	n/a	n/a	n/a
5569.566	0	2784783	standard_tone	sapo_probe	standard	n/a	n/a	n/a	n/a	n/a
5570.582	0	2785291	standard_tone	sapo_probe	standard	n/a	n/a	n/a	n/a	n/a
5571.580	0	2785790	oddball_tone	sapo_probe	oddball	n/a	n/a	n/a	n/a	n/a
5572.596	0	2786298	standard_tone	sapo_probe	standard	n/a	n/a	n/a	n/a	n/a
5573.612	0	2786806	standard_tone	sapo_probe	standard	n/a	n/a	n/a	n/a	n/a
5574.628	0	2787314	standard_tone	sapo_probe	standard	n/a	n/a	n/a	n/a	n/a
5575.644	0	2787822	standard_tone	sapo_probe	standard	n/a	n/a	n/a	n/a	n/a
5576.642	0	2788321	standard_tone	sapo_probe	standard	n/a	n/a	n/a	n/a	n/a
5577.658	0	2788829	standard_tone	sapo_probe	standard	n/a	n/a	n/a	n/a	n/a
5578.674	0	2789337	standard_tone	sapo_probe	standard	n/a	n/a	n/a	n/a	n/a
5579.690	0	2789845	standard_tone	sapo_probe	standard	n/a	n/a	n/a	n/a	n/a
5580.706	0	2790353	distractor_noise	sapo_probe	distractor	n/a	n/a	n/a	n/a	n/a
5581.722	0	2790861	standard_tone	sapo_probe	standard	n/a	n/a	n/a	n/a	n/a
5582.738	0	2791369	standard_tone	sapo_probe	standard	n/a	n/a	n/a	n/a	n/a
5583.754	0	2791877	standard_tone	sapo_probe	standard	n/a	n/a	n/a	n/a	n/a
5584.770	0	2792385	standard_tone	sapo_probe	standard	n/a	n/a	n/a	n/a	n/a
5585.786	0	2792893	standard_tone	sapo_probe	standard	n/a	n/a	n/a	n/a	n/a
5586.802	0	2793401	standard_tone	sapo_probe	standard	n/a	n/a	n/a	n/a	n/a
5587.816	0	2793908	standard_tone	sapo_probe	standard	n/a	n/a	n/a	n/a	n/a
5588.832	0	2794416	standard_tone	sapo_probe	standard	n/a	n/a	n/a	n/a	n/a
5589.850	0	2794925	standard_tone	sapo_probe	standard	n/a	n/a	n/a	n/a	n/a
5590.864	0	2795432	oddball_tone	sapo_probe	oddball	n/a	n/a	n/a	n/a	n/a
5591.880	0	2795940	standard_tone	sapo_probe	standard	n/a	n/a	n/a	n/a	n/a
5592.896	0	2796448	distractor_noise	sapo_probe	distractor	n/a	n/a	n/a	n/a	n/a
5593.912	0	2796956	oddball_tone	sapo_probe	oddball	n/a	n/a	n/a	n/a	n/a
5594.928	0	2797464	standard_tone	sapo_probe	standard	n/a	n/a	n/a	n/a	n/a
5595.944	0	2797972	standard_tone	sapo_probe	standard	n/a	n/a	n/a	n/a	n/a
5596.944	0	2798472	standard_tone	sapo_probe	standard	n/a	n/a	n/a	n/a	n/a
5597.958	0	2798979	standard_tone	sapo_probe	standard	n/a	n/a	n/a	n/a	n/a
5598.974	0	2799487	distractor_noise	sapo_probe	distractor	n/a	n/a	n/a	n/a	n/a
5599.990	0	2799995	standard_tone	sapo_probe	standard	n/a	n/a	n/a	n/a	n/a
5601.006	0	2800503	standard_tone	sapo_probe	standard	n/a	n/a	n/a	n/a	n/a
5602.022	0	2801011	standard_tone	sapo_probe	standard	n/a	n/a	n/a	n/a	n/a
5603.038	0	2801519	distractor_noise	sapo_probe	distractor	n/a	n/a	n/a	n/a	n/a
5604.054	0	2802027	standard_tone	sapo_probe	standard	n/a	n/a	n/a	n/a	n/a
5605.068	0	2802534	standard_tone	sapo_probe	standard	n/a	n/a	n/a	n/a	n/a
5606.084	0	2803042	standard_tone	sapo_probe	standard	n/a	n/a	n/a	n/a	n/a
5607.100	0	2803550	standard_tone	sapo_probe	standard	n/a	n/a	n/a	n/a	n/a
5608.116	0	2804058	standard_tone	sapo_probe	standard	n/a	n/a	n/a	n/a	n/a
5609.132	0	2804566	standard_tone	sapo_probe	standard	n/a	n/a	n/a	n/a	n/a
5610.148	0	2805074	standard_tone	sapo_probe	standard	n/a	n/a	n/a	n/a	n/a
5611.164	0	2805582	standard_tone	sapo_probe	standard	n/a	n/a	n/a	n/a	n/a
5612.180	0	2806090	standard_tone	sapo_probe	standard	n/a	n/a	n/a	n/a	n/a
5613.196	0	2806598	standard_tone	sapo_probe	standard	n/a	n/a	n/a	n/a	n/a
5614.212	0	2807106	distractor_noise	sapo_probe	distractor	n/a	n/a	n/a	n/a	n/a
5615.228	0	2807614	standard_tone	sapo_probe	standard	n/a	n/a	n/a	n/a	n/a
5616.244	0	2808122	oddball_tone	sapo_probe	oddball	n/a	n/a	n/a	n/a	n/a
5617.260	0	2808630	standard_tone	sapo_probe	standard	n/a	n/a	n/a	n/a	n/a
5618.274	0	2809137	standard_tone	sapo_probe	standard	n/a	n/a	n/a	n/a	n/a
5619.290	0	2809645	standard_tone	sapo_probe	standard	n/a	n/a	n/a	n/a	n/a
5620.290	0	2810145	standard_tone	sapo_probe	standard	n/a	n/a	n/a	n/a	n/a
5621.306	0	2810653	standard_tone	sapo_probe	standard	n/a	n/a	n/a	n/a	n/a
5622.322	0	2811161	standard_tone	sapo_probe	standard	n/a	n/a	n/a	n/a	n/a
5623.338	0	2811669	standard_tone	sapo_probe	standard	n/a	n/a	n/a	n/a	n/a
5624.354	0	2812177	standard_tone	sapo_probe	standard	n/a	n/a	n/a	n/a	n/a
5625.368	0	2812684	distractor_noise	sapo_probe	distractor	n/a	n/a	n/a	n/a	n/a
5626.384	0	2813192	standard_tone	sapo_probe	standard	n/a	n/a	n/a	n/a	n/a
5627.400	0	2813700	standard_tone	sapo_probe	standard	n/a	n/a	n/a	n/a	n/a
5628.416	0	2814208	distractor_noise	sapo_probe	distractor	n/a	n/a	n/a	n/a	n/a
5629.432	0	2814716	standard_tone	sapo_probe	standard	n/a	n/a	n/a	n/a	n/a
5630.448	0	2815224	standard_tone	sapo_probe	standard	n/a	n/a	n/a	n/a	n/a
5631.448	0	2815724	standard_tone	sapo_probe	standard	n/a	n/a	n/a	n/a	n/a
5632.462	0	2816231	distractor_noise	sapo_probe	distractor	n/a	n/a	n/a	n/a	n/a
5633.478	0	2816739	standard_tone	sapo_probe	standard	n/a	n/a	n/a	n/a	n/a
5634.496	0	2817248	standard_tone	sapo_probe	standard	n/a	n/a	n/a	n/a	n/a
5635.510	0	2817755	distractor_noise	sapo_probe	distractor	n/a	n/a	n/a	n/a	n/a
5636.526	0	2818263	standard_tone	sapo_probe	standard	n/a	n/a	n/a	n/a	n/a
5637.542	0	2818771	oddball_tone	sapo_probe	oddball	n/a	n/a	n/a	n/a	n/a
5638.558	0	2819279	standard_tone	sapo_probe	standard	n/a	n/a	n/a	n/a	n/a
5639.574	0	2819787	standard_tone	sapo_probe	standard	n/a	n/a	n/a	n/a	n/a
5640.590	0	2820295	standard_tone	sapo_probe	standard	n/a	n/a	n/a	n/a	n/a
5641.606	0	2820803	standard_tone	sapo_probe	standard	n/a	n/a	n/a	n/a	n/a
5642.622	0	2821311	standard_tone	sapo_probe	standard	n/a	n/a	n/a	n/a	n/a
5643.638	0	2821819	oddball_tone	sapo_probe	oddball	n/a	n/a	n/a	n/a	n/a
5644.652	0	2822326	standard_tone	sapo_probe	standard	n/a	n/a	n/a	n/a	n/a
5645.668	0	2822834	standard_tone	sapo_probe	standard	n/a	n/a	n/a	n/a	n/a
5646.684	0	2823342	standard_tone	sapo_probe	standard	n/a	n/a	n/a	n/a	n/a
5647.700	0	2823850	oddball_tone	sapo_probe	oddball	n/a	n/a	n/a	n/a	n/a
5648.716	0	2824358	standard_tone	sapo_probe	standard	n/a	n/a	n/a	n/a	n/a
5649.732	0	2824866	oddball_tone	sapo_probe	oddball	n/a	n/a	n/a	n/a	n/a
5650.748	0	2825374	distractor_noise	sapo_probe	distractor	n/a	n/a	n/a	n/a	n/a
5651.764	0	2825882	standard_tone	sapo_probe	standard	n/a	n/a	n/a	n/a	n/a
5652.780	0	2826390	oddball_tone	sapo_probe	oddball	n/a	n/a	n/a	n/a	n/a
5653.796	0	2826898	standard_tone	sapo_probe	standard	n/a	n/a	n/a	n/a	n/a
5654.812	0	2827406	standard_tone	sapo_probe	standard	n/a	n/a	n/a	n/a	n/a
5655.828	0	2827914	oddball_tone	sapo_probe	oddball	n/a	n/a	n/a	n/a	n/a
5656.844	0	2828422	standard_tone	sapo_probe	standard	n/a	n/a	n/a	n/a	n/a
5657.858	0	2828929	standard_tone	sapo_probe	standard	n/a	n/a	n/a	n/a	n/a
5658.858	0	2829429	standard_tone	sapo_probe	standard	n/a	n/a	n/a	n/a	n/a
5659.874	0	2829937	standard_tone	sapo_probe	standard	n/a	n/a	n/a	n/a	n/a
5660.890	0	2830445	standard_tone	sapo_probe	standard	n/a	n/a	n/a	n/a	n/a
5661.906	0	2830953	standard_tone	sapo_probe	standard	n/a	n/a	n/a	n/a	n/a
5662.922	0	2831461	standard_tone	sapo_probe	standard	n/a	n/a	n/a	n/a	n/a
5662.972	0	2831486	silence_end	sapo_probe	silence-end	n/a	n/a	n/a	n/a	n/a
5662.972	0	2831486	gong_begin	sapo_probe	gong-begin	n/a	n/a	n/a	n/a	n/a
5673.114	0	2836557	gong_end	sapo_probe	gong-end	n/a	n/a	n/a	n/a	n/a
5673.114	0	2836557	subblock_end	sapo_probe	subblock-end-duration-126.463	n/a	n/a	n/a	126.463	n/a
5673.116	0	2836558	subblock_begin	sapo_probe	subblock-begin	n/a	n/a	n/a	n/a	n/a
5673.116	0	2836558	silence_begin	sapo_probe	silence-begin	n/a	n/a	n/a	n/a	n/a
5673.116	0	2836558	prompt_window_begin	sapo_probe	probe-sapo-probe-begin	n/a	n/a	n/a	n/a	n/a
5679.556	0	2839778	clicker_press	sapo_probe	response-received-page_up	n/a	n/a	n/a	n/a	page_up
5680.222	0	2840111	clicker_press	sapo_probe	response-received-page_up	n/a	n/a	n/a	n/a	page_up
5680.988	0	2840494	clicker_press	sapo_probe	response-received-page_up	n/a	n/a	n/a	n/a	page_up
5682.138	0	2841069	depth_rating	sapo_probe	rating-sapo-probe-meditation_depth-3	3	n/a	n/a	n/a	n/a
5687.668	0	2843834	clicker_press	sapo_probe	response-received-page_up	n/a	n/a	n/a	n/a	page_up
5688.368	0	2844184	clicker_press	sapo_probe	response-received-page_up	n/a	n/a	n/a	n/a	page_up
5688.984	0	2844492	clicker_press	sapo_probe	response-received-page_up	n/a	n/a	n/a	n/a	page_up
5689.666	0	2844833	clicker_press	sapo_probe	response-received-page_up	n/a	n/a	n/a	n/a	page_up
5690.234	0	2845117	clicker_press	sapo_probe	response-received-page_up	n/a	n/a	n/a	n/a	page_up
5692.232	0	2846116	confidence_rating	sapo_probe	rating-sapo-probe-confidence_depth-5	n/a	5	n/a	n/a	n/a
5695.678	0	2847839	prompt_window_end	sapo_probe	probe-sapo-probe-end	n/a	n/a	n/a	n/a	n/a
5695.678	0	2847839	standard_tone	sapo_probe	standard	n/a	n/a	n/a	n/a	n/a
5696.694	0	2848347	standard_tone	sapo_probe	standard	n/a	n/a	n/a	n/a	n/a
5697.708	0	2848854	standard_tone	sapo_probe	standard	n/a	n/a	n/a	n/a	n/a
5698.724	0	2849362	standard_tone	sapo_probe	standard	n/a	n/a	n/a	n/a	n/a
5699.740	0	2849870	oddball_tone	sapo_probe	oddball	n/a	n/a	n/a	n/a	n/a
5700.756	0	2850378	standard_tone	sapo_probe	standard	n/a	n/a	n/a	n/a	n/a
5701.772	0	2850886	standard_tone	sapo_probe	standard	n/a	n/a	n/a	n/a	n/a
5702.788	0	2851394	standard_tone	sapo_probe	standard	n/a	n/a	n/a	n/a	n/a
5703.804	0	2851902	standard_tone	sapo_probe	standard	n/a	n/a	n/a	n/a	n/a
5704.820	0	2852410	distractor_noise	sapo_probe	distractor	n/a	n/a	n/a	n/a	n/a
5705.836	0	2852918	oddball_tone	sapo_probe	oddball	n/a	n/a	n/a	n/a	n/a
5706.852	0	2853426	standard_tone	sapo_probe	standard	n/a	n/a	n/a	n/a	n/a
5707.866	0	2853933	standard_tone	sapo_probe	standard	n/a	n/a	n/a	n/a	n/a
5708.884	0	2854442	standard_tone	sapo_probe	standard	n/a	n/a	n/a	n/a	n/a
5709.898	0	2854949	standard_tone	sapo_probe	standard	n/a	n/a	n/a	n/a	n/a
5710.914	0	2855457	standard_tone	sapo_probe	standard	n/a	n/a	n/a	n/a	n/a
5711.930	0	2855965	distractor_noise	sapo_probe	distractor	n/a	n/a	n/a	n/a	n/a
5712.946	0	2856473	standard_tone	sapo_probe	standard	n/a	n/a	n/a	n/a	n/a
5713.962	0	2856981	standard_tone	sapo_probe	standard	n/a	n/a	n/a	n/a	n/a
5714.978	0	2857489	standard_tone	sapo_probe	standard	n/a	n/a	n/a	n/a	n/a
5715.994	0	2857997	standard_tone	sapo_probe	standard	n/a	n/a	n/a	n/a	n/a
5717.010	0	2858505	standard_tone	sapo_probe	standard	n/a	n/a	n/a	n/a	n/a
5718.026	0	2859013	oddball_tone	sapo_probe	oddball	n/a	n/a	n/a	n/a	n/a
5719.042	0	2859521	standard_tone	sapo_probe	standard	n/a	n/a	n/a	n/a	n/a
5720.058	0	2860029	distractor_noise	sapo_probe	distractor	n/a	n/a	n/a	n/a	n/a
5721.072	0	2860536	standard_tone	sapo_probe	standard	n/a	n/a	n/a	n/a	n/a
5722.088	0	2861044	standard_tone	sapo_probe	standard	n/a	n/a	n/a	n/a	n/a
5723.104	0	2861552	standard_tone	sapo_probe	standard	n/a	n/a	n/a	n/a	n/a
5724.104	0	2862052	oddball_tone	sapo_probe	oddball	n/a	n/a	n/a	n/a	n/a
5725.120	0	2862560	standard_tone	sapo_probe	standard	n/a	n/a	n/a	n/a	n/a
5726.136	0	2863068	standard_tone	sapo_probe	standard	n/a	n/a	n/a	n/a	n/a
5727.152	0	2863576	standard_tone	sapo_probe	standard	n/a	n/a	n/a	n/a	n/a
5728.150	0	2864075	standard_tone	sapo_probe	standard	n/a	n/a	n/a	n/a	n/a
5729.166	0	2864583	standard_tone	sapo_probe	standard	n/a	n/a	n/a	n/a	n/a
5730.182	0	2865091	standard_tone	sapo_probe	standard	n/a	n/a	n/a	n/a	n/a
5731.198	0	2865599	standard_tone	sapo_probe	standard	n/a	n/a	n/a	n/a	n/a
5732.214	0	2866107	standard_tone	sapo_probe	standard	n/a	n/a	n/a	n/a	n/a
5733.230	0	2866615	standard_tone	sapo_probe	standard	n/a	n/a	n/a	n/a	n/a
5734.246	0	2867123	standard_tone	sapo_probe	standard	n/a	n/a	n/a	n/a	n/a
5735.262	0	2867631	standard_tone	sapo_probe	standard	n/a	n/a	n/a	n/a	n/a
5736.278	0	2868139	standard_tone	sapo_probe	standard	n/a	n/a	n/a	n/a	n/a
5737.292	0	2868646	standard_tone	sapo_probe	standard	n/a	n/a	n/a	n/a	n/a
5738.308	0	2869154	standard_tone	sapo_probe	standard	n/a	n/a	n/a	n/a	n/a
5739.324	0	2869662	standard_tone	sapo_probe	standard	n/a	n/a	n/a	n/a	n/a
5740.340	0	2870170	standard_tone	sapo_probe	standard	n/a	n/a	n/a	n/a	n/a
5741.356	0	2870678	standard_tone	sapo_probe	standard	n/a	n/a	n/a	n/a	n/a
5742.372	0	2871186	standard_tone	sapo_probe	standard	n/a	n/a	n/a	n/a	n/a
5743.388	0	2871694	standard_tone	sapo_probe	standard	n/a	n/a	n/a	n/a	n/a
5744.404	0	2872202	standard_tone	sapo_probe	standard	n/a	n/a	n/a	n/a	n/a
5745.420	0	2872710	standard_tone	sapo_probe	standard	n/a	n/a	n/a	n/a	n/a
5746.436	0	2873218	standard_tone	sapo_probe	standard	n/a	n/a	n/a	n/a	n/a
5747.450	0	2873725	standard_tone	sapo_probe	standard	n/a	n/a	n/a	n/a	n/a
5748.466	0	2874233	standard_tone	sapo_probe	standard	n/a	n/a	n/a	n/a	n/a
5749.482	0	2874741	standard_tone	sapo_probe	standard	n/a	n/a	n/a	n/a	n/a
5750.498	0	2875249	standard_tone	sapo_probe	standard	n/a	n/a	n/a	n/a	n/a
5751.514	0	2875757	oddball_tone	sapo_probe	oddball	n/a	n/a	n/a	n/a	n/a
5752.530	0	2876265	standard_tone	sapo_probe	standard	n/a	n/a	n/a	n/a	n/a
5753.546	0	2876773	standard_tone	sapo_probe	standard	n/a	n/a	n/a	n/a	n/a
5754.546	0	2877273	standard_tone	sapo_probe	standard	n/a	n/a	n/a	n/a	n/a
5755.562	0	2877781	standard_tone	sapo_probe	standard	n/a	n/a	n/a	n/a	n/a
5756.576	0	2878288	standard_tone	sapo_probe	standard	n/a	n/a	n/a	n/a	n/a
5757.592	0	2878796	standard_tone	sapo_probe	standard	n/a	n/a	n/a	n/a	n/a
5758.608	0	2879304	standard_tone	sapo_probe	standard	n/a	n/a	n/a	n/a	n/a
5759.608	0	2879804	oddball_tone	sapo_probe	oddball	n/a	n/a	n/a	n/a	n/a
5760.624	0	2880312	standard_tone	sapo_probe	standard	n/a	n/a	n/a	n/a	n/a
5761.640	0	2880820	oddball_tone	sapo_probe	oddball	n/a	n/a	n/a	n/a	n/a
5762.656	0	2881328	standard_tone	sapo_probe	standard	n/a	n/a	n/a	n/a	n/a
5763.672	0	2881836	standard_tone	sapo_probe	standard	n/a	n/a	n/a	n/a	n/a
5764.688	0	2882344	standard_tone	sapo_probe	standard	n/a	n/a	n/a	n/a	n/a
5765.702	0	2882851	standard_tone	sapo_probe	standard	n/a	n/a	n/a	n/a	n/a
5766.718	0	2883359	distractor_noise	sapo_probe	distractor	n/a	n/a	n/a	n/a	n/a
5767.734	0	2883867	standard_tone	sapo_probe	standard	n/a	n/a	n/a	n/a	n/a
5768.750	0	2884375	standard_tone	sapo_probe	standard	n/a	n/a	n/a	n/a	n/a
5769.750	0	2884875	distractor_noise	sapo_probe	distractor	n/a	n/a	n/a	n/a	n/a
5770.766	0	2885383	standard_tone	sapo_probe	standard	n/a	n/a	n/a	n/a	n/a
5771.780	0	2885890	standard_tone	sapo_probe	standard	n/a	n/a	n/a	n/a	n/a
5772.796	0	2886398	standard_tone	sapo_probe	standard	n/a	n/a	n/a	n/a	n/a
5773.812	0	2886906	standard_tone	sapo_probe	standard	n/a	n/a	n/a	n/a	n/a
5774.828	0	2887414	standard_tone	sapo_probe	standard	n/a	n/a	n/a	n/a	n/a
5775.844	0	2887922	standard_tone	sapo_probe	standard	n/a	n/a	n/a	n/a	n/a
5776.860	0	2888430	standard_tone	sapo_probe	standard	n/a	n/a	n/a	n/a	n/a
5777.876	0	2888938	standard_tone	sapo_probe	standard	n/a	n/a	n/a	n/a	n/a
5778.892	0	2889446	standard_tone	sapo_probe	standard	n/a	n/a	n/a	n/a	n/a
5779.908	0	2889954	oddball_tone	sapo_probe	oddball	n/a	n/a	n/a	n/a	n/a
5780.924	0	2890462	distractor_noise	sapo_probe	distractor	n/a	n/a	n/a	n/a	n/a
5781.940	0	2890970	oddball_tone	sapo_probe	oddball	n/a	n/a	n/a	n/a	n/a
5782.954	0	2891477	standard_tone	sapo_probe	standard	n/a	n/a	n/a	n/a	n/a
5783.970	0	2891985	oddball_tone	sapo_probe	oddball	n/a	n/a	n/a	n/a	n/a
5784.986	0	2892493	distractor_noise	sapo_probe	distractor	n/a	n/a	n/a	n/a	n/a
5786.002	0	2893001	standard_tone	sapo_probe	standard	n/a	n/a	n/a	n/a	n/a
5787.018	0	2893509	standard_tone	sapo_probe	standard	n/a	n/a	n/a	n/a	n/a
5788.034	0	2894017	distractor_noise	sapo_probe	distractor	n/a	n/a	n/a	n/a	n/a
5789.048	0	2894524	standard_tone	sapo_probe	standard	n/a	n/a	n/a	n/a	n/a
5790.066	0	2895033	standard_tone	sapo_probe	standard	n/a	n/a	n/a	n/a	n/a
5791.082	0	2895541	standard_tone	sapo_probe	standard	n/a	n/a	n/a	n/a	n/a
5792.098	0	2896049	standard_tone	sapo_probe	standard	n/a	n/a	n/a	n/a	n/a
5793.114	0	2896557	standard_tone	sapo_probe	standard	n/a	n/a	n/a	n/a	n/a
5794.130	0	2897065	standard_tone	sapo_probe	standard	n/a	n/a	n/a	n/a	n/a
5795.144	0	2897572	distractor_noise	sapo_probe	distractor	n/a	n/a	n/a	n/a	n/a
5796.160	0	2898080	standard_tone	sapo_probe	standard	n/a	n/a	n/a	n/a	n/a
5797.178	0	2898589	standard_tone	sapo_probe	standard	n/a	n/a	n/a	n/a	n/a
5798.192	0	2899096	standard_tone	sapo_probe	standard	n/a	n/a	n/a	n/a	n/a
5799.208	0	2899604	standard_tone	sapo_probe	standard	n/a	n/a	n/a	n/a	n/a
5800.224	0	2900112	standard_tone	sapo_probe	standard	n/a	n/a	n/a	n/a	n/a
5801.240	0	2900620	standard_tone	sapo_probe	standard	n/a	n/a	n/a	n/a	n/a
5802.256	0	2901128	standard_tone	sapo_probe	standard	n/a	n/a	n/a	n/a	n/a
5803.272	0	2901636	standard_tone	sapo_probe	standard	n/a	n/a	n/a	n/a	n/a
5804.288	0	2902144	standard_tone	sapo_probe	standard	n/a	n/a	n/a	n/a	n/a
5805.304	0	2902652	standard_tone	sapo_probe	standard	n/a	n/a	n/a	n/a	n/a
5806.318	0	2903159	standard_tone	sapo_probe	standard	n/a	n/a	n/a	n/a	n/a
5807.334	0	2903667	standard_tone	sapo_probe	standard	n/a	n/a	n/a	n/a	n/a
5808.350	0	2904175	standard_tone	sapo_probe	standard	n/a	n/a	n/a	n/a	n/a
5809.366	0	2904683	standard_tone	sapo_probe	standard	n/a	n/a	n/a	n/a	n/a
5810.382	0	2905191	standard_tone	sapo_probe	standard	n/a	n/a	n/a	n/a	n/a
5811.398	0	2905699	standard_tone	sapo_probe	standard	n/a	n/a	n/a	n/a	n/a
5811.748	0	2905874	silence_end	sapo_probe	silence-end	n/a	n/a	n/a	n/a	n/a
5811.748	0	2905874	gong_begin	sapo_probe	gong-begin	n/a	n/a	n/a	n/a	n/a
5821.856	0	2910928	gong_end	sapo_probe	gong-end	n/a	n/a	n/a	n/a	n/a
5821.858	0	2910929	subblock_end	sapo_probe	subblock-end-duration-148.742	n/a	n/a	n/a	148.742	n/a
5821.858	0	2910929	subblock_begin	sapo_probe	subblock-begin	n/a	n/a	n/a	n/a	n/a
5821.858	0	2910929	silence_begin	sapo_probe	silence-begin	n/a	n/a	n/a	n/a	n/a
5821.858	0	2910929	standard_tone	sapo_probe	standard	n/a	n/a	n/a	n/a	n/a
5822.872	0	2911436	distractor_noise	sapo_probe	distractor	n/a	n/a	n/a	n/a	n/a
5823.890	0	2911945	standard_tone	sapo_probe	standard	n/a	n/a	n/a	n/a	n/a
5824.904	0	2912452	standard_tone	sapo_probe	standard	n/a	n/a	n/a	n/a	n/a
5825.920	0	2912960	standard_tone	sapo_probe	standard	n/a	n/a	n/a	n/a	n/a
5826.936	0	2913468	distractor_noise	sapo_probe	distractor	n/a	n/a	n/a	n/a	n/a
5827.950	0	2913975	standard_tone	sapo_probe	standard	n/a	n/a	n/a	n/a	n/a
5828.968	0	2914484	standard_tone	sapo_probe	standard	n/a	n/a	n/a	n/a	n/a
5829.982	0	2914991	standard_tone	sapo_probe	standard	n/a	n/a	n/a	n/a	n/a
5830.998	0	2915499	standard_tone	sapo_probe	standard	n/a	n/a	n/a	n/a	n/a
5832.014	0	2916007	distractor_noise	sapo_probe	distractor	n/a	n/a	n/a	n/a	n/a
5833.030	0	2916515	standard_tone	sapo_probe	standard	n/a	n/a	n/a	n/a	n/a
5834.046	0	2917023	oddball_tone	sapo_probe	oddball	n/a	n/a	n/a	n/a	n/a
5835.062	0	2917531	standard_tone	sapo_probe	standard	n/a	n/a	n/a	n/a	n/a
5836.078	0	2918039	standard_tone	sapo_probe	standard	n/a	n/a	n/a	n/a	n/a
5837.094	0	2918547	standard_tone	sapo_probe	standard	n/a	n/a	n/a	n/a	n/a
5838.110	0	2919055	standard_tone	sapo_probe	standard	n/a	n/a	n/a	n/a	n/a
5839.126	0	2919563	standard_tone	sapo_probe	standard	n/a	n/a	n/a	n/a	n/a
5840.142	0	2920071	standard_tone	sapo_probe	standard	n/a	n/a	n/a	n/a	n/a
5841.156	0	2920578	standard_tone	sapo_probe	standard	n/a	n/a	n/a	n/a	n/a
5842.156	0	2921078	standard_tone	sapo_probe	standard	n/a	n/a	n/a	n/a	n/a
5843.172	0	2921586	standard_tone	sapo_probe	standard	n/a	n/a	n/a	n/a	n/a
5844.188	0	2922094	standard_tone	sapo_probe	standard	n/a	n/a	n/a	n/a	n/a
5845.186	0	2922593	standard_tone	sapo_probe	standard	n/a	n/a	n/a	n/a	n/a
5846.202	0	2923101	standard_tone	sapo_probe	standard	n/a	n/a	n/a	n/a	n/a
5847.218	0	2923609	distractor_noise	sapo_probe	distractor	n/a	n/a	n/a	n/a	n/a
5848.234	0	2924117	standard_tone	sapo_probe	standard	n/a	n/a	n/a	n/a	n/a
5849.250	0	2924625	distractor_noise	sapo_probe	distractor	n/a	n/a	n/a	n/a	n/a
5850.266	0	2925133	standard_tone	sapo_probe	standard	n/a	n/a	n/a	n/a	n/a
5851.282	0	2925641	standard_tone	sapo_probe	standard	n/a	n/a	n/a	n/a	n/a
5852.298	0	2926149	oddball_tone	sapo_probe	oddball	n/a	n/a	n/a	n/a	n/a
5853.314	0	2926657	standard_tone	sapo_probe	standard	n/a	n/a	n/a	n/a	n/a
5854.330	0	2927165	standard_tone	sapo_probe	standard	n/a	n/a	n/a	n/a	n/a
5855.346	0	2927673	standard_tone	sapo_probe	standard	n/a	n/a	n/a	n/a	n/a
5856.360	0	2928180	oddball_tone	sapo_probe	oddball	n/a	n/a	n/a	n/a	n/a
5857.376	0	2928688	standard_tone	sapo_probe	standard	n/a	n/a	n/a	n/a	n/a
5858.392	0	2929196	standard_tone	sapo_probe	standard	n/a	n/a	n/a	n/a	n/a
5859.392	0	2929696	standard_tone	sapo_probe	standard	n/a	n/a	n/a	n/a	n/a
5860.408	0	2930204	standard_tone	sapo_probe	standard	n/a	n/a	n/a	n/a	n/a
5861.424	0	2930712	standard_tone	sapo_probe	standard	n/a	n/a	n/a	n/a	n/a
5862.440	0	2931220	standard_tone	sapo_probe	standard	n/a	n/a	n/a	n/a	n/a
5863.456	0	2931728	standard_tone	sapo_probe	standard	n/a	n/a	n/a	n/a	n/a
5864.470	0	2932235	oddball_tone	sapo_probe	oddball	n/a	n/a	n/a	n/a	n/a
5865.486	0	2932743	standard_tone	sapo_probe	standard	n/a	n/a	n/a	n/a	n/a
5866.502	0	2933251	oddball_tone	sapo_probe	oddball	n/a	n/a	n/a	n/a	n/a
5867.518	0	2933759	standard_tone	sapo_probe	standard	n/a	n/a	n/a	n/a	n/a
5868.534	0	2934267	distractor_noise	sapo_probe	distractor	n/a	n/a	n/a	n/a	n/a
5869.550	0	2934775	standard_tone	sapo_probe	standard	n/a	n/a	n/a	n/a	n/a
5870.566	0	2935283	standard_tone	sapo_probe	standard	n/a	n/a	n/a	n/a	n/a
5871.582	0	2935791	standard_tone	sapo_probe	standard	n/a	n/a	n/a	n/a	n/a
5872.598	0	2936299	oddball_tone	sapo_probe	oddball	n/a	n/a	n/a	n/a	n/a
5873.614	0	2936807	distractor_noise	sapo_probe	distractor	n/a	n/a	n/a	n/a	n/a
5874.630	0	2937315	standard_tone	sapo_probe	standard	n/a	n/a	n/a	n/a	n/a
5875.646	0	2937823	standard_tone	sapo_probe	standard	n/a	n/a	n/a	n/a	n/a
5876.662	0	2938331	standard_tone	sapo_probe	standard	n/a	n/a	n/a	n/a	n/a
5877.660	0	2938830	oddball_tone	sapo_probe	oddball	n/a	n/a	n/a	n/a	n/a
5878.676	0	2939338	distractor_noise	sapo_probe	distractor	n/a	n/a	n/a	n/a	n/a
5879.692	0	2939846	standard_tone	sapo_probe	standard	n/a	n/a	n/a	n/a	n/a
5880.708	0	2940354	standard_tone	sapo_probe	standard	n/a	n/a	n/a	n/a	n/a
5881.724	0	2940862	standard_tone	sapo_probe	standard	n/a	n/a	n/a	n/a	n/a
5882.740	0	2941370	standard_tone	sapo_probe	standard	n/a	n/a	n/a	n/a	n/a
5883.754	0	2941877	standard_tone	sapo_probe	standard	n/a	n/a	n/a	n/a	n/a
5884.770	0	2942385	standard_tone	sapo_probe	standard	n/a	n/a	n/a	n/a	n/a
5885.786	0	2942893	distractor_noise	sapo_probe	distractor	n/a	n/a	n/a	n/a	n/a
5886.802	0	2943401	oddball_tone	sapo_probe	oddball	n/a	n/a	n/a	n/a	n/a
5887.818	0	2943909	standard_tone	sapo_probe	standard	n/a	n/a	n/a	n/a	n/a
5888.834	0	2944417	standard_tone	sapo_probe	standard	n/a	n/a	n/a	n/a	n/a
5889.850	0	2944925	standard_tone	sapo_probe	standard	n/a	n/a	n/a	n/a	n/a
5890.866	0	2945433	standard_tone	sapo_probe	standard	n/a	n/a	n/a	n/a	n/a
5891.882	0	2945941	standard_tone	sapo_probe	standard	n/a	n/a	n/a	n/a	n/a
5892.898	0	2946449	standard_tone	sapo_probe	standard	n/a	n/a	n/a	n/a	n/a
5893.914	0	2946957	standard_tone	sapo_probe	standard	n/a	n/a	n/a	n/a	n/a
5894.928	0	2947464	distractor_noise	sapo_probe	distractor	n/a	n/a	n/a	n/a	n/a
5895.944	0	2947972	standard_tone	sapo_probe	standard	n/a	n/a	n/a	n/a	n/a
5896.960	0	2948480	distractor_noise	sapo_probe	distractor	n/a	n/a	n/a	n/a	n/a
5897.976	0	2948988	standard_tone	sapo_probe	standard	n/a	n/a	n/a	n/a	n/a
5898.992	0	2949496	standard_tone	sapo_probe	standard	n/a	n/a	n/a	n/a	n/a
5900.008	0	2950004	standard_tone	sapo_probe	standard	n/a	n/a	n/a	n/a	n/a
5901.024	0	2950512	oddball_tone	sapo_probe	oddball	n/a	n/a	n/a	n/a	n/a
5902.082	0	2951041	distractor_noise	sapo_probe	distractor	n/a	n/a	n/a	n/a	n/a
5903.088	0	2951544	standard_tone	sapo_probe	standard	n/a	n/a	n/a	n/a	n/a
5904.104	0	2952052	standard_tone	sapo_probe	standard	n/a	n/a	n/a	n/a	n/a
5905.120	0	2952560	standard_tone	sapo_probe	standard	n/a	n/a	n/a	n/a	n/a
5906.136	0	2953068	standard_tone	sapo_probe	standard	n/a	n/a	n/a	n/a	n/a
5907.152	0	2953576	standard_tone	sapo_probe	standard	n/a	n/a	n/a	n/a	n/a
5908.168	0	2954084	distractor_noise	sapo_probe	distractor	n/a	n/a	n/a	n/a	n/a
5909.182	0	2954591	standard_tone	sapo_probe	standard	n/a	n/a	n/a	n/a	n/a
5910.200	0	2955100	distractor_noise	sapo_probe	distractor	n/a	n/a	n/a	n/a	n/a
5911.216	0	2955608	oddball_tone	sapo_probe	oddball	n/a	n/a	n/a	n/a	n/a
5912.232	0	2956116	standard_tone	sapo_probe	standard	n/a	n/a	n/a	n/a	n/a
5913.248	0	2956624	oddball_tone	sapo_probe	oddball	n/a	n/a	n/a	n/a	n/a
5914.262	0	2957131	standard_tone	sapo_probe	standard	n/a	n/a	n/a	n/a	n/a
5915.278	0	2957639	standard_tone	sapo_probe	standard	n/a	n/a	n/a	n/a	n/a
5916.294	0	2958147	standard_tone	sapo_probe	standard	n/a	n/a	n/a	n/a	n/a
5917.310	0	2958655	oddball_tone	sapo_probe	oddball	n/a	n/a	n/a	n/a	n/a
5918.326	0	2959163	distractor_noise	sapo_probe	distractor	n/a	n/a	n/a	n/a	n/a
5919.342	0	2959671	standard_tone	sapo_probe	standard	n/a	n/a	n/a	n/a	n/a
5920.358	0	2960179	standard_tone	sapo_probe	standard	n/a	n/a	n/a	n/a	n/a
5921.374	0	2960687	standard_tone	sapo_probe	standard	n/a	n/a	n/a	n/a	n/a
5922.390	0	2961195	oddball_tone	sapo_probe	oddball	n/a	n/a	n/a	n/a	n/a
5923.404	0	2961702	standard_tone	sapo_probe	standard	n/a	n/a	n/a	n/a	n/a
5924.420	0	2962210	standard_tone	sapo_probe	standard	n/a	n/a	n/a	n/a	n/a
5925.436	0	2962718	distractor_noise	sapo_probe	distractor	n/a	n/a	n/a	n/a	n/a
5925.704	0	2962852	prompt_window_begin	sapo_probe	probe-sapo-probe-begin	n/a	n/a	n/a	n/a	n/a
5929.534	0	2964767	clicker_press	sapo_probe	response-received-page_up	n/a	n/a	n/a	n/a	page_up
5931.000	0	2965500	clicker_press	sapo_probe	response-received-page_up	n/a	n/a	n/a	n/a	page_up
5931.900	0	2965950	clicker_press	sapo_probe	response-received-page_up	n/a	n/a	n/a	n/a	page_up
5934.780	0	2967390	depth_rating	sapo_probe	rating-sapo-probe-meditation_depth-3	3	n/a	n/a	n/a	n/a
5937.078	0	2968539	clicker_press	sapo_probe	response-received-page_up	n/a	n/a	n/a	n/a	page_up
5938.076	0	2969038	clicker_press	sapo_probe	response-received-page_up	n/a	n/a	n/a	n/a	page_up
5939.026	0	2969513	clicker_press	sapo_probe	response-received-page_up	n/a	n/a	n/a	n/a	page_up
5940.008	0	2970004	clicker_press	sapo_probe	response-received-page_up	n/a	n/a	n/a	n/a	page_up
5944.954	0	2972477	confidence_rating	sapo_probe	rating-sapo-probe-confidence_depth-4	n/a	4	n/a	n/a	n/a
5948.386	0	2974193	prompt_window_end	sapo_probe	probe-sapo-probe-end	n/a	n/a	n/a	n/a	n/a
5948.386	0	2974193	standard_tone	sapo_probe	standard	n/a	n/a	n/a	n/a	n/a
5949.400	0	2974700	standard_tone	sapo_probe	standard	n/a	n/a	n/a	n/a	n/a
5950.416	0	2975208	standard_tone	sapo_probe	standard	n/a	n/a	n/a	n/a	n/a
5951.432	0	2975716	standard_tone	sapo_probe	standard	n/a	n/a	n/a	n/a	n/a
5952.448	0	2976224	standard_tone	sapo_probe	standard	n/a	n/a	n/a	n/a	n/a
5953.464	0	2976732	standard_tone	sapo_probe	standard	n/a	n/a	n/a	n/a	n/a
5954.296	0	2977148	silence_end	sapo_probe	silence-end	n/a	n/a	n/a	n/a	n/a
5954.298	0	2977149	gong_begin	sapo_probe	gong-begin	n/a	n/a	n/a	n/a	n/a
5964.404	0	2982202	gong_end	sapo_probe	gong-end	n/a	n/a	n/a	n/a	n/a
5964.406	0	2982203	subblock_end	sapo_probe	subblock-end-duration-142.548	n/a	n/a	n/a	142.548	n/a
5964.406	0	2982203	subblock_begin	sapo_probe	subblock-begin	n/a	n/a	n/a	n/a	n/a
5964.406	0	2982203	silence_begin	sapo_probe	silence-begin	n/a	n/a	n/a	n/a	n/a
5964.408	0	2982204	standard_tone	sapo_probe	standard	n/a	n/a	n/a	n/a	n/a
5965.420	0	2982710	standard_tone	sapo_probe	standard	n/a	n/a	n/a	n/a	n/a
5966.436	0	2983218	standard_tone	sapo_probe	standard	n/a	n/a	n/a	n/a	n/a
5967.452	0	2983726	distractor_noise	sapo_probe	distractor	n/a	n/a	n/a	n/a	n/a
5968.468	0	2984234	standard_tone	sapo_probe	standard	n/a	n/a	n/a	n/a	n/a
5969.468	0	2984734	standard_tone	sapo_probe	standard	n/a	n/a	n/a	n/a	n/a
5970.484	0	2985242	distractor_noise	sapo_probe	distractor	n/a	n/a	n/a	n/a	n/a
5971.498	0	2985749	standard_tone	sapo_probe	standard	n/a	n/a	n/a	n/a	n/a
5972.514	0	2986257	standard_tone	sapo_probe	standard	n/a	n/a	n/a	n/a	n/a
5973.530	0	2986765	standard_tone	sapo_probe	standard	n/a	n/a	n/a	n/a	n/a
5974.546	0	2987273	standard_tone	sapo_probe	standard	n/a	n/a	n/a	n/a	n/a
5975.562	0	2987781	standard_tone	sapo_probe	standard	n/a	n/a	n/a	n/a	n/a
5976.562	0	2988281	distractor_noise	sapo_probe	distractor	n/a	n/a	n/a	n/a	n/a
5977.576	0	2988788	standard_tone	sapo_probe	standard	n/a	n/a	n/a	n/a	n/a
5978.578	0	2989289	standard_tone	sapo_probe	standard	n/a	n/a	n/a	n/a	n/a
5979.592	0	2989796	standard_tone	sapo_probe	standard	n/a	n/a	n/a	n/a	n/a
5980.608	0	2990304	standard_tone	sapo_probe	standard	n/a	n/a	n/a	n/a	n/a
5981.624	0	2990812	standard_tone	sapo_probe	standard	n/a	n/a	n/a	n/a	n/a
5982.640	0	2991320	standard_tone	sapo_probe	standard	n/a	n/a	n/a	n/a	n/a
5983.656	0	2991828	standard_tone	sapo_probe	standard	n/a	n/a	n/a	n/a	n/a
5984.672	0	2992336	standard_tone	sapo_probe	standard	n/a	n/a	n/a	n/a	n/a
5985.688	0	2992844	standard_tone	sapo_probe	standard	n/a	n/a	n/a	n/a	n/a
5986.688	0	2993344	oddball_tone	sapo_probe	oddball	n/a	n/a	n/a	n/a	n/a
5987.702	0	2993851	standard_tone	sapo_probe	standard	n/a	n/a	n/a	n/a	n/a
5988.718	0	2994359	oddball_tone	sapo_probe	oddball	n/a	n/a	n/a	n/a	n/a
5989.734	0	2994867	standard_tone	sapo_probe	standard	n/a	n/a	n/a	n/a	n/a
5990.750	0	2995375	oddball_tone	sapo_probe	oddball	n/a	n/a	n/a	n/a	n/a
5991.766	0	2995883	standard_tone	sapo_probe	standard	n/a	n/a	n/a	n/a	n/a
5992.782	0	2996391	standard_tone	sapo_probe	standard	n/a	n/a	n/a	n/a	n/a
5993.796	0	2996898	standard_tone	sapo_probe	standard	n/a	n/a	n/a	n/a	n/a
5994.812	0	2997406	standard_tone	sapo_probe	standard	n/a	n/a	n/a	n/a	n/a
5995.828	0	2997914	standard_tone	sapo_probe	standard	n/a	n/a	n/a	n/a	n/a
5996.844	0	2998422	standard_tone	sapo_probe	standard	n/a	n/a	n/a	n/a	n/a
5997.860	0	2998930	standard_tone	sapo_probe	standard	n/a	n/a	n/a	n/a	n/a
5998.876	0	2999438	distractor_noise	sapo_probe	distractor	n/a	n/a	n/a	n/a	n/a
5999.892	0	2999946	standard_tone	sapo_probe	standard	n/a	n/a	n/a	n/a	n/a
6000.908	0	3000454	standard_tone	sapo_probe	standard	n/a	n/a	n/a	n/a	n/a
6001.924	0	3000962	standard_tone	sapo_probe	standard	n/a	n/a	n/a	n/a	n/a
6002.922	0	3001461	standard_tone	sapo_probe	standard	n/a	n/a	n/a	n/a	n/a
6003.938	0	3001969	oddball_tone	sapo_probe	oddball	n/a	n/a	n/a	n/a	n/a
6004.938	0	3002469	standard_tone	sapo_probe	standard	n/a	n/a	n/a	n/a	n/a
6005.954	0	3002977	standard_tone	sapo_probe	standard	n/a	n/a	n/a	n/a	n/a
6006.970	0	3003485	standard_tone	sapo_probe	standard	n/a	n/a	n/a	n/a	n/a
6007.986	0	3003993	standard_tone	sapo_probe	standard	n/a	n/a	n/a	n/a	n/a
6009.002	0	3004501	standard_tone	sapo_probe	standard	n/a	n/a	n/a	n/a	n/a
6010.018	0	3005009	standard_tone	sapo_probe	standard	n/a	n/a	n/a	n/a	n/a
6011.032	0	3005516	standard_tone	sapo_probe	standard	n/a	n/a	n/a	n/a	n/a
6012.048	0	3006024	standard_tone	sapo_probe	standard	n/a	n/a	n/a	n/a	n/a
6013.064	0	3006532	standard_tone	sapo_probe	standard	n/a	n/a	n/a	n/a	n/a
6014.080	0	3007040	standard_tone	sapo_probe	standard	n/a	n/a	n/a	n/a	n/a
6015.096	0	3007548	standard_tone	sapo_probe	standard	n/a	n/a	n/a	n/a	n/a
6016.112	0	3008056	standard_tone	sapo_probe	standard	n/a	n/a	n/a	n/a	n/a
6017.110	0	3008555	standard_tone	sapo_probe	standard	n/a	n/a	n/a	n/a	n/a
6018.126	0	3009063	standard_tone	sapo_probe	standard	n/a	n/a	n/a	n/a	n/a
6019.142	0	3009571	standard_tone	sapo_probe	standard	n/a	n/a	n/a	n/a	n/a
6020.158	0	3010079	oddball_tone	sapo_probe	oddball	n/a	n/a	n/a	n/a	n/a
6021.158	0	3010579	standard_tone	sapo_probe	standard	n/a	n/a	n/a	n/a	n/a
6022.174	0	3011087	oddball_tone	sapo_probe	oddball	n/a	n/a	n/a	n/a	n/a
6023.190	0	3011595	standard_tone	sapo_probe	standard	n/a	n/a	n/a	n/a	n/a
6024.206	0	3012103	standard_tone	sapo_probe	standard	n/a	n/a	n/a	n/a	n/a
6025.220	0	3012610	standard_tone	sapo_probe	standard	n/a	n/a	n/a	n/a	n/a
6026.236	0	3013118	standard_tone	sapo_probe	standard	n/a	n/a	n/a	n/a	n/a
6027.252	0	3013626	standard_tone	sapo_probe	standard	n/a	n/a	n/a	n/a	n/a
6028.268	0	3014134	standard_tone	sapo_probe	standard	n/a	n/a	n/a	n/a	n/a
6029.284	0	3014642	standard_tone	sapo_probe	standard	n/a	n/a	n/a	n/a	n/a
6030.284	0	3015142	standard_tone	sapo_probe	standard	n/a	n/a	n/a	n/a	n/a
6031.300	0	3015650	standard_tone	sapo_probe	standard	n/a	n/a	n/a	n/a	n/a
6032.314	0	3016157	standard_tone	sapo_probe	standard	n/a	n/a	n/a	n/a	n/a
6033.330	0	3016665	standard_tone	sapo_probe	standard	n/a	n/a	n/a	n/a	n/a
6034.346	0	3017173	standard_tone	sapo_probe	standard	n/a	n/a	n/a	n/a	n/a
6035.362	0	3017681	standard_tone	sapo_probe	standard	n/a	n/a	n/a	n/a	n/a
6036.378	0	3018189	standard_tone	sapo_probe	standard	n/a	n/a	n/a	n/a	n/a
6037.394	0	3018697	oddball_tone	sapo_probe	oddball	n/a	n/a	n/a	n/a	n/a
6038.410	0	3019205	standard_tone	sapo_probe	standard	n/a	n/a	n/a	n/a	n/a
6039.426	0	3019713	standard_tone	sapo_probe	standard	n/a	n/a	n/a	n/a	n/a
6040.442	0	3020221	standard_tone	sapo_probe	standard	n/a	n/a	n/a	n/a	n/a
6041.458	0	3020729	standard_tone	sapo_probe	standard	n/a	n/a	n/a	n/a	n/a
6042.474	0	3021237	standard_tone	sapo_probe	standard	n/a	n/a	n/a	n/a	n/a
6043.488	0	3021744	distractor_noise	sapo_probe	distractor	n/a	n/a	n/a	n/a	n/a
6044.506	0	3022253	standard_tone	sapo_probe	standard	n/a	n/a	n/a	n/a	n/a
6045.520	0	3022760	standard_tone	sapo_probe	standard	n/a	n/a	n/a	n/a	n/a
6046.536	0	3023268	standard_tone	sapo_probe	standard	n/a	n/a	n/a	n/a	n/a
6047.552	0	3023776	oddball_tone	sapo_probe	oddball	n/a	n/a	n/a	n/a	n/a
6048.568	0	3024284	distractor_noise	sapo_probe	distractor	n/a	n/a	n/a	n/a	n/a
6049.584	0	3024792	standard_tone	sapo_probe	standard	n/a	n/a	n/a	n/a	n/a
6050.600	0	3025300	standard_tone	sapo_probe	standard	n/a	n/a	n/a	n/a	n/a
6051.616	0	3025808	standard_tone	sapo_probe	standard	n/a	n/a	n/a	n/a	n/a
6052.632	0	3026316	standard_tone	sapo_probe	standard	n/a	n/a	n/a	n/a	n/a
6053.648	0	3026824	standard_tone	sapo_probe	standard	n/a	n/a	n/a	n/a	n/a
6054.646	0	3027323	standard_tone	sapo_probe	standard	n/a	n/a	n/a	n/a	n/a
6055.662	0	3027831	standard_tone	sapo_probe	standard	n/a	n/a	n/a	n/a	n/a
6056.678	0	3028339	standard_tone	sapo_probe	standard	n/a	n/a	n/a	n/a	n/a
6057.694	0	3028847	standard_tone	sapo_probe	standard	n/a	n/a	n/a	n/a	n/a
6058.710	0	3029355	standard_tone	sapo_probe	standard	n/a	n/a	n/a	n/a	n/a
6059.726	0	3029863	standard_tone	sapo_probe	standard	n/a	n/a	n/a	n/a	n/a
6060.742	0	3030371	standard_tone	sapo_probe	standard	n/a	n/a	n/a	n/a	n/a
6061.758	0	3030879	standard_tone	sapo_probe	standard	n/a	n/a	n/a	n/a	n/a
6062.774	0	3031387	oddball_tone	sapo_probe	oddball	n/a	n/a	n/a	n/a	n/a
6063.788	0	3031894	standard_tone	sapo_probe	standard	n/a	n/a	n/a	n/a	n/a
6064.804	0	3032402	oddball_tone	sapo_probe	oddball	n/a	n/a	n/a	n/a	n/a
6065.820	0	3032910	standard_tone	sapo_probe	standard	n/a	n/a	n/a	n/a	n/a
6066.836	0	3033418	standard_tone	sapo_probe	standard	n/a	n/a	n/a	n/a	n/a
6067.852	0	3033926	standard_tone	sapo_probe	standard	n/a	n/a	n/a	n/a	n/a
6068.868	0	3034434	standard_tone	sapo_probe	standard	n/a	n/a	n/a	n/a	n/a
6069.884	0	3034942	oddball_tone	sapo_probe	oddball	n/a	n/a	n/a	n/a	n/a
6070.900	0	3035450	standard_tone	sapo_probe	standard	n/a	n/a	n/a	n/a	n/a
6071.916	0	3035958	standard_tone	sapo_probe	standard	n/a	n/a	n/a	n/a	n/a
6072.918	0	3036459	standard_tone	sapo_probe	standard	n/a	n/a	n/a	n/a	n/a
6073.930	0	3036965	standard_tone	sapo_probe	standard	n/a	n/a	n/a	n/a	n/a
6074.946	0	3037473	standard_tone	sapo_probe	standard	n/a	n/a	n/a	n/a	n/a
6075.962	0	3037981	standard_tone	sapo_probe	standard	n/a	n/a	n/a	n/a	n/a
6076.978	0	3038489	standard_tone	sapo_probe	standard	n/a	n/a	n/a	n/a	n/a
6077.994	0	3038997	standard_tone	sapo_probe	standard	n/a	n/a	n/a	n/a	n/a
6079.010	0	3039505	standard_tone	sapo_probe	standard	n/a	n/a	n/a	n/a	n/a
6080.026	0	3040013	standard_tone	sapo_probe	standard	n/a	n/a	n/a	n/a	n/a
6080.792	0	3040396	silence_end	sapo_probe	silence-end	n/a	n/a	n/a	n/a	n/a
6080.792	0	3040396	gong_begin	sapo_probe	gong-begin	n/a	n/a	n/a	n/a	n/a
6090.918	0	3045459	gong_end	sapo_probe	gong-end	n/a	n/a	n/a	n/a	n/a
6090.918	0	3045459	subblock_end	sapo_probe	subblock-end-duration-126.514	n/a	n/a	n/a	126.514	n/a
6090.920	0	3045460	subblock_begin	sapo_probe	subblock-begin	n/a	n/a	n/a	n/a	n/a
6090.920	0	3045460	silence_begin	sapo_probe	silence-begin	n/a	n/a	n/a	n/a	n/a
6090.932	0	3045466	standard_tone	sapo_probe	standard	n/a	n/a	n/a	n/a	n/a
6091.950	0	3045975	oddball_tone	sapo_probe	oddball	n/a	n/a	n/a	n/a	n/a
6092.964	0	3046482	standard_tone	sapo_probe	standard	n/a	n/a	n/a	n/a	n/a
6093.980	0	3046990	standard_tone	sapo_probe	standard	n/a	n/a	n/a	n/a	n/a
6094.996	0	3047498	standard_tone	sapo_probe	standard	n/a	n/a	n/a	n/a	n/a
6096.012	0	3048006	oddball_tone	sapo_probe	oddball	n/a	n/a	n/a	n/a	n/a
6097.028	0	3048514	standard_tone	sapo_probe	standard	n/a	n/a	n/a	n/a	n/a
6098.044	0	3049022	standard_tone	sapo_probe	standard	n/a	n/a	n/a	n/a	n/a
6099.060	0	3049530	standard_tone	sapo_probe	standard	n/a	n/a	n/a	n/a	n/a
6100.076	0	3050038	standard_tone	sapo_probe	standard	n/a	n/a	n/a	n/a	n/a
6101.092	0	3050546	oddball_tone	sapo_probe	oddball	n/a	n/a	n/a	n/a	n/a
6102.106	0	3051053	standard_tone	sapo_probe	standard	n/a	n/a	n/a	n/a	n/a
6103.122	0	3051561	standard_tone	sapo_probe	standard	n/a	n/a	n/a	n/a	n/a
6104.138	0	3052069	distractor_noise	sapo_probe	distractor	n/a	n/a	n/a	n/a	n/a
6105.154	0	3052577	standard_tone	sapo_probe	standard	n/a	n/a	n/a	n/a	n/a
6106.170	0	3053085	standard_tone	sapo_probe	standard	n/a	n/a	n/a	n/a	n/a
6107.186	0	3053593	standard_tone	sapo_probe	standard	n/a	n/a	n/a	n/a	n/a
6108.202	0	3054101	standard_tone	sapo_probe	standard	n/a	n/a	n/a	n/a	n/a
6109.218	0	3054609	standard_tone	sapo_probe	standard	n/a	n/a	n/a	n/a	n/a
6110.234	0	3055117	distractor_noise	sapo_probe	distractor	n/a	n/a	n/a	n/a	n/a
6111.250	0	3055625	standard_tone	sapo_probe	standard	n/a	n/a	n/a	n/a	n/a
6112.266	0	3056133	standard_tone	sapo_probe	standard	n/a	n/a	n/a	n/a	n/a
6113.266	0	3056633	standard_tone	sapo_probe	standard	n/a	n/a	n/a	n/a	n/a
6114.280	0	3057140	standard_tone	sapo_probe	standard	n/a	n/a	n/a	n/a	n/a
6115.296	0	3057648	standard_tone	sapo_probe	standard	n/a	n/a	n/a	n/a	n/a
6116.312	0	3058156	standard_tone	sapo_probe	standard	n/a	n/a	n/a	n/a	n/a
6117.328	0	3058664	oddball_tone	sapo_probe	oddball	n/a	n/a	n/a	n/a	n/a
6118.344	0	3059172	standard_tone	sapo_probe	standard	n/a	n/a	n/a	n/a	n/a
6119.344	0	3059672	standard_tone	sapo_probe	standard	n/a	n/a	n/a	n/a	n/a
6120.358	0	3060179	standard_tone	sapo_probe	standard	n/a	n/a	n/a	n/a	n/a
6121.374	0	3060687	standard_tone	sapo_probe	standard	n/a	n/a	n/a	n/a	n/a
6122.390	0	3061195	standard_tone	sapo_probe	standard	n/a	n/a	n/a	n/a	n/a
6123.406	0	3061703	standard_tone	sapo_probe	standard	n/a	n/a	n/a	n/a	n/a
6124.422	0	3062211	distractor_noise	sapo_probe	distractor	n/a	n/a	n/a	n/a	n/a
6125.438	0	3062719	standard_tone	sapo_probe	standard	n/a	n/a	n/a	n/a	n/a
6126.454	0	3063227	oddball_tone	sapo_probe	oddball	n/a	n/a	n/a	n/a	n/a
6127.454	0	3063727	standard_tone	sapo_probe	standard	n/a	n/a	n/a	n/a	n/a
6128.468	0	3064234	standard_tone	sapo_probe	standard	n/a	n/a	n/a	n/a	n/a
6129.484	0	3064742	standard_tone	sapo_probe	standard	n/a	n/a	n/a	n/a	n/a
6130.500	0	3065250	oddball_tone	sapo_probe	oddball	n/a	n/a	n/a	n/a	n/a
6131.516	0	3065758	standard_tone	sapo_probe	standard	n/a	n/a	n/a	n/a	n/a
6132.532	0	3066266	standard_tone	sapo_probe	standard	n/a	n/a	n/a	n/a	n/a
6133.530	0	3066765	standard_tone	sapo_probe	standard	n/a	n/a	n/a	n/a	n/a
6134.548	0	3067274	standard_tone	sapo_probe	standard	n/a	n/a	n/a	n/a	n/a
6135.562	0	3067781	distractor_noise	sapo_probe	distractor	n/a	n/a	n/a	n/a	n/a
6136.578	0	3068289	standard_tone	sapo_probe	standard	n/a	n/a	n/a	n/a	n/a
6137.594	0	3068797	standard_tone	sapo_probe	standard	n/a	n/a	n/a	n/a	n/a
6138.610	0	3069305	oddball_tone	sapo_probe	oddball	n/a	n/a	n/a	n/a	n/a
6139.626	0	3069813	standard_tone	sapo_probe	standard	n/a	n/a	n/a	n/a	n/a
6140.626	0	3070313	oddball_tone	sapo_probe	oddball	n/a	n/a	n/a	n/a	n/a
6141.640	0	3070820	distractor_noise	sapo_probe	distractor	n/a	n/a	n/a	n/a	n/a
6142.642	0	3071321	oddball_tone	sapo_probe	oddball	n/a	n/a	n/a	n/a	n/a
6143.656	0	3071828	standard_tone	sapo_probe	standard	n/a	n/a	n/a	n/a	n/a
6144.672	0	3072336	standard_tone	sapo_probe	standard	n/a	n/a	n/a	n/a	n/a
6145.672	0	3072836	standard_tone	sapo_probe	standard	n/a	n/a	n/a	n/a	n/a
6146.686	0	3073343	oddball_tone	sapo_probe	oddball	n/a	n/a	n/a	n/a	n/a
6147.702	0	3073851	standard_tone	sapo_probe	standard	n/a	n/a	n/a	n/a	n/a
6148.718	0	3074359	oddball_tone	sapo_probe	oddball	n/a	n/a	n/a	n/a	n/a
6149.734	0	3074867	standard_tone	sapo_probe	standard	n/a	n/a	n/a	n/a	n/a
6150.750	0	3075375	standard_tone	sapo_probe	standard	n/a	n/a	n/a	n/a	n/a
6151.766	0	3075883	distractor_noise	sapo_probe	distractor	n/a	n/a	n/a	n/a	n/a
6152.782	0	3076391	standard_tone	sapo_probe	standard	n/a	n/a	n/a	n/a	n/a
6153.798	0	3076899	standard_tone	sapo_probe	standard	n/a	n/a	n/a	n/a	n/a
6154.814	0	3077407	standard_tone	sapo_probe	standard	n/a	n/a	n/a	n/a	n/a
6155.830	0	3077915	standard_tone	sapo_probe	standard	n/a	n/a	n/a	n/a	n/a
6156.844	0	3078422	standard_tone	sapo_probe	standard	n/a	n/a	n/a	n/a	n/a
6157.860	0	3078930	standard_tone	sapo_probe	standard	n/a	n/a	n/a	n/a	n/a
6158.876	0	3079438	distractor_noise	sapo_probe	distractor	n/a	n/a	n/a	n/a	n/a
6159.876	0	3079938	standard_tone	sapo_probe	standard	n/a	n/a	n/a	n/a	n/a
6160.892	0	3080446	standard_tone	sapo_probe	standard	n/a	n/a	n/a	n/a	n/a
6161.908	0	3080954	standard_tone	sapo_probe	standard	n/a	n/a	n/a	n/a	n/a
6162.924	0	3081462	standard_tone	sapo_probe	standard	n/a	n/a	n/a	n/a	n/a
6163.940	0	3081970	standard_tone	sapo_probe	standard	n/a	n/a	n/a	n/a	n/a
6164.956	0	3082478	standard_tone	sapo_probe	standard	n/a	n/a	n/a	n/a	n/a
6165.970	0	3082985	standard_tone	sapo_probe	standard	n/a	n/a	n/a	n/a	n/a
6166.986	0	3083493	standard_tone	sapo_probe	standard	n/a	n/a	n/a	n/a	n/a
6168.002	0	3084001	standard_tone	sapo_probe	standard	n/a	n/a	n/a	n/a	n/a
6169.018	0	3084509	oddball_tone	sapo_probe	oddball	n/a	n/a	n/a	n/a	n/a
6170.034	0	3085017	standard_tone	sapo_probe	standard	n/a	n/a	n/a	n/a	n/a
6171.050	0	3085525	standard_tone	sapo_probe	standard	n/a	n/a	n/a	n/a	n/a
6172.050	0	3086025	standard_tone	sapo_probe	standard	n/a	n/a	n/a	n/a	n/a
6173.066	0	3086533	oddball_tone	sapo_probe	oddball	n/a	n/a	n/a	n/a	n/a
6173.448	0	3086724	prompt_window_begin	sapo_probe	probe-sapo-probe-begin	n/a	n/a	n/a	n/a	n/a
6179.028	0	3089514	clicker_press	sapo_probe	response-received-page_up	n/a	n/a	n/a	n/a	page_up
6179.644	0	3089822	clicker_press	sapo_probe	response-received-page_up	n/a	n/a	n/a	n/a	page_up
6181.460	0	3090730	clicker_press	sapo_probe	response-received-page_up	n/a	n/a	n/a	n/a	page_up
6182.542	0	3091271	depth_rating	sapo_probe	rating-sapo-probe-meditation_depth-3	3	n/a	n/a	n/a	n/a
6188.302	0	3094151	clicker_press	sapo_probe	response-received-page_up	n/a	n/a	n/a	n/a	page_up
6188.752	0	3094376	clicker_press	sapo_probe	response-received-page_up	n/a	n/a	n/a	n/a	page_up
6189.268	0	3094634	clicker_press	sapo_probe	response-received-page_up	n/a	n/a	n/a	n/a	page_up
6190.152	0	3095076	clicker_press	sapo_probe	response-received-page_up	n/a	n/a	n/a	n/a	page_up
6192.600	0	3096300	confidence_rating	sapo_probe	rating-sapo-probe-confidence_depth-4	n/a	4	n/a	n/a	n/a
6196.164	0	3098082	prompt_window_end	sapo_probe	probe-sapo-probe-end	n/a	n/a	n/a	n/a	n/a
6196.164	0	3098082	oddball_tone	sapo_probe	oddball	n/a	n/a	n/a	n/a	n/a
6197.178	0	3098589	standard_tone	sapo_probe	standard	n/a	n/a	n/a	n/a	n/a
6198.194	0	3099097	oddball_tone	sapo_probe	oddball	n/a	n/a	n/a	n/a	n/a
6199.210	0	3099605	standard_tone	sapo_probe	standard	n/a	n/a	n/a	n/a	n/a
6200.226	0	3100113	distractor_noise	sapo_probe	distractor	n/a	n/a	n/a	n/a	n/a
6201.242	0	3100621	standard_tone	sapo_probe	standard	n/a	n/a	n/a	n/a	n/a
6202.242	0	3101121	standard_tone	sapo_probe	standard	n/a	n/a	n/a	n/a	n/a
6203.256	0	3101628	standard_tone	sapo_probe	standard	n/a	n/a	n/a	n/a	n/a
6204.272	0	3102136	standard_tone	sapo_probe	standard	n/a	n/a	n/a	n/a	n/a
6205.288	0	3102644	standard_tone	sapo_probe	standard	n/a	n/a	n/a	n/a	n/a
6206.304	0	3103152	oddball_tone	sapo_probe	oddball	n/a	n/a	n/a	n/a	n/a
6207.320	0	3103660	standard_tone	sapo_probe	standard	n/a	n/a	n/a	n/a	n/a
6208.336	0	3104168	distractor_noise	sapo_probe	distractor	n/a	n/a	n/a	n/a	n/a
6209.350	0	3104675	standard_tone	sapo_probe	standard	n/a	n/a	n/a	n/a	n/a
6210.350	0	3105175	standard_tone	sapo_probe	standard	n/a	n/a	n/a	n/a	n/a
6211.366	0	3105683	standard_tone	sapo_probe	standard	n/a	n/a	n/a	n/a	n/a
6212.382	0	3106191	standard_tone	sapo_probe	standard	n/a	n/a	n/a	n/a	n/a
6213.398	0	3106699	standard_tone	sapo_probe	standard	n/a	n/a	n/a	n/a	n/a
6214.414	0	3107207	standard_tone	sapo_probe	standard	n/a	n/a	n/a	n/a	n/a
6214.996	0	3107498	silence_end	sapo_probe	silence-end	n/a	n/a	n/a	n/a	n/a
6214.998	0	3107499	subblock_end	sapo_probe	subblock-end-duration-124.079	n/a	n/a	n/a	124.079	n/a
6214.998	0	3107499	subblock_begin	sapo_probe	subblock-begin	n/a	n/a	n/a	n/a	n/a
6214.998	0	3107499	silence_begin	sapo_probe	silence-begin	n/a	n/a	n/a	n/a	n/a
6215.430	0	3107715	standard_tone	sapo_probe	standard	n/a	n/a	n/a	n/a	n/a
6216.446	0	3108223	standard_tone	sapo_probe	standard	n/a	n/a	n/a	n/a	n/a
6217.462	0	3108731	standard_tone	sapo_probe	standard	n/a	n/a	n/a	n/a	n/a
6218.478	0	3109239	standard_tone	sapo_probe	standard	n/a	n/a	n/a	n/a	n/a
6219.492	0	3109746	distractor_noise	sapo_probe	distractor	n/a	n/a	n/a	n/a	n/a
6220.494	0	3110247	standard_tone	sapo_probe	standard	n/a	n/a	n/a	n/a	n/a
6221.508	0	3110754	standard_tone	sapo_probe	standard	n/a	n/a	n/a	n/a	n/a
6222.524	0	3111262	standard_tone	sapo_probe	standard	n/a	n/a	n/a	n/a	n/a
6223.540	0	3111770	standard_tone	sapo_probe	standard	n/a	n/a	n/a	n/a	n/a
6224.556	0	3112278	standard_tone	sapo_probe	standard	n/a	n/a	n/a	n/a	n/a
6225.572	0	3112786	standard_tone	sapo_probe	standard	n/a	n/a	n/a	n/a	n/a
6226.588	0	3113294	standard_tone	sapo_probe	standard	n/a	n/a	n/a	n/a	n/a
6227.602	0	3113801	standard_tone	sapo_probe	standard	n/a	n/a	n/a	n/a	n/a
6228.618	0	3114309	standard_tone	sapo_probe	standard	n/a	n/a	n/a	n/a	n/a
6229.634	0	3114817	standard_tone	sapo_probe	standard	n/a	n/a	n/a	n/a	n/a
6230.650	0	3115325	distractor_noise	sapo_probe	distractor	n/a	n/a	n/a	n/a	n/a
6231.666	0	3115833	standard_tone	sapo_probe	standard	n/a	n/a	n/a	n/a	n/a
6232.682	0	3116341	standard_tone	sapo_probe	standard	n/a	n/a	n/a	n/a	n/a
6233.698	0	3116849	standard_tone	sapo_probe	standard	n/a	n/a	n/a	n/a	n/a
6234.714	0	3117357	standard_tone	sapo_probe	standard	n/a	n/a	n/a	n/a	n/a
6235.730	0	3117865	oddball_tone	sapo_probe	oddball	n/a	n/a	n/a	n/a	n/a
6236.746	0	3118373	standard_tone	sapo_probe	standard	n/a	n/a	n/a	n/a	n/a
6237.762	0	3118881	standard_tone	sapo_probe	standard	n/a	n/a	n/a	n/a	n/a
6238.778	0	3119389	distractor_noise	sapo_probe	distractor	n/a	n/a	n/a	n/a	n/a
6239.794	0	3119897	oddball_tone	sapo_probe	oddball	n/a	n/a	n/a	n/a	n/a
6240.810	0	3120405	standard_tone	sapo_probe	standard	n/a	n/a	n/a	n/a	n/a
6241.824	0	3120912	standard_tone	sapo_probe	standard	n/a	n/a	n/a	n/a	n/a
6242.840	0	3121420	standard_tone	sapo_probe	standard	n/a	n/a	n/a	n/a	n/a
6243.856	0	3121928	standard_tone	sapo_probe	standard	n/a	n/a	n/a	n/a	n/a
6244.872	0	3122436	standard_tone	sapo_probe	standard	n/a	n/a	n/a	n/a	n/a
6245.888	0	3122944	standard_tone	sapo_probe	standard	n/a	n/a	n/a	n/a	n/a
6246.904	0	3123452	standard_tone	sapo_probe	standard	n/a	n/a	n/a	n/a	n/a
6247.920	0	3123960	oddball_tone	sapo_probe	oddball	n/a	n/a	n/a	n/a	n/a
6248.936	0	3124468	standard_tone	sapo_probe	standard	n/a	n/a	n/a	n/a	n/a
6249.952	0	3124976	distractor_noise	sapo_probe	distractor	n/a	n/a	n/a	n/a	n/a
6250.968	0	3125484	standard_tone	sapo_probe	standard	n/a	n/a	n/a	n/a	n/a
6251.982	0	3125991	distractor_noise	sapo_probe	distractor	n/a	n/a	n/a	n/a	n/a
6252.998	0	3126499	standard_tone	sapo_probe	standard	n/a	n/a	n/a	n/a	n/a
6254.016	0	3127008	standard_tone	sapo_probe	standard	n/a	n/a	n/a	n/a	n/a
6255.030	0	3127515	oddball_tone	sapo_probe	oddball	n/a	n/a	n/a	n/a	n/a
6256.046	0	3128023	standard_tone	sapo_probe	standard	n/a	n/a	n/a	n/a	n/a
6257.062	0	3128531	distractor_noise	sapo_probe	distractor	n/a	n/a	n/a	n/a	n/a
6258.078	0	3129039	standard_tone	sapo_probe	standard	n/a	n/a	n/a	n/a	n/a
6259.094	0	3129547	distractor_noise	sapo_probe	distractor	n/a	n/a	n/a	n/a	n/a
6260.110	0	3130055	standard_tone	sapo_probe	standard	n/a	n/a	n/a	n/a	n/a
6261.126	0	3130563	standard_tone	sapo_probe	standard	n/a	n/a	n/a	n/a	n/a
6262.140	0	3131070	standard_tone	sapo_probe	standard	n/a	n/a	n/a	n/a	n/a
6263.156	0	3131578	oddball_tone	sapo_probe	oddball	n/a	n/a	n/a	n/a	n/a
6264.174	0	3132087	standard_tone	sapo_probe	standard	n/a	n/a	n/a	n/a	n/a
6265.188	0	3132594	standard_tone	sapo_probe	standard	n/a	n/a	n/a	n/a	n/a
6266.206	0	3133103	oddball_tone	sapo_probe	oddball	n/a	n/a	n/a	n/a	n/a
6267.220	0	3133610	standard_tone	sapo_probe	standard	n/a	n/a	n/a	n/a	n/a
6268.236	0	3134118	standard_tone	sapo_probe	standard	n/a	n/a	n/a	n/a	n/a
6269.252	0	3134626	oddball_tone	sapo_probe	oddball	n/a	n/a	n/a	n/a	n/a
6270.268	0	3135134	standard_tone	sapo_probe	standard	n/a	n/a	n/a	n/a	n/a
6271.284	0	3135642	standard_tone	sapo_probe	standard	n/a	n/a	n/a	n/a	n/a
6272.300	0	3136150	standard_tone	sapo_probe	standard	n/a	n/a	n/a	n/a	n/a
6273.316	0	3136658	standard_tone	sapo_probe	standard	n/a	n/a	n/a	n/a	n/a
6274.330	0	3137165	standard_tone	sapo_probe	standard	n/a	n/a	n/a	n/a	n/a
6275.346	0	3137673	standard_tone	sapo_probe	standard	n/a	n/a	n/a	n/a	n/a
6276.346	0	3138173	standard_tone	sapo_probe	standard	n/a	n/a	n/a	n/a	n/a
6277.362	0	3138681	standard_tone	sapo_probe	standard	n/a	n/a	n/a	n/a	n/a
6278.378	0	3139189	distractor_noise	sapo_probe	distractor	n/a	n/a	n/a	n/a	n/a
6279.394	0	3139697	standard_tone	sapo_probe	standard	n/a	n/a	n/a	n/a	n/a
6280.410	0	3140205	standard_tone	sapo_probe	standard	n/a	n/a	n/a	n/a	n/a
6281.426	0	3140713	standard_tone	sapo_probe	standard	n/a	n/a	n/a	n/a	n/a
6282.442	0	3141221	distractor_noise	sapo_probe	distractor	n/a	n/a	n/a	n/a	n/a
6283.456	0	3141728	standard_tone	sapo_probe	standard	n/a	n/a	n/a	n/a	n/a
6284.472	0	3142236	standard_tone	sapo_probe	standard	n/a	n/a	n/a	n/a	n/a
6285.488	0	3142744	distractor_noise	sapo_probe	distractor	n/a	n/a	n/a	n/a	n/a
6286.504	0	3143252	standard_tone	sapo_probe	standard	n/a	n/a	n/a	n/a	n/a
6287.520	0	3143760	distractor_noise	sapo_probe	distractor	n/a	n/a	n/a	n/a	n/a
6288.536	0	3144268	standard_tone	sapo_probe	standard	n/a	n/a	n/a	n/a	n/a
6289.552	0	3144776	oddball_tone	sapo_probe	oddball	n/a	n/a	n/a	n/a	n/a
6290.568	0	3145284	standard_tone	sapo_probe	standard	n/a	n/a	n/a	n/a	n/a
6291.584	0	3145792	oddball_tone	sapo_probe	oddball	n/a	n/a	n/a	n/a	n/a
6292.600	0	3146300	standard_tone	sapo_probe	standard	n/a	n/a	n/a	n/a	n/a
6293.616	0	3146808	standard_tone	sapo_probe	standard	n/a	n/a	n/a	n/a	n/a
6294.630	0	3147315	oddball_tone	sapo_probe	oddball	n/a	n/a	n/a	n/a	n/a
6295.646	0	3147823	distractor_noise	sapo_probe	distractor	n/a	n/a	n/a	n/a	n/a
6296.646	0	3148323	standard_tone	sapo_probe	standard	n/a	n/a	n/a	n/a	n/a
6297.662	0	3148831	distractor_noise	sapo_probe	distractor	n/a	n/a	n/a	n/a	n/a
6298.678	0	3149339	standard_tone	sapo_probe	standard	n/a	n/a	n/a	n/a	n/a
6299.694	0	3149847	distractor_noise	sapo_probe	distractor	n/a	n/a	n/a	n/a	n/a
6300.710	0	3150355	standard_tone	sapo_probe	standard	n/a	n/a	n/a	n/a	n/a
6301.724	0	3150862	standard_tone	sapo_probe	standard	n/a	n/a	n/a	n/a	n/a
6302.724	0	3151362	standard_tone	sapo_probe	standard	n/a	n/a	n/a	n/a	n/a
6303.740	0	3151870	distractor_noise	sapo_probe	distractor	n/a	n/a	n/a	n/a	n/a
6304.756	0	3152378	standard_tone	sapo_probe	standard	n/a	n/a	n/a	n/a	n/a
6305.772	0	3152886	standard_tone	sapo_probe	standard	n/a	n/a	n/a	n/a	n/a
6306.788	0	3153394	oddball_tone	sapo_probe	oddball	n/a	n/a	n/a	n/a	n/a
6307.804	0	3153902	distractor_noise	sapo_probe	distractor	n/a	n/a	n/a	n/a	n/a
6308.820	0	3154410	standard_tone	sapo_probe	standard	n/a	n/a	n/a	n/a	n/a
6309.834	0	3154917	standard_tone	sapo_probe	standard	n/a	n/a	n/a	n/a	n/a
6310.850	0	3155425	standard_tone	sapo_probe	standard	n/a	n/a	n/a	n/a	n/a
6311.866	0	3155933	standard_tone	sapo_probe	standard	n/a	n/a	n/a	n/a	n/a
6312.882	0	3156441	standard_tone	sapo_probe	standard	n/a	n/a	n/a	n/a	n/a
6313.882	0	3156941	oddball_tone	sapo_probe	oddball	n/a	n/a	n/a	n/a	n/a
6314.898	0	3157449	standard_tone	sapo_probe	standard	n/a	n/a	n/a	n/a	n/a
6315.896	0	3157948	distractor_noise	sapo_probe	distractor	n/a	n/a	n/a	n/a	n/a
6316.912	0	3158456	standard_tone	sapo_probe	standard	n/a	n/a	n/a	n/a	n/a
6317.928	0	3158964	standard_tone	sapo_probe	standard	n/a	n/a	n/a	n/a	n/a
6318.944	0	3159472	distractor_noise	sapo_probe	distractor	n/a	n/a	n/a	n/a	n/a
6319.960	0	3159980	standard_tone	sapo_probe	standard	n/a	n/a	n/a	n/a	n/a
6320.976	0	3160488	standard_tone	sapo_probe	standard	n/a	n/a	n/a	n/a	n/a
6321.992	0	3160996	oddball_tone	sapo_probe	oddball	n/a	n/a	n/a	n/a	n/a
6323.008	0	3161504	standard_tone	sapo_probe	standard	n/a	n/a	n/a	n/a	n/a
6324.024	0	3162012	standard_tone	sapo_probe	standard	n/a	n/a	n/a	n/a	n/a
6325.040	0	3162520	distractor_noise	sapo_probe	distractor	n/a	n/a	n/a	n/a	n/a
6326.054	0	3163027	standard_tone	sapo_probe	standard	n/a	n/a	n/a	n/a	n/a
6327.070	0	3163535	distractor_noise	sapo_probe	distractor	n/a	n/a	n/a	n/a	n/a
6328.086	0	3164043	standard_tone	sapo_probe	standard	n/a	n/a	n/a	n/a	n/a
6328.836	0	3164418	silence_end	sapo_probe	silence-end	n/a	n/a	n/a	n/a	n/a
6328.838	0	3164419	gong_begin	sapo_probe	gong-begin	n/a	n/a	n/a	n/a	n/a
6338.962	0	3169481	gong_end	sapo_probe	gong-end	n/a	n/a	n/a	n/a	n/a
6338.962	0	3169481	subblock_end	sapo_probe	subblock-end-duration-123.963	n/a	n/a	n/a	123.963	n/a
6338.962	0	3169481	subblock_begin	sapo_probe	subblock-begin	n/a	n/a	n/a	n/a	n/a
6338.964	0	3169482	silence_begin	sapo_probe	silence-begin	n/a	n/a	n/a	n/a	n/a
6338.964	0	3169482	oddball_tone	sapo_probe	oddball	n/a	n/a	n/a	n/a	n/a
6339.976	0	3169988	standard_tone	sapo_probe	standard	n/a	n/a	n/a	n/a	n/a
6340.992	0	3170496	standard_tone	sapo_probe	standard	n/a	n/a	n/a	n/a	n/a
6342.008	0	3171004	distractor_noise	sapo_probe	distractor	n/a	n/a	n/a	n/a	n/a
6343.024	0	3171512	standard_tone	sapo_probe	standard	n/a	n/a	n/a	n/a	n/a
6344.040	0	3172020	standard_tone	sapo_probe	standard	n/a	n/a	n/a	n/a	n/a
6345.056	0	3172528	standard_tone	sapo_probe	standard	n/a	n/a	n/a	n/a	n/a
6346.072	0	3173036	standard_tone	sapo_probe	standard	n/a	n/a	n/a	n/a	n/a
6347.088	0	3173544	standard_tone	sapo_probe	standard	n/a	n/a	n/a	n/a	n/a
6348.104	0	3174052	standard_tone	sapo_probe	standard	n/a	n/a	n/a	n/a	n/a
6349.118	0	3174559	standard_tone	sapo_probe	standard	n/a	n/a	n/a	n/a	n/a
6350.136	0	3175068	distractor_noise	sapo_probe	distractor	n/a	n/a	n/a	n/a	n/a
6351.150	0	3175575	standard_tone	sapo_probe	standard	n/a	n/a	n/a	n/a	n/a
6352.166	0	3176083	distractor_noise	sapo_probe	distractor	n/a	n/a	n/a	n/a	n/a
6353.182	0	3176591	standard_tone	sapo_probe	standard	n/a	n/a	n/a	n/a	n/a
6354.198	0	3177099	standard_tone	sapo_probe	standard	n/a	n/a	n/a	n/a	n/a
6355.214	0	3177607	standard_tone	sapo_probe	standard	n/a	n/a	n/a	n/a	n/a
6356.230	0	3178115	standard_tone	sapo_probe	standard	n/a	n/a	n/a	n/a	n/a
6357.246	0	3178623	standard_tone	sapo_probe	standard	n/a	n/a	n/a	n/a	n/a
6358.262	0	3179131	standard_tone	sapo_probe	standard	n/a	n/a	n/a	n/a	n/a
6359.278	0	3179639	oddball_tone	sapo_probe	oddball	n/a	n/a	n/a	n/a	n/a
6360.276	0	3180138	standard_tone	sapo_probe	standard	n/a	n/a	n/a	n/a	n/a
6361.292	0	3180646	standard_tone	sapo_probe	standard	n/a	n/a	n/a	n/a	n/a
6362.292	0	3181146	standard_tone	sapo_probe	standard	n/a	n/a	n/a	n/a	n/a
6363.308	0	3181654	standard_tone	sapo_probe	standard	n/a	n/a	n/a	n/a	n/a
6364.310	0	3182155	standard_tone	sapo_probe	standard	n/a	n/a	n/a	n/a	n/a
6365.322	0	3182661	distractor_noise	sapo_probe	distractor	n/a	n/a	n/a	n/a	n/a
6366.338	0	3183169	standard_tone	sapo_probe	standard	n/a	n/a	n/a	n/a	n/a
6367.088	0	3183544	sapo_probe_end	sapo_probe	block-sapo-probe-end	n/a	n/a	n/a	n/a	n/a
6367.088	0	3183544	block_duration	sapo_probe	block-sapo-probe-duration-2100	n/a	n/a	n/a	2100.000	n/a
6367.090	0	3183545	prompt_window_begin	sapo_probe	probe-sapo-probe-begin	n/a	n/a	n/a	n/a	n/a
6370.852	0	3185426	clicker_press	n/a	response-received-page_up	n/a	n/a	n/a	n/a	page_up
6371.318	0	3185659	clicker_press	n/a	response-received-page_up	n/a	n/a	n/a	n/a	page_up
6371.934	0	3185967	clicker_press	n/a	response-received-page_up	n/a	n/a	n/a	n/a	page_up
6376.164	0	3188082	depth_rating	sapo_probe	rating-sapo-probe-meditation_depth-3	3	n/a	n/a	n/a	n/a
6381.360	0	3190680	clicker_press	n/a	response-received-page_up	n/a	n/a	n/a	n/a	page_up
6381.958	0	3190979	clicker_press	n/a	response-received-page_up	n/a	n/a	n/a	n/a	page_up
6382.542	0	3191271	clicker_press	n/a	response-received-page_up	n/a	n/a	n/a	n/a	page_up
6383.008	0	3191504	clicker_press	n/a	response-received-page_up	n/a	n/a	n/a	n/a	page_up
6383.408	0	3191704	clicker_press	n/a	response-received-page_up	n/a	n/a	n/a	n/a	page_up
6386.222	0	3193111	confidence_rating	sapo_probe	rating-sapo-probe-confidence_depth-5	n/a	5	n/a	n/a	n/a
6387.238	0	3193619	prompt_window_end	sapo_probe	probe-sapo-probe-end	n/a	n/a	n/a	n/a	n/a
6387.238	0	3193619	break_begin	break	break-begin	n/a	n/a	n/a	n/a	n/a
6571.234	0	3285617	clicker_press	break	response-received-enter	n/a	n/a	n/a	n/a	enter
6571.252	0	3285626	break_end	break	break-end	n/a	n/a	n/a	n/a	n/a
6628.404	0	3314202	clicker_press	n/a	response-received-page_up	n/a	n/a	n/a	n/a	page_up
6628.422	0	3314211	post_meditation_begin	post_meditation	post-meditation-begin	n/a	n/a	n/a	n/a	n/a
6928.472	0	3464236	post_meditation_end	post_meditation	post-meditation-end	n/a	n/a	n/a	n/a	n/a
6928.474	0	3464237	prompt_window_begin	post_meditation	probe-post-meditation-begin	n/a	n/a	n/a	n/a	n/a
6934.218	0	3467109	clicker_press	n/a	response-received-page_up	n/a	n/a	n/a	n/a	page_up
6934.682	0	3467341	clicker_press	n/a	response-received-page_up	n/a	n/a	n/a	n/a	page_up
6935.216	0	3467608	clicker_press	n/a	response-received-page_up	n/a	n/a	n/a	n/a	page_up
6935.782	0	3467891	clicker_press	n/a	response-received-page_up	n/a	n/a	n/a	n/a	page_up
6937.498	0	3468749	depth_rating	post_meditation	rating-post-meditation-meditation_depth-4	4	n/a	n/a	n/a	n/a
6942.628	0	3471314	clicker_press	n/a	response-received-page_up	n/a	n/a	n/a	n/a	page_up
6943.044	0	3471522	clicker_press	n/a	response-received-page_up	n/a	n/a	n/a	n/a	page_up
6943.476	0	3471738	clicker_press	n/a	response-received-page_up	n/a	n/a	n/a	n/a	page_up
6943.860	0	3471930	clicker_press	n/a	response-received-page_up	n/a	n/a	n/a	n/a	page_up
6944.192	0	3472096	clicker_press	n/a	response-received-page_up	n/a	n/a	n/a	n/a	page_up
6947.656	0	3473828	confidence_rating	post_meditation	rating-post-meditation-confidence_depth-5	n/a	5	n/a	n/a	n/a
6948.672	0	3474336	prompt_window_end	post_meditation	probe-post-meditation-end	n/a	n/a	n/a	n/a	n/a
6957.698	0	3478849	task_end	n/a	task-end	n/a	n/a	n/a	n/a	n/a
