onset	duration	sample	trial_type	block	value	depth	confidence	response_time	logged_duration	key
0.000	0	0	clicker_press	n/a	response-received-page_up	n/a	n/a	n/a	n/a	page_up
11.124	0	5562	clicker_press	n/a	response-received-page_up	n/a	n/a	n/a	n/a	page_up
19.150	0	9575	clicker_press	n/a	response-received-page_up	n/a	n/a	n/a	n/a	page_up
61.946	0	30973	clicker_press	n/a	response-received-page_up	n/a	n/a	n/a	n/a	page_up
86.826	0	43413	clicker_press	n/a	response-received-page_up	n/a	n/a	n/a	n/a	page_up
99.016	0	49508	clicker_press	n/a	response-received-page_up	n/a	n/a	n/a	n/a	page_up
122.896	0	61448	clicker_press	n/a	response-received-page_up	n/a	n/a	n/a	n/a	page_up
168.508	0	84254	clicker_press	n/a	response-received-page_up	n/a	n/a	n/a	n/a	page_up
168.526	0	84263	task_begin	n/a	task-begin	n/a	n/a	n/a	n/a	n/a
272.006	0	136003	clicker_press	n/a	response-received-page_up	n/a	n/a	n/a	n/a	page_up
272.090	0	136045	baseline_begin	baseline	baseline-begin	n/a	n/a	n/a	n/a	n/a
572.192	0	286096	baseline_end	baseline	baseline-end	n/a	n/a	n/a	n/a	n/a
676.456	0	338228	clicker_press	n/a	response-received-page_up	n/a	n/a	n/a	n/a	page_up
676.472	0	338236	pre_meditation_begin	pre_meditation	pre-meditation-begin	n/a	n/a	n/a	n/a	n/a
976.506	0	488253	pre_meditation_end	pre_meditation	pre-meditation-end	n/a	n/a	n/a	n/a	n/a
976.506	0	488253	prompt_window_begin	pre_meditation	probe-pre-meditation-begin	n/a	n/a	n/a	n/a	n/a
984.866	0	492433	clicker_press	n/a	response-received-page_up	n/a	n/a	n/a	n/a	page_up
985.530	0	492765	depth_rating	pre_meditation	rating-pre-meditation-meditation_depth-1	1	n/a	n/a	n/a	n/a
992.392	0	496196	clicker_press	n/a	response-received-page_up	n/a	n/a	n/a	n/a	page_up
992.942	0	496471	clicker_press	n/a	response-received-page_up	n/a	n/a	n/a	n/a	page_up
993.492	0	496746	clicker_press	n/a	response-received-page_up	n/a	n/a	n/a	n/a	page_up
994.142	0	497071	clicker_press	n/a	response-received-page_up	n/a	n/a	n/a	n/a	page_up
995.608	0	497804	confidence_rating	pre_meditation	rating-pre-meditation-confidence_depth-4	n/a	4	n/a	n/a	n/a
996.622	0	498311	prompt_window_end	pre_meditation	probe-pre-meditation-end	n/a	n/a	n/a	n/a	n/a
1096.474	0	548237	clicker_press	n/a	response-received-page_up	n/a	n/a	n/a	n/a	page_up
1096.496	0	548248	sapo_probe_begin	sapo_probe	block-sapo-probe-begin	n/a	n/a	n/a	n/a	n/a
1096.510	0	548255	subblock_begin	sapo_probe	subblock-begin	n/a	n/a	n/a	n/a	n/a
1096.510	0	548255	silence_begin	sapo_probe	silence-begin	n/a	n/a	n/a	n/a	n/a
1096.524	0	548262	standard_tone	sapo_probe	standard	n/a	n/a	n/a	n/a	n/a
1097.538	0	548769	standard_tone	sapo_probe	standard	n/a	n/a	n/a	n/a	n/a
1098.554	0	549277	oddball_tone	sapo_probe	oddball	n/a	n/a	n/a	n/a	n/a
1099.570	0	549785	standard_tone	sapo_probe	standard	n/a	n/a	n/a	n/a	n/a
1100.586	0	550293	standard_tone	sapo_probe	standard	n/a	n/a	n/a	n/a	n/a
1101.602	0	550801	distractor_noise	sapo_probe	distractor	n/a	n/a	n/a	n/a	n/a
1102.616	0	551308	standard_tone	sapo_probe	standard	n/a	n/a	n/a	n/a	n/a
1103.618	0	551809	standard_tone	sapo_probe	standard	n/a	n/a	n/a	n/a	n/a
1104.632	0	552316	distractor_noise	sapo_probe	distractor	n/a	n/a	n/a	n/a	n/a
1105.648	0	552824	standard_tone	sapo_probe	standard	n/a	n/a	n/a	n/a	n/a
1106.664	0	553332	standard_tone	sapo_probe	standard	n/a	n/a	n/a	n/a	n/a
1107.680	0	553840	standard_tone	sapo_probe	standard	n/a	n/a	n/a	n/a	n/a
1108.680	0	554340	standard_tone	sapo_probe	standard	n/a	n/a	n/a	n/a	n/a
1109.696	0	554848	standard_tone	sapo_probe	standard	n/a	n/a	n/a	n/a	n/a
1110.710	0	555355	standard_tone	sapo_probe	standard	n/a	n/a	n/a	n/a	n/a
1111.726	0	555863	standard_tone	sapo_probe	standard	n/a	n/a	n/a	n/a	n/a
1112.742	0	556371	standard_tone	sapo_probe	standard	n/a	n/a	n/a	n/a	n/a
1113.758	0	556879	standard_tone	sapo_probe	standard	n/a	n/a	n/a	n/a	n/a
1114.774	0	557387	standard_tone	sapo_probe	standard	n/a	n/a	n/a	n/a	n/a
1115.790	0	557895	standard_tone	sapo_probe	standard	n/a	n/a	n/a	n/a	n/a
1116.806	0	558403	standard_tone	sapo_probe	standard	n/a	n/a	n/a	n/a	n/a
1117.822	0	558911	standard_tone	sapo_probe	standard	n/a	n/a	n/a	n/a	n/a
1118.838	0	559419	standard_tone	sapo_probe	standard	n/a	n/a	n/a	n/a	n/a
1119.854	0	559927	standard_tone	sapo_probe	standard	n/a	n/a	n/a	n/a	n/a
1120.870	0	560435	standard_tone	sapo_probe	standard	n/a	n/a	n/a	n/a	n/a
1121.884	0	560942	standard_tone	sapo_probe	standard	n/a	n/a	n/a	n/a	n/a
1122.900	0	561450	standard_tone	sapo_probe	standard	n/a	n/a	n/a	n/a	n/a
1123.916	0	561958	standard_tone	sapo_probe	standard	n/a	n/a	n/a	n/a	n/a
1124.932	0	562466	standard_tone	sapo_probe	standard	n/a	n/a	n/a	n/a	n/a
1125.948	0	562974	standard_tone	sapo_probe	standard	n/a	n/a	n/a	n/a	n/a
1126.964	0	563482	standard_tone	sapo_probe	standard	n/a	n/a	n/a	n/a	n/a
1127.980	0	563990	standard_tone	sapo_probe	standard	n/a	n/a	n/a	n/a	n/a
1128.996	0	564498	oddball_tone	sapo_probe	oddball	n/a	n/a	n/a	n/a	n/a
1130.012	0	565006	standard_tone	sapo_probe	standard	n/a	n/a	n/a	n/a	n/a
1131.028	0	565514	standard_tone	sapo_probe	standard	n/a	n/a	n/a	n/a	n/a
1132.028	0	566014	distractor_noise	sapo_probe	distractor	n/a	n/a	n/a	n/a	n/a
1133.044	0	566522	standard_tone	sapo_probe	standard	n/a	n/a	n/a	n/a	n/a
1134.058	0	567029	distractor_noise	sapo_probe	distractor	n/a	n/a	n/a	n/a	n/a
1135.074	0	567537	standard_tone	sapo_probe	standard	n/a	n/a	n/a	n/a	n/a
1136.090	0	568045	standard_tone	sapo_probe	standard	n/a	n/a	n/a	n/a	n/a
1137.106	0	568553	oddball_tone	sapo_probe	oddball	n/a	n/a	n/a	n/a	n/a
1138.122	0	569061	standard_tone	sapo_probe	standard	n/a	n/a	n/a	n/a	n/a
1139.138	0	569569	oddball_tone	sapo_probe	oddball	n/a	n/a	n/a	n/a	n/a
1140.154	0	570077	standard_tone	sapo_probe	standard	n/a	n/a	n/a	n/a	n/a
1141.170	0	570585	oddball_tone	sapo_probe	oddball	n/a	n/a	n/a	n/a	n/a
1142.184	0	571092	distractor_noise	sapo_probe	distractor	n/a	n/a	n/a	n/a	n/a
1143.184	0	571592	standard_tone	sapo_probe	standard	n/a	n/a	n/a	n/a	n/a
1144.200	0	572100	standard_tone	sapo_probe	standard	n/a	n/a	n/a	n/a	n/a
1145.216	0	572608	standard_tone	sapo_probe	standard	n/a	n/a	n/a	n/a	n/a
1146.232	0	573116	standard_tone	sapo_probe	standard	n/a	n/a	n/a	n/a	n/a
1147.248	0	573624	standard_tone	sapo_probe	standard	n/a	n/a	n/a	n/a	n/a
1148.264	0	574132	distractor_noise	sapo_probe	distractor	n/a	n/a	n/a	n/a	n/a
1149.278	0	574639	standard_tone	sapo_probe	standard	n/a	n/a	n/a	n/a	n/a
1150.294	0	575147	standard_tone	sapo_probe	standard	n/a	n/a	n/a	n/a	n/a
1151.310	0	575655	standard_tone	sapo_probe	standard	n/a	n/a	n/a	n/a	n/a
1152.326	0	576163	distractor_noise	sapo_probe	distractor	n/a	n/a	n/a	n/a	n/a
1153.342	0	576671	standard_tone	sapo_probe	standard	n/a	n/a	n/a	n/a	n/a
1154.360	0	577180	standard_tone	sapo_probe	standard	n/a	n/a	n/a	n/a	n/a
1155.374	0	577687	standard_tone	sapo_probe	standard	n/a	n/a	n/a	n/a	n/a
1156.390	0	578195	oddball_tone	sapo_probe	oddball	n/a	n/a	n/a	n/a	n/a
1157.406	0	578703	distractor_noise	sapo_probe	distractor	n/a	n/a	n/a	n/a	n/a
1158.422	0	579211	oddball_tone	sapo_probe	oddball	n/a	n/a	n/a	n/a	n/a
1159.438	0	579719	standard_tone	sapo_probe	standard	n/a	n/a	n/a	n/a	n/a
1160.454	0	580227	standard_tone	sapo_probe	standard	n/a	n/a	n/a	n/a	n/a
1161.468	0	580734	standard_tone	sapo_probe	standard	n/a	n/a	n/a	n/a	n/a
1162.484	0	581242	distractor_noise	sapo_probe	distractor	n/a	n/a	n/a	n/a	n/a
1163.500	0	581750	standard_tone	sapo_probe	standard	n/a	n/a	n/a	n/a	n/a
1164.516	0	582258	oddball_tone	sapo_probe	oddball	n/a	n/a	n/a	n/a	n/a
1165.516	0	582758	standard_tone	sapo_probe	standard	n/a	n/a	n/a	n/a	n/a
1166.532	0	583266	standard_tone	sapo_probe	standard	n/a	n/a	n/a	n/a	n/a
1167.548	0	583774	distractor_noise	sapo_probe	distractor	n/a	n/a	n/a	n/a	n/a
1168.562	0	584281	standard_tone	sapo_probe	standard	n/a	n/a	n/a	n/a	n/a
1169.578	0	584789	standard_tone	sapo_probe	standard	n/a	n/a	n/a	n/a	n/a
1170.594	0	585297	standard_tone	sapo_probe	standard	n/a	n/a	n/a	n/a	n/a
1171.610	0	585805	standard_tone	sapo_probe	standard	n/a	n/a	n/a	n/a	n/a
1172.626	0	586313	standard_tone	sapo_probe	standard	n/a	n/a	n/a	n/a	n/a
1173.642	0	586821	standard_tone	sapo_probe	standard	n/a	n/a	n/a	n/a	n/a
1174.642	0	587321	standard_tone	sapo_probe	standard	n/a	n/a	n/a	n/a	n/a
1175.658	0	587829	standard_tone	sapo_probe	standard	n/a	n/a	n/a	n/a	n/a
1176.672	0	588336	standard_tone	sapo_probe	standard	n/a	n/a	n/a	n/a	n/a
1177.688	0	588844	oddball_tone	sapo_probe	oddball	n/a	n/a	n/a	n/a	n/a
1178.704	0	589352	standard_tone	sapo_probe	standard	n/a	n/a	n/a	n/a	n/a
1179.720	0	589860	oddball_tone	sapo_probe	oddball	n/a	n/a	n/a	n/a	n/a
1180.720	0	590360	standard_tone	sapo_probe	standard	n/a	n/a	n/a	n/a	n/a
1181.736	0	590868	standard_tone	sapo_probe	standard	n/a	n/a	n/a	n/a	n/a
1182.752	0	591376	standard_tone	sapo_probe	standard	n/a	n/a	n/a	n/a	n/a
1183.768	0	591884	distractor_noise	sapo_probe	distractor	n/a	n/a	n/a	n/a	n/a
1184.782	0	592391	standard_tone	sapo_probe	standard	n/a	n/a	n/a	n/a	n/a
1185.798	0	592899	standard_tone	sapo_probe	standard	n/a	n/a	n/a	n/a	n/a
1186.814	0	593407	standard_tone	sapo_probe	standard	n/a	n/a	n/a	n/a	n/a
1187.830	0	593915	standard_tone	sapo_probe	standard	n/a	n/a	n/a	n/a	n/a
1188.846	0	594423	standard_tone	sapo_probe	standard	n/a	n/a	n/a	n/a	n/a
1189.862	0	594931	standard_tone	sapo_probe	standard	n/a	n/a	n/a	n/a	n/a
1190.878	0	595439	distractor_noise	sapo_probe	distractor	n/a	n/a	n/a	n/a	n/a
1191.894	0	595947	standard_tone	sapo_probe	standard	n/a	n/a	n/a	n/a	n/a
1192.910	0	596455	standard_tone	sapo_probe	standard	n/a	n/a	n/a	n/a	n/a
1193.926	0	596963	standard_tone	sapo_probe	standard	n/a	n/a	n/a	n/a	n/a
1194.942	0	597471	standard_tone	sapo_probe	standard	n/a	n/a	n/a	n/a	n/a
1195.956	0	597978	distractor_noise	sapo_probe	distractor	n/a	n/a	n/a	n/a	n/a
1196.972	0	598486	standard_tone	sapo_probe	standard	n/a	n/a	n/a	n/a	n/a
1197.988	0	598994	standard_tone	sapo_probe	standard	n/a	n/a	n/a	n/a	n/a
1199.004	0	599502	standard_tone	sapo_probe	standard	n/a	n/a	n/a	n/a	n/a
1200.020	0	600010	standard_tone	sapo_probe	standard	n/a	n/a	n/a	n/a	n/a
1201.036	0	600518	standard_tone	sapo_probe	standard	n/a	n/a	n/a	n/a	n/a
1202.052	0	601026	standard_tone	sapo_probe	standard	n/a	n/a	n/a	n/a	n/a
1203.052	0	601526	oddball_tone	sapo_probe	oddball	n/a	n/a	n/a	n/a	n/a
1204.068	0	602034	standard_tone	sapo_probe	standard	n/a	n/a	n/a	n/a	n/a
1205.082	0	602541	standard_tone	sapo_probe	standard	n/a	n/a	n/a	n/a	n/a
1206.098	0	603049	standard_tone	sapo_probe	standard	n/a	n/a	n/a	n/a	n/a
1207.114	0	603557	standard_tone	sapo_probe	standard	n/a	n/a	n/a	n/a	n/a
1208.130	0	604065	standard_tone	sapo_probe	standard	n/a	n/a	n/a	n/a	n/a
1209.146	0	604573	oddball_tone	sapo_probe	oddball	n/a	n/a	n/a	n/a	n/a
1210.162	0	605081	standard_tone	sapo_probe	standard	n/a	n/a	n/a	n/a	n/a
1211.178	0	605589	distractor_noise	sapo_probe	distractor	n/a	n/a	n/a	n/a	n/a
1212.194	0	606097	standard_tone	sapo_probe	standard	n/a	n/a	n/a	n/a	n/a
1213.060	0	606530	silence_end	sapo_probe	silence-end	n/a	n/a	n/a	n/a	n/a
1213.060	0	606530	subblock_end	sapo_probe	subblock-end-duration-116.551	n/a	n/a	n/a	116.551	n/a
1213.062	0	606531	subblock_begin	sapo_probe	subblock-begin	n/a	n/a	n/a	n/a	n/a
1213.062	0	606531	silence_begin	sapo_probe	silence-begin	n/a	n/a	n/a	n/a	n/a
1213.210	0	606605	standard_tone	sapo_probe	standard	n/a	n/a	n/a	n/a	n/a
1214.226	0	607113	standard_tone	sapo_probe	standard	n/a	n/a	n/a	n/a	n/a
1215.242	0	607621	standard_tone	sapo_probe	standard	n/a	n/a	n/a	n/a	n/a
1216.258	0	608129	oddball_tone	sapo_probe	oddball	n/a	n/a	n/a	n/a	n/a
1217.272	0	608636	distractor_noise	sapo_probe	distractor	n/a	n/a	n/a	n/a	n/a
1218.288	0	609144	standard_tone	sapo_probe	standard	n/a	n/a	n/a	n/a	n/a
1219.304	0	609652	standard_tone	sapo_probe	standard	n/a	n/a	n/a	n/a	n/a
1220.320	0	610160	standard_tone	sapo_probe	standard	n/a	n/a	n/a	n/a	n/a
1221.336	0	610668	standard_tone	sapo_probe	standard	n/a	n/a	n/a	n/a	n/a
1222.352	0	611176	standard_tone	sapo_probe	standard	n/a	n/a	n/a	n/a	n/a
1223.352	0	611676	standard_tone	sapo_probe	standard	n/a	n/a	n/a	n/a	n/a
1224.352	0	612176	oddball_tone	sapo_probe	oddball	n/a	n/a	n/a	n/a	n/a
1225.366	0	612683	standard_tone	sapo_probe	standard	n/a	n/a	n/a	n/a	n/a
1226.382	0	613191	standard_tone	sapo_probe	standard	n/a	n/a	n/a	n/a	n/a
1227.398	0	613699	standard_tone	sapo_probe	standard	n/a	n/a	n/a	n/a	n/a
1228.414	0	614207	standard_tone	sapo_probe	standard	n/a	n/a	n/a	n/a	n/a
1229.430	0	614715	standard_tone	sapo_probe	standard	n/a	n/a	n/a	n/a	n/a
1230.444	0	615222	standard_tone	sapo_probe	standard	n/a	n/a	n/a	n/a	n/a
1231.460	0	615730	standard_tone	sapo_probe	standard	n/a	n/a	n/a	n/a	n/a
1232.478	0	616239	standard_tone	sapo_probe	standard	n/a	n/a	n/a	n/a	n/a
1233.492	0	616746	standard_tone	sapo_probe	standard	n/a	n/a	n/a	n/a	n/a
1234.508	0	617254	distractor_noise	sapo_probe	distractor	n/a	n/a	n/a	n/a	n/a
1235.524	0	617762	standard_tone	sapo_probe	standard	n/a	n/a	n/a	n/a	n/a
1236.540	0	618270	standard_tone	sapo_probe	standard	n/a	n/a	n/a	n/a	n/a
1237.556	0	618778	standard_tone	sapo_probe	standard	n/a	n/a	n/a	n/a	n/a
1238.572	0	619286	standard_tone	sapo_probe	standard	n/a	n/a	n/a	n/a	n/a
1239.588	0	619794	standard_tone	sapo_probe	standard	n/a	n/a	n/a	n/a	n/a
1240.604	0	620302	standard_tone	sapo_probe	standard	n/a	n/a	n/a	n/a	n/a
1241.620	0	620810	standard_tone	sapo_probe	standard	n/a	n/a	n/a	n/a	n/a
1242.634	0	621317	distractor_noise	sapo_probe	distractor	n/a	n/a	n/a	n/a	n/a
1243.652	0	621826	standard_tone	sapo_probe	standard	n/a	n/a	n/a	n/a	n/a
1244.666	0	622333	oddball_tone	sapo_probe	oddball	n/a	n/a	n/a	n/a	n/a
1245.682	0	622841	standard_tone	sapo_probe	standard	n/a	n/a	n/a	n/a	n/a
1246.698	0	623349	standard_tone	sapo_probe	standard	n/a	n/a	n/a	n/a	n/a
1247.714	0	623857	standard_tone	sapo_probe	standard	n/a	n/a	n/a	n/a	n/a
1248.730	0	624365	standard_tone	sapo_probe	standard	n/a	n/a	n/a	n/a	n/a
1249.746	0	624873	standard_tone	sapo_probe	standard	n/a	n/a	n/a	n/a	n/a
1250.762	0	625381	standard_tone	sapo_probe	standard	n/a	n/a	n/a	n/a	n/a
1251.778	0	625889	standard_tone	sapo_probe	standard	n/a	n/a	n/a	n/a	n/a
1252.776	0	626388	standard_tone	sapo_probe	standard	n/a	n/a	n/a	n/a	n/a
1253.792	0	626896	standard_tone	sapo_probe	standard	n/a	n/a	n/a	n/a	n/a
1254.808	0	627404	oddball_tone	sapo_probe	oddball	n/a	n/a	n/a	n/a	n/a
1255.824	0	627912	standard_tone	sapo_probe	standard	n/a	n/a	n/a	n/a	n/a
1256.840	0	628420	standard_tone	sapo_probe	standard	n/a	n/a	n/a	n/a	n/a
1257.856	0	628928	distractor_noise	sapo_probe	distractor	n/a	n/a	n/a	n/a	n/a
1258.872	0	629436	standard_tone	sapo_probe	standard	n/a	n/a	n/a	n/a	n/a
1259.888	0	629944	standard_tone	sapo_probe	standard	n/a	n/a	n/a	n/a	n/a
1260.902	0	630451	standard_tone	sapo_probe	standard	n/a	n/a	n/a	n/a	n/a
1261.918	0	630959	standard_tone	sapo_probe	standard	n/a	n/a	n/a	n/a	n/a
1262.936	0	631468	standard_tone	sapo_probe	standard	n/a	n/a	n/a	n/a	n/a
1263.950	0	631975	oddball_tone	sapo_probe	oddball	n/a	n/a	n/a	n/a	n/a
1264.966	0	632483	standard_tone	sapo_probe	standard	n/a	n/a	n/a	n/a	n/a
1265.982	0	632991	distractor_noise	sapo_probe	distractor	n/a	n/a	n/a	n/a	n/a
1266.982	0	633491	standard_tone	sapo_probe	standard	n/a	n/a	n/a	n/a	n/a
1267.998	0	633999	standard_tone	sapo_probe	standard	n/a	n/a	n/a	n/a	n/a
1269.012	0	634506	distractor_noise	sapo_probe	distractor	n/a	n/a	n/a	n/a	n/a
1270.028	0	635014	oddball_tone	sapo_probe	oddball	n/a	n/a	n/a	n/a	n/a
1271.044	0	635522	standard_tone	sapo_probe	standard	n/a	n/a	n/a	n/a	n/a
1272.044	0	636022	standard_tone	sapo_probe	standard	n/a	n/a	n/a	n/a	n/a
1273.060	0	636530	standard_tone	sapo_probe	standard	n/a	n/a	n/a	n/a	n/a
1274.076	0	637038	standard_tone	sapo_probe	standard	n/a	n/a	n/a	n/a	n/a
1275.092	0	637546	standard_tone	sapo_probe	standard	n/a	n/a	n/a	n/a	n/a
1276.108	0	638054	standard_tone	sapo_probe	standard	n/a	n/a	n/a	n/a	n/a
1277.122	0	638561	oddball_tone	sapo_probe	oddball	n/a	n/a	n/a	n/a	n/a
1278.172	0	639086	standard_tone	sapo_probe	standard	n/a	n/a	n/a	n/a	n/a
1279.188	0	639594	standard_tone	sapo_probe	standard	n/a	n/a	n/a	n/a	n/a
1280.204	0	640102	standard_tone	sapo_probe	standard	n/a	n/a	n/a	n/a	n/a
1281.220	0	640610	standard_tone	sapo_probe	standard	n/a	n/a	n/a	n/a	n/a
1282.236	0	641118	standard_tone	sapo_probe	standard	n/a	n/a	n/a	n/a	n/a
1283.236	0	641618	standard_tone	sapo_probe	standard	n/a	n/a	n/a	n/a	n/a
1284.250	0	642125	standard_tone	sapo_probe	standard	n/a	n/a	n/a	n/a	n/a
1285.266	0	642633	standard_tone	sapo_probe	standard	n/a	n/a	n/a	n/a	n/a
1286.282	0	643141	standard_tone	sapo_probe	standard	n/a	n/a	n/a	n/a	n/a
1287.298	0	643649	standard_tone	sapo_probe	standard	n/a	n/a	n/a	n/a	n/a
1288.314	0	644157	standard_tone	sapo_probe	standard	n/a	n/a	n/a	n/a	n/a
1289.330	0	644665	standard_tone	sapo_probe	standard	n/a	n/a	n/a	n/a	n/a
1290.346	0	645173	standard_tone	sapo_probe	standard	n/a	n/a	n/a	n/a	n/a
1291.362	0	645681	standard_tone	sapo_probe	standard	n/a	n/a	n/a	n/a	n/a
1292.378	0	646189	standard_tone	sapo_probe	standard	n/a	n/a	n/a	n/a	n/a
1293.392	0	646696	standard_tone	sapo_probe	standard	n/a	n/a	n/a	n/a	n/a
1294.408	0	647204	oddball_tone	sapo_probe	oddball	n/a	n/a	n/a	n/a	n/a
1295.424	0	647712	standard_tone	sapo_probe	standard	n/a	n/a	n/a	n/a	n/a
1296.440	0	648220	standard_tone	sapo_probe	standard	n/a	n/a	n/a	n/a	n/a
1297.456	0	648728	standard_tone	sapo_probe	standard	n/a	n/a	n/a	n/a	n/a
1298.456	0	649228	standard_tone	sapo_probe	standard	n/a	n/a	n/a	n/a	n/a
1299.456	0	649728	standard_tone	sapo_probe	standard	n/a	n/a	n/a	n/a	n/a
1300.470	0	650235	standard_tone	sapo_probe	standard	n/a	n/a	n/a	n/a	n/a
1301.486	0	650743	standard_tone	sapo_probe	standard	n/a	n/a	n/a	n/a	n/a
1302.502	0	651251	standard_tone	sapo_probe	standard	n/a	n/a	n/a	n/a	n/a
1303.518	0	651759	oddball_tone	sapo_probe	oddball	n/a	n/a	n/a	n/a	n/a
1304.534	0	652267	standard_tone	sapo_probe	standard	n/a	n/a	n/a	n/a	n/a
1305.550	0	652775	standard_tone	sapo_probe	standard	n/a	n/a	n/a	n/a	n/a
1306.566	0	653283	standard_tone	sapo_probe	standard	n/a	n/a	n/a	n/a	n/a
1307.582	0	653791	standard_tone	sapo_probe	standard	n/a	n/a	n/a	n/a	n/a
1308.596	0	654298	standard_tone	sapo_probe	standard	n/a	n/a	n/a	n/a	n/a
1309.612	0	654806	standard_tone	sapo_probe	standard	n/a	n/a	n/a	n/a	n/a
1310.628	0	655314	oddball_tone	sapo_probe	oddball	n/a	n/a	n/a	n/a	n/a
1311.628	0	655814	standard_tone	sapo_probe	standard	n/a	n/a	n/a	n/a	n/a
1312.644	0	656322	oddball_tone	sapo_probe	oddball	n/a	n/a	n/a	n/a	n/a
1313.660	0	656830	standard_tone	sapo_probe	standard	n/a	n/a	n/a	n/a	n/a
1314.526	0	657263	prompt_window_begin	sapo_probe	probe-sapo-probe-begin	n/a	n/a	n/a	n/a	n/a
1321.654	0	660827	clicker_press	sapo_probe	response-received-page_up	n/a	n/a	n/a	n/a	page_up
1322.070	0	661035	clicker_press	sapo_probe	response-received-page_up	n/a	n/a	n/a	n/a	page_up
1323.552	0	661776	depth_rating	sapo_probe	rating-sapo-probe-meditation_depth-2	2	n/a	n/a	n/a	n/a
1330.112	0	665056	clicker_press	sapo_probe	response-received-page_up	n/a	n/a	n/a	n/a	page_up
1330.480	0	665240	clicker_press	sapo_probe	response-received-page_up	n/a	n/a	n/a	n/a	page_up
1330.846	0	665423	clicker_press	sapo_probe	response-received-page_up	n/a	n/a	n/a	n/a	page_up
1331.212	0	665606	clicker_press	sapo_probe	response-received-page_up	n/a	n/a	n/a	n/a	page_up
1333.660	0	666830	confidence_rating	sapo_probe	rating-sapo-probe-confidence_depth-4	n/a	4	n/a	n/a	n/a
1337.106	0	668553	prompt_window_end	sapo_probe	probe-sapo-probe-end	n/a	n/a	n/a	n/a	n/a
1337.124	0	668562	distractor_noise	sapo_probe	distractor	n/a	n/a	n/a	n/a	n/a
1338.138	0	669069	standard_tone	sapo_probe	standard	n/a	n/a	n/a	n/a	n/a
1339.154	0	669577	standard_tone	sapo_probe	standard	n/a	n/a	n/a	n/a	n/a
1339.838	0	669919	silence_end	sapo_probe	silence-end	n/a	n/a	n/a	n/a	n/a
1339.838	0	669919	gong_begin	sapo_probe	gong-begin	n/a	n/a	n/a	n/a	n/a
1350.014	0	675007	gong_end	sapo_probe	gong-end	n/a	n/a	n/a	n/a	n/a
1350.014	0	675007	subblock_end	sapo_probe	subblock-end-duration-136.953	n/a	n/a	n/a	136.953	n/a
1350.014	0	675007	subblock_begin	sapo_probe	subblock-begin	n/a	n/a	n/a	n/a	n/a
1350.016	0	675008	silence_begin	sapo_probe	silence-begin	n/a	n/a	n/a	n/a	n/a
1350.016	0	675008	standard_tone	sapo_probe	standard	n/a	n/a	n/a	n/a	n/a
1351.028	0	675514	standard_tone	sapo_probe	standard	n/a	n/a	n/a	n/a	n/a
1352.044	0	676022	standard_tone	sapo_probe	standard	n/a	n/a	n/a	n/a	n/a
1353.060	0	676530	standard_tone	sapo_probe	standard	n/a	n/a	n/a	n/a	n/a
1354.076	0	677038	standard_tone	sapo_probe	standard	n/a	n/a	n/a	n/a	n/a
1355.092	0	677546	standard_tone	sapo_probe	standard	n/a	n/a	n/a	n/a	n/a
1356.108	0	678054	standard_tone	sapo_probe	standard	n/a	n/a	n/a	n/a	n/a
1357.106	0	678553	oddball_tone	sapo_probe	oddball	n/a	n/a	n/a	n/a	n/a
1358.124	0	679062	standard_tone	sapo_probe	standard	n/a	n/a	n/a	n/a	n/a
1359.138	0	679569	standard_tone	sapo_probe	standard	n/a	n/a	n/a	n/a	n/a
1360.154	0	680077	standard_tone	sapo_probe	standard	n/a	n/a	n/a	n/a	n/a
1361.170	0	680585	standard_tone	sapo_probe	standard	n/a	n/a	n/a	n/a	n/a
1362.186	0	681093	standard_tone	sapo_probe	standard	n/a	n/a	n/a	n/a	n/a
1363.202	0	681601	standard_tone	sapo_probe	standard	n/a	n/a	n/a	n/a	n/a
1364.218	0	682109	standard_tone	sapo_probe	standard	n/a	n/a	n/a	n/a	n/a
1365.234	0	682617	standard_tone	sapo_probe	standard	n/a	n/a	n/a	n/a	n/a
1366.250	0	683125	standard_tone	sapo_probe	standard	n/a	n/a	n/a	n/a	n/a
1367.266	0	683633	standard_tone	sapo_probe	standard	n/a	n/a	n/a	n/a	n/a
1368.280	0	684140	standard_tone	sapo_probe	standard	n/a	n/a	n/a	n/a	n/a
1369.280	0	684640	standard_tone	sapo_probe	standard	n/a	n/a	n/a	n/a	n/a
1370.296	0	685148	standard_tone	sapo_probe	standard	n/a	n/a	n/a	n/a	n/a
1371.312	0	685656	standard_tone	sapo_probe	standard	n/a	n/a	n/a	n/a	n/a
1372.328	0	686164	standard_tone	sapo_probe	standard	n/a	n/a	n/a	n/a	n/a
1373.344	0	686672	standard_tone	sapo_probe	standard	n/a	n/a	n/a	n/a	n/a
1374.358	0	687179	standard_tone	sapo_probe	standard	n/a	n/a	n/a	n/a	n/a
1375.374	0	687687	standard_tone	sapo_probe	standard	n/a	n/a	n/a	n/a	n/a
1376.390	0	688195	standard_tone	sapo_probe	standard	n/a	n/a	n/a	n/a	n/a
1377.408	0	688704	distractor_noise	sapo_probe	distractor	n/a	n/a	n/a	n/a	n/a
1378.422	0	689211	oddball_tone	sapo_probe	oddball	n/a	n/a	n/a	n/a	n/a
1379.438	0	689719	standard_tone	sapo_probe	standard	n/a	n/a	n/a	n/a	n/a
1380.454	0	690227	standard_tone	sapo_probe	standard	n/a	n/a	n/a	n/a	n/a
1381.470	0	690735	oddball_tone	sapo_probe	oddball	n/a	n/a	n/a	n/a	n/a
1382.486	0	691243	standard_tone	sapo_probe	standard	n/a	n/a	n/a	n/a	n/a
1383.502	0	691751	standard_tone	sapo_probe	standard	n/a	n/a	n/a	n/a	n/a
1384.518	0	692259	oddball_tone	sapo_probe	oddball	n/a	n/a	n/a	n/a	n/a
1385.532	0	692766	standard_tone	sapo_probe	standard	n/a	n/a	n/a	n/a	n/a
1386.548	0	693274	standard_tone	sapo_probe	standard	n/a	n/a	n/a	n/a	n/a
1387.564	0	693782	standard_tone	sapo_probe	standard	n/a	n/a	n/a	n/a	n/a
1388.580	0	694290	standard_tone	sapo_probe	standard	n/a	n/a	n/a	n/a	n/a
1389.596	0	694798	oddball_tone	sapo_probe	oddball	n/a	n/a	n/a	n/a	n/a
1390.612	0	695306	standard_tone	sapo_probe	standard	n/a	n/a	n/a	n/a	n/a
1391.628	0	695814	standard_tone	sapo_probe	standard	n/a	n/a	n/a	n/a	n/a
1392.644	0	696322	standard_tone	sapo_probe	standard	n/a	n/a	n/a	n/a	n/a
1393.660	0	696830	distractor_noise	sapo_probe	distractor	n/a	n/a	n/a	n/a	n/a
1394.660	0	697330	standard_tone	sapo_probe	standard	n/a	n/a	n/a	n/a	n/a
1395.674	0	697837	distractor_noise	sapo_probe	distractor	n/a	n/a	n/a	n/a	n/a
1396.690	0	698345	standard_tone	sapo_probe	standard	n/a	n/a	n/a	n/a	n/a
1397.706	0	698853	standard_tone	sapo_probe	standard	n/a	n/a	n/a	n/a	n/a
1398.762	0	699381	standard_tone	sapo_probe	standard	n/a	n/a	n/a	n/a	n/a
1399.772	0	699886	distractor_noise	sapo_probe	distractor	n/a	n/a	n/a	n/a	n/a
1400.788	0	700394	standard_tone	sapo_probe	standard	n/a	n/a	n/a	n/a	n/a
1401.802	0	700901	standard_tone	sapo_probe	standard	n/a	n/a	n/a	n/a	n/a
1402.802	0	701401	standard_tone	sapo_probe	standard	n/a	n/a	n/a	n/a	n/a
1403.818	0	701909	standard_tone	sapo_probe	standard	n/a	n/a	n/a	n/a	n/a
1404.834	0	702417	standard_tone	sapo_probe	standard	n/a	n/a	n/a	n/a	n/a
1405.850	0	702925	standard_tone	sapo_probe	standard	n/a	n/a	n/a	n/a	n/a
1406.866	0	703433	standard_tone	sapo_probe	standard	n/a	n/a	n/a	n/a	n/a
1407.882	0	703941	distractor_noise	sapo_probe	distractor	n/a	n/a	n/a	n/a	n/a
1408.898	0	704449	standard_tone	sapo_probe	standard	n/a	n/a	n/a	n/a	n/a
1409.912	0	704956	standard_tone	sapo_probe	standard	n/a	n/a	n/a	n/a	n/a
1410.930	0	705465	standard_tone	sapo_probe	standard	n/a	n/a	n/a	n/a	n/a
1411.944	0	705972	standard_tone	sapo_probe	standard	n/a	n/a	n/a	n/a	n/a
1412.944	0	706472	standard_tone	sapo_probe	standard	n/a	n/a	n/a	n/a	n/a
1413.960	0	706980	standard_tone	sapo_probe	standard	n/a	n/a	n/a	n/a	n/a
1414.976	0	707488	standard_tone	sapo_probe	standard	n/a	n/a	n/a	n/a	n/a
1415.992	0	707996	oddball_tone	sapo_probe	oddball	n/a	n/a	n/a	n/a	n/a
1417.006	0	708503	distractor_noise	sapo_probe	distractor	n/a	n/a	n/a	n/a	n/a
1418.006	0	709003	standard_tone	sapo_probe	standard	n/a	n/a	n/a	n/a	n/a
1419.022	0	709511	standard_tone	sapo_probe	standard	n/a	n/a	n/a	n/a	n/a
1420.038	0	710019	standard_tone	sapo_probe	standard	n/a	n/a	n/a	n/a	n/a
1421.054	0	710527	standard_tone	sapo_probe	standard	n/a	n/a	n/a	n/a	n/a
1422.070	0	711035	standard_tone	sapo_probe	standard	n/a	n/a	n/a	n/a	n/a
1423.086	0	711543	standard_tone	sapo_probe	standard	n/a	n/a	n/a	n/a	n/a
1424.102	0	712051	standard_tone	sapo_probe	standard	n/a	n/a	n/a	n/a	n/a
1425.116	0	712558	standard_tone	sapo_probe	standard	n/a	n/a	n/a	n/a	n/a
1426.132	0	713066	distractor_noise	sapo_probe	distractor	n/a	n/a	n/a	n/a	n/a
1427.148	0	713574	standard_tone	sapo_probe	standard	n/a	n/a	n/a	n/a	n/a
1428.164	0	714082	standard_tone	sapo_probe	standard	n/a	n/a	n/a	n/a	n/a
1429.166	0	714583	standard_tone	sapo_probe	standard	n/a	n/a	n/a	n/a	n/a
1430.180	0	715090	standard_tone	sapo_probe	standard	n/a	n/a	n/a	n/a	n/a
1431.196	0	715598	oddball_tone	sapo_probe	oddball	n/a	n/a	n/a	n/a	n/a
1432.210	0	716105	standard_tone	sapo_probe	standard	n/a	n/a	n/a	n/a	n/a
1433.226	0	716613	standard_tone	sapo_probe	standard	n/a	n/a	n/a	n/a	n/a
1434.242	0	717121	standard_tone	sapo_probe	standard	n/a	n/a	n/a	n/a	n/a
1435.258	0	717629	oddball_tone	sapo_probe	oddball	n/a	n/a	n/a	n/a	n/a
1436.274	0	718137	standard_tone	sapo_probe	standard	n/a	n/a	n/a	n/a	n/a
1437.290	0	718645	standard_tone	sapo_probe	standard	n/a	n/a	n/a	n/a	n/a
1438.306	0	719153	standard_tone	sapo_probe	standard	n/a	n/a	n/a	n/a	n/a
1439.322	0	719661	standard_tone	sapo_probe	standard	n/a	n/a	n/a	n/a	n/a
1440.322	0	720161	oddball_tone	sapo_probe	oddball	n/a	n/a	n/a	n/a	n/a
1441.338	0	720669	standard_tone	sapo_probe	standard	n/a	n/a	n/a	n/a	n/a
1442.352	0	721176	standard_tone	sapo_probe	standard	n/a	n/a	n/a	n/a	n/a
1443.368	0	721684	standard_tone	sapo_probe	standard	n/a	n/a	n/a	n/a	n/a
1444.384	0	722192	standard_tone	sapo_probe	standard	n/a	n/a	n/a	n/a	n/a
1445.400	0	722700	standard_tone	sapo_probe	standard	n/a	n/a	n/a	n/a	n/a
1446.416	0	723208	standard_tone	sapo_probe	standard	n/a	n/a	n/a	n/a	n/a
1447.432	0	723716	standard_tone	sapo_probe	standard	n/a	n/a	n/a	n/a	n/a
1448.448	0	724224	oddball_tone	sapo_probe	oddball	n/a	n/a	n/a	n/a	n/a
1449.464	0	724732	standard_tone	sapo_probe	standard	n/a	n/a	n/a	n/a	n/a
1450.480	0	725240	distractor_noise	sapo_probe	distractor	n/a	n/a	n/a	n/a	n/a
1451.496	0	725748	standard_tone	sapo_probe	standard	n/a	n/a	n/a	n/a	n/a
1452.510	0	726255	standard_tone	sapo_probe	standard	n/a	n/a	n/a	n/a	n/a
1453.526	0	726763	standard_tone	sapo_probe	standard	n/a	n/a	n/a	n/a	n/a
1454.542	0	727271	standard_tone	sapo_probe	standard	n/a	n/a	n/a	n/a	n/a
1455.558	0	727779	oddball_tone	sapo_probe	oddball	n/a	n/a	n/a	n/a	n/a
1456.574	0	728287	distractor_noise	sapo_probe	distractor	n/a	n/a	n/a	n/a	n/a
1457.590	0	728795	standard_tone	sapo_probe	standard	n/a	n/a	n/a	n/a	n/a
1458.172	0	729086	silence_end	sapo_probe	silence-end	n/a	n/a	n/a	n/a	n/a
1458.174	0	729087	subblock_end	sapo_probe	subblock-end-duration-108.159	n/a	n/a	n/a	108.159	n/a
1458.174	0	729087	subblock_begin	sapo_probe	subblock-begin	n/a	n/a	n/a	n/a	n/a
1458.176	0	729088	silence_begin	sapo_probe	silence-begin	n/a	n/a	n/a	n/a	n/a
1458.606	0	729303	standard_tone	sapo_probe	standard	n/a	n/a	n/a	n/a	n/a
1459.622	0	729811	standard_tone	sapo_probe	standard	n/a	n/a	n/a	n/a	n/a
1460.638	0	730319	standard_tone	sapo_probe	standard	n/a	n/a	n/a	n/a	n/a
1461.654	0	730827	standard_tone	sapo_probe	standard	n/a	n/a	n/a	n/a	n/a
1462.670	0	731335	standard_tone	sapo_probe	standard	n/a	n/a	n/a	n/a	n/a
1463.684	0	731842	standard_tone	sapo_probe	standard	n/a	n/a	n/a	n/a	n/a
1464.700	0	732350	standard_tone	sapo_probe	standard	n/a	n/a	n/a	n/a	n/a
1465.716	0	732858	standard_tone	sapo_probe	standard	n/a	n/a	n/a	n/a	n/a
1466.732	0	733366	distractor_noise	sapo_probe	distractor	n/a	n/a	n/a	n/a	n/a
1467.748	0	733874	standard_tone	sapo_probe	standard	n/a	n/a	n/a	n/a	n/a
1468.764	0	734382	standard_tone	sapo_probe	standard	n/a	n/a	n/a	n/a	n/a
1469.780	0	734890	standard_tone	sapo_probe	standard	n/a	n/a	n/a	n/a	n/a
1470.796	0	735398	standard_tone	sapo_probe	standard	n/a	n/a	n/a	n/a	n/a
1471.812	0	735906	standard_tone	sapo_probe	standard	n/a	n/a	n/a	n/a	n/a
1472.828	0	736414	distractor_noise	sapo_probe	distractor	n/a	n/a	n/a	n/a	n/a
1473.844	0	736922	standard_tone	sapo_probe	standard	n/a	n/a	n/a	n/a	n/a
1474.858	0	737429	standard_tone	sapo_probe	standard	n/a	n/a	n/a	n/a	n/a
1475.874	0	737937	standard_tone	sapo_probe	standard	n/a	n/a	n/a	n/a	n/a
1476.890	0	738445	standard_tone	sapo_probe	standard	n/a	n/a	n/a	n/a	n/a
1477.906	0	738953	standard_tone	sapo_probe	standard	n/a	n/a	n/a	n/a	n/a
1478.922	0	739461	standard_tone	sapo_probe	standard	n/a	n/a	n/a	n/a	n/a
1479.938	0	739969	standard_tone	sapo_probe	standard	n/a	n/a	n/a	n/a	n/a
1480.954	0	740477	standard_tone	sapo_probe	standard	n/a	n/a	n/a	n/a	n/a
1481.954	0	740977	standard_tone	sapo_probe	standard	n/a	n/a	n/a	n/a	n/a
1482.968	0	741484	standard_tone	sapo_probe	standard	n/a	n/a	n/a	n/a	n/a
1483.986	0	741993	standard_tone	sapo_probe	standard	n/a	n/a	n/a	n/a	n/a
1484.984	0	742492	standard_tone	sapo_probe	standard	n/a	n/a	n/a	n/a	n/a
1486.000	0	743000	standard_tone	sapo_probe	standard	n/a	n/a	n/a	n/a	n/a
1487.016	0	743508	standard_tone	sapo_probe	standard	n/a	n/a	n/a	n/a	n/a
1488.032	0	744016	distractor_noise	sapo_probe	distractor	n/a	n/a	n/a	n/a	n/a
1489.048	0	744524	standard_tone	sapo_probe	standard	n/a	n/a	n/a	n/a	n/a
1490.064	0	745032	standard_tone	sapo_probe	standard	n/a	n/a	n/a	n/a	n/a
1491.078	0	745539	standard_tone	sapo_probe	standard	n/a	n/a	n/a	n/a	n/a
1492.094	0	746047	standard_tone	sapo_probe	standard	n/a	n/a	n/a	n/a	n/a
1493.110	0	746555	standard_tone	sapo_probe	standard	n/a	n/a	n/a	n/a	n/a
1494.126	0	747063	standard_tone	sapo_probe	standard	n/a	n/a	n/a	n/a	n/a
1495.142	0	747571	standard_tone	sapo_probe	standard	n/a	n/a	n/a	n/a	n/a
1496.158	0	748079	standard_tone	sapo_probe	standard	n/a	n/a	n/a	n/a	n/a
1497.174	0	748587	standard_tone	sapo_probe	standard	n/a	n/a	n/a	n/a	n/a
1498.190	0	749095	standard_tone	sapo_probe	standard	n/a	n/a	n/a	n/a	n/a
1499.202	0	749601	standard_tone	sapo_probe	standard	n/a	n/a	n/a	n/a	n/a
1500.204	0	750102	standard_tone	sapo_probe	standard	n/a	n/a	n/a	n/a	n/a
1501.222	0	750611	standard_tone	sapo_probe	standard	n/a	n/a	n/a	n/a	n/a
1502.236	0	751118	standard_tone	sapo_probe	standard	n/a	n/a	n/a	n/a	n/a
1503.252	0	751626	standard_tone	sapo_probe	standard	n/a	n/a	n/a	n/a	n/a
1504.268	0	752134	standard_tone	sapo_probe	standard	n/a	n/a	n/a	n/a	n/a
1505.284	0	752642	standard_tone	sapo_probe	standard	n/a	n/a	n/a	n/a	n/a
1506.300	0	753150	standard_tone	sapo_probe	standard	n/a	n/a	n/a	n/a	n/a
1507.316	0	753658	distractor_noise	sapo_probe	distractor	n/a	n/a	n/a	n/a	n/a
1508.332	0	754166	standard_tone	sapo_probe	standard	n/a	n/a	n/a	n/a	n/a
1509.348	0	754674	standard_tone	sapo_probe	standard	n/a	n/a	n/a	n/a	n/a
1510.362	0	755181	standard_tone	sapo_probe	standard	n/a	n/a	n/a	n/a	n/a
1511.378	0	755689	distractor_noise	sapo_probe	distractor	n/a	n/a	n/a	n/a	n/a
1512.378	0	756189	standard_tone	sapo_probe	standard	n/a	n/a	n/a	n/a	n/a
1513.394	0	756697	distractor_noise	sapo_probe	distractor	n/a	n/a	n/a	n/a	n/a
1514.410	0	757205	standard_tone	sapo_probe	standard	n/a	n/a	n/a	n/a	n/a
1515.426	0	757713	standard_tone	sapo_probe	standard	n/a	n/a	n/a	n/a	n/a
1516.426	0	758213	standard_tone	sapo_probe	standard	n/a	n/a	n/a	n/a	n/a
1517.440	0	758720	standard_tone	sapo_probe	standard	n/a	n/a	n/a	n/a	n/a
1518.456	0	759228	distractor_noise	sapo_probe	distractor	n/a	n/a	n/a	n/a	n/a
1519.472	0	759736	standard_tone	sapo_probe	standard	n/a	n/a	n/a	n/a	n/a
1520.488	0	760244	oddball_tone	sapo_probe	oddball	n/a	n/a	n/a	n/a	n/a
1521.504	0	760752	standard_tone	sapo_probe	standard	n/a	n/a	n/a	n/a	n/a
1522.518	0	761259	standard_tone	sapo_probe	standard	n/a	n/a	n/a	n/a	n/a
1523.536	0	761768	standard_tone	sapo_probe	standard	n/a	n/a	n/a	n/a	n/a
1524.552	0	762276	standard_tone	sapo_probe	standard	n/a	n/a	n/a	n/a	n/a
1525.568	0	762784	standard_tone	sapo_probe	standard	n/a	n/a	n/a	n/a	n/a
1526.582	0	763291	standard_tone	sapo_probe	standard	n/a	n/a	n/a	n/a	n/a
1527.598	0	763799	standard_tone	sapo_probe	standard	n/a	n/a	n/a	n/a	n/a
1528.132	0	764066	prompt_window_begin	sapo_probe	probe-sapo-probe-begin	n/a	n/a	n/a	n/a	n/a
1534.744	0	767372	clicker_press	sapo_probe	response-received-page_up	n/a	n/a	n/a	n/a	page_up
1535.092	0	767546	clicker_press	sapo_probe	response-received-page_up	n/a	n/a	n/a	n/a	page_up
1537.174	0	768587	depth_rating	sapo_probe	rating-sapo-probe-meditation_depth-2	2	n/a	n/a	n/a	n/a
1543.620	0	771810	clicker_press	sapo_probe	response-received-page_up	n/a	n/a	n/a	n/a	page_up
1544.086	0	772043	clicker_press	sapo_probe	response-received-page_up	n/a	n/a	n/a	n/a	page_up
1544.502	0	772251	clicker_press	sapo_probe	response-received-page_up	n/a	n/a	n/a	n/a	page_up
1545.002	0	772501	clicker_press	sapo_probe	response-received-page_up	n/a	n/a	n/a	n/a	page_up
1547.250	0	773625	confidence_rating	sapo_probe	rating-sapo-probe-confidence_depth-4	n/a	4	n/a	n/a	n/a
1550.730	0	775365	prompt_window_end	sapo_probe	probe-sapo-probe-end	n/a	n/a	n/a	n/a	n/a
1550.732	0	775366	distractor_noise	sapo_probe	distractor	n/a	n/a	n/a	n/a	n/a
1551.744	0	775872	standard_tone	sapo_probe	standard	n/a	n/a	n/a	n/a	n/a
1552.744	0	776372	standard_tone	sapo_probe	standard	n/a	n/a	n/a	n/a	n/a
1553.760	0	776880	standard_tone	sapo_probe	standard	n/a	n/a	n/a	n/a	n/a
1554.776	0	777388	standard_tone	sapo_probe	standard	n/a	n/a	n/a	n/a	n/a
1555.792	0	777896	standard_tone	sapo_probe	standard	n/a	n/a	n/a	n/a	n/a
1556.808	0	778404	standard_tone	sapo_probe	standard	n/a	n/a	n/a	n/a	n/a
1557.824	0	778912	distractor_noise	sapo_probe	distractor	n/a	n/a	n/a	n/a	n/a
1558.840	0	779420	standard_tone	sapo_probe	standard	n/a	n/a	n/a	n/a	n/a
1559.856	0	779928	standard_tone	sapo_probe	standard	n/a	n/a	n/a	n/a	n/a
1560.872	0	780436	standard_tone	sapo_probe	standard	n/a	n/a	n/a	n/a	n/a
1561.888	0	780944	standard_tone	sapo_probe	standard	n/a	n/a	n/a	n/a	n/a
1562.904	0	781452	standard_tone	sapo_probe	standard	n/a	n/a	n/a	n/a	n/a
1563.918	0	781959	standard_tone	sapo_probe	standard	n/a	n/a	n/a	n/a	n/a
1564.934	0	782467	standard_tone	sapo_probe	standard	n/a	n/a	n/a	n/a	n/a
1565.950	0	782975	oddball_tone	sapo_probe	oddball	n/a	n/a	n/a	n/a	n/a
1566.966	0	783483	standard_tone	sapo_probe	standard	n/a	n/a	n/a	n/a	n/a
1567.982	0	783991	standard_tone	sapo_probe	standard	n/a	n/a	n/a	n/a	n/a
1568.998	0	784499	standard_tone	sapo_probe	standard	n/a	n/a	n/a	n/a	n/a
1570.014	0	785007	standard_tone	sapo_probe	standard	n/a	n/a	n/a	n/a	n/a
1571.030	0	785515	standard_tone	sapo_probe	standard	n/a	n/a	n/a	n/a	n/a
1572.046	0	786023	standard_tone	sapo_probe	standard	n/a	n/a	n/a	n/a	n/a
1573.062	0	786531	standard_tone	sapo_probe	standard	n/a	n/a	n/a	n/a	n/a
1574.076	0	787038	standard_tone	sapo_probe	standard	n/a	n/a	n/a	n/a	n/a
1575.092	0	787546	oddball_tone	sapo_probe	oddball	n/a	n/a	n/a	n/a	n/a
1576.108	0	788054	standard_tone	sapo_probe	standard	n/a	n/a	n/a	n/a	n/a
1577.124	0	788562	oddball_tone	sapo_probe	oddball	n/a	n/a	n/a	n/a	n/a
1578.140	0	789070	standard_tone	sapo_probe	standard	n/a	n/a	n/a	n/a	n/a
1579.156	0	789578	standard_tone	sapo_probe	standard	n/a	n/a	n/a	n/a	n/a
1580.172	0	790086	standard_tone	sapo_probe	standard	n/a	n/a	n/a	n/a	n/a
1581.188	0	790594	standard_tone	sapo_probe	standard	n/a	n/a	n/a	n/a	n/a
1582.204	0	791102	standard_tone	sapo_probe	standard	n/a	n/a	n/a	n/a	n/a
1582.304	0	791152	silence_end	sapo_probe	silence-end	n/a	n/a	n/a	n/a	n/a
1582.304	0	791152	subblock_end	sapo_probe	subblock-end-duration-124.129	n/a	n/a	n/a	124.129	n/a
1582.304	0	791152	subblock_begin	sapo_probe	subblock-begin	n/a	n/a	n/a	n/a	n/a
1582.304	0	791152	silence_begin	sapo_probe	silence-begin	n/a	n/a	n/a	n/a	n/a
1583.220	0	791610	standard_tone	sapo_probe	standard	n/a	n/a	n/a	n/a	n/a
1584.236	0	792118	oddball_tone	sapo_probe	oddball	n/a	n/a	n/a	n/a	n/a
1585.250	0	792625	standard_tone	sapo_probe	standard	n/a	n/a	n/a	n/a	n/a
1586.266	0	793133	oddball_tone	sapo_probe	oddball	n/a	n/a	n/a	n/a	n/a
1587.282	0	793641	standard_tone	sapo_probe	standard	n/a	n/a	n/a	n/a	n/a
1588.298	0	794149	distractor_noise	sapo_probe	distractor	n/a	n/a	n/a	n/a	n/a
1589.314	0	794657	standard_tone	sapo_probe	standard	n/a	n/a	n/a	n/a	n/a
1590.330	0	795165	distractor_noise	sapo_probe	distractor	n/a	n/a	n/a	n/a	n/a
1591.346	0	795673	standard_tone	sapo_probe	standard	n/a	n/a	n/a	n/a	n/a
1592.362	0	796181	standard_tone	sapo_probe	standard	n/a	n/a	n/a	n/a	n/a
1593.378	0	796689	standard_tone	sapo_probe	standard	n/a	n/a	n/a	n/a	n/a
1594.394	0	797197	standard_tone	sapo_probe	standard	n/a	n/a	n/a	n/a	n/a
1595.408	0	797704	standard_tone	sapo_probe	standard	n/a	n/a	n/a	n/a	n/a
1596.424	0	798212	standard_tone	sapo_probe	standard	n/a	n/a	n/a	n/a	n/a
1597.440	0	798720	standard_tone	sapo_probe	standard	n/a	n/a	n/a	n/a	n/a
1598.456	0	799228	oddball_tone	sapo_probe	oddball	n/a	n/a	n/a	n/a	n/a
1599.472	0	799736	standard_tone	sapo_probe	standard	n/a	n/a	n/a	n/a	n/a
1600.488	0	800244	standard_tone	sapo_probe	standard	n/a	n/a	n/a	n/a	n/a
1601.504	0	800752	distractor_noise	sapo_probe	distractor	n/a	n/a	n/a	n/a	n/a
1602.520	0	801260	standard_tone	sapo_probe	standard	n/a	n/a	n/a	n/a	n/a
1603.536	0	801768	oddball_tone	sapo_probe	oddball	n/a	n/a	n/a	n/a	n/a
1604.552	0	802276	standard_tone	sapo_probe	standard	n/a	n/a	n/a	n/a	n/a
1605.568	0	802784	standard_tone	sapo_probe	standard	n/a	n/a	n/a	n/a	n/a
1606.584	0	803292	standard_tone	sapo_probe	standard	n/a	n/a	n/a	n/a	n/a
1607.598	0	803799	standard_tone	sapo_probe	standard	n/a	n/a	n/a	n/a	n/a
1608.614	0	804307	standard_tone	sapo_probe	standard	n/a	n/a	n/a	n/a	n/a
1609.630	0	804815	standard_tone	sapo_probe	standard	n/a	n/a	n/a	n/a	n/a
1610.646	0	805323	standard_tone	sapo_probe	standard	n/a	n/a	n/a	n/a	n/a
1611.662	0	805831	standard_tone	sapo_probe	standard	n/a	n/a	n/a	n/a	n/a
1612.678	0	806339	standard_tone	sapo_probe	standard	n/a	n/a	n/a	n/a	n/a
1613.694	0	806847	standard_tone	sapo_probe	standard	n/a	n/a	n/a	n/a	n/a
1614.710	0	807355	standard_tone	sapo_probe	standard	n/a	n/a	n/a	n/a	n/a
1615.726	0	807863	standard_tone	sapo_probe	standard	n/a	n/a	n/a	n/a	n/a
1616.742	0	808371	standard_tone	sapo_probe	standard	n/a	n/a	n/a	n/a	n/a
1617.758	0	808879	standard_tone	sapo_probe	standard	n/a	n/a	n/a	n/a	n/a
1618.774	0	809387	standard_tone	sapo_probe	standard	n/a	n/a	n/a	n/a	n/a
1619.788	0	809894	standard_tone	sapo_probe	standard	n/a	n/a	n/a	n/a	n/a
1620.806	0	810403	standard_tone	sapo_probe	standard	n/a	n/a	n/a	n/a	n/a
1621.820	0	810910	standard_tone	sapo_probe	standard	n/a	n/a	n/a	n/a	n/a
1622.836	0	811418	distractor_noise	sapo_probe	distractor	n/a	n/a	n/a	n/a	n/a
1623.852	0	811926	standard_tone	sapo_probe	standard	n/a	n/a	n/a	n/a	n/a
1624.868	0	812434	standard_tone	sapo_probe	standard	n/a	n/a	n/a	n/a	n/a
1625.884	0	812942	standard_tone	sapo_probe	standard	n/a	n/a	n/a	n/a	n/a
1626.900	0	813450	standard_tone	sapo_probe	standard	n/a	n/a	n/a	n/a	n/a
1627.916	0	813958	standard_tone	sapo_probe	standard	n/a	n/a	n/a	n/a	n/a
1628.932	0	814466	standard_tone	sapo_probe	standard	n/a	n/a	n/a	n/a	n/a
1629.948	0	814974	oddball_tone	sapo_probe	oddball	n/a	n/a	n/a	n/a	n/a
1630.964	0	815482	standard_tone	sapo_probe	standard	n/a	n/a	n/a	n/a	n/a
1631.978	0	815989	standard_tone	sapo_probe	standard	n/a	n/a	n/a	n/a	n/a
1632.994	0	816497	standard_tone	sapo_probe	standard	n/a	n/a	n/a	n/a	n/a
1634.010	0	817005	distractor_noise	sapo_probe	distractor	n/a	n/a	n/a	n/a	n/a
1635.026	0	817513	standard_tone	sapo_probe	standard	n/a	n/a	n/a	n/a	n/a
1636.026	0	818013	standard_tone	sapo_probe	standard	n/a	n/a	n/a	n/a	n/a
1637.042	0	818521	standard_tone	sapo_probe	standard	n/a	n/a	n/a	n/a	n/a
1638.058	0	819029	distractor_noise	sapo_probe	distractor	n/a	n/a	n/a	n/a	n/a
1639.074	0	819537	standard_tone	sapo_probe	standard	n/a	n/a	n/a	n/a	n/a
1640.088	0	820044	standard_tone	sapo_probe	standard	n/a	n/a	n/a	n/a	n/a
1641.106	0	820553	standard_tone	sapo_probe	standard	n/a	n/a	n/a	n/a	n/a
1642.120	0	821060	distractor_noise	sapo_probe	distractor	n/a	n/a	n/a	n/a	n/a
1643.136	0	821568	standard_tone	sapo_probe	standard	n/a	n/a	n/a	n/a	n/a
1644.152	0	822076	distractor_noise	sapo_probe	distractor	n/a	n/a	n/a	n/a	n/a
1645.168	0	822584	standard_tone	sapo_probe	standard	n/a	n/a	n/a	n/a	n/a
1646.184	0	823092	standard_tone	sapo_probe	standard	n/a	n/a	n/a	n/a	n/a
1647.200	0	823600	standard_tone	sapo_probe	standard	n/a	n/a	n/a	n/a	n/a
1648.216	0	824108	distractor_noise	sapo_probe	distractor	n/a	n/a	n/a	n/a	n/a
1649.232	0	824616	standard_tone	sapo_probe	standard	n/a	n/a	n/a	n/a	n/a
1650.246	0	825123	standard_tone	sapo_probe	standard	n/a	n/a	n/a	n/a	n/a
1651.262	0	825631	standard_tone	sapo_probe	standard	n/a	n/a	n/a	n/a	n/a
1652.278	0	826139	standard_tone	sapo_probe	standard	n/a	n/a	n/a	n/a	n/a
1653.294	0	826647	standard_tone	sapo_probe	standard	n/a	n/a	n/a	n/a	n/a
1654.310	0	827155	distractor_noise	sapo_probe	distractor	n/a	n/a	n/a	n/a	n/a
1655.326	0	827663	standard_tone	sapo_probe	standard	n/a	n/a	n/a	n/a	n/a
1656.342	0	828171	standard_tone	sapo_probe	standard	n/a	n/a	n/a	n/a	n/a
1657.358	0	828679	standard_tone	sapo_probe	standard	n/a	n/a	n/a	n/a	n/a
1658.374	0	829187	standard_tone	sapo_probe	standard	n/a	n/a	n/a	n/a	n/a
1659.390	0	829695	standard_tone	sapo_probe	standard	n/a	n/a	n/a	n/a	n/a
1660.406	0	830203	standard_tone	sapo_probe	standard	n/a	n/a	n/a	n/a	n/a
1661.420	0	830710	standard_tone	sapo_probe	standard	n/a	n/a	n/a	n/a	n/a
1662.436	0	831218	standard_tone	sapo_probe	standard	n/a	n/a	n/a	n/a	n/a
1663.454	0	831727	standard_tone	sapo_probe	standard	n/a	n/a	n/a	n/a	n/a
1664.468	0	832234	standard_tone	sapo_probe	standard	n/a	n/a	n/a	n/a	n/a
1665.484	0	832742	standard_tone	sapo_probe	standard	n/a	n/a	n/a	n/a	n/a
1666.500	0	833250	distractor_noise	sapo_probe	distractor	n/a	n/a	n/a	n/a	n/a
1667.516	0	833758	standard_tone	sapo_probe	standard	n/a	n/a	n/a	n/a	n/a
1668.532	0	834266	standard_tone	sapo_probe	standard	n/a	n/a	n/a	n/a	n/a
1669.548	0	834774	distractor_noise	sapo_probe	distractor	n/a	n/a	n/a	n/a	n/a
1670.564	0	835282	standard_tone	sapo_probe	standard	n/a	n/a	n/a	n/a	n/a
1671.580	0	835790	standard_tone	sapo_probe	standard	n/a	n/a	n/a	n/a	n/a
1672.596	0	836298	standard_tone	sapo_probe	standard	n/a	n/a	n/a	n/a	n/a
1673.610	0	836805	standard_tone	sapo_probe	standard	n/a	n/a	n/a	n/a	n/a
1674.626	0	837313	oddball_tone	sapo_probe	oddball	n/a	n/a	n/a	n/a	n/a
1675.642	0	837821	standard_tone	sapo_probe	standard	n/a	n/a	n/a	n/a	n/a
1676.658	0	838329	standard_tone	sapo_probe	standard	n/a	n/a	n/a	n/a	n/a
1677.674	0	838837	standard_tone	sapo_probe	standard	n/a	n/a	n/a	n/a	n/a
1678.690	0	839345	standard_tone	sapo_probe	standard	n/a	n/a	n/a	n/a	n/a
1679.690	0	839845	standard_tone	sapo_probe	standard	n/a	n/a	n/a	n/a	n/a
1680.706	0	840353	standard_tone	sapo_probe	standard	n/a	n/a	n/a	n/a	n/a
1681.720	0	840860	standard_tone	sapo_probe	standard	n/a	n/a	n/a	n/a	n/a
1682.736	0	841368	standard_tone	sapo_probe	standard	n/a	n/a	n/a	n/a	n/a
1683.752	0	841876	standard_tone	sapo_probe	standard	n/a	n/a	n/a	n/a	n/a
1684.768	0	842384	standard_tone	sapo_probe	standard	n/a	n/a	n/a	n/a	n/a
1685.784	0	842892	standard_tone	sapo_probe	standard	n/a	n/a	n/a	n/a	n/a
1686.800	0	843400	standard_tone	sapo_probe	standard	n/a	n/a	n/a	n/a	n/a
1687.818	0	843909	oddball_tone	sapo_probe	oddball	n/a	n/a	n/a	n/a	n/a
1688.848	0	844424	silence_end	sapo_probe	silence-end	n/a	n/a	n/a	n/a	n/a
1688.850	0	844425	subblock_end	sapo_probe	subblock-end-duration-106.546	n/a	n/a	n/a	106.546	n/a
1688.850	0	844425	subblock_begin	sapo_probe	subblock-begin	n/a	n/a	n/a	n/a	n/a
1688.850	0	844425	silence_begin	sapo_probe	silence-begin	n/a	n/a	n/a	n/a	n/a
1688.852	0	844426	standard_tone	sapo_probe	standard	n/a	n/a	n/a	n/a	n/a
1689.864	0	844932	standard_tone	sapo_probe	standard	n/a	n/a	n/a	n/a	n/a
1690.880	0	845440	standard_tone	sapo_probe	standard	n/a	n/a	n/a	n/a	n/a
1691.896	0	845948	standard_tone	sapo_probe	standard	n/a	n/a	n/a	n/a	n/a
1692.912	0	846456	standard_tone	sapo_probe	standard	n/a	n/a	n/a	n/a	n/a
1693.928	0	846964	standard_tone	sapo_probe	standard	n/a	n/a	n/a	n/a	n/a
1694.944	0	847472	standard_tone	sapo_probe	standard	n/a	n/a	n/a	n/a	n/a
1695.960	0	847980	standard_tone	sapo_probe	standard	n/a	n/a	n/a	n/a	n/a
1696.974	0	848487	standard_tone	sapo_probe	standard	n/a	n/a	n/a	n/a	n/a
1697.990	0	848995	standard_tone	sapo_probe	standard	n/a	n/a	n/a	n/a	n/a
1699.006	0	849503	standard_tone	sapo_probe	standard	n/a	n/a	n/a	n/a	n/a
1700.022	0	850011	standard_tone	sapo_probe	standard	n/a	n/a	n/a	n/a	n/a
1701.038	0	850519	standard_tone	sapo_probe	standard	n/a	n/a	n/a	n/a	n/a
1702.054	0	851027	distractor_noise	sapo_probe	distractor	n/a	n/a	n/a	n/a	n/a
1703.070	0	851535	standard_tone	sapo_probe	standard	n/a	n/a	n/a	n/a	n/a
1704.086	0	852043	oddball_tone	sapo_probe	oddball	n/a	n/a	n/a	n/a	n/a
1705.086	0	852543	standard_tone	sapo_probe	standard	n/a	n/a	n/a	n/a	n/a
1706.100	0	853050	standard_tone	sapo_probe	standard	n/a	n/a	n/a	n/a	n/a
1707.116	0	853558	standard_tone	sapo_probe	standard	n/a	n/a	n/a	n/a	n/a
1708.132	0	854066	standard_tone	sapo_probe	standard	n/a	n/a	n/a	n/a	n/a
1709.132	0	854566	standard_tone	sapo_probe	standard	n/a	n/a	n/a	n/a	n/a
1710.148	0	855074	oddball_tone	sapo_probe	oddball	n/a	n/a	n/a	n/a	n/a
1711.164	0	855582	standard_tone	sapo_probe	standard	n/a	n/a	n/a	n/a	n/a
1712.180	0	856090	oddball_tone	sapo_probe	oddball	n/a	n/a	n/a	n/a	n/a
1713.196	0	856598	standard_tone	sapo_probe	standard	n/a	n/a	n/a	n/a	n/a
1714.210	0	857105	standard_tone	sapo_probe	standard	n/a	n/a	n/a	n/a	n/a
1715.226	0	857613	standard_tone	sapo_probe	standard	n/a	n/a	n/a	n/a	n/a
1716.242	0	858121	standard_tone	sapo_probe	standard	n/a	n/a	n/a	n/a	n/a
1717.258	0	858629	standard_tone	sapo_probe	standard	n/a	n/a	n/a	n/a	n/a
1718.274	0	859137	standard_tone	sapo_probe	standard	n/a	n/a	n/a	n/a	n/a
1719.290	0	859645	distractor_noise	sapo_probe	distractor	n/a	n/a	n/a	n/a	n/a
1720.306	0	860153	standard_tone	sapo_probe	standard	n/a	n/a	n/a	n/a	n/a
1721.322	0	860661	distractor_noise	sapo_probe	distractor	n/a	n/a	n/a	n/a	n/a
1722.338	0	861169	standard_tone	sapo_probe	standard	n/a	n/a	n/a	n/a	n/a
1723.354	0	861677	standard_tone	sapo_probe	standard	n/a	n/a	n/a	n/a	n/a
1724.368	0	862184	distractor_noise	sapo_probe	distractor	n/a	n/a	n/a	n/a	n/a
1725.384	0	862692	standard_tone	sapo_probe	standard	n/a	n/a	n/a	n/a	n/a
1726.400	0	863200	standard_tone	sapo_probe	standard	n/a	n/a	n/a	n/a	n/a
1727.416	0	863708	standard_tone	sapo_probe	standard	n/a	n/a	n/a	n/a	n/a
1728.432	0	864216	oddball_tone	sapo_probe	oddball	n/a	n/a	n/a	n/a	n/a
1729.448	0	864724	standard_tone	sapo_probe	standard	n/a	n/a	n/a	n/a	n/a
1730.448	0	865224	standard_tone	sapo_probe	standard	n/a	n/a	n/a	n/a	n/a
1731.462	0	865731	standard_tone	sapo_probe	standard	n/a	n/a	n/a	n/a	n/a
1732.478	0	866239	oddball_tone	sapo_probe	oddball	n/a	n/a	n/a	n/a	n/a
1733.496	0	866748	standard_tone	sapo_probe	standard	n/a	n/a	n/a	n/a	n/a
1734.510	0	867255	standard_tone	sapo_probe	standard	n/a	n/a	n/a	n/a	n/a
1735.528	0	867764	standard_tone	sapo_probe	standard	n/a	n/a	n/a	n/a	n/a
1736.542	0	868271	standard_tone	sapo_probe	standard	n/a	n/a	n/a	n/a	n/a
1737.558	0	868779	standard_tone	sapo_probe	standard	n/a	n/a	n/a	n/a	n/a
1738.574	0	869287	standard_tone	sapo_probe	standard	n/a	n/a	n/a	n/a	n/a
1739.590	0	869795	standard_tone	sapo_probe	standard	n/a	n/a	n/a	n/a	n/a
1740.606	0	870303	standard_tone	sapo_probe	standard	n/a	n/a	n/a	n/a	n/a
1741.622	0	870811	standard_tone	sapo_probe	standard	n/a	n/a	n/a	n/a	n/a
1742.638	0	871319	standard_tone	sapo_probe	standard	n/a	n/a	n/a	n/a	n/a
1743.654	0	871827	standard_tone	sapo_probe	standard	n/a	n/a	n/a	n/a	n/a
1744.668	0	872334	standard_tone	sapo_probe	standard	n/a	n/a	n/a	n/a	n/a
1745.686	0	872843	standard_tone	sapo_probe	standard	n/a	n/a	n/a	n/a	n/a
1746.700	0	873350	standard_tone	sapo_probe	standard	n/a	n/a	n/a	n/a	n/a
1746.750	0	873375	prompt_window_begin	sapo_probe	probe-sapo-probe-begin	n/a	n/a	n/a	n/a	n/a
1753.032	0	876516	clicker_press	sapo_probe	response-received-page_up	n/a	n/a	n/a	n/a	page_up
1753.480	0	876740	clicker_press	sapo_probe	response-received-page_up	n/a	n/a	n/a	n/a	page_up
1755.776	0	877888	depth_rating	sapo_probe	rating-sapo-probe-meditation_depth-2	2	n/a	n/a	n/a	n/a
1762.072	0	881036	clicker_press	sapo_probe	response-received-page_up	n/a	n/a	n/a	n/a	page_up
1762.520	0	881260	clicker_press	sapo_probe	response-received-page_up	n/a	n/a	n/a	n/a	page_up
1763.022	0	881511	clicker_press	sapo_probe	response-received-page_up	n/a	n/a	n/a	n/a	page_up
1763.436	0	881718	clicker_press	sapo_probe	response-received-page_up	n/a	n/a	n/a	n/a	page_up
1763.920	0	881960	clicker_press	sapo_probe	response-received-page_up	n/a	n/a	n/a	n/a	page_up
1766.070	0	883035	confidence_rating	sapo_probe	rating-sapo-probe-confidence_depth-5	n/a	5	n/a	n/a	n/a
1769.532	0	884766	prompt_window_end	sapo_probe	probe-sapo-probe-end	n/a	n/a	n/a	n/a	n/a
1769.548	0	884774	standard_tone	sapo_probe	standard	n/a	n/a	n/a	n/a	n/a
1770.548	0	885274	standard_tone	sapo_probe	standard	n/a	n/a	n/a	n/a	n/a
1771.562	0	885781	standard_tone	sapo_probe	standard	n/a	n/a	n/a	n/a	n/a
1772.562	0	886281	oddball_tone	sapo_probe	oddball	n/a	n/a	n/a	n/a	n/a
1773.578	0	886789	standard_tone	sapo_probe	standard	n/a	n/a	n/a	n/a	n/a
1774.594	0	887297	standard_tone	sapo_probe	standard	n/a	n/a	n/a	n/a	n/a
1775.610	0	887805	standard_tone	sapo_probe	standard	n/a	n/a	n/a	n/a	n/a
1776.626	0	888313	standard_tone	sapo_probe	standard	n/a	n/a	n/a	n/a	n/a
1777.642	0	888821	standard_tone	sapo_probe	standard	n/a	n/a	n/a	n/a	n/a
1778.656	0	889328	standard_tone	sapo_probe	standard	n/a	n/a	n/a	n/a	n/a
1779.674	0	889837	distractor_noise	sapo_probe	distractor	n/a	n/a	n/a	n/a	n/a
1780.688	0	890344	standard_tone	sapo_probe	standard	n/a	n/a	n/a	n/a	n/a
1781.704	0	890852	standard_tone	sapo_probe	standard	n/a	n/a	n/a	n/a	n/a
1782.720	0	891360	oddball_tone	sapo_probe	oddball	n/a	n/a	n/a	n/a	n/a
1783.736	0	891868	standard_tone	sapo_probe	standard	n/a	n/a	n/a	n/a	n/a
1784.736	0	892368	standard_tone	sapo_probe	standard	n/a	n/a	n/a	n/a	n/a
1785.752	0	892876	standard_tone	sapo_probe	standard	n/a	n/a	n/a	n/a	n/a
1786.768	0	893384	standard_tone	sapo_probe	standard	n/a	n/a	n/a	n/a	n/a
1787.784	0	893892	distractor_noise	sapo_probe	distractor	n/a	n/a	n/a	n/a	n/a
1788.798	0	894399	standard_tone	sapo_probe	standard	n/a	n/a	n/a	n/a	n/a
1789.814	0	894907	standard_tone	sapo_probe	standard	n/a	n/a	n/a	n/a	n/a
1790.830	0	895415	standard_tone	sapo_probe	standard	n/a	n/a	n/a	n/a	n/a
1791.846	0	895923	distractor_noise	sapo_probe	distractor	n/a	n/a	n/a	n/a	n/a
1792.862	0	896431	standard_tone	sapo_probe	standard	n/a	n/a	n/a	n/a	n/a
1793.878	0	896939	standard_tone	sapo_probe	standard	n/a	n/a	n/a	n/a	n/a
1794.894	0	897447	standard_tone	sapo_probe	standard	n/a	n/a	n/a	n/a	n/a
1795.892	0	897946	standard_tone	sapo_probe	standard	n/a	n/a	n/a	n/a	n/a
1796.908	0	898454	standard_tone	sapo_probe	standard	n/a	n/a	n/a	n/a	n/a
1797.924	0	898962	standard_tone	sapo_probe	standard	n/a	n/a	n/a	n/a	n/a
1798.940	0	899470	standard_tone	sapo_probe	standard	n/a	n/a	n/a	n/a	n/a
1799.956	0	899978	oddball_tone	sapo_probe	oddball	n/a	n/a	n/a	n/a	n/a
1800.972	0	900486	standard_tone	sapo_probe	standard	n/a	n/a	n/a	n/a	n/a
1801.988	0	900994	standard_tone	sapo_probe	standard	n/a	n/a	n/a	n/a	n/a
1803.004	0	901502	standard_tone	sapo_probe	standard	n/a	n/a	n/a	n/a	n/a
1804.020	0	902010	standard_tone	sapo_probe	standard	n/a	n/a	n/a	n/a	n/a
1805.036	0	902518	standard_tone	sapo_probe	standard	n/a	n/a	n/a	n/a	n/a
1806.052	0	903026	standard_tone	sapo_probe	standard	n/a	n/a	n/a	n/a	n/a
1807.066	0	903533	standard_tone	sapo_probe	standard	n/a	n/a	n/a	n/a	n/a
1808.066	0	904033	standard_tone	sapo_probe	standard	n/a	n/a	n/a	n/a	n/a
1809.082	0	904541	oddball_tone	sapo_probe	oddball	n/a	n/a	n/a	n/a	n/a
1810.098	0	905049	distractor_noise	sapo_probe	distractor	n/a	n/a	n/a	n/a	n/a
1811.114	0	905557	oddball_tone	sapo_probe	oddball	n/a	n/a	n/a	n/a	n/a
1812.130	0	906065	standard_tone	sapo_probe	standard	n/a	n/a	n/a	n/a	n/a
1813.146	0	906573	standard_tone	sapo_probe	standard	n/a	n/a	n/a	n/a	n/a
1814.162	0	907081	oddball_tone	sapo_probe	oddball	n/a	n/a	n/a	n/a	n/a
1815.176	0	907588	distractor_noise	sapo_probe	distractor	n/a	n/a	n/a	n/a	n/a
1816.192	0	908096	standard_tone	sapo_probe	standard	n/a	n/a	n/a	n/a	n/a
1817.208	0	908604	standard_tone	sapo_probe	standard	n/a	n/a	n/a	n/a	n/a
1818.224	0	909112	distractor_noise	sapo_probe	distractor	n/a	n/a	n/a	n/a	n/a
1819.242	0	909621	standard_tone	sapo_probe	standard	n/a	n/a	n/a	n/a	n/a
1820.256	0	910128	standard_tone	sapo_probe	standard	n/a	n/a	n/a	n/a	n/a
1821.272	0	910636	oddball_tone	sapo_probe	oddball	n/a	n/a	n/a	n/a	n/a
1822.288	0	911144	distractor_noise	sapo_probe	distractor	n/a	n/a	n/a	n/a	n/a
1823.304	0	911652	standard_tone	sapo_probe	standard	n/a	n/a	n/a	n/a	n/a
1824.320	0	912160	standard_tone	sapo_probe	standard	n/a	n/a	n/a	n/a	n/a
1824.636	0	912318	silence_end	sapo_probe	silence-end	n/a	n/a	n/a	n/a	n/a
1824.638	0	912319	subblock_end	sapo_probe	subblock-end-duration-135.787	n/a	n/a	n/a	135.787	n/a
1824.638	0	912319	subblock_begin	sapo_probe	subblock-begin	n/a	n/a	n/a	n/a	n/a
1824.638	0	912319	silence_begin	sapo_probe	silence-begin	n/a	n/a	n/a	n/a	n/a
1825.334	0	912667	distractor_noise	sapo_probe	distractor	n/a	n/a	n/a	n/a	n/a
1826.352	0	913176	standard_tone	sapo_probe	standard	n/a	n/a	n/a	n/a	n/a
1827.366	0	913683	oddball_tone	sapo_probe	oddball	n/a	n/a	n/a	n/a	n/a
1828.382	0	914191	standard_tone	sapo_probe	standard	n/a	n/a	n/a	n/a	n/a
1829.398	0	914699	distractor_noise	sapo_probe	distractor	n/a	n/a	n/a	n/a	n/a
1830.414	0	915207	standard_tone	sapo_probe	standard	n/a	n/a	n/a	n/a	n/a
1831.430	0	915715	standard_tone	sapo_probe	standard	n/a	n/a	n/a	n/a	n/a
1832.446	0	916223	standard_tone	sapo_probe	standard	n/a	n/a	n/a	n/a	n/a
1833.462	0	916731	standard_tone	sapo_probe	standard	n/a	n/a	n/a	n/a	n/a
1834.478	0	917239	standard_tone	sapo_probe	standard	n/a	n/a	n/a	n/a	n/a
1835.494	0	917747	standard_tone	sapo_probe	standard	n/a	n/a	n/a	n/a	n/a
1836.510	0	918255	standard_tone	sapo_probe	standard	n/a	n/a	n/a	n/a	n/a
1837.526	0	918763	standard_tone	sapo_probe	standard	n/a	n/a	n/a	n/a	n/a
1838.540	0	919270	distractor_noise	sapo_probe	distractor	n/a	n/a	n/a	n/a	n/a
1839.558	0	919779	standard_tone	sapo_probe	standard	n/a	n/a	n/a	n/a	n/a
1840.572	0	920286	distractor_noise	sapo_probe	distractor	n/a	n/a	n/a	n/a	n/a
1841.588	0	920794	standard_tone	sapo_probe	standard	n/a	n/a	n/a	n/a	n/a
1842.604	0	921302	standard_tone	sapo_probe	standard	n/a	n/a	n/a	n/a	n/a
1843.620	0	921810	standard_tone	sapo_probe	standard	n/a	n/a	n/a	n/a	n/a
1844.636	0	922318	standard_tone	sapo_probe	standard	n/a	n/a	n/a	n/a	n/a
1845.652	0	922826	standard_tone	sapo_probe	standard	n/a	n/a	n/a	n/a	n/a
1846.668	0	923334	standard_tone	sapo_probe	standard	n/a	n/a	n/a	n/a	n/a
1847.684	0	923842	standard_tone	sapo_probe	standard	n/a	n/a	n/a	n/a	n/a
1848.700	0	924350	standard_tone	sapo_probe	standard	n/a	n/a	n/a	n/a	n/a
1849.714	0	924857	standard_tone	sapo_probe	standard	n/a	n/a	n/a	n/a	n/a
1850.730	0	925365	oddball_tone	sapo_probe	oddball	n/a	n/a	n/a	n/a	n/a
1851.746	0	925873	standard_tone	sapo_probe	standard	n/a	n/a	n/a	n/a	n/a
1852.762	0	926381	standard_tone	sapo_probe	standard	n/a	n/a	n/a	n/a	n/a
1853.778	0	926889	standard_tone	sapo_probe	standard	n/a	n/a	n/a	n/a	n/a
1854.794	0	927397	standard_tone	sapo_probe	standard	n/a	n/a	n/a	n/a	n/a
1855.810	0	927905	standard_tone	sapo_probe	standard	n/a	n/a	n/a	n/a	n/a
1856.826	0	928413	oddball_tone	sapo_probe	oddball	n/a	n/a	n/a	n/a	n/a
1857.826	0	928913	standard_tone	sapo_probe	standard	n/a	n/a	n/a	n/a	n/a
1858.840	0	929420	standard_tone	sapo_probe	standard	n/a	n/a	n/a	n/a	n/a
1859.856	0	929928	distractor_noise	sapo_probe	distractor	n/a	n/a	n/a	n/a	n/a
1860.872	0	930436	standard_tone	sapo_probe	standard	n/a	n/a	n/a	n/a	n/a
1861.888	0	930944	standard_tone	sapo_probe	standard	n/a	n/a	n/a	n/a	n/a
1862.904	0	931452	standard_tone	sapo_probe	standard	n/a	n/a	n/a	n/a	n/a
1863.920	0	931960	standard_tone	sapo_probe	standard	n/a	n/a	n/a	n/a	n/a
1864.936	0	932468	standard_tone	sapo_probe	standard	n/a	n/a	n/a	n/a	n/a
1865.952	0	932976	oddball_tone	sapo_probe	oddball	n/a	n/a	n/a	n/a	n/a
1866.968	0	933484	standard_tone	sapo_probe	standard	n/a	n/a	n/a	n/a	n/a
1867.984	0	933992	standard_tone	sapo_probe	standard	n/a	n/a	n/a	n/a	n/a
1868.998	0	934499	standard_tone	sapo_probe	standard	n/a	n/a	n/a	n/a	n/a
1870.014	0	935007	standard_tone	sapo_probe	standard	n/a	n/a	n/a	n/a	n/a
1871.030	0	935515	standard_tone	sapo_probe	standard	n/a	n/a	n/a	n/a	n/a
1872.046	0	936023	distractor_noise	sapo_probe	distractor	n/a	n/a	n/a	n/a	n/a
1873.062	0	936531	standard_tone	sapo_probe	standard	n/a	n/a	n/a	n/a	n/a
1874.078	0	937039	distractor_noise	sapo_probe	distractor	n/a	n/a	n/a	n/a	n/a
1875.094	0	937547	standard_tone	sapo_probe	standard	n/a	n/a	n/a	n/a	n/a
1876.110	0	938055	distractor_noise	sapo_probe	distractor	n/a	n/a	n/a	n/a	n/a
1877.126	0	938563	standard_tone	sapo_probe	standard	n/a	n/a	n/a	n/a	n/a
1878.124	0	939062	standard_tone	sapo_probe	standard	n/a	n/a	n/a	n/a	n/a
1879.140	0	939570	oddball_tone	sapo_probe	oddball	n/a	n/a	n/a	n/a	n/a
1880.156	0	940078	distractor_noise	sapo_probe	distractor	n/a	n/a	n/a	n/a	n/a
1881.172	0	940586	standard_tone	sapo_probe	standard	n/a	n/a	n/a	n/a	n/a
1882.188	0	941094	standard_tone	sapo_probe	standard	n/a	n/a	n/a	n/a	n/a
1883.204	0	941602	standard_tone	sapo_probe	standard	n/a	n/a	n/a	n/a	n/a
1884.220	0	942110	standard_tone	sapo_probe	standard	n/a	n/a	n/a	n/a	n/a
1885.236	0	942618	standard_tone	sapo_probe	standard	n/a	n/a	n/a	n/a	n/a
1886.252	0	943126	standard_tone	sapo_probe	standard	n/a	n/a	n/a	n/a	n/a
1887.268	0	943634	standard_tone	sapo_probe	standard	n/a	n/a	n/a	n/a	n/a
1888.282	0	944141	standard_tone	sapo_probe	standard	n/a	n/a	n/a	n/a	n/a
1889.298	0	944649	standard_tone	sapo_probe	standard	n/a	n/a	n/a	n/a	n/a
1890.314	0	945157	standard_tone	sapo_probe	standard	n/a	n/a	n/a	n/a	n/a
1891.330	0	945665	standard_tone	sapo_probe	standard	n/a	n/a	n/a	n/a	n/a
1892.346	0	946173	distractor_noise	sapo_probe	distractor	n/a	n/a	n/a	n/a	n/a
1893.362	0	946681	standard_tone	sapo_probe	standard	n/a	n/a	n/a	n/a	n/a
1894.378	0	947189	standard_tone	sapo_probe	standard	n/a	n/a	n/a	n/a	n/a
1895.394	0	947697	oddball_tone	sapo_probe	oddball	n/a	n/a	n/a	n/a	n/a
1896.410	0	948205	standard_tone	sapo_probe	standard	n/a	n/a	n/a	n/a	n/a
1897.426	0	948713	standard_tone	sapo_probe	standard	n/a	n/a	n/a	n/a	n/a
1898.442	0	949221	standard_tone	sapo_probe	standard	n/a	n/a	n/a	n/a	n/a
1899.456	0	949728	standard_tone	sapo_probe	standard	n/a	n/a	n/a	n/a	n/a
1900.474	0	950237	standard_tone	sapo_probe	standard	n/a	n/a	n/a	n/a	n/a
1901.488	0	950744	standard_tone	sapo_probe	standard	n/a	n/a	n/a	n/a	n/a
1902.504	0	951252	standard_tone	sapo_probe	standard	n/a	n/a	n/a	n/a	n/a
1903.522	0	951761	standard_tone	sapo_probe	standard	n/a	n/a	n/a	n/a	n/a
1904.536	0	952268	oddball_tone	sapo_probe	oddball	n/a	n/a	n/a	n/a	n/a
1905.552	0	952776	standard_tone	sapo_probe	standard	n/a	n/a	n/a	n/a	n/a
1906.568	0	953284	standard_tone	sapo_probe	standard	n/a	n/a	n/a	n/a	n/a
1907.584	0	953792	standard_tone	sapo_probe	standard	n/a	n/a	n/a	n/a	n/a
1908.600	0	954300	standard_tone	sapo_probe	standard	n/a	n/a	n/a	n/a	n/a
1909.616	0	954808	standard_tone	sapo_probe	standard	n/a	n/a	n/a	n/a	n/a
1910.632	0	955316	standard_tone	sapo_probe	standard	n/a	n/a	n/a	n/a	n/a
1911.646	0	955823	standard_tone	sapo_probe	standard	n/a	n/a	n/a	n/a	n/a
1912.662	0	956331	standard_tone	sapo_probe	standard	n/a	n/a	n/a	n/a	n/a
1913.678	0	956839	standard_tone	sapo_probe	standard	n/a	n/a	n/a	n/a	n/a
1914.694	0	957347	standard_tone	sapo_probe	standard	n/a	n/a	n/a	n/a	n/a
1915.710	0	957855	oddball_tone	sapo_probe	oddball	n/a	n/a	n/a	n/a	n/a
1916.726	0	958363	standard_tone	sapo_probe	standard	n/a	n/a	n/a	n/a	n/a
1917.742	0	958871	standard_tone	sapo_probe	standard	n/a	n/a	n/a	n/a	n/a
1918.758	0	959379	standard_tone	sapo_probe	standard	n/a	n/a	n/a	n/a	n/a
1919.774	0	959887	standard_tone	sapo_probe	standard	n/a	n/a	n/a	n/a	n/a
1920.790	0	960395	distractor_noise	sapo_probe	distractor	n/a	n/a	n/a	n/a	n/a
1921.806	0	960903	standard_tone	sapo_probe	standard	n/a	n/a	n/a	n/a	n/a
1922.822	0	961411	standard_tone	sapo_probe	standard	n/a	n/a	n/a	n/a	n/a
1923.838	0	961919	standard_tone	sapo_probe	standard	n/a	n/a	n/a	n/a	n/a
1924.852	0	962426	distractor_noise	sapo_probe	distractor	n/a	n/a	n/a	n/a	n/a
1925.868	0	962934	standard_tone	sapo_probe	standard	n/a	n/a	n/a	n/a	n/a
1926.884	0	963442	standard_tone	sapo_probe	standard	n/a	n/a	n/a	n/a	n/a
1927.900	0	963950	standard_tone	sapo_probe	standard	n/a	n/a	n/a	n/a	n/a
1928.916	0	964458	oddball_tone	sapo_probe	oddball	n/a	n/a	n/a	n/a	n/a
1929.932	0	964966	standard_tone	sapo_probe	standard	n/a	n/a	n/a	n/a	n/a
1930.948	0	965474	standard_tone	sapo_probe	standard	n/a	n/a	n/a	n/a	n/a
1931.964	0	965982	standard_tone	sapo_probe	standard	n/a	n/a	n/a	n/a	n/a
1932.980	0	966490	standard_tone	sapo_probe	standard	n/a	n/a	n/a	n/a	n/a
1933.994	0	966997	standard_tone	sapo_probe	standard	n/a	n/a	n/a	n/a	n/a
1935.010	0	967505	standard_tone	sapo_probe	standard	n/a	n/a	n/a	n/a	n/a
1936.026	0	968013	standard_tone	sapo_probe	standard	n/a	n/a	n/a	n/a	n/a
1937.042	0	968521	standard_tone	sapo_probe	standard	n/a	n/a	n/a	n/a	n/a
1938.058	0	969029	distractor_noise	sapo_probe	distractor	n/a	n/a	n/a	n/a	n/a
1939.074	0	969537	standard_tone	sapo_probe	standard	n/a	n/a	n/a	n/a	n/a
1940.090	0	970045	standard_tone	sapo_probe	standard	n/a	n/a	n/a	n/a	n/a
1941.116	0	970558	standard_tone	sapo_probe	standard	n/a	n/a	n/a	n/a	n/a
1941.406	0	970703	silence_end	sapo_probe	silence-end	n/a	n/a	n/a	n/a	n/a
1941.406	0	970703	gong_begin	sapo_probe	gong-begin	n/a	n/a	n/a	n/a	n/a
1951.548	0	975774	gong_end	sapo_probe	gong-end	n/a	n/a	n/a	n/a	n/a
1951.548	0	975774	subblock_end	sapo_probe	subblock-end-duration-126.91	n/a	n/a	n/a	126.910	n/a
1951.548	0	975774	subblock_begin	sapo_probe	subblock-begin	n/a	n/a	n/a	n/a	n/a
1951.550	0	975775	silence_begin	sapo_probe	silence-begin	n/a	n/a	n/a	n/a	n/a
1951.564	0	975782	standard_tone	sapo_probe	standard	n/a	n/a	n/a	n/a	n/a
1952.580	0	976290	standard_tone	sapo_probe	standard	n/a	n/a	n/a	n/a	n/a
1953.596	0	976798	standard_tone	sapo_probe	standard	n/a	n/a	n/a	n/a	n/a
1954.612	0	977306	standard_tone	sapo_probe	standard	n/a	n/a	n/a	n/a	n/a
1955.628	0	977814	standard_tone	sapo_probe	standard	n/a	n/a	n/a	n/a	n/a
1956.642	0	978321	standard_tone	sapo_probe	standard	n/a	n/a	n/a	n/a	n/a
1957.658	0	978829	standard_tone	sapo_probe	standard	n/a	n/a	n/a	n/a	n/a
1958.674	0	979337	standard_tone	sapo_probe	standard	n/a	n/a	n/a	n/a	n/a
1959.690	0	979845	standard_tone	sapo_probe	standard	n/a	n/a	n/a	n/a	n/a
1960.708	0	980354	standard_tone	sapo_probe	standard	n/a	n/a	n/a	n/a	n/a
1961.722	0	980861	standard_tone	sapo_probe	standard	n/a	n/a	n/a	n/a	n/a
1962.738	0	981369	standard_tone	sapo_probe	standard	n/a	n/a	n/a	n/a	n/a
1963.754	0	981877	standard_tone	sapo_probe	standard	n/a	n/a	n/a	n/a	n/a
1964.752	0	982376	standard_tone	sapo_probe	standard	n/a	n/a	n/a	n/a	n/a
1965.770	0	982885	standard_tone	sapo_probe	standard	n/a	n/a	n/a	n/a	n/a
1966.784	0	983392	standard_tone	sapo_probe	standard	n/a	n/a	n/a	n/a	n/a
1967.800	0	983900	oddball_tone	sapo_probe	oddball	n/a	n/a	n/a	n/a	n/a
1968.816	0	984408	standard_tone	sapo_probe	standard	n/a	n/a	n/a	n/a	n/a
1969.832	0	984916	standard_tone	sapo_probe	standard	n/a	n/a	n/a	n/a	n/a
1970.848	0	985424	standard_tone	sapo_probe	standard	n/a	n/a	n/a	n/a	n/a
1971.864	0	985932	standard_tone	sapo_probe	standard	n/a	n/a	n/a	n/a	n/a
1972.880	0	986440	oddball_tone	sapo_probe	oddball	n/a	n/a	n/a	n/a	n/a
1973.896	0	986948	standard_tone	sapo_probe	standard	n/a	n/a	n/a	n/a	n/a
1974.912	0	987456	distractor_noise	sapo_probe	distractor	n/a	n/a	n/a	n/a	n/a
1975.928	0	987964	oddball_tone	sapo_probe	oddball	n/a	n/a	n/a	n/a	n/a
1976.942	0	988471	standard_tone	sapo_probe	standard	n/a	n/a	n/a	n/a	n/a
1977.958	0	988979	standard_tone	sapo_probe	standard	n/a	n/a	n/a	n/a	n/a
1978.974	0	989487	standard_tone	sapo_probe	standard	n/a	n/a	n/a	n/a	n/a
1979.990	0	989995	standard_tone	sapo_probe	standard	n/a	n/a	n/a	n/a	n/a
1981.006	0	990503	standard_tone	sapo_probe	standard	n/a	n/a	n/a	n/a	n/a
1982.022	0	991011	standard_tone	sapo_probe	standard	n/a	n/a	n/a	n/a	n/a
1983.038	0	991519	standard_tone	sapo_probe	standard	n/a	n/a	n/a	n/a	n/a
1984.038	0	992019	standard_tone	sapo_probe	standard	n/a	n/a	n/a	n/a	n/a
1985.052	0	992526	standard_tone	sapo_probe	standard	n/a	n/a	n/a	n/a	n/a
1986.068	0	993034	standard_tone	sapo_probe	standard	n/a	n/a	n/a	n/a	n/a
1987.086	0	993543	standard_tone	sapo_probe	standard	n/a	n/a	n/a	n/a	n/a
1988.100	0	994050	standard_tone	sapo_probe	standard	n/a	n/a	n/a	n/a	n/a
1989.116	0	994558	standard_tone	sapo_probe	standard	n/a	n/a	n/a	n/a	n/a
1990.132	0	995066	standard_tone	sapo_probe	standard	n/a	n/a	n/a	n/a	n/a
1991.148	0	995574	oddball_tone	sapo_probe	oddball	n/a	n/a	n/a	n/a	n/a
1992.164	0	996082	standard_tone	sapo_probe	standard	n/a	n/a	n/a	n/a	n/a
1993.180	0	996590	standard_tone	sapo_probe	standard	n/a	n/a	n/a	n/a	n/a
1994.196	0	997098	standard_tone	sapo_probe	standard	n/a	n/a	n/a	n/a	n/a
1994.596	0	997298	prompt_window_begin	sapo_probe	probe-sapo-probe-begin	n/a	n/a	n/a	n/a	n/a
2000.974	0	1000487	clicker_press	sapo_probe	response-received-page_up	n/a	n/a	n/a	n/a	page_up
2001.436	0	1000718	clicker_press	sapo_probe	response-received-page_up	n/a	n/a	n/a	n/a	page_up
2001.806	0	1000903	clicker_press	sapo_probe	response-received-page_up	n/a	n/a	n/a	n/a	page_up
2003.738	0	1001869	depth_rating	sapo_probe	rating-sapo-probe-meditation_depth-3	3	n/a	n/a	n/a	n/a
2009.850	0	1004925	clicker_press	sapo_probe	response-received-page_up	n/a	n/a	n/a	n/a	page_up
2010.282	0	1005141	clicker_press	sapo_probe	response-received-page_up	n/a	n/a	n/a	n/a	page_up
2010.698	0	1005349	clicker_press	sapo_probe	response-received-page_up	n/a	n/a	n/a	n/a	page_up
2011.066	0	1005533	clicker_press	sapo_probe	response-received-page_up	n/a	n/a	n/a	n/a	page_up
2013.846	0	1006923	confidence_rating	sapo_probe	rating-sapo-probe-confidence_depth-4	n/a	4	n/a	n/a	n/a
2017.326	0	1008663	prompt_window_end	sapo_probe	probe-sapo-probe-end	n/a	n/a	n/a	n/a	n/a
2017.328	0	1008664	standard_tone	sapo_probe	standard	n/a	n/a	n/a	n/a	n/a
2018.342	0	1009171	standard_tone	sapo_probe	standard	n/a	n/a	n/a	n/a	n/a
2019.358	0	1009679	oddball_tone	sapo_probe	oddball	n/a	n/a	n/a	n/a	n/a
2020.374	0	1010187	standard_tone	sapo_probe	standard	n/a	n/a	n/a	n/a	n/a
2021.390	0	1010695	standard_tone	sapo_probe	standard	n/a	n/a	n/a	n/a	n/a
2022.406	0	1011203	standard_tone	sapo_probe	standard	n/a	n/a	n/a	n/a	n/a
2023.422	0	1011711	standard_tone	sapo_probe	standard	n/a	n/a	n/a	n/a	n/a
2024.436	0	1012218	distractor_noise	sapo_probe	distractor	n/a	n/a	n/a	n/a	n/a
2025.452	0	1012726	standard_tone	sapo_probe	standard	n/a	n/a	n/a	n/a	n/a
2026.452	0	1013226	distractor_noise	sapo_probe	distractor	n/a	n/a	n/a	n/a	n/a
2027.468	0	1013734	standard_tone	sapo_probe	standard	n/a	n/a	n/a	n/a	n/a
2028.484	0	1014242	standard_tone	sapo_probe	standard	n/a	n/a	n/a	n/a	n/a
2029.500	0	1014750	standard_tone	sapo_probe	standard	n/a	n/a	n/a	n/a	n/a
2030.516	0	1015258	distractor_noise	sapo_probe	distractor	n/a	n/a	n/a	n/a	n/a
2031.530	0	1015765	standard_tone	sapo_probe	standard	n/a	n/a	n/a	n/a	n/a
2032.546	0	1016273	distractor_noise	sapo_probe	distractor	n/a	n/a	n/a	n/a	n/a
2033.562	0	1016781	standard_tone	sapo_probe	standard	n/a	n/a	n/a	n/a	n/a
2034.580	0	1017290	standard_tone	sapo_probe	standard	n/a	n/a	n/a	n/a	n/a
2035.594	0	1017797	oddball_tone	sapo_probe	oddball	n/a	n/a	n/a	n/a	n/a
2036.610	0	1018305	standard_tone	sapo_probe	standard	n/a	n/a	n/a	n/a	n/a
2037.626	0	1018813	standard_tone	sapo_probe	standard	n/a	n/a	n/a	n/a	n/a
2038.642	0	1019321	standard_tone	sapo_probe	standard	n/a	n/a	n/a	n/a	n/a
2039.658	0	1019829	standard_tone	sapo_probe	standard	n/a	n/a	n/a	n/a	n/a
2040.674	0	1020337	standard_tone	sapo_probe	standard	n/a	n/a	n/a	n/a	n/a
2041.690	0	1020845	standard_tone	sapo_probe	standard	n/a	n/a	n/a	n/a	n/a
2042.706	0	1021353	standard_tone	sapo_probe	standard	n/a	n/a	n/a	n/a	n/a
2043.720	0	1021860	oddball_tone	sapo_probe	oddball	n/a	n/a	n/a	n/a	n/a
2044.736	0	1022368	standard_tone	sapo_probe	standard	n/a	n/a	n/a	n/a	n/a
2045.736	0	1022868	standard_tone	sapo_probe	standard	n/a	n/a	n/a	n/a	n/a
2046.752	0	1023376	standard_tone	sapo_probe	standard	n/a	n/a	n/a	n/a	n/a
2047.768	0	1023884	standard_tone	sapo_probe	standard	n/a	n/a	n/a	n/a	n/a
2048.782	0	1024391	standard_tone	sapo_probe	standard	n/a	n/a	n/a	n/a	n/a
2049.800	0	1024900	standard_tone	sapo_probe	standard	n/a	n/a	n/a	n/a	n/a
2050.814	0	1025407	standard_tone	sapo_probe	standard	n/a	n/a	n/a	n/a	n/a
2051.830	0	1025915	distractor_noise	sapo_probe	distractor	n/a	n/a	n/a	n/a	n/a
2052.830	0	1026415	oddball_tone	sapo_probe	oddball	n/a	n/a	n/a	n/a	n/a
2053.846	0	1026923	standard_tone	sapo_probe	standard	n/a	n/a	n/a	n/a	n/a
2054.862	0	1027431	oddball_tone	sapo_probe	oddball	n/a	n/a	n/a	n/a	n/a
2055.862	0	1027931	standard_tone	sapo_probe	standard	n/a	n/a	n/a	n/a	n/a
2056.876	0	1028438	oddball_tone	sapo_probe	oddball	n/a	n/a	n/a	n/a	n/a
2057.892	0	1028946	standard_tone	sapo_probe	standard	n/a	n/a	n/a	n/a	n/a
2058.908	0	1029454	standard_tone	sapo_probe	standard	n/a	n/a	n/a	n/a	n/a
2059.924	0	1029962	standard_tone	sapo_probe	standard	n/a	n/a	n/a	n/a	n/a
2060.940	0	1030470	standard_tone	sapo_probe	standard	n/a	n/a	n/a	n/a	n/a
2061.956	0	1030978	standard_tone	sapo_probe	standard	n/a	n/a	n/a	n/a	n/a
2062.972	0	1031486	standard_tone	sapo_probe	standard	n/a	n/a	n/a	n/a	n/a
2063.988	0	1031994	distractor_noise	sapo_probe	distractor	n/a	n/a	n/a	n/a	n/a
2065.002	0	1032501	standard_tone	sapo_probe	standard	n/a	n/a	n/a	n/a	n/a
2066.020	0	1033010	distractor_noise	sapo_probe	distractor	n/a	n/a	n/a	n/a	n/a
2067.036	0	1033518	standard_tone	sapo_probe	standard	n/a	n/a	n/a	n/a	n/a
2068.050	0	1034025	standard_tone	sapo_probe	standard	n/a	n/a	n/a	n/a	n/a
2069.050	0	1034525	standard_tone	sapo_probe	standard	n/a	n/a	n/a	n/a	n/a
2070.066	0	1035033	standard_tone	sapo_probe	standard	n/a	n/a	n/a	n/a	n/a
2071.082	0	1035541	oddball_tone	sapo_probe	oddball	n/a	n/a	n/a	n/a	n/a
2072.098	0	1036049	standard_tone	sapo_probe	standard	n/a	n/a	n/a	n/a	n/a
2073.112	0	1036556	standard_tone	sapo_probe	standard	n/a	n/a	n/a	n/a	n/a
2074.112	0	1037056	standard_tone	sapo_probe	standard	n/a	n/a	n/a	n/a	n/a
2075.128	0	1037564	standard_tone	sapo_probe	standard	n/a	n/a	n/a	n/a	n/a
2076.144	0	1038072	standard_tone	sapo_probe	standard	n/a	n/a	n/a	n/a	n/a
2077.160	0	1038580	standard_tone	sapo_probe	standard	n/a	n/a	n/a	n/a	n/a
2078.176	0	1039088	standard_tone	sapo_probe	standard	n/a	n/a	n/a	n/a	n/a
2079.192	0	1039596	distractor_noise	sapo_probe	distractor	n/a	n/a	n/a	n/a	n/a
2080.208	0	1040104	standard_tone	sapo_probe	standard	n/a	n/a	n/a	n/a	n/a
2081.224	0	1040612	standard_tone	sapo_probe	standard	n/a	n/a	n/a	n/a	n/a
2082.238	0	1041119	standard_tone	sapo_probe	standard	n/a	n/a	n/a	n/a	n/a
2083.254	0	1041627	standard_tone	sapo_probe	standard	n/a	n/a	n/a	n/a	n/a
2084.270	0	1042135	standard_tone	sapo_probe	standard	n/a	n/a	n/a	n/a	n/a
2085.286	0	1042643	standard_tone	sapo_probe	standard	n/a	n/a	n/a	n/a	n/a
2086.302	0	1043151	standard_tone	sapo_probe	standard	n/a	n/a	n/a	n/a	n/a
2087.318	0	1043659	standard_tone	sapo_probe	standard	n/a	n/a	n/a	n/a	n/a
2088.334	0	1044167	distractor_noise	sapo_probe	distractor	n/a	n/a	n/a	n/a	n/a
2088.634	0	1044317	silence_end	sapo_probe	silence-end	n/a	n/a	n/a	n/a	n/a
2088.634	0	1044317	gong_begin	sapo_probe	gong-begin	n/a	n/a	n/a	n/a	n/a
2098.808	0	1049404	gong_end	sapo_probe	gong-end	n/a	n/a	n/a	n/a	n/a
2098.810	0	1049405	subblock_end	sapo_probe	subblock-end-duration-147.261	n/a	n/a	n/a	147.261	n/a
2098.810	0	1049405	subblock_begin	sapo_probe	subblock-begin	n/a	n/a	n/a	n/a	n/a
2098.810	0	1049405	silence_begin	sapo_probe	silence-begin	n/a	n/a	n/a	n/a	n/a
2098.812	0	1049406	standard_tone	sapo_probe	standard	n/a	n/a	n/a	n/a	n/a
2099.824	0	1049912	standard_tone	sapo_probe	standard	n/a	n/a	n/a	n/a	n/a
2100.840	0	1050420	standard_tone	sapo_probe	standard	n/a	n/a	n/a	n/a	n/a
2101.840	0	1050920	standard_tone	sapo_probe	standard	n/a	n/a	n/a	n/a	n/a
2102.856	0	1051428	standard_tone	sapo_probe	standard	n/a	n/a	n/a	n/a	n/a
2103.872	0	1051936	standard_tone	sapo_probe	standard	n/a	n/a	n/a	n/a	n/a
2104.886	0	1052443	standard_tone	sapo_probe	standard	n/a	n/a	n/a	n/a	n/a
2105.902	0	1052951	standard_tone	sapo_probe	standard	n/a	n/a	n/a	n/a	n/a
2106.918	0	1053459	standard_tone	sapo_probe	standard	n/a	n/a	n/a	n/a	n/a
2107.934	0	1053967	standard_tone	sapo_probe	standard	n/a	n/a	n/a	n/a	n/a
2108.950	0	1054475	standard_tone	sapo_probe	standard	n/a	n/a	n/a	n/a	n/a
2109.966	0	1054983	standard_tone	sapo_probe	standard	n/a	n/a	n/a	n/a	n/a
2110.982	0	1055491	standard_tone	sapo_probe	standard	n/a	n/a	n/a	n/a	n/a
2111.998	0	1055999	standard_tone	sapo_probe	standard	n/a	n/a	n/a	n/a	n/a
2113.014	0	1056507	oddball_tone	sapo_probe	oddball	n/a	n/a	n/a	n/a	n/a
2114.030	0	1057015	standard_tone	sapo_probe	standard	n/a	n/a	n/a	n/a	n/a
2115.046	0	1057523	standard_tone	sapo_probe	standard	n/a	n/a	n/a	n/a	n/a
2116.060	0	1058030	standard_tone	sapo_probe	standard	n/a	n/a	n/a	n/a	n/a
2117.076	0	1058538	oddball_tone	sapo_probe	oddball	n/a	n/a	n/a	n/a	n/a
2118.076	0	1059038	standard_tone	sapo_probe	standard	n/a	n/a	n/a	n/a	n/a
2119.092	0	1059546	standard_tone	sapo_probe	standard	n/a	n/a	n/a	n/a	n/a
2120.108	0	1060054	standard_tone	sapo_probe	standard	n/a	n/a	n/a	n/a	n/a
2121.124	0	1060562	standard_tone	sapo_probe	standard	n/a	n/a	n/a	n/a	n/a
2122.140	0	1061070	standard_tone	sapo_probe	standard	n/a	n/a	n/a	n/a	n/a
2123.154	0	1061577	standard_tone	sapo_probe	standard	n/a	n/a	n/a	n/a	n/a
2124.172	0	1062086	standard_tone	sapo_probe	standard	n/a	n/a	n/a	n/a	n/a
2125.186	0	1062593	standard_tone	sapo_probe	standard	n/a	n/a	n/a	n/a	n/a
2126.202	0	1063101	distractor_noise	sapo_probe	distractor	n/a	n/a	n/a	n/a	n/a
2127.218	0	1063609	standard_tone	sapo_probe	standard	n/a	n/a	n/a	n/a	n/a
2128.234	0	1064117	standard_tone	sapo_probe	standard	n/a	n/a	n/a	n/a	n/a
2129.250	0	1064625	standard_tone	sapo_probe	standard	n/a	n/a	n/a	n/a	n/a
2130.266	0	1065133	standard_tone	sapo_probe	standard	n/a	n/a	n/a	n/a	n/a
2131.282	0	1065641	standard_tone	sapo_probe	standard	n/a	n/a	n/a	n/a	n/a
2132.298	0	1066149	standard_tone	sapo_probe	standard	n/a	n/a	n/a	n/a	n/a
2133.314	0	1066657	standard_tone	sapo_probe	standard	n/a	n/a	n/a	n/a	n/a
2134.330	0	1067165	standard_tone	sapo_probe	standard	n/a	n/a	n/a	n/a	n/a
2135.346	0	1067673	standard_tone	sapo_probe	standard	n/a	n/a	n/a	n/a	n/a
2136.362	0	1068181	oddball_tone	sapo_probe	oddball	n/a	n/a	n/a	n/a	n/a
2137.376	0	1068688	standard_tone	sapo_probe	standard	n/a	n/a	n/a	n/a	n/a
2138.392	0	1069196	standard_tone	sapo_probe	standard	n/a	n/a	n/a	n/a	n/a
2139.408	0	1069704	standard_tone	sapo_probe	standard	n/a	n/a	n/a	n/a	n/a
2140.424	0	1070212	standard_tone	sapo_probe	standard	n/a	n/a	n/a	n/a	n/a
2141.440	0	1070720	standard_tone	sapo_probe	standard	n/a	n/a	n/a	n/a	n/a
2142.456	0	1071228	distractor_noise	sapo_probe	distractor	n/a	n/a	n/a	n/a	n/a
2143.472	0	1071736	standard_tone	sapo_probe	standard	n/a	n/a	n/a	n/a	n/a
2144.488	0	1072244	standard_tone	sapo_probe	standard	n/a	n/a	n/a	n/a	n/a
2145.502	0	1072751	standard_tone	sapo_probe	standard	n/a	n/a	n/a	n/a	n/a
2146.518	0	1073259	standard_tone	sapo_probe	standard	n/a	n/a	n/a	n/a	n/a
2147.534	0	1073767	standard_tone	sapo_probe	standard	n/a	n/a	n/a	n/a	n/a
2148.550	0	1074275	standard_tone	sapo_probe	standard	n/a	n/a	n/a	n/a	n/a
2149.566	0	1074783	standard_tone	sapo_probe	standard	n/a	n/a	n/a	n/a	n/a
2150.582	0	1075291	standard_tone	sapo_probe	standard	n/a	n/a	n/a	n/a	n/a
2151.582	0	1075791	standard_tone	sapo_probe	standard	n/a	n/a	n/a	n/a	n/a
2152.598	0	1076299	oddball_tone	sapo_probe	oddball	n/a	n/a	n/a	n/a	n/a
2153.614	0	1076807	standard_tone	sapo_probe	standard	n/a	n/a	n/a	n/a	n/a
2154.614	0	1077307	distractor_noise	sapo_probe	distractor	n/a	n/a	n/a	n/a	n/a
2155.628	0	1077814	oddball_tone	sapo_probe	oddball	n/a	n/a	n/a	n/a	n/a
2156.644	0	1078322	standard_tone	sapo_probe	standard	n/a	n/a	n/a	n/a	n/a
2157.660	0	1078830	standard_tone	sapo_probe	standard	n/a	n/a	n/a	n/a	n/a
2158.676	0	1079338	standard_tone	sapo_probe	standard	n/a	n/a	n/a	n/a	n/a
2159.692	0	1079846	standard_tone	sapo_probe	standard	n/a	n/a	n/a	n/a	n/a
2160.708	0	1080354	standard_tone	sapo_probe	standard	n/a	n/a	n/a	n/a	n/a
2161.724	0	1080862	standard_tone	sapo_probe	standard	n/a	n/a	n/a	n/a	n/a
2162.738	0	1081369	standard_tone	sapo_probe	standard	n/a	n/a	n/a	n/a	n/a
2163.754	0	1081877	oddball_tone	sapo_probe	oddball	n/a	n/a	n/a	n/a	n/a
2164.770	0	1082385	standard_tone	sapo_probe	standard	n/a	n/a	n/a	n/a	n/a
2165.786	0	1082893	standard_tone	sapo_probe	standard	n/a	n/a	n/a	n/a	n/a
2166.786	0	1083393	standard_tone	sapo_probe	standard	n/a	n/a	n/a	n/a	n/a
2167.802	0	1083901	standard_tone	sapo_probe	standard	n/a	n/a	n/a	n/a	n/a
2168.818	0	1084409	standard_tone	sapo_probe	standard	n/a	n/a	n/a	n/a	n/a
2169.832	0	1084916	standard_tone	sapo_probe	standard	n/a	n/a	n/a	n/a	n/a
2170.848	0	1085424	standard_tone	sapo_probe	standard	n/a	n/a	n/a	n/a	n/a
2171.866	0	1085933	standard_tone	sapo_probe	standard	n/a	n/a	n/a	n/a	n/a
2172.880	0	1086440	standard_tone	sapo_probe	standard	n/a	n/a	n/a	n/a	n/a
2173.896	0	1086948	standard_tone	sapo_probe	standard	n/a	n/a	n/a	n/a	n/a
2174.912	0	1087456	standard_tone	sapo_probe	standard	n/a	n/a	n/a	n/a	n/a
2175.928	0	1087964	oddball_tone	sapo_probe	oddball	n/a	n/a	n/a	n/a	n/a
2176.944	0	1088472	standard_tone	sapo_probe	standard	n/a	n/a	n/a	n/a	n/a
2177.944	0	1088972	standard_tone	sapo_probe	standard	n/a	n/a	n/a	n/a	n/a
2178.958	0	1089479	standard_tone	sapo_probe	standard	n/a	n/a	n/a	n/a	n/a
2179.974	0	1089987	standard_tone	sapo_probe	standard	n/a	n/a	n/a	n/a	n/a
2180.990	0	1090495	standard_tone	sapo_probe	standard	n/a	n/a	n/a	n/a	n/a
2182.006	0	1091003	standard_tone	sapo_probe	standard	n/a	n/a	n/a	n/a	n/a
2183.022	0	1091511	standard_tone	sapo_probe	standard	n/a	n/a	n/a	n/a	n/a
2184.038	0	1092019	standard_tone	sapo_probe	standard	n/a	n/a	n/a	n/a	n/a
2185.054	0	1092527	standard_tone	sapo_probe	standard	n/a	n/a	n/a	n/a	n/a
2186.070	0	1093035	standard_tone	sapo_probe	standard	n/a	n/a	n/a	n/a	n/a
2187.086	0	1093543	standard_tone	sapo_probe	standard	n/a	n/a	n/a	n/a	n/a
2188.102	0	1094051	standard_tone	sapo_probe	standard	n/a	n/a	n/a	n/a	n/a
2189.118	0	1094559	standard_tone	sapo_probe	standard	n/a	n/a	n/a	n/a	n/a
2190.132	0	1095066	standard_tone	sapo_probe	standard	n/a	n/a	n/a	n/a	n/a
2191.148	0	1095574	standard_tone	sapo_probe	standard	n/a	n/a	n/a	n/a	n/a
2192.164	0	1096082	standard_tone	sapo_probe	standard	n/a	n/a	n/a	n/a	n/a
2193.180	0	1096590	standard_tone	sapo_probe	standard	n/a	n/a	n/a	n/a	n/a
2194.196	0	1097098	standard_tone	sapo_probe	standard	n/a	n/a	n/a	n/a	n/a
2195.212	0	1097606	standard_tone	sapo_probe	standard	n/a	n/a	n/a	n/a	n/a
2196.228	0	1098114	standard_tone	sapo_probe	standard	n/a	n/a	n/a	n/a	n/a
2197.244	0	1098622	standard_tone	sapo_probe	standard	n/a	n/a	n/a	n/a	n/a
2198.260	0	1099130	standard_tone	sapo_probe	standard	n/a	n/a	n/a	n/a	n/a
2199.276	0	1099638	distractor_noise	sapo_probe	distractor	n/a	n/a	n/a	n/a	n/a
2200.290	0	1100145	standard_tone	sapo_probe	standard	n/a	n/a	n/a	n/a	n/a
2201.308	0	1100654	standard_tone	sapo_probe	standard	n/a	n/a	n/a	n/a	n/a
2202.352	0	1101176	oddball_tone	sapo_probe	oddball	n/a	n/a	n/a	n/a	n/a
2203.356	0	1101678	standard_tone	sapo_probe	standard	n/a	n/a	n/a	n/a	n/a
2204.370	0	1102185	standard_tone	sapo_probe	standard	n/a	n/a	n/a	n/a	n/a
2205.386	0	1102693	standard_tone	sapo_probe	standard	n/a	n/a	n/a	n/a	n/a
2206.404	0	1103202	standard_tone	sapo_probe	standard	n/a	n/a	n/a	n/a	n/a
2207.418	0	1103709	standard_tone	sapo_probe	standard	n/a	n/a	n/a	n/a	n/a
2208.434	0	1104217	standard_tone	sapo_probe	standard	n/a	n/a	n/a	n/a	n/a
2209.450	0	1104725	standard_tone	sapo_probe	standard	n/a	n/a	n/a	n/a	n/a
2210.466	0	1105233	standard_tone	sapo_probe	standard	n/a	n/a	n/a	n/a	n/a
2211.482	0	1105741	standard_tone	sapo_probe	standard	n/a	n/a	n/a	n/a	n/a
2212.498	0	1106249	standard_tone	sapo_probe	standard	n/a	n/a	n/a	n/a	n/a
2213.514	0	1106757	distractor_noise	sapo_probe	distractor	n/a	n/a	n/a	n/a	n/a
2214.530	0	1107265	standard_tone	sapo_probe	standard	n/a	n/a	n/a	n/a	n/a
2214.614	0	1107307	silence_end	sapo_probe	silence-end	n/a	n/a	n/a	n/a	n/a
2214.614	0	1107307	subblock_end	sapo_probe	subblock-end-duration-115.805	n/a	n/a	n/a	115.805	n/a
2214.614	0	1107307	subblock_begin	sapo_probe	subblock-begin	n/a	n/a	n/a	n/a	n/a
2214.616	0	1107308	silence_begin	sapo_probe	silence-begin	n/a	n/a	n/a	n/a	n/a
2214.616	0	1107308	prompt_window_begin	sapo_probe	probe-sapo-probe-begin	n/a	n/a	n/a	n/a	n/a
2221.374	0	1110687	clicker_press	sapo_probe	response-received-page_up	n/a	n/a	n/a	n/a	page_up
2221.906	0	1110953	clicker_press	sapo_probe	response-received-page_up	n/a	n/a	n/a	n/a	page_up
2222.374	0	1111187	clicker_press	sapo_probe	response-received-page_up	n/a	n/a	n/a	n/a	page_up
2223.638	0	1111819	depth_rating	sapo_probe	rating-sapo-probe-meditation_depth-3	3	n/a	n/a	n/a	n/a
2229.934	0	1114967	clicker_press	sapo_probe	response-received-page_up	n/a	n/a	n/a	n/a	page_up
2230.416	0	1115208	clicker_press	sapo_probe	response-received-page_up	n/a	n/a	n/a	n/a	page_up
2230.784	0	1115392	clicker_press	sapo_probe	response-received-page_up	n/a	n/a	n/a	n/a	page_up
2231.132	0	1115566	clicker_press	sapo_probe	response-received-page_up	n/a	n/a	n/a	n/a	page_up
2231.516	0	1115758	clicker_press	sapo_probe	response-received-page_up	n/a	n/a	n/a	n/a	page_up
2233.680	0	1116840	confidence_rating	sapo_probe	rating-sapo-probe-confidence_depth-5	n/a	5	n/a	n/a	n/a
2237.210	0	1118605	prompt_window_end	sapo_probe	probe-sapo-probe-end	n/a	n/a	n/a	n/a	n/a
2237.212	0	1118606	standard_tone	sapo_probe	standard	n/a	n/a	n/a	n/a	n/a
2238.226	0	1119113	standard_tone	sapo_probe	standard	n/a	n/a	n/a	n/a	n/a
2239.242	0	1119621	standard_tone	sapo_probe	standard	n/a	n/a	n/a	n/a	n/a
2240.258	0	1120129	standard_tone	sapo_probe	standard	n/a	n/a	n/a	n/a	n/a
2241.274	0	1120637	distractor_noise	sapo_probe	distractor	n/a	n/a	n/a	n/a	n/a
2242.290	0	1121145	oddball_tone	sapo_probe	oddball	n/a	n/a	n/a	n/a	n/a
2243.306	0	1121653	standard_tone	sapo_probe	standard	n/a	n/a	n/a	n/a	n/a
2244.322	0	1122161	standard_tone	sapo_probe	standard	n/a	n/a	n/a	n/a	n/a
2245.336	0	1122668	standard_tone	sapo_probe	standard	n/a	n/a	n/a	n/a	n/a
2246.354	0	1123177	standard_tone	sapo_probe	standard	n/a	n/a	n/a	n/a	n/a
2247.368	0	1123684	standard_tone	sapo_probe	standard	n/a	n/a	n/a	n/a	n/a
2248.384	0	1124192	standard_tone	sapo_probe	standard	n/a	n/a	n/a	n/a	n/a
2249.384	0	1124692	distractor_noise	sapo_probe	distractor	n/a	n/a	n/a	n/a	n/a
2250.400	0	1125200	standard_tone	sapo_probe	standard	n/a	n/a	n/a	n/a	n/a
2251.416	0	1125708	standard_tone	sapo_probe	standard	n/a	n/a	n/a	n/a	n/a
2252.432	0	1126216	standard_tone	sapo_probe	standard	n/a	n/a	n/a	n/a	n/a
2253.448	0	1126724	standard_tone	sapo_probe	standard	n/a	n/a	n/a	n/a	n/a
2254.462	0	1127231	oddball_tone	sapo_probe	oddball	n/a	n/a	n/a	n/a	n/a
2255.478	0	1127739	distractor_noise	sapo_probe	distractor	n/a	n/a	n/a	n/a	n/a
2256.494	0	1128247	standard_tone	sapo_probe	standard	n/a	n/a	n/a	n/a	n/a
2257.510	0	1128755	standard_tone	sapo_probe	standard	n/a	n/a	n/a	n/a	n/a
2258.526	0	1129263	oddball_tone	sapo_probe	oddball	n/a	n/a	n/a	n/a	n/a
2259.542	0	1129771	standard_tone	sapo_probe	standard	n/a	n/a	n/a	n/a	n/a
2260.558	0	1130279	standard_tone	sapo_probe	standard	n/a	n/a	n/a	n/a	n/a
2261.574	0	1130787	standard_tone	sapo_probe	standard	n/a	n/a	n/a	n/a	n/a
2262.618	0	1131309	standard_tone	sapo_probe	standard	n/a	n/a	n/a	n/a	n/a
2263.622	0	1131811	distractor_noise	sapo_probe	distractor	n/a	n/a	n/a	n/a	n/a
2264.638	0	1132319	standard_tone	sapo_probe	standard	n/a	n/a	n/a	n/a	n/a
2265.654	0	1132827	standard_tone	sapo_probe	standard	n/a	n/a	n/a	n/a	n/a
2266.670	0	1133335	standard_tone	sapo_probe	standard	n/a	n/a	n/a	n/a	n/a
2267.686	0	1133843	standard_tone	sapo_probe	standard	n/a	n/a	n/a	n/a	n/a
2268.686	0	1134343	standard_tone	sapo_probe	standard	n/a	n/a	n/a	n/a	n/a
2269.700	0	1134850	standard_tone	sapo_probe	standard	n/a	n/a	n/a	n/a	n/a
2270.716	0	1135358	standard_tone	sapo_probe	standard	n/a	n/a	n/a	n/a	n/a
2271.732	0	1135866	standard_tone	sapo_probe	standard	n/a	n/a	n/a	n/a	n/a
2272.748	0	1136374	oddball_tone	sapo_probe	oddball	n/a	n/a	n/a	n/a	n/a
2273.764	0	1136882	distractor_noise	sapo_probe	distractor	n/a	n/a	n/a	n/a	n/a
2274.780	0	1137390	standard_tone	sapo_probe	standard	n/a	n/a	n/a	n/a	n/a
2275.796	0	1137898	standard_tone	sapo_probe	standard	n/a	n/a	n/a	n/a	n/a
2276.810	0	1138405	standard_tone	sapo_probe	standard	n/a	n/a	n/a	n/a	n/a
2277.826	0	1138913	standard_tone	sapo_probe	standard	n/a	n/a	n/a	n/a	n/a
2278.842	0	1139421	oddball_tone	sapo_probe	oddball	n/a	n/a	n/a	n/a	n/a
2279.858	0	1139929	standard_tone	sapo_probe	standard	n/a	n/a	n/a	n/a	n/a
2280.874	0	1140437	distractor_noise	sapo_probe	distractor	n/a	n/a	n/a	n/a	n/a
2281.890	0	1140945	standard_tone	sapo_probe	standard	n/a	n/a	n/a	n/a	n/a
2282.906	0	1141453	standard_tone	sapo_probe	standard	n/a	n/a	n/a	n/a	n/a
2283.922	0	1141961	standard_tone	sapo_probe	standard	n/a	n/a	n/a	n/a	n/a
2284.938	0	1142469	standard_tone	sapo_probe	standard	n/a	n/a	n/a	n/a	n/a
2285.954	0	1142977	oddball_tone	sapo_probe	oddball	n/a	n/a	n/a	n/a	n/a
2286.968	0	1143484	standard_tone	sapo_probe	standard	n/a	n/a	n/a	n/a	n/a
2287.968	0	1143984	standard_tone	sapo_probe	standard	n/a	n/a	n/a	n/a	n/a
2288.984	0	1144492	standard_tone	sapo_probe	standard	n/a	n/a	n/a	n/a	n/a
2290.000	0	1145000	standard_tone	sapo_probe	standard	n/a	n/a	n/a	n/a	n/a
2291.016	0	1145508	standard_tone	sapo_probe	standard	n/a	n/a	n/a	n/a	n/a
2292.032	0	1146016	standard_tone	sapo_probe	standard	n/a	n/a	n/a	n/a	n/a
2293.048	0	1146524	standard_tone	sapo_probe	standard	n/a	n/a	n/a	n/a	n/a
2294.064	0	1147032	standard_tone	sapo_probe	standard	n/a	n/a	n/a	n/a	n/a
2295.080	0	1147540	distractor_noise	sapo_probe	distractor	n/a	n/a	n/a	n/a	n/a
2296.094	0	1148047	standard_tone	sapo_probe	standard	n/a	n/a	n/a	n/a	n/a
2297.110	0	1148555	standard_tone	sapo_probe	standard	n/a	n/a	n/a	n/a	n/a
2298.126	0	1149063	standard_tone	sapo_probe	standard	n/a	n/a	n/a	n/a	n/a
2299.142	0	1149571	standard_tone	sapo_probe	standard	n/a	n/a	n/a	n/a	n/a
2300.158	0	1150079	oddball_tone	sapo_probe	oddball	n/a	n/a	n/a	n/a	n/a
2301.174	0	1150587	standard_tone	sapo_probe	standard	n/a	n/a	n/a	n/a	n/a
2302.174	0	1151087	standard_tone	sapo_probe	standard	n/a	n/a	n/a	n/a	n/a
2303.188	0	1151594	oddball_tone	sapo_probe	oddball	n/a	n/a	n/a	n/a	n/a
2304.206	0	1152103	standard_tone	sapo_probe	standard	n/a	n/a	n/a	n/a	n/a
2305.220	0	1152610	distractor_noise	sapo_probe	distractor	n/a	n/a	n/a	n/a	n/a
2306.236	0	1153118	standard_tone	sapo_probe	standard	n/a	n/a	n/a	n/a	n/a
2307.252	0	1153626	standard_tone	sapo_probe	standard	n/a	n/a	n/a	n/a	n/a
2308.268	0	1154134	standard_tone	sapo_probe	standard	n/a	n/a	n/a	n/a	n/a
2309.284	0	1154642	standard_tone	sapo_probe	standard	n/a	n/a	n/a	n/a	n/a
2310.300	0	1155150	standard_tone	sapo_probe	standard	n/a	n/a	n/a	n/a	n/a
2311.316	0	1155658	distractor_noise	sapo_probe	distractor	n/a	n/a	n/a	n/a	n/a
2312.332	0	1156166	standard_tone	sapo_probe	standard	n/a	n/a	n/a	n/a	n/a
2313.348	0	1156674	standard_tone	sapo_probe	standard	n/a	n/a	n/a	n/a	n/a
2314.364	0	1157182	standard_tone	sapo_probe	standard	n/a	n/a	n/a	n/a	n/a
2315.378	0	1157689	standard_tone	sapo_probe	standard	n/a	n/a	n/a	n/a	n/a
2316.394	0	1158197	standard_tone	sapo_probe	standard	n/a	n/a	n/a	n/a	n/a
2317.410	0	1158705	standard_tone	sapo_probe	standard	n/a	n/a	n/a	n/a	n/a
2318.426	0	1159213	standard_tone	sapo_probe	standard	n/a	n/a	n/a	n/a	n/a
2319.442	0	1159721	standard_tone	sapo_probe	standard	n/a	n/a	n/a	n/a	n/a
2320.458	0	1160229	standard_tone	sapo_probe	standard	n/a	n/a	n/a	n/a	n/a
2321.474	0	1160737	distractor_noise	sapo_probe	distractor	n/a	n/a	n/a	n/a	n/a
2322.490	0	1161245	standard_tone	sapo_probe	standard	n/a	n/a	n/a	n/a	n/a
2323.490	0	1161745	oddball_tone	sapo_probe	oddball	n/a	n/a	n/a	n/a	n/a
2324.504	0	1162252	standard_tone	sapo_probe	standard	n/a	n/a	n/a	n/a	n/a
2325.520	0	1162760	oddball_tone	sapo_probe	oddball	n/a	n/a	n/a	n/a	n/a
2326.536	0	1163268	standard_tone	sapo_probe	standard	n/a	n/a	n/a	n/a	n/a
2327.552	0	1163776	standard_tone	sapo_probe	standard	n/a	n/a	n/a	n/a	n/a
2328.568	0	1164284	standard_tone	sapo_probe	standard	n/a	n/a	n/a	n/a	n/a
2329.584	0	1164792	standard_tone	sapo_probe	standard	n/a	n/a	n/a	n/a	n/a
2330.600	0	1165300	standard_tone	sapo_probe	standard	n/a	n/a	n/a	n/a	n/a
2331.616	0	1165808	standard_tone	sapo_probe	standard	n/a	n/a	n/a	n/a	n/a
2332.616	0	1166308	standard_tone	sapo_probe	standard	n/a	n/a	n/a	n/a	n/a
2333.630	0	1166815	standard_tone	sapo_probe	standard	n/a	n/a	n/a	n/a	n/a
2334.646	0	1167323	standard_tone	sapo_probe	standard	n/a	n/a	n/a	n/a	n/a
2335.662	0	1167831	standard_tone	sapo_probe	standard	n/a	n/a	n/a	n/a	n/a
2336.678	0	1168339	standard_tone	sapo_probe	standard	n/a	n/a	n/a	n/a	n/a
2337.694	0	1168847	oddball_tone	sapo_probe	oddball	n/a	n/a	n/a	n/a	n/a
2338.710	0	1169355	standard_tone	sapo_probe	standard	n/a	n/a	n/a	n/a	n/a
2339.710	0	1169855	oddball_tone	sapo_probe	oddball	n/a	n/a	n/a	n/a	n/a
2340.724	0	1170362	distractor_noise	sapo_probe	distractor	n/a	n/a	n/a	n/a	n/a
2341.740	0	1170870	standard_tone	sapo_probe	standard	n/a	n/a	n/a	n/a	n/a
2342.756	0	1171378	standard_tone	sapo_probe	standard	n/a	n/a	n/a	n/a	n/a
2343.772	0	1171886	standard_tone	sapo_probe	standard	n/a	n/a	n/a	n/a	n/a
2344.788	0	1172394	standard_tone	sapo_probe	standard	n/a	n/a	n/a	n/a	n/a
2345.788	0	1172894	standard_tone	sapo_probe	standard	n/a	n/a	n/a	n/a	n/a
2346.802	0	1173401	oddball_tone	sapo_probe	oddball	n/a	n/a	n/a	n/a	n/a
2347.820	0	1173910	standard_tone	sapo_probe	standard	n/a	n/a	n/a	n/a	n/a
2348.834	0	1174417	oddball_tone	sapo_probe	oddball	n/a	n/a	n/a	n/a	n/a
2349.850	0	1174925	standard_tone	sapo_probe	standard	n/a	n/a	n/a	n/a	n/a
2350.850	0	1175425	oddball_tone	sapo_probe	oddball	n/a	n/a	n/a	n/a	n/a
2351.432	0	1175716	silence_end	sapo_probe	silence-end	n/a	n/a	n/a	n/a	n/a
2351.434	0	1175717	subblock_end	sapo_probe	subblock-end-duration-136.819	n/a	n/a	n/a	136.819	n/a
2351.434	0	1175717	subblock_begin	sapo_probe	subblock-begin	n/a	n/a	n/a	n/a	n/a
2351.434	0	1175717	silence_begin	sapo_probe	silence-begin	n/a	n/a	n/a	n/a	n/a
2351.866	0	1175933	standard_tone	sapo_probe	standard	n/a	n/a	n/a	n/a	n/a
2352.882	0	1176441	standard_tone	sapo_probe	standard	n/a	n/a	n/a	n/a	n/a
2353.898	0	1176949	standard_tone	sapo_probe	standard	n/a	n/a	n/a	n/a	n/a
2354.898	0	1177449	oddball_tone	sapo_probe	oddball	n/a	n/a	n/a	n/a	n/a
2355.912	0	1177956	standard_tone	sapo_probe	standard	n/a	n/a	n/a	n/a	n/a
2356.928	0	1178464	standard_tone	sapo_probe	standard	n/a	n/a	n/a	n/a	n/a
2357.944	0	1178972	distractor_noise	sapo_probe	distractor	n/a	n/a	n/a	n/a	n/a
2358.960	0	1179480	standard_tone	sapo_probe	standard	n/a	n/a	n/a	n/a	n/a
2359.958	0	1179979	distractor_noise	sapo_probe	distractor	n/a	n/a	n/a	n/a	n/a
2360.976	0	1180488	standard_tone	sapo_probe	standard	n/a	n/a	n/a	n/a	n/a
2361.990	0	1180995	standard_tone	sapo_probe	standard	n/a	n/a	n/a	n/a	n/a
2362.990	0	1181495	standard_tone	sapo_probe	standard	n/a	n/a	n/a	n/a	n/a
2364.006	0	1182003	standard_tone	sapo_probe	standard	n/a	n/a	n/a	n/a	n/a
2365.022	0	1182511	standard_tone	sapo_probe	standard	n/a	n/a	n/a	n/a	n/a
2366.038	0	1183019	oddball_tone	sapo_probe	oddball	n/a	n/a	n/a	n/a	n/a
2367.052	0	1183526	distractor_noise	sapo_probe	distractor	n/a	n/a	n/a	n/a	n/a
2368.068	0	1184034	standard_tone	sapo_probe	standard	n/a	n/a	n/a	n/a	n/a
2369.084	0	1184542	oddball_tone	sapo_probe	oddball	n/a	n/a	n/a	n/a	n/a
2370.084	0	1185042	standard_tone	sapo_probe	standard	n/a	n/a	n/a	n/a	n/a
2371.100	0	1185550	standard_tone	sapo_probe	standard	n/a	n/a	n/a	n/a	n/a
2372.116	0	1186058	standard_tone	sapo_probe	standard	n/a	n/a	n/a	n/a	n/a
2373.130	0	1186565	distractor_noise	sapo_probe	distractor	n/a	n/a	n/a	n/a	n/a
2374.148	0	1187074	standard_tone	sapo_probe	standard	n/a	n/a	n/a	n/a	n/a
2375.162	0	1187581	standard_tone	sapo_probe	standard	n/a	n/a	n/a	n/a	n/a
2376.178	0	1188089	standard_tone	sapo_probe	standard	n/a	n/a	n/a	n/a	n/a
2377.194	0	1188597	oddball_tone	sapo_probe	oddball	n/a	n/a	n/a	n/a	n/a
2378.210	0	1189105	standard_tone	sapo_probe	standard	n/a	n/a	n/a	n/a	n/a
2379.226	0	1189613	standard_tone	sapo_probe	standard	n/a	n/a	n/a	n/a	n/a
2380.242	0	1190121	standard_tone	sapo_probe	standard	n/a	n/a	n/a	n/a	n/a
2381.258	0	1190629	standard_tone	sapo_probe	standard	n/a	n/a	n/a	n/a	n/a
2382.274	0	1191137	standard_tone	sapo_probe	standard	n/a	n/a	n/a	n/a	n/a
2383.290	0	1191645	standard_tone	sapo_probe	standard	n/a	n/a	n/a	n/a	n/a
2384.306	0	1192153	standard_tone	sapo_probe	standard	n/a	n/a	n/a	n/a	n/a
2385.322	0	1192661	standard_tone	sapo_probe	standard	n/a	n/a	n/a	n/a	n/a
2386.336	0	1193168	standard_tone	sapo_probe	standard	n/a	n/a	n/a	n/a	n/a
2387.352	0	1193676	standard_tone	sapo_probe	standard	n/a	n/a	n/a	n/a	n/a
2388.368	0	1194184	oddball_tone	sapo_probe	oddball	n/a	n/a	n/a	n/a	n/a
2389.384	0	1194692	standard_tone	sapo_probe	standard	n/a	n/a	n/a	n/a	n/a
2390.400	0	1195200	standard_tone	sapo_probe	standard	n/a	n/a	n/a	n/a	n/a
2391.416	0	1195708	distractor_noise	sapo_probe	distractor	n/a	n/a	n/a	n/a	n/a
2392.416	0	1196208	standard_tone	sapo_probe	standard	n/a	n/a	n/a	n/a	n/a
2393.432	0	1196716	oddball_tone	sapo_probe	oddball	n/a	n/a	n/a	n/a	n/a
2394.446	0	1197223	standard_tone	sapo_probe	standard	n/a	n/a	n/a	n/a	n/a
2395.462	0	1197731	standard_tone	sapo_probe	standard	n/a	n/a	n/a	n/a	n/a
2396.478	0	1198239	standard_tone	sapo_probe	standard	n/a	n/a	n/a	n/a	n/a
2397.494	0	1198747	standard_tone	sapo_probe	standard	n/a	n/a	n/a	n/a	n/a
2398.510	0	1199255	standard_tone	sapo_probe	standard	n/a	n/a	n/a	n/a	n/a
2399.526	0	1199763	standard_tone	sapo_probe	standard	n/a	n/a	n/a	n/a	n/a
2400.526	0	1200263	standard_tone	sapo_probe	standard	n/a	n/a	n/a	n/a	n/a
2401.526	0	1200763	standard_tone	sapo_probe	standard	n/a	n/a	n/a	n/a	n/a
2402.540	0	1201270	standard_tone	sapo_probe	standard	n/a	n/a	n/a	n/a	n/a
2403.556	0	1201778	standard_tone	sapo_probe	standard	n/a	n/a	n/a	n/a	n/a
2404.556	0	1202278	oddball_tone	sapo_probe	oddball	n/a	n/a	n/a	n/a	n/a
2405.572	0	1202786	standard_tone	sapo_probe	standard	n/a	n/a	n/a	n/a	n/a
2406.586	0	1203293	standard_tone	sapo_probe	standard	n/a	n/a	n/a	n/a	n/a
2407.602	0	1203801	standard_tone	sapo_probe	standard	n/a	n/a	n/a	n/a	n/a
2408.618	0	1204309	standard_tone	sapo_probe	standard	n/a	n/a	n/a	n/a	n/a
2409.634	0	1204817	standard_tone	sapo_probe	standard	n/a	n/a	n/a	n/a	n/a
2410.650	0	1205325	standard_tone	sapo_probe	standard	n/a	n/a	n/a	n/a	n/a
2411.666	0	1205833	standard_tone	sapo_probe	standard	n/a	n/a	n/a	n/a	n/a
2412.682	0	1206341	standard_tone	sapo_probe	standard	n/a	n/a	n/a	n/a	n/a
2413.698	0	1206849	oddball_tone	sapo_probe	oddball	n/a	n/a	n/a	n/a	n/a
2414.714	0	1207357	standard_tone	sapo_probe	standard	n/a	n/a	n/a	n/a	n/a
2415.730	0	1207865	standard_tone	sapo_probe	standard	n/a	n/a	n/a	n/a	n/a
2416.744	0	1208372	standard_tone	sapo_probe	standard	n/a	n/a	n/a	n/a	n/a
2417.760	0	1208880	oddball_tone	sapo_probe	oddball	n/a	n/a	n/a	n/a	n/a
2418.776	0	1209388	standard_tone	sapo_probe	standard	n/a	n/a	n/a	n/a	n/a
2419.792	0	1209896	standard_tone	sapo_probe	standard	n/a	n/a	n/a	n/a	n/a
2420.808	0	1210404	standard_tone	sapo_probe	standard	n/a	n/a	n/a	n/a	n/a
2421.824	0	1210912	standard_tone	sapo_probe	standard	n/a	n/a	n/a	n/a	n/a
2422.840	0	1211420	standard_tone	sapo_probe	standard	n/a	n/a	n/a	n/a	n/a
2423.856	0	1211928	distractor_noise	sapo_probe	distractor	n/a	n/a	n/a	n/a	n/a
2424.872	0	1212436	standard_tone	sapo_probe	standard	n/a	n/a	n/a	n/a	n/a
2425.888	0	1212944	standard_tone	sapo_probe	standard	n/a	n/a	n/a	n/a	n/a
2426.904	0	1213452	standard_tone	sapo_probe	standard	n/a	n/a	n/a	n/a	n/a
2427.920	0	1213960	standard_tone	sapo_probe	standard	n/a	n/a	n/a	n/a	n/a
2428.920	0	1214460	standard_tone	sapo_probe	standard	n/a	n/a	n/a	n/a	n/a
2429.934	0	1214967	standard_tone	sapo_probe	standard	n/a	n/a	n/a	n/a	n/a
2430.950	0	1215475	standard_tone	sapo_probe	standard	n/a	n/a	n/a	n/a	n/a
2431.966	0	1215983	standard_tone	sapo_probe	standard	n/a	n/a	n/a	n/a	n/a
2432.982	0	1216491	standard_tone	sapo_probe	standard	n/a	n/a	n/a	n/a	n/a
2433.996	0	1216998	standard_tone	sapo_probe	standard	n/a	n/a	n/a	n/a	n/a
2434.996	0	1217498	oddball_tone	sapo_probe	oddball	n/a	n/a	n/a	n/a	n/a
2436.012	0	1218006	standard_tone	sapo_probe	standard	n/a	n/a	n/a	n/a	n/a
2437.028	0	1218514	standard_tone	sapo_probe	standard	n/a	n/a	n/a	n/a	n/a
2438.044	0	1219022	standard_tone	sapo_probe	standard	n/a	n/a	n/a	n/a	n/a
2439.060	0	1219530	standard_tone	sapo_probe	standard	n/a	n/a	n/a	n/a	n/a
2440.076	0	1220038	standard_tone	sapo_probe	standard	n/a	n/a	n/a	n/a	n/a
2441.092	0	1220546	oddball_tone	sapo_probe	oddball	n/a	n/a	n/a	n/a	n/a
2442.108	0	1221054	standard_tone	sapo_probe	standard	n/a	n/a	n/a	n/a	n/a
2443.122	0	1221561	oddball_tone	sapo_probe	oddball	n/a	n/a	n/a	n/a	n/a
2444.140	0	1222070	distractor_noise	sapo_probe	distractor	n/a	n/a	n/a	n/a	n/a
2445.154	0	1222577	standard_tone	sapo_probe	standard	n/a	n/a	n/a	n/a	n/a
2446.170	0	1223085	standard_tone	sapo_probe	standard	n/a	n/a	n/a	n/a	n/a
2447.186	0	1223593	standard_tone	sapo_probe	standard	n/a	n/a	n/a	n/a	n/a
2448.202	0	1224101	standard_tone	sapo_probe	standard	n/a	n/a	n/a	n/a	n/a
2449.218	0	1224609	standard_tone	sapo_probe	standard	n/a	n/a	n/a	n/a	n/a
2450.218	0	1225109	standard_tone	sapo_probe	standard	n/a	n/a	n/a	n/a	n/a
2451.234	0	1225617	standard_tone	sapo_probe	standard	n/a	n/a	n/a	n/a	n/a
2452.248	0	1226124	standard_tone	sapo_probe	standard	n/a	n/a	n/a	n/a	n/a
2453.264	0	1226632	standard_tone	sapo_probe	standard	n/a	n/a	n/a	n/a	n/a
2454.280	0	1227140	standard_tone	sapo_probe	standard	n/a	n/a	n/a	n/a	n/a
2455.296	0	1227648	standard_tone	sapo_probe	standard	n/a	n/a	n/a	n/a	n/a
2456.312	0	1228156	oddball_tone	sapo_probe	oddball	n/a	n/a	n/a	n/a	n/a
2457.328	0	1228664	standard_tone	sapo_probe	standard	n/a	n/a	n/a	n/a	n/a
2458.344	0	1229172	standard_tone	sapo_probe	standard	n/a	n/a	n/a	n/a	n/a
2459.360	0	1229680	standard_tone	sapo_probe	standard	n/a	n/a	n/a	n/a	n/a
2460.376	0	1230188	standard_tone	sapo_probe	standard	n/a	n/a	n/a	n/a	n/a
2461.392	0	1230696	distractor_noise	sapo_probe	distractor	n/a	n/a	n/a	n/a	n/a
2462.340	0	1231170	silence_end	sapo_probe	silence-end	n/a	n/a	n/a	n/a	n/a
2462.342	0	1231171	gong_begin	sapo_probe	gong-begin	n/a	n/a	n/a	n/a	n/a
2472.466	0	1236233	gong_end	sapo_probe	gong-end	n/a	n/a	n/a	n/a	n/a
2472.466	0	1236233	subblock_end	sapo_probe	subblock-end-duration-121.033	n/a	n/a	n/a	121.033	n/a
2472.466	0	1236233	subblock_begin	sapo_probe	subblock-begin	n/a	n/a	n/a	n/a	n/a
2472.466	0	1236233	silence_begin	sapo_probe	silence-begin	n/a	n/a	n/a	n/a	n/a
2472.468	0	1236234	prompt_window_begin	sapo_probe	probe-sapo-probe-begin	n/a	n/a	n/a	n/a	n/a
2479.046	0	1239523	clicker_press	sapo_probe	response-received-page_up	n/a	n/a	n/a	n/a	page_up
2479.876	0	1239938	clicker_press	sapo_probe	response-received-page_up	n/a	n/a	n/a	n/a	page_up
2480.608	0	1240304	clicker_press	sapo_probe	response-received-page_up	n/a	n/a	n/a	n/a	page_up
2481.508	0	1240754	depth_rating	sapo_probe	rating-sapo-probe-meditation_depth-3	3	n/a	n/a	n/a	n/a
2488.052	0	1244026	clicker_press	sapo_probe	response-received-page_up	n/a	n/a	n/a	n/a	page_up
2488.468	0	1244234	clicker_press	sapo_probe	response-received-page_up	n/a	n/a	n/a	n/a	page_up
2488.886	0	1244443	clicker_press	sapo_probe	response-received-page_up	n/a	n/a	n/a	n/a	page_up
2489.370	0	1244685	clicker_press	sapo_probe	response-received-page_up	n/a	n/a	n/a	n/a	page_up
2490.068	0	1245034	clicker_press	sapo_probe	response-received-page_up	n/a	n/a	n/a	n/a	page_up
2491.584	0	1245792	confidence_rating	sapo_probe	rating-sapo-probe-confidence_depth-5	n/a	5	n/a	n/a	n/a
2495.080	0	1247540	prompt_window_end	sapo_probe	probe-sapo-probe-end	n/a	n/a	n/a	n/a	n/a
2495.082	0	1247541	standard_tone	sapo_probe	standard	n/a	n/a	n/a	n/a	n/a
2496.096	0	1248048	oddball_tone	sapo_probe	oddball	n/a	n/a	n/a	n/a	n/a
2497.096	0	1248548	standard_tone	sapo_probe	standard	n/a	n/a	n/a	n/a	n/a
2498.110	0	1249055	standard_tone	sapo_probe	standard	n/a	n/a	n/a	n/a	n/a
2499.126	0	1249563	standard_tone	sapo_probe	standard	n/a	n/a	n/a	n/a	n/a
2500.142	0	1250071	oddball_tone	sapo_probe	oddball	n/a	n/a	n/a	n/a	n/a
2501.158	0	1250579	standard_tone	sapo_probe	standard	n/a	n/a	n/a	n/a	n/a
2502.174	0	1251087	standard_tone	sapo_probe	standard	n/a	n/a	n/a	n/a	n/a
2503.190	0	1251595	standard_tone	sapo_probe	standard	n/a	n/a	n/a	n/a	n/a
2504.206	0	1252103	standard_tone	sapo_probe	standard	n/a	n/a	n/a	n/a	n/a
2505.222	0	1252611	standard_tone	sapo_probe	standard	n/a	n/a	n/a	n/a	n/a
2506.238	0	1253119	standard_tone	sapo_probe	standard	n/a	n/a	n/a	n/a	n/a
2507.254	0	1253627	standard_tone	sapo_probe	standard	n/a	n/a	n/a	n/a	n/a
2508.268	0	1254134	standard_tone	sapo_probe	standard	n/a	n/a	n/a	n/a	n/a
2509.268	0	1254634	oddball_tone	sapo_probe	oddball	n/a	n/a	n/a	n/a	n/a
2510.284	0	1255142	distractor_noise	sapo_probe	distractor	n/a	n/a	n/a	n/a	n/a
2511.300	0	1255650	standard_tone	sapo_probe	standard	n/a	n/a	n/a	n/a	n/a
2512.316	0	1256158	standard_tone	sapo_probe	standard	n/a	n/a	n/a	n/a	n/a
2513.332	0	1256666	standard_tone	sapo_probe	standard	n/a	n/a	n/a	n/a	n/a
2514.348	0	1257174	standard_tone	sapo_probe	standard	n/a	n/a	n/a	n/a	n/a
2515.364	0	1257682	standard_tone	sapo_probe	standard	n/a	n/a	n/a	n/a	n/a
2516.380	0	1258190	standard_tone	sapo_probe	standard	n/a	n/a	n/a	n/a	n/a
2517.394	0	1258697	standard_tone	sapo_probe	standard	n/a	n/a	n/a	n/a	n/a
2518.410	0	1259205	standard_tone	sapo_probe	standard	n/a	n/a	n/a	n/a	n/a
2519.426	0	1259713	standard_tone	sapo_probe	standard	n/a	n/a	n/a	n/a	n/a
2520.442	0	1260221	standard_tone	sapo_probe	standard	n/a	n/a	n/a	n/a	n/a
2521.458	0	1260729	standard_tone	sapo_probe	standard	n/a	n/a	n/a	n/a	n/a
2522.474	0	1261237	standard_tone	sapo_probe	standard	n/a	n/a	n/a	n/a	n/a
2523.490	0	1261745	distractor_noise	sapo_probe	distractor	n/a	n/a	n/a	n/a	n/a
2524.506	0	1262253	oddball_tone	sapo_probe	oddball	n/a	n/a	n/a	n/a	n/a
2525.522	0	1262761	standard_tone	sapo_probe	standard	n/a	n/a	n/a	n/a	n/a
2526.538	0	1263269	distractor_noise	sapo_probe	distractor	n/a	n/a	n/a	n/a	n/a
2527.554	0	1263777	standard_tone	sapo_probe	standard	n/a	n/a	n/a	n/a	n/a
2528.570	0	1264285	distractor_noise	sapo_probe	distractor	n/a	n/a	n/a	n/a	n/a
2529.584	0	1264792	standard_tone	sapo_probe	standard	n/a	n/a	n/a	n/a	n/a
2530.600	0	1265300	standard_tone	sapo_probe	standard	n/a	n/a	n/a	n/a	n/a
2531.616	0	1265808	oddball_tone	sapo_probe	oddball	n/a	n/a	n/a	n/a	n/a
2532.632	0	1266316	standard_tone	sapo_probe	standard	n/a	n/a	n/a	n/a	n/a
2533.648	0	1266824	standard_tone	sapo_probe	standard	n/a	n/a	n/a	n/a	n/a
2534.664	0	1267332	standard_tone	sapo_probe	standard	n/a	n/a	n/a	n/a	n/a
2535.680	0	1267840	standard_tone	sapo_probe	standard	n/a	n/a	n/a	n/a	n/a
2536.680	0	1268340	distractor_noise	sapo_probe	distractor	n/a	n/a	n/a	n/a	n/a
2537.694	0	1268847	standard_tone	sapo_probe	standard	n/a	n/a	n/a	n/a	n/a
2538.710	0	1269355	oddball_tone	sapo_probe	oddball	n/a	n/a	n/a	n/a	n/a
2539.710	0	1269855	distractor_noise	sapo_probe	distractor	n/a	n/a	n/a	n/a	n/a
2540.726	0	1270363	standard_tone	sapo_probe	standard	n/a	n/a	n/a	n/a	n/a
2541.726	0	1270863	standard_tone	sapo_probe	standard	n/a	n/a	n/a	n/a	n/a
2542.740	0	1271370	distractor_noise	sapo_probe	distractor	n/a	n/a	n/a	n/a	n/a
2543.756	0	1271878	standard_tone	sapo_probe	standard	n/a	n/a	n/a	n/a	n/a
2544.772	0	1272386	standard_tone	sapo_probe	standard	n/a	n/a	n/a	n/a	n/a
2545.788	0	1272894	standard_tone	sapo_probe	standard	n/a	n/a	n/a	n/a	n/a
2546.804	0	1273402	standard_tone	sapo_probe	standard	n/a	n/a	n/a	n/a	n/a
2547.820	0	1273910	standard_tone	sapo_probe	standard	n/a	n/a	n/a	n/a	n/a
2548.836	0	1274418	standard_tone	sapo_probe	standard	n/a	n/a	n/a	n/a	n/a
2549.834	0	1274917	standard_tone	sapo_probe	standard	n/a	n/a	n/a	n/a	n/a
2550.850	0	1275425	oddball_tone	sapo_probe	oddball	n/a	n/a	n/a	n/a	n/a
2551.866	0	1275933	standard_tone	sapo_probe	standard	n/a	n/a	n/a	n/a	n/a
2552.882	0	1276441	oddball_tone	sapo_probe	oddball	n/a	n/a	n/a	n/a	n/a
2553.898	0	1276949	distractor_noise	sapo_probe	distractor	n/a	n/a	n/a	n/a	n/a
2554.914	0	1277457	standard_tone	sapo_probe	standard	n/a	n/a	n/a	n/a	n/a
2555.930	0	1277965	standard_tone	sapo_probe	standard	n/a	n/a	n/a	n/a	n/a
2556.930	0	1278465	standard_tone	sapo_probe	standard	n/a	n/a	n/a	n/a	n/a
2557.944	0	1278972	standard_tone	sapo_probe	standard	n/a	n/a	n/a	n/a	n/a
2558.960	0	1279480	standard_tone	sapo_probe	standard	n/a	n/a	n/a	n/a	n/a
2559.976	0	1279988	oddball_tone	sapo_probe	oddball	n/a	n/a	n/a	n/a	n/a
2560.992	0	1280496	standard_tone	sapo_probe	standard	n/a	n/a	n/a	n/a	n/a
2562.008	0	1281004	standard_tone	sapo_probe	standard	n/a	n/a	n/a	n/a	n/a
2563.024	0	1281512	standard_tone	sapo_probe	standard	n/a	n/a	n/a	n/a	n/a
2564.040	0	1282020	standard_tone	sapo_probe	standard	n/a	n/a	n/a	n/a	n/a
2565.056	0	1282528	standard_tone	sapo_probe	standard	n/a	n/a	n/a	n/a	n/a
2566.072	0	1283036	standard_tone	sapo_probe	standard	n/a	n/a	n/a	n/a	n/a
2567.088	0	1283544	standard_tone	sapo_probe	standard	n/a	n/a	n/a	n/a	n/a
2568.104	0	1284052	standard_tone	sapo_probe	standard	n/a	n/a	n/a	n/a	n/a
2569.118	0	1284559	standard_tone	sapo_probe	standard	n/a	n/a	n/a	n/a	n/a
2570.134	0	1285067	standard_tone	sapo_probe	standard	n/a	n/a	n/a	n/a	n/a
2571.150	0	1285575	standard_tone	sapo_probe	standard	n/a	n/a	n/a	n/a	n/a
2572.166	0	1286083	distractor_noise	sapo_probe	distractor	n/a	n/a	n/a	n/a	n/a
2573.182	0	1286591	standard_tone	sapo_probe	standard	n/a	n/a	n/a	n/a	n/a
2574.198	0	1287099	distractor_noise	sapo_probe	distractor	n/a	n/a	n/a	n/a	n/a
2575.196	0	1287598	standard_tone	sapo_probe	standard	n/a	n/a	n/a	n/a	n/a
2576.212	0	1288106	standard_tone	sapo_probe	standard	n/a	n/a	n/a	n/a	n/a
2577.228	0	1288614	oddball_tone	sapo_probe	oddball	n/a	n/a	n/a	n/a	n/a
2578.228	0	1289114	standard_tone	sapo_probe	standard	n/a	n/a	n/a	n/a	n/a
2579.244	0	1289622	oddball_tone	sapo_probe	oddball	n/a	n/a	n/a	n/a	n/a
2580.242	0	1290121	standard_tone	sapo_probe	standard	n/a	n/a	n/a	n/a	n/a
2581.258	0	1290629	oddball_tone	sapo_probe	oddball	n/a	n/a	n/a	n/a	n/a
2582.274	0	1291137	standard_tone	sapo_probe	standard	n/a	n/a	n/a	n/a	n/a
2583.290	0	1291645	standard_tone	sapo_probe	standard	n/a	n/a	n/a	n/a	n/a
2584.306	0	1292153	oddball_tone	sapo_probe	oddball	n/a	n/a	n/a	n/a	n/a
2585.322	0	1292661	standard_tone	sapo_probe	standard	n/a	n/a	n/a	n/a	n/a
2586.338	0	1293169	standard_tone	sapo_probe	standard	n/a	n/a	n/a	n/a	n/a
2587.354	0	1293677	standard_tone	sapo_probe	standard	n/a	n/a	n/a	n/a	n/a
2588.370	0	1294185	distractor_noise	sapo_probe	distractor	n/a	n/a	n/a	n/a	n/a
2589.386	0	1294693	standard_tone	sapo_probe	standard	n/a	n/a	n/a	n/a	n/a
2590.402	0	1295201	standard_tone	sapo_probe	standard	n/a	n/a	n/a	n/a	n/a
2591.416	0	1295708	standard_tone	sapo_probe	standard	n/a	n/a	n/a	n/a	n/a
2592.432	0	1296216	oddball_tone	sapo_probe	oddball	n/a	n/a	n/a	n/a	n/a
2593.448	0	1296724	distractor_noise	sapo_probe	distractor	n/a	n/a	n/a	n/a	n/a
2594.464	0	1297232	standard_tone	sapo_probe	standard	n/a	n/a	n/a	n/a	n/a
2595.464	0	1297732	standard_tone	sapo_probe	standard	n/a	n/a	n/a	n/a	n/a
2596.480	0	1298240	standard_tone	sapo_probe	standard	n/a	n/a	n/a	n/a	n/a
2597.496	0	1298748	standard_tone	sapo_probe	standard	n/a	n/a	n/a	n/a	n/a
2598.510	0	1299255	standard_tone	sapo_probe	standard	n/a	n/a	n/a	n/a	n/a
2599.526	0	1299763	standard_tone	sapo_probe	standard	n/a	n/a	n/a	n/a	n/a
2600.542	0	1300271	standard_tone	sapo_probe	standard	n/a	n/a	n/a	n/a	n/a
2601.558	0	1300779	oddball_tone	sapo_probe	oddball	n/a	n/a	n/a	n/a	n/a
2602.574	0	1301287	standard_tone	sapo_probe	standard	n/a	n/a	n/a	n/a	n/a
2603.574	0	1301787	standard_tone	sapo_probe	standard	n/a	n/a	n/a	n/a	n/a
2604.590	0	1302295	standard_tone	sapo_probe	standard	n/a	n/a	n/a	n/a	n/a
2605.590	0	1302795	oddball_tone	sapo_probe	oddball	n/a	n/a	n/a	n/a	n/a
2606.604	0	1303302	standard_tone	sapo_probe	standard	n/a	n/a	n/a	n/a	n/a
2607.620	0	1303810	standard_tone	sapo_probe	standard	n/a	n/a	n/a	n/a	n/a
2608.636	0	1304318	distractor_noise	sapo_probe	distractor	n/a	n/a	n/a	n/a	n/a
2609.652	0	1304826	standard_tone	sapo_probe	standard	n/a	n/a	n/a	n/a	n/a
2610.668	0	1305334	oddball_tone	sapo_probe	oddball	n/a	n/a	n/a	n/a	n/a
2611.684	0	1305842	standard_tone	sapo_probe	standard	n/a	n/a	n/a	n/a	n/a
2612.700	0	1306350	standard_tone	sapo_probe	standard	n/a	n/a	n/a	n/a	n/a
2613.716	0	1306858	distractor_noise	sapo_probe	distractor	n/a	n/a	n/a	n/a	n/a
2614.748	0	1307374	silence_end	sapo_probe	silence-end	n/a	n/a	n/a	n/a	n/a
2614.748	0	1307374	gong_begin	sapo_probe	gong-begin	n/a	n/a	n/a	n/a	n/a
2624.956	0	1312478	gong_end	sapo_probe	gong-end	n/a	n/a	n/a	n/a	n/a
2624.956	0	1312478	subblock_end	sapo_probe	subblock-end-duration-152.491	n/a	n/a	n/a	152.491	n/a
2624.956	0	1312478	subblock_begin	sapo_probe	subblock-begin	n/a	n/a	n/a	n/a	n/a
2624.958	0	1312479	silence_begin	sapo_probe	silence-begin	n/a	n/a	n/a	n/a	n/a
2624.958	0	1312479	standard_tone	sapo_probe	standard	n/a	n/a	n/a	n/a	n/a
2625.974	0	1312987	distractor_noise	sapo_probe	distractor	n/a	n/a	n/a	n/a	n/a
2626.988	0	1313494	standard_tone	sapo_probe	standard	n/a	n/a	n/a	n/a	n/a
2628.002	0	1314001	standard_tone	sapo_probe	standard	n/a	n/a	n/a	n/a	n/a
2629.018	0	1314509	standard_tone	sapo_probe	standard	n/a	n/a	n/a	n/a	n/a
2630.034	0	1315017	standard_tone	sapo_probe	standard	n/a	n/a	n/a	n/a	n/a
2631.050	0	1315525	standard_tone	sapo_probe	standard	n/a	n/a	n/a	n/a	n/a
2632.066	0	1316033	standard_tone	sapo_probe	standard	n/a	n/a	n/a	n/a	n/a
2633.082	0	1316541	standard_tone	sapo_probe	standard	n/a	n/a	n/a	n/a	n/a
2634.098	0	1317049	standard_tone	sapo_probe	standard	n/a	n/a	n/a	n/a	n/a
2635.114	0	1317557	distractor_noise	sapo_probe	distractor	n/a	n/a	n/a	n/a	n/a
2636.130	0	1318065	standard_tone	sapo_probe	standard	n/a	n/a	n/a	n/a	n/a
2637.146	0	1318573	standard_tone	sapo_probe	standard	n/a	n/a	n/a	n/a	n/a
2638.162	0	1319081	standard_tone	sapo_probe	standard	n/a	n/a	n/a	n/a	n/a
2639.178	0	1319589	standard_tone	sapo_probe	standard	n/a	n/a	n/a	n/a	n/a
2640.176	0	1320088	standard_tone	sapo_probe	standard	n/a	n/a	n/a	n/a	n/a
2641.176	0	1320588	standard_tone	sapo_probe	standard	n/a	n/a	n/a	n/a	n/a
2642.192	0	1321096	standard_tone	sapo_probe	standard	n/a	n/a	n/a	n/a	n/a
2643.208	0	1321604	standard_tone	sapo_probe	standard	n/a	n/a	n/a	n/a	n/a
2644.224	0	1322112	distractor_noise	sapo_probe	distractor	n/a	n/a	n/a	n/a	n/a
2645.238	0	1322619	standard_tone	sapo_probe	standard	n/a	n/a	n/a	n/a	n/a
2646.254	0	1323127	standard_tone	sapo_probe	standard	n/a	n/a	n/a	n/a	n/a
2647.270	0	1323635	standard_tone	sapo_probe	standard	n/a	n/a	n/a	n/a	n/a
2648.286	0	1324143	standard_tone	sapo_probe	standard	n/a	n/a	n/a	n/a	n/a
2649.304	0	1324652	standard_tone	sapo_probe	standard	n/a	n/a	n/a	n/a	n/a
2650.318	0	1325159	standard_tone	sapo_probe	standard	n/a	n/a	n/a	n/a	n/a
2651.334	0	1325667	standard_tone	sapo_probe	standard	n/a	n/a	n/a	n/a	n/a
2652.350	0	1326175	distractor_noise	sapo_probe	distractor	n/a	n/a	n/a	n/a	n/a
2653.366	0	1326683	standard_tone	sapo_probe	standard	n/a	n/a	n/a	n/a	n/a
2654.414	0	1327207	standard_tone	sapo_probe	standard	n/a	n/a	n/a	n/a	n/a
2655.430	0	1327715	standard_tone	sapo_probe	standard	n/a	n/a	n/a	n/a	n/a
2656.446	0	1328223	standard_tone	sapo_probe	standard	n/a	n/a	n/a	n/a	n/a
2657.462	0	1328731	standard_tone	sapo_probe	standard	n/a	n/a	n/a	n/a	n/a
2658.478	0	1329239	standard_tone	sapo_probe	standard	n/a	n/a	n/a	n/a	n/a
2659.494	0	1329747	standard_tone	sapo_probe	standard	n/a	n/a	n/a	n/a	n/a
2660.510	0	1330255	standard_tone	sapo_probe	standard	n/a	n/a	n/a	n/a	n/a
2661.526	0	1330763	standard_tone	sapo_probe	standard	n/a	n/a	n/a	n/a	n/a
2662.540	0	1331270	standard_tone	sapo_probe	standard	n/a	n/a	n/a	n/a	n/a
2663.556	0	1331778	standard_tone	sapo_probe	standard	n/a	n/a	n/a	n/a	n/a
2664.572	0	1332286	standard_tone	sapo_probe	standard	n/a	n/a	n/a	n/a	n/a
2665.588	0	1332794	standard_tone	sapo_probe	standard	n/a	n/a	n/a	n/a	n/a
2666.604	0	1333302	distractor_noise	sapo_probe	distractor	n/a	n/a	n/a	n/a	n/a
2667.620	0	1333810	standard_tone	sapo_probe	standard	n/a	n/a	n/a	n/a	n/a
2668.636	0	1334318	standard_tone	sapo_probe	standard	n/a	n/a	n/a	n/a	n/a
2669.652	0	1334826	standard_tone	sapo_probe	standard	n/a	n/a	n/a	n/a	n/a
2670.668	0	1335334	standard_tone	sapo_probe	standard	n/a	n/a	n/a	n/a	n/a
2671.684	0	1335842	standard_tone	sapo_probe	standard	n/a	n/a	n/a	n/a	n/a
2672.700	0	1336350	oddball_tone	sapo_probe	oddball	n/a	n/a	n/a	n/a	n/a
2673.716	0	1336858	standard_tone	sapo_probe	standard	n/a	n/a	n/a	n/a	n/a
2674.732	0	1337366	oddball_tone	sapo_probe	oddball	n/a	n/a	n/a	n/a	n/a
2675.748	0	1337874	standard_tone	sapo_probe	standard	n/a	n/a	n/a	n/a	n/a
2676.762	0	1338381	oddball_tone	sapo_probe	oddball	n/a	n/a	n/a	n/a	n/a
2677.778	0	1338889	standard_tone	sapo_probe	standard	n/a	n/a	n/a	n/a	n/a
2678.794	0	1339397	distractor_noise	sapo_probe	distractor	n/a	n/a	n/a	n/a	n/a
2679.128	0	1339564	prompt_window_begin	sapo_probe	probe-sapo-probe-begin	n/a	n/a	n/a	n/a	n/a
2686.222	0	1343111	clicker_press	sapo_probe	response-received-page_up	n/a	n/a	n/a	n/a	page_up
2686.854	0	1343427	clicker_press	sapo_probe	response-received-page_up	n/a	n/a	n/a	n/a	page_up
2687.470	0	1343735	clicker_press	sapo_probe	response-received-page_up	n/a	n/a	n/a	n/a	page_up
2688.154	0	1344077	depth_rating	sapo_probe	rating-sapo-probe-meditation_depth-3	3	n/a	n/a	n/a	n/a
2694.800	0	1347400	clicker_press	sapo_probe	response-received-page_up	n/a	n/a	n/a	n/a	page_up
2695.382	0	1347691	clicker_press	sapo_probe	response-received-page_up	n/a	n/a	n/a	n/a	page_up
2695.948	0	1347974	clicker_press	sapo_probe	response-received-page_up	n/a	n/a	n/a	n/a	page_up
2696.414	0	1348207	clicker_press	sapo_probe	response-received-page_up	n/a	n/a	n/a	n/a	page_up
2696.964	0	1348482	clicker_press	sapo_probe	response-received-page_up	n/a	n/a	n/a	n/a	page_up
2698.214	0	1349107	confidence_rating	sapo_probe	rating-sapo-probe-confidence_depth-5	n/a	5	n/a	n/a	n/a
2701.692	0	1350846	prompt_window_end	sapo_probe	probe-sapo-probe-end	n/a	n/a	n/a	n/a	n/a
2701.694	0	1350847	standard_tone	sapo_probe	standard	n/a	n/a	n/a	n/a	n/a
2702.708	0	1351354	distractor_noise	sapo_probe	distractor	n/a	n/a	n/a	n/a	n/a
2703.724	0	1351862	standard_tone	sapo_probe	standard	n/a	n/a	n/a	n/a	n/a
2704.740	0	1352370	standard_tone	sapo_probe	standard	n/a	n/a	n/a	n/a	n/a
2705.756	0	1352878	standard_tone	sapo_probe	standard	n/a	n/a	n/a	n/a	n/a
2706.772	0	1353386	standard_tone	sapo_probe	standard	n/a	n/a	n/a	n/a	n/a
2707.788	0	1353894	standard_tone	sapo_probe	standard	n/a	n/a	n/a	n/a	n/a
2708.804	0	1354402	standard_tone	sapo_probe	standard	n/a	n/a	n/a	n/a	n/a
2709.820	0	1354910	standard_tone	sapo_probe	standard	n/a	n/a	n/a	n/a	n/a
2710.834	0	1355417	standard_tone	sapo_probe	standard	n/a	n/a	n/a	n/a	n/a
2711.850	0	1355925	standard_tone	sapo_probe	standard	n/a	n/a	n/a	n/a	n/a
2712.866	0	1356433	standard_tone	sapo_probe	standard	n/a	n/a	n/a	n/a	n/a
2713.882	0	1356941	standard_tone	sapo_probe	standard	n/a	n/a	n/a	n/a	n/a
2714.898	0	1357449	standard_tone	sapo_probe	standard	n/a	n/a	n/a	n/a	n/a
2715.914	0	1357957	distractor_noise	sapo_probe	distractor	n/a	n/a	n/a	n/a	n/a
2716.930	0	1358465	standard_tone	sapo_probe	standard	n/a	n/a	n/a	n/a	n/a
2717.930	0	1358965	standard_tone	sapo_probe	standard	n/a	n/a	n/a	n/a	n/a
2718.944	0	1359472	standard_tone	sapo_probe	standard	n/a	n/a	n/a	n/a	n/a
2719.960	0	1359980	standard_tone	sapo_probe	standard	n/a	n/a	n/a	n/a	n/a
2720.976	0	1360488	standard_tone	sapo_probe	standard	n/a	n/a	n/a	n/a	n/a
2721.992	0	1360996	standard_tone	sapo_probe	standard	n/a	n/a	n/a	n/a	n/a
2723.008	0	1361504	standard_tone	sapo_probe	standard	n/a	n/a	n/a	n/a	n/a
2724.024	0	1362012	distractor_noise	sapo_probe	distractor	n/a	n/a	n/a	n/a	n/a
2725.040	0	1362520	standard_tone	sapo_probe	standard	n/a	n/a	n/a	n/a	n/a
2726.056	0	1363028	standard_tone	sapo_probe	standard	n/a	n/a	n/a	n/a	n/a
2727.070	0	1363535	standard_tone	sapo_probe	standard	n/a	n/a	n/a	n/a	n/a
2728.086	0	1364043	standard_tone	sapo_probe	standard	n/a	n/a	n/a	n/a	n/a
2729.104	0	1364552	standard_tone	sapo_probe	standard	n/a	n/a	n/a	n/a	n/a
2730.120	0	1365060	oddball_tone	sapo_probe	oddball	n/a	n/a	n/a	n/a	n/a
2731.134	0	1365567	distractor_noise	sapo_probe	distractor	n/a	n/a	n/a	n/a	n/a
2732.134	0	1366067	standard_tone	sapo_probe	standard	n/a	n/a	n/a	n/a	n/a
2733.150	0	1366575	standard_tone	sapo_probe	standard	n/a	n/a	n/a	n/a	n/a
2734.166	0	1367083	standard_tone	sapo_probe	standard	n/a	n/a	n/a	n/a	n/a
2735.180	0	1367590	standard_tone	sapo_probe	standard	n/a	n/a	n/a	n/a	n/a
2736.196	0	1368098	standard_tone	sapo_probe	standard	n/a	n/a	n/a	n/a	n/a
2737.196	0	1368598	standard_tone	sapo_probe	standard	n/a	n/a	n/a	n/a	n/a
2738.212	0	1369106	standard_tone	sapo_probe	standard	n/a	n/a	n/a	n/a	n/a
2739.228	0	1369614	standard_tone	sapo_probe	standard	n/a	n/a	n/a	n/a	n/a
2740.244	0	1370122	distractor_noise	sapo_probe	distractor	n/a	n/a	n/a	n/a	n/a
2741.260	0	1370630	standard_tone	sapo_probe	standard	n/a	n/a	n/a	n/a	n/a
2742.276	0	1371138	standard_tone	sapo_probe	standard	n/a	n/a	n/a	n/a	n/a
2743.290	0	1371645	oddball_tone	sapo_probe	oddball	n/a	n/a	n/a	n/a	n/a
2744.306	0	1372153	standard_tone	sapo_probe	standard	n/a	n/a	n/a	n/a	n/a
2745.322	0	1372661	oddball_tone	sapo_probe	oddball	n/a	n/a	n/a	n/a	n/a
2746.338	0	1373169	standard_tone	sapo_probe	standard	n/a	n/a	n/a	n/a	n/a
2747.338	0	1373669	distractor_noise	sapo_probe	distractor	n/a	n/a	n/a	n/a	n/a
2748.354	0	1374177	standard_tone	sapo_probe	standard	n/a	n/a	n/a	n/a	n/a
2749.370	0	1374685	standard_tone	sapo_probe	standard	n/a	n/a	n/a	n/a	n/a
2750.386	0	1375193	standard_tone	sapo_probe	standard	n/a	n/a	n/a	n/a	n/a
2751.400	0	1375700	distractor_noise	sapo_probe	distractor	n/a	n/a	n/a	n/a	n/a
2752.416	0	1376208	standard_tone	sapo_probe	standard	n/a	n/a	n/a	n/a	n/a
2753.432	0	1376716	distractor_noise	sapo_probe	distractor	n/a	n/a	n/a	n/a	n/a
2754.448	0	1377224	standard_tone	sapo_probe	standard	n/a	n/a	n/a	n/a	n/a
2755.466	0	1377733	distractor_noise	sapo_probe	distractor	n/a	n/a	n/a	n/a	n/a
2756.480	0	1378240	standard_tone	sapo_probe	standard	n/a	n/a	n/a	n/a	n/a
2757.496	0	1378748	standard_tone	sapo_probe	standard	n/a	n/a	n/a	n/a	n/a
2758.512	0	1379256	standard_tone	sapo_probe	standard	n/a	n/a	n/a	n/a	n/a
2759.528	0	1379764	oddball_tone	sapo_probe	oddball	n/a	n/a	n/a	n/a	n/a
2760.544	0	1380272	standard_tone	sapo_probe	standard	n/a	n/a	n/a	n/a	n/a
2761.560	0	1380780	standard_tone	sapo_probe	standard	n/a	n/a	n/a	n/a	n/a
2762.574	0	1381287	standard_tone	sapo_probe	standard	n/a	n/a	n/a	n/a	n/a
2763.590	0	1381795	standard_tone	sapo_probe	standard	n/a	n/a	n/a	n/a	n/a
2764.606	0	1382303	distractor_noise	sapo_probe	distractor	n/a	n/a	n/a	n/a	n/a
2765.356	0	1382678	silence_end	sapo_probe	silence-end	n/a	n/a	n/a	n/a	n/a
2765.358	0	1382679	subblock_end	sapo_probe	subblock-end-duration-140.4	n/a	n/a	n/a	140.400	n/a
2765.358	0	1382679	subblock_begin	sapo_probe	subblock-begin	n/a	n/a	n/a	n/a	n/a
2765.358	0	1382679	silence_begin	sapo_probe	silence-begin	n/a	n/a	n/a	n/a	n/a
2765.622	0	1382811	standard_tone	sapo_probe	standard	n/a	n/a	n/a	n/a	n/a
2766.640	0	1383320	distractor_noise	sapo_probe	distractor	n/a	n/a	n/a	n/a	n/a
2767.654	0	1383827	standard_tone	sapo_probe	standard	n/a	n/a	n/a	n/a	n/a
2768.670	0	1384335	standard_tone	sapo_probe	standard	n/a	n/a	n/a	n/a	n/a
2769.686	0	1384843	distractor_noise	sapo_probe	distractor	n/a	n/a	n/a	n/a	n/a
2770.684	0	1385342	standard_tone	sapo_probe	standard	n/a	n/a	n/a	n/a	n/a
2771.700	0	1385850	standard_tone	sapo_probe	standard	n/a	n/a	n/a	n/a	n/a
2772.716	0	1386358	standard_tone	sapo_probe	standard	n/a	n/a	n/a	n/a	n/a
2773.732	0	1386866	oddball_tone	sapo_probe	oddball	n/a	n/a	n/a	n/a	n/a
2774.748	0	1387374	standard_tone	sapo_probe	standard	n/a	n/a	n/a	n/a	n/a
2775.764	0	1387882	standard_tone	sapo_probe	standard	n/a	n/a	n/a	n/a	n/a
2776.780	0	1388390	distractor_noise	sapo_probe	distractor	n/a	n/a	n/a	n/a	n/a
2777.796	0	1388898	standard_tone	sapo_probe	standard	n/a	n/a	n/a	n/a	n/a
2778.812	0	1389406	distractor_noise	sapo_probe	distractor	n/a	n/a	n/a	n/a	n/a
2779.828	0	1389914	standard_tone	sapo_probe	standard	n/a	n/a	n/a	n/a	n/a
2780.844	0	1390422	standard_tone	sapo_probe	standard	n/a	n/a	n/a	n/a	n/a
2781.858	0	1390929	standard_tone	sapo_probe	standard	n/a	n/a	n/a	n/a	n/a
2782.874	0	1391437	standard_tone	sapo_probe	standard	n/a	n/a	n/a	n/a	n/a
2783.890	0	1391945	standard_tone	sapo_probe	standard	n/a	n/a	n/a	n/a	n/a
2784.906	0	1392453	standard_tone	sapo_probe	standard	n/a	n/a	n/a	n/a	n/a
2785.922	0	1392961	standard_tone	sapo_probe	standard	n/a	n/a	n/a	n/a	n/a
2786.938	0	1393469	standard_tone	sapo_probe	standard	n/a	n/a	n/a	n/a	n/a
2787.954	0	1393977	standard_tone	sapo_probe	standard	n/a	n/a	n/a	n/a	n/a
2788.954	0	1394477	standard_tone	sapo_probe	standard	n/a	n/a	n/a	n/a	n/a
2789.968	0	1394984	distractor_noise	sapo_probe	distractor	n/a	n/a	n/a	n/a	n/a
2790.984	0	1395492	standard_tone	sapo_probe	standard	n/a	n/a	n/a	n/a	n/a
2792.000	0	1396000	standard_tone	sapo_probe	standard	n/a	n/a	n/a	n/a	n/a
2793.016	0	1396508	standard_tone	sapo_probe	standard	n/a	n/a	n/a	n/a	n/a
2794.032	0	1397016	oddball_tone	sapo_probe	oddball	n/a	n/a	n/a	n/a	n/a
2795.048	0	1397524	standard_tone	sapo_probe	standard	n/a	n/a	n/a	n/a	n/a
2796.064	0	1398032	standard_tone	sapo_probe	standard	n/a	n/a	n/a	n/a	n/a
2797.080	0	1398540	standard_tone	sapo_probe	standard	n/a	n/a	n/a	n/a	n/a
2798.096	0	1399048	standard_tone	sapo_probe	standard	n/a	n/a	n/a	n/a	n/a
2799.094	0	1399547	standard_tone	sapo_probe	standard	n/a	n/a	n/a	n/a	n/a
2800.110	0	1400055	oddball_tone	sapo_probe	oddball	n/a	n/a	n/a	n/a	n/a
2801.128	0	1400564	standard_tone	sapo_probe	standard	n/a	n/a	n/a	n/a	n/a
2802.142	0	1401071	standard_tone	sapo_probe	standard	n/a	n/a	n/a	n/a	n/a
2803.158	0	1401579	standard_tone	sapo_probe	standard	n/a	n/a	n/a	n/a	n/a
2804.174	0	1402087	standard_tone	sapo_probe	standard	n/a	n/a	n/a	n/a	n/a
2805.190	0	1402595	distractor_noise	sapo_probe	distractor	n/a	n/a	n/a	n/a	n/a
2806.206	0	1403103	standard_tone	sapo_probe	standard	n/a	n/a	n/a	n/a	n/a
2807.222	0	1403611	standard_tone	sapo_probe	standard	n/a	n/a	n/a	n/a	n/a
2808.236	0	1404118	standard_tone	sapo_probe	standard	n/a	n/a	n/a	n/a	n/a
2809.236	0	1404618	standard_tone	sapo_probe	standard	n/a	n/a	n/a	n/a	n/a
2810.252	0	1405126	standard_tone	sapo_probe	standard	n/a	n/a	n/a	n/a	n/a
2811.268	0	1405634	standard_tone	sapo_probe	standard	n/a	n/a	n/a	n/a	n/a
2812.284	0	1406142	oddball_tone	sapo_probe	oddball	n/a	n/a	n/a	n/a	n/a
2813.300	0	1406650	standard_tone	sapo_probe	standard	n/a	n/a	n/a	n/a	n/a
2814.316	0	1407158	standard_tone	sapo_probe	standard	n/a	n/a	n/a	n/a	n/a
2815.332	0	1407666	standard_tone	sapo_probe	standard	n/a	n/a	n/a	n/a	n/a
2816.348	0	1408174	standard_tone	sapo_probe	standard	n/a	n/a	n/a	n/a	n/a
2817.364	0	1408682	standard_tone	sapo_probe	standard	n/a	n/a	n/a	n/a	n/a
2818.378	0	1409189	distractor_noise	sapo_probe	distractor	n/a	n/a	n/a	n/a	n/a
2819.394	0	1409697	standard_tone	sapo_probe	standard	n/a	n/a	n/a	n/a	n/a
2820.410	0	1410205	oddball_tone	sapo_probe	oddball	n/a	n/a	n/a	n/a	n/a
2821.426	0	1410713	standard_tone	sapo_probe	standard	n/a	n/a	n/a	n/a	n/a
2822.442	0	1411221	standard_tone	sapo_probe	standard	n/a	n/a	n/a	n/a	n/a
2823.458	0	1411729	standard_tone	sapo_probe	standard	n/a	n/a	n/a	n/a	n/a
2824.474	0	1412237	oddball_tone	sapo_probe	oddball	n/a	n/a	n/a	n/a	n/a
2825.490	0	1412745	standard_tone	sapo_probe	standard	n/a	n/a	n/a	n/a	n/a
2826.506	0	1413253	standard_tone	sapo_probe	standard	n/a	n/a	n/a	n/a	n/a
2827.522	0	1413761	standard_tone	sapo_probe	standard	n/a	n/a	n/a	n/a	n/a
2828.538	0	1414269	standard_tone	sapo_probe	standard	n/a	n/a	n/a	n/a	n/a
2829.552	0	1414776	distractor_noise	sapo_probe	distractor	n/a	n/a	n/a	n/a	n/a
2830.568	0	1415284	standard_tone	sapo_probe	standard	n/a	n/a	n/a	n/a	n/a
2831.584	0	1415792	standard_tone	sapo_probe	standard	n/a	n/a	n/a	n/a	n/a
2832.600	0	1416300	standard_tone	sapo_probe	standard	n/a	n/a	n/a	n/a	n/a
2833.616	0	1416808	oddball_tone	sapo_probe	oddball	n/a	n/a	n/a	n/a	n/a
2834.632	0	1417316	standard_tone	sapo_probe	standard	n/a	n/a	n/a	n/a	n/a
2835.648	0	1417824	standard_tone	sapo_probe	standard	n/a	n/a	n/a	n/a	n/a
2836.648	0	1418324	standard_tone	sapo_probe	standard	n/a	n/a	n/a	n/a	n/a
2837.662	0	1418831	standard_tone	sapo_probe	standard	n/a	n/a	n/a	n/a	n/a
2838.678	0	1419339	standard_tone	sapo_probe	standard	n/a	n/a	n/a	n/a	n/a
2839.694	0	1419847	standard_tone	sapo_probe	standard	n/a	n/a	n/a	n/a	n/a
2840.710	0	1420355	distractor_noise	sapo_probe	distractor	n/a	n/a	n/a	n/a	n/a
2841.726	0	1420863	standard_tone	sapo_probe	standard	n/a	n/a	n/a	n/a	n/a
2842.742	0	1421371	standard_tone	sapo_probe	standard	n/a	n/a	n/a	n/a	n/a
2843.758	0	1421879	standard_tone	sapo_probe	standard	n/a	n/a	n/a	n/a	n/a
2844.774	0	1422387	standard_tone	sapo_probe	standard	n/a	n/a	n/a	n/a	n/a
2845.790	0	1422895	standard_tone	sapo_probe	standard	n/a	n/a	n/a	n/a	n/a
2846.806	0	1423403	standard_tone	sapo_probe	standard	n/a	n/a	n/a	n/a	n/a
2847.822	0	1423911	standard_tone	sapo_probe	standard	n/a	n/a	n/a	n/a	n/a
2848.836	0	1424418	standard_tone	sapo_probe	standard	n/a	n/a	n/a	n/a	n/a
2849.836	0	1424918	standard_tone	sapo_probe	standard	n/a	n/a	n/a	n/a	n/a
2850.852	0	1425426	standard_tone	sapo_probe	standard	n/a	n/a	n/a	n/a	n/a
2851.868	0	1425934	standard_tone	sapo_probe	standard	n/a	n/a	n/a	n/a	n/a
2852.884	0	1426442	standard_tone	sapo_probe	standard	n/a	n/a	n/a	n/a	n/a
2853.900	0	1426950	standard_tone	sapo_probe	standard	n/a	n/a	n/a	n/a	n/a
2854.916	0	1427458	distractor_noise	sapo_probe	distractor	n/a	n/a	n/a	n/a	n/a
2855.930	0	1427965	standard_tone	sapo_probe	standard	n/a	n/a	n/a	n/a	n/a
2856.946	0	1428473	oddball_tone	sapo_probe	oddball	n/a	n/a	n/a	n/a	n/a
2857.962	0	1428981	standard_tone	sapo_probe	standard	n/a	n/a	n/a	n/a	n/a
2858.978	0	1429489	standard_tone	sapo_probe	standard	n/a	n/a	n/a	n/a	n/a
2859.994	0	1429997	oddball_tone	sapo_probe	oddball	n/a	n/a	n/a	n/a	n/a
2861.010	0	1430505	standard_tone	sapo_probe	standard	n/a	n/a	n/a	n/a	n/a
2862.026	0	1431013	standard_tone	sapo_probe	standard	n/a	n/a	n/a	n/a	n/a
2863.026	0	1431513	standard_tone	sapo_probe	standard	n/a	n/a	n/a	n/a	n/a
2864.040	0	1432020	standard_tone	sapo_probe	standard	n/a	n/a	n/a	n/a	n/a
2865.056	0	1432528	distractor_noise	sapo_probe	distractor	n/a	n/a	n/a	n/a	n/a
2866.056	0	1433028	standard_tone	sapo_probe	standard	n/a	n/a	n/a	n/a	n/a
2867.072	0	1433536	standard_tone	sapo_probe	standard	n/a	n/a	n/a	n/a	n/a
2868.088	0	1434044	standard_tone	sapo_probe	standard	n/a	n/a	n/a	n/a	n/a
2869.104	0	1434552	standard_tone	sapo_probe	standard	n/a	n/a	n/a	n/a	n/a
2870.120	0	1435060	standard_tone	sapo_probe	standard	n/a	n/a	n/a	n/a	n/a
2871.134	0	1435567	standard_tone	sapo_probe	standard	n/a	n/a	n/a	n/a	n/a
2872.150	0	1436075	standard_tone	sapo_probe	standard	n/a	n/a	n/a	n/a	n/a
2873.166	0	1436583	standard_tone	sapo_probe	standard	n/a	n/a	n/a	n/a	n/a
2874.182	0	1437091	standard_tone	sapo_probe	standard	n/a	n/a	n/a	n/a	n/a
2875.198	0	1437599	standard_tone	sapo_probe	standard	n/a	n/a	n/a	n/a	n/a
2876.214	0	1438107	distractor_noise	sapo_probe	distractor	n/a	n/a	n/a	n/a	n/a
2877.230	0	1438615	standard_tone	sapo_probe	standard	n/a	n/a	n/a	n/a	n/a
2878.246	0	1439123	standard_tone	sapo_probe	standard	n/a	n/a	n/a	n/a	n/a
2879.262	0	1439631	oddball_tone	sapo_probe	oddball	n/a	n/a	n/a	n/a	n/a
2880.278	0	1440139	standard_tone	sapo_probe	standard	n/a	n/a	n/a	n/a	n/a
2881.294	0	1440647	standard_tone	sapo_probe	standard	n/a	n/a	n/a	n/a	n/a
2882.308	0	1441154	standard_tone	sapo_probe	standard	n/a	n/a	n/a	n/a	n/a
2882.626	0	1441313	silence_end	sapo_probe	silence-end	n/a	n/a	n/a	n/a	n/a
2882.626	0	1441313	gong_begin	sapo_probe	gong-begin	n/a	n/a	n/a	n/a	n/a
2892.750	0	1446375	gong_end	sapo_probe	gong-end	n/a	n/a	n/a	n/a	n/a
2892.752	0	1446376	subblock_end	sapo_probe	subblock-end-duration-127.394	n/a	n/a	n/a	127.394	n/a
2892.752	0	1446376	subblock_begin	sapo_probe	subblock-begin	n/a	n/a	n/a	n/a	n/a
2892.752	0	1446376	silence_begin	sapo_probe	silence-begin	n/a	n/a	n/a	n/a	n/a
2892.752	0	1446376	oddball_tone	sapo_probe	oddball	n/a	n/a	n/a	n/a	n/a
2893.766	0	1446883	standard_tone	sapo_probe	standard	n/a	n/a	n/a	n/a	n/a
2894.782	0	1447391	standard_tone	sapo_probe	standard	n/a	n/a	n/a	n/a	n/a
2895.798	0	1447899	standard_tone	sapo_probe	standard	n/a	n/a	n/a	n/a	n/a
2896.798	0	1448399	standard_tone	sapo_probe	standard	n/a	n/a	n/a	n/a	n/a
2897.812	0	1448906	oddball_tone	sapo_probe	oddball	n/a	n/a	n/a	n/a	n/a
2898.828	0	1449414	standard_tone	sapo_probe	standard	n/a	n/a	n/a	n/a	n/a
2899.844	0	1449922	oddball_tone	sapo_probe	oddball	n/a	n/a	n/a	n/a	n/a
2900.860	0	1450430	standard_tone	sapo_probe	standard	n/a	n/a	n/a	n/a	n/a
2901.876	0	1450938	standard_tone	sapo_probe	standard	n/a	n/a	n/a	n/a	n/a
2902.892	0	1451446	standard_tone	sapo_probe	standard	n/a	n/a	n/a	n/a	n/a
2903.892	0	1451946	standard_tone	sapo_probe	standard	n/a	n/a	n/a	n/a	n/a
2904.906	0	1452453	standard_tone	sapo_probe	standard	n/a	n/a	n/a	n/a	n/a
2905.706	0	1452853	prompt_window_begin	sapo_probe	probe-sapo-probe-begin	n/a	n/a	n/a	n/a	n/a
2912.552	0	1456276	clicker_press	sapo_probe	response-received-page_up	n/a	n/a	n/a	n/a	page_up
2913.284	0	1456642	clicker_press	sapo_probe	response-received-page_up	n/a	n/a	n/a	n/a	page_up
2913.950	0	1456975	clicker_press	sapo_probe	response-received-page_up	n/a	n/a	n/a	n/a	page_up
2914.732	0	1457366	depth_rating	sapo_probe	rating-sapo-probe-meditation_depth-3	3	n/a	n/a	n/a	n/a
2921.410	0	1460705	clicker_press	sapo_probe	response-received-page_up	n/a	n/a	n/a	n/a	page_up
2922.026	0	1461013	clicker_press	sapo_probe	response-received-page_up	n/a	n/a	n/a	n/a	page_up
2922.526	0	1461263	clicker_press	sapo_probe	response-received-page_up	n/a	n/a	n/a	n/a	page_up
2923.142	0	1461571	clicker_press	sapo_probe	response-received-page_up	n/a	n/a	n/a	n/a	page_up
2924.992	0	1462496	confidence_rating	sapo_probe	rating-sapo-probe-confidence_depth-4	n/a	4	n/a	n/a	n/a
2928.440	0	1464220	prompt_window_end	sapo_probe	probe-sapo-probe-end	n/a	n/a	n/a	n/a	n/a
2928.442	0	1464221	standard_tone	sapo_probe	standard	n/a	n/a	n/a	n/a	n/a
2929.454	0	1464727	standard_tone	sapo_probe	standard	n/a	n/a	n/a	n/a	n/a
2930.468	0	1465234	standard_tone	sapo_probe	standard	n/a	n/a	n/a	n/a	n/a
2931.484	0	1465742	standard_tone	sapo_probe	standard	n/a	n/a	n/a	n/a	n/a
2932.500	0	1466250	standard_tone	sapo_probe	standard	n/a	n/a	n/a	n/a	n/a
2933.516	0	1466758	standard_tone	sapo_probe	standard	n/a	n/a	n/a	n/a	n/a
2934.532	0	1467266	standard_tone	sapo_probe	standard	n/a	n/a	n/a	n/a	n/a
2935.548	0	1467774	standard_tone	sapo_probe	standard	n/a	n/a	n/a	n/a	n/a
2936.548	0	1468274	standard_tone	sapo_probe	standard	n/a	n/a	n/a	n/a	n/a
2937.564	0	1468782	standard_tone	sapo_probe	standard	n/a	n/a	n/a	n/a	n/a
2938.578	0	1469289	standard_tone	sapo_probe	standard	n/a	n/a	n/a	n/a	n/a
2939.594	0	1469797	oddball_tone	sapo_probe	oddball	n/a	n/a	n/a	n/a	n/a
2940.610	0	1470305	standard_tone	sapo_probe	standard	n/a	n/a	n/a	n/a	n/a
2941.628	0	1470814	standard_tone	sapo_probe	standard	n/a	n/a	n/a	n/a	n/a
2942.642	0	1471321	standard_tone	sapo_probe	standard	n/a	n/a	n/a	n/a	n/a
2943.658	0	1471829	standard_tone	sapo_probe	standard	n/a	n/a	n/a	n/a	n/a
2944.674	0	1472337	standard_tone	sapo_probe	standard	n/a	n/a	n/a	n/a	n/a
2945.690	0	1472845	distractor_noise	sapo_probe	distractor	n/a	n/a	n/a	n/a	n/a
2946.706	0	1473353	oddball_tone	sapo_probe	oddball	n/a	n/a	n/a	n/a	n/a
2947.722	0	1473861	standard_tone	sapo_probe	standard	n/a	n/a	n/a	n/a	n/a
2948.738	0	1474369	standard_tone	sapo_probe	standard	n/a	n/a	n/a	n/a	n/a
2949.754	0	1474877	oddball_tone	sapo_probe	oddball	n/a	n/a	n/a	n/a	n/a
2950.770	0	1475385	standard_tone	sapo_probe	standard	n/a	n/a	n/a	n/a	n/a
2951.786	0	1475893	standard_tone	sapo_probe	standard	n/a	n/a	n/a	n/a	n/a
2952.800	0	1476400	oddball_tone	sapo_probe	oddball	n/a	n/a	n/a	n/a	n/a
2953.816	0	1476908	distractor_noise	sapo_probe	distractor	n/a	n/a	n/a	n/a	n/a
2954.816	0	1477408	standard_tone	sapo_probe	standard	n/a	n/a	n/a	n/a	n/a
2955.832	0	1477916	standard_tone	sapo_probe	standard	n/a	n/a	n/a	n/a	n/a
2956.848	0	1478424	standard_tone	sapo_probe	standard	n/a	n/a	n/a	n/a	n/a
2957.864	0	1478932	oddball_tone	sapo_probe	oddball	n/a	n/a	n/a	n/a	n/a
2958.878	0	1479439	standard_tone	sapo_probe	standard	n/a	n/a	n/a	n/a	n/a
2959.894	0	1479947	standard_tone	sapo_probe	standard	n/a	n/a	n/a	n/a	n/a
2960.910	0	1480455	standard_tone	sapo_probe	standard	n/a	n/a	n/a	n/a	n/a
2961.926	0	1480963	standard_tone	sapo_probe	standard	n/a	n/a	n/a	n/a	n/a
2962.944	0	1481472	standard_tone	sapo_probe	standard	n/a	n/a	n/a	n/a	n/a
2963.958	0	1481979	standard_tone	sapo_probe	standard	n/a	n/a	n/a	n/a	n/a
2964.974	0	1482487	standard_tone	sapo_probe	standard	n/a	n/a	n/a	n/a	n/a
2965.990	0	1482995	standard_tone	sapo_probe	standard	n/a	n/a	n/a	n/a	n/a
2966.990	0	1483495	standard_tone	sapo_probe	standard	n/a	n/a	n/a	n/a	n/a
2968.004	0	1484002	standard_tone	sapo_probe	standard	n/a	n/a	n/a	n/a	n/a
2969.020	0	1484510	standard_tone	sapo_probe	standard	n/a	n/a	n/a	n/a	n/a
2970.036	0	1485018	distractor_noise	sapo_probe	distractor	n/a	n/a	n/a	n/a	n/a
2971.052	0	1485526	standard_tone	sapo_probe	standard	n/a	n/a	n/a	n/a	n/a
2972.052	0	1486026	standard_tone	sapo_probe	standard	n/a	n/a	n/a	n/a	n/a
2973.068	0	1486534	standard_tone	sapo_probe	standard	n/a	n/a	n/a	n/a	n/a
2974.082	0	1487041	standard_tone	sapo_probe	standard	n/a	n/a	n/a	n/a	n/a
2975.098	0	1487549	standard_tone	sapo_probe	standard	n/a	n/a	n/a	n/a	n/a
2976.114	0	1488057	standard_tone	sapo_probe	standard	n/a	n/a	n/a	n/a	n/a
2977.130	0	1488565	standard_tone	sapo_probe	standard	n/a	n/a	n/a	n/a	n/a
2978.146	0	1489073	standard_tone	sapo_probe	standard	n/a	n/a	n/a	n/a	n/a
2979.162	0	1489581	standard_tone	sapo_probe	standard	n/a	n/a	n/a	n/a	n/a
2980.178	0	1490089	standard_tone	sapo_probe	standard	n/a	n/a	n/a	n/a	n/a
2981.194	0	1490597	standard_tone	sapo_probe	standard	n/a	n/a	n/a	n/a	n/a
2982.210	0	1491105	standard_tone	sapo_probe	standard	n/a	n/a	n/a	n/a	n/a
2983.226	0	1491613	standard_tone	sapo_probe	standard	n/a	n/a	n/a	n/a	n/a
2984.242	0	1492121	standard_tone	sapo_probe	standard	n/a	n/a	n/a	n/a	n/a
2985.258	0	1492629	standard_tone	sapo_probe	standard	n/a	n/a	n/a	n/a	n/a
2986.272	0	1493136	standard_tone	sapo_probe	standard	n/a	n/a	n/a	n/a	n/a
2987.290	0	1493645	standard_tone	sapo_probe	standard	n/a	n/a	n/a	n/a	n/a
2988.304	0	1494152	standard_tone	sapo_probe	standard	n/a	n/a	n/a	n/a	n/a
2989.320	0	1494660	oddball_tone	sapo_probe	oddball	n/a	n/a	n/a	n/a	n/a
2990.336	0	1495168	standard_tone	sapo_probe	standard	n/a	n/a	n/a	n/a	n/a
2991.336	0	1495668	standard_tone	sapo_probe	standard	n/a	n/a	n/a	n/a	n/a
2992.352	0	1496176	standard_tone	sapo_probe	standard	n/a	n/a	n/a	n/a	n/a
2993.368	0	1496684	standard_tone	sapo_probe	standard	n/a	n/a	n/a	n/a	n/a
2994.382	0	1497191	standard_tone	sapo_probe	standard	n/a	n/a	n/a	n/a	n/a
2995.398	0	1497699	distractor_noise	sapo_probe	distractor	n/a	n/a	n/a	n/a	n/a
2996.414	0	1498207	standard_tone	sapo_probe	standard	n/a	n/a	n/a	n/a	n/a
2997.414	0	1498707	standard_tone	sapo_probe	standard	n/a	n/a	n/a	n/a	n/a
2998.430	0	1499215	oddball_tone	sapo_probe	oddball	n/a	n/a	n/a	n/a	n/a
2999.446	0	1499723	standard_tone	sapo_probe	standard	n/a	n/a	n/a	n/a	n/a
3000.460	0	1500230	standard_tone	sapo_probe	standard	n/a	n/a	n/a	n/a	n/a
3001.462	0	1500731	standard_tone	sapo_probe	standard	n/a	n/a	n/a	n/a	n/a
3002.476	0	1501238	standard_tone	sapo_probe	standard	n/a	n/a	n/a	n/a	n/a
3003.492	0	1501746	standard_tone	sapo_probe	standard	n/a	n/a	n/a	n/a	n/a
3004.508	0	1502254	distractor_noise	sapo_probe	distractor	n/a	n/a	n/a	n/a	n/a
3005.524	0	1502762	standard_tone	sapo_probe	standard	n/a	n/a	n/a	n/a	n/a
3006.540	0	1503270	standard_tone	sapo_probe	standard	n/a	n/a	n/a	n/a	n/a
3007.540	0	1503770	standard_tone	sapo_probe	standard	n/a	n/a	n/a	n/a	n/a
3008.554	0	1504277	standard_tone	sapo_probe	standard	n/a	n/a	n/a	n/a	n/a
3009.570	0	1504785	distractor_noise	sapo_probe	distractor	n/a	n/a	n/a	n/a	n/a
3010.586	0	1505293	oddball_tone	sapo_probe	oddball	n/a	n/a	n/a	n/a	n/a
3011.602	0	1505801	standard_tone	sapo_probe	standard	n/a	n/a	n/a	n/a	n/a
3012.618	0	1506309	oddball_tone	sapo_probe	oddball	n/a	n/a	n/a	n/a	n/a
3013.634	0	1506817	standard_tone	sapo_probe	standard	n/a	n/a	n/a	n/a	n/a
3014.650	0	1507325	standard_tone	sapo_probe	standard	n/a	n/a	n/a	n/a	n/a
3015.666	0	1507833	standard_tone	sapo_probe	standard	n/a	n/a	n/a	n/a	n/a
3016.680	0	1508340	standard_tone	sapo_probe	standard	n/a	n/a	n/a	n/a	n/a
3017.698	0	1508849	standard_tone	sapo_probe	standard	n/a	n/a	n/a	n/a	n/a
3018.280	0	1509140	silence_end	sapo_probe	silence-end	n/a	n/a	n/a	n/a	n/a
3018.282	0	1509141	subblock_end	sapo_probe	subblock-end-duration-125.53	n/a	n/a	n/a	125.530	n/a
3018.282	0	1509141	subblock_begin	sapo_probe	subblock-begin	n/a	n/a	n/a	n/a	n/a
3018.282	0	1509141	silence_begin	sapo_probe	silence-begin	n/a	n/a	n/a	n/a	n/a
3018.712	0	1509356	standard_tone	sapo_probe	standard	n/a	n/a	n/a	n/a	n/a
3019.728	0	1509864	standard_tone	sapo_probe	standard	n/a	n/a	n/a	n/a	n/a
3020.728	0	1510364	standard_tone	sapo_probe	standard	n/a	n/a	n/a	n/a	n/a
3021.744	0	1510872	distractor_noise	sapo_probe	distractor	n/a	n/a	n/a	n/a	n/a
3022.760	0	1511380	standard_tone	sapo_probe	standard	n/a	n/a	n/a	n/a	n/a
3023.776	0	1511888	standard_tone	sapo_probe	standard	n/a	n/a	n/a	n/a	n/a
3024.790	0	1512395	standard_tone	sapo_probe	standard	n/a	n/a	n/a	n/a	n/a
3025.806	0	1512903	distractor_noise	sapo_probe	distractor	n/a	n/a	n/a	n/a	n/a
3026.822	0	1513411	standard_tone	sapo_probe	standard	n/a	n/a	n/a	n/a	n/a
3027.838	0	1513919	standard_tone	sapo_probe	standard	n/a	n/a	n/a	n/a	n/a
3028.854	0	1514427	distractor_noise	sapo_probe	distractor	n/a	n/a	n/a	n/a	n/a
3029.870	0	1514935	standard_tone	sapo_probe	standard	n/a	n/a	n/a	n/a	n/a
3030.886	0	1515443	standard_tone	sapo_probe	standard	n/a	n/a	n/a	n/a	n/a
3031.902	0	1515951	distractor_noise	sapo_probe	distractor	n/a	n/a	n/a	n/a	n/a
3032.902	0	1516451	standard_tone	sapo_probe	standard	n/a	n/a	n/a	n/a	n/a
3033.916	0	1516958	standard_tone	sapo_probe	standard	n/a	n/a	n/a	n/a	n/a
3034.932	0	1517466	standard_tone	sapo_probe	standard	n/a	n/a	n/a	n/a	n/a
3035.948	0	1517974	distractor_noise	sapo_probe	distractor	n/a	n/a	n/a	n/a	n/a
3036.964	0	1518482	standard_tone	sapo_probe	standard	n/a	n/a	n/a	n/a	n/a
3037.980	0	1518990	standard_tone	sapo_probe	standard	n/a	n/a	n/a	n/a	n/a
3038.996	0	1519498	standard_tone	sapo_probe	standard	n/a	n/a	n/a	n/a	n/a
3040.012	0	1520006	standard_tone	sapo_probe	standard	n/a	n/a	n/a	n/a	n/a
3041.012	0	1520506	standard_tone	sapo_probe	standard	n/a	n/a	n/a	n/a	n/a
3042.026	0	1521013	standard_tone	sapo_probe	standard	n/a	n/a	n/a	n/a	n/a
3043.042	0	1521521	standard_tone	sapo_probe	standard	n/a	n/a	n/a	n/a	n/a
3044.042	0	1522021	distractor_noise	sapo_probe	distractor	n/a	n/a	n/a	n/a	n/a
3045.058	0	1522529	standard_tone	sapo_probe	standard	n/a	n/a	n/a	n/a	n/a
3046.074	0	1523037	oddball_tone	sapo_probe	oddball	n/a	n/a	n/a	n/a	n/a
3047.090	0	1523545	standard_tone	sapo_probe	standard	n/a	n/a	n/a	n/a	n/a
3048.104	0	1524052	standard_tone	sapo_probe	standard	n/a	n/a	n/a	n/a	n/a
3049.120	0	1524560	standard_tone	sapo_probe	standard	n/a	n/a	n/a	n/a	n/a
3050.136	0	1525068	oddball_tone	sapo_probe	oddball	n/a	n/a	n/a	n/a	n/a
3051.154	0	1525577	standard_tone	sapo_probe	standard	n/a	n/a	n/a	n/a	n/a
3052.168	0	1526084	standard_tone	sapo_probe	standard	n/a	n/a	n/a	n/a	n/a
3053.184	0	1526592	standard_tone	sapo_probe	standard	n/a	n/a	n/a	n/a	n/a
3054.200	0	1527100	standard_tone	sapo_probe	standard	n/a	n/a	n/a	n/a	n/a
3055.216	0	1527608	distractor_noise	sapo_probe	distractor	n/a	n/a	n/a	n/a	n/a
3056.234	0	1528117	standard_tone	sapo_probe	standard	n/a	n/a	n/a	n/a	n/a
3057.248	0	1528624	oddball_tone	sapo_probe	oddball	n/a	n/a	n/a	n/a	n/a
3058.264	0	1529132	distractor_noise	sapo_probe	distractor	n/a	n/a	n/a	n/a	n/a
3059.280	0	1529640	standard_tone	sapo_probe	standard	n/a	n/a	n/a	n/a	n/a
3060.294	0	1530147	distractor_noise	sapo_probe	distractor	n/a	n/a	n/a	n/a	n/a
3061.310	0	1530655	standard_tone	sapo_probe	standard	n/a	n/a	n/a	n/a	n/a
3062.326	0	1531163	standard_tone	sapo_probe	standard	n/a	n/a	n/a	n/a	n/a
3063.342	0	1531671	standard_tone	sapo_probe	standard	n/a	n/a	n/a	n/a	n/a
3064.358	0	1532179	standard_tone	sapo_probe	standard	n/a	n/a	n/a	n/a	n/a
3065.374	0	1532687	oddball_tone	sapo_probe	oddball	n/a	n/a	n/a	n/a	n/a
3066.374	0	1533187	standard_tone	sapo_probe	standard	n/a	n/a	n/a	n/a	n/a
3067.388	0	1533694	distractor_noise	sapo_probe	distractor	n/a	n/a	n/a	n/a	n/a
3068.406	0	1534203	standard_tone	sapo_probe	standard	n/a	n/a	n/a	n/a	n/a
3069.420	0	1534710	standard_tone	sapo_probe	standard	n/a	n/a	n/a	n/a	n/a
3070.420	0	1535210	standard_tone	sapo_probe	standard	n/a	n/a	n/a	n/a	n/a
3071.436	0	1535718	distractor_noise	sapo_probe	distractor	n/a	n/a	n/a	n/a	n/a
3072.452	0	1536226	standard_tone	sapo_probe	standard	n/a	n/a	n/a	n/a	n/a
3073.468	0	1536734	distractor_noise	sapo_probe	distractor	n/a	n/a	n/a	n/a	n/a
3074.484	0	1537242	standard_tone	sapo_probe	standard	n/a	n/a	n/a	n/a	n/a
3075.500	0	1537750	standard_tone	sapo_probe	standard	n/a	n/a	n/a	n/a	n/a
3076.514	0	1538257	standard_tone	sapo_probe	standard	n/a	n/a	n/a	n/a	n/a
3077.530	0	1538765	standard_tone	sapo_probe	standard	n/a	n/a	n/a	n/a	n/a
3078.546	0	1539273	standard_tone	sapo_probe	standard	n/a	n/a	n/a	n/a	n/a
3079.546	0	1539773	standard_tone	sapo_probe	standard	n/a	n/a	n/a	n/a	n/a
3080.562	0	1540281	distractor_noise	sapo_probe	distractor	n/a	n/a	n/a	n/a	n/a
3081.578	0	1540789	oddball_tone	sapo_probe	oddball	n/a	n/a	n/a	n/a	n/a
3082.592	0	1541296	standard_tone	sapo_probe	standard	n/a	n/a	n/a	n/a	n/a
3083.608	0	1541804	standard_tone	sapo_probe	standard	n/a	n/a	n/a	n/a	n/a
3084.624	0	1542312	standard_tone	sapo_probe	standard	n/a	n/a	n/a	n/a	n/a
3085.624	0	1542812	oddball_tone	sapo_probe	oddball	n/a	n/a	n/a	n/a	n/a
3086.640	0	1543320	standard_tone	sapo_probe	standard	n/a	n/a	n/a	n/a	n/a
3087.656	0	1543828	standard_tone	sapo_probe	standard	n/a	n/a	n/a	n/a	n/a
3088.672	0	1544336	standard_tone	sapo_probe	standard	n/a	n/a	n/a	n/a	n/a
3089.686	0	1544843	standard_tone	sapo_probe	standard	n/a	n/a	n/a	n/a	n/a
3090.702	0	1545351	standard_tone	sapo_probe	standard	n/a	n/a	n/a	n/a	n/a
3091.718	0	1545859	standard_tone	sapo_probe	standard	n/a	n/a	n/a	n/a	n/a
3092.734	0	1546367	standard_tone	sapo_probe	standard	n/a	n/a	n/a	n/a	n/a
3093.750	0	1546875	standard_tone	sapo_probe	standard	n/a	n/a	n/a	n/a	n/a
3094.766	0	1547383	distractor_noise	sapo_probe	distractor	n/a	n/a	n/a	n/a	n/a
3095.782	0	1547891	standard_tone	sapo_probe	standard	n/a	n/a	n/a	n/a	n/a
3096.798	0	1548399	standard_tone	sapo_probe	standard	n/a	n/a	n/a	n/a	n/a
3097.814	0	1548907	oddball_tone	sapo_probe	oddball	n/a	n/a	n/a	n/a	n/a
3098.830	0	1549415	standard_tone	sapo_probe	standard	n/a	n/a	n/a	n/a	n/a
3099.846	0	1549923	standard_tone	sapo_probe	standard	n/a	n/a	n/a	n/a	n/a
3100.862	0	1550431	standard_tone	sapo_probe	standard	n/a	n/a	n/a	n/a	n/a
3101.878	0	1550939	standard_tone	sapo_probe	standard	n/a	n/a	n/a	n/a	n/a
3102.892	0	1551446	standard_tone	sapo_probe	standard	n/a	n/a	n/a	n/a	n/a
3103.908	0	1551954	standard_tone	sapo_probe	standard	n/a	n/a	n/a	n/a	n/a
3104.924	0	1552462	standard_tone	sapo_probe	standard	n/a	n/a	n/a	n/a	n/a
3105.940	0	1552970	standard_tone	sapo_probe	standard	n/a	n/a	n/a	n/a	n/a
3106.956	0	1553478	standard_tone	sapo_probe	standard	n/a	n/a	n/a	n/a	n/a
3107.972	0	1553986	distractor_noise	sapo_probe	distractor	n/a	n/a	n/a	n/a	n/a
3108.988	0	1554494	oddball_tone	sapo_probe	oddball	n/a	n/a	n/a	n/a	n/a
3110.004	0	1555002	standard_tone	sapo_probe	standard	n/a	n/a	n/a	n/a	n/a
3111.020	0	1555510	standard_tone	sapo_probe	standard	n/a	n/a	n/a	n/a	n/a
3112.036	0	1556018	standard_tone	sapo_probe	standard	n/a	n/a	n/a	n/a	n/a
3113.050	0	1556525	standard_tone	sapo_probe	standard	n/a	n/a	n/a	n/a	n/a
3114.066	0	1557033	oddball_tone	sapo_probe	oddball	n/a	n/a	n/a	n/a	n/a
3115.084	0	1557542	standard_tone	sapo_probe	standard	n/a	n/a	n/a	n/a	n/a
3116.098	0	1558049	oddball_tone	sapo_probe	oddball	n/a	n/a	n/a	n/a	n/a
3117.114	0	1558557	standard_tone	sapo_probe	standard	n/a	n/a	n/a	n/a	n/a
3118.130	0	1559065	standard_tone	sapo_probe	standard	n/a	n/a	n/a	n/a	n/a
3118.430	0	1559215	silence_end	sapo_probe	silence-end	n/a	n/a	n/a	n/a	n/a
3118.432	0	1559216	subblock_end	sapo_probe	subblock-end-duration-100.15	n/a	n/a	n/a	100.150	n/a
3118.432	0	1559216	subblock_begin	sapo_probe	subblock-begin	n/a	n/a	n/a	n/a	n/a
3118.432	0	1559216	silence_begin	sapo_probe	silence-begin	n/a	n/a	n/a	n/a	n/a
3119.146	0	1559573	standard_tone	sapo_probe	standard	n/a	n/a	n/a	n/a	n/a
3120.162	0	1560081	standard_tone	sapo_probe	standard	n/a	n/a	n/a	n/a	n/a
3121.178	0	1560589	standard_tone	sapo_probe	standard	n/a	n/a	n/a	n/a	n/a
3122.194	0	1561097	oddball_tone	sapo_probe	oddball	n/a	n/a	n/a	n/a	n/a
3123.210	0	1561605	standard_tone	sapo_probe	standard	n/a	n/a	n/a	n/a	n/a
3124.226	0	1562113	standard_tone	sapo_probe	standard	n/a	n/a	n/a	n/a	n/a
3125.240	0	1562620	standard_tone	sapo_probe	standard	n/a	n/a	n/a	n/a	n/a
3126.256	0	1563128	standard_tone	sapo_probe	standard	n/a	n/a	n/a	n/a	n/a
3127.274	0	1563637	standard_tone	sapo_probe	standard	n/a	n/a	n/a	n/a	n/a
3128.288	0	1564144	oddball_tone	sapo_probe	oddball	n/a	n/a	n/a	n/a	n/a
3129.304	0	1564652	standard_tone	sapo_probe	standard	n/a	n/a	n/a	n/a	n/a
3130.320	0	1565160	standard_tone	sapo_probe	standard	n/a	n/a	n/a	n/a	n/a
3131.336	0	1565668	standard_tone	sapo_probe	standard	n/a	n/a	n/a	n/a	n/a
3132.352	0	1566176	standard_tone	sapo_probe	standard	n/a	n/a	n/a	n/a	n/a
3133.368	0	1566684	standard_tone	sapo_probe	standard	n/a	n/a	n/a	n/a	n/a
3134.384	0	1567192	standard_tone	sapo_probe	standard	n/a	n/a	n/a	n/a	n/a
3135.400	0	1567700	distractor_noise	sapo_probe	distractor	n/a	n/a	n/a	n/a	n/a
3136.416	0	1568208	standard_tone	sapo_probe	standard	n/a	n/a	n/a	n/a	n/a
3137.430	0	1568715	standard_tone	sapo_probe	standard	n/a	n/a	n/a	n/a	n/a
3138.432	0	1569216	standard_tone	sapo_probe	standard	n/a	n/a	n/a	n/a	n/a
3139.446	0	1569723	oddball_tone	sapo_probe	oddball	n/a	n/a	n/a	n/a	n/a
3140.462	0	1570231	distractor_noise	sapo_probe	distractor	n/a	n/a	n/a	n/a	n/a
3141.478	0	1570739	standard_tone	sapo_probe	standard	n/a	n/a	n/a	n/a	n/a
3142.492	0	1571246	standard_tone	sapo_probe	standard	n/a	n/a	n/a	n/a	n/a
3143.512	0	1571756	standard_tone	sapo_probe	standard	n/a	n/a	n/a	n/a	n/a
3144.524	0	1572262	standard_tone	sapo_probe	standard	n/a	n/a	n/a	n/a	n/a
3145.540	0	1572770	standard_tone	sapo_probe	standard	n/a	n/a	n/a	n/a	n/a
3146.556	0	1573278	standard_tone	sapo_probe	standard	n/a	n/a	n/a	n/a	n/a
3147.572	0	1573786	standard_tone	sapo_probe	standard	n/a	n/a	n/a	n/a	n/a
3148.588	0	1574294	standard_tone	sapo_probe	standard	n/a	n/a	n/a	n/a	n/a
3149.604	0	1574802	standard_tone	sapo_probe	standard	n/a	n/a	n/a	n/a	n/a
3150.604	0	1575302	standard_tone	sapo_probe	standard	n/a	n/a	n/a	n/a	n/a
3151.620	0	1575810	oddball_tone	sapo_probe	oddball	n/a	n/a	n/a	n/a	n/a
3152.636	0	1576318	distractor_noise	sapo_probe	distractor	n/a	n/a	n/a	n/a	n/a
3153.650	0	1576825	standard_tone	sapo_probe	standard	n/a	n/a	n/a	n/a	n/a
3154.666	0	1577333	standard_tone	sapo_probe	standard	n/a	n/a	n/a	n/a	n/a
3155.666	0	1577833	standard_tone	sapo_probe	standard	n/a	n/a	n/a	n/a	n/a
3156.722	0	1578361	oddball_tone	sapo_probe	oddball	n/a	n/a	n/a	n/a	n/a
3157.730	0	1578865	standard_tone	sapo_probe	standard	n/a	n/a	n/a	n/a	n/a
3158.746	0	1579373	standard_tone	sapo_probe	standard	n/a	n/a	n/a	n/a	n/a
3159.762	0	1579881	standard_tone	sapo_probe	standard	n/a	n/a	n/a	n/a	n/a
3160.778	0	1580389	oddball_tone	sapo_probe	oddball	n/a	n/a	n/a	n/a	n/a
3161.462	0	1580731	prompt_window_begin	sapo_probe	probe-sapo-probe-begin	n/a	n/a	n/a	n/a	n/a
3168.106	0	1584053	clicker_press	sapo_probe	response-received-page_up	n/a	n/a	n/a	n/a	page_up
3168.670	0	1584335	clicker_press	sapo_probe	response-received-page_up	n/a	n/a	n/a	n/a	page_up
3169.204	0	1584602	clicker_press	sapo_probe	response-received-page_up	n/a	n/a	n/a	n/a	page_up
3170.488	0	1585244	depth_rating	sapo_probe	rating-sapo-probe-meditation_depth-3	3	n/a	n/a	n/a	n/a
3177.364	0	1588682	clicker_press	sapo_probe	response-received-page_up	n/a	n/a	n/a	n/a	page_up
3177.864	0	1588932	clicker_press	sapo_probe	response-received-page_up	n/a	n/a	n/a	n/a	page_up
3178.298	0	1589149	clicker_press	sapo_probe	response-received-page_up	n/a	n/a	n/a	n/a	page_up
3178.714	0	1589357	clicker_press	sapo_probe	response-received-page_up	n/a	n/a	n/a	n/a	page_up
3179.146	0	1589573	clicker_press	sapo_probe	response-received-page_up	n/a	n/a	n/a	n/a	page_up
3180.546	0	1590273	confidence_rating	sapo_probe	rating-sapo-probe-confidence_depth-5	n/a	5	n/a	n/a	n/a
3184.010	0	1592005	prompt_window_end	sapo_probe	probe-sapo-probe-end	n/a	n/a	n/a	n/a	n/a
3184.026	0	1592013	standard_tone	sapo_probe	standard	n/a	n/a	n/a	n/a	n/a
3185.042	0	1592521	standard_tone	sapo_probe	standard	n/a	n/a	n/a	n/a	n/a
3186.058	0	1593029	standard_tone	sapo_probe	standard	n/a	n/a	n/a	n/a	n/a
3187.074	0	1593537	standard_tone	sapo_probe	standard	n/a	n/a	n/a	n/a	n/a
3188.088	0	1594044	distractor_noise	sapo_probe	distractor	n/a	n/a	n/a	n/a	n/a
3189.088	0	1594544	standard_tone	sapo_probe	standard	n/a	n/a	n/a	n/a	n/a
3190.104	0	1595052	oddball_tone	sapo_probe	oddball	n/a	n/a	n/a	n/a	n/a
3191.120	0	1595560	standard_tone	sapo_probe	standard	n/a	n/a	n/a	n/a	n/a
3192.136	0	1596068	standard_tone	sapo_probe	standard	n/a	n/a	n/a	n/a	n/a
3193.152	0	1596576	oddball_tone	sapo_probe	oddball	n/a	n/a	n/a	n/a	n/a
3194.168	0	1597084	standard_tone	sapo_probe	standard	n/a	n/a	n/a	n/a	n/a
3195.184	0	1597592	standard_tone	sapo_probe	standard	n/a	n/a	n/a	n/a	n/a
3196.198	0	1598099	standard_tone	sapo_probe	standard	n/a	n/a	n/a	n/a	n/a
3196.666	0	1598333	silence_end	sapo_probe	silence-end	n/a	n/a	n/a	n/a	n/a
3196.666	0	1598333	subblock_end	sapo_probe	subblock-end-duration-78.234	n/a	n/a	n/a	78.234	n/a
3196.668	0	1598334	subblock_begin	sapo_probe	subblock-begin	n/a	n/a	n/a	n/a	n/a
3196.668	0	1598334	silence_begin	sapo_probe	silence-begin	n/a	n/a	n/a	n/a	n/a
3196.782	0	1598391	sapo_probe_end	sapo_probe	block-sapo-probe-end	n/a	n/a	n/a	n/a	n/a
3196.782	0	1598391	block_duration	sapo_probe	block-sapo-probe-duration-2100	n/a	n/a	n/a	2100.000	n/a
3196.784	0	1598392	break_begin	break	break-begin	n/a	n/a	n/a	n/a	n/a
3473.018	0	1736509	clicker_press	break	response-received-enter	n/a	n/a	n/a	n/a	enter
3473.036	0	1736518	break_end	break	break-end	n/a	n/a	n/a	n/a	n/a
3565.460	0	1782730	clicker_press	n/a	response-received-page_up	n/a	n/a	n/a	n/a	page_up
3565.594	0	1782797	active_oddball_begin	active_oddball	active-oddball-begin	n/a	n/a	n/a	n/a	n/a
3565.606	0	1782803	standard_tone	active_oddball	standard	n/a	n/a	n/a	n/a	n/a
3566.642	0	1783321	standard_tone	active_oddball	standard	n/a	n/a	n/a	n/a	n/a
3567.808	0	1783904	standard_tone	active_oddball	standard	n/a	n/a	n/a	n/a	n/a
3568.840	0	1784420	standard_tone	active_oddball	standard	n/a	n/a	n/a	n/a	n/a
3569.856	0	1784928	standard_tone	active_oddball	standard	n/a	n/a	n/a	n/a	n/a
3570.904	0	1785452	standard_tone	active_oddball	standard	n/a	n/a	n/a	n/a	n/a
3571.920	0	1785960	standard_tone	active_oddball	standard	n/a	n/a	n/a	n/a	n/a
3573.036	0	1786518	oddball_tone	active_oddball	oddball	n/a	n/a	n/a	n/a	n/a
3573.836	0	1786918	clicker_press	active_oddball	response-received-page_up	n/a	n/a	n/a	n/a	page_up
3573.886	0	1786943	oddball_response	active_oddball	active-oddball-button-press-792ms	n/a	n/a	0.792	n/a	n/a
3574.186	0	1787093	standard_tone	active_oddball	standard	n/a	n/a	n/a	n/a	n/a
3575.202	0	1787601	standard_tone	active_oddball	standard	n/a	n/a	n/a	n/a	n/a
3576.218	0	1788109	standard_tone	active_oddball	standard	n/a	n/a	n/a	n/a	n/a
3577.284	0	1788642	standard_tone	active_oddball	standard	n/a	n/a	n/a	n/a	n/a
3578.316	0	1789158	standard_tone	active_oddball	standard	n/a	n/a	n/a	n/a	n/a
3579.332	0	1789666	standard_tone	active_oddball	standard	n/a	n/a	n/a	n/a	n/a
3580.364	0	1790182	standard_tone	active_oddball	standard	n/a	n/a	n/a	n/a	n/a
3581.380	0	1790690	standard_tone	active_oddball	standard	n/a	n/a	n/a	n/a	n/a
3582.428	0	1791214	standard_tone	active_oddball	standard	n/a	n/a	n/a	n/a	n/a
3583.462	0	1791731	distractor_noise	active_oddball	distractor	n/a	n/a	n/a	n/a	n/a
3584.494	0	1792247	standard_tone	active_oddball	standard	n/a	n/a	n/a	n/a	n/a
3585.526	0	1792763	distractor_noise	active_oddball	distractor	n/a	n/a	n/a	n/a	n/a
3586.542	0	1793271	oddball_tone	active_oddball	oddball	n/a	n/a	n/a	n/a	n/a
3587.558	0	1793779	clicker_press	active_oddball	response-received-page_up	n/a	n/a	n/a	n/a	page_up
3587.674	0	1793837	oddball_response	active_oddball	active-oddball-button-press-1009ms	n/a	n/a	1.009	n/a	n/a
3587.676	0	1793838	standard_tone	active_oddball	standard	n/a	n/a	n/a	n/a	n/a
3588.806	0	1794403	distractor_noise	active_oddball	distractor	n/a	n/a	n/a	n/a	n/a
3589.840	0	1794920	standard_tone	active_oddball	standard	n/a	n/a	n/a	n/a	n/a
3590.856	0	1795428	distractor_noise	active_oddball	distractor	n/a	n/a	n/a	n/a	n/a
3591.870	0	1795935	oddball_tone	active_oddball	oddball	n/a	n/a	n/a	n/a	n/a
3592.754	0	1796377	clicker_press	active_oddball	response-received-page_up	n/a	n/a	n/a	n/a	page_up
3592.788	0	1796394	oddball_response	active_oddball	active-oddball-button-press-877ms	n/a	n/a	0.877	n/a	n/a
3592.904	0	1796452	standard_tone	active_oddball	standard	n/a	n/a	n/a	n/a	n/a
3593.952	0	1796976	standard_tone	active_oddball	standard	n/a	n/a	n/a	n/a	n/a
3594.968	0	1797484	standard_tone	active_oddball	standard	n/a	n/a	n/a	n/a	n/a
3596.000	0	1798000	standard_tone	active_oddball	standard	n/a	n/a	n/a	n/a	n/a
3597.050	0	1798525	standard_tone	active_oddball	standard	n/a	n/a	n/a	n/a	n/a
3598.066	0	1799033	standard_tone	active_oddball	standard	n/a	n/a	n/a	n/a	n/a
3599.082	0	1799541	standard_tone	active_oddball	standard	n/a	n/a	n/a	n/a	n/a
3600.114	0	1800057	standard_tone	active_oddball	standard	n/a	n/a	n/a	n/a	n/a
3601.146	0	1800573	standard_tone	active_oddball	standard	n/a	n/a	n/a	n/a	n/a
3602.162	0	1801081	standard_tone	active_oddball	standard	n/a	n/a	n/a	n/a	n/a
3603.178	0	1801589	oddball_tone	active_oddball	oddball	n/a	n/a	n/a	n/a	n/a
3604.062	0	1802031	clicker_press	active_oddball	response-received-page_up	n/a	n/a	n/a	n/a	page_up
3604.094	0	1802047	oddball_response	active_oddball	active-oddball-button-press-879ms	n/a	n/a	0.879	n/a	n/a
3604.228	0	1802114	standard_tone	active_oddball	standard	n/a	n/a	n/a	n/a	n/a
3605.294	0	1802647	distractor_noise	active_oddball	distractor	n/a	n/a	n/a	n/a	n/a
3606.476	0	1803238	oddball_tone	active_oddball	oddball	n/a	n/a	n/a	n/a	n/a
3607.542	0	1803771	standard_tone	active_oddball	standard	n/a	n/a	n/a	n/a	n/a
3607.724	0	1803862	clicker_press	active_oddball	response-received-page_up	n/a	n/a	n/a	n/a	page_up
3607.742	0	1803871	oddball_response	active_oddball	active-oddball-button-press-173ms	n/a	n/a	0.173	n/a	n/a
3608.556	0	1804278	standard_tone	active_oddball	standard	n/a	n/a	n/a	n/a	n/a
3609.572	0	1804786	standard_tone	active_oddball	standard	n/a	n/a	n/a	n/a	n/a
3610.622	0	1805311	standard_tone	active_oddball	standard	n/a	n/a	n/a	n/a	n/a
3611.738	0	1805869	standard_tone	active_oddball	standard	n/a	n/a	n/a	n/a	n/a
3612.770	0	1806385	oddball_tone	active_oddball	oddball	n/a	n/a	n/a	n/a	n/a
3613.852	0	1806926	clicker_press	active_oddball	response-received-page_up	n/a	n/a	n/a	n/a	page_up
3613.920	0	1806960	oddball_response	active_oddball	active-oddball-button-press-1076ms	n/a	n/a	1.076	n/a	n/a
3613.920	0	1806960	standard_tone	active_oddball	standard	n/a	n/a	n/a	n/a	n/a
3615.018	0	1807509	standard_tone	active_oddball	standard	n/a	n/a	n/a	n/a	n/a
3616.118	0	1808059	standard_tone	active_oddball	standard	n/a	n/a	n/a	n/a	n/a
3617.200	0	1808600	oddball_tone	active_oddball	oddball	n/a	n/a	n/a	n/a	n/a
3618.066	0	1809033	clicker_press	active_oddball	response-received-page_up	n/a	n/a	n/a	n/a	page_up
3618.116	0	1809058	oddball_response	active_oddball	active-oddball-button-press-859ms	n/a	n/a	0.859	n/a	n/a
3618.266	0	1809133	distractor_noise	active_oddball	distractor	n/a	n/a	n/a	n/a	n/a
3619.298	0	1809649	standard_tone	active_oddball	standard	n/a	n/a	n/a	n/a	n/a
3620.348	0	1810174	standard_tone	active_oddball	standard	n/a	n/a	n/a	n/a	n/a
3621.480	0	1810740	standard_tone	active_oddball	standard	n/a	n/a	n/a	n/a	n/a
3622.512	0	1811256	standard_tone	active_oddball	standard	n/a	n/a	n/a	n/a	n/a
3623.562	0	1811781	oddball_tone	active_oddball	oddball	n/a	n/a	n/a	n/a	n/a
3624.560	0	1812280	clicker_press	active_oddball	response-received-page_up	n/a	n/a	n/a	n/a	page_up
3624.594	0	1812297	oddball_response	active_oddball	active-oddball-button-press-993ms	n/a	n/a	0.993	n/a	n/a
3624.594	0	1812297	standard_tone	active_oddball	standard	n/a	n/a	n/a	n/a	n/a
3625.726	0	1812863	standard_tone	active_oddball	standard	n/a	n/a	n/a	n/a	n/a
3626.742	0	1813371	oddball_tone	active_oddball	oddball	n/a	n/a	n/a	n/a	n/a
3627.808	0	1813904	standard_tone	active_oddball	standard	n/a	n/a	n/a	n/a	n/a
3627.858	0	1813929	clicker_press	active_oddball	response-received-page_up	n/a	n/a	n/a	n/a	page_up
3627.874	0	1813937	oddball_response	active_oddball	active-oddball-button-press-44ms	n/a	n/a	0.044	n/a	n/a
3628.824	0	1814412	standard_tone	active_oddball	standard	n/a	n/a	n/a	n/a	n/a
3629.858	0	1814929	standard_tone	active_oddball	standard	n/a	n/a	n/a	n/a	n/a
3630.872	0	1815436	standard_tone	active_oddball	standard	n/a	n/a	n/a	n/a	n/a
3631.988	0	1815994	standard_tone	active_oddball	standard	n/a	n/a	n/a	n/a	n/a
3633.020	0	1816510	standard_tone	active_oddball	standard	n/a	n/a	n/a	n/a	n/a
3634.218	0	1817109	standard_tone	active_oddball	standard	n/a	n/a	n/a	n/a	n/a
3635.252	0	1817626	standard_tone	active_oddball	standard	n/a	n/a	n/a	n/a	n/a
3636.268	0	1818134	standard_tone	active_oddball	standard	n/a	n/a	n/a	n/a	n/a
3637.316	0	1818658	standard_tone	active_oddball	standard	n/a	n/a	n/a	n/a	n/a
3638.366	0	1819183	standard_tone	active_oddball	standard	n/a	n/a	n/a	n/a	n/a
3639.432	0	1819716	standard_tone	active_oddball	standard	n/a	n/a	n/a	n/a	n/a
3640.564	0	1820282	standard_tone	active_oddball	standard	n/a	n/a	n/a	n/a	n/a
3641.596	0	1820798	standard_tone	active_oddball	standard	n/a	n/a	n/a	n/a	n/a
3642.662	0	1821331	standard_tone	active_oddball	standard	n/a	n/a	n/a	n/a	n/a
3643.712	0	1821856	standard_tone	active_oddball	standard	n/a	n/a	n/a	n/a	n/a
3644.826	0	1822413	standard_tone	active_oddball	standard	n/a	n/a	n/a	n/a	n/a
3645.860	0	1822930	standard_tone	active_oddball	standard	n/a	n/a	n/a	n/a	n/a
3646.892	0	1823446	standard_tone	active_oddball	standard	n/a	n/a	n/a	n/a	n/a
3647.992	0	1823996	standard_tone	active_oddball	standard	n/a	n/a	n/a	n/a	n/a
3649.090	0	1824545	standard_tone	active_oddball	standard	n/a	n/a	n/a	n/a	n/a
3650.322	0	1825161	standard_tone	active_oddball	standard	n/a	n/a	n/a	n/a	n/a
3651.372	0	1825686	standard_tone	active_oddball	standard	n/a	n/a	n/a	n/a	n/a
3652.470	0	1826235	distractor_noise	active_oddball	distractor	n/a	n/a	n/a	n/a	n/a
3653.520	0	1826760	oddball_tone	active_oddball	oddball	n/a	n/a	n/a	n/a	n/a
3654.552	0	1827276	standard_tone	active_oddball	standard	n/a	n/a	n/a	n/a	n/a
3654.636	0	1827318	clicker_press	active_oddball	response-received-page_up	n/a	n/a	n/a	n/a	page_up
3654.686	0	1827343	oddball_response	active_oddball	active-oddball-button-press-77ms	n/a	n/a	0.077	n/a	n/a
3655.586	0	1827793	oddball_tone	active_oddball	oddball	n/a	n/a	n/a	n/a	n/a
3656.618	0	1828309	standard_tone	active_oddball	standard	n/a	n/a	n/a	n/a	n/a
3656.900	0	1828450	clicker_press	active_oddball	response-received-page_up	n/a	n/a	n/a	n/a	page_up
3656.918	0	1828459	oddball_response	active_oddball	active-oddball-button-press-276ms	n/a	n/a	0.276	n/a	n/a
3657.650	0	1828825	oddball_tone	active_oddball	oddball	n/a	n/a	n/a	n/a	n/a
3658.550	0	1829275	clicker_press	active_oddball	response-received-page_up	n/a	n/a	n/a	n/a	page_up
3658.600	0	1829300	oddball_response	active_oddball	active-oddball-button-press-892ms	n/a	n/a	0.892	n/a	n/a
3658.682	0	1829341	standard_tone	active_oddball	standard	n/a	n/a	n/a	n/a	n/a
3659.732	0	1829866	standard_tone	active_oddball	standard	n/a	n/a	n/a	n/a	n/a
3660.796	0	1830398	standard_tone	active_oddball	standard	n/a	n/a	n/a	n/a	n/a
3661.830	0	1830915	standard_tone	active_oddball	standard	n/a	n/a	n/a	n/a	n/a
3662.846	0	1831423	oddball_tone	active_oddball	oddball	n/a	n/a	n/a	n/a	n/a
3663.744	0	1831872	clicker_press	active_oddball	response-received-page_up	n/a	n/a	n/a	n/a	page_up
3663.828	0	1831914	oddball_response	active_oddball	active-oddball-button-press-893ms	n/a	n/a	0.893	n/a	n/a
3663.862	0	1831931	standard_tone	active_oddball	standard	n/a	n/a	n/a	n/a	n/a
3664.894	0	1832447	standard_tone	active_oddball	standard	n/a	n/a	n/a	n/a	n/a
3665.926	0	1832963	standard_tone	active_oddball	standard	n/a	n/a	n/a	n/a	n/a
3666.976	0	1833488	standard_tone	active_oddball	standard	n/a	n/a	n/a	n/a	n/a
3667.992	0	1833996	standard_tone	active_oddball	standard	n/a	n/a	n/a	n/a	n/a
3668.982	0	1834491	standard_tone	active_oddball	standard	n/a	n/a	n/a	n/a	n/a
3669.992	0	1834996	distractor_noise	active_oddball	distractor	n/a	n/a	n/a	n/a	n/a
3671.072	0	1835536	standard_tone	active_oddball	standard	n/a	n/a	n/a	n/a	n/a
3672.204	0	1836102	standard_tone	active_oddball	standard	n/a	n/a	n/a	n/a	n/a
3673.220	0	1836610	standard_tone	active_oddball	standard	n/a	n/a	n/a	n/a	n/a
3674.320	0	1837160	standard_tone	active_oddball	standard	n/a	n/a	n/a	n/a	n/a
3675.334	0	1837667	standard_tone	active_oddball	standard	n/a	n/a	n/a	n/a	n/a
3676.350	0	1838175	standard_tone	active_oddball	standard	n/a	n/a	n/a	n/a	n/a
3677.366	0	1838683	standard_tone	active_oddball	standard	n/a	n/a	n/a	n/a	n/a
3678.416	0	1839208	oddball_tone	active_oddball	oddball	n/a	n/a	n/a	n/a	n/a
3679.448	0	1839724	standard_tone	active_oddball	standard	n/a	n/a	n/a	n/a	n/a
3679.464	0	1839732	clicker_press	active_oddball	response-received-page_up	n/a	n/a	n/a	n/a	page_up
3679.482	0	1839741	oddball_response	active_oddball	active-oddball-button-press-10ms	n/a	n/a	0.010	n/a	n/a
3680.580	0	1840290	standard_tone	active_oddball	standard	n/a	n/a	n/a	n/a	n/a
3681.630	0	1840815	distractor_noise	active_oddball	distractor	n/a	n/a	n/a	n/a	n/a
3682.762	0	1841381	standard_tone	active_oddball	standard	n/a	n/a	n/a	n/a	n/a
3683.812	0	1841906	standard_tone	active_oddball	standard	n/a	n/a	n/a	n/a	n/a
3684.828	0	1842414	standard_tone	active_oddball	standard	n/a	n/a	n/a	n/a	n/a
3685.944	0	1842972	standard_tone	active_oddball	standard	n/a	n/a	n/a	n/a	n/a
3686.958	0	1843479	standard_tone	active_oddball	standard	n/a	n/a	n/a	n/a	n/a
3688.008	0	1844004	standard_tone	active_oddball	standard	n/a	n/a	n/a	n/a	n/a
3689.024	0	1844512	standard_tone	active_oddball	standard	n/a	n/a	n/a	n/a	n/a
3690.040	0	1845020	distractor_noise	active_oddball	distractor	n/a	n/a	n/a	n/a	n/a
3691.056	0	1845528	standard_tone	active_oddball	standard	n/a	n/a	n/a	n/a	n/a
3692.272	0	1846136	standard_tone	active_oddball	standard	n/a	n/a	n/a	n/a	n/a
3693.288	0	1846644	standard_tone	active_oddball	standard	n/a	n/a	n/a	n/a	n/a
3694.302	0	1847151	oddball_tone	active_oddball	oddball	n/a	n/a	n/a	n/a	n/a
3695.186	0	1847593	clicker_press	active_oddball	response-received-page_up	n/a	n/a	n/a	n/a	page_up
3695.236	0	1847618	oddball_response	active_oddball	active-oddball-button-press-877ms	n/a	n/a	0.877	n/a	n/a
3695.352	0	1847676	standard_tone	active_oddball	standard	n/a	n/a	n/a	n/a	n/a
3696.384	0	1848192	standard_tone	active_oddball	standard	n/a	n/a	n/a	n/a	n/a
3697.416	0	1848708	standard_tone	active_oddball	standard	n/a	n/a	n/a	n/a	n/a
3698.516	0	1849258	standard_tone	active_oddball	standard	n/a	n/a	n/a	n/a	n/a
3699.632	0	1849816	standard_tone	active_oddball	standard	n/a	n/a	n/a	n/a	n/a
3700.648	0	1850324	standard_tone	active_oddball	standard	n/a	n/a	n/a	n/a	n/a
3701.780	0	1850890	standard_tone	active_oddball	standard	n/a	n/a	n/a	n/a	n/a
3702.796	0	1851398	standard_tone	active_oddball	standard	n/a	n/a	n/a	n/a	n/a
3703.812	0	1851906	standard_tone	active_oddball	standard	n/a	n/a	n/a	n/a	n/a
3704.828	0	1852414	oddball_tone	active_oddball	oddball	n/a	n/a	n/a	n/a	n/a
3705.760	0	1852880	clicker_press	active_oddball	response-received-page_up	n/a	n/a	n/a	n/a	page_up
3705.780	0	1852890	oddball_response	active_oddball	active-oddball-button-press-926ms	n/a	n/a	0.926	n/a	n/a
3705.844	0	1852922	standard_tone	active_oddball	standard	n/a	n/a	n/a	n/a	n/a
3706.876	0	1853438	standard_tone	active_oddball	standard	n/a	n/a	n/a	n/a	n/a
3707.924	0	1853962	standard_tone	active_oddball	standard	n/a	n/a	n/a	n/a	n/a
3708.958	0	1854479	distractor_noise	active_oddball	distractor	n/a	n/a	n/a	n/a	n/a
3709.990	0	1854995	standard_tone	active_oddball	standard	n/a	n/a	n/a	n/a	n/a
3711.072	0	1855536	standard_tone	active_oddball	standard	n/a	n/a	n/a	n/a	n/a
3712.122	0	1856061	standard_tone	active_oddball	standard	n/a	n/a	n/a	n/a	n/a
3713.170	0	1856585	standard_tone	active_oddball	standard	n/a	n/a	n/a	n/a	n/a
3714.186	0	1857093	standard_tone	active_oddball	standard	n/a	n/a	n/a	n/a	n/a
3715.202	0	1857601	standard_tone	active_oddball	standard	n/a	n/a	n/a	n/a	n/a
3716.234	0	1858117	standard_tone	active_oddball	standard	n/a	n/a	n/a	n/a	n/a
3717.350	0	1858675	standard_tone	active_oddball	standard	n/a	n/a	n/a	n/a	n/a
3718.382	0	1859191	standard_tone	active_oddball	standard	n/a	n/a	n/a	n/a	n/a
3719.416	0	1859708	standard_tone	active_oddball	standard	n/a	n/a	n/a	n/a	n/a
3720.430	0	1860215	standard_tone	active_oddball	standard	n/a	n/a	n/a	n/a	n/a
3721.496	0	1860748	standard_tone	active_oddball	standard	n/a	n/a	n/a	n/a	n/a
3722.512	0	1861256	distractor_noise	active_oddball	distractor	n/a	n/a	n/a	n/a	n/a
3723.596	0	1861798	standard_tone	active_oddball	standard	n/a	n/a	n/a	n/a	n/a
3724.610	0	1862305	standard_tone	active_oddball	standard	n/a	n/a	n/a	n/a	n/a
3725.810	0	1862905	standard_tone	active_oddball	standard	n/a	n/a	n/a	n/a	n/a
3726.842	0	1863421	standard_tone	active_oddball	standard	n/a	n/a	n/a	n/a	n/a
3727.874	0	1863937	standard_tone	active_oddball	standard	n/a	n/a	n/a	n/a	n/a
3728.924	0	1864462	distractor_noise	active_oddball	distractor	n/a	n/a	n/a	n/a	n/a
3729.956	0	1864978	standard_tone	active_oddball	standard	n/a	n/a	n/a	n/a	n/a
3731.006	0	1865503	standard_tone	active_oddball	standard	n/a	n/a	n/a	n/a	n/a
3732.072	0	1866036	standard_tone	active_oddball	standard	n/a	n/a	n/a	n/a	n/a
3733.088	0	1866544	distractor_noise	active_oddball	distractor	n/a	n/a	n/a	n/a	n/a
3734.220	0	1867110	standard_tone	active_oddball	standard	n/a	n/a	n/a	n/a	n/a
3735.236	0	1867618	oddball_tone	active_oddball	oddball	n/a	n/a	n/a	n/a	n/a
3736.318	0	1868159	standard_tone	active_oddball	standard	n/a	n/a	n/a	n/a	n/a
3736.468	0	1868234	clicker_press	active_oddball	response-received-page_up	n/a	n/a	n/a	n/a	page_up
3736.502	0	1868251	oddball_response	active_oddball	active-oddball-button-press-144ms	n/a	n/a	0.144	n/a	n/a
3737.350	0	1868675	standard_tone	active_oddball	standard	n/a	n/a	n/a	n/a	n/a
3738.400	0	1869200	standard_tone	active_oddball	standard	n/a	n/a	n/a	n/a	n/a
3739.416	0	1869708	standard_tone	active_oddball	standard	n/a	n/a	n/a	n/a	n/a
3740.432	0	1870216	distractor_noise	active_oddball	distractor	n/a	n/a	n/a	n/a	n/a
3741.564	0	1870782	standard_tone	active_oddball	standard	n/a	n/a	n/a	n/a	n/a
3742.612	0	1871306	standard_tone	active_oddball	standard	n/a	n/a	n/a	n/a	n/a
3743.646	0	1871823	oddball_tone	active_oddball	oddball	n/a	n/a	n/a	n/a	n/a
3744.678	0	1872339	standard_tone	active_oddball	standard	n/a	n/a	n/a	n/a	n/a
3744.760	0	1872380	clicker_press	active_oddball	response-received-page_up	n/a	n/a	n/a	n/a	page_up
3744.794	0	1872397	oddball_response	active_oddball	active-oddball-button-press-77ms	n/a	n/a	0.077	n/a	n/a
3745.826	0	1872913	standard_tone	active_oddball	standard	n/a	n/a	n/a	n/a	n/a
3746.876	0	1873438	standard_tone	active_oddball	standard	n/a	n/a	n/a	n/a	n/a
3747.942	0	1873971	standard_tone	active_oddball	standard	n/a	n/a	n/a	n/a	n/a
3748.974	0	1874487	standard_tone	active_oddball	standard	n/a	n/a	n/a	n/a	n/a
3750.006	0	1875003	standard_tone	active_oddball	standard	n/a	n/a	n/a	n/a	n/a
3751.122	0	1875561	oddball_tone	active_oddball	oddball	n/a	n/a	n/a	n/a	n/a
3752.138	0	1876069	standard_tone	active_oddball	standard	n/a	n/a	n/a	n/a	n/a
3752.188	0	1876094	clicker_press	active_oddball	response-received-page_up	n/a	n/a	n/a	n/a	page_up
3752.204	0	1876102	oddball_response	active_oddball	active-oddball-button-press-43ms	n/a	n/a	0.043	n/a	n/a
3753.154	0	1876577	standard_tone	active_oddball	standard	n/a	n/a	n/a	n/a	n/a
3754.204	0	1877102	distractor_noise	active_oddball	distractor	n/a	n/a	n/a	n/a	n/a
3755.386	0	1877693	standard_tone	active_oddball	standard	n/a	n/a	n/a	n/a	n/a
3756.452	0	1878226	standard_tone	active_oddball	standard	n/a	n/a	n/a	n/a	n/a
3757.466	0	1878733	oddball_tone	active_oddball	oddball	n/a	n/a	n/a	n/a	n/a
3758.484	0	1879242	standard_tone	active_oddball	standard	n/a	n/a	n/a	n/a	n/a
3758.750	0	1879375	clicker_press	active_oddball	response-received-page_up	n/a	n/a	n/a	n/a	page_up
3758.766	0	1879383	oddball_response	active_oddball	active-oddball-button-press-260ms	n/a	n/a	0.260	n/a	n/a
3759.548	0	1879774	standard_tone	active_oddball	standard	n/a	n/a	n/a	n/a	n/a
3760.564	0	1880282	standard_tone	active_oddball	standard	n/a	n/a	n/a	n/a	n/a
3761.698	0	1880849	standard_tone	active_oddball	standard	n/a	n/a	n/a	n/a	n/a
3762.732	0	1881366	standard_tone	active_oddball	standard	n/a	n/a	n/a	n/a	n/a
3763.746	0	1881873	standard_tone	active_oddball	standard	n/a	n/a	n/a	n/a	n/a
3764.910	0	1882455	standard_tone	active_oddball	standard	n/a	n/a	n/a	n/a	n/a
3766.060	0	1883030	distractor_noise	active_oddball	distractor	n/a	n/a	n/a	n/a	n/a
3767.292	0	1883646	standard_tone	active_oddball	standard	n/a	n/a	n/a	n/a	n/a
3768.358	0	1884179	standard_tone	active_oddball	standard	n/a	n/a	n/a	n/a	n/a
3769.374	0	1884687	standard_tone	active_oddball	standard	n/a	n/a	n/a	n/a	n/a
3770.406	0	1885203	oddball_tone	active_oddball	oddball	n/a	n/a	n/a	n/a	n/a
3771.422	0	1885711	distractor_noise	active_oddball	distractor	n/a	n/a	n/a	n/a	n/a
3771.706	0	1885853	clicker_press	active_oddball	response-received-page_up	n/a	n/a	n/a	n/a	page_up
3771.722	0	1885861	oddball_response	active_oddball	active-oddball-button-press-278ms	n/a	n/a	0.278	n/a	n/a
3772.454	0	1886227	standard_tone	active_oddball	standard	n/a	n/a	n/a	n/a	n/a
3773.504	0	1886752	standard_tone	active_oddball	standard	n/a	n/a	n/a	n/a	n/a
3774.538	0	1887269	standard_tone	active_oddball	standard	n/a	n/a	n/a	n/a	n/a
3775.552	0	1887776	standard_tone	active_oddball	standard	n/a	n/a	n/a	n/a	n/a
3776.602	0	1888301	oddball_tone	active_oddball	oddball	n/a	n/a	n/a	n/a	n/a
3777.618	0	1888809	clicker_press	active_oddball	response-received-page_up	n/a	n/a	n/a	n/a	page_up
3777.618	0	1888809	oddball_response	active_oddball	active-oddball-button-press-1009ms	n/a	n/a	1.009	n/a	n/a
3777.620	0	1888810	standard_tone	active_oddball	standard	n/a	n/a	n/a	n/a	n/a
3778.666	0	1889333	standard_tone	active_oddball	standard	n/a	n/a	n/a	n/a	n/a
3779.682	0	1889841	standard_tone	active_oddball	standard	n/a	n/a	n/a	n/a	n/a
3780.730	0	1890365	standard_tone	active_oddball	standard	n/a	n/a	n/a	n/a	n/a
3781.896	0	1890948	standard_tone	active_oddball	standard	n/a	n/a	n/a	n/a	n/a
3782.946	0	1891473	standard_tone	active_oddball	standard	n/a	n/a	n/a	n/a	n/a
3784.080	0	1892040	standard_tone	active_oddball	standard	n/a	n/a	n/a	n/a	n/a
3785.094	0	1892547	standard_tone	active_oddball	standard	n/a	n/a	n/a	n/a	n/a
3786.110	0	1893055	standard_tone	active_oddball	standard	n/a	n/a	n/a	n/a	n/a
3787.160	0	1893580	standard_tone	active_oddball	standard	n/a	n/a	n/a	n/a	n/a
3788.174	0	1894087	standard_tone	active_oddball	standard	n/a	n/a	n/a	n/a	n/a
3789.274	0	1894637	standard_tone	active_oddball	standard	n/a	n/a	n/a	n/a	n/a
3790.340	0	1895170	standard_tone	active_oddball	standard	n/a	n/a	n/a	n/a	n/a
3791.406	0	1895703	oddball_tone	active_oddball	oddball	n/a	n/a	n/a	n/a	n/a
3792.388	0	1896194	clicker_press	active_oddball	response-received-page_up	n/a	n/a	n/a	n/a	page_up
3792.422	0	1896211	oddball_response	active_oddball	active-oddball-button-press-975ms	n/a	n/a	0.975	n/a	n/a
3792.422	0	1896211	standard_tone	active_oddball	standard	n/a	n/a	n/a	n/a	n/a
3793.520	0	1896760	standard_tone	active_oddball	standard	n/a	n/a	n/a	n/a	n/a
3794.604	0	1897302	standard_tone	active_oddball	standard	n/a	n/a	n/a	n/a	n/a
3795.618	0	1897809	oddball_tone	active_oddball	oddball	n/a	n/a	n/a	n/a	n/a
3796.668	0	1898334	standard_tone	active_oddball	standard	n/a	n/a	n/a	n/a	n/a
3796.768	0	1898384	clicker_press	active_oddball	response-received-page_up	n/a	n/a	n/a	n/a	page_up
3796.818	0	1898409	oddball_response	active_oddball	active-oddball-button-press-93ms	n/a	n/a	0.093	n/a	n/a
3797.700	0	1898850	distractor_noise	active_oddball	distractor	n/a	n/a	n/a	n/a	n/a
3798.832	0	1899416	standard_tone	active_oddball	standard	n/a	n/a	n/a	n/a	n/a
3799.850	0	1899925	standard_tone	active_oddball	standard	n/a	n/a	n/a	n/a	n/a
3800.864	0	1900432	distractor_noise	active_oddball	distractor	n/a	n/a	n/a	n/a	n/a
3801.896	0	1900948	standard_tone	active_oddball	standard	n/a	n/a	n/a	n/a	n/a
3802.930	0	1901465	standard_tone	active_oddball	standard	n/a	n/a	n/a	n/a	n/a
3803.978	0	1901989	standard_tone	active_oddball	standard	n/a	n/a	n/a	n/a	n/a
3805.060	0	1902530	standard_tone	active_oddball	standard	n/a	n/a	n/a	n/a	n/a
3806.078	0	1903039	standard_tone	active_oddball	standard	n/a	n/a	n/a	n/a	n/a
3807.194	0	1903597	standard_tone	active_oddball	standard	n/a	n/a	n/a	n/a	n/a
3808.226	0	1904113	oddball_tone	active_oddball	oddball	n/a	n/a	n/a	n/a	n/a
3809.140	0	1904570	clicker_press	active_oddball	response-received-page_up	n/a	n/a	n/a	n/a	page_up
3809.158	0	1904579	oddball_response	active_oddball	active-oddball-button-press-908ms	n/a	n/a	0.908	n/a	n/a
3809.240	0	1904620	distractor_noise	active_oddball	distractor	n/a	n/a	n/a	n/a	n/a
3810.324	0	1905162	standard_tone	active_oddball	standard	n/a	n/a	n/a	n/a	n/a
3811.356	0	1905678	standard_tone	active_oddball	standard	n/a	n/a	n/a	n/a	n/a
3812.388	0	1906194	distractor_noise	active_oddball	distractor	n/a	n/a	n/a	n/a	n/a
3813.420	0	1906710	standard_tone	active_oddball	standard	n/a	n/a	n/a	n/a	n/a
3814.520	0	1907260	standard_tone	active_oddball	standard	n/a	n/a	n/a	n/a	n/a
3815.536	0	1907768	oddball_tone	active_oddball	oddball	n/a	n/a	n/a	n/a	n/a
3816.618	0	1908309	clicker_press	active_oddball	response-received-page_up	n/a	n/a	n/a	n/a	page_up
3816.700	0	1908350	oddball_response	active_oddball	active-oddball-button-press-1075ms	n/a	n/a	1.075	n/a	n/a
3816.702	0	1908351	standard_tone	active_oddball	standard	n/a	n/a	n/a	n/a	n/a
3817.766	0	1908883	standard_tone	active_oddball	standard	n/a	n/a	n/a	n/a	n/a
3818.782	0	1909391	standard_tone	active_oddball	standard	n/a	n/a	n/a	n/a	n/a
3819.916	0	1909958	standard_tone	active_oddball	standard	n/a	n/a	n/a	n/a	n/a
3820.948	0	1910474	standard_tone	active_oddball	standard	n/a	n/a	n/a	n/a	n/a
3822.014	0	1911007	standard_tone	active_oddball	standard	n/a	n/a	n/a	n/a	n/a
3823.030	0	1911515	standard_tone	active_oddball	standard	n/a	n/a	n/a	n/a	n/a
3824.112	0	1912056	standard_tone	active_oddball	standard	n/a	n/a	n/a	n/a	n/a
3825.162	0	1912581	standard_tone	active_oddball	standard	n/a	n/a	n/a	n/a	n/a
3826.276	0	1913138	standard_tone	active_oddball	standard	n/a	n/a	n/a	n/a	n/a
3827.310	0	1913655	standard_tone	active_oddball	standard	n/a	n/a	n/a	n/a	n/a
3828.342	0	1914171	oddball_tone	active_oddball	oddball	n/a	n/a	n/a	n/a	n/a
3829.340	0	1914670	clicker_press	active_oddball	response-received-page_up	n/a	n/a	n/a	n/a	page_up
3829.390	0	1914695	oddball_response	active_oddball	active-oddball-button-press-993ms	n/a	n/a	0.993	n/a	n/a
3829.392	0	1914696	distractor_noise	active_oddball	distractor	n/a	n/a	n/a	n/a	n/a
3830.590	0	1915295	standard_tone	active_oddball	standard	n/a	n/a	n/a	n/a	n/a
3831.638	0	1915819	standard_tone	active_oddball	standard	n/a	n/a	n/a	n/a	n/a
3832.754	0	1916377	distractor_noise	active_oddball	distractor	n/a	n/a	n/a	n/a	n/a
3833.836	0	1916918	standard_tone	active_oddball	standard	n/a	n/a	n/a	n/a	n/a
3834.886	0	1917443	standard_tone	active_oddball	standard	n/a	n/a	n/a	n/a	n/a
3835.952	0	1917976	standard_tone	active_oddball	standard	n/a	n/a	n/a	n/a	n/a
3837.152	0	1918576	standard_tone	active_oddball	standard	n/a	n/a	n/a	n/a	n/a
3838.168	0	1919084	standard_tone	active_oddball	standard	n/a	n/a	n/a	n/a	n/a
3839.200	0	1919600	standard_tone	active_oddball	standard	n/a	n/a	n/a	n/a	n/a
3840.248	0	1920124	oddball_tone	active_oddball	oddball	n/a	n/a	n/a	n/a	n/a
3841.214	0	1920607	clicker_press	active_oddball	response-received-page_up	n/a	n/a	n/a	n/a	page_up
3841.364	0	1920682	oddball_response	active_oddball	active-oddball-button-press-960ms	n/a	n/a	0.960	n/a	n/a
3841.364	0	1920682	standard_tone	active_oddball	standard	n/a	n/a	n/a	n/a	n/a
3842.498	0	1921249	standard_tone	active_oddball	standard	n/a	n/a	n/a	n/a	n/a
3843.580	0	1921790	standard_tone	active_oddball	standard	n/a	n/a	n/a	n/a	n/a
3844.612	0	1922306	standard_tone	active_oddball	standard	n/a	n/a	n/a	n/a	n/a
3845.660	0	1922830	standard_tone	active_oddball	standard	n/a	n/a	n/a	n/a	n/a
3846.678	0	1923339	standard_tone	active_oddball	standard	n/a	n/a	n/a	n/a	n/a
3847.692	0	1923846	standard_tone	active_oddball	standard	n/a	n/a	n/a	n/a	n/a
3848.724	0	1924362	standard_tone	active_oddball	standard	n/a	n/a	n/a	n/a	n/a
3849.724	0	1924862	standard_tone	active_oddball	standard	n/a	n/a	n/a	n/a	n/a
3850.740	0	1925370	distractor_noise	active_oddball	distractor	n/a	n/a	n/a	n/a	n/a
3851.772	0	1925886	standard_tone	active_oddball	standard	n/a	n/a	n/a	n/a	n/a
3852.838	0	1926419	distractor_noise	active_oddball	distractor	n/a	n/a	n/a	n/a	n/a
3853.888	0	1926944	standard_tone	active_oddball	standard	n/a	n/a	n/a	n/a	n/a
3854.920	0	1927460	standard_tone	active_oddball	standard	n/a	n/a	n/a	n/a	n/a
3855.952	0	1927976	standard_tone	active_oddball	standard	n/a	n/a	n/a	n/a	n/a
3857.036	0	1928518	standard_tone	active_oddball	standard	n/a	n/a	n/a	n/a	n/a
3858.050	0	1929025	distractor_noise	active_oddball	distractor	n/a	n/a	n/a	n/a	n/a
3859.066	0	1929533	standard_tone	active_oddball	standard	n/a	n/a	n/a	n/a	n/a
3860.082	0	1930041	standard_tone	active_oddball	standard	n/a	n/a	n/a	n/a	n/a
3861.132	0	1930566	standard_tone	active_oddball	standard	n/a	n/a	n/a	n/a	n/a
3862.146	0	1931073	standard_tone	active_oddball	standard	n/a	n/a	n/a	n/a	n/a
3863.164	0	1931582	standard_tone	active_oddball	standard	n/a	n/a	n/a	n/a	n/a
3864.178	0	1932089	oddball_tone	active_oddball	oddball	n/a	n/a	n/a	n/a	n/a
3865.212	0	1932606	clicker_press	active_oddball	response-received-page_up	n/a	n/a	n/a	n/a	page_up
3865.212	0	1932606	oddball_response	active_oddball	active-oddball-button-press-1026ms	n/a	n/a	1.026	n/a	n/a
3865.212	0	1932606	standard_tone	active_oddball	standard	n/a	n/a	n/a	n/a	n/a
3866.244	0	1933122	distractor_noise	active_oddball	distractor	n/a	n/a	n/a	n/a	n/a
3867.258	0	1933629	standard_tone	active_oddball	standard	n/a	n/a	n/a	n/a	n/a
3868.308	0	1934154	standard_tone	active_oddball	standard	n/a	n/a	n/a	n/a	n/a
3869.324	0	1934662	standard_tone	active_oddball	standard	n/a	n/a	n/a	n/a	n/a
3870.340	0	1935170	standard_tone	active_oddball	standard	n/a	n/a	n/a	n/a	n/a
3871.372	0	1935686	standard_tone	active_oddball	standard	n/a	n/a	n/a	n/a	n/a
3872.388	0	1936194	standard_tone	active_oddball	standard	n/a	n/a	n/a	n/a	n/a
3873.420	0	1936710	distractor_noise	active_oddball	distractor	n/a	n/a	n/a	n/a	n/a
3874.486	0	1937243	oddball_tone	active_oddball	oddball	n/a	n/a	n/a	n/a	n/a
3875.536	0	1937768	clicker_press	active_oddball	response-received-page_up	n/a	n/a	n/a	n/a	page_up
3875.586	0	1937793	oddball_response	active_oddball	active-oddball-button-press-1043ms	n/a	n/a	1.043	n/a	n/a
3875.586	0	1937793	standard_tone	active_oddball	standard	n/a	n/a	n/a	n/a	n/a
3876.600	0	1938300	distractor_noise	active_oddball	distractor	n/a	n/a	n/a	n/a	n/a
3877.650	0	1938825	standard_tone	active_oddball	standard	n/a	n/a	n/a	n/a	n/a
3878.682	0	1939341	standard_tone	active_oddball	standard	n/a	n/a	n/a	n/a	n/a
3879.716	0	1939858	standard_tone	active_oddball	standard	n/a	n/a	n/a	n/a	n/a
3880.730	0	1940365	standard_tone	active_oddball	standard	n/a	n/a	n/a	n/a	n/a
3881.746	0	1940873	active_oddball_end	active_oddball	active-oddball-end	n/a	n/a	n/a	n/a	n/a
3881.748	0	1940874	prompt_window_begin	active_oddball	probe-oddball-begin	n/a	n/a	n/a	n/a	n/a
3888.192	0	1944096	clicker_press	n/a	response-received-page_up	n/a	n/a	n/a	n/a	page_up
3888.842	0	1944421	clicker_press	n/a	response-received-page_up	n/a	n/a	n/a	n/a	page_up
3889.358	0	1944679	clicker_press	n/a	response-received-page_up	n/a	n/a	n/a	n/a	page_up
3890.772	0	1945386	depth_rating	active_oddball	rating-oddball-meditation_depth-3	3	n/a	n/a	n/a	n/a
3897.068	0	1948534	clicker_press	n/a	response-received-page_up	n/a	n/a	n/a	n/a	page_up
3897.684	0	1948842	clicker_press	n/a	response-received-page_up	n/a	n/a	n/a	n/a	page_up
3898.200	0	1949100	clicker_press	n/a	response-received-page_up	n/a	n/a	n/a	n/a	page_up
3898.684	0	1949342	clicker_press	n/a	response-received-page_up	n/a	n/a	n/a	n/a	page_up
3899.150	0	1949575	clicker_press	n/a	response-received-page_up	n/a	n/a	n/a	n/a	page_up
3900.866	0	1950433	confidence_rating	active_oddball	rating-oddball-confidence_depth-5	n/a	5	n/a	n/a	n/a
3901.882	0	1950941	prompt_window_end	active_oddball	probe-oddball-end	n/a	n/a	n/a	n/a	n/a
4015.154	0	2007577	clicker_press	n/a	response-received-page_up	n/a	n/a	n/a	n/a	page_up
4015.196	0	2007598	silent_emerge_begin	silent_emerge	block-nosapo-emerge-begin	n/a	n/a	n/a	n/a	n/a
4015.196	0	2007598	subblock_begin	silent_emerge	subblock-begin	n/a	n/a	n/a	n/a	n/a
4015.196	0	2007598	silence_begin	silent_emerge	silence-begin	n/a	n/a	n/a	n/a	n/a
4132.024	0	2066012	silence_end	silent_emerge	silence-end	n/a	n/a	n/a	n/a	n/a
4132.072	0	2066036	gong_begin	silent_emerge	gong-begin	n/a	n/a	n/a	n/a	n/a
4140.168	0	2070084	clicker_press	silent_emerge	response-received-page_up	n/a	n/a	n/a	n/a	page_up
4140.350	0	2070175	gong_end	silent_emerge	gong-end	n/a	n/a	n/a	n/a	n/a
4140.352	0	2070176	report_window_begin	silent_emerge	emerge-nosapo-emerge-begin	n/a	n/a	n/a	n/a	n/a
4140.850	0	2070425	clicker_press	silent_emerge	response-received-page_up	n/a	n/a	n/a	n/a	page_up
4141.298	0	2070649	clicker_press	silent_emerge	response-received-page_up	n/a	n/a	n/a	n/a	page_up
4144.396	0	2072198	depth_rating	silent_emerge	rating-nosapo-emerge-meditation_depth-3	3	n/a	n/a	n/a	n/a
4150.574	0	2075287	clicker_press	silent_emerge	response-received-page_up	n/a	n/a	n/a	n/a	page_up
4150.974	0	2075487	clicker_press	silent_emerge	response-received-page_up	n/a	n/a	n/a	n/a	page_up
4151.390	0	2075695	clicker_press	silent_emerge	response-received-page_up	n/a	n/a	n/a	n/a	page_up
4151.774	0	2075887	clicker_press	silent_emerge	response-received-page_up	n/a	n/a	n/a	n/a	page_up
4154.472	0	2077236	confidence_rating	silent_emerge	rating-nosapo-emerge-confidence_depth-4	n/a	4	n/a	n/a	n/a
4158.102	0	2079051	report_window_end	silent_emerge	emerge-nosapo-emerge-end	n/a	n/a	n/a	n/a	n/a
4158.102	0	2079051	subblock_end	silent_emerge	subblock-end-duration-142.907	n/a	n/a	n/a	142.907	n/a
4158.104	0	2079052	subblock_begin	silent_emerge	subblock-begin	n/a	n/a	n/a	n/a	n/a
4158.104	0	2079052	silence_begin	silent_emerge	silence-begin	n/a	n/a	n/a	n/a	n/a
4269.610	0	2134805	silence_end	silent_emerge	silence-end	n/a	n/a	n/a	n/a	n/a
4269.610	0	2134805	gong_begin	silent_emerge	gong-begin	n/a	n/a	n/a	n/a	n/a
4279.618	0	2139809	gong_end	silent_emerge	gong-end	n/a	n/a	n/a	n/a	n/a
4279.618	0	2139809	subblock_end	silent_emerge	subblock-end-duration-121.515	n/a	n/a	n/a	121.515	n/a
4279.620	0	2139810	subblock_begin	silent_emerge	subblock-begin	n/a	n/a	n/a	n/a	n/a
4279.620	0	2139810	silence_begin	silent_emerge	silence-begin	n/a	n/a	n/a	n/a	n/a
4304.564	0	2152282	clicker_press	silent_emerge	response-received-page_up	n/a	n/a	n/a	n/a	page_up
4304.714	0	2152357	report_window_begin	silent_emerge	emerge-nosapo-emerge-begin	n/a	n/a	n/a	n/a	n/a
4305.030	0	2152515	clicker_press	silent_emerge	response-received-page_up	n/a	n/a	n/a	n/a	page_up
4305.546	0	2152773	clicker_press	silent_emerge	response-received-page_up	n/a	n/a	n/a	n/a	page_up
4308.876	0	2154438	depth_rating	silent_emerge	rating-nosapo-emerge-meditation_depth-3	3	n/a	n/a	n/a	n/a
4315.088	0	2157544	clicker_press	silent_emerge	response-received-page_up	n/a	n/a	n/a	n/a	page_up
4315.404	0	2157702	clicker_press	silent_emerge	response-received-page_up	n/a	n/a	n/a	n/a	page_up
4315.772	0	2157886	clicker_press	silent_emerge	response-received-page_up	n/a	n/a	n/a	n/a	page_up
4316.122	0	2158061	clicker_press	silent_emerge	response-received-page_up	n/a	n/a	n/a	n/a	page_up
4316.438	0	2158219	clicker_press	silent_emerge	response-received-page_up	n/a	n/a	n/a	n/a	page_up
4318.952	0	2159476	confidence_rating	silent_emerge	rating-nosapo-emerge-confidence_depth-5	n/a	5	n/a	n/a	n/a
4322.382	0	2161191	report_window_end	silent_emerge	emerge-nosapo-emerge-end	n/a	n/a	n/a	n/a	n/a
4322.384	0	2161192	subblock_begin	silent_emerge	subblock-begin	n/a	n/a	n/a	n/a	n/a
4322.384	0	2161192	silence_begin	silent_emerge	silence-begin	n/a	n/a	n/a	n/a	n/a
4429.510	0	2214755	silence_end	silent_emerge	silence-end	n/a	n/a	n/a	n/a	n/a
4429.510	0	2214755	gong_begin	silent_emerge	gong-begin	n/a	n/a	n/a	n/a	n/a
4439.518	0	2219759	gong_end	silent_emerge	gong-end	n/a	n/a	n/a	n/a	n/a
4439.520	0	2219760	subblock_end	silent_emerge	subblock-end-duration-117.136	n/a	n/a	n/a	117.136	n/a
4439.520	0	2219760	subblock_begin	silent_emerge	subblock-begin	n/a	n/a	n/a	n/a	n/a
4439.520	0	2219760	silence_begin	silent_emerge	silence-begin	n/a	n/a	n/a	n/a	n/a
4501.418	0	2250709	clicker_press	silent_emerge	response-received-page_up	n/a	n/a	n/a	n/a	page_up
4501.434	0	2250717	report_window_begin	silent_emerge	emerge-nosapo-emerge-begin	n/a	n/a	n/a	n/a	n/a
4501.818	0	2250909	clicker_press	silent_emerge	response-received-page_up	n/a	n/a	n/a	n/a	page_up
4502.234	0	2251117	clicker_press	silent_emerge	response-received-page_up	n/a	n/a	n/a	n/a	page_up
4505.630	0	2252815	depth_rating	silent_emerge	rating-nosapo-emerge-meditation_depth-3	3	n/a	n/a	n/a	n/a
4512.408	0	2256204	clicker_press	silent_emerge	response-received-page_up	n/a	n/a	n/a	n/a	page_up
4512.824	0	2256412	clicker_press	silent_emerge	response-received-page_up	n/a	n/a	n/a	n/a	page_up
4513.190	0	2256595	clicker_press	silent_emerge	response-received-page_up	n/a	n/a	n/a	n/a	page_up
4513.574	0	2256787	clicker_press	silent_emerge	response-received-page_up	n/a	n/a	n/a	n/a	page_up
4513.974	0	2256987	clicker_press	silent_emerge	response-received-page_up	n/a	n/a	n/a	n/a	page_up
4515.756	0	2257878	confidence_rating	silent_emerge	rating-nosapo-emerge-confidence_depth-5	n/a	5	n/a	n/a	n/a
4519.220	0	2259610	report_window_end	silent_emerge	emerge-nosapo-emerge-end	n/a	n/a	n/a	n/a	n/a
4519.220	0	2259610	subblock_begin	silent_emerge	subblock-begin	n/a	n/a	n/a	n/a	n/a
4519.220	0	2259610	silence_begin	silent_emerge	silence-begin	n/a	n/a	n/a	n/a	n/a
4588.446	0	2294223	clicker_press	silent_emerge	response-received-page_up	n/a	n/a	n/a	n/a	page_up
4588.462	0	2294231	report_window_begin	silent_emerge	emerge-nosapo-emerge-begin	n/a	n/a	n/a	n/a	n/a
4592.474	0	2296237	depth_rating	silent_emerge	rating-nosapo-emerge-meditation_depth-1	1	n/a	n/a	n/a	n/a
4599.968	0	2299984	clicker_press	silent_emerge	response-received-page_up	n/a	n/a	n/a	n/a	page_up
4602.568	0	2301284	confidence_rating	silent_emerge	rating-nosapo-emerge-confidence_depth-1	n/a	1	n/a	n/a	n/a
4606.146	0	2303073	report_window_end	silent_emerge	emerge-nosapo-emerge-end	n/a	n/a	n/a	n/a	n/a
4606.148	0	2303074	subblock_begin	silent_emerge	subblock-begin	n/a	n/a	n/a	n/a	n/a
4606.148	0	2303074	silence_begin	silent_emerge	silence-begin	n/a	n/a	n/a	n/a	n/a
4716.922	0	2358461	silence_end	silent_emerge	silence-end	n/a	n/a	n/a	n/a	n/a
4717.072	0	2358536	gong_begin	silent_emerge	gong-begin	n/a	n/a	n/a	n/a	n/a
4727.014	0	2363507	gong_end	silent_emerge	gong-end	n/a	n/a	n/a	n/a	n/a
4727.014	0	2363507	subblock_end	silent_emerge	subblock-end-duration-120.866	n/a	n/a	n/a	120.866	n/a
4727.014	0	2363507	subblock_begin	silent_emerge	subblock-begin	n/a	n/a	n/a	n/a	n/a
4727.016	0	2363508	silence_begin	silent_emerge	silence-begin	n/a	n/a	n/a	n/a	n/a
4728.378	0	2364189	clicker_press	silent_emerge	response-received-page_up	n/a	n/a	n/a	n/a	page_up
4728.430	0	2364215	report_window_begin	silent_emerge	emerge-nosapo-emerge-begin	n/a	n/a	n/a	n/a	n/a
4728.762	0	2364381	clicker_press	silent_emerge	response-received-page_up	n/a	n/a	n/a	n/a	page_up
4729.128	0	2364564	clicker_press	silent_emerge	response-received-page_up	n/a	n/a	n/a	n/a	page_up
4729.528	0	2364764	clicker_press	silent_emerge	response-received-page_up	n/a	n/a	n/a	n/a	page_up
4732.476	0	2366238	depth_rating	silent_emerge	rating-nosapo-emerge-meditation_depth-4	4	n/a	n/a	n/a	n/a
4738.904	0	2369452	clicker_press	silent_emerge	response-received-page_up	n/a	n/a	n/a	n/a	page_up
4739.354	0	2369677	clicker_press	silent_emerge	response-received-page_up	n/a	n/a	n/a	n/a	page_up
4739.704	0	2369852	clicker_press	silent_emerge	response-received-page_up	n/a	n/a	n/a	n/a	page_up
4740.070	0	2370035	clicker_press	silent_emerge	response-received-page_up	n/a	n/a	n/a	n/a	page_up
4742.600	0	2371300	confidence_rating	silent_emerge	rating-nosapo-emerge-confidence_depth-4	n/a	4	n/a	n/a	n/a
4746.080	0	2373040	report_window_end	silent_emerge	emerge-nosapo-emerge-end	n/a	n/a	n/a	n/a	n/a
4746.082	0	2373041	subblock_begin	silent_emerge	subblock-begin	n/a	n/a	n/a	n/a	n/a
4746.082	0	2373041	silence_begin	silent_emerge	silence-begin	n/a	n/a	n/a	n/a	n/a
4850.644	0	2425322	silence_end	silent_emerge	silence-end	n/a	n/a	n/a	n/a	n/a
4850.860	0	2425430	gong_begin	silent_emerge	gong-begin	n/a	n/a	n/a	n/a	n/a
4857.656	0	2428828	clicker_press	silent_emerge	response-received-page_up	n/a	n/a	n/a	n/a	page_up
4857.672	0	2428836	gong_end	silent_emerge	gong-end	n/a	n/a	n/a	n/a	n/a
4857.672	0	2428836	report_window_begin	silent_emerge	emerge-nosapo-emerge-begin	n/a	n/a	n/a	n/a	n/a
4858.072	0	2429036	clicker_press	silent_emerge	response-received-page_up	n/a	n/a	n/a	n/a	page_up
4858.454	0	2429227	clicker_press	silent_emerge	response-received-page_up	n/a	n/a	n/a	n/a	page_up
4861.702	0	2430851	depth_rating	silent_emerge	rating-nosapo-emerge-meditation_depth-3	3	n/a	n/a	n/a	n/a
4868.196	0	2434098	clicker_press	silent_emerge	response-received-page_up	n/a	n/a	n/a	n/a	page_up
4868.730	0	2434365	clicker_press	silent_emerge	response-received-page_up	n/a	n/a	n/a	n/a	page_up
4869.246	0	2434623	clicker_press	silent_emerge	response-received-page_up	n/a	n/a	n/a	n/a	page_up
4869.762	0	2434881	clicker_press	silent_emerge	response-received-page_up	n/a	n/a	n/a	n/a	page_up
4870.444	0	2435222	clicker_press	silent_emerge	response-received-page_up	n/a	n/a	n/a	n/a	page_up
4871.776	0	2435888	confidence_rating	silent_emerge	rating-nosapo-emerge-confidence_depth-5	n/a	5	n/a	n/a	n/a
4875.308	0	2437654	report_window_end	silent_emerge	emerge-nosapo-emerge-end	n/a	n/a	n/a	n/a	n/a
4875.308	0	2437654	subblock_end	silent_emerge	subblock-end-duration-129.228	n/a	n/a	n/a	129.228	n/a
4875.310	0	2437655	subblock_begin	silent_emerge	subblock-begin	n/a	n/a	n/a	n/a	n/a
4875.310	0	2437655	silence_begin	silent_emerge	silence-begin	n/a	n/a	n/a	n/a	n/a
4988.380	0	2494190	silence_end	silent_emerge	silence-end	n/a	n/a	n/a	n/a	n/a
4988.396	0	2494198	gong_begin	silent_emerge	gong-begin	n/a	n/a	n/a	n/a	n/a
4998.406	0	2499203	gong_end	silent_emerge	gong-end	n/a	n/a	n/a	n/a	n/a
4998.406	0	2499203	subblock_end	silent_emerge	subblock-end-duration-123.096	n/a	n/a	n/a	123.096	n/a
4998.406	0	2499203	subblock_begin	silent_emerge	subblock-begin	n/a	n/a	n/a	n/a	n/a
4998.406	0	2499203	silence_begin	silent_emerge	silence-begin	n/a	n/a	n/a	n/a	n/a
5041.536	0	2520768	clicker_press	silent_emerge	response-received-page_up	n/a	n/a	n/a	n/a	page_up
5041.620	0	2520810	report_window_begin	silent_emerge	emerge-nosapo-emerge-begin	n/a	n/a	n/a	n/a	n/a
5042.036	0	2521018	clicker_press	silent_emerge	response-received-page_up	n/a	n/a	n/a	n/a	page_up
5042.552	0	2521276	clicker_press	silent_emerge	response-received-page_up	n/a	n/a	n/a	n/a	page_up
5045.682	0	2522841	depth_rating	silent_emerge	rating-nosapo-emerge-meditation_depth-3	3	n/a	n/a	n/a	n/a
5052.294	0	2526147	clicker_press	silent_emerge	response-received-page_up	n/a	n/a	n/a	n/a	page_up
5052.776	0	2526388	clicker_press	silent_emerge	response-received-page_up	n/a	n/a	n/a	n/a	page_up
5053.244	0	2526622	clicker_press	silent_emerge	response-received-page_up	n/a	n/a	n/a	n/a	page_up
5053.842	0	2526921	clicker_press	silent_emerge	response-received-page_up	n/a	n/a	n/a	n/a	page_up
5054.426	0	2527213	clicker_press	silent_emerge	response-received-page_up	n/a	n/a	n/a	n/a	page_up
5055.758	0	2527879	confidence_rating	silent_emerge	rating-nosapo-emerge-confidence_depth-5	n/a	5	n/a	n/a	n/a
5059.222	0	2529611	report_window_end	silent_emerge	emerge-nosapo-emerge-end	n/a	n/a	n/a	n/a	n/a
5059.222	0	2529611	subblock_begin	silent_emerge	subblock-begin	n/a	n/a	n/a	n/a	n/a
5059.222	0	2529611	silence_begin	silent_emerge	silence-begin	n/a	n/a	n/a	n/a	n/a
5159.490	0	2579745	silence_end	silent_emerge	silence-end	n/a	n/a	n/a	n/a	n/a
5159.490	0	2579745	gong_begin	silent_emerge	gong-begin	n/a	n/a	n/a	n/a	n/a
5162.886	0	2581443	clicker_press	silent_emerge	response-received-page_up	n/a	n/a	n/a	n/a	page_up
5162.918	0	2581459	gong_end	silent_emerge	gong-end	n/a	n/a	n/a	n/a	n/a
5162.920	0	2581460	report_window_begin	silent_emerge	emerge-nosapo-emerge-begin	n/a	n/a	n/a	n/a	n/a
5163.354	0	2581677	clicker_press	silent_emerge	response-received-page_up	n/a	n/a	n/a	n/a	page_up
5163.752	0	2581876	clicker_press	silent_emerge	response-received-page_up	n/a	n/a	n/a	n/a	page_up
5164.168	0	2582084	clicker_press	silent_emerge	response-received-page_up	n/a	n/a	n/a	n/a	page_up
5166.948	0	2583474	depth_rating	silent_emerge	rating-nosapo-emerge-meditation_depth-4	4	n/a	n/a	n/a	n/a
5172.978	0	2586489	clicker_press	silent_emerge	response-received-page_up	n/a	n/a	n/a	n/a	page_up
5173.476	0	2586738	clicker_press	silent_emerge	response-received-page_up	n/a	n/a	n/a	n/a	page_up
5173.894	0	2586947	clicker_press	silent_emerge	response-received-page_up	n/a	n/a	n/a	n/a	page_up
5174.342	0	2587171	clicker_press	silent_emerge	response-received-page_up	n/a	n/a	n/a	n/a	page_up
5174.792	0	2587396	clicker_press	silent_emerge	response-received-page_up	n/a	n/a	n/a	n/a	page_up
5177.024	0	2588512	confidence_rating	silent_emerge	rating-nosapo-emerge-confidence_depth-5	n/a	5	n/a	n/a	n/a
5180.538	0	2590269	report_window_end	silent_emerge	emerge-nosapo-emerge-end	n/a	n/a	n/a	n/a	n/a
5180.538	0	2590269	subblock_end	silent_emerge	subblock-end-duration-121.316	n/a	n/a	n/a	121.316	n/a
5180.538	0	2590269	subblock_begin	silent_emerge	subblock-begin	n/a	n/a	n/a	n/a	n/a
5180.540	0	2590270	silence_begin	silent_emerge	silence-begin	n/a	n/a	n/a	n/a	n/a
5238.490	0	2619245	clicker_press	silent_emerge	response-received-page_up	n/a	n/a	n/a	n/a	page_up
5238.640	0	2619320	report_window_begin	silent_emerge	emerge-nosapo-emerge-begin	n/a	n/a	n/a	n/a	n/a
5238.790	0	2619395	clicker_press	silent_emerge	response-received-page_up	n/a	n/a	n/a	n/a	page_up
5239.156	0	2619578	clicker_press	silent_emerge	response-received-page_up	n/a	n/a	n/a	n/a	page_up
5242.668	0	2621334	depth_rating	silent_emerge	rating-nosapo-emerge-meditation_depth-3	3	n/a	n/a	n/a	n/a
5248.998	0	2624499	clicker_press	silent_emerge	response-received-page_up	n/a	n/a	n/a	n/a	page_up
5249.464	0	2624732	clicker_press	silent_emerge	response-received-page_up	n/a	n/a	n/a	n/a	page_up
5249.930	0	2624965	clicker_press	silent_emerge	response-received-page_up	n/a	n/a	n/a	n/a	page_up
5250.214	0	2625107	clicker_press	silent_emerge	response-received-page_up	n/a	n/a	n/a	n/a	page_up
5250.546	0	2625273	clicker_press	silent_emerge	response-received-page_up	n/a	n/a	n/a	n/a	page_up
5252.728	0	2626364	confidence_rating	silent_emerge	rating-nosapo-emerge-confidence_depth-5	n/a	5	n/a	n/a	n/a
5256.176	0	2628088	report_window_end	silent_emerge	emerge-nosapo-emerge-end	n/a	n/a	n/a	n/a	n/a
5256.176	0	2628088	subblock_begin	silent_emerge	subblock-begin	n/a	n/a	n/a	n/a	n/a
5256.176	0	2628088	silence_begin	silent_emerge	silence-begin	n/a	n/a	n/a	n/a	n/a
5358.872	0	2679436	silence_end	silent_emerge	silence-end	n/a	n/a	n/a	n/a	n/a
5359.138	0	2679569	gong_begin	silent_emerge	gong-begin	n/a	n/a	n/a	n/a	n/a
5359.238	0	2679619	clicker_press	silent_emerge	response-received-page_up	n/a	n/a	n/a	n/a	page_up
5359.254	0	2679627	gong_end	silent_emerge	gong-end	n/a	n/a	n/a	n/a	n/a
5359.256	0	2679628	report_window_begin	silent_emerge	emerge-nosapo-emerge-begin	n/a	n/a	n/a	n/a	n/a
5359.656	0	2679828	clicker_press	silent_emerge	response-received-page_up	n/a	n/a	n/a	n/a	page_up
5360.156	0	2680078	clicker_press	silent_emerge	response-received-page_up	n/a	n/a	n/a	n/a	page_up
5363.286	0	2681643	depth_rating	silent_emerge	rating-nosapo-emerge-meditation_depth-3	3	n/a	n/a	n/a	n/a
5369.580	0	2684790	clicker_press	silent_emerge	response-received-page_up	n/a	n/a	n/a	n/a	page_up
5369.964	0	2684982	clicker_press	silent_emerge	response-received-page_up	n/a	n/a	n/a	n/a	page_up
5370.380	0	2685190	clicker_press	silent_emerge	response-received-page_up	n/a	n/a	n/a	n/a	page_up
5370.796	0	2685398	clicker_press	silent_emerge	response-received-page_up	n/a	n/a	n/a	n/a	page_up
5373.394	0	2686697	confidence_rating	silent_emerge	rating-nosapo-emerge-confidence_depth-4	n/a	4	n/a	n/a	n/a
5376.826	0	2688413	report_window_end	silent_emerge	emerge-nosapo-emerge-end	n/a	n/a	n/a	n/a	n/a
5376.826	0	2688413	subblock_end	silent_emerge	subblock-end-duration-120.651	n/a	n/a	n/a	120.651	n/a
5376.828	0	2688414	subblock_begin	silent_emerge	subblock-begin	n/a	n/a	n/a	n/a	n/a
5376.828	0	2688414	silence_begin	silent_emerge	silence-begin	n/a	n/a	n/a	n/a	n/a
5495.426	0	2747713	silence_end	silent_emerge	silence-end	n/a	n/a	n/a	n/a	n/a
5495.442	0	2747721	gong_begin	silent_emerge	gong-begin	n/a	n/a	n/a	n/a	n/a
5505.484	0	2752742	gong_end	silent_emerge	gong-end	n/a	n/a	n/a	n/a	n/a
5505.486	0	2752743	subblock_end	silent_emerge	subblock-end-duration-128.659	n/a	n/a	n/a	128.659	n/a
5505.486	0	2752743	subblock_begin	silent_emerge	subblock-begin	n/a	n/a	n/a	n/a	n/a
5505.488	0	2752744	silence_begin	silent_emerge	silence-begin	n/a	n/a	n/a	n/a	n/a
5529.632	0	2764816	clicker_press	silent_emerge	response-received-page_up	n/a	n/a	n/a	n/a	page_up
5529.648	0	2764824	report_window_begin	silent_emerge	emerge-nosapo-emerge-begin	n/a	n/a	n/a	n/a	n/a
5530.048	0	2765024	clicker_press	silent_emerge	response-received-page_up	n/a	n/a	n/a	n/a	page_up
5530.448	0	2765224	clicker_press	silent_emerge	response-received-page_up	n/a	n/a	n/a	n/a	page_up
5533.828	0	2766914	depth_rating	silent_emerge	rating-nosapo-emerge-meditation_depth-3	3	n/a	n/a	n/a	n/a
5540.688	0	2770344	clicker_press	silent_emerge	response-received-page_up	n/a	n/a	n/a	n/a	page_up
5541.156	0	2770578	clicker_press	silent_emerge	response-received-page_up	n/a	n/a	n/a	n/a	page_up
5541.706	0	2770853	clicker_press	silent_emerge	response-received-page_up	n/a	n/a	n/a	n/a	page_up
5543.920	0	2771960	confidence_rating	silent_emerge	rating-nosapo-emerge-confidence_depth-3	n/a	3	n/a	n/a	n/a
5547.550	0	2773775	report_window_end	silent_emerge	emerge-nosapo-emerge-end	n/a	n/a	n/a	n/a	n/a
5547.552	0	2773776	subblock_begin	silent_emerge	subblock-begin	n/a	n/a	n/a	n/a	n/a
5547.552	0	2773776	silence_begin	silent_emerge	silence-begin	n/a	n/a	n/a	n/a	n/a
5614.512	0	2807256	clicker_press	silent_emerge	response-received-page_up	n/a	n/a	n/a	n/a	page_up
5614.544	0	2807272	report_window_begin	silent_emerge	emerge-nosapo-emerge-begin	n/a	n/a	n/a	n/a	n/a
5614.862	0	2807431	clicker_press	silent_emerge	response-received-page_up	n/a	n/a	n/a	n/a	page_up
5618.592	0	2809296	depth_rating	silent_emerge	rating-nosapo-emerge-meditation_depth-2	2	n/a	n/a	n/a	n/a
5625.002	0	2812501	clicker_press	silent_emerge	response-received-page_up	n/a	n/a	n/a	n/a	page_up
5625.502	0	2812751	clicker_press	silent_emerge	response-received-page_up	n/a	n/a	n/a	n/a	page_up
5626.002	0	2813001	clicker_press	silent_emerge	response-received-page_up	n/a	n/a	n/a	n/a	page_up
5626.434	0	2813217	clicker_press	silent_emerge	response-received-page_up	n/a	n/a	n/a	n/a	page_up
5626.918	0	2813459	clicker_press	silent_emerge	response-received-page_up	n/a	n/a	n/a	n/a	page_up
5628.750	0	2814375	confidence_rating	silent_emerge	rating-nosapo-emerge-confidence_depth-5	n/a	5	n/a	n/a	n/a
5632.230	0	2816115	report_window_end	silent_emerge	emerge-nosapo-emerge-end	n/a	n/a	n/a	n/a	n/a
5632.230	0	2816115	subblock_begin	silent_emerge	subblock-begin	n/a	n/a	n/a	n/a	n/a
5632.230	0	2816115	silence_begin	silent_emerge	silence-begin	n/a	n/a	n/a	n/a	n/a
5712.264	0	2856132	clicker_press	silent_emerge	response-received-page_up	n/a	n/a	n/a	n/a	page_up
5712.296	0	2856148	report_window_begin	silent_emerge	emerge-nosapo-emerge-begin	n/a	n/a	n/a	n/a	n/a
5712.764	0	2856382	clicker_press	silent_emerge	response-received-page_up	n/a	n/a	n/a	n/a	page_up
5716.344	0	2858172	depth_rating	silent_emerge	rating-nosapo-emerge-meditation_depth-2	2	n/a	n/a	n/a	n/a
5722.822	0	2861411	clicker_press	silent_emerge	response-received-page_up	n/a	n/a	n/a	n/a	page_up
5723.388	0	2861694	clicker_press	silent_emerge	response-received-page_up	n/a	n/a	n/a	n/a	page_up
5723.820	0	2861910	clicker_press	silent_emerge	response-received-page_up	n/a	n/a	n/a	n/a	page_up
5724.236	0	2862118	clicker_press	silent_emerge	response-received-page_up	n/a	n/a	n/a	n/a	page_up
5724.704	0	2862352	clicker_press	silent_emerge	response-received-page_up	n/a	n/a	n/a	n/a	page_up
5726.584	0	2863292	confidence_rating	silent_emerge	rating-nosapo-emerge-confidence_depth-5	n/a	5	n/a	n/a	n/a
5730.066	0	2865033	report_window_end	silent_emerge	emerge-nosapo-emerge-end	n/a	n/a	n/a	n/a	n/a
5730.066	0	2865033	subblock_begin	silent_emerge	subblock-begin	n/a	n/a	n/a	n/a	n/a
5730.066	0	2865033	silence_begin	silent_emerge	silence-begin	n/a	n/a	n/a	n/a	n/a
5803.838	0	2901919	clicker_press	silent_emerge	response-received-page_up	n/a	n/a	n/a	n/a	page_up
5803.854	0	2901927	report_window_begin	silent_emerge	emerge-nosapo-emerge-begin	n/a	n/a	n/a	n/a	n/a
5804.070	0	2902035	clicker_press	silent_emerge	response-received-page_up	n/a	n/a	n/a	n/a	page_up
5807.868	0	2903934	depth_rating	silent_emerge	rating-nosapo-emerge-meditation_depth-2	2	n/a	n/a	n/a	n/a
5814.728	0	2907364	clicker_press	silent_emerge	response-received-page_up	n/a	n/a	n/a	n/a	page_up
5815.078	0	2907539	clicker_press	silent_emerge	response-received-page_up	n/a	n/a	n/a	n/a	page_up
5815.446	0	2907723	clicker_press	silent_emerge	response-received-page_up	n/a	n/a	n/a	n/a	page_up
5818.126	0	2909063	confidence_rating	silent_emerge	rating-nosapo-emerge-confidence_depth-3	n/a	3	n/a	n/a	n/a
5821.572	0	2910786	report_window_end	silent_emerge	emerge-nosapo-emerge-end	n/a	n/a	n/a	n/a	n/a
5821.574	0	2910787	subblock_begin	silent_emerge	subblock-begin	n/a	n/a	n/a	n/a	n/a
5821.574	0	2910787	silence_begin	silent_emerge	silence-begin	n/a	n/a	n/a	n/a	n/a
5924.038	0	2962019	silence_end	silent_emerge	silence-end	n/a	n/a	n/a	n/a	n/a
5924.038	0	2962019	gong_begin	silent_emerge	gong-begin	n/a	n/a	n/a	n/a	n/a
5934.046	0	2967023	gong_end	silent_emerge	gong-end	n/a	n/a	n/a	n/a	n/a
5934.046	0	2967023	subblock_end	silent_emerge	subblock-end-duration-112.473	n/a	n/a	n/a	112.473	n/a
5934.046	0	2967023	subblock_begin	silent_emerge	subblock-begin	n/a	n/a	n/a	n/a	n/a
5934.046	0	2967023	silence_begin	silent_emerge	silence-begin	n/a	n/a	n/a	n/a	n/a
5935.962	0	2967981	clicker_press	silent_emerge	response-received-page_up	n/a	n/a	n/a	n/a	page_up
5935.978	0	2967989	report_window_begin	silent_emerge	emerge-nosapo-emerge-begin	n/a	n/a	n/a	n/a	n/a
5936.528	0	2968264	clicker_press	silent_emerge	response-received-page_up	n/a	n/a	n/a	n/a	page_up
5940.042	0	2970021	depth_rating	silent_emerge	rating-nosapo-emerge-meditation_depth-2	2	n/a	n/a	n/a	n/a
5946.620	0	2973310	clicker_press	silent_emerge	response-received-page_up	n/a	n/a	n/a	n/a	page_up
5947.136	0	2973568	clicker_press	silent_emerge	response-received-page_up	n/a	n/a	n/a	n/a	page_up
5947.752	0	2973876	clicker_press	silent_emerge	response-received-page_up	n/a	n/a	n/a	n/a	page_up
5948.334	0	2974167	clicker_press	silent_emerge	response-received-page_up	n/a	n/a	n/a	n/a	page_up
5950.116	0	2975058	confidence_rating	silent_emerge	rating-nosapo-emerge-confidence_depth-4	n/a	4	n/a	n/a	n/a
5953.764	0	2976882	report_window_end	silent_emerge	emerge-nosapo-emerge-end	n/a	n/a	n/a	n/a	n/a
5953.764	0	2976882	subblock_begin	silent_emerge	subblock-begin	n/a	n/a	n/a	n/a	n/a
5953.764	0	2976882	silence_begin	silent_emerge	silence-begin	n/a	n/a	n/a	n/a	n/a
6055.662	0	3027831	silence_end	silent_emerge	silence-end	n/a	n/a	n/a	n/a	n/a
6055.678	0	3027839	gong_begin	silent_emerge	gong-begin	n/a	n/a	n/a	n/a	n/a
6065.670	0	3032835	gong_end	silent_emerge	gong-end	n/a	n/a	n/a	n/a	n/a
6065.670	0	3032835	subblock_end	silent_emerge	subblock-end-duration-111.907	n/a	n/a	n/a	111.907	n/a
6065.672	0	3032836	subblock_begin	silent_emerge	subblock-begin	n/a	n/a	n/a	n/a	n/a
6065.672	0	3032836	silence_begin	silent_emerge	silence-begin	n/a	n/a	n/a	n/a	n/a
6115.246	0	3057623	silent_emerge_end	silent_emerge	block-nosapo-emerge-end	n/a	n/a	n/a	n/a	n/a
6115.248	0	3057624	block_duration	silent_emerge	block-nosapo-emerge-duration-2100	n/a	n/a	n/a	2100.000	n/a
6115.248	0	3057624	prompt_window_begin	silent_emerge	probe-nosapo-emerge-begin	n/a	n/a	n/a	n/a	n/a
6122.856	0	3061428	clicker_press	n/a	response-received-page_up	n/a	n/a	n/a	n/a	page_up
6123.772	0	3061886	clicker_press	n/a	response-received-page_up	n/a	n/a	n/a	n/a	page_up
6124.272	0	3062136	depth_rating	silent_emerge	rating-nosapo-emerge-meditation_depth-2	2	n/a	n/a	n/a	n/a
6130.832	0	3065416	clicker_press	n/a	response-received-page_up	n/a	n/a	n/a	n/a	page_up
6131.282	0	3065641	clicker_press	n/a	response-received-page_up	n/a	n/a	n/a	n/a	page_up
6131.766	0	3065883	clicker_press	n/a	response-received-page_up	n/a	n/a	n/a	n/a	page_up
6132.166	0	3066083	clicker_press	n/a	response-received-page_up	n/a	n/a	n/a	n/a	page_up
6132.514	0	3066257	clicker_press	n/a	response-received-page_up	n/a	n/a	n/a	n/a	page_up
6134.312	0	3067156	confidence_rating	silent_emerge	rating-nosapo-emerge-confidence_depth-5	n/a	5	n/a	n/a	n/a
6135.446	0	3067723	prompt_window_end	silent_emerge	probe-nosapo-emerge-end	n/a	n/a	n/a	n/a	n/a
6135.448	0	3067724	break_begin	break	break-begin	n/a	n/a	n/a	n/a	n/a
6299.560	0	3149780	clicker_press	break	response-received-enter	n/a	n/a	n/a	n/a	enter
6299.592	0	3149796	break_end	break	break-end	n/a	n/a	n/a	n/a	n/a
6362.158	0	3181079	clicker_press	n/a	response-received-page_up	n/a	n/a	n/a	n/a	page_up
6362.258	0	3181129	post_meditation_begin	post_meditation	post-meditation-begin	n/a	n/a	n/a	n/a	n/a
6662.342	0	3331171	post_meditation_end	post_meditation	post-meditation-end	n/a	n/a	n/a	n/a	n/a
6662.344	0	3331172	prompt_window_begin	post_meditation	probe-post-meditation-begin	n/a	n/a	n/a	n/a	n/a
6669.504	0	3334752	clicker_press	n/a	response-received-page_up	n/a	n/a	n/a	n/a	page_up
6670.252	0	3335126	clicker_press	n/a	response-received-page_up	n/a	n/a	n/a	n/a	page_up
6671.268	0	3335634	clicker_press	n/a	response-received-page_up	n/a	n/a	n/a	n/a	page_up
6671.368	0	3335684	depth_rating	post_meditation	rating-post-meditation-meditation_depth-3	3	n/a	n/a	n/a	n/a
6677.846	0	3338923	clicker_press	n/a	response-received-page_up	n/a	n/a	n/a	n/a	page_up
6678.612	0	3339306	clicker_press	n/a	response-received-page_up	n/a	n/a	n/a	n/a	page_up
6679.478	0	3339739	clicker_press	n/a	response-received-page_up	n/a	n/a	n/a	n/a	page_up
6681.460	0	3340730	confidence_rating	post_meditation	rating-post-meditation-confidence_depth-3	n/a	3	n/a	n/a	n/a
6682.492	0	3341246	prompt_window_end	post_meditation	probe-post-meditation-end	n/a	n/a	n/a	n/a	n/a
6691.634	0	3345817	task_end	n/a	task-end	n/a	n/a	n/a	n/a	n/a
