onset	duration	sample	trial_type	block	value	depth	confidence	response_time	logged_duration	key
0.000	0	0	clicker_press	n/a	response-received-arrow_up	n/a	n/a	n/a	n/a	arrow_up
8.474	0	4237	clicker_press	n/a	response-received-arrow_up	n/a	n/a	n/a	n/a	arrow_up
17.184	0	8592	clicker_press	n/a	response-received-arrow_up	n/a	n/a	n/a	n/a	arrow_up
47.842	0	23921	clicker_press	n/a	response-received-arrow_up	n/a	n/a	n/a	n/a	arrow_up
66.178	0	33089	clicker_press	n/a	response-received-arrow_up	n/a	n/a	n/a	n/a	arrow_up
87.810	0	43905	clicker_press	n/a	response-received-arrow_up	n/a	n/a	n/a	n/a	arrow_up
118.102	0	59051	clicker_press	n/a	response-received-arrow_up	n/a	n/a	n/a	n/a	arrow_up
129.458	0	64729	clicker_press	n/a	response-received-arrow_up	n/a	n/a	n/a	n/a	arrow_up
129.526	0	64763	task_begin	n/a	task-begin	n/a	n/a	n/a	n/a	n/a
197.536	0	98768	clicker_press	n/a	response-received-arrow_up	n/a	n/a	n/a	n/a	arrow_up
197.568	0	98784	baseline_begin	baseline	baseline-begin	n/a	n/a	n/a	n/a	n/a
497.586	0	248793	baseline_end	baseline	baseline-end	n/a	n/a	n/a	n/a	n/a
566.616	0	283308	clicker_press	n/a	response-received-arrow_up	n/a	n/a	n/a	n/a	arrow_up
566.632	0	283316	pre_meditation_begin	pre_meditation	pre-meditation-begin	n/a	n/a	n/a	n/a	n/a
866.682	0	433341	pre_meditation_end	pre_meditation	pre-meditation-end	n/a	n/a	n/a	n/a	n/a
866.682	0	433341	prompt_window_begin	pre_meditation	probe-pre-meditation-begin	n/a	n/a	n/a	n/a	n/a
875.740	0	437870	depth_rating	pre_meditation	rating-pre-meditation-meditation_depth-0	0	n/a	n/a	n/a	n/a
877.456	0	438728	clicker_press	n/a	response-received-arrow_up	n/a	n/a	n/a	n/a	arrow_up
878.238	0	439119	clicker_press	n/a	response-received-arrow_up	n/a	n/a	n/a	n/a	arrow_up
879.188	0	439594	clicker_press	n/a	response-received-arrow_up	n/a	n/a	n/a	n/a	arrow_up
884.300	0	442150	clicker_press	n/a	response-received-arrow_up	n/a	n/a	n/a	n/a	arrow_up
885.032	0	442516	clicker_press	n/a	response-received-arrow_up	n/a	n/a	n/a	n/a	arrow_up
885.682	0	442841	clicker_press	n/a	response-received-arrow_up	n/a	n/a	n/a	n/a	arrow_up
885.782	0	442891	confidence_rating	pre_meditation	rating-pre-meditation-confidence_depth-6	n/a	6	n/a	n/a	n/a
886.816	0	443408	prompt_window_end	pre_meditation	probe-pre-meditation-end	n/a	n/a	n/a	n/a	n/a
1050.346	0	525173	clicker_press	n/a	response-received-arrow_up	n/a	n/a	n/a	n/a	arrow_up
1050.386	0	525193	sapo_emerge_begin	sapo_emerge	block-sapo-emerge-begin	n/a	n/a	n/a	n/a	n/a
1050.402	0	525201	subblock_begin	sapo_emerge	subblock-begin	n/a	n/a	n/a	n/a	n/a
1050.402	0	525201	silence_begin	sapo_emerge	silence-begin	n/a	n/a	n/a	n/a	n/a
1050.402	0	525201	oddball_tone	sapo_emerge	oddball	n/a	n/a	n/a	n/a	n/a
1051.410	0	525705	standard_tone	sapo_emerge	standard	n/a	n/a	n/a	n/a	n/a
1052.428	0	526214	standard_tone	sapo_emerge	standard	n/a	n/a	n/a	n/a	n/a
1053.426	0	526713	standard_tone	sapo_emerge	standard	n/a	n/a	n/a	n/a	n/a
1054.442	0	527221	standard_tone	sapo_emerge	standard	n/a	n/a	n/a	n/a	n/a
1055.442	0	527721	standard_tone	sapo_emerge	standard	n/a	n/a	n/a	n/a	n/a
1056.456	0	528228	standard_tone	sapo_emerge	standard	n/a	n/a	n/a	n/a	n/a
1057.472	0	528736	distractor_noise	sapo_emerge	distractor	n/a	n/a	n/a	n/a	n/a
1058.472	0	529236	standard_tone	sapo_emerge	standard	n/a	n/a	n/a	n/a	n/a
1059.488	0	529744	oddball_tone	sapo_emerge	oddball	n/a	n/a	n/a	n/a	n/a
1060.504	0	530252	distractor_noise	sapo_emerge	distractor	n/a	n/a	n/a	n/a	n/a
1061.504	0	530752	standard_tone	sapo_emerge	standard	n/a	n/a	n/a	n/a	n/a
1062.518	0	531259	standard_tone	sapo_emerge	standard	n/a	n/a	n/a	n/a	n/a
1063.534	0	531767	standard_tone	sapo_emerge	standard	n/a	n/a	n/a	n/a	n/a
1064.550	0	532275	standard_tone	sapo_emerge	standard	n/a	n/a	n/a	n/a	n/a
1065.566	0	532783	standard_tone	sapo_emerge	standard	n/a	n/a	n/a	n/a	n/a
1066.582	0	533291	standard_tone	sapo_emerge	standard	n/a	n/a	n/a	n/a	n/a
1067.598	0	533799	standard_tone	sapo_emerge	standard	n/a	n/a	n/a	n/a	n/a
1068.614	0	534307	oddball_tone	sapo_emerge	oddball	n/a	n/a	n/a	n/a	n/a
1069.630	0	534815	standard_tone	sapo_emerge	standard	n/a	n/a	n/a	n/a	n/a
1070.646	0	535323	oddball_tone	sapo_emerge	oddball	n/a	n/a	n/a	n/a	n/a
1071.662	0	535831	standard_tone	sapo_emerge	standard	n/a	n/a	n/a	n/a	n/a
1072.676	0	536338	oddball_tone	sapo_emerge	oddball	n/a	n/a	n/a	n/a	n/a
1073.692	0	536846	distractor_noise	sapo_emerge	distractor	n/a	n/a	n/a	n/a	n/a
1074.708	0	537354	standard_tone	sapo_emerge	standard	n/a	n/a	n/a	n/a	n/a
1075.724	0	537862	standard_tone	sapo_emerge	standard	n/a	n/a	n/a	n/a	n/a
1076.740	0	538370	standard_tone	sapo_emerge	standard	n/a	n/a	n/a	n/a	n/a
1077.756	0	538878	standard_tone	sapo_emerge	standard	n/a	n/a	n/a	n/a	n/a
1078.072	0	539036	clicker_press	sapo_emerge	response-received-arrow_up	n/a	n/a	n/a	n/a	arrow_up
1078.190	0	539095	report_window_begin	sapo_emerge	emerge-sapo-emerge-begin	n/a	n/a	n/a	n/a	n/a
1082.202	0	541101	depth_rating	sapo_emerge	rating-sapo-emerge-meditation_depth-1	1	n/a	n/a	n/a	n/a
1083.602	0	541801	clicker_press	sapo_emerge	response-received-arrow_up	n/a	n/a	n/a	n/a	arrow_up
1084.934	0	542467	clicker_press	sapo_emerge	response-received-arrow_up	n/a	n/a	n/a	n/a	arrow_up
1092.362	0	546181	confidence_rating	sapo_emerge	rating-sapo-emerge-confidence_depth-2	n/a	2	n/a	n/a	n/a
1095.790	0	547895	report_window_end	sapo_emerge	emerge-sapo-emerge-end	n/a	n/a	n/a	n/a	n/a
1095.792	0	547896	subblock_begin	sapo_emerge	subblock-begin	n/a	n/a	n/a	n/a	n/a
1095.792	0	547896	silence_begin	sapo_emerge	silence-begin	n/a	n/a	n/a	n/a	n/a
1095.808	0	547904	standard_tone	sapo_emerge	standard	n/a	n/a	n/a	n/a	n/a
1096.824	0	548412	standard_tone	sapo_emerge	standard	n/a	n/a	n/a	n/a	n/a
1097.840	0	548920	standard_tone	sapo_emerge	standard	n/a	n/a	n/a	n/a	n/a
1098.856	0	549428	standard_tone	sapo_emerge	standard	n/a	n/a	n/a	n/a	n/a
1099.872	0	549936	standard_tone	sapo_emerge	standard	n/a	n/a	n/a	n/a	n/a
1100.886	0	550443	standard_tone	sapo_emerge	standard	n/a	n/a	n/a	n/a	n/a
1101.902	0	550951	standard_tone	sapo_emerge	standard	n/a	n/a	n/a	n/a	n/a
1102.918	0	551459	standard_tone	sapo_emerge	standard	n/a	n/a	n/a	n/a	n/a
1103.934	0	551967	oddball_tone	sapo_emerge	oddball	n/a	n/a	n/a	n/a	n/a
1104.950	0	552475	standard_tone	sapo_emerge	standard	n/a	n/a	n/a	n/a	n/a
1105.966	0	552983	standard_tone	sapo_emerge	standard	n/a	n/a	n/a	n/a	n/a
1106.982	0	553491	standard_tone	sapo_emerge	standard	n/a	n/a	n/a	n/a	n/a
1107.998	0	553999	standard_tone	sapo_emerge	standard	n/a	n/a	n/a	n/a	n/a
1109.014	0	554507	standard_tone	sapo_emerge	standard	n/a	n/a	n/a	n/a	n/a
1110.030	0	555015	oddball_tone	sapo_emerge	oddball	n/a	n/a	n/a	n/a	n/a
1111.046	0	555523	standard_tone	sapo_emerge	standard	n/a	n/a	n/a	n/a	n/a
1112.062	0	556031	standard_tone	sapo_emerge	standard	n/a	n/a	n/a	n/a	n/a
1113.076	0	556538	standard_tone	sapo_emerge	standard	n/a	n/a	n/a	n/a	n/a
1114.092	0	557046	distractor_noise	sapo_emerge	distractor	n/a	n/a	n/a	n/a	n/a
1115.108	0	557554	standard_tone	sapo_emerge	standard	n/a	n/a	n/a	n/a	n/a
1116.124	0	558062	standard_tone	sapo_emerge	standard	n/a	n/a	n/a	n/a	n/a
1117.140	0	558570	standard_tone	sapo_emerge	standard	n/a	n/a	n/a	n/a	n/a
1118.156	0	559078	oddball_tone	sapo_emerge	oddball	n/a	n/a	n/a	n/a	n/a
1119.172	0	559586	distractor_noise	sapo_emerge	distractor	n/a	n/a	n/a	n/a	n/a
1120.188	0	560094	standard_tone	sapo_emerge	standard	n/a	n/a	n/a	n/a	n/a
1121.204	0	560602	standard_tone	sapo_emerge	standard	n/a	n/a	n/a	n/a	n/a
1122.220	0	561110	standard_tone	sapo_emerge	standard	n/a	n/a	n/a	n/a	n/a
1123.236	0	561618	standard_tone	sapo_emerge	standard	n/a	n/a	n/a	n/a	n/a
1124.250	0	562125	standard_tone	sapo_emerge	standard	n/a	n/a	n/a	n/a	n/a
1125.266	0	562633	standard_tone	sapo_emerge	standard	n/a	n/a	n/a	n/a	n/a
1126.282	0	563141	standard_tone	sapo_emerge	standard	n/a	n/a	n/a	n/a	n/a
1127.298	0	563649	standard_tone	sapo_emerge	standard	n/a	n/a	n/a	n/a	n/a
1128.298	0	564149	standard_tone	sapo_emerge	standard	n/a	n/a	n/a	n/a	n/a
1129.314	0	564657	standard_tone	sapo_emerge	standard	n/a	n/a	n/a	n/a	n/a
1130.330	0	565165	standard_tone	sapo_emerge	standard	n/a	n/a	n/a	n/a	n/a
1131.344	0	565672	standard_tone	sapo_emerge	standard	n/a	n/a	n/a	n/a	n/a
1132.362	0	566181	standard_tone	sapo_emerge	standard	n/a	n/a	n/a	n/a	n/a
1133.376	0	566688	standard_tone	sapo_emerge	standard	n/a	n/a	n/a	n/a	n/a
1134.376	0	567188	standard_tone	sapo_emerge	standard	n/a	n/a	n/a	n/a	n/a
1135.392	0	567696	oddball_tone	sapo_emerge	oddball	n/a	n/a	n/a	n/a	n/a
1136.408	0	568204	standard_tone	sapo_emerge	standard	n/a	n/a	n/a	n/a	n/a
1137.424	0	568712	standard_tone	sapo_emerge	standard	n/a	n/a	n/a	n/a	n/a
1138.440	0	569220	standard_tone	sapo_emerge	standard	n/a	n/a	n/a	n/a	n/a
1139.456	0	569728	standard_tone	sapo_emerge	standard	n/a	n/a	n/a	n/a	n/a
1140.472	0	570236	standard_tone	sapo_emerge	standard	n/a	n/a	n/a	n/a	n/a
1141.486	0	570743	standard_tone	sapo_emerge	standard	n/a	n/a	n/a	n/a	n/a
1142.370	0	571185	clicker_press	sapo_emerge	response-received-arrow_up	n/a	n/a	n/a	n/a	arrow_up
1142.570	0	571285	report_window_begin	sapo_emerge	emerge-sapo-emerge-begin	n/a	n/a	n/a	n/a	n/a
1143.070	0	571535	clicker_press	sapo_emerge	response-received-arrow_up	n/a	n/a	n/a	n/a	arrow_up
1146.634	0	573317	depth_rating	sapo_emerge	rating-sapo-emerge-meditation_depth-2	2	n/a	n/a	n/a	n/a
1154.194	0	577097	clicker_press	sapo_emerge	response-received-arrow_up	n/a	n/a	n/a	n/a	arrow_up
1154.810	0	577405	clicker_press	sapo_emerge	response-received-arrow_up	n/a	n/a	n/a	n/a	arrow_up
1155.476	0	577738	clicker_press	sapo_emerge	response-received-arrow_up	n/a	n/a	n/a	n/a	arrow_up
1156.758	0	578379	confidence_rating	sapo_emerge	rating-sapo-emerge-confidence_depth-3	n/a	3	n/a	n/a	n/a
1160.238	0	580119	report_window_end	sapo_emerge	emerge-sapo-emerge-end	n/a	n/a	n/a	n/a	n/a
1160.238	0	580119	subblock_begin	sapo_emerge	subblock-begin	n/a	n/a	n/a	n/a	n/a
1160.240	0	580120	silence_begin	sapo_emerge	silence-begin	n/a	n/a	n/a	n/a	n/a
1160.240	0	580120	distractor_noise	sapo_emerge	distractor	n/a	n/a	n/a	n/a	n/a
1161.254	0	580627	standard_tone	sapo_emerge	standard	n/a	n/a	n/a	n/a	n/a
1162.270	0	581135	standard_tone	sapo_emerge	standard	n/a	n/a	n/a	n/a	n/a
1163.270	0	581635	standard_tone	sapo_emerge	standard	n/a	n/a	n/a	n/a	n/a
1164.284	0	582142	standard_tone	sapo_emerge	standard	n/a	n/a	n/a	n/a	n/a
1165.300	0	582650	standard_tone	sapo_emerge	standard	n/a	n/a	n/a	n/a	n/a
1166.316	0	583158	standard_tone	sapo_emerge	standard	n/a	n/a	n/a	n/a	n/a
1167.332	0	583666	standard_tone	sapo_emerge	standard	n/a	n/a	n/a	n/a	n/a
1168.346	0	584173	distractor_noise	sapo_emerge	distractor	n/a	n/a	n/a	n/a	n/a
1169.346	0	584673	standard_tone	sapo_emerge	standard	n/a	n/a	n/a	n/a	n/a
1170.362	0	585181	standard_tone	sapo_emerge	standard	n/a	n/a	n/a	n/a	n/a
1171.378	0	585689	standard_tone	sapo_emerge	standard	n/a	n/a	n/a	n/a	n/a
1172.394	0	586197	standard_tone	sapo_emerge	standard	n/a	n/a	n/a	n/a	n/a
1173.410	0	586705	distractor_noise	sapo_emerge	distractor	n/a	n/a	n/a	n/a	n/a
1174.410	0	587205	standard_tone	sapo_emerge	standard	n/a	n/a	n/a	n/a	n/a
1175.424	0	587712	standard_tone	sapo_emerge	standard	n/a	n/a	n/a	n/a	n/a
1176.442	0	588221	standard_tone	sapo_emerge	standard	n/a	n/a	n/a	n/a	n/a
1177.456	0	588728	standard_tone	sapo_emerge	standard	n/a	n/a	n/a	n/a	n/a
1178.472	0	589236	standard_tone	sapo_emerge	standard	n/a	n/a	n/a	n/a	n/a
1179.488	0	589744	standard_tone	sapo_emerge	standard	n/a	n/a	n/a	n/a	n/a
1180.504	0	590252	standard_tone	sapo_emerge	standard	n/a	n/a	n/a	n/a	n/a
1181.520	0	590760	distractor_noise	sapo_emerge	distractor	n/a	n/a	n/a	n/a	n/a
1182.536	0	591268	oddball_tone	sapo_emerge	oddball	n/a	n/a	n/a	n/a	n/a
1183.552	0	591776	standard_tone	sapo_emerge	standard	n/a	n/a	n/a	n/a	n/a
1184.568	0	592284	standard_tone	sapo_emerge	standard	n/a	n/a	n/a	n/a	n/a
1185.584	0	592792	standard_tone	sapo_emerge	standard	n/a	n/a	n/a	n/a	n/a
1186.600	0	593300	standard_tone	sapo_emerge	standard	n/a	n/a	n/a	n/a	n/a
1187.614	0	593807	standard_tone	sapo_emerge	standard	n/a	n/a	n/a	n/a	n/a
1188.630	0	594315	standard_tone	sapo_emerge	standard	n/a	n/a	n/a	n/a	n/a
1189.646	0	594823	standard_tone	sapo_emerge	standard	n/a	n/a	n/a	n/a	n/a
1190.662	0	595331	standard_tone	sapo_emerge	standard	n/a	n/a	n/a	n/a	n/a
1191.678	0	595839	distractor_noise	sapo_emerge	distractor	n/a	n/a	n/a	n/a	n/a
1192.694	0	596347	standard_tone	sapo_emerge	standard	n/a	n/a	n/a	n/a	n/a
1193.710	0	596855	standard_tone	sapo_emerge	standard	n/a	n/a	n/a	n/a	n/a
1194.726	0	597363	standard_tone	sapo_emerge	standard	n/a	n/a	n/a	n/a	n/a
1195.726	0	597863	distractor_noise	sapo_emerge	distractor	n/a	n/a	n/a	n/a	n/a
1196.740	0	598370	standard_tone	sapo_emerge	standard	n/a	n/a	n/a	n/a	n/a
1197.756	0	598878	oddball_tone	sapo_emerge	oddball	n/a	n/a	n/a	n/a	n/a
1198.772	0	599386	standard_tone	sapo_emerge	standard	n/a	n/a	n/a	n/a	n/a
1199.790	0	599895	standard_tone	sapo_emerge	standard	n/a	n/a	n/a	n/a	n/a
1200.804	0	600402	standard_tone	sapo_emerge	standard	n/a	n/a	n/a	n/a	n/a
1201.820	0	600910	standard_tone	sapo_emerge	standard	n/a	n/a	n/a	n/a	n/a
1202.836	0	601418	standard_tone	sapo_emerge	standard	n/a	n/a	n/a	n/a	n/a
1203.834	0	601917	standard_tone	sapo_emerge	standard	n/a	n/a	n/a	n/a	n/a
1204.850	0	602425	standard_tone	sapo_emerge	standard	n/a	n/a	n/a	n/a	n/a
1205.850	0	602925	standard_tone	sapo_emerge	standard	n/a	n/a	n/a	n/a	n/a
1206.866	0	603433	standard_tone	sapo_emerge	standard	n/a	n/a	n/a	n/a	n/a
1207.882	0	603941	standard_tone	sapo_emerge	standard	n/a	n/a	n/a	n/a	n/a
1208.898	0	604449	standard_tone	sapo_emerge	standard	n/a	n/a	n/a	n/a	n/a
1209.914	0	604957	standard_tone	sapo_emerge	standard	n/a	n/a	n/a	n/a	n/a
1210.930	0	605465	standard_tone	sapo_emerge	standard	n/a	n/a	n/a	n/a	n/a
1211.946	0	605973	standard_tone	sapo_emerge	standard	n/a	n/a	n/a	n/a	n/a
1212.962	0	606481	standard_tone	sapo_emerge	standard	n/a	n/a	n/a	n/a	n/a
1213.976	0	606988	standard_tone	sapo_emerge	standard	n/a	n/a	n/a	n/a	n/a
1214.992	0	607496	standard_tone	sapo_emerge	standard	n/a	n/a	n/a	n/a	n/a
1216.008	0	608004	standard_tone	sapo_emerge	standard	n/a	n/a	n/a	n/a	n/a
1217.024	0	608512	standard_tone	sapo_emerge	standard	n/a	n/a	n/a	n/a	n/a
1218.040	0	609020	standard_tone	sapo_emerge	standard	n/a	n/a	n/a	n/a	n/a
1219.056	0	609528	standard_tone	sapo_emerge	standard	n/a	n/a	n/a	n/a	n/a
1220.072	0	610036	standard_tone	sapo_emerge	standard	n/a	n/a	n/a	n/a	n/a
1221.088	0	610544	standard_tone	sapo_emerge	standard	n/a	n/a	n/a	n/a	n/a
1222.104	0	611052	standard_tone	sapo_emerge	standard	n/a	n/a	n/a	n/a	n/a
1223.120	0	611560	standard_tone	sapo_emerge	standard	n/a	n/a	n/a	n/a	n/a
1224.134	0	612067	standard_tone	sapo_emerge	standard	n/a	n/a	n/a	n/a	n/a
1225.150	0	612575	standard_tone	sapo_emerge	standard	n/a	n/a	n/a	n/a	n/a
1226.150	0	613075	standard_tone	sapo_emerge	standard	n/a	n/a	n/a	n/a	n/a
1227.166	0	613583	standard_tone	sapo_emerge	standard	n/a	n/a	n/a	n/a	n/a
1228.180	0	614090	oddball_tone	sapo_emerge	oddball	n/a	n/a	n/a	n/a	n/a
1229.198	0	614599	standard_tone	sapo_emerge	standard	n/a	n/a	n/a	n/a	n/a
1230.214	0	615107	standard_tone	sapo_emerge	standard	n/a	n/a	n/a	n/a	n/a
1231.230	0	615615	standard_tone	sapo_emerge	standard	n/a	n/a	n/a	n/a	n/a
1232.244	0	616122	standard_tone	sapo_emerge	standard	n/a	n/a	n/a	n/a	n/a
1233.244	0	616622	standard_tone	sapo_emerge	standard	n/a	n/a	n/a	n/a	n/a
1234.260	0	617130	standard_tone	sapo_emerge	standard	n/a	n/a	n/a	n/a	n/a
1235.276	0	617638	standard_tone	sapo_emerge	standard	n/a	n/a	n/a	n/a	n/a
1236.292	0	618146	standard_tone	sapo_emerge	standard	n/a	n/a	n/a	n/a	n/a
1237.308	0	618654	standard_tone	sapo_emerge	standard	n/a	n/a	n/a	n/a	n/a
1238.322	0	619161	standard_tone	sapo_emerge	standard	n/a	n/a	n/a	n/a	n/a
1239.322	0	619661	standard_tone	sapo_emerge	standard	n/a	n/a	n/a	n/a	n/a
1240.338	0	620169	standard_tone	sapo_emerge	standard	n/a	n/a	n/a	n/a	n/a
1241.354	0	620677	standard_tone	sapo_emerge	standard	n/a	n/a	n/a	n/a	n/a
1242.370	0	621185	distractor_noise	sapo_emerge	distractor	n/a	n/a	n/a	n/a	n/a
1243.386	0	621693	standard_tone	sapo_emerge	standard	n/a	n/a	n/a	n/a	n/a
1244.384	0	622192	standard_tone	sapo_emerge	standard	n/a	n/a	n/a	n/a	n/a
1245.400	0	622700	standard_tone	sapo_emerge	standard	n/a	n/a	n/a	n/a	n/a
1246.416	0	623208	standard_tone	sapo_emerge	standard	n/a	n/a	n/a	n/a	n/a
1247.416	0	623708	standard_tone	sapo_emerge	standard	n/a	n/a	n/a	n/a	n/a
1248.432	0	624216	standard_tone	sapo_emerge	standard	n/a	n/a	n/a	n/a	n/a
1249.448	0	624724	standard_tone	sapo_emerge	standard	n/a	n/a	n/a	n/a	n/a
1250.464	0	625232	standard_tone	sapo_emerge	standard	n/a	n/a	n/a	n/a	n/a
1251.478	0	625739	distractor_noise	sapo_emerge	distractor	n/a	n/a	n/a	n/a	n/a
1252.494	0	626247	standard_tone	sapo_emerge	standard	n/a	n/a	n/a	n/a	n/a
1253.510	0	626755	standard_tone	sapo_emerge	standard	n/a	n/a	n/a	n/a	n/a
1254.526	0	627263	standard_tone	sapo_emerge	standard	n/a	n/a	n/a	n/a	n/a
1255.542	0	627771	standard_tone	sapo_emerge	standard	n/a	n/a	n/a	n/a	n/a
1256.558	0	628279	oddball_tone	sapo_emerge	oddball	n/a	n/a	n/a	n/a	n/a
1257.574	0	628787	standard_tone	sapo_emerge	standard	n/a	n/a	n/a	n/a	n/a
1258.590	0	629295	standard_tone	sapo_emerge	standard	n/a	n/a	n/a	n/a	n/a
1259.606	0	629803	distractor_noise	sapo_emerge	distractor	n/a	n/a	n/a	n/a	n/a
1260.622	0	630311	standard_tone	sapo_emerge	standard	n/a	n/a	n/a	n/a	n/a
1261.638	0	630819	standard_tone	sapo_emerge	standard	n/a	n/a	n/a	n/a	n/a
1262.652	0	631326	standard_tone	sapo_emerge	standard	n/a	n/a	n/a	n/a	n/a
1263.668	0	631834	distractor_noise	sapo_emerge	distractor	n/a	n/a	n/a	n/a	n/a
1264.004	0	632002	clicker_press	sapo_emerge	response-received-arrow_up	n/a	n/a	n/a	n/a	arrow_up
1264.018	0	632009	report_window_begin	sapo_emerge	emerge-sapo-emerge-begin	n/a	n/a	n/a	n/a	n/a
1265.668	0	632834	clicker_press	sapo_emerge	response-received-arrow_up	n/a	n/a	n/a	n/a	arrow_up
1266.950	0	633475	clicker_press	sapo_emerge	response-received-arrow_up	n/a	n/a	n/a	n/a	arrow_up
1268.134	0	634067	depth_rating	sapo_emerge	rating-sapo-emerge-meditation_depth-3	3	n/a	n/a	n/a	n/a
1275.742	0	637871	clicker_press	sapo_emerge	response-received-arrow_up	n/a	n/a	n/a	n/a	arrow_up
1276.492	0	638246	clicker_press	sapo_emerge	response-received-arrow_up	n/a	n/a	n/a	n/a	arrow_up
1277.524	0	638762	clicker_press	sapo_emerge	response-received-arrow_up	n/a	n/a	n/a	n/a	arrow_up
1278.190	0	639095	confidence_rating	sapo_emerge	rating-sapo-emerge-confidence_depth-3	n/a	3	n/a	n/a	n/a
1281.638	0	640819	report_window_end	sapo_emerge	emerge-sapo-emerge-end	n/a	n/a	n/a	n/a	n/a
1281.638	0	640819	subblock_begin	sapo_emerge	subblock-begin	n/a	n/a	n/a	n/a	n/a
1281.640	0	640820	silence_begin	sapo_emerge	silence-begin	n/a	n/a	n/a	n/a	n/a
1281.654	0	640827	standard_tone	sapo_emerge	standard	n/a	n/a	n/a	n/a	n/a
1282.670	0	641335	standard_tone	sapo_emerge	standard	n/a	n/a	n/a	n/a	n/a
1283.668	0	641834	standard_tone	sapo_emerge	standard	n/a	n/a	n/a	n/a	n/a
1284.684	0	642342	standard_tone	sapo_emerge	standard	n/a	n/a	n/a	n/a	n/a
1285.684	0	642842	standard_tone	sapo_emerge	standard	n/a	n/a	n/a	n/a	n/a
1286.700	0	643350	standard_tone	sapo_emerge	standard	n/a	n/a	n/a	n/a	n/a
1287.716	0	643858	standard_tone	sapo_emerge	standard	n/a	n/a	n/a	n/a	n/a
1288.732	0	644366	standard_tone	sapo_emerge	standard	n/a	n/a	n/a	n/a	n/a
1289.748	0	644874	standard_tone	sapo_emerge	standard	n/a	n/a	n/a	n/a	n/a
1290.764	0	645382	standard_tone	sapo_emerge	standard	n/a	n/a	n/a	n/a	n/a
1291.778	0	645889	distractor_noise	sapo_emerge	distractor	n/a	n/a	n/a	n/a	n/a
1292.794	0	646397	standard_tone	sapo_emerge	standard	n/a	n/a	n/a	n/a	n/a
1293.810	0	646905	standard_tone	sapo_emerge	standard	n/a	n/a	n/a	n/a	n/a
1294.826	0	647413	standard_tone	sapo_emerge	standard	n/a	n/a	n/a	n/a	n/a
1295.842	0	647921	oddball_tone	sapo_emerge	oddball	n/a	n/a	n/a	n/a	n/a
1296.858	0	648429	standard_tone	sapo_emerge	standard	n/a	n/a	n/a	n/a	n/a
1297.874	0	648937	distractor_noise	sapo_emerge	distractor	n/a	n/a	n/a	n/a	n/a
1298.890	0	649445	standard_tone	sapo_emerge	standard	n/a	n/a	n/a	n/a	n/a
1299.906	0	649953	standard_tone	sapo_emerge	standard	n/a	n/a	n/a	n/a	n/a
1300.922	0	650461	standard_tone	sapo_emerge	standard	n/a	n/a	n/a	n/a	n/a
1301.938	0	650969	oddball_tone	sapo_emerge	oddball	n/a	n/a	n/a	n/a	n/a
1302.952	0	651476	distractor_noise	sapo_emerge	distractor	n/a	n/a	n/a	n/a	n/a
1303.970	0	651985	standard_tone	sapo_emerge	standard	n/a	n/a	n/a	n/a	n/a
1304.984	0	652492	oddball_tone	sapo_emerge	oddball	n/a	n/a	n/a	n/a	n/a
1306.000	0	653000	standard_tone	sapo_emerge	standard	n/a	n/a	n/a	n/a	n/a
1307.016	0	653508	standard_tone	sapo_emerge	standard	n/a	n/a	n/a	n/a	n/a
1308.032	0	654016	standard_tone	sapo_emerge	standard	n/a	n/a	n/a	n/a	n/a
1309.048	0	654524	standard_tone	sapo_emerge	standard	n/a	n/a	n/a	n/a	n/a
1310.064	0	655032	standard_tone	sapo_emerge	standard	n/a	n/a	n/a	n/a	n/a
1311.080	0	655540	standard_tone	sapo_emerge	standard	n/a	n/a	n/a	n/a	n/a
1312.096	0	656048	standard_tone	sapo_emerge	standard	n/a	n/a	n/a	n/a	n/a
1313.112	0	656556	standard_tone	sapo_emerge	standard	n/a	n/a	n/a	n/a	n/a
1314.126	0	657063	standard_tone	sapo_emerge	standard	n/a	n/a	n/a	n/a	n/a
1315.142	0	657571	standard_tone	sapo_emerge	standard	n/a	n/a	n/a	n/a	n/a
1316.158	0	658079	standard_tone	sapo_emerge	standard	n/a	n/a	n/a	n/a	n/a
1317.174	0	658587	standard_tone	sapo_emerge	standard	n/a	n/a	n/a	n/a	n/a
1318.190	0	659095	standard_tone	sapo_emerge	standard	n/a	n/a	n/a	n/a	n/a
1319.206	0	659603	standard_tone	sapo_emerge	standard	n/a	n/a	n/a	n/a	n/a
1320.222	0	660111	standard_tone	sapo_emerge	standard	n/a	n/a	n/a	n/a	n/a
1321.238	0	660619	standard_tone	sapo_emerge	standard	n/a	n/a	n/a	n/a	n/a
1322.254	0	661127	standard_tone	sapo_emerge	standard	n/a	n/a	n/a	n/a	n/a
1323.270	0	661635	standard_tone	sapo_emerge	standard	n/a	n/a	n/a	n/a	n/a
1324.286	0	662143	standard_tone	sapo_emerge	standard	n/a	n/a	n/a	n/a	n/a
1325.302	0	662651	standard_tone	sapo_emerge	standard	n/a	n/a	n/a	n/a	n/a
1326.318	0	663159	standard_tone	sapo_emerge	standard	n/a	n/a	n/a	n/a	n/a
1327.334	0	663667	standard_tone	sapo_emerge	standard	n/a	n/a	n/a	n/a	n/a
1328.348	0	664174	standard_tone	sapo_emerge	standard	n/a	n/a	n/a	n/a	n/a
1329.364	0	664682	distractor_noise	sapo_emerge	distractor	n/a	n/a	n/a	n/a	n/a
1330.380	0	665190	standard_tone	sapo_emerge	standard	n/a	n/a	n/a	n/a	n/a
1331.396	0	665698	oddball_tone	sapo_emerge	oddball	n/a	n/a	n/a	n/a	n/a
1332.412	0	666206	standard_tone	sapo_emerge	standard	n/a	n/a	n/a	n/a	n/a
1333.428	0	666714	standard_tone	sapo_emerge	standard	n/a	n/a	n/a	n/a	n/a
1334.444	0	667222	standard_tone	sapo_emerge	standard	n/a	n/a	n/a	n/a	n/a
1335.460	0	667730	standard_tone	sapo_emerge	standard	n/a	n/a	n/a	n/a	n/a
1336.476	0	668238	standard_tone	sapo_emerge	standard	n/a	n/a	n/a	n/a	n/a
1337.490	0	668745	standard_tone	sapo_emerge	standard	n/a	n/a	n/a	n/a	n/a
1338.508	0	669254	standard_tone	sapo_emerge	standard	n/a	n/a	n/a	n/a	n/a
1339.522	0	669761	oddball_tone	sapo_emerge	oddball	n/a	n/a	n/a	n/a	n/a
1340.538	0	670269	distractor_noise	sapo_emerge	distractor	n/a	n/a	n/a	n/a	n/a
1341.554	0	670777	oddball_tone	sapo_emerge	oddball	n/a	n/a	n/a	n/a	n/a
1342.570	0	671285	distractor_noise	sapo_emerge	distractor	n/a	n/a	n/a	n/a	n/a
1343.586	0	671793	standard_tone	sapo_emerge	standard	n/a	n/a	n/a	n/a	n/a
1344.602	0	672301	standard_tone	sapo_emerge	standard	n/a	n/a	n/a	n/a	n/a
1345.618	0	672809	standard_tone	sapo_emerge	standard	n/a	n/a	n/a	n/a	n/a
1346.634	0	673317	standard_tone	sapo_emerge	standard	n/a	n/a	n/a	n/a	n/a
1347.650	0	673825	standard_tone	sapo_emerge	standard	n/a	n/a	n/a	n/a	n/a
1348.664	0	674332	oddball_tone	sapo_emerge	oddball	n/a	n/a	n/a	n/a	n/a
1349.680	0	674840	distractor_noise	sapo_emerge	distractor	n/a	n/a	n/a	n/a	n/a
1350.696	0	675348	standard_tone	sapo_emerge	standard	n/a	n/a	n/a	n/a	n/a
1351.712	0	675856	standard_tone	sapo_emerge	standard	n/a	n/a	n/a	n/a	n/a
1352.728	0	676364	oddball_tone	sapo_emerge	oddball	n/a	n/a	n/a	n/a	n/a
1353.744	0	676872	distractor_noise	sapo_emerge	distractor	n/a	n/a	n/a	n/a	n/a
1354.760	0	677380	oddball_tone	sapo_emerge	oddball	n/a	n/a	n/a	n/a	n/a
1355.760	0	677880	standard_tone	sapo_emerge	standard	n/a	n/a	n/a	n/a	n/a
1356.776	0	678388	oddball_tone	sapo_emerge	oddball	n/a	n/a	n/a	n/a	n/a
1357.790	0	678895	standard_tone	sapo_emerge	standard	n/a	n/a	n/a	n/a	n/a
1358.806	0	679403	standard_tone	sapo_emerge	standard	n/a	n/a	n/a	n/a	n/a
1359.822	0	679911	standard_tone	sapo_emerge	standard	n/a	n/a	n/a	n/a	n/a
1360.838	0	680419	standard_tone	sapo_emerge	standard	n/a	n/a	n/a	n/a	n/a
1361.854	0	680927	standard_tone	sapo_emerge	standard	n/a	n/a	n/a	n/a	n/a
1362.854	0	681427	standard_tone	sapo_emerge	standard	n/a	n/a	n/a	n/a	n/a
1363.870	0	681935	oddball_tone	sapo_emerge	oddball	n/a	n/a	n/a	n/a	n/a
1364.884	0	682442	standard_tone	sapo_emerge	standard	n/a	n/a	n/a	n/a	n/a
1365.900	0	682950	standard_tone	sapo_emerge	standard	n/a	n/a	n/a	n/a	n/a
1366.916	0	683458	standard_tone	sapo_emerge	standard	n/a	n/a	n/a	n/a	n/a
1367.932	0	683966	standard_tone	sapo_emerge	standard	n/a	n/a	n/a	n/a	n/a
1368.948	0	684474	distractor_noise	sapo_emerge	distractor	n/a	n/a	n/a	n/a	n/a
1369.964	0	684982	standard_tone	sapo_emerge	standard	n/a	n/a	n/a	n/a	n/a
1370.980	0	685490	standard_tone	sapo_emerge	standard	n/a	n/a	n/a	n/a	n/a
1371.980	0	685990	standard_tone	sapo_emerge	standard	n/a	n/a	n/a	n/a	n/a
1372.994	0	686497	oddball_tone	sapo_emerge	oddball	n/a	n/a	n/a	n/a	n/a
1374.012	0	687006	standard_tone	sapo_emerge	standard	n/a	n/a	n/a	n/a	n/a
1375.026	0	687513	standard_tone	sapo_emerge	standard	n/a	n/a	n/a	n/a	n/a
1376.042	0	688021	standard_tone	sapo_emerge	standard	n/a	n/a	n/a	n/a	n/a
1377.058	0	688529	standard_tone	sapo_emerge	standard	n/a	n/a	n/a	n/a	n/a
1378.074	0	689037	standard_tone	sapo_emerge	standard	n/a	n/a	n/a	n/a	n/a
1379.090	0	689545	oddball_tone	sapo_emerge	oddball	n/a	n/a	n/a	n/a	n/a
1380.106	0	690053	distractor_noise	sapo_emerge	distractor	n/a	n/a	n/a	n/a	n/a
1381.120	0	690560	standard_tone	sapo_emerge	standard	n/a	n/a	n/a	n/a	n/a
1382.138	0	691069	silence_end	sapo_emerge	silence-end	n/a	n/a	n/a	n/a	n/a
1382.154	0	691077	standard_tone	sapo_emerge	standard	n/a	n/a	n/a	n/a	n/a
1382.420	0	691210	gong_begin	sapo_emerge	gong-begin	n/a	n/a	n/a	n/a	n/a
1383.170	0	691585	standard_tone	sapo_emerge	standard	n/a	n/a	n/a	n/a	n/a
1384.186	0	692093	standard_tone	sapo_emerge	standard	n/a	n/a	n/a	n/a	n/a
1385.202	0	692601	standard_tone	sapo_emerge	standard	n/a	n/a	n/a	n/a	n/a
1386.218	0	693109	standard_tone	sapo_emerge	standard	n/a	n/a	n/a	n/a	n/a
1387.234	0	693617	distractor_noise	sapo_emerge	distractor	n/a	n/a	n/a	n/a	n/a
1388.248	0	694124	standard_tone	sapo_emerge	standard	n/a	n/a	n/a	n/a	n/a
1389.264	0	694632	standard_tone	sapo_emerge	standard	n/a	n/a	n/a	n/a	n/a
1390.280	0	695140	standard_tone	sapo_emerge	standard	n/a	n/a	n/a	n/a	n/a
1391.296	0	695648	standard_tone	sapo_emerge	standard	n/a	n/a	n/a	n/a	n/a
1392.330	0	696165	gong_end	sapo_emerge	gong-end	n/a	n/a	n/a	n/a	n/a
1392.330	0	696165	subblock_end	sapo_emerge	subblock-end-duration-110.691	n/a	n/a	n/a	110.691	n/a
1392.330	0	696165	subblock_begin	sapo_emerge	subblock-begin	n/a	n/a	n/a	n/a	n/a
1392.332	0	696166	silence_begin	sapo_emerge	silence-begin	n/a	n/a	n/a	n/a	n/a
1392.332	0	696166	standard_tone	sapo_emerge	standard	n/a	n/a	n/a	n/a	n/a
1393.344	0	696672	distractor_noise	sapo_emerge	distractor	n/a	n/a	n/a	n/a	n/a
1394.360	0	697180	standard_tone	sapo_emerge	standard	n/a	n/a	n/a	n/a	n/a
1395.376	0	697688	standard_tone	sapo_emerge	standard	n/a	n/a	n/a	n/a	n/a
1396.392	0	698196	standard_tone	sapo_emerge	standard	n/a	n/a	n/a	n/a	n/a
1397.408	0	698704	standard_tone	sapo_emerge	standard	n/a	n/a	n/a	n/a	n/a
1398.424	0	699212	standard_tone	sapo_emerge	standard	n/a	n/a	n/a	n/a	n/a
1399.440	0	699720	distractor_noise	sapo_emerge	distractor	n/a	n/a	n/a	n/a	n/a
1400.456	0	700228	standard_tone	sapo_emerge	standard	n/a	n/a	n/a	n/a	n/a
1401.472	0	700736	standard_tone	sapo_emerge	standard	n/a	n/a	n/a	n/a	n/a
1402.470	0	701235	distractor_noise	sapo_emerge	distractor	n/a	n/a	n/a	n/a	n/a
1403.486	0	701743	standard_tone	sapo_emerge	standard	n/a	n/a	n/a	n/a	n/a
1404.502	0	702251	standard_tone	sapo_emerge	standard	n/a	n/a	n/a	n/a	n/a
1405.518	0	702759	standard_tone	sapo_emerge	standard	n/a	n/a	n/a	n/a	n/a
1406.534	0	703267	standard_tone	sapo_emerge	standard	n/a	n/a	n/a	n/a	n/a
1407.550	0	703775	distractor_noise	sapo_emerge	distractor	n/a	n/a	n/a	n/a	n/a
1408.566	0	704283	standard_tone	sapo_emerge	standard	n/a	n/a	n/a	n/a	n/a
1409.582	0	704791	standard_tone	sapo_emerge	standard	n/a	n/a	n/a	n/a	n/a
1410.598	0	705299	standard_tone	sapo_emerge	standard	n/a	n/a	n/a	n/a	n/a
1411.614	0	705807	standard_tone	sapo_emerge	standard	n/a	n/a	n/a	n/a	n/a
1412.630	0	706315	standard_tone	sapo_emerge	standard	n/a	n/a	n/a	n/a	n/a
1413.644	0	706822	standard_tone	sapo_emerge	standard	n/a	n/a	n/a	n/a	n/a
1414.660	0	707330	standard_tone	sapo_emerge	standard	n/a	n/a	n/a	n/a	n/a
1415.676	0	707838	standard_tone	sapo_emerge	standard	n/a	n/a	n/a	n/a	n/a
1416.692	0	708346	standard_tone	sapo_emerge	standard	n/a	n/a	n/a	n/a	n/a
1417.708	0	708854	standard_tone	sapo_emerge	standard	n/a	n/a	n/a	n/a	n/a
1418.722	0	709361	standard_tone	sapo_emerge	standard	n/a	n/a	n/a	n/a	n/a
1419.740	0	709870	distractor_noise	sapo_emerge	distractor	n/a	n/a	n/a	n/a	n/a
1420.754	0	710377	standard_tone	sapo_emerge	standard	n/a	n/a	n/a	n/a	n/a
1421.772	0	710886	oddball_tone	sapo_emerge	oddball	n/a	n/a	n/a	n/a	n/a
1422.786	0	711393	standard_tone	sapo_emerge	standard	n/a	n/a	n/a	n/a	n/a
1423.802	0	711901	standard_tone	sapo_emerge	standard	n/a	n/a	n/a	n/a	n/a
1424.818	0	712409	standard_tone	sapo_emerge	standard	n/a	n/a	n/a	n/a	n/a
1425.836	0	712918	standard_tone	sapo_emerge	standard	n/a	n/a	n/a	n/a	n/a
1426.850	0	713425	standard_tone	sapo_emerge	standard	n/a	n/a	n/a	n/a	n/a
1427.866	0	713933	standard_tone	sapo_emerge	standard	n/a	n/a	n/a	n/a	n/a
1428.882	0	714441	standard_tone	sapo_emerge	standard	n/a	n/a	n/a	n/a	n/a
1429.898	0	714949	standard_tone	sapo_emerge	standard	n/a	n/a	n/a	n/a	n/a
1430.914	0	715457	standard_tone	sapo_emerge	standard	n/a	n/a	n/a	n/a	n/a
1431.930	0	715965	standard_tone	sapo_emerge	standard	n/a	n/a	n/a	n/a	n/a
1432.946	0	716473	standard_tone	sapo_emerge	standard	n/a	n/a	n/a	n/a	n/a
1433.962	0	716981	standard_tone	sapo_emerge	standard	n/a	n/a	n/a	n/a	n/a
1434.978	0	717489	standard_tone	sapo_emerge	standard	n/a	n/a	n/a	n/a	n/a
1435.992	0	717996	standard_tone	sapo_emerge	standard	n/a	n/a	n/a	n/a	n/a
1437.008	0	718504	oddball_tone	sapo_emerge	oddball	n/a	n/a	n/a	n/a	n/a
1438.024	0	719012	standard_tone	sapo_emerge	standard	n/a	n/a	n/a	n/a	n/a
1439.040	0	719520	standard_tone	sapo_emerge	standard	n/a	n/a	n/a	n/a	n/a
1440.056	0	720028	standard_tone	sapo_emerge	standard	n/a	n/a	n/a	n/a	n/a
1441.056	0	720528	oddball_tone	sapo_emerge	oddball	n/a	n/a	n/a	n/a	n/a
1442.070	0	721035	standard_tone	sapo_emerge	standard	n/a	n/a	n/a	n/a	n/a
1443.086	0	721543	standard_tone	sapo_emerge	standard	n/a	n/a	n/a	n/a	n/a
1444.102	0	722051	standard_tone	sapo_emerge	standard	n/a	n/a	n/a	n/a	n/a
1445.118	0	722559	standard_tone	sapo_emerge	standard	n/a	n/a	n/a	n/a	n/a
1446.134	0	723067	standard_tone	sapo_emerge	standard	n/a	n/a	n/a	n/a	n/a
1447.150	0	723575	standard_tone	sapo_emerge	standard	n/a	n/a	n/a	n/a	n/a
1448.166	0	724083	standard_tone	sapo_emerge	standard	n/a	n/a	n/a	n/a	n/a
1449.166	0	724583	standard_tone	sapo_emerge	standard	n/a	n/a	n/a	n/a	n/a
1450.182	0	725091	standard_tone	sapo_emerge	standard	n/a	n/a	n/a	n/a	n/a
1451.198	0	725599	standard_tone	sapo_emerge	standard	n/a	n/a	n/a	n/a	n/a
1452.212	0	726106	distractor_noise	sapo_emerge	distractor	n/a	n/a	n/a	n/a	n/a
1453.228	0	726614	standard_tone	sapo_emerge	standard	n/a	n/a	n/a	n/a	n/a
1454.244	0	727122	oddball_tone	sapo_emerge	oddball	n/a	n/a	n/a	n/a	n/a
1455.244	0	727622	standard_tone	sapo_emerge	standard	n/a	n/a	n/a	n/a	n/a
1456.260	0	728130	standard_tone	sapo_emerge	standard	n/a	n/a	n/a	n/a	n/a
1457.276	0	728638	standard_tone	sapo_emerge	standard	n/a	n/a	n/a	n/a	n/a
1458.292	0	729146	standard_tone	sapo_emerge	standard	n/a	n/a	n/a	n/a	n/a
1459.306	0	729653	distractor_noise	sapo_emerge	distractor	n/a	n/a	n/a	n/a	n/a
1460.306	0	730153	standard_tone	sapo_emerge	standard	n/a	n/a	n/a	n/a	n/a
1461.322	0	730661	standard_tone	sapo_emerge	standard	n/a	n/a	n/a	n/a	n/a
1462.336	0	731168	distractor_noise	sapo_emerge	distractor	n/a	n/a	n/a	n/a	n/a
1463.336	0	731668	standard_tone	sapo_emerge	standard	n/a	n/a	n/a	n/a	n/a
1464.352	0	732176	standard_tone	sapo_emerge	standard	n/a	n/a	n/a	n/a	n/a
1465.368	0	732684	standard_tone	sapo_emerge	standard	n/a	n/a	n/a	n/a	n/a
1466.384	0	733192	standard_tone	sapo_emerge	standard	n/a	n/a	n/a	n/a	n/a
1467.400	0	733700	distractor_noise	sapo_emerge	distractor	n/a	n/a	n/a	n/a	n/a
1468.400	0	734200	standard_tone	sapo_emerge	standard	n/a	n/a	n/a	n/a	n/a
1469.400	0	734700	standard_tone	sapo_emerge	standard	n/a	n/a	n/a	n/a	n/a
1470.414	0	735207	standard_tone	sapo_emerge	standard	n/a	n/a	n/a	n/a	n/a
1471.430	0	735715	standard_tone	sapo_emerge	standard	n/a	n/a	n/a	n/a	n/a
1472.446	0	736223	standard_tone	sapo_emerge	standard	n/a	n/a	n/a	n/a	n/a
1473.444	0	736722	standard_tone	sapo_emerge	standard	n/a	n/a	n/a	n/a	n/a
1474.460	0	737230	standard_tone	sapo_emerge	standard	n/a	n/a	n/a	n/a	n/a
1475.476	0	737738	standard_tone	sapo_emerge	standard	n/a	n/a	n/a	n/a	n/a
1476.492	0	738246	standard_tone	sapo_emerge	standard	n/a	n/a	n/a	n/a	n/a
1477.508	0	738754	standard_tone	sapo_emerge	standard	n/a	n/a	n/a	n/a	n/a
1478.524	0	739262	standard_tone	sapo_emerge	standard	n/a	n/a	n/a	n/a	n/a
1479.540	0	739770	standard_tone	sapo_emerge	standard	n/a	n/a	n/a	n/a	n/a
1480.556	0	740278	distractor_noise	sapo_emerge	distractor	n/a	n/a	n/a	n/a	n/a
1481.572	0	740786	standard_tone	sapo_emerge	standard	n/a	n/a	n/a	n/a	n/a
1482.588	0	741294	standard_tone	sapo_emerge	standard	n/a	n/a	n/a	n/a	n/a
1483.604	0	741802	standard_tone	sapo_emerge	standard	n/a	n/a	n/a	n/a	n/a
1484.620	0	742310	oddball_tone	sapo_emerge	oddball	n/a	n/a	n/a	n/a	n/a
1485.636	0	742818	standard_tone	sapo_emerge	standard	n/a	n/a	n/a	n/a	n/a
1486.652	0	743326	standard_tone	sapo_emerge	standard	n/a	n/a	n/a	n/a	n/a
1487.666	0	743833	standard_tone	sapo_emerge	standard	n/a	n/a	n/a	n/a	n/a
1488.682	0	744341	standard_tone	sapo_emerge	standard	n/a	n/a	n/a	n/a	n/a
1489.698	0	744849	standard_tone	sapo_emerge	standard	n/a	n/a	n/a	n/a	n/a
1490.714	0	745357	distractor_noise	sapo_emerge	distractor	n/a	n/a	n/a	n/a	n/a
1491.730	0	745865	standard_tone	sapo_emerge	standard	n/a	n/a	n/a	n/a	n/a
1492.730	0	746365	distractor_noise	sapo_emerge	distractor	n/a	n/a	n/a	n/a	n/a
1493.744	0	746872	standard_tone	sapo_emerge	standard	n/a	n/a	n/a	n/a	n/a
1494.762	0	747381	standard_tone	sapo_emerge	standard	n/a	n/a	n/a	n/a	n/a
1495.776	0	747888	standard_tone	sapo_emerge	standard	n/a	n/a	n/a	n/a	n/a
1496.792	0	748396	standard_tone	sapo_emerge	standard	n/a	n/a	n/a	n/a	n/a
1497.808	0	748904	standard_tone	sapo_emerge	standard	n/a	n/a	n/a	n/a	n/a
1498.824	0	749412	standard_tone	sapo_emerge	standard	n/a	n/a	n/a	n/a	n/a
1499.840	0	749920	standard_tone	sapo_emerge	standard	n/a	n/a	n/a	n/a	n/a
1500.856	0	750428	standard_tone	sapo_emerge	standard	n/a	n/a	n/a	n/a	n/a
1501.872	0	750936	standard_tone	sapo_emerge	standard	n/a	n/a	n/a	n/a	n/a
1502.888	0	751444	standard_tone	sapo_emerge	standard	n/a	n/a	n/a	n/a	n/a
1503.904	0	751952	standard_tone	sapo_emerge	standard	n/a	n/a	n/a	n/a	n/a
1504.942	0	752471	standard_tone	sapo_emerge	standard	n/a	n/a	n/a	n/a	n/a
1505.952	0	752976	standard_tone	sapo_emerge	standard	n/a	n/a	n/a	n/a	n/a
1506.968	0	753484	standard_tone	sapo_emerge	standard	n/a	n/a	n/a	n/a	n/a
1507.984	0	753992	standard_tone	sapo_emerge	standard	n/a	n/a	n/a	n/a	n/a
1508.998	0	754499	standard_tone	sapo_emerge	standard	n/a	n/a	n/a	n/a	n/a
1509.998	0	754999	oddball_tone	sapo_emerge	oddball	n/a	n/a	n/a	n/a	n/a
1511.014	0	755507	standard_tone	sapo_emerge	standard	n/a	n/a	n/a	n/a	n/a
1511.946	0	755973	silence_end	sapo_emerge	silence-end	n/a	n/a	n/a	n/a	n/a
1511.948	0	755974	gong_begin	sapo_emerge	gong-begin	n/a	n/a	n/a	n/a	n/a
1512.048	0	756024	standard_tone	sapo_emerge	standard	n/a	n/a	n/a	n/a	n/a
1513.062	0	756531	distractor_noise	sapo_emerge	distractor	n/a	n/a	n/a	n/a	n/a
1514.078	0	757039	standard_tone	sapo_emerge	standard	n/a	n/a	n/a	n/a	n/a
1515.078	0	757539	standard_tone	sapo_emerge	standard	n/a	n/a	n/a	n/a	n/a
1516.092	0	758046	standard_tone	sapo_emerge	standard	n/a	n/a	n/a	n/a	n/a
1517.108	0	758554	standard_tone	sapo_emerge	standard	n/a	n/a	n/a	n/a	n/a
1518.124	0	759062	standard_tone	sapo_emerge	standard	n/a	n/a	n/a	n/a	n/a
1519.140	0	759570	standard_tone	sapo_emerge	standard	n/a	n/a	n/a	n/a	n/a
1520.156	0	760078	standard_tone	sapo_emerge	standard	n/a	n/a	n/a	n/a	n/a
1521.174	0	760587	standard_tone	sapo_emerge	standard	n/a	n/a	n/a	n/a	n/a
1521.956	0	760978	gong_end	sapo_emerge	gong-end	n/a	n/a	n/a	n/a	n/a
1521.956	0	760978	subblock_end	sapo_emerge	subblock-end-duration-129.626	n/a	n/a	n/a	129.626	n/a
1521.956	0	760978	subblock_begin	sapo_emerge	subblock-begin	n/a	n/a	n/a	n/a	n/a
1521.958	0	760979	silence_begin	sapo_emerge	silence-begin	n/a	n/a	n/a	n/a	n/a
1522.188	0	761094	standard_tone	sapo_emerge	standard	n/a	n/a	n/a	n/a	n/a
1523.204	0	761602	distractor_noise	sapo_emerge	distractor	n/a	n/a	n/a	n/a	n/a
1524.220	0	762110	oddball_tone	sapo_emerge	oddball	n/a	n/a	n/a	n/a	n/a
1525.236	0	762618	standard_tone	sapo_emerge	standard	n/a	n/a	n/a	n/a	n/a
1526.252	0	763126	standard_tone	sapo_emerge	standard	n/a	n/a	n/a	n/a	n/a
1527.268	0	763634	standard_tone	sapo_emerge	standard	n/a	n/a	n/a	n/a	n/a
1528.284	0	764142	standard_tone	sapo_emerge	standard	n/a	n/a	n/a	n/a	n/a
1529.298	0	764649	standard_tone	sapo_emerge	standard	n/a	n/a	n/a	n/a	n/a
1530.314	0	765157	standard_tone	sapo_emerge	standard	n/a	n/a	n/a	n/a	n/a
1531.330	0	765665	standard_tone	sapo_emerge	standard	n/a	n/a	n/a	n/a	n/a
1532.346	0	766173	standard_tone	sapo_emerge	standard	n/a	n/a	n/a	n/a	n/a
1533.362	0	766681	standard_tone	sapo_emerge	standard	n/a	n/a	n/a	n/a	n/a
1534.378	0	767189	oddball_tone	sapo_emerge	oddball	n/a	n/a	n/a	n/a	n/a
1535.394	0	767697	standard_tone	sapo_emerge	standard	n/a	n/a	n/a	n/a	n/a
1536.410	0	768205	standard_tone	sapo_emerge	standard	n/a	n/a	n/a	n/a	n/a
1537.410	0	768705	standard_tone	sapo_emerge	standard	n/a	n/a	n/a	n/a	n/a
1538.424	0	769212	standard_tone	sapo_emerge	standard	n/a	n/a	n/a	n/a	n/a
1539.440	0	769720	standard_tone	sapo_emerge	standard	n/a	n/a	n/a	n/a	n/a
1540.456	0	770228	standard_tone	sapo_emerge	standard	n/a	n/a	n/a	n/a	n/a
1541.472	0	770736	standard_tone	sapo_emerge	standard	n/a	n/a	n/a	n/a	n/a
1542.488	0	771244	standard_tone	sapo_emerge	standard	n/a	n/a	n/a	n/a	n/a
1543.488	0	771744	standard_tone	sapo_emerge	standard	n/a	n/a	n/a	n/a	n/a
1544.502	0	772251	distractor_noise	sapo_emerge	distractor	n/a	n/a	n/a	n/a	n/a
1545.518	0	772759	standard_tone	sapo_emerge	standard	n/a	n/a	n/a	n/a	n/a
1546.534	0	773267	standard_tone	sapo_emerge	standard	n/a	n/a	n/a	n/a	n/a
1547.550	0	773775	standard_tone	sapo_emerge	standard	n/a	n/a	n/a	n/a	n/a
1548.550	0	774275	standard_tone	sapo_emerge	standard	n/a	n/a	n/a	n/a	n/a
1549.566	0	774783	standard_tone	sapo_emerge	standard	n/a	n/a	n/a	n/a	n/a
1550.582	0	775291	standard_tone	sapo_emerge	standard	n/a	n/a	n/a	n/a	n/a
1551.598	0	775799	oddball_tone	sapo_emerge	oddball	n/a	n/a	n/a	n/a	n/a
1552.612	0	776306	standard_tone	sapo_emerge	standard	n/a	n/a	n/a	n/a	n/a
1553.628	0	776814	distractor_noise	sapo_emerge	distractor	n/a	n/a	n/a	n/a	n/a
1554.628	0	777314	standard_tone	sapo_emerge	standard	n/a	n/a	n/a	n/a	n/a
1555.644	0	777822	distractor_noise	sapo_emerge	distractor	n/a	n/a	n/a	n/a	n/a
1556.660	0	778330	standard_tone	sapo_emerge	standard	n/a	n/a	n/a	n/a	n/a
1557.658	0	778829	standard_tone	sapo_emerge	standard	n/a	n/a	n/a	n/a	n/a
1558.674	0	779337	standard_tone	sapo_emerge	standard	n/a	n/a	n/a	n/a	n/a
1559.690	0	779845	distractor_noise	sapo_emerge	distractor	n/a	n/a	n/a	n/a	n/a
1560.704	0	780352	standard_tone	sapo_emerge	standard	n/a	n/a	n/a	n/a	n/a
1561.722	0	780861	standard_tone	sapo_emerge	standard	n/a	n/a	n/a	n/a	n/a
1562.722	0	781361	standard_tone	sapo_emerge	standard	n/a	n/a	n/a	n/a	n/a
1563.738	0	781869	oddball_tone	sapo_emerge	oddball	n/a	n/a	n/a	n/a	n/a
1564.752	0	782376	standard_tone	sapo_emerge	standard	n/a	n/a	n/a	n/a	n/a
1565.768	0	782884	standard_tone	sapo_emerge	standard	n/a	n/a	n/a	n/a	n/a
1566.784	0	783392	standard_tone	sapo_emerge	standard	n/a	n/a	n/a	n/a	n/a
1567.800	0	783900	standard_tone	sapo_emerge	standard	n/a	n/a	n/a	n/a	n/a
1568.816	0	784408	standard_tone	sapo_emerge	standard	n/a	n/a	n/a	n/a	n/a
1569.832	0	784916	standard_tone	sapo_emerge	standard	n/a	n/a	n/a	n/a	n/a
1570.848	0	785424	standard_tone	sapo_emerge	standard	n/a	n/a	n/a	n/a	n/a
1571.864	0	785932	oddball_tone	sapo_emerge	oddball	n/a	n/a	n/a	n/a	n/a
1572.862	0	786431	standard_tone	sapo_emerge	standard	n/a	n/a	n/a	n/a	n/a
1573.878	0	786939	standard_tone	sapo_emerge	standard	n/a	n/a	n/a	n/a	n/a
1574.894	0	787447	standard_tone	sapo_emerge	standard	n/a	n/a	n/a	n/a	n/a
1575.910	0	787955	standard_tone	sapo_emerge	standard	n/a	n/a	n/a	n/a	n/a
1576.910	0	788455	standard_tone	sapo_emerge	standard	n/a	n/a	n/a	n/a	n/a
1577.924	0	788962	standard_tone	sapo_emerge	standard	n/a	n/a	n/a	n/a	n/a
1578.942	0	789471	standard_tone	sapo_emerge	standard	n/a	n/a	n/a	n/a	n/a
1579.956	0	789978	oddball_tone	sapo_emerge	oddball	n/a	n/a	n/a	n/a	n/a
1580.972	0	790486	standard_tone	sapo_emerge	standard	n/a	n/a	n/a	n/a	n/a
1581.988	0	790994	standard_tone	sapo_emerge	standard	n/a	n/a	n/a	n/a	n/a
1583.004	0	791502	standard_tone	sapo_emerge	standard	n/a	n/a	n/a	n/a	n/a
1584.020	0	792010	standard_tone	sapo_emerge	standard	n/a	n/a	n/a	n/a	n/a
1585.036	0	792518	standard_tone	sapo_emerge	standard	n/a	n/a	n/a	n/a	n/a
1586.052	0	793026	standard_tone	sapo_emerge	standard	n/a	n/a	n/a	n/a	n/a
1587.068	0	793534	standard_tone	sapo_emerge	standard	n/a	n/a	n/a	n/a	n/a
1588.066	0	794033	standard_tone	sapo_emerge	standard	n/a	n/a	n/a	n/a	n/a
1589.082	0	794541	oddball_tone	sapo_emerge	oddball	n/a	n/a	n/a	n/a	n/a
1590.098	0	795049	standard_tone	sapo_emerge	standard	n/a	n/a	n/a	n/a	n/a
1591.114	0	795557	distractor_noise	sapo_emerge	distractor	n/a	n/a	n/a	n/a	n/a
1592.130	0	796065	standard_tone	sapo_emerge	standard	n/a	n/a	n/a	n/a	n/a
1593.146	0	796573	standard_tone	sapo_emerge	standard	n/a	n/a	n/a	n/a	n/a
1594.162	0	797081	standard_tone	sapo_emerge	standard	n/a	n/a	n/a	n/a	n/a
1595.160	0	797580	standard_tone	sapo_emerge	standard	n/a	n/a	n/a	n/a	n/a
1596.178	0	798089	standard_tone	sapo_emerge	standard	n/a	n/a	n/a	n/a	n/a
1597.194	0	798597	standard_tone	sapo_emerge	standard	n/a	n/a	n/a	n/a	n/a
1597.244	0	798622	clicker_press	sapo_emerge	response-received-arrow_up	n/a	n/a	n/a	n/a	arrow_up
1597.310	0	798655	report_window_begin	sapo_emerge	emerge-sapo-emerge-begin	n/a	n/a	n/a	n/a	n/a
1598.442	0	799221	clicker_press	sapo_emerge	response-received-arrow_up	n/a	n/a	n/a	n/a	arrow_up
1599.874	0	799937	clicker_press	sapo_emerge	response-received-arrow_up	n/a	n/a	n/a	n/a	arrow_up
1601.324	0	800662	depth_rating	sapo_emerge	rating-sapo-emerge-meditation_depth-3	3	n/a	n/a	n/a	n/a
1609.018	0	804509	clicker_press	sapo_emerge	response-received-arrow_up	n/a	n/a	n/a	n/a	arrow_up
1610.050	0	805025	clicker_press	sapo_emerge	response-received-arrow_up	n/a	n/a	n/a	n/a	arrow_up
1610.982	0	805491	clicker_press	sapo_emerge	response-received-arrow_up	n/a	n/a	n/a	n/a	arrow_up
1611.448	0	805724	confidence_rating	sapo_emerge	rating-sapo-emerge-confidence_depth-3	n/a	3	n/a	n/a	n/a
1615.044	0	807522	report_window_end	sapo_emerge	emerge-sapo-emerge-end	n/a	n/a	n/a	n/a	n/a
1615.046	0	807523	subblock_begin	sapo_emerge	subblock-begin	n/a	n/a	n/a	n/a	n/a
1615.046	0	807523	silence_begin	sapo_emerge	silence-begin	n/a	n/a	n/a	n/a	n/a
1615.060	0	807530	standard_tone	sapo_emerge	standard	n/a	n/a	n/a	n/a	n/a
1616.078	0	808039	standard_tone	sapo_emerge	standard	n/a	n/a	n/a	n/a	n/a
1617.092	0	808546	standard_tone	sapo_emerge	standard	n/a	n/a	n/a	n/a	n/a
1618.108	0	809054	standard_tone	sapo_emerge	standard	n/a	n/a	n/a	n/a	n/a
1619.124	0	809562	standard_tone	sapo_emerge	standard	n/a	n/a	n/a	n/a	n/a
1620.140	0	810070	oddball_tone	sapo_emerge	oddball	n/a	n/a	n/a	n/a	n/a
1621.156	0	810578	standard_tone	sapo_emerge	standard	n/a	n/a	n/a	n/a	n/a
1622.172	0	811086	standard_tone	sapo_emerge	standard	n/a	n/a	n/a	n/a	n/a
1623.188	0	811594	oddball_tone	sapo_emerge	oddball	n/a	n/a	n/a	n/a	n/a
1624.188	0	812094	standard_tone	sapo_emerge	standard	n/a	n/a	n/a	n/a	n/a
1625.202	0	812601	standard_tone	sapo_emerge	standard	n/a	n/a	n/a	n/a	n/a
1626.218	0	813109	standard_tone	sapo_emerge	standard	n/a	n/a	n/a	n/a	n/a
1627.234	0	813617	oddball_tone	sapo_emerge	oddball	n/a	n/a	n/a	n/a	n/a
1628.250	0	814125	standard_tone	sapo_emerge	standard	n/a	n/a	n/a	n/a	n/a
1629.250	0	814625	standard_tone	sapo_emerge	standard	n/a	n/a	n/a	n/a	n/a
1630.266	0	815133	standard_tone	sapo_emerge	standard	n/a	n/a	n/a	n/a	n/a
1631.264	0	815632	standard_tone	sapo_emerge	standard	n/a	n/a	n/a	n/a	n/a
1632.280	0	816140	standard_tone	sapo_emerge	standard	n/a	n/a	n/a	n/a	n/a
1633.296	0	816648	standard_tone	sapo_emerge	standard	n/a	n/a	n/a	n/a	n/a
1634.312	0	817156	standard_tone	sapo_emerge	standard	n/a	n/a	n/a	n/a	n/a
1635.328	0	817664	standard_tone	sapo_emerge	standard	n/a	n/a	n/a	n/a	n/a
1636.344	0	818172	standard_tone	sapo_emerge	standard	n/a	n/a	n/a	n/a	n/a
1637.360	0	818680	standard_tone	sapo_emerge	standard	n/a	n/a	n/a	n/a	n/a
1638.376	0	819188	distractor_noise	sapo_emerge	distractor	n/a	n/a	n/a	n/a	n/a
1639.392	0	819696	standard_tone	sapo_emerge	standard	n/a	n/a	n/a	n/a	n/a
1640.406	0	820203	standard_tone	sapo_emerge	standard	n/a	n/a	n/a	n/a	n/a
1641.422	0	820711	standard_tone	sapo_emerge	standard	n/a	n/a	n/a	n/a	n/a
1642.438	0	821219	standard_tone	sapo_emerge	standard	n/a	n/a	n/a	n/a	n/a
1643.438	0	821719	standard_tone	sapo_emerge	standard	n/a	n/a	n/a	n/a	n/a
1644.454	0	822227	standard_tone	sapo_emerge	standard	n/a	n/a	n/a	n/a	n/a
1645.470	0	822735	distractor_noise	sapo_emerge	distractor	n/a	n/a	n/a	n/a	n/a
1646.486	0	823243	standard_tone	sapo_emerge	standard	n/a	n/a	n/a	n/a	n/a
1647.502	0	823751	standard_tone	sapo_emerge	standard	n/a	n/a	n/a	n/a	n/a
1648.516	0	824258	standard_tone	sapo_emerge	standard	n/a	n/a	n/a	n/a	n/a
1649.532	0	824766	standard_tone	sapo_emerge	standard	n/a	n/a	n/a	n/a	n/a
1650.548	0	825274	standard_tone	sapo_emerge	standard	n/a	n/a	n/a	n/a	n/a
1651.564	0	825782	standard_tone	sapo_emerge	standard	n/a	n/a	n/a	n/a	n/a
1652.564	0	826282	oddball_tone	sapo_emerge	oddball	n/a	n/a	n/a	n/a	n/a
1653.580	0	826790	standard_tone	sapo_emerge	standard	n/a	n/a	n/a	n/a	n/a
1654.596	0	827298	distractor_noise	sapo_emerge	distractor	n/a	n/a	n/a	n/a	n/a
1655.612	0	827806	standard_tone	sapo_emerge	standard	n/a	n/a	n/a	n/a	n/a
1656.626	0	828313	standard_tone	sapo_emerge	standard	n/a	n/a	n/a	n/a	n/a
1657.642	0	828821	standard_tone	sapo_emerge	standard	n/a	n/a	n/a	n/a	n/a
1658.658	0	829329	standard_tone	sapo_emerge	standard	n/a	n/a	n/a	n/a	n/a
1659.674	0	829837	standard_tone	sapo_emerge	standard	n/a	n/a	n/a	n/a	n/a
1660.690	0	830345	standard_tone	sapo_emerge	standard	n/a	n/a	n/a	n/a	n/a
1661.706	0	830853	standard_tone	sapo_emerge	standard	n/a	n/a	n/a	n/a	n/a
1662.704	0	831352	standard_tone	sapo_emerge	standard	n/a	n/a	n/a	n/a	n/a
1663.722	0	831861	standard_tone	sapo_emerge	standard	n/a	n/a	n/a	n/a	n/a
1664.736	0	832368	standard_tone	sapo_emerge	standard	n/a	n/a	n/a	n/a	n/a
1665.752	0	832876	standard_tone	sapo_emerge	standard	n/a	n/a	n/a	n/a	n/a
1666.768	0	833384	standard_tone	sapo_emerge	standard	n/a	n/a	n/a	n/a	n/a
1667.784	0	833892	oddball_tone	sapo_emerge	oddball	n/a	n/a	n/a	n/a	n/a
1668.800	0	834400	standard_tone	sapo_emerge	standard	n/a	n/a	n/a	n/a	n/a
1669.816	0	834908	standard_tone	sapo_emerge	standard	n/a	n/a	n/a	n/a	n/a
1670.832	0	835416	standard_tone	sapo_emerge	standard	n/a	n/a	n/a	n/a	n/a
1671.848	0	835924	standard_tone	sapo_emerge	standard	n/a	n/a	n/a	n/a	n/a
1672.864	0	836432	standard_tone	sapo_emerge	standard	n/a	n/a	n/a	n/a	n/a
1673.880	0	836940	standard_tone	sapo_emerge	standard	n/a	n/a	n/a	n/a	n/a
1674.894	0	837447	oddball_tone	sapo_emerge	oddball	n/a	n/a	n/a	n/a	n/a
1675.910	0	837955	standard_tone	sapo_emerge	standard	n/a	n/a	n/a	n/a	n/a
1676.910	0	838455	oddball_tone	sapo_emerge	oddball	n/a	n/a	n/a	n/a	n/a
1677.926	0	838963	standard_tone	sapo_emerge	standard	n/a	n/a	n/a	n/a	n/a
1678.942	0	839471	standard_tone	sapo_emerge	standard	n/a	n/a	n/a	n/a	n/a
1679.942	0	839971	standard_tone	sapo_emerge	standard	n/a	n/a	n/a	n/a	n/a
1680.956	0	840478	standard_tone	sapo_emerge	standard	n/a	n/a	n/a	n/a	n/a
1681.972	0	840986	standard_tone	sapo_emerge	standard	n/a	n/a	n/a	n/a	n/a
1682.988	0	841494	distractor_noise	sapo_emerge	distractor	n/a	n/a	n/a	n/a	n/a
1684.004	0	842002	standard_tone	sapo_emerge	standard	n/a	n/a	n/a	n/a	n/a
1685.020	0	842510	standard_tone	sapo_emerge	standard	n/a	n/a	n/a	n/a	n/a
1686.036	0	843018	standard_tone	sapo_emerge	standard	n/a	n/a	n/a	n/a	n/a
1687.052	0	843526	standard_tone	sapo_emerge	standard	n/a	n/a	n/a	n/a	n/a
1688.066	0	844033	standard_tone	sapo_emerge	standard	n/a	n/a	n/a	n/a	n/a
1689.066	0	844533	standard_tone	sapo_emerge	standard	n/a	n/a	n/a	n/a	n/a
1690.082	0	845041	standard_tone	sapo_emerge	standard	n/a	n/a	n/a	n/a	n/a
1691.098	0	845549	oddball_tone	sapo_emerge	oddball	n/a	n/a	n/a	n/a	n/a
1692.098	0	846049	standard_tone	sapo_emerge	standard	n/a	n/a	n/a	n/a	n/a
1693.114	0	846557	standard_tone	sapo_emerge	standard	n/a	n/a	n/a	n/a	n/a
1694.130	0	847065	oddball_tone	sapo_emerge	oddball	n/a	n/a	n/a	n/a	n/a
1695.144	0	847572	standard_tone	sapo_emerge	standard	n/a	n/a	n/a	n/a	n/a
1696.160	0	848080	standard_tone	sapo_emerge	standard	n/a	n/a	n/a	n/a	n/a
1697.176	0	848588	standard_tone	sapo_emerge	standard	n/a	n/a	n/a	n/a	n/a
1698.192	0	849096	standard_tone	sapo_emerge	standard	n/a	n/a	n/a	n/a	n/a
1699.208	0	849604	distractor_noise	sapo_emerge	distractor	n/a	n/a	n/a	n/a	n/a
1700.224	0	850112	standard_tone	sapo_emerge	standard	n/a	n/a	n/a	n/a	n/a
1701.240	0	850620	oddball_tone	sapo_emerge	oddball	n/a	n/a	n/a	n/a	n/a
1702.256	0	851128	distractor_noise	sapo_emerge	distractor	n/a	n/a	n/a	n/a	n/a
1703.272	0	851636	oddball_tone	sapo_emerge	oddball	n/a	n/a	n/a	n/a	n/a
1704.288	0	852144	standard_tone	sapo_emerge	standard	n/a	n/a	n/a	n/a	n/a
1705.304	0	852652	standard_tone	sapo_emerge	standard	n/a	n/a	n/a	n/a	n/a
1706.318	0	853159	standard_tone	sapo_emerge	standard	n/a	n/a	n/a	n/a	n/a
1707.334	0	853667	standard_tone	sapo_emerge	standard	n/a	n/a	n/a	n/a	n/a
1708.350	0	854175	distractor_noise	sapo_emerge	distractor	n/a	n/a	n/a	n/a	n/a
1709.366	0	854683	standard_tone	sapo_emerge	standard	n/a	n/a	n/a	n/a	n/a
1710.382	0	855191	standard_tone	sapo_emerge	standard	n/a	n/a	n/a	n/a	n/a
1711.398	0	855699	standard_tone	sapo_emerge	standard	n/a	n/a	n/a	n/a	n/a
1712.414	0	856207	standard_tone	sapo_emerge	standard	n/a	n/a	n/a	n/a	n/a
1712.598	0	856299	clicker_press	sapo_emerge	response-received-arrow_up	n/a	n/a	n/a	n/a	arrow_up
1712.614	0	856307	report_window_begin	sapo_emerge	emerge-sapo-emerge-begin	n/a	n/a	n/a	n/a	n/a
1713.914	0	856957	clicker_press	sapo_emerge	response-received-arrow_up	n/a	n/a	n/a	n/a	arrow_up
1715.112	0	857556	clicker_press	sapo_emerge	response-received-arrow_up	n/a	n/a	n/a	n/a	arrow_up
1716.646	0	858323	depth_rating	sapo_emerge	rating-sapo-emerge-meditation_depth-3	3	n/a	n/a	n/a	n/a
1724.288	0	862144	clicker_press	sapo_emerge	response-received-arrow_up	n/a	n/a	n/a	n/a	arrow_up
1725.138	0	862569	clicker_press	sapo_emerge	response-received-arrow_up	n/a	n/a	n/a	n/a	arrow_up
1726.102	0	863051	clicker_press	sapo_emerge	response-received-arrow_up	n/a	n/a	n/a	n/a	arrow_up
1726.870	0	863435	confidence_rating	sapo_emerge	rating-sapo-emerge-confidence_depth-3	n/a	3	n/a	n/a	n/a
1730.400	0	865200	report_window_end	sapo_emerge	emerge-sapo-emerge-end	n/a	n/a	n/a	n/a	n/a
1730.400	0	865200	subblock_begin	sapo_emerge	subblock-begin	n/a	n/a	n/a	n/a	n/a
1730.400	0	865200	silence_begin	sapo_emerge	silence-begin	n/a	n/a	n/a	n/a	n/a
1730.402	0	865201	standard_tone	sapo_emerge	standard	n/a	n/a	n/a	n/a	n/a
1731.414	0	865707	standard_tone	sapo_emerge	standard	n/a	n/a	n/a	n/a	n/a
1732.430	0	866215	distractor_noise	sapo_emerge	distractor	n/a	n/a	n/a	n/a	n/a
1733.446	0	866723	standard_tone	sapo_emerge	standard	n/a	n/a	n/a	n/a	n/a
1734.462	0	867231	standard_tone	sapo_emerge	standard	n/a	n/a	n/a	n/a	n/a
1735.478	0	867739	distractor_noise	sapo_emerge	distractor	n/a	n/a	n/a	n/a	n/a
1736.494	0	868247	standard_tone	sapo_emerge	standard	n/a	n/a	n/a	n/a	n/a
1737.510	0	868755	standard_tone	sapo_emerge	standard	n/a	n/a	n/a	n/a	n/a
1738.510	0	869255	standard_tone	sapo_emerge	standard	n/a	n/a	n/a	n/a	n/a
1739.524	0	869762	standard_tone	sapo_emerge	standard	n/a	n/a	n/a	n/a	n/a
1740.540	0	870270	distractor_noise	sapo_emerge	distractor	n/a	n/a	n/a	n/a	n/a
1741.556	0	870778	standard_tone	sapo_emerge	standard	n/a	n/a	n/a	n/a	n/a
1742.572	0	871286	standard_tone	sapo_emerge	standard	n/a	n/a	n/a	n/a	n/a
1743.588	0	871794	oddball_tone	sapo_emerge	oddball	n/a	n/a	n/a	n/a	n/a
1744.604	0	872302	standard_tone	sapo_emerge	standard	n/a	n/a	n/a	n/a	n/a
1745.620	0	872810	standard_tone	sapo_emerge	standard	n/a	n/a	n/a	n/a	n/a
1746.636	0	873318	standard_tone	sapo_emerge	standard	n/a	n/a	n/a	n/a	n/a
1747.652	0	873826	standard_tone	sapo_emerge	standard	n/a	n/a	n/a	n/a	n/a
1748.668	0	874334	standard_tone	sapo_emerge	standard	n/a	n/a	n/a	n/a	n/a
1749.682	0	874841	standard_tone	sapo_emerge	standard	n/a	n/a	n/a	n/a	n/a
1750.698	0	875349	standard_tone	sapo_emerge	standard	n/a	n/a	n/a	n/a	n/a
1751.698	0	875849	standard_tone	sapo_emerge	standard	n/a	n/a	n/a	n/a	n/a
1752.714	0	876357	standard_tone	sapo_emerge	standard	n/a	n/a	n/a	n/a	n/a
1753.730	0	876865	standard_tone	sapo_emerge	standard	n/a	n/a	n/a	n/a	n/a
1754.746	0	877373	standard_tone	sapo_emerge	standard	n/a	n/a	n/a	n/a	n/a
1755.744	0	877872	standard_tone	sapo_emerge	standard	n/a	n/a	n/a	n/a	n/a
1756.760	0	878380	standard_tone	sapo_emerge	standard	n/a	n/a	n/a	n/a	n/a
1757.776	0	878888	standard_tone	sapo_emerge	standard	n/a	n/a	n/a	n/a	n/a
1758.792	0	879396	standard_tone	sapo_emerge	standard	n/a	n/a	n/a	n/a	n/a
1759.808	0	879904	standard_tone	sapo_emerge	standard	n/a	n/a	n/a	n/a	n/a
1760.824	0	880412	standard_tone	sapo_emerge	standard	n/a	n/a	n/a	n/a	n/a
1761.840	0	880920	standard_tone	sapo_emerge	standard	n/a	n/a	n/a	n/a	n/a
1762.856	0	881428	standard_tone	sapo_emerge	standard	n/a	n/a	n/a	n/a	n/a
1763.872	0	881936	standard_tone	sapo_emerge	standard	n/a	n/a	n/a	n/a	n/a
1764.888	0	882444	standard_tone	sapo_emerge	standard	n/a	n/a	n/a	n/a	n/a
1765.902	0	882951	standard_tone	sapo_emerge	standard	n/a	n/a	n/a	n/a	n/a
1766.918	0	883459	oddball_tone	sapo_emerge	oddball	n/a	n/a	n/a	n/a	n/a
1767.934	0	883967	standard_tone	sapo_emerge	standard	n/a	n/a	n/a	n/a	n/a
1768.950	0	884475	standard_tone	sapo_emerge	standard	n/a	n/a	n/a	n/a	n/a
1769.966	0	884983	distractor_noise	sapo_emerge	distractor	n/a	n/a	n/a	n/a	n/a
1770.982	0	885491	standard_tone	sapo_emerge	standard	n/a	n/a	n/a	n/a	n/a
1771.998	0	885999	standard_tone	sapo_emerge	standard	n/a	n/a	n/a	n/a	n/a
1773.014	0	886507	standard_tone	sapo_emerge	standard	n/a	n/a	n/a	n/a	n/a
1774.030	0	887015	standard_tone	sapo_emerge	standard	n/a	n/a	n/a	n/a	n/a
1775.046	0	887523	standard_tone	sapo_emerge	standard	n/a	n/a	n/a	n/a	n/a
1776.060	0	888030	standard_tone	sapo_emerge	standard	n/a	n/a	n/a	n/a	n/a
1777.078	0	888539	standard_tone	sapo_emerge	standard	n/a	n/a	n/a	n/a	n/a
1778.092	0	889046	oddball_tone	sapo_emerge	oddball	n/a	n/a	n/a	n/a	n/a
1779.110	0	889555	standard_tone	sapo_emerge	standard	n/a	n/a	n/a	n/a	n/a
1780.124	0	890062	standard_tone	sapo_emerge	standard	n/a	n/a	n/a	n/a	n/a
1781.140	0	890570	oddball_tone	sapo_emerge	oddball	n/a	n/a	n/a	n/a	n/a
1782.156	0	891078	standard_tone	sapo_emerge	standard	n/a	n/a	n/a	n/a	n/a
1783.172	0	891586	oddball_tone	sapo_emerge	oddball	n/a	n/a	n/a	n/a	n/a
1784.188	0	892094	standard_tone	sapo_emerge	standard	n/a	n/a	n/a	n/a	n/a
1785.204	0	892602	oddball_tone	sapo_emerge	oddball	n/a	n/a	n/a	n/a	n/a
1786.218	0	893109	standard_tone	sapo_emerge	standard	n/a	n/a	n/a	n/a	n/a
1787.236	0	893618	oddball_tone	sapo_emerge	oddball	n/a	n/a	n/a	n/a	n/a
1788.252	0	894126	standard_tone	sapo_emerge	standard	n/a	n/a	n/a	n/a	n/a
1789.268	0	894634	standard_tone	sapo_emerge	standard	n/a	n/a	n/a	n/a	n/a
1790.282	0	895141	distractor_noise	sapo_emerge	distractor	n/a	n/a	n/a	n/a	n/a
1791.298	0	895649	standard_tone	sapo_emerge	standard	n/a	n/a	n/a	n/a	n/a
1792.314	0	896157	distractor_noise	sapo_emerge	distractor	n/a	n/a	n/a	n/a	n/a
1793.330	0	896665	standard_tone	sapo_emerge	standard	n/a	n/a	n/a	n/a	n/a
1794.346	0	897173	standard_tone	sapo_emerge	standard	n/a	n/a	n/a	n/a	n/a
1795.362	0	897681	standard_tone	sapo_emerge	standard	n/a	n/a	n/a	n/a	n/a
1796.378	0	898189	standard_tone	sapo_emerge	standard	n/a	n/a	n/a	n/a	n/a
1797.394	0	898697	standard_tone	sapo_emerge	standard	n/a	n/a	n/a	n/a	n/a
1798.392	0	899196	standard_tone	sapo_emerge	standard	n/a	n/a	n/a	n/a	n/a
1799.408	0	899704	standard_tone	sapo_emerge	standard	n/a	n/a	n/a	n/a	n/a
1800.424	0	900212	standard_tone	sapo_emerge	standard	n/a	n/a	n/a	n/a	n/a
1801.440	0	900720	standard_tone	sapo_emerge	standard	n/a	n/a	n/a	n/a	n/a
1802.456	0	901228	standard_tone	sapo_emerge	standard	n/a	n/a	n/a	n/a	n/a
1803.472	0	901736	standard_tone	sapo_emerge	standard	n/a	n/a	n/a	n/a	n/a
1804.488	0	902244	oddball_tone	sapo_emerge	oddball	n/a	n/a	n/a	n/a	n/a
1805.504	0	902752	standard_tone	sapo_emerge	standard	n/a	n/a	n/a	n/a	n/a
1806.520	0	903260	distractor_noise	sapo_emerge	distractor	n/a	n/a	n/a	n/a	n/a
1807.536	0	903768	standard_tone	sapo_emerge	standard	n/a	n/a	n/a	n/a	n/a
1808.550	0	904275	standard_tone	sapo_emerge	standard	n/a	n/a	n/a	n/a	n/a
1809.566	0	904783	oddball_tone	sapo_emerge	oddball	n/a	n/a	n/a	n/a	n/a
1810.582	0	905291	standard_tone	sapo_emerge	standard	n/a	n/a	n/a	n/a	n/a
1811.598	0	905799	standard_tone	sapo_emerge	standard	n/a	n/a	n/a	n/a	n/a
1812.614	0	906307	standard_tone	sapo_emerge	standard	n/a	n/a	n/a	n/a	n/a
1813.630	0	906815	distractor_noise	sapo_emerge	distractor	n/a	n/a	n/a	n/a	n/a
1814.646	0	907323	standard_tone	sapo_emerge	standard	n/a	n/a	n/a	n/a	n/a
1815.662	0	907831	standard_tone	sapo_emerge	standard	n/a	n/a	n/a	n/a	n/a
1816.678	0	908339	standard_tone	sapo_emerge	standard	n/a	n/a	n/a	n/a	n/a
1817.694	0	908847	oddball_tone	sapo_emerge	oddball	n/a	n/a	n/a	n/a	n/a
1818.710	0	909355	standard_tone	sapo_emerge	standard	n/a	n/a	n/a	n/a	n/a
1819.726	0	909863	distractor_noise	sapo_emerge	distractor	n/a	n/a	n/a	n/a	n/a
1820.740	0	910370	standard_tone	sapo_emerge	standard	n/a	n/a	n/a	n/a	n/a
1821.756	0	910878	standard_tone	sapo_emerge	standard	n/a	n/a	n/a	n/a	n/a
1822.772	0	911386	distractor_noise	sapo_emerge	distractor	n/a	n/a	n/a	n/a	n/a
1823.788	0	911894	standard_tone	sapo_emerge	standard	n/a	n/a	n/a	n/a	n/a
1824.804	0	912402	standard_tone	sapo_emerge	standard	n/a	n/a	n/a	n/a	n/a
1825.820	0	912910	standard_tone	sapo_emerge	standard	n/a	n/a	n/a	n/a	n/a
1826.836	0	913418	standard_tone	sapo_emerge	standard	n/a	n/a	n/a	n/a	n/a
1827.852	0	913926	standard_tone	sapo_emerge	standard	n/a	n/a	n/a	n/a	n/a
1828.868	0	914434	standard_tone	sapo_emerge	standard	n/a	n/a	n/a	n/a	n/a
1829.884	0	914942	standard_tone	sapo_emerge	standard	n/a	n/a	n/a	n/a	n/a
1830.900	0	915450	oddball_tone	sapo_emerge	oddball	n/a	n/a	n/a	n/a	n/a
1831.916	0	915958	standard_tone	sapo_emerge	standard	n/a	n/a	n/a	n/a	n/a
1832.930	0	916465	distractor_noise	sapo_emerge	distractor	n/a	n/a	n/a	n/a	n/a
1833.946	0	916973	standard_tone	sapo_emerge	standard	n/a	n/a	n/a	n/a	n/a
1834.962	0	917481	standard_tone	sapo_emerge	standard	n/a	n/a	n/a	n/a	n/a
1835.978	0	917989	standard_tone	sapo_emerge	standard	n/a	n/a	n/a	n/a	n/a
1836.994	0	918497	standard_tone	sapo_emerge	standard	n/a	n/a	n/a	n/a	n/a
1838.010	0	919005	standard_tone	sapo_emerge	standard	n/a	n/a	n/a	n/a	n/a
1839.026	0	919513	standard_tone	sapo_emerge	standard	n/a	n/a	n/a	n/a	n/a
1840.042	0	920021	standard_tone	sapo_emerge	standard	n/a	n/a	n/a	n/a	n/a
1840.142	0	920071	silence_end	sapo_emerge	silence-end	n/a	n/a	n/a	n/a	n/a
1840.308	0	920154	gong_begin	sapo_emerge	gong-begin	n/a	n/a	n/a	n/a	n/a
1841.058	0	920529	oddball_tone	sapo_emerge	oddball	n/a	n/a	n/a	n/a	n/a
1842.074	0	921037	standard_tone	sapo_emerge	standard	n/a	n/a	n/a	n/a	n/a
1843.090	0	921545	standard_tone	sapo_emerge	standard	n/a	n/a	n/a	n/a	n/a
1843.688	0	921844	clicker_press	sapo_emerge	response-received-arrow_up	n/a	n/a	n/a	n/a	arrow_up
1843.722	0	921861	gong_end	sapo_emerge	gong-end	n/a	n/a	n/a	n/a	n/a
1843.722	0	921861	report_window_begin	sapo_emerge	emerge-sapo-emerge-begin	n/a	n/a	n/a	n/a	n/a
1844.488	0	922244	clicker_press	sapo_emerge	response-received-arrow_up	n/a	n/a	n/a	n/a	arrow_up
1845.438	0	922719	clicker_press	sapo_emerge	response-received-arrow_up	n/a	n/a	n/a	n/a	arrow_up
1847.818	0	923909	depth_rating	sapo_emerge	rating-sapo-emerge-meditation_depth-3	3	n/a	n/a	n/a	n/a
1855.664	0	927832	clicker_press	sapo_emerge	response-received-arrow_up	n/a	n/a	n/a	n/a	arrow_up
1856.554	0	928277	clicker_press	sapo_emerge	response-received-arrow_up	n/a	n/a	n/a	n/a	arrow_up
1857.594	0	928797	clicker_press	sapo_emerge	response-received-arrow_up	n/a	n/a	n/a	n/a	arrow_up
1857.928	0	928964	confidence_rating	sapo_emerge	rating-sapo-emerge-confidence_depth-3	n/a	3	n/a	n/a	n/a
1861.440	0	930720	report_window_end	sapo_emerge	emerge-sapo-emerge-end	n/a	n/a	n/a	n/a	n/a
1861.442	0	930721	subblock_end	sapo_emerge	subblock-end-duration-131.041	n/a	n/a	n/a	131.041	n/a
1861.442	0	930721	subblock_begin	sapo_emerge	subblock-begin	n/a	n/a	n/a	n/a	n/a
1861.442	0	930721	silence_begin	sapo_emerge	silence-begin	n/a	n/a	n/a	n/a	n/a
1861.442	0	930721	distractor_noise	sapo_emerge	distractor	n/a	n/a	n/a	n/a	n/a
1862.456	0	931228	standard_tone	sapo_emerge	standard	n/a	n/a	n/a	n/a	n/a
1863.472	0	931736	oddball_tone	sapo_emerge	oddball	n/a	n/a	n/a	n/a	n/a
1864.488	0	932244	distractor_noise	sapo_emerge	distractor	n/a	n/a	n/a	n/a	n/a
1865.504	0	932752	standard_tone	sapo_emerge	standard	n/a	n/a	n/a	n/a	n/a
1866.520	0	933260	standard_tone	sapo_emerge	standard	n/a	n/a	n/a	n/a	n/a
1867.536	0	933768	distractor_noise	sapo_emerge	distractor	n/a	n/a	n/a	n/a	n/a
1868.550	0	934275	standard_tone	sapo_emerge	standard	n/a	n/a	n/a	n/a	n/a
1869.550	0	934775	standard_tone	sapo_emerge	standard	n/a	n/a	n/a	n/a	n/a
1870.566	0	935283	standard_tone	sapo_emerge	standard	n/a	n/a	n/a	n/a	n/a
1871.582	0	935791	oddball_tone	sapo_emerge	oddball	n/a	n/a	n/a	n/a	n/a
1872.598	0	936299	standard_tone	sapo_emerge	standard	n/a	n/a	n/a	n/a	n/a
1873.598	0	936799	standard_tone	sapo_emerge	standard	n/a	n/a	n/a	n/a	n/a
1874.612	0	937306	standard_tone	sapo_emerge	standard	n/a	n/a	n/a	n/a	n/a
1875.628	0	937814	standard_tone	sapo_emerge	standard	n/a	n/a	n/a	n/a	n/a
1876.644	0	938322	standard_tone	sapo_emerge	standard	n/a	n/a	n/a	n/a	n/a
1877.660	0	938830	standard_tone	sapo_emerge	standard	n/a	n/a	n/a	n/a	n/a
1878.676	0	939338	oddball_tone	sapo_emerge	oddball	n/a	n/a	n/a	n/a	n/a
1879.692	0	939846	standard_tone	sapo_emerge	standard	n/a	n/a	n/a	n/a	n/a
1880.708	0	940354	standard_tone	sapo_emerge	standard	n/a	n/a	n/a	n/a	n/a
1881.724	0	940862	distractor_noise	sapo_emerge	distractor	n/a	n/a	n/a	n/a	n/a
1882.740	0	941370	standard_tone	sapo_emerge	standard	n/a	n/a	n/a	n/a	n/a
1883.738	0	941869	standard_tone	sapo_emerge	standard	n/a	n/a	n/a	n/a	n/a
1884.754	0	942377	standard_tone	sapo_emerge	standard	n/a	n/a	n/a	n/a	n/a
1885.770	0	942885	distractor_noise	sapo_emerge	distractor	n/a	n/a	n/a	n/a	n/a
1886.786	0	943393	standard_tone	sapo_emerge	standard	n/a	n/a	n/a	n/a	n/a
1887.802	0	943901	standard_tone	sapo_emerge	standard	n/a	n/a	n/a	n/a	n/a
1888.818	0	944409	standard_tone	sapo_emerge	standard	n/a	n/a	n/a	n/a	n/a
1889.818	0	944909	oddball_tone	sapo_emerge	oddball	n/a	n/a	n/a	n/a	n/a
1890.832	0	945416	standard_tone	sapo_emerge	standard	n/a	n/a	n/a	n/a	n/a
1891.848	0	945924	standard_tone	sapo_emerge	standard	n/a	n/a	n/a	n/a	n/a
1892.864	0	946432	standard_tone	sapo_emerge	standard	n/a	n/a	n/a	n/a	n/a
1893.880	0	946940	standard_tone	sapo_emerge	standard	n/a	n/a	n/a	n/a	n/a
1894.896	0	947448	standard_tone	sapo_emerge	standard	n/a	n/a	n/a	n/a	n/a
1895.912	0	947956	standard_tone	sapo_emerge	standard	n/a	n/a	n/a	n/a	n/a
1896.928	0	948464	standard_tone	sapo_emerge	standard	n/a	n/a	n/a	n/a	n/a
1897.944	0	948972	standard_tone	sapo_emerge	standard	n/a	n/a	n/a	n/a	n/a
1898.960	0	949480	oddball_tone	sapo_emerge	oddball	n/a	n/a	n/a	n/a	n/a
1899.976	0	949988	standard_tone	sapo_emerge	standard	n/a	n/a	n/a	n/a	n/a
1900.990	0	950495	standard_tone	sapo_emerge	standard	n/a	n/a	n/a	n/a	n/a
1902.008	0	951004	standard_tone	sapo_emerge	standard	n/a	n/a	n/a	n/a	n/a
1903.022	0	951511	distractor_noise	sapo_emerge	distractor	n/a	n/a	n/a	n/a	n/a
1904.038	0	952019	standard_tone	sapo_emerge	standard	n/a	n/a	n/a	n/a	n/a
1905.054	0	952527	standard_tone	sapo_emerge	standard	n/a	n/a	n/a	n/a	n/a
1906.070	0	953035	oddball_tone	sapo_emerge	oddball	n/a	n/a	n/a	n/a	n/a
1907.070	0	953535	standard_tone	sapo_emerge	standard	n/a	n/a	n/a	n/a	n/a
1908.086	0	954043	standard_tone	sapo_emerge	standard	n/a	n/a	n/a	n/a	n/a
1909.102	0	954551	oddball_tone	sapo_emerge	oddball	n/a	n/a	n/a	n/a	n/a
1910.118	0	955059	standard_tone	sapo_emerge	standard	n/a	n/a	n/a	n/a	n/a
1911.132	0	955566	standard_tone	sapo_emerge	standard	n/a	n/a	n/a	n/a	n/a
1912.148	0	956074	standard_tone	sapo_emerge	standard	n/a	n/a	n/a	n/a	n/a
1913.164	0	956582	standard_tone	sapo_emerge	standard	n/a	n/a	n/a	n/a	n/a
1914.180	0	957090	standard_tone	sapo_emerge	standard	n/a	n/a	n/a	n/a	n/a
1915.196	0	957598	standard_tone	sapo_emerge	standard	n/a	n/a	n/a	n/a	n/a
1916.212	0	958106	standard_tone	sapo_emerge	standard	n/a	n/a	n/a	n/a	n/a
1917.228	0	958614	standard_tone	sapo_emerge	standard	n/a	n/a	n/a	n/a	n/a
1918.244	0	959122	standard_tone	sapo_emerge	standard	n/a	n/a	n/a	n/a	n/a
1919.260	0	959630	oddball_tone	sapo_emerge	oddball	n/a	n/a	n/a	n/a	n/a
1920.274	0	960137	standard_tone	sapo_emerge	standard	n/a	n/a	n/a	n/a	n/a
1921.290	0	960645	standard_tone	sapo_emerge	standard	n/a	n/a	n/a	n/a	n/a
1922.306	0	961153	standard_tone	sapo_emerge	standard	n/a	n/a	n/a	n/a	n/a
1923.322	0	961661	oddball_tone	sapo_emerge	oddball	n/a	n/a	n/a	n/a	n/a
1924.338	0	962169	standard_tone	sapo_emerge	standard	n/a	n/a	n/a	n/a	n/a
1925.354	0	962677	standard_tone	sapo_emerge	standard	n/a	n/a	n/a	n/a	n/a
1926.370	0	963185	standard_tone	sapo_emerge	standard	n/a	n/a	n/a	n/a	n/a
1927.386	0	963693	standard_tone	sapo_emerge	standard	n/a	n/a	n/a	n/a	n/a
1928.402	0	964201	standard_tone	sapo_emerge	standard	n/a	n/a	n/a	n/a	n/a
1929.418	0	964709	standard_tone	sapo_emerge	standard	n/a	n/a	n/a	n/a	n/a
1930.434	0	965217	standard_tone	sapo_emerge	standard	n/a	n/a	n/a	n/a	n/a
1931.432	0	965716	standard_tone	sapo_emerge	standard	n/a	n/a	n/a	n/a	n/a
1932.448	0	966224	oddball_tone	sapo_emerge	oddball	n/a	n/a	n/a	n/a	n/a
1933.464	0	966732	standard_tone	sapo_emerge	standard	n/a	n/a	n/a	n/a	n/a
1934.464	0	967232	standard_tone	sapo_emerge	standard	n/a	n/a	n/a	n/a	n/a
1935.480	0	967740	standard_tone	sapo_emerge	standard	n/a	n/a	n/a	n/a	n/a
1936.496	0	968248	standard_tone	sapo_emerge	standard	n/a	n/a	n/a	n/a	n/a
1937.512	0	968756	standard_tone	sapo_emerge	standard	n/a	n/a	n/a	n/a	n/a
1938.526	0	969263	distractor_noise	sapo_emerge	distractor	n/a	n/a	n/a	n/a	n/a
1939.526	0	969763	oddball_tone	sapo_emerge	oddball	n/a	n/a	n/a	n/a	n/a
1940.542	0	970271	standard_tone	sapo_emerge	standard	n/a	n/a	n/a	n/a	n/a
1941.558	0	970779	standard_tone	sapo_emerge	standard	n/a	n/a	n/a	n/a	n/a
1942.556	0	971278	standard_tone	sapo_emerge	standard	n/a	n/a	n/a	n/a	n/a
1943.572	0	971786	standard_tone	sapo_emerge	standard	n/a	n/a	n/a	n/a	n/a
1944.588	0	972294	standard_tone	sapo_emerge	standard	n/a	n/a	n/a	n/a	n/a
1945.604	0	972802	standard_tone	sapo_emerge	standard	n/a	n/a	n/a	n/a	n/a
1946.620	0	973310	standard_tone	sapo_emerge	standard	n/a	n/a	n/a	n/a	n/a
1947.636	0	973818	standard_tone	sapo_emerge	standard	n/a	n/a	n/a	n/a	n/a
1948.652	0	974326	distractor_noise	sapo_emerge	distractor	n/a	n/a	n/a	n/a	n/a
1949.668	0	974834	standard_tone	sapo_emerge	standard	n/a	n/a	n/a	n/a	n/a
1950.666	0	975333	oddball_tone	sapo_emerge	oddball	n/a	n/a	n/a	n/a	n/a
1951.682	0	975841	distractor_noise	sapo_emerge	distractor	n/a	n/a	n/a	n/a	n/a
1952.698	0	976349	standard_tone	sapo_emerge	standard	n/a	n/a	n/a	n/a	n/a
1953.714	0	976857	standard_tone	sapo_emerge	standard	n/a	n/a	n/a	n/a	n/a
1954.730	0	977365	standard_tone	sapo_emerge	standard	n/a	n/a	n/a	n/a	n/a
1955.746	0	977873	distractor_noise	sapo_emerge	distractor	n/a	n/a	n/a	n/a	n/a
1956.762	0	978381	standard_tone	sapo_emerge	standard	n/a	n/a	n/a	n/a	n/a
1957.778	0	978889	standard_tone	sapo_emerge	standard	n/a	n/a	n/a	n/a	n/a
1958.794	0	979397	standard_tone	sapo_emerge	standard	n/a	n/a	n/a	n/a	n/a
1959.810	0	979905	oddball_tone	sapo_emerge	oddball	n/a	n/a	n/a	n/a	n/a
1960.824	0	980412	standard_tone	sapo_emerge	standard	n/a	n/a	n/a	n/a	n/a
1961.840	0	980920	oddball_tone	sapo_emerge	oddball	n/a	n/a	n/a	n/a	n/a
1962.856	0	981428	standard_tone	sapo_emerge	standard	n/a	n/a	n/a	n/a	n/a
1963.872	0	981936	distractor_noise	sapo_emerge	distractor	n/a	n/a	n/a	n/a	n/a
1964.888	0	982444	standard_tone	sapo_emerge	standard	n/a	n/a	n/a	n/a	n/a
1965.904	0	982952	standard_tone	sapo_emerge	standard	n/a	n/a	n/a	n/a	n/a
1966.920	0	983460	standard_tone	sapo_emerge	standard	n/a	n/a	n/a	n/a	n/a
1967.936	0	983968	distractor_noise	sapo_emerge	distractor	n/a	n/a	n/a	n/a	n/a
1968.020	0	984010	silence_end	sapo_emerge	silence-end	n/a	n/a	n/a	n/a	n/a
1968.202	0	984101	gong_begin	sapo_emerge	gong-begin	n/a	n/a	n/a	n/a	n/a
1968.952	0	984476	oddball_tone	sapo_emerge	oddball	n/a	n/a	n/a	n/a	n/a
1969.968	0	984984	standard_tone	sapo_emerge	standard	n/a	n/a	n/a	n/a	n/a
1970.984	0	985492	standard_tone	sapo_emerge	standard	n/a	n/a	n/a	n/a	n/a
1971.998	0	985999	standard_tone	sapo_emerge	standard	n/a	n/a	n/a	n/a	n/a
1973.014	0	986507	distractor_noise	sapo_emerge	distractor	n/a	n/a	n/a	n/a	n/a
1974.030	0	987015	standard_tone	sapo_emerge	standard	n/a	n/a	n/a	n/a	n/a
1975.030	0	987515	standard_tone	sapo_emerge	standard	n/a	n/a	n/a	n/a	n/a
1976.046	0	988023	standard_tone	sapo_emerge	standard	n/a	n/a	n/a	n/a	n/a
1977.062	0	988531	standard_tone	sapo_emerge	standard	n/a	n/a	n/a	n/a	n/a
1978.028	0	989014	gong_end	sapo_emerge	gong-end	n/a	n/a	n/a	n/a	n/a
1978.028	0	989014	subblock_end	sapo_emerge	subblock-end-duration-116.586	n/a	n/a	n/a	116.586	n/a
1978.028	0	989014	subblock_begin	sapo_emerge	subblock-begin	n/a	n/a	n/a	n/a	n/a
1978.030	0	989015	silence_begin	sapo_emerge	silence-begin	n/a	n/a	n/a	n/a	n/a
1978.078	0	989039	standard_tone	sapo_emerge	standard	n/a	n/a	n/a	n/a	n/a
1979.094	0	989547	standard_tone	sapo_emerge	standard	n/a	n/a	n/a	n/a	n/a
1980.108	0	990054	oddball_tone	sapo_emerge	oddball	n/a	n/a	n/a	n/a	n/a
1981.124	0	990562	distractor_noise	sapo_emerge	distractor	n/a	n/a	n/a	n/a	n/a
1982.140	0	991070	standard_tone	sapo_emerge	standard	n/a	n/a	n/a	n/a	n/a
1982.590	0	991295	clicker_press	sapo_emerge	response-received-arrow_up	n/a	n/a	n/a	n/a	arrow_up
1982.624	0	991312	report_window_begin	sapo_emerge	emerge-sapo-emerge-begin	n/a	n/a	n/a	n/a	n/a
1983.708	0	991854	clicker_press	sapo_emerge	response-received-arrow_up	n/a	n/a	n/a	n/a	arrow_up
1984.806	0	992403	clicker_press	sapo_emerge	response-received-arrow_up	n/a	n/a	n/a	n/a	arrow_up
1986.638	0	993319	depth_rating	sapo_emerge	rating-sapo-emerge-meditation_depth-3	3	n/a	n/a	n/a	n/a
1994.448	0	997224	clicker_press	sapo_emerge	response-received-arrow_up	n/a	n/a	n/a	n/a	arrow_up
1995.330	0	997665	clicker_press	sapo_emerge	response-received-arrow_up	n/a	n/a	n/a	n/a	arrow_up
1996.296	0	998148	clicker_press	sapo_emerge	response-received-arrow_up	n/a	n/a	n/a	n/a	arrow_up
1996.864	0	998432	confidence_rating	sapo_emerge	rating-sapo-emerge-confidence_depth-3	n/a	3	n/a	n/a	n/a
2000.392	0	1000196	report_window_end	sapo_emerge	emerge-sapo-emerge-end	n/a	n/a	n/a	n/a	n/a
2000.394	0	1000197	subblock_begin	sapo_emerge	subblock-begin	n/a	n/a	n/a	n/a	n/a
2000.394	0	1000197	silence_begin	sapo_emerge	silence-begin	n/a	n/a	n/a	n/a	n/a
2000.394	0	1000197	distractor_noise	sapo_emerge	distractor	n/a	n/a	n/a	n/a	n/a
2001.408	0	1000704	standard_tone	sapo_emerge	standard	n/a	n/a	n/a	n/a	n/a
2002.424	0	1001212	standard_tone	sapo_emerge	standard	n/a	n/a	n/a	n/a	n/a
2003.440	0	1001720	distractor_noise	sapo_emerge	distractor	n/a	n/a	n/a	n/a	n/a
2004.456	0	1002228	standard_tone	sapo_emerge	standard	n/a	n/a	n/a	n/a	n/a
2005.470	0	1002735	standard_tone	sapo_emerge	standard	n/a	n/a	n/a	n/a	n/a
2006.486	0	1003243	standard_tone	sapo_emerge	standard	n/a	n/a	n/a	n/a	n/a
2007.502	0	1003751	standard_tone	sapo_emerge	standard	n/a	n/a	n/a	n/a	n/a
2008.502	0	1004251	distractor_noise	sapo_emerge	distractor	n/a	n/a	n/a	n/a	n/a
2009.518	0	1004759	standard_tone	sapo_emerge	standard	n/a	n/a	n/a	n/a	n/a
2010.534	0	1005267	standard_tone	sapo_emerge	standard	n/a	n/a	n/a	n/a	n/a
2011.550	0	1005775	standard_tone	sapo_emerge	standard	n/a	n/a	n/a	n/a	n/a
2012.566	0	1006283	standard_tone	sapo_emerge	standard	n/a	n/a	n/a	n/a	n/a
2013.564	0	1006782	standard_tone	sapo_emerge	standard	n/a	n/a	n/a	n/a	n/a
2014.580	0	1007290	standard_tone	sapo_emerge	standard	n/a	n/a	n/a	n/a	n/a
2015.596	0	1007798	distractor_noise	sapo_emerge	distractor	n/a	n/a	n/a	n/a	n/a
2016.612	0	1008306	standard_tone	sapo_emerge	standard	n/a	n/a	n/a	n/a	n/a
2017.628	0	1008814	standard_tone	sapo_emerge	standard	n/a	n/a	n/a	n/a	n/a
2018.644	0	1009322	standard_tone	sapo_emerge	standard	n/a	n/a	n/a	n/a	n/a
2019.660	0	1009830	standard_tone	sapo_emerge	standard	n/a	n/a	n/a	n/a	n/a
2020.676	0	1010338	standard_tone	sapo_emerge	standard	n/a	n/a	n/a	n/a	n/a
2021.692	0	1010846	oddball_tone	sapo_emerge	oddball	n/a	n/a	n/a	n/a	n/a
2022.692	0	1011346	standard_tone	sapo_emerge	standard	n/a	n/a	n/a	n/a	n/a
2023.706	0	1011853	standard_tone	sapo_emerge	standard	n/a	n/a	n/a	n/a	n/a
2024.722	0	1012361	distractor_noise	sapo_emerge	distractor	n/a	n/a	n/a	n/a	n/a
2025.738	0	1012869	standard_tone	sapo_emerge	standard	n/a	n/a	n/a	n/a	n/a
2026.754	0	1013377	standard_tone	sapo_emerge	standard	n/a	n/a	n/a	n/a	n/a
2027.770	0	1013885	standard_tone	sapo_emerge	standard	n/a	n/a	n/a	n/a	n/a
2028.786	0	1014393	oddball_tone	sapo_emerge	oddball	n/a	n/a	n/a	n/a	n/a
2029.800	0	1014900	standard_tone	sapo_emerge	standard	n/a	n/a	n/a	n/a	n/a
2030.800	0	1015400	distractor_noise	sapo_emerge	distractor	n/a	n/a	n/a	n/a	n/a
2031.800	0	1015900	standard_tone	sapo_emerge	standard	n/a	n/a	n/a	n/a	n/a
2032.816	0	1016408	standard_tone	sapo_emerge	standard	n/a	n/a	n/a	n/a	n/a
2033.830	0	1016915	standard_tone	sapo_emerge	standard	n/a	n/a	n/a	n/a	n/a
2034.846	0	1017423	standard_tone	sapo_emerge	standard	n/a	n/a	n/a	n/a	n/a
2035.862	0	1017931	standard_tone	sapo_emerge	standard	n/a	n/a	n/a	n/a	n/a
2036.878	0	1018439	standard_tone	sapo_emerge	standard	n/a	n/a	n/a	n/a	n/a
2037.894	0	1018947	standard_tone	sapo_emerge	standard	n/a	n/a	n/a	n/a	n/a
2038.910	0	1019455	standard_tone	sapo_emerge	standard	n/a	n/a	n/a	n/a	n/a
2039.926	0	1019963	standard_tone	sapo_emerge	standard	n/a	n/a	n/a	n/a	n/a
2040.942	0	1020471	standard_tone	sapo_emerge	standard	n/a	n/a	n/a	n/a	n/a
2041.958	0	1020979	standard_tone	sapo_emerge	standard	n/a	n/a	n/a	n/a	n/a
2042.974	0	1021487	standard_tone	sapo_emerge	standard	n/a	n/a	n/a	n/a	n/a
2043.990	0	1021995	standard_tone	sapo_emerge	standard	n/a	n/a	n/a	n/a	n/a
2045.006	0	1022503	distractor_noise	sapo_emerge	distractor	n/a	n/a	n/a	n/a	n/a
2046.020	0	1023010	standard_tone	sapo_emerge	standard	n/a	n/a	n/a	n/a	n/a
2047.036	0	1023518	standard_tone	sapo_emerge	standard	n/a	n/a	n/a	n/a	n/a
2048.052	0	1024026	standard_tone	sapo_emerge	standard	n/a	n/a	n/a	n/a	n/a
2049.068	0	1024534	standard_tone	sapo_emerge	standard	n/a	n/a	n/a	n/a	n/a
2050.084	0	1025042	distractor_noise	sapo_emerge	distractor	n/a	n/a	n/a	n/a	n/a
2051.100	0	1025550	oddball_tone	sapo_emerge	oddball	n/a	n/a	n/a	n/a	n/a
2052.116	0	1026058	standard_tone	sapo_emerge	standard	n/a	n/a	n/a	n/a	n/a
2053.132	0	1026566	standard_tone	sapo_emerge	standard	n/a	n/a	n/a	n/a	n/a
2054.148	0	1027074	standard_tone	sapo_emerge	standard	n/a	n/a	n/a	n/a	n/a
2055.164	0	1027582	standard_tone	sapo_emerge	standard	n/a	n/a	n/a	n/a	n/a
2056.180	0	1028090	standard_tone	sapo_emerge	standard	n/a	n/a	n/a	n/a	n/a
2057.196	0	1028598	standard_tone	sapo_emerge	standard	n/a	n/a	n/a	n/a	n/a
2058.210	0	1029105	standard_tone	sapo_emerge	standard	n/a	n/a	n/a	n/a	n/a
2059.226	0	1029613	standard_tone	sapo_emerge	standard	n/a	n/a	n/a	n/a	n/a
2060.226	0	1030113	standard_tone	sapo_emerge	standard	n/a	n/a	n/a	n/a	n/a
2061.242	0	1030621	standard_tone	sapo_emerge	standard	n/a	n/a	n/a	n/a	n/a
2062.260	0	1031130	standard_tone	sapo_emerge	standard	n/a	n/a	n/a	n/a	n/a
2063.272	0	1031636	standard_tone	sapo_emerge	standard	n/a	n/a	n/a	n/a	n/a
2064.272	0	1032136	standard_tone	sapo_emerge	standard	n/a	n/a	n/a	n/a	n/a
2065.288	0	1032644	oddball_tone	sapo_emerge	oddball	n/a	n/a	n/a	n/a	n/a
2066.304	0	1033152	standard_tone	sapo_emerge	standard	n/a	n/a	n/a	n/a	n/a
2067.320	0	1033660	standard_tone	sapo_emerge	standard	n/a	n/a	n/a	n/a	n/a
2068.336	0	1034168	standard_tone	sapo_emerge	standard	n/a	n/a	n/a	n/a	n/a
2069.352	0	1034676	standard_tone	sapo_emerge	standard	n/a	n/a	n/a	n/a	n/a
2070.368	0	1035184	standard_tone	sapo_emerge	standard	n/a	n/a	n/a	n/a	n/a
2071.384	0	1035692	standard_tone	sapo_emerge	standard	n/a	n/a	n/a	n/a	n/a
2072.400	0	1036200	standard_tone	sapo_emerge	standard	n/a	n/a	n/a	n/a	n/a
2073.416	0	1036708	oddball_tone	sapo_emerge	oddball	n/a	n/a	n/a	n/a	n/a
2074.430	0	1037215	standard_tone	sapo_emerge	standard	n/a	n/a	n/a	n/a	n/a
2075.430	0	1037715	oddball_tone	sapo_emerge	oddball	n/a	n/a	n/a	n/a	n/a
2076.446	0	1038223	standard_tone	sapo_emerge	standard	n/a	n/a	n/a	n/a	n/a
2077.462	0	1038731	standard_tone	sapo_emerge	standard	n/a	n/a	n/a	n/a	n/a
2078.478	0	1039239	standard_tone	sapo_emerge	standard	n/a	n/a	n/a	n/a	n/a
2079.494	0	1039747	standard_tone	sapo_emerge	standard	n/a	n/a	n/a	n/a	n/a
2080.492	0	1040246	distractor_noise	sapo_emerge	distractor	n/a	n/a	n/a	n/a	n/a
2081.508	0	1040754	standard_tone	sapo_emerge	standard	n/a	n/a	n/a	n/a	n/a
2082.524	0	1041262	standard_tone	sapo_emerge	standard	n/a	n/a	n/a	n/a	n/a
2083.540	0	1041770	standard_tone	sapo_emerge	standard	n/a	n/a	n/a	n/a	n/a
2084.556	0	1042278	standard_tone	sapo_emerge	standard	n/a	n/a	n/a	n/a	n/a
2085.572	0	1042786	standard_tone	sapo_emerge	standard	n/a	n/a	n/a	n/a	n/a
2086.588	0	1043294	oddball_tone	sapo_emerge	oddball	n/a	n/a	n/a	n/a	n/a
2087.604	0	1043802	standard_tone	sapo_emerge	standard	n/a	n/a	n/a	n/a	n/a
2088.620	0	1044310	standard_tone	sapo_emerge	standard	n/a	n/a	n/a	n/a	n/a
2089.634	0	1044817	oddball_tone	sapo_emerge	oddball	n/a	n/a	n/a	n/a	n/a
2090.650	0	1045325	standard_tone	sapo_emerge	standard	n/a	n/a	n/a	n/a	n/a
2091.650	0	1045825	standard_tone	sapo_emerge	standard	n/a	n/a	n/a	n/a	n/a
2092.666	0	1046333	standard_tone	sapo_emerge	standard	n/a	n/a	n/a	n/a	n/a
2093.682	0	1046841	oddball_tone	sapo_emerge	oddball	n/a	n/a	n/a	n/a	n/a
2094.698	0	1047349	standard_tone	sapo_emerge	standard	n/a	n/a	n/a	n/a	n/a
2095.714	0	1047857	oddball_tone	sapo_emerge	oddball	n/a	n/a	n/a	n/a	n/a
2096.728	0	1048364	standard_tone	sapo_emerge	standard	n/a	n/a	n/a	n/a	n/a
2097.744	0	1048872	oddball_tone	sapo_emerge	oddball	n/a	n/a	n/a	n/a	n/a
2098.744	0	1049372	standard_tone	sapo_emerge	standard	n/a	n/a	n/a	n/a	n/a
2099.760	0	1049880	standard_tone	sapo_emerge	standard	n/a	n/a	n/a	n/a	n/a
2100.776	0	1050388	standard_tone	sapo_emerge	standard	n/a	n/a	n/a	n/a	n/a
2101.792	0	1050896	standard_tone	sapo_emerge	standard	n/a	n/a	n/a	n/a	n/a
2102.808	0	1051404	oddball_tone	sapo_emerge	oddball	n/a	n/a	n/a	n/a	n/a
2103.574	0	1051787	silence_end	sapo_emerge	silence-end	n/a	n/a	n/a	n/a	n/a
2103.576	0	1051788	gong_begin	sapo_emerge	gong-begin	n/a	n/a	n/a	n/a	n/a
2103.822	0	1051911	standard_tone	sapo_emerge	standard	n/a	n/a	n/a	n/a	n/a
2104.822	0	1052411	standard_tone	sapo_emerge	standard	n/a	n/a	n/a	n/a	n/a
2105.838	0	1052919	standard_tone	sapo_emerge	standard	n/a	n/a	n/a	n/a	n/a
2106.854	0	1053427	standard_tone	sapo_emerge	standard	n/a	n/a	n/a	n/a	n/a
2107.870	0	1053935	standard_tone	sapo_emerge	standard	n/a	n/a	n/a	n/a	n/a
2108.886	0	1054443	standard_tone	sapo_emerge	standard	n/a	n/a	n/a	n/a	n/a
2109.902	0	1054951	standard_tone	sapo_emerge	standard	n/a	n/a	n/a	n/a	n/a
2110.918	0	1055459	distractor_noise	sapo_emerge	distractor	n/a	n/a	n/a	n/a	n/a
2111.932	0	1055966	standard_tone	sapo_emerge	standard	n/a	n/a	n/a	n/a	n/a
2112.950	0	1056475	standard_tone	sapo_emerge	standard	n/a	n/a	n/a	n/a	n/a
2113.616	0	1056808	gong_end	sapo_emerge	gong-end	n/a	n/a	n/a	n/a	n/a
2113.616	0	1056808	subblock_end	sapo_emerge	subblock-end-duration-113.223	n/a	n/a	n/a	113.223	n/a
2113.616	0	1056808	subblock_begin	sapo_emerge	subblock-begin	n/a	n/a	n/a	n/a	n/a
2113.618	0	1056809	silence_begin	sapo_emerge	silence-begin	n/a	n/a	n/a	n/a	n/a
2113.964	0	1056982	oddball_tone	sapo_emerge	oddball	n/a	n/a	n/a	n/a	n/a
2114.980	0	1057490	standard_tone	sapo_emerge	standard	n/a	n/a	n/a	n/a	n/a
2115.996	0	1057998	oddball_tone	sapo_emerge	oddball	n/a	n/a	n/a	n/a	n/a
2117.012	0	1058506	standard_tone	sapo_emerge	standard	n/a	n/a	n/a	n/a	n/a
2118.028	0	1059014	oddball_tone	sapo_emerge	oddball	n/a	n/a	n/a	n/a	n/a
2119.028	0	1059514	distractor_noise	sapo_emerge	distractor	n/a	n/a	n/a	n/a	n/a
2120.042	0	1060021	standard_tone	sapo_emerge	standard	n/a	n/a	n/a	n/a	n/a
2121.058	0	1060529	standard_tone	sapo_emerge	standard	n/a	n/a	n/a	n/a	n/a
2122.074	0	1061037	standard_tone	sapo_emerge	standard	n/a	n/a	n/a	n/a	n/a
2123.090	0	1061545	standard_tone	sapo_emerge	standard	n/a	n/a	n/a	n/a	n/a
2124.090	0	1062045	standard_tone	sapo_emerge	standard	n/a	n/a	n/a	n/a	n/a
2125.106	0	1062553	standard_tone	sapo_emerge	standard	n/a	n/a	n/a	n/a	n/a
2126.122	0	1063061	standard_tone	sapo_emerge	standard	n/a	n/a	n/a	n/a	n/a
2127.138	0	1063569	distractor_noise	sapo_emerge	distractor	n/a	n/a	n/a	n/a	n/a
2128.136	0	1064068	standard_tone	sapo_emerge	standard	n/a	n/a	n/a	n/a	n/a
2129.152	0	1064576	standard_tone	sapo_emerge	standard	n/a	n/a	n/a	n/a	n/a
2130.168	0	1065084	distractor_noise	sapo_emerge	distractor	n/a	n/a	n/a	n/a	n/a
2131.168	0	1065584	standard_tone	sapo_emerge	standard	n/a	n/a	n/a	n/a	n/a
2132.182	0	1066091	standard_tone	sapo_emerge	standard	n/a	n/a	n/a	n/a	n/a
2133.198	0	1066599	oddball_tone	sapo_emerge	oddball	n/a	n/a	n/a	n/a	n/a
2134.214	0	1067107	standard_tone	sapo_emerge	standard	n/a	n/a	n/a	n/a	n/a
2135.230	0	1067615	standard_tone	sapo_emerge	standard	n/a	n/a	n/a	n/a	n/a
2136.246	0	1068123	standard_tone	sapo_emerge	standard	n/a	n/a	n/a	n/a	n/a
2137.262	0	1068631	oddball_tone	sapo_emerge	oddball	n/a	n/a	n/a	n/a	n/a
2138.278	0	1069139	standard_tone	sapo_emerge	standard	n/a	n/a	n/a	n/a	n/a
2139.294	0	1069647	standard_tone	sapo_emerge	standard	n/a	n/a	n/a	n/a	n/a
2140.308	0	1070154	standard_tone	sapo_emerge	standard	n/a	n/a	n/a	n/a	n/a
2141.308	0	1070654	standard_tone	sapo_emerge	standard	n/a	n/a	n/a	n/a	n/a
2142.324	0	1071162	standard_tone	sapo_emerge	standard	n/a	n/a	n/a	n/a	n/a
2143.340	0	1071670	standard_tone	sapo_emerge	standard	n/a	n/a	n/a	n/a	n/a
2144.356	0	1072178	standard_tone	sapo_emerge	standard	n/a	n/a	n/a	n/a	n/a
2145.372	0	1072686	standard_tone	sapo_emerge	standard	n/a	n/a	n/a	n/a	n/a
2146.388	0	1073194	standard_tone	sapo_emerge	standard	n/a	n/a	n/a	n/a	n/a
2147.404	0	1073702	standard_tone	sapo_emerge	standard	n/a	n/a	n/a	n/a	n/a
2148.420	0	1074210	standard_tone	sapo_emerge	standard	n/a	n/a	n/a	n/a	n/a
2149.436	0	1074718	standard_tone	sapo_emerge	standard	n/a	n/a	n/a	n/a	n/a
2150.452	0	1075226	standard_tone	sapo_emerge	standard	n/a	n/a	n/a	n/a	n/a
2151.468	0	1075734	distractor_noise	sapo_emerge	distractor	n/a	n/a	n/a	n/a	n/a
2152.482	0	1076241	standard_tone	sapo_emerge	standard	n/a	n/a	n/a	n/a	n/a
2153.498	0	1076749	standard_tone	sapo_emerge	standard	n/a	n/a	n/a	n/a	n/a
2154.514	0	1077257	standard_tone	sapo_emerge	standard	n/a	n/a	n/a	n/a	n/a
2155.530	0	1077765	standard_tone	sapo_emerge	standard	n/a	n/a	n/a	n/a	n/a
2156.546	0	1078273	standard_tone	sapo_emerge	standard	n/a	n/a	n/a	n/a	n/a
2157.562	0	1078781	standard_tone	sapo_emerge	standard	n/a	n/a	n/a	n/a	n/a
2158.578	0	1079289	standard_tone	sapo_emerge	standard	n/a	n/a	n/a	n/a	n/a
2158.962	0	1079481	clicker_press	sapo_emerge	response-received-arrow_up	n/a	n/a	n/a	n/a	arrow_up
2158.994	0	1079497	report_window_begin	sapo_emerge	emerge-sapo-emerge-begin	n/a	n/a	n/a	n/a	n/a
2160.044	0	1080022	clicker_press	sapo_emerge	response-received-arrow_up	n/a	n/a	n/a	n/a	arrow_up
2160.894	0	1080447	clicker_press	sapo_emerge	response-received-arrow_up	n/a	n/a	n/a	n/a	arrow_up
2163.008	0	1081504	depth_rating	sapo_emerge	rating-sapo-emerge-meditation_depth-3	3	n/a	n/a	n/a	n/a
2170.786	0	1085393	clicker_press	sapo_emerge	response-received-arrow_up	n/a	n/a	n/a	n/a	arrow_up
2171.484	0	1085742	clicker_press	sapo_emerge	response-received-arrow_up	n/a	n/a	n/a	n/a	arrow_up
2172.286	0	1086143	clicker_press	sapo_emerge	response-received-arrow_up	n/a	n/a	n/a	n/a	arrow_up
2173.032	0	1086516	clicker_press	sapo_emerge	response-received-arrow_up	n/a	n/a	n/a	n/a	arrow_up
2173.034	0	1086517	confidence_rating	sapo_emerge	rating-sapo-emerge-confidence_depth-4	n/a	4	n/a	n/a	n/a
2176.530	0	1088265	report_window_end	sapo_emerge	emerge-sapo-emerge-end	n/a	n/a	n/a	n/a	n/a
2176.530	0	1088265	subblock_begin	sapo_emerge	subblock-begin	n/a	n/a	n/a	n/a	n/a
2176.532	0	1088266	silence_begin	sapo_emerge	silence-begin	n/a	n/a	n/a	n/a	n/a
2176.546	0	1088273	standard_tone	sapo_emerge	standard	n/a	n/a	n/a	n/a	n/a
2177.546	0	1088773	standard_tone	sapo_emerge	standard	n/a	n/a	n/a	n/a	n/a
2178.562	0	1089281	standard_tone	sapo_emerge	standard	n/a	n/a	n/a	n/a	n/a
2179.578	0	1089789	standard_tone	sapo_emerge	standard	n/a	n/a	n/a	n/a	n/a
2180.594	0	1090297	standard_tone	sapo_emerge	standard	n/a	n/a	n/a	n/a	n/a
2181.608	0	1090804	oddball_tone	sapo_emerge	oddball	n/a	n/a	n/a	n/a	n/a
2182.608	0	1091304	standard_tone	sapo_emerge	standard	n/a	n/a	n/a	n/a	n/a
2183.624	0	1091812	standard_tone	sapo_emerge	standard	n/a	n/a	n/a	n/a	n/a
2184.640	0	1092320	standard_tone	sapo_emerge	standard	n/a	n/a	n/a	n/a	n/a
2185.656	0	1092828	standard_tone	sapo_emerge	standard	n/a	n/a	n/a	n/a	n/a
2186.672	0	1093336	standard_tone	sapo_emerge	standard	n/a	n/a	n/a	n/a	n/a
2187.686	0	1093843	standard_tone	sapo_emerge	standard	n/a	n/a	n/a	n/a	n/a
2188.704	0	1094352	standard_tone	sapo_emerge	standard	n/a	n/a	n/a	n/a	n/a
2189.718	0	1094859	standard_tone	sapo_emerge	standard	n/a	n/a	n/a	n/a	n/a
2190.734	0	1095367	distractor_noise	sapo_emerge	distractor	n/a	n/a	n/a	n/a	n/a
2191.750	0	1095875	standard_tone	sapo_emerge	standard	n/a	n/a	n/a	n/a	n/a
2192.766	0	1096383	standard_tone	sapo_emerge	standard	n/a	n/a	n/a	n/a	n/a
2193.766	0	1096883	oddball_tone	sapo_emerge	oddball	n/a	n/a	n/a	n/a	n/a
2194.780	0	1097390	standard_tone	sapo_emerge	standard	n/a	n/a	n/a	n/a	n/a
2195.796	0	1097898	standard_tone	sapo_emerge	standard	n/a	n/a	n/a	n/a	n/a
2196.812	0	1098406	standard_tone	sapo_emerge	standard	n/a	n/a	n/a	n/a	n/a
2197.828	0	1098914	standard_tone	sapo_emerge	standard	n/a	n/a	n/a	n/a	n/a
2198.844	0	1099422	standard_tone	sapo_emerge	standard	n/a	n/a	n/a	n/a	n/a
2199.860	0	1099930	standard_tone	sapo_emerge	standard	n/a	n/a	n/a	n/a	n/a
2200.876	0	1100438	standard_tone	sapo_emerge	standard	n/a	n/a	n/a	n/a	n/a
2201.892	0	1100946	distractor_noise	sapo_emerge	distractor	n/a	n/a	n/a	n/a	n/a
2202.908	0	1101454	standard_tone	sapo_emerge	standard	n/a	n/a	n/a	n/a	n/a
2203.924	0	1101962	standard_tone	sapo_emerge	standard	n/a	n/a	n/a	n/a	n/a
2204.922	0	1102461	standard_tone	sapo_emerge	standard	n/a	n/a	n/a	n/a	n/a
2205.938	0	1102969	standard_tone	sapo_emerge	standard	n/a	n/a	n/a	n/a	n/a
2206.954	0	1103477	standard_tone	sapo_emerge	standard	n/a	n/a	n/a	n/a	n/a
2207.954	0	1103977	distractor_noise	sapo_emerge	distractor	n/a	n/a	n/a	n/a	n/a
2208.970	0	1104485	standard_tone	sapo_emerge	standard	n/a	n/a	n/a	n/a	n/a
2209.986	0	1104993	standard_tone	sapo_emerge	standard	n/a	n/a	n/a	n/a	n/a
2211.002	0	1105501	standard_tone	sapo_emerge	standard	n/a	n/a	n/a	n/a	n/a
2212.018	0	1106009	distractor_noise	sapo_emerge	distractor	n/a	n/a	n/a	n/a	n/a
2213.032	0	1106516	standard_tone	sapo_emerge	standard	n/a	n/a	n/a	n/a	n/a
2214.048	0	1107024	standard_tone	sapo_emerge	standard	n/a	n/a	n/a	n/a	n/a
2215.064	0	1107532	standard_tone	sapo_emerge	standard	n/a	n/a	n/a	n/a	n/a
2216.080	0	1108040	standard_tone	sapo_emerge	standard	n/a	n/a	n/a	n/a	n/a
2217.096	0	1108548	standard_tone	sapo_emerge	standard	n/a	n/a	n/a	n/a	n/a
2218.112	0	1109056	standard_tone	sapo_emerge	standard	n/a	n/a	n/a	n/a	n/a
2219.128	0	1109564	standard_tone	sapo_emerge	standard	n/a	n/a	n/a	n/a	n/a
2220.144	0	1110072	standard_tone	sapo_emerge	standard	n/a	n/a	n/a	n/a	n/a
2221.160	0	1110580	standard_tone	sapo_emerge	standard	n/a	n/a	n/a	n/a	n/a
2222.174	0	1111087	standard_tone	sapo_emerge	standard	n/a	n/a	n/a	n/a	n/a
2223.190	0	1111595	standard_tone	sapo_emerge	standard	n/a	n/a	n/a	n/a	n/a
2224.190	0	1112095	standard_tone	sapo_emerge	standard	n/a	n/a	n/a	n/a	n/a
2225.206	0	1112603	standard_tone	sapo_emerge	standard	n/a	n/a	n/a	n/a	n/a
2226.222	0	1113111	distractor_noise	sapo_emerge	distractor	n/a	n/a	n/a	n/a	n/a
2227.238	0	1113619	standard_tone	sapo_emerge	standard	n/a	n/a	n/a	n/a	n/a
2228.254	0	1114127	standard_tone	sapo_emerge	standard	n/a	n/a	n/a	n/a	n/a
2229.270	0	1114635	standard_tone	sapo_emerge	standard	n/a	n/a	n/a	n/a	n/a
2230.284	0	1115142	standard_tone	sapo_emerge	standard	n/a	n/a	n/a	n/a	n/a
2231.302	0	1115651	standard_tone	sapo_emerge	standard	n/a	n/a	n/a	n/a	n/a
2232.316	0	1116158	standard_tone	sapo_emerge	standard	n/a	n/a	n/a	n/a	n/a
2233.332	0	1116666	standard_tone	sapo_emerge	standard	n/a	n/a	n/a	n/a	n/a
2234.348	0	1117174	oddball_tone	sapo_emerge	oddball	n/a	n/a	n/a	n/a	n/a
2235.364	0	1117682	distractor_noise	sapo_emerge	distractor	n/a	n/a	n/a	n/a	n/a
2236.380	0	1118190	standard_tone	sapo_emerge	standard	n/a	n/a	n/a	n/a	n/a
2237.396	0	1118698	standard_tone	sapo_emerge	standard	n/a	n/a	n/a	n/a	n/a
2238.440	0	1119220	oddball_tone	sapo_emerge	oddball	n/a	n/a	n/a	n/a	n/a
2239.444	0	1119722	distractor_noise	sapo_emerge	distractor	n/a	n/a	n/a	n/a	n/a
2240.460	0	1120230	standard_tone	sapo_emerge	standard	n/a	n/a	n/a	n/a	n/a
2241.476	0	1120738	oddball_tone	sapo_emerge	oddball	n/a	n/a	n/a	n/a	n/a
2242.492	0	1121246	standard_tone	sapo_emerge	standard	n/a	n/a	n/a	n/a	n/a
2243.508	0	1121754	standard_tone	sapo_emerge	standard	n/a	n/a	n/a	n/a	n/a
2244.524	0	1122262	standard_tone	sapo_emerge	standard	n/a	n/a	n/a	n/a	n/a
2245.540	0	1122770	oddball_tone	sapo_emerge	oddball	n/a	n/a	n/a	n/a	n/a
2246.556	0	1123278	standard_tone	sapo_emerge	standard	n/a	n/a	n/a	n/a	n/a
2247.556	0	1123778	oddball_tone	sapo_emerge	oddball	n/a	n/a	n/a	n/a	n/a
2248.570	0	1124285	standard_tone	sapo_emerge	standard	n/a	n/a	n/a	n/a	n/a
2249.586	0	1124793	standard_tone	sapo_emerge	standard	n/a	n/a	n/a	n/a	n/a
2250.602	0	1125301	standard_tone	sapo_emerge	standard	n/a	n/a	n/a	n/a	n/a
2251.602	0	1125801	standard_tone	sapo_emerge	standard	n/a	n/a	n/a	n/a	n/a
2252.616	0	1126308	standard_tone	sapo_emerge	standard	n/a	n/a	n/a	n/a	n/a
2253.632	0	1126816	standard_tone	sapo_emerge	standard	n/a	n/a	n/a	n/a	n/a
2254.648	0	1127324	standard_tone	sapo_emerge	standard	n/a	n/a	n/a	n/a	n/a
2255.664	0	1127832	standard_tone	sapo_emerge	standard	n/a	n/a	n/a	n/a	n/a
2256.680	0	1128340	standard_tone	sapo_emerge	standard	n/a	n/a	n/a	n/a	n/a
2257.696	0	1128848	standard_tone	sapo_emerge	standard	n/a	n/a	n/a	n/a	n/a
2258.712	0	1129356	standard_tone	sapo_emerge	standard	n/a	n/a	n/a	n/a	n/a
2259.728	0	1129864	standard_tone	sapo_emerge	standard	n/a	n/a	n/a	n/a	n/a
2260.728	0	1130364	standard_tone	sapo_emerge	standard	n/a	n/a	n/a	n/a	n/a
2261.742	0	1130871	distractor_noise	sapo_emerge	distractor	n/a	n/a	n/a	n/a	n/a
2262.758	0	1131379	standard_tone	sapo_emerge	standard	n/a	n/a	n/a	n/a	n/a
2263.774	0	1131887	distractor_noise	sapo_emerge	distractor	n/a	n/a	n/a	n/a	n/a
2264.790	0	1132395	standard_tone	sapo_emerge	standard	n/a	n/a	n/a	n/a	n/a
2265.806	0	1132903	standard_tone	sapo_emerge	standard	n/a	n/a	n/a	n/a	n/a
2266.822	0	1133411	standard_tone	sapo_emerge	standard	n/a	n/a	n/a	n/a	n/a
2267.838	0	1133919	standard_tone	sapo_emerge	standard	n/a	n/a	n/a	n/a	n/a
2268.854	0	1134427	standard_tone	sapo_emerge	standard	n/a	n/a	n/a	n/a	n/a
2269.868	0	1134934	standard_tone	sapo_emerge	standard	n/a	n/a	n/a	n/a	n/a
2270.884	0	1135442	standard_tone	sapo_emerge	standard	n/a	n/a	n/a	n/a	n/a
2271.900	0	1135950	standard_tone	sapo_emerge	standard	n/a	n/a	n/a	n/a	n/a
2272.916	0	1136458	standard_tone	sapo_emerge	standard	n/a	n/a	n/a	n/a	n/a
2273.932	0	1136966	standard_tone	sapo_emerge	standard	n/a	n/a	n/a	n/a	n/a
2274.948	0	1137474	standard_tone	sapo_emerge	standard	n/a	n/a	n/a	n/a	n/a
2275.964	0	1137982	oddball_tone	sapo_emerge	oddball	n/a	n/a	n/a	n/a	n/a
2276.980	0	1138490	standard_tone	sapo_emerge	standard	n/a	n/a	n/a	n/a	n/a
2277.996	0	1138998	distractor_noise	sapo_emerge	distractor	n/a	n/a	n/a	n/a	n/a
2279.012	0	1139506	oddball_tone	sapo_emerge	oddball	n/a	n/a	n/a	n/a	n/a
2280.028	0	1140014	standard_tone	sapo_emerge	standard	n/a	n/a	n/a	n/a	n/a
2281.042	0	1140521	standard_tone	sapo_emerge	standard	n/a	n/a	n/a	n/a	n/a
2282.042	0	1141021	standard_tone	sapo_emerge	standard	n/a	n/a	n/a	n/a	n/a
2283.058	0	1141529	standard_tone	sapo_emerge	standard	n/a	n/a	n/a	n/a	n/a
2284.074	0	1142037	standard_tone	sapo_emerge	standard	n/a	n/a	n/a	n/a	n/a
2285.090	0	1142545	standard_tone	sapo_emerge	standard	n/a	n/a	n/a	n/a	n/a
2286.106	0	1143053	standard_tone	sapo_emerge	standard	n/a	n/a	n/a	n/a	n/a
2287.122	0	1143561	standard_tone	sapo_emerge	standard	n/a	n/a	n/a	n/a	n/a
2288.138	0	1144069	standard_tone	sapo_emerge	standard	n/a	n/a	n/a	n/a	n/a
2289.136	0	1144568	standard_tone	sapo_emerge	standard	n/a	n/a	n/a	n/a	n/a
2290.152	0	1145076	standard_tone	sapo_emerge	standard	n/a	n/a	n/a	n/a	n/a
2291.168	0	1145584	standard_tone	sapo_emerge	standard	n/a	n/a	n/a	n/a	n/a
2292.184	0	1146092	distractor_noise	sapo_emerge	distractor	n/a	n/a	n/a	n/a	n/a
2293.200	0	1146600	oddball_tone	sapo_emerge	oddball	n/a	n/a	n/a	n/a	n/a
2294.216	0	1147108	standard_tone	sapo_emerge	standard	n/a	n/a	n/a	n/a	n/a
2295.232	0	1147616	standard_tone	sapo_emerge	standard	n/a	n/a	n/a	n/a	n/a
2295.464	0	1147732	silence_end	sapo_emerge	silence-end	n/a	n/a	n/a	n/a	n/a
2295.498	0	1147749	gong_begin	sapo_emerge	gong-begin	n/a	n/a	n/a	n/a	n/a
2296.248	0	1148124	standard_tone	sapo_emerge	standard	n/a	n/a	n/a	n/a	n/a
2297.264	0	1148632	standard_tone	sapo_emerge	standard	n/a	n/a	n/a	n/a	n/a
2298.278	0	1149139	standard_tone	sapo_emerge	standard	n/a	n/a	n/a	n/a	n/a
2299.294	0	1149647	standard_tone	sapo_emerge	standard	n/a	n/a	n/a	n/a	n/a
2300.310	0	1150155	standard_tone	sapo_emerge	standard	n/a	n/a	n/a	n/a	n/a
2301.326	0	1150663	standard_tone	sapo_emerge	standard	n/a	n/a	n/a	n/a	n/a
2302.342	0	1151171	standard_tone	sapo_emerge	standard	n/a	n/a	n/a	n/a	n/a
2303.358	0	1151679	standard_tone	sapo_emerge	standard	n/a	n/a	n/a	n/a	n/a
2304.374	0	1152187	oddball_tone	sapo_emerge	oddball	n/a	n/a	n/a	n/a	n/a
2305.390	0	1152695	standard_tone	sapo_emerge	standard	n/a	n/a	n/a	n/a	n/a
2305.472	0	1152736	gong_end	sapo_emerge	gong-end	n/a	n/a	n/a	n/a	n/a
2305.474	0	1152737	subblock_end	sapo_emerge	subblock-end-duration-128.942	n/a	n/a	n/a	128.942	n/a
2305.474	0	1152737	subblock_begin	sapo_emerge	subblock-begin	n/a	n/a	n/a	n/a	n/a
2305.474	0	1152737	silence_begin	sapo_emerge	silence-begin	n/a	n/a	n/a	n/a	n/a
2306.406	0	1153203	standard_tone	sapo_emerge	standard	n/a	n/a	n/a	n/a	n/a
2307.422	0	1153711	standard_tone	sapo_emerge	standard	n/a	n/a	n/a	n/a	n/a
2308.436	0	1154218	distractor_noise	sapo_emerge	distractor	n/a	n/a	n/a	n/a	n/a
2309.454	0	1154727	oddball_tone	sapo_emerge	oddball	n/a	n/a	n/a	n/a	n/a
2310.468	0	1155234	standard_tone	sapo_emerge	standard	n/a	n/a	n/a	n/a	n/a
2311.484	0	1155742	standard_tone	sapo_emerge	standard	n/a	n/a	n/a	n/a	n/a
2312.500	0	1156250	standard_tone	sapo_emerge	standard	n/a	n/a	n/a	n/a	n/a
2313.516	0	1156758	oddball_tone	sapo_emerge	oddball	n/a	n/a	n/a	n/a	n/a
2314.532	0	1157266	standard_tone	sapo_emerge	standard	n/a	n/a	n/a	n/a	n/a
2315.548	0	1157774	standard_tone	sapo_emerge	standard	n/a	n/a	n/a	n/a	n/a
2316.546	0	1158273	standard_tone	sapo_emerge	standard	n/a	n/a	n/a	n/a	n/a
2317.562	0	1158781	distractor_noise	sapo_emerge	distractor	n/a	n/a	n/a	n/a	n/a
2318.578	0	1159289	standard_tone	sapo_emerge	standard	n/a	n/a	n/a	n/a	n/a
2319.594	0	1159797	standard_tone	sapo_emerge	standard	n/a	n/a	n/a	n/a	n/a
2320.610	0	1160305	distractor_noise	sapo_emerge	distractor	n/a	n/a	n/a	n/a	n/a
2321.626	0	1160813	standard_tone	sapo_emerge	standard	n/a	n/a	n/a	n/a	n/a
2322.642	0	1161321	standard_tone	sapo_emerge	standard	n/a	n/a	n/a	n/a	n/a
2323.658	0	1161829	oddball_tone	sapo_emerge	oddball	n/a	n/a	n/a	n/a	n/a
2324.674	0	1162337	standard_tone	sapo_emerge	standard	n/a	n/a	n/a	n/a	n/a
2325.690	0	1162845	standard_tone	sapo_emerge	standard	n/a	n/a	n/a	n/a	n/a
2326.706	0	1163353	oddball_tone	sapo_emerge	oddball	n/a	n/a	n/a	n/a	n/a
2327.722	0	1163861	standard_tone	sapo_emerge	standard	n/a	n/a	n/a	n/a	n/a
2328.738	0	1164369	standard_tone	sapo_emerge	standard	n/a	n/a	n/a	n/a	n/a
2329.752	0	1164876	standard_tone	sapo_emerge	standard	n/a	n/a	n/a	n/a	n/a
2330.754	0	1165377	standard_tone	sapo_emerge	standard	n/a	n/a	n/a	n/a	n/a
2331.768	0	1165884	oddball_tone	sapo_emerge	oddball	n/a	n/a	n/a	n/a	n/a
2332.784	0	1166392	standard_tone	sapo_emerge	standard	n/a	n/a	n/a	n/a	n/a
2333.800	0	1166900	standard_tone	sapo_emerge	standard	n/a	n/a	n/a	n/a	n/a
2334.034	0	1167017	clicker_press	sapo_emerge	response-received-arrow_up	n/a	n/a	n/a	n/a	arrow_up
2334.100	0	1167050	report_window_begin	sapo_emerge	emerge-sapo-emerge-begin	n/a	n/a	n/a	n/a	n/a
2335.582	0	1167791	clicker_press	sapo_emerge	response-received-arrow_up	n/a	n/a	n/a	n/a	arrow_up
2336.946	0	1168473	clicker_press	sapo_emerge	response-received-arrow_up	n/a	n/a	n/a	n/a	arrow_up
2338.262	0	1169131	depth_rating	sapo_emerge	rating-sapo-emerge-meditation_depth-3	3	n/a	n/a	n/a	n/a
2344.824	0	1172412	clicker_press	sapo_emerge	response-received-arrow_up	n/a	n/a	n/a	n/a	arrow_up
2345.624	0	1172812	clicker_press	sapo_emerge	response-received-arrow_up	n/a	n/a	n/a	n/a	arrow_up
2346.690	0	1173345	clicker_press	sapo_emerge	response-received-arrow_up	n/a	n/a	n/a	n/a	arrow_up
2348.438	0	1174219	confidence_rating	sapo_emerge	rating-sapo-emerge-confidence_depth-3	n/a	3	n/a	n/a	n/a
2351.884	0	1175942	report_window_end	sapo_emerge	emerge-sapo-emerge-end	n/a	n/a	n/a	n/a	n/a
2351.886	0	1175943	subblock_begin	sapo_emerge	subblock-begin	n/a	n/a	n/a	n/a	n/a
2351.886	0	1175943	silence_begin	sapo_emerge	silence-begin	n/a	n/a	n/a	n/a	n/a
2351.902	0	1175951	standard_tone	sapo_emerge	standard	n/a	n/a	n/a	n/a	n/a
2352.918	0	1176459	standard_tone	sapo_emerge	standard	n/a	n/a	n/a	n/a	n/a
2353.934	0	1176967	oddball_tone	sapo_emerge	oddball	n/a	n/a	n/a	n/a	n/a
2354.948	0	1177474	standard_tone	sapo_emerge	standard	n/a	n/a	n/a	n/a	n/a
2355.964	0	1177982	standard_tone	sapo_emerge	standard	n/a	n/a	n/a	n/a	n/a
2356.980	0	1178490	standard_tone	sapo_emerge	standard	n/a	n/a	n/a	n/a	n/a
2357.996	0	1178998	standard_tone	sapo_emerge	standard	n/a	n/a	n/a	n/a	n/a
2359.028	0	1179514	standard_tone	sapo_emerge	standard	n/a	n/a	n/a	n/a	n/a
2360.044	0	1180022	standard_tone	sapo_emerge	standard	n/a	n/a	n/a	n/a	n/a
2361.060	0	1180530	standard_tone	sapo_emerge	standard	n/a	n/a	n/a	n/a	n/a
2362.076	0	1181038	distractor_noise	sapo_emerge	distractor	n/a	n/a	n/a	n/a	n/a
2363.092	0	1181546	standard_tone	sapo_emerge	standard	n/a	n/a	n/a	n/a	n/a
2364.108	0	1182054	standard_tone	sapo_emerge	standard	n/a	n/a	n/a	n/a	n/a
2365.124	0	1182562	standard_tone	sapo_emerge	standard	n/a	n/a	n/a	n/a	n/a
2366.140	0	1183070	standard_tone	sapo_emerge	standard	n/a	n/a	n/a	n/a	n/a
2367.156	0	1183578	oddball_tone	sapo_emerge	oddball	n/a	n/a	n/a	n/a	n/a
2368.170	0	1184085	standard_tone	sapo_emerge	standard	n/a	n/a	n/a	n/a	n/a
2369.186	0	1184593	oddball_tone	sapo_emerge	oddball	n/a	n/a	n/a	n/a	n/a
2370.202	0	1185101	standard_tone	sapo_emerge	standard	n/a	n/a	n/a	n/a	n/a
2371.218	0	1185609	standard_tone	sapo_emerge	standard	n/a	n/a	n/a	n/a	n/a
2372.234	0	1186117	standard_tone	sapo_emerge	standard	n/a	n/a	n/a	n/a	n/a
2373.250	0	1186625	standard_tone	sapo_emerge	standard	n/a	n/a	n/a	n/a	n/a
2374.266	0	1187133	standard_tone	sapo_emerge	standard	n/a	n/a	n/a	n/a	n/a
2375.282	0	1187641	standard_tone	sapo_emerge	standard	n/a	n/a	n/a	n/a	n/a
2376.298	0	1188149	standard_tone	sapo_emerge	standard	n/a	n/a	n/a	n/a	n/a
2377.314	0	1188657	standard_tone	sapo_emerge	standard	n/a	n/a	n/a	n/a	n/a
2378.330	0	1189165	oddball_tone	sapo_emerge	oddball	n/a	n/a	n/a	n/a	n/a
2379.346	0	1189673	standard_tone	sapo_emerge	standard	n/a	n/a	n/a	n/a	n/a
2380.360	0	1190180	standard_tone	sapo_emerge	standard	n/a	n/a	n/a	n/a	n/a
2381.376	0	1190688	standard_tone	sapo_emerge	standard	n/a	n/a	n/a	n/a	n/a
2382.392	0	1191196	standard_tone	sapo_emerge	standard	n/a	n/a	n/a	n/a	n/a
2383.408	0	1191704	standard_tone	sapo_emerge	standard	n/a	n/a	n/a	n/a	n/a
2384.424	0	1192212	oddball_tone	sapo_emerge	oddball	n/a	n/a	n/a	n/a	n/a
2385.440	0	1192720	distractor_noise	sapo_emerge	distractor	n/a	n/a	n/a	n/a	n/a
2386.456	0	1193228	oddball_tone	sapo_emerge	oddball	n/a	n/a	n/a	n/a	n/a
2387.472	0	1193736	standard_tone	sapo_emerge	standard	n/a	n/a	n/a	n/a	n/a
2388.488	0	1194244	standard_tone	sapo_emerge	standard	n/a	n/a	n/a	n/a	n/a
2389.504	0	1194752	standard_tone	sapo_emerge	standard	n/a	n/a	n/a	n/a	n/a
2390.520	0	1195260	distractor_noise	sapo_emerge	distractor	n/a	n/a	n/a	n/a	n/a
2391.534	0	1195767	standard_tone	sapo_emerge	standard	n/a	n/a	n/a	n/a	n/a
2392.534	0	1196267	standard_tone	sapo_emerge	standard	n/a	n/a	n/a	n/a	n/a
2393.550	0	1196775	standard_tone	sapo_emerge	standard	n/a	n/a	n/a	n/a	n/a
2394.566	0	1197283	standard_tone	sapo_emerge	standard	n/a	n/a	n/a	n/a	n/a
2395.582	0	1197791	distractor_noise	sapo_emerge	distractor	n/a	n/a	n/a	n/a	n/a
2396.598	0	1198299	standard_tone	sapo_emerge	standard	n/a	n/a	n/a	n/a	n/a
2397.614	0	1198807	standard_tone	sapo_emerge	standard	n/a	n/a	n/a	n/a	n/a
2398.630	0	1199315	oddball_tone	sapo_emerge	oddball	n/a	n/a	n/a	n/a	n/a
2399.644	0	1199822	standard_tone	sapo_emerge	standard	n/a	n/a	n/a	n/a	n/a
2400.660	0	1200330	standard_tone	sapo_emerge	standard	n/a	n/a	n/a	n/a	n/a
2401.676	0	1200838	distractor_noise	sapo_emerge	distractor	n/a	n/a	n/a	n/a	n/a
2402.692	0	1201346	standard_tone	sapo_emerge	standard	n/a	n/a	n/a	n/a	n/a
2403.708	0	1201854	standard_tone	sapo_emerge	standard	n/a	n/a	n/a	n/a	n/a
2404.158	0	1202079	clicker_press	sapo_emerge	response-received-arrow_up	n/a	n/a	n/a	n/a	arrow_up
2404.342	0	1202171	report_window_begin	sapo_emerge	emerge-sapo-emerge-begin	n/a	n/a	n/a	n/a	n/a
2405.208	0	1202604	clicker_press	sapo_emerge	response-received-arrow_up	n/a	n/a	n/a	n/a	arrow_up
2406.156	0	1203078	clicker_press	sapo_emerge	response-received-arrow_up	n/a	n/a	n/a	n/a	arrow_up
2408.638	0	1204319	depth_rating	sapo_emerge	rating-sapo-emerge-meditation_depth-3	3	n/a	n/a	n/a	n/a
2415.698	0	1207849	clicker_press	sapo_emerge	response-received-arrow_up	n/a	n/a	n/a	n/a	arrow_up
2416.498	0	1208249	clicker_press	sapo_emerge	response-received-arrow_up	n/a	n/a	n/a	n/a	arrow_up
2417.148	0	1208574	clicker_press	sapo_emerge	response-received-arrow_up	n/a	n/a	n/a	n/a	arrow_up
2418.712	0	1209356	confidence_rating	sapo_emerge	rating-sapo-emerge-confidence_depth-3	n/a	3	n/a	n/a	n/a
2422.260	0	1211130	report_window_end	sapo_emerge	emerge-sapo-emerge-end	n/a	n/a	n/a	n/a	n/a
2422.260	0	1211130	subblock_begin	sapo_emerge	subblock-begin	n/a	n/a	n/a	n/a	n/a
2422.260	0	1211130	silence_begin	sapo_emerge	silence-begin	n/a	n/a	n/a	n/a	n/a
2422.260	0	1211130	standard_tone	sapo_emerge	standard	n/a	n/a	n/a	n/a	n/a
2423.276	0	1211638	distractor_noise	sapo_emerge	distractor	n/a	n/a	n/a	n/a	n/a
2424.290	0	1212145	standard_tone	sapo_emerge	standard	n/a	n/a	n/a	n/a	n/a
2425.306	0	1212653	standard_tone	sapo_emerge	standard	n/a	n/a	n/a	n/a	n/a
2426.322	0	1213161	standard_tone	sapo_emerge	standard	n/a	n/a	n/a	n/a	n/a
2427.338	0	1213669	standard_tone	sapo_emerge	standard	n/a	n/a	n/a	n/a	n/a
2428.354	0	1214177	standard_tone	sapo_emerge	standard	n/a	n/a	n/a	n/a	n/a
2429.368	0	1214684	oddball_tone	sapo_emerge	oddball	n/a	n/a	n/a	n/a	n/a
2430.370	0	1215185	standard_tone	sapo_emerge	standard	n/a	n/a	n/a	n/a	n/a
2431.386	0	1215693	standard_tone	sapo_emerge	standard	n/a	n/a	n/a	n/a	n/a
2432.402	0	1216201	standard_tone	sapo_emerge	standard	n/a	n/a	n/a	n/a	n/a
2433.416	0	1216708	standard_tone	sapo_emerge	standard	n/a	n/a	n/a	n/a	n/a
2434.432	0	1217216	oddball_tone	sapo_emerge	oddball	n/a	n/a	n/a	n/a	n/a
2435.448	0	1217724	distractor_noise	sapo_emerge	distractor	n/a	n/a	n/a	n/a	n/a
2436.464	0	1218232	standard_tone	sapo_emerge	standard	n/a	n/a	n/a	n/a	n/a
2437.480	0	1218740	standard_tone	sapo_emerge	standard	n/a	n/a	n/a	n/a	n/a
2438.496	0	1219248	standard_tone	sapo_emerge	standard	n/a	n/a	n/a	n/a	n/a
2439.496	0	1219748	standard_tone	sapo_emerge	standard	n/a	n/a	n/a	n/a	n/a
2440.510	0	1220255	standard_tone	sapo_emerge	standard	n/a	n/a	n/a	n/a	n/a
2441.510	0	1220755	standard_tone	sapo_emerge	standard	n/a	n/a	n/a	n/a	n/a
2442.526	0	1221263	distractor_noise	sapo_emerge	distractor	n/a	n/a	n/a	n/a	n/a
2443.542	0	1221771	standard_tone	sapo_emerge	standard	n/a	n/a	n/a	n/a	n/a
2444.558	0	1222279	oddball_tone	sapo_emerge	oddball	n/a	n/a	n/a	n/a	n/a
2445.574	0	1222787	standard_tone	sapo_emerge	standard	n/a	n/a	n/a	n/a	n/a
2446.590	0	1223295	standard_tone	sapo_emerge	standard	n/a	n/a	n/a	n/a	n/a
2447.604	0	1223802	standard_tone	sapo_emerge	standard	n/a	n/a	n/a	n/a	n/a
2448.604	0	1224302	standard_tone	sapo_emerge	standard	n/a	n/a	n/a	n/a	n/a
2449.620	0	1224810	oddball_tone	sapo_emerge	oddball	n/a	n/a	n/a	n/a	n/a
2450.636	0	1225318	standard_tone	sapo_emerge	standard	n/a	n/a	n/a	n/a	n/a
2451.652	0	1225826	standard_tone	sapo_emerge	standard	n/a	n/a	n/a	n/a	n/a
2452.668	0	1226334	standard_tone	sapo_emerge	standard	n/a	n/a	n/a	n/a	n/a
2453.666	0	1226833	standard_tone	sapo_emerge	standard	n/a	n/a	n/a	n/a	n/a
2454.682	0	1227341	oddball_tone	sapo_emerge	oddball	n/a	n/a	n/a	n/a	n/a
2455.698	0	1227849	standard_tone	sapo_emerge	standard	n/a	n/a	n/a	n/a	n/a
2456.716	0	1228358	standard_tone	sapo_emerge	standard	n/a	n/a	n/a	n/a	n/a
2457.730	0	1228865	standard_tone	sapo_emerge	standard	n/a	n/a	n/a	n/a	n/a
2458.746	0	1229373	distractor_noise	sapo_emerge	distractor	n/a	n/a	n/a	n/a	n/a
2459.762	0	1229881	standard_tone	sapo_emerge	standard	n/a	n/a	n/a	n/a	n/a
2460.778	0	1230389	standard_tone	sapo_emerge	standard	n/a	n/a	n/a	n/a	n/a
2461.794	0	1230897	distractor_noise	sapo_emerge	distractor	n/a	n/a	n/a	n/a	n/a
2462.810	0	1231405	oddball_tone	sapo_emerge	oddball	n/a	n/a	n/a	n/a	n/a
2463.826	0	1231913	standard_tone	sapo_emerge	standard	n/a	n/a	n/a	n/a	n/a
2464.840	0	1232420	distractor_noise	sapo_emerge	distractor	n/a	n/a	n/a	n/a	n/a
2465.840	0	1232920	standard_tone	sapo_emerge	standard	n/a	n/a	n/a	n/a	n/a
2466.856	0	1233428	standard_tone	sapo_emerge	standard	n/a	n/a	n/a	n/a	n/a
2467.872	0	1233936	standard_tone	sapo_emerge	standard	n/a	n/a	n/a	n/a	n/a
2468.872	0	1234436	standard_tone	sapo_emerge	standard	n/a	n/a	n/a	n/a	n/a
2469.886	0	1234943	standard_tone	sapo_emerge	standard	n/a	n/a	n/a	n/a	n/a
2470.902	0	1235451	oddball_tone	sapo_emerge	oddball	n/a	n/a	n/a	n/a	n/a
2471.902	0	1235951	standard_tone	sapo_emerge	standard	n/a	n/a	n/a	n/a	n/a
2472.918	0	1236459	standard_tone	sapo_emerge	standard	n/a	n/a	n/a	n/a	n/a
2473.934	0	1236967	standard_tone	sapo_emerge	standard	n/a	n/a	n/a	n/a	n/a
2474.950	0	1237475	standard_tone	sapo_emerge	standard	n/a	n/a	n/a	n/a	n/a
2475.964	0	1237982	oddball_tone	sapo_emerge	oddball	n/a	n/a	n/a	n/a	n/a
2476.964	0	1238482	distractor_noise	sapo_emerge	distractor	n/a	n/a	n/a	n/a	n/a
2477.980	0	1238990	standard_tone	sapo_emerge	standard	n/a	n/a	n/a	n/a	n/a
2478.996	0	1239498	standard_tone	sapo_emerge	standard	n/a	n/a	n/a	n/a	n/a
2480.012	0	1240006	standard_tone	sapo_emerge	standard	n/a	n/a	n/a	n/a	n/a
2481.028	0	1240514	standard_tone	sapo_emerge	standard	n/a	n/a	n/a	n/a	n/a
2482.044	0	1241022	standard_tone	sapo_emerge	standard	n/a	n/a	n/a	n/a	n/a
2483.042	0	1241521	standard_tone	sapo_emerge	standard	n/a	n/a	n/a	n/a	n/a
2484.058	0	1242029	standard_tone	sapo_emerge	standard	n/a	n/a	n/a	n/a	n/a
2485.058	0	1242529	standard_tone	sapo_emerge	standard	n/a	n/a	n/a	n/a	n/a
2486.074	0	1243037	distractor_noise	sapo_emerge	distractor	n/a	n/a	n/a	n/a	n/a
2487.090	0	1243545	standard_tone	sapo_emerge	standard	n/a	n/a	n/a	n/a	n/a
2488.104	0	1244052	standard_tone	sapo_emerge	standard	n/a	n/a	n/a	n/a	n/a
2489.104	0	1244552	standard_tone	sapo_emerge	standard	n/a	n/a	n/a	n/a	n/a
2490.120	0	1245060	distractor_noise	sapo_emerge	distractor	n/a	n/a	n/a	n/a	n/a
2491.136	0	1245568	standard_tone	sapo_emerge	standard	n/a	n/a	n/a	n/a	n/a
2492.152	0	1246076	standard_tone	sapo_emerge	standard	n/a	n/a	n/a	n/a	n/a
2493.166	0	1246583	standard_tone	sapo_emerge	standard	n/a	n/a	n/a	n/a	n/a
2494.166	0	1247083	standard_tone	sapo_emerge	standard	n/a	n/a	n/a	n/a	n/a
2495.182	0	1247591	distractor_noise	sapo_emerge	distractor	n/a	n/a	n/a	n/a	n/a
2496.198	0	1248099	standard_tone	sapo_emerge	standard	n/a	n/a	n/a	n/a	n/a
2497.214	0	1248607	standard_tone	sapo_emerge	standard	n/a	n/a	n/a	n/a	n/a
2498.230	0	1249115	standard_tone	sapo_emerge	standard	n/a	n/a	n/a	n/a	n/a
2499.246	0	1249623	standard_tone	sapo_emerge	standard	n/a	n/a	n/a	n/a	n/a
2500.262	0	1250131	standard_tone	sapo_emerge	standard	n/a	n/a	n/a	n/a	n/a
2501.278	0	1250639	standard_tone	sapo_emerge	standard	n/a	n/a	n/a	n/a	n/a
2502.294	0	1251147	oddball_tone	sapo_emerge	oddball	n/a	n/a	n/a	n/a	n/a
2503.310	0	1251655	standard_tone	sapo_emerge	standard	n/a	n/a	n/a	n/a	n/a
2504.324	0	1252162	standard_tone	sapo_emerge	standard	n/a	n/a	n/a	n/a	n/a
2505.340	0	1252670	standard_tone	sapo_emerge	standard	n/a	n/a	n/a	n/a	n/a
2506.356	0	1253178	standard_tone	sapo_emerge	standard	n/a	n/a	n/a	n/a	n/a
2507.372	0	1253686	standard_tone	sapo_emerge	standard	n/a	n/a	n/a	n/a	n/a
2508.388	0	1254194	standard_tone	sapo_emerge	standard	n/a	n/a	n/a	n/a	n/a
2509.404	0	1254702	standard_tone	sapo_emerge	standard	n/a	n/a	n/a	n/a	n/a
2510.404	0	1255202	standard_tone	sapo_emerge	standard	n/a	n/a	n/a	n/a	n/a
2511.418	0	1255709	standard_tone	sapo_emerge	standard	n/a	n/a	n/a	n/a	n/a
2512.434	0	1256217	standard_tone	sapo_emerge	standard	n/a	n/a	n/a	n/a	n/a
2513.434	0	1256717	distractor_noise	sapo_emerge	distractor	n/a	n/a	n/a	n/a	n/a
2514.450	0	1257225	standard_tone	sapo_emerge	standard	n/a	n/a	n/a	n/a	n/a
2515.466	0	1257733	distractor_noise	sapo_emerge	distractor	n/a	n/a	n/a	n/a	n/a
2516.482	0	1258241	standard_tone	sapo_emerge	standard	n/a	n/a	n/a	n/a	n/a
2517.498	0	1258749	standard_tone	sapo_emerge	standard	n/a	n/a	n/a	n/a	n/a
2518.514	0	1259257	standard_tone	sapo_emerge	standard	n/a	n/a	n/a	n/a	n/a
2519.528	0	1259764	standard_tone	sapo_emerge	standard	n/a	n/a	n/a	n/a	n/a
2520.544	0	1260272	standard_tone	sapo_emerge	standard	n/a	n/a	n/a	n/a	n/a
2521.560	0	1260780	standard_tone	sapo_emerge	standard	n/a	n/a	n/a	n/a	n/a
2522.576	0	1261288	standard_tone	sapo_emerge	standard	n/a	n/a	n/a	n/a	n/a
2523.592	0	1261796	standard_tone	sapo_emerge	standard	n/a	n/a	n/a	n/a	n/a
2524.608	0	1262304	oddball_tone	sapo_emerge	oddball	n/a	n/a	n/a	n/a	n/a
2525.624	0	1262812	standard_tone	sapo_emerge	standard	n/a	n/a	n/a	n/a	n/a
2526.274	0	1263137	silence_end	sapo_emerge	silence-end	n/a	n/a	n/a	n/a	n/a
2526.274	0	1263137	gong_begin	sapo_emerge	gong-begin	n/a	n/a	n/a	n/a	n/a
2526.640	0	1263320	standard_tone	sapo_emerge	standard	n/a	n/a	n/a	n/a	n/a
2527.656	0	1263828	standard_tone	sapo_emerge	standard	n/a	n/a	n/a	n/a	n/a
2528.670	0	1264335	oddball_tone	sapo_emerge	oddball	n/a	n/a	n/a	n/a	n/a
2529.670	0	1264835	standard_tone	sapo_emerge	standard	n/a	n/a	n/a	n/a	n/a
2530.686	0	1265343	standard_tone	sapo_emerge	standard	n/a	n/a	n/a	n/a	n/a
2531.702	0	1265851	standard_tone	sapo_emerge	standard	n/a	n/a	n/a	n/a	n/a
2532.718	0	1266359	standard_tone	sapo_emerge	standard	n/a	n/a	n/a	n/a	n/a
2533.734	0	1266867	standard_tone	sapo_emerge	standard	n/a	n/a	n/a	n/a	n/a
2534.750	0	1267375	distractor_noise	sapo_emerge	distractor	n/a	n/a	n/a	n/a	n/a
2535.766	0	1267883	standard_tone	sapo_emerge	standard	n/a	n/a	n/a	n/a	n/a
2536.366	0	1268183	gong_end	sapo_emerge	gong-end	n/a	n/a	n/a	n/a	n/a
2536.366	0	1268183	subblock_end	sapo_emerge	subblock-end-duration-114.106	n/a	n/a	n/a	114.106	n/a
2536.366	0	1268183	subblock_begin	sapo_emerge	subblock-begin	n/a	n/a	n/a	n/a	n/a
2536.366	0	1268183	silence_begin	sapo_emerge	silence-begin	n/a	n/a	n/a	n/a	n/a
2536.782	0	1268391	standard_tone	sapo_emerge	standard	n/a	n/a	n/a	n/a	n/a
2537.798	0	1268899	standard_tone	sapo_emerge	standard	n/a	n/a	n/a	n/a	n/a
2538.812	0	1269406	oddball_tone	sapo_emerge	oddball	n/a	n/a	n/a	n/a	n/a
2539.828	0	1269914	distractor_noise	sapo_emerge	distractor	n/a	n/a	n/a	n/a	n/a
2540.844	0	1270422	standard_tone	sapo_emerge	standard	n/a	n/a	n/a	n/a	n/a
2541.860	0	1270930	standard_tone	sapo_emerge	standard	n/a	n/a	n/a	n/a	n/a
2542.860	0	1271430	standard_tone	sapo_emerge	standard	n/a	n/a	n/a	n/a	n/a
2543.876	0	1271938	oddball_tone	sapo_emerge	oddball	n/a	n/a	n/a	n/a	n/a
2544.892	0	1272446	standard_tone	sapo_emerge	standard	n/a	n/a	n/a	n/a	n/a
2545.908	0	1272954	standard_tone	sapo_emerge	standard	n/a	n/a	n/a	n/a	n/a
2546.922	0	1273461	standard_tone	sapo_emerge	standard	n/a	n/a	n/a	n/a	n/a
2547.938	0	1273969	oddball_tone	sapo_emerge	oddball	n/a	n/a	n/a	n/a	n/a
2548.954	0	1274477	standard_tone	sapo_emerge	standard	n/a	n/a	n/a	n/a	n/a
2549.970	0	1274985	oddball_tone	sapo_emerge	oddball	n/a	n/a	n/a	n/a	n/a
2550.986	0	1275493	distractor_noise	sapo_emerge	distractor	n/a	n/a	n/a	n/a	n/a
2552.002	0	1276001	standard_tone	sapo_emerge	standard	n/a	n/a	n/a	n/a	n/a
2552.086	0	1276043	clicker_press	sapo_emerge	response-received-arrow_up	n/a	n/a	n/a	n/a	arrow_up
2552.118	0	1276059	report_window_begin	sapo_emerge	emerge-sapo-emerge-begin	n/a	n/a	n/a	n/a	n/a
2552.952	0	1276476	clicker_press	sapo_emerge	response-received-arrow_up	n/a	n/a	n/a	n/a	arrow_up
2556.132	0	1278066	depth_rating	sapo_emerge	rating-sapo-emerge-meditation_depth-2	2	n/a	n/a	n/a	n/a
2563.228	0	1281614	clicker_press	sapo_emerge	response-received-arrow_up	n/a	n/a	n/a	n/a	arrow_up
2563.942	0	1281971	clicker_press	sapo_emerge	response-received-arrow_up	n/a	n/a	n/a	n/a	arrow_up
2564.726	0	1282363	clicker_press	sapo_emerge	response-received-arrow_up	n/a	n/a	n/a	n/a	arrow_up
2565.824	0	1282912	clicker_press	sapo_emerge	response-received-arrow_up	n/a	n/a	n/a	n/a	arrow_up
2566.190	0	1283095	confidence_rating	sapo_emerge	rating-sapo-emerge-confidence_depth-4	n/a	4	n/a	n/a	n/a
2569.654	0	1284827	report_window_end	sapo_emerge	emerge-sapo-emerge-end	n/a	n/a	n/a	n/a	n/a
2569.656	0	1284828	subblock_begin	sapo_emerge	subblock-begin	n/a	n/a	n/a	n/a	n/a
2569.656	0	1284828	silence_begin	sapo_emerge	silence-begin	n/a	n/a	n/a	n/a	n/a
2569.670	0	1284835	standard_tone	sapo_emerge	standard	n/a	n/a	n/a	n/a	n/a
2570.688	0	1285344	standard_tone	sapo_emerge	standard	n/a	n/a	n/a	n/a	n/a
2571.702	0	1285851	standard_tone	sapo_emerge	standard	n/a	n/a	n/a	n/a	n/a
2572.718	0	1286359	standard_tone	sapo_emerge	standard	n/a	n/a	n/a	n/a	n/a
2573.734	0	1286867	standard_tone	sapo_emerge	standard	n/a	n/a	n/a	n/a	n/a
2574.750	0	1287375	standard_tone	sapo_emerge	standard	n/a	n/a	n/a	n/a	n/a
2575.766	0	1287883	standard_tone	sapo_emerge	standard	n/a	n/a	n/a	n/a	n/a
2576.782	0	1288391	standard_tone	sapo_emerge	standard	n/a	n/a	n/a	n/a	n/a
2577.798	0	1288899	standard_tone	sapo_emerge	standard	n/a	n/a	n/a	n/a	n/a
2578.812	0	1289406	standard_tone	sapo_emerge	standard	n/a	n/a	n/a	n/a	n/a
2579.830	0	1289915	standard_tone	sapo_emerge	standard	n/a	n/a	n/a	n/a	n/a
2580.844	0	1290422	standard_tone	sapo_emerge	standard	n/a	n/a	n/a	n/a	n/a
2581.860	0	1290930	standard_tone	sapo_emerge	standard	n/a	n/a	n/a	n/a	n/a
2582.876	0	1291438	distractor_noise	sapo_emerge	distractor	n/a	n/a	n/a	n/a	n/a
2583.892	0	1291946	standard_tone	sapo_emerge	standard	n/a	n/a	n/a	n/a	n/a
2584.908	0	1292454	standard_tone	sapo_emerge	standard	n/a	n/a	n/a	n/a	n/a
2585.924	0	1292962	standard_tone	sapo_emerge	standard	n/a	n/a	n/a	n/a	n/a
2586.940	0	1293470	standard_tone	sapo_emerge	standard	n/a	n/a	n/a	n/a	n/a
2587.956	0	1293978	oddball_tone	sapo_emerge	oddball	n/a	n/a	n/a	n/a	n/a
2588.972	0	1294486	standard_tone	sapo_emerge	standard	n/a	n/a	n/a	n/a	n/a
2589.988	0	1294994	distractor_noise	sapo_emerge	distractor	n/a	n/a	n/a	n/a	n/a
2591.004	0	1295502	standard_tone	sapo_emerge	standard	n/a	n/a	n/a	n/a	n/a
2592.018	0	1296009	distractor_noise	sapo_emerge	distractor	n/a	n/a	n/a	n/a	n/a
2593.034	0	1296517	standard_tone	sapo_emerge	standard	n/a	n/a	n/a	n/a	n/a
2594.050	0	1297025	standard_tone	sapo_emerge	standard	n/a	n/a	n/a	n/a	n/a
2595.066	0	1297533	standard_tone	sapo_emerge	standard	n/a	n/a	n/a	n/a	n/a
2596.082	0	1298041	standard_tone	sapo_emerge	standard	n/a	n/a	n/a	n/a	n/a
2597.082	0	1298541	distractor_noise	sapo_emerge	distractor	n/a	n/a	n/a	n/a	n/a
2598.096	0	1299048	standard_tone	sapo_emerge	standard	n/a	n/a	n/a	n/a	n/a
2599.096	0	1299548	standard_tone	sapo_emerge	standard	n/a	n/a	n/a	n/a	n/a
2600.112	0	1300056	standard_tone	sapo_emerge	standard	n/a	n/a	n/a	n/a	n/a
2601.128	0	1300564	standard_tone	sapo_emerge	standard	n/a	n/a	n/a	n/a	n/a
2602.144	0	1301072	standard_tone	sapo_emerge	standard	n/a	n/a	n/a	n/a	n/a
2603.160	0	1301580	standard_tone	sapo_emerge	standard	n/a	n/a	n/a	n/a	n/a
2604.176	0	1302088	standard_tone	sapo_emerge	standard	n/a	n/a	n/a	n/a	n/a
2605.192	0	1302596	oddball_tone	sapo_emerge	oddball	n/a	n/a	n/a	n/a	n/a
2606.208	0	1303104	standard_tone	sapo_emerge	standard	n/a	n/a	n/a	n/a	n/a
2607.222	0	1303611	standard_tone	sapo_emerge	standard	n/a	n/a	n/a	n/a	n/a
2608.222	0	1304111	standard_tone	sapo_emerge	standard	n/a	n/a	n/a	n/a	n/a
2609.238	0	1304619	oddball_tone	sapo_emerge	oddball	n/a	n/a	n/a	n/a	n/a
2610.254	0	1305127	standard_tone	sapo_emerge	standard	n/a	n/a	n/a	n/a	n/a
2611.270	0	1305635	standard_tone	sapo_emerge	standard	n/a	n/a	n/a	n/a	n/a
2612.270	0	1306135	standard_tone	sapo_emerge	standard	n/a	n/a	n/a	n/a	n/a
2613.284	0	1306642	standard_tone	sapo_emerge	standard	n/a	n/a	n/a	n/a	n/a
2614.300	0	1307150	standard_tone	sapo_emerge	standard	n/a	n/a	n/a	n/a	n/a
2615.318	0	1307659	standard_tone	sapo_emerge	standard	n/a	n/a	n/a	n/a	n/a
2616.332	0	1308166	distractor_noise	sapo_emerge	distractor	n/a	n/a	n/a	n/a	n/a
2617.348	0	1308674	standard_tone	sapo_emerge	standard	n/a	n/a	n/a	n/a	n/a
2618.364	0	1309182	distractor_noise	sapo_emerge	distractor	n/a	n/a	n/a	n/a	n/a
2619.380	0	1309690	standard_tone	sapo_emerge	standard	n/a	n/a	n/a	n/a	n/a
2620.396	0	1310198	standard_tone	sapo_emerge	standard	n/a	n/a	n/a	n/a	n/a
2621.412	0	1310706	distractor_noise	sapo_emerge	distractor	n/a	n/a	n/a	n/a	n/a
2622.428	0	1311214	standard_tone	sapo_emerge	standard	n/a	n/a	n/a	n/a	n/a
2623.444	0	1311722	standard_tone	sapo_emerge	standard	n/a	n/a	n/a	n/a	n/a
2624.458	0	1312229	standard_tone	sapo_emerge	standard	n/a	n/a	n/a	n/a	n/a
2625.474	0	1312737	standard_tone	sapo_emerge	standard	n/a	n/a	n/a	n/a	n/a
2626.490	0	1313245	standard_tone	sapo_emerge	standard	n/a	n/a	n/a	n/a	n/a
2627.506	0	1313753	standard_tone	sapo_emerge	standard	n/a	n/a	n/a	n/a	n/a
2628.522	0	1314261	standard_tone	sapo_emerge	standard	n/a	n/a	n/a	n/a	n/a
2629.538	0	1314769	standard_tone	sapo_emerge	standard	n/a	n/a	n/a	n/a	n/a
2630.554	0	1315277	oddball_tone	sapo_emerge	oddball	n/a	n/a	n/a	n/a	n/a
2631.554	0	1315777	standard_tone	sapo_emerge	standard	n/a	n/a	n/a	n/a	n/a
2632.570	0	1316285	standard_tone	sapo_emerge	standard	n/a	n/a	n/a	n/a	n/a
2633.584	0	1316792	standard_tone	sapo_emerge	standard	n/a	n/a	n/a	n/a	n/a
2634.600	0	1317300	oddball_tone	sapo_emerge	oddball	n/a	n/a	n/a	n/a	n/a
2635.616	0	1317808	standard_tone	sapo_emerge	standard	n/a	n/a	n/a	n/a	n/a
2636.632	0	1318316	standard_tone	sapo_emerge	standard	n/a	n/a	n/a	n/a	n/a
2637.648	0	1318824	standard_tone	sapo_emerge	standard	n/a	n/a	n/a	n/a	n/a
2638.664	0	1319332	oddball_tone	sapo_emerge	oddball	n/a	n/a	n/a	n/a	n/a
2639.680	0	1319840	distractor_noise	sapo_emerge	distractor	n/a	n/a	n/a	n/a	n/a
2640.696	0	1320348	standard_tone	sapo_emerge	standard	n/a	n/a	n/a	n/a	n/a
2641.712	0	1320856	standard_tone	sapo_emerge	standard	n/a	n/a	n/a	n/a	n/a
2642.728	0	1321364	distractor_noise	sapo_emerge	distractor	n/a	n/a	n/a	n/a	n/a
2643.742	0	1321871	oddball_tone	sapo_emerge	oddball	n/a	n/a	n/a	n/a	n/a
2644.758	0	1322379	standard_tone	sapo_emerge	standard	n/a	n/a	n/a	n/a	n/a
2645.774	0	1322887	standard_tone	sapo_emerge	standard	n/a	n/a	n/a	n/a	n/a
2646.790	0	1323395	standard_tone	sapo_emerge	standard	n/a	n/a	n/a	n/a	n/a
2647.806	0	1323903	standard_tone	sapo_emerge	standard	n/a	n/a	n/a	n/a	n/a
2648.822	0	1324411	standard_tone	sapo_emerge	standard	n/a	n/a	n/a	n/a	n/a
2649.838	0	1324919	standard_tone	sapo_emerge	standard	n/a	n/a	n/a	n/a	n/a
2650.854	0	1325427	distractor_noise	sapo_emerge	distractor	n/a	n/a	n/a	n/a	n/a
2651.870	0	1325935	standard_tone	sapo_emerge	standard	n/a	n/a	n/a	n/a	n/a
2652.886	0	1326443	oddball_tone	sapo_emerge	oddball	n/a	n/a	n/a	n/a	n/a
2653.902	0	1326951	standard_tone	sapo_emerge	standard	n/a	n/a	n/a	n/a	n/a
2654.916	0	1327458	standard_tone	sapo_emerge	standard	n/a	n/a	n/a	n/a	n/a
2655.932	0	1327966	standard_tone	sapo_emerge	standard	n/a	n/a	n/a	n/a	n/a
2656.948	0	1328474	standard_tone	sapo_emerge	standard	n/a	n/a	n/a	n/a	n/a
2657.948	0	1328974	standard_tone	sapo_emerge	standard	n/a	n/a	n/a	n/a	n/a
2658.964	0	1329482	standard_tone	sapo_emerge	standard	n/a	n/a	n/a	n/a	n/a
2659.980	0	1329990	standard_tone	sapo_emerge	standard	n/a	n/a	n/a	n/a	n/a
2660.996	0	1330498	standard_tone	sapo_emerge	standard	n/a	n/a	n/a	n/a	n/a
2662.010	0	1331005	standard_tone	sapo_emerge	standard	n/a	n/a	n/a	n/a	n/a
2663.010	0	1331505	standard_tone	sapo_emerge	standard	n/a	n/a	n/a	n/a	n/a
2664.026	0	1332013	standard_tone	sapo_emerge	standard	n/a	n/a	n/a	n/a	n/a
2665.026	0	1332513	standard_tone	sapo_emerge	standard	n/a	n/a	n/a	n/a	n/a
2666.040	0	1333020	standard_tone	sapo_emerge	standard	n/a	n/a	n/a	n/a	n/a
2667.056	0	1333528	standard_tone	sapo_emerge	standard	n/a	n/a	n/a	n/a	n/a
2668.074	0	1334037	oddball_tone	sapo_emerge	oddball	n/a	n/a	n/a	n/a	n/a
2669.088	0	1334544	standard_tone	sapo_emerge	standard	n/a	n/a	n/a	n/a	n/a
2670.104	0	1335052	standard_tone	sapo_emerge	standard	n/a	n/a	n/a	n/a	n/a
2671.120	0	1335560	standard_tone	sapo_emerge	standard	n/a	n/a	n/a	n/a	n/a
2672.134	0	1336067	standard_tone	sapo_emerge	standard	n/a	n/a	n/a	n/a	n/a
2673.136	0	1336568	distractor_noise	sapo_emerge	distractor	n/a	n/a	n/a	n/a	n/a
2674.150	0	1337075	standard_tone	sapo_emerge	standard	n/a	n/a	n/a	n/a	n/a
2675.166	0	1337583	standard_tone	sapo_emerge	standard	n/a	n/a	n/a	n/a	n/a
2676.182	0	1338091	oddball_tone	sapo_emerge	oddball	n/a	n/a	n/a	n/a	n/a
2677.198	0	1338599	standard_tone	sapo_emerge	standard	n/a	n/a	n/a	n/a	n/a
2678.214	0	1339107	oddball_tone	sapo_emerge	oddball	n/a	n/a	n/a	n/a	n/a
2679.230	0	1339615	standard_tone	sapo_emerge	standard	n/a	n/a	n/a	n/a	n/a
2680.246	0	1340123	standard_tone	sapo_emerge	standard	n/a	n/a	n/a	n/a	n/a
2681.262	0	1340631	oddball_tone	sapo_emerge	oddball	n/a	n/a	n/a	n/a	n/a
2682.012	0	1341006	silence_end	sapo_emerge	silence-end	n/a	n/a	n/a	n/a	n/a
2682.012	0	1341006	gong_begin	sapo_emerge	gong-begin	n/a	n/a	n/a	n/a	n/a
2682.278	0	1341139	standard_tone	sapo_emerge	standard	n/a	n/a	n/a	n/a	n/a
2683.294	0	1341647	standard_tone	sapo_emerge	standard	n/a	n/a	n/a	n/a	n/a
2684.308	0	1342154	distractor_noise	sapo_emerge	distractor	n/a	n/a	n/a	n/a	n/a
2685.324	0	1342662	standard_tone	sapo_emerge	standard	n/a	n/a	n/a	n/a	n/a
2686.324	0	1343162	standard_tone	sapo_emerge	standard	n/a	n/a	n/a	n/a	n/a
2687.340	0	1343670	standard_tone	sapo_emerge	standard	n/a	n/a	n/a	n/a	n/a
2688.340	0	1344170	standard_tone	sapo_emerge	standard	n/a	n/a	n/a	n/a	n/a
2689.356	0	1344678	standard_tone	sapo_emerge	standard	n/a	n/a	n/a	n/a	n/a
2689.904	0	1344952	clicker_press	sapo_emerge	response-received-arrow_up	n/a	n/a	n/a	n/a	arrow_up
2689.988	0	1344994	gong_end	sapo_emerge	gong-end	n/a	n/a	n/a	n/a	n/a
2689.988	0	1344994	report_window_begin	sapo_emerge	emerge-sapo-emerge-begin	n/a	n/a	n/a	n/a	n/a
2690.904	0	1345452	clicker_press	sapo_emerge	response-received-arrow_up	n/a	n/a	n/a	n/a	arrow_up
2691.870	0	1345935	clicker_press	sapo_emerge	response-received-arrow_up	n/a	n/a	n/a	n/a	arrow_up
2693.004	0	1346502	clicker_press	sapo_emerge	response-received-arrow_up	n/a	n/a	n/a	n/a	arrow_up
2694.052	0	1347026	depth_rating	sapo_emerge	rating-sapo-emerge-meditation_depth-4	4	n/a	n/a	n/a	n/a
2702.028	0	1351014	clicker_press	sapo_emerge	response-received-arrow_up	n/a	n/a	n/a	n/a	arrow_up
2702.960	0	1351480	clicker_press	sapo_emerge	response-received-arrow_up	n/a	n/a	n/a	n/a	arrow_up
2703.728	0	1351864	clicker_press	sapo_emerge	response-received-arrow_up	n/a	n/a	n/a	n/a	arrow_up
2704.160	0	1352080	confidence_rating	sapo_emerge	rating-sapo-emerge-confidence_depth-3	n/a	3	n/a	n/a	n/a
2707.640	0	1353820	report_window_end	sapo_emerge	emerge-sapo-emerge-end	n/a	n/a	n/a	n/a	n/a
2707.642	0	1353821	subblock_end	sapo_emerge	subblock-end-duration-137.986	n/a	n/a	n/a	137.986	n/a
2707.642	0	1353821	subblock_begin	sapo_emerge	subblock-begin	n/a	n/a	n/a	n/a	n/a
2707.642	0	1353821	silence_begin	sapo_emerge	silence-begin	n/a	n/a	n/a	n/a	n/a
2707.644	0	1353822	standard_tone	sapo_emerge	standard	n/a	n/a	n/a	n/a	n/a
2708.656	0	1354328	standard_tone	sapo_emerge	standard	n/a	n/a	n/a	n/a	n/a
2709.672	0	1354836	standard_tone	sapo_emerge	standard	n/a	n/a	n/a	n/a	n/a
2710.678	0	1355339	standard_tone	sapo_emerge	standard	n/a	n/a	n/a	n/a	n/a
2711.686	0	1355843	standard_tone	sapo_emerge	standard	n/a	n/a	n/a	n/a	n/a
2712.686	0	1356343	standard_tone	sapo_emerge	standard	n/a	n/a	n/a	n/a	n/a
2713.702	0	1356851	oddball_tone	sapo_emerge	oddball	n/a	n/a	n/a	n/a	n/a
2714.716	0	1357358	standard_tone	sapo_emerge	standard	n/a	n/a	n/a	n/a	n/a
2715.718	0	1357859	standard_tone	sapo_emerge	standard	n/a	n/a	n/a	n/a	n/a
2716.732	0	1358366	standard_tone	sapo_emerge	standard	n/a	n/a	n/a	n/a	n/a
2717.748	0	1358874	standard_tone	sapo_emerge	standard	n/a	n/a	n/a	n/a	n/a
2718.764	0	1359382	standard_tone	sapo_emerge	standard	n/a	n/a	n/a	n/a	n/a
2719.780	0	1359890	standard_tone	sapo_emerge	standard	n/a	n/a	n/a	n/a	n/a
2720.796	0	1360398	standard_tone	sapo_emerge	standard	n/a	n/a	n/a	n/a	n/a
2721.812	0	1360906	standard_tone	sapo_emerge	standard	n/a	n/a	n/a	n/a	n/a
2722.828	0	1361414	standard_tone	sapo_emerge	standard	n/a	n/a	n/a	n/a	n/a
2723.844	0	1361922	standard_tone	sapo_emerge	standard	n/a	n/a	n/a	n/a	n/a
2724.858	0	1362429	distractor_noise	sapo_emerge	distractor	n/a	n/a	n/a	n/a	n/a
2725.874	0	1362937	standard_tone	sapo_emerge	standard	n/a	n/a	n/a	n/a	n/a
2726.892	0	1363446	distractor_noise	sapo_emerge	distractor	n/a	n/a	n/a	n/a	n/a
2727.906	0	1363953	standard_tone	sapo_emerge	standard	n/a	n/a	n/a	n/a	n/a
2728.922	0	1364461	distractor_noise	sapo_emerge	distractor	n/a	n/a	n/a	n/a	n/a
2729.938	0	1364969	oddball_tone	sapo_emerge	oddball	n/a	n/a	n/a	n/a	n/a
2730.952	0	1365476	standard_tone	sapo_emerge	standard	n/a	n/a	n/a	n/a	n/a
2731.952	0	1365976	standard_tone	sapo_emerge	standard	n/a	n/a	n/a	n/a	n/a
2732.968	0	1366484	distractor_noise	sapo_emerge	distractor	n/a	n/a	n/a	n/a	n/a
2733.984	0	1366992	standard_tone	sapo_emerge	standard	n/a	n/a	n/a	n/a	n/a
2734.984	0	1367492	oddball_tone	sapo_emerge	oddball	n/a	n/a	n/a	n/a	n/a
2736.000	0	1368000	standard_tone	sapo_emerge	standard	n/a	n/a	n/a	n/a	n/a
2737.016	0	1368508	distractor_noise	sapo_emerge	distractor	n/a	n/a	n/a	n/a	n/a
2738.032	0	1369016	oddball_tone	sapo_emerge	oddball	n/a	n/a	n/a	n/a	n/a
2739.048	0	1369524	standard_tone	sapo_emerge	standard	n/a	n/a	n/a	n/a	n/a
2740.046	0	1370023	standard_tone	sapo_emerge	standard	n/a	n/a	n/a	n/a	n/a
2741.062	0	1370531	standard_tone	sapo_emerge	standard	n/a	n/a	n/a	n/a	n/a
2742.078	0	1371039	standard_tone	sapo_emerge	standard	n/a	n/a	n/a	n/a	n/a
2743.094	0	1371547	oddball_tone	sapo_emerge	oddball	n/a	n/a	n/a	n/a	n/a
2744.110	0	1372055	standard_tone	sapo_emerge	standard	n/a	n/a	n/a	n/a	n/a
2745.126	0	1372563	oddball_tone	sapo_emerge	oddball	n/a	n/a	n/a	n/a	n/a
2746.142	0	1373071	standard_tone	sapo_emerge	standard	n/a	n/a	n/a	n/a	n/a
2747.158	0	1373579	standard_tone	sapo_emerge	standard	n/a	n/a	n/a	n/a	n/a
2748.174	0	1374087	distractor_noise	sapo_emerge	distractor	n/a	n/a	n/a	n/a	n/a
2749.188	0	1374594	oddball_tone	sapo_emerge	oddball	n/a	n/a	n/a	n/a	n/a
2750.206	0	1375103	standard_tone	sapo_emerge	standard	n/a	n/a	n/a	n/a	n/a
2751.220	0	1375610	standard_tone	sapo_emerge	standard	n/a	n/a	n/a	n/a	n/a
2752.236	0	1376118	standard_tone	sapo_emerge	standard	n/a	n/a	n/a	n/a	n/a
2753.252	0	1376626	standard_tone	sapo_emerge	standard	n/a	n/a	n/a	n/a	n/a
2753.536	0	1376768	clicker_press	sapo_emerge	response-received-arrow_up	n/a	n/a	n/a	n/a	arrow_up
2753.602	0	1376801	report_window_begin	sapo_emerge	emerge-sapo-emerge-begin	n/a	n/a	n/a	n/a	n/a
2754.418	0	1377209	clicker_press	sapo_emerge	response-received-arrow_up	n/a	n/a	n/a	n/a	arrow_up
2757.616	0	1378808	depth_rating	sapo_emerge	rating-sapo-emerge-meditation_depth-2	2	n/a	n/a	n/a	n/a
2763.310	0	1381655	clicker_press	sapo_emerge	response-received-arrow_up	n/a	n/a	n/a	n/a	arrow_up
2764.210	0	1382105	clicker_press	sapo_emerge	response-received-arrow_up	n/a	n/a	n/a	n/a	arrow_up
2764.944	0	1382472	clicker_press	sapo_emerge	response-received-arrow_up	n/a	n/a	n/a	n/a	arrow_up
2767.774	0	1383887	confidence_rating	sapo_emerge	rating-sapo-emerge-confidence_depth-3	n/a	3	n/a	n/a	n/a
2771.354	0	1385677	report_window_end	sapo_emerge	emerge-sapo-emerge-end	n/a	n/a	n/a	n/a	n/a
2771.354	0	1385677	subblock_begin	sapo_emerge	subblock-begin	n/a	n/a	n/a	n/a	n/a
2771.356	0	1385678	silence_begin	sapo_emerge	silence-begin	n/a	n/a	n/a	n/a	n/a
2771.356	0	1385678	standard_tone	sapo_emerge	standard	n/a	n/a	n/a	n/a	n/a
2772.370	0	1386185	standard_tone	sapo_emerge	standard	n/a	n/a	n/a	n/a	n/a
2773.386	0	1386693	oddball_tone	sapo_emerge	oddball	n/a	n/a	n/a	n/a	n/a
2774.402	0	1387201	standard_tone	sapo_emerge	standard	n/a	n/a	n/a	n/a	n/a
2775.416	0	1387708	standard_tone	sapo_emerge	standard	n/a	n/a	n/a	n/a	n/a
2776.434	0	1388217	standard_tone	sapo_emerge	standard	n/a	n/a	n/a	n/a	n/a
2777.448	0	1388724	oddball_tone	sapo_emerge	oddball	n/a	n/a	n/a	n/a	n/a
2778.464	0	1389232	standard_tone	sapo_emerge	standard	n/a	n/a	n/a	n/a	n/a
2779.480	0	1389740	oddball_tone	sapo_emerge	oddball	n/a	n/a	n/a	n/a	n/a
2780.480	0	1390240	standard_tone	sapo_emerge	standard	n/a	n/a	n/a	n/a	n/a
2781.496	0	1390748	standard_tone	sapo_emerge	standard	n/a	n/a	n/a	n/a	n/a
2782.512	0	1391256	standard_tone	sapo_emerge	standard	n/a	n/a	n/a	n/a	n/a
2783.526	0	1391763	standard_tone	sapo_emerge	standard	n/a	n/a	n/a	n/a	n/a
2784.542	0	1392271	standard_tone	sapo_emerge	standard	n/a	n/a	n/a	n/a	n/a
2785.558	0	1392779	distractor_noise	sapo_emerge	distractor	n/a	n/a	n/a	n/a	n/a
2786.574	0	1393287	standard_tone	sapo_emerge	standard	n/a	n/a	n/a	n/a	n/a
2787.590	0	1393795	standard_tone	sapo_emerge	standard	n/a	n/a	n/a	n/a	n/a
2788.606	0	1394303	standard_tone	sapo_emerge	standard	n/a	n/a	n/a	n/a	n/a
2789.622	0	1394811	standard_tone	sapo_emerge	standard	n/a	n/a	n/a	n/a	n/a
2790.638	0	1395319	oddball_tone	sapo_emerge	oddball	n/a	n/a	n/a	n/a	n/a
2791.654	0	1395827	standard_tone	sapo_emerge	standard	n/a	n/a	n/a	n/a	n/a
2792.670	0	1396335	standard_tone	sapo_emerge	standard	n/a	n/a	n/a	n/a	n/a
2793.686	0	1396843	standard_tone	sapo_emerge	standard	n/a	n/a	n/a	n/a	n/a
2794.700	0	1397350	oddball_tone	sapo_emerge	oddball	n/a	n/a	n/a	n/a	n/a
2795.716	0	1397858	standard_tone	sapo_emerge	standard	n/a	n/a	n/a	n/a	n/a
2796.732	0	1398366	standard_tone	sapo_emerge	standard	n/a	n/a	n/a	n/a	n/a
2797.750	0	1398875	distractor_noise	sapo_emerge	distractor	n/a	n/a	n/a	n/a	n/a
2798.764	0	1399382	standard_tone	sapo_emerge	standard	n/a	n/a	n/a	n/a	n/a
2799.780	0	1399890	standard_tone	sapo_emerge	standard	n/a	n/a	n/a	n/a	n/a
2800.780	0	1400390	oddball_tone	sapo_emerge	oddball	n/a	n/a	n/a	n/a	n/a
2801.796	0	1400898	standard_tone	sapo_emerge	standard	n/a	n/a	n/a	n/a	n/a
2802.810	0	1401405	standard_tone	sapo_emerge	standard	n/a	n/a	n/a	n/a	n/a
2803.826	0	1401913	standard_tone	sapo_emerge	standard	n/a	n/a	n/a	n/a	n/a
2804.842	0	1402421	oddball_tone	sapo_emerge	oddball	n/a	n/a	n/a	n/a	n/a
2805.858	0	1402929	standard_tone	sapo_emerge	standard	n/a	n/a	n/a	n/a	n/a
2806.874	0	1403437	standard_tone	sapo_emerge	standard	n/a	n/a	n/a	n/a	n/a
2807.890	0	1403945	standard_tone	sapo_emerge	standard	n/a	n/a	n/a	n/a	n/a
2808.906	0	1404453	distractor_noise	sapo_emerge	distractor	n/a	n/a	n/a	n/a	n/a
2809.922	0	1404961	standard_tone	sapo_emerge	standard	n/a	n/a	n/a	n/a	n/a
2810.938	0	1405469	oddball_tone	sapo_emerge	oddball	n/a	n/a	n/a	n/a	n/a
2811.954	0	1405977	standard_tone	sapo_emerge	standard	n/a	n/a	n/a	n/a	n/a
2812.970	0	1406485	standard_tone	sapo_emerge	standard	n/a	n/a	n/a	n/a	n/a
2813.986	0	1406993	standard_tone	sapo_emerge	standard	n/a	n/a	n/a	n/a	n/a
2815.002	0	1407501	standard_tone	sapo_emerge	standard	n/a	n/a	n/a	n/a	n/a
2816.016	0	1408008	standard_tone	sapo_emerge	standard	n/a	n/a	n/a	n/a	n/a
2817.032	0	1408516	distractor_noise	sapo_emerge	distractor	n/a	n/a	n/a	n/a	n/a
2818.048	0	1409024	standard_tone	sapo_emerge	standard	n/a	n/a	n/a	n/a	n/a
2819.064	0	1409532	standard_tone	sapo_emerge	standard	n/a	n/a	n/a	n/a	n/a
2820.080	0	1410040	standard_tone	sapo_emerge	standard	n/a	n/a	n/a	n/a	n/a
2821.096	0	1410548	standard_tone	sapo_emerge	standard	n/a	n/a	n/a	n/a	n/a
2822.112	0	1411056	standard_tone	sapo_emerge	standard	n/a	n/a	n/a	n/a	n/a
2823.128	0	1411564	standard_tone	sapo_emerge	standard	n/a	n/a	n/a	n/a	n/a
2824.126	0	1412063	standard_tone	sapo_emerge	standard	n/a	n/a	n/a	n/a	n/a
2825.142	0	1412571	standard_tone	sapo_emerge	standard	n/a	n/a	n/a	n/a	n/a
2826.158	0	1413079	standard_tone	sapo_emerge	standard	n/a	n/a	n/a	n/a	n/a
2827.174	0	1413587	standard_tone	sapo_emerge	standard	n/a	n/a	n/a	n/a	n/a
2828.190	0	1414095	standard_tone	sapo_emerge	standard	n/a	n/a	n/a	n/a	n/a
2829.206	0	1414603	standard_tone	sapo_emerge	standard	n/a	n/a	n/a	n/a	n/a
2830.222	0	1415111	oddball_tone	sapo_emerge	oddball	n/a	n/a	n/a	n/a	n/a
2831.236	0	1415618	standard_tone	sapo_emerge	standard	n/a	n/a	n/a	n/a	n/a
2832.236	0	1416118	oddball_tone	sapo_emerge	oddball	n/a	n/a	n/a	n/a	n/a
2833.252	0	1416626	standard_tone	sapo_emerge	standard	n/a	n/a	n/a	n/a	n/a
2834.268	0	1417134	standard_tone	sapo_emerge	standard	n/a	n/a	n/a	n/a	n/a
2835.284	0	1417642	standard_tone	sapo_emerge	standard	n/a	n/a	n/a	n/a	n/a
2836.300	0	1418150	standard_tone	sapo_emerge	standard	n/a	n/a	n/a	n/a	n/a
2837.316	0	1418658	standard_tone	sapo_emerge	standard	n/a	n/a	n/a	n/a	n/a
2838.332	0	1419166	standard_tone	sapo_emerge	standard	n/a	n/a	n/a	n/a	n/a
2839.348	0	1419674	distractor_noise	sapo_emerge	distractor	n/a	n/a	n/a	n/a	n/a
2840.364	0	1420182	standard_tone	sapo_emerge	standard	n/a	n/a	n/a	n/a	n/a
2841.378	0	1420689	distractor_noise	sapo_emerge	distractor	n/a	n/a	n/a	n/a	n/a
2842.378	0	1421189	standard_tone	sapo_emerge	standard	n/a	n/a	n/a	n/a	n/a
2843.394	0	1421697	standard_tone	sapo_emerge	standard	n/a	n/a	n/a	n/a	n/a
2844.410	0	1422205	standard_tone	sapo_emerge	standard	n/a	n/a	n/a	n/a	n/a
2845.426	0	1422713	distractor_noise	sapo_emerge	distractor	n/a	n/a	n/a	n/a	n/a
2846.442	0	1423221	standard_tone	sapo_emerge	standard	n/a	n/a	n/a	n/a	n/a
2847.458	0	1423729	standard_tone	sapo_emerge	standard	n/a	n/a	n/a	n/a	n/a
2848.474	0	1424237	standard_tone	sapo_emerge	standard	n/a	n/a	n/a	n/a	n/a
2849.490	0	1424745	standard_tone	sapo_emerge	standard	n/a	n/a	n/a	n/a	n/a
2850.504	0	1425252	standard_tone	sapo_emerge	standard	n/a	n/a	n/a	n/a	n/a
2851.520	0	1425760	standard_tone	sapo_emerge	standard	n/a	n/a	n/a	n/a	n/a
2852.536	0	1426268	standard_tone	sapo_emerge	standard	n/a	n/a	n/a	n/a	n/a
2853.552	0	1426776	standard_tone	sapo_emerge	standard	n/a	n/a	n/a	n/a	n/a
2854.568	0	1427284	standard_tone	sapo_emerge	standard	n/a	n/a	n/a	n/a	n/a
2855.584	0	1427792	standard_tone	sapo_emerge	standard	n/a	n/a	n/a	n/a	n/a
2856.600	0	1428300	oddball_tone	sapo_emerge	oddball	n/a	n/a	n/a	n/a	n/a
2857.616	0	1428808	standard_tone	sapo_emerge	standard	n/a	n/a	n/a	n/a	n/a
2858.632	0	1429316	oddball_tone	sapo_emerge	oddball	n/a	n/a	n/a	n/a	n/a
2859.648	0	1429824	standard_tone	sapo_emerge	standard	n/a	n/a	n/a	n/a	n/a
2860.662	0	1430331	standard_tone	sapo_emerge	standard	n/a	n/a	n/a	n/a	n/a
2861.678	0	1430839	standard_tone	sapo_emerge	standard	n/a	n/a	n/a	n/a	n/a
2862.694	0	1431347	distractor_noise	sapo_emerge	distractor	n/a	n/a	n/a	n/a	n/a
2863.710	0	1431855	standard_tone	sapo_emerge	standard	n/a	n/a	n/a	n/a	n/a
2864.726	0	1432363	standard_tone	sapo_emerge	standard	n/a	n/a	n/a	n/a	n/a
2865.742	0	1432871	standard_tone	sapo_emerge	standard	n/a	n/a	n/a	n/a	n/a
2866.758	0	1433379	standard_tone	sapo_emerge	standard	n/a	n/a	n/a	n/a	n/a
2867.774	0	1433887	standard_tone	sapo_emerge	standard	n/a	n/a	n/a	n/a	n/a
2868.790	0	1434395	standard_tone	sapo_emerge	standard	n/a	n/a	n/a	n/a	n/a
2869.806	0	1434903	standard_tone	sapo_emerge	standard	n/a	n/a	n/a	n/a	n/a
2870.822	0	1435411	standard_tone	sapo_emerge	standard	n/a	n/a	n/a	n/a	n/a
2871.838	0	1435919	oddball_tone	sapo_emerge	oddball	n/a	n/a	n/a	n/a	n/a
2872.852	0	1436426	standard_tone	sapo_emerge	standard	n/a	n/a	n/a	n/a	n/a
2873.852	0	1436926	standard_tone	sapo_emerge	standard	n/a	n/a	n/a	n/a	n/a
2874.868	0	1437434	oddball_tone	sapo_emerge	oddball	n/a	n/a	n/a	n/a	n/a
2875.884	0	1437942	standard_tone	sapo_emerge	standard	n/a	n/a	n/a	n/a	n/a
2876.900	0	1438450	standard_tone	sapo_emerge	standard	n/a	n/a	n/a	n/a	n/a
2877.916	0	1438958	standard_tone	sapo_emerge	standard	n/a	n/a	n/a	n/a	n/a
2878.932	0	1439466	standard_tone	sapo_emerge	standard	n/a	n/a	n/a	n/a	n/a
2879.948	0	1439974	standard_tone	sapo_emerge	standard	n/a	n/a	n/a	n/a	n/a
2880.962	0	1440481	standard_tone	sapo_emerge	standard	n/a	n/a	n/a	n/a	n/a
2881.962	0	1440981	standard_tone	sapo_emerge	standard	n/a	n/a	n/a	n/a	n/a
2882.978	0	1441489	standard_tone	sapo_emerge	standard	n/a	n/a	n/a	n/a	n/a
2883.994	0	1441997	distractor_noise	sapo_emerge	distractor	n/a	n/a	n/a	n/a	n/a
2885.010	0	1442505	standard_tone	sapo_emerge	standard	n/a	n/a	n/a	n/a	n/a
2886.026	0	1443013	distractor_noise	sapo_emerge	distractor	n/a	n/a	n/a	n/a	n/a
2886.376	0	1443188	silence_end	sapo_emerge	silence-end	n/a	n/a	n/a	n/a	n/a
2886.376	0	1443188	gong_begin	sapo_emerge	gong-begin	n/a	n/a	n/a	n/a	n/a
2887.042	0	1443521	standard_tone	sapo_emerge	standard	n/a	n/a	n/a	n/a	n/a
2888.058	0	1444029	standard_tone	sapo_emerge	standard	n/a	n/a	n/a	n/a	n/a
2889.072	0	1444536	standard_tone	sapo_emerge	standard	n/a	n/a	n/a	n/a	n/a
2890.072	0	1445036	standard_tone	sapo_emerge	standard	n/a	n/a	n/a	n/a	n/a
2891.088	0	1445544	standard_tone	sapo_emerge	standard	n/a	n/a	n/a	n/a	n/a
2892.104	0	1446052	standard_tone	sapo_emerge	standard	n/a	n/a	n/a	n/a	n/a
2893.120	0	1446560	standard_tone	sapo_emerge	standard	n/a	n/a	n/a	n/a	n/a
2894.136	0	1447068	standard_tone	sapo_emerge	standard	n/a	n/a	n/a	n/a	n/a
2895.152	0	1447576	standard_tone	sapo_emerge	standard	n/a	n/a	n/a	n/a	n/a
2896.166	0	1448083	oddball_tone	sapo_emerge	oddball	n/a	n/a	n/a	n/a	n/a
2896.450	0	1448225	gong_end	sapo_emerge	gong-end	n/a	n/a	n/a	n/a	n/a
2896.450	0	1448225	subblock_end	sapo_emerge	subblock-end-duration-125.096	n/a	n/a	n/a	125.096	n/a
2896.452	0	1448226	subblock_begin	sapo_emerge	subblock-begin	n/a	n/a	n/a	n/a	n/a
2896.452	0	1448226	silence_begin	sapo_emerge	silence-begin	n/a	n/a	n/a	n/a	n/a
2897.182	0	1448591	standard_tone	sapo_emerge	standard	n/a	n/a	n/a	n/a	n/a
2898.198	0	1449099	standard_tone	sapo_emerge	standard	n/a	n/a	n/a	n/a	n/a
2899.214	0	1449607	standard_tone	sapo_emerge	standard	n/a	n/a	n/a	n/a	n/a
2900.230	0	1450115	standard_tone	sapo_emerge	standard	n/a	n/a	n/a	n/a	n/a
2901.246	0	1450623	standard_tone	sapo_emerge	standard	n/a	n/a	n/a	n/a	n/a
2902.262	0	1451131	standard_tone	sapo_emerge	standard	n/a	n/a	n/a	n/a	n/a
2903.278	0	1451639	standard_tone	sapo_emerge	standard	n/a	n/a	n/a	n/a	n/a
2904.294	0	1452147	standard_tone	sapo_emerge	standard	n/a	n/a	n/a	n/a	n/a
2905.310	0	1452655	standard_tone	sapo_emerge	standard	n/a	n/a	n/a	n/a	n/a
2906.326	0	1453163	standard_tone	sapo_emerge	standard	n/a	n/a	n/a	n/a	n/a
2907.342	0	1453671	distractor_noise	sapo_emerge	distractor	n/a	n/a	n/a	n/a	n/a
2908.356	0	1454178	oddball_tone	sapo_emerge	oddball	n/a	n/a	n/a	n/a	n/a
2909.372	0	1454686	standard_tone	sapo_emerge	standard	n/a	n/a	n/a	n/a	n/a
2910.388	0	1455194	standard_tone	sapo_emerge	standard	n/a	n/a	n/a	n/a	n/a
2911.404	0	1455702	standard_tone	sapo_emerge	standard	n/a	n/a	n/a	n/a	n/a
2912.420	0	1456210	standard_tone	sapo_emerge	standard	n/a	n/a	n/a	n/a	n/a
2913.436	0	1456718	oddball_tone	sapo_emerge	oddball	n/a	n/a	n/a	n/a	n/a
2914.452	0	1457226	standard_tone	sapo_emerge	standard	n/a	n/a	n/a	n/a	n/a
2915.468	0	1457734	standard_tone	sapo_emerge	standard	n/a	n/a	n/a	n/a	n/a
2916.484	0	1458242	standard_tone	sapo_emerge	standard	n/a	n/a	n/a	n/a	n/a
2917.500	0	1458750	standard_tone	sapo_emerge	standard	n/a	n/a	n/a	n/a	n/a
2918.500	0	1459250	standard_tone	sapo_emerge	standard	n/a	n/a	n/a	n/a	n/a
2919.514	0	1459757	standard_tone	sapo_emerge	standard	n/a	n/a	n/a	n/a	n/a
2920.530	0	1460265	standard_tone	sapo_emerge	standard	n/a	n/a	n/a	n/a	n/a
2921.546	0	1460773	oddball_tone	sapo_emerge	oddball	n/a	n/a	n/a	n/a	n/a
2922.562	0	1461281	standard_tone	sapo_emerge	standard	n/a	n/a	n/a	n/a	n/a
2922.612	0	1461306	clicker_press	sapo_emerge	response-received-arrow_up	n/a	n/a	n/a	n/a	arrow_up
2922.678	0	1461339	report_window_begin	sapo_emerge	emerge-sapo-emerge-begin	n/a	n/a	n/a	n/a	n/a
2923.544	0	1461772	clicker_press	sapo_emerge	response-received-arrow_up	n/a	n/a	n/a	n/a	arrow_up
2924.478	0	1462239	clicker_press	sapo_emerge	response-received-arrow_up	n/a	n/a	n/a	n/a	arrow_up
2926.692	0	1463346	depth_rating	sapo_emerge	rating-sapo-emerge-meditation_depth-3	3	n/a	n/a	n/a	n/a
2933.354	0	1466677	clicker_press	sapo_emerge	response-received-arrow_up	n/a	n/a	n/a	n/a	arrow_up
2934.152	0	1467076	clicker_press	sapo_emerge	response-received-arrow_up	n/a	n/a	n/a	n/a	arrow_up
2935.202	0	1467601	clicker_press	sapo_emerge	response-received-arrow_up	n/a	n/a	n/a	n/a	arrow_up
2936.118	0	1468059	clicker_press	sapo_emerge	response-received-arrow_up	n/a	n/a	n/a	n/a	arrow_up
2936.768	0	1468384	confidence_rating	sapo_emerge	rating-sapo-emerge-confidence_depth-4	n/a	4	n/a	n/a	n/a
2940.214	0	1470107	report_window_end	sapo_emerge	emerge-sapo-emerge-end	n/a	n/a	n/a	n/a	n/a
2940.214	0	1470107	subblock_begin	sapo_emerge	subblock-begin	n/a	n/a	n/a	n/a	n/a
2940.216	0	1470108	silence_begin	sapo_emerge	silence-begin	n/a	n/a	n/a	n/a	n/a
2940.216	0	1470108	distractor_noise	sapo_emerge	distractor	n/a	n/a	n/a	n/a	n/a
2941.230	0	1470615	standard_tone	sapo_emerge	standard	n/a	n/a	n/a	n/a	n/a
2942.246	0	1471123	distractor_noise	sapo_emerge	distractor	n/a	n/a	n/a	n/a	n/a
2943.262	0	1471631	standard_tone	sapo_emerge	standard	n/a	n/a	n/a	n/a	n/a
2944.278	0	1472139	standard_tone	sapo_emerge	standard	n/a	n/a	n/a	n/a	n/a
2945.292	0	1472646	standard_tone	sapo_emerge	standard	n/a	n/a	n/a	n/a	n/a
2946.292	0	1473146	standard_tone	sapo_emerge	standard	n/a	n/a	n/a	n/a	n/a
2947.292	0	1473646	standard_tone	sapo_emerge	standard	n/a	n/a	n/a	n/a	n/a
2948.306	0	1474153	standard_tone	sapo_emerge	standard	n/a	n/a	n/a	n/a	n/a
2949.322	0	1474661	standard_tone	sapo_emerge	standard	n/a	n/a	n/a	n/a	n/a
2950.338	0	1475169	standard_tone	sapo_emerge	standard	n/a	n/a	n/a	n/a	n/a
2951.354	0	1475677	standard_tone	sapo_emerge	standard	n/a	n/a	n/a	n/a	n/a
2952.370	0	1476185	distractor_noise	sapo_emerge	distractor	n/a	n/a	n/a	n/a	n/a
2953.386	0	1476693	standard_tone	sapo_emerge	standard	n/a	n/a	n/a	n/a	n/a
2954.402	0	1477201	standard_tone	sapo_emerge	standard	n/a	n/a	n/a	n/a	n/a
2955.418	0	1477709	standard_tone	sapo_emerge	standard	n/a	n/a	n/a	n/a	n/a
2956.434	0	1478217	standard_tone	sapo_emerge	standard	n/a	n/a	n/a	n/a	n/a
2957.450	0	1478725	standard_tone	sapo_emerge	standard	n/a	n/a	n/a	n/a	n/a
2958.466	0	1479233	standard_tone	sapo_emerge	standard	n/a	n/a	n/a	n/a	n/a
2959.482	0	1479741	standard_tone	sapo_emerge	standard	n/a	n/a	n/a	n/a	n/a
2960.498	0	1480249	distractor_noise	sapo_emerge	distractor	n/a	n/a	n/a	n/a	n/a
2961.512	0	1480756	standard_tone	sapo_emerge	standard	n/a	n/a	n/a	n/a	n/a
2962.528	0	1481264	distractor_noise	sapo_emerge	distractor	n/a	n/a	n/a	n/a	n/a
2963.544	0	1481772	standard_tone	sapo_emerge	standard	n/a	n/a	n/a	n/a	n/a
2964.560	0	1482280	distractor_noise	sapo_emerge	distractor	n/a	n/a	n/a	n/a	n/a
2965.576	0	1482788	standard_tone	sapo_emerge	standard	n/a	n/a	n/a	n/a	n/a
2966.592	0	1483296	standard_tone	sapo_emerge	standard	n/a	n/a	n/a	n/a	n/a
2967.608	0	1483804	standard_tone	sapo_emerge	standard	n/a	n/a	n/a	n/a	n/a
2968.624	0	1484312	standard_tone	sapo_emerge	standard	n/a	n/a	n/a	n/a	n/a
2969.640	0	1484820	oddball_tone	sapo_emerge	oddball	n/a	n/a	n/a	n/a	n/a
2970.656	0	1485328	standard_tone	sapo_emerge	standard	n/a	n/a	n/a	n/a	n/a
2971.654	0	1485827	distractor_noise	sapo_emerge	distractor	n/a	n/a	n/a	n/a	n/a
2972.670	0	1486335	standard_tone	sapo_emerge	standard	n/a	n/a	n/a	n/a	n/a
2973.670	0	1486835	standard_tone	sapo_emerge	standard	n/a	n/a	n/a	n/a	n/a
2974.686	0	1487343	standard_tone	sapo_emerge	standard	n/a	n/a	n/a	n/a	n/a
2975.702	0	1487851	distractor_noise	sapo_emerge	distractor	n/a	n/a	n/a	n/a	n/a
2976.718	0	1488359	standard_tone	sapo_emerge	standard	n/a	n/a	n/a	n/a	n/a
2977.732	0	1488866	standard_tone	sapo_emerge	standard	n/a	n/a	n/a	n/a	n/a
2978.748	0	1489374	standard_tone	sapo_emerge	standard	n/a	n/a	n/a	n/a	n/a
2979.764	0	1489882	standard_tone	sapo_emerge	standard	n/a	n/a	n/a	n/a	n/a
2980.780	0	1490390	standard_tone	sapo_emerge	standard	n/a	n/a	n/a	n/a	n/a
2981.796	0	1490898	standard_tone	sapo_emerge	standard	n/a	n/a	n/a	n/a	n/a
2982.812	0	1491406	standard_tone	sapo_emerge	standard	n/a	n/a	n/a	n/a	n/a
2983.828	0	1491914	standard_tone	sapo_emerge	standard	n/a	n/a	n/a	n/a	n/a
2984.828	0	1492414	standard_tone	sapo_emerge	standard	n/a	n/a	n/a	n/a	n/a
2985.842	0	1492921	oddball_tone	sapo_emerge	oddball	n/a	n/a	n/a	n/a	n/a
2986.858	0	1493429	distractor_noise	sapo_emerge	distractor	n/a	n/a	n/a	n/a	n/a
2987.874	0	1493937	standard_tone	sapo_emerge	standard	n/a	n/a	n/a	n/a	n/a
2988.890	0	1494445	standard_tone	sapo_emerge	standard	n/a	n/a	n/a	n/a	n/a
2989.906	0	1494953	standard_tone	sapo_emerge	standard	n/a	n/a	n/a	n/a	n/a
2990.922	0	1495461	standard_tone	sapo_emerge	standard	n/a	n/a	n/a	n/a	n/a
2991.938	0	1495969	oddball_tone	sapo_emerge	oddball	n/a	n/a	n/a	n/a	n/a
2992.954	0	1496477	distractor_noise	sapo_emerge	distractor	n/a	n/a	n/a	n/a	n/a
2993.970	0	1496985	oddball_tone	sapo_emerge	oddball	n/a	n/a	n/a	n/a	n/a
2994.968	0	1497484	standard_tone	sapo_emerge	standard	n/a	n/a	n/a	n/a	n/a
2995.984	0	1497992	distractor_noise	sapo_emerge	distractor	n/a	n/a	n/a	n/a	n/a
2997.000	0	1498500	standard_tone	sapo_emerge	standard	n/a	n/a	n/a	n/a	n/a
2998.016	0	1499008	standard_tone	sapo_emerge	standard	n/a	n/a	n/a	n/a	n/a
2999.032	0	1499516	standard_tone	sapo_emerge	standard	n/a	n/a	n/a	n/a	n/a
3000.048	0	1500024	distractor_noise	sapo_emerge	distractor	n/a	n/a	n/a	n/a	n/a
3001.046	0	1500523	standard_tone	sapo_emerge	standard	n/a	n/a	n/a	n/a	n/a
3002.062	0	1501031	standard_tone	sapo_emerge	standard	n/a	n/a	n/a	n/a	n/a
3003.078	0	1501539	distractor_noise	sapo_emerge	distractor	n/a	n/a	n/a	n/a	n/a
3004.094	0	1502047	standard_tone	sapo_emerge	standard	n/a	n/a	n/a	n/a	n/a
3005.110	0	1502555	standard_tone	sapo_emerge	standard	n/a	n/a	n/a	n/a	n/a
3006.126	0	1503063	standard_tone	sapo_emerge	standard	n/a	n/a	n/a	n/a	n/a
3007.142	0	1503571	standard_tone	sapo_emerge	standard	n/a	n/a	n/a	n/a	n/a
3008.142	0	1504071	oddball_tone	sapo_emerge	oddball	n/a	n/a	n/a	n/a	n/a
3009.156	0	1504578	standard_tone	sapo_emerge	standard	n/a	n/a	n/a	n/a	n/a
3010.172	0	1505086	standard_tone	sapo_emerge	standard	n/a	n/a	n/a	n/a	n/a
3011.188	0	1505594	standard_tone	sapo_emerge	standard	n/a	n/a	n/a	n/a	n/a
3012.204	0	1506102	standard_tone	sapo_emerge	standard	n/a	n/a	n/a	n/a	n/a
3013.220	0	1506610	standard_tone	sapo_emerge	standard	n/a	n/a	n/a	n/a	n/a
3014.236	0	1507118	standard_tone	sapo_emerge	standard	n/a	n/a	n/a	n/a	n/a
3015.252	0	1507626	oddball_tone	sapo_emerge	oddball	n/a	n/a	n/a	n/a	n/a
3015.452	0	1507726	clicker_press	sapo_emerge	response-received-arrow_up	n/a	n/a	n/a	n/a	arrow_up
3015.536	0	1507768	report_window_begin	sapo_emerge	emerge-sapo-emerge-begin	n/a	n/a	n/a	n/a	n/a
3016.784	0	1508392	clicker_press	sapo_emerge	response-received-arrow_up	n/a	n/a	n/a	n/a	arrow_up
3017.818	0	1508909	clicker_press	sapo_emerge	response-received-arrow_up	n/a	n/a	n/a	n/a	arrow_up
3019.550	0	1509775	depth_rating	sapo_emerge	rating-sapo-emerge-meditation_depth-3	3	n/a	n/a	n/a	n/a
3027.174	0	1513587	clicker_press	sapo_emerge	response-received-arrow_up	n/a	n/a	n/a	n/a	arrow_up
3027.924	0	1513962	clicker_press	sapo_emerge	response-received-arrow_up	n/a	n/a	n/a	n/a	arrow_up
3028.674	0	1514337	clicker_press	sapo_emerge	response-received-arrow_up	n/a	n/a	n/a	n/a	arrow_up
3029.590	0	1514795	confidence_rating	sapo_emerge	rating-sapo-emerge-confidence_depth-3	n/a	3	n/a	n/a	n/a
3033.088	0	1516544	report_window_end	sapo_emerge	emerge-sapo-emerge-end	n/a	n/a	n/a	n/a	n/a
3033.088	0	1516544	subblock_begin	sapo_emerge	subblock-begin	n/a	n/a	n/a	n/a	n/a
3033.088	0	1516544	silence_begin	sapo_emerge	silence-begin	n/a	n/a	n/a	n/a	n/a
3033.104	0	1516552	standard_tone	sapo_emerge	standard	n/a	n/a	n/a	n/a	n/a
3034.118	0	1517059	standard_tone	sapo_emerge	standard	n/a	n/a	n/a	n/a	n/a
3035.136	0	1517568	standard_tone	sapo_emerge	standard	n/a	n/a	n/a	n/a	n/a
3036.152	0	1518076	standard_tone	sapo_emerge	standard	n/a	n/a	n/a	n/a	n/a
3037.166	0	1518583	standard_tone	sapo_emerge	standard	n/a	n/a	n/a	n/a	n/a
3038.182	0	1519091	standard_tone	sapo_emerge	standard	n/a	n/a	n/a	n/a	n/a
3039.198	0	1519599	standard_tone	sapo_emerge	standard	n/a	n/a	n/a	n/a	n/a
3040.198	0	1520099	standard_tone	sapo_emerge	standard	n/a	n/a	n/a	n/a	n/a
3041.214	0	1520607	standard_tone	sapo_emerge	standard	n/a	n/a	n/a	n/a	n/a
3042.230	0	1521115	standard_tone	sapo_emerge	standard	n/a	n/a	n/a	n/a	n/a
3043.244	0	1521622	standard_tone	sapo_emerge	standard	n/a	n/a	n/a	n/a	n/a
3044.244	0	1522122	distractor_noise	sapo_emerge	distractor	n/a	n/a	n/a	n/a	n/a
3045.260	0	1522630	standard_tone	sapo_emerge	standard	n/a	n/a	n/a	n/a	n/a
3046.276	0	1523138	oddball_tone	sapo_emerge	oddball	n/a	n/a	n/a	n/a	n/a
3047.292	0	1523646	standard_tone	sapo_emerge	standard	n/a	n/a	n/a	n/a	n/a
3048.308	0	1524154	standard_tone	sapo_emerge	standard	n/a	n/a	n/a	n/a	n/a
3049.324	0	1524662	distractor_noise	sapo_emerge	distractor	n/a	n/a	n/a	n/a	n/a
3050.340	0	1525170	standard_tone	sapo_emerge	standard	n/a	n/a	n/a	n/a	n/a
3051.354	0	1525677	standard_tone	sapo_emerge	standard	n/a	n/a	n/a	n/a	n/a
3052.370	0	1526185	standard_tone	sapo_emerge	standard	n/a	n/a	n/a	n/a	n/a
3053.386	0	1526693	distractor_noise	sapo_emerge	distractor	n/a	n/a	n/a	n/a	n/a
3054.402	0	1527201	standard_tone	sapo_emerge	standard	n/a	n/a	n/a	n/a	n/a
3055.418	0	1527709	standard_tone	sapo_emerge	standard	n/a	n/a	n/a	n/a	n/a
3056.434	0	1528217	standard_tone	sapo_emerge	standard	n/a	n/a	n/a	n/a	n/a
3057.450	0	1528725	standard_tone	sapo_emerge	standard	n/a	n/a	n/a	n/a	n/a
3058.466	0	1529233	standard_tone	sapo_emerge	standard	n/a	n/a	n/a	n/a	n/a
3059.482	0	1529741	oddball_tone	sapo_emerge	oddball	n/a	n/a	n/a	n/a	n/a
3060.498	0	1530249	standard_tone	sapo_emerge	standard	n/a	n/a	n/a	n/a	n/a
3061.514	0	1530757	standard_tone	sapo_emerge	standard	n/a	n/a	n/a	n/a	n/a
3062.530	0	1531265	standard_tone	sapo_emerge	standard	n/a	n/a	n/a	n/a	n/a
3063.546	0	1531773	standard_tone	sapo_emerge	standard	n/a	n/a	n/a	n/a	n/a
3064.562	0	1532281	oddball_tone	sapo_emerge	oddball	n/a	n/a	n/a	n/a	n/a
3065.576	0	1532788	standard_tone	sapo_emerge	standard	n/a	n/a	n/a	n/a	n/a
3066.592	0	1533296	oddball_tone	sapo_emerge	oddball	n/a	n/a	n/a	n/a	n/a
3067.608	0	1533804	standard_tone	sapo_emerge	standard	n/a	n/a	n/a	n/a	n/a
3068.624	0	1534312	oddball_tone	sapo_emerge	oddball	n/a	n/a	n/a	n/a	n/a
3069.640	0	1534820	standard_tone	sapo_emerge	standard	n/a	n/a	n/a	n/a	n/a
3070.656	0	1535328	standard_tone	sapo_emerge	standard	n/a	n/a	n/a	n/a	n/a
3071.672	0	1535836	distractor_noise	sapo_emerge	distractor	n/a	n/a	n/a	n/a	n/a
3072.688	0	1536344	standard_tone	sapo_emerge	standard	n/a	n/a	n/a	n/a	n/a
3073.686	0	1536843	standard_tone	sapo_emerge	standard	n/a	n/a	n/a	n/a	n/a
3074.702	0	1537351	standard_tone	sapo_emerge	standard	n/a	n/a	n/a	n/a	n/a
3075.702	0	1537851	standard_tone	sapo_emerge	standard	n/a	n/a	n/a	n/a	n/a
3076.718	0	1538359	standard_tone	sapo_emerge	standard	n/a	n/a	n/a	n/a	n/a
3077.732	0	1538866	distractor_noise	sapo_emerge	distractor	n/a	n/a	n/a	n/a	n/a
3078.750	0	1539375	standard_tone	sapo_emerge	standard	n/a	n/a	n/a	n/a	n/a
3079.766	0	1539883	standard_tone	sapo_emerge	standard	n/a	n/a	n/a	n/a	n/a
3080.780	0	1540390	standard_tone	sapo_emerge	standard	n/a	n/a	n/a	n/a	n/a
3081.796	0	1540898	standard_tone	sapo_emerge	standard	n/a	n/a	n/a	n/a	n/a
3082.812	0	1541406	standard_tone	sapo_emerge	standard	n/a	n/a	n/a	n/a	n/a
3083.828	0	1541914	oddball_tone	sapo_emerge	oddball	n/a	n/a	n/a	n/a	n/a
3084.844	0	1542422	standard_tone	sapo_emerge	standard	n/a	n/a	n/a	n/a	n/a
3085.860	0	1542930	standard_tone	sapo_emerge	standard	n/a	n/a	n/a	n/a	n/a
3086.876	0	1543438	distractor_noise	sapo_emerge	distractor	n/a	n/a	n/a	n/a	n/a
3087.876	0	1543938	oddball_tone	sapo_emerge	oddball	n/a	n/a	n/a	n/a	n/a
3088.890	0	1544445	standard_tone	sapo_emerge	standard	n/a	n/a	n/a	n/a	n/a
3089.906	0	1544953	standard_tone	sapo_emerge	standard	n/a	n/a	n/a	n/a	n/a
3090.922	0	1545461	standard_tone	sapo_emerge	standard	n/a	n/a	n/a	n/a	n/a
3091.938	0	1545969	distractor_noise	sapo_emerge	distractor	n/a	n/a	n/a	n/a	n/a
3092.954	0	1546477	standard_tone	sapo_emerge	standard	n/a	n/a	n/a	n/a	n/a
3093.970	0	1546985	standard_tone	sapo_emerge	standard	n/a	n/a	n/a	n/a	n/a
3094.986	0	1547493	standard_tone	sapo_emerge	standard	n/a	n/a	n/a	n/a	n/a
3096.002	0	1548001	standard_tone	sapo_emerge	standard	n/a	n/a	n/a	n/a	n/a
3097.002	0	1548501	standard_tone	sapo_emerge	standard	n/a	n/a	n/a	n/a	n/a
3098.016	0	1549008	standard_tone	sapo_emerge	standard	n/a	n/a	n/a	n/a	n/a
3099.032	0	1549516	standard_tone	sapo_emerge	standard	n/a	n/a	n/a	n/a	n/a
3100.048	0	1550024	standard_tone	sapo_emerge	standard	n/a	n/a	n/a	n/a	n/a
3101.064	0	1550532	standard_tone	sapo_emerge	standard	n/a	n/a	n/a	n/a	n/a
3102.080	0	1551040	standard_tone	sapo_emerge	standard	n/a	n/a	n/a	n/a	n/a
3103.096	0	1551548	standard_tone	sapo_emerge	standard	n/a	n/a	n/a	n/a	n/a
3104.094	0	1552047	standard_tone	sapo_emerge	standard	n/a	n/a	n/a	n/a	n/a
3105.110	0	1552555	standard_tone	sapo_emerge	standard	n/a	n/a	n/a	n/a	n/a
3106.126	0	1553063	standard_tone	sapo_emerge	standard	n/a	n/a	n/a	n/a	n/a
3107.142	0	1553571	standard_tone	sapo_emerge	standard	n/a	n/a	n/a	n/a	n/a
3108.158	0	1554079	standard_tone	sapo_emerge	standard	n/a	n/a	n/a	n/a	n/a
3109.174	0	1554587	standard_tone	sapo_emerge	standard	n/a	n/a	n/a	n/a	n/a
3110.190	0	1555095	standard_tone	sapo_emerge	standard	n/a	n/a	n/a	n/a	n/a
3111.206	0	1555603	standard_tone	sapo_emerge	standard	n/a	n/a	n/a	n/a	n/a
3112.222	0	1556111	standard_tone	sapo_emerge	standard	n/a	n/a	n/a	n/a	n/a
3113.238	0	1556619	standard_tone	sapo_emerge	standard	n/a	n/a	n/a	n/a	n/a
3114.254	0	1557127	standard_tone	sapo_emerge	standard	n/a	n/a	n/a	n/a	n/a
3115.268	0	1557634	standard_tone	sapo_emerge	standard	n/a	n/a	n/a	n/a	n/a
3116.284	0	1558142	oddball_tone	sapo_emerge	oddball	n/a	n/a	n/a	n/a	n/a
3117.300	0	1558650	standard_tone	sapo_emerge	standard	n/a	n/a	n/a	n/a	n/a
3118.316	0	1559158	standard_tone	sapo_emerge	standard	n/a	n/a	n/a	n/a	n/a
3119.332	0	1559666	distractor_noise	sapo_emerge	distractor	n/a	n/a	n/a	n/a	n/a
3120.348	0	1560174	standard_tone	sapo_emerge	standard	n/a	n/a	n/a	n/a	n/a
3121.364	0	1560682	standard_tone	sapo_emerge	standard	n/a	n/a	n/a	n/a	n/a
3122.380	0	1561190	standard_tone	sapo_emerge	standard	n/a	n/a	n/a	n/a	n/a
3123.396	0	1561698	distractor_noise	sapo_emerge	distractor	n/a	n/a	n/a	n/a	n/a
3124.394	0	1562197	standard_tone	sapo_emerge	standard	n/a	n/a	n/a	n/a	n/a
3125.410	0	1562705	standard_tone	sapo_emerge	standard	n/a	n/a	n/a	n/a	n/a
3126.426	0	1563213	standard_tone	sapo_emerge	standard	n/a	n/a	n/a	n/a	n/a
3127.442	0	1563721	standard_tone	sapo_emerge	standard	n/a	n/a	n/a	n/a	n/a
3128.458	0	1564229	standard_tone	sapo_emerge	standard	n/a	n/a	n/a	n/a	n/a
3129.474	0	1564737	distractor_noise	sapo_emerge	distractor	n/a	n/a	n/a	n/a	n/a
3130.490	0	1565245	standard_tone	sapo_emerge	standard	n/a	n/a	n/a	n/a	n/a
3131.506	0	1565753	oddball_tone	sapo_emerge	oddball	n/a	n/a	n/a	n/a	n/a
3132.522	0	1566261	standard_tone	sapo_emerge	standard	n/a	n/a	n/a	n/a	n/a
3133.538	0	1566769	standard_tone	sapo_emerge	standard	n/a	n/a	n/a	n/a	n/a
3134.554	0	1567277	standard_tone	sapo_emerge	standard	n/a	n/a	n/a	n/a	n/a
3135.568	0	1567784	standard_tone	sapo_emerge	standard	n/a	n/a	n/a	n/a	n/a
3136.568	0	1568284	oddball_tone	sapo_emerge	oddball	n/a	n/a	n/a	n/a	n/a
3137.584	0	1568792	distractor_noise	sapo_emerge	distractor	n/a	n/a	n/a	n/a	n/a
3138.600	0	1569300	standard_tone	sapo_emerge	standard	n/a	n/a	n/a	n/a	n/a
3139.616	0	1569808	standard_tone	sapo_emerge	standard	n/a	n/a	n/a	n/a	n/a
3140.632	0	1570316	standard_tone	sapo_emerge	standard	n/a	n/a	n/a	n/a	n/a
3141.646	0	1570823	standard_tone	sapo_emerge	standard	n/a	n/a	n/a	n/a	n/a
3142.684	0	1571342	standard_tone	sapo_emerge	standard	n/a	n/a	n/a	n/a	n/a
3143.696	0	1571848	standard_tone	sapo_emerge	standard	n/a	n/a	n/a	n/a	n/a
3144.712	0	1572356	standard_tone	sapo_emerge	standard	n/a	n/a	n/a	n/a	n/a
3145.728	0	1572864	standard_tone	sapo_emerge	standard	n/a	n/a	n/a	n/a	n/a
3146.726	0	1573363	standard_tone	sapo_emerge	standard	n/a	n/a	n/a	n/a	n/a
3147.742	0	1573871	standard_tone	sapo_emerge	standard	n/a	n/a	n/a	n/a	n/a
3148.758	0	1574379	standard_tone	sapo_emerge	standard	n/a	n/a	n/a	n/a	n/a
3149.774	0	1574887	standard_tone	sapo_emerge	standard	n/a	n/a	n/a	n/a	n/a
3150.440	0	1575220	sapo_emerge_end	sapo_emerge	block-sapo-emerge-end	n/a	n/a	n/a	n/a	n/a
3150.440	0	1575220	block_duration	sapo_emerge	block-sapo-emerge-duration-2100	n/a	n/a	n/a	2100.000	n/a
3150.442	0	1575221	prompt_window_begin	sapo_emerge	probe-sapo-emerge-begin	n/a	n/a	n/a	n/a	n/a
3159.216	0	1579608	clicker_press	n/a	response-received-arrow_up	n/a	n/a	n/a	n/a	arrow_up
3159.550	0	1579775	depth_rating	sapo_emerge	rating-sapo-emerge-meditation_depth-1	1	n/a	n/a	n/a	n/a
3161.066	0	1580533	clicker_press	n/a	response-received-arrow_up	n/a	n/a	n/a	n/a	arrow_up
3166.976	0	1583488	clicker_press	n/a	response-received-arrow_up	n/a	n/a	n/a	n/a	arrow_up
3167.760	0	1583880	clicker_press	n/a	response-received-arrow_up	n/a	n/a	n/a	n/a	arrow_up
3168.708	0	1584354	clicker_press	n/a	response-received-arrow_up	n/a	n/a	n/a	n/a	arrow_up
3169.574	0	1584787	clicker_press	n/a	response-received-arrow_up	n/a	n/a	n/a	n/a	arrow_up
3169.724	0	1584862	confidence_rating	sapo_emerge	rating-sapo-emerge-confidence_depth-5	n/a	5	n/a	n/a	n/a
3170.740	0	1585370	prompt_window_end	sapo_emerge	probe-sapo-emerge-end	n/a	n/a	n/a	n/a	n/a
3170.742	0	1585371	break_begin	break	break-begin	n/a	n/a	n/a	n/a	n/a
3468.842	0	1734421	clicker_press	break	response-received-enter	n/a	n/a	n/a	n/a	enter
3468.860	0	1734430	break_end	break	break-end	n/a	n/a	n/a	n/a	n/a
3528.660	0	1764330	clicker_press	n/a	response-received-arrow_up	n/a	n/a	n/a	n/a	arrow_up
3528.712	0	1764356	active_oddball_begin	active_oddball	active-oddball-begin	n/a	n/a	n/a	n/a	n/a
3528.722	0	1764361	standard_tone	active_oddball	standard	n/a	n/a	n/a	n/a	n/a
3529.760	0	1764880	standard_tone	active_oddball	standard	n/a	n/a	n/a	n/a	n/a
3530.892	0	1765446	standard_tone	active_oddball	standard	n/a	n/a	n/a	n/a	n/a
3531.942	0	1765971	standard_tone	active_oddball	standard	n/a	n/a	n/a	n/a	n/a
3532.956	0	1766478	oddball_tone	active_oddball	oddball	n/a	n/a	n/a	n/a	n/a
3533.906	0	1766953	clicker_press	active_oddball	response-received-arrow_up	n/a	n/a	n/a	n/a	arrow_up
3533.990	0	1766995	oddball_response	active_oddball	active-oddball-button-press-943ms	n/a	n/a	0.943	n/a	n/a
3533.990	0	1766995	standard_tone	active_oddball	standard	n/a	n/a	n/a	n/a	n/a
3535.022	0	1767511	standard_tone	active_oddball	standard	n/a	n/a	n/a	n/a	n/a
3536.038	0	1768019	standard_tone	active_oddball	standard	n/a	n/a	n/a	n/a	n/a
3537.136	0	1768568	standard_tone	active_oddball	standard	n/a	n/a	n/a	n/a	n/a
3538.252	0	1769126	standard_tone	active_oddball	standard	n/a	n/a	n/a	n/a	n/a
3539.284	0	1769642	standard_tone	active_oddball	standard	n/a	n/a	n/a	n/a	n/a
3540.334	0	1770167	standard_tone	active_oddball	standard	n/a	n/a	n/a	n/a	n/a
3541.400	0	1770700	standard_tone	active_oddball	standard	n/a	n/a	n/a	n/a	n/a
3542.432	0	1771216	standard_tone	active_oddball	standard	n/a	n/a	n/a	n/a	n/a
3543.582	0	1771791	standard_tone	active_oddball	standard	n/a	n/a	n/a	n/a	n/a
3544.588	0	1772294	standard_tone	active_oddball	standard	n/a	n/a	n/a	n/a	n/a
3545.596	0	1772798	standard_tone	active_oddball	standard	n/a	n/a	n/a	n/a	n/a
3546.612	0	1773306	standard_tone	active_oddball	standard	n/a	n/a	n/a	n/a	n/a
3547.744	0	1773872	standard_tone	active_oddball	standard	n/a	n/a	n/a	n/a	n/a
3548.844	0	1774422	standard_tone	active_oddball	standard	n/a	n/a	n/a	n/a	n/a
3549.860	0	1774930	standard_tone	active_oddball	standard	n/a	n/a	n/a	n/a	n/a
3550.876	0	1775438	standard_tone	active_oddball	standard	n/a	n/a	n/a	n/a	n/a
3551.892	0	1775946	standard_tone	active_oddball	standard	n/a	n/a	n/a	n/a	n/a
3552.906	0	1776453	standard_tone	active_oddball	standard	n/a	n/a	n/a	n/a	n/a
3553.922	0	1776961	standard_tone	active_oddball	standard	n/a	n/a	n/a	n/a	n/a
3554.972	0	1777486	oddball_tone	active_oddball	oddball	n/a	n/a	n/a	n/a	n/a
3555.906	0	1777953	clicker_press	active_oddball	response-received-arrow_up	n/a	n/a	n/a	n/a	arrow_up
3555.922	0	1777961	oddball_response	active_oddball	active-oddball-button-press-927ms	n/a	n/a	0.927	n/a	n/a
3556.022	0	1778011	standard_tone	active_oddball	standard	n/a	n/a	n/a	n/a	n/a
3557.104	0	1778552	standard_tone	active_oddball	standard	n/a	n/a	n/a	n/a	n/a
3558.152	0	1779076	distractor_noise	active_oddball	distractor	n/a	n/a	n/a	n/a	n/a
3559.334	0	1779667	oddball_tone	active_oddball	oddball	n/a	n/a	n/a	n/a	n/a
3560.300	0	1780150	clicker_press	active_oddball	response-received-arrow_up	n/a	n/a	n/a	n/a	arrow_up
3560.318	0	1780159	oddball_response	active_oddball	active-oddball-button-press-959ms	n/a	n/a	0.959	n/a	n/a
3560.416	0	1780208	standard_tone	active_oddball	standard	n/a	n/a	n/a	n/a	n/a
3561.450	0	1780725	oddball_tone	active_oddball	oddball	n/a	n/a	n/a	n/a	n/a
3562.382	0	1781191	clicker_press	active_oddball	response-received-arrow_up	n/a	n/a	n/a	n/a	arrow_up
3562.398	0	1781199	oddball_response	active_oddball	active-oddball-button-press-926ms	n/a	n/a	0.926	n/a	n/a
3562.464	0	1781232	standard_tone	active_oddball	standard	n/a	n/a	n/a	n/a	n/a
3563.482	0	1781741	standard_tone	active_oddball	standard	n/a	n/a	n/a	n/a	n/a
3564.548	0	1782274	standard_tone	active_oddball	standard	n/a	n/a	n/a	n/a	n/a
3565.662	0	1782831	standard_tone	active_oddball	standard	n/a	n/a	n/a	n/a	n/a
3566.746	0	1783373	standard_tone	active_oddball	standard	n/a	n/a	n/a	n/a	n/a
3567.928	0	1783964	standard_tone	active_oddball	standard	n/a	n/a	n/a	n/a	n/a
3569.010	0	1784505	standard_tone	active_oddball	standard	n/a	n/a	n/a	n/a	n/a
3570.026	0	1785013	standard_tone	active_oddball	standard	n/a	n/a	n/a	n/a	n/a
3571.058	0	1785529	standard_tone	active_oddball	standard	n/a	n/a	n/a	n/a	n/a
3572.074	0	1786037	standard_tone	active_oddball	standard	n/a	n/a	n/a	n/a	n/a
3573.106	0	1786553	oddball_tone	active_oddball	oddball	n/a	n/a	n/a	n/a	n/a
3574.006	0	1787003	clicker_press	active_oddball	response-received-arrow_up	n/a	n/a	n/a	n/a	arrow_up
3574.106	0	1787053	oddball_response	active_oddball	active-oddball-button-press-893ms	n/a	n/a	0.893	n/a	n/a
3574.106	0	1787053	distractor_noise	active_oddball	distractor	n/a	n/a	n/a	n/a	n/a
3575.156	0	1787578	standard_tone	active_oddball	standard	n/a	n/a	n/a	n/a	n/a
3576.188	0	1788094	standard_tone	active_oddball	standard	n/a	n/a	n/a	n/a	n/a
3577.204	0	1788602	oddball_tone	active_oddball	oddball	n/a	n/a	n/a	n/a	n/a
3578.236	0	1789118	clicker_press	active_oddball	response-received-arrow_up	n/a	n/a	n/a	n/a	arrow_up
3578.238	0	1789119	oddball_response	active_oddball	active-oddball-button-press-1027ms	n/a	n/a	1.027	n/a	n/a
3578.238	0	1789119	standard_tone	active_oddball	standard	n/a	n/a	n/a	n/a	n/a
3579.268	0	1789634	standard_tone	active_oddball	standard	n/a	n/a	n/a	n/a	n/a
3580.334	0	1790167	standard_tone	active_oddball	standard	n/a	n/a	n/a	n/a	n/a
3581.366	0	1790683	distractor_noise	active_oddball	distractor	n/a	n/a	n/a	n/a	n/a
3582.400	0	1791200	standard_tone	active_oddball	standard	n/a	n/a	n/a	n/a	n/a
3583.416	0	1791708	standard_tone	active_oddball	standard	n/a	n/a	n/a	n/a	n/a
3584.480	0	1792240	standard_tone	active_oddball	standard	n/a	n/a	n/a	n/a	n/a
3585.530	0	1792765	standard_tone	active_oddball	standard	n/a	n/a	n/a	n/a	n/a
3586.746	0	1793373	standard_tone	active_oddball	standard	n/a	n/a	n/a	n/a	n/a
3587.862	0	1793931	standard_tone	active_oddball	standard	n/a	n/a	n/a	n/a	n/a
3588.878	0	1794439	standard_tone	active_oddball	standard	n/a	n/a	n/a	n/a	n/a
3589.894	0	1794947	standard_tone	active_oddball	standard	n/a	n/a	n/a	n/a	n/a
3591.074	0	1795537	standard_tone	active_oddball	standard	n/a	n/a	n/a	n/a	n/a
3592.140	0	1796070	standard_tone	active_oddball	standard	n/a	n/a	n/a	n/a	n/a
3593.156	0	1796578	standard_tone	active_oddball	standard	n/a	n/a	n/a	n/a	n/a
3594.222	0	1797111	standard_tone	active_oddball	standard	n/a	n/a	n/a	n/a	n/a
3595.338	0	1797669	standard_tone	active_oddball	standard	n/a	n/a	n/a	n/a	n/a
3596.370	0	1798185	standard_tone	active_oddball	standard	n/a	n/a	n/a	n/a	n/a
3597.386	0	1798693	standard_tone	active_oddball	standard	n/a	n/a	n/a	n/a	n/a
3598.470	0	1799235	standard_tone	active_oddball	standard	n/a	n/a	n/a	n/a	n/a
3599.536	0	1799768	standard_tone	active_oddball	standard	n/a	n/a	n/a	n/a	n/a
3600.584	0	1800292	standard_tone	active_oddball	standard	n/a	n/a	n/a	n/a	n/a
3601.650	0	1800825	standard_tone	active_oddball	standard	n/a	n/a	n/a	n/a	n/a
3602.766	0	1801383	standard_tone	active_oddball	standard	n/a	n/a	n/a	n/a	n/a
3603.782	0	1801891	distractor_noise	active_oddball	distractor	n/a	n/a	n/a	n/a	n/a
3604.814	0	1802407	standard_tone	active_oddball	standard	n/a	n/a	n/a	n/a	n/a
3605.830	0	1802915	oddball_tone	active_oddball	oddball	n/a	n/a	n/a	n/a	n/a
3606.846	0	1803423	distractor_noise	active_oddball	distractor	n/a	n/a	n/a	n/a	n/a
3607.128	0	1803564	clicker_press	active_oddball	response-received-arrow_up	n/a	n/a	n/a	n/a	arrow_up
3607.196	0	1803598	oddball_response	active_oddball	active-oddball-button-press-277ms	n/a	n/a	0.277	n/a	n/a
3607.862	0	1803931	standard_tone	active_oddball	standard	n/a	n/a	n/a	n/a	n/a
3608.894	0	1804447	standard_tone	active_oddball	standard	n/a	n/a	n/a	n/a	n/a
3610.042	0	1805021	standard_tone	active_oddball	standard	n/a	n/a	n/a	n/a	n/a
3611.058	0	1805529	standard_tone	active_oddball	standard	n/a	n/a	n/a	n/a	n/a
3612.074	0	1806037	standard_tone	active_oddball	standard	n/a	n/a	n/a	n/a	n/a
3613.090	0	1806545	standard_tone	active_oddball	standard	n/a	n/a	n/a	n/a	n/a
3614.106	0	1807053	oddball_tone	active_oddball	oddball	n/a	n/a	n/a	n/a	n/a
3615.222	0	1807611	distractor_noise	active_oddball	distractor	n/a	n/a	n/a	n/a	n/a
3615.354	0	1807677	clicker_press	active_oddball	response-received-arrow_up	n/a	n/a	n/a	n/a	arrow_up
3615.506	0	1807753	oddball_response	active_oddball	active-oddball-button-press-125ms	n/a	n/a	0.125	n/a	n/a
3616.370	0	1808185	oddball_tone	active_oddball	oddball	n/a	n/a	n/a	n/a	n/a
3617.486	0	1808743	standard_tone	active_oddball	standard	n/a	n/a	n/a	n/a	n/a
3617.536	0	1808768	clicker_press	active_oddball	response-received-arrow_up	n/a	n/a	n/a	n/a	arrow_up
3617.620	0	1808810	oddball_response	active_oddball	active-oddball-button-press-44ms	n/a	n/a	0.044	n/a	n/a
3618.518	0	1809259	oddball_tone	active_oddball	oddball	n/a	n/a	n/a	n/a	n/a
3619.602	0	1809801	clicker_press	active_oddball	response-received-arrow_up	n/a	n/a	n/a	n/a	arrow_up
3619.602	0	1809801	oddball_response	active_oddball	active-oddball-button-press-1075ms	n/a	n/a	1.075	n/a	n/a
3619.604	0	1809802	standard_tone	active_oddball	standard	n/a	n/a	n/a	n/a	n/a
3620.700	0	1810350	standard_tone	active_oddball	standard	n/a	n/a	n/a	n/a	n/a
3621.850	0	1810925	oddball_tone	active_oddball	oddball	n/a	n/a	n/a	n/a	n/a
3622.882	0	1811441	standard_tone	active_oddball	standard	n/a	n/a	n/a	n/a	n/a
3622.898	0	1811449	clicker_press	active_oddball	response-received-arrow_up	n/a	n/a	n/a	n/a	arrow_up
3622.916	0	1811458	oddball_response	active_oddball	active-oddball-button-press-10ms	n/a	n/a	0.010	n/a	n/a
3623.898	0	1811949	standard_tone	active_oddball	standard	n/a	n/a	n/a	n/a	n/a
3624.948	0	1812474	distractor_noise	active_oddball	distractor	n/a	n/a	n/a	n/a	n/a
3625.962	0	1812981	standard_tone	active_oddball	standard	n/a	n/a	n/a	n/a	n/a
3627.212	0	1813606	standard_tone	active_oddball	standard	n/a	n/a	n/a	n/a	n/a
3628.226	0	1814113	standard_tone	active_oddball	standard	n/a	n/a	n/a	n/a	n/a
3629.344	0	1814672	standard_tone	active_oddball	standard	n/a	n/a	n/a	n/a	n/a
3630.492	0	1815246	standard_tone	active_oddball	standard	n/a	n/a	n/a	n/a	n/a
3631.508	0	1815754	standard_tone	active_oddball	standard	n/a	n/a	n/a	n/a	n/a
3632.524	0	1816262	standard_tone	active_oddball	standard	n/a	n/a	n/a	n/a	n/a
3633.572	0	1816786	standard_tone	active_oddball	standard	n/a	n/a	n/a	n/a	n/a
3634.688	0	1817344	standard_tone	active_oddball	standard	n/a	n/a	n/a	n/a	n/a
3635.722	0	1817861	standard_tone	active_oddball	standard	n/a	n/a	n/a	n/a	n/a
3636.854	0	1818427	distractor_noise	active_oddball	distractor	n/a	n/a	n/a	n/a	n/a
3637.886	0	1818943	standard_tone	active_oddball	standard	n/a	n/a	n/a	n/a	n/a
3638.918	0	1819459	standard_tone	active_oddball	standard	n/a	n/a	n/a	n/a	n/a
3639.952	0	1819976	oddball_tone	active_oddball	oddball	n/a	n/a	n/a	n/a	n/a
3640.984	0	1820492	standard_tone	active_oddball	standard	n/a	n/a	n/a	n/a	n/a
3641.084	0	1820542	clicker_press	active_oddball	response-received-arrow_up	n/a	n/a	n/a	n/a	arrow_up
3641.134	0	1820567	oddball_response	active_oddball	active-oddball-button-press-94ms	n/a	n/a	0.094	n/a	n/a
3642.016	0	1821008	standard_tone	active_oddball	standard	n/a	n/a	n/a	n/a	n/a
3643.066	0	1821533	oddball_tone	active_oddball	oddball	n/a	n/a	n/a	n/a	n/a
3644.082	0	1822041	distractor_noise	active_oddball	distractor	n/a	n/a	n/a	n/a	n/a
3644.232	0	1822116	clicker_press	active_oddball	response-received-arrow_up	n/a	n/a	n/a	n/a	arrow_up
3644.298	0	1822149	oddball_response	active_oddball	active-oddball-button-press-144ms	n/a	n/a	0.144	n/a	n/a
3645.098	0	1822549	standard_tone	active_oddball	standard	n/a	n/a	n/a	n/a	n/a
3646.112	0	1823056	standard_tone	active_oddball	standard	n/a	n/a	n/a	n/a	n/a
3647.128	0	1823564	standard_tone	active_oddball	standard	n/a	n/a	n/a	n/a	n/a
3648.146	0	1824073	standard_tone	active_oddball	standard	n/a	n/a	n/a	n/a	n/a
3649.226	0	1824613	distractor_noise	active_oddball	distractor	n/a	n/a	n/a	n/a	n/a
3650.260	0	1825130	standard_tone	active_oddball	standard	n/a	n/a	n/a	n/a	n/a
3651.276	0	1825638	standard_tone	active_oddball	standard	n/a	n/a	n/a	n/a	n/a
3652.290	0	1826145	standard_tone	active_oddball	standard	n/a	n/a	n/a	n/a	n/a
3653.374	0	1826687	standard_tone	active_oddball	standard	n/a	n/a	n/a	n/a	n/a
3654.522	0	1827261	standard_tone	active_oddball	standard	n/a	n/a	n/a	n/a	n/a
3655.622	0	1827811	standard_tone	active_oddball	standard	n/a	n/a	n/a	n/a	n/a
3656.638	0	1828319	standard_tone	active_oddball	standard	n/a	n/a	n/a	n/a	n/a
3657.704	0	1828852	standard_tone	active_oddball	standard	n/a	n/a	n/a	n/a	n/a
3658.720	0	1829360	standard_tone	active_oddball	standard	n/a	n/a	n/a	n/a	n/a
3659.868	0	1829934	standard_tone	active_oddball	standard	n/a	n/a	n/a	n/a	n/a
3660.950	0	1830475	distractor_noise	active_oddball	distractor	n/a	n/a	n/a	n/a	n/a
3662.000	0	1831000	standard_tone	active_oddball	standard	n/a	n/a	n/a	n/a	n/a
3663.016	0	1831508	standard_tone	active_oddball	standard	n/a	n/a	n/a	n/a	n/a
3664.082	0	1832041	oddball_tone	active_oddball	oddball	n/a	n/a	n/a	n/a	n/a
3665.098	0	1832549	standard_tone	active_oddball	standard	n/a	n/a	n/a	n/a	n/a
3665.206	0	1832603	clicker_press	active_oddball	response-received-arrow_up	n/a	n/a	n/a	n/a	arrow_up
3665.298	0	1832649	oddball_response	active_oddball	active-oddball-button-press-102ms	n/a	n/a	0.102	n/a	n/a
3666.198	0	1833099	standard_tone	active_oddball	standard	n/a	n/a	n/a	n/a	n/a
3667.378	0	1833689	oddball_tone	active_oddball	oddball	n/a	n/a	n/a	n/a	n/a
3668.394	0	1834197	standard_tone	active_oddball	standard	n/a	n/a	n/a	n/a	n/a
3668.412	0	1834206	clicker_press	active_oddball	response-received-arrow_up	n/a	n/a	n/a	n/a	arrow_up
3668.478	0	1834239	oddball_response	active_oddball	active-oddball-button-press-12ms	n/a	n/a	0.012	n/a	n/a
3669.426	0	1834713	standard_tone	active_oddball	standard	n/a	n/a	n/a	n/a	n/a
3670.460	0	1835230	standard_tone	active_oddball	standard	n/a	n/a	n/a	n/a	n/a
3671.476	0	1835738	standard_tone	active_oddball	standard	n/a	n/a	n/a	n/a	n/a
3672.508	0	1836254	standard_tone	active_oddball	standard	n/a	n/a	n/a	n/a	n/a
3673.574	0	1836787	oddball_tone	active_oddball	oddball	n/a	n/a	n/a	n/a	n/a
3674.672	0	1837336	clicker_press	active_oddball	response-received-arrow_up	n/a	n/a	n/a	n/a	arrow_up
3674.690	0	1837345	oddball_response	active_oddball	active-oddball-button-press-1090ms	n/a	n/a	1.090	n/a	n/a
3674.690	0	1837345	standard_tone	active_oddball	standard	n/a	n/a	n/a	n/a	n/a
3675.706	0	1837853	distractor_noise	active_oddball	distractor	n/a	n/a	n/a	n/a	n/a
3676.738	0	1838369	oddball_tone	active_oddball	oddball	n/a	n/a	n/a	n/a	n/a
3677.836	0	1838918	standard_tone	active_oddball	standard	n/a	n/a	n/a	n/a	n/a
3677.904	0	1838952	clicker_press	active_oddball	response-received-arrow_up	n/a	n/a	n/a	n/a	arrow_up
3677.986	0	1838993	oddball_response	active_oddball	active-oddball-button-press-61ms	n/a	n/a	0.061	n/a	n/a
3678.952	0	1839476	standard_tone	active_oddball	standard	n/a	n/a	n/a	n/a	n/a
3680.036	0	1840018	standard_tone	active_oddball	standard	n/a	n/a	n/a	n/a	n/a
3681.068	0	1840534	standard_tone	active_oddball	standard	n/a	n/a	n/a	n/a	n/a
3682.100	0	1841050	standard_tone	active_oddball	standard	n/a	n/a	n/a	n/a	n/a
3683.116	0	1841558	standard_tone	active_oddball	standard	n/a	n/a	n/a	n/a	n/a
3684.132	0	1842066	standard_tone	active_oddball	standard	n/a	n/a	n/a	n/a	n/a
3685.198	0	1842599	standard_tone	active_oddball	standard	n/a	n/a	n/a	n/a	n/a
3686.264	0	1843132	standard_tone	active_oddball	standard	n/a	n/a	n/a	n/a	n/a
3687.328	0	1843664	oddball_tone	active_oddball	oddball	n/a	n/a	n/a	n/a	n/a
3688.362	0	1844181	standard_tone	active_oddball	standard	n/a	n/a	n/a	n/a	n/a
3688.478	0	1844239	clicker_press	active_oddball	response-received-arrow_up	n/a	n/a	n/a	n/a	arrow_up
3688.512	0	1844256	oddball_response	active_oddball	active-oddball-button-press-112ms	n/a	n/a	0.112	n/a	n/a
3689.378	0	1844689	distractor_noise	active_oddball	distractor	n/a	n/a	n/a	n/a	n/a
3690.460	0	1845230	standard_tone	active_oddball	standard	n/a	n/a	n/a	n/a	n/a
3691.492	0	1845746	oddball_tone	active_oddball	oddball	n/a	n/a	n/a	n/a	n/a
3692.558	0	1846279	standard_tone	active_oddball	standard	n/a	n/a	n/a	n/a	n/a
3692.608	0	1846304	clicker_press	active_oddball	response-received-arrow_up	n/a	n/a	n/a	n/a	arrow_up
3692.640	0	1846320	oddball_response	active_oddball	active-oddball-button-press-45ms	n/a	n/a	0.045	n/a	n/a
3693.640	0	1846820	standard_tone	active_oddball	standard	n/a	n/a	n/a	n/a	n/a
3694.690	0	1847345	standard_tone	active_oddball	standard	n/a	n/a	n/a	n/a	n/a
3695.788	0	1847894	standard_tone	active_oddball	standard	n/a	n/a	n/a	n/a	n/a
3696.804	0	1848402	distractor_noise	active_oddball	distractor	n/a	n/a	n/a	n/a	n/a
3697.820	0	1848910	standard_tone	active_oddball	standard	n/a	n/a	n/a	n/a	n/a
3698.852	0	1849426	standard_tone	active_oddball	standard	n/a	n/a	n/a	n/a	n/a
3699.936	0	1849968	standard_tone	active_oddball	standard	n/a	n/a	n/a	n/a	n/a
3700.952	0	1850476	oddball_tone	active_oddball	oddball	n/a	n/a	n/a	n/a	n/a
3702.050	0	1851025	standard_tone	active_oddball	standard	n/a	n/a	n/a	n/a	n/a
3702.300	0	1851150	clicker_press	active_oddball	response-received-arrow_up	n/a	n/a	n/a	n/a	arrow_up
3702.400	0	1851200	oddball_response	active_oddball	active-oddball-button-press-244ms	n/a	n/a	0.244	n/a	n/a
3703.198	0	1851599	oddball_tone	active_oddball	oddball	n/a	n/a	n/a	n/a	n/a
3704.232	0	1852116	standard_tone	active_oddball	standard	n/a	n/a	n/a	n/a	n/a
3704.398	0	1852199	clicker_press	active_oddball	response-received-arrow_up	n/a	n/a	n/a	n/a	arrow_up
3704.480	0	1852240	oddball_response	active_oddball	active-oddball-button-press-161ms	n/a	n/a	0.161	n/a	n/a
3705.248	0	1852624	standard_tone	active_oddball	standard	n/a	n/a	n/a	n/a	n/a
3706.446	0	1853223	standard_tone	active_oddball	standard	n/a	n/a	n/a	n/a	n/a
3707.628	0	1853814	standard_tone	active_oddball	standard	n/a	n/a	n/a	n/a	n/a
3708.678	0	1854339	standard_tone	active_oddball	standard	n/a	n/a	n/a	n/a	n/a
3709.728	0	1854864	distractor_noise	active_oddball	distractor	n/a	n/a	n/a	n/a	n/a
3710.760	0	1855380	standard_tone	active_oddball	standard	n/a	n/a	n/a	n/a	n/a
3711.792	0	1855896	standard_tone	active_oddball	standard	n/a	n/a	n/a	n/a	n/a
3712.808	0	1856404	standard_tone	active_oddball	standard	n/a	n/a	n/a	n/a	n/a
3713.824	0	1856912	oddball_tone	active_oddball	oddball	n/a	n/a	n/a	n/a	n/a
3714.840	0	1857420	distractor_noise	active_oddball	distractor	n/a	n/a	n/a	n/a	n/a
3715.006	0	1857503	clicker_press	active_oddball	response-received-arrow_up	n/a	n/a	n/a	n/a	arrow_up
3715.040	0	1857520	oddball_response	active_oddball	active-oddball-button-press-160ms	n/a	n/a	0.160	n/a	n/a
3715.872	0	1857936	standard_tone	active_oddball	standard	n/a	n/a	n/a	n/a	n/a
3716.888	0	1858444	standard_tone	active_oddball	standard	n/a	n/a	n/a	n/a	n/a
3717.970	0	1858985	oddball_tone	active_oddball	oddball	n/a	n/a	n/a	n/a	n/a
3719.136	0	1859568	standard_tone	active_oddball	standard	n/a	n/a	n/a	n/a	n/a
3719.452	0	1859726	clicker_press	active_oddball	response-received-arrow_up	n/a	n/a	n/a	n/a	arrow_up
3719.486	0	1859743	oddball_response	active_oddball	active-oddball-button-press-311ms	n/a	n/a	0.311	n/a	n/a
3720.168	0	1860084	standard_tone	active_oddball	standard	n/a	n/a	n/a	n/a	n/a
3721.184	0	1860592	distractor_noise	active_oddball	distractor	n/a	n/a	n/a	n/a	n/a
3722.266	0	1861133	standard_tone	active_oddball	standard	n/a	n/a	n/a	n/a	n/a
3723.282	0	1861641	standard_tone	active_oddball	standard	n/a	n/a	n/a	n/a	n/a
3724.432	0	1862216	standard_tone	active_oddball	standard	n/a	n/a	n/a	n/a	n/a
3725.432	0	1862716	standard_tone	active_oddball	standard	n/a	n/a	n/a	n/a	n/a
3726.448	0	1863224	oddball_tone	active_oddball	oddball	n/a	n/a	n/a	n/a	n/a
3727.480	0	1863740	distractor_noise	active_oddball	distractor	n/a	n/a	n/a	n/a	n/a
3727.628	0	1863814	clicker_press	active_oddball	response-received-arrow_up	n/a	n/a	n/a	n/a	arrow_up
3727.712	0	1863856	oddball_response	active_oddball	active-oddball-button-press-143ms	n/a	n/a	0.143	n/a	n/a
3728.494	0	1864247	standard_tone	active_oddball	standard	n/a	n/a	n/a	n/a	n/a
3729.528	0	1864764	distractor_noise	active_oddball	distractor	n/a	n/a	n/a	n/a	n/a
3730.626	0	1865313	standard_tone	active_oddball	standard	n/a	n/a	n/a	n/a	n/a
3731.692	0	1865846	standard_tone	active_oddball	standard	n/a	n/a	n/a	n/a	n/a
3732.708	0	1866354	standard_tone	active_oddball	standard	n/a	n/a	n/a	n/a	n/a
3733.808	0	1866904	standard_tone	active_oddball	standard	n/a	n/a	n/a	n/a	n/a
3734.856	0	1867428	oddball_tone	active_oddball	oddball	n/a	n/a	n/a	n/a	n/a
3735.872	0	1867936	standard_tone	active_oddball	standard	n/a	n/a	n/a	n/a	n/a
3735.906	0	1867953	clicker_press	active_oddball	response-received-arrow_up	n/a	n/a	n/a	n/a	arrow_up
3735.922	0	1867961	oddball_response	active_oddball	active-oddball-button-press-26ms	n/a	n/a	0.026	n/a	n/a
3736.904	0	1868452	standard_tone	active_oddball	standard	n/a	n/a	n/a	n/a	n/a
3737.920	0	1868960	standard_tone	active_oddball	standard	n/a	n/a	n/a	n/a	n/a
3738.970	0	1869485	standard_tone	active_oddball	standard	n/a	n/a	n/a	n/a	n/a
3739.986	0	1869993	standard_tone	active_oddball	standard	n/a	n/a	n/a	n/a	n/a
3741.034	0	1870517	standard_tone	active_oddball	standard	n/a	n/a	n/a	n/a	n/a
3742.066	0	1871033	standard_tone	active_oddball	standard	n/a	n/a	n/a	n/a	n/a
3743.082	0	1871541	standard_tone	active_oddball	standard	n/a	n/a	n/a	n/a	n/a
3744.100	0	1872050	distractor_noise	active_oddball	distractor	n/a	n/a	n/a	n/a	n/a
3745.114	0	1872557	standard_tone	active_oddball	standard	n/a	n/a	n/a	n/a	n/a
3746.314	0	1873157	standard_tone	active_oddball	standard	n/a	n/a	n/a	n/a	n/a
3747.380	0	1873690	standard_tone	active_oddball	standard	n/a	n/a	n/a	n/a	n/a
3748.394	0	1874197	standard_tone	active_oddball	standard	n/a	n/a	n/a	n/a	n/a
3749.444	0	1874722	standard_tone	active_oddball	standard	n/a	n/a	n/a	n/a	n/a
3750.478	0	1875239	distractor_noise	active_oddball	distractor	n/a	n/a	n/a	n/a	n/a
3751.542	0	1875771	standard_tone	active_oddball	standard	n/a	n/a	n/a	n/a	n/a
3752.574	0	1876287	distractor_noise	active_oddball	distractor	n/a	n/a	n/a	n/a	n/a
3753.624	0	1876812	standard_tone	active_oddball	standard	n/a	n/a	n/a	n/a	n/a
3754.656	0	1877328	standard_tone	active_oddball	standard	n/a	n/a	n/a	n/a	n/a
3755.772	0	1877886	standard_tone	active_oddball	standard	n/a	n/a	n/a	n/a	n/a
3756.788	0	1878394	standard_tone	active_oddball	standard	n/a	n/a	n/a	n/a	n/a
3757.804	0	1878902	standard_tone	active_oddball	standard	n/a	n/a	n/a	n/a	n/a
3758.820	0	1879410	standard_tone	active_oddball	standard	n/a	n/a	n/a	n/a	n/a
3759.936	0	1879968	standard_tone	active_oddball	standard	n/a	n/a	n/a	n/a	n/a
3760.984	0	1880492	standard_tone	active_oddball	standard	n/a	n/a	n/a	n/a	n/a
3762.000	0	1881000	standard_tone	active_oddball	standard	n/a	n/a	n/a	n/a	n/a
3763.016	0	1881508	standard_tone	active_oddball	standard	n/a	n/a	n/a	n/a	n/a
3764.048	0	1882024	standard_tone	active_oddball	standard	n/a	n/a	n/a	n/a	n/a
3765.180	0	1882590	standard_tone	active_oddball	standard	n/a	n/a	n/a	n/a	n/a
3766.346	0	1883173	standard_tone	active_oddball	standard	n/a	n/a	n/a	n/a	n/a
3767.362	0	1883681	standard_tone	active_oddball	standard	n/a	n/a	n/a	n/a	n/a
3768.428	0	1884214	standard_tone	active_oddball	standard	n/a	n/a	n/a	n/a	n/a
3769.528	0	1884764	standard_tone	active_oddball	standard	n/a	n/a	n/a	n/a	n/a
3770.544	0	1885272	standard_tone	active_oddball	standard	n/a	n/a	n/a	n/a	n/a
3771.610	0	1885805	distractor_noise	active_oddball	distractor	n/a	n/a	n/a	n/a	n/a
3772.642	0	1886321	standard_tone	active_oddball	standard	n/a	n/a	n/a	n/a	n/a
3773.658	0	1886829	standard_tone	active_oddball	standard	n/a	n/a	n/a	n/a	n/a
3774.674	0	1887337	standard_tone	active_oddball	standard	n/a	n/a	n/a	n/a	n/a
3775.688	0	1887844	standard_tone	active_oddball	standard	n/a	n/a	n/a	n/a	n/a
3776.722	0	1888361	standard_tone	active_oddball	standard	n/a	n/a	n/a	n/a	n/a
3777.738	0	1888869	oddball_tone	active_oddball	oddball	n/a	n/a	n/a	n/a	n/a
3778.754	0	1889377	standard_tone	active_oddball	standard	n/a	n/a	n/a	n/a	n/a
3778.936	0	1889468	clicker_press	active_oddball	response-received-arrow_up	n/a	n/a	n/a	n/a	arrow_up
3778.952	0	1889476	oddball_response	active_oddball	active-oddball-button-press-177ms	n/a	n/a	0.177	n/a	n/a
3779.786	0	1889893	standard_tone	active_oddball	standard	n/a	n/a	n/a	n/a	n/a
3780.802	0	1890401	standard_tone	active_oddball	standard	n/a	n/a	n/a	n/a	n/a
3781.868	0	1890934	standard_tone	active_oddball	standard	n/a	n/a	n/a	n/a	n/a
3782.916	0	1891458	oddball_tone	active_oddball	oddball	n/a	n/a	n/a	n/a	n/a
3783.948	0	1891974	distractor_noise	active_oddball	distractor	n/a	n/a	n/a	n/a	n/a
3784.150	0	1892075	clicker_press	active_oddball	response-received-arrow_up	n/a	n/a	n/a	n/a	arrow_up
3784.232	0	1892116	oddball_response	active_oddball	active-oddball-button-press-194ms	n/a	n/a	0.194	n/a	n/a
3784.964	0	1892482	standard_tone	active_oddball	standard	n/a	n/a	n/a	n/a	n/a
3785.980	0	1892990	distractor_noise	active_oddball	distractor	n/a	n/a	n/a	n/a	n/a
3787.046	0	1893523	standard_tone	active_oddball	standard	n/a	n/a	n/a	n/a	n/a
3788.062	0	1894031	standard_tone	active_oddball	standard	n/a	n/a	n/a	n/a	n/a
3789.094	0	1894547	distractor_noise	active_oddball	distractor	n/a	n/a	n/a	n/a	n/a
3790.244	0	1895122	standard_tone	active_oddball	standard	n/a	n/a	n/a	n/a	n/a
3791.260	0	1895630	standard_tone	active_oddball	standard	n/a	n/a	n/a	n/a	n/a
3792.276	0	1896138	standard_tone	active_oddball	standard	n/a	n/a	n/a	n/a	n/a
3793.308	0	1896654	standard_tone	active_oddball	standard	n/a	n/a	n/a	n/a	n/a
3794.374	0	1897187	standard_tone	active_oddball	standard	n/a	n/a	n/a	n/a	n/a
3795.406	0	1897703	standard_tone	active_oddball	standard	n/a	n/a	n/a	n/a	n/a
3796.472	0	1898236	standard_tone	active_oddball	standard	n/a	n/a	n/a	n/a	n/a
3797.488	0	1898744	standard_tone	active_oddball	standard	n/a	n/a	n/a	n/a	n/a
3798.636	0	1899318	distractor_noise	active_oddball	distractor	n/a	n/a	n/a	n/a	n/a
3799.652	0	1899826	standard_tone	active_oddball	standard	n/a	n/a	n/a	n/a	n/a
3800.802	0	1900401	standard_tone	active_oddball	standard	n/a	n/a	n/a	n/a	n/a
3801.934	0	1900967	standard_tone	active_oddball	standard	n/a	n/a	n/a	n/a	n/a
3802.950	0	1901475	standard_tone	active_oddball	standard	n/a	n/a	n/a	n/a	n/a
3804.016	0	1902008	standard_tone	active_oddball	standard	n/a	n/a	n/a	n/a	n/a
3805.132	0	1902566	standard_tone	active_oddball	standard	n/a	n/a	n/a	n/a	n/a
3806.146	0	1903073	standard_tone	active_oddball	standard	n/a	n/a	n/a	n/a	n/a
3807.212	0	1903606	standard_tone	active_oddball	standard	n/a	n/a	n/a	n/a	n/a
3808.312	0	1904156	standard_tone	active_oddball	standard	n/a	n/a	n/a	n/a	n/a
3809.362	0	1904681	standard_tone	active_oddball	standard	n/a	n/a	n/a	n/a	n/a
3810.410	0	1905205	distractor_noise	active_oddball	distractor	n/a	n/a	n/a	n/a	n/a
3811.460	0	1905730	standard_tone	active_oddball	standard	n/a	n/a	n/a	n/a	n/a
3812.508	0	1906254	standard_tone	active_oddball	standard	n/a	n/a	n/a	n/a	n/a
3813.556	0	1906778	standard_tone	active_oddball	standard	n/a	n/a	n/a	n/a	n/a
3814.590	0	1907295	standard_tone	active_oddball	standard	n/a	n/a	n/a	n/a	n/a
3815.606	0	1907803	distractor_noise	active_oddball	distractor	n/a	n/a	n/a	n/a	n/a
3816.622	0	1908311	standard_tone	active_oddball	standard	n/a	n/a	n/a	n/a	n/a
3817.754	0	1908877	standard_tone	active_oddball	standard	n/a	n/a	n/a	n/a	n/a
3818.772	0	1909386	standard_tone	active_oddball	standard	n/a	n/a	n/a	n/a	n/a
3819.786	0	1909893	standard_tone	active_oddball	standard	n/a	n/a	n/a	n/a	n/a
3820.836	0	1910418	oddball_tone	active_oddball	oddball	n/a	n/a	n/a	n/a	n/a
3821.968	0	1910984	clicker_press	active_oddball	response-received-arrow_up	n/a	n/a	n/a	n/a	arrow_up
3822.118	0	1911059	oddball_response	active_oddball	active-oddball-button-press-1126ms	n/a	n/a	1.126	n/a	n/a
3822.118	0	1911059	standard_tone	active_oddball	standard	n/a	n/a	n/a	n/a	n/a
3823.150	0	1911575	distractor_noise	active_oddball	distractor	n/a	n/a	n/a	n/a	n/a
3824.182	0	1912091	standard_tone	active_oddball	standard	n/a	n/a	n/a	n/a	n/a
3825.198	0	1912599	standard_tone	active_oddball	standard	n/a	n/a	n/a	n/a	n/a
3826.214	0	1913107	standard_tone	active_oddball	standard	n/a	n/a	n/a	n/a	n/a
3827.230	0	1913615	standard_tone	active_oddball	standard	n/a	n/a	n/a	n/a	n/a
3828.262	0	1914131	standard_tone	active_oddball	standard	n/a	n/a	n/a	n/a	n/a
3829.310	0	1914655	standard_tone	active_oddball	standard	n/a	n/a	n/a	n/a	n/a
3830.542	0	1915271	oddball_tone	active_oddball	oddball	n/a	n/a	n/a	n/a	n/a
3831.576	0	1915788	standard_tone	active_oddball	standard	n/a	n/a	n/a	n/a	n/a
3831.758	0	1915879	clicker_press	active_oddball	response-received-arrow_up	n/a	n/a	n/a	n/a	arrow_up
3831.776	0	1915888	oddball_response	active_oddball	active-oddball-button-press-178ms	n/a	n/a	0.178	n/a	n/a
3832.774	0	1916387	standard_tone	active_oddball	standard	n/a	n/a	n/a	n/a	n/a
3833.790	0	1916895	standard_tone	active_oddball	standard	n/a	n/a	n/a	n/a	n/a
3834.990	0	1917495	standard_tone	active_oddball	standard	n/a	n/a	n/a	n/a	n/a
3836.056	0	1918028	oddball_tone	active_oddball	oddball	n/a	n/a	n/a	n/a	n/a
3837.104	0	1918552	standard_tone	active_oddball	standard	n/a	n/a	n/a	n/a	n/a
3837.288	0	1918644	clicker_press	active_oddball	response-received-arrow_up	n/a	n/a	n/a	n/a	arrow_up
3837.438	0	1918719	oddball_response	active_oddball	active-oddball-button-press-177ms	n/a	n/a	0.177	n/a	n/a
3838.136	0	1919068	standard_tone	active_oddball	standard	n/a	n/a	n/a	n/a	n/a
3839.170	0	1919585	standard_tone	active_oddball	standard	n/a	n/a	n/a	n/a	n/a
3840.236	0	1920118	standard_tone	active_oddball	standard	n/a	n/a	n/a	n/a	n/a
3841.368	0	1920684	standard_tone	active_oddball	standard	n/a	n/a	n/a	n/a	n/a
3842.534	0	1921267	standard_tone	active_oddball	standard	n/a	n/a	n/a	n/a	n/a
3843.648	0	1921824	standard_tone	active_oddball	standard	n/a	n/a	n/a	n/a	n/a
3844.664	0	1922332	standard_tone	active_oddball	standard	n/a	n/a	n/a	n/a	n/a
3845.780	0	1922890	active_oddball_end	active_oddball	active-oddball-end	n/a	n/a	n/a	n/a	n/a
3845.782	0	1922891	prompt_window_begin	active_oddball	probe-oddball-begin	n/a	n/a	n/a	n/a	n/a
3852.826	0	1926413	clicker_press	n/a	response-received-arrow_up	n/a	n/a	n/a	n/a	arrow_up
3853.574	0	1926787	clicker_press	n/a	response-received-arrow_up	n/a	n/a	n/a	n/a	arrow_up
3854.140	0	1927070	clicker_press	n/a	response-received-arrow_up	n/a	n/a	n/a	n/a	arrow_up
3854.840	0	1927420	depth_rating	active_oddball	rating-oddball-meditation_depth-3	3	n/a	n/a	n/a	n/a
3861.218	0	1930609	clicker_press	n/a	response-received-arrow_up	n/a	n/a	n/a	n/a	arrow_up
3861.868	0	1930934	clicker_press	n/a	response-received-arrow_up	n/a	n/a	n/a	n/a	arrow_up
3862.416	0	1931208	clicker_press	n/a	response-received-arrow_up	n/a	n/a	n/a	n/a	arrow_up
3862.918	0	1931459	clicker_press	n/a	response-received-arrow_up	n/a	n/a	n/a	n/a	arrow_up
3864.882	0	1932441	confidence_rating	active_oddball	rating-oddball-confidence_depth-4	n/a	4	n/a	n/a	n/a
3865.932	0	1932966	prompt_window_end	active_oddball	probe-oddball-end	n/a	n/a	n/a	n/a	n/a
3978.488	0	1989244	clicker_press	n/a	response-received-arrow_up	n/a	n/a	n/a	n/a	arrow_up
3978.514	0	1989257	silent_probe_begin	silent_probe	block-nosapo-probe-begin	n/a	n/a	n/a	n/a	n/a
3978.516	0	1989258	subblock_begin	silent_probe	subblock-begin	n/a	n/a	n/a	n/a	n/a
3978.516	0	1989258	silence_begin	silent_probe	silence-begin	n/a	n/a	n/a	n/a	n/a
4087.798	0	2043899	silence_end	silent_probe	silence-end	n/a	n/a	n/a	n/a	n/a
4087.798	0	2043899	gong_begin	silent_probe	gong-begin	n/a	n/a	n/a	n/a	n/a
4097.940	0	2048970	gong_end	silent_probe	gong-end	n/a	n/a	n/a	n/a	n/a
4097.940	0	2048970	subblock_end	silent_probe	subblock-end-duration-119.424	n/a	n/a	n/a	119.424	n/a
4097.942	0	2048971	subblock_begin	silent_probe	subblock-begin	n/a	n/a	n/a	n/a	n/a
4097.942	0	2048971	silence_begin	silent_probe	silence-begin	n/a	n/a	n/a	n/a	n/a
4176.524	0	2088262	prompt_window_begin	silent_probe	probe-nosapo-probe-begin	n/a	n/a	n/a	n/a	n/a
4184.734	0	2092367	clicker_press	silent_probe	response-received-arrow_up	n/a	n/a	n/a	n/a	arrow_up
4185.534	0	2092767	clicker_press	silent_probe	response-received-arrow_up	n/a	n/a	n/a	n/a	arrow_up
4185.668	0	2092834	depth_rating	silent_probe	rating-nosapo-probe-meditation_depth-2	2	n/a	n/a	n/a	n/a
4193.060	0	2096530	clicker_press	silent_probe	response-received-arrow_up	n/a	n/a	n/a	n/a	arrow_up
4193.926	0	2096963	clicker_press	silent_probe	response-received-arrow_up	n/a	n/a	n/a	n/a	arrow_up
4194.876	0	2097438	clicker_press	silent_probe	response-received-arrow_up	n/a	n/a	n/a	n/a	arrow_up
4195.774	0	2097887	confidence_rating	silent_probe	rating-nosapo-probe-confidence_depth-3	n/a	3	n/a	n/a	n/a
4199.240	0	2099620	prompt_window_end	silent_probe	probe-nosapo-probe-end	n/a	n/a	n/a	n/a	n/a
4238.506	0	2119253	silence_end	silent_probe	silence-end	n/a	n/a	n/a	n/a	n/a
4238.506	0	2119253	gong_begin	silent_probe	gong-begin	n/a	n/a	n/a	n/a	n/a
4248.598	0	2124299	gong_end	silent_probe	gong-end	n/a	n/a	n/a	n/a	n/a
4248.598	0	2124299	subblock_end	silent_probe	subblock-end-duration-150.657	n/a	n/a	n/a	150.657	n/a
4248.598	0	2124299	subblock_begin	silent_probe	subblock-begin	n/a	n/a	n/a	n/a	n/a
4248.600	0	2124300	silence_begin	silent_probe	silence-begin	n/a	n/a	n/a	n/a	n/a
4365.950	0	2182975	silence_end	silent_probe	silence-end	n/a	n/a	n/a	n/a	n/a
4365.952	0	2182976	gong_begin	silent_probe	gong-begin	n/a	n/a	n/a	n/a	n/a
4376.058	0	2188029	gong_end	silent_probe	gong-end	n/a	n/a	n/a	n/a	n/a
4376.060	0	2188030	subblock_end	silent_probe	subblock-end-duration-127.461	n/a	n/a	n/a	127.461	n/a
4376.060	0	2188030	subblock_begin	silent_probe	subblock-begin	n/a	n/a	n/a	n/a	n/a
4376.060	0	2188030	silence_begin	silent_probe	silence-begin	n/a	n/a	n/a	n/a	n/a
4405.318	0	2202659	prompt_window_begin	silent_probe	probe-nosapo-probe-begin	n/a	n/a	n/a	n/a	n/a
4412.578	0	2206289	clicker_press	silent_probe	response-received-arrow_up	n/a	n/a	n/a	n/a	arrow_up
4413.378	0	2206689	clicker_press	silent_probe	response-received-arrow_up	n/a	n/a	n/a	n/a	arrow_up
4413.960	0	2206980	clicker_press	silent_probe	response-received-arrow_up	n/a	n/a	n/a	n/a	arrow_up
4414.376	0	2207188	depth_rating	silent_probe	rating-nosapo-probe-meditation_depth-3	3	n/a	n/a	n/a	n/a
4423.036	0	2211518	clicker_press	silent_probe	response-received-arrow_up	n/a	n/a	n/a	n/a	arrow_up
4423.686	0	2211843	clicker_press	silent_probe	response-received-arrow_up	n/a	n/a	n/a	n/a	arrow_up
4424.452	0	2212226	confidence_rating	silent_probe	rating-nosapo-probe-confidence_depth-2	n/a	2	n/a	n/a	n/a
4427.950	0	2213975	prompt_window_end	silent_probe	probe-nosapo-probe-end	n/a	n/a	n/a	n/a	n/a
4504.452	0	2252226	silence_end	silent_probe	silence-end	n/a	n/a	n/a	n/a	n/a
4504.452	0	2252226	gong_begin	silent_probe	gong-begin	n/a	n/a	n/a	n/a	n/a
4514.578	0	2257289	gong_end	silent_probe	gong-end	n/a	n/a	n/a	n/a	n/a
4514.578	0	2257289	subblock_end	silent_probe	subblock-end-duration-138.518	n/a	n/a	n/a	138.518	n/a
4514.578	0	2257289	subblock_begin	silent_probe	subblock-begin	n/a	n/a	n/a	n/a	n/a
4514.580	0	2257290	silence_begin	silent_probe	silence-begin	n/a	n/a	n/a	n/a	n/a
4623.104	0	2311552	prompt_window_begin	silent_probe	probe-nosapo-probe-begin	n/a	n/a	n/a	n/a	n/a
4631.580	0	2315790	clicker_press	silent_probe	response-received-arrow_up	n/a	n/a	n/a	n/a	arrow_up
4632.130	0	2316065	depth_rating	silent_probe	rating-nosapo-probe-meditation_depth-1	1	n/a	n/a	n/a	n/a
4633.480	0	2316740	clicker_press	silent_probe	response-received-arrow_up	n/a	n/a	n/a	n/a	arrow_up
4639.490	0	2319745	clicker_press	silent_probe	response-received-arrow_up	n/a	n/a	n/a	n/a	arrow_up
4640.108	0	2320054	clicker_press	silent_probe	response-received-arrow_up	n/a	n/a	n/a	n/a	arrow_up
4640.690	0	2320345	clicker_press	silent_probe	response-received-arrow_up	n/a	n/a	n/a	n/a	arrow_up
4641.356	0	2320678	clicker_press	silent_probe	response-received-arrow_up	n/a	n/a	n/a	n/a	arrow_up
4642.188	0	2321094	confidence_rating	silent_probe	rating-nosapo-probe-confidence_depth-5	n/a	5	n/a	n/a	n/a
4645.668	0	2322834	prompt_window_end	silent_probe	probe-nosapo-probe-end	n/a	n/a	n/a	n/a	n/a
4653.496	0	2326748	silence_end	silent_probe	silence-end	n/a	n/a	n/a	n/a	n/a
4653.496	0	2326748	subblock_end	silent_probe	subblock-end-duration-138.918	n/a	n/a	n/a	138.918	n/a
4653.498	0	2326749	subblock_begin	silent_probe	subblock-begin	n/a	n/a	n/a	n/a	n/a
4653.498	0	2326749	silence_begin	silent_probe	silence-begin	n/a	n/a	n/a	n/a	n/a
4763.772	0	2381886	silence_end	silent_probe	silence-end	n/a	n/a	n/a	n/a	n/a
4763.772	0	2381886	gong_begin	silent_probe	gong-begin	n/a	n/a	n/a	n/a	n/a
4773.880	0	2386940	gong_end	silent_probe	gong-end	n/a	n/a	n/a	n/a	n/a
4773.880	0	2386940	subblock_end	silent_probe	subblock-end-duration-120.384	n/a	n/a	n/a	120.384	n/a
4773.880	0	2386940	subblock_begin	silent_probe	subblock-begin	n/a	n/a	n/a	n/a	n/a
4773.882	0	2386941	silence_begin	silent_probe	silence-begin	n/a	n/a	n/a	n/a	n/a
4826.736	0	2413368	prompt_window_begin	silent_probe	probe-nosapo-probe-begin	n/a	n/a	n/a	n/a	n/a
4835.812	0	2417906	depth_rating	silent_probe	rating-nosapo-probe-meditation_depth-0	0	n/a	n/a	n/a	n/a
4837.126	0	2418563	clicker_press	silent_probe	response-received-arrow_up	n/a	n/a	n/a	n/a	arrow_up
4837.594	0	2418797	clicker_press	silent_probe	response-received-arrow_up	n/a	n/a	n/a	n/a	arrow_up
4842.622	0	2421311	clicker_press	silent_probe	response-received-arrow_up	n/a	n/a	n/a	n/a	arrow_up
4843.206	0	2421603	clicker_press	silent_probe	response-received-arrow_up	n/a	n/a	n/a	n/a	arrow_up
4843.690	0	2421845	clicker_press	silent_probe	response-received-arrow_up	n/a	n/a	n/a	n/a	arrow_up
4845.836	0	2422918	confidence_rating	silent_probe	rating-nosapo-probe-confidence_depth-5	n/a	5	n/a	n/a	n/a
4849.300	0	2424650	prompt_window_end	silent_probe	probe-nosapo-probe-end	n/a	n/a	n/a	n/a	n/a
4914.512	0	2457256	silence_end	silent_probe	silence-end	n/a	n/a	n/a	n/a	n/a
4914.514	0	2457257	gong_begin	silent_probe	gong-begin	n/a	n/a	n/a	n/a	n/a
4924.604	0	2462302	gong_end	silent_probe	gong-end	n/a	n/a	n/a	n/a	n/a
4924.606	0	2462303	subblock_end	silent_probe	subblock-end-duration-150.725	n/a	n/a	n/a	150.725	n/a
4924.606	0	2462303	subblock_begin	silent_probe	subblock-begin	n/a	n/a	n/a	n/a	n/a
4924.606	0	2462303	silence_begin	silent_probe	silence-begin	n/a	n/a	n/a	n/a	n/a
5034.746	0	2517373	silence_end	silent_probe	silence-end	n/a	n/a	n/a	n/a	n/a
5034.748	0	2517374	gong_begin	silent_probe	gong-begin	n/a	n/a	n/a	n/a	n/a
5044.972	0	2522486	gong_end	silent_probe	gong-end	n/a	n/a	n/a	n/a	n/a
5044.974	0	2522487	subblock_end	silent_probe	subblock-end-duration-120.368	n/a	n/a	n/a	120.368	n/a
5044.974	0	2522487	subblock_begin	silent_probe	subblock-begin	n/a	n/a	n/a	n/a	n/a
5044.974	0	2522487	silence_begin	silent_probe	silence-begin	n/a	n/a	n/a	n/a	n/a
5050.468	0	2525234	prompt_window_begin	silent_probe	probe-nosapo-probe-begin	n/a	n/a	n/a	n/a	n/a
5059.394	0	2529697	clicker_press	silent_probe	response-received-arrow_up	n/a	n/a	n/a	n/a	arrow_up
5059.510	0	2529755	depth_rating	silent_probe	rating-nosapo-probe-meditation_depth-1	1	n/a	n/a	n/a	n/a
5060.958	0	2530479	clicker_press	silent_probe	response-received-arrow_up	n/a	n/a	n/a	n/a	arrow_up
5066.470	0	2533235	clicker_press	silent_probe	response-received-arrow_up	n/a	n/a	n/a	n/a	arrow_up
5067.154	0	2533577	clicker_press	silent_probe	response-received-arrow_up	n/a	n/a	n/a	n/a	arrow_up
5067.770	0	2533885	clicker_press	silent_probe	response-received-arrow_up	n/a	n/a	n/a	n/a	arrow_up
5069.652	0	2534826	confidence_rating	silent_probe	rating-nosapo-probe-confidence_depth-4	n/a	4	n/a	n/a	n/a
5073.166	0	2536583	prompt_window_end	silent_probe	probe-nosapo-probe-end	n/a	n/a	n/a	n/a	n/a
5183.374	0	2591687	silence_end	silent_probe	silence-end	n/a	n/a	n/a	n/a	n/a
5183.374	0	2591687	gong_begin	silent_probe	gong-begin	n/a	n/a	n/a	n/a	n/a
5193.482	0	2596741	gong_end	silent_probe	gong-end	n/a	n/a	n/a	n/a	n/a
5193.482	0	2596741	subblock_end	silent_probe	subblock-end-duration-148.509	n/a	n/a	n/a	148.509	n/a
5193.484	0	2596742	subblock_begin	silent_probe	subblock-begin	n/a	n/a	n/a	n/a	n/a
5193.484	0	2596742	silence_begin	silent_probe	silence-begin	n/a	n/a	n/a	n/a	n/a
5301.176	0	2650588	prompt_window_begin	silent_probe	probe-nosapo-probe-begin	n/a	n/a	n/a	n/a	n/a
5308.172	0	2654086	clicker_press	silent_probe	response-received-arrow_up	n/a	n/a	n/a	n/a	arrow_up
5308.854	0	2654427	clicker_press	silent_probe	response-received-arrow_up	n/a	n/a	n/a	n/a	arrow_up
5309.602	0	2654801	clicker_press	silent_probe	response-received-arrow_up	n/a	n/a	n/a	n/a	arrow_up
5310.186	0	2655093	clicker_press	silent_probe	response-received-arrow_up	n/a	n/a	n/a	n/a	arrow_up
5310.268	0	2655134	depth_rating	silent_probe	rating-nosapo-probe-meditation_depth-4	4	n/a	n/a	n/a	n/a
5318.112	0	2659056	clicker_press	silent_probe	response-received-arrow_up	n/a	n/a	n/a	n/a	arrow_up
5318.812	0	2659406	clicker_press	silent_probe	response-received-arrow_up	n/a	n/a	n/a	n/a	arrow_up
5319.528	0	2659764	clicker_press	silent_probe	response-received-arrow_up	n/a	n/a	n/a	n/a	arrow_up
5320.244	0	2660122	clicker_press	silent_probe	response-received-arrow_up	n/a	n/a	n/a	n/a	arrow_up
5320.326	0	2660163	confidence_rating	silent_probe	rating-nosapo-probe-confidence_depth-4	n/a	4	n/a	n/a	n/a
5323.758	0	2661879	prompt_window_end	silent_probe	probe-nosapo-probe-end	n/a	n/a	n/a	n/a	n/a
5323.956	0	2661978	silence_end	silent_probe	silence-end	n/a	n/a	n/a	n/a	n/a
5323.958	0	2661979	subblock_end	silent_probe	subblock-end-duration-130.475	n/a	n/a	n/a	130.475	n/a
5323.958	0	2661979	subblock_begin	silent_probe	subblock-begin	n/a	n/a	n/a	n/a	n/a
5323.958	0	2661979	silence_begin	silent_probe	silence-begin	n/a	n/a	n/a	n/a	n/a
5435.798	0	2717899	silence_end	silent_probe	silence-end	n/a	n/a	n/a	n/a	n/a
5435.798	0	2717899	subblock_end	silent_probe	subblock-end-duration-111.841	n/a	n/a	n/a	111.841	n/a
5435.800	0	2717900	subblock_begin	silent_probe	subblock-begin	n/a	n/a	n/a	n/a	n/a
5435.800	0	2717900	silence_begin	silent_probe	silence-begin	n/a	n/a	n/a	n/a	n/a
5537.830	0	2768915	prompt_window_begin	silent_probe	probe-nosapo-probe-begin	n/a	n/a	n/a	n/a	n/a
5546.890	0	2773445	depth_rating	silent_probe	rating-nosapo-probe-meditation_depth-0	0	n/a	n/a	n/a	n/a
5548.504	0	2774252	clicker_press	silent_probe	response-received-arrow_up	n/a	n/a	n/a	n/a	arrow_up
5553.466	0	2776733	clicker_press	silent_probe	response-received-arrow_up	n/a	n/a	n/a	n/a	arrow_up
5556.930	0	2778465	confidence_rating	silent_probe	rating-nosapo-probe-confidence_depth-2	n/a	2	n/a	n/a	n/a
5560.428	0	2780214	prompt_window_end	silent_probe	probe-nosapo-probe-end	n/a	n/a	n/a	n/a	n/a
5576.098	0	2788049	silence_end	silent_probe	silence-end	n/a	n/a	n/a	n/a	n/a
5576.098	0	2788049	subblock_end	silent_probe	subblock-end-duration-140.3	n/a	n/a	n/a	140.300	n/a
5576.100	0	2788050	subblock_begin	silent_probe	subblock-begin	n/a	n/a	n/a	n/a	n/a
5576.100	0	2788050	silence_begin	silent_probe	silence-begin	n/a	n/a	n/a	n/a	n/a
5676.914	0	2838457	silence_end	silent_probe	silence-end	n/a	n/a	n/a	n/a	n/a
5676.916	0	2838458	subblock_end	silent_probe	subblock-end-duration-100.816	n/a	n/a	n/a	100.816	n/a
5676.916	0	2838458	subblock_begin	silent_probe	subblock-begin	n/a	n/a	n/a	n/a	n/a
5676.920	0	2838460	silence_begin	silent_probe	silence-begin	n/a	n/a	n/a	n/a	n/a
5785.428	0	2892714	prompt_window_begin	silent_probe	probe-nosapo-probe-begin	n/a	n/a	n/a	n/a	n/a
5792.720	0	2896360	clicker_press	silent_probe	response-received-arrow_up	n/a	n/a	n/a	n/a	arrow_up
5793.370	0	2896685	clicker_press	silent_probe	response-received-arrow_up	n/a	n/a	n/a	n/a	arrow_up
5793.902	0	2896951	clicker_press	silent_probe	response-received-arrow_up	n/a	n/a	n/a	n/a	arrow_up
5794.452	0	2897226	clicker_press	silent_probe	response-received-arrow_up	n/a	n/a	n/a	n/a	arrow_up
5794.468	0	2897234	depth_rating	silent_probe	rating-nosapo-probe-meditation_depth-4	4	n/a	n/a	n/a	n/a
5801.462	0	2900731	clicker_press	silent_probe	response-received-arrow_up	n/a	n/a	n/a	n/a	arrow_up
5802.394	0	2901197	clicker_press	silent_probe	response-received-arrow_up	n/a	n/a	n/a	n/a	arrow_up
5803.078	0	2901539	clicker_press	silent_probe	response-received-arrow_up	n/a	n/a	n/a	n/a	arrow_up
5803.728	0	2901864	clicker_press	silent_probe	response-received-arrow_up	n/a	n/a	n/a	n/a	arrow_up
5804.542	0	2902271	confidence_rating	silent_probe	rating-nosapo-probe-confidence_depth-4	n/a	4	n/a	n/a	n/a
5807.972	0	2903986	prompt_window_end	silent_probe	probe-nosapo-probe-end	n/a	n/a	n/a	n/a	n/a
5809.954	0	2904977	silence_end	silent_probe	silence-end	n/a	n/a	n/a	n/a	n/a
5809.956	0	2904978	gong_begin	silent_probe	gong-begin	n/a	n/a	n/a	n/a	n/a
5820.062	0	2910031	gong_end	silent_probe	gong-end	n/a	n/a	n/a	n/a	n/a
5820.064	0	2910032	subblock_end	silent_probe	subblock-end-duration-143.144	n/a	n/a	n/a	143.144	n/a
5820.064	0	2910032	subblock_begin	silent_probe	subblock-begin	n/a	n/a	n/a	n/a	n/a
5820.064	0	2910032	silence_begin	silent_probe	silence-begin	n/a	n/a	n/a	n/a	n/a
5923.178	0	2961589	silence_end	silent_probe	silence-end	n/a	n/a	n/a	n/a	n/a
5923.178	0	2961589	gong_begin	silent_probe	gong-begin	n/a	n/a	n/a	n/a	n/a
5933.270	0	2966635	gong_end	silent_probe	gong-end	n/a	n/a	n/a	n/a	n/a
5933.270	0	2966635	subblock_end	silent_probe	subblock-end-duration-113.205	n/a	n/a	n/a	113.205	n/a
5933.270	0	2966635	subblock_begin	silent_probe	subblock-begin	n/a	n/a	n/a	n/a	n/a
5933.272	0	2966636	silence_begin	silent_probe	silence-begin	n/a	n/a	n/a	n/a	n/a
6022.062	0	3011031	prompt_window_begin	silent_probe	probe-nosapo-probe-begin	n/a	n/a	n/a	n/a	n/a
6030.156	0	3015078	clicker_press	silent_probe	response-received-arrow_up	n/a	n/a	n/a	n/a	arrow_up
6030.888	0	3015444	clicker_press	silent_probe	response-received-arrow_up	n/a	n/a	n/a	n/a	arrow_up
6031.288	0	3015644	depth_rating	silent_probe	rating-nosapo-probe-meditation_depth-2	2	n/a	n/a	n/a	n/a
6038.532	0	3019266	clicker_press	silent_probe	response-received-arrow_up	n/a	n/a	n/a	n/a	arrow_up
6039.148	0	3019574	clicker_press	silent_probe	response-received-arrow_up	n/a	n/a	n/a	n/a	arrow_up
6039.816	0	3019908	clicker_press	silent_probe	response-received-arrow_up	n/a	n/a	n/a	n/a	arrow_up
6040.548	0	3020274	clicker_press	silent_probe	response-received-arrow_up	n/a	n/a	n/a	n/a	arrow_up
6041.364	0	3020682	confidence_rating	silent_probe	rating-nosapo-probe-confidence_depth-4	n/a	4	n/a	n/a	n/a
6044.844	0	3022422	prompt_window_end	silent_probe	probe-nosapo-probe-end	n/a	n/a	n/a	n/a	n/a
6066.008	0	3033004	silence_end	silent_probe	silence-end	n/a	n/a	n/a	n/a	n/a
6066.010	0	3033005	subblock_end	silent_probe	subblock-end-duration-132.739	n/a	n/a	n/a	132.739	n/a
6066.010	0	3033005	subblock_begin	silent_probe	subblock-begin	n/a	n/a	n/a	n/a	n/a
6066.010	0	3033005	silence_begin	silent_probe	silence-begin	n/a	n/a	n/a	n/a	n/a
6078.582	0	3039291	silent_probe_end	silent_probe	block-nosapo-probe-end	n/a	n/a	n/a	n/a	n/a
6078.582	0	3039291	block_duration	silent_probe	block-nosapo-probe-duration-2100	n/a	n/a	n/a	2100.000	n/a
6078.584	0	3039292	break_begin	break	break-begin	n/a	n/a	n/a	n/a	n/a
6195.018	0	3097509	clicker_press	break	response-received-enter	n/a	n/a	n/a	n/a	enter
6195.034	0	3097517	break_end	break	break-end	n/a	n/a	n/a	n/a	n/a
6227.892	0	3113946	clicker_press	n/a	response-received-arrow_up	n/a	n/a	n/a	n/a	arrow_up
6227.942	0	3113971	post_meditation_begin	post_meditation	post-meditation-begin	n/a	n/a	n/a	n/a	n/a
6527.978	0	3263989	post_meditation_end	post_meditation	post-meditation-end	n/a	n/a	n/a	n/a	n/a
6527.978	0	3263989	prompt_window_begin	post_meditation	probe-post-meditation-begin	n/a	n/a	n/a	n/a	n/a
6536.686	0	3268343	clicker_press	n/a	response-received-arrow_up	n/a	n/a	n/a	n/a	arrow_up
6537.004	0	3268502	depth_rating	post_meditation	rating-post-meditation-meditation_depth-1	1	n/a	n/a	n/a	n/a
6538.302	0	3269151	clicker_press	n/a	response-received-arrow_up	n/a	n/a	n/a	n/a	arrow_up
6544.496	0	3272248	clicker_press	n/a	response-received-arrow_up	n/a	n/a	n/a	n/a	arrow_up
6545.128	0	3272564	clicker_press	n/a	response-received-arrow_up	n/a	n/a	n/a	n/a	arrow_up
6545.778	0	3272889	clicker_press	n/a	response-received-arrow_up	n/a	n/a	n/a	n/a	arrow_up
6546.262	0	3273131	clicker_press	n/a	response-received-arrow_up	n/a	n/a	n/a	n/a	arrow_up
6547.044	0	3273522	confidence_rating	post_meditation	rating-post-meditation-confidence_depth-5	n/a	5	n/a	n/a	n/a
6548.144	0	3274072	prompt_window_end	post_meditation	probe-post-meditation-end	n/a	n/a	n/a	n/a	n/a
6557.484	0	3278742	task_end	n/a	task-end	n/a	n/a	n/a	n/a	n/a
