onset	duration	sample	trial_type	block	value	depth	confidence	response_time	logged_duration	key
0.000	0	0	clicker_press	n/a	response-received-arrow_up	n/a	n/a	n/a	n/a	arrow_up
8.542	0	4271	clicker_press	n/a	response-received-arrow_up	n/a	n/a	n/a	n/a	arrow_up
25.978	0	12989	clicker_press	n/a	response-received-arrow_up	n/a	n/a	n/a	n/a	arrow_up
42.230	0	21115	clicker_press	n/a	response-received-arrow_up	n/a	n/a	n/a	n/a	arrow_up
61.332	0	30666	clicker_press	n/a	response-received-arrow_up	n/a	n/a	n/a	n/a	arrow_up
72.388	0	36194	clicker_press	n/a	response-received-arrow_up	n/a	n/a	n/a	n/a	arrow_up
88.258	0	44129	clicker_press	n/a	response-received-arrow_up	n/a	n/a	n/a	n/a	arrow_up
107.560	0	53780	clicker_press	n/a	response-received-arrow_up	n/a	n/a	n/a	n/a	arrow_up
107.610	0	53805	task_begin	n/a	task-begin	n/a	n/a	n/a	n/a	n/a
161.832	0	80916	clicker_press	n/a	response-received-arrow_up	n/a	n/a	n/a	n/a	arrow_up
161.848	0	80924	baseline_begin	baseline	baseline-begin	n/a	n/a	n/a	n/a	n/a
461.916	0	230958	baseline_end	baseline	baseline-end	n/a	n/a	n/a	n/a	n/a
541.986	0	270993	clicker_press	n/a	response-received-arrow_down	n/a	n/a	n/a	n/a	arrow_down
542.034	0	271017	pre_meditation_begin	pre_meditation	pre-meditation-begin	n/a	n/a	n/a	n/a	n/a
842.068	0	421034	pre_meditation_end	pre_meditation	pre-meditation-end	n/a	n/a	n/a	n/a	n/a
842.068	0	421034	prompt_window_begin	pre_meditation	probe-pre-meditation-begin	n/a	n/a	n/a	n/a	n/a
848.714	0	424357	clicker_press	n/a	response-received-arrow_down	n/a	n/a	n/a	n/a	arrow_down
849.528	0	424764	clicker_press	n/a	response-received-arrow_down	n/a	n/a	n/a	n/a	arrow_down
851.160	0	425580	depth_rating	pre_meditation	rating-pre-meditation-meditation_depth-2	2	n/a	n/a	n/a	n/a
857.588	0	428794	clicker_press	n/a	response-received-arrow_down	n/a	n/a	n/a	n/a	arrow_down
858.538	0	429269	clicker_press	n/a	response-received-arrow_down	n/a	n/a	n/a	n/a	arrow_down
859.304	0	429652	clicker_press	n/a	response-received-arrow_down	n/a	n/a	n/a	n/a	arrow_down
860.452	0	430226	clicker_press	n/a	response-received-arrow_down	n/a	n/a	n/a	n/a	arrow_down
861.202	0	430601	confidence_rating	pre_meditation	rating-pre-meditation-confidence_depth-4	n/a	4	n/a	n/a	n/a
862.234	0	431117	prompt_window_end	pre_meditation	probe-pre-meditation-end	n/a	n/a	n/a	n/a	n/a
934.148	0	467074	clicker_press	n/a	response-received-arrow_down	n/a	n/a	n/a	n/a	arrow_down
934.248	0	467124	silent_emerge_begin	silent_emerge	block-nosapo-emerge-begin	n/a	n/a	n/a	n/a	n/a
934.248	0	467124	subblock_begin	silent_emerge	subblock-begin	n/a	n/a	n/a	n/a	n/a
934.250	0	467125	silence_begin	silent_emerge	silence-begin	n/a	n/a	n/a	n/a	n/a
1032.344	0	516172	clicker_press	silent_emerge	response-received-arrow_down	n/a	n/a	n/a	n/a	arrow_down
1032.410	0	516205	report_window_begin	silent_emerge	emerge-nosapo-emerge-begin	n/a	n/a	n/a	n/a	n/a
1033.310	0	516655	clicker_press	silent_emerge	response-received-arrow_down	n/a	n/a	n/a	n/a	arrow_down
1034.192	0	517096	clicker_press	silent_emerge	response-received-arrow_down	n/a	n/a	n/a	n/a	arrow_down
1036.440	0	518220	depth_rating	silent_emerge	rating-nosapo-emerge-meditation_depth-3	3	n/a	n/a	n/a	n/a
1043.368	0	521684	clicker_press	silent_emerge	response-received-arrow_down	n/a	n/a	n/a	n/a	arrow_down
1044.184	0	522092	clicker_press	silent_emerge	response-received-arrow_down	n/a	n/a	n/a	n/a	arrow_down
1045.050	0	522525	clicker_press	silent_emerge	response-received-arrow_down	n/a	n/a	n/a	n/a	arrow_down
1045.866	0	522933	clicker_press	silent_emerge	response-received-arrow_down	n/a	n/a	n/a	n/a	arrow_down
1046.502	0	523251	confidence_rating	silent_emerge	rating-nosapo-emerge-confidence_depth-4	n/a	4	n/a	n/a	n/a
1049.978	0	524989	report_window_end	silent_emerge	emerge-nosapo-emerge-end	n/a	n/a	n/a	n/a	n/a
1049.980	0	524990	subblock_begin	silent_emerge	subblock-begin	n/a	n/a	n/a	n/a	n/a
1049.980	0	524990	silence_begin	silent_emerge	silence-begin	n/a	n/a	n/a	n/a	n/a
1153.060	0	576530	silence_end	silent_emerge	silence-end	n/a	n/a	n/a	n/a	n/a
1153.062	0	576531	gong_begin	silent_emerge	gong-begin	n/a	n/a	n/a	n/a	n/a
1163.118	0	581559	gong_end	silent_emerge	gong-end	n/a	n/a	n/a	n/a	n/a
1163.120	0	581560	subblock_end	silent_emerge	subblock-end-duration-113.14	n/a	n/a	n/a	113.140	n/a
1163.120	0	581560	subblock_begin	silent_emerge	subblock-begin	n/a	n/a	n/a	n/a	n/a
1163.120	0	581560	silence_begin	silent_emerge	silence-begin	n/a	n/a	n/a	n/a	n/a
1207.398	0	603699	clicker_press	silent_emerge	response-received-arrow_down	n/a	n/a	n/a	n/a	arrow_down
1207.548	0	603774	report_window_begin	silent_emerge	emerge-nosapo-emerge-begin	n/a	n/a	n/a	n/a	n/a
1208.832	0	604416	clicker_press	silent_emerge	response-received-arrow_down	n/a	n/a	n/a	n/a	arrow_down
1211.562	0	605781	depth_rating	silent_emerge	rating-nosapo-emerge-meditation_depth-2	2	n/a	n/a	n/a	n/a
1218.008	0	609004	clicker_press	silent_emerge	response-received-arrow_down	n/a	n/a	n/a	n/a	arrow_down
1218.890	0	609445	clicker_press	silent_emerge	response-received-arrow_down	n/a	n/a	n/a	n/a	arrow_down
1219.856	0	609928	clicker_press	silent_emerge	response-received-arrow_down	n/a	n/a	n/a	n/a	arrow_down
1220.822	0	610411	clicker_press	silent_emerge	response-received-arrow_down	n/a	n/a	n/a	n/a	arrow_down
1221.738	0	610869	confidence_rating	silent_emerge	rating-nosapo-emerge-confidence_depth-4	n/a	4	n/a	n/a	n/a
1225.234	0	612617	report_window_end	silent_emerge	emerge-nosapo-emerge-end	n/a	n/a	n/a	n/a	n/a
1225.234	0	612617	subblock_begin	silent_emerge	subblock-begin	n/a	n/a	n/a	n/a	n/a
1225.236	0	612618	silence_begin	silent_emerge	silence-begin	n/a	n/a	n/a	n/a	n/a
1296.092	0	648046	clicker_press	silent_emerge	response-received-arrow_down	n/a	n/a	n/a	n/a	arrow_down
1296.176	0	648088	report_window_begin	silent_emerge	emerge-nosapo-emerge-begin	n/a	n/a	n/a	n/a	n/a
1297.126	0	648563	clicker_press	silent_emerge	response-received-arrow_down	n/a	n/a	n/a	n/a	arrow_down
1298.140	0	649070	clicker_press	silent_emerge	response-received-arrow_down	n/a	n/a	n/a	n/a	arrow_down
1300.222	0	650111	depth_rating	silent_emerge	rating-nosapo-emerge-meditation_depth-3	3	n/a	n/a	n/a	n/a
1307.366	0	653683	clicker_press	silent_emerge	response-received-arrow_down	n/a	n/a	n/a	n/a	arrow_down
1308.348	0	654174	clicker_press	silent_emerge	response-received-arrow_down	n/a	n/a	n/a	n/a	arrow_down
1309.332	0	654666	clicker_press	silent_emerge	response-received-arrow_down	n/a	n/a	n/a	n/a	arrow_down
1310.164	0	655082	clicker_press	silent_emerge	response-received-arrow_down	n/a	n/a	n/a	n/a	arrow_down
1310.314	0	655157	confidence_rating	silent_emerge	rating-nosapo-emerge-confidence_depth-4	n/a	4	n/a	n/a	n/a
1313.844	0	656922	report_window_end	silent_emerge	emerge-nosapo-emerge-end	n/a	n/a	n/a	n/a	n/a
1313.844	0	656922	subblock_begin	silent_emerge	subblock-begin	n/a	n/a	n/a	n/a	n/a
1313.846	0	656923	silence_begin	silent_emerge	silence-begin	n/a	n/a	n/a	n/a	n/a
1374.094	0	687047	clicker_press	silent_emerge	response-received-arrow_down	n/a	n/a	n/a	n/a	arrow_down
1374.210	0	687105	report_window_begin	silent_emerge	emerge-nosapo-emerge-begin	n/a	n/a	n/a	n/a	n/a
1375.010	0	687505	clicker_press	silent_emerge	response-received-arrow_down	n/a	n/a	n/a	n/a	arrow_down
1376.676	0	688338	clicker_press	silent_emerge	response-received-arrow_down	n/a	n/a	n/a	n/a	arrow_down
1378.224	0	689112	depth_rating	silent_emerge	rating-nosapo-emerge-meditation_depth-3	3	n/a	n/a	n/a	n/a
1385.252	0	692626	clicker_press	silent_emerge	response-received-arrow_down	n/a	n/a	n/a	n/a	arrow_down
1386.350	0	693175	clicker_press	silent_emerge	response-received-arrow_down	n/a	n/a	n/a	n/a	arrow_down
1387.416	0	693708	clicker_press	silent_emerge	response-received-arrow_down	n/a	n/a	n/a	n/a	arrow_down
1388.332	0	694166	confidence_rating	silent_emerge	rating-nosapo-emerge-confidence_depth-3	n/a	3	n/a	n/a	n/a
1391.796	0	695898	report_window_end	silent_emerge	emerge-nosapo-emerge-end	n/a	n/a	n/a	n/a	n/a
1391.796	0	695898	subblock_begin	silent_emerge	subblock-begin	n/a	n/a	n/a	n/a	n/a
1391.798	0	695899	silence_begin	silent_emerge	silence-begin	n/a	n/a	n/a	n/a	n/a
1505.086	0	752543	silence_end	silent_emerge	silence-end	n/a	n/a	n/a	n/a	n/a
1505.102	0	752551	gong_begin	silent_emerge	gong-begin	n/a	n/a	n/a	n/a	n/a
1515.146	0	757573	gong_end	silent_emerge	gong-end	n/a	n/a	n/a	n/a	n/a
1515.146	0	757573	subblock_end	silent_emerge	subblock-end-duration-123.349	n/a	n/a	n/a	123.349	n/a
1515.146	0	757573	subblock_begin	silent_emerge	subblock-begin	n/a	n/a	n/a	n/a	n/a
1515.148	0	757574	silence_begin	silent_emerge	silence-begin	n/a	n/a	n/a	n/a	n/a
1586.852	0	793426	clicker_press	silent_emerge	response-received-arrow_down	n/a	n/a	n/a	n/a	arrow_down
1586.902	0	793451	report_window_begin	silent_emerge	emerge-nosapo-emerge-begin	n/a	n/a	n/a	n/a	n/a
1587.634	0	793817	clicker_press	silent_emerge	response-received-arrow_down	n/a	n/a	n/a	n/a	arrow_down
1588.416	0	794208	clicker_press	silent_emerge	response-received-arrow_down	n/a	n/a	n/a	n/a	arrow_down
1589.266	0	794633	clicker_press	silent_emerge	response-received-arrow_down	n/a	n/a	n/a	n/a	arrow_down
1590.948	0	795474	depth_rating	silent_emerge	rating-nosapo-emerge-meditation_depth-4	4	n/a	n/a	n/a	n/a
1597.326	0	798663	clicker_press	silent_emerge	response-received-arrow_down	n/a	n/a	n/a	n/a	arrow_down
1597.910	0	798955	clicker_press	silent_emerge	response-received-arrow_down	n/a	n/a	n/a	n/a	arrow_down
1598.492	0	799246	clicker_press	silent_emerge	response-received-arrow_down	n/a	n/a	n/a	n/a	arrow_down
1599.008	0	799504	clicker_press	silent_emerge	response-received-arrow_down	n/a	n/a	n/a	n/a	arrow_down
1599.758	0	799879	clicker_press	silent_emerge	response-received-arrow_down	n/a	n/a	n/a	n/a	arrow_down
1601.006	0	800503	confidence_rating	silent_emerge	rating-nosapo-emerge-confidence_depth-5	n/a	5	n/a	n/a	n/a
1604.436	0	802218	report_window_end	silent_emerge	emerge-nosapo-emerge-end	n/a	n/a	n/a	n/a	n/a
1604.438	0	802219	subblock_begin	silent_emerge	subblock-begin	n/a	n/a	n/a	n/a	n/a
1604.438	0	802219	silence_begin	silent_emerge	silence-begin	n/a	n/a	n/a	n/a	n/a
1707.152	0	853576	clicker_press	silent_emerge	response-received-arrow_down	n/a	n/a	n/a	n/a	arrow_down
1707.168	0	853584	report_window_begin	silent_emerge	emerge-nosapo-emerge-begin	n/a	n/a	n/a	n/a	n/a
1707.950	0	853975	clicker_press	silent_emerge	response-received-arrow_down	n/a	n/a	n/a	n/a	arrow_down
1708.752	0	854376	clicker_press	silent_emerge	response-received-arrow_down	n/a	n/a	n/a	n/a	arrow_down
1709.350	0	854675	clicker_press	silent_emerge	response-received-arrow_down	n/a	n/a	n/a	n/a	arrow_down
1711.216	0	855608	depth_rating	silent_emerge	rating-nosapo-emerge-meditation_depth-4	4	n/a	n/a	n/a	n/a
1717.476	0	858738	clicker_press	silent_emerge	response-received-arrow_down	n/a	n/a	n/a	n/a	arrow_down
1718.526	0	859263	clicker_press	silent_emerge	response-received-arrow_down	n/a	n/a	n/a	n/a	arrow_down
1719.526	0	859763	clicker_press	silent_emerge	response-received-arrow_down	n/a	n/a	n/a	n/a	arrow_down
1720.474	0	860237	clicker_press	silent_emerge	response-received-arrow_down	n/a	n/a	n/a	n/a	arrow_down
1721.290	0	860645	confidence_rating	silent_emerge	rating-nosapo-emerge-confidence_depth-4	n/a	4	n/a	n/a	n/a
1724.770	0	862385	report_window_end	silent_emerge	emerge-nosapo-emerge-end	n/a	n/a	n/a	n/a	n/a
1724.772	0	862386	subblock_begin	silent_emerge	subblock-begin	n/a	n/a	n/a	n/a	n/a
1724.772	0	862386	silence_begin	silent_emerge	silence-begin	n/a	n/a	n/a	n/a	n/a
1806.270	0	903135	clicker_press	silent_emerge	response-received-arrow_down	n/a	n/a	n/a	n/a	arrow_down
1806.304	0	903152	report_window_begin	silent_emerge	emerge-nosapo-emerge-begin	n/a	n/a	n/a	n/a	n/a
1807.168	0	903584	clicker_press	silent_emerge	response-received-arrow_down	n/a	n/a	n/a	n/a	arrow_down
1810.334	0	905167	depth_rating	silent_emerge	rating-nosapo-emerge-meditation_depth-2	2	n/a	n/a	n/a	n/a
1816.994	0	908497	clicker_press	silent_emerge	response-received-arrow_down	n/a	n/a	n/a	n/a	arrow_down
1818.044	0	909022	clicker_press	silent_emerge	response-received-arrow_down	n/a	n/a	n/a	n/a	arrow_down
1818.992	0	909496	clicker_press	silent_emerge	response-received-arrow_down	n/a	n/a	n/a	n/a	arrow_down
1819.676	0	909838	clicker_press	silent_emerge	response-received-arrow_down	n/a	n/a	n/a	n/a	arrow_down
1820.442	0	910221	confidence_rating	silent_emerge	rating-nosapo-emerge-confidence_depth-4	n/a	4	n/a	n/a	n/a
1823.888	0	911944	report_window_end	silent_emerge	emerge-nosapo-emerge-end	n/a	n/a	n/a	n/a	n/a
1823.890	0	911945	subblock_begin	silent_emerge	subblock-begin	n/a	n/a	n/a	n/a	n/a
1823.890	0	911945	silence_begin	silent_emerge	silence-begin	n/a	n/a	n/a	n/a	n/a
1941.540	0	970770	silence_end	silent_emerge	silence-end	n/a	n/a	n/a	n/a	n/a
1941.806	0	970903	gong_begin	silent_emerge	gong-begin	n/a	n/a	n/a	n/a	n/a
1951.600	0	975800	gong_end	silent_emerge	gong-end	n/a	n/a	n/a	n/a	n/a
1951.600	0	975800	subblock_end	silent_emerge	subblock-end-duration-127.71	n/a	n/a	n/a	127.710	n/a
1951.600	0	975800	subblock_begin	silent_emerge	subblock-begin	n/a	n/a	n/a	n/a	n/a
1951.600	0	975800	silence_begin	silent_emerge	silence-begin	n/a	n/a	n/a	n/a	n/a
2027.104	0	1013552	clicker_press	silent_emerge	response-received-arrow_down	n/a	n/a	n/a	n/a	arrow_down
2027.122	0	1013561	report_window_begin	silent_emerge	emerge-nosapo-emerge-begin	n/a	n/a	n/a	n/a	n/a
2028.204	0	1014102	clicker_press	silent_emerge	response-received-arrow_down	n/a	n/a	n/a	n/a	arrow_down
2029.186	0	1014593	clicker_press	silent_emerge	response-received-arrow_down	n/a	n/a	n/a	n/a	arrow_down
2030.834	0	1015417	clicker_press	silent_emerge	response-received-arrow_down	n/a	n/a	n/a	n/a	arrow_down
2031.150	0	1015575	depth_rating	silent_emerge	rating-nosapo-emerge-meditation_depth-4	4	n/a	n/a	n/a	n/a
2037.496	0	1018748	clicker_press	silent_emerge	response-received-arrow_down	n/a	n/a	n/a	n/a	arrow_down
2038.610	0	1019305	clicker_press	silent_emerge	response-received-arrow_down	n/a	n/a	n/a	n/a	arrow_down
2039.494	0	1019747	clicker_press	silent_emerge	response-received-arrow_down	n/a	n/a	n/a	n/a	arrow_down
2041.208	0	1020604	confidence_rating	silent_emerge	rating-nosapo-emerge-confidence_depth-3	n/a	3	n/a	n/a	n/a
2044.738	0	1022369	report_window_end	silent_emerge	emerge-nosapo-emerge-end	n/a	n/a	n/a	n/a	n/a
2044.740	0	1022370	subblock_begin	silent_emerge	subblock-begin	n/a	n/a	n/a	n/a	n/a
2044.740	0	1022370	silence_begin	silent_emerge	silence-begin	n/a	n/a	n/a	n/a	n/a
2109.634	0	1054817	clicker_press	silent_emerge	response-received-arrow_down	n/a	n/a	n/a	n/a	arrow_down
2109.734	0	1054867	report_window_begin	silent_emerge	emerge-nosapo-emerge-begin	n/a	n/a	n/a	n/a	n/a
2110.652	0	1055326	clicker_press	silent_emerge	response-received-arrow_down	n/a	n/a	n/a	n/a	arrow_down
2113.780	0	1056890	depth_rating	silent_emerge	rating-nosapo-emerge-meditation_depth-2	2	n/a	n/a	n/a	n/a
2120.026	0	1060013	clicker_press	silent_emerge	response-received-arrow_down	n/a	n/a	n/a	n/a	arrow_down
2120.394	0	1060197	clicker_press	silent_emerge	response-received-arrow_down	n/a	n/a	n/a	n/a	arrow_down
2120.760	0	1060380	clicker_press	silent_emerge	response-received-arrow_down	n/a	n/a	n/a	n/a	arrow_down
2121.060	0	1060530	clicker_press	silent_emerge	response-received-arrow_down	n/a	n/a	n/a	n/a	arrow_down
2123.906	0	1061953	confidence_rating	silent_emerge	rating-nosapo-emerge-confidence_depth-4	n/a	4	n/a	n/a	n/a
2127.404	0	1063702	report_window_end	silent_emerge	emerge-nosapo-emerge-end	n/a	n/a	n/a	n/a	n/a
2127.404	0	1063702	subblock_begin	silent_emerge	subblock-begin	n/a	n/a	n/a	n/a	n/a
2127.404	0	1063702	silence_begin	silent_emerge	silence-begin	n/a	n/a	n/a	n/a	n/a
2229.220	0	1114610	silence_end	silent_emerge	silence-end	n/a	n/a	n/a	n/a	n/a
2229.220	0	1114610	gong_begin	silent_emerge	gong-begin	n/a	n/a	n/a	n/a	n/a
2239.228	0	1119614	gong_end	silent_emerge	gong-end	n/a	n/a	n/a	n/a	n/a
2239.228	0	1119614	subblock_end	silent_emerge	subblock-end-duration-111.824	n/a	n/a	n/a	111.824	n/a
2239.230	0	1119615	subblock_begin	silent_emerge	subblock-begin	n/a	n/a	n/a	n/a	n/a
2239.230	0	1119615	silence_begin	silent_emerge	silence-begin	n/a	n/a	n/a	n/a	n/a
2358.162	0	1179081	silence_end	silent_emerge	silence-end	n/a	n/a	n/a	n/a	n/a
2358.164	0	1179082	gong_begin	silent_emerge	gong-begin	n/a	n/a	n/a	n/a	n/a
2368.172	0	1184086	gong_end	silent_emerge	gong-end	n/a	n/a	n/a	n/a	n/a
2368.172	0	1184086	subblock_end	silent_emerge	subblock-end-duration-128.942	n/a	n/a	n/a	128.942	n/a
2368.172	0	1184086	subblock_begin	silent_emerge	subblock-begin	n/a	n/a	n/a	n/a	n/a
2368.174	0	1184087	silence_begin	silent_emerge	silence-begin	n/a	n/a	n/a	n/a	n/a
2483.642	0	1241821	silence_end	silent_emerge	silence-end	n/a	n/a	n/a	n/a	n/a
2483.758	0	1241879	gong_begin	silent_emerge	gong-begin	n/a	n/a	n/a	n/a	n/a
2493.700	0	1246850	gong_end	silent_emerge	gong-end	n/a	n/a	n/a	n/a	n/a
2493.700	0	1246850	subblock_end	silent_emerge	subblock-end-duration-125.528	n/a	n/a	n/a	125.528	n/a
2493.702	0	1246851	subblock_begin	silent_emerge	subblock-begin	n/a	n/a	n/a	n/a	n/a
2493.702	0	1246851	silence_begin	silent_emerge	silence-begin	n/a	n/a	n/a	n/a	n/a
2576.100	0	1288050	clicker_press	silent_emerge	response-received-arrow_down	n/a	n/a	n/a	n/a	arrow_down
2576.132	0	1288066	report_window_begin	silent_emerge	emerge-nosapo-emerge-begin	n/a	n/a	n/a	n/a	n/a
2577.048	0	1288524	clicker_press	silent_emerge	response-received-arrow_down	n/a	n/a	n/a	n/a	arrow_down
2578.196	0	1289098	clicker_press	silent_emerge	response-received-arrow_down	n/a	n/a	n/a	n/a	arrow_down
2580.162	0	1290081	depth_rating	silent_emerge	rating-nosapo-emerge-meditation_depth-3	3	n/a	n/a	n/a	n/a
2586.456	0	1293228	clicker_press	silent_emerge	response-received-arrow_down	n/a	n/a	n/a	n/a	arrow_down
2587.506	0	1293753	clicker_press	silent_emerge	response-received-arrow_down	n/a	n/a	n/a	n/a	arrow_down
2590.186	0	1295093	confidence_rating	silent_emerge	rating-nosapo-emerge-confidence_depth-2	n/a	2	n/a	n/a	n/a
2593.618	0	1296809	report_window_end	silent_emerge	emerge-nosapo-emerge-end	n/a	n/a	n/a	n/a	n/a
2593.618	0	1296809	subblock_begin	silent_emerge	subblock-begin	n/a	n/a	n/a	n/a	n/a
2593.618	0	1296809	silence_begin	silent_emerge	silence-begin	n/a	n/a	n/a	n/a	n/a
2710.104	0	1355052	silence_end	silent_emerge	silence-end	n/a	n/a	n/a	n/a	n/a
2710.120	0	1355060	gong_begin	silent_emerge	gong-begin	n/a	n/a	n/a	n/a	n/a
2720.112	0	1360056	gong_end	silent_emerge	gong-end	n/a	n/a	n/a	n/a	n/a
2720.114	0	1360057	subblock_end	silent_emerge	subblock-end-duration-126.495	n/a	n/a	n/a	126.495	n/a
2720.114	0	1360057	subblock_begin	silent_emerge	subblock-begin	n/a	n/a	n/a	n/a	n/a
2720.114	0	1360057	silence_begin	silent_emerge	silence-begin	n/a	n/a	n/a	n/a	n/a
2820.164	0	1410082	clicker_press	silent_emerge	response-received-arrow_down	n/a	n/a	n/a	n/a	arrow_down
2820.196	0	1410098	report_window_begin	silent_emerge	emerge-nosapo-emerge-begin	n/a	n/a	n/a	n/a	n/a
2821.380	0	1410690	clicker_press	silent_emerge	response-received-arrow_down	n/a	n/a	n/a	n/a	arrow_down
2824.226	0	1412113	depth_rating	silent_emerge	rating-nosapo-emerge-meditation_depth-2	2	n/a	n/a	n/a	n/a
2830.654	0	1415327	clicker_press	silent_emerge	response-received-arrow_down	n/a	n/a	n/a	n/a	arrow_down
2830.938	0	1415469	clicker_press	silent_emerge	response-received-arrow_down	n/a	n/a	n/a	n/a	arrow_down
2831.270	0	1415635	clicker_press	silent_emerge	response-received-arrow_down	n/a	n/a	n/a	n/a	arrow_down
2831.538	0	1415769	clicker_press	silent_emerge	response-received-arrow_down	n/a	n/a	n/a	n/a	arrow_down
2834.286	0	1417143	confidence_rating	silent_emerge	rating-nosapo-emerge-confidence_depth-4	n/a	4	n/a	n/a	n/a
2837.798	0	1418899	report_window_end	silent_emerge	emerge-nosapo-emerge-end	n/a	n/a	n/a	n/a	n/a
2837.800	0	1418900	subblock_begin	silent_emerge	subblock-begin	n/a	n/a	n/a	n/a	n/a
2837.800	0	1418900	silence_begin	silent_emerge	silence-begin	n/a	n/a	n/a	n/a	n/a
2957.516	0	1478758	silence_end	silent_emerge	silence-end	n/a	n/a	n/a	n/a	n/a
2957.732	0	1478866	gong_begin	silent_emerge	gong-begin	n/a	n/a	n/a	n/a	n/a
2967.574	0	1483787	gong_end	silent_emerge	gong-end	n/a	n/a	n/a	n/a	n/a
2967.576	0	1483788	subblock_end	silent_emerge	subblock-end-duration-129.776	n/a	n/a	n/a	129.776	n/a
2967.576	0	1483788	subblock_begin	silent_emerge	subblock-begin	n/a	n/a	n/a	n/a	n/a
2967.576	0	1483788	silence_begin	silent_emerge	silence-begin	n/a	n/a	n/a	n/a	n/a
3034.320	0	1517160	silent_emerge_end	silent_emerge	block-nosapo-emerge-end	n/a	n/a	n/a	n/a	n/a
3034.320	0	1517160	block_duration	silent_emerge	block-nosapo-emerge-duration-2100	n/a	n/a	n/a	2100.000	n/a
3034.320	0	1517160	prompt_window_begin	silent_emerge	probe-nosapo-emerge-begin	n/a	n/a	n/a	n/a	n/a
3041.814	0	1520907	clicker_press	n/a	response-received-arrow_down	n/a	n/a	n/a	n/a	arrow_down
3042.612	0	1521306	clicker_press	n/a	response-received-arrow_down	n/a	n/a	n/a	n/a	arrow_down
3043.344	0	1521672	depth_rating	silent_emerge	rating-nosapo-emerge-meditation_depth-2	2	n/a	n/a	n/a	n/a
3050.042	0	1525021	clicker_press	n/a	response-received-arrow_down	n/a	n/a	n/a	n/a	arrow_down
3050.922	0	1525461	clicker_press	n/a	response-received-arrow_down	n/a	n/a	n/a	n/a	arrow_down
3051.838	0	1525919	clicker_press	n/a	response-received-arrow_down	n/a	n/a	n/a	n/a	arrow_down
3053.554	0	1526777	confidence_rating	silent_emerge	rating-nosapo-emerge-confidence_depth-3	n/a	3	n/a	n/a	n/a
3054.718	0	1527359	prompt_window_end	silent_emerge	probe-nosapo-emerge-end	n/a	n/a	n/a	n/a	n/a
3054.720	0	1527360	break_begin	break	break-begin	n/a	n/a	n/a	n/a	n/a
3276.934	0	1638467	clicker_press	break	response-received-enter	n/a	n/a	n/a	n/a	enter
3276.950	0	1638475	break_end	break	break-end	n/a	n/a	n/a	n/a	n/a
3368.060	0	1684030	clicker_press	n/a	response-received-arrow_down	n/a	n/a	n/a	n/a	arrow_down
3368.094	0	1684047	active_oddball_begin	active_oddball	active-oddball-begin	n/a	n/a	n/a	n/a	n/a
3368.102	0	1684051	standard_tone	active_oddball	standard	n/a	n/a	n/a	n/a	n/a
3369.126	0	1684563	standard_tone	active_oddball	standard	n/a	n/a	n/a	n/a	n/a
3370.142	0	1685071	standard_tone	active_oddball	standard	n/a	n/a	n/a	n/a	n/a
3371.174	0	1685587	standard_tone	active_oddball	standard	n/a	n/a	n/a	n/a	n/a
3372.206	0	1686103	standard_tone	active_oddball	standard	n/a	n/a	n/a	n/a	n/a
3373.256	0	1686628	standard_tone	active_oddball	standard	n/a	n/a	n/a	n/a	n/a
3374.304	0	1687152	standard_tone	active_oddball	standard	n/a	n/a	n/a	n/a	n/a
3375.336	0	1687668	standard_tone	active_oddball	standard	n/a	n/a	n/a	n/a	n/a
3376.352	0	1688176	distractor_noise	active_oddball	distractor	n/a	n/a	n/a	n/a	n/a
3377.386	0	1688693	standard_tone	active_oddball	standard	n/a	n/a	n/a	n/a	n/a
3378.400	0	1689200	standard_tone	active_oddball	standard	n/a	n/a	n/a	n/a	n/a
3379.434	0	1689717	standard_tone	active_oddball	standard	n/a	n/a	n/a	n/a	n/a
3380.450	0	1690225	oddball_tone	active_oddball	oddball	n/a	n/a	n/a	n/a	n/a
3381.416	0	1690708	clicker_press	active_oddball	response-received-arrow_down	n/a	n/a	n/a	n/a	arrow_down
3381.450	0	1690725	oddball_response	active_oddball	active-oddball-button-press-960ms	n/a	n/a	0.960	n/a	n/a
3381.450	0	1690725	standard_tone	active_oddball	standard	n/a	n/a	n/a	n/a	n/a
3382.464	0	1691232	standard_tone	active_oddball	standard	n/a	n/a	n/a	n/a	n/a
3383.514	0	1691757	standard_tone	active_oddball	standard	n/a	n/a	n/a	n/a	n/a
3384.546	0	1692273	standard_tone	active_oddball	standard	n/a	n/a	n/a	n/a	n/a
3385.562	0	1692781	oddball_tone	active_oddball	oddball	n/a	n/a	n/a	n/a	n/a
3386.628	0	1693314	standard_tone	active_oddball	standard	n/a	n/a	n/a	n/a	n/a
3386.778	0	1693389	clicker_press	active_oddball	response-received-arrow_down	n/a	n/a	n/a	n/a	arrow_down
3386.860	0	1693430	oddball_response	active_oddball	active-oddball-button-press-143ms	n/a	n/a	0.143	n/a	n/a
3387.810	0	1693905	standard_tone	active_oddball	standard	n/a	n/a	n/a	n/a	n/a
3388.876	0	1694438	distractor_noise	active_oddball	distractor	n/a	n/a	n/a	n/a	n/a
3389.958	0	1694979	standard_tone	active_oddball	standard	n/a	n/a	n/a	n/a	n/a
3390.974	0	1695487	standard_tone	active_oddball	standard	n/a	n/a	n/a	n/a	n/a
3391.990	0	1695995	standard_tone	active_oddball	standard	n/a	n/a	n/a	n/a	n/a
3393.006	0	1696503	standard_tone	active_oddball	standard	n/a	n/a	n/a	n/a	n/a
3394.054	0	1697027	standard_tone	active_oddball	standard	n/a	n/a	n/a	n/a	n/a
3395.070	0	1697535	standard_tone	active_oddball	standard	n/a	n/a	n/a	n/a	n/a
3396.120	0	1698060	standard_tone	active_oddball	standard	n/a	n/a	n/a	n/a	n/a
3397.236	0	1698618	standard_tone	active_oddball	standard	n/a	n/a	n/a	n/a	n/a
3398.268	0	1699134	distractor_noise	active_oddball	distractor	n/a	n/a	n/a	n/a	n/a
3399.334	0	1699667	standard_tone	active_oddball	standard	n/a	n/a	n/a	n/a	n/a
3400.366	0	1700183	standard_tone	active_oddball	standard	n/a	n/a	n/a	n/a	n/a
3401.432	0	1700716	standard_tone	active_oddball	standard	n/a	n/a	n/a	n/a	n/a
3402.532	0	1701266	distractor_noise	active_oddball	distractor	n/a	n/a	n/a	n/a	n/a
3403.546	0	1701773	standard_tone	active_oddball	standard	n/a	n/a	n/a	n/a	n/a
3404.552	0	1702276	oddball_tone	active_oddball	oddball	n/a	n/a	n/a	n/a	n/a
3405.562	0	1702781	standard_tone	active_oddball	standard	n/a	n/a	n/a	n/a	n/a
3405.646	0	1702823	clicker_press	active_oddball	response-received-arrow_down	n/a	n/a	n/a	n/a	arrow_down
3405.662	0	1702831	oddball_response	active_oddball	active-oddball-button-press-77ms	n/a	n/a	0.077	n/a	n/a
3406.594	0	1703297	standard_tone	active_oddball	standard	n/a	n/a	n/a	n/a	n/a
3407.610	0	1703805	standard_tone	active_oddball	standard	n/a	n/a	n/a	n/a	n/a
3408.642	0	1704321	standard_tone	active_oddball	standard	n/a	n/a	n/a	n/a	n/a
3409.710	0	1704855	standard_tone	active_oddball	standard	n/a	n/a	n/a	n/a	n/a
3410.774	0	1705387	standard_tone	active_oddball	standard	n/a	n/a	n/a	n/a	n/a
3411.790	0	1705895	oddball_tone	active_oddball	oddball	n/a	n/a	n/a	n/a	n/a
3412.906	0	1706453	distractor_noise	active_oddball	distractor	n/a	n/a	n/a	n/a	n/a
3413.072	0	1706536	clicker_press	active_oddball	response-received-arrow_down	n/a	n/a	n/a	n/a	arrow_down
3413.106	0	1706553	oddball_response	active_oddball	active-oddball-button-press-161ms	n/a	n/a	0.161	n/a	n/a
3413.938	0	1706969	standard_tone	active_oddball	standard	n/a	n/a	n/a	n/a	n/a
3415.004	0	1707502	standard_tone	active_oddball	standard	n/a	n/a	n/a	n/a	n/a
3416.020	0	1708010	distractor_noise	active_oddball	distractor	n/a	n/a	n/a	n/a	n/a
3417.036	0	1708518	oddball_tone	active_oddball	oddball	n/a	n/a	n/a	n/a	n/a
3418.018	0	1709009	clicker_press	active_oddball	response-received-arrow_down	n/a	n/a	n/a	n/a	arrow_down
3418.036	0	1709018	oddball_response	active_oddball	active-oddball-button-press-976ms	n/a	n/a	0.976	n/a	n/a
3418.036	0	1709018	standard_tone	active_oddball	standard	n/a	n/a	n/a	n/a	n/a
3419.050	0	1709525	standard_tone	active_oddball	standard	n/a	n/a	n/a	n/a	n/a
3420.066	0	1710033	standard_tone	active_oddball	standard	n/a	n/a	n/a	n/a	n/a
3421.082	0	1710541	standard_tone	active_oddball	standard	n/a	n/a	n/a	n/a	n/a
3422.132	0	1711066	standard_tone	active_oddball	standard	n/a	n/a	n/a	n/a	n/a
3423.180	0	1711590	oddball_tone	active_oddball	oddball	n/a	n/a	n/a	n/a	n/a
3424.230	0	1712115	standard_tone	active_oddball	standard	n/a	n/a	n/a	n/a	n/a
3424.264	0	1712132	clicker_press	active_oddball	response-received-arrow_down	n/a	n/a	n/a	n/a	arrow_down
3424.312	0	1712156	oddball_response	active_oddball	active-oddball-button-press-27ms	n/a	n/a	0.027	n/a	n/a
3425.262	0	1712631	standard_tone	active_oddball	standard	n/a	n/a	n/a	n/a	n/a
3426.278	0	1713139	standard_tone	active_oddball	standard	n/a	n/a	n/a	n/a	n/a
3427.360	0	1713680	standard_tone	active_oddball	standard	n/a	n/a	n/a	n/a	n/a
3428.392	0	1714196	standard_tone	active_oddball	standard	n/a	n/a	n/a	n/a	n/a
3429.442	0	1714721	oddball_tone	active_oddball	oddball	n/a	n/a	n/a	n/a	n/a
3430.458	0	1715229	clicker_press	active_oddball	response-received-arrow_down	n/a	n/a	n/a	n/a	arrow_down
3430.492	0	1715246	oddball_response	active_oddball	active-oddball-button-press-1011ms	n/a	n/a	1.011	n/a	n/a
3430.492	0	1715246	standard_tone	active_oddball	standard	n/a	n/a	n/a	n/a	n/a
3431.574	0	1715787	standard_tone	active_oddball	standard	n/a	n/a	n/a	n/a	n/a
3432.622	0	1716311	standard_tone	active_oddball	standard	n/a	n/a	n/a	n/a	n/a
3433.638	0	1716819	standard_tone	active_oddball	standard	n/a	n/a	n/a	n/a	n/a
3434.706	0	1717353	standard_tone	active_oddball	standard	n/a	n/a	n/a	n/a	n/a
3435.720	0	1717860	oddball_tone	active_oddball	oddball	n/a	n/a	n/a	n/a	n/a
3436.736	0	1718368	clicker_press	active_oddball	response-received-arrow_down	n/a	n/a	n/a	n/a	arrow_down
3436.738	0	1718369	oddball_response	active_oddball	active-oddball-button-press-1014ms	n/a	n/a	1.014	n/a	n/a
3436.738	0	1718369	standard_tone	active_oddball	standard	n/a	n/a	n/a	n/a	n/a
3437.752	0	1718876	standard_tone	active_oddball	standard	n/a	n/a	n/a	n/a	n/a
3438.784	0	1719392	standard_tone	active_oddball	standard	n/a	n/a	n/a	n/a	n/a
3439.850	0	1719925	standard_tone	active_oddball	standard	n/a	n/a	n/a	n/a	n/a
3440.900	0	1720450	standard_tone	active_oddball	standard	n/a	n/a	n/a	n/a	n/a
3441.916	0	1720958	standard_tone	active_oddball	standard	n/a	n/a	n/a	n/a	n/a
3442.964	0	1721482	distractor_noise	active_oddball	distractor	n/a	n/a	n/a	n/a	n/a
3444.080	0	1722040	standard_tone	active_oddball	standard	n/a	n/a	n/a	n/a	n/a
3445.112	0	1722556	standard_tone	active_oddball	standard	n/a	n/a	n/a	n/a	n/a
3446.144	0	1723072	standard_tone	active_oddball	standard	n/a	n/a	n/a	n/a	n/a
3447.162	0	1723581	standard_tone	active_oddball	standard	n/a	n/a	n/a	n/a	n/a
3448.176	0	1724088	standard_tone	active_oddball	standard	n/a	n/a	n/a	n/a	n/a
3449.192	0	1724596	standard_tone	active_oddball	standard	n/a	n/a	n/a	n/a	n/a
3450.224	0	1725112	standard_tone	active_oddball	standard	n/a	n/a	n/a	n/a	n/a
3451.240	0	1725620	standard_tone	active_oddball	standard	n/a	n/a	n/a	n/a	n/a
3452.324	0	1726162	standard_tone	active_oddball	standard	n/a	n/a	n/a	n/a	n/a
3453.422	0	1726711	standard_tone	active_oddball	standard	n/a	n/a	n/a	n/a	n/a
3454.438	0	1727219	standard_tone	active_oddball	standard	n/a	n/a	n/a	n/a	n/a
3455.454	0	1727727	standard_tone	active_oddball	standard	n/a	n/a	n/a	n/a	n/a
3456.470	0	1728235	distractor_noise	active_oddball	distractor	n/a	n/a	n/a	n/a	n/a
3457.486	0	1728743	standard_tone	active_oddball	standard	n/a	n/a	n/a	n/a	n/a
3458.568	0	1729284	standard_tone	active_oddball	standard	n/a	n/a	n/a	n/a	n/a
3459.584	0	1729792	standard_tone	active_oddball	standard	n/a	n/a	n/a	n/a	n/a
3460.666	0	1730333	distractor_noise	active_oddball	distractor	n/a	n/a	n/a	n/a	n/a
3461.698	0	1730849	standard_tone	active_oddball	standard	n/a	n/a	n/a	n/a	n/a
3462.780	0	1731390	standard_tone	active_oddball	standard	n/a	n/a	n/a	n/a	n/a
3463.798	0	1731899	oddball_tone	active_oddball	oddball	n/a	n/a	n/a	n/a	n/a
3464.812	0	1732406	standard_tone	active_oddball	standard	n/a	n/a	n/a	n/a	n/a
3464.962	0	1732481	clicker_press	active_oddball	response-received-arrow_down	n/a	n/a	n/a	n/a	arrow_down
3464.978	0	1732489	oddball_response	active_oddball	active-oddball-button-press-143ms	n/a	n/a	0.143	n/a	n/a
3465.862	0	1732931	standard_tone	active_oddball	standard	n/a	n/a	n/a	n/a	n/a
3466.878	0	1733439	standard_tone	active_oddball	standard	n/a	n/a	n/a	n/a	n/a
3467.926	0	1733963	standard_tone	active_oddball	standard	n/a	n/a	n/a	n/a	n/a
3468.976	0	1734488	standard_tone	active_oddball	standard	n/a	n/a	n/a	n/a	n/a
3470.008	0	1735004	distractor_noise	active_oddball	distractor	n/a	n/a	n/a	n/a	n/a
3471.058	0	1735529	standard_tone	active_oddball	standard	n/a	n/a	n/a	n/a	n/a
3472.074	0	1736037	standard_tone	active_oddball	standard	n/a	n/a	n/a	n/a	n/a
3473.106	0	1736553	standard_tone	active_oddball	standard	n/a	n/a	n/a	n/a	n/a
3474.172	0	1737086	standard_tone	active_oddball	standard	n/a	n/a	n/a	n/a	n/a
3475.204	0	1737602	standard_tone	active_oddball	standard	n/a	n/a	n/a	n/a	n/a
3476.220	0	1738110	oddball_tone	active_oddball	oddball	n/a	n/a	n/a	n/a	n/a
3477.086	0	1738543	clicker_press	active_oddball	response-received-arrow_down	n/a	n/a	n/a	n/a	arrow_down
3477.102	0	1738551	oddball_response	active_oddball	active-oddball-button-press-858ms	n/a	n/a	0.858	n/a	n/a
3477.270	0	1738635	standard_tone	active_oddball	standard	n/a	n/a	n/a	n/a	n/a
3478.334	0	1739167	oddball_tone	active_oddball	oddball	n/a	n/a	n/a	n/a	n/a
3479.384	0	1739692	standard_tone	active_oddball	standard	n/a	n/a	n/a	n/a	n/a
3479.468	0	1739734	clicker_press	active_oddball	response-received-arrow_down	n/a	n/a	n/a	n/a	arrow_down
3479.500	0	1739750	oddball_response	active_oddball	active-oddball-button-press-77ms	n/a	n/a	0.077	n/a	n/a
3480.500	0	1740250	standard_tone	active_oddball	standard	n/a	n/a	n/a	n/a	n/a
3481.566	0	1740783	standard_tone	active_oddball	standard	n/a	n/a	n/a	n/a	n/a
3482.714	0	1741357	standard_tone	active_oddball	standard	n/a	n/a	n/a	n/a	n/a
3483.914	0	1741957	standard_tone	active_oddball	standard	n/a	n/a	n/a	n/a	n/a
3484.930	0	1742465	standard_tone	active_oddball	standard	n/a	n/a	n/a	n/a	n/a
3485.978	0	1742989	standard_tone	active_oddball	standard	n/a	n/a	n/a	n/a	n/a
3487.078	0	1743539	standard_tone	active_oddball	standard	n/a	n/a	n/a	n/a	n/a
3488.110	0	1744055	standard_tone	active_oddball	standard	n/a	n/a	n/a	n/a	n/a
3489.160	0	1744580	standard_tone	active_oddball	standard	n/a	n/a	n/a	n/a	n/a
3490.192	0	1745096	standard_tone	active_oddball	standard	n/a	n/a	n/a	n/a	n/a
3491.290	0	1745645	standard_tone	active_oddball	standard	n/a	n/a	n/a	n/a	n/a
3492.356	0	1746178	standard_tone	active_oddball	standard	n/a	n/a	n/a	n/a	n/a
3493.372	0	1746686	oddball_tone	active_oddball	oddball	n/a	n/a	n/a	n/a	n/a
3494.388	0	1747194	distractor_noise	active_oddball	distractor	n/a	n/a	n/a	n/a	n/a
3494.522	0	1747261	clicker_press	active_oddball	response-received-arrow_down	n/a	n/a	n/a	n/a	arrow_down
3494.572	0	1747286	oddball_response	active_oddball	active-oddball-button-press-125ms	n/a	n/a	0.125	n/a	n/a
3495.504	0	1747752	standard_tone	active_oddball	standard	n/a	n/a	n/a	n/a	n/a
3496.536	0	1748268	standard_tone	active_oddball	standard	n/a	n/a	n/a	n/a	n/a
3497.552	0	1748776	standard_tone	active_oddball	standard	n/a	n/a	n/a	n/a	n/a
3498.584	0	1749292	standard_tone	active_oddball	standard	n/a	n/a	n/a	n/a	n/a
3499.718	0	1749859	standard_tone	active_oddball	standard	n/a	n/a	n/a	n/a	n/a
3500.732	0	1750366	oddball_tone	active_oddball	oddball	n/a	n/a	n/a	n/a	n/a
3501.782	0	1750891	standard_tone	active_oddball	standard	n/a	n/a	n/a	n/a	n/a
3501.898	0	1750949	clicker_press	active_oddball	response-received-arrow_down	n/a	n/a	n/a	n/a	arrow_down
3501.932	0	1750966	oddball_response	active_oddball	active-oddball-button-press-110ms	n/a	n/a	0.110	n/a	n/a
3502.914	0	1751457	standard_tone	active_oddball	standard	n/a	n/a	n/a	n/a	n/a
3503.998	0	1751999	standard_tone	active_oddball	standard	n/a	n/a	n/a	n/a	n/a
3505.012	0	1752506	standard_tone	active_oddball	standard	n/a	n/a	n/a	n/a	n/a
3506.028	0	1753014	oddball_tone	active_oddball	oddball	n/a	n/a	n/a	n/a	n/a
3507.094	0	1753547	standard_tone	active_oddball	standard	n/a	n/a	n/a	n/a	n/a
3507.110	0	1753555	clicker_press	active_oddball	response-received-arrow_down	n/a	n/a	n/a	n/a	arrow_down
3507.178	0	1753589	oddball_response	active_oddball	active-oddball-button-press-10ms	n/a	n/a	0.010	n/a	n/a
3508.110	0	1754055	standard_tone	active_oddball	standard	n/a	n/a	n/a	n/a	n/a
3509.142	0	1754571	standard_tone	active_oddball	standard	n/a	n/a	n/a	n/a	n/a
3510.192	0	1755096	standard_tone	active_oddball	standard	n/a	n/a	n/a	n/a	n/a
3511.240	0	1755620	standard_tone	active_oddball	standard	n/a	n/a	n/a	n/a	n/a
3512.256	0	1756128	standard_tone	active_oddball	standard	n/a	n/a	n/a	n/a	n/a
3513.306	0	1756653	standard_tone	active_oddball	standard	n/a	n/a	n/a	n/a	n/a
3514.322	0	1757161	standard_tone	active_oddball	standard	n/a	n/a	n/a	n/a	n/a
3515.338	0	1757669	oddball_tone	active_oddball	oddball	n/a	n/a	n/a	n/a	n/a
3516.354	0	1758177	clicker_press	active_oddball	response-received-arrow_down	n/a	n/a	n/a	n/a	arrow_down
3516.356	0	1758178	oddball_response	active_oddball	active-oddball-button-press-1011ms	n/a	n/a	1.011	n/a	n/a
3516.356	0	1758178	standard_tone	active_oddball	standard	n/a	n/a	n/a	n/a	n/a
3517.404	0	1758702	standard_tone	active_oddball	standard	n/a	n/a	n/a	n/a	n/a
3518.436	0	1759218	standard_tone	active_oddball	standard	n/a	n/a	n/a	n/a	n/a
3519.450	0	1759725	distractor_noise	active_oddball	distractor	n/a	n/a	n/a	n/a	n/a
3520.484	0	1760242	standard_tone	active_oddball	standard	n/a	n/a	n/a	n/a	n/a
3521.500	0	1760750	oddball_tone	active_oddball	oddball	n/a	n/a	n/a	n/a	n/a
3522.582	0	1761291	clicker_press	active_oddball	response-received-arrow_down	n/a	n/a	n/a	n/a	arrow_down
3522.582	0	1761291	oddball_response	active_oddball	active-oddball-button-press-1075ms	n/a	n/a	1.075	n/a	n/a
3522.584	0	1761292	standard_tone	active_oddball	standard	n/a	n/a	n/a	n/a	n/a
3523.614	0	1761807	standard_tone	active_oddball	standard	n/a	n/a	n/a	n/a	n/a
3524.646	0	1762323	standard_tone	active_oddball	standard	n/a	n/a	n/a	n/a	n/a
3525.680	0	1762840	standard_tone	active_oddball	standard	n/a	n/a	n/a	n/a	n/a
3526.778	0	1763389	standard_tone	active_oddball	standard	n/a	n/a	n/a	n/a	n/a
3527.844	0	1763922	standard_tone	active_oddball	standard	n/a	n/a	n/a	n/a	n/a
3528.860	0	1764430	standard_tone	active_oddball	standard	n/a	n/a	n/a	n/a	n/a
3529.892	0	1764946	distractor_noise	active_oddball	distractor	n/a	n/a	n/a	n/a	n/a
3530.992	0	1765496	standard_tone	active_oddball	standard	n/a	n/a	n/a	n/a	n/a
3532.024	0	1766012	distractor_noise	active_oddball	distractor	n/a	n/a	n/a	n/a	n/a
3533.106	0	1766553	oddball_tone	active_oddball	oddball	n/a	n/a	n/a	n/a	n/a
3534.138	0	1767069	standard_tone	active_oddball	standard	n/a	n/a	n/a	n/a	n/a
3534.172	0	1767086	clicker_press	active_oddball	response-received-arrow_down	n/a	n/a	n/a	n/a	arrow_down
3534.206	0	1767103	oddball_response	active_oddball	active-oddball-button-press-26ms	n/a	n/a	0.026	n/a	n/a
3535.154	0	1767577	distractor_noise	active_oddball	distractor	n/a	n/a	n/a	n/a	n/a
3536.254	0	1768127	standard_tone	active_oddball	standard	n/a	n/a	n/a	n/a	n/a
3537.286	0	1768643	standard_tone	active_oddball	standard	n/a	n/a	n/a	n/a	n/a
3538.352	0	1769176	standard_tone	active_oddball	standard	n/a	n/a	n/a	n/a	n/a
3539.384	0	1769692	standard_tone	active_oddball	standard	n/a	n/a	n/a	n/a	n/a
3540.416	0	1770208	distractor_noise	active_oddball	distractor	n/a	n/a	n/a	n/a	n/a
3541.432	0	1770716	standard_tone	active_oddball	standard	n/a	n/a	n/a	n/a	n/a
3542.448	0	1771224	distractor_noise	active_oddball	distractor	n/a	n/a	n/a	n/a	n/a
3543.464	0	1771732	standard_tone	active_oddball	standard	n/a	n/a	n/a	n/a	n/a
3544.564	0	1772282	standard_tone	active_oddball	standard	n/a	n/a	n/a	n/a	n/a
3545.646	0	1772823	oddball_tone	active_oddball	oddball	n/a	n/a	n/a	n/a	n/a
3546.612	0	1773306	clicker_press	active_oddball	response-received-arrow_down	n/a	n/a	n/a	n/a	arrow_down
3546.644	0	1773322	oddball_response	active_oddball	active-oddball-button-press-960ms	n/a	n/a	0.960	n/a	n/a
3546.662	0	1773331	standard_tone	active_oddball	standard	n/a	n/a	n/a	n/a	n/a
3547.694	0	1773847	standard_tone	active_oddball	standard	n/a	n/a	n/a	n/a	n/a
3548.776	0	1774388	oddball_tone	active_oddball	oddball	n/a	n/a	n/a	n/a	n/a
3549.842	0	1774921	standard_tone	active_oddball	standard	n/a	n/a	n/a	n/a	n/a
3549.942	0	1774971	clicker_press	active_oddball	response-received-arrow_down	n/a	n/a	n/a	n/a	arrow_down
3549.960	0	1774980	oddball_response	active_oddball	active-oddball-button-press-92ms	n/a	n/a	0.092	n/a	n/a
3550.874	0	1775437	standard_tone	active_oddball	standard	n/a	n/a	n/a	n/a	n/a
3551.908	0	1775954	standard_tone	active_oddball	standard	n/a	n/a	n/a	n/a	n/a
3552.956	0	1776478	standard_tone	active_oddball	standard	n/a	n/a	n/a	n/a	n/a
3553.972	0	1776986	standard_tone	active_oddball	standard	n/a	n/a	n/a	n/a	n/a
3555.038	0	1777519	distractor_noise	active_oddball	distractor	n/a	n/a	n/a	n/a	n/a
3556.138	0	1778069	standard_tone	active_oddball	standard	n/a	n/a	n/a	n/a	n/a
3557.152	0	1778576	standard_tone	active_oddball	standard	n/a	n/a	n/a	n/a	n/a
3558.220	0	1779110	standard_tone	active_oddball	standard	n/a	n/a	n/a	n/a	n/a
3559.318	0	1779659	distractor_noise	active_oddball	distractor	n/a	n/a	n/a	n/a	n/a
3560.334	0	1780167	standard_tone	active_oddball	standard	n/a	n/a	n/a	n/a	n/a
3561.350	0	1780675	oddball_tone	active_oddball	oddball	n/a	n/a	n/a	n/a	n/a
3562.366	0	1781183	standard_tone	active_oddball	standard	n/a	n/a	n/a	n/a	n/a
3562.432	0	1781216	clicker_press	active_oddball	response-received-arrow_down	n/a	n/a	n/a	n/a	arrow_down
3562.516	0	1781258	oddball_response	active_oddball	active-oddball-button-press-61ms	n/a	n/a	0.061	n/a	n/a
3563.398	0	1781699	oddball_tone	active_oddball	oddball	n/a	n/a	n/a	n/a	n/a
3564.514	0	1782257	standard_tone	active_oddball	standard	n/a	n/a	n/a	n/a	n/a
3564.530	0	1782265	clicker_press	active_oddball	response-received-arrow_down	n/a	n/a	n/a	n/a	arrow_down
3564.696	0	1782348	oddball_response	active_oddball	active-oddball-button-press-9ms	n/a	n/a	0.009	n/a	n/a
3565.546	0	1782773	standard_tone	active_oddball	standard	n/a	n/a	n/a	n/a	n/a
3566.580	0	1783290	standard_tone	active_oddball	standard	n/a	n/a	n/a	n/a	n/a
3567.594	0	1783797	standard_tone	active_oddball	standard	n/a	n/a	n/a	n/a	n/a
3568.610	0	1784305	oddball_tone	active_oddball	oddball	n/a	n/a	n/a	n/a	n/a
3569.642	0	1784821	standard_tone	active_oddball	standard	n/a	n/a	n/a	n/a	n/a
3569.660	0	1784830	clicker_press	active_oddball	response-received-arrow_down	n/a	n/a	n/a	n/a	arrow_down
3569.676	0	1784838	oddball_response	active_oddball	active-oddball-button-press-10ms	n/a	n/a	0.010	n/a	n/a
3570.708	0	1785354	standard_tone	active_oddball	standard	n/a	n/a	n/a	n/a	n/a
3571.924	0	1785962	standard_tone	active_oddball	standard	n/a	n/a	n/a	n/a	n/a
3573.006	0	1786503	standard_tone	active_oddball	standard	n/a	n/a	n/a	n/a	n/a
3574.072	0	1787036	standard_tone	active_oddball	standard	n/a	n/a	n/a	n/a	n/a
3575.154	0	1787577	standard_tone	active_oddball	standard	n/a	n/a	n/a	n/a	n/a
3576.220	0	1788110	standard_tone	active_oddball	standard	n/a	n/a	n/a	n/a	n/a
3577.286	0	1788643	standard_tone	active_oddball	standard	n/a	n/a	n/a	n/a	n/a
3578.318	0	1789159	standard_tone	active_oddball	standard	n/a	n/a	n/a	n/a	n/a
3579.384	0	1789692	standard_tone	active_oddball	standard	n/a	n/a	n/a	n/a	n/a
3580.550	0	1790275	distractor_noise	active_oddball	distractor	n/a	n/a	n/a	n/a	n/a
3581.584	0	1790792	standard_tone	active_oddball	standard	n/a	n/a	n/a	n/a	n/a
3582.632	0	1791316	oddball_tone	active_oddball	oddball	n/a	n/a	n/a	n/a	n/a
3583.648	0	1791824	clicker_press	active_oddball	response-received-arrow_down	n/a	n/a	n/a	n/a	arrow_down
3583.666	0	1791833	oddball_response	active_oddball	active-oddball-button-press-1008ms	n/a	n/a	1.008	n/a	n/a
3583.666	0	1791833	standard_tone	active_oddball	standard	n/a	n/a	n/a	n/a	n/a
3584.714	0	1792357	standard_tone	active_oddball	standard	n/a	n/a	n/a	n/a	n/a
3585.746	0	1792873	oddball_tone	active_oddball	oddball	n/a	n/a	n/a	n/a	n/a
3586.696	0	1793348	clicker_press	active_oddball	response-received-arrow_down	n/a	n/a	n/a	n/a	arrow_down
3586.796	0	1793398	oddball_response	active_oddball	active-oddball-button-press-942ms	n/a	n/a	0.942	n/a	n/a
3586.796	0	1793398	standard_tone	active_oddball	standard	n/a	n/a	n/a	n/a	n/a
3587.844	0	1793922	standard_tone	active_oddball	standard	n/a	n/a	n/a	n/a	n/a
3588.876	0	1794438	standard_tone	active_oddball	standard	n/a	n/a	n/a	n/a	n/a
3589.942	0	1794971	standard_tone	active_oddball	standard	n/a	n/a	n/a	n/a	n/a
3590.958	0	1795479	standard_tone	active_oddball	standard	n/a	n/a	n/a	n/a	n/a
3592.074	0	1796037	distractor_noise	active_oddball	distractor	n/a	n/a	n/a	n/a	n/a
3593.090	0	1796545	standard_tone	active_oddball	standard	n/a	n/a	n/a	n/a	n/a
3594.122	0	1797061	standard_tone	active_oddball	standard	n/a	n/a	n/a	n/a	n/a
3595.154	0	1797577	standard_tone	active_oddball	standard	n/a	n/a	n/a	n/a	n/a
3596.254	0	1798127	standard_tone	active_oddball	standard	n/a	n/a	n/a	n/a	n/a
3597.286	0	1798643	standard_tone	active_oddball	standard	n/a	n/a	n/a	n/a	n/a
3598.318	0	1799159	standard_tone	active_oddball	standard	n/a	n/a	n/a	n/a	n/a
3599.352	0	1799676	standard_tone	active_oddball	standard	n/a	n/a	n/a	n/a	n/a
3600.618	0	1800309	standard_tone	active_oddball	standard	n/a	n/a	n/a	n/a	n/a
3601.682	0	1800841	standard_tone	active_oddball	standard	n/a	n/a	n/a	n/a	n/a
3602.716	0	1801358	oddball_tone	active_oddball	oddball	n/a	n/a	n/a	n/a	n/a
3603.730	0	1801865	clicker_press	active_oddball	response-received-arrow_down	n/a	n/a	n/a	n/a	arrow_down
3603.732	0	1801866	oddball_response	active_oddball	active-oddball-button-press-1009ms	n/a	n/a	1.009	n/a	n/a
3603.734	0	1801867	standard_tone	active_oddball	standard	n/a	n/a	n/a	n/a	n/a
3604.796	0	1802398	standard_tone	active_oddball	standard	n/a	n/a	n/a	n/a	n/a
3605.846	0	1802923	standard_tone	active_oddball	standard	n/a	n/a	n/a	n/a	n/a
3606.880	0	1803440	standard_tone	active_oddball	standard	n/a	n/a	n/a	n/a	n/a
3608.028	0	1804014	standard_tone	active_oddball	standard	n/a	n/a	n/a	n/a	n/a
3609.060	0	1804530	standard_tone	active_oddball	standard	n/a	n/a	n/a	n/a	n/a
3610.092	0	1805046	standard_tone	active_oddball	standard	n/a	n/a	n/a	n/a	n/a
3611.142	0	1805571	standard_tone	active_oddball	standard	n/a	n/a	n/a	n/a	n/a
3612.174	0	1806087	standard_tone	active_oddball	standard	n/a	n/a	n/a	n/a	n/a
3613.190	0	1806595	standard_tone	active_oddball	standard	n/a	n/a	n/a	n/a	n/a
3614.206	0	1807103	standard_tone	active_oddball	standard	n/a	n/a	n/a	n/a	n/a
3615.272	0	1807636	standard_tone	active_oddball	standard	n/a	n/a	n/a	n/a	n/a
3616.354	0	1808177	standard_tone	active_oddball	standard	n/a	n/a	n/a	n/a	n/a
3617.420	0	1808710	distractor_noise	active_oddball	distractor	n/a	n/a	n/a	n/a	n/a
3618.436	0	1809218	oddball_tone	active_oddball	oddball	n/a	n/a	n/a	n/a	n/a
3619.434	0	1809717	clicker_press	active_oddball	response-received-arrow_down	n/a	n/a	n/a	n/a	arrow_down
3619.534	0	1809767	oddball_response	active_oddball	active-oddball-button-press-993ms	n/a	n/a	0.993	n/a	n/a
3619.536	0	1809768	standard_tone	active_oddball	standard	n/a	n/a	n/a	n/a	n/a
3620.666	0	1810333	standard_tone	active_oddball	standard	n/a	n/a	n/a	n/a	n/a
3621.700	0	1810850	standard_tone	active_oddball	standard	n/a	n/a	n/a	n/a	n/a
3622.716	0	1811358	standard_tone	active_oddball	standard	n/a	n/a	n/a	n/a	n/a
3623.782	0	1811891	standard_tone	active_oddball	standard	n/a	n/a	n/a	n/a	n/a
3624.814	0	1812407	standard_tone	active_oddball	standard	n/a	n/a	n/a	n/a	n/a
3625.948	0	1812974	standard_tone	active_oddball	standard	n/a	n/a	n/a	n/a	n/a
3626.996	0	1813498	standard_tone	active_oddball	standard	n/a	n/a	n/a	n/a	n/a
3628.010	0	1814005	standard_tone	active_oddball	standard	n/a	n/a	n/a	n/a	n/a
3629.044	0	1814522	distractor_noise	active_oddball	distractor	n/a	n/a	n/a	n/a	n/a
3630.076	0	1815038	standard_tone	active_oddball	standard	n/a	n/a	n/a	n/a	n/a
3631.124	0	1815562	standard_tone	active_oddball	standard	n/a	n/a	n/a	n/a	n/a
3632.158	0	1816079	distractor_noise	active_oddball	distractor	n/a	n/a	n/a	n/a	n/a
3633.190	0	1816595	standard_tone	active_oddball	standard	n/a	n/a	n/a	n/a	n/a
3634.206	0	1817103	oddball_tone	active_oddball	oddball	n/a	n/a	n/a	n/a	n/a
3635.138	0	1817569	clicker_press	active_oddball	response-received-arrow_down	n/a	n/a	n/a	n/a	arrow_down
3635.172	0	1817586	oddball_response	active_oddball	active-oddball-button-press-926ms	n/a	n/a	0.926	n/a	n/a
3635.254	0	1817627	standard_tone	active_oddball	standard	n/a	n/a	n/a	n/a	n/a
3636.288	0	1818144	standard_tone	active_oddball	standard	n/a	n/a	n/a	n/a	n/a
3637.452	0	1818726	standard_tone	active_oddball	standard	n/a	n/a	n/a	n/a	n/a
3638.518	0	1819259	standard_tone	active_oddball	standard	n/a	n/a	n/a	n/a	n/a
3639.584	0	1819792	standard_tone	active_oddball	standard	n/a	n/a	n/a	n/a	n/a
3640.700	0	1820350	oddball_tone	active_oddball	oddball	n/a	n/a	n/a	n/a	n/a
3641.750	0	1820875	distractor_noise	active_oddball	distractor	n/a	n/a	n/a	n/a	n/a
3641.834	0	1820917	clicker_press	active_oddball	response-received-arrow_down	n/a	n/a	n/a	n/a	arrow_down
3641.852	0	1820926	oddball_response	active_oddball	active-oddball-button-press-77ms	n/a	n/a	0.077	n/a	n/a
3642.832	0	1821416	standard_tone	active_oddball	standard	n/a	n/a	n/a	n/a	n/a
3643.848	0	1821924	standard_tone	active_oddball	standard	n/a	n/a	n/a	n/a	n/a
3644.880	0	1822440	standard_tone	active_oddball	standard	n/a	n/a	n/a	n/a	n/a
3645.912	0	1822956	standard_tone	active_oddball	standard	n/a	n/a	n/a	n/a	n/a
3647.012	0	1823506	standard_tone	active_oddball	standard	n/a	n/a	n/a	n/a	n/a
3648.028	0	1824014	standard_tone	active_oddball	standard	n/a	n/a	n/a	n/a	n/a
3649.076	0	1824538	standard_tone	active_oddball	standard	n/a	n/a	n/a	n/a	n/a
3650.192	0	1825096	distractor_noise	active_oddball	distractor	n/a	n/a	n/a	n/a	n/a
3651.260	0	1825630	standard_tone	active_oddball	standard	n/a	n/a	n/a	n/a	n/a
3652.274	0	1826137	oddball_tone	active_oddball	oddball	n/a	n/a	n/a	n/a	n/a
3653.108	0	1826554	clicker_press	active_oddball	response-received-arrow_down	n/a	n/a	n/a	n/a	arrow_down
3653.156	0	1826578	oddball_response	active_oddball	active-oddball-button-press-828ms	n/a	n/a	0.828	n/a	n/a
3653.306	0	1826653	standard_tone	active_oddball	standard	n/a	n/a	n/a	n/a	n/a
3654.372	0	1827186	standard_tone	active_oddball	standard	n/a	n/a	n/a	n/a	n/a
3655.488	0	1827744	distractor_noise	active_oddball	distractor	n/a	n/a	n/a	n/a	n/a
3656.520	0	1828260	standard_tone	active_oddball	standard	n/a	n/a	n/a	n/a	n/a
3657.554	0	1828777	standard_tone	active_oddball	standard	n/a	n/a	n/a	n/a	n/a
3658.586	0	1829293	standard_tone	active_oddball	standard	n/a	n/a	n/a	n/a	n/a
3659.652	0	1829826	standard_tone	active_oddball	standard	n/a	n/a	n/a	n/a	n/a
3660.684	0	1830342	standard_tone	active_oddball	standard	n/a	n/a	n/a	n/a	n/a
3661.700	0	1830850	standard_tone	active_oddball	standard	n/a	n/a	n/a	n/a	n/a
3662.766	0	1831383	distractor_noise	active_oddball	distractor	n/a	n/a	n/a	n/a	n/a
3663.814	0	1831907	standard_tone	active_oddball	standard	n/a	n/a	n/a	n/a	n/a
3664.830	0	1832415	standard_tone	active_oddball	standard	n/a	n/a	n/a	n/a	n/a
3665.830	0	1832915	standard_tone	active_oddball	standard	n/a	n/a	n/a	n/a	n/a
3666.846	0	1833423	standard_tone	active_oddball	standard	n/a	n/a	n/a	n/a	n/a
3668.078	0	1834039	standard_tone	active_oddball	standard	n/a	n/a	n/a	n/a	n/a
3669.160	0	1834580	standard_tone	active_oddball	standard	n/a	n/a	n/a	n/a	n/a
3670.176	0	1835088	standard_tone	active_oddball	standard	n/a	n/a	n/a	n/a	n/a
3671.192	0	1835596	distractor_noise	active_oddball	distractor	n/a	n/a	n/a	n/a	n/a
3672.290	0	1836145	standard_tone	active_oddball	standard	n/a	n/a	n/a	n/a	n/a
3673.306	0	1836653	standard_tone	active_oddball	standard	n/a	n/a	n/a	n/a	n/a
3674.338	0	1837169	standard_tone	active_oddball	standard	n/a	n/a	n/a	n/a	n/a
3675.354	0	1837677	distractor_noise	active_oddball	distractor	n/a	n/a	n/a	n/a	n/a
3676.420	0	1838210	oddball_tone	active_oddball	oddball	n/a	n/a	n/a	n/a	n/a
3677.452	0	1838726	standard_tone	active_oddball	standard	n/a	n/a	n/a	n/a	n/a
3677.470	0	1838735	clicker_press	active_oddball	response-received-arrow_down	n/a	n/a	n/a	n/a	arrow_down
3677.536	0	1838768	oddball_response	active_oddball	active-oddball-button-press-11ms	n/a	n/a	0.011	n/a	n/a
3678.468	0	1839234	standard_tone	active_oddball	standard	n/a	n/a	n/a	n/a	n/a
3679.534	0	1839767	standard_tone	active_oddball	standard	n/a	n/a	n/a	n/a	n/a
3680.616	0	1840308	standard_tone	active_oddball	standard	n/a	n/a	n/a	n/a	n/a
3681.666	0	1840833	standard_tone	active_oddball	standard	n/a	n/a	n/a	n/a	n/a
3682.682	0	1841341	active_oddball_end	active_oddball	active-oddball-end	n/a	n/a	n/a	n/a	n/a
3682.682	0	1841341	prompt_window_begin	active_oddball	probe-oddball-begin	n/a	n/a	n/a	n/a	n/a
3689.976	0	1844988	clicker_press	n/a	response-received-arrow_down	n/a	n/a	n/a	n/a	arrow_down
3690.576	0	1845288	clicker_press	n/a	response-received-arrow_down	n/a	n/a	n/a	n/a	arrow_down
3691.308	0	1845654	clicker_press	n/a	response-received-arrow_down	n/a	n/a	n/a	n/a	arrow_down
3691.808	0	1845904	depth_rating	active_oddball	rating-oddball-meditation_depth-3	3	n/a	n/a	n/a	n/a
3697.754	0	1848877	clicker_press	n/a	response-received-arrow_down	n/a	n/a	n/a	n/a	arrow_down
3698.354	0	1849177	clicker_press	n/a	response-received-arrow_down	n/a	n/a	n/a	n/a	arrow_down
3698.902	0	1849451	clicker_press	n/a	response-received-arrow_down	n/a	n/a	n/a	n/a	arrow_down
3701.984	0	1850992	confidence_rating	active_oddball	rating-oddball-confidence_depth-3	n/a	3	n/a	n/a	n/a
3703.016	0	1851508	prompt_window_end	active_oddball	probe-oddball-end	n/a	n/a	n/a	n/a	n/a
3773.758	0	1886879	clicker_press	n/a	response-received-arrow_down	n/a	n/a	n/a	n/a	arrow_down
3773.780	0	1886890	sapo_probe_begin	sapo_probe	block-sapo-probe-begin	n/a	n/a	n/a	n/a	n/a
3773.792	0	1886896	subblock_begin	sapo_probe	subblock-begin	n/a	n/a	n/a	n/a	n/a
3773.794	0	1886897	silence_begin	sapo_probe	silence-begin	n/a	n/a	n/a	n/a	n/a
3773.794	0	1886897	standard_tone	sapo_probe	standard	n/a	n/a	n/a	n/a	n/a
3774.806	0	1887403	standard_tone	sapo_probe	standard	n/a	n/a	n/a	n/a	n/a
3775.822	0	1887911	standard_tone	sapo_probe	standard	n/a	n/a	n/a	n/a	n/a
3776.838	0	1888419	standard_tone	sapo_probe	standard	n/a	n/a	n/a	n/a	n/a
3777.854	0	1888927	oddball_tone	sapo_probe	oddball	n/a	n/a	n/a	n/a	n/a
3778.868	0	1889434	distractor_noise	sapo_probe	distractor	n/a	n/a	n/a	n/a	n/a
3779.884	0	1889942	standard_tone	sapo_probe	standard	n/a	n/a	n/a	n/a	n/a
3780.900	0	1890450	standard_tone	sapo_probe	standard	n/a	n/a	n/a	n/a	n/a
3781.916	0	1890958	distractor_noise	sapo_probe	distractor	n/a	n/a	n/a	n/a	n/a
3782.932	0	1891466	standard_tone	sapo_probe	standard	n/a	n/a	n/a	n/a	n/a
3783.948	0	1891974	distractor_noise	sapo_probe	distractor	n/a	n/a	n/a	n/a	n/a
3784.964	0	1892482	standard_tone	sapo_probe	standard	n/a	n/a	n/a	n/a	n/a
3785.980	0	1892990	standard_tone	sapo_probe	standard	n/a	n/a	n/a	n/a	n/a
3786.978	0	1893489	standard_tone	sapo_probe	standard	n/a	n/a	n/a	n/a	n/a
3787.996	0	1893998	standard_tone	sapo_probe	standard	n/a	n/a	n/a	n/a	n/a
3789.010	0	1894505	standard_tone	sapo_probe	standard	n/a	n/a	n/a	n/a	n/a
3790.026	0	1895013	standard_tone	sapo_probe	standard	n/a	n/a	n/a	n/a	n/a
3791.042	0	1895521	standard_tone	sapo_probe	standard	n/a	n/a	n/a	n/a	n/a
3792.058	0	1896029	standard_tone	sapo_probe	standard	n/a	n/a	n/a	n/a	n/a
3793.074	0	1896537	standard_tone	sapo_probe	standard	n/a	n/a	n/a	n/a	n/a
3794.090	0	1897045	distractor_noise	sapo_probe	distractor	n/a	n/a	n/a	n/a	n/a
3795.106	0	1897553	standard_tone	sapo_probe	standard	n/a	n/a	n/a	n/a	n/a
3796.122	0	1898061	oddball_tone	sapo_probe	oddball	n/a	n/a	n/a	n/a	n/a
3797.138	0	1898569	standard_tone	sapo_probe	standard	n/a	n/a	n/a	n/a	n/a
3798.154	0	1899077	standard_tone	sapo_probe	standard	n/a	n/a	n/a	n/a	n/a
3799.168	0	1899584	standard_tone	sapo_probe	standard	n/a	n/a	n/a	n/a	n/a
3800.184	0	1900092	standard_tone	sapo_probe	standard	n/a	n/a	n/a	n/a	n/a
3801.200	0	1900600	standard_tone	sapo_probe	standard	n/a	n/a	n/a	n/a	n/a
3802.216	0	1901108	standard_tone	sapo_probe	standard	n/a	n/a	n/a	n/a	n/a
3803.232	0	1901616	standard_tone	sapo_probe	standard	n/a	n/a	n/a	n/a	n/a
3804.248	0	1902124	standard_tone	sapo_probe	standard	n/a	n/a	n/a	n/a	n/a
3805.264	0	1902632	standard_tone	sapo_probe	standard	n/a	n/a	n/a	n/a	n/a
3806.280	0	1903140	standard_tone	sapo_probe	standard	n/a	n/a	n/a	n/a	n/a
3807.296	0	1903648	oddball_tone	sapo_probe	oddball	n/a	n/a	n/a	n/a	n/a
3808.312	0	1904156	standard_tone	sapo_probe	standard	n/a	n/a	n/a	n/a	n/a
3809.328	0	1904664	standard_tone	sapo_probe	standard	n/a	n/a	n/a	n/a	n/a
3810.344	0	1905172	standard_tone	sapo_probe	standard	n/a	n/a	n/a	n/a	n/a
3811.358	0	1905679	oddball_tone	sapo_probe	oddball	n/a	n/a	n/a	n/a	n/a
3812.358	0	1906179	standard_tone	sapo_probe	standard	n/a	n/a	n/a	n/a	n/a
3813.374	0	1906687	standard_tone	sapo_probe	standard	n/a	n/a	n/a	n/a	n/a
3814.390	0	1907195	distractor_noise	sapo_probe	distractor	n/a	n/a	n/a	n/a	n/a
3815.406	0	1907703	standard_tone	sapo_probe	standard	n/a	n/a	n/a	n/a	n/a
3816.420	0	1908210	standard_tone	sapo_probe	standard	n/a	n/a	n/a	n/a	n/a
3817.420	0	1908710	standard_tone	sapo_probe	standard	n/a	n/a	n/a	n/a	n/a
3818.436	0	1909218	standard_tone	sapo_probe	standard	n/a	n/a	n/a	n/a	n/a
3819.436	0	1909718	distractor_noise	sapo_probe	distractor	n/a	n/a	n/a	n/a	n/a
3820.452	0	1910226	standard_tone	sapo_probe	standard	n/a	n/a	n/a	n/a	n/a
3821.468	0	1910734	standard_tone	sapo_probe	standard	n/a	n/a	n/a	n/a	n/a
3822.466	0	1911233	standard_tone	sapo_probe	standard	n/a	n/a	n/a	n/a	n/a
3823.484	0	1911742	standard_tone	sapo_probe	standard	n/a	n/a	n/a	n/a	n/a
3824.498	0	1912249	oddball_tone	sapo_probe	oddball	n/a	n/a	n/a	n/a	n/a
3825.514	0	1912757	standard_tone	sapo_probe	standard	n/a	n/a	n/a	n/a	n/a
3826.530	0	1913265	standard_tone	sapo_probe	standard	n/a	n/a	n/a	n/a	n/a
3827.544	0	1913772	oddball_tone	sapo_probe	oddball	n/a	n/a	n/a	n/a	n/a
3828.562	0	1914281	standard_tone	sapo_probe	standard	n/a	n/a	n/a	n/a	n/a
3829.578	0	1914789	standard_tone	sapo_probe	standard	n/a	n/a	n/a	n/a	n/a
3830.592	0	1915296	standard_tone	sapo_probe	standard	n/a	n/a	n/a	n/a	n/a
3831.608	0	1915804	standard_tone	sapo_probe	standard	n/a	n/a	n/a	n/a	n/a
3832.624	0	1916312	standard_tone	sapo_probe	standard	n/a	n/a	n/a	n/a	n/a
3833.640	0	1916820	distractor_noise	sapo_probe	distractor	n/a	n/a	n/a	n/a	n/a
3834.656	0	1917328	standard_tone	sapo_probe	standard	n/a	n/a	n/a	n/a	n/a
3835.672	0	1917836	standard_tone	sapo_probe	standard	n/a	n/a	n/a	n/a	n/a
3836.698	0	1918349	distractor_noise	sapo_probe	distractor	n/a	n/a	n/a	n/a	n/a
3837.704	0	1918852	standard_tone	sapo_probe	standard	n/a	n/a	n/a	n/a	n/a
3838.720	0	1919360	standard_tone	sapo_probe	standard	n/a	n/a	n/a	n/a	n/a
3839.736	0	1919868	standard_tone	sapo_probe	standard	n/a	n/a	n/a	n/a	n/a
3840.752	0	1920376	standard_tone	sapo_probe	standard	n/a	n/a	n/a	n/a	n/a
3841.766	0	1920883	distractor_noise	sapo_probe	distractor	n/a	n/a	n/a	n/a	n/a
3842.782	0	1921391	standard_tone	sapo_probe	standard	n/a	n/a	n/a	n/a	n/a
3843.798	0	1921899	standard_tone	sapo_probe	standard	n/a	n/a	n/a	n/a	n/a
3844.814	0	1922407	standard_tone	sapo_probe	standard	n/a	n/a	n/a	n/a	n/a
3845.830	0	1922915	standard_tone	sapo_probe	standard	n/a	n/a	n/a	n/a	n/a
3846.846	0	1923423	distractor_noise	sapo_probe	distractor	n/a	n/a	n/a	n/a	n/a
3847.862	0	1923931	standard_tone	sapo_probe	standard	n/a	n/a	n/a	n/a	n/a
3848.878	0	1924439	standard_tone	sapo_probe	standard	n/a	n/a	n/a	n/a	n/a
3849.894	0	1924947	standard_tone	sapo_probe	standard	n/a	n/a	n/a	n/a	n/a
3850.910	0	1925455	oddball_tone	sapo_probe	oddball	n/a	n/a	n/a	n/a	n/a
3851.908	0	1925954	standard_tone	sapo_probe	standard	n/a	n/a	n/a	n/a	n/a
3852.924	0	1926462	standard_tone	sapo_probe	standard	n/a	n/a	n/a	n/a	n/a
3853.940	0	1926970	standard_tone	sapo_probe	standard	n/a	n/a	n/a	n/a	n/a
3854.956	0	1927478	distractor_noise	sapo_probe	distractor	n/a	n/a	n/a	n/a	n/a
3855.972	0	1927986	standard_tone	sapo_probe	standard	n/a	n/a	n/a	n/a	n/a
3856.988	0	1928494	distractor_noise	sapo_probe	distractor	n/a	n/a	n/a	n/a	n/a
3858.004	0	1929002	standard_tone	sapo_probe	standard	n/a	n/a	n/a	n/a	n/a
3859.002	0	1929501	standard_tone	sapo_probe	standard	n/a	n/a	n/a	n/a	n/a
3860.018	0	1930009	standard_tone	sapo_probe	standard	n/a	n/a	n/a	n/a	n/a
3861.034	0	1930517	standard_tone	sapo_probe	standard	n/a	n/a	n/a	n/a	n/a
3862.050	0	1931025	standard_tone	sapo_probe	standard	n/a	n/a	n/a	n/a	n/a
3863.066	0	1931533	standard_tone	sapo_probe	standard	n/a	n/a	n/a	n/a	n/a
3864.082	0	1932041	standard_tone	sapo_probe	standard	n/a	n/a	n/a	n/a	n/a
3865.098	0	1932549	standard_tone	sapo_probe	standard	n/a	n/a	n/a	n/a	n/a
3866.114	0	1933057	oddball_tone	sapo_probe	oddball	n/a	n/a	n/a	n/a	n/a
3867.130	0	1933565	standard_tone	sapo_probe	standard	n/a	n/a	n/a	n/a	n/a
3868.146	0	1934073	standard_tone	sapo_probe	standard	n/a	n/a	n/a	n/a	n/a
3869.160	0	1934580	standard_tone	sapo_probe	standard	n/a	n/a	n/a	n/a	n/a
3870.178	0	1935089	oddball_tone	sapo_probe	oddball	n/a	n/a	n/a	n/a	n/a
3871.192	0	1935596	standard_tone	sapo_probe	standard	n/a	n/a	n/a	n/a	n/a
3872.208	0	1936104	standard_tone	sapo_probe	standard	n/a	n/a	n/a	n/a	n/a
3873.224	0	1936612	distractor_noise	sapo_probe	distractor	n/a	n/a	n/a	n/a	n/a
3874.240	0	1937120	standard_tone	sapo_probe	standard	n/a	n/a	n/a	n/a	n/a
3875.256	0	1937628	distractor_noise	sapo_probe	distractor	n/a	n/a	n/a	n/a	n/a
3876.272	0	1938136	standard_tone	sapo_probe	standard	n/a	n/a	n/a	n/a	n/a
3877.288	0	1938644	standard_tone	sapo_probe	standard	n/a	n/a	n/a	n/a	n/a
3878.304	0	1939152	standard_tone	sapo_probe	standard	n/a	n/a	n/a	n/a	n/a
3879.304	0	1939652	standard_tone	sapo_probe	standard	n/a	n/a	n/a	n/a	n/a
3880.318	0	1940159	distractor_noise	sapo_probe	distractor	n/a	n/a	n/a	n/a	n/a
3881.334	0	1940667	standard_tone	sapo_probe	standard	n/a	n/a	n/a	n/a	n/a
3882.350	0	1941175	standard_tone	sapo_probe	standard	n/a	n/a	n/a	n/a	n/a
3883.366	0	1941683	standard_tone	sapo_probe	standard	n/a	n/a	n/a	n/a	n/a
3884.382	0	1942191	standard_tone	sapo_probe	standard	n/a	n/a	n/a	n/a	n/a
3885.248	0	1942624	silence_end	sapo_probe	silence-end	n/a	n/a	n/a	n/a	n/a
3885.248	0	1942624	gong_begin	sapo_probe	gong-begin	n/a	n/a	n/a	n/a	n/a
3895.356	0	1947678	gong_end	sapo_probe	gong-end	n/a	n/a	n/a	n/a	n/a
3895.358	0	1947679	subblock_end	sapo_probe	subblock-end-duration-121.565	n/a	n/a	n/a	121.565	n/a
3895.358	0	1947679	subblock_begin	sapo_probe	subblock-begin	n/a	n/a	n/a	n/a	n/a
3895.358	0	1947679	silence_begin	sapo_probe	silence-begin	n/a	n/a	n/a	n/a	n/a
3895.360	0	1947680	standard_tone	sapo_probe	standard	n/a	n/a	n/a	n/a	n/a
3896.372	0	1948186	standard_tone	sapo_probe	standard	n/a	n/a	n/a	n/a	n/a
3897.386	0	1948693	standard_tone	sapo_probe	standard	n/a	n/a	n/a	n/a	n/a
3898.386	0	1949193	standard_tone	sapo_probe	standard	n/a	n/a	n/a	n/a	n/a
3899.402	0	1949701	standard_tone	sapo_probe	standard	n/a	n/a	n/a	n/a	n/a
3900.418	0	1950209	standard_tone	sapo_probe	standard	n/a	n/a	n/a	n/a	n/a
3901.434	0	1950717	standard_tone	sapo_probe	standard	n/a	n/a	n/a	n/a	n/a
3902.450	0	1951225	standard_tone	sapo_probe	standard	n/a	n/a	n/a	n/a	n/a
3903.466	0	1951733	standard_tone	sapo_probe	standard	n/a	n/a	n/a	n/a	n/a
3904.466	0	1952233	standard_tone	sapo_probe	standard	n/a	n/a	n/a	n/a	n/a
3905.480	0	1952740	standard_tone	sapo_probe	standard	n/a	n/a	n/a	n/a	n/a
3906.496	0	1953248	standard_tone	sapo_probe	standard	n/a	n/a	n/a	n/a	n/a
3907.512	0	1953756	oddball_tone	sapo_probe	oddball	n/a	n/a	n/a	n/a	n/a
3908.528	0	1954264	standard_tone	sapo_probe	standard	n/a	n/a	n/a	n/a	n/a
3909.544	0	1954772	oddball_tone	sapo_probe	oddball	n/a	n/a	n/a	n/a	n/a
3910.560	0	1955280	standard_tone	sapo_probe	standard	n/a	n/a	n/a	n/a	n/a
3911.576	0	1955788	standard_tone	sapo_probe	standard	n/a	n/a	n/a	n/a	n/a
3912.592	0	1956296	distractor_noise	sapo_probe	distractor	n/a	n/a	n/a	n/a	n/a
3913.608	0	1956804	standard_tone	sapo_probe	standard	n/a	n/a	n/a	n/a	n/a
3914.624	0	1957312	standard_tone	sapo_probe	standard	n/a	n/a	n/a	n/a	n/a
3915.640	0	1957820	standard_tone	sapo_probe	standard	n/a	n/a	n/a	n/a	n/a
3916.656	0	1958328	standard_tone	sapo_probe	standard	n/a	n/a	n/a	n/a	n/a
3917.672	0	1958836	standard_tone	sapo_probe	standard	n/a	n/a	n/a	n/a	n/a
3918.686	0	1959343	standard_tone	sapo_probe	standard	n/a	n/a	n/a	n/a	n/a
3919.704	0	1959852	standard_tone	sapo_probe	standard	n/a	n/a	n/a	n/a	n/a
3920.718	0	1960359	standard_tone	sapo_probe	standard	n/a	n/a	n/a	n/a	n/a
3921.734	0	1960867	standard_tone	sapo_probe	standard	n/a	n/a	n/a	n/a	n/a
3922.750	0	1961375	standard_tone	sapo_probe	standard	n/a	n/a	n/a	n/a	n/a
3923.766	0	1961883	standard_tone	sapo_probe	standard	n/a	n/a	n/a	n/a	n/a
3924.782	0	1962391	standard_tone	sapo_probe	standard	n/a	n/a	n/a	n/a	n/a
3925.798	0	1962899	standard_tone	sapo_probe	standard	n/a	n/a	n/a	n/a	n/a
3926.796	0	1963398	standard_tone	sapo_probe	standard	n/a	n/a	n/a	n/a	n/a
3927.812	0	1963906	standard_tone	sapo_probe	standard	n/a	n/a	n/a	n/a	n/a
3928.828	0	1964414	standard_tone	sapo_probe	standard	n/a	n/a	n/a	n/a	n/a
3929.844	0	1964922	standard_tone	sapo_probe	standard	n/a	n/a	n/a	n/a	n/a
3930.860	0	1965430	standard_tone	sapo_probe	standard	n/a	n/a	n/a	n/a	n/a
3931.876	0	1965938	oddball_tone	sapo_probe	oddball	n/a	n/a	n/a	n/a	n/a
3932.892	0	1966446	standard_tone	sapo_probe	standard	n/a	n/a	n/a	n/a	n/a
3933.908	0	1966954	standard_tone	sapo_probe	standard	n/a	n/a	n/a	n/a	n/a
3934.924	0	1967462	oddball_tone	sapo_probe	oddball	n/a	n/a	n/a	n/a	n/a
3935.938	0	1967969	standard_tone	sapo_probe	standard	n/a	n/a	n/a	n/a	n/a
3936.954	0	1968477	oddball_tone	sapo_probe	oddball	n/a	n/a	n/a	n/a	n/a
3937.970	0	1968985	standard_tone	sapo_probe	standard	n/a	n/a	n/a	n/a	n/a
3938.986	0	1969493	standard_tone	sapo_probe	standard	n/a	n/a	n/a	n/a	n/a
3940.002	0	1970001	standard_tone	sapo_probe	standard	n/a	n/a	n/a	n/a	n/a
3941.018	0	1970509	distractor_noise	sapo_probe	distractor	n/a	n/a	n/a	n/a	n/a
3942.034	0	1971017	standard_tone	sapo_probe	standard	n/a	n/a	n/a	n/a	n/a
3943.050	0	1971525	standard_tone	sapo_probe	standard	n/a	n/a	n/a	n/a	n/a
3944.066	0	1972033	standard_tone	sapo_probe	standard	n/a	n/a	n/a	n/a	n/a
3945.082	0	1972541	standard_tone	sapo_probe	standard	n/a	n/a	n/a	n/a	n/a
3946.096	0	1973048	standard_tone	sapo_probe	standard	n/a	n/a	n/a	n/a	n/a
3947.114	0	1973557	standard_tone	sapo_probe	standard	n/a	n/a	n/a	n/a	n/a
3948.128	0	1974064	standard_tone	sapo_probe	standard	n/a	n/a	n/a	n/a	n/a
3949.128	0	1974564	standard_tone	sapo_probe	standard	n/a	n/a	n/a	n/a	n/a
3950.144	0	1975072	standard_tone	sapo_probe	standard	n/a	n/a	n/a	n/a	n/a
3951.160	0	1975580	standard_tone	sapo_probe	standard	n/a	n/a	n/a	n/a	n/a
3952.176	0	1976088	standard_tone	sapo_probe	standard	n/a	n/a	n/a	n/a	n/a
3953.192	0	1976596	standard_tone	sapo_probe	standard	n/a	n/a	n/a	n/a	n/a
3954.208	0	1977104	standard_tone	sapo_probe	standard	n/a	n/a	n/a	n/a	n/a
3955.224	0	1977612	standard_tone	sapo_probe	standard	n/a	n/a	n/a	n/a	n/a
3956.238	0	1978119	standard_tone	sapo_probe	standard	n/a	n/a	n/a	n/a	n/a
3957.254	0	1978627	standard_tone	sapo_probe	standard	n/a	n/a	n/a	n/a	n/a
3958.270	0	1979135	standard_tone	sapo_probe	standard	n/a	n/a	n/a	n/a	n/a
3959.286	0	1979643	standard_tone	sapo_probe	standard	n/a	n/a	n/a	n/a	n/a
3960.302	0	1980151	standard_tone	sapo_probe	standard	n/a	n/a	n/a	n/a	n/a
3961.318	0	1980659	standard_tone	sapo_probe	standard	n/a	n/a	n/a	n/a	n/a
3962.334	0	1981167	standard_tone	sapo_probe	standard	n/a	n/a	n/a	n/a	n/a
3963.350	0	1981675	standard_tone	sapo_probe	standard	n/a	n/a	n/a	n/a	n/a
3964.366	0	1982183	standard_tone	sapo_probe	standard	n/a	n/a	n/a	n/a	n/a
3965.380	0	1982690	standard_tone	sapo_probe	standard	n/a	n/a	n/a	n/a	n/a
3966.398	0	1983199	distractor_noise	sapo_probe	distractor	n/a	n/a	n/a	n/a	n/a
3967.412	0	1983706	standard_tone	sapo_probe	standard	n/a	n/a	n/a	n/a	n/a
3968.428	0	1984214	standard_tone	sapo_probe	standard	n/a	n/a	n/a	n/a	n/a
3969.444	0	1984722	standard_tone	sapo_probe	standard	n/a	n/a	n/a	n/a	n/a
3970.460	0	1985230	standard_tone	sapo_probe	standard	n/a	n/a	n/a	n/a	n/a
3971.460	0	1985730	standard_tone	sapo_probe	standard	n/a	n/a	n/a	n/a	n/a
3972.476	0	1986238	distractor_noise	sapo_probe	distractor	n/a	n/a	n/a	n/a	n/a
3973.492	0	1986746	standard_tone	sapo_probe	standard	n/a	n/a	n/a	n/a	n/a
3974.490	0	1987245	standard_tone	sapo_probe	standard	n/a	n/a	n/a	n/a	n/a
3975.506	0	1987753	distractor_noise	sapo_probe	distractor	n/a	n/a	n/a	n/a	n/a
3976.522	0	1988261	standard_tone	sapo_probe	standard	n/a	n/a	n/a	n/a	n/a
3977.538	0	1988769	standard_tone	sapo_probe	standard	n/a	n/a	n/a	n/a	n/a
3978.538	0	1989269	standard_tone	sapo_probe	standard	n/a	n/a	n/a	n/a	n/a
3979.552	0	1989776	oddball_tone	sapo_probe	oddball	n/a	n/a	n/a	n/a	n/a
3980.568	0	1990284	standard_tone	sapo_probe	standard	n/a	n/a	n/a	n/a	n/a
3981.584	0	1990792	standard_tone	sapo_probe	standard	n/a	n/a	n/a	n/a	n/a
3982.600	0	1991300	oddball_tone	sapo_probe	oddball	n/a	n/a	n/a	n/a	n/a
3983.616	0	1991808	standard_tone	sapo_probe	standard	n/a	n/a	n/a	n/a	n/a
3983.882	0	1991941	prompt_window_begin	sapo_probe	probe-sapo-probe-begin	n/a	n/a	n/a	n/a	n/a
3989.994	0	1994997	clicker_press	sapo_probe	response-received-arrow_down	n/a	n/a	n/a	n/a	arrow_down
3991.110	0	1995555	clicker_press	sapo_probe	response-received-arrow_down	n/a	n/a	n/a	n/a	arrow_down
3992.992	0	1996496	depth_rating	sapo_probe	rating-sapo-probe-meditation_depth-2	2	n/a	n/a	n/a	n/a
3999.088	0	1999544	clicker_press	sapo_probe	response-received-arrow_down	n/a	n/a	n/a	n/a	arrow_down
3999.520	0	1999760	clicker_press	sapo_probe	response-received-arrow_down	n/a	n/a	n/a	n/a	arrow_down
3999.920	0	1999960	clicker_press	sapo_probe	response-received-arrow_down	n/a	n/a	n/a	n/a	arrow_down
4000.320	0	2000160	clicker_press	sapo_probe	response-received-arrow_down	n/a	n/a	n/a	n/a	arrow_down
4003.050	0	2001525	confidence_rating	sapo_probe	rating-sapo-probe-confidence_depth-4	n/a	4	n/a	n/a	n/a
4006.482	0	2003241	prompt_window_end	sapo_probe	probe-sapo-probe-end	n/a	n/a	n/a	n/a	n/a
4006.482	0	2003241	standard_tone	sapo_probe	standard	n/a	n/a	n/a	n/a	n/a
4007.496	0	2003748	standard_tone	sapo_probe	standard	n/a	n/a	n/a	n/a	n/a
4008.512	0	2004256	standard_tone	sapo_probe	standard	n/a	n/a	n/a	n/a	n/a
4009.528	0	2004764	standard_tone	sapo_probe	standard	n/a	n/a	n/a	n/a	n/a
4010.544	0	2005272	standard_tone	sapo_probe	standard	n/a	n/a	n/a	n/a	n/a
4011.560	0	2005780	standard_tone	sapo_probe	standard	n/a	n/a	n/a	n/a	n/a
4012.576	0	2006288	standard_tone	sapo_probe	standard	n/a	n/a	n/a	n/a	n/a
4013.592	0	2006796	standard_tone	sapo_probe	standard	n/a	n/a	n/a	n/a	n/a
4014.608	0	2007304	standard_tone	sapo_probe	standard	n/a	n/a	n/a	n/a	n/a
4015.622	0	2007811	standard_tone	sapo_probe	standard	n/a	n/a	n/a	n/a	n/a
4016.622	0	2008311	standard_tone	sapo_probe	standard	n/a	n/a	n/a	n/a	n/a
4017.638	0	2008819	oddball_tone	sapo_probe	oddball	n/a	n/a	n/a	n/a	n/a
4018.654	0	2009327	standard_tone	sapo_probe	standard	n/a	n/a	n/a	n/a	n/a
4019.654	0	2009827	standard_tone	sapo_probe	standard	n/a	n/a	n/a	n/a	n/a
4020.670	0	2010335	standard_tone	sapo_probe	standard	n/a	n/a	n/a	n/a	n/a
4021.684	0	2010842	standard_tone	sapo_probe	standard	n/a	n/a	n/a	n/a	n/a
4022.400	0	2011200	silence_end	sapo_probe	silence-end	n/a	n/a	n/a	n/a	n/a
4022.402	0	2011201	subblock_end	sapo_probe	subblock-end-duration-127.044	n/a	n/a	n/a	127.044	n/a
4022.402	0	2011201	subblock_begin	sapo_probe	subblock-begin	n/a	n/a	n/a	n/a	n/a
4022.402	0	2011201	silence_begin	sapo_probe	silence-begin	n/a	n/a	n/a	n/a	n/a
4022.700	0	2011350	standard_tone	sapo_probe	standard	n/a	n/a	n/a	n/a	n/a
4023.716	0	2011858	distractor_noise	sapo_probe	distractor	n/a	n/a	n/a	n/a	n/a
4024.732	0	2012366	oddball_tone	sapo_probe	oddball	n/a	n/a	n/a	n/a	n/a
4025.748	0	2012874	distractor_noise	sapo_probe	distractor	n/a	n/a	n/a	n/a	n/a
4026.764	0	2013382	standard_tone	sapo_probe	standard	n/a	n/a	n/a	n/a	n/a
4027.780	0	2013890	standard_tone	sapo_probe	standard	n/a	n/a	n/a	n/a	n/a
4028.796	0	2014398	standard_tone	sapo_probe	standard	n/a	n/a	n/a	n/a	n/a
4029.812	0	2014906	standard_tone	sapo_probe	standard	n/a	n/a	n/a	n/a	n/a
4030.826	0	2015413	standard_tone	sapo_probe	standard	n/a	n/a	n/a	n/a	n/a
4031.844	0	2015922	standard_tone	sapo_probe	standard	n/a	n/a	n/a	n/a	n/a
4032.858	0	2016429	distractor_noise	sapo_probe	distractor	n/a	n/a	n/a	n/a	n/a
4033.874	0	2016937	standard_tone	sapo_probe	standard	n/a	n/a	n/a	n/a	n/a
4034.890	0	2017445	distractor_noise	sapo_probe	distractor	n/a	n/a	n/a	n/a	n/a
4035.890	0	2017945	standard_tone	sapo_probe	standard	n/a	n/a	n/a	n/a	n/a
4036.906	0	2018453	standard_tone	sapo_probe	standard	n/a	n/a	n/a	n/a	n/a
4037.922	0	2018961	distractor_noise	sapo_probe	distractor	n/a	n/a	n/a	n/a	n/a
4038.936	0	2019468	standard_tone	sapo_probe	standard	n/a	n/a	n/a	n/a	n/a
4039.936	0	2019968	standard_tone	sapo_probe	standard	n/a	n/a	n/a	n/a	n/a
4040.952	0	2020476	standard_tone	sapo_probe	standard	n/a	n/a	n/a	n/a	n/a
4041.968	0	2020984	standard_tone	sapo_probe	standard	n/a	n/a	n/a	n/a	n/a
4042.984	0	2021492	standard_tone	sapo_probe	standard	n/a	n/a	n/a	n/a	n/a
4044.000	0	2022000	distractor_noise	sapo_probe	distractor	n/a	n/a	n/a	n/a	n/a
4045.016	0	2022508	standard_tone	sapo_probe	standard	n/a	n/a	n/a	n/a	n/a
4046.032	0	2023016	standard_tone	sapo_probe	standard	n/a	n/a	n/a	n/a	n/a
4047.046	0	2023523	standard_tone	sapo_probe	standard	n/a	n/a	n/a	n/a	n/a
4048.062	0	2024031	standard_tone	sapo_probe	standard	n/a	n/a	n/a	n/a	n/a
4049.078	0	2024539	standard_tone	sapo_probe	standard	n/a	n/a	n/a	n/a	n/a
4050.078	0	2025039	standard_tone	sapo_probe	standard	n/a	n/a	n/a	n/a	n/a
4051.094	0	2025547	standard_tone	sapo_probe	standard	n/a	n/a	n/a	n/a	n/a
4052.110	0	2026055	standard_tone	sapo_probe	standard	n/a	n/a	n/a	n/a	n/a
4053.108	0	2026554	standard_tone	sapo_probe	standard	n/a	n/a	n/a	n/a	n/a
4054.124	0	2027062	oddball_tone	sapo_probe	oddball	n/a	n/a	n/a	n/a	n/a
4055.140	0	2027570	distractor_noise	sapo_probe	distractor	n/a	n/a	n/a	n/a	n/a
4056.156	0	2028078	standard_tone	sapo_probe	standard	n/a	n/a	n/a	n/a	n/a
4057.172	0	2028586	distractor_noise	sapo_probe	distractor	n/a	n/a	n/a	n/a	n/a
4058.188	0	2029094	standard_tone	sapo_probe	standard	n/a	n/a	n/a	n/a	n/a
4059.204	0	2029602	oddball_tone	sapo_probe	oddball	n/a	n/a	n/a	n/a	n/a
4060.220	0	2030110	standard_tone	sapo_probe	standard	n/a	n/a	n/a	n/a	n/a
4061.234	0	2030617	oddball_tone	sapo_probe	oddball	n/a	n/a	n/a	n/a	n/a
4062.234	0	2031117	distractor_noise	sapo_probe	distractor	n/a	n/a	n/a	n/a	n/a
4063.250	0	2031625	standard_tone	sapo_probe	standard	n/a	n/a	n/a	n/a	n/a
4064.266	0	2032133	standard_tone	sapo_probe	standard	n/a	n/a	n/a	n/a	n/a
4065.282	0	2032641	standard_tone	sapo_probe	standard	n/a	n/a	n/a	n/a	n/a
4066.298	0	2033149	standard_tone	sapo_probe	standard	n/a	n/a	n/a	n/a	n/a
4067.296	0	2033648	standard_tone	sapo_probe	standard	n/a	n/a	n/a	n/a	n/a
4068.312	0	2034156	standard_tone	sapo_probe	standard	n/a	n/a	n/a	n/a	n/a
4069.328	0	2034664	standard_tone	sapo_probe	standard	n/a	n/a	n/a	n/a	n/a
4070.344	0	2035172	standard_tone	sapo_probe	standard	n/a	n/a	n/a	n/a	n/a
4071.360	0	2035680	standard_tone	sapo_probe	standard	n/a	n/a	n/a	n/a	n/a
4072.376	0	2036188	standard_tone	sapo_probe	standard	n/a	n/a	n/a	n/a	n/a
4073.392	0	2036696	standard_tone	sapo_probe	standard	n/a	n/a	n/a	n/a	n/a
4074.408	0	2037204	oddball_tone	sapo_probe	oddball	n/a	n/a	n/a	n/a	n/a
4075.424	0	2037712	standard_tone	sapo_probe	standard	n/a	n/a	n/a	n/a	n/a
4076.440	0	2038220	standard_tone	sapo_probe	standard	n/a	n/a	n/a	n/a	n/a
4077.454	0	2038727	standard_tone	sapo_probe	standard	n/a	n/a	n/a	n/a	n/a
4078.470	0	2039235	standard_tone	sapo_probe	standard	n/a	n/a	n/a	n/a	n/a
4079.488	0	2039744	standard_tone	sapo_probe	standard	n/a	n/a	n/a	n/a	n/a
4080.502	0	2040251	standard_tone	sapo_probe	standard	n/a	n/a	n/a	n/a	n/a
4081.518	0	2040759	standard_tone	sapo_probe	standard	n/a	n/a	n/a	n/a	n/a
4082.534	0	2041267	standard_tone	sapo_probe	standard	n/a	n/a	n/a	n/a	n/a
4083.550	0	2041775	standard_tone	sapo_probe	standard	n/a	n/a	n/a	n/a	n/a
4084.566	0	2042283	oddball_tone	sapo_probe	oddball	n/a	n/a	n/a	n/a	n/a
4085.582	0	2042791	standard_tone	sapo_probe	standard	n/a	n/a	n/a	n/a	n/a
4086.598	0	2043299	oddball_tone	sapo_probe	oddball	n/a	n/a	n/a	n/a	n/a
4087.614	0	2043807	standard_tone	sapo_probe	standard	n/a	n/a	n/a	n/a	n/a
4088.630	0	2044315	oddball_tone	sapo_probe	oddball	n/a	n/a	n/a	n/a	n/a
4089.644	0	2044822	distractor_noise	sapo_probe	distractor	n/a	n/a	n/a	n/a	n/a
4090.660	0	2045330	standard_tone	sapo_probe	standard	n/a	n/a	n/a	n/a	n/a
4091.676	0	2045838	oddball_tone	sapo_probe	oddball	n/a	n/a	n/a	n/a	n/a
4092.692	0	2046346	standard_tone	sapo_probe	standard	n/a	n/a	n/a	n/a	n/a
4093.692	0	2046846	standard_tone	sapo_probe	standard	n/a	n/a	n/a	n/a	n/a
4094.708	0	2047354	standard_tone	sapo_probe	standard	n/a	n/a	n/a	n/a	n/a
4095.724	0	2047862	standard_tone	sapo_probe	standard	n/a	n/a	n/a	n/a	n/a
4096.740	0	2048370	standard_tone	sapo_probe	standard	n/a	n/a	n/a	n/a	n/a
4097.754	0	2048877	standard_tone	sapo_probe	standard	n/a	n/a	n/a	n/a	n/a
4098.754	0	2049377	oddball_tone	sapo_probe	oddball	n/a	n/a	n/a	n/a	n/a
4099.770	0	2049885	standard_tone	sapo_probe	standard	n/a	n/a	n/a	n/a	n/a
4100.770	0	2050385	standard_tone	sapo_probe	standard	n/a	n/a	n/a	n/a	n/a
4101.784	0	2050892	standard_tone	sapo_probe	standard	n/a	n/a	n/a	n/a	n/a
4102.800	0	2051400	standard_tone	sapo_probe	standard	n/a	n/a	n/a	n/a	n/a
4103.818	0	2051909	standard_tone	sapo_probe	standard	n/a	n/a	n/a	n/a	n/a
4104.832	0	2052416	oddball_tone	sapo_probe	oddball	n/a	n/a	n/a	n/a	n/a
4105.832	0	2052916	standard_tone	sapo_probe	standard	n/a	n/a	n/a	n/a	n/a
4106.848	0	2053424	standard_tone	sapo_probe	standard	n/a	n/a	n/a	n/a	n/a
4107.870	0	2053935	standard_tone	sapo_probe	standard	n/a	n/a	n/a	n/a	n/a
4108.880	0	2054440	standard_tone	sapo_probe	standard	n/a	n/a	n/a	n/a	n/a
4109.894	0	2054947	standard_tone	sapo_probe	standard	n/a	n/a	n/a	n/a	n/a
4110.910	0	2055455	standard_tone	sapo_probe	standard	n/a	n/a	n/a	n/a	n/a
4111.926	0	2055963	standard_tone	sapo_probe	standard	n/a	n/a	n/a	n/a	n/a
4112.942	0	2056471	standard_tone	sapo_probe	standard	n/a	n/a	n/a	n/a	n/a
4113.958	0	2056979	distractor_noise	sapo_probe	distractor	n/a	n/a	n/a	n/a	n/a
4114.958	0	2057479	standard_tone	sapo_probe	standard	n/a	n/a	n/a	n/a	n/a
4115.972	0	2057986	distractor_noise	sapo_probe	distractor	n/a	n/a	n/a	n/a	n/a
4116.990	0	2058495	standard_tone	sapo_probe	standard	n/a	n/a	n/a	n/a	n/a
4118.004	0	2059002	standard_tone	sapo_probe	standard	n/a	n/a	n/a	n/a	n/a
4119.022	0	2059511	standard_tone	sapo_probe	standard	n/a	n/a	n/a	n/a	n/a
4120.036	0	2060018	standard_tone	sapo_probe	standard	n/a	n/a	n/a	n/a	n/a
4121.052	0	2060526	standard_tone	sapo_probe	standard	n/a	n/a	n/a	n/a	n/a
4122.068	0	2061034	standard_tone	sapo_probe	standard	n/a	n/a	n/a	n/a	n/a
4123.084	0	2061542	standard_tone	sapo_probe	standard	n/a	n/a	n/a	n/a	n/a
4124.100	0	2062050	distractor_noise	sapo_probe	distractor	n/a	n/a	n/a	n/a	n/a
4125.116	0	2062558	standard_tone	sapo_probe	standard	n/a	n/a	n/a	n/a	n/a
4126.132	0	2063066	standard_tone	sapo_probe	standard	n/a	n/a	n/a	n/a	n/a
4127.146	0	2063573	standard_tone	sapo_probe	standard	n/a	n/a	n/a	n/a	n/a
4128.164	0	2064082	standard_tone	sapo_probe	standard	n/a	n/a	n/a	n/a	n/a
4129.178	0	2064589	standard_tone	sapo_probe	standard	n/a	n/a	n/a	n/a	n/a
4130.196	0	2065098	standard_tone	sapo_probe	standard	n/a	n/a	n/a	n/a	n/a
4131.210	0	2065605	standard_tone	sapo_probe	standard	n/a	n/a	n/a	n/a	n/a
4132.226	0	2066113	standard_tone	sapo_probe	standard	n/a	n/a	n/a	n/a	n/a
4133.242	0	2066621	standard_tone	sapo_probe	standard	n/a	n/a	n/a	n/a	n/a
4134.258	0	2067129	standard_tone	sapo_probe	standard	n/a	n/a	n/a	n/a	n/a
4135.274	0	2067637	distractor_noise	sapo_probe	distractor	n/a	n/a	n/a	n/a	n/a
4135.540	0	2067770	silence_end	sapo_probe	silence-end	n/a	n/a	n/a	n/a	n/a
4135.542	0	2067771	gong_begin	sapo_probe	gong-begin	n/a	n/a	n/a	n/a	n/a
4145.632	0	2072816	gong_end	sapo_probe	gong-end	n/a	n/a	n/a	n/a	n/a
4145.634	0	2072817	subblock_end	sapo_probe	subblock-end-duration-123.231	n/a	n/a	n/a	123.231	n/a
4145.634	0	2072817	subblock_begin	sapo_probe	subblock-begin	n/a	n/a	n/a	n/a	n/a
4145.634	0	2072817	silence_begin	sapo_probe	silence-begin	n/a	n/a	n/a	n/a	n/a
4145.648	0	2072824	oddball_tone	sapo_probe	oddball	n/a	n/a	n/a	n/a	n/a
4146.664	0	2073332	standard_tone	sapo_probe	standard	n/a	n/a	n/a	n/a	n/a
4147.680	0	2073840	standard_tone	sapo_probe	standard	n/a	n/a	n/a	n/a	n/a
4148.696	0	2074348	standard_tone	sapo_probe	standard	n/a	n/a	n/a	n/a	n/a
4149.712	0	2074856	standard_tone	sapo_probe	standard	n/a	n/a	n/a	n/a	n/a
4150.728	0	2075364	oddball_tone	sapo_probe	oddball	n/a	n/a	n/a	n/a	n/a
4151.744	0	2075872	standard_tone	sapo_probe	standard	n/a	n/a	n/a	n/a	n/a
4152.760	0	2076380	standard_tone	sapo_probe	standard	n/a	n/a	n/a	n/a	n/a
4153.774	0	2076887	distractor_noise	sapo_probe	distractor	n/a	n/a	n/a	n/a	n/a
4154.792	0	2077396	standard_tone	sapo_probe	standard	n/a	n/a	n/a	n/a	n/a
4155.806	0	2077903	oddball_tone	sapo_probe	oddball	n/a	n/a	n/a	n/a	n/a
4156.822	0	2078411	standard_tone	sapo_probe	standard	n/a	n/a	n/a	n/a	n/a
4157.838	0	2078919	standard_tone	sapo_probe	standard	n/a	n/a	n/a	n/a	n/a
4158.854	0	2079427	standard_tone	sapo_probe	standard	n/a	n/a	n/a	n/a	n/a
4159.870	0	2079935	distractor_noise	sapo_probe	distractor	n/a	n/a	n/a	n/a	n/a
4160.886	0	2080443	standard_tone	sapo_probe	standard	n/a	n/a	n/a	n/a	n/a
4161.902	0	2080951	standard_tone	sapo_probe	standard	n/a	n/a	n/a	n/a	n/a
4162.918	0	2081459	standard_tone	sapo_probe	standard	n/a	n/a	n/a	n/a	n/a
4163.934	0	2081967	standard_tone	sapo_probe	standard	n/a	n/a	n/a	n/a	n/a
4164.950	0	2082475	standard_tone	sapo_probe	standard	n/a	n/a	n/a	n/a	n/a
4165.966	0	2082983	distractor_noise	sapo_probe	distractor	n/a	n/a	n/a	n/a	n/a
4166.982	0	2083491	standard_tone	sapo_probe	standard	n/a	n/a	n/a	n/a	n/a
4167.996	0	2083998	standard_tone	sapo_probe	standard	n/a	n/a	n/a	n/a	n/a
4168.996	0	2084498	standard_tone	sapo_probe	standard	n/a	n/a	n/a	n/a	n/a
4170.012	0	2085006	standard_tone	sapo_probe	standard	n/a	n/a	n/a	n/a	n/a
4171.028	0	2085514	standard_tone	sapo_probe	standard	n/a	n/a	n/a	n/a	n/a
4172.044	0	2086022	standard_tone	sapo_probe	standard	n/a	n/a	n/a	n/a	n/a
4173.060	0	2086530	standard_tone	sapo_probe	standard	n/a	n/a	n/a	n/a	n/a
4174.076	0	2087038	standard_tone	sapo_probe	standard	n/a	n/a	n/a	n/a	n/a
4175.090	0	2087545	standard_tone	sapo_probe	standard	n/a	n/a	n/a	n/a	n/a
4176.106	0	2088053	standard_tone	sapo_probe	standard	n/a	n/a	n/a	n/a	n/a
4177.122	0	2088561	standard_tone	sapo_probe	standard	n/a	n/a	n/a	n/a	n/a
4178.140	0	2089070	standard_tone	sapo_probe	standard	n/a	n/a	n/a	n/a	n/a
4179.154	0	2089577	standard_tone	sapo_probe	standard	n/a	n/a	n/a	n/a	n/a
4180.170	0	2090085	standard_tone	sapo_probe	standard	n/a	n/a	n/a	n/a	n/a
4181.186	0	2090593	standard_tone	sapo_probe	standard	n/a	n/a	n/a	n/a	n/a
4182.202	0	2091101	standard_tone	sapo_probe	standard	n/a	n/a	n/a	n/a	n/a
4183.218	0	2091609	standard_tone	sapo_probe	standard	n/a	n/a	n/a	n/a	n/a
4184.234	0	2092117	standard_tone	sapo_probe	standard	n/a	n/a	n/a	n/a	n/a
4185.250	0	2092625	standard_tone	sapo_probe	standard	n/a	n/a	n/a	n/a	n/a
4186.266	0	2093133	standard_tone	sapo_probe	standard	n/a	n/a	n/a	n/a	n/a
4187.280	0	2093640	standard_tone	sapo_probe	standard	n/a	n/a	n/a	n/a	n/a
4188.296	0	2094148	standard_tone	sapo_probe	standard	n/a	n/a	n/a	n/a	n/a
4189.312	0	2094656	standard_tone	sapo_probe	standard	n/a	n/a	n/a	n/a	n/a
4190.328	0	2095164	standard_tone	sapo_probe	standard	n/a	n/a	n/a	n/a	n/a
4191.344	0	2095672	oddball_tone	sapo_probe	oddball	n/a	n/a	n/a	n/a	n/a
4191.544	0	2095772	prompt_window_begin	sapo_probe	probe-sapo-probe-begin	n/a	n/a	n/a	n/a	n/a
4198.406	0	2099203	clicker_press	sapo_probe	response-received-arrow_down	n/a	n/a	n/a	n/a	arrow_down
4199.188	0	2099594	clicker_press	sapo_probe	response-received-arrow_down	n/a	n/a	n/a	n/a	arrow_down
4199.972	0	2099986	clicker_press	sapo_probe	response-received-arrow_down	n/a	n/a	n/a	n/a	arrow_down
4200.586	0	2100293	depth_rating	sapo_probe	rating-sapo-probe-meditation_depth-3	3	n/a	n/a	n/a	n/a
4206.582	0	2103291	clicker_press	sapo_probe	response-received-arrow_down	n/a	n/a	n/a	n/a	arrow_down
4207.082	0	2103541	clicker_press	sapo_probe	response-received-arrow_down	n/a	n/a	n/a	n/a	arrow_down
4207.648	0	2103824	clicker_press	sapo_probe	response-received-arrow_down	n/a	n/a	n/a	n/a	arrow_down
4210.646	0	2105323	confidence_rating	sapo_probe	rating-sapo-probe-confidence_depth-3	n/a	3	n/a	n/a	n/a
4214.126	0	2107063	prompt_window_end	sapo_probe	probe-sapo-probe-end	n/a	n/a	n/a	n/a	n/a
4214.126	0	2107063	distractor_noise	sapo_probe	distractor	n/a	n/a	n/a	n/a	n/a
4215.142	0	2107571	oddball_tone	sapo_probe	oddball	n/a	n/a	n/a	n/a	n/a
4216.156	0	2108078	standard_tone	sapo_probe	standard	n/a	n/a	n/a	n/a	n/a
4217.172	0	2108586	standard_tone	sapo_probe	standard	n/a	n/a	n/a	n/a	n/a
4218.188	0	2109094	standard_tone	sapo_probe	standard	n/a	n/a	n/a	n/a	n/a
4219.204	0	2109602	standard_tone	sapo_probe	standard	n/a	n/a	n/a	n/a	n/a
4220.204	0	2110102	distractor_noise	sapo_probe	distractor	n/a	n/a	n/a	n/a	n/a
4221.220	0	2110610	standard_tone	sapo_probe	standard	n/a	n/a	n/a	n/a	n/a
4222.236	0	2111118	standard_tone	sapo_probe	standard	n/a	n/a	n/a	n/a	n/a
4223.252	0	2111626	standard_tone	sapo_probe	standard	n/a	n/a	n/a	n/a	n/a
4224.266	0	2112133	standard_tone	sapo_probe	standard	n/a	n/a	n/a	n/a	n/a
4225.282	0	2112641	distractor_noise	sapo_probe	distractor	n/a	n/a	n/a	n/a	n/a
4226.298	0	2113149	standard_tone	sapo_probe	standard	n/a	n/a	n/a	n/a	n/a
4227.298	0	2113649	standard_tone	sapo_probe	standard	n/a	n/a	n/a	n/a	n/a
4228.314	0	2114157	standard_tone	sapo_probe	standard	n/a	n/a	n/a	n/a	n/a
4229.328	0	2114664	oddball_tone	sapo_probe	oddball	n/a	n/a	n/a	n/a	n/a
4230.344	0	2115172	standard_tone	sapo_probe	standard	n/a	n/a	n/a	n/a	n/a
4231.360	0	2115680	distractor_noise	sapo_probe	distractor	n/a	n/a	n/a	n/a	n/a
4232.376	0	2116188	standard_tone	sapo_probe	standard	n/a	n/a	n/a	n/a	n/a
4233.392	0	2116696	standard_tone	sapo_probe	standard	n/a	n/a	n/a	n/a	n/a
4234.408	0	2117204	standard_tone	sapo_probe	standard	n/a	n/a	n/a	n/a	n/a
4235.408	0	2117704	standard_tone	sapo_probe	standard	n/a	n/a	n/a	n/a	n/a
4236.424	0	2118212	standard_tone	sapo_probe	standard	n/a	n/a	n/a	n/a	n/a
4237.440	0	2118720	standard_tone	sapo_probe	standard	n/a	n/a	n/a	n/a	n/a
4238.454	0	2119227	distractor_noise	sapo_probe	distractor	n/a	n/a	n/a	n/a	n/a
4239.454	0	2119727	standard_tone	sapo_probe	standard	n/a	n/a	n/a	n/a	n/a
4240.470	0	2120235	standard_tone	sapo_probe	standard	n/a	n/a	n/a	n/a	n/a
4241.470	0	2120735	standard_tone	sapo_probe	standard	n/a	n/a	n/a	n/a	n/a
4242.484	0	2121242	standard_tone	sapo_probe	standard	n/a	n/a	n/a	n/a	n/a
4243.500	0	2121750	standard_tone	sapo_probe	standard	n/a	n/a	n/a	n/a	n/a
4244.516	0	2122258	standard_tone	sapo_probe	standard	n/a	n/a	n/a	n/a	n/a
4245.532	0	2122766	oddball_tone	sapo_probe	oddball	n/a	n/a	n/a	n/a	n/a
4246.548	0	2123274	standard_tone	sapo_probe	standard	n/a	n/a	n/a	n/a	n/a
4247.548	0	2123774	standard_tone	sapo_probe	standard	n/a	n/a	n/a	n/a	n/a
4248.564	0	2124282	standard_tone	sapo_probe	standard	n/a	n/a	n/a	n/a	n/a
4249.562	0	2124781	oddball_tone	sapo_probe	oddball	n/a	n/a	n/a	n/a	n/a
4250.578	0	2125289	distractor_noise	sapo_probe	distractor	n/a	n/a	n/a	n/a	n/a
4251.594	0	2125797	standard_tone	sapo_probe	standard	n/a	n/a	n/a	n/a	n/a
4252.610	0	2126305	standard_tone	sapo_probe	standard	n/a	n/a	n/a	n/a	n/a
4253.610	0	2126805	standard_tone	sapo_probe	standard	n/a	n/a	n/a	n/a	n/a
4254.624	0	2127312	oddball_tone	sapo_probe	oddball	n/a	n/a	n/a	n/a	n/a
4255.640	0	2127820	standard_tone	sapo_probe	standard	n/a	n/a	n/a	n/a	n/a
4256.656	0	2128328	distractor_noise	sapo_probe	distractor	n/a	n/a	n/a	n/a	n/a
4257.672	0	2128836	standard_tone	sapo_probe	standard	n/a	n/a	n/a	n/a	n/a
4258.688	0	2129344	oddball_tone	sapo_probe	oddball	n/a	n/a	n/a	n/a	n/a
4259.704	0	2129852	standard_tone	sapo_probe	standard	n/a	n/a	n/a	n/a	n/a
4260.720	0	2130360	standard_tone	sapo_probe	standard	n/a	n/a	n/a	n/a	n/a
4261.736	0	2130868	standard_tone	sapo_probe	standard	n/a	n/a	n/a	n/a	n/a
4262.752	0	2131376	standard_tone	sapo_probe	standard	n/a	n/a	n/a	n/a	n/a
4263.768	0	2131884	standard_tone	sapo_probe	standard	n/a	n/a	n/a	n/a	n/a
4264.784	0	2132392	standard_tone	sapo_probe	standard	n/a	n/a	n/a	n/a	n/a
4265.800	0	2132900	distractor_noise	sapo_probe	distractor	n/a	n/a	n/a	n/a	n/a
4266.814	0	2133407	standard_tone	sapo_probe	standard	n/a	n/a	n/a	n/a	n/a
4267.832	0	2133916	standard_tone	sapo_probe	standard	n/a	n/a	n/a	n/a	n/a
4268.846	0	2134423	distractor_noise	sapo_probe	distractor	n/a	n/a	n/a	n/a	n/a
4269.862	0	2134931	standard_tone	sapo_probe	standard	n/a	n/a	n/a	n/a	n/a
4270.878	0	2135439	standard_tone	sapo_probe	standard	n/a	n/a	n/a	n/a	n/a
4271.878	0	2135939	standard_tone	sapo_probe	standard	n/a	n/a	n/a	n/a	n/a
4272.194	0	2136097	silence_end	sapo_probe	silence-end	n/a	n/a	n/a	n/a	n/a
4272.196	0	2136098	subblock_end	sapo_probe	subblock-end-duration-126.562	n/a	n/a	n/a	126.562	n/a
4272.196	0	2136098	subblock_begin	sapo_probe	subblock-begin	n/a	n/a	n/a	n/a	n/a
4272.196	0	2136098	silence_begin	sapo_probe	silence-begin	n/a	n/a	n/a	n/a	n/a
4272.894	0	2136447	standard_tone	sapo_probe	standard	n/a	n/a	n/a	n/a	n/a
4273.910	0	2136955	standard_tone	sapo_probe	standard	n/a	n/a	n/a	n/a	n/a
4274.924	0	2137462	standard_tone	sapo_probe	standard	n/a	n/a	n/a	n/a	n/a
4275.942	0	2137971	standard_tone	sapo_probe	standard	n/a	n/a	n/a	n/a	n/a
4276.956	0	2138478	standard_tone	sapo_probe	standard	n/a	n/a	n/a	n/a	n/a
4277.956	0	2138978	standard_tone	sapo_probe	standard	n/a	n/a	n/a	n/a	n/a
4278.972	0	2139486	standard_tone	sapo_probe	standard	n/a	n/a	n/a	n/a	n/a
4279.988	0	2139994	standard_tone	sapo_probe	standard	n/a	n/a	n/a	n/a	n/a
4281.004	0	2140502	standard_tone	sapo_probe	standard	n/a	n/a	n/a	n/a	n/a
4282.020	0	2141010	standard_tone	sapo_probe	standard	n/a	n/a	n/a	n/a	n/a
4283.034	0	2141517	standard_tone	sapo_probe	standard	n/a	n/a	n/a	n/a	n/a
4284.050	0	2142025	standard_tone	sapo_probe	standard	n/a	n/a	n/a	n/a	n/a
4285.068	0	2142534	standard_tone	sapo_probe	standard	n/a	n/a	n/a	n/a	n/a
4286.082	0	2143041	standard_tone	sapo_probe	standard	n/a	n/a	n/a	n/a	n/a
4287.098	0	2143549	standard_tone	sapo_probe	standard	n/a	n/a	n/a	n/a	n/a
4288.114	0	2144057	standard_tone	sapo_probe	standard	n/a	n/a	n/a	n/a	n/a
4289.130	0	2144565	standard_tone	sapo_probe	standard	n/a	n/a	n/a	n/a	n/a
4290.146	0	2145073	distractor_noise	sapo_probe	distractor	n/a	n/a	n/a	n/a	n/a
4291.162	0	2145581	standard_tone	sapo_probe	standard	n/a	n/a	n/a	n/a	n/a
4292.178	0	2146089	oddball_tone	sapo_probe	oddball	n/a	n/a	n/a	n/a	n/a
4293.194	0	2146597	standard_tone	sapo_probe	standard	n/a	n/a	n/a	n/a	n/a
4294.208	0	2147104	standard_tone	sapo_probe	standard	n/a	n/a	n/a	n/a	n/a
4295.208	0	2147604	standard_tone	sapo_probe	standard	n/a	n/a	n/a	n/a	n/a
4296.224	0	2148112	standard_tone	sapo_probe	standard	n/a	n/a	n/a	n/a	n/a
4297.224	0	2148612	distractor_noise	sapo_probe	distractor	n/a	n/a	n/a	n/a	n/a
4298.240	0	2149120	standard_tone	sapo_probe	standard	n/a	n/a	n/a	n/a	n/a
4299.256	0	2149628	standard_tone	sapo_probe	standard	n/a	n/a	n/a	n/a	n/a
4300.254	0	2150127	distractor_noise	sapo_probe	distractor	n/a	n/a	n/a	n/a	n/a
4301.270	0	2150635	oddball_tone	sapo_probe	oddball	n/a	n/a	n/a	n/a	n/a
4302.286	0	2151143	standard_tone	sapo_probe	standard	n/a	n/a	n/a	n/a	n/a
4303.302	0	2151651	standard_tone	sapo_probe	standard	n/a	n/a	n/a	n/a	n/a
4304.318	0	2152159	standard_tone	sapo_probe	standard	n/a	n/a	n/a	n/a	n/a
4305.332	0	2152666	standard_tone	sapo_probe	standard	n/a	n/a	n/a	n/a	n/a
4306.350	0	2153175	oddball_tone	sapo_probe	oddball	n/a	n/a	n/a	n/a	n/a
4307.364	0	2153682	standard_tone	sapo_probe	standard	n/a	n/a	n/a	n/a	n/a
4308.380	0	2154190	oddball_tone	sapo_probe	oddball	n/a	n/a	n/a	n/a	n/a
4309.396	0	2154698	standard_tone	sapo_probe	standard	n/a	n/a	n/a	n/a	n/a
4310.412	0	2155206	standard_tone	sapo_probe	standard	n/a	n/a	n/a	n/a	n/a
4311.428	0	2155714	standard_tone	sapo_probe	standard	n/a	n/a	n/a	n/a	n/a
4312.444	0	2156222	standard_tone	sapo_probe	standard	n/a	n/a	n/a	n/a	n/a
4313.460	0	2156730	standard_tone	sapo_probe	standard	n/a	n/a	n/a	n/a	n/a
4314.476	0	2157238	oddball_tone	sapo_probe	oddball	n/a	n/a	n/a	n/a	n/a
4315.492	0	2157746	standard_tone	sapo_probe	standard	n/a	n/a	n/a	n/a	n/a
4316.506	0	2158253	standard_tone	sapo_probe	standard	n/a	n/a	n/a	n/a	n/a
4317.522	0	2158761	standard_tone	sapo_probe	standard	n/a	n/a	n/a	n/a	n/a
4318.538	0	2159269	standard_tone	sapo_probe	standard	n/a	n/a	n/a	n/a	n/a
4319.554	0	2159777	standard_tone	sapo_probe	standard	n/a	n/a	n/a	n/a	n/a
4320.570	0	2160285	standard_tone	sapo_probe	standard	n/a	n/a	n/a	n/a	n/a
4321.586	0	2160793	standard_tone	sapo_probe	standard	n/a	n/a	n/a	n/a	n/a
4322.602	0	2161301	standard_tone	sapo_probe	standard	n/a	n/a	n/a	n/a	n/a
4323.618	0	2161809	distractor_noise	sapo_probe	distractor	n/a	n/a	n/a	n/a	n/a
4324.634	0	2162317	standard_tone	sapo_probe	standard	n/a	n/a	n/a	n/a	n/a
4325.650	0	2162825	oddball_tone	sapo_probe	oddball	n/a	n/a	n/a	n/a	n/a
4326.666	0	2163333	standard_tone	sapo_probe	standard	n/a	n/a	n/a	n/a	n/a
4327.664	0	2163832	standard_tone	sapo_probe	standard	n/a	n/a	n/a	n/a	n/a
4328.680	0	2164340	standard_tone	sapo_probe	standard	n/a	n/a	n/a	n/a	n/a
4329.696	0	2164848	oddball_tone	sapo_probe	oddball	n/a	n/a	n/a	n/a	n/a
4330.712	0	2165356	standard_tone	sapo_probe	standard	n/a	n/a	n/a	n/a	n/a
4331.728	0	2165864	standard_tone	sapo_probe	standard	n/a	n/a	n/a	n/a	n/a
4332.744	0	2166372	standard_tone	sapo_probe	standard	n/a	n/a	n/a	n/a	n/a
4333.760	0	2166880	standard_tone	sapo_probe	standard	n/a	n/a	n/a	n/a	n/a
4334.776	0	2167388	standard_tone	sapo_probe	standard	n/a	n/a	n/a	n/a	n/a
4335.792	0	2167896	standard_tone	sapo_probe	standard	n/a	n/a	n/a	n/a	n/a
4336.806	0	2168403	standard_tone	sapo_probe	standard	n/a	n/a	n/a	n/a	n/a
4337.806	0	2168903	distractor_noise	sapo_probe	distractor	n/a	n/a	n/a	n/a	n/a
4338.822	0	2169411	standard_tone	sapo_probe	standard	n/a	n/a	n/a	n/a	n/a
4339.838	0	2169919	standard_tone	sapo_probe	standard	n/a	n/a	n/a	n/a	n/a
4340.854	0	2170427	standard_tone	sapo_probe	standard	n/a	n/a	n/a	n/a	n/a
4341.870	0	2170935	oddball_tone	sapo_probe	oddball	n/a	n/a	n/a	n/a	n/a
4342.886	0	2171443	standard_tone	sapo_probe	standard	n/a	n/a	n/a	n/a	n/a
4343.902	0	2171951	standard_tone	sapo_probe	standard	n/a	n/a	n/a	n/a	n/a
4344.900	0	2172450	standard_tone	sapo_probe	standard	n/a	n/a	n/a	n/a	n/a
4345.916	0	2172958	standard_tone	sapo_probe	standard	n/a	n/a	n/a	n/a	n/a
4346.932	0	2173466	standard_tone	sapo_probe	standard	n/a	n/a	n/a	n/a	n/a
4347.948	0	2173974	standard_tone	sapo_probe	standard	n/a	n/a	n/a	n/a	n/a
4348.948	0	2174474	standard_tone	sapo_probe	standard	n/a	n/a	n/a	n/a	n/a
4349.962	0	2174981	standard_tone	sapo_probe	standard	n/a	n/a	n/a	n/a	n/a
4350.962	0	2175481	oddball_tone	sapo_probe	oddball	n/a	n/a	n/a	n/a	n/a
4351.978	0	2175989	standard_tone	sapo_probe	standard	n/a	n/a	n/a	n/a	n/a
4352.994	0	2176497	standard_tone	sapo_probe	standard	n/a	n/a	n/a	n/a	n/a
4354.010	0	2177005	oddball_tone	sapo_probe	oddball	n/a	n/a	n/a	n/a	n/a
4355.026	0	2177513	standard_tone	sapo_probe	standard	n/a	n/a	n/a	n/a	n/a
4356.040	0	2178020	standard_tone	sapo_probe	standard	n/a	n/a	n/a	n/a	n/a
4357.058	0	2178529	standard_tone	sapo_probe	standard	n/a	n/a	n/a	n/a	n/a
4358.056	0	2179028	standard_tone	sapo_probe	standard	n/a	n/a	n/a	n/a	n/a
4359.072	0	2179536	standard_tone	sapo_probe	standard	n/a	n/a	n/a	n/a	n/a
4360.088	0	2180044	standard_tone	sapo_probe	standard	n/a	n/a	n/a	n/a	n/a
4361.104	0	2180552	standard_tone	sapo_probe	standard	n/a	n/a	n/a	n/a	n/a
4362.120	0	2181060	standard_tone	sapo_probe	standard	n/a	n/a	n/a	n/a	n/a
4363.136	0	2181568	standard_tone	sapo_probe	standard	n/a	n/a	n/a	n/a	n/a
4364.152	0	2182076	standard_tone	sapo_probe	standard	n/a	n/a	n/a	n/a	n/a
4365.168	0	2182584	standard_tone	sapo_probe	standard	n/a	n/a	n/a	n/a	n/a
4366.182	0	2183091	standard_tone	sapo_probe	standard	n/a	n/a	n/a	n/a	n/a
4367.198	0	2183599	standard_tone	sapo_probe	standard	n/a	n/a	n/a	n/a	n/a
4368.214	0	2184107	standard_tone	sapo_probe	standard	n/a	n/a	n/a	n/a	n/a
4369.230	0	2184615	distractor_noise	sapo_probe	distractor	n/a	n/a	n/a	n/a	n/a
4370.246	0	2185123	oddball_tone	sapo_probe	oddball	n/a	n/a	n/a	n/a	n/a
4371.262	0	2185631	standard_tone	sapo_probe	standard	n/a	n/a	n/a	n/a	n/a
4372.278	0	2186139	standard_tone	sapo_probe	standard	n/a	n/a	n/a	n/a	n/a
4373.294	0	2186647	standard_tone	sapo_probe	standard	n/a	n/a	n/a	n/a	n/a
4374.292	0	2187146	standard_tone	sapo_probe	standard	n/a	n/a	n/a	n/a	n/a
4375.308	0	2187654	distractor_noise	sapo_probe	distractor	n/a	n/a	n/a	n/a	n/a
4376.324	0	2188162	standard_tone	sapo_probe	standard	n/a	n/a	n/a	n/a	n/a
4377.324	0	2188662	standard_tone	sapo_probe	standard	n/a	n/a	n/a	n/a	n/a
4378.340	0	2189170	standard_tone	sapo_probe	standard	n/a	n/a	n/a	n/a	n/a
4378.672	0	2189336	silence_end	sapo_probe	silence-end	n/a	n/a	n/a	n/a	n/a
4378.674	0	2189337	subblock_end	sapo_probe	subblock-end-duration-106.478	n/a	n/a	n/a	106.478	n/a
4378.674	0	2189337	subblock_begin	sapo_probe	subblock-begin	n/a	n/a	n/a	n/a	n/a
4378.674	0	2189337	silence_begin	sapo_probe	silence-begin	n/a	n/a	n/a	n/a	n/a
4379.354	0	2189677	standard_tone	sapo_probe	standard	n/a	n/a	n/a	n/a	n/a
4380.370	0	2190185	standard_tone	sapo_probe	standard	n/a	n/a	n/a	n/a	n/a
4381.386	0	2190693	standard_tone	sapo_probe	standard	n/a	n/a	n/a	n/a	n/a
4382.402	0	2191201	oddball_tone	sapo_probe	oddball	n/a	n/a	n/a	n/a	n/a
4383.418	0	2191709	standard_tone	sapo_probe	standard	n/a	n/a	n/a	n/a	n/a
4384.434	0	2192217	standard_tone	sapo_probe	standard	n/a	n/a	n/a	n/a	n/a
4385.450	0	2192725	distractor_noise	sapo_probe	distractor	n/a	n/a	n/a	n/a	n/a
4386.466	0	2193233	standard_tone	sapo_probe	standard	n/a	n/a	n/a	n/a	n/a
4387.466	0	2193733	standard_tone	sapo_probe	standard	n/a	n/a	n/a	n/a	n/a
4388.480	0	2194240	standard_tone	sapo_probe	standard	n/a	n/a	n/a	n/a	n/a
4389.480	0	2194740	standard_tone	sapo_probe	standard	n/a	n/a	n/a	n/a	n/a
4390.496	0	2195248	oddball_tone	sapo_probe	oddball	n/a	n/a	n/a	n/a	n/a
4391.512	0	2195756	standard_tone	sapo_probe	standard	n/a	n/a	n/a	n/a	n/a
4392.528	0	2196264	distractor_noise	sapo_probe	distractor	n/a	n/a	n/a	n/a	n/a
4393.544	0	2196772	standard_tone	sapo_probe	standard	n/a	n/a	n/a	n/a	n/a
4394.560	0	2197280	standard_tone	sapo_probe	standard	n/a	n/a	n/a	n/a	n/a
4395.576	0	2197788	standard_tone	sapo_probe	standard	n/a	n/a	n/a	n/a	n/a
4396.592	0	2198296	distractor_noise	sapo_probe	distractor	n/a	n/a	n/a	n/a	n/a
4397.606	0	2198803	standard_tone	sapo_probe	standard	n/a	n/a	n/a	n/a	n/a
4398.606	0	2199303	standard_tone	sapo_probe	standard	n/a	n/a	n/a	n/a	n/a
4399.622	0	2199811	standard_tone	sapo_probe	standard	n/a	n/a	n/a	n/a	n/a
4400.636	0	2200318	standard_tone	sapo_probe	standard	n/a	n/a	n/a	n/a	n/a
4401.654	0	2200827	oddball_tone	sapo_probe	oddball	n/a	n/a	n/a	n/a	n/a
4402.670	0	2201335	standard_tone	sapo_probe	standard	n/a	n/a	n/a	n/a	n/a
4403.686	0	2201843	standard_tone	sapo_probe	standard	n/a	n/a	n/a	n/a	n/a
4404.700	0	2202350	standard_tone	sapo_probe	standard	n/a	n/a	n/a	n/a	n/a
4405.716	0	2202858	standard_tone	sapo_probe	standard	n/a	n/a	n/a	n/a	n/a
4406.732	0	2203366	standard_tone	sapo_probe	standard	n/a	n/a	n/a	n/a	n/a
4407.748	0	2203874	standard_tone	sapo_probe	standard	n/a	n/a	n/a	n/a	n/a
4408.764	0	2204382	standard_tone	sapo_probe	standard	n/a	n/a	n/a	n/a	n/a
4409.780	0	2204890	standard_tone	sapo_probe	standard	n/a	n/a	n/a	n/a	n/a
4410.796	0	2205398	standard_tone	sapo_probe	standard	n/a	n/a	n/a	n/a	n/a
4411.812	0	2205906	distractor_noise	sapo_probe	distractor	n/a	n/a	n/a	n/a	n/a
4412.828	0	2206414	standard_tone	sapo_probe	standard	n/a	n/a	n/a	n/a	n/a
4413.844	0	2206922	distractor_noise	sapo_probe	distractor	n/a	n/a	n/a	n/a	n/a
4414.860	0	2207430	standard_tone	sapo_probe	standard	n/a	n/a	n/a	n/a	n/a
4415.876	0	2207938	standard_tone	sapo_probe	standard	n/a	n/a	n/a	n/a	n/a
4416.890	0	2208445	oddball_tone	sapo_probe	oddball	n/a	n/a	n/a	n/a	n/a
4417.906	0	2208953	standard_tone	sapo_probe	standard	n/a	n/a	n/a	n/a	n/a
4418.922	0	2209461	standard_tone	sapo_probe	standard	n/a	n/a	n/a	n/a	n/a
4419.938	0	2209969	standard_tone	sapo_probe	standard	n/a	n/a	n/a	n/a	n/a
4420.954	0	2210477	standard_tone	sapo_probe	standard	n/a	n/a	n/a	n/a	n/a
4421.970	0	2210985	standard_tone	sapo_probe	standard	n/a	n/a	n/a	n/a	n/a
4422.970	0	2211485	standard_tone	sapo_probe	standard	n/a	n/a	n/a	n/a	n/a
4423.984	0	2211992	oddball_tone	sapo_probe	oddball	n/a	n/a	n/a	n/a	n/a
4425.000	0	2212500	standard_tone	sapo_probe	standard	n/a	n/a	n/a	n/a	n/a
4426.016	0	2213008	standard_tone	sapo_probe	standard	n/a	n/a	n/a	n/a	n/a
4427.016	0	2213508	standard_tone	sapo_probe	standard	n/a	n/a	n/a	n/a	n/a
4428.032	0	2214016	standard_tone	sapo_probe	standard	n/a	n/a	n/a	n/a	n/a
4429.048	0	2214524	standard_tone	sapo_probe	standard	n/a	n/a	n/a	n/a	n/a
4430.062	0	2215031	standard_tone	sapo_probe	standard	n/a	n/a	n/a	n/a	n/a
4431.078	0	2215539	standard_tone	sapo_probe	standard	n/a	n/a	n/a	n/a	n/a
4431.130	0	2215565	prompt_window_begin	sapo_probe	probe-sapo-probe-begin	n/a	n/a	n/a	n/a	n/a
4437.374	0	2218687	clicker_press	sapo_probe	response-received-arrow_down	n/a	n/a	n/a	n/a	arrow_down
4437.958	0	2218979	clicker_press	sapo_probe	response-received-arrow_down	n/a	n/a	n/a	n/a	arrow_down
4438.542	0	2219271	clicker_press	sapo_probe	response-received-arrow_down	n/a	n/a	n/a	n/a	arrow_down
4438.972	0	2219486	clicker_press	sapo_probe	response-received-arrow_down	n/a	n/a	n/a	n/a	arrow_down
4440.188	0	2220094	depth_rating	sapo_probe	rating-sapo-probe-meditation_depth-4	4	n/a	n/a	n/a	n/a
4446.134	0	2223067	clicker_press	sapo_probe	response-received-arrow_down	n/a	n/a	n/a	n/a	arrow_down
4446.484	0	2223242	clicker_press	sapo_probe	response-received-arrow_down	n/a	n/a	n/a	n/a	arrow_down
4446.816	0	2223408	clicker_press	sapo_probe	response-received-arrow_down	n/a	n/a	n/a	n/a	arrow_down
4447.100	0	2223550	clicker_press	sapo_probe	response-received-arrow_down	n/a	n/a	n/a	n/a	arrow_down
4450.264	0	2225132	confidence_rating	sapo_probe	rating-sapo-probe-confidence_depth-4	n/a	4	n/a	n/a	n/a
4453.744	0	2226872	prompt_window_end	sapo_probe	probe-sapo-probe-end	n/a	n/a	n/a	n/a	n/a
4453.760	0	2226880	standard_tone	sapo_probe	standard	n/a	n/a	n/a	n/a	n/a
4454.776	0	2227388	standard_tone	sapo_probe	standard	n/a	n/a	n/a	n/a	n/a
4455.792	0	2227896	standard_tone	sapo_probe	standard	n/a	n/a	n/a	n/a	n/a
4456.808	0	2228404	distractor_noise	sapo_probe	distractor	n/a	n/a	n/a	n/a	n/a
4457.824	0	2228912	standard_tone	sapo_probe	standard	n/a	n/a	n/a	n/a	n/a
4458.840	0	2229420	standard_tone	sapo_probe	standard	n/a	n/a	n/a	n/a	n/a
4459.854	0	2229927	standard_tone	sapo_probe	standard	n/a	n/a	n/a	n/a	n/a
4460.870	0	2230435	oddball_tone	sapo_probe	oddball	n/a	n/a	n/a	n/a	n/a
4461.886	0	2230943	standard_tone	sapo_probe	standard	n/a	n/a	n/a	n/a	n/a
4462.902	0	2231451	standard_tone	sapo_probe	standard	n/a	n/a	n/a	n/a	n/a
4463.918	0	2231959	standard_tone	sapo_probe	standard	n/a	n/a	n/a	n/a	n/a
4464.934	0	2232467	standard_tone	sapo_probe	standard	n/a	n/a	n/a	n/a	n/a
4465.950	0	2232975	standard_tone	sapo_probe	standard	n/a	n/a	n/a	n/a	n/a
4466.966	0	2233483	standard_tone	sapo_probe	standard	n/a	n/a	n/a	n/a	n/a
4467.982	0	2233991	standard_tone	sapo_probe	standard	n/a	n/a	n/a	n/a	n/a
4468.998	0	2234499	standard_tone	sapo_probe	standard	n/a	n/a	n/a	n/a	n/a
4470.014	0	2235007	standard_tone	sapo_probe	standard	n/a	n/a	n/a	n/a	n/a
4471.030	0	2235515	standard_tone	sapo_probe	standard	n/a	n/a	n/a	n/a	n/a
4472.046	0	2236023	standard_tone	sapo_probe	standard	n/a	n/a	n/a	n/a	n/a
4473.060	0	2236530	standard_tone	sapo_probe	standard	n/a	n/a	n/a	n/a	n/a
4474.060	0	2237030	standard_tone	sapo_probe	standard	n/a	n/a	n/a	n/a	n/a
4475.076	0	2237538	standard_tone	sapo_probe	standard	n/a	n/a	n/a	n/a	n/a
4476.092	0	2238046	standard_tone	sapo_probe	standard	n/a	n/a	n/a	n/a	n/a
4477.108	0	2238554	standard_tone	sapo_probe	standard	n/a	n/a	n/a	n/a	n/a
4478.124	0	2239062	standard_tone	sapo_probe	standard	n/a	n/a	n/a	n/a	n/a
4479.140	0	2239570	standard_tone	sapo_probe	standard	n/a	n/a	n/a	n/a	n/a
4480.154	0	2240077	standard_tone	sapo_probe	standard	n/a	n/a	n/a	n/a	n/a
4481.170	0	2240585	standard_tone	sapo_probe	standard	n/a	n/a	n/a	n/a	n/a
4482.186	0	2241093	distractor_noise	sapo_probe	distractor	n/a	n/a	n/a	n/a	n/a
4483.186	0	2241593	standard_tone	sapo_probe	standard	n/a	n/a	n/a	n/a	n/a
4484.202	0	2242101	standard_tone	sapo_probe	standard	n/a	n/a	n/a	n/a	n/a
4485.218	0	2242609	standard_tone	sapo_probe	standard	n/a	n/a	n/a	n/a	n/a
4486.216	0	2243108	standard_tone	sapo_probe	standard	n/a	n/a	n/a	n/a	n/a
4487.232	0	2243616	oddball_tone	sapo_probe	oddball	n/a	n/a	n/a	n/a	n/a
4488.248	0	2244124	standard_tone	sapo_probe	standard	n/a	n/a	n/a	n/a	n/a
4489.264	0	2244632	standard_tone	sapo_probe	standard	n/a	n/a	n/a	n/a	n/a
4490.280	0	2245140	standard_tone	sapo_probe	standard	n/a	n/a	n/a	n/a	n/a
4491.296	0	2245648	standard_tone	sapo_probe	standard	n/a	n/a	n/a	n/a	n/a
4492.312	0	2246156	standard_tone	sapo_probe	standard	n/a	n/a	n/a	n/a	n/a
4493.328	0	2246664	distractor_noise	sapo_probe	distractor	n/a	n/a	n/a	n/a	n/a
4494.342	0	2247171	standard_tone	sapo_probe	standard	n/a	n/a	n/a	n/a	n/a
4495.358	0	2247679	standard_tone	sapo_probe	standard	n/a	n/a	n/a	n/a	n/a
4496.374	0	2248187	standard_tone	sapo_probe	standard	n/a	n/a	n/a	n/a	n/a
4497.390	0	2248695	oddball_tone	sapo_probe	oddball	n/a	n/a	n/a	n/a	n/a
4498.406	0	2249203	standard_tone	sapo_probe	standard	n/a	n/a	n/a	n/a	n/a
4499.422	0	2249711	standard_tone	sapo_probe	standard	n/a	n/a	n/a	n/a	n/a
4500.440	0	2250220	standard_tone	sapo_probe	standard	n/a	n/a	n/a	n/a	n/a
4501.454	0	2250727	standard_tone	sapo_probe	standard	n/a	n/a	n/a	n/a	n/a
4502.470	0	2251235	distractor_noise	sapo_probe	distractor	n/a	n/a	n/a	n/a	n/a
4503.486	0	2251743	standard_tone	sapo_probe	standard	n/a	n/a	n/a	n/a	n/a
4504.502	0	2252251	standard_tone	sapo_probe	standard	n/a	n/a	n/a	n/a	n/a
4505.516	0	2252758	distractor_noise	sapo_probe	distractor	n/a	n/a	n/a	n/a	n/a
4506.534	0	2253267	standard_tone	sapo_probe	standard	n/a	n/a	n/a	n/a	n/a
4507.550	0	2253775	standard_tone	sapo_probe	standard	n/a	n/a	n/a	n/a	n/a
4508.564	0	2254282	standard_tone	sapo_probe	standard	n/a	n/a	n/a	n/a	n/a
4509.564	0	2254782	standard_tone	sapo_probe	standard	n/a	n/a	n/a	n/a	n/a
4510.580	0	2255290	standard_tone	sapo_probe	standard	n/a	n/a	n/a	n/a	n/a
4511.596	0	2255798	standard_tone	sapo_probe	standard	n/a	n/a	n/a	n/a	n/a
4512.612	0	2256306	standard_tone	sapo_probe	standard	n/a	n/a	n/a	n/a	n/a
4513.628	0	2256814	standard_tone	sapo_probe	standard	n/a	n/a	n/a	n/a	n/a
4514.644	0	2257322	standard_tone	sapo_probe	standard	n/a	n/a	n/a	n/a	n/a
4515.658	0	2257829	oddball_tone	sapo_probe	oddball	n/a	n/a	n/a	n/a	n/a
4516.674	0	2258337	standard_tone	sapo_probe	standard	n/a	n/a	n/a	n/a	n/a
4517.690	0	2258845	standard_tone	sapo_probe	standard	n/a	n/a	n/a	n/a	n/a
4518.706	0	2259353	standard_tone	sapo_probe	standard	n/a	n/a	n/a	n/a	n/a
4519.714	0	2259857	standard_tone	sapo_probe	standard	n/a	n/a	n/a	n/a	n/a
4520.720	0	2260360	oddball_tone	sapo_probe	oddball	n/a	n/a	n/a	n/a	n/a
4521.022	0	2260511	silence_end	sapo_probe	silence-end	n/a	n/a	n/a	n/a	n/a
4521.022	0	2260511	gong_begin	sapo_probe	gong-begin	n/a	n/a	n/a	n/a	n/a
4531.130	0	2265565	gong_end	sapo_probe	gong-end	n/a	n/a	n/a	n/a	n/a
4531.130	0	2265565	subblock_end	sapo_probe	subblock-end-duration-152.456	n/a	n/a	n/a	152.456	n/a
4531.132	0	2265566	subblock_begin	sapo_probe	subblock-begin	n/a	n/a	n/a	n/a	n/a
4531.132	0	2265566	silence_begin	sapo_probe	silence-begin	n/a	n/a	n/a	n/a	n/a
4531.146	0	2265573	standard_tone	sapo_probe	standard	n/a	n/a	n/a	n/a	n/a
4532.162	0	2266081	standard_tone	sapo_probe	standard	n/a	n/a	n/a	n/a	n/a
4533.178	0	2266589	standard_tone	sapo_probe	standard	n/a	n/a	n/a	n/a	n/a
4534.194	0	2267097	oddball_tone	sapo_probe	oddball	n/a	n/a	n/a	n/a	n/a
4535.192	0	2267596	standard_tone	sapo_probe	standard	n/a	n/a	n/a	n/a	n/a
4536.208	0	2268104	standard_tone	sapo_probe	standard	n/a	n/a	n/a	n/a	n/a
4537.208	0	2268604	standard_tone	sapo_probe	standard	n/a	n/a	n/a	n/a	n/a
4538.224	0	2269112	standard_tone	sapo_probe	standard	n/a	n/a	n/a	n/a	n/a
4539.222	0	2269611	standard_tone	sapo_probe	standard	n/a	n/a	n/a	n/a	n/a
4540.238	0	2270119	standard_tone	sapo_probe	standard	n/a	n/a	n/a	n/a	n/a
4541.254	0	2270627	standard_tone	sapo_probe	standard	n/a	n/a	n/a	n/a	n/a
4542.270	0	2271135	standard_tone	sapo_probe	standard	n/a	n/a	n/a	n/a	n/a
4543.286	0	2271643	standard_tone	sapo_probe	standard	n/a	n/a	n/a	n/a	n/a
4544.286	0	2272143	standard_tone	sapo_probe	standard	n/a	n/a	n/a	n/a	n/a
4545.302	0	2272651	standard_tone	sapo_probe	standard	n/a	n/a	n/a	n/a	n/a
4546.316	0	2273158	standard_tone	sapo_probe	standard	n/a	n/a	n/a	n/a	n/a
4547.332	0	2273666	standard_tone	sapo_probe	standard	n/a	n/a	n/a	n/a	n/a
4548.332	0	2274166	standard_tone	sapo_probe	standard	n/a	n/a	n/a	n/a	n/a
4549.348	0	2274674	standard_tone	sapo_probe	standard	n/a	n/a	n/a	n/a	n/a
4550.364	0	2275182	standard_tone	sapo_probe	standard	n/a	n/a	n/a	n/a	n/a
4551.380	0	2275690	distractor_noise	sapo_probe	distractor	n/a	n/a	n/a	n/a	n/a
4552.396	0	2276198	standard_tone	sapo_probe	standard	n/a	n/a	n/a	n/a	n/a
4553.412	0	2276706	distractor_noise	sapo_probe	distractor	n/a	n/a	n/a	n/a	n/a
4554.426	0	2277213	standard_tone	sapo_probe	standard	n/a	n/a	n/a	n/a	n/a
4555.442	0	2277721	standard_tone	sapo_probe	standard	n/a	n/a	n/a	n/a	n/a
4556.458	0	2278229	standard_tone	sapo_probe	standard	n/a	n/a	n/a	n/a	n/a
4557.474	0	2278737	standard_tone	sapo_probe	standard	n/a	n/a	n/a	n/a	n/a
4558.490	0	2279245	standard_tone	sapo_probe	standard	n/a	n/a	n/a	n/a	n/a
4559.506	0	2279753	standard_tone	sapo_probe	standard	n/a	n/a	n/a	n/a	n/a
4560.522	0	2280261	standard_tone	sapo_probe	standard	n/a	n/a	n/a	n/a	n/a
4561.538	0	2280769	standard_tone	sapo_probe	standard	n/a	n/a	n/a	n/a	n/a
4562.554	0	2281277	standard_tone	sapo_probe	standard	n/a	n/a	n/a	n/a	n/a
4563.570	0	2281785	standard_tone	sapo_probe	standard	n/a	n/a	n/a	n/a	n/a
4564.584	0	2282292	distractor_noise	sapo_probe	distractor	n/a	n/a	n/a	n/a	n/a
4565.600	0	2282800	standard_tone	sapo_probe	standard	n/a	n/a	n/a	n/a	n/a
4566.616	0	2283308	standard_tone	sapo_probe	standard	n/a	n/a	n/a	n/a	n/a
4567.632	0	2283816	standard_tone	sapo_probe	standard	n/a	n/a	n/a	n/a	n/a
4568.632	0	2284316	standard_tone	sapo_probe	standard	n/a	n/a	n/a	n/a	n/a
4569.648	0	2284824	standard_tone	sapo_probe	standard	n/a	n/a	n/a	n/a	n/a
4570.664	0	2285332	distractor_noise	sapo_probe	distractor	n/a	n/a	n/a	n/a	n/a
4571.680	0	2285840	standard_tone	sapo_probe	standard	n/a	n/a	n/a	n/a	n/a
4572.680	0	2286340	standard_tone	sapo_probe	standard	n/a	n/a	n/a	n/a	n/a
4573.694	0	2286847	standard_tone	sapo_probe	standard	n/a	n/a	n/a	n/a	n/a
4574.710	0	2287355	standard_tone	sapo_probe	standard	n/a	n/a	n/a	n/a	n/a
4575.726	0	2287863	standard_tone	sapo_probe	standard	n/a	n/a	n/a	n/a	n/a
4576.742	0	2288371	distractor_noise	sapo_probe	distractor	n/a	n/a	n/a	n/a	n/a
4577.758	0	2288879	oddball_tone	sapo_probe	oddball	n/a	n/a	n/a	n/a	n/a
4578.774	0	2289387	distractor_noise	sapo_probe	distractor	n/a	n/a	n/a	n/a	n/a
4579.790	0	2289895	standard_tone	sapo_probe	standard	n/a	n/a	n/a	n/a	n/a
4580.804	0	2290402	standard_tone	sapo_probe	standard	n/a	n/a	n/a	n/a	n/a
4581.820	0	2290910	standard_tone	sapo_probe	standard	n/a	n/a	n/a	n/a	n/a
4582.836	0	2291418	standard_tone	sapo_probe	standard	n/a	n/a	n/a	n/a	n/a
4583.852	0	2291926	standard_tone	sapo_probe	standard	n/a	n/a	n/a	n/a	n/a
4584.868	0	2292434	standard_tone	sapo_probe	standard	n/a	n/a	n/a	n/a	n/a
4585.884	0	2292942	oddball_tone	sapo_probe	oddball	n/a	n/a	n/a	n/a	n/a
4586.900	0	2293450	standard_tone	sapo_probe	standard	n/a	n/a	n/a	n/a	n/a
4587.916	0	2293958	standard_tone	sapo_probe	standard	n/a	n/a	n/a	n/a	n/a
4588.932	0	2294466	distractor_noise	sapo_probe	distractor	n/a	n/a	n/a	n/a	n/a
4589.948	0	2294974	standard_tone	sapo_probe	standard	n/a	n/a	n/a	n/a	n/a
4590.964	0	2295482	standard_tone	sapo_probe	standard	n/a	n/a	n/a	n/a	n/a
4591.980	0	2295990	standard_tone	sapo_probe	standard	n/a	n/a	n/a	n/a	n/a
4592.994	0	2296497	standard_tone	sapo_probe	standard	n/a	n/a	n/a	n/a	n/a
4594.012	0	2297006	standard_tone	sapo_probe	standard	n/a	n/a	n/a	n/a	n/a
4595.026	0	2297513	standard_tone	sapo_probe	standard	n/a	n/a	n/a	n/a	n/a
4596.026	0	2298013	standard_tone	sapo_probe	standard	n/a	n/a	n/a	n/a	n/a
4597.042	0	2298521	standard_tone	sapo_probe	standard	n/a	n/a	n/a	n/a	n/a
4598.058	0	2299029	oddball_tone	sapo_probe	oddball	n/a	n/a	n/a	n/a	n/a
4599.074	0	2299537	standard_tone	sapo_probe	standard	n/a	n/a	n/a	n/a	n/a
4600.114	0	2300057	standard_tone	sapo_probe	standard	n/a	n/a	n/a	n/a	n/a
4601.122	0	2300561	standard_tone	sapo_probe	standard	n/a	n/a	n/a	n/a	n/a
4602.138	0	2301069	standard_tone	sapo_probe	standard	n/a	n/a	n/a	n/a	n/a
4603.154	0	2301577	standard_tone	sapo_probe	standard	n/a	n/a	n/a	n/a	n/a
4604.170	0	2302085	standard_tone	sapo_probe	standard	n/a	n/a	n/a	n/a	n/a
4605.184	0	2302592	standard_tone	sapo_probe	standard	n/a	n/a	n/a	n/a	n/a
4606.184	0	2303092	standard_tone	sapo_probe	standard	n/a	n/a	n/a	n/a	n/a
4607.198	0	2303599	standard_tone	sapo_probe	standard	n/a	n/a	n/a	n/a	n/a
4608.216	0	2304108	standard_tone	sapo_probe	standard	n/a	n/a	n/a	n/a	n/a
4609.230	0	2304615	standard_tone	sapo_probe	standard	n/a	n/a	n/a	n/a	n/a
4610.248	0	2305124	distractor_noise	sapo_probe	distractor	n/a	n/a	n/a	n/a	n/a
4611.262	0	2305631	standard_tone	sapo_probe	standard	n/a	n/a	n/a	n/a	n/a
4612.280	0	2306140	standard_tone	sapo_probe	standard	n/a	n/a	n/a	n/a	n/a
4613.294	0	2306647	standard_tone	sapo_probe	standard	n/a	n/a	n/a	n/a	n/a
4614.310	0	2307155	standard_tone	sapo_probe	standard	n/a	n/a	n/a	n/a	n/a
4615.326	0	2307663	standard_tone	sapo_probe	standard	n/a	n/a	n/a	n/a	n/a
4616.342	0	2308171	distractor_noise	sapo_probe	distractor	n/a	n/a	n/a	n/a	n/a
4617.342	0	2308671	standard_tone	sapo_probe	standard	n/a	n/a	n/a	n/a	n/a
4618.358	0	2309179	standard_tone	sapo_probe	standard	n/a	n/a	n/a	n/a	n/a
4619.374	0	2309687	standard_tone	sapo_probe	standard	n/a	n/a	n/a	n/a	n/a
4620.390	0	2310195	standard_tone	sapo_probe	standard	n/a	n/a	n/a	n/a	n/a
4621.404	0	2310702	standard_tone	sapo_probe	standard	n/a	n/a	n/a	n/a	n/a
4622.420	0	2311210	standard_tone	sapo_probe	standard	n/a	n/a	n/a	n/a	n/a
4623.436	0	2311718	standard_tone	sapo_probe	standard	n/a	n/a	n/a	n/a	n/a
4624.452	0	2312226	standard_tone	sapo_probe	standard	n/a	n/a	n/a	n/a	n/a
4625.468	0	2312734	standard_tone	sapo_probe	standard	n/a	n/a	n/a	n/a	n/a
4626.484	0	2313242	standard_tone	sapo_probe	standard	n/a	n/a	n/a	n/a	n/a
4627.500	0	2313750	standard_tone	sapo_probe	standard	n/a	n/a	n/a	n/a	n/a
4628.498	0	2314249	standard_tone	sapo_probe	standard	n/a	n/a	n/a	n/a	n/a
4629.514	0	2314757	oddball_tone	sapo_probe	oddball	n/a	n/a	n/a	n/a	n/a
4630.530	0	2315265	standard_tone	sapo_probe	standard	n/a	n/a	n/a	n/a	n/a
4631.546	0	2315773	standard_tone	sapo_probe	standard	n/a	n/a	n/a	n/a	n/a
4632.562	0	2316281	standard_tone	sapo_probe	standard	n/a	n/a	n/a	n/a	n/a
4633.578	0	2316789	standard_tone	sapo_probe	standard	n/a	n/a	n/a	n/a	n/a
4634.394	0	2317197	silence_end	sapo_probe	silence-end	n/a	n/a	n/a	n/a	n/a
4634.394	0	2317197	gong_begin	sapo_probe	gong-begin	n/a	n/a	n/a	n/a	n/a
4644.520	0	2322260	gong_end	sapo_probe	gong-end	n/a	n/a	n/a	n/a	n/a
4644.520	0	2322260	subblock_end	sapo_probe	subblock-end-duration-113.39	n/a	n/a	n/a	113.390	n/a
4644.520	0	2322260	subblock_begin	sapo_probe	subblock-begin	n/a	n/a	n/a	n/a	n/a
4644.520	0	2322260	silence_begin	sapo_probe	silence-begin	n/a	n/a	n/a	n/a	n/a
4644.522	0	2322261	standard_tone	sapo_probe	standard	n/a	n/a	n/a	n/a	n/a
4645.534	0	2322767	standard_tone	sapo_probe	standard	n/a	n/a	n/a	n/a	n/a
4646.550	0	2323275	standard_tone	sapo_probe	standard	n/a	n/a	n/a	n/a	n/a
4647.566	0	2323783	standard_tone	sapo_probe	standard	n/a	n/a	n/a	n/a	n/a
4648.582	0	2324291	standard_tone	sapo_probe	standard	n/a	n/a	n/a	n/a	n/a
4649.598	0	2324799	standard_tone	sapo_probe	standard	n/a	n/a	n/a	n/a	n/a
4650.614	0	2325307	standard_tone	sapo_probe	standard	n/a	n/a	n/a	n/a	n/a
4651.630	0	2325815	oddball_tone	sapo_probe	oddball	n/a	n/a	n/a	n/a	n/a
4652.646	0	2326323	standard_tone	sapo_probe	standard	n/a	n/a	n/a	n/a	n/a
4653.662	0	2326831	standard_tone	sapo_probe	standard	n/a	n/a	n/a	n/a	n/a
4654.676	0	2327338	distractor_noise	sapo_probe	distractor	n/a	n/a	n/a	n/a	n/a
4655.692	0	2327846	standard_tone	sapo_probe	standard	n/a	n/a	n/a	n/a	n/a
4656.708	0	2328354	standard_tone	sapo_probe	standard	n/a	n/a	n/a	n/a	n/a
4657.724	0	2328862	standard_tone	sapo_probe	standard	n/a	n/a	n/a	n/a	n/a
4658.740	0	2329370	standard_tone	sapo_probe	standard	n/a	n/a	n/a	n/a	n/a
4659.756	0	2329878	standard_tone	sapo_probe	standard	n/a	n/a	n/a	n/a	n/a
4660.772	0	2330386	standard_tone	sapo_probe	standard	n/a	n/a	n/a	n/a	n/a
4661.788	0	2330894	standard_tone	sapo_probe	standard	n/a	n/a	n/a	n/a	n/a
4662.804	0	2331402	standard_tone	sapo_probe	standard	n/a	n/a	n/a	n/a	n/a
4663.820	0	2331910	standard_tone	sapo_probe	standard	n/a	n/a	n/a	n/a	n/a
4664.836	0	2332418	standard_tone	sapo_probe	standard	n/a	n/a	n/a	n/a	n/a
4665.834	0	2332917	standard_tone	sapo_probe	standard	n/a	n/a	n/a	n/a	n/a
4666.850	0	2333425	standard_tone	sapo_probe	standard	n/a	n/a	n/a	n/a	n/a
4667.866	0	2333933	standard_tone	sapo_probe	standard	n/a	n/a	n/a	n/a	n/a
4668.882	0	2334441	standard_tone	sapo_probe	standard	n/a	n/a	n/a	n/a	n/a
4669.898	0	2334949	standard_tone	sapo_probe	standard	n/a	n/a	n/a	n/a	n/a
4670.896	0	2335448	standard_tone	sapo_probe	standard	n/a	n/a	n/a	n/a	n/a
4671.912	0	2335956	standard_tone	sapo_probe	standard	n/a	n/a	n/a	n/a	n/a
4672.928	0	2336464	standard_tone	sapo_probe	standard	n/a	n/a	n/a	n/a	n/a
4673.944	0	2336972	standard_tone	sapo_probe	standard	n/a	n/a	n/a	n/a	n/a
4674.960	0	2337480	standard_tone	sapo_probe	standard	n/a	n/a	n/a	n/a	n/a
4675.976	0	2337988	standard_tone	sapo_probe	standard	n/a	n/a	n/a	n/a	n/a
4676.992	0	2338496	standard_tone	sapo_probe	standard	n/a	n/a	n/a	n/a	n/a
4677.990	0	2338995	oddball_tone	sapo_probe	oddball	n/a	n/a	n/a	n/a	n/a
4678.990	0	2339495	standard_tone	sapo_probe	standard	n/a	n/a	n/a	n/a	n/a
4680.006	0	2340003	standard_tone	sapo_probe	standard	n/a	n/a	n/a	n/a	n/a
4681.022	0	2340511	standard_tone	sapo_probe	standard	n/a	n/a	n/a	n/a	n/a
4682.038	0	2341019	standard_tone	sapo_probe	standard	n/a	n/a	n/a	n/a	n/a
4683.054	0	2341527	standard_tone	sapo_probe	standard	n/a	n/a	n/a	n/a	n/a
4684.070	0	2342035	standard_tone	sapo_probe	standard	n/a	n/a	n/a	n/a	n/a
4684.786	0	2342393	prompt_window_begin	sapo_probe	probe-sapo-probe-begin	n/a	n/a	n/a	n/a	n/a
4691.516	0	2345758	clicker_press	sapo_probe	response-received-arrow_down	n/a	n/a	n/a	n/a	arrow_down
4691.912	0	2345956	clicker_press	sapo_probe	response-received-arrow_down	n/a	n/a	n/a	n/a	arrow_down
4693.862	0	2346931	depth_rating	sapo_probe	rating-sapo-probe-meditation_depth-2	2	n/a	n/a	n/a	n/a
4699.890	0	2349945	clicker_press	sapo_probe	response-received-arrow_down	n/a	n/a	n/a	n/a	arrow_down
4700.290	0	2350145	clicker_press	sapo_probe	response-received-arrow_down	n/a	n/a	n/a	n/a	arrow_down
4700.672	0	2350336	clicker_press	sapo_probe	response-received-arrow_down	n/a	n/a	n/a	n/a	arrow_down
4701.056	0	2350528	clicker_press	sapo_probe	response-received-arrow_down	n/a	n/a	n/a	n/a	arrow_down
4701.390	0	2350695	clicker_press	sapo_probe	response-received-arrow_down	n/a	n/a	n/a	n/a	arrow_down
4703.986	0	2351993	confidence_rating	sapo_probe	rating-sapo-probe-confidence_depth-5	n/a	5	n/a	n/a	n/a
4707.418	0	2353709	prompt_window_end	sapo_probe	probe-sapo-probe-end	n/a	n/a	n/a	n/a	n/a
4707.418	0	2353709	oddball_tone	sapo_probe	oddball	n/a	n/a	n/a	n/a	n/a
4708.432	0	2354216	standard_tone	sapo_probe	standard	n/a	n/a	n/a	n/a	n/a
4709.432	0	2354716	standard_tone	sapo_probe	standard	n/a	n/a	n/a	n/a	n/a
4710.448	0	2355224	standard_tone	sapo_probe	standard	n/a	n/a	n/a	n/a	n/a
4711.464	0	2355732	standard_tone	sapo_probe	standard	n/a	n/a	n/a	n/a	n/a
4712.480	0	2356240	standard_tone	sapo_probe	standard	n/a	n/a	n/a	n/a	n/a
4713.496	0	2356748	standard_tone	sapo_probe	standard	n/a	n/a	n/a	n/a	n/a
4714.510	0	2357255	standard_tone	sapo_probe	standard	n/a	n/a	n/a	n/a	n/a
4715.526	0	2357763	standard_tone	sapo_probe	standard	n/a	n/a	n/a	n/a	n/a
4716.542	0	2358271	standard_tone	sapo_probe	standard	n/a	n/a	n/a	n/a	n/a
4717.558	0	2358779	standard_tone	sapo_probe	standard	n/a	n/a	n/a	n/a	n/a
4718.574	0	2359287	standard_tone	sapo_probe	standard	n/a	n/a	n/a	n/a	n/a
4719.574	0	2359787	distractor_noise	sapo_probe	distractor	n/a	n/a	n/a	n/a	n/a
4720.588	0	2360294	standard_tone	sapo_probe	standard	n/a	n/a	n/a	n/a	n/a
4721.588	0	2360794	standard_tone	sapo_probe	standard	n/a	n/a	n/a	n/a	n/a
4722.604	0	2361302	oddball_tone	sapo_probe	oddball	n/a	n/a	n/a	n/a	n/a
4723.620	0	2361810	distractor_noise	sapo_probe	distractor	n/a	n/a	n/a	n/a	n/a
4724.636	0	2362318	standard_tone	sapo_probe	standard	n/a	n/a	n/a	n/a	n/a
4725.652	0	2362826	standard_tone	sapo_probe	standard	n/a	n/a	n/a	n/a	n/a
4726.668	0	2363334	standard_tone	sapo_probe	standard	n/a	n/a	n/a	n/a	n/a
4727.684	0	2363842	standard_tone	sapo_probe	standard	n/a	n/a	n/a	n/a	n/a
4728.698	0	2364349	standard_tone	sapo_probe	standard	n/a	n/a	n/a	n/a	n/a
4729.714	0	2364857	standard_tone	sapo_probe	standard	n/a	n/a	n/a	n/a	n/a
4730.714	0	2365357	standard_tone	sapo_probe	standard	n/a	n/a	n/a	n/a	n/a
4731.730	0	2365865	oddball_tone	sapo_probe	oddball	n/a	n/a	n/a	n/a	n/a
4732.746	0	2366373	standard_tone	sapo_probe	standard	n/a	n/a	n/a	n/a	n/a
4733.762	0	2366881	standard_tone	sapo_probe	standard	n/a	n/a	n/a	n/a	n/a
4734.778	0	2367389	standard_tone	sapo_probe	standard	n/a	n/a	n/a	n/a	n/a
4735.794	0	2367897	distractor_noise	sapo_probe	distractor	n/a	n/a	n/a	n/a	n/a
4736.808	0	2368404	standard_tone	sapo_probe	standard	n/a	n/a	n/a	n/a	n/a
4737.808	0	2368904	standard_tone	sapo_probe	standard	n/a	n/a	n/a	n/a	n/a
4738.824	0	2369412	oddball_tone	sapo_probe	oddball	n/a	n/a	n/a	n/a	n/a
4739.840	0	2369920	standard_tone	sapo_probe	standard	n/a	n/a	n/a	n/a	n/a
4740.856	0	2370428	standard_tone	sapo_probe	standard	n/a	n/a	n/a	n/a	n/a
4741.872	0	2370936	standard_tone	sapo_probe	standard	n/a	n/a	n/a	n/a	n/a
4742.888	0	2371444	standard_tone	sapo_probe	standard	n/a	n/a	n/a	n/a	n/a
4743.904	0	2371952	oddball_tone	sapo_probe	oddball	n/a	n/a	n/a	n/a	n/a
4744.920	0	2372460	standard_tone	sapo_probe	standard	n/a	n/a	n/a	n/a	n/a
4745.934	0	2372967	standard_tone	sapo_probe	standard	n/a	n/a	n/a	n/a	n/a
4746.934	0	2373467	standard_tone	sapo_probe	standard	n/a	n/a	n/a	n/a	n/a
4747.950	0	2373975	standard_tone	sapo_probe	standard	n/a	n/a	n/a	n/a	n/a
4748.950	0	2374475	standard_tone	sapo_probe	standard	n/a	n/a	n/a	n/a	n/a
4749.964	0	2374982	standard_tone	sapo_probe	standard	n/a	n/a	n/a	n/a	n/a
4750.980	0	2375490	standard_tone	sapo_probe	standard	n/a	n/a	n/a	n/a	n/a
4751.980	0	2375990	standard_tone	sapo_probe	standard	n/a	n/a	n/a	n/a	n/a
4752.996	0	2376498	standard_tone	sapo_probe	standard	n/a	n/a	n/a	n/a	n/a
4754.012	0	2377006	standard_tone	sapo_probe	standard	n/a	n/a	n/a	n/a	n/a
4755.028	0	2377514	standard_tone	sapo_probe	standard	n/a	n/a	n/a	n/a	n/a
4756.044	0	2378022	standard_tone	sapo_probe	standard	n/a	n/a	n/a	n/a	n/a
4757.058	0	2378529	standard_tone	sapo_probe	standard	n/a	n/a	n/a	n/a	n/a
4758.074	0	2379037	standard_tone	sapo_probe	standard	n/a	n/a	n/a	n/a	n/a
4759.090	0	2379545	standard_tone	sapo_probe	standard	n/a	n/a	n/a	n/a	n/a
4760.106	0	2380053	standard_tone	sapo_probe	standard	n/a	n/a	n/a	n/a	n/a
4761.122	0	2380561	standard_tone	sapo_probe	standard	n/a	n/a	n/a	n/a	n/a
4762.138	0	2381069	standard_tone	sapo_probe	standard	n/a	n/a	n/a	n/a	n/a
4763.154	0	2381577	distractor_noise	sapo_probe	distractor	n/a	n/a	n/a	n/a	n/a
4764.170	0	2382085	standard_tone	sapo_probe	standard	n/a	n/a	n/a	n/a	n/a
4765.186	0	2382593	standard_tone	sapo_probe	standard	n/a	n/a	n/a	n/a	n/a
4766.202	0	2383101	standard_tone	sapo_probe	standard	n/a	n/a	n/a	n/a	n/a
4767.218	0	2383609	standard_tone	sapo_probe	standard	n/a	n/a	n/a	n/a	n/a
4768.234	0	2384117	standard_tone	sapo_probe	standard	n/a	n/a	n/a	n/a	n/a
4769.248	0	2384624	standard_tone	sapo_probe	standard	n/a	n/a	n/a	n/a	n/a
4770.264	0	2385132	standard_tone	sapo_probe	standard	n/a	n/a	n/a	n/a	n/a
4771.264	0	2385632	distractor_noise	sapo_probe	distractor	n/a	n/a	n/a	n/a	n/a
4772.280	0	2386140	standard_tone	sapo_probe	standard	n/a	n/a	n/a	n/a	n/a
4773.296	0	2386648	standard_tone	sapo_probe	standard	n/a	n/a	n/a	n/a	n/a
4774.294	0	2387147	standard_tone	sapo_probe	standard	n/a	n/a	n/a	n/a	n/a
4775.310	0	2387655	standard_tone	sapo_probe	standard	n/a	n/a	n/a	n/a	n/a
4776.326	0	2388163	oddball_tone	sapo_probe	oddball	n/a	n/a	n/a	n/a	n/a
4776.760	0	2388380	silence_end	sapo_probe	silence-end	n/a	n/a	n/a	n/a	n/a
4776.760	0	2388380	subblock_end	sapo_probe	subblock-end-duration-132.24	n/a	n/a	n/a	132.240	n/a
4776.760	0	2388380	subblock_begin	sapo_probe	subblock-begin	n/a	n/a	n/a	n/a	n/a
4776.762	0	2388381	silence_begin	sapo_probe	silence-begin	n/a	n/a	n/a	n/a	n/a
4777.342	0	2388671	standard_tone	sapo_probe	standard	n/a	n/a	n/a	n/a	n/a
4778.358	0	2389179	standard_tone	sapo_probe	standard	n/a	n/a	n/a	n/a	n/a
4779.358	0	2389679	distractor_noise	sapo_probe	distractor	n/a	n/a	n/a	n/a	n/a
4780.374	0	2390187	standard_tone	sapo_probe	standard	n/a	n/a	n/a	n/a	n/a
4781.388	0	2390694	standard_tone	sapo_probe	standard	n/a	n/a	n/a	n/a	n/a
4782.404	0	2391202	standard_tone	sapo_probe	standard	n/a	n/a	n/a	n/a	n/a
4783.420	0	2391710	standard_tone	sapo_probe	standard	n/a	n/a	n/a	n/a	n/a
4784.436	0	2392218	standard_tone	sapo_probe	standard	n/a	n/a	n/a	n/a	n/a
4785.452	0	2392726	standard_tone	sapo_probe	standard	n/a	n/a	n/a	n/a	n/a
4786.468	0	2393234	oddball_tone	sapo_probe	oddball	n/a	n/a	n/a	n/a	n/a
4787.484	0	2393742	standard_tone	sapo_probe	standard	n/a	n/a	n/a	n/a	n/a
4788.500	0	2394250	standard_tone	sapo_probe	standard	n/a	n/a	n/a	n/a	n/a
4789.516	0	2394758	standard_tone	sapo_probe	standard	n/a	n/a	n/a	n/a	n/a
4790.532	0	2395266	standard_tone	sapo_probe	standard	n/a	n/a	n/a	n/a	n/a
4791.548	0	2395774	standard_tone	sapo_probe	standard	n/a	n/a	n/a	n/a	n/a
4792.546	0	2396273	standard_tone	sapo_probe	standard	n/a	n/a	n/a	n/a	n/a
4793.562	0	2396781	standard_tone	sapo_probe	standard	n/a	n/a	n/a	n/a	n/a
4794.562	0	2397281	standard_tone	sapo_probe	standard	n/a	n/a	n/a	n/a	n/a
4795.578	0	2397789	standard_tone	sapo_probe	standard	n/a	n/a	n/a	n/a	n/a
4796.594	0	2398297	distractor_noise	sapo_probe	distractor	n/a	n/a	n/a	n/a	n/a
4797.608	0	2398804	standard_tone	sapo_probe	standard	n/a	n/a	n/a	n/a	n/a
4798.608	0	2399304	standard_tone	sapo_probe	standard	n/a	n/a	n/a	n/a	n/a
4799.624	0	2399812	standard_tone	sapo_probe	standard	n/a	n/a	n/a	n/a	n/a
4800.640	0	2400320	distractor_noise	sapo_probe	distractor	n/a	n/a	n/a	n/a	n/a
4801.654	0	2400827	standard_tone	sapo_probe	standard	n/a	n/a	n/a	n/a	n/a
4802.672	0	2401336	distractor_noise	sapo_probe	distractor	n/a	n/a	n/a	n/a	n/a
4803.670	0	2401835	standard_tone	sapo_probe	standard	n/a	n/a	n/a	n/a	n/a
4804.686	0	2402343	standard_tone	sapo_probe	standard	n/a	n/a	n/a	n/a	n/a
4805.702	0	2402851	distractor_noise	sapo_probe	distractor	n/a	n/a	n/a	n/a	n/a
4806.702	0	2403351	standard_tone	sapo_probe	standard	n/a	n/a	n/a	n/a	n/a
4807.718	0	2403859	distractor_noise	sapo_probe	distractor	n/a	n/a	n/a	n/a	n/a
4808.734	0	2404367	standard_tone	sapo_probe	standard	n/a	n/a	n/a	n/a	n/a
4809.748	0	2404874	standard_tone	sapo_probe	standard	n/a	n/a	n/a	n/a	n/a
4810.748	0	2405374	oddball_tone	sapo_probe	oddball	n/a	n/a	n/a	n/a	n/a
4811.764	0	2405882	standard_tone	sapo_probe	standard	n/a	n/a	n/a	n/a	n/a
4812.780	0	2406390	standard_tone	sapo_probe	standard	n/a	n/a	n/a	n/a	n/a
4813.778	0	2406889	standard_tone	sapo_probe	standard	n/a	n/a	n/a	n/a	n/a
4814.794	0	2407397	standard_tone	sapo_probe	standard	n/a	n/a	n/a	n/a	n/a
4815.810	0	2407905	oddball_tone	sapo_probe	oddball	n/a	n/a	n/a	n/a	n/a
4816.826	0	2408413	standard_tone	sapo_probe	standard	n/a	n/a	n/a	n/a	n/a
4817.840	0	2408920	standard_tone	sapo_probe	standard	n/a	n/a	n/a	n/a	n/a
4818.842	0	2409421	oddball_tone	sapo_probe	oddball	n/a	n/a	n/a	n/a	n/a
4819.858	0	2409929	standard_tone	sapo_probe	standard	n/a	n/a	n/a	n/a	n/a
4820.872	0	2410436	standard_tone	sapo_probe	standard	n/a	n/a	n/a	n/a	n/a
4821.888	0	2410944	standard_tone	sapo_probe	standard	n/a	n/a	n/a	n/a	n/a
4822.904	0	2411452	standard_tone	sapo_probe	standard	n/a	n/a	n/a	n/a	n/a
4823.920	0	2411960	standard_tone	sapo_probe	standard	n/a	n/a	n/a	n/a	n/a
4824.936	0	2412468	standard_tone	sapo_probe	standard	n/a	n/a	n/a	n/a	n/a
4825.952	0	2412976	standard_tone	sapo_probe	standard	n/a	n/a	n/a	n/a	n/a
4826.968	0	2413484	standard_tone	sapo_probe	standard	n/a	n/a	n/a	n/a	n/a
4827.984	0	2413992	oddball_tone	sapo_probe	oddball	n/a	n/a	n/a	n/a	n/a
4829.000	0	2414500	standard_tone	sapo_probe	standard	n/a	n/a	n/a	n/a	n/a
4830.016	0	2415008	standard_tone	sapo_probe	standard	n/a	n/a	n/a	n/a	n/a
4831.030	0	2415515	standard_tone	sapo_probe	standard	n/a	n/a	n/a	n/a	n/a
4832.048	0	2416024	oddball_tone	sapo_probe	oddball	n/a	n/a	n/a	n/a	n/a
4833.062	0	2416531	standard_tone	sapo_probe	standard	n/a	n/a	n/a	n/a	n/a
4834.078	0	2417039	standard_tone	sapo_probe	standard	n/a	n/a	n/a	n/a	n/a
4835.094	0	2417547	standard_tone	sapo_probe	standard	n/a	n/a	n/a	n/a	n/a
4836.094	0	2418047	standard_tone	sapo_probe	standard	n/a	n/a	n/a	n/a	n/a
4837.110	0	2418555	oddball_tone	sapo_probe	oddball	n/a	n/a	n/a	n/a	n/a
4838.126	0	2419063	standard_tone	sapo_probe	standard	n/a	n/a	n/a	n/a	n/a
4839.140	0	2419570	standard_tone	sapo_probe	standard	n/a	n/a	n/a	n/a	n/a
4840.140	0	2420070	standard_tone	sapo_probe	standard	n/a	n/a	n/a	n/a	n/a
4841.152	0	2420576	standard_tone	sapo_probe	standard	n/a	n/a	n/a	n/a	n/a
4842.156	0	2421078	standard_tone	sapo_probe	standard	n/a	n/a	n/a	n/a	n/a
4843.170	0	2421585	standard_tone	sapo_probe	standard	n/a	n/a	n/a	n/a	n/a
4844.186	0	2422093	standard_tone	sapo_probe	standard	n/a	n/a	n/a	n/a	n/a
4845.202	0	2422601	distractor_noise	sapo_probe	distractor	n/a	n/a	n/a	n/a	n/a
4846.218	0	2423109	oddball_tone	sapo_probe	oddball	n/a	n/a	n/a	n/a	n/a
4847.234	0	2423617	standard_tone	sapo_probe	standard	n/a	n/a	n/a	n/a	n/a
4848.250	0	2424125	standard_tone	sapo_probe	standard	n/a	n/a	n/a	n/a	n/a
4849.266	0	2424633	distractor_noise	sapo_probe	distractor	n/a	n/a	n/a	n/a	n/a
4850.266	0	2425133	oddball_tone	sapo_probe	oddball	n/a	n/a	n/a	n/a	n/a
4851.280	0	2425640	standard_tone	sapo_probe	standard	n/a	n/a	n/a	n/a	n/a
4852.296	0	2426148	standard_tone	sapo_probe	standard	n/a	n/a	n/a	n/a	n/a
4853.296	0	2426648	distractor_noise	sapo_probe	distractor	n/a	n/a	n/a	n/a	n/a
4854.312	0	2427156	standard_tone	sapo_probe	standard	n/a	n/a	n/a	n/a	n/a
4855.328	0	2427664	standard_tone	sapo_probe	standard	n/a	n/a	n/a	n/a	n/a
4856.344	0	2428172	distractor_noise	sapo_probe	distractor	n/a	n/a	n/a	n/a	n/a
4857.360	0	2428680	standard_tone	sapo_probe	standard	n/a	n/a	n/a	n/a	n/a
4858.376	0	2429188	standard_tone	sapo_probe	standard	n/a	n/a	n/a	n/a	n/a
4859.390	0	2429695	standard_tone	sapo_probe	standard	n/a	n/a	n/a	n/a	n/a
4860.406	0	2430203	standard_tone	sapo_probe	standard	n/a	n/a	n/a	n/a	n/a
4861.422	0	2430711	standard_tone	sapo_probe	standard	n/a	n/a	n/a	n/a	n/a
4862.438	0	2431219	standard_tone	sapo_probe	standard	n/a	n/a	n/a	n/a	n/a
4863.454	0	2431727	distractor_noise	sapo_probe	distractor	n/a	n/a	n/a	n/a	n/a
4864.470	0	2432235	standard_tone	sapo_probe	standard	n/a	n/a	n/a	n/a	n/a
4865.486	0	2432743	distractor_noise	sapo_probe	distractor	n/a	n/a	n/a	n/a	n/a
4866.502	0	2433251	standard_tone	sapo_probe	standard	n/a	n/a	n/a	n/a	n/a
4867.518	0	2433759	standard_tone	sapo_probe	standard	n/a	n/a	n/a	n/a	n/a
4868.534	0	2434267	standard_tone	sapo_probe	standard	n/a	n/a	n/a	n/a	n/a
4869.532	0	2434766	oddball_tone	sapo_probe	oddball	n/a	n/a	n/a	n/a	n/a
4870.548	0	2435274	standard_tone	sapo_probe	standard	n/a	n/a	n/a	n/a	n/a
4871.548	0	2435774	standard_tone	sapo_probe	standard	n/a	n/a	n/a	n/a	n/a
4872.564	0	2436282	standard_tone	sapo_probe	standard	n/a	n/a	n/a	n/a	n/a
4873.580	0	2436790	distractor_noise	sapo_probe	distractor	n/a	n/a	n/a	n/a	n/a
4874.594	0	2437297	standard_tone	sapo_probe	standard	n/a	n/a	n/a	n/a	n/a
4875.610	0	2437805	standard_tone	sapo_probe	standard	n/a	n/a	n/a	n/a	n/a
4876.626	0	2438313	standard_tone	sapo_probe	standard	n/a	n/a	n/a	n/a	n/a
4877.642	0	2438821	standard_tone	sapo_probe	standard	n/a	n/a	n/a	n/a	n/a
4878.658	0	2439329	standard_tone	sapo_probe	standard	n/a	n/a	n/a	n/a	n/a
4879.658	0	2439829	standard_tone	sapo_probe	standard	n/a	n/a	n/a	n/a	n/a
4880.674	0	2440337	standard_tone	sapo_probe	standard	n/a	n/a	n/a	n/a	n/a
4881.688	0	2440844	standard_tone	sapo_probe	standard	n/a	n/a	n/a	n/a	n/a
4882.704	0	2441352	oddball_tone	sapo_probe	oddball	n/a	n/a	n/a	n/a	n/a
4883.720	0	2441860	standard_tone	sapo_probe	standard	n/a	n/a	n/a	n/a	n/a
4884.720	0	2442360	standard_tone	sapo_probe	standard	n/a	n/a	n/a	n/a	n/a
4885.736	0	2442868	standard_tone	sapo_probe	standard	n/a	n/a	n/a	n/a	n/a
4886.752	0	2443376	standard_tone	sapo_probe	standard	n/a	n/a	n/a	n/a	n/a
4887.634	0	2443817	silence_end	sapo_probe	silence-end	n/a	n/a	n/a	n/a	n/a
4887.636	0	2443818	gong_begin	sapo_probe	gong-begin	n/a	n/a	n/a	n/a	n/a
4897.726	0	2448863	gong_end	sapo_probe	gong-end	n/a	n/a	n/a	n/a	n/a
4897.726	0	2448863	subblock_end	sapo_probe	subblock-end-duration-120.965	n/a	n/a	n/a	120.965	n/a
4897.728	0	2448864	subblock_begin	sapo_probe	subblock-begin	n/a	n/a	n/a	n/a	n/a
4897.728	0	2448864	silence_begin	sapo_probe	silence-begin	n/a	n/a	n/a	n/a	n/a
4897.742	0	2448871	standard_tone	sapo_probe	standard	n/a	n/a	n/a	n/a	n/a
4898.758	0	2449379	standard_tone	sapo_probe	standard	n/a	n/a	n/a	n/a	n/a
4899.774	0	2449887	oddball_tone	sapo_probe	oddball	n/a	n/a	n/a	n/a	n/a
4900.790	0	2450395	standard_tone	sapo_probe	standard	n/a	n/a	n/a	n/a	n/a
4901.806	0	2450903	standard_tone	sapo_probe	standard	n/a	n/a	n/a	n/a	n/a
4902.822	0	2451411	standard_tone	sapo_probe	standard	n/a	n/a	n/a	n/a	n/a
4903.838	0	2451919	standard_tone	sapo_probe	standard	n/a	n/a	n/a	n/a	n/a
4904.854	0	2452427	standard_tone	sapo_probe	standard	n/a	n/a	n/a	n/a	n/a
4905.868	0	2452934	standard_tone	sapo_probe	standard	n/a	n/a	n/a	n/a	n/a
4906.884	0	2453442	standard_tone	sapo_probe	standard	n/a	n/a	n/a	n/a	n/a
4907.900	0	2453950	distractor_noise	sapo_probe	distractor	n/a	n/a	n/a	n/a	n/a
4908.916	0	2454458	standard_tone	sapo_probe	standard	n/a	n/a	n/a	n/a	n/a
4909.932	0	2454966	standard_tone	sapo_probe	standard	n/a	n/a	n/a	n/a	n/a
4910.948	0	2455474	standard_tone	sapo_probe	standard	n/a	n/a	n/a	n/a	n/a
4911.964	0	2455982	distractor_noise	sapo_probe	distractor	n/a	n/a	n/a	n/a	n/a
4912.980	0	2456490	standard_tone	sapo_probe	standard	n/a	n/a	n/a	n/a	n/a
4913.996	0	2456998	standard_tone	sapo_probe	standard	n/a	n/a	n/a	n/a	n/a
4914.996	0	2457498	standard_tone	sapo_probe	standard	n/a	n/a	n/a	n/a	n/a
4916.010	0	2458005	standard_tone	sapo_probe	standard	n/a	n/a	n/a	n/a	n/a
4917.026	0	2458513	oddball_tone	sapo_probe	oddball	n/a	n/a	n/a	n/a	n/a
4918.042	0	2459021	standard_tone	sapo_probe	standard	n/a	n/a	n/a	n/a	n/a
4918.426	0	2459213	prompt_window_begin	sapo_probe	probe-sapo-probe-begin	n/a	n/a	n/a	n/a	n/a
4925.420	0	2462710	clicker_press	sapo_probe	response-received-arrow_down	n/a	n/a	n/a	n/a	arrow_down
4925.920	0	2462960	clicker_press	sapo_probe	response-received-arrow_down	n/a	n/a	n/a	n/a	arrow_down
4926.252	0	2463126	clicker_press	sapo_probe	response-received-arrow_down	n/a	n/a	n/a	n/a	arrow_down
4927.468	0	2463734	depth_rating	sapo_probe	rating-sapo-probe-meditation_depth-3	3	n/a	n/a	n/a	n/a
4933.280	0	2466640	clicker_press	sapo_probe	response-received-arrow_down	n/a	n/a	n/a	n/a	arrow_down
4933.616	0	2466808	clicker_press	sapo_probe	response-received-arrow_down	n/a	n/a	n/a	n/a	arrow_down
4937.594	0	2468797	confidence_rating	sapo_probe	rating-sapo-probe-confidence_depth-2	n/a	2	n/a	n/a	n/a
4941.074	0	2470537	prompt_window_end	sapo_probe	probe-sapo-probe-end	n/a	n/a	n/a	n/a	n/a
4941.090	0	2470545	standard_tone	sapo_probe	standard	n/a	n/a	n/a	n/a	n/a
4942.106	0	2471053	oddball_tone	sapo_probe	oddball	n/a	n/a	n/a	n/a	n/a
4943.122	0	2471561	standard_tone	sapo_probe	standard	n/a	n/a	n/a	n/a	n/a
4944.138	0	2472069	standard_tone	sapo_probe	standard	n/a	n/a	n/a	n/a	n/a
4945.154	0	2472577	oddball_tone	sapo_probe	oddball	n/a	n/a	n/a	n/a	n/a
4946.152	0	2473076	standard_tone	sapo_probe	standard	n/a	n/a	n/a	n/a	n/a
4947.168	0	2473584	standard_tone	sapo_probe	standard	n/a	n/a	n/a	n/a	n/a
4948.184	0	2474092	distractor_noise	sapo_probe	distractor	n/a	n/a	n/a	n/a	n/a
4949.200	0	2474600	standard_tone	sapo_probe	standard	n/a	n/a	n/a	n/a	n/a
4950.216	0	2475108	standard_tone	sapo_probe	standard	n/a	n/a	n/a	n/a	n/a
4951.216	0	2475608	standard_tone	sapo_probe	standard	n/a	n/a	n/a	n/a	n/a
4952.230	0	2476115	oddball_tone	sapo_probe	oddball	n/a	n/a	n/a	n/a	n/a
4953.246	0	2476623	standard_tone	sapo_probe	standard	n/a	n/a	n/a	n/a	n/a
4954.262	0	2477131	standard_tone	sapo_probe	standard	n/a	n/a	n/a	n/a	n/a
4955.278	0	2477639	standard_tone	sapo_probe	standard	n/a	n/a	n/a	n/a	n/a
4956.294	0	2478147	standard_tone	sapo_probe	standard	n/a	n/a	n/a	n/a	n/a
4957.310	0	2478655	standard_tone	sapo_probe	standard	n/a	n/a	n/a	n/a	n/a
4958.326	0	2479163	standard_tone	sapo_probe	standard	n/a	n/a	n/a	n/a	n/a
4959.342	0	2479671	standard_tone	sapo_probe	standard	n/a	n/a	n/a	n/a	n/a
4960.358	0	2480179	standard_tone	sapo_probe	standard	n/a	n/a	n/a	n/a	n/a
4961.374	0	2480687	standard_tone	sapo_probe	standard	n/a	n/a	n/a	n/a	n/a
4962.390	0	2481195	distractor_noise	sapo_probe	distractor	n/a	n/a	n/a	n/a	n/a
4963.404	0	2481702	standard_tone	sapo_probe	standard	n/a	n/a	n/a	n/a	n/a
4964.420	0	2482210	standard_tone	sapo_probe	standard	n/a	n/a	n/a	n/a	n/a
4965.436	0	2482718	standard_tone	sapo_probe	standard	n/a	n/a	n/a	n/a	n/a
4966.452	0	2483226	oddball_tone	sapo_probe	oddball	n/a	n/a	n/a	n/a	n/a
4967.468	0	2483734	standard_tone	sapo_probe	standard	n/a	n/a	n/a	n/a	n/a
4968.484	0	2484242	standard_tone	sapo_probe	standard	n/a	n/a	n/a	n/a	n/a
4969.500	0	2484750	standard_tone	sapo_probe	standard	n/a	n/a	n/a	n/a	n/a
4970.516	0	2485258	standard_tone	sapo_probe	standard	n/a	n/a	n/a	n/a	n/a
4971.532	0	2485766	standard_tone	sapo_probe	standard	n/a	n/a	n/a	n/a	n/a
4972.548	0	2486274	standard_tone	sapo_probe	standard	n/a	n/a	n/a	n/a	n/a
4973.564	0	2486782	standard_tone	sapo_probe	standard	n/a	n/a	n/a	n/a	n/a
4974.578	0	2487289	distractor_noise	sapo_probe	distractor	n/a	n/a	n/a	n/a	n/a
4975.594	0	2487797	standard_tone	sapo_probe	standard	n/a	n/a	n/a	n/a	n/a
4976.610	0	2488305	standard_tone	sapo_probe	standard	n/a	n/a	n/a	n/a	n/a
4977.626	0	2488813	standard_tone	sapo_probe	standard	n/a	n/a	n/a	n/a	n/a
4978.642	0	2489321	standard_tone	sapo_probe	standard	n/a	n/a	n/a	n/a	n/a
4979.658	0	2489829	distractor_noise	sapo_probe	distractor	n/a	n/a	n/a	n/a	n/a
4980.674	0	2490337	standard_tone	sapo_probe	standard	n/a	n/a	n/a	n/a	n/a
4981.690	0	2490845	standard_tone	sapo_probe	standard	n/a	n/a	n/a	n/a	n/a
4982.706	0	2491353	standard_tone	sapo_probe	standard	n/a	n/a	n/a	n/a	n/a
4983.722	0	2491861	standard_tone	sapo_probe	standard	n/a	n/a	n/a	n/a	n/a
4984.738	0	2492369	standard_tone	sapo_probe	standard	n/a	n/a	n/a	n/a	n/a
4985.752	0	2492876	standard_tone	sapo_probe	standard	n/a	n/a	n/a	n/a	n/a
4986.768	0	2493384	standard_tone	sapo_probe	standard	n/a	n/a	n/a	n/a	n/a
4987.784	0	2493892	oddball_tone	sapo_probe	oddball	n/a	n/a	n/a	n/a	n/a
4988.800	0	2494400	distractor_noise	sapo_probe	distractor	n/a	n/a	n/a	n/a	n/a
4989.800	0	2494900	oddball_tone	sapo_probe	oddball	n/a	n/a	n/a	n/a	n/a
4990.816	0	2495408	standard_tone	sapo_probe	standard	n/a	n/a	n/a	n/a	n/a
4991.832	0	2495916	distractor_noise	sapo_probe	distractor	n/a	n/a	n/a	n/a	n/a
4992.846	0	2496423	standard_tone	sapo_probe	standard	n/a	n/a	n/a	n/a	n/a
4993.862	0	2496931	standard_tone	sapo_probe	standard	n/a	n/a	n/a	n/a	n/a
4994.878	0	2497439	oddball_tone	sapo_probe	oddball	n/a	n/a	n/a	n/a	n/a
4995.894	0	2497947	standard_tone	sapo_probe	standard	n/a	n/a	n/a	n/a	n/a
4996.910	0	2498455	oddball_tone	sapo_probe	oddball	n/a	n/a	n/a	n/a	n/a
4997.926	0	2498963	standard_tone	sapo_probe	standard	n/a	n/a	n/a	n/a	n/a
4998.942	0	2499471	distractor_noise	sapo_probe	distractor	n/a	n/a	n/a	n/a	n/a
4999.958	0	2499979	standard_tone	sapo_probe	standard	n/a	n/a	n/a	n/a	n/a
5000.974	0	2500487	distractor_noise	sapo_probe	distractor	n/a	n/a	n/a	n/a	n/a
5001.990	0	2500995	standard_tone	sapo_probe	standard	n/a	n/a	n/a	n/a	n/a
5003.006	0	2501503	standard_tone	sapo_probe	standard	n/a	n/a	n/a	n/a	n/a
5004.022	0	2502011	standard_tone	sapo_probe	standard	n/a	n/a	n/a	n/a	n/a
5005.036	0	2502518	standard_tone	sapo_probe	standard	n/a	n/a	n/a	n/a	n/a
5006.052	0	2503026	standard_tone	sapo_probe	standard	n/a	n/a	n/a	n/a	n/a
5007.068	0	2503534	standard_tone	sapo_probe	standard	n/a	n/a	n/a	n/a	n/a
5008.084	0	2504042	distractor_noise	sapo_probe	distractor	n/a	n/a	n/a	n/a	n/a
5009.100	0	2504550	standard_tone	sapo_probe	standard	n/a	n/a	n/a	n/a	n/a
5010.116	0	2505058	standard_tone	sapo_probe	standard	n/a	n/a	n/a	n/a	n/a
5011.132	0	2505566	standard_tone	sapo_probe	standard	n/a	n/a	n/a	n/a	n/a
5012.148	0	2506074	oddball_tone	sapo_probe	oddball	n/a	n/a	n/a	n/a	n/a
5013.164	0	2506582	standard_tone	sapo_probe	standard	n/a	n/a	n/a	n/a	n/a
5014.180	0	2507090	distractor_noise	sapo_probe	distractor	n/a	n/a	n/a	n/a	n/a
5015.196	0	2507598	standard_tone	sapo_probe	standard	n/a	n/a	n/a	n/a	n/a
5016.210	0	2508105	standard_tone	sapo_probe	standard	n/a	n/a	n/a	n/a	n/a
5017.228	0	2508614	oddball_tone	sapo_probe	oddball	n/a	n/a	n/a	n/a	n/a
5018.242	0	2509121	standard_tone	sapo_probe	standard	n/a	n/a	n/a	n/a	n/a
5019.242	0	2509621	standard_tone	sapo_probe	standard	n/a	n/a	n/a	n/a	n/a
5020.258	0	2510129	standard_tone	sapo_probe	standard	n/a	n/a	n/a	n/a	n/a
5021.274	0	2510637	standard_tone	sapo_probe	standard	n/a	n/a	n/a	n/a	n/a
5022.290	0	2511145	standard_tone	sapo_probe	standard	n/a	n/a	n/a	n/a	n/a
5023.306	0	2511653	standard_tone	sapo_probe	standard	n/a	n/a	n/a	n/a	n/a
5024.322	0	2512161	standard_tone	sapo_probe	standard	n/a	n/a	n/a	n/a	n/a
5025.338	0	2512669	standard_tone	sapo_probe	standard	n/a	n/a	n/a	n/a	n/a
5026.352	0	2513176	standard_tone	sapo_probe	standard	n/a	n/a	n/a	n/a	n/a
5027.368	0	2513684	standard_tone	sapo_probe	standard	n/a	n/a	n/a	n/a	n/a
5028.384	0	2514192	distractor_noise	sapo_probe	distractor	n/a	n/a	n/a	n/a	n/a
5029.400	0	2514700	standard_tone	sapo_probe	standard	n/a	n/a	n/a	n/a	n/a
5030.416	0	2515208	standard_tone	sapo_probe	standard	n/a	n/a	n/a	n/a	n/a
5031.432	0	2515716	standard_tone	sapo_probe	standard	n/a	n/a	n/a	n/a	n/a
5032.448	0	2516224	standard_tone	sapo_probe	standard	n/a	n/a	n/a	n/a	n/a
5033.464	0	2516732	standard_tone	sapo_probe	standard	n/a	n/a	n/a	n/a	n/a
5034.478	0	2517239	standard_tone	sapo_probe	standard	n/a	n/a	n/a	n/a	n/a
5035.478	0	2517739	standard_tone	sapo_probe	standard	n/a	n/a	n/a	n/a	n/a
5036.494	0	2518247	standard_tone	sapo_probe	standard	n/a	n/a	n/a	n/a	n/a
5037.060	0	2518530	silence_end	sapo_probe	silence-end	n/a	n/a	n/a	n/a	n/a
5037.062	0	2518531	gong_begin	sapo_probe	gong-begin	n/a	n/a	n/a	n/a	n/a
5047.220	0	2523610	gong_end	sapo_probe	gong-end	n/a	n/a	n/a	n/a	n/a
5047.220	0	2523610	subblock_end	sapo_probe	subblock-end-duration-149.493	n/a	n/a	n/a	149.493	n/a
5047.220	0	2523610	subblock_begin	sapo_probe	subblock-begin	n/a	n/a	n/a	n/a	n/a
5047.220	0	2523610	silence_begin	sapo_probe	silence-begin	n/a	n/a	n/a	n/a	n/a
5047.222	0	2523611	oddball_tone	sapo_probe	oddball	n/a	n/a	n/a	n/a	n/a
5048.234	0	2524117	standard_tone	sapo_probe	standard	n/a	n/a	n/a	n/a	n/a
5049.250	0	2524625	standard_tone	sapo_probe	standard	n/a	n/a	n/a	n/a	n/a
5050.266	0	2525133	distractor_noise	sapo_probe	distractor	n/a	n/a	n/a	n/a	n/a
5051.282	0	2525641	standard_tone	sapo_probe	standard	n/a	n/a	n/a	n/a	n/a
5052.298	0	2526149	standard_tone	sapo_probe	standard	n/a	n/a	n/a	n/a	n/a
5053.314	0	2526657	standard_tone	sapo_probe	standard	n/a	n/a	n/a	n/a	n/a
5054.330	0	2527165	standard_tone	sapo_probe	standard	n/a	n/a	n/a	n/a	n/a
5055.346	0	2527673	standard_tone	sapo_probe	standard	n/a	n/a	n/a	n/a	n/a
5056.344	0	2528172	standard_tone	sapo_probe	standard	n/a	n/a	n/a	n/a	n/a
5057.346	0	2528673	standard_tone	sapo_probe	standard	n/a	n/a	n/a	n/a	n/a
5058.360	0	2529180	standard_tone	sapo_probe	standard	n/a	n/a	n/a	n/a	n/a
5059.358	0	2529679	standard_tone	sapo_probe	standard	n/a	n/a	n/a	n/a	n/a
5060.374	0	2530187	standard_tone	sapo_probe	standard	n/a	n/a	n/a	n/a	n/a
5061.390	0	2530695	standard_tone	sapo_probe	standard	n/a	n/a	n/a	n/a	n/a
5062.390	0	2531195	standard_tone	sapo_probe	standard	n/a	n/a	n/a	n/a	n/a
5063.406	0	2531703	standard_tone	sapo_probe	standard	n/a	n/a	n/a	n/a	n/a
5064.422	0	2532211	oddball_tone	sapo_probe	oddball	n/a	n/a	n/a	n/a	n/a
5065.438	0	2532719	standard_tone	sapo_probe	standard	n/a	n/a	n/a	n/a	n/a
5066.452	0	2533226	standard_tone	sapo_probe	standard	n/a	n/a	n/a	n/a	n/a
5067.470	0	2533735	standard_tone	sapo_probe	standard	n/a	n/a	n/a	n/a	n/a
5068.484	0	2534242	oddball_tone	sapo_probe	oddball	n/a	n/a	n/a	n/a	n/a
5069.500	0	2534750	standard_tone	sapo_probe	standard	n/a	n/a	n/a	n/a	n/a
5070.516	0	2535258	standard_tone	sapo_probe	standard	n/a	n/a	n/a	n/a	n/a
5071.532	0	2535766	standard_tone	sapo_probe	standard	n/a	n/a	n/a	n/a	n/a
5072.532	0	2536266	standard_tone	sapo_probe	standard	n/a	n/a	n/a	n/a	n/a
5073.548	0	2536774	standard_tone	sapo_probe	standard	n/a	n/a	n/a	n/a	n/a
5074.546	0	2537273	standard_tone	sapo_probe	standard	n/a	n/a	n/a	n/a	n/a
5075.562	0	2537781	standard_tone	sapo_probe	standard	n/a	n/a	n/a	n/a	n/a
5076.578	0	2538289	oddball_tone	sapo_probe	oddball	n/a	n/a	n/a	n/a	n/a
5077.594	0	2538797	standard_tone	sapo_probe	standard	n/a	n/a	n/a	n/a	n/a
5078.610	0	2539305	standard_tone	sapo_probe	standard	n/a	n/a	n/a	n/a	n/a
5079.626	0	2539813	distractor_noise	sapo_probe	distractor	n/a	n/a	n/a	n/a	n/a
5080.642	0	2540321	standard_tone	sapo_probe	standard	n/a	n/a	n/a	n/a	n/a
5081.658	0	2540829	standard_tone	sapo_probe	standard	n/a	n/a	n/a	n/a	n/a
5082.672	0	2541336	standard_tone	sapo_probe	standard	n/a	n/a	n/a	n/a	n/a
5083.688	0	2541844	standard_tone	sapo_probe	standard	n/a	n/a	n/a	n/a	n/a
5084.688	0	2542344	distractor_noise	sapo_probe	distractor	n/a	n/a	n/a	n/a	n/a
5085.704	0	2542852	standard_tone	sapo_probe	standard	n/a	n/a	n/a	n/a	n/a
5086.720	0	2543360	standard_tone	sapo_probe	standard	n/a	n/a	n/a	n/a	n/a
5087.736	0	2543868	distractor_noise	sapo_probe	distractor	n/a	n/a	n/a	n/a	n/a
5088.752	0	2544376	standard_tone	sapo_probe	standard	n/a	n/a	n/a	n/a	n/a
5089.766	0	2544883	standard_tone	sapo_probe	standard	n/a	n/a	n/a	n/a	n/a
5090.782	0	2545391	distractor_noise	sapo_probe	distractor	n/a	n/a	n/a	n/a	n/a
5091.798	0	2545899	standard_tone	sapo_probe	standard	n/a	n/a	n/a	n/a	n/a
5092.814	0	2546407	standard_tone	sapo_probe	standard	n/a	n/a	n/a	n/a	n/a
5093.830	0	2546915	standard_tone	sapo_probe	standard	n/a	n/a	n/a	n/a	n/a
5094.830	0	2547415	standard_tone	sapo_probe	standard	n/a	n/a	n/a	n/a	n/a
5095.844	0	2547922	standard_tone	sapo_probe	standard	n/a	n/a	n/a	n/a	n/a
5096.860	0	2548430	oddball_tone	sapo_probe	oddball	n/a	n/a	n/a	n/a	n/a
5097.876	0	2548938	standard_tone	sapo_probe	standard	n/a	n/a	n/a	n/a	n/a
5098.892	0	2549446	standard_tone	sapo_probe	standard	n/a	n/a	n/a	n/a	n/a
5099.908	0	2549954	standard_tone	sapo_probe	standard	n/a	n/a	n/a	n/a	n/a
5100.908	0	2550454	standard_tone	sapo_probe	standard	n/a	n/a	n/a	n/a	n/a
5101.924	0	2550962	oddball_tone	sapo_probe	oddball	n/a	n/a	n/a	n/a	n/a
5102.938	0	2551469	standard_tone	sapo_probe	standard	n/a	n/a	n/a	n/a	n/a
5103.954	0	2551977	oddball_tone	sapo_probe	oddball	n/a	n/a	n/a	n/a	n/a
5104.970	0	2552485	standard_tone	sapo_probe	standard	n/a	n/a	n/a	n/a	n/a
5105.986	0	2552993	standard_tone	sapo_probe	standard	n/a	n/a	n/a	n/a	n/a
5107.002	0	2553501	standard_tone	sapo_probe	standard	n/a	n/a	n/a	n/a	n/a
5108.002	0	2554001	oddball_tone	sapo_probe	oddball	n/a	n/a	n/a	n/a	n/a
5109.018	0	2554509	distractor_noise	sapo_probe	distractor	n/a	n/a	n/a	n/a	n/a
5110.034	0	2555017	standard_tone	sapo_probe	standard	n/a	n/a	n/a	n/a	n/a
5111.050	0	2555525	standard_tone	sapo_probe	standard	n/a	n/a	n/a	n/a	n/a
5112.066	0	2556033	standard_tone	sapo_probe	standard	n/a	n/a	n/a	n/a	n/a
5113.080	0	2556540	standard_tone	sapo_probe	standard	n/a	n/a	n/a	n/a	n/a
5114.096	0	2557048	standard_tone	sapo_probe	standard	n/a	n/a	n/a	n/a	n/a
5115.112	0	2557556	standard_tone	sapo_probe	standard	n/a	n/a	n/a	n/a	n/a
5116.128	0	2558064	standard_tone	sapo_probe	standard	n/a	n/a	n/a	n/a	n/a
5117.144	0	2558572	standard_tone	sapo_probe	standard	n/a	n/a	n/a	n/a	n/a
5118.144	0	2559072	standard_tone	sapo_probe	standard	n/a	n/a	n/a	n/a	n/a
5119.160	0	2559580	standard_tone	sapo_probe	standard	n/a	n/a	n/a	n/a	n/a
5120.174	0	2560087	standard_tone	sapo_probe	standard	n/a	n/a	n/a	n/a	n/a
5121.190	0	2560595	oddball_tone	sapo_probe	oddball	n/a	n/a	n/a	n/a	n/a
5122.206	0	2561103	standard_tone	sapo_probe	standard	n/a	n/a	n/a	n/a	n/a
5123.222	0	2561611	standard_tone	sapo_probe	standard	n/a	n/a	n/a	n/a	n/a
5124.238	0	2562119	distractor_noise	sapo_probe	distractor	n/a	n/a	n/a	n/a	n/a
5125.254	0	2562627	standard_tone	sapo_probe	standard	n/a	n/a	n/a	n/a	n/a
5126.270	0	2563135	standard_tone	sapo_probe	standard	n/a	n/a	n/a	n/a	n/a
5127.286	0	2563643	standard_tone	sapo_probe	standard	n/a	n/a	n/a	n/a	n/a
5128.302	0	2564151	standard_tone	sapo_probe	standard	n/a	n/a	n/a	n/a	n/a
5129.318	0	2564659	standard_tone	sapo_probe	standard	n/a	n/a	n/a	n/a	n/a
5130.316	0	2565158	standard_tone	sapo_probe	standard	n/a	n/a	n/a	n/a	n/a
5131.332	0	2565666	standard_tone	sapo_probe	standard	n/a	n/a	n/a	n/a	n/a
5132.332	0	2566166	distractor_noise	sapo_probe	distractor	n/a	n/a	n/a	n/a	n/a
5133.348	0	2566674	oddball_tone	sapo_probe	oddball	n/a	n/a	n/a	n/a	n/a
5134.364	0	2567182	standard_tone	sapo_probe	standard	n/a	n/a	n/a	n/a	n/a
5135.378	0	2567689	standard_tone	sapo_probe	standard	n/a	n/a	n/a	n/a	n/a
5136.394	0	2568197	standard_tone	sapo_probe	standard	n/a	n/a	n/a	n/a	n/a
5137.410	0	2568705	oddball_tone	sapo_probe	oddball	n/a	n/a	n/a	n/a	n/a
5138.426	0	2569213	standard_tone	sapo_probe	standard	n/a	n/a	n/a	n/a	n/a
5139.442	0	2569721	standard_tone	sapo_probe	standard	n/a	n/a	n/a	n/a	n/a
5140.108	0	2570054	prompt_window_begin	sapo_probe	probe-sapo-probe-begin	n/a	n/a	n/a	n/a	n/a
5146.238	0	2573119	clicker_press	sapo_probe	response-received-arrow_down	n/a	n/a	n/a	n/a	arrow_down
5146.704	0	2573352	clicker_press	sapo_probe	response-received-arrow_down	n/a	n/a	n/a	n/a	arrow_down
5149.168	0	2574584	depth_rating	sapo_probe	rating-sapo-probe-meditation_depth-2	2	n/a	n/a	n/a	n/a
5155.030	0	2577515	clicker_press	sapo_probe	response-received-arrow_down	n/a	n/a	n/a	n/a	arrow_down
5155.380	0	2577690	clicker_press	sapo_probe	response-received-arrow_down	n/a	n/a	n/a	n/a	arrow_down
5155.812	0	2577906	clicker_press	sapo_probe	response-received-arrow_down	n/a	n/a	n/a	n/a	arrow_down
5156.130	0	2578065	clicker_press	sapo_probe	response-received-arrow_down	n/a	n/a	n/a	n/a	arrow_down
5159.242	0	2579621	confidence_rating	sapo_probe	rating-sapo-probe-confidence_depth-4	n/a	4	n/a	n/a	n/a
5162.708	0	2581354	prompt_window_end	sapo_probe	probe-sapo-probe-end	n/a	n/a	n/a	n/a	n/a
5162.724	0	2581362	standard_tone	sapo_probe	standard	n/a	n/a	n/a	n/a	n/a
5163.738	0	2581869	standard_tone	sapo_probe	standard	n/a	n/a	n/a	n/a	n/a
5164.756	0	2582378	standard_tone	sapo_probe	standard	n/a	n/a	n/a	n/a	n/a
5165.770	0	2582885	standard_tone	sapo_probe	standard	n/a	n/a	n/a	n/a	n/a
5166.770	0	2583385	standard_tone	sapo_probe	standard	n/a	n/a	n/a	n/a	n/a
5167.786	0	2583893	oddball_tone	sapo_probe	oddball	n/a	n/a	n/a	n/a	n/a
5168.802	0	2584401	standard_tone	sapo_probe	standard	n/a	n/a	n/a	n/a	n/a
5169.818	0	2584909	standard_tone	sapo_probe	standard	n/a	n/a	n/a	n/a	n/a
5170.834	0	2585417	standard_tone	sapo_probe	standard	n/a	n/a	n/a	n/a	n/a
5171.848	0	2585924	distractor_noise	sapo_probe	distractor	n/a	n/a	n/a	n/a	n/a
5172.864	0	2586432	standard_tone	sapo_probe	standard	n/a	n/a	n/a	n/a	n/a
5173.864	0	2586932	standard_tone	sapo_probe	standard	n/a	n/a	n/a	n/a	n/a
5174.880	0	2587440	standard_tone	sapo_probe	standard	n/a	n/a	n/a	n/a	n/a
5175.882	0	2587941	standard_tone	sapo_probe	standard	n/a	n/a	n/a	n/a	n/a
5176.894	0	2588447	distractor_noise	sapo_probe	distractor	n/a	n/a	n/a	n/a	n/a
5177.910	0	2588955	oddball_tone	sapo_probe	oddball	n/a	n/a	n/a	n/a	n/a
5178.926	0	2589463	standard_tone	sapo_probe	standard	n/a	n/a	n/a	n/a	n/a
5179.942	0	2589971	standard_tone	sapo_probe	standard	n/a	n/a	n/a	n/a	n/a
5180.958	0	2590479	standard_tone	sapo_probe	standard	n/a	n/a	n/a	n/a	n/a
5181.924	0	2590962	silence_end	sapo_probe	silence-end	n/a	n/a	n/a	n/a	n/a
5181.926	0	2590963	gong_begin	sapo_probe	gong-begin	n/a	n/a	n/a	n/a	n/a
5192.000	0	2596000	gong_end	sapo_probe	gong-end	n/a	n/a	n/a	n/a	n/a
5192.000	0	2596000	subblock_end	sapo_probe	subblock-end-duration-144.78	n/a	n/a	n/a	144.780	n/a
5192.000	0	2596000	subblock_begin	sapo_probe	subblock-begin	n/a	n/a	n/a	n/a	n/a
5192.002	0	2596001	silence_begin	sapo_probe	silence-begin	n/a	n/a	n/a	n/a	n/a
5192.002	0	2596001	standard_tone	sapo_probe	standard	n/a	n/a	n/a	n/a	n/a
5193.014	0	2596507	standard_tone	sapo_probe	standard	n/a	n/a	n/a	n/a	n/a
5194.014	0	2597007	standard_tone	sapo_probe	standard	n/a	n/a	n/a	n/a	n/a
5195.030	0	2597515	standard_tone	sapo_probe	standard	n/a	n/a	n/a	n/a	n/a
5196.046	0	2598023	standard_tone	sapo_probe	standard	n/a	n/a	n/a	n/a	n/a
5197.062	0	2598531	standard_tone	sapo_probe	standard	n/a	n/a	n/a	n/a	n/a
5198.078	0	2599039	oddball_tone	sapo_probe	oddball	n/a	n/a	n/a	n/a	n/a
5199.092	0	2599546	standard_tone	sapo_probe	standard	n/a	n/a	n/a	n/a	n/a
5200.108	0	2600054	standard_tone	sapo_probe	standard	n/a	n/a	n/a	n/a	n/a
5201.124	0	2600562	distractor_noise	sapo_probe	distractor	n/a	n/a	n/a	n/a	n/a
5202.140	0	2601070	standard_tone	sapo_probe	standard	n/a	n/a	n/a	n/a	n/a
5203.156	0	2601578	standard_tone	sapo_probe	standard	n/a	n/a	n/a	n/a	n/a
5204.172	0	2602086	oddball_tone	sapo_probe	oddball	n/a	n/a	n/a	n/a	n/a
5205.188	0	2602594	standard_tone	sapo_probe	standard	n/a	n/a	n/a	n/a	n/a
5206.204	0	2603102	standard_tone	sapo_probe	standard	n/a	n/a	n/a	n/a	n/a
5207.204	0	2603602	standard_tone	sapo_probe	standard	n/a	n/a	n/a	n/a	n/a
5208.220	0	2604110	standard_tone	sapo_probe	standard	n/a	n/a	n/a	n/a	n/a
5209.234	0	2604617	standard_tone	sapo_probe	standard	n/a	n/a	n/a	n/a	n/a
5210.234	0	2605117	oddball_tone	sapo_probe	oddball	n/a	n/a	n/a	n/a	n/a
5211.250	0	2605625	standard_tone	sapo_probe	standard	n/a	n/a	n/a	n/a	n/a
5212.264	0	2606132	standard_tone	sapo_probe	standard	n/a	n/a	n/a	n/a	n/a
5213.264	0	2606632	distractor_noise	sapo_probe	distractor	n/a	n/a	n/a	n/a	n/a
5214.280	0	2607140	standard_tone	sapo_probe	standard	n/a	n/a	n/a	n/a	n/a
5215.296	0	2607648	standard_tone	sapo_probe	standard	n/a	n/a	n/a	n/a	n/a
5216.312	0	2608156	oddball_tone	sapo_probe	oddball	n/a	n/a	n/a	n/a	n/a
5217.328	0	2608664	standard_tone	sapo_probe	standard	n/a	n/a	n/a	n/a	n/a
5218.344	0	2609172	standard_tone	sapo_probe	standard	n/a	n/a	n/a	n/a	n/a
5219.360	0	2609680	standard_tone	sapo_probe	standard	n/a	n/a	n/a	n/a	n/a
5220.376	0	2610188	distractor_noise	sapo_probe	distractor	n/a	n/a	n/a	n/a	n/a
5221.390	0	2610695	oddball_tone	sapo_probe	oddball	n/a	n/a	n/a	n/a	n/a
5222.406	0	2611203	standard_tone	sapo_probe	standard	n/a	n/a	n/a	n/a	n/a
5223.422	0	2611711	standard_tone	sapo_probe	standard	n/a	n/a	n/a	n/a	n/a
5224.438	0	2612219	standard_tone	sapo_probe	standard	n/a	n/a	n/a	n/a	n/a
5225.454	0	2612727	standard_tone	sapo_probe	standard	n/a	n/a	n/a	n/a	n/a
5226.470	0	2613235	standard_tone	sapo_probe	standard	n/a	n/a	n/a	n/a	n/a
5227.486	0	2613743	oddball_tone	sapo_probe	oddball	n/a	n/a	n/a	n/a	n/a
5228.502	0	2614251	standard_tone	sapo_probe	standard	n/a	n/a	n/a	n/a	n/a
5229.502	0	2614751	standard_tone	sapo_probe	standard	n/a	n/a	n/a	n/a	n/a
5230.516	0	2615258	standard_tone	sapo_probe	standard	n/a	n/a	n/a	n/a	n/a
5231.516	0	2615758	standard_tone	sapo_probe	standard	n/a	n/a	n/a	n/a	n/a
5232.532	0	2616266	oddball_tone	sapo_probe	oddball	n/a	n/a	n/a	n/a	n/a
5233.548	0	2616774	standard_tone	sapo_probe	standard	n/a	n/a	n/a	n/a	n/a
5234.564	0	2617282	standard_tone	sapo_probe	standard	n/a	n/a	n/a	n/a	n/a
5235.562	0	2617781	standard_tone	sapo_probe	standard	n/a	n/a	n/a	n/a	n/a
5236.578	0	2618289	standard_tone	sapo_probe	standard	n/a	n/a	n/a	n/a	n/a
5237.594	0	2618797	standard_tone	sapo_probe	standard	n/a	n/a	n/a	n/a	n/a
5238.594	0	2619297	standard_tone	sapo_probe	standard	n/a	n/a	n/a	n/a	n/a
5239.610	0	2619805	distractor_noise	sapo_probe	distractor	n/a	n/a	n/a	n/a	n/a
5240.626	0	2620313	standard_tone	sapo_probe	standard	n/a	n/a	n/a	n/a	n/a
5241.640	0	2620820	standard_tone	sapo_probe	standard	n/a	n/a	n/a	n/a	n/a
5242.640	0	2621320	standard_tone	sapo_probe	standard	n/a	n/a	n/a	n/a	n/a
5243.656	0	2621828	standard_tone	sapo_probe	standard	n/a	n/a	n/a	n/a	n/a
5244.672	0	2622336	standard_tone	sapo_probe	standard	n/a	n/a	n/a	n/a	n/a
5245.688	0	2622844	standard_tone	sapo_probe	standard	n/a	n/a	n/a	n/a	n/a
5246.704	0	2623352	standard_tone	sapo_probe	standard	n/a	n/a	n/a	n/a	n/a
5247.720	0	2623860	standard_tone	sapo_probe	standard	n/a	n/a	n/a	n/a	n/a
5248.736	0	2624368	standard_tone	sapo_probe	standard	n/a	n/a	n/a	n/a	n/a
5249.750	0	2624875	standard_tone	sapo_probe	standard	n/a	n/a	n/a	n/a	n/a
5250.766	0	2625383	standard_tone	sapo_probe	standard	n/a	n/a	n/a	n/a	n/a
5251.782	0	2625891	standard_tone	sapo_probe	standard	n/a	n/a	n/a	n/a	n/a
5252.798	0	2626399	oddball_tone	sapo_probe	oddball	n/a	n/a	n/a	n/a	n/a
5253.814	0	2626907	standard_tone	sapo_probe	standard	n/a	n/a	n/a	n/a	n/a
5254.830	0	2627415	standard_tone	sapo_probe	standard	n/a	n/a	n/a	n/a	n/a
5255.846	0	2627923	standard_tone	sapo_probe	standard	n/a	n/a	n/a	n/a	n/a
5256.862	0	2628431	standard_tone	sapo_probe	standard	n/a	n/a	n/a	n/a	n/a
5257.878	0	2628939	standard_tone	sapo_probe	standard	n/a	n/a	n/a	n/a	n/a
5258.894	0	2629447	standard_tone	sapo_probe	standard	n/a	n/a	n/a	n/a	n/a
5259.910	0	2629955	standard_tone	sapo_probe	standard	n/a	n/a	n/a	n/a	n/a
5260.926	0	2630463	standard_tone	sapo_probe	standard	n/a	n/a	n/a	n/a	n/a
5261.940	0	2630970	standard_tone	sapo_probe	standard	n/a	n/a	n/a	n/a	n/a
5262.956	0	2631478	standard_tone	sapo_probe	standard	n/a	n/a	n/a	n/a	n/a
5263.956	0	2631978	standard_tone	sapo_probe	standard	n/a	n/a	n/a	n/a	n/a
5264.972	0	2632486	distractor_noise	sapo_probe	distractor	n/a	n/a	n/a	n/a	n/a
5265.988	0	2632994	oddball_tone	sapo_probe	oddball	n/a	n/a	n/a	n/a	n/a
5267.004	0	2633502	standard_tone	sapo_probe	standard	n/a	n/a	n/a	n/a	n/a
5268.002	0	2634001	standard_tone	sapo_probe	standard	n/a	n/a	n/a	n/a	n/a
5269.018	0	2634509	standard_tone	sapo_probe	standard	n/a	n/a	n/a	n/a	n/a
5270.034	0	2635017	standard_tone	sapo_probe	standard	n/a	n/a	n/a	n/a	n/a
5271.050	0	2635525	distractor_noise	sapo_probe	distractor	n/a	n/a	n/a	n/a	n/a
5272.066	0	2636033	standard_tone	sapo_probe	standard	n/a	n/a	n/a	n/a	n/a
5273.082	0	2636541	standard_tone	sapo_probe	standard	n/a	n/a	n/a	n/a	n/a
5274.098	0	2637049	standard_tone	sapo_probe	standard	n/a	n/a	n/a	n/a	n/a
5275.114	0	2637557	standard_tone	sapo_probe	standard	n/a	n/a	n/a	n/a	n/a
5276.112	0	2638056	distractor_noise	sapo_probe	distractor	n/a	n/a	n/a	n/a	n/a
5277.128	0	2638564	standard_tone	sapo_probe	standard	n/a	n/a	n/a	n/a	n/a
5278.144	0	2639072	distractor_noise	sapo_probe	distractor	n/a	n/a	n/a	n/a	n/a
5279.160	0	2639580	standard_tone	sapo_probe	standard	n/a	n/a	n/a	n/a	n/a
5280.176	0	2640088	standard_tone	sapo_probe	standard	n/a	n/a	n/a	n/a	n/a
5281.192	0	2640596	oddball_tone	sapo_probe	oddball	n/a	n/a	n/a	n/a	n/a
5282.208	0	2641104	standard_tone	sapo_probe	standard	n/a	n/a	n/a	n/a	n/a
5283.206	0	2641603	standard_tone	sapo_probe	standard	n/a	n/a	n/a	n/a	n/a
5284.224	0	2642112	distractor_noise	sapo_probe	distractor	n/a	n/a	n/a	n/a	n/a
5285.238	0	2642619	oddball_tone	sapo_probe	oddball	n/a	n/a	n/a	n/a	n/a
5286.254	0	2643127	standard_tone	sapo_probe	standard	n/a	n/a	n/a	n/a	n/a
5287.270	0	2643635	standard_tone	sapo_probe	standard	n/a	n/a	n/a	n/a	n/a
5288.286	0	2644143	oddball_tone	sapo_probe	oddball	n/a	n/a	n/a	n/a	n/a
5289.302	0	2644651	standard_tone	sapo_probe	standard	n/a	n/a	n/a	n/a	n/a
5290.318	0	2645159	standard_tone	sapo_probe	standard	n/a	n/a	n/a	n/a	n/a
5291.334	0	2645667	standard_tone	sapo_probe	standard	n/a	n/a	n/a	n/a	n/a
5292.350	0	2646175	oddball_tone	sapo_probe	oddball	n/a	n/a	n/a	n/a	n/a
5293.364	0	2646682	standard_tone	sapo_probe	standard	n/a	n/a	n/a	n/a	n/a
5294.380	0	2647190	standard_tone	sapo_probe	standard	n/a	n/a	n/a	n/a	n/a
5295.396	0	2647698	standard_tone	sapo_probe	standard	n/a	n/a	n/a	n/a	n/a
5296.412	0	2648206	standard_tone	sapo_probe	standard	n/a	n/a	n/a	n/a	n/a
5297.428	0	2648714	distractor_noise	sapo_probe	distractor	n/a	n/a	n/a	n/a	n/a
5298.444	0	2649222	standard_tone	sapo_probe	standard	n/a	n/a	n/a	n/a	n/a
5299.444	0	2649722	standard_tone	sapo_probe	standard	n/a	n/a	n/a	n/a	n/a
5299.726	0	2649863	silence_end	sapo_probe	silence-end	n/a	n/a	n/a	n/a	n/a
5299.728	0	2649864	gong_begin	sapo_probe	gong-begin	n/a	n/a	n/a	n/a	n/a
5309.852	0	2654926	gong_end	sapo_probe	gong-end	n/a	n/a	n/a	n/a	n/a
5309.852	0	2654926	subblock_end	sapo_probe	subblock-end-duration-117.852	n/a	n/a	n/a	117.852	n/a
5309.854	0	2654927	subblock_begin	sapo_probe	subblock-begin	n/a	n/a	n/a	n/a	n/a
5309.854	0	2654927	silence_begin	sapo_probe	silence-begin	n/a	n/a	n/a	n/a	n/a
5309.868	0	2654934	oddball_tone	sapo_probe	oddball	n/a	n/a	n/a	n/a	n/a
5310.884	0	2655442	standard_tone	sapo_probe	standard	n/a	n/a	n/a	n/a	n/a
5311.900	0	2655950	oddball_tone	sapo_probe	oddball	n/a	n/a	n/a	n/a	n/a
5312.916	0	2656458	standard_tone	sapo_probe	standard	n/a	n/a	n/a	n/a	n/a
5313.932	0	2656966	oddball_tone	sapo_probe	oddball	n/a	n/a	n/a	n/a	n/a
5314.946	0	2657473	standard_tone	sapo_probe	standard	n/a	n/a	n/a	n/a	n/a
5315.962	0	2657981	standard_tone	sapo_probe	standard	n/a	n/a	n/a	n/a	n/a
5316.978	0	2658489	standard_tone	sapo_probe	standard	n/a	n/a	n/a	n/a	n/a
5317.994	0	2658997	standard_tone	sapo_probe	standard	n/a	n/a	n/a	n/a	n/a
5319.010	0	2659505	standard_tone	sapo_probe	standard	n/a	n/a	n/a	n/a	n/a
5320.026	0	2660013	standard_tone	sapo_probe	standard	n/a	n/a	n/a	n/a	n/a
5321.042	0	2660521	oddball_tone	sapo_probe	oddball	n/a	n/a	n/a	n/a	n/a
5322.058	0	2661029	distractor_noise	sapo_probe	distractor	n/a	n/a	n/a	n/a	n/a
5323.074	0	2661537	standard_tone	sapo_probe	standard	n/a	n/a	n/a	n/a	n/a
5324.090	0	2662045	oddball_tone	sapo_probe	oddball	n/a	n/a	n/a	n/a	n/a
5325.106	0	2662553	standard_tone	sapo_probe	standard	n/a	n/a	n/a	n/a	n/a
5326.120	0	2663060	standard_tone	sapo_probe	standard	n/a	n/a	n/a	n/a	n/a
5327.136	0	2663568	oddball_tone	sapo_probe	oddball	n/a	n/a	n/a	n/a	n/a
5328.152	0	2664076	standard_tone	sapo_probe	standard	n/a	n/a	n/a	n/a	n/a
5329.170	0	2664585	distractor_noise	sapo_probe	distractor	n/a	n/a	n/a	n/a	n/a
5330.184	0	2665092	standard_tone	sapo_probe	standard	n/a	n/a	n/a	n/a	n/a
5331.200	0	2665600	standard_tone	sapo_probe	standard	n/a	n/a	n/a	n/a	n/a
5332.216	0	2666108	standard_tone	sapo_probe	standard	n/a	n/a	n/a	n/a	n/a
5333.232	0	2666616	standard_tone	sapo_probe	standard	n/a	n/a	n/a	n/a	n/a
5334.230	0	2667115	standard_tone	sapo_probe	standard	n/a	n/a	n/a	n/a	n/a
5335.246	0	2667623	standard_tone	sapo_probe	standard	n/a	n/a	n/a	n/a	n/a
5336.262	0	2668131	standard_tone	sapo_probe	standard	n/a	n/a	n/a	n/a	n/a
5337.278	0	2668639	standard_tone	sapo_probe	standard	n/a	n/a	n/a	n/a	n/a
5338.294	0	2669147	standard_tone	sapo_probe	standard	n/a	n/a	n/a	n/a	n/a
5339.310	0	2669655	oddball_tone	sapo_probe	oddball	n/a	n/a	n/a	n/a	n/a
5340.310	0	2670155	standard_tone	sapo_probe	standard	n/a	n/a	n/a	n/a	n/a
5341.326	0	2670663	standard_tone	sapo_probe	standard	n/a	n/a	n/a	n/a	n/a
5342.340	0	2671170	standard_tone	sapo_probe	standard	n/a	n/a	n/a	n/a	n/a
5343.356	0	2671678	standard_tone	sapo_probe	standard	n/a	n/a	n/a	n/a	n/a
5344.372	0	2672186	standard_tone	sapo_probe	standard	n/a	n/a	n/a	n/a	n/a
5345.388	0	2672694	standard_tone	sapo_probe	standard	n/a	n/a	n/a	n/a	n/a
5346.404	0	2673202	standard_tone	sapo_probe	standard	n/a	n/a	n/a	n/a	n/a
5347.420	0	2673710	distractor_noise	sapo_probe	distractor	n/a	n/a	n/a	n/a	n/a
5348.436	0	2674218	standard_tone	sapo_probe	standard	n/a	n/a	n/a	n/a	n/a
5349.438	0	2674719	oddball_tone	sapo_probe	oddball	n/a	n/a	n/a	n/a	n/a
5350.452	0	2675226	distractor_noise	sapo_probe	distractor	n/a	n/a	n/a	n/a	n/a
5351.466	0	2675733	standard_tone	sapo_probe	standard	n/a	n/a	n/a	n/a	n/a
5352.482	0	2676241	standard_tone	sapo_probe	standard	n/a	n/a	n/a	n/a	n/a
5353.498	0	2676749	standard_tone	sapo_probe	standard	n/a	n/a	n/a	n/a	n/a
5354.514	0	2677257	standard_tone	sapo_probe	standard	n/a	n/a	n/a	n/a	n/a
5355.530	0	2677765	standard_tone	sapo_probe	standard	n/a	n/a	n/a	n/a	n/a
5356.546	0	2678273	standard_tone	sapo_probe	standard	n/a	n/a	n/a	n/a	n/a
5357.562	0	2678781	standard_tone	sapo_probe	standard	n/a	n/a	n/a	n/a	n/a
5357.728	0	2678864	prompt_window_begin	sapo_probe	probe-sapo-probe-begin	n/a	n/a	n/a	n/a	n/a
5363.906	0	2681953	clicker_press	sapo_probe	response-received-arrow_down	n/a	n/a	n/a	n/a	arrow_down
5364.240	0	2682120	clicker_press	sapo_probe	response-received-arrow_down	n/a	n/a	n/a	n/a	arrow_down
5366.754	0	2683377	depth_rating	sapo_probe	rating-sapo-probe-meditation_depth-2	2	n/a	n/a	n/a	n/a
5372.882	0	2686441	clicker_press	sapo_probe	response-received-arrow_down	n/a	n/a	n/a	n/a	arrow_down
5373.550	0	2686775	clicker_press	sapo_probe	response-received-arrow_down	n/a	n/a	n/a	n/a	arrow_down
5374.016	0	2687008	clicker_press	sapo_probe	response-received-arrow_down	n/a	n/a	n/a	n/a	arrow_down
5374.564	0	2687282	clicker_press	sapo_probe	response-received-arrow_down	n/a	n/a	n/a	n/a	arrow_down
5376.814	0	2688407	confidence_rating	sapo_probe	rating-sapo-probe-confidence_depth-4	n/a	4	n/a	n/a	n/a
5380.294	0	2690147	prompt_window_end	sapo_probe	probe-sapo-probe-end	n/a	n/a	n/a	n/a	n/a
5380.294	0	2690147	standard_tone	sapo_probe	standard	n/a	n/a	n/a	n/a	n/a
5381.308	0	2690654	oddball_tone	sapo_probe	oddball	n/a	n/a	n/a	n/a	n/a
5382.324	0	2691162	standard_tone	sapo_probe	standard	n/a	n/a	n/a	n/a	n/a
5383.340	0	2691670	standard_tone	sapo_probe	standard	n/a	n/a	n/a	n/a	n/a
5384.356	0	2692178	standard_tone	sapo_probe	standard	n/a	n/a	n/a	n/a	n/a
5385.372	0	2692686	standard_tone	sapo_probe	standard	n/a	n/a	n/a	n/a	n/a
5386.388	0	2693194	standard_tone	sapo_probe	standard	n/a	n/a	n/a	n/a	n/a
5387.404	0	2693702	standard_tone	sapo_probe	standard	n/a	n/a	n/a	n/a	n/a
5388.420	0	2694210	standard_tone	sapo_probe	standard	n/a	n/a	n/a	n/a	n/a
5389.436	0	2694718	standard_tone	sapo_probe	standard	n/a	n/a	n/a	n/a	n/a
5390.452	0	2695226	standard_tone	sapo_probe	standard	n/a	n/a	n/a	n/a	n/a
5391.468	0	2695734	standard_tone	sapo_probe	standard	n/a	n/a	n/a	n/a	n/a
5392.482	0	2696241	distractor_noise	sapo_probe	distractor	n/a	n/a	n/a	n/a	n/a
5393.498	0	2696749	standard_tone	sapo_probe	standard	n/a	n/a	n/a	n/a	n/a
5394.516	0	2697258	standard_tone	sapo_probe	standard	n/a	n/a	n/a	n/a	n/a
5395.530	0	2697765	standard_tone	sapo_probe	standard	n/a	n/a	n/a	n/a	n/a
5396.546	0	2698273	standard_tone	sapo_probe	standard	n/a	n/a	n/a	n/a	n/a
5397.562	0	2698781	distractor_noise	sapo_probe	distractor	n/a	n/a	n/a	n/a	n/a
5398.578	0	2699289	standard_tone	sapo_probe	standard	n/a	n/a	n/a	n/a	n/a
5399.594	0	2699797	standard_tone	sapo_probe	standard	n/a	n/a	n/a	n/a	n/a
5400.608	0	2700304	distractor_noise	sapo_probe	distractor	n/a	n/a	n/a	n/a	n/a
5401.626	0	2700813	standard_tone	sapo_probe	standard	n/a	n/a	n/a	n/a	n/a
5402.640	0	2701320	standard_tone	sapo_probe	standard	n/a	n/a	n/a	n/a	n/a
5403.640	0	2701820	standard_tone	sapo_probe	standard	n/a	n/a	n/a	n/a	n/a
5404.656	0	2702328	standard_tone	sapo_probe	standard	n/a	n/a	n/a	n/a	n/a
5405.656	0	2702828	standard_tone	sapo_probe	standard	n/a	n/a	n/a	n/a	n/a
5406.672	0	2703336	oddball_tone	sapo_probe	oddball	n/a	n/a	n/a	n/a	n/a
5407.686	0	2703843	standard_tone	sapo_probe	standard	n/a	n/a	n/a	n/a	n/a
5408.702	0	2704351	standard_tone	sapo_probe	standard	n/a	n/a	n/a	n/a	n/a
5409.718	0	2704859	standard_tone	sapo_probe	standard	n/a	n/a	n/a	n/a	n/a
5410.734	0	2705367	distractor_noise	sapo_probe	distractor	n/a	n/a	n/a	n/a	n/a
5411.750	0	2705875	standard_tone	sapo_probe	standard	n/a	n/a	n/a	n/a	n/a
5412.766	0	2706383	standard_tone	sapo_probe	standard	n/a	n/a	n/a	n/a	n/a
5413.782	0	2706891	standard_tone	sapo_probe	standard	n/a	n/a	n/a	n/a	n/a
5414.798	0	2707399	standard_tone	sapo_probe	standard	n/a	n/a	n/a	n/a	n/a
5415.814	0	2707907	standard_tone	sapo_probe	standard	n/a	n/a	n/a	n/a	n/a
5416.830	0	2708415	standard_tone	sapo_probe	standard	n/a	n/a	n/a	n/a	n/a
5417.846	0	2708923	standard_tone	sapo_probe	standard	n/a	n/a	n/a	n/a	n/a
5418.860	0	2709430	distractor_noise	sapo_probe	distractor	n/a	n/a	n/a	n/a	n/a
5419.876	0	2709938	standard_tone	sapo_probe	standard	n/a	n/a	n/a	n/a	n/a
5420.892	0	2710446	oddball_tone	sapo_probe	oddball	n/a	n/a	n/a	n/a	n/a
5421.908	0	2710954	standard_tone	sapo_probe	standard	n/a	n/a	n/a	n/a	n/a
5422.908	0	2711454	standard_tone	sapo_probe	standard	n/a	n/a	n/a	n/a	n/a
5423.924	0	2711962	standard_tone	sapo_probe	standard	n/a	n/a	n/a	n/a	n/a
5424.940	0	2712470	standard_tone	sapo_probe	standard	n/a	n/a	n/a	n/a	n/a
5425.956	0	2712978	standard_tone	sapo_probe	standard	n/a	n/a	n/a	n/a	n/a
5426.972	0	2713486	standard_tone	sapo_probe	standard	n/a	n/a	n/a	n/a	n/a
5427.986	0	2713993	distractor_noise	sapo_probe	distractor	n/a	n/a	n/a	n/a	n/a
5429.002	0	2714501	standard_tone	sapo_probe	standard	n/a	n/a	n/a	n/a	n/a
5430.018	0	2715009	standard_tone	sapo_probe	standard	n/a	n/a	n/a	n/a	n/a
5431.018	0	2715509	distractor_noise	sapo_probe	distractor	n/a	n/a	n/a	n/a	n/a
5432.034	0	2716017	standard_tone	sapo_probe	standard	n/a	n/a	n/a	n/a	n/a
5433.050	0	2716525	standard_tone	sapo_probe	standard	n/a	n/a	n/a	n/a	n/a
5434.066	0	2717033	distractor_noise	sapo_probe	distractor	n/a	n/a	n/a	n/a	n/a
5435.082	0	2717541	standard_tone	sapo_probe	standard	n/a	n/a	n/a	n/a	n/a
5436.096	0	2718048	standard_tone	sapo_probe	standard	n/a	n/a	n/a	n/a	n/a
5437.112	0	2718556	standard_tone	sapo_probe	standard	n/a	n/a	n/a	n/a	n/a
5438.128	0	2719064	standard_tone	sapo_probe	standard	n/a	n/a	n/a	n/a	n/a
5439.144	0	2719572	standard_tone	sapo_probe	standard	n/a	n/a	n/a	n/a	n/a
5440.160	0	2720080	standard_tone	sapo_probe	standard	n/a	n/a	n/a	n/a	n/a
5440.810	0	2720405	silence_end	sapo_probe	silence-end	n/a	n/a	n/a	n/a	n/a
5440.810	0	2720405	subblock_end	sapo_probe	subblock-end-duration-130.958	n/a	n/a	n/a	130.958	n/a
5440.812	0	2720406	subblock_begin	sapo_probe	subblock-begin	n/a	n/a	n/a	n/a	n/a
5440.812	0	2720406	silence_begin	sapo_probe	silence-begin	n/a	n/a	n/a	n/a	n/a
5441.176	0	2720588	standard_tone	sapo_probe	standard	n/a	n/a	n/a	n/a	n/a
5442.192	0	2721096	oddball_tone	sapo_probe	oddball	n/a	n/a	n/a	n/a	n/a
5443.208	0	2721604	standard_tone	sapo_probe	standard	n/a	n/a	n/a	n/a	n/a
5444.224	0	2722112	standard_tone	sapo_probe	standard	n/a	n/a	n/a	n/a	n/a
5445.222	0	2722611	oddball_tone	sapo_probe	oddball	n/a	n/a	n/a	n/a	n/a
5446.238	0	2723119	standard_tone	sapo_probe	standard	n/a	n/a	n/a	n/a	n/a
5447.254	0	2723627	distractor_noise	sapo_probe	distractor	n/a	n/a	n/a	n/a	n/a
5448.270	0	2724135	standard_tone	sapo_probe	standard	n/a	n/a	n/a	n/a	n/a
5449.286	0	2724643	standard_tone	sapo_probe	standard	n/a	n/a	n/a	n/a	n/a
5450.302	0	2725151	standard_tone	sapo_probe	standard	n/a	n/a	n/a	n/a	n/a
5451.318	0	2725659	standard_tone	sapo_probe	standard	n/a	n/a	n/a	n/a	n/a
5452.334	0	2726167	standard_tone	sapo_probe	standard	n/a	n/a	n/a	n/a	n/a
5453.348	0	2726674	oddball_tone	sapo_probe	oddball	n/a	n/a	n/a	n/a	n/a
5454.366	0	2727183	standard_tone	sapo_probe	standard	n/a	n/a	n/a	n/a	n/a
5455.380	0	2727690	standard_tone	sapo_probe	standard	n/a	n/a	n/a	n/a	n/a
5456.396	0	2728198	standard_tone	sapo_probe	standard	n/a	n/a	n/a	n/a	n/a
5457.396	0	2728698	standard_tone	sapo_probe	standard	n/a	n/a	n/a	n/a	n/a
5458.412	0	2729206	standard_tone	sapo_probe	standard	n/a	n/a	n/a	n/a	n/a
5459.428	0	2729714	standard_tone	sapo_probe	standard	n/a	n/a	n/a	n/a	n/a
5460.426	0	2730213	standard_tone	sapo_probe	standard	n/a	n/a	n/a	n/a	n/a
5461.442	0	2730721	standard_tone	sapo_probe	standard	n/a	n/a	n/a	n/a	n/a
5462.458	0	2731229	standard_tone	sapo_probe	standard	n/a	n/a	n/a	n/a	n/a
5463.474	0	2731737	distractor_noise	sapo_probe	distractor	n/a	n/a	n/a	n/a	n/a
5464.490	0	2732245	standard_tone	sapo_probe	standard	n/a	n/a	n/a	n/a	n/a
5465.506	0	2732753	standard_tone	sapo_probe	standard	n/a	n/a	n/a	n/a	n/a
5466.522	0	2733261	standard_tone	sapo_probe	standard	n/a	n/a	n/a	n/a	n/a
5467.538	0	2733769	standard_tone	sapo_probe	standard	n/a	n/a	n/a	n/a	n/a
5468.536	0	2734268	standard_tone	sapo_probe	standard	n/a	n/a	n/a	n/a	n/a
5469.552	0	2734776	standard_tone	sapo_probe	standard	n/a	n/a	n/a	n/a	n/a
5470.568	0	2735284	standard_tone	sapo_probe	standard	n/a	n/a	n/a	n/a	n/a
5471.584	0	2735792	standard_tone	sapo_probe	standard	n/a	n/a	n/a	n/a	n/a
5472.600	0	2736300	standard_tone	sapo_probe	standard	n/a	n/a	n/a	n/a	n/a
5473.616	0	2736808	standard_tone	sapo_probe	standard	n/a	n/a	n/a	n/a	n/a
5474.632	0	2737316	standard_tone	sapo_probe	standard	n/a	n/a	n/a	n/a	n/a
5475.648	0	2737824	standard_tone	sapo_probe	standard	n/a	n/a	n/a	n/a	n/a
5476.648	0	2738324	standard_tone	sapo_probe	standard	n/a	n/a	n/a	n/a	n/a
5477.662	0	2738831	standard_tone	sapo_probe	standard	n/a	n/a	n/a	n/a	n/a
5478.678	0	2739339	standard_tone	sapo_probe	standard	n/a	n/a	n/a	n/a	n/a
5479.694	0	2739847	oddball_tone	sapo_probe	oddball	n/a	n/a	n/a	n/a	n/a
5480.710	0	2740355	standard_tone	sapo_probe	standard	n/a	n/a	n/a	n/a	n/a
5481.726	0	2740863	oddball_tone	sapo_probe	oddball	n/a	n/a	n/a	n/a	n/a
5482.742	0	2741371	standard_tone	sapo_probe	standard	n/a	n/a	n/a	n/a	n/a
5483.758	0	2741879	standard_tone	sapo_probe	standard	n/a	n/a	n/a	n/a	n/a
5484.774	0	2742387	standard_tone	sapo_probe	standard	n/a	n/a	n/a	n/a	n/a
5485.790	0	2742895	standard_tone	sapo_probe	standard	n/a	n/a	n/a	n/a	n/a
5486.804	0	2743402	standard_tone	sapo_probe	standard	n/a	n/a	n/a	n/a	n/a
5487.820	0	2743910	standard_tone	sapo_probe	standard	n/a	n/a	n/a	n/a	n/a
5488.836	0	2744418	standard_tone	sapo_probe	standard	n/a	n/a	n/a	n/a	n/a
5489.852	0	2744926	standard_tone	sapo_probe	standard	n/a	n/a	n/a	n/a	n/a
5490.868	0	2745434	standard_tone	sapo_probe	standard	n/a	n/a	n/a	n/a	n/a
5491.884	0	2745942	standard_tone	sapo_probe	standard	n/a	n/a	n/a	n/a	n/a
5492.900	0	2746450	oddball_tone	sapo_probe	oddball	n/a	n/a	n/a	n/a	n/a
5493.916	0	2746958	standard_tone	sapo_probe	standard	n/a	n/a	n/a	n/a	n/a
5494.916	0	2747458	standard_tone	sapo_probe	standard	n/a	n/a	n/a	n/a	n/a
5495.930	0	2747965	distractor_noise	sapo_probe	distractor	n/a	n/a	n/a	n/a	n/a
5496.946	0	2748473	standard_tone	sapo_probe	standard	n/a	n/a	n/a	n/a	n/a
5497.962	0	2748981	standard_tone	sapo_probe	standard	n/a	n/a	n/a	n/a	n/a
5498.976	0	2749488	standard_tone	sapo_probe	standard	n/a	n/a	n/a	n/a	n/a
5499.994	0	2749997	oddball_tone	sapo_probe	oddball	n/a	n/a	n/a	n/a	n/a
5501.008	0	2750504	standard_tone	sapo_probe	standard	n/a	n/a	n/a	n/a	n/a
5502.026	0	2751013	standard_tone	sapo_probe	standard	n/a	n/a	n/a	n/a	n/a
5503.042	0	2751521	standard_tone	sapo_probe	standard	n/a	n/a	n/a	n/a	n/a
5504.056	0	2752028	standard_tone	sapo_probe	standard	n/a	n/a	n/a	n/a	n/a
5505.056	0	2752528	standard_tone	sapo_probe	standard	n/a	n/a	n/a	n/a	n/a
5506.072	0	2753036	standard_tone	sapo_probe	standard	n/a	n/a	n/a	n/a	n/a
5507.088	0	2753544	distractor_noise	sapo_probe	distractor	n/a	n/a	n/a	n/a	n/a
5508.104	0	2754052	standard_tone	sapo_probe	standard	n/a	n/a	n/a	n/a	n/a
5509.120	0	2754560	standard_tone	sapo_probe	standard	n/a	n/a	n/a	n/a	n/a
5510.136	0	2755068	standard_tone	sapo_probe	standard	n/a	n/a	n/a	n/a	n/a
5511.150	0	2755575	standard_tone	sapo_probe	standard	n/a	n/a	n/a	n/a	n/a
5512.150	0	2756075	standard_tone	sapo_probe	standard	n/a	n/a	n/a	n/a	n/a
5513.166	0	2756583	standard_tone	sapo_probe	standard	n/a	n/a	n/a	n/a	n/a
5514.182	0	2757091	standard_tone	sapo_probe	standard	n/a	n/a	n/a	n/a	n/a
5515.198	0	2757599	distractor_noise	sapo_probe	distractor	n/a	n/a	n/a	n/a	n/a
5516.214	0	2758107	standard_tone	sapo_probe	standard	n/a	n/a	n/a	n/a	n/a
5517.230	0	2758615	standard_tone	sapo_probe	standard	n/a	n/a	n/a	n/a	n/a
5518.246	0	2759123	standard_tone	sapo_probe	standard	n/a	n/a	n/a	n/a	n/a
5519.262	0	2759631	oddball_tone	sapo_probe	oddball	n/a	n/a	n/a	n/a	n/a
5520.278	0	2760139	standard_tone	sapo_probe	standard	n/a	n/a	n/a	n/a	n/a
5521.294	0	2760647	standard_tone	sapo_probe	standard	n/a	n/a	n/a	n/a	n/a
5522.308	0	2761154	standard_tone	sapo_probe	standard	n/a	n/a	n/a	n/a	n/a
5523.324	0	2761662	oddball_tone	sapo_probe	oddball	n/a	n/a	n/a	n/a	n/a
5524.340	0	2762170	distractor_noise	sapo_probe	distractor	n/a	n/a	n/a	n/a	n/a
5525.356	0	2762678	standard_tone	sapo_probe	standard	n/a	n/a	n/a	n/a	n/a
5526.372	0	2763186	standard_tone	sapo_probe	standard	n/a	n/a	n/a	n/a	n/a
5527.388	0	2763694	standard_tone	sapo_probe	standard	n/a	n/a	n/a	n/a	n/a
5528.404	0	2764202	standard_tone	sapo_probe	standard	n/a	n/a	n/a	n/a	n/a
5529.420	0	2764710	standard_tone	sapo_probe	standard	n/a	n/a	n/a	n/a	n/a
5530.436	0	2765218	standard_tone	sapo_probe	standard	n/a	n/a	n/a	n/a	n/a
5531.452	0	2765726	standard_tone	sapo_probe	standard	n/a	n/a	n/a	n/a	n/a
5532.466	0	2766233	distractor_noise	sapo_probe	distractor	n/a	n/a	n/a	n/a	n/a
5533.482	0	2766741	oddball_tone	sapo_probe	oddball	n/a	n/a	n/a	n/a	n/a
5534.506	0	2767253	standard_tone	sapo_probe	standard	n/a	n/a	n/a	n/a	n/a
5535.514	0	2767757	oddball_tone	sapo_probe	oddball	n/a	n/a	n/a	n/a	n/a
5536.514	0	2768257	standard_tone	sapo_probe	standard	n/a	n/a	n/a	n/a	n/a
5537.530	0	2768765	standard_tone	sapo_probe	standard	n/a	n/a	n/a	n/a	n/a
5538.546	0	2769273	standard_tone	sapo_probe	standard	n/a	n/a	n/a	n/a	n/a
5539.560	0	2769780	distractor_noise	sapo_probe	distractor	n/a	n/a	n/a	n/a	n/a
5540.576	0	2770288	standard_tone	sapo_probe	standard	n/a	n/a	n/a	n/a	n/a
5541.592	0	2770796	standard_tone	sapo_probe	standard	n/a	n/a	n/a	n/a	n/a
5542.608	0	2771304	oddball_tone	sapo_probe	oddball	n/a	n/a	n/a	n/a	n/a
5543.624	0	2771812	standard_tone	sapo_probe	standard	n/a	n/a	n/a	n/a	n/a
5544.640	0	2772320	oddball_tone	sapo_probe	oddball	n/a	n/a	n/a	n/a	n/a
5545.640	0	2772820	standard_tone	sapo_probe	standard	n/a	n/a	n/a	n/a	n/a
5546.506	0	2773253	silence_end	sapo_probe	silence-end	n/a	n/a	n/a	n/a	n/a
5546.506	0	2773253	subblock_end	sapo_probe	subblock-end-duration-105.695	n/a	n/a	n/a	105.695	n/a
5546.508	0	2773254	subblock_begin	sapo_probe	subblock-begin	n/a	n/a	n/a	n/a	n/a
5546.508	0	2773254	silence_begin	sapo_probe	silence-begin	n/a	n/a	n/a	n/a	n/a
5546.656	0	2773328	standard_tone	sapo_probe	standard	n/a	n/a	n/a	n/a	n/a
5547.670	0	2773835	standard_tone	sapo_probe	standard	n/a	n/a	n/a	n/a	n/a
5548.670	0	2774335	standard_tone	sapo_probe	standard	n/a	n/a	n/a	n/a	n/a
5549.686	0	2774843	standard_tone	sapo_probe	standard	n/a	n/a	n/a	n/a	n/a
5550.702	0	2775351	standard_tone	sapo_probe	standard	n/a	n/a	n/a	n/a	n/a
5551.718	0	2775859	standard_tone	sapo_probe	standard	n/a	n/a	n/a	n/a	n/a
5552.734	0	2776367	standard_tone	sapo_probe	standard	n/a	n/a	n/a	n/a	n/a
5553.750	0	2776875	standard_tone	sapo_probe	standard	n/a	n/a	n/a	n/a	n/a
5554.764	0	2777382	distractor_noise	sapo_probe	distractor	n/a	n/a	n/a	n/a	n/a
5555.780	0	2777890	standard_tone	sapo_probe	standard	n/a	n/a	n/a	n/a	n/a
5556.796	0	2778398	oddball_tone	sapo_probe	oddball	n/a	n/a	n/a	n/a	n/a
5557.812	0	2778906	standard_tone	sapo_probe	standard	n/a	n/a	n/a	n/a	n/a
5558.828	0	2779414	standard_tone	sapo_probe	standard	n/a	n/a	n/a	n/a	n/a
5559.844	0	2779922	standard_tone	sapo_probe	standard	n/a	n/a	n/a	n/a	n/a
5560.860	0	2780430	standard_tone	sapo_probe	standard	n/a	n/a	n/a	n/a	n/a
5561.876	0	2780938	standard_tone	sapo_probe	standard	n/a	n/a	n/a	n/a	n/a
5562.892	0	2781446	distractor_noise	sapo_probe	distractor	n/a	n/a	n/a	n/a	n/a
5563.908	0	2781954	standard_tone	sapo_probe	standard	n/a	n/a	n/a	n/a	n/a
5564.924	0	2782462	standard_tone	sapo_probe	standard	n/a	n/a	n/a	n/a	n/a
5565.340	0	2782670	prompt_window_begin	sapo_probe	probe-sapo-probe-begin	n/a	n/a	n/a	n/a	n/a
5571.318	0	2785659	clicker_press	sapo_probe	response-received-arrow_down	n/a	n/a	n/a	n/a	arrow_down
5571.802	0	2785901	clicker_press	sapo_probe	response-received-arrow_down	n/a	n/a	n/a	n/a	arrow_down
5572.168	0	2786084	clicker_press	sapo_probe	response-received-arrow_down	n/a	n/a	n/a	n/a	arrow_down
5572.534	0	2786267	clicker_press	sapo_probe	response-received-arrow_down	n/a	n/a	n/a	n/a	arrow_down
5574.366	0	2787183	depth_rating	sapo_probe	rating-sapo-probe-meditation_depth-4	4	n/a	n/a	n/a	n/a
5580.694	0	2790347	clicker_press	sapo_probe	response-received-arrow_down	n/a	n/a	n/a	n/a	arrow_down
5581.060	0	2790530	clicker_press	sapo_probe	response-received-arrow_down	n/a	n/a	n/a	n/a	arrow_down
5581.376	0	2790688	clicker_press	sapo_probe	response-received-arrow_down	n/a	n/a	n/a	n/a	arrow_down
5581.710	0	2790855	clicker_press	sapo_probe	response-received-arrow_down	n/a	n/a	n/a	n/a	arrow_down
5582.242	0	2791121	clicker_press	sapo_probe	response-received-arrow_down	n/a	n/a	n/a	n/a	arrow_down
5584.424	0	2792212	confidence_rating	sapo_probe	rating-sapo-probe-confidence_depth-5	n/a	5	n/a	n/a	n/a
5587.988	0	2793994	prompt_window_end	sapo_probe	probe-sapo-probe-end	n/a	n/a	n/a	n/a	n/a
5587.988	0	2793994	standard_tone	sapo_probe	standard	n/a	n/a	n/a	n/a	n/a
5589.004	0	2794502	standard_tone	sapo_probe	standard	n/a	n/a	n/a	n/a	n/a
5590.020	0	2795010	distractor_noise	sapo_probe	distractor	n/a	n/a	n/a	n/a	n/a
5591.036	0	2795518	oddball_tone	sapo_probe	oddball	n/a	n/a	n/a	n/a	n/a
5592.052	0	2796026	standard_tone	sapo_probe	standard	n/a	n/a	n/a	n/a	n/a
5593.066	0	2796533	distractor_noise	sapo_probe	distractor	n/a	n/a	n/a	n/a	n/a
5594.082	0	2797041	standard_tone	sapo_probe	standard	n/a	n/a	n/a	n/a	n/a
5595.082	0	2797541	standard_tone	sapo_probe	standard	n/a	n/a	n/a	n/a	n/a
5596.098	0	2798049	standard_tone	sapo_probe	standard	n/a	n/a	n/a	n/a	n/a
5597.114	0	2798557	standard_tone	sapo_probe	standard	n/a	n/a	n/a	n/a	n/a
5598.130	0	2799065	distractor_noise	sapo_probe	distractor	n/a	n/a	n/a	n/a	n/a
5599.144	0	2799572	standard_tone	sapo_probe	standard	n/a	n/a	n/a	n/a	n/a
5600.160	0	2800080	standard_tone	sapo_probe	standard	n/a	n/a	n/a	n/a	n/a
5601.176	0	2800588	distractor_noise	sapo_probe	distractor	n/a	n/a	n/a	n/a	n/a
5602.192	0	2801096	standard_tone	sapo_probe	standard	n/a	n/a	n/a	n/a	n/a
5603.208	0	2801604	standard_tone	sapo_probe	standard	n/a	n/a	n/a	n/a	n/a
5604.224	0	2802112	standard_tone	sapo_probe	standard	n/a	n/a	n/a	n/a	n/a
5605.224	0	2802612	standard_tone	sapo_probe	standard	n/a	n/a	n/a	n/a	n/a
5606.240	0	2803120	standard_tone	sapo_probe	standard	n/a	n/a	n/a	n/a	n/a
5607.254	0	2803627	standard_tone	sapo_probe	standard	n/a	n/a	n/a	n/a	n/a
5608.270	0	2804135	standard_tone	sapo_probe	standard	n/a	n/a	n/a	n/a	n/a
5609.270	0	2804635	standard_tone	sapo_probe	standard	n/a	n/a	n/a	n/a	n/a
5610.286	0	2805143	standard_tone	sapo_probe	standard	n/a	n/a	n/a	n/a	n/a
5611.302	0	2805651	standard_tone	sapo_probe	standard	n/a	n/a	n/a	n/a	n/a
5612.318	0	2806159	distractor_noise	sapo_probe	distractor	n/a	n/a	n/a	n/a	n/a
5613.334	0	2806667	standard_tone	sapo_probe	standard	n/a	n/a	n/a	n/a	n/a
5614.348	0	2807174	standard_tone	sapo_probe	standard	n/a	n/a	n/a	n/a	n/a
5615.364	0	2807682	standard_tone	sapo_probe	standard	n/a	n/a	n/a	n/a	n/a
5616.380	0	2808190	standard_tone	sapo_probe	standard	n/a	n/a	n/a	n/a	n/a
5617.396	0	2808698	distractor_noise	sapo_probe	distractor	n/a	n/a	n/a	n/a	n/a
5618.412	0	2809206	standard_tone	sapo_probe	standard	n/a	n/a	n/a	n/a	n/a
5619.428	0	2809714	standard_tone	sapo_probe	standard	n/a	n/a	n/a	n/a	n/a
5620.444	0	2810222	standard_tone	sapo_probe	standard	n/a	n/a	n/a	n/a	n/a
5621.460	0	2810730	oddball_tone	sapo_probe	oddball	n/a	n/a	n/a	n/a	n/a
5622.476	0	2811238	standard_tone	sapo_probe	standard	n/a	n/a	n/a	n/a	n/a
5623.492	0	2811746	standard_tone	sapo_probe	standard	n/a	n/a	n/a	n/a	n/a
5624.508	0	2812254	standard_tone	sapo_probe	standard	n/a	n/a	n/a	n/a	n/a
5625.524	0	2812762	standard_tone	sapo_probe	standard	n/a	n/a	n/a	n/a	n/a
5626.538	0	2813269	distractor_noise	sapo_probe	distractor	n/a	n/a	n/a	n/a	n/a
5627.554	0	2813777	standard_tone	sapo_probe	standard	n/a	n/a	n/a	n/a	n/a
5628.570	0	2814285	standard_tone	sapo_probe	standard	n/a	n/a	n/a	n/a	n/a
5629.586	0	2814793	standard_tone	sapo_probe	standard	n/a	n/a	n/a	n/a	n/a
5630.602	0	2815301	oddball_tone	sapo_probe	oddball	n/a	n/a	n/a	n/a	n/a
5631.602	0	2815801	standard_tone	sapo_probe	standard	n/a	n/a	n/a	n/a	n/a
5632.618	0	2816309	standard_tone	sapo_probe	standard	n/a	n/a	n/a	n/a	n/a
5633.634	0	2816817	standard_tone	sapo_probe	standard	n/a	n/a	n/a	n/a	n/a
5634.648	0	2817324	standard_tone	sapo_probe	standard	n/a	n/a	n/a	n/a	n/a
5635.666	0	2817833	standard_tone	sapo_probe	standard	n/a	n/a	n/a	n/a	n/a
5636.680	0	2818340	distractor_noise	sapo_probe	distractor	n/a	n/a	n/a	n/a	n/a
5637.696	0	2818848	standard_tone	sapo_probe	standard	n/a	n/a	n/a	n/a	n/a
5638.712	0	2819356	distractor_noise	sapo_probe	distractor	n/a	n/a	n/a	n/a	n/a
5639.728	0	2819864	standard_tone	sapo_probe	standard	n/a	n/a	n/a	n/a	n/a
5640.744	0	2820372	standard_tone	sapo_probe	standard	n/a	n/a	n/a	n/a	n/a
5641.760	0	2820880	standard_tone	sapo_probe	standard	n/a	n/a	n/a	n/a	n/a
5642.776	0	2821388	standard_tone	sapo_probe	standard	n/a	n/a	n/a	n/a	n/a
5643.792	0	2821896	standard_tone	sapo_probe	standard	n/a	n/a	n/a	n/a	n/a
5644.808	0	2822404	standard_tone	sapo_probe	standard	n/a	n/a	n/a	n/a	n/a
5645.822	0	2822911	oddball_tone	sapo_probe	oddball	n/a	n/a	n/a	n/a	n/a
5646.838	0	2823419	standard_tone	sapo_probe	standard	n/a	n/a	n/a	n/a	n/a
5647.854	0	2823927	standard_tone	sapo_probe	standard	n/a	n/a	n/a	n/a	n/a
5648.870	0	2824435	distractor_noise	sapo_probe	distractor	n/a	n/a	n/a	n/a	n/a
5649.886	0	2824943	standard_tone	sapo_probe	standard	n/a	n/a	n/a	n/a	n/a
5650.902	0	2825451	standard_tone	sapo_probe	standard	n/a	n/a	n/a	n/a	n/a
5651.918	0	2825959	standard_tone	sapo_probe	standard	n/a	n/a	n/a	n/a	n/a
5652.934	0	2826467	standard_tone	sapo_probe	standard	n/a	n/a	n/a	n/a	n/a
5653.950	0	2826975	standard_tone	sapo_probe	standard	n/a	n/a	n/a	n/a	n/a
5654.966	0	2827483	standard_tone	sapo_probe	standard	n/a	n/a	n/a	n/a	n/a
5655.982	0	2827991	standard_tone	sapo_probe	standard	n/a	n/a	n/a	n/a	n/a
5656.998	0	2828499	standard_tone	sapo_probe	standard	n/a	n/a	n/a	n/a	n/a
5658.014	0	2829007	oddball_tone	sapo_probe	oddball	n/a	n/a	n/a	n/a	n/a
5659.028	0	2829514	standard_tone	sapo_probe	standard	n/a	n/a	n/a	n/a	n/a
5660.044	0	2830022	oddball_tone	sapo_probe	oddball	n/a	n/a	n/a	n/a	n/a
5661.060	0	2830530	standard_tone	sapo_probe	standard	n/a	n/a	n/a	n/a	n/a
5662.076	0	2831038	standard_tone	sapo_probe	standard	n/a	n/a	n/a	n/a	n/a
5663.092	0	2831546	standard_tone	sapo_probe	standard	n/a	n/a	n/a	n/a	n/a
5664.108	0	2832054	standard_tone	sapo_probe	standard	n/a	n/a	n/a	n/a	n/a
5665.110	0	2832555	standard_tone	sapo_probe	standard	n/a	n/a	n/a	n/a	n/a
5666.124	0	2833062	standard_tone	sapo_probe	standard	n/a	n/a	n/a	n/a	n/a
5667.138	0	2833569	standard_tone	sapo_probe	standard	n/a	n/a	n/a	n/a	n/a
5668.138	0	2834069	standard_tone	sapo_probe	standard	n/a	n/a	n/a	n/a	n/a
5669.154	0	2834577	standard_tone	sapo_probe	standard	n/a	n/a	n/a	n/a	n/a
5670.170	0	2835085	standard_tone	sapo_probe	standard	n/a	n/a	n/a	n/a	n/a
5671.186	0	2835593	oddball_tone	sapo_probe	oddball	n/a	n/a	n/a	n/a	n/a
5672.202	0	2836101	standard_tone	sapo_probe	standard	n/a	n/a	n/a	n/a	n/a
5673.216	0	2836608	distractor_noise	sapo_probe	distractor	n/a	n/a	n/a	n/a	n/a
5674.234	0	2837117	standard_tone	sapo_probe	standard	n/a	n/a	n/a	n/a	n/a
5674.500	0	2837250	silence_end	sapo_probe	silence-end	n/a	n/a	n/a	n/a	n/a
5674.500	0	2837250	subblock_end	sapo_probe	subblock-end-duration-127.993	n/a	n/a	n/a	127.993	n/a
5674.502	0	2837251	subblock_begin	sapo_probe	subblock-begin	n/a	n/a	n/a	n/a	n/a
5674.502	0	2837251	silence_begin	sapo_probe	silence-begin	n/a	n/a	n/a	n/a	n/a
5675.248	0	2837624	standard_tone	sapo_probe	standard	n/a	n/a	n/a	n/a	n/a
5676.264	0	2838132	standard_tone	sapo_probe	standard	n/a	n/a	n/a	n/a	n/a
5677.280	0	2838640	standard_tone	sapo_probe	standard	n/a	n/a	n/a	n/a	n/a
5678.296	0	2839148	standard_tone	sapo_probe	standard	n/a	n/a	n/a	n/a	n/a
5679.312	0	2839656	standard_tone	sapo_probe	standard	n/a	n/a	n/a	n/a	n/a
5680.328	0	2840164	standard_tone	sapo_probe	standard	n/a	n/a	n/a	n/a	n/a
5681.344	0	2840672	standard_tone	sapo_probe	standard	n/a	n/a	n/a	n/a	n/a
5682.360	0	2841180	standard_tone	sapo_probe	standard	n/a	n/a	n/a	n/a	n/a
5683.376	0	2841688	standard_tone	sapo_probe	standard	n/a	n/a	n/a	n/a	n/a
5684.392	0	2842196	distractor_noise	sapo_probe	distractor	n/a	n/a	n/a	n/a	n/a
5685.406	0	2842703	oddball_tone	sapo_probe	oddball	n/a	n/a	n/a	n/a	n/a
5686.422	0	2843211	standard_tone	sapo_probe	standard	n/a	n/a	n/a	n/a	n/a
5687.438	0	2843719	standard_tone	sapo_probe	standard	n/a	n/a	n/a	n/a	n/a
5688.454	0	2844227	standard_tone	sapo_probe	standard	n/a	n/a	n/a	n/a	n/a
5689.470	0	2844735	standard_tone	sapo_probe	standard	n/a	n/a	n/a	n/a	n/a
5690.486	0	2845243	standard_tone	sapo_probe	standard	n/a	n/a	n/a	n/a	n/a
5691.502	0	2845751	standard_tone	sapo_probe	standard	n/a	n/a	n/a	n/a	n/a
5692.518	0	2846259	oddball_tone	sapo_probe	oddball	n/a	n/a	n/a	n/a	n/a
5693.534	0	2846767	standard_tone	sapo_probe	standard	n/a	n/a	n/a	n/a	n/a
5694.550	0	2847275	standard_tone	sapo_probe	standard	n/a	n/a	n/a	n/a	n/a
5695.564	0	2847782	standard_tone	sapo_probe	standard	n/a	n/a	n/a	n/a	n/a
5696.582	0	2848291	standard_tone	sapo_probe	standard	n/a	n/a	n/a	n/a	n/a
5697.580	0	2848790	standard_tone	sapo_probe	standard	n/a	n/a	n/a	n/a	n/a
5698.596	0	2849298	distractor_noise	sapo_probe	distractor	n/a	n/a	n/a	n/a	n/a
5699.612	0	2849806	oddball_tone	sapo_probe	oddball	n/a	n/a	n/a	n/a	n/a
5700.628	0	2850314	standard_tone	sapo_probe	standard	n/a	n/a	n/a	n/a	n/a
5701.644	0	2850822	standard_tone	sapo_probe	standard	n/a	n/a	n/a	n/a	n/a
5702.658	0	2851329	standard_tone	sapo_probe	standard	n/a	n/a	n/a	n/a	n/a
5703.674	0	2851837	standard_tone	sapo_probe	standard	n/a	n/a	n/a	n/a	n/a
5704.690	0	2852345	standard_tone	sapo_probe	standard	n/a	n/a	n/a	n/a	n/a
5705.706	0	2852853	standard_tone	sapo_probe	standard	n/a	n/a	n/a	n/a	n/a
5706.722	0	2853361	standard_tone	sapo_probe	standard	n/a	n/a	n/a	n/a	n/a
5707.738	0	2853869	standard_tone	sapo_probe	standard	n/a	n/a	n/a	n/a	n/a
5708.754	0	2854377	standard_tone	sapo_probe	standard	n/a	n/a	n/a	n/a	n/a
5709.754	0	2854877	standard_tone	sapo_probe	standard	n/a	n/a	n/a	n/a	n/a
5710.768	0	2855384	standard_tone	sapo_probe	standard	n/a	n/a	n/a	n/a	n/a
5711.784	0	2855892	standard_tone	sapo_probe	standard	n/a	n/a	n/a	n/a	n/a
5712.800	0	2856400	standard_tone	sapo_probe	standard	n/a	n/a	n/a	n/a	n/a
5713.816	0	2856908	standard_tone	sapo_probe	standard	n/a	n/a	n/a	n/a	n/a
5714.832	0	2857416	standard_tone	sapo_probe	standard	n/a	n/a	n/a	n/a	n/a
5715.848	0	2857924	standard_tone	sapo_probe	standard	n/a	n/a	n/a	n/a	n/a
5716.848	0	2858424	standard_tone	sapo_probe	standard	n/a	n/a	n/a	n/a	n/a
5717.864	0	2858932	distractor_noise	sapo_probe	distractor	n/a	n/a	n/a	n/a	n/a
5718.878	0	2859439	standard_tone	sapo_probe	standard	n/a	n/a	n/a	n/a	n/a
5719.894	0	2859947	distractor_noise	sapo_probe	distractor	n/a	n/a	n/a	n/a	n/a
5720.910	0	2860455	standard_tone	sapo_probe	standard	n/a	n/a	n/a	n/a	n/a
5721.926	0	2860963	standard_tone	sapo_probe	standard	n/a	n/a	n/a	n/a	n/a
5722.942	0	2861471	standard_tone	sapo_probe	standard	n/a	n/a	n/a	n/a	n/a
5723.942	0	2861971	standard_tone	sapo_probe	standard	n/a	n/a	n/a	n/a	n/a
5724.958	0	2862479	standard_tone	sapo_probe	standard	n/a	n/a	n/a	n/a	n/a
5725.974	0	2862987	distractor_noise	sapo_probe	distractor	n/a	n/a	n/a	n/a	n/a
5726.972	0	2863486	standard_tone	sapo_probe	standard	n/a	n/a	n/a	n/a	n/a
5727.988	0	2863994	standard_tone	sapo_probe	standard	n/a	n/a	n/a	n/a	n/a
5729.004	0	2864502	standard_tone	sapo_probe	standard	n/a	n/a	n/a	n/a	n/a
5730.004	0	2865002	distractor_noise	sapo_probe	distractor	n/a	n/a	n/a	n/a	n/a
5731.020	0	2865510	standard_tone	sapo_probe	standard	n/a	n/a	n/a	n/a	n/a
5732.036	0	2866018	standard_tone	sapo_probe	standard	n/a	n/a	n/a	n/a	n/a
5733.050	0	2866525	standard_tone	sapo_probe	standard	n/a	n/a	n/a	n/a	n/a
5734.066	0	2867033	standard_tone	sapo_probe	standard	n/a	n/a	n/a	n/a	n/a
5735.082	0	2867541	standard_tone	sapo_probe	standard	n/a	n/a	n/a	n/a	n/a
5736.082	0	2868041	standard_tone	sapo_probe	standard	n/a	n/a	n/a	n/a	n/a
5737.098	0	2868549	distractor_noise	sapo_probe	distractor	n/a	n/a	n/a	n/a	n/a
5738.114	0	2869057	standard_tone	sapo_probe	standard	n/a	n/a	n/a	n/a	n/a
5739.128	0	2869564	standard_tone	sapo_probe	standard	n/a	n/a	n/a	n/a	n/a
5740.144	0	2870072	standard_tone	sapo_probe	standard	n/a	n/a	n/a	n/a	n/a
5741.144	0	2870572	distractor_noise	sapo_probe	distractor	n/a	n/a	n/a	n/a	n/a
5742.160	0	2871080	standard_tone	sapo_probe	standard	n/a	n/a	n/a	n/a	n/a
5743.176	0	2871588	standard_tone	sapo_probe	standard	n/a	n/a	n/a	n/a	n/a
5744.192	0	2872096	standard_tone	sapo_probe	standard	n/a	n/a	n/a	n/a	n/a
5745.208	0	2872604	standard_tone	sapo_probe	standard	n/a	n/a	n/a	n/a	n/a
5746.224	0	2873112	distractor_noise	sapo_probe	distractor	n/a	n/a	n/a	n/a	n/a
5747.240	0	2873620	standard_tone	sapo_probe	standard	n/a	n/a	n/a	n/a	n/a
5748.254	0	2874127	standard_tone	sapo_probe	standard	n/a	n/a	n/a	n/a	n/a
5749.270	0	2874635	standard_tone	sapo_probe	standard	n/a	n/a	n/a	n/a	n/a
5750.286	0	2875143	standard_tone	sapo_probe	standard	n/a	n/a	n/a	n/a	n/a
5751.302	0	2875651	standard_tone	sapo_probe	standard	n/a	n/a	n/a	n/a	n/a
5752.318	0	2876159	standard_tone	sapo_probe	standard	n/a	n/a	n/a	n/a	n/a
5753.334	0	2876667	standard_tone	sapo_probe	standard	n/a	n/a	n/a	n/a	n/a
5754.350	0	2877175	standard_tone	sapo_probe	standard	n/a	n/a	n/a	n/a	n/a
5755.366	0	2877683	standard_tone	sapo_probe	standard	n/a	n/a	n/a	n/a	n/a
5756.382	0	2878191	standard_tone	sapo_probe	standard	n/a	n/a	n/a	n/a	n/a
5757.398	0	2878699	standard_tone	sapo_probe	standard	n/a	n/a	n/a	n/a	n/a
5758.414	0	2879207	distractor_noise	sapo_probe	distractor	n/a	n/a	n/a	n/a	n/a
5759.428	0	2879714	standard_tone	sapo_probe	standard	n/a	n/a	n/a	n/a	n/a
5760.428	0	2880214	standard_tone	sapo_probe	standard	n/a	n/a	n/a	n/a	n/a
5761.444	0	2880722	standard_tone	sapo_probe	standard	n/a	n/a	n/a	n/a	n/a
5762.460	0	2881230	standard_tone	sapo_probe	standard	n/a	n/a	n/a	n/a	n/a
5763.458	0	2881729	oddball_tone	sapo_probe	oddball	n/a	n/a	n/a	n/a	n/a
5764.474	0	2882237	standard_tone	sapo_probe	standard	n/a	n/a	n/a	n/a	n/a
5765.490	0	2882745	standard_tone	sapo_probe	standard	n/a	n/a	n/a	n/a	n/a
5766.490	0	2883245	standard_tone	sapo_probe	standard	n/a	n/a	n/a	n/a	n/a
5767.506	0	2883753	standard_tone	sapo_probe	standard	n/a	n/a	n/a	n/a	n/a
5768.522	0	2884261	standard_tone	sapo_probe	standard	n/a	n/a	n/a	n/a	n/a
5769.536	0	2884768	distractor_noise	sapo_probe	distractor	n/a	n/a	n/a	n/a	n/a
5770.536	0	2885268	oddball_tone	sapo_probe	oddball	n/a	n/a	n/a	n/a	n/a
5771.552	0	2885776	standard_tone	sapo_probe	standard	n/a	n/a	n/a	n/a	n/a
5772.568	0	2886284	standard_tone	sapo_probe	standard	n/a	n/a	n/a	n/a	n/a
5773.584	0	2886792	distractor_noise	sapo_probe	distractor	n/a	n/a	n/a	n/a	n/a
5774.584	0	2887292	standard_tone	sapo_probe	standard	n/a	n/a	n/a	n/a	n/a
5775.626	0	2887813	standard_tone	sapo_probe	standard	n/a	n/a	n/a	n/a	n/a
5775.748	0	2887874	silence_end	sapo_probe	silence-end	n/a	n/a	n/a	n/a	n/a
5775.750	0	2887875	subblock_end	sapo_probe	subblock-end-duration-101.249	n/a	n/a	n/a	101.249	n/a
5775.750	0	2887875	subblock_begin	sapo_probe	subblock-begin	n/a	n/a	n/a	n/a	n/a
5775.752	0	2887876	silence_begin	sapo_probe	silence-begin	n/a	n/a	n/a	n/a	n/a
5776.632	0	2888316	distractor_noise	sapo_probe	distractor	n/a	n/a	n/a	n/a	n/a
5777.648	0	2888824	standard_tone	sapo_probe	standard	n/a	n/a	n/a	n/a	n/a
5778.064	0	2889032	prompt_window_begin	sapo_probe	probe-sapo-probe-begin	n/a	n/a	n/a	n/a	n/a
5784.208	0	2892104	clicker_press	sapo_probe	response-received-arrow_down	n/a	n/a	n/a	n/a	arrow_down
5784.642	0	2892321	clicker_press	sapo_probe	response-received-arrow_down	n/a	n/a	n/a	n/a	arrow_down
5784.974	0	2892487	clicker_press	sapo_probe	response-received-arrow_down	n/a	n/a	n/a	n/a	arrow_down
5787.190	0	2893595	depth_rating	sapo_probe	rating-sapo-probe-meditation_depth-3	3	n/a	n/a	n/a	n/a
5792.536	0	2896268	clicker_press	sapo_probe	response-received-arrow_down	n/a	n/a	n/a	n/a	arrow_down
5792.870	0	2896435	clicker_press	sapo_probe	response-received-arrow_down	n/a	n/a	n/a	n/a	arrow_down
5793.202	0	2896601	clicker_press	sapo_probe	response-received-arrow_down	n/a	n/a	n/a	n/a	arrow_down
5793.534	0	2896767	clicker_press	sapo_probe	response-received-arrow_down	n/a	n/a	n/a	n/a	arrow_down
5797.248	0	2898624	confidence_rating	sapo_probe	rating-sapo-probe-confidence_depth-4	n/a	4	n/a	n/a	n/a
5800.728	0	2900364	prompt_window_end	sapo_probe	probe-sapo-probe-end	n/a	n/a	n/a	n/a	n/a
5800.730	0	2900365	standard_tone	sapo_probe	standard	n/a	n/a	n/a	n/a	n/a
5801.744	0	2900872	distractor_noise	sapo_probe	distractor	n/a	n/a	n/a	n/a	n/a
5802.760	0	2901380	standard_tone	sapo_probe	standard	n/a	n/a	n/a	n/a	n/a
5803.758	0	2901879	standard_tone	sapo_probe	standard	n/a	n/a	n/a	n/a	n/a
5804.774	0	2902387	standard_tone	sapo_probe	standard	n/a	n/a	n/a	n/a	n/a
5805.790	0	2902895	distractor_noise	sapo_probe	distractor	n/a	n/a	n/a	n/a	n/a
5806.806	0	2903403	standard_tone	sapo_probe	standard	n/a	n/a	n/a	n/a	n/a
5807.822	0	2903911	standard_tone	sapo_probe	standard	n/a	n/a	n/a	n/a	n/a
5808.838	0	2904419	standard_tone	sapo_probe	standard	n/a	n/a	n/a	n/a	n/a
5809.854	0	2904927	distractor_noise	sapo_probe	distractor	n/a	n/a	n/a	n/a	n/a
5810.870	0	2905435	standard_tone	sapo_probe	standard	n/a	n/a	n/a	n/a	n/a
5811.886	0	2905943	oddball_tone	sapo_probe	oddball	n/a	n/a	n/a	n/a	n/a
5812.902	0	2906451	standard_tone	sapo_probe	standard	n/a	n/a	n/a	n/a	n/a
5813.918	0	2906959	standard_tone	sapo_probe	standard	n/a	n/a	n/a	n/a	n/a
5814.934	0	2907467	standard_tone	sapo_probe	standard	n/a	n/a	n/a	n/a	n/a
5815.948	0	2907974	standard_tone	sapo_probe	standard	n/a	n/a	n/a	n/a	n/a
5816.966	0	2908483	oddball_tone	sapo_probe	oddball	n/a	n/a	n/a	n/a	n/a
5817.980	0	2908990	standard_tone	sapo_probe	standard	n/a	n/a	n/a	n/a	n/a
5818.996	0	2909498	standard_tone	sapo_probe	standard	n/a	n/a	n/a	n/a	n/a
5820.012	0	2910006	standard_tone	sapo_probe	standard	n/a	n/a	n/a	n/a	n/a
5821.028	0	2910514	standard_tone	sapo_probe	standard	n/a	n/a	n/a	n/a	n/a
5822.044	0	2911022	standard_tone	sapo_probe	standard	n/a	n/a	n/a	n/a	n/a
5823.060	0	2911530	standard_tone	sapo_probe	standard	n/a	n/a	n/a	n/a	n/a
5824.076	0	2912038	standard_tone	sapo_probe	standard	n/a	n/a	n/a	n/a	n/a
5825.090	0	2912545	oddball_tone	sapo_probe	oddball	n/a	n/a	n/a	n/a	n/a
5826.090	0	2913045	standard_tone	sapo_probe	standard	n/a	n/a	n/a	n/a	n/a
5827.106	0	2913553	standard_tone	sapo_probe	standard	n/a	n/a	n/a	n/a	n/a
5828.122	0	2914061	standard_tone	sapo_probe	standard	n/a	n/a	n/a	n/a	n/a
5829.138	0	2914569	oddball_tone	sapo_probe	oddball	n/a	n/a	n/a	n/a	n/a
5830.154	0	2915077	standard_tone	sapo_probe	standard	n/a	n/a	n/a	n/a	n/a
5831.170	0	2915585	standard_tone	sapo_probe	standard	n/a	n/a	n/a	n/a	n/a
5832.168	0	2916084	oddball_tone	sapo_probe	oddball	n/a	n/a	n/a	n/a	n/a
5833.184	0	2916592	standard_tone	sapo_probe	standard	n/a	n/a	n/a	n/a	n/a
5834.200	0	2917100	standard_tone	sapo_probe	standard	n/a	n/a	n/a	n/a	n/a
5835.216	0	2917608	distractor_noise	sapo_probe	distractor	n/a	n/a	n/a	n/a	n/a
5836.232	0	2918116	standard_tone	sapo_probe	standard	n/a	n/a	n/a	n/a	n/a
5837.248	0	2918624	oddball_tone	sapo_probe	oddball	n/a	n/a	n/a	n/a	n/a
5838.264	0	2919132	standard_tone	sapo_probe	standard	n/a	n/a	n/a	n/a	n/a
5839.280	0	2919640	standard_tone	sapo_probe	standard	n/a	n/a	n/a	n/a	n/a
5840.296	0	2920148	standard_tone	sapo_probe	standard	n/a	n/a	n/a	n/a	n/a
5841.312	0	2920656	oddball_tone	sapo_probe	oddball	n/a	n/a	n/a	n/a	n/a
5842.326	0	2921163	standard_tone	sapo_probe	standard	n/a	n/a	n/a	n/a	n/a
5843.342	0	2921671	distractor_noise	sapo_probe	distractor	n/a	n/a	n/a	n/a	n/a
5844.358	0	2922179	standard_tone	sapo_probe	standard	n/a	n/a	n/a	n/a	n/a
5845.374	0	2922687	standard_tone	sapo_probe	standard	n/a	n/a	n/a	n/a	n/a
5846.390	0	2923195	distractor_noise	sapo_probe	distractor	n/a	n/a	n/a	n/a	n/a
5847.406	0	2923703	oddball_tone	sapo_probe	oddball	n/a	n/a	n/a	n/a	n/a
5848.422	0	2924211	distractor_noise	sapo_probe	distractor	n/a	n/a	n/a	n/a	n/a
5849.438	0	2924719	standard_tone	sapo_probe	standard	n/a	n/a	n/a	n/a	n/a
5850.454	0	2925227	standard_tone	sapo_probe	standard	n/a	n/a	n/a	n/a	n/a
5851.454	0	2925727	standard_tone	sapo_probe	standard	n/a	n/a	n/a	n/a	n/a
5852.468	0	2926234	oddball_tone	sapo_probe	oddball	n/a	n/a	n/a	n/a	n/a
5853.484	0	2926742	standard_tone	sapo_probe	standard	n/a	n/a	n/a	n/a	n/a
5854.500	0	2927250	standard_tone	sapo_probe	standard	n/a	n/a	n/a	n/a	n/a
5855.516	0	2927758	standard_tone	sapo_probe	standard	n/a	n/a	n/a	n/a	n/a
5856.532	0	2928266	distractor_noise	sapo_probe	distractor	n/a	n/a	n/a	n/a	n/a
5857.548	0	2928774	standard_tone	sapo_probe	standard	n/a	n/a	n/a	n/a	n/a
5858.564	0	2929282	standard_tone	sapo_probe	standard	n/a	n/a	n/a	n/a	n/a
5859.580	0	2929790	standard_tone	sapo_probe	standard	n/a	n/a	n/a	n/a	n/a
5860.594	0	2930297	standard_tone	sapo_probe	standard	n/a	n/a	n/a	n/a	n/a
5861.612	0	2930806	standard_tone	sapo_probe	standard	n/a	n/a	n/a	n/a	n/a
5862.626	0	2931313	oddball_tone	sapo_probe	oddball	n/a	n/a	n/a	n/a	n/a
5863.626	0	2931813	standard_tone	sapo_probe	standard	n/a	n/a	n/a	n/a	n/a
5864.642	0	2932321	standard_tone	sapo_probe	standard	n/a	n/a	n/a	n/a	n/a
5865.658	0	2932829	oddball_tone	sapo_probe	oddball	n/a	n/a	n/a	n/a	n/a
5866.674	0	2933337	standard_tone	sapo_probe	standard	n/a	n/a	n/a	n/a	n/a
5867.690	0	2933845	standard_tone	sapo_probe	standard	n/a	n/a	n/a	n/a	n/a
5868.706	0	2934353	oddball_tone	sapo_probe	oddball	n/a	n/a	n/a	n/a	n/a
5869.720	0	2934860	standard_tone	sapo_probe	standard	n/a	n/a	n/a	n/a	n/a
5870.736	0	2935368	oddball_tone	sapo_probe	oddball	n/a	n/a	n/a	n/a	n/a
5871.752	0	2935876	standard_tone	sapo_probe	standard	n/a	n/a	n/a	n/a	n/a
5872.768	0	2936384	standard_tone	sapo_probe	standard	n/a	n/a	n/a	n/a	n/a
5873.784	0	2936892	standard_tone	sapo_probe	standard	n/a	n/a	n/a	n/a	n/a
5873.868	0	2936934	silence_end	sapo_probe	silence-end	n/a	n/a	n/a	n/a	n/a
5873.868	0	2936934	gong_begin	sapo_probe	gong-begin	n/a	n/a	n/a	n/a	n/a
5883.994	0	2941997	gong_end	sapo_probe	gong-end	n/a	n/a	n/a	n/a	n/a
5883.994	0	2941997	subblock_end	sapo_probe	subblock-end-duration-108.244	n/a	n/a	n/a	108.244	n/a
5883.994	0	2941997	subblock_begin	sapo_probe	subblock-begin	n/a	n/a	n/a	n/a	n/a
5883.994	0	2941997	silence_begin	sapo_probe	silence-begin	n/a	n/a	n/a	n/a	n/a
5883.996	0	2941998	standard_tone	sapo_probe	standard	n/a	n/a	n/a	n/a	n/a
5884.042	0	2942021	sapo_probe_end	sapo_probe	block-sapo-probe-end	n/a	n/a	n/a	n/a	n/a
5884.042	0	2942021	block_duration	sapo_probe	block-sapo-probe-duration-2110	n/a	n/a	n/a	2110.000	n/a
5884.044	0	2942022	prompt_window_begin	sapo_probe	probe-sapo-probe-begin	n/a	n/a	n/a	n/a	n/a
5888.240	0	2944120	clicker_press	n/a	response-received-arrow_down	n/a	n/a	n/a	n/a	arrow_down
5888.572	0	2944286	clicker_press	n/a	response-received-arrow_down	n/a	n/a	n/a	n/a	arrow_down
5889.854	0	2944927	clicker_press	n/a	response-received-arrow_down	n/a	n/a	n/a	n/a	arrow_down
5890.072	0	2945036	clicker_press	n/a	response-received-arrow_down	n/a	n/a	n/a	n/a	arrow_down
5893.086	0	2946543	depth_rating	sapo_probe	rating-sapo-probe-meditation_depth-4	4	n/a	n/a	n/a	n/a
5899.780	0	2949890	clicker_press	n/a	response-received-arrow_down	n/a	n/a	n/a	n/a	arrow_down
5900.412	0	2950206	clicker_press	n/a	response-received-arrow_down	n/a	n/a	n/a	n/a	arrow_down
5903.260	0	2951630	confidence_rating	sapo_probe	rating-sapo-probe-confidence_depth-2	n/a	2	n/a	n/a	n/a
5904.310	0	2952155	prompt_window_end	sapo_probe	probe-sapo-probe-end	n/a	n/a	n/a	n/a	n/a
5904.310	0	2952155	break_begin	break	break-begin	n/a	n/a	n/a	n/a	n/a
6073.886	0	3036943	clicker_press	break	response-received-enter	n/a	n/a	n/a	n/a	enter
6073.902	0	3036951	break_end	break	break-end	n/a	n/a	n/a	n/a	n/a
6105.976	0	3052988	clicker_press	n/a	response-received-arrow_down	n/a	n/a	n/a	n/a	arrow_down
6105.992	0	3052996	post_meditation_begin	post_meditation	post-meditation-begin	n/a	n/a	n/a	n/a	n/a
6406.044	0	3203022	post_meditation_end	post_meditation	post-meditation-end	n/a	n/a	n/a	n/a	n/a
6406.044	0	3203022	prompt_window_begin	post_meditation	probe-post-meditation-begin	n/a	n/a	n/a	n/a	n/a
6412.456	0	3206228	clicker_press	n/a	response-received-arrow_down	n/a	n/a	n/a	n/a	arrow_down
6413.288	0	3206644	clicker_press	n/a	response-received-arrow_down	n/a	n/a	n/a	n/a	arrow_down
6414.404	0	3207202	clicker_press	n/a	response-received-arrow_down	n/a	n/a	n/a	n/a	arrow_down
6415.120	0	3207560	depth_rating	post_meditation	rating-post-meditation-meditation_depth-3	3	n/a	n/a	n/a	n/a
6421.064	0	3210532	clicker_press	n/a	response-received-arrow_down	n/a	n/a	n/a	n/a	arrow_down
6421.648	0	3210824	clicker_press	n/a	response-received-arrow_down	n/a	n/a	n/a	n/a	arrow_down
6425.212	0	3212606	confidence_rating	post_meditation	rating-post-meditation-confidence_depth-2	n/a	2	n/a	n/a	n/a
6426.244	0	3213122	prompt_window_end	post_meditation	probe-post-meditation-end	n/a	n/a	n/a	n/a	n/a
6435.386	0	3217693	task_end	n/a	task-end	n/a	n/a	n/a	n/a	n/a
