onset	duration	sample	trial_type	block	value	depth	confidence	response_time	logged_duration	key
0.000	0	0	clicker_press	n/a	response-received-arrow_up	n/a	n/a	n/a	n/a	arrow_up
6.578	0	3289	clicker_press	n/a	response-received-arrow_up	n/a	n/a	n/a	n/a	arrow_up
44.398	0	22199	clicker_press	n/a	response-received-arrow_up	n/a	n/a	n/a	n/a	arrow_up
52.556	0	26278	clicker_press	n/a	response-received-arrow_up	n/a	n/a	n/a	n/a	arrow_up
64.330	0	32165	clicker_press	n/a	response-received-arrow_up	n/a	n/a	n/a	n/a	arrow_up
76.170	0	38085	clicker_press	n/a	response-received-arrow_up	n/a	n/a	n/a	n/a	arrow_up
98.070	0	49035	clicker_press	n/a	response-received-arrow_up	n/a	n/a	n/a	n/a	arrow_up
109.128	0	54564	clicker_press	n/a	response-received-arrow_up	n/a	n/a	n/a	n/a	arrow_up
109.144	0	54572	task_begin	n/a	task-begin	n/a	n/a	n/a	n/a	n/a
141.900	0	70950	clicker_press	n/a	response-received-arrow_up	n/a	n/a	n/a	n/a	arrow_up
141.932	0	70966	baseline_begin	baseline	baseline-begin	n/a	n/a	n/a	n/a	n/a
440.918	0	220459	baseline_end	baseline	baseline-end	n/a	n/a	n/a	n/a	n/a
517.158	0	258579	clicker_press	n/a	response-received-arrow_up	n/a	n/a	n/a	n/a	arrow_up
517.188	0	258594	pre_meditation_begin	pre_meditation	pre-meditation-begin	n/a	n/a	n/a	n/a	n/a
817.190	0	408595	pre_meditation_end	pre_meditation	pre-meditation-end	n/a	n/a	n/a	n/a	n/a
817.192	0	408596	prompt_window_begin	pre_meditation	probe-pre-meditation-begin	n/a	n/a	n/a	n/a	n/a
823.686	0	411843	clicker_press	n/a	response-received-arrow_up	n/a	n/a	n/a	n/a	arrow_up
824.184	0	412092	clicker_press	n/a	response-received-arrow_up	n/a	n/a	n/a	n/a	arrow_up
824.834	0	412417	clicker_press	n/a	response-received-arrow_up	n/a	n/a	n/a	n/a	arrow_up
826.232	0	413116	depth_rating	pre_meditation	rating-pre-meditation-meditation_depth-3	3	n/a	n/a	n/a	n/a
832.478	0	416239	clicker_press	n/a	response-received-arrow_up	n/a	n/a	n/a	n/a	arrow_up
832.944	0	416472	clicker_press	n/a	response-received-arrow_up	n/a	n/a	n/a	n/a	arrow_up
833.460	0	416730	clicker_press	n/a	response-received-arrow_up	n/a	n/a	n/a	n/a	arrow_up
834.076	0	417038	clicker_press	n/a	response-received-arrow_up	n/a	n/a	n/a	n/a	arrow_up
836.324	0	418162	confidence_rating	pre_meditation	rating-pre-meditation-confidence_depth-4	n/a	4	n/a	n/a	n/a
837.340	0	418670	prompt_window_end	pre_meditation	probe-pre-meditation-end	n/a	n/a	n/a	n/a	n/a
919.928	0	459964	clicker_press	n/a	response-received-arrow_up	n/a	n/a	n/a	n/a	arrow_up
919.954	0	459977	sapo_emerge_begin	sapo_emerge	block-sapo-emerge-begin	n/a	n/a	n/a	n/a	n/a
919.958	0	459979	subblock_begin	sapo_emerge	subblock-begin	n/a	n/a	n/a	n/a	n/a
919.958	0	459979	silence_begin	sapo_emerge	silence-begin	n/a	n/a	n/a	n/a	n/a
919.970	0	459985	distractor_noise	sapo_emerge	distractor	n/a	n/a	n/a	n/a	n/a
920.970	0	460485	standard_tone	sapo_emerge	standard	n/a	n/a	n/a	n/a	n/a
921.986	0	460993	standard_tone	sapo_emerge	standard	n/a	n/a	n/a	n/a	n/a
922.986	0	461493	standard_tone	sapo_emerge	standard	n/a	n/a	n/a	n/a	n/a
924.002	0	462001	oddball_tone	sapo_emerge	oddball	n/a	n/a	n/a	n/a	n/a
925.016	0	462508	distractor_noise	sapo_emerge	distractor	n/a	n/a	n/a	n/a	n/a
926.018	0	463009	standard_tone	sapo_emerge	standard	n/a	n/a	n/a	n/a	n/a
927.032	0	463516	standard_tone	sapo_emerge	standard	n/a	n/a	n/a	n/a	n/a
928.048	0	464024	standard_tone	sapo_emerge	standard	n/a	n/a	n/a	n/a	n/a
929.064	0	464532	standard_tone	sapo_emerge	standard	n/a	n/a	n/a	n/a	n/a
930.064	0	465032	standard_tone	sapo_emerge	standard	n/a	n/a	n/a	n/a	n/a
931.078	0	465539	standard_tone	sapo_emerge	standard	n/a	n/a	n/a	n/a	n/a
932.094	0	466047	standard_tone	sapo_emerge	standard	n/a	n/a	n/a	n/a	n/a
933.110	0	466555	oddball_tone	sapo_emerge	oddball	n/a	n/a	n/a	n/a	n/a
934.126	0	467063	standard_tone	sapo_emerge	standard	n/a	n/a	n/a	n/a	n/a
935.142	0	467571	oddball_tone	sapo_emerge	oddball	n/a	n/a	n/a	n/a	n/a
936.158	0	468079	distractor_noise	sapo_emerge	distractor	n/a	n/a	n/a	n/a	n/a
937.194	0	468597	standard_tone	sapo_emerge	standard	n/a	n/a	n/a	n/a	n/a
938.206	0	469103	standard_tone	sapo_emerge	standard	n/a	n/a	n/a	n/a	n/a
939.206	0	469603	standard_tone	sapo_emerge	standard	n/a	n/a	n/a	n/a	n/a
940.222	0	470111	standard_tone	sapo_emerge	standard	n/a	n/a	n/a	n/a	n/a
941.238	0	470619	oddball_tone	sapo_emerge	oddball	n/a	n/a	n/a	n/a	n/a
942.252	0	471126	standard_tone	sapo_emerge	standard	n/a	n/a	n/a	n/a	n/a
943.268	0	471634	standard_tone	sapo_emerge	standard	n/a	n/a	n/a	n/a	n/a
944.284	0	472142	standard_tone	sapo_emerge	standard	n/a	n/a	n/a	n/a	n/a
945.284	0	472642	standard_tone	sapo_emerge	standard	n/a	n/a	n/a	n/a	n/a
946.300	0	473150	distractor_noise	sapo_emerge	distractor	n/a	n/a	n/a	n/a	n/a
947.316	0	473658	standard_tone	sapo_emerge	standard	n/a	n/a	n/a	n/a	n/a
948.332	0	474166	standard_tone	sapo_emerge	standard	n/a	n/a	n/a	n/a	n/a
949.348	0	474674	oddball_tone	sapo_emerge	oddball	n/a	n/a	n/a	n/a	n/a
950.364	0	475182	standard_tone	sapo_emerge	standard	n/a	n/a	n/a	n/a	n/a
951.380	0	475690	distractor_noise	sapo_emerge	distractor	n/a	n/a	n/a	n/a	n/a
952.394	0	476197	standard_tone	sapo_emerge	standard	n/a	n/a	n/a	n/a	n/a
953.412	0	476706	oddball_tone	sapo_emerge	oddball	n/a	n/a	n/a	n/a	n/a
954.426	0	477213	standard_tone	sapo_emerge	standard	n/a	n/a	n/a	n/a	n/a
955.442	0	477721	standard_tone	sapo_emerge	standard	n/a	n/a	n/a	n/a	n/a
956.458	0	478229	standard_tone	sapo_emerge	standard	n/a	n/a	n/a	n/a	n/a
957.474	0	478737	oddball_tone	sapo_emerge	oddball	n/a	n/a	n/a	n/a	n/a
958.490	0	479245	standard_tone	sapo_emerge	standard	n/a	n/a	n/a	n/a	n/a
959.506	0	479753	standard_tone	sapo_emerge	standard	n/a	n/a	n/a	n/a	n/a
960.522	0	480261	standard_tone	sapo_emerge	standard	n/a	n/a	n/a	n/a	n/a
961.536	0	480768	standard_tone	sapo_emerge	standard	n/a	n/a	n/a	n/a	n/a
962.552	0	481276	standard_tone	sapo_emerge	standard	n/a	n/a	n/a	n/a	n/a
963.570	0	481785	standard_tone	sapo_emerge	standard	n/a	n/a	n/a	n/a	n/a
964.584	0	482292	distractor_noise	sapo_emerge	distractor	n/a	n/a	n/a	n/a	n/a
965.602	0	482801	standard_tone	sapo_emerge	standard	n/a	n/a	n/a	n/a	n/a
966.616	0	483308	standard_tone	sapo_emerge	standard	n/a	n/a	n/a	n/a	n/a
967.632	0	483816	standard_tone	sapo_emerge	standard	n/a	n/a	n/a	n/a	n/a
968.648	0	484324	standard_tone	sapo_emerge	standard	n/a	n/a	n/a	n/a	n/a
969.664	0	484832	oddball_tone	sapo_emerge	oddball	n/a	n/a	n/a	n/a	n/a
970.680	0	485340	standard_tone	sapo_emerge	standard	n/a	n/a	n/a	n/a	n/a
971.696	0	485848	standard_tone	sapo_emerge	standard	n/a	n/a	n/a	n/a	n/a
972.712	0	486356	standard_tone	sapo_emerge	standard	n/a	n/a	n/a	n/a	n/a
973.728	0	486864	standard_tone	sapo_emerge	standard	n/a	n/a	n/a	n/a	n/a
974.744	0	487372	distractor_noise	sapo_emerge	distractor	n/a	n/a	n/a	n/a	n/a
975.758	0	487879	standard_tone	sapo_emerge	standard	n/a	n/a	n/a	n/a	n/a
976.774	0	488387	standard_tone	sapo_emerge	standard	n/a	n/a	n/a	n/a	n/a
977.790	0	488895	distractor_noise	sapo_emerge	distractor	n/a	n/a	n/a	n/a	n/a
978.806	0	489403	standard_tone	sapo_emerge	standard	n/a	n/a	n/a	n/a	n/a
979.822	0	489911	standard_tone	sapo_emerge	standard	n/a	n/a	n/a	n/a	n/a
980.838	0	490419	standard_tone	sapo_emerge	standard	n/a	n/a	n/a	n/a	n/a
981.854	0	490927	standard_tone	sapo_emerge	standard	n/a	n/a	n/a	n/a	n/a
982.852	0	491426	standard_tone	sapo_emerge	standard	n/a	n/a	n/a	n/a	n/a
983.868	0	491934	standard_tone	sapo_emerge	standard	n/a	n/a	n/a	n/a	n/a
984.884	0	492442	oddball_tone	sapo_emerge	oddball	n/a	n/a	n/a	n/a	n/a
985.900	0	492950	standard_tone	sapo_emerge	standard	n/a	n/a	n/a	n/a	n/a
986.916	0	493458	standard_tone	sapo_emerge	standard	n/a	n/a	n/a	n/a	n/a
987.932	0	493966	standard_tone	sapo_emerge	standard	n/a	n/a	n/a	n/a	n/a
988.932	0	494466	standard_tone	sapo_emerge	standard	n/a	n/a	n/a	n/a	n/a
989.946	0	494973	standard_tone	sapo_emerge	standard	n/a	n/a	n/a	n/a	n/a
990.962	0	495481	standard_tone	sapo_emerge	standard	n/a	n/a	n/a	n/a	n/a
991.978	0	495989	distractor_noise	sapo_emerge	distractor	n/a	n/a	n/a	n/a	n/a
992.994	0	496497	standard_tone	sapo_emerge	standard	n/a	n/a	n/a	n/a	n/a
993.994	0	496997	standard_tone	sapo_emerge	standard	n/a	n/a	n/a	n/a	n/a
995.010	0	497505	standard_tone	sapo_emerge	standard	n/a	n/a	n/a	n/a	n/a
996.026	0	498013	standard_tone	sapo_emerge	standard	n/a	n/a	n/a	n/a	n/a
997.040	0	498520	standard_tone	sapo_emerge	standard	n/a	n/a	n/a	n/a	n/a
998.056	0	499028	standard_tone	sapo_emerge	standard	n/a	n/a	n/a	n/a	n/a
999.072	0	499536	standard_tone	sapo_emerge	standard	n/a	n/a	n/a	n/a	n/a
1000.088	0	500044	standard_tone	sapo_emerge	standard	n/a	n/a	n/a	n/a	n/a
1001.104	0	500552	standard_tone	sapo_emerge	standard	n/a	n/a	n/a	n/a	n/a
1002.120	0	501060	standard_tone	sapo_emerge	standard	n/a	n/a	n/a	n/a	n/a
1003.136	0	501568	standard_tone	sapo_emerge	standard	n/a	n/a	n/a	n/a	n/a
1004.152	0	502076	standard_tone	sapo_emerge	standard	n/a	n/a	n/a	n/a	n/a
1005.168	0	502584	standard_tone	sapo_emerge	standard	n/a	n/a	n/a	n/a	n/a
1006.184	0	503092	standard_tone	sapo_emerge	standard	n/a	n/a	n/a	n/a	n/a
1007.200	0	503600	oddball_tone	sapo_emerge	oddball	n/a	n/a	n/a	n/a	n/a
1008.214	0	504107	standard_tone	sapo_emerge	standard	n/a	n/a	n/a	n/a	n/a
1009.232	0	504616	standard_tone	sapo_emerge	standard	n/a	n/a	n/a	n/a	n/a
1010.246	0	505123	standard_tone	sapo_emerge	standard	n/a	n/a	n/a	n/a	n/a
1011.262	0	505631	standard_tone	sapo_emerge	standard	n/a	n/a	n/a	n/a	n/a
1012.278	0	506139	oddball_tone	sapo_emerge	oddball	n/a	n/a	n/a	n/a	n/a
1013.294	0	506647	standard_tone	sapo_emerge	standard	n/a	n/a	n/a	n/a	n/a
1014.310	0	507155	standard_tone	sapo_emerge	standard	n/a	n/a	n/a	n/a	n/a
1015.326	0	507663	standard_tone	sapo_emerge	standard	n/a	n/a	n/a	n/a	n/a
1016.326	0	508163	oddball_tone	sapo_emerge	oddball	n/a	n/a	n/a	n/a	n/a
1017.340	0	508670	standard_tone	sapo_emerge	standard	n/a	n/a	n/a	n/a	n/a
1018.340	0	509170	standard_tone	sapo_emerge	standard	n/a	n/a	n/a	n/a	n/a
1019.356	0	509678	oddball_tone	sapo_emerge	oddball	n/a	n/a	n/a	n/a	n/a
1020.372	0	510186	distractor_noise	sapo_emerge	distractor	n/a	n/a	n/a	n/a	n/a
1021.388	0	510694	standard_tone	sapo_emerge	standard	n/a	n/a	n/a	n/a	n/a
1022.402	0	511201	standard_tone	sapo_emerge	standard	n/a	n/a	n/a	n/a	n/a
1023.418	0	511709	standard_tone	sapo_emerge	standard	n/a	n/a	n/a	n/a	n/a
1024.418	0	512209	standard_tone	sapo_emerge	standard	n/a	n/a	n/a	n/a	n/a
1025.434	0	512717	standard_tone	sapo_emerge	standard	n/a	n/a	n/a	n/a	n/a
1026.450	0	513225	distractor_noise	sapo_emerge	distractor	n/a	n/a	n/a	n/a	n/a
1027.466	0	513733	oddball_tone	sapo_emerge	oddball	n/a	n/a	n/a	n/a	n/a
1028.482	0	514241	standard_tone	sapo_emerge	standard	n/a	n/a	n/a	n/a	n/a
1028.548	0	514274	silence_end	sapo_emerge	silence-end	n/a	n/a	n/a	n/a	n/a
1028.748	0	514374	gong_begin	sapo_emerge	gong-begin	n/a	n/a	n/a	n/a	n/a
1029.498	0	514749	standard_tone	sapo_emerge	standard	n/a	n/a	n/a	n/a	n/a
1030.514	0	515257	standard_tone	sapo_emerge	standard	n/a	n/a	n/a	n/a	n/a
1031.528	0	515764	standard_tone	sapo_emerge	standard	n/a	n/a	n/a	n/a	n/a
1032.546	0	516273	oddball_tone	sapo_emerge	oddball	n/a	n/a	n/a	n/a	n/a
1033.560	0	516780	standard_tone	sapo_emerge	standard	n/a	n/a	n/a	n/a	n/a
1034.576	0	517288	oddball_tone	sapo_emerge	oddball	n/a	n/a	n/a	n/a	n/a
1035.592	0	517796	standard_tone	sapo_emerge	standard	n/a	n/a	n/a	n/a	n/a
1036.608	0	518304	standard_tone	sapo_emerge	standard	n/a	n/a	n/a	n/a	n/a
1037.634	0	518817	standard_tone	sapo_emerge	standard	n/a	n/a	n/a	n/a	n/a
1038.590	0	519295	gong_end	sapo_emerge	gong-end	n/a	n/a	n/a	n/a	n/a
1038.590	0	519295	subblock_end	sapo_emerge	subblock-end-duration-118.633	n/a	n/a	n/a	118.633	n/a
1038.592	0	519296	subblock_begin	sapo_emerge	subblock-begin	n/a	n/a	n/a	n/a	n/a
1038.592	0	519296	silence_begin	sapo_emerge	silence-begin	n/a	n/a	n/a	n/a	n/a
1038.640	0	519320	standard_tone	sapo_emerge	standard	n/a	n/a	n/a	n/a	n/a
1039.640	0	519820	standard_tone	sapo_emerge	standard	n/a	n/a	n/a	n/a	n/a
1040.654	0	520327	standard_tone	sapo_emerge	standard	n/a	n/a	n/a	n/a	n/a
1041.670	0	520835	standard_tone	sapo_emerge	standard	n/a	n/a	n/a	n/a	n/a
1042.686	0	521343	distractor_noise	sapo_emerge	distractor	n/a	n/a	n/a	n/a	n/a
1043.702	0	521851	standard_tone	sapo_emerge	standard	n/a	n/a	n/a	n/a	n/a
1044.718	0	522359	standard_tone	sapo_emerge	standard	n/a	n/a	n/a	n/a	n/a
1045.734	0	522867	oddball_tone	sapo_emerge	oddball	n/a	n/a	n/a	n/a	n/a
1046.750	0	523375	standard_tone	sapo_emerge	standard	n/a	n/a	n/a	n/a	n/a
1047.766	0	523883	standard_tone	sapo_emerge	standard	n/a	n/a	n/a	n/a	n/a
1048.782	0	524391	standard_tone	sapo_emerge	standard	n/a	n/a	n/a	n/a	n/a
1049.798	0	524899	oddball_tone	sapo_emerge	oddball	n/a	n/a	n/a	n/a	n/a
1050.812	0	525406	distractor_noise	sapo_emerge	distractor	n/a	n/a	n/a	n/a	n/a
1051.828	0	525914	standard_tone	sapo_emerge	standard	n/a	n/a	n/a	n/a	n/a
1052.828	0	526414	standard_tone	sapo_emerge	standard	n/a	n/a	n/a	n/a	n/a
1053.844	0	526922	standard_tone	sapo_emerge	standard	n/a	n/a	n/a	n/a	n/a
1054.860	0	527430	standard_tone	sapo_emerge	standard	n/a	n/a	n/a	n/a	n/a
1055.628	0	527814	clicker_press	sapo_emerge	response-received-arrow_up	n/a	n/a	n/a	n/a	arrow_up
1055.644	0	527822	report_window_begin	sapo_emerge	emerge-sapo-emerge-begin	n/a	n/a	n/a	n/a	n/a
1056.076	0	528038	clicker_press	sapo_emerge	response-received-arrow_up	n/a	n/a	n/a	n/a	arrow_up
1056.592	0	528296	clicker_press	sapo_emerge	response-received-arrow_up	n/a	n/a	n/a	n/a	arrow_up
1059.656	0	529828	depth_rating	sapo_emerge	rating-sapo-emerge-meditation_depth-3	3	n/a	n/a	n/a	n/a
1066.234	0	533117	clicker_press	sapo_emerge	response-received-arrow_up	n/a	n/a	n/a	n/a	arrow_up
1066.668	0	533334	clicker_press	sapo_emerge	response-received-arrow_up	n/a	n/a	n/a	n/a	arrow_up
1067.450	0	533725	clicker_press	sapo_emerge	response-received-arrow_up	n/a	n/a	n/a	n/a	arrow_up
1069.764	0	534882	confidence_rating	sapo_emerge	rating-sapo-emerge-confidence_depth-3	n/a	3	n/a	n/a	n/a
1073.262	0	536631	report_window_end	sapo_emerge	emerge-sapo-emerge-end	n/a	n/a	n/a	n/a	n/a
1073.262	0	536631	subblock_begin	sapo_emerge	subblock-begin	n/a	n/a	n/a	n/a	n/a
1073.262	0	536631	silence_begin	sapo_emerge	silence-begin	n/a	n/a	n/a	n/a	n/a
1073.278	0	536639	standard_tone	sapo_emerge	standard	n/a	n/a	n/a	n/a	n/a
1074.294	0	537147	standard_tone	sapo_emerge	standard	n/a	n/a	n/a	n/a	n/a
1075.310	0	537655	oddball_tone	sapo_emerge	oddball	n/a	n/a	n/a	n/a	n/a
1076.326	0	538163	standard_tone	sapo_emerge	standard	n/a	n/a	n/a	n/a	n/a
1077.342	0	538671	distractor_noise	sapo_emerge	distractor	n/a	n/a	n/a	n/a	n/a
1078.356	0	539178	standard_tone	sapo_emerge	standard	n/a	n/a	n/a	n/a	n/a
1079.372	0	539686	standard_tone	sapo_emerge	standard	n/a	n/a	n/a	n/a	n/a
1080.388	0	540194	standard_tone	sapo_emerge	standard	n/a	n/a	n/a	n/a	n/a
1081.404	0	540702	distractor_noise	sapo_emerge	distractor	n/a	n/a	n/a	n/a	n/a
1082.420	0	541210	standard_tone	sapo_emerge	standard	n/a	n/a	n/a	n/a	n/a
1083.436	0	541718	oddball_tone	sapo_emerge	oddball	n/a	n/a	n/a	n/a	n/a
1084.452	0	542226	standard_tone	sapo_emerge	standard	n/a	n/a	n/a	n/a	n/a
1085.468	0	542734	standard_tone	sapo_emerge	standard	n/a	n/a	n/a	n/a	n/a
1086.484	0	543242	standard_tone	sapo_emerge	standard	n/a	n/a	n/a	n/a	n/a
1087.500	0	543750	standard_tone	sapo_emerge	standard	n/a	n/a	n/a	n/a	n/a
1088.516	0	544258	standard_tone	sapo_emerge	standard	n/a	n/a	n/a	n/a	n/a
1089.532	0	544766	distractor_noise	sapo_emerge	distractor	n/a	n/a	n/a	n/a	n/a
1090.548	0	545274	standard_tone	sapo_emerge	standard	n/a	n/a	n/a	n/a	n/a
1091.564	0	545782	oddball_tone	sapo_emerge	oddball	n/a	n/a	n/a	n/a	n/a
1092.580	0	546290	standard_tone	sapo_emerge	standard	n/a	n/a	n/a	n/a	n/a
1093.594	0	546797	oddball_tone	sapo_emerge	oddball	n/a	n/a	n/a	n/a	n/a
1094.610	0	547305	standard_tone	sapo_emerge	standard	n/a	n/a	n/a	n/a	n/a
1095.624	0	547812	standard_tone	sapo_emerge	standard	n/a	n/a	n/a	n/a	n/a
1096.626	0	548313	standard_tone	sapo_emerge	standard	n/a	n/a	n/a	n/a	n/a
1097.642	0	548821	oddball_tone	sapo_emerge	oddball	n/a	n/a	n/a	n/a	n/a
1098.656	0	549328	standard_tone	sapo_emerge	standard	n/a	n/a	n/a	n/a	n/a
1099.656	0	549828	standard_tone	sapo_emerge	standard	n/a	n/a	n/a	n/a	n/a
1100.672	0	550336	standard_tone	sapo_emerge	standard	n/a	n/a	n/a	n/a	n/a
1101.686	0	550843	standard_tone	sapo_emerge	standard	n/a	n/a	n/a	n/a	n/a
1102.686	0	551343	oddball_tone	sapo_emerge	oddball	n/a	n/a	n/a	n/a	n/a
1103.702	0	551851	standard_tone	sapo_emerge	standard	n/a	n/a	n/a	n/a	n/a
1104.718	0	552359	standard_tone	sapo_emerge	standard	n/a	n/a	n/a	n/a	n/a
1105.734	0	552867	distractor_noise	sapo_emerge	distractor	n/a	n/a	n/a	n/a	n/a
1106.750	0	553375	standard_tone	sapo_emerge	standard	n/a	n/a	n/a	n/a	n/a
1107.766	0	553883	standard_tone	sapo_emerge	standard	n/a	n/a	n/a	n/a	n/a
1108.782	0	554391	standard_tone	sapo_emerge	standard	n/a	n/a	n/a	n/a	n/a
1109.798	0	554899	standard_tone	sapo_emerge	standard	n/a	n/a	n/a	n/a	n/a
1110.814	0	555407	standard_tone	sapo_emerge	standard	n/a	n/a	n/a	n/a	n/a
1111.828	0	555914	standard_tone	sapo_emerge	standard	n/a	n/a	n/a	n/a	n/a
1112.846	0	556423	distractor_noise	sapo_emerge	distractor	n/a	n/a	n/a	n/a	n/a
1113.860	0	556930	oddball_tone	sapo_emerge	oddball	n/a	n/a	n/a	n/a	n/a
1114.860	0	557430	standard_tone	sapo_emerge	standard	n/a	n/a	n/a	n/a	n/a
1115.876	0	557938	standard_tone	sapo_emerge	standard	n/a	n/a	n/a	n/a	n/a
1116.892	0	558446	standard_tone	sapo_emerge	standard	n/a	n/a	n/a	n/a	n/a
1117.892	0	558946	distractor_noise	sapo_emerge	distractor	n/a	n/a	n/a	n/a	n/a
1118.906	0	559453	standard_tone	sapo_emerge	standard	n/a	n/a	n/a	n/a	n/a
1119.922	0	559961	standard_tone	sapo_emerge	standard	n/a	n/a	n/a	n/a	n/a
1120.938	0	560469	standard_tone	sapo_emerge	standard	n/a	n/a	n/a	n/a	n/a
1121.954	0	560977	standard_tone	sapo_emerge	standard	n/a	n/a	n/a	n/a	n/a
1122.970	0	561485	standard_tone	sapo_emerge	standard	n/a	n/a	n/a	n/a	n/a
1123.986	0	561993	distractor_noise	sapo_emerge	distractor	n/a	n/a	n/a	n/a	n/a
1125.000	0	562500	oddball_tone	sapo_emerge	oddball	n/a	n/a	n/a	n/a	n/a
1126.000	0	563000	standard_tone	sapo_emerge	standard	n/a	n/a	n/a	n/a	n/a
1127.016	0	563508	standard_tone	sapo_emerge	standard	n/a	n/a	n/a	n/a	n/a
1128.040	0	564020	standard_tone	sapo_emerge	standard	n/a	n/a	n/a	n/a	n/a
1129.048	0	564524	standard_tone	sapo_emerge	standard	n/a	n/a	n/a	n/a	n/a
1130.064	0	565032	standard_tone	sapo_emerge	standard	n/a	n/a	n/a	n/a	n/a
1131.080	0	565540	standard_tone	sapo_emerge	standard	n/a	n/a	n/a	n/a	n/a
1132.096	0	566048	standard_tone	sapo_emerge	standard	n/a	n/a	n/a	n/a	n/a
1133.112	0	566556	standard_tone	sapo_emerge	standard	n/a	n/a	n/a	n/a	n/a
1134.128	0	567064	standard_tone	sapo_emerge	standard	n/a	n/a	n/a	n/a	n/a
1135.144	0	567572	standard_tone	sapo_emerge	standard	n/a	n/a	n/a	n/a	n/a
1136.160	0	568080	standard_tone	sapo_emerge	standard	n/a	n/a	n/a	n/a	n/a
1137.174	0	568587	distractor_noise	sapo_emerge	distractor	n/a	n/a	n/a	n/a	n/a
1138.190	0	569095	standard_tone	sapo_emerge	standard	n/a	n/a	n/a	n/a	n/a
1139.206	0	569603	standard_tone	sapo_emerge	standard	n/a	n/a	n/a	n/a	n/a
1140.222	0	570111	standard_tone	sapo_emerge	standard	n/a	n/a	n/a	n/a	n/a
1141.238	0	570619	standard_tone	sapo_emerge	standard	n/a	n/a	n/a	n/a	n/a
1141.654	0	570827	clicker_press	sapo_emerge	response-received-arrow_up	n/a	n/a	n/a	n/a	arrow_up
1141.704	0	570852	report_window_begin	sapo_emerge	emerge-sapo-emerge-begin	n/a	n/a	n/a	n/a	n/a
1141.972	0	570986	clicker_press	sapo_emerge	response-received-arrow_up	n/a	n/a	n/a	n/a	arrow_up
1142.438	0	571219	clicker_press	sapo_emerge	response-received-arrow_up	n/a	n/a	n/a	n/a	arrow_up
1143.570	0	571785	clicker_press	sapo_emerge	response-received-arrow_up	n/a	n/a	n/a	n/a	arrow_up
1145.718	0	572859	depth_rating	sapo_emerge	rating-sapo-emerge-meditation_depth-4	4	n/a	n/a	n/a	n/a
1151.930	0	575965	clicker_press	sapo_emerge	response-received-arrow_up	n/a	n/a	n/a	n/a	arrow_up
1152.230	0	576115	clicker_press	sapo_emerge	response-received-arrow_up	n/a	n/a	n/a	n/a	arrow_up
1152.798	0	576399	clicker_press	sapo_emerge	response-received-arrow_up	n/a	n/a	n/a	n/a	arrow_up
1153.262	0	576631	clicker_press	sapo_emerge	response-received-arrow_up	n/a	n/a	n/a	n/a	arrow_up
1155.794	0	577897	confidence_rating	sapo_emerge	rating-sapo-emerge-confidence_depth-4	n/a	4	n/a	n/a	n/a
1159.240	0	579620	report_window_end	sapo_emerge	emerge-sapo-emerge-end	n/a	n/a	n/a	n/a	n/a
1159.240	0	579620	subblock_begin	sapo_emerge	subblock-begin	n/a	n/a	n/a	n/a	n/a
1159.242	0	579621	silence_begin	sapo_emerge	silence-begin	n/a	n/a	n/a	n/a	n/a
1159.256	0	579628	standard_tone	sapo_emerge	standard	n/a	n/a	n/a	n/a	n/a
1160.272	0	580136	standard_tone	sapo_emerge	standard	n/a	n/a	n/a	n/a	n/a
1161.288	0	580644	standard_tone	sapo_emerge	standard	n/a	n/a	n/a	n/a	n/a
1162.304	0	581152	standard_tone	sapo_emerge	standard	n/a	n/a	n/a	n/a	n/a
1163.320	0	581660	standard_tone	sapo_emerge	standard	n/a	n/a	n/a	n/a	n/a
1164.336	0	582168	standard_tone	sapo_emerge	standard	n/a	n/a	n/a	n/a	n/a
1165.352	0	582676	distractor_noise	sapo_emerge	distractor	n/a	n/a	n/a	n/a	n/a
1166.368	0	583184	standard_tone	sapo_emerge	standard	n/a	n/a	n/a	n/a	n/a
1167.384	0	583692	standard_tone	sapo_emerge	standard	n/a	n/a	n/a	n/a	n/a
1168.398	0	584199	oddball_tone	sapo_emerge	oddball	n/a	n/a	n/a	n/a	n/a
1169.414	0	584707	standard_tone	sapo_emerge	standard	n/a	n/a	n/a	n/a	n/a
1170.430	0	585215	standard_tone	sapo_emerge	standard	n/a	n/a	n/a	n/a	n/a
1171.446	0	585723	standard_tone	sapo_emerge	standard	n/a	n/a	n/a	n/a	n/a
1172.462	0	586231	standard_tone	sapo_emerge	standard	n/a	n/a	n/a	n/a	n/a
1173.478	0	586739	standard_tone	sapo_emerge	standard	n/a	n/a	n/a	n/a	n/a
1174.494	0	587247	standard_tone	sapo_emerge	standard	n/a	n/a	n/a	n/a	n/a
1175.510	0	587755	standard_tone	sapo_emerge	standard	n/a	n/a	n/a	n/a	n/a
1176.508	0	588254	standard_tone	sapo_emerge	standard	n/a	n/a	n/a	n/a	n/a
1177.524	0	588762	standard_tone	sapo_emerge	standard	n/a	n/a	n/a	n/a	n/a
1178.540	0	589270	standard_tone	sapo_emerge	standard	n/a	n/a	n/a	n/a	n/a
1179.556	0	589778	standard_tone	sapo_emerge	standard	n/a	n/a	n/a	n/a	n/a
1180.572	0	590286	standard_tone	sapo_emerge	standard	n/a	n/a	n/a	n/a	n/a
1181.588	0	590794	standard_tone	sapo_emerge	standard	n/a	n/a	n/a	n/a	n/a
1182.604	0	591302	distractor_noise	sapo_emerge	distractor	n/a	n/a	n/a	n/a	n/a
1183.620	0	591810	standard_tone	sapo_emerge	standard	n/a	n/a	n/a	n/a	n/a
1184.636	0	592318	oddball_tone	sapo_emerge	oddball	n/a	n/a	n/a	n/a	n/a
1185.636	0	592818	standard_tone	sapo_emerge	standard	n/a	n/a	n/a	n/a	n/a
1186.650	0	593325	standard_tone	sapo_emerge	standard	n/a	n/a	n/a	n/a	n/a
1187.666	0	593833	standard_tone	sapo_emerge	standard	n/a	n/a	n/a	n/a	n/a
1188.682	0	594341	standard_tone	sapo_emerge	standard	n/a	n/a	n/a	n/a	n/a
1189.698	0	594849	standard_tone	sapo_emerge	standard	n/a	n/a	n/a	n/a	n/a
1190.714	0	595357	standard_tone	sapo_emerge	standard	n/a	n/a	n/a	n/a	n/a
1191.712	0	595856	distractor_noise	sapo_emerge	distractor	n/a	n/a	n/a	n/a	n/a
1192.728	0	596364	standard_tone	sapo_emerge	standard	n/a	n/a	n/a	n/a	n/a
1193.744	0	596872	standard_tone	sapo_emerge	standard	n/a	n/a	n/a	n/a	n/a
1194.760	0	597380	standard_tone	sapo_emerge	standard	n/a	n/a	n/a	n/a	n/a
1195.776	0	597888	distractor_noise	sapo_emerge	distractor	n/a	n/a	n/a	n/a	n/a
1196.792	0	598396	standard_tone	sapo_emerge	standard	n/a	n/a	n/a	n/a	n/a
1197.808	0	598904	standard_tone	sapo_emerge	standard	n/a	n/a	n/a	n/a	n/a
1198.824	0	599412	standard_tone	sapo_emerge	standard	n/a	n/a	n/a	n/a	n/a
1199.840	0	599920	distractor_noise	sapo_emerge	distractor	n/a	n/a	n/a	n/a	n/a
1200.856	0	600428	standard_tone	sapo_emerge	standard	n/a	n/a	n/a	n/a	n/a
1201.872	0	600936	standard_tone	sapo_emerge	standard	n/a	n/a	n/a	n/a	n/a
1202.888	0	601444	standard_tone	sapo_emerge	standard	n/a	n/a	n/a	n/a	n/a
1203.902	0	601951	standard_tone	sapo_emerge	standard	n/a	n/a	n/a	n/a	n/a
1204.918	0	602459	oddball_tone	sapo_emerge	oddball	n/a	n/a	n/a	n/a	n/a
1205.934	0	602967	standard_tone	sapo_emerge	standard	n/a	n/a	n/a	n/a	n/a
1206.950	0	603475	standard_tone	sapo_emerge	standard	n/a	n/a	n/a	n/a	n/a
1207.966	0	603983	standard_tone	sapo_emerge	standard	n/a	n/a	n/a	n/a	n/a
1208.982	0	604491	standard_tone	sapo_emerge	standard	n/a	n/a	n/a	n/a	n/a
1209.998	0	604999	standard_tone	sapo_emerge	standard	n/a	n/a	n/a	n/a	n/a
1211.014	0	605507	standard_tone	sapo_emerge	standard	n/a	n/a	n/a	n/a	n/a
1212.030	0	606015	standard_tone	sapo_emerge	standard	n/a	n/a	n/a	n/a	n/a
1213.030	0	606515	oddball_tone	sapo_emerge	oddball	n/a	n/a	n/a	n/a	n/a
1214.044	0	607022	standard_tone	sapo_emerge	standard	n/a	n/a	n/a	n/a	n/a
1215.060	0	607530	standard_tone	sapo_emerge	standard	n/a	n/a	n/a	n/a	n/a
1216.076	0	608038	standard_tone	sapo_emerge	standard	n/a	n/a	n/a	n/a	n/a
1217.092	0	608546	oddball_tone	sapo_emerge	oddball	n/a	n/a	n/a	n/a	n/a
1218.092	0	609046	standard_tone	sapo_emerge	standard	n/a	n/a	n/a	n/a	n/a
1219.106	0	609553	standard_tone	sapo_emerge	standard	n/a	n/a	n/a	n/a	n/a
1220.106	0	610053	standard_tone	sapo_emerge	standard	n/a	n/a	n/a	n/a	n/a
1221.122	0	610561	standard_tone	sapo_emerge	standard	n/a	n/a	n/a	n/a	n/a
1222.122	0	611061	distractor_noise	sapo_emerge	distractor	n/a	n/a	n/a	n/a	n/a
1223.138	0	611569	standard_tone	sapo_emerge	standard	n/a	n/a	n/a	n/a	n/a
1224.136	0	612068	standard_tone	sapo_emerge	standard	n/a	n/a	n/a	n/a	n/a
1225.152	0	612576	standard_tone	sapo_emerge	standard	n/a	n/a	n/a	n/a	n/a
1226.168	0	613084	standard_tone	sapo_emerge	standard	n/a	n/a	n/a	n/a	n/a
1227.184	0	613592	standard_tone	sapo_emerge	standard	n/a	n/a	n/a	n/a	n/a
1228.200	0	614100	standard_tone	sapo_emerge	standard	n/a	n/a	n/a	n/a	n/a
1229.216	0	614608	oddball_tone	sapo_emerge	oddball	n/a	n/a	n/a	n/a	n/a
1230.232	0	615116	distractor_noise	sapo_emerge	distractor	n/a	n/a	n/a	n/a	n/a
1231.246	0	615623	standard_tone	sapo_emerge	standard	n/a	n/a	n/a	n/a	n/a
1232.262	0	616131	standard_tone	sapo_emerge	standard	n/a	n/a	n/a	n/a	n/a
1233.278	0	616639	standard_tone	sapo_emerge	standard	n/a	n/a	n/a	n/a	n/a
1234.294	0	617147	distractor_noise	sapo_emerge	distractor	n/a	n/a	n/a	n/a	n/a
1235.310	0	617655	standard_tone	sapo_emerge	standard	n/a	n/a	n/a	n/a	n/a
1236.326	0	618163	standard_tone	sapo_emerge	standard	n/a	n/a	n/a	n/a	n/a
1237.342	0	618671	standard_tone	sapo_emerge	standard	n/a	n/a	n/a	n/a	n/a
1238.358	0	619179	standard_tone	sapo_emerge	standard	n/a	n/a	n/a	n/a	n/a
1239.374	0	619687	distractor_noise	sapo_emerge	distractor	n/a	n/a	n/a	n/a	n/a
1240.390	0	620195	standard_tone	sapo_emerge	standard	n/a	n/a	n/a	n/a	n/a
1241.406	0	620703	standard_tone	sapo_emerge	standard	n/a	n/a	n/a	n/a	n/a
1242.422	0	621211	standard_tone	sapo_emerge	standard	n/a	n/a	n/a	n/a	n/a
1243.436	0	621718	standard_tone	sapo_emerge	standard	n/a	n/a	n/a	n/a	n/a
1244.452	0	622226	distractor_noise	sapo_emerge	distractor	n/a	n/a	n/a	n/a	n/a
1245.468	0	622734	standard_tone	sapo_emerge	standard	n/a	n/a	n/a	n/a	n/a
1246.484	0	623242	standard_tone	sapo_emerge	standard	n/a	n/a	n/a	n/a	n/a
1247.500	0	623750	oddball_tone	sapo_emerge	oddball	n/a	n/a	n/a	n/a	n/a
1248.516	0	624258	standard_tone	sapo_emerge	standard	n/a	n/a	n/a	n/a	n/a
1249.532	0	624766	standard_tone	sapo_emerge	standard	n/a	n/a	n/a	n/a	n/a
1250.548	0	625274	standard_tone	sapo_emerge	standard	n/a	n/a	n/a	n/a	n/a
1251.564	0	625782	standard_tone	sapo_emerge	standard	n/a	n/a	n/a	n/a	n/a
1252.580	0	626290	standard_tone	sapo_emerge	standard	n/a	n/a	n/a	n/a	n/a
1253.580	0	626790	standard_tone	sapo_emerge	standard	n/a	n/a	n/a	n/a	n/a
1254.594	0	627297	standard_tone	sapo_emerge	standard	n/a	n/a	n/a	n/a	n/a
1254.778	0	627389	clicker_press	sapo_emerge	response-received-arrow_up	n/a	n/a	n/a	n/a	arrow_up
1254.794	0	627397	report_window_begin	sapo_emerge	emerge-sapo-emerge-begin	n/a	n/a	n/a	n/a	n/a
1255.094	0	627547	clicker_press	sapo_emerge	response-received-arrow_up	n/a	n/a	n/a	n/a	arrow_up
1255.544	0	627772	clicker_press	sapo_emerge	response-received-arrow_up	n/a	n/a	n/a	n/a	arrow_up
1258.808	0	629404	depth_rating	sapo_emerge	rating-sapo-emerge-meditation_depth-3	3	n/a	n/a	n/a	n/a
1264.604	0	632302	clicker_press	sapo_emerge	response-received-arrow_up	n/a	n/a	n/a	n/a	arrow_up
1264.902	0	632451	clicker_press	sapo_emerge	response-received-arrow_up	n/a	n/a	n/a	n/a	arrow_up
1265.302	0	632651	clicker_press	sapo_emerge	response-received-arrow_up	n/a	n/a	n/a	n/a	arrow_up
1265.802	0	632901	clicker_press	sapo_emerge	response-received-arrow_up	n/a	n/a	n/a	n/a	arrow_up
1266.352	0	633176	clicker_press	sapo_emerge	response-received-arrow_up	n/a	n/a	n/a	n/a	arrow_up
1268.836	0	634418	confidence_rating	sapo_emerge	rating-sapo-emerge-confidence_depth-5	n/a	5	n/a	n/a	n/a
1272.296	0	636148	report_window_end	sapo_emerge	emerge-sapo-emerge-end	n/a	n/a	n/a	n/a	n/a
1272.296	0	636148	subblock_begin	sapo_emerge	subblock-begin	n/a	n/a	n/a	n/a	n/a
1272.296	0	636148	silence_begin	sapo_emerge	silence-begin	n/a	n/a	n/a	n/a	n/a
1272.312	0	636156	standard_tone	sapo_emerge	standard	n/a	n/a	n/a	n/a	n/a
1273.328	0	636664	standard_tone	sapo_emerge	standard	n/a	n/a	n/a	n/a	n/a
1274.328	0	637164	standard_tone	sapo_emerge	standard	n/a	n/a	n/a	n/a	n/a
1275.344	0	637672	standard_tone	sapo_emerge	standard	n/a	n/a	n/a	n/a	n/a
1276.358	0	638179	standard_tone	sapo_emerge	standard	n/a	n/a	n/a	n/a	n/a
1277.376	0	638688	standard_tone	sapo_emerge	standard	n/a	n/a	n/a	n/a	n/a
1278.392	0	639196	standard_tone	sapo_emerge	standard	n/a	n/a	n/a	n/a	n/a
1279.406	0	639703	oddball_tone	sapo_emerge	oddball	n/a	n/a	n/a	n/a	n/a
1280.422	0	640211	standard_tone	sapo_emerge	standard	n/a	n/a	n/a	n/a	n/a
1281.438	0	640719	standard_tone	sapo_emerge	standard	n/a	n/a	n/a	n/a	n/a
1282.454	0	641227	standard_tone	sapo_emerge	standard	n/a	n/a	n/a	n/a	n/a
1283.470	0	641735	standard_tone	sapo_emerge	standard	n/a	n/a	n/a	n/a	n/a
1284.486	0	642243	standard_tone	sapo_emerge	standard	n/a	n/a	n/a	n/a	n/a
1285.502	0	642751	standard_tone	sapo_emerge	standard	n/a	n/a	n/a	n/a	n/a
1286.518	0	643259	standard_tone	sapo_emerge	standard	n/a	n/a	n/a	n/a	n/a
1287.534	0	643767	distractor_noise	sapo_emerge	distractor	n/a	n/a	n/a	n/a	n/a
1288.534	0	644267	standard_tone	sapo_emerge	standard	n/a	n/a	n/a	n/a	n/a
1289.548	0	644774	oddball_tone	sapo_emerge	oddball	n/a	n/a	n/a	n/a	n/a
1290.564	0	645282	standard_tone	sapo_emerge	standard	n/a	n/a	n/a	n/a	n/a
1291.580	0	645790	oddball_tone	sapo_emerge	oddball	n/a	n/a	n/a	n/a	n/a
1292.596	0	646298	standard_tone	sapo_emerge	standard	n/a	n/a	n/a	n/a	n/a
1293.612	0	646806	standard_tone	sapo_emerge	standard	n/a	n/a	n/a	n/a	n/a
1294.628	0	647314	standard_tone	sapo_emerge	standard	n/a	n/a	n/a	n/a	n/a
1295.644	0	647822	standard_tone	sapo_emerge	standard	n/a	n/a	n/a	n/a	n/a
1296.660	0	648330	standard_tone	sapo_emerge	standard	n/a	n/a	n/a	n/a	n/a
1297.676	0	648838	standard_tone	sapo_emerge	standard	n/a	n/a	n/a	n/a	n/a
1298.692	0	649346	standard_tone	sapo_emerge	standard	n/a	n/a	n/a	n/a	n/a
1299.706	0	649853	standard_tone	sapo_emerge	standard	n/a	n/a	n/a	n/a	n/a
1300.722	0	650361	standard_tone	sapo_emerge	standard	n/a	n/a	n/a	n/a	n/a
1301.738	0	650869	standard_tone	sapo_emerge	standard	n/a	n/a	n/a	n/a	n/a
1302.754	0	651377	oddball_tone	sapo_emerge	oddball	n/a	n/a	n/a	n/a	n/a
1303.770	0	651885	standard_tone	sapo_emerge	standard	n/a	n/a	n/a	n/a	n/a
1304.786	0	652393	oddball_tone	sapo_emerge	oddball	n/a	n/a	n/a	n/a	n/a
1305.802	0	652901	standard_tone	sapo_emerge	standard	n/a	n/a	n/a	n/a	n/a
1306.818	0	653409	standard_tone	sapo_emerge	standard	n/a	n/a	n/a	n/a	n/a
1307.834	0	653917	standard_tone	sapo_emerge	standard	n/a	n/a	n/a	n/a	n/a
1308.850	0	654425	standard_tone	sapo_emerge	standard	n/a	n/a	n/a	n/a	n/a
1309.866	0	654933	standard_tone	sapo_emerge	standard	n/a	n/a	n/a	n/a	n/a
1310.880	0	655440	standard_tone	sapo_emerge	standard	n/a	n/a	n/a	n/a	n/a
1311.898	0	655949	standard_tone	sapo_emerge	standard	n/a	n/a	n/a	n/a	n/a
1312.912	0	656456	standard_tone	sapo_emerge	standard	n/a	n/a	n/a	n/a	n/a
1313.928	0	656964	standard_tone	sapo_emerge	standard	n/a	n/a	n/a	n/a	n/a
1314.928	0	657464	standard_tone	sapo_emerge	standard	n/a	n/a	n/a	n/a	n/a
1315.944	0	657972	distractor_noise	sapo_emerge	distractor	n/a	n/a	n/a	n/a	n/a
1316.960	0	658480	standard_tone	sapo_emerge	standard	n/a	n/a	n/a	n/a	n/a
1317.976	0	658988	distractor_noise	sapo_emerge	distractor	n/a	n/a	n/a	n/a	n/a
1318.992	0	659496	standard_tone	sapo_emerge	standard	n/a	n/a	n/a	n/a	n/a
1320.006	0	660003	standard_tone	sapo_emerge	standard	n/a	n/a	n/a	n/a	n/a
1321.022	0	660511	oddball_tone	sapo_emerge	oddball	n/a	n/a	n/a	n/a	n/a
1322.038	0	661019	standard_tone	sapo_emerge	standard	n/a	n/a	n/a	n/a	n/a
1323.054	0	661527	standard_tone	sapo_emerge	standard	n/a	n/a	n/a	n/a	n/a
1324.070	0	662035	standard_tone	sapo_emerge	standard	n/a	n/a	n/a	n/a	n/a
1325.086	0	662543	standard_tone	sapo_emerge	standard	n/a	n/a	n/a	n/a	n/a
1326.086	0	663043	oddball_tone	sapo_emerge	oddball	n/a	n/a	n/a	n/a	n/a
1327.100	0	663550	standard_tone	sapo_emerge	standard	n/a	n/a	n/a	n/a	n/a
1328.116	0	664058	standard_tone	sapo_emerge	standard	n/a	n/a	n/a	n/a	n/a
1329.132	0	664566	standard_tone	sapo_emerge	standard	n/a	n/a	n/a	n/a	n/a
1330.148	0	665074	oddball_tone	sapo_emerge	oddball	n/a	n/a	n/a	n/a	n/a
1331.164	0	665582	standard_tone	sapo_emerge	standard	n/a	n/a	n/a	n/a	n/a
1332.180	0	666090	distractor_noise	sapo_emerge	distractor	n/a	n/a	n/a	n/a	n/a
1333.196	0	666598	standard_tone	sapo_emerge	standard	n/a	n/a	n/a	n/a	n/a
1334.210	0	667105	standard_tone	sapo_emerge	standard	n/a	n/a	n/a	n/a	n/a
1335.212	0	667606	standard_tone	sapo_emerge	standard	n/a	n/a	n/a	n/a	n/a
1336.226	0	668113	standard_tone	sapo_emerge	standard	n/a	n/a	n/a	n/a	n/a
1337.242	0	668621	distractor_noise	sapo_emerge	distractor	n/a	n/a	n/a	n/a	n/a
1338.242	0	669121	standard_tone	sapo_emerge	standard	n/a	n/a	n/a	n/a	n/a
1339.258	0	669629	oddball_tone	sapo_emerge	oddball	n/a	n/a	n/a	n/a	n/a
1340.274	0	670137	standard_tone	sapo_emerge	standard	n/a	n/a	n/a	n/a	n/a
1341.290	0	670645	standard_tone	sapo_emerge	standard	n/a	n/a	n/a	n/a	n/a
1342.306	0	671153	standard_tone	sapo_emerge	standard	n/a	n/a	n/a	n/a	n/a
1343.320	0	671660	standard_tone	sapo_emerge	standard	n/a	n/a	n/a	n/a	n/a
1344.336	0	672168	oddball_tone	sapo_emerge	oddball	n/a	n/a	n/a	n/a	n/a
1345.352	0	672676	standard_tone	sapo_emerge	standard	n/a	n/a	n/a	n/a	n/a
1346.368	0	673184	standard_tone	sapo_emerge	standard	n/a	n/a	n/a	n/a	n/a
1347.384	0	673692	oddball_tone	sapo_emerge	oddball	n/a	n/a	n/a	n/a	n/a
1348.400	0	674200	standard_tone	sapo_emerge	standard	n/a	n/a	n/a	n/a	n/a
1348.434	0	674217	clicker_press	sapo_emerge	response-received-arrow_up	n/a	n/a	n/a	n/a	arrow_up
1348.452	0	674226	report_window_begin	sapo_emerge	emerge-sapo-emerge-begin	n/a	n/a	n/a	n/a	n/a
1348.700	0	674350	clicker_press	sapo_emerge	response-received-arrow_up	n/a	n/a	n/a	n/a	arrow_up
1349.164	0	674582	clicker_press	sapo_emerge	response-received-arrow_up	n/a	n/a	n/a	n/a	arrow_up
1349.766	0	674883	clicker_press	sapo_emerge	response-received-arrow_up	n/a	n/a	n/a	n/a	arrow_up
1352.464	0	676232	depth_rating	sapo_emerge	rating-sapo-emerge-meditation_depth-4	4	n/a	n/a	n/a	n/a
1358.660	0	679330	clicker_press	sapo_emerge	response-received-arrow_up	n/a	n/a	n/a	n/a	arrow_up
1358.908	0	679454	clicker_press	sapo_emerge	response-received-arrow_up	n/a	n/a	n/a	n/a	arrow_up
1359.492	0	679746	clicker_press	sapo_emerge	response-received-arrow_up	n/a	n/a	n/a	n/a	arrow_up
1360.190	0	680095	clicker_press	sapo_emerge	response-received-arrow_up	n/a	n/a	n/a	n/a	arrow_up
1361.156	0	680578	clicker_press	sapo_emerge	response-received-arrow_up	n/a	n/a	n/a	n/a	arrow_up
1362.522	0	681261	confidence_rating	sapo_emerge	rating-sapo-emerge-confidence_depth-5	n/a	5	n/a	n/a	n/a
1366.002	0	683001	report_window_end	sapo_emerge	emerge-sapo-emerge-end	n/a	n/a	n/a	n/a	n/a
1366.004	0	683002	subblock_begin	sapo_emerge	subblock-begin	n/a	n/a	n/a	n/a	n/a
1366.004	0	683002	silence_begin	sapo_emerge	silence-begin	n/a	n/a	n/a	n/a	n/a
1366.018	0	683009	standard_tone	sapo_emerge	standard	n/a	n/a	n/a	n/a	n/a
1367.034	0	683517	standard_tone	sapo_emerge	standard	n/a	n/a	n/a	n/a	n/a
1368.034	0	684017	standard_tone	sapo_emerge	standard	n/a	n/a	n/a	n/a	n/a
1369.050	0	684525	standard_tone	sapo_emerge	standard	n/a	n/a	n/a	n/a	n/a
1370.066	0	685033	standard_tone	sapo_emerge	standard	n/a	n/a	n/a	n/a	n/a
1371.082	0	685541	standard_tone	sapo_emerge	standard	n/a	n/a	n/a	n/a	n/a
1372.096	0	686048	standard_tone	sapo_emerge	standard	n/a	n/a	n/a	n/a	n/a
1373.096	0	686548	standard_tone	sapo_emerge	standard	n/a	n/a	n/a	n/a	n/a
1374.096	0	687048	standard_tone	sapo_emerge	standard	n/a	n/a	n/a	n/a	n/a
1375.112	0	687556	standard_tone	sapo_emerge	standard	n/a	n/a	n/a	n/a	n/a
1376.126	0	688063	standard_tone	sapo_emerge	standard	n/a	n/a	n/a	n/a	n/a
1377.142	0	688571	standard_tone	sapo_emerge	standard	n/a	n/a	n/a	n/a	n/a
1378.158	0	689079	standard_tone	sapo_emerge	standard	n/a	n/a	n/a	n/a	n/a
1379.174	0	689587	standard_tone	sapo_emerge	standard	n/a	n/a	n/a	n/a	n/a
1380.190	0	690095	standard_tone	sapo_emerge	standard	n/a	n/a	n/a	n/a	n/a
1381.206	0	690603	standard_tone	sapo_emerge	standard	n/a	n/a	n/a	n/a	n/a
1382.222	0	691111	distractor_noise	sapo_emerge	distractor	n/a	n/a	n/a	n/a	n/a
1383.238	0	691619	standard_tone	sapo_emerge	standard	n/a	n/a	n/a	n/a	n/a
1384.254	0	692127	distractor_noise	sapo_emerge	distractor	n/a	n/a	n/a	n/a	n/a
1385.270	0	692635	standard_tone	sapo_emerge	standard	n/a	n/a	n/a	n/a	n/a
1386.284	0	693142	standard_tone	sapo_emerge	standard	n/a	n/a	n/a	n/a	n/a
1387.302	0	693651	standard_tone	sapo_emerge	standard	n/a	n/a	n/a	n/a	n/a
1388.316	0	694158	standard_tone	sapo_emerge	standard	n/a	n/a	n/a	n/a	n/a
1389.332	0	694666	standard_tone	sapo_emerge	standard	n/a	n/a	n/a	n/a	n/a
1390.348	0	695174	oddball_tone	sapo_emerge	oddball	n/a	n/a	n/a	n/a	n/a
1391.364	0	695682	standard_tone	sapo_emerge	standard	n/a	n/a	n/a	n/a	n/a
1392.364	0	696182	standard_tone	sapo_emerge	standard	n/a	n/a	n/a	n/a	n/a
1393.380	0	696690	standard_tone	sapo_emerge	standard	n/a	n/a	n/a	n/a	n/a
1394.396	0	697198	oddball_tone	sapo_emerge	oddball	n/a	n/a	n/a	n/a	n/a
1395.412	0	697706	distractor_noise	sapo_emerge	distractor	n/a	n/a	n/a	n/a	n/a
1396.426	0	698213	standard_tone	sapo_emerge	standard	n/a	n/a	n/a	n/a	n/a
1397.442	0	698721	standard_tone	sapo_emerge	standard	n/a	n/a	n/a	n/a	n/a
1398.458	0	699229	standard_tone	sapo_emerge	standard	n/a	n/a	n/a	n/a	n/a
1399.476	0	699738	distractor_noise	sapo_emerge	distractor	n/a	n/a	n/a	n/a	n/a
1400.490	0	700245	standard_tone	sapo_emerge	standard	n/a	n/a	n/a	n/a	n/a
1401.506	0	700753	standard_tone	sapo_emerge	standard	n/a	n/a	n/a	n/a	n/a
1402.522	0	701261	standard_tone	sapo_emerge	standard	n/a	n/a	n/a	n/a	n/a
1403.538	0	701769	standard_tone	sapo_emerge	standard	n/a	n/a	n/a	n/a	n/a
1404.554	0	702277	oddball_tone	sapo_emerge	oddball	n/a	n/a	n/a	n/a	n/a
1405.570	0	702785	standard_tone	sapo_emerge	standard	n/a	n/a	n/a	n/a	n/a
1406.586	0	703293	standard_tone	sapo_emerge	standard	n/a	n/a	n/a	n/a	n/a
1407.602	0	703801	standard_tone	sapo_emerge	standard	n/a	n/a	n/a	n/a	n/a
1408.616	0	704308	distractor_noise	sapo_emerge	distractor	n/a	n/a	n/a	n/a	n/a
1409.632	0	704816	standard_tone	sapo_emerge	standard	n/a	n/a	n/a	n/a	n/a
1410.648	0	705324	distractor_noise	sapo_emerge	distractor	n/a	n/a	n/a	n/a	n/a
1411.666	0	705833	standard_tone	sapo_emerge	standard	n/a	n/a	n/a	n/a	n/a
1412.680	0	706340	standard_tone	sapo_emerge	standard	n/a	n/a	n/a	n/a	n/a
1413.696	0	706848	standard_tone	sapo_emerge	standard	n/a	n/a	n/a	n/a	n/a
1414.712	0	707356	standard_tone	sapo_emerge	standard	n/a	n/a	n/a	n/a	n/a
1415.728	0	707864	distractor_noise	sapo_emerge	distractor	n/a	n/a	n/a	n/a	n/a
1416.744	0	708372	standard_tone	sapo_emerge	standard	n/a	n/a	n/a	n/a	n/a
1417.760	0	708880	standard_tone	sapo_emerge	standard	n/a	n/a	n/a	n/a	n/a
1418.776	0	709388	standard_tone	sapo_emerge	standard	n/a	n/a	n/a	n/a	n/a
1419.790	0	709895	standard_tone	sapo_emerge	standard	n/a	n/a	n/a	n/a	n/a
1420.806	0	710403	standard_tone	sapo_emerge	standard	n/a	n/a	n/a	n/a	n/a
1421.806	0	710903	standard_tone	sapo_emerge	standard	n/a	n/a	n/a	n/a	n/a
1422.822	0	711411	oddball_tone	sapo_emerge	oddball	n/a	n/a	n/a	n/a	n/a
1423.836	0	711918	standard_tone	sapo_emerge	standard	n/a	n/a	n/a	n/a	n/a
1424.854	0	712427	standard_tone	sapo_emerge	standard	n/a	n/a	n/a	n/a	n/a
1425.870	0	712935	distractor_noise	sapo_emerge	distractor	n/a	n/a	n/a	n/a	n/a
1426.886	0	713443	standard_tone	sapo_emerge	standard	n/a	n/a	n/a	n/a	n/a
1427.900	0	713950	standard_tone	sapo_emerge	standard	n/a	n/a	n/a	n/a	n/a
1428.916	0	714458	standard_tone	sapo_emerge	standard	n/a	n/a	n/a	n/a	n/a
1429.932	0	714966	standard_tone	sapo_emerge	standard	n/a	n/a	n/a	n/a	n/a
1430.948	0	715474	standard_tone	sapo_emerge	standard	n/a	n/a	n/a	n/a	n/a
1431.964	0	715982	standard_tone	sapo_emerge	standard	n/a	n/a	n/a	n/a	n/a
1432.964	0	716482	distractor_noise	sapo_emerge	distractor	n/a	n/a	n/a	n/a	n/a
1433.978	0	716989	standard_tone	sapo_emerge	standard	n/a	n/a	n/a	n/a	n/a
1434.978	0	717489	standard_tone	sapo_emerge	standard	n/a	n/a	n/a	n/a	n/a
1435.994	0	717997	standard_tone	sapo_emerge	standard	n/a	n/a	n/a	n/a	n/a
1437.010	0	718505	distractor_noise	sapo_emerge	distractor	n/a	n/a	n/a	n/a	n/a
1438.026	0	719013	standard_tone	sapo_emerge	standard	n/a	n/a	n/a	n/a	n/a
1439.026	0	719513	standard_tone	sapo_emerge	standard	n/a	n/a	n/a	n/a	n/a
1440.040	0	720020	standard_tone	sapo_emerge	standard	n/a	n/a	n/a	n/a	n/a
1441.040	0	720520	standard_tone	sapo_emerge	standard	n/a	n/a	n/a	n/a	n/a
1442.056	0	721028	standard_tone	sapo_emerge	standard	n/a	n/a	n/a	n/a	n/a
1443.072	0	721536	standard_tone	sapo_emerge	standard	n/a	n/a	n/a	n/a	n/a
1444.088	0	722044	standard_tone	sapo_emerge	standard	n/a	n/a	n/a	n/a	n/a
1445.104	0	722552	standard_tone	sapo_emerge	standard	n/a	n/a	n/a	n/a	n/a
1446.120	0	723060	standard_tone	sapo_emerge	standard	n/a	n/a	n/a	n/a	n/a
1447.134	0	723567	oddball_tone	sapo_emerge	oddball	n/a	n/a	n/a	n/a	n/a
1448.134	0	724067	standard_tone	sapo_emerge	standard	n/a	n/a	n/a	n/a	n/a
1449.150	0	724575	standard_tone	sapo_emerge	standard	n/a	n/a	n/a	n/a	n/a
1450.166	0	725083	standard_tone	sapo_emerge	standard	n/a	n/a	n/a	n/a	n/a
1451.182	0	725591	standard_tone	sapo_emerge	standard	n/a	n/a	n/a	n/a	n/a
1452.198	0	726099	distractor_noise	sapo_emerge	distractor	n/a	n/a	n/a	n/a	n/a
1453.214	0	726607	standard_tone	sapo_emerge	standard	n/a	n/a	n/a	n/a	n/a
1454.212	0	727106	standard_tone	sapo_emerge	standard	n/a	n/a	n/a	n/a	n/a
1455.228	0	727614	standard_tone	sapo_emerge	standard	n/a	n/a	n/a	n/a	n/a
1456.244	0	728122	standard_tone	sapo_emerge	standard	n/a	n/a	n/a	n/a	n/a
1457.260	0	728630	standard_tone	sapo_emerge	standard	n/a	n/a	n/a	n/a	n/a
1458.276	0	729138	standard_tone	sapo_emerge	standard	n/a	n/a	n/a	n/a	n/a
1459.292	0	729646	standard_tone	sapo_emerge	standard	n/a	n/a	n/a	n/a	n/a
1460.308	0	730154	standard_tone	sapo_emerge	standard	n/a	n/a	n/a	n/a	n/a
1461.324	0	730662	standard_tone	sapo_emerge	standard	n/a	n/a	n/a	n/a	n/a
1462.338	0	731169	standard_tone	sapo_emerge	standard	n/a	n/a	n/a	n/a	n/a
1463.354	0	731677	oddball_tone	sapo_emerge	oddball	n/a	n/a	n/a	n/a	n/a
1464.370	0	732185	standard_tone	sapo_emerge	standard	n/a	n/a	n/a	n/a	n/a
1465.388	0	732694	standard_tone	sapo_emerge	standard	n/a	n/a	n/a	n/a	n/a
1466.402	0	733201	standard_tone	sapo_emerge	standard	n/a	n/a	n/a	n/a	n/a
1467.418	0	733709	standard_tone	sapo_emerge	standard	n/a	n/a	n/a	n/a	n/a
1468.434	0	734217	standard_tone	sapo_emerge	standard	n/a	n/a	n/a	n/a	n/a
1469.450	0	734725	standard_tone	sapo_emerge	standard	n/a	n/a	n/a	n/a	n/a
1470.466	0	735233	standard_tone	sapo_emerge	standard	n/a	n/a	n/a	n/a	n/a
1471.482	0	735741	oddball_tone	sapo_emerge	oddball	n/a	n/a	n/a	n/a	n/a
1472.498	0	736249	standard_tone	sapo_emerge	standard	n/a	n/a	n/a	n/a	n/a
1473.514	0	736757	standard_tone	sapo_emerge	standard	n/a	n/a	n/a	n/a	n/a
1474.530	0	737265	standard_tone	sapo_emerge	standard	n/a	n/a	n/a	n/a	n/a
1475.544	0	737772	standard_tone	sapo_emerge	standard	n/a	n/a	n/a	n/a	n/a
1476.560	0	738280	standard_tone	sapo_emerge	standard	n/a	n/a	n/a	n/a	n/a
1477.576	0	738788	distractor_noise	sapo_emerge	distractor	n/a	n/a	n/a	n/a	n/a
1478.592	0	739296	standard_tone	sapo_emerge	standard	n/a	n/a	n/a	n/a	n/a
1479.608	0	739804	standard_tone	sapo_emerge	standard	n/a	n/a	n/a	n/a	n/a
1480.606	0	740303	standard_tone	sapo_emerge	standard	n/a	n/a	n/a	n/a	n/a
1481.624	0	740812	distractor_noise	sapo_emerge	distractor	n/a	n/a	n/a	n/a	n/a
1482.640	0	741320	standard_tone	sapo_emerge	standard	n/a	n/a	n/a	n/a	n/a
1483.538	0	741769	silence_end	sapo_emerge	silence-end	n/a	n/a	n/a	n/a	n/a
1483.554	0	741777	gong_begin	sapo_emerge	gong-begin	n/a	n/a	n/a	n/a	n/a
1483.650	0	741825	standard_tone	sapo_emerge	standard	n/a	n/a	n/a	n/a	n/a
1484.654	0	742327	standard_tone	sapo_emerge	standard	n/a	n/a	n/a	n/a	n/a
1485.654	0	742827	standard_tone	sapo_emerge	standard	n/a	n/a	n/a	n/a	n/a
1486.668	0	743334	standard_tone	sapo_emerge	standard	n/a	n/a	n/a	n/a	n/a
1487.668	0	743834	standard_tone	sapo_emerge	standard	n/a	n/a	n/a	n/a	n/a
1488.684	0	744342	standard_tone	sapo_emerge	standard	n/a	n/a	n/a	n/a	n/a
1489.700	0	744850	standard_tone	sapo_emerge	standard	n/a	n/a	n/a	n/a	n/a
1490.716	0	745358	standard_tone	sapo_emerge	standard	n/a	n/a	n/a	n/a	n/a
1491.732	0	745866	standard_tone	sapo_emerge	standard	n/a	n/a	n/a	n/a	n/a
1492.748	0	746374	standard_tone	sapo_emerge	standard	n/a	n/a	n/a	n/a	n/a
1493.596	0	746798	gong_end	sapo_emerge	gong-end	n/a	n/a	n/a	n/a	n/a
1493.598	0	746799	subblock_end	sapo_emerge	subblock-end-duration-127.595	n/a	n/a	n/a	127.595	n/a
1493.598	0	746799	subblock_begin	sapo_emerge	subblock-begin	n/a	n/a	n/a	n/a	n/a
1493.598	0	746799	silence_begin	sapo_emerge	silence-begin	n/a	n/a	n/a	n/a	n/a
1493.762	0	746881	standard_tone	sapo_emerge	standard	n/a	n/a	n/a	n/a	n/a
1494.780	0	747390	standard_tone	sapo_emerge	standard	n/a	n/a	n/a	n/a	n/a
1495.794	0	747897	oddball_tone	sapo_emerge	oddball	n/a	n/a	n/a	n/a	n/a
1496.810	0	748405	standard_tone	sapo_emerge	standard	n/a	n/a	n/a	n/a	n/a
1497.810	0	748905	oddball_tone	sapo_emerge	oddball	n/a	n/a	n/a	n/a	n/a
1498.826	0	749413	standard_tone	sapo_emerge	standard	n/a	n/a	n/a	n/a	n/a
1499.842	0	749921	standard_tone	sapo_emerge	standard	n/a	n/a	n/a	n/a	n/a
1500.856	0	750428	standard_tone	sapo_emerge	standard	n/a	n/a	n/a	n/a	n/a
1501.874	0	750937	standard_tone	sapo_emerge	standard	n/a	n/a	n/a	n/a	n/a
1502.888	0	751444	standard_tone	sapo_emerge	standard	n/a	n/a	n/a	n/a	n/a
1503.904	0	751952	standard_tone	sapo_emerge	standard	n/a	n/a	n/a	n/a	n/a
1504.920	0	752460	standard_tone	sapo_emerge	standard	n/a	n/a	n/a	n/a	n/a
1505.936	0	752968	standard_tone	sapo_emerge	standard	n/a	n/a	n/a	n/a	n/a
1506.952	0	753476	standard_tone	sapo_emerge	standard	n/a	n/a	n/a	n/a	n/a
1507.968	0	753984	oddball_tone	sapo_emerge	oddball	n/a	n/a	n/a	n/a	n/a
1508.984	0	754492	standard_tone	sapo_emerge	standard	n/a	n/a	n/a	n/a	n/a
1509.982	0	754991	distractor_noise	sapo_emerge	distractor	n/a	n/a	n/a	n/a	n/a
1510.998	0	755499	standard_tone	sapo_emerge	standard	n/a	n/a	n/a	n/a	n/a
1512.014	0	756007	standard_tone	sapo_emerge	standard	n/a	n/a	n/a	n/a	n/a
1513.014	0	756507	distractor_noise	sapo_emerge	distractor	n/a	n/a	n/a	n/a	n/a
1514.030	0	757015	standard_tone	sapo_emerge	standard	n/a	n/a	n/a	n/a	n/a
1515.046	0	757523	standard_tone	sapo_emerge	standard	n/a	n/a	n/a	n/a	n/a
1516.062	0	758031	standard_tone	sapo_emerge	standard	n/a	n/a	n/a	n/a	n/a
1517.062	0	758531	standard_tone	sapo_emerge	standard	n/a	n/a	n/a	n/a	n/a
1518.076	0	759038	standard_tone	sapo_emerge	standard	n/a	n/a	n/a	n/a	n/a
1519.092	0	759546	distractor_noise	sapo_emerge	distractor	n/a	n/a	n/a	n/a	n/a
1520.108	0	760054	standard_tone	sapo_emerge	standard	n/a	n/a	n/a	n/a	n/a
1521.124	0	760562	distractor_noise	sapo_emerge	distractor	n/a	n/a	n/a	n/a	n/a
1522.140	0	761070	standard_tone	sapo_emerge	standard	n/a	n/a	n/a	n/a	n/a
1523.156	0	761578	standard_tone	sapo_emerge	standard	n/a	n/a	n/a	n/a	n/a
1524.170	0	762085	oddball_tone	sapo_emerge	oddball	n/a	n/a	n/a	n/a	n/a
1525.186	0	762593	standard_tone	sapo_emerge	standard	n/a	n/a	n/a	n/a	n/a
1526.202	0	763101	oddball_tone	sapo_emerge	oddball	n/a	n/a	n/a	n/a	n/a
1527.218	0	763609	standard_tone	sapo_emerge	standard	n/a	n/a	n/a	n/a	n/a
1528.234	0	764117	standard_tone	sapo_emerge	standard	n/a	n/a	n/a	n/a	n/a
1529.250	0	764625	oddball_tone	sapo_emerge	oddball	n/a	n/a	n/a	n/a	n/a
1530.266	0	765133	standard_tone	sapo_emerge	standard	n/a	n/a	n/a	n/a	n/a
1531.282	0	765641	standard_tone	sapo_emerge	standard	n/a	n/a	n/a	n/a	n/a
1532.282	0	766141	standard_tone	sapo_emerge	standard	n/a	n/a	n/a	n/a	n/a
1533.296	0	766648	standard_tone	sapo_emerge	standard	n/a	n/a	n/a	n/a	n/a
1534.312	0	767156	standard_tone	sapo_emerge	standard	n/a	n/a	n/a	n/a	n/a
1535.328	0	767664	standard_tone	sapo_emerge	standard	n/a	n/a	n/a	n/a	n/a
1536.344	0	768172	standard_tone	sapo_emerge	standard	n/a	n/a	n/a	n/a	n/a
1537.360	0	768680	standard_tone	sapo_emerge	standard	n/a	n/a	n/a	n/a	n/a
1538.376	0	769188	standard_tone	sapo_emerge	standard	n/a	n/a	n/a	n/a	n/a
1539.376	0	769688	standard_tone	sapo_emerge	standard	n/a	n/a	n/a	n/a	n/a
1540.390	0	770195	standard_tone	sapo_emerge	standard	n/a	n/a	n/a	n/a	n/a
1541.406	0	770703	standard_tone	sapo_emerge	standard	n/a	n/a	n/a	n/a	n/a
1542.422	0	771211	standard_tone	sapo_emerge	standard	n/a	n/a	n/a	n/a	n/a
1543.438	0	771719	standard_tone	sapo_emerge	standard	n/a	n/a	n/a	n/a	n/a
1544.454	0	772227	standard_tone	sapo_emerge	standard	n/a	n/a	n/a	n/a	n/a
1545.470	0	772735	standard_tone	sapo_emerge	standard	n/a	n/a	n/a	n/a	n/a
1546.486	0	773243	standard_tone	sapo_emerge	standard	n/a	n/a	n/a	n/a	n/a
1547.502	0	773751	standard_tone	sapo_emerge	standard	n/a	n/a	n/a	n/a	n/a
1548.518	0	774259	standard_tone	sapo_emerge	standard	n/a	n/a	n/a	n/a	n/a
1549.534	0	774767	distractor_noise	sapo_emerge	distractor	n/a	n/a	n/a	n/a	n/a
1550.550	0	775275	standard_tone	sapo_emerge	standard	n/a	n/a	n/a	n/a	n/a
1551.564	0	775782	distractor_noise	sapo_emerge	distractor	n/a	n/a	n/a	n/a	n/a
1552.580	0	776290	oddball_tone	sapo_emerge	oddball	n/a	n/a	n/a	n/a	n/a
1553.596	0	776798	standard_tone	sapo_emerge	standard	n/a	n/a	n/a	n/a	n/a
1554.612	0	777306	standard_tone	sapo_emerge	standard	n/a	n/a	n/a	n/a	n/a
1555.628	0	777814	standard_tone	sapo_emerge	standard	n/a	n/a	n/a	n/a	n/a
1556.644	0	778322	standard_tone	sapo_emerge	standard	n/a	n/a	n/a	n/a	n/a
1557.660	0	778830	standard_tone	sapo_emerge	standard	n/a	n/a	n/a	n/a	n/a
1558.676	0	779338	standard_tone	sapo_emerge	standard	n/a	n/a	n/a	n/a	n/a
1559.692	0	779846	standard_tone	sapo_emerge	standard	n/a	n/a	n/a	n/a	n/a
1560.708	0	780354	distractor_noise	sapo_emerge	distractor	n/a	n/a	n/a	n/a	n/a
1561.724	0	780862	standard_tone	sapo_emerge	standard	n/a	n/a	n/a	n/a	n/a
1562.740	0	781370	standard_tone	sapo_emerge	standard	n/a	n/a	n/a	n/a	n/a
1563.756	0	781878	standard_tone	sapo_emerge	standard	n/a	n/a	n/a	n/a	n/a
1564.770	0	782385	standard_tone	sapo_emerge	standard	n/a	n/a	n/a	n/a	n/a
1565.786	0	782893	standard_tone	sapo_emerge	standard	n/a	n/a	n/a	n/a	n/a
1566.802	0	783401	distractor_noise	sapo_emerge	distractor	n/a	n/a	n/a	n/a	n/a
1567.818	0	783909	standard_tone	sapo_emerge	standard	n/a	n/a	n/a	n/a	n/a
1568.834	0	784417	standard_tone	sapo_emerge	standard	n/a	n/a	n/a	n/a	n/a
1569.850	0	784925	standard_tone	sapo_emerge	standard	n/a	n/a	n/a	n/a	n/a
1570.866	0	785433	standard_tone	sapo_emerge	standard	n/a	n/a	n/a	n/a	n/a
1571.882	0	785941	standard_tone	sapo_emerge	standard	n/a	n/a	n/a	n/a	n/a
1572.898	0	786449	standard_tone	sapo_emerge	standard	n/a	n/a	n/a	n/a	n/a
1573.896	0	786948	standard_tone	sapo_emerge	standard	n/a	n/a	n/a	n/a	n/a
1574.912	0	787456	standard_tone	sapo_emerge	standard	n/a	n/a	n/a	n/a	n/a
1575.912	0	787956	standard_tone	sapo_emerge	standard	n/a	n/a	n/a	n/a	n/a
1576.928	0	788464	distractor_noise	sapo_emerge	distractor	n/a	n/a	n/a	n/a	n/a
1577.944	0	788972	standard_tone	sapo_emerge	standard	n/a	n/a	n/a	n/a	n/a
1578.960	0	789480	standard_tone	sapo_emerge	standard	n/a	n/a	n/a	n/a	n/a
1579.974	0	789987	standard_tone	sapo_emerge	standard	n/a	n/a	n/a	n/a	n/a
1580.990	0	790495	standard_tone	sapo_emerge	standard	n/a	n/a	n/a	n/a	n/a
1582.006	0	791003	standard_tone	sapo_emerge	standard	n/a	n/a	n/a	n/a	n/a
1583.022	0	791511	standard_tone	sapo_emerge	standard	n/a	n/a	n/a	n/a	n/a
1584.038	0	792019	standard_tone	sapo_emerge	standard	n/a	n/a	n/a	n/a	n/a
1585.054	0	792527	standard_tone	sapo_emerge	standard	n/a	n/a	n/a	n/a	n/a
1586.070	0	793035	standard_tone	sapo_emerge	standard	n/a	n/a	n/a	n/a	n/a
1587.086	0	793543	standard_tone	sapo_emerge	standard	n/a	n/a	n/a	n/a	n/a
1588.084	0	794042	standard_tone	sapo_emerge	standard	n/a	n/a	n/a	n/a	n/a
1589.100	0	794550	standard_tone	sapo_emerge	standard	n/a	n/a	n/a	n/a	n/a
1590.116	0	795058	standard_tone	sapo_emerge	standard	n/a	n/a	n/a	n/a	n/a
1591.132	0	795566	standard_tone	sapo_emerge	standard	n/a	n/a	n/a	n/a	n/a
1592.148	0	796074	distractor_noise	sapo_emerge	distractor	n/a	n/a	n/a	n/a	n/a
1593.164	0	796582	standard_tone	sapo_emerge	standard	n/a	n/a	n/a	n/a	n/a
1594.180	0	797090	standard_tone	sapo_emerge	standard	n/a	n/a	n/a	n/a	n/a
1595.196	0	797598	standard_tone	sapo_emerge	standard	n/a	n/a	n/a	n/a	n/a
1596.212	0	798106	standard_tone	sapo_emerge	standard	n/a	n/a	n/a	n/a	n/a
1597.228	0	798614	standard_tone	sapo_emerge	standard	n/a	n/a	n/a	n/a	n/a
1598.242	0	799121	standard_tone	sapo_emerge	standard	n/a	n/a	n/a	n/a	n/a
1599.242	0	799621	standard_tone	sapo_emerge	standard	n/a	n/a	n/a	n/a	n/a
1600.258	0	800129	standard_tone	sapo_emerge	standard	n/a	n/a	n/a	n/a	n/a
1601.274	0	800637	standard_tone	sapo_emerge	standard	n/a	n/a	n/a	n/a	n/a
1602.290	0	801145	standard_tone	sapo_emerge	standard	n/a	n/a	n/a	n/a	n/a
1603.106	0	801553	silence_end	sapo_emerge	silence-end	n/a	n/a	n/a	n/a	n/a
1603.122	0	801561	gong_begin	sapo_emerge	gong-begin	n/a	n/a	n/a	n/a	n/a
1603.306	0	801653	standard_tone	sapo_emerge	standard	n/a	n/a	n/a	n/a	n/a
1604.322	0	802161	oddball_tone	sapo_emerge	oddball	n/a	n/a	n/a	n/a	n/a
1605.338	0	802669	standard_tone	sapo_emerge	standard	n/a	n/a	n/a	n/a	n/a
1606.354	0	803177	standard_tone	sapo_emerge	standard	n/a	n/a	n/a	n/a	n/a
1607.370	0	803685	standard_tone	sapo_emerge	standard	n/a	n/a	n/a	n/a	n/a
1608.384	0	804192	standard_tone	sapo_emerge	standard	n/a	n/a	n/a	n/a	n/a
1609.384	0	804692	standard_tone	sapo_emerge	standard	n/a	n/a	n/a	n/a	n/a
1610.400	0	805200	standard_tone	sapo_emerge	standard	n/a	n/a	n/a	n/a	n/a
1611.416	0	805708	standard_tone	sapo_emerge	standard	n/a	n/a	n/a	n/a	n/a
1612.432	0	806216	standard_tone	sapo_emerge	standard	n/a	n/a	n/a	n/a	n/a
1613.130	0	806565	gong_end	sapo_emerge	gong-end	n/a	n/a	n/a	n/a	n/a
1613.132	0	806566	subblock_end	sapo_emerge	subblock-end-duration-119.534	n/a	n/a	n/a	119.534	n/a
1613.132	0	806566	subblock_begin	sapo_emerge	subblock-begin	n/a	n/a	n/a	n/a	n/a
1613.132	0	806566	silence_begin	sapo_emerge	silence-begin	n/a	n/a	n/a	n/a	n/a
1613.446	0	806723	standard_tone	sapo_emerge	standard	n/a	n/a	n/a	n/a	n/a
1614.448	0	807224	oddball_tone	sapo_emerge	oddball	n/a	n/a	n/a	n/a	n/a
1615.462	0	807731	standard_tone	sapo_emerge	standard	n/a	n/a	n/a	n/a	n/a
1616.478	0	808239	standard_tone	sapo_emerge	standard	n/a	n/a	n/a	n/a	n/a
1617.494	0	808747	standard_tone	sapo_emerge	standard	n/a	n/a	n/a	n/a	n/a
1618.510	0	809255	standard_tone	sapo_emerge	standard	n/a	n/a	n/a	n/a	n/a
1619.526	0	809763	standard_tone	sapo_emerge	standard	n/a	n/a	n/a	n/a	n/a
1620.540	0	810270	standard_tone	sapo_emerge	standard	n/a	n/a	n/a	n/a	n/a
1621.540	0	810770	standard_tone	sapo_emerge	standard	n/a	n/a	n/a	n/a	n/a
1622.556	0	811278	distractor_noise	sapo_emerge	distractor	n/a	n/a	n/a	n/a	n/a
1623.572	0	811786	oddball_tone	sapo_emerge	oddball	n/a	n/a	n/a	n/a	n/a
1624.588	0	812294	standard_tone	sapo_emerge	standard	n/a	n/a	n/a	n/a	n/a
1625.604	0	812802	distractor_noise	sapo_emerge	distractor	n/a	n/a	n/a	n/a	n/a
1626.620	0	813310	standard_tone	sapo_emerge	standard	n/a	n/a	n/a	n/a	n/a
1627.604	0	813802	clicker_press	sapo_emerge	response-received-arrow_up	n/a	n/a	n/a	n/a	arrow_up
1627.668	0	813834	report_window_begin	sapo_emerge	emerge-sapo-emerge-begin	n/a	n/a	n/a	n/a	n/a
1628.068	0	814034	clicker_press	sapo_emerge	response-received-arrow_up	n/a	n/a	n/a	n/a	arrow_up
1628.784	0	814392	clicker_press	sapo_emerge	response-received-arrow_up	n/a	n/a	n/a	n/a	arrow_up
1630.084	0	815042	clicker_press	sapo_emerge	response-received-arrow_up	n/a	n/a	n/a	n/a	arrow_up
1631.700	0	815850	depth_rating	sapo_emerge	rating-sapo-emerge-meditation_depth-4	4	n/a	n/a	n/a	n/a
1637.928	0	818964	clicker_press	sapo_emerge	response-received-arrow_up	n/a	n/a	n/a	n/a	arrow_up
1638.510	0	819255	clicker_press	sapo_emerge	response-received-arrow_up	n/a	n/a	n/a	n/a	arrow_up
1639.144	0	819572	clicker_press	sapo_emerge	response-received-arrow_up	n/a	n/a	n/a	n/a	arrow_up
1640.042	0	820021	clicker_press	sapo_emerge	response-received-arrow_up	n/a	n/a	n/a	n/a	arrow_up
1641.758	0	820879	confidence_rating	sapo_emerge	rating-sapo-emerge-confidence_depth-4	n/a	4	n/a	n/a	n/a
1645.204	0	822602	report_window_end	sapo_emerge	emerge-sapo-emerge-end	n/a	n/a	n/a	n/a	n/a
1645.206	0	822603	subblock_begin	sapo_emerge	subblock-begin	n/a	n/a	n/a	n/a	n/a
1645.206	0	822603	silence_begin	sapo_emerge	silence-begin	n/a	n/a	n/a	n/a	n/a
1645.206	0	822603	standard_tone	sapo_emerge	standard	n/a	n/a	n/a	n/a	n/a
1646.220	0	823110	standard_tone	sapo_emerge	standard	n/a	n/a	n/a	n/a	n/a
1647.236	0	823618	standard_tone	sapo_emerge	standard	n/a	n/a	n/a	n/a	n/a
1648.252	0	824126	distractor_noise	sapo_emerge	distractor	n/a	n/a	n/a	n/a	n/a
1649.268	0	824634	oddball_tone	sapo_emerge	oddball	n/a	n/a	n/a	n/a	n/a
1650.282	0	825141	standard_tone	sapo_emerge	standard	n/a	n/a	n/a	n/a	n/a
1651.282	0	825641	standard_tone	sapo_emerge	standard	n/a	n/a	n/a	n/a	n/a
1652.298	0	826149	standard_tone	sapo_emerge	standard	n/a	n/a	n/a	n/a	n/a
1653.314	0	826657	standard_tone	sapo_emerge	standard	n/a	n/a	n/a	n/a	n/a
1654.330	0	827165	standard_tone	sapo_emerge	standard	n/a	n/a	n/a	n/a	n/a
1655.330	0	827665	standard_tone	sapo_emerge	standard	n/a	n/a	n/a	n/a	n/a
1656.344	0	828172	distractor_noise	sapo_emerge	distractor	n/a	n/a	n/a	n/a	n/a
1657.360	0	828680	standard_tone	sapo_emerge	standard	n/a	n/a	n/a	n/a	n/a
1658.376	0	829188	oddball_tone	sapo_emerge	oddball	n/a	n/a	n/a	n/a	n/a
1659.392	0	829696	standard_tone	sapo_emerge	standard	n/a	n/a	n/a	n/a	n/a
1660.408	0	830204	standard_tone	sapo_emerge	standard	n/a	n/a	n/a	n/a	n/a
1661.424	0	830712	standard_tone	sapo_emerge	standard	n/a	n/a	n/a	n/a	n/a
1662.440	0	831220	standard_tone	sapo_emerge	standard	n/a	n/a	n/a	n/a	n/a
1663.456	0	831728	standard_tone	sapo_emerge	standard	n/a	n/a	n/a	n/a	n/a
1664.472	0	832236	standard_tone	sapo_emerge	standard	n/a	n/a	n/a	n/a	n/a
1665.488	0	832744	standard_tone	sapo_emerge	standard	n/a	n/a	n/a	n/a	n/a
1666.504	0	833252	standard_tone	sapo_emerge	standard	n/a	n/a	n/a	n/a	n/a
1667.520	0	833760	standard_tone	sapo_emerge	standard	n/a	n/a	n/a	n/a	n/a
1668.534	0	834267	standard_tone	sapo_emerge	standard	n/a	n/a	n/a	n/a	n/a
1669.550	0	834775	distractor_noise	sapo_emerge	distractor	n/a	n/a	n/a	n/a	n/a
1670.566	0	835283	standard_tone	sapo_emerge	standard	n/a	n/a	n/a	n/a	n/a
1671.582	0	835791	standard_tone	sapo_emerge	standard	n/a	n/a	n/a	n/a	n/a
1672.598	0	836299	standard_tone	sapo_emerge	standard	n/a	n/a	n/a	n/a	n/a
1673.598	0	836799	distractor_noise	sapo_emerge	distractor	n/a	n/a	n/a	n/a	n/a
1674.614	0	837307	standard_tone	sapo_emerge	standard	n/a	n/a	n/a	n/a	n/a
1675.630	0	837815	standard_tone	sapo_emerge	standard	n/a	n/a	n/a	n/a	n/a
1676.646	0	838323	standard_tone	sapo_emerge	standard	n/a	n/a	n/a	n/a	n/a
1677.644	0	838822	distractor_noise	sapo_emerge	distractor	n/a	n/a	n/a	n/a	n/a
1678.660	0	839330	standard_tone	sapo_emerge	standard	n/a	n/a	n/a	n/a	n/a
1679.674	0	839837	distractor_noise	sapo_emerge	distractor	n/a	n/a	n/a	n/a	n/a
1680.674	0	840337	standard_tone	sapo_emerge	standard	n/a	n/a	n/a	n/a	n/a
1681.690	0	840845	distractor_noise	sapo_emerge	distractor	n/a	n/a	n/a	n/a	n/a
1682.706	0	841353	standard_tone	sapo_emerge	standard	n/a	n/a	n/a	n/a	n/a
1683.706	0	841853	oddball_tone	sapo_emerge	oddball	n/a	n/a	n/a	n/a	n/a
1684.720	0	842360	standard_tone	sapo_emerge	standard	n/a	n/a	n/a	n/a	n/a
1685.720	0	842860	standard_tone	sapo_emerge	standard	n/a	n/a	n/a	n/a	n/a
1686.736	0	843368	standard_tone	sapo_emerge	standard	n/a	n/a	n/a	n/a	n/a
1687.752	0	843876	standard_tone	sapo_emerge	standard	n/a	n/a	n/a	n/a	n/a
1688.768	0	844384	oddball_tone	sapo_emerge	oddball	n/a	n/a	n/a	n/a	n/a
1689.784	0	844892	standard_tone	sapo_emerge	standard	n/a	n/a	n/a	n/a	n/a
1690.800	0	845400	standard_tone	sapo_emerge	standard	n/a	n/a	n/a	n/a	n/a
1691.816	0	845908	distractor_noise	sapo_emerge	distractor	n/a	n/a	n/a	n/a	n/a
1692.832	0	846416	standard_tone	sapo_emerge	standard	n/a	n/a	n/a	n/a	n/a
1693.848	0	846924	distractor_noise	sapo_emerge	distractor	n/a	n/a	n/a	n/a	n/a
1694.864	0	847432	standard_tone	sapo_emerge	standard	n/a	n/a	n/a	n/a	n/a
1695.880	0	847940	standard_tone	sapo_emerge	standard	n/a	n/a	n/a	n/a	n/a
1696.894	0	848447	oddball_tone	sapo_emerge	oddball	n/a	n/a	n/a	n/a	n/a
1697.910	0	848955	standard_tone	sapo_emerge	standard	n/a	n/a	n/a	n/a	n/a
1698.926	0	849463	standard_tone	sapo_emerge	standard	n/a	n/a	n/a	n/a	n/a
1699.942	0	849971	standard_tone	sapo_emerge	standard	n/a	n/a	n/a	n/a	n/a
1700.942	0	850471	standard_tone	sapo_emerge	standard	n/a	n/a	n/a	n/a	n/a
1701.958	0	850979	standard_tone	sapo_emerge	standard	n/a	n/a	n/a	n/a	n/a
1702.972	0	851486	distractor_noise	sapo_emerge	distractor	n/a	n/a	n/a	n/a	n/a
1703.988	0	851994	standard_tone	sapo_emerge	standard	n/a	n/a	n/a	n/a	n/a
1705.004	0	852502	distractor_noise	sapo_emerge	distractor	n/a	n/a	n/a	n/a	n/a
1706.020	0	853010	oddball_tone	sapo_emerge	oddball	n/a	n/a	n/a	n/a	n/a
1707.036	0	853518	distractor_noise	sapo_emerge	distractor	n/a	n/a	n/a	n/a	n/a
1708.052	0	854026	oddball_tone	sapo_emerge	oddball	n/a	n/a	n/a	n/a	n/a
1709.070	0	854535	standard_tone	sapo_emerge	standard	n/a	n/a	n/a	n/a	n/a
1710.084	0	855042	standard_tone	sapo_emerge	standard	n/a	n/a	n/a	n/a	n/a
1711.084	0	855542	standard_tone	sapo_emerge	standard	n/a	n/a	n/a	n/a	n/a
1712.100	0	856050	standard_tone	sapo_emerge	standard	n/a	n/a	n/a	n/a	n/a
1713.114	0	856557	standard_tone	sapo_emerge	standard	n/a	n/a	n/a	n/a	n/a
1714.130	0	857065	standard_tone	sapo_emerge	standard	n/a	n/a	n/a	n/a	n/a
1715.146	0	857573	oddball_tone	sapo_emerge	oddball	n/a	n/a	n/a	n/a	n/a
1716.162	0	858081	standard_tone	sapo_emerge	standard	n/a	n/a	n/a	n/a	n/a
1717.162	0	858581	standard_tone	sapo_emerge	standard	n/a	n/a	n/a	n/a	n/a
1718.178	0	859089	distractor_noise	sapo_emerge	distractor	n/a	n/a	n/a	n/a	n/a
1719.192	0	859596	standard_tone	sapo_emerge	standard	n/a	n/a	n/a	n/a	n/a
1720.208	0	860104	standard_tone	sapo_emerge	standard	n/a	n/a	n/a	n/a	n/a
1721.224	0	860612	standard_tone	sapo_emerge	standard	n/a	n/a	n/a	n/a	n/a
1722.240	0	861120	distractor_noise	sapo_emerge	distractor	n/a	n/a	n/a	n/a	n/a
1723.256	0	861628	standard_tone	sapo_emerge	standard	n/a	n/a	n/a	n/a	n/a
1724.272	0	862136	standard_tone	sapo_emerge	standard	n/a	n/a	n/a	n/a	n/a
1725.288	0	862644	standard_tone	sapo_emerge	standard	n/a	n/a	n/a	n/a	n/a
1726.304	0	863152	standard_tone	sapo_emerge	standard	n/a	n/a	n/a	n/a	n/a
1727.320	0	863660	standard_tone	sapo_emerge	standard	n/a	n/a	n/a	n/a	n/a
1728.336	0	864168	oddball_tone	sapo_emerge	oddball	n/a	n/a	n/a	n/a	n/a
1729.350	0	864675	standard_tone	sapo_emerge	standard	n/a	n/a	n/a	n/a	n/a
1730.366	0	865183	standard_tone	sapo_emerge	standard	n/a	n/a	n/a	n/a	n/a
1731.382	0	865691	standard_tone	sapo_emerge	standard	n/a	n/a	n/a	n/a	n/a
1732.398	0	866199	standard_tone	sapo_emerge	standard	n/a	n/a	n/a	n/a	n/a
1733.414	0	866707	standard_tone	sapo_emerge	standard	n/a	n/a	n/a	n/a	n/a
1734.430	0	867215	standard_tone	sapo_emerge	standard	n/a	n/a	n/a	n/a	n/a
1735.446	0	867723	standard_tone	sapo_emerge	standard	n/a	n/a	n/a	n/a	n/a
1736.462	0	868231	distractor_noise	sapo_emerge	distractor	n/a	n/a	n/a	n/a	n/a
1737.462	0	868731	standard_tone	sapo_emerge	standard	n/a	n/a	n/a	n/a	n/a
1738.476	0	869238	standard_tone	sapo_emerge	standard	n/a	n/a	n/a	n/a	n/a
1739.492	0	869746	standard_tone	sapo_emerge	standard	n/a	n/a	n/a	n/a	n/a
1740.508	0	870254	standard_tone	sapo_emerge	standard	n/a	n/a	n/a	n/a	n/a
1741.524	0	870762	distractor_noise	sapo_emerge	distractor	n/a	n/a	n/a	n/a	n/a
1742.540	0	871270	standard_tone	sapo_emerge	standard	n/a	n/a	n/a	n/a	n/a
1743.556	0	871778	distractor_noise	sapo_emerge	distractor	n/a	n/a	n/a	n/a	n/a
1744.572	0	872286	standard_tone	sapo_emerge	standard	n/a	n/a	n/a	n/a	n/a
1745.588	0	872794	standard_tone	sapo_emerge	standard	n/a	n/a	n/a	n/a	n/a
1746.604	0	873302	standard_tone	sapo_emerge	standard	n/a	n/a	n/a	n/a	n/a
1747.620	0	873810	standard_tone	sapo_emerge	standard	n/a	n/a	n/a	n/a	n/a
1748.636	0	874318	standard_tone	sapo_emerge	standard	n/a	n/a	n/a	n/a	n/a
1749.650	0	874825	standard_tone	sapo_emerge	standard	n/a	n/a	n/a	n/a	n/a
1750.666	0	875333	distractor_noise	sapo_emerge	distractor	n/a	n/a	n/a	n/a	n/a
1751.682	0	875841	oddball_tone	sapo_emerge	oddball	n/a	n/a	n/a	n/a	n/a
1752.400	0	876200	silence_end	sapo_emerge	silence-end	n/a	n/a	n/a	n/a	n/a
1752.416	0	876208	gong_begin	sapo_emerge	gong-begin	n/a	n/a	n/a	n/a	n/a
1752.682	0	876341	standard_tone	sapo_emerge	standard	n/a	n/a	n/a	n/a	n/a
1753.698	0	876849	standard_tone	sapo_emerge	standard	n/a	n/a	n/a	n/a	n/a
1754.696	0	877348	standard_tone	sapo_emerge	standard	n/a	n/a	n/a	n/a	n/a
1755.712	0	877856	standard_tone	sapo_emerge	standard	n/a	n/a	n/a	n/a	n/a
1756.728	0	878364	standard_tone	sapo_emerge	standard	n/a	n/a	n/a	n/a	n/a
1757.728	0	878864	standard_tone	sapo_emerge	standard	n/a	n/a	n/a	n/a	n/a
1758.744	0	879372	standard_tone	sapo_emerge	standard	n/a	n/a	n/a	n/a	n/a
1759.760	0	879880	oddball_tone	sapo_emerge	oddball	n/a	n/a	n/a	n/a	n/a
1760.776	0	880388	standard_tone	sapo_emerge	standard	n/a	n/a	n/a	n/a	n/a
1761.790	0	880895	standard_tone	sapo_emerge	standard	n/a	n/a	n/a	n/a	n/a
1762.408	0	881204	gong_end	sapo_emerge	gong-end	n/a	n/a	n/a	n/a	n/a
1762.408	0	881204	subblock_end	sapo_emerge	subblock-end-duration-117.204	n/a	n/a	n/a	117.204	n/a
1762.408	0	881204	subblock_begin	sapo_emerge	subblock-begin	n/a	n/a	n/a	n/a	n/a
1762.410	0	881205	silence_begin	sapo_emerge	silence-begin	n/a	n/a	n/a	n/a	n/a
1762.806	0	881403	standard_tone	sapo_emerge	standard	n/a	n/a	n/a	n/a	n/a
1763.822	0	881911	standard_tone	sapo_emerge	standard	n/a	n/a	n/a	n/a	n/a
1764.838	0	882419	standard_tone	sapo_emerge	standard	n/a	n/a	n/a	n/a	n/a
1765.838	0	882919	standard_tone	sapo_emerge	standard	n/a	n/a	n/a	n/a	n/a
1766.854	0	883427	standard_tone	sapo_emerge	standard	n/a	n/a	n/a	n/a	n/a
1767.870	0	883935	standard_tone	sapo_emerge	standard	n/a	n/a	n/a	n/a	n/a
1768.884	0	884442	standard_tone	sapo_emerge	standard	n/a	n/a	n/a	n/a	n/a
1769.900	0	884950	standard_tone	sapo_emerge	standard	n/a	n/a	n/a	n/a	n/a
1770.900	0	885450	standard_tone	sapo_emerge	standard	n/a	n/a	n/a	n/a	n/a
1771.916	0	885958	standard_tone	sapo_emerge	standard	n/a	n/a	n/a	n/a	n/a
1772.932	0	886466	standard_tone	sapo_emerge	standard	n/a	n/a	n/a	n/a	n/a
1773.948	0	886974	distractor_noise	sapo_emerge	distractor	n/a	n/a	n/a	n/a	n/a
1774.964	0	887482	standard_tone	sapo_emerge	standard	n/a	n/a	n/a	n/a	n/a
1775.980	0	887990	standard_tone	sapo_emerge	standard	n/a	n/a	n/a	n/a	n/a
1776.994	0	888497	standard_tone	sapo_emerge	standard	n/a	n/a	n/a	n/a	n/a
1777.994	0	888997	standard_tone	sapo_emerge	standard	n/a	n/a	n/a	n/a	n/a
1779.010	0	889505	standard_tone	sapo_emerge	standard	n/a	n/a	n/a	n/a	n/a
1780.026	0	890013	standard_tone	sapo_emerge	standard	n/a	n/a	n/a	n/a	n/a
1781.042	0	890521	standard_tone	sapo_emerge	standard	n/a	n/a	n/a	n/a	n/a
1782.058	0	891029	oddball_tone	sapo_emerge	oddball	n/a	n/a	n/a	n/a	n/a
1783.074	0	891537	standard_tone	sapo_emerge	standard	n/a	n/a	n/a	n/a	n/a
1784.090	0	892045	standard_tone	sapo_emerge	standard	n/a	n/a	n/a	n/a	n/a
1785.104	0	892552	standard_tone	sapo_emerge	standard	n/a	n/a	n/a	n/a	n/a
1786.120	0	893060	oddball_tone	sapo_emerge	oddball	n/a	n/a	n/a	n/a	n/a
1787.136	0	893568	standard_tone	sapo_emerge	standard	n/a	n/a	n/a	n/a	n/a
1788.152	0	894076	standard_tone	sapo_emerge	standard	n/a	n/a	n/a	n/a	n/a
1789.152	0	894576	oddball_tone	sapo_emerge	oddball	n/a	n/a	n/a	n/a	n/a
1790.168	0	895084	standard_tone	sapo_emerge	standard	n/a	n/a	n/a	n/a	n/a
1791.184	0	895592	standard_tone	sapo_emerge	standard	n/a	n/a	n/a	n/a	n/a
1792.200	0	896100	standard_tone	sapo_emerge	standard	n/a	n/a	n/a	n/a	n/a
1793.214	0	896607	distractor_noise	sapo_emerge	distractor	n/a	n/a	n/a	n/a	n/a
1794.230	0	897115	standard_tone	sapo_emerge	standard	n/a	n/a	n/a	n/a	n/a
1795.230	0	897615	standard_tone	sapo_emerge	standard	n/a	n/a	n/a	n/a	n/a
1796.246	0	898123	standard_tone	sapo_emerge	standard	n/a	n/a	n/a	n/a	n/a
1797.244	0	898622	standard_tone	sapo_emerge	standard	n/a	n/a	n/a	n/a	n/a
1798.260	0	899130	oddball_tone	sapo_emerge	oddball	n/a	n/a	n/a	n/a	n/a
1799.276	0	899638	standard_tone	sapo_emerge	standard	n/a	n/a	n/a	n/a	n/a
1800.276	0	900138	standard_tone	sapo_emerge	standard	n/a	n/a	n/a	n/a	n/a
1801.292	0	900646	standard_tone	sapo_emerge	standard	n/a	n/a	n/a	n/a	n/a
1802.308	0	901154	distractor_noise	sapo_emerge	distractor	n/a	n/a	n/a	n/a	n/a
1803.324	0	901662	standard_tone	sapo_emerge	standard	n/a	n/a	n/a	n/a	n/a
1804.338	0	902169	distractor_noise	sapo_emerge	distractor	n/a	n/a	n/a	n/a	n/a
1805.338	0	902669	standard_tone	sapo_emerge	standard	n/a	n/a	n/a	n/a	n/a
1806.354	0	903177	standard_tone	sapo_emerge	standard	n/a	n/a	n/a	n/a	n/a
1807.370	0	903685	standard_tone	sapo_emerge	standard	n/a	n/a	n/a	n/a	n/a
1808.386	0	904193	distractor_noise	sapo_emerge	distractor	n/a	n/a	n/a	n/a	n/a
1809.402	0	904701	oddball_tone	sapo_emerge	oddball	n/a	n/a	n/a	n/a	n/a
1810.418	0	905209	standard_tone	sapo_emerge	standard	n/a	n/a	n/a	n/a	n/a
1811.434	0	905717	standard_tone	sapo_emerge	standard	n/a	n/a	n/a	n/a	n/a
1812.450	0	906225	distractor_noise	sapo_emerge	distractor	n/a	n/a	n/a	n/a	n/a
1813.466	0	906733	standard_tone	sapo_emerge	standard	n/a	n/a	n/a	n/a	n/a
1814.480	0	907240	oddball_tone	sapo_emerge	oddball	n/a	n/a	n/a	n/a	n/a
1815.496	0	907748	standard_tone	sapo_emerge	standard	n/a	n/a	n/a	n/a	n/a
1816.512	0	908256	standard_tone	sapo_emerge	standard	n/a	n/a	n/a	n/a	n/a
1817.528	0	908764	oddball_tone	sapo_emerge	oddball	n/a	n/a	n/a	n/a	n/a
1818.544	0	909272	standard_tone	sapo_emerge	standard	n/a	n/a	n/a	n/a	n/a
1819.560	0	909780	standard_tone	sapo_emerge	standard	n/a	n/a	n/a	n/a	n/a
1820.576	0	910288	standard_tone	sapo_emerge	standard	n/a	n/a	n/a	n/a	n/a
1821.600	0	910800	standard_tone	sapo_emerge	standard	n/a	n/a	n/a	n/a	n/a
1822.606	0	911303	oddball_tone	sapo_emerge	oddball	n/a	n/a	n/a	n/a	n/a
1823.622	0	911811	standard_tone	sapo_emerge	standard	n/a	n/a	n/a	n/a	n/a
1824.638	0	912319	distractor_noise	sapo_emerge	distractor	n/a	n/a	n/a	n/a	n/a
1825.654	0	912827	standard_tone	sapo_emerge	standard	n/a	n/a	n/a	n/a	n/a
1826.654	0	913327	standard_tone	sapo_emerge	standard	n/a	n/a	n/a	n/a	n/a
1827.670	0	913835	distractor_noise	sapo_emerge	distractor	n/a	n/a	n/a	n/a	n/a
1828.668	0	914334	standard_tone	sapo_emerge	standard	n/a	n/a	n/a	n/a	n/a
1829.684	0	914842	standard_tone	sapo_emerge	standard	n/a	n/a	n/a	n/a	n/a
1830.684	0	915342	standard_tone	sapo_emerge	standard	n/a	n/a	n/a	n/a	n/a
1831.700	0	915850	standard_tone	sapo_emerge	standard	n/a	n/a	n/a	n/a	n/a
1832.714	0	916357	standard_tone	sapo_emerge	standard	n/a	n/a	n/a	n/a	n/a
1833.732	0	916866	standard_tone	sapo_emerge	standard	n/a	n/a	n/a	n/a	n/a
1834.748	0	917374	standard_tone	sapo_emerge	standard	n/a	n/a	n/a	n/a	n/a
1835.762	0	917881	standard_tone	sapo_emerge	standard	n/a	n/a	n/a	n/a	n/a
1836.778	0	918389	oddball_tone	sapo_emerge	oddball	n/a	n/a	n/a	n/a	n/a
1837.794	0	918897	standard_tone	sapo_emerge	standard	n/a	n/a	n/a	n/a	n/a
1838.810	0	919405	standard_tone	sapo_emerge	standard	n/a	n/a	n/a	n/a	n/a
1839.826	0	919913	distractor_noise	sapo_emerge	distractor	n/a	n/a	n/a	n/a	n/a
1840.842	0	920421	oddball_tone	sapo_emerge	oddball	n/a	n/a	n/a	n/a	n/a
1841.858	0	920929	standard_tone	sapo_emerge	standard	n/a	n/a	n/a	n/a	n/a
1842.872	0	921436	standard_tone	sapo_emerge	standard	n/a	n/a	n/a	n/a	n/a
1843.872	0	921936	standard_tone	sapo_emerge	standard	n/a	n/a	n/a	n/a	n/a
1844.888	0	922444	standard_tone	sapo_emerge	standard	n/a	n/a	n/a	n/a	n/a
1845.904	0	922952	distractor_noise	sapo_emerge	distractor	n/a	n/a	n/a	n/a	n/a
1846.920	0	923460	standard_tone	sapo_emerge	standard	n/a	n/a	n/a	n/a	n/a
1847.936	0	923968	standard_tone	sapo_emerge	standard	n/a	n/a	n/a	n/a	n/a
1848.952	0	924476	standard_tone	sapo_emerge	standard	n/a	n/a	n/a	n/a	n/a
1849.968	0	924984	standard_tone	sapo_emerge	standard	n/a	n/a	n/a	n/a	n/a
1850.984	0	925492	standard_tone	sapo_emerge	standard	n/a	n/a	n/a	n/a	n/a
1852.000	0	926000	standard_tone	sapo_emerge	standard	n/a	n/a	n/a	n/a	n/a
1853.016	0	926508	oddball_tone	sapo_emerge	oddball	n/a	n/a	n/a	n/a	n/a
1854.032	0	927016	standard_tone	sapo_emerge	standard	n/a	n/a	n/a	n/a	n/a
1855.048	0	927524	standard_tone	sapo_emerge	standard	n/a	n/a	n/a	n/a	n/a
1856.062	0	928031	standard_tone	sapo_emerge	standard	n/a	n/a	n/a	n/a	n/a
1857.078	0	928539	standard_tone	sapo_emerge	standard	n/a	n/a	n/a	n/a	n/a
1858.094	0	929047	distractor_noise	sapo_emerge	distractor	n/a	n/a	n/a	n/a	n/a
1859.110	0	929555	standard_tone	sapo_emerge	standard	n/a	n/a	n/a	n/a	n/a
1860.126	0	930063	oddball_tone	sapo_emerge	oddball	n/a	n/a	n/a	n/a	n/a
1861.142	0	930571	standard_tone	sapo_emerge	standard	n/a	n/a	n/a	n/a	n/a
1862.158	0	931079	standard_tone	sapo_emerge	standard	n/a	n/a	n/a	n/a	n/a
1863.158	0	931579	standard_tone	sapo_emerge	standard	n/a	n/a	n/a	n/a	n/a
1864.172	0	932086	standard_tone	sapo_emerge	standard	n/a	n/a	n/a	n/a	n/a
1865.188	0	932594	standard_tone	sapo_emerge	standard	n/a	n/a	n/a	n/a	n/a
1866.204	0	933102	standard_tone	sapo_emerge	standard	n/a	n/a	n/a	n/a	n/a
1867.220	0	933610	standard_tone	sapo_emerge	standard	n/a	n/a	n/a	n/a	n/a
1868.236	0	934118	standard_tone	sapo_emerge	standard	n/a	n/a	n/a	n/a	n/a
1869.252	0	934626	oddball_tone	sapo_emerge	oddball	n/a	n/a	n/a	n/a	n/a
1870.268	0	935134	standard_tone	sapo_emerge	standard	n/a	n/a	n/a	n/a	n/a
1871.284	0	935642	distractor_noise	sapo_emerge	distractor	n/a	n/a	n/a	n/a	n/a
1872.300	0	936150	standard_tone	sapo_emerge	standard	n/a	n/a	n/a	n/a	n/a
1873.316	0	936658	standard_tone	sapo_emerge	standard	n/a	n/a	n/a	n/a	n/a
1874.330	0	937165	standard_tone	sapo_emerge	standard	n/a	n/a	n/a	n/a	n/a
1875.348	0	937674	oddball_tone	sapo_emerge	oddball	n/a	n/a	n/a	n/a	n/a
1876.364	0	938182	distractor_noise	sapo_emerge	distractor	n/a	n/a	n/a	n/a	n/a
1877.378	0	938689	standard_tone	sapo_emerge	standard	n/a	n/a	n/a	n/a	n/a
1878.394	0	939197	standard_tone	sapo_emerge	standard	n/a	n/a	n/a	n/a	n/a
1879.410	0	939705	standard_tone	sapo_emerge	standard	n/a	n/a	n/a	n/a	n/a
1880.426	0	940213	standard_tone	sapo_emerge	standard	n/a	n/a	n/a	n/a	n/a
1881.442	0	940721	silence_end	sapo_emerge	silence-end	n/a	n/a	n/a	n/a	n/a
1881.458	0	940729	standard_tone	sapo_emerge	standard	n/a	n/a	n/a	n/a	n/a
1881.724	0	940862	gong_begin	sapo_emerge	gong-begin	n/a	n/a	n/a	n/a	n/a
1882.474	0	941237	oddball_tone	sapo_emerge	oddball	n/a	n/a	n/a	n/a	n/a
1883.490	0	941745	standard_tone	sapo_emerge	standard	n/a	n/a	n/a	n/a	n/a
1884.506	0	942253	standard_tone	sapo_emerge	standard	n/a	n/a	n/a	n/a	n/a
1885.522	0	942761	standard_tone	sapo_emerge	standard	n/a	n/a	n/a	n/a	n/a
1886.538	0	943269	standard_tone	sapo_emerge	standard	n/a	n/a	n/a	n/a	n/a
1887.554	0	943777	standard_tone	sapo_emerge	standard	n/a	n/a	n/a	n/a	n/a
1888.570	0	944285	standard_tone	sapo_emerge	standard	n/a	n/a	n/a	n/a	n/a
1889.584	0	944792	standard_tone	sapo_emerge	standard	n/a	n/a	n/a	n/a	n/a
1890.600	0	945300	standard_tone	sapo_emerge	standard	n/a	n/a	n/a	n/a	n/a
1891.468	0	945734	gong_end	sapo_emerge	gong-end	n/a	n/a	n/a	n/a	n/a
1891.468	0	945734	subblock_end	sapo_emerge	subblock-end-duration-129.06	n/a	n/a	n/a	129.060	n/a
1891.468	0	945734	subblock_begin	sapo_emerge	subblock-begin	n/a	n/a	n/a	n/a	n/a
1891.470	0	945735	silence_begin	sapo_emerge	silence-begin	n/a	n/a	n/a	n/a	n/a
1891.618	0	945809	distractor_noise	sapo_emerge	distractor	n/a	n/a	n/a	n/a	n/a
1892.632	0	946316	standard_tone	sapo_emerge	standard	n/a	n/a	n/a	n/a	n/a
1893.648	0	946824	standard_tone	sapo_emerge	standard	n/a	n/a	n/a	n/a	n/a
1894.664	0	947332	standard_tone	sapo_emerge	standard	n/a	n/a	n/a	n/a	n/a
1895.680	0	947840	standard_tone	sapo_emerge	standard	n/a	n/a	n/a	n/a	n/a
1896.694	0	948347	standard_tone	sapo_emerge	standard	n/a	n/a	n/a	n/a	n/a
1897.712	0	948856	standard_tone	sapo_emerge	standard	n/a	n/a	n/a	n/a	n/a
1898.710	0	949355	standard_tone	sapo_emerge	standard	n/a	n/a	n/a	n/a	n/a
1899.728	0	949864	oddball_tone	sapo_emerge	oddball	n/a	n/a	n/a	n/a	n/a
1900.744	0	950372	standard_tone	sapo_emerge	standard	n/a	n/a	n/a	n/a	n/a
1901.758	0	950879	standard_tone	sapo_emerge	standard	n/a	n/a	n/a	n/a	n/a
1902.774	0	951387	standard_tone	sapo_emerge	standard	n/a	n/a	n/a	n/a	n/a
1903.790	0	951895	oddball_tone	sapo_emerge	oddball	n/a	n/a	n/a	n/a	n/a
1904.806	0	952403	distractor_noise	sapo_emerge	distractor	n/a	n/a	n/a	n/a	n/a
1905.822	0	952911	standard_tone	sapo_emerge	standard	n/a	n/a	n/a	n/a	n/a
1906.820	0	953410	standard_tone	sapo_emerge	standard	n/a	n/a	n/a	n/a	n/a
1907.836	0	953918	standard_tone	sapo_emerge	standard	n/a	n/a	n/a	n/a	n/a
1908.852	0	954426	standard_tone	sapo_emerge	standard	n/a	n/a	n/a	n/a	n/a
1909.868	0	954934	standard_tone	sapo_emerge	standard	n/a	n/a	n/a	n/a	n/a
1910.884	0	955442	distractor_noise	sapo_emerge	distractor	n/a	n/a	n/a	n/a	n/a
1911.900	0	955950	standard_tone	sapo_emerge	standard	n/a	n/a	n/a	n/a	n/a
1912.916	0	956458	standard_tone	sapo_emerge	standard	n/a	n/a	n/a	n/a	n/a
1913.932	0	956966	distractor_noise	sapo_emerge	distractor	n/a	n/a	n/a	n/a	n/a
1914.948	0	957474	standard_tone	sapo_emerge	standard	n/a	n/a	n/a	n/a	n/a
1915.964	0	957982	standard_tone	sapo_emerge	standard	n/a	n/a	n/a	n/a	n/a
1916.980	0	958490	standard_tone	sapo_emerge	standard	n/a	n/a	n/a	n/a	n/a
1917.994	0	958997	standard_tone	sapo_emerge	standard	n/a	n/a	n/a	n/a	n/a
1919.010	0	959505	standard_tone	sapo_emerge	standard	n/a	n/a	n/a	n/a	n/a
1920.026	0	960013	standard_tone	sapo_emerge	standard	n/a	n/a	n/a	n/a	n/a
1921.026	0	960513	standard_tone	sapo_emerge	standard	n/a	n/a	n/a	n/a	n/a
1922.042	0	961021	distractor_noise	sapo_emerge	distractor	n/a	n/a	n/a	n/a	n/a
1923.058	0	961529	oddball_tone	sapo_emerge	oddball	n/a	n/a	n/a	n/a	n/a
1924.074	0	962037	distractor_noise	sapo_emerge	distractor	n/a	n/a	n/a	n/a	n/a
1925.088	0	962544	standard_tone	sapo_emerge	standard	n/a	n/a	n/a	n/a	n/a
1926.104	0	963052	standard_tone	sapo_emerge	standard	n/a	n/a	n/a	n/a	n/a
1927.120	0	963560	standard_tone	sapo_emerge	standard	n/a	n/a	n/a	n/a	n/a
1928.120	0	964060	standard_tone	sapo_emerge	standard	n/a	n/a	n/a	n/a	n/a
1929.136	0	964568	standard_tone	sapo_emerge	standard	n/a	n/a	n/a	n/a	n/a
1930.152	0	965076	distractor_noise	sapo_emerge	distractor	n/a	n/a	n/a	n/a	n/a
1931.168	0	965584	oddball_tone	sapo_emerge	oddball	n/a	n/a	n/a	n/a	n/a
1932.166	0	966083	standard_tone	sapo_emerge	standard	n/a	n/a	n/a	n/a	n/a
1933.182	0	966591	standard_tone	sapo_emerge	standard	n/a	n/a	n/a	n/a	n/a
1934.198	0	967099	oddball_tone	sapo_emerge	oddball	n/a	n/a	n/a	n/a	n/a
1935.198	0	967599	standard_tone	sapo_emerge	standard	n/a	n/a	n/a	n/a	n/a
1936.214	0	968107	standard_tone	sapo_emerge	standard	n/a	n/a	n/a	n/a	n/a
1937.228	0	968614	standard_tone	sapo_emerge	standard	n/a	n/a	n/a	n/a	n/a
1938.244	0	969122	standard_tone	sapo_emerge	standard	n/a	n/a	n/a	n/a	n/a
1939.262	0	969631	standard_tone	sapo_emerge	standard	n/a	n/a	n/a	n/a	n/a
1940.276	0	970138	standard_tone	sapo_emerge	standard	n/a	n/a	n/a	n/a	n/a
1941.292	0	970646	standard_tone	sapo_emerge	standard	n/a	n/a	n/a	n/a	n/a
1942.306	0	971153	standard_tone	sapo_emerge	standard	n/a	n/a	n/a	n/a	n/a
1943.308	0	971654	standard_tone	sapo_emerge	standard	n/a	n/a	n/a	n/a	n/a
1944.322	0	972161	standard_tone	sapo_emerge	standard	n/a	n/a	n/a	n/a	n/a
1945.340	0	972670	standard_tone	sapo_emerge	standard	n/a	n/a	n/a	n/a	n/a
1946.354	0	973177	distractor_noise	sapo_emerge	distractor	n/a	n/a	n/a	n/a	n/a
1947.370	0	973685	standard_tone	sapo_emerge	standard	n/a	n/a	n/a	n/a	n/a
1948.386	0	974193	standard_tone	sapo_emerge	standard	n/a	n/a	n/a	n/a	n/a
1949.402	0	974701	standard_tone	sapo_emerge	standard	n/a	n/a	n/a	n/a	n/a
1950.418	0	975209	oddball_tone	sapo_emerge	oddball	n/a	n/a	n/a	n/a	n/a
1951.434	0	975717	standard_tone	sapo_emerge	standard	n/a	n/a	n/a	n/a	n/a
1952.450	0	976225	standard_tone	sapo_emerge	standard	n/a	n/a	n/a	n/a	n/a
1953.464	0	976732	standard_tone	sapo_emerge	standard	n/a	n/a	n/a	n/a	n/a
1954.464	0	977232	standard_tone	sapo_emerge	standard	n/a	n/a	n/a	n/a	n/a
1955.480	0	977740	standard_tone	sapo_emerge	standard	n/a	n/a	n/a	n/a	n/a
1956.496	0	978248	standard_tone	sapo_emerge	standard	n/a	n/a	n/a	n/a	n/a
1957.512	0	978756	standard_tone	sapo_emerge	standard	n/a	n/a	n/a	n/a	n/a
1958.528	0	979264	standard_tone	sapo_emerge	standard	n/a	n/a	n/a	n/a	n/a
1959.544	0	979772	standard_tone	sapo_emerge	standard	n/a	n/a	n/a	n/a	n/a
1960.560	0	980280	standard_tone	sapo_emerge	standard	n/a	n/a	n/a	n/a	n/a
1961.576	0	980788	standard_tone	sapo_emerge	standard	n/a	n/a	n/a	n/a	n/a
1962.592	0	981296	standard_tone	sapo_emerge	standard	n/a	n/a	n/a	n/a	n/a
1963.608	0	981804	standard_tone	sapo_emerge	standard	n/a	n/a	n/a	n/a	n/a
1964.606	0	982303	standard_tone	sapo_emerge	standard	n/a	n/a	n/a	n/a	n/a
1965.622	0	982811	standard_tone	sapo_emerge	standard	n/a	n/a	n/a	n/a	n/a
1966.638	0	983319	standard_tone	sapo_emerge	standard	n/a	n/a	n/a	n/a	n/a
1967.654	0	983827	standard_tone	sapo_emerge	standard	n/a	n/a	n/a	n/a	n/a
1968.670	0	984335	oddball_tone	sapo_emerge	oddball	n/a	n/a	n/a	n/a	n/a
1969.686	0	984843	standard_tone	sapo_emerge	standard	n/a	n/a	n/a	n/a	n/a
1970.702	0	985351	standard_tone	sapo_emerge	standard	n/a	n/a	n/a	n/a	n/a
1971.718	0	985859	standard_tone	sapo_emerge	standard	n/a	n/a	n/a	n/a	n/a
1972.734	0	986367	standard_tone	sapo_emerge	standard	n/a	n/a	n/a	n/a	n/a
1973.748	0	986874	standard_tone	sapo_emerge	standard	n/a	n/a	n/a	n/a	n/a
1974.764	0	987382	oddball_tone	sapo_emerge	oddball	n/a	n/a	n/a	n/a	n/a
1975.780	0	987890	standard_tone	sapo_emerge	standard	n/a	n/a	n/a	n/a	n/a
1976.796	0	988398	distractor_noise	sapo_emerge	distractor	n/a	n/a	n/a	n/a	n/a
1977.812	0	988906	standard_tone	sapo_emerge	standard	n/a	n/a	n/a	n/a	n/a
1978.828	0	989414	standard_tone	sapo_emerge	standard	n/a	n/a	n/a	n/a	n/a
1979.844	0	989922	standard_tone	sapo_emerge	standard	n/a	n/a	n/a	n/a	n/a
1980.860	0	990430	standard_tone	sapo_emerge	standard	n/a	n/a	n/a	n/a	n/a
1981.876	0	990938	standard_tone	sapo_emerge	standard	n/a	n/a	n/a	n/a	n/a
1982.874	0	991437	standard_tone	sapo_emerge	standard	n/a	n/a	n/a	n/a	n/a
1983.890	0	991945	oddball_tone	sapo_emerge	oddball	n/a	n/a	n/a	n/a	n/a
1984.906	0	992453	standard_tone	sapo_emerge	standard	n/a	n/a	n/a	n/a	n/a
1985.922	0	992961	standard_tone	sapo_emerge	standard	n/a	n/a	n/a	n/a	n/a
1986.938	0	993469	standard_tone	sapo_emerge	standard	n/a	n/a	n/a	n/a	n/a
1987.954	0	993977	standard_tone	sapo_emerge	standard	n/a	n/a	n/a	n/a	n/a
1988.970	0	994485	standard_tone	sapo_emerge	standard	n/a	n/a	n/a	n/a	n/a
1989.986	0	994993	oddball_tone	sapo_emerge	oddball	n/a	n/a	n/a	n/a	n/a
1991.002	0	995501	standard_tone	sapo_emerge	standard	n/a	n/a	n/a	n/a	n/a
1992.016	0	996008	standard_tone	sapo_emerge	standard	n/a	n/a	n/a	n/a	n/a
1993.032	0	996516	standard_tone	sapo_emerge	standard	n/a	n/a	n/a	n/a	n/a
1994.048	0	997024	standard_tone	sapo_emerge	standard	n/a	n/a	n/a	n/a	n/a
1995.164	0	997582	silence_end	sapo_emerge	silence-end	n/a	n/a	n/a	n/a	n/a
1995.182	0	997591	standard_tone	sapo_emerge	standard	n/a	n/a	n/a	n/a	n/a
1995.448	0	997724	gong_begin	sapo_emerge	gong-begin	n/a	n/a	n/a	n/a	n/a
1996.196	0	998098	standard_tone	sapo_emerge	standard	n/a	n/a	n/a	n/a	n/a
1997.212	0	998606	standard_tone	sapo_emerge	standard	n/a	n/a	n/a	n/a	n/a
1997.580	0	998790	clicker_press	sapo_emerge	response-received-arrow_up	n/a	n/a	n/a	n/a	arrow_up
1997.602	0	998801	gong_end	sapo_emerge	gong-end	n/a	n/a	n/a	n/a	n/a
1997.604	0	998802	report_window_begin	sapo_emerge	emerge-sapo-emerge-begin	n/a	n/a	n/a	n/a	n/a
1998.062	0	999031	clicker_press	sapo_emerge	response-received-arrow_up	n/a	n/a	n/a	n/a	arrow_up
1998.496	0	999248	clicker_press	sapo_emerge	response-received-arrow_up	n/a	n/a	n/a	n/a	arrow_up
1999.162	0	999581	clicker_press	sapo_emerge	response-received-arrow_up	n/a	n/a	n/a	n/a	arrow_up
2001.626	0	1000813	depth_rating	sapo_emerge	rating-sapo-emerge-meditation_depth-4	4	n/a	n/a	n/a	n/a
2007.356	0	1003678	clicker_press	sapo_emerge	response-received-arrow_up	n/a	n/a	n/a	n/a	arrow_up
2007.838	0	1003919	clicker_press	sapo_emerge	response-received-arrow_up	n/a	n/a	n/a	n/a	arrow_up
2008.388	0	1004194	clicker_press	sapo_emerge	response-received-arrow_up	n/a	n/a	n/a	n/a	arrow_up
2009.270	0	1004635	clicker_press	sapo_emerge	response-received-arrow_up	n/a	n/a	n/a	n/a	arrow_up
2011.718	0	1005859	confidence_rating	sapo_emerge	rating-sapo-emerge-confidence_depth-4	n/a	4	n/a	n/a	n/a
2015.198	0	1007599	report_window_end	sapo_emerge	emerge-sapo-emerge-end	n/a	n/a	n/a	n/a	n/a
2015.200	0	1007600	subblock_end	sapo_emerge	subblock-end-duration-123.73	n/a	n/a	n/a	123.730	n/a
2015.200	0	1007600	subblock_begin	sapo_emerge	subblock-begin	n/a	n/a	n/a	n/a	n/a
2015.200	0	1007600	silence_begin	sapo_emerge	silence-begin	n/a	n/a	n/a	n/a	n/a
2015.202	0	1007601	standard_tone	sapo_emerge	standard	n/a	n/a	n/a	n/a	n/a
2016.214	0	1008107	standard_tone	sapo_emerge	standard	n/a	n/a	n/a	n/a	n/a
2017.230	0	1008615	standard_tone	sapo_emerge	standard	n/a	n/a	n/a	n/a	n/a
2018.246	0	1009123	standard_tone	sapo_emerge	standard	n/a	n/a	n/a	n/a	n/a
2019.262	0	1009631	standard_tone	sapo_emerge	standard	n/a	n/a	n/a	n/a	n/a
2020.278	0	1010139	distractor_noise	sapo_emerge	distractor	n/a	n/a	n/a	n/a	n/a
2021.292	0	1010646	standard_tone	sapo_emerge	standard	n/a	n/a	n/a	n/a	n/a
2022.308	0	1011154	oddball_tone	sapo_emerge	oddball	n/a	n/a	n/a	n/a	n/a
2023.324	0	1011662	standard_tone	sapo_emerge	standard	n/a	n/a	n/a	n/a	n/a
2024.340	0	1012170	standard_tone	sapo_emerge	standard	n/a	n/a	n/a	n/a	n/a
2025.356	0	1012678	standard_tone	sapo_emerge	standard	n/a	n/a	n/a	n/a	n/a
2026.372	0	1013186	standard_tone	sapo_emerge	standard	n/a	n/a	n/a	n/a	n/a
2027.388	0	1013694	oddball_tone	sapo_emerge	oddball	n/a	n/a	n/a	n/a	n/a
2028.404	0	1014202	standard_tone	sapo_emerge	standard	n/a	n/a	n/a	n/a	n/a
2029.402	0	1014701	standard_tone	sapo_emerge	standard	n/a	n/a	n/a	n/a	n/a
2030.418	0	1015209	standard_tone	sapo_emerge	standard	n/a	n/a	n/a	n/a	n/a
2031.434	0	1015717	distractor_noise	sapo_emerge	distractor	n/a	n/a	n/a	n/a	n/a
2032.450	0	1016225	standard_tone	sapo_emerge	standard	n/a	n/a	n/a	n/a	n/a
2033.466	0	1016733	standard_tone	sapo_emerge	standard	n/a	n/a	n/a	n/a	n/a
2034.482	0	1017241	oddball_tone	sapo_emerge	oddball	n/a	n/a	n/a	n/a	n/a
2035.498	0	1017749	distractor_noise	sapo_emerge	distractor	n/a	n/a	n/a	n/a	n/a
2036.514	0	1018257	standard_tone	sapo_emerge	standard	n/a	n/a	n/a	n/a	n/a
2037.530	0	1018765	standard_tone	sapo_emerge	standard	n/a	n/a	n/a	n/a	n/a
2038.544	0	1019272	standard_tone	sapo_emerge	standard	n/a	n/a	n/a	n/a	n/a
2039.562	0	1019781	standard_tone	sapo_emerge	standard	n/a	n/a	n/a	n/a	n/a
2040.576	0	1020288	standard_tone	sapo_emerge	standard	n/a	n/a	n/a	n/a	n/a
2041.592	0	1020796	standard_tone	sapo_emerge	standard	n/a	n/a	n/a	n/a	n/a
2042.606	0	1021303	standard_tone	sapo_emerge	standard	n/a	n/a	n/a	n/a	n/a
2043.608	0	1021804	oddball_tone	sapo_emerge	oddball	n/a	n/a	n/a	n/a	n/a
2044.624	0	1022312	standard_tone	sapo_emerge	standard	n/a	n/a	n/a	n/a	n/a
2045.640	0	1022820	standard_tone	sapo_emerge	standard	n/a	n/a	n/a	n/a	n/a
2046.656	0	1023328	standard_tone	sapo_emerge	standard	n/a	n/a	n/a	n/a	n/a
2047.670	0	1023835	standard_tone	sapo_emerge	standard	n/a	n/a	n/a	n/a	n/a
2048.686	0	1024343	standard_tone	sapo_emerge	standard	n/a	n/a	n/a	n/a	n/a
2049.702	0	1024851	standard_tone	sapo_emerge	standard	n/a	n/a	n/a	n/a	n/a
2050.718	0	1025359	standard_tone	sapo_emerge	standard	n/a	n/a	n/a	n/a	n/a
2051.734	0	1025867	distractor_noise	sapo_emerge	distractor	n/a	n/a	n/a	n/a	n/a
2052.750	0	1026375	standard_tone	sapo_emerge	standard	n/a	n/a	n/a	n/a	n/a
2053.766	0	1026883	standard_tone	sapo_emerge	standard	n/a	n/a	n/a	n/a	n/a
2054.782	0	1027391	standard_tone	sapo_emerge	standard	n/a	n/a	n/a	n/a	n/a
2055.798	0	1027899	standard_tone	sapo_emerge	standard	n/a	n/a	n/a	n/a	n/a
2056.812	0	1028406	distractor_noise	sapo_emerge	distractor	n/a	n/a	n/a	n/a	n/a
2057.830	0	1028915	standard_tone	sapo_emerge	standard	n/a	n/a	n/a	n/a	n/a
2058.844	0	1029422	standard_tone	sapo_emerge	standard	n/a	n/a	n/a	n/a	n/a
2059.860	0	1029930	standard_tone	sapo_emerge	standard	n/a	n/a	n/a	n/a	n/a
2060.878	0	1030439	standard_tone	sapo_emerge	standard	n/a	n/a	n/a	n/a	n/a
2061.892	0	1030946	distractor_noise	sapo_emerge	distractor	n/a	n/a	n/a	n/a	n/a
2062.908	0	1031454	standard_tone	sapo_emerge	standard	n/a	n/a	n/a	n/a	n/a
2063.908	0	1031954	standard_tone	sapo_emerge	standard	n/a	n/a	n/a	n/a	n/a
2064.924	0	1032462	standard_tone	sapo_emerge	standard	n/a	n/a	n/a	n/a	n/a
2065.940	0	1032970	standard_tone	sapo_emerge	standard	n/a	n/a	n/a	n/a	n/a
2066.954	0	1033477	standard_tone	sapo_emerge	standard	n/a	n/a	n/a	n/a	n/a
2067.970	0	1033985	standard_tone	sapo_emerge	standard	n/a	n/a	n/a	n/a	n/a
2068.986	0	1034493	standard_tone	sapo_emerge	standard	n/a	n/a	n/a	n/a	n/a
2070.002	0	1035001	oddball_tone	sapo_emerge	oddball	n/a	n/a	n/a	n/a	n/a
2071.018	0	1035509	standard_tone	sapo_emerge	standard	n/a	n/a	n/a	n/a	n/a
2072.034	0	1036017	standard_tone	sapo_emerge	standard	n/a	n/a	n/a	n/a	n/a
2073.050	0	1036525	distractor_noise	sapo_emerge	distractor	n/a	n/a	n/a	n/a	n/a
2074.050	0	1037025	standard_tone	sapo_emerge	standard	n/a	n/a	n/a	n/a	n/a
2075.066	0	1037533	distractor_noise	sapo_emerge	distractor	n/a	n/a	n/a	n/a	n/a
2076.080	0	1038040	standard_tone	sapo_emerge	standard	n/a	n/a	n/a	n/a	n/a
2077.080	0	1038540	standard_tone	sapo_emerge	standard	n/a	n/a	n/a	n/a	n/a
2078.096	0	1039048	standard_tone	sapo_emerge	standard	n/a	n/a	n/a	n/a	n/a
2079.112	0	1039556	standard_tone	sapo_emerge	standard	n/a	n/a	n/a	n/a	n/a
2080.128	0	1040064	standard_tone	sapo_emerge	standard	n/a	n/a	n/a	n/a	n/a
2081.144	0	1040572	standard_tone	sapo_emerge	standard	n/a	n/a	n/a	n/a	n/a
2082.142	0	1041071	standard_tone	sapo_emerge	standard	n/a	n/a	n/a	n/a	n/a
2083.158	0	1041579	oddball_tone	sapo_emerge	oddball	n/a	n/a	n/a	n/a	n/a
2084.174	0	1042087	standard_tone	sapo_emerge	standard	n/a	n/a	n/a	n/a	n/a
2085.190	0	1042595	distractor_noise	sapo_emerge	distractor	n/a	n/a	n/a	n/a	n/a
2086.206	0	1043103	standard_tone	sapo_emerge	standard	n/a	n/a	n/a	n/a	n/a
2087.222	0	1043611	standard_tone	sapo_emerge	standard	n/a	n/a	n/a	n/a	n/a
2088.238	0	1044119	standard_tone	sapo_emerge	standard	n/a	n/a	n/a	n/a	n/a
2089.254	0	1044627	standard_tone	sapo_emerge	standard	n/a	n/a	n/a	n/a	n/a
2090.268	0	1045134	distractor_noise	sapo_emerge	distractor	n/a	n/a	n/a	n/a	n/a
2091.284	0	1045642	standard_tone	sapo_emerge	standard	n/a	n/a	n/a	n/a	n/a
2092.302	0	1046151	standard_tone	sapo_emerge	standard	n/a	n/a	n/a	n/a	n/a
2093.316	0	1046658	oddball_tone	sapo_emerge	oddball	n/a	n/a	n/a	n/a	n/a
2094.316	0	1047158	standard_tone	sapo_emerge	standard	n/a	n/a	n/a	n/a	n/a
2095.332	0	1047666	standard_tone	sapo_emerge	standard	n/a	n/a	n/a	n/a	n/a
2096.348	0	1048174	standard_tone	sapo_emerge	standard	n/a	n/a	n/a	n/a	n/a
2097.364	0	1048682	standard_tone	sapo_emerge	standard	n/a	n/a	n/a	n/a	n/a
2098.378	0	1049189	standard_tone	sapo_emerge	standard	n/a	n/a	n/a	n/a	n/a
2099.394	0	1049697	standard_tone	sapo_emerge	standard	n/a	n/a	n/a	n/a	n/a
2100.410	0	1050205	standard_tone	sapo_emerge	standard	n/a	n/a	n/a	n/a	n/a
2101.426	0	1050713	oddball_tone	sapo_emerge	oddball	n/a	n/a	n/a	n/a	n/a
2102.442	0	1051221	distractor_noise	sapo_emerge	distractor	n/a	n/a	n/a	n/a	n/a
2103.442	0	1051721	standard_tone	sapo_emerge	standard	n/a	n/a	n/a	n/a	n/a
2104.458	0	1052229	standard_tone	sapo_emerge	standard	n/a	n/a	n/a	n/a	n/a
2105.472	0	1052736	standard_tone	sapo_emerge	standard	n/a	n/a	n/a	n/a	n/a
2106.488	0	1053244	standard_tone	sapo_emerge	standard	n/a	n/a	n/a	n/a	n/a
2107.504	0	1053752	standard_tone	sapo_emerge	standard	n/a	n/a	n/a	n/a	n/a
2108.520	0	1054260	distractor_noise	sapo_emerge	distractor	n/a	n/a	n/a	n/a	n/a
2109.536	0	1054768	standard_tone	sapo_emerge	standard	n/a	n/a	n/a	n/a	n/a
2110.536	0	1055268	standard_tone	sapo_emerge	standard	n/a	n/a	n/a	n/a	n/a
2111.552	0	1055776	standard_tone	sapo_emerge	standard	n/a	n/a	n/a	n/a	n/a
2112.568	0	1056284	standard_tone	sapo_emerge	standard	n/a	n/a	n/a	n/a	n/a
2113.582	0	1056791	standard_tone	sapo_emerge	standard	n/a	n/a	n/a	n/a	n/a
2114.598	0	1057299	standard_tone	sapo_emerge	standard	n/a	n/a	n/a	n/a	n/a
2115.614	0	1057807	standard_tone	sapo_emerge	standard	n/a	n/a	n/a	n/a	n/a
2116.630	0	1058315	oddball_tone	sapo_emerge	oddball	n/a	n/a	n/a	n/a	n/a
2117.630	0	1058815	standard_tone	sapo_emerge	standard	n/a	n/a	n/a	n/a	n/a
2118.646	0	1059323	standard_tone	sapo_emerge	standard	n/a	n/a	n/a	n/a	n/a
2119.644	0	1059822	standard_tone	sapo_emerge	standard	n/a	n/a	n/a	n/a	n/a
2120.660	0	1060330	standard_tone	sapo_emerge	standard	n/a	n/a	n/a	n/a	n/a
2121.676	0	1060838	standard_tone	sapo_emerge	standard	n/a	n/a	n/a	n/a	n/a
2122.692	0	1061346	standard_tone	sapo_emerge	standard	n/a	n/a	n/a	n/a	n/a
2123.708	0	1061854	standard_tone	sapo_emerge	standard	n/a	n/a	n/a	n/a	n/a
2124.724	0	1062362	standard_tone	sapo_emerge	standard	n/a	n/a	n/a	n/a	n/a
2125.740	0	1062870	standard_tone	sapo_emerge	standard	n/a	n/a	n/a	n/a	n/a
2126.206	0	1063103	silence_end	sapo_emerge	silence-end	n/a	n/a	n/a	n/a	n/a
2126.222	0	1063111	gong_begin	sapo_emerge	gong-begin	n/a	n/a	n/a	n/a	n/a
2126.738	0	1063369	standard_tone	sapo_emerge	standard	n/a	n/a	n/a	n/a	n/a
2127.754	0	1063877	distractor_noise	sapo_emerge	distractor	n/a	n/a	n/a	n/a	n/a
2128.770	0	1064385	standard_tone	sapo_emerge	standard	n/a	n/a	n/a	n/a	n/a
2129.786	0	1064893	standard_tone	sapo_emerge	standard	n/a	n/a	n/a	n/a	n/a
2130.786	0	1065393	oddball_tone	sapo_emerge	oddball	n/a	n/a	n/a	n/a	n/a
2131.802	0	1065901	standard_tone	sapo_emerge	standard	n/a	n/a	n/a	n/a	n/a
2132.818	0	1066409	standard_tone	sapo_emerge	standard	n/a	n/a	n/a	n/a	n/a
2133.832	0	1066916	standard_tone	sapo_emerge	standard	n/a	n/a	n/a	n/a	n/a
2134.848	0	1067424	standard_tone	sapo_emerge	standard	n/a	n/a	n/a	n/a	n/a
2135.864	0	1067932	standard_tone	sapo_emerge	standard	n/a	n/a	n/a	n/a	n/a
2136.266	0	1068133	gong_end	sapo_emerge	gong-end	n/a	n/a	n/a	n/a	n/a
2136.266	0	1068133	subblock_end	sapo_emerge	subblock-end-duration-121.066	n/a	n/a	n/a	121.066	n/a
2136.266	0	1068133	subblock_begin	sapo_emerge	subblock-begin	n/a	n/a	n/a	n/a	n/a
2136.266	0	1068133	silence_begin	sapo_emerge	silence-begin	n/a	n/a	n/a	n/a	n/a
2136.880	0	1068440	standard_tone	sapo_emerge	standard	n/a	n/a	n/a	n/a	n/a
2137.896	0	1068948	standard_tone	sapo_emerge	standard	n/a	n/a	n/a	n/a	n/a
2138.912	0	1069456	distractor_noise	sapo_emerge	distractor	n/a	n/a	n/a	n/a	n/a
2139.928	0	1069964	standard_tone	sapo_emerge	standard	n/a	n/a	n/a	n/a	n/a
2140.944	0	1070472	standard_tone	sapo_emerge	standard	n/a	n/a	n/a	n/a	n/a
2141.960	0	1070980	standard_tone	sapo_emerge	standard	n/a	n/a	n/a	n/a	n/a
2142.974	0	1071487	standard_tone	sapo_emerge	standard	n/a	n/a	n/a	n/a	n/a
2143.974	0	1071987	distractor_noise	sapo_emerge	distractor	n/a	n/a	n/a	n/a	n/a
2144.990	0	1072495	standard_tone	sapo_emerge	standard	n/a	n/a	n/a	n/a	n/a
2145.990	0	1072995	standard_tone	sapo_emerge	standard	n/a	n/a	n/a	n/a	n/a
2147.006	0	1073503	standard_tone	sapo_emerge	standard	n/a	n/a	n/a	n/a	n/a
2148.020	0	1074010	standard_tone	sapo_emerge	standard	n/a	n/a	n/a	n/a	n/a
2149.038	0	1074519	oddball_tone	sapo_emerge	oddball	n/a	n/a	n/a	n/a	n/a
2150.052	0	1075026	distractor_noise	sapo_emerge	distractor	n/a	n/a	n/a	n/a	n/a
2151.068	0	1075534	standard_tone	sapo_emerge	standard	n/a	n/a	n/a	n/a	n/a
2152.084	0	1076042	standard_tone	sapo_emerge	standard	n/a	n/a	n/a	n/a	n/a
2153.096	0	1076548	standard_tone	sapo_emerge	standard	n/a	n/a	n/a	n/a	n/a
2154.100	0	1077050	standard_tone	sapo_emerge	standard	n/a	n/a	n/a	n/a	n/a
2155.116	0	1077558	standard_tone	sapo_emerge	standard	n/a	n/a	n/a	n/a	n/a
2156.132	0	1078066	standard_tone	sapo_emerge	standard	n/a	n/a	n/a	n/a	n/a
2157.148	0	1078574	standard_tone	sapo_emerge	standard	n/a	n/a	n/a	n/a	n/a
2158.162	0	1079081	standard_tone	sapo_emerge	standard	n/a	n/a	n/a	n/a	n/a
2159.178	0	1079589	standard_tone	sapo_emerge	standard	n/a	n/a	n/a	n/a	n/a
2160.194	0	1080097	standard_tone	sapo_emerge	standard	n/a	n/a	n/a	n/a	n/a
2161.194	0	1080597	standard_tone	sapo_emerge	standard	n/a	n/a	n/a	n/a	n/a
2162.210	0	1081105	standard_tone	sapo_emerge	standard	n/a	n/a	n/a	n/a	n/a
2163.226	0	1081613	standard_tone	sapo_emerge	standard	n/a	n/a	n/a	n/a	n/a
2164.242	0	1082121	standard_tone	sapo_emerge	standard	n/a	n/a	n/a	n/a	n/a
2165.256	0	1082628	oddball_tone	sapo_emerge	oddball	n/a	n/a	n/a	n/a	n/a
2166.272	0	1083136	standard_tone	sapo_emerge	standard	n/a	n/a	n/a	n/a	n/a
2167.288	0	1083644	standard_tone	sapo_emerge	standard	n/a	n/a	n/a	n/a	n/a
2168.304	0	1084152	standard_tone	sapo_emerge	standard	n/a	n/a	n/a	n/a	n/a
2169.320	0	1084660	standard_tone	sapo_emerge	standard	n/a	n/a	n/a	n/a	n/a
2170.336	0	1085168	oddball_tone	sapo_emerge	oddball	n/a	n/a	n/a	n/a	n/a
2171.352	0	1085676	standard_tone	sapo_emerge	standard	n/a	n/a	n/a	n/a	n/a
2172.368	0	1086184	standard_tone	sapo_emerge	standard	n/a	n/a	n/a	n/a	n/a
2173.366	0	1086683	distractor_noise	sapo_emerge	distractor	n/a	n/a	n/a	n/a	n/a
2174.382	0	1087191	standard_tone	sapo_emerge	standard	n/a	n/a	n/a	n/a	n/a
2175.398	0	1087699	standard_tone	sapo_emerge	standard	n/a	n/a	n/a	n/a	n/a
2176.414	0	1088207	standard_tone	sapo_emerge	standard	n/a	n/a	n/a	n/a	n/a
2177.430	0	1088715	standard_tone	sapo_emerge	standard	n/a	n/a	n/a	n/a	n/a
2178.446	0	1089223	standard_tone	sapo_emerge	standard	n/a	n/a	n/a	n/a	n/a
2179.462	0	1089731	standard_tone	sapo_emerge	standard	n/a	n/a	n/a	n/a	n/a
2180.478	0	1090239	standard_tone	sapo_emerge	standard	n/a	n/a	n/a	n/a	n/a
2181.494	0	1090747	standard_tone	sapo_emerge	standard	n/a	n/a	n/a	n/a	n/a
2182.510	0	1091255	standard_tone	sapo_emerge	standard	n/a	n/a	n/a	n/a	n/a
2183.526	0	1091763	standard_tone	sapo_emerge	standard	n/a	n/a	n/a	n/a	n/a
2184.540	0	1092270	standard_tone	sapo_emerge	standard	n/a	n/a	n/a	n/a	n/a
2185.556	0	1092778	standard_tone	sapo_emerge	standard	n/a	n/a	n/a	n/a	n/a
2186.572	0	1093286	standard_tone	sapo_emerge	standard	n/a	n/a	n/a	n/a	n/a
2187.572	0	1093786	standard_tone	sapo_emerge	standard	n/a	n/a	n/a	n/a	n/a
2188.588	0	1094294	standard_tone	sapo_emerge	standard	n/a	n/a	n/a	n/a	n/a
2189.604	0	1094802	standard_tone	sapo_emerge	standard	n/a	n/a	n/a	n/a	n/a
2190.618	0	1095309	standard_tone	sapo_emerge	standard	n/a	n/a	n/a	n/a	n/a
2191.636	0	1095818	standard_tone	sapo_emerge	standard	n/a	n/a	n/a	n/a	n/a
2192.650	0	1096325	standard_tone	sapo_emerge	standard	n/a	n/a	n/a	n/a	n/a
2193.650	0	1096825	standard_tone	sapo_emerge	standard	n/a	n/a	n/a	n/a	n/a
2194.666	0	1097333	standard_tone	sapo_emerge	standard	n/a	n/a	n/a	n/a	n/a
2195.682	0	1097841	oddball_tone	sapo_emerge	oddball	n/a	n/a	n/a	n/a	n/a
2196.698	0	1098349	standard_tone	sapo_emerge	standard	n/a	n/a	n/a	n/a	n/a
2197.714	0	1098857	standard_tone	sapo_emerge	standard	n/a	n/a	n/a	n/a	n/a
2198.730	0	1099365	standard_tone	sapo_emerge	standard	n/a	n/a	n/a	n/a	n/a
2199.746	0	1099873	standard_tone	sapo_emerge	standard	n/a	n/a	n/a	n/a	n/a
2200.744	0	1100372	standard_tone	sapo_emerge	standard	n/a	n/a	n/a	n/a	n/a
2201.760	0	1100880	standard_tone	sapo_emerge	standard	n/a	n/a	n/a	n/a	n/a
2202.776	0	1101388	standard_tone	sapo_emerge	standard	n/a	n/a	n/a	n/a	n/a
2203.774	0	1101887	standard_tone	sapo_emerge	standard	n/a	n/a	n/a	n/a	n/a
2204.792	0	1102396	standard_tone	sapo_emerge	standard	n/a	n/a	n/a	n/a	n/a
2205.806	0	1102903	oddball_tone	sapo_emerge	oddball	n/a	n/a	n/a	n/a	n/a
2206.822	0	1103411	standard_tone	sapo_emerge	standard	n/a	n/a	n/a	n/a	n/a
2207.838	0	1103919	oddball_tone	sapo_emerge	oddball	n/a	n/a	n/a	n/a	n/a
2208.854	0	1104427	distractor_noise	sapo_emerge	distractor	n/a	n/a	n/a	n/a	n/a
2209.854	0	1104927	oddball_tone	sapo_emerge	oddball	n/a	n/a	n/a	n/a	n/a
2210.870	0	1105435	standard_tone	sapo_emerge	standard	n/a	n/a	n/a	n/a	n/a
2211.884	0	1105942	standard_tone	sapo_emerge	standard	n/a	n/a	n/a	n/a	n/a
2212.900	0	1106450	standard_tone	sapo_emerge	standard	n/a	n/a	n/a	n/a	n/a
2213.916	0	1106958	standard_tone	sapo_emerge	standard	n/a	n/a	n/a	n/a	n/a
2214.932	0	1107466	oddball_tone	sapo_emerge	oddball	n/a	n/a	n/a	n/a	n/a
2215.948	0	1107974	standard_tone	sapo_emerge	standard	n/a	n/a	n/a	n/a	n/a
2216.948	0	1108474	standard_tone	sapo_emerge	standard	n/a	n/a	n/a	n/a	n/a
2217.964	0	1108982	standard_tone	sapo_emerge	standard	n/a	n/a	n/a	n/a	n/a
2218.978	0	1109489	standard_tone	sapo_emerge	standard	n/a	n/a	n/a	n/a	n/a
2219.978	0	1109989	distractor_noise	sapo_emerge	distractor	n/a	n/a	n/a	n/a	n/a
2220.994	0	1110497	standard_tone	sapo_emerge	standard	n/a	n/a	n/a	n/a	n/a
2222.010	0	1111005	standard_tone	sapo_emerge	standard	n/a	n/a	n/a	n/a	n/a
2223.008	0	1111504	standard_tone	sapo_emerge	standard	n/a	n/a	n/a	n/a	n/a
2224.026	0	1112013	standard_tone	sapo_emerge	standard	n/a	n/a	n/a	n/a	n/a
2225.040	0	1112520	distractor_noise	sapo_emerge	distractor	n/a	n/a	n/a	n/a	n/a
2226.056	0	1113028	standard_tone	sapo_emerge	standard	n/a	n/a	n/a	n/a	n/a
2227.072	0	1113536	standard_tone	sapo_emerge	standard	n/a	n/a	n/a	n/a	n/a
2228.088	0	1114044	standard_tone	sapo_emerge	standard	n/a	n/a	n/a	n/a	n/a
2229.104	0	1114552	distractor_noise	sapo_emerge	distractor	n/a	n/a	n/a	n/a	n/a
2230.120	0	1115060	standard_tone	sapo_emerge	standard	n/a	n/a	n/a	n/a	n/a
2231.118	0	1115559	standard_tone	sapo_emerge	standard	n/a	n/a	n/a	n/a	n/a
2232.136	0	1116068	oddball_tone	sapo_emerge	oddball	n/a	n/a	n/a	n/a	n/a
2233.134	0	1116567	standard_tone	sapo_emerge	standard	n/a	n/a	n/a	n/a	n/a
2234.150	0	1117075	standard_tone	sapo_emerge	standard	n/a	n/a	n/a	n/a	n/a
2235.166	0	1117583	standard_tone	sapo_emerge	standard	n/a	n/a	n/a	n/a	n/a
2236.182	0	1118091	standard_tone	sapo_emerge	standard	n/a	n/a	n/a	n/a	n/a
2237.198	0	1118599	standard_tone	sapo_emerge	standard	n/a	n/a	n/a	n/a	n/a
2238.214	0	1119107	standard_tone	sapo_emerge	standard	n/a	n/a	n/a	n/a	n/a
2239.228	0	1119614	oddball_tone	sapo_emerge	oddball	n/a	n/a	n/a	n/a	n/a
2240.246	0	1120123	standard_tone	sapo_emerge	standard	n/a	n/a	n/a	n/a	n/a
2241.260	0	1120630	standard_tone	sapo_emerge	standard	n/a	n/a	n/a	n/a	n/a
2242.276	0	1121138	standard_tone	sapo_emerge	standard	n/a	n/a	n/a	n/a	n/a
2242.294	0	1121147	silence_end	sapo_emerge	silence-end	n/a	n/a	n/a	n/a	n/a
2242.544	0	1121272	gong_begin	sapo_emerge	gong-begin	n/a	n/a	n/a	n/a	n/a
2243.292	0	1121646	standard_tone	sapo_emerge	standard	n/a	n/a	n/a	n/a	n/a
2244.308	0	1122154	standard_tone	sapo_emerge	standard	n/a	n/a	n/a	n/a	n/a
2245.324	0	1122662	standard_tone	sapo_emerge	standard	n/a	n/a	n/a	n/a	n/a
2246.340	0	1123170	distractor_noise	sapo_emerge	distractor	n/a	n/a	n/a	n/a	n/a
2247.356	0	1123678	standard_tone	sapo_emerge	standard	n/a	n/a	n/a	n/a	n/a
2248.372	0	1124186	standard_tone	sapo_emerge	standard	n/a	n/a	n/a	n/a	n/a
2249.388	0	1124694	standard_tone	sapo_emerge	standard	n/a	n/a	n/a	n/a	n/a
2250.402	0	1125201	standard_tone	sapo_emerge	standard	n/a	n/a	n/a	n/a	n/a
2251.418	0	1125709	standard_tone	sapo_emerge	standard	n/a	n/a	n/a	n/a	n/a
2252.302	0	1126151	gong_end	sapo_emerge	gong-end	n/a	n/a	n/a	n/a	n/a
2252.302	0	1126151	subblock_end	sapo_emerge	subblock-end-duration-116.037	n/a	n/a	n/a	116.037	n/a
2252.304	0	1126152	subblock_begin	sapo_emerge	subblock-begin	n/a	n/a	n/a	n/a	n/a
2252.304	0	1126152	silence_begin	sapo_emerge	silence-begin	n/a	n/a	n/a	n/a	n/a
2252.434	0	1126217	distractor_noise	sapo_emerge	distractor	n/a	n/a	n/a	n/a	n/a
2253.450	0	1126725	standard_tone	sapo_emerge	standard	n/a	n/a	n/a	n/a	n/a
2254.466	0	1127233	standard_tone	sapo_emerge	standard	n/a	n/a	n/a	n/a	n/a
2255.482	0	1127741	oddball_tone	sapo_emerge	oddball	n/a	n/a	n/a	n/a	n/a
2256.482	0	1128241	standard_tone	sapo_emerge	standard	n/a	n/a	n/a	n/a	n/a
2257.498	0	1128749	standard_tone	sapo_emerge	standard	n/a	n/a	n/a	n/a	n/a
2258.512	0	1129256	oddball_tone	sapo_emerge	oddball	n/a	n/a	n/a	n/a	n/a
2259.528	0	1129764	standard_tone	sapo_emerge	standard	n/a	n/a	n/a	n/a	n/a
2260.544	0	1130272	standard_tone	sapo_emerge	standard	n/a	n/a	n/a	n/a	n/a
2261.544	0	1130772	distractor_noise	sapo_emerge	distractor	n/a	n/a	n/a	n/a	n/a
2262.560	0	1131280	standard_tone	sapo_emerge	standard	n/a	n/a	n/a	n/a	n/a
2263.576	0	1131788	standard_tone	sapo_emerge	standard	n/a	n/a	n/a	n/a	n/a
2264.574	0	1132287	standard_tone	sapo_emerge	standard	n/a	n/a	n/a	n/a	n/a
2265.590	0	1132795	standard_tone	sapo_emerge	standard	n/a	n/a	n/a	n/a	n/a
2266.606	0	1133303	standard_tone	sapo_emerge	standard	n/a	n/a	n/a	n/a	n/a
2267.622	0	1133811	standard_tone	sapo_emerge	standard	n/a	n/a	n/a	n/a	n/a
2268.638	0	1134319	standard_tone	sapo_emerge	standard	n/a	n/a	n/a	n/a	n/a
2269.638	0	1134819	standard_tone	sapo_emerge	standard	n/a	n/a	n/a	n/a	n/a
2270.652	0	1135326	standard_tone	sapo_emerge	standard	n/a	n/a	n/a	n/a	n/a
2271.668	0	1135834	standard_tone	sapo_emerge	standard	n/a	n/a	n/a	n/a	n/a
2272.684	0	1136342	standard_tone	sapo_emerge	standard	n/a	n/a	n/a	n/a	n/a
2273.684	0	1136842	standard_tone	sapo_emerge	standard	n/a	n/a	n/a	n/a	n/a
2274.700	0	1137350	standard_tone	sapo_emerge	standard	n/a	n/a	n/a	n/a	n/a
2275.716	0	1137858	standard_tone	sapo_emerge	standard	n/a	n/a	n/a	n/a	n/a
2276.732	0	1138366	standard_tone	sapo_emerge	standard	n/a	n/a	n/a	n/a	n/a
2277.730	0	1138865	oddball_tone	sapo_emerge	oddball	n/a	n/a	n/a	n/a	n/a
2278.746	0	1139373	distractor_noise	sapo_emerge	distractor	n/a	n/a	n/a	n/a	n/a
2279.762	0	1139881	standard_tone	sapo_emerge	standard	n/a	n/a	n/a	n/a	n/a
2280.778	0	1140389	standard_tone	sapo_emerge	standard	n/a	n/a	n/a	n/a	n/a
2281.544	0	1140772	clicker_press	sapo_emerge	response-received-arrow_up	n/a	n/a	n/a	n/a	arrow_up
2281.562	0	1140781	report_window_begin	sapo_emerge	emerge-sapo-emerge-begin	n/a	n/a	n/a	n/a	n/a
2281.944	0	1140972	clicker_press	sapo_emerge	response-received-arrow_up	n/a	n/a	n/a	n/a	arrow_up
2282.394	0	1141197	clicker_press	sapo_emerge	response-received-arrow_up	n/a	n/a	n/a	n/a	arrow_up
2285.574	0	1142787	depth_rating	sapo_emerge	rating-sapo-emerge-meditation_depth-3	3	n/a	n/a	n/a	n/a
2291.686	0	1145843	clicker_press	sapo_emerge	response-received-arrow_up	n/a	n/a	n/a	n/a	arrow_up
2292.018	0	1146009	clicker_press	sapo_emerge	response-received-arrow_up	n/a	n/a	n/a	n/a	arrow_up
2293.134	0	1146567	clicker_press	sapo_emerge	response-received-arrow_up	n/a	n/a	n/a	n/a	arrow_up
2293.384	0	1146692	clicker_press	sapo_emerge	response-received-arrow_up	n/a	n/a	n/a	n/a	arrow_up
2295.632	0	1147816	confidence_rating	sapo_emerge	rating-sapo-emerge-confidence_depth-4	n/a	4	n/a	n/a	n/a
2299.080	0	1149540	report_window_end	sapo_emerge	emerge-sapo-emerge-end	n/a	n/a	n/a	n/a	n/a
2299.080	0	1149540	subblock_begin	sapo_emerge	subblock-begin	n/a	n/a	n/a	n/a	n/a
2299.082	0	1149541	silence_begin	sapo_emerge	silence-begin	n/a	n/a	n/a	n/a	n/a
2299.082	0	1149541	standard_tone	sapo_emerge	standard	n/a	n/a	n/a	n/a	n/a
2300.096	0	1150048	standard_tone	sapo_emerge	standard	n/a	n/a	n/a	n/a	n/a
2301.112	0	1150556	standard_tone	sapo_emerge	standard	n/a	n/a	n/a	n/a	n/a
2302.126	0	1151063	oddball_tone	sapo_emerge	oddball	n/a	n/a	n/a	n/a	n/a
2303.142	0	1151571	standard_tone	sapo_emerge	standard	n/a	n/a	n/a	n/a	n/a
2304.158	0	1152079	standard_tone	sapo_emerge	standard	n/a	n/a	n/a	n/a	n/a
2305.174	0	1152587	standard_tone	sapo_emerge	standard	n/a	n/a	n/a	n/a	n/a
2306.190	0	1153095	distractor_noise	sapo_emerge	distractor	n/a	n/a	n/a	n/a	n/a
2307.206	0	1153603	standard_tone	sapo_emerge	standard	n/a	n/a	n/a	n/a	n/a
2308.222	0	1154111	standard_tone	sapo_emerge	standard	n/a	n/a	n/a	n/a	n/a
2309.238	0	1154619	standard_tone	sapo_emerge	standard	n/a	n/a	n/a	n/a	n/a
2310.254	0	1155127	standard_tone	sapo_emerge	standard	n/a	n/a	n/a	n/a	n/a
2311.270	0	1155635	standard_tone	sapo_emerge	standard	n/a	n/a	n/a	n/a	n/a
2312.284	0	1156142	standard_tone	sapo_emerge	standard	n/a	n/a	n/a	n/a	n/a
2313.300	0	1156650	standard_tone	sapo_emerge	standard	n/a	n/a	n/a	n/a	n/a
2314.316	0	1157158	oddball_tone	sapo_emerge	oddball	n/a	n/a	n/a	n/a	n/a
2315.332	0	1157666	standard_tone	sapo_emerge	standard	n/a	n/a	n/a	n/a	n/a
2316.348	0	1158174	standard_tone	sapo_emerge	standard	n/a	n/a	n/a	n/a	n/a
2317.364	0	1158682	standard_tone	sapo_emerge	standard	n/a	n/a	n/a	n/a	n/a
2318.380	0	1159190	standard_tone	sapo_emerge	standard	n/a	n/a	n/a	n/a	n/a
2319.396	0	1159698	standard_tone	sapo_emerge	standard	n/a	n/a	n/a	n/a	n/a
2320.412	0	1160206	oddball_tone	sapo_emerge	oddball	n/a	n/a	n/a	n/a	n/a
2321.428	0	1160714	standard_tone	sapo_emerge	standard	n/a	n/a	n/a	n/a	n/a
2322.444	0	1161222	standard_tone	sapo_emerge	standard	n/a	n/a	n/a	n/a	n/a
2323.460	0	1161730	standard_tone	sapo_emerge	standard	n/a	n/a	n/a	n/a	n/a
2324.474	0	1162237	standard_tone	sapo_emerge	standard	n/a	n/a	n/a	n/a	n/a
2325.490	0	1162745	oddball_tone	sapo_emerge	oddball	n/a	n/a	n/a	n/a	n/a
2326.506	0	1163253	standard_tone	sapo_emerge	standard	n/a	n/a	n/a	n/a	n/a
2327.522	0	1163761	standard_tone	sapo_emerge	standard	n/a	n/a	n/a	n/a	n/a
2328.538	0	1164269	standard_tone	sapo_emerge	standard	n/a	n/a	n/a	n/a	n/a
2329.554	0	1164777	standard_tone	sapo_emerge	standard	n/a	n/a	n/a	n/a	n/a
2330.570	0	1165285	standard_tone	sapo_emerge	standard	n/a	n/a	n/a	n/a	n/a
2331.586	0	1165793	distractor_noise	sapo_emerge	distractor	n/a	n/a	n/a	n/a	n/a
2332.602	0	1166301	oddball_tone	sapo_emerge	oddball	n/a	n/a	n/a	n/a	n/a
2333.618	0	1166809	distractor_noise	sapo_emerge	distractor	n/a	n/a	n/a	n/a	n/a
2334.634	0	1167317	standard_tone	sapo_emerge	standard	n/a	n/a	n/a	n/a	n/a
2335.632	0	1167816	standard_tone	sapo_emerge	standard	n/a	n/a	n/a	n/a	n/a
2336.648	0	1168324	standard_tone	sapo_emerge	standard	n/a	n/a	n/a	n/a	n/a
2337.664	0	1168832	standard_tone	sapo_emerge	standard	n/a	n/a	n/a	n/a	n/a
2338.680	0	1169340	standard_tone	sapo_emerge	standard	n/a	n/a	n/a	n/a	n/a
2339.696	0	1169848	standard_tone	sapo_emerge	standard	n/a	n/a	n/a	n/a	n/a
2340.712	0	1170356	standard_tone	sapo_emerge	standard	n/a	n/a	n/a	n/a	n/a
2341.710	0	1170855	standard_tone	sapo_emerge	standard	n/a	n/a	n/a	n/a	n/a
2342.726	0	1171363	oddball_tone	sapo_emerge	oddball	n/a	n/a	n/a	n/a	n/a
2343.726	0	1171863	standard_tone	sapo_emerge	standard	n/a	n/a	n/a	n/a	n/a
2344.742	0	1172371	standard_tone	sapo_emerge	standard	n/a	n/a	n/a	n/a	n/a
2345.758	0	1172879	standard_tone	sapo_emerge	standard	n/a	n/a	n/a	n/a	n/a
2346.774	0	1173387	distractor_noise	sapo_emerge	distractor	n/a	n/a	n/a	n/a	n/a
2347.788	0	1173894	standard_tone	sapo_emerge	standard	n/a	n/a	n/a	n/a	n/a
2348.806	0	1174403	standard_tone	sapo_emerge	standard	n/a	n/a	n/a	n/a	n/a
2349.820	0	1174910	distractor_noise	sapo_emerge	distractor	n/a	n/a	n/a	n/a	n/a
2350.838	0	1175419	standard_tone	sapo_emerge	standard	n/a	n/a	n/a	n/a	n/a
2351.852	0	1175926	standard_tone	sapo_emerge	standard	n/a	n/a	n/a	n/a	n/a
2352.868	0	1176434	standard_tone	sapo_emerge	standard	n/a	n/a	n/a	n/a	n/a
2353.884	0	1176942	standard_tone	sapo_emerge	standard	n/a	n/a	n/a	n/a	n/a
2354.884	0	1177442	standard_tone	sapo_emerge	standard	n/a	n/a	n/a	n/a	n/a
2355.900	0	1177950	standard_tone	sapo_emerge	standard	n/a	n/a	n/a	n/a	n/a
2356.914	0	1178457	standard_tone	sapo_emerge	standard	n/a	n/a	n/a	n/a	n/a
2357.930	0	1178965	standard_tone	sapo_emerge	standard	n/a	n/a	n/a	n/a	n/a
2358.946	0	1179473	standard_tone	sapo_emerge	standard	n/a	n/a	n/a	n/a	n/a
2359.962	0	1179981	oddball_tone	sapo_emerge	oddball	n/a	n/a	n/a	n/a	n/a
2360.978	0	1180489	standard_tone	sapo_emerge	standard	n/a	n/a	n/a	n/a	n/a
2361.994	0	1180997	standard_tone	sapo_emerge	standard	n/a	n/a	n/a	n/a	n/a
2363.010	0	1181505	standard_tone	sapo_emerge	standard	n/a	n/a	n/a	n/a	n/a
2364.026	0	1182013	standard_tone	sapo_emerge	standard	n/a	n/a	n/a	n/a	n/a
2365.042	0	1182521	standard_tone	sapo_emerge	standard	n/a	n/a	n/a	n/a	n/a
2366.058	0	1183029	standard_tone	sapo_emerge	standard	n/a	n/a	n/a	n/a	n/a
2367.072	0	1183536	standard_tone	sapo_emerge	standard	n/a	n/a	n/a	n/a	n/a
2368.088	0	1184044	distractor_noise	sapo_emerge	distractor	n/a	n/a	n/a	n/a	n/a
2369.104	0	1184552	standard_tone	sapo_emerge	standard	n/a	n/a	n/a	n/a	n/a
2370.120	0	1185060	oddball_tone	sapo_emerge	oddball	n/a	n/a	n/a	n/a	n/a
2371.136	0	1185568	standard_tone	sapo_emerge	standard	n/a	n/a	n/a	n/a	n/a
2372.150	0	1186075	standard_tone	sapo_emerge	standard	n/a	n/a	n/a	n/a	n/a
2373.152	0	1186576	standard_tone	sapo_emerge	standard	n/a	n/a	n/a	n/a	n/a
2374.150	0	1187075	standard_tone	sapo_emerge	standard	n/a	n/a	n/a	n/a	n/a
2375.166	0	1187583	standard_tone	sapo_emerge	standard	n/a	n/a	n/a	n/a	n/a
2376.182	0	1188091	standard_tone	sapo_emerge	standard	n/a	n/a	n/a	n/a	n/a
2377.196	0	1188598	standard_tone	sapo_emerge	standard	n/a	n/a	n/a	n/a	n/a
2378.198	0	1189099	standard_tone	sapo_emerge	standard	n/a	n/a	n/a	n/a	n/a
2379.214	0	1189607	standard_tone	sapo_emerge	standard	n/a	n/a	n/a	n/a	n/a
2380.228	0	1190114	oddball_tone	sapo_emerge	oddball	n/a	n/a	n/a	n/a	n/a
2381.244	0	1190622	standard_tone	sapo_emerge	standard	n/a	n/a	n/a	n/a	n/a
2382.260	0	1191130	standard_tone	sapo_emerge	standard	n/a	n/a	n/a	n/a	n/a
2383.260	0	1191630	standard_tone	sapo_emerge	standard	n/a	n/a	n/a	n/a	n/a
2384.262	0	1192131	oddball_tone	sapo_emerge	oddball	n/a	n/a	n/a	n/a	n/a
2385.274	0	1192637	standard_tone	sapo_emerge	standard	n/a	n/a	n/a	n/a	n/a
2386.274	0	1193137	standard_tone	sapo_emerge	standard	n/a	n/a	n/a	n/a	n/a
2387.288	0	1193644	standard_tone	sapo_emerge	standard	n/a	n/a	n/a	n/a	n/a
2388.306	0	1194153	distractor_noise	sapo_emerge	distractor	n/a	n/a	n/a	n/a	n/a
2389.322	0	1194661	standard_tone	sapo_emerge	standard	n/a	n/a	n/a	n/a	n/a
2390.338	0	1195169	standard_tone	sapo_emerge	standard	n/a	n/a	n/a	n/a	n/a
2391.354	0	1195677	standard_tone	sapo_emerge	standard	n/a	n/a	n/a	n/a	n/a
2392.368	0	1196184	standard_tone	sapo_emerge	standard	n/a	n/a	n/a	n/a	n/a
2393.386	0	1196693	oddball_tone	sapo_emerge	oddball	n/a	n/a	n/a	n/a	n/a
2394.400	0	1197200	standard_tone	sapo_emerge	standard	n/a	n/a	n/a	n/a	n/a
2395.416	0	1197708	standard_tone	sapo_emerge	standard	n/a	n/a	n/a	n/a	n/a
2396.416	0	1198208	standard_tone	sapo_emerge	standard	n/a	n/a	n/a	n/a	n/a
2397.432	0	1198716	oddball_tone	sapo_emerge	oddball	n/a	n/a	n/a	n/a	n/a
2398.448	0	1199224	distractor_noise	sapo_emerge	distractor	n/a	n/a	n/a	n/a	n/a
2399.462	0	1199731	standard_tone	sapo_emerge	standard	n/a	n/a	n/a	n/a	n/a
2400.478	0	1200239	standard_tone	sapo_emerge	standard	n/a	n/a	n/a	n/a	n/a
2401.478	0	1200739	standard_tone	sapo_emerge	standard	n/a	n/a	n/a	n/a	n/a
2402.494	0	1201247	standard_tone	sapo_emerge	standard	n/a	n/a	n/a	n/a	n/a
2403.510	0	1201755	standard_tone	sapo_emerge	standard	n/a	n/a	n/a	n/a	n/a
2404.526	0	1202263	standard_tone	sapo_emerge	standard	n/a	n/a	n/a	n/a	n/a
2405.542	0	1202771	oddball_tone	sapo_emerge	oddball	n/a	n/a	n/a	n/a	n/a
2406.556	0	1203278	standard_tone	sapo_emerge	standard	n/a	n/a	n/a	n/a	n/a
2407.572	0	1203786	standard_tone	sapo_emerge	standard	n/a	n/a	n/a	n/a	n/a
2408.588	0	1204294	standard_tone	sapo_emerge	standard	n/a	n/a	n/a	n/a	n/a
2409.604	0	1204802	standard_tone	sapo_emerge	standard	n/a	n/a	n/a	n/a	n/a
2410.620	0	1205310	standard_tone	sapo_emerge	standard	n/a	n/a	n/a	n/a	n/a
2411.636	0	1205818	standard_tone	sapo_emerge	standard	n/a	n/a	n/a	n/a	n/a
2412.652	0	1206326	standard_tone	sapo_emerge	standard	n/a	n/a	n/a	n/a	n/a
2413.402	0	1206701	silence_end	sapo_emerge	silence-end	n/a	n/a	n/a	n/a	n/a
2413.418	0	1206709	gong_begin	sapo_emerge	gong-begin	n/a	n/a	n/a	n/a	n/a
2413.668	0	1206834	standard_tone	sapo_emerge	standard	n/a	n/a	n/a	n/a	n/a
2414.684	0	1207342	standard_tone	sapo_emerge	standard	n/a	n/a	n/a	n/a	n/a
2415.700	0	1207850	standard_tone	sapo_emerge	standard	n/a	n/a	n/a	n/a	n/a
2416.716	0	1208358	standard_tone	sapo_emerge	standard	n/a	n/a	n/a	n/a	n/a
2417.730	0	1208865	standard_tone	sapo_emerge	standard	n/a	n/a	n/a	n/a	n/a
2418.746	0	1209373	standard_tone	sapo_emerge	standard	n/a	n/a	n/a	n/a	n/a
2419.764	0	1209882	standard_tone	sapo_emerge	standard	n/a	n/a	n/a	n/a	n/a
2420.778	0	1210389	standard_tone	sapo_emerge	standard	n/a	n/a	n/a	n/a	n/a
2421.794	0	1210897	standard_tone	sapo_emerge	standard	n/a	n/a	n/a	n/a	n/a
2422.810	0	1211405	standard_tone	sapo_emerge	standard	n/a	n/a	n/a	n/a	n/a
2423.410	0	1211705	gong_end	sapo_emerge	gong-end	n/a	n/a	n/a	n/a	n/a
2423.410	0	1211705	subblock_end	sapo_emerge	subblock-end-duration-124.33	n/a	n/a	n/a	124.330	n/a
2423.412	0	1211706	subblock_begin	sapo_emerge	subblock-begin	n/a	n/a	n/a	n/a	n/a
2423.412	0	1211706	silence_begin	sapo_emerge	silence-begin	n/a	n/a	n/a	n/a	n/a
2423.826	0	1211913	distractor_noise	sapo_emerge	distractor	n/a	n/a	n/a	n/a	n/a
2424.826	0	1212413	standard_tone	sapo_emerge	standard	n/a	n/a	n/a	n/a	n/a
2425.842	0	1212921	distractor_noise	sapo_emerge	distractor	n/a	n/a	n/a	n/a	n/a
2426.858	0	1213429	standard_tone	sapo_emerge	standard	n/a	n/a	n/a	n/a	n/a
2427.872	0	1213936	standard_tone	sapo_emerge	standard	n/a	n/a	n/a	n/a	n/a
2428.888	0	1214444	standard_tone	sapo_emerge	standard	n/a	n/a	n/a	n/a	n/a
2429.904	0	1214952	standard_tone	sapo_emerge	standard	n/a	n/a	n/a	n/a	n/a
2430.920	0	1215460	distractor_noise	sapo_emerge	distractor	n/a	n/a	n/a	n/a	n/a
2431.936	0	1215968	standard_tone	sapo_emerge	standard	n/a	n/a	n/a	n/a	n/a
2432.952	0	1216476	standard_tone	sapo_emerge	standard	n/a	n/a	n/a	n/a	n/a
2433.968	0	1216984	oddball_tone	sapo_emerge	oddball	n/a	n/a	n/a	n/a	n/a
2434.984	0	1217492	standard_tone	sapo_emerge	standard	n/a	n/a	n/a	n/a	n/a
2436.000	0	1218000	standard_tone	sapo_emerge	standard	n/a	n/a	n/a	n/a	n/a
2437.016	0	1218508	standard_tone	sapo_emerge	standard	n/a	n/a	n/a	n/a	n/a
2438.032	0	1219016	distractor_noise	sapo_emerge	distractor	n/a	n/a	n/a	n/a	n/a
2439.046	0	1219523	standard_tone	sapo_emerge	standard	n/a	n/a	n/a	n/a	n/a
2440.062	0	1220031	oddball_tone	sapo_emerge	oddball	n/a	n/a	n/a	n/a	n/a
2441.062	0	1220531	standard_tone	sapo_emerge	standard	n/a	n/a	n/a	n/a	n/a
2442.078	0	1221039	standard_tone	sapo_emerge	standard	n/a	n/a	n/a	n/a	n/a
2443.094	0	1221547	distractor_noise	sapo_emerge	distractor	n/a	n/a	n/a	n/a	n/a
2444.110	0	1222055	standard_tone	sapo_emerge	standard	n/a	n/a	n/a	n/a	n/a
2445.124	0	1222562	standard_tone	sapo_emerge	standard	n/a	n/a	n/a	n/a	n/a
2446.142	0	1223071	standard_tone	sapo_emerge	standard	n/a	n/a	n/a	n/a	n/a
2447.156	0	1223578	standard_tone	sapo_emerge	standard	n/a	n/a	n/a	n/a	n/a
2448.172	0	1224086	standard_tone	sapo_emerge	standard	n/a	n/a	n/a	n/a	n/a
2449.188	0	1224594	oddball_tone	sapo_emerge	oddball	n/a	n/a	n/a	n/a	n/a
2450.204	0	1225102	standard_tone	sapo_emerge	standard	n/a	n/a	n/a	n/a	n/a
2451.220	0	1225610	standard_tone	sapo_emerge	standard	n/a	n/a	n/a	n/a	n/a
2452.236	0	1226118	standard_tone	sapo_emerge	standard	n/a	n/a	n/a	n/a	n/a
2453.252	0	1226626	standard_tone	sapo_emerge	standard	n/a	n/a	n/a	n/a	n/a
2454.268	0	1227134	standard_tone	sapo_emerge	standard	n/a	n/a	n/a	n/a	n/a
2455.284	0	1227642	oddball_tone	sapo_emerge	oddball	n/a	n/a	n/a	n/a	n/a
2456.300	0	1228150	standard_tone	sapo_emerge	standard	n/a	n/a	n/a	n/a	n/a
2457.298	0	1228649	oddball_tone	sapo_emerge	oddball	n/a	n/a	n/a	n/a	n/a
2458.314	0	1229157	standard_tone	sapo_emerge	standard	n/a	n/a	n/a	n/a	n/a
2459.330	0	1229665	standard_tone	sapo_emerge	standard	n/a	n/a	n/a	n/a	n/a
2460.346	0	1230173	standard_tone	sapo_emerge	standard	n/a	n/a	n/a	n/a	n/a
2461.362	0	1230681	standard_tone	sapo_emerge	standard	n/a	n/a	n/a	n/a	n/a
2462.378	0	1231189	standard_tone	sapo_emerge	standard	n/a	n/a	n/a	n/a	n/a
2463.394	0	1231697	oddball_tone	sapo_emerge	oddball	n/a	n/a	n/a	n/a	n/a
2464.410	0	1232205	standard_tone	sapo_emerge	standard	n/a	n/a	n/a	n/a	n/a
2465.426	0	1232713	standard_tone	sapo_emerge	standard	n/a	n/a	n/a	n/a	n/a
2466.440	0	1233220	standard_tone	sapo_emerge	standard	n/a	n/a	n/a	n/a	n/a
2467.456	0	1233728	distractor_noise	sapo_emerge	distractor	n/a	n/a	n/a	n/a	n/a
2468.472	0	1234236	standard_tone	sapo_emerge	standard	n/a	n/a	n/a	n/a	n/a
2469.488	0	1234744	standard_tone	sapo_emerge	standard	n/a	n/a	n/a	n/a	n/a
2470.504	0	1235252	standard_tone	sapo_emerge	standard	n/a	n/a	n/a	n/a	n/a
2471.520	0	1235760	standard_tone	sapo_emerge	standard	n/a	n/a	n/a	n/a	n/a
2472.536	0	1236268	standard_tone	sapo_emerge	standard	n/a	n/a	n/a	n/a	n/a
2473.550	0	1236775	standard_tone	sapo_emerge	standard	n/a	n/a	n/a	n/a	n/a
2474.550	0	1237275	standard_tone	sapo_emerge	standard	n/a	n/a	n/a	n/a	n/a
2475.566	0	1237783	standard_tone	sapo_emerge	standard	n/a	n/a	n/a	n/a	n/a
2476.582	0	1238291	standard_tone	sapo_emerge	standard	n/a	n/a	n/a	n/a	n/a
2477.582	0	1238791	oddball_tone	sapo_emerge	oddball	n/a	n/a	n/a	n/a	n/a
2478.596	0	1239298	distractor_noise	sapo_emerge	distractor	n/a	n/a	n/a	n/a	n/a
2479.614	0	1239807	standard_tone	sapo_emerge	standard	n/a	n/a	n/a	n/a	n/a
2480.628	0	1240314	standard_tone	sapo_emerge	standard	n/a	n/a	n/a	n/a	n/a
2481.628	0	1240814	standard_tone	sapo_emerge	standard	n/a	n/a	n/a	n/a	n/a
2482.644	0	1241322	standard_tone	sapo_emerge	standard	n/a	n/a	n/a	n/a	n/a
2483.660	0	1241830	standard_tone	sapo_emerge	standard	n/a	n/a	n/a	n/a	n/a
2484.676	0	1242338	standard_tone	sapo_emerge	standard	n/a	n/a	n/a	n/a	n/a
2485.692	0	1242846	distractor_noise	sapo_emerge	distractor	n/a	n/a	n/a	n/a	n/a
2486.708	0	1243354	standard_tone	sapo_emerge	standard	n/a	n/a	n/a	n/a	n/a
2487.724	0	1243862	standard_tone	sapo_emerge	standard	n/a	n/a	n/a	n/a	n/a
2488.738	0	1244369	distractor_noise	sapo_emerge	distractor	n/a	n/a	n/a	n/a	n/a
2489.754	0	1244877	standard_tone	sapo_emerge	standard	n/a	n/a	n/a	n/a	n/a
2490.770	0	1245385	standard_tone	sapo_emerge	standard	n/a	n/a	n/a	n/a	n/a
2491.786	0	1245893	standard_tone	sapo_emerge	standard	n/a	n/a	n/a	n/a	n/a
2492.802	0	1246401	distractor_noise	sapo_emerge	distractor	n/a	n/a	n/a	n/a	n/a
2493.818	0	1246909	standard_tone	sapo_emerge	standard	n/a	n/a	n/a	n/a	n/a
2494.834	0	1247417	standard_tone	sapo_emerge	standard	n/a	n/a	n/a	n/a	n/a
2495.850	0	1247925	standard_tone	sapo_emerge	standard	n/a	n/a	n/a	n/a	n/a
2496.866	0	1248433	oddball_tone	sapo_emerge	oddball	n/a	n/a	n/a	n/a	n/a
2497.882	0	1248941	standard_tone	sapo_emerge	standard	n/a	n/a	n/a	n/a	n/a
2498.898	0	1249449	standard_tone	sapo_emerge	standard	n/a	n/a	n/a	n/a	n/a
2499.912	0	1249956	standard_tone	sapo_emerge	standard	n/a	n/a	n/a	n/a	n/a
2500.928	0	1250464	standard_tone	sapo_emerge	standard	n/a	n/a	n/a	n/a	n/a
2501.944	0	1250972	standard_tone	sapo_emerge	standard	n/a	n/a	n/a	n/a	n/a
2502.960	0	1251480	standard_tone	sapo_emerge	standard	n/a	n/a	n/a	n/a	n/a
2503.976	0	1251988	standard_tone	sapo_emerge	standard	n/a	n/a	n/a	n/a	n/a
2504.992	0	1252496	standard_tone	sapo_emerge	standard	n/a	n/a	n/a	n/a	n/a
2506.008	0	1253004	oddball_tone	sapo_emerge	oddball	n/a	n/a	n/a	n/a	n/a
2507.024	0	1253512	standard_tone	sapo_emerge	standard	n/a	n/a	n/a	n/a	n/a
2508.040	0	1254020	standard_tone	sapo_emerge	standard	n/a	n/a	n/a	n/a	n/a
2509.056	0	1254528	standard_tone	sapo_emerge	standard	n/a	n/a	n/a	n/a	n/a
2510.070	0	1255035	distractor_noise	sapo_emerge	distractor	n/a	n/a	n/a	n/a	n/a
2511.088	0	1255544	standard_tone	sapo_emerge	standard	n/a	n/a	n/a	n/a	n/a
2512.086	0	1256043	standard_tone	sapo_emerge	standard	n/a	n/a	n/a	n/a	n/a
2513.102	0	1256551	standard_tone	sapo_emerge	standard	n/a	n/a	n/a	n/a	n/a
2514.102	0	1257051	distractor_noise	sapo_emerge	distractor	n/a	n/a	n/a	n/a	n/a
2515.118	0	1257559	oddball_tone	sapo_emerge	oddball	n/a	n/a	n/a	n/a	n/a
2516.134	0	1258067	standard_tone	sapo_emerge	standard	n/a	n/a	n/a	n/a	n/a
2517.148	0	1258574	standard_tone	sapo_emerge	standard	n/a	n/a	n/a	n/a	n/a
2518.164	0	1259082	standard_tone	sapo_emerge	standard	n/a	n/a	n/a	n/a	n/a
2519.164	0	1259582	standard_tone	sapo_emerge	standard	n/a	n/a	n/a	n/a	n/a
2520.180	0	1260090	standard_tone	sapo_emerge	standard	n/a	n/a	n/a	n/a	n/a
2521.196	0	1260598	standard_tone	sapo_emerge	standard	n/a	n/a	n/a	n/a	n/a
2522.210	0	1261105	standard_tone	sapo_emerge	standard	n/a	n/a	n/a	n/a	n/a
2523.228	0	1261614	standard_tone	sapo_emerge	standard	n/a	n/a	n/a	n/a	n/a
2524.242	0	1262121	standard_tone	sapo_emerge	standard	n/a	n/a	n/a	n/a	n/a
2524.742	0	1262371	silence_end	sapo_emerge	silence-end	n/a	n/a	n/a	n/a	n/a
2524.744	0	1262372	gong_begin	sapo_emerge	gong-begin	n/a	n/a	n/a	n/a	n/a
2525.258	0	1262629	distractor_noise	sapo_emerge	distractor	n/a	n/a	n/a	n/a	n/a
2526.274	0	1263137	standard_tone	sapo_emerge	standard	n/a	n/a	n/a	n/a	n/a
2527.290	0	1263645	standard_tone	sapo_emerge	standard	n/a	n/a	n/a	n/a	n/a
2528.290	0	1264145	standard_tone	sapo_emerge	standard	n/a	n/a	n/a	n/a	n/a
2529.306	0	1264653	standard_tone	sapo_emerge	standard	n/a	n/a	n/a	n/a	n/a
2530.322	0	1265161	standard_tone	sapo_emerge	standard	n/a	n/a	n/a	n/a	n/a
2531.336	0	1265668	standard_tone	sapo_emerge	standard	n/a	n/a	n/a	n/a	n/a
2532.352	0	1266176	standard_tone	sapo_emerge	standard	n/a	n/a	n/a	n/a	n/a
2533.368	0	1266684	standard_tone	sapo_emerge	standard	n/a	n/a	n/a	n/a	n/a
2534.368	0	1267184	distractor_noise	sapo_emerge	distractor	n/a	n/a	n/a	n/a	n/a
2534.752	0	1267376	gong_end	sapo_emerge	gong-end	n/a	n/a	n/a	n/a	n/a
2534.752	0	1267376	subblock_end	sapo_emerge	subblock-end-duration-111.341	n/a	n/a	n/a	111.341	n/a
2534.752	0	1267376	subblock_begin	sapo_emerge	subblock-begin	n/a	n/a	n/a	n/a	n/a
2534.754	0	1267377	silence_begin	sapo_emerge	silence-begin	n/a	n/a	n/a	n/a	n/a
2535.384	0	1267692	oddball_tone	sapo_emerge	oddball	n/a	n/a	n/a	n/a	n/a
2536.400	0	1268200	distractor_noise	sapo_emerge	distractor	n/a	n/a	n/a	n/a	n/a
2537.414	0	1268707	standard_tone	sapo_emerge	standard	n/a	n/a	n/a	n/a	n/a
2538.416	0	1269208	standard_tone	sapo_emerge	standard	n/a	n/a	n/a	n/a	n/a
2539.430	0	1269715	standard_tone	sapo_emerge	standard	n/a	n/a	n/a	n/a	n/a
2540.446	0	1270223	standard_tone	sapo_emerge	standard	n/a	n/a	n/a	n/a	n/a
2541.082	0	1270541	clicker_press	sapo_emerge	response-received-arrow_up	n/a	n/a	n/a	n/a	arrow_up
2541.112	0	1270556	report_window_begin	sapo_emerge	emerge-sapo-emerge-begin	n/a	n/a	n/a	n/a	n/a
2541.412	0	1270706	clicker_press	sapo_emerge	response-received-arrow_up	n/a	n/a	n/a	n/a	arrow_up
2542.012	0	1271006	clicker_press	sapo_emerge	response-received-arrow_up	n/a	n/a	n/a	n/a	arrow_up
2545.160	0	1272580	depth_rating	sapo_emerge	rating-sapo-emerge-meditation_depth-3	3	n/a	n/a	n/a	n/a
2551.172	0	1275586	clicker_press	sapo_emerge	response-received-arrow_up	n/a	n/a	n/a	n/a	arrow_up
2551.470	0	1275735	clicker_press	sapo_emerge	response-received-arrow_up	n/a	n/a	n/a	n/a	arrow_up
2551.938	0	1275969	clicker_press	sapo_emerge	response-received-arrow_up	n/a	n/a	n/a	n/a	arrow_up
2552.620	0	1276310	clicker_press	sapo_emerge	response-received-arrow_up	n/a	n/a	n/a	n/a	arrow_up
2553.636	0	1276818	clicker_press	sapo_emerge	response-received-arrow_up	n/a	n/a	n/a	n/a	arrow_up
2555.250	0	1277625	confidence_rating	sapo_emerge	rating-sapo-emerge-confidence_depth-5	n/a	5	n/a	n/a	n/a
2558.832	0	1279416	report_window_end	sapo_emerge	emerge-sapo-emerge-end	n/a	n/a	n/a	n/a	n/a
2558.832	0	1279416	subblock_begin	sapo_emerge	subblock-begin	n/a	n/a	n/a	n/a	n/a
2558.832	0	1279416	silence_begin	sapo_emerge	silence-begin	n/a	n/a	n/a	n/a	n/a
2558.834	0	1279417	standard_tone	sapo_emerge	standard	n/a	n/a	n/a	n/a	n/a
2559.846	0	1279923	standard_tone	sapo_emerge	standard	n/a	n/a	n/a	n/a	n/a
2560.862	0	1280431	standard_tone	sapo_emerge	standard	n/a	n/a	n/a	n/a	n/a
2561.878	0	1280939	standard_tone	sapo_emerge	standard	n/a	n/a	n/a	n/a	n/a
2562.894	0	1281447	oddball_tone	sapo_emerge	oddball	n/a	n/a	n/a	n/a	n/a
2563.910	0	1281955	standard_tone	sapo_emerge	standard	n/a	n/a	n/a	n/a	n/a
2564.926	0	1282463	standard_tone	sapo_emerge	standard	n/a	n/a	n/a	n/a	n/a
2565.942	0	1282971	oddball_tone	sapo_emerge	oddball	n/a	n/a	n/a	n/a	n/a
2566.942	0	1283471	standard_tone	sapo_emerge	standard	n/a	n/a	n/a	n/a	n/a
2567.956	0	1283978	standard_tone	sapo_emerge	standard	n/a	n/a	n/a	n/a	n/a
2568.972	0	1284486	standard_tone	sapo_emerge	standard	n/a	n/a	n/a	n/a	n/a
2569.988	0	1284994	standard_tone	sapo_emerge	standard	n/a	n/a	n/a	n/a	n/a
2571.004	0	1285502	standard_tone	sapo_emerge	standard	n/a	n/a	n/a	n/a	n/a
2572.020	0	1286010	standard_tone	sapo_emerge	standard	n/a	n/a	n/a	n/a	n/a
2573.036	0	1286518	standard_tone	sapo_emerge	standard	n/a	n/a	n/a	n/a	n/a
2574.052	0	1287026	standard_tone	sapo_emerge	standard	n/a	n/a	n/a	n/a	n/a
2575.068	0	1287534	standard_tone	sapo_emerge	standard	n/a	n/a	n/a	n/a	n/a
2576.084	0	1288042	oddball_tone	sapo_emerge	oddball	n/a	n/a	n/a	n/a	n/a
2577.100	0	1288550	standard_tone	sapo_emerge	standard	n/a	n/a	n/a	n/a	n/a
2578.114	0	1289057	standard_tone	sapo_emerge	standard	n/a	n/a	n/a	n/a	n/a
2579.130	0	1289565	standard_tone	sapo_emerge	standard	n/a	n/a	n/a	n/a	n/a
2580.146	0	1290073	distractor_noise	sapo_emerge	distractor	n/a	n/a	n/a	n/a	n/a
2581.162	0	1290581	standard_tone	sapo_emerge	standard	n/a	n/a	n/a	n/a	n/a
2582.178	0	1291089	standard_tone	sapo_emerge	standard	n/a	n/a	n/a	n/a	n/a
2583.194	0	1291597	standard_tone	sapo_emerge	standard	n/a	n/a	n/a	n/a	n/a
2584.210	0	1292105	distractor_noise	sapo_emerge	distractor	n/a	n/a	n/a	n/a	n/a
2585.210	0	1292605	oddball_tone	sapo_emerge	oddball	n/a	n/a	n/a	n/a	n/a
2586.224	0	1293112	standard_tone	sapo_emerge	standard	n/a	n/a	n/a	n/a	n/a
2587.240	0	1293620	distractor_noise	sapo_emerge	distractor	n/a	n/a	n/a	n/a	n/a
2588.256	0	1294128	standard_tone	sapo_emerge	standard	n/a	n/a	n/a	n/a	n/a
2589.272	0	1294636	standard_tone	sapo_emerge	standard	n/a	n/a	n/a	n/a	n/a
2590.288	0	1295144	standard_tone	sapo_emerge	standard	n/a	n/a	n/a	n/a	n/a
2591.288	0	1295644	standard_tone	sapo_emerge	standard	n/a	n/a	n/a	n/a	n/a
2592.304	0	1296152	standard_tone	sapo_emerge	standard	n/a	n/a	n/a	n/a	n/a
2593.318	0	1296659	standard_tone	sapo_emerge	standard	n/a	n/a	n/a	n/a	n/a
2594.334	0	1297167	standard_tone	sapo_emerge	standard	n/a	n/a	n/a	n/a	n/a
2595.350	0	1297675	standard_tone	sapo_emerge	standard	n/a	n/a	n/a	n/a	n/a
2596.366	0	1298183	standard_tone	sapo_emerge	standard	n/a	n/a	n/a	n/a	n/a
2597.382	0	1298691	distractor_noise	sapo_emerge	distractor	n/a	n/a	n/a	n/a	n/a
2598.398	0	1299199	standard_tone	sapo_emerge	standard	n/a	n/a	n/a	n/a	n/a
2599.398	0	1299699	standard_tone	sapo_emerge	standard	n/a	n/a	n/a	n/a	n/a
2600.414	0	1300207	standard_tone	sapo_emerge	standard	n/a	n/a	n/a	n/a	n/a
2601.430	0	1300715	standard_tone	sapo_emerge	standard	n/a	n/a	n/a	n/a	n/a
2602.446	0	1301223	distractor_noise	sapo_emerge	distractor	n/a	n/a	n/a	n/a	n/a
2603.460	0	1301730	standard_tone	sapo_emerge	standard	n/a	n/a	n/a	n/a	n/a
2604.476	0	1302238	standard_tone	sapo_emerge	standard	n/a	n/a	n/a	n/a	n/a
2605.492	0	1302746	standard_tone	sapo_emerge	standard	n/a	n/a	n/a	n/a	n/a
2606.508	0	1303254	standard_tone	sapo_emerge	standard	n/a	n/a	n/a	n/a	n/a
2607.524	0	1303762	standard_tone	sapo_emerge	standard	n/a	n/a	n/a	n/a	n/a
2608.540	0	1304270	standard_tone	sapo_emerge	standard	n/a	n/a	n/a	n/a	n/a
2609.556	0	1304778	standard_tone	sapo_emerge	standard	n/a	n/a	n/a	n/a	n/a
2610.572	0	1305286	standard_tone	sapo_emerge	standard	n/a	n/a	n/a	n/a	n/a
2611.588	0	1305794	standard_tone	sapo_emerge	standard	n/a	n/a	n/a	n/a	n/a
2612.604	0	1306302	standard_tone	sapo_emerge	standard	n/a	n/a	n/a	n/a	n/a
2613.618	0	1306809	standard_tone	sapo_emerge	standard	n/a	n/a	n/a	n/a	n/a
2614.634	0	1307317	distractor_noise	sapo_emerge	distractor	n/a	n/a	n/a	n/a	n/a
2615.650	0	1307825	standard_tone	sapo_emerge	standard	n/a	n/a	n/a	n/a	n/a
2616.666	0	1308333	standard_tone	sapo_emerge	standard	n/a	n/a	n/a	n/a	n/a
2617.682	0	1308841	standard_tone	sapo_emerge	standard	n/a	n/a	n/a	n/a	n/a
2618.698	0	1309349	standard_tone	sapo_emerge	standard	n/a	n/a	n/a	n/a	n/a
2619.714	0	1309857	oddball_tone	sapo_emerge	oddball	n/a	n/a	n/a	n/a	n/a
2620.730	0	1310365	standard_tone	sapo_emerge	standard	n/a	n/a	n/a	n/a	n/a
2621.746	0	1310873	standard_tone	sapo_emerge	standard	n/a	n/a	n/a	n/a	n/a
2622.762	0	1311381	standard_tone	sapo_emerge	standard	n/a	n/a	n/a	n/a	n/a
2623.776	0	1311888	standard_tone	sapo_emerge	standard	n/a	n/a	n/a	n/a	n/a
2624.794	0	1312397	standard_tone	sapo_emerge	standard	n/a	n/a	n/a	n/a	n/a
2625.810	0	1312905	standard_tone	sapo_emerge	standard	n/a	n/a	n/a	n/a	n/a
2626.824	0	1313412	standard_tone	sapo_emerge	standard	n/a	n/a	n/a	n/a	n/a
2627.824	0	1313912	standard_tone	sapo_emerge	standard	n/a	n/a	n/a	n/a	n/a
2628.824	0	1314412	standard_tone	sapo_emerge	standard	n/a	n/a	n/a	n/a	n/a
2629.840	0	1314920	standard_tone	sapo_emerge	standard	n/a	n/a	n/a	n/a	n/a
2630.854	0	1315427	standard_tone	sapo_emerge	standard	n/a	n/a	n/a	n/a	n/a
2631.870	0	1315935	standard_tone	sapo_emerge	standard	n/a	n/a	n/a	n/a	n/a
2632.886	0	1316443	oddball_tone	sapo_emerge	oddball	n/a	n/a	n/a	n/a	n/a
2633.902	0	1316951	standard_tone	sapo_emerge	standard	n/a	n/a	n/a	n/a	n/a
2634.918	0	1317459	standard_tone	sapo_emerge	standard	n/a	n/a	n/a	n/a	n/a
2635.934	0	1317967	standard_tone	sapo_emerge	standard	n/a	n/a	n/a	n/a	n/a
2636.950	0	1318475	standard_tone	sapo_emerge	standard	n/a	n/a	n/a	n/a	n/a
2637.966	0	1318983	standard_tone	sapo_emerge	standard	n/a	n/a	n/a	n/a	n/a
2638.982	0	1319491	oddball_tone	sapo_emerge	oddball	n/a	n/a	n/a	n/a	n/a
2639.996	0	1319998	standard_tone	sapo_emerge	standard	n/a	n/a	n/a	n/a	n/a
2641.014	0	1320507	standard_tone	sapo_emerge	standard	n/a	n/a	n/a	n/a	n/a
2642.028	0	1321014	oddball_tone	sapo_emerge	oddball	n/a	n/a	n/a	n/a	n/a
2643.044	0	1321522	standard_tone	sapo_emerge	standard	n/a	n/a	n/a	n/a	n/a
2644.044	0	1322022	distractor_noise	sapo_emerge	distractor	n/a	n/a	n/a	n/a	n/a
2645.060	0	1322530	standard_tone	sapo_emerge	standard	n/a	n/a	n/a	n/a	n/a
2646.076	0	1323038	standard_tone	sapo_emerge	standard	n/a	n/a	n/a	n/a	n/a
2647.092	0	1323546	standard_tone	sapo_emerge	standard	n/a	n/a	n/a	n/a	n/a
2648.108	0	1324054	standard_tone	sapo_emerge	standard	n/a	n/a	n/a	n/a	n/a
2649.122	0	1324561	distractor_noise	sapo_emerge	distractor	n/a	n/a	n/a	n/a	n/a
2650.122	0	1325061	standard_tone	sapo_emerge	standard	n/a	n/a	n/a	n/a	n/a
2651.138	0	1325569	standard_tone	sapo_emerge	standard	n/a	n/a	n/a	n/a	n/a
2652.154	0	1326077	standard_tone	sapo_emerge	standard	n/a	n/a	n/a	n/a	n/a
2653.170	0	1326585	distractor_noise	sapo_emerge	distractor	n/a	n/a	n/a	n/a	n/a
2654.186	0	1327093	standard_tone	sapo_emerge	standard	n/a	n/a	n/a	n/a	n/a
2655.200	0	1327600	standard_tone	sapo_emerge	standard	n/a	n/a	n/a	n/a	n/a
2656.216	0	1328108	standard_tone	sapo_emerge	standard	n/a	n/a	n/a	n/a	n/a
2657.232	0	1328616	standard_tone	sapo_emerge	standard	n/a	n/a	n/a	n/a	n/a
2658.250	0	1329125	standard_tone	sapo_emerge	standard	n/a	n/a	n/a	n/a	n/a
2659.264	0	1329632	standard_tone	sapo_emerge	standard	n/a	n/a	n/a	n/a	n/a
2660.280	0	1330140	standard_tone	sapo_emerge	standard	n/a	n/a	n/a	n/a	n/a
2661.280	0	1330640	standard_tone	sapo_emerge	standard	n/a	n/a	n/a	n/a	n/a
2662.296	0	1331148	standard_tone	sapo_emerge	standard	n/a	n/a	n/a	n/a	n/a
2663.310	0	1331655	standard_tone	sapo_emerge	standard	n/a	n/a	n/a	n/a	n/a
2664.326	0	1332163	standard_tone	sapo_emerge	standard	n/a	n/a	n/a	n/a	n/a
2665.342	0	1332671	standard_tone	sapo_emerge	standard	n/a	n/a	n/a	n/a	n/a
2666.358	0	1333179	standard_tone	sapo_emerge	standard	n/a	n/a	n/a	n/a	n/a
2667.374	0	1333687	oddball_tone	sapo_emerge	oddball	n/a	n/a	n/a	n/a	n/a
2668.390	0	1334195	standard_tone	sapo_emerge	standard	n/a	n/a	n/a	n/a	n/a
2669.406	0	1334703	standard_tone	sapo_emerge	standard	n/a	n/a	n/a	n/a	n/a
2670.422	0	1335211	standard_tone	sapo_emerge	standard	n/a	n/a	n/a	n/a	n/a
2671.438	0	1335719	standard_tone	sapo_emerge	standard	n/a	n/a	n/a	n/a	n/a
2672.454	0	1336227	standard_tone	sapo_emerge	standard	n/a	n/a	n/a	n/a	n/a
2672.804	0	1336402	silence_end	sapo_emerge	silence-end	n/a	n/a	n/a	n/a	n/a
2672.804	0	1336402	gong_begin	sapo_emerge	gong-begin	n/a	n/a	n/a	n/a	n/a
2673.470	0	1336735	standard_tone	sapo_emerge	standard	n/a	n/a	n/a	n/a	n/a
2674.484	0	1337242	standard_tone	sapo_emerge	standard	n/a	n/a	n/a	n/a	n/a
2675.500	0	1337750	standard_tone	sapo_emerge	standard	n/a	n/a	n/a	n/a	n/a
2676.516	0	1338258	standard_tone	sapo_emerge	standard	n/a	n/a	n/a	n/a	n/a
2677.532	0	1338766	standard_tone	sapo_emerge	standard	n/a	n/a	n/a	n/a	n/a
2678.532	0	1339266	standard_tone	sapo_emerge	standard	n/a	n/a	n/a	n/a	n/a
2679.548	0	1339774	standard_tone	sapo_emerge	standard	n/a	n/a	n/a	n/a	n/a
2680.564	0	1340282	standard_tone	sapo_emerge	standard	n/a	n/a	n/a	n/a	n/a
2681.562	0	1340781	oddball_tone	sapo_emerge	oddball	n/a	n/a	n/a	n/a	n/a
2682.578	0	1341289	distractor_noise	sapo_emerge	distractor	n/a	n/a	n/a	n/a	n/a
2682.812	0	1341406	gong_end	sapo_emerge	gong-end	n/a	n/a	n/a	n/a	n/a
2682.812	0	1341406	subblock_end	sapo_emerge	subblock-end-duration-123.981	n/a	n/a	n/a	123.981	n/a
2682.814	0	1341407	subblock_begin	sapo_emerge	subblock-begin	n/a	n/a	n/a	n/a	n/a
2682.814	0	1341407	silence_begin	sapo_emerge	silence-begin	n/a	n/a	n/a	n/a	n/a
2683.594	0	1341797	standard_tone	sapo_emerge	standard	n/a	n/a	n/a	n/a	n/a
2684.610	0	1342305	distractor_noise	sapo_emerge	distractor	n/a	n/a	n/a	n/a	n/a
2685.626	0	1342813	standard_tone	sapo_emerge	standard	n/a	n/a	n/a	n/a	n/a
2686.642	0	1343321	standard_tone	sapo_emerge	standard	n/a	n/a	n/a	n/a	n/a
2687.658	0	1343829	standard_tone	sapo_emerge	standard	n/a	n/a	n/a	n/a	n/a
2688.658	0	1344329	standard_tone	sapo_emerge	standard	n/a	n/a	n/a	n/a	n/a
2689.672	0	1344836	distractor_noise	sapo_emerge	distractor	n/a	n/a	n/a	n/a	n/a
2690.690	0	1345345	standard_tone	sapo_emerge	standard	n/a	n/a	n/a	n/a	n/a
2691.704	0	1345852	standard_tone	sapo_emerge	standard	n/a	n/a	n/a	n/a	n/a
2692.720	0	1346360	standard_tone	sapo_emerge	standard	n/a	n/a	n/a	n/a	n/a
2693.736	0	1346868	standard_tone	sapo_emerge	standard	n/a	n/a	n/a	n/a	n/a
2694.736	0	1347368	standard_tone	sapo_emerge	standard	n/a	n/a	n/a	n/a	n/a
2695.750	0	1347875	standard_tone	sapo_emerge	standard	n/a	n/a	n/a	n/a	n/a
2696.766	0	1348383	standard_tone	sapo_emerge	standard	n/a	n/a	n/a	n/a	n/a
2697.782	0	1348891	oddball_tone	sapo_emerge	oddball	n/a	n/a	n/a	n/a	n/a
2698.798	0	1349399	standard_tone	sapo_emerge	standard	n/a	n/a	n/a	n/a	n/a
2699.814	0	1349907	oddball_tone	sapo_emerge	oddball	n/a	n/a	n/a	n/a	n/a
2700.830	0	1350415	standard_tone	sapo_emerge	standard	n/a	n/a	n/a	n/a	n/a
2701.846	0	1350923	standard_tone	sapo_emerge	standard	n/a	n/a	n/a	n/a	n/a
2702.862	0	1351431	standard_tone	sapo_emerge	standard	n/a	n/a	n/a	n/a	n/a
2703.878	0	1351939	standard_tone	sapo_emerge	standard	n/a	n/a	n/a	n/a	n/a
2704.894	0	1352447	standard_tone	sapo_emerge	standard	n/a	n/a	n/a	n/a	n/a
2705.910	0	1352955	standard_tone	sapo_emerge	standard	n/a	n/a	n/a	n/a	n/a
2706.924	0	1353462	standard_tone	sapo_emerge	standard	n/a	n/a	n/a	n/a	n/a
2707.940	0	1353970	standard_tone	sapo_emerge	standard	n/a	n/a	n/a	n/a	n/a
2708.956	0	1354478	standard_tone	sapo_emerge	standard	n/a	n/a	n/a	n/a	n/a
2709.972	0	1354986	distractor_noise	sapo_emerge	distractor	n/a	n/a	n/a	n/a	n/a
2710.988	0	1355494	oddball_tone	sapo_emerge	oddball	n/a	n/a	n/a	n/a	n/a
2711.988	0	1355994	standard_tone	sapo_emerge	standard	n/a	n/a	n/a	n/a	n/a
2713.004	0	1356502	standard_tone	sapo_emerge	standard	n/a	n/a	n/a	n/a	n/a
2714.020	0	1357010	standard_tone	sapo_emerge	standard	n/a	n/a	n/a	n/a	n/a
2715.034	0	1357517	standard_tone	sapo_emerge	standard	n/a	n/a	n/a	n/a	n/a
2716.050	0	1358025	standard_tone	sapo_emerge	standard	n/a	n/a	n/a	n/a	n/a
2717.066	0	1358533	standard_tone	sapo_emerge	standard	n/a	n/a	n/a	n/a	n/a
2718.082	0	1359041	standard_tone	sapo_emerge	standard	n/a	n/a	n/a	n/a	n/a
2719.098	0	1359549	standard_tone	sapo_emerge	standard	n/a	n/a	n/a	n/a	n/a
2720.114	0	1360057	standard_tone	sapo_emerge	standard	n/a	n/a	n/a	n/a	n/a
2721.114	0	1360557	standard_tone	sapo_emerge	standard	n/a	n/a	n/a	n/a	n/a
2722.128	0	1361064	oddball_tone	sapo_emerge	oddball	n/a	n/a	n/a	n/a	n/a
2723.144	0	1361572	distractor_noise	sapo_emerge	distractor	n/a	n/a	n/a	n/a	n/a
2724.160	0	1362080	standard_tone	sapo_emerge	standard	n/a	n/a	n/a	n/a	n/a
2725.176	0	1362588	standard_tone	sapo_emerge	standard	n/a	n/a	n/a	n/a	n/a
2726.192	0	1363096	standard_tone	sapo_emerge	standard	n/a	n/a	n/a	n/a	n/a
2727.208	0	1363604	standard_tone	sapo_emerge	standard	n/a	n/a	n/a	n/a	n/a
2728.224	0	1364112	standard_tone	sapo_emerge	standard	n/a	n/a	n/a	n/a	n/a
2729.224	0	1364612	standard_tone	sapo_emerge	standard	n/a	n/a	n/a	n/a	n/a
2730.238	0	1365119	standard_tone	sapo_emerge	standard	n/a	n/a	n/a	n/a	n/a
2731.238	0	1365619	distractor_noise	sapo_emerge	distractor	n/a	n/a	n/a	n/a	n/a
2732.254	0	1366127	standard_tone	sapo_emerge	standard	n/a	n/a	n/a	n/a	n/a
2733.270	0	1366635	distractor_noise	sapo_emerge	distractor	n/a	n/a	n/a	n/a	n/a
2734.284	0	1367142	standard_tone	sapo_emerge	standard	n/a	n/a	n/a	n/a	n/a
2735.302	0	1367651	standard_tone	sapo_emerge	standard	n/a	n/a	n/a	n/a	n/a
2736.318	0	1368159	standard_tone	sapo_emerge	standard	n/a	n/a	n/a	n/a	n/a
2737.334	0	1368667	standard_tone	sapo_emerge	standard	n/a	n/a	n/a	n/a	n/a
2738.350	0	1369175	standard_tone	sapo_emerge	standard	n/a	n/a	n/a	n/a	n/a
2739.364	0	1369682	standard_tone	sapo_emerge	standard	n/a	n/a	n/a	n/a	n/a
2740.380	0	1370190	standard_tone	sapo_emerge	standard	n/a	n/a	n/a	n/a	n/a
2741.396	0	1370698	oddball_tone	sapo_emerge	oddball	n/a	n/a	n/a	n/a	n/a
2742.412	0	1371206	standard_tone	sapo_emerge	standard	n/a	n/a	n/a	n/a	n/a
2743.428	0	1371714	standard_tone	sapo_emerge	standard	n/a	n/a	n/a	n/a	n/a
2744.444	0	1372222	standard_tone	sapo_emerge	standard	n/a	n/a	n/a	n/a	n/a
2745.460	0	1372730	standard_tone	sapo_emerge	standard	n/a	n/a	n/a	n/a	n/a
2746.476	0	1373238	oddball_tone	sapo_emerge	oddball	n/a	n/a	n/a	n/a	n/a
2747.492	0	1373746	distractor_noise	sapo_emerge	distractor	n/a	n/a	n/a	n/a	n/a
2748.508	0	1374254	standard_tone	sapo_emerge	standard	n/a	n/a	n/a	n/a	n/a
2749.524	0	1374762	standard_tone	sapo_emerge	standard	n/a	n/a	n/a	n/a	n/a
2750.538	0	1375269	standard_tone	sapo_emerge	standard	n/a	n/a	n/a	n/a	n/a
2751.554	0	1375777	standard_tone	sapo_emerge	standard	n/a	n/a	n/a	n/a	n/a
2752.570	0	1376285	standard_tone	sapo_emerge	standard	n/a	n/a	n/a	n/a	n/a
2753.586	0	1376793	standard_tone	sapo_emerge	standard	n/a	n/a	n/a	n/a	n/a
2754.602	0	1377301	standard_tone	sapo_emerge	standard	n/a	n/a	n/a	n/a	n/a
2755.168	0	1377584	clicker_press	sapo_emerge	response-received-arrow_up	n/a	n/a	n/a	n/a	arrow_up
2755.236	0	1377618	report_window_begin	sapo_emerge	emerge-sapo-emerge-begin	n/a	n/a	n/a	n/a	n/a
2755.618	0	1377809	clicker_press	sapo_emerge	response-received-arrow_up	n/a	n/a	n/a	n/a	arrow_up
2756.302	0	1378151	clicker_press	sapo_emerge	response-received-arrow_up	n/a	n/a	n/a	n/a	arrow_up
2759.266	0	1379633	depth_rating	sapo_emerge	rating-sapo-emerge-meditation_depth-3	3	n/a	n/a	n/a	n/a
2765.294	0	1382647	clicker_press	sapo_emerge	response-received-arrow_up	n/a	n/a	n/a	n/a	arrow_up
2765.560	0	1382780	clicker_press	sapo_emerge	response-received-arrow_up	n/a	n/a	n/a	n/a	arrow_up
2765.894	0	1382947	clicker_press	sapo_emerge	response-received-arrow_up	n/a	n/a	n/a	n/a	arrow_up
2766.476	0	1383238	clicker_press	sapo_emerge	response-received-arrow_up	n/a	n/a	n/a	n/a	arrow_up
2769.308	0	1384654	confidence_rating	sapo_emerge	rating-sapo-emerge-confidence_depth-4	n/a	4	n/a	n/a	n/a
2772.738	0	1386369	report_window_end	sapo_emerge	emerge-sapo-emerge-end	n/a	n/a	n/a	n/a	n/a
2772.738	0	1386369	subblock_begin	sapo_emerge	subblock-begin	n/a	n/a	n/a	n/a	n/a
2772.738	0	1386369	silence_begin	sapo_emerge	silence-begin	n/a	n/a	n/a	n/a	n/a
2772.754	0	1386377	standard_tone	sapo_emerge	standard	n/a	n/a	n/a	n/a	n/a
2773.770	0	1386885	standard_tone	sapo_emerge	standard	n/a	n/a	n/a	n/a	n/a
2774.786	0	1387393	standard_tone	sapo_emerge	standard	n/a	n/a	n/a	n/a	n/a
2775.802	0	1387901	standard_tone	sapo_emerge	standard	n/a	n/a	n/a	n/a	n/a
2776.818	0	1388409	standard_tone	sapo_emerge	standard	n/a	n/a	n/a	n/a	n/a
2777.832	0	1388916	standard_tone	sapo_emerge	standard	n/a	n/a	n/a	n/a	n/a
2778.848	0	1389424	standard_tone	sapo_emerge	standard	n/a	n/a	n/a	n/a	n/a
2779.864	0	1389932	standard_tone	sapo_emerge	standard	n/a	n/a	n/a	n/a	n/a
2780.880	0	1390440	standard_tone	sapo_emerge	standard	n/a	n/a	n/a	n/a	n/a
2781.896	0	1390948	oddball_tone	sapo_emerge	oddball	n/a	n/a	n/a	n/a	n/a
2782.912	0	1391456	standard_tone	sapo_emerge	standard	n/a	n/a	n/a	n/a	n/a
2783.928	0	1391964	standard_tone	sapo_emerge	standard	n/a	n/a	n/a	n/a	n/a
2784.944	0	1392472	standard_tone	sapo_emerge	standard	n/a	n/a	n/a	n/a	n/a
2785.960	0	1392980	standard_tone	sapo_emerge	standard	n/a	n/a	n/a	n/a	n/a
2786.976	0	1393488	standard_tone	sapo_emerge	standard	n/a	n/a	n/a	n/a	n/a
2787.990	0	1393995	standard_tone	sapo_emerge	standard	n/a	n/a	n/a	n/a	n/a
2789.006	0	1394503	oddball_tone	sapo_emerge	oddball	n/a	n/a	n/a	n/a	n/a
2790.022	0	1395011	standard_tone	sapo_emerge	standard	n/a	n/a	n/a	n/a	n/a
2791.038	0	1395519	standard_tone	sapo_emerge	standard	n/a	n/a	n/a	n/a	n/a
2792.054	0	1396027	distractor_noise	sapo_emerge	distractor	n/a	n/a	n/a	n/a	n/a
2793.070	0	1396535	oddball_tone	sapo_emerge	oddball	n/a	n/a	n/a	n/a	n/a
2794.086	0	1397043	standard_tone	sapo_emerge	standard	n/a	n/a	n/a	n/a	n/a
2795.102	0	1397551	standard_tone	sapo_emerge	standard	n/a	n/a	n/a	n/a	n/a
2796.118	0	1398059	distractor_noise	sapo_emerge	distractor	n/a	n/a	n/a	n/a	n/a
2797.134	0	1398567	standard_tone	sapo_emerge	standard	n/a	n/a	n/a	n/a	n/a
2798.132	0	1399066	standard_tone	sapo_emerge	standard	n/a	n/a	n/a	n/a	n/a
2799.148	0	1399574	standard_tone	sapo_emerge	standard	n/a	n/a	n/a	n/a	n/a
2800.164	0	1400082	distractor_noise	sapo_emerge	distractor	n/a	n/a	n/a	n/a	n/a
2801.180	0	1400590	standard_tone	sapo_emerge	standard	n/a	n/a	n/a	n/a	n/a
2802.196	0	1401098	standard_tone	sapo_emerge	standard	n/a	n/a	n/a	n/a	n/a
2803.212	0	1401606	standard_tone	sapo_emerge	standard	n/a	n/a	n/a	n/a	n/a
2804.228	0	1402114	standard_tone	sapo_emerge	standard	n/a	n/a	n/a	n/a	n/a
2805.244	0	1402622	standard_tone	sapo_emerge	standard	n/a	n/a	n/a	n/a	n/a
2806.260	0	1403130	standard_tone	sapo_emerge	standard	n/a	n/a	n/a	n/a	n/a
2807.276	0	1403638	distractor_noise	sapo_emerge	distractor	n/a	n/a	n/a	n/a	n/a
2808.292	0	1404146	standard_tone	sapo_emerge	standard	n/a	n/a	n/a	n/a	n/a
2809.306	0	1404653	standard_tone	sapo_emerge	standard	n/a	n/a	n/a	n/a	n/a
2810.324	0	1405162	standard_tone	sapo_emerge	standard	n/a	n/a	n/a	n/a	n/a
2811.338	0	1405669	oddball_tone	sapo_emerge	oddball	n/a	n/a	n/a	n/a	n/a
2812.354	0	1406177	standard_tone	sapo_emerge	standard	n/a	n/a	n/a	n/a	n/a
2813.370	0	1406685	standard_tone	sapo_emerge	standard	n/a	n/a	n/a	n/a	n/a
2814.386	0	1407193	standard_tone	sapo_emerge	standard	n/a	n/a	n/a	n/a	n/a
2815.402	0	1407701	distractor_noise	sapo_emerge	distractor	n/a	n/a	n/a	n/a	n/a
2816.402	0	1408201	standard_tone	sapo_emerge	standard	n/a	n/a	n/a	n/a	n/a
2817.416	0	1408708	standard_tone	sapo_emerge	standard	n/a	n/a	n/a	n/a	n/a
2818.416	0	1409208	standard_tone	sapo_emerge	standard	n/a	n/a	n/a	n/a	n/a
2819.432	0	1409716	standard_tone	sapo_emerge	standard	n/a	n/a	n/a	n/a	n/a
2820.448	0	1410224	standard_tone	sapo_emerge	standard	n/a	n/a	n/a	n/a	n/a
2821.464	0	1410732	standard_tone	sapo_emerge	standard	n/a	n/a	n/a	n/a	n/a
2822.480	0	1411240	standard_tone	sapo_emerge	standard	n/a	n/a	n/a	n/a	n/a
2823.496	0	1411748	oddball_tone	sapo_emerge	oddball	n/a	n/a	n/a	n/a	n/a
2824.512	0	1412256	standard_tone	sapo_emerge	standard	n/a	n/a	n/a	n/a	n/a
2825.528	0	1412764	standard_tone	sapo_emerge	standard	n/a	n/a	n/a	n/a	n/a
2826.542	0	1413271	standard_tone	sapo_emerge	standard	n/a	n/a	n/a	n/a	n/a
2827.560	0	1413780	standard_tone	sapo_emerge	standard	n/a	n/a	n/a	n/a	n/a
2828.574	0	1414287	standard_tone	sapo_emerge	standard	n/a	n/a	n/a	n/a	n/a
2829.590	0	1414795	standard_tone	sapo_emerge	standard	n/a	n/a	n/a	n/a	n/a
2830.606	0	1415303	oddball_tone	sapo_emerge	oddball	n/a	n/a	n/a	n/a	n/a
2831.622	0	1415811	standard_tone	sapo_emerge	standard	n/a	n/a	n/a	n/a	n/a
2832.638	0	1416319	standard_tone	sapo_emerge	standard	n/a	n/a	n/a	n/a	n/a
2833.652	0	1416826	standard_tone	sapo_emerge	standard	n/a	n/a	n/a	n/a	n/a
2834.668	0	1417334	standard_tone	sapo_emerge	standard	n/a	n/a	n/a	n/a	n/a
2835.684	0	1417842	standard_tone	sapo_emerge	standard	n/a	n/a	n/a	n/a	n/a
2836.702	0	1418351	standard_tone	sapo_emerge	standard	n/a	n/a	n/a	n/a	n/a
2837.716	0	1418858	distractor_noise	sapo_emerge	distractor	n/a	n/a	n/a	n/a	n/a
2838.716	0	1419358	standard_tone	sapo_emerge	standard	n/a	n/a	n/a	n/a	n/a
2839.732	0	1419866	standard_tone	sapo_emerge	standard	n/a	n/a	n/a	n/a	n/a
2840.748	0	1420374	standard_tone	sapo_emerge	standard	n/a	n/a	n/a	n/a	n/a
2841.764	0	1420882	distractor_noise	sapo_emerge	distractor	n/a	n/a	n/a	n/a	n/a
2842.780	0	1421390	standard_tone	sapo_emerge	standard	n/a	n/a	n/a	n/a	n/a
2843.794	0	1421897	oddball_tone	sapo_emerge	oddball	n/a	n/a	n/a	n/a	n/a
2844.810	0	1422405	standard_tone	sapo_emerge	standard	n/a	n/a	n/a	n/a	n/a
2845.826	0	1422913	oddball_tone	sapo_emerge	oddball	n/a	n/a	n/a	n/a	n/a
2846.842	0	1423421	standard_tone	sapo_emerge	standard	n/a	n/a	n/a	n/a	n/a
2847.858	0	1423929	standard_tone	sapo_emerge	standard	n/a	n/a	n/a	n/a	n/a
2848.874	0	1424437	standard_tone	sapo_emerge	standard	n/a	n/a	n/a	n/a	n/a
2849.890	0	1424945	standard_tone	sapo_emerge	standard	n/a	n/a	n/a	n/a	n/a
2850.906	0	1425453	standard_tone	sapo_emerge	standard	n/a	n/a	n/a	n/a	n/a
2851.922	0	1425961	standard_tone	sapo_emerge	standard	n/a	n/a	n/a	n/a	n/a
2852.938	0	1426469	standard_tone	sapo_emerge	standard	n/a	n/a	n/a	n/a	n/a
2853.954	0	1426977	standard_tone	sapo_emerge	standard	n/a	n/a	n/a	n/a	n/a
2854.970	0	1427485	distractor_noise	sapo_emerge	distractor	n/a	n/a	n/a	n/a	n/a
2855.984	0	1427992	standard_tone	sapo_emerge	standard	n/a	n/a	n/a	n/a	n/a
2857.000	0	1428500	standard_tone	sapo_emerge	standard	n/a	n/a	n/a	n/a	n/a
2858.000	0	1429000	standard_tone	sapo_emerge	standard	n/a	n/a	n/a	n/a	n/a
2859.016	0	1429508	standard_tone	sapo_emerge	standard	n/a	n/a	n/a	n/a	n/a
2860.032	0	1430016	standard_tone	sapo_emerge	standard	n/a	n/a	n/a	n/a	n/a
2861.046	0	1430523	distractor_noise	sapo_emerge	distractor	n/a	n/a	n/a	n/a	n/a
2862.064	0	1431032	standard_tone	sapo_emerge	standard	n/a	n/a	n/a	n/a	n/a
2863.078	0	1431539	standard_tone	sapo_emerge	standard	n/a	n/a	n/a	n/a	n/a
2864.094	0	1432047	standard_tone	sapo_emerge	standard	n/a	n/a	n/a	n/a	n/a
2865.110	0	1432555	standard_tone	sapo_emerge	standard	n/a	n/a	n/a	n/a	n/a
2866.110	0	1433055	standard_tone	sapo_emerge	standard	n/a	n/a	n/a	n/a	n/a
2867.126	0	1433563	standard_tone	sapo_emerge	standard	n/a	n/a	n/a	n/a	n/a
2868.142	0	1434071	standard_tone	sapo_emerge	standard	n/a	n/a	n/a	n/a	n/a
2869.140	0	1434570	distractor_noise	sapo_emerge	distractor	n/a	n/a	n/a	n/a	n/a
2870.156	0	1435078	standard_tone	sapo_emerge	standard	n/a	n/a	n/a	n/a	n/a
2871.172	0	1435586	oddball_tone	sapo_emerge	oddball	n/a	n/a	n/a	n/a	n/a
2872.188	0	1436094	standard_tone	sapo_emerge	standard	n/a	n/a	n/a	n/a	n/a
2873.204	0	1436602	standard_tone	sapo_emerge	standard	n/a	n/a	n/a	n/a	n/a
2874.218	0	1437109	standard_tone	sapo_emerge	standard	n/a	n/a	n/a	n/a	n/a
2875.220	0	1437610	standard_tone	sapo_emerge	standard	n/a	n/a	n/a	n/a	n/a
2876.234	0	1438117	standard_tone	sapo_emerge	standard	n/a	n/a	n/a	n/a	n/a
2877.250	0	1438625	standard_tone	sapo_emerge	standard	n/a	n/a	n/a	n/a	n/a
2878.266	0	1439133	standard_tone	sapo_emerge	standard	n/a	n/a	n/a	n/a	n/a
2879.282	0	1439641	standard_tone	sapo_emerge	standard	n/a	n/a	n/a	n/a	n/a
2880.298	0	1440149	standard_tone	sapo_emerge	standard	n/a	n/a	n/a	n/a	n/a
2881.314	0	1440657	standard_tone	sapo_emerge	standard	n/a	n/a	n/a	n/a	n/a
2882.330	0	1441165	standard_tone	sapo_emerge	standard	n/a	n/a	n/a	n/a	n/a
2883.346	0	1441673	oddball_tone	sapo_emerge	oddball	n/a	n/a	n/a	n/a	n/a
2884.362	0	1442181	standard_tone	sapo_emerge	standard	n/a	n/a	n/a	n/a	n/a
2885.378	0	1442689	standard_tone	sapo_emerge	standard	n/a	n/a	n/a	n/a	n/a
2886.392	0	1443196	oddball_tone	sapo_emerge	oddball	n/a	n/a	n/a	n/a	n/a
2887.276	0	1443638	silence_end	sapo_emerge	silence-end	n/a	n/a	n/a	n/a	n/a
2887.276	0	1443638	gong_begin	sapo_emerge	gong-begin	n/a	n/a	n/a	n/a	n/a
2887.408	0	1443704	standard_tone	sapo_emerge	standard	n/a	n/a	n/a	n/a	n/a
2888.412	0	1444206	oddball_tone	sapo_emerge	oddball	n/a	n/a	n/a	n/a	n/a
2889.430	0	1444715	standard_tone	sapo_emerge	standard	n/a	n/a	n/a	n/a	n/a
2890.440	0	1445220	distractor_noise	sapo_emerge	distractor	n/a	n/a	n/a	n/a	n/a
2891.456	0	1445728	standard_tone	sapo_emerge	standard	n/a	n/a	n/a	n/a	n/a
2892.472	0	1446236	standard_tone	sapo_emerge	standard	n/a	n/a	n/a	n/a	n/a
2893.486	0	1446743	standard_tone	sapo_emerge	standard	n/a	n/a	n/a	n/a	n/a
2894.502	0	1447251	standard_tone	sapo_emerge	standard	n/a	n/a	n/a	n/a	n/a
2895.518	0	1447759	standard_tone	sapo_emerge	standard	n/a	n/a	n/a	n/a	n/a
2896.522	0	1448261	standard_tone	sapo_emerge	standard	n/a	n/a	n/a	n/a	n/a
2897.284	0	1448642	gong_end	sapo_emerge	gong-end	n/a	n/a	n/a	n/a	n/a
2897.286	0	1448643	subblock_end	sapo_emerge	subblock-end-duration-124.547	n/a	n/a	n/a	124.547	n/a
2897.286	0	1448643	subblock_begin	sapo_emerge	subblock-begin	n/a	n/a	n/a	n/a	n/a
2897.286	0	1448643	silence_begin	sapo_emerge	silence-begin	n/a	n/a	n/a	n/a	n/a
2897.534	0	1448767	standard_tone	sapo_emerge	standard	n/a	n/a	n/a	n/a	n/a
2898.550	0	1449275	standard_tone	sapo_emerge	standard	n/a	n/a	n/a	n/a	n/a
2899.566	0	1449783	standard_tone	sapo_emerge	standard	n/a	n/a	n/a	n/a	n/a
2900.582	0	1450291	distractor_noise	sapo_emerge	distractor	n/a	n/a	n/a	n/a	n/a
2901.596	0	1450798	standard_tone	sapo_emerge	standard	n/a	n/a	n/a	n/a	n/a
2902.614	0	1451307	oddball_tone	sapo_emerge	oddball	n/a	n/a	n/a	n/a	n/a
2903.628	0	1451814	distractor_noise	sapo_emerge	distractor	n/a	n/a	n/a	n/a	n/a
2904.644	0	1452322	standard_tone	sapo_emerge	standard	n/a	n/a	n/a	n/a	n/a
2905.660	0	1452830	standard_tone	sapo_emerge	standard	n/a	n/a	n/a	n/a	n/a
2906.676	0	1453338	standard_tone	sapo_emerge	standard	n/a	n/a	n/a	n/a	n/a
2907.692	0	1453846	standard_tone	sapo_emerge	standard	n/a	n/a	n/a	n/a	n/a
2908.708	0	1454354	standard_tone	sapo_emerge	standard	n/a	n/a	n/a	n/a	n/a
2909.708	0	1454854	standard_tone	sapo_emerge	standard	n/a	n/a	n/a	n/a	n/a
2910.722	0	1455361	standard_tone	sapo_emerge	standard	n/a	n/a	n/a	n/a	n/a
2911.738	0	1455869	oddball_tone	sapo_emerge	oddball	n/a	n/a	n/a	n/a	n/a
2912.754	0	1456377	standard_tone	sapo_emerge	standard	n/a	n/a	n/a	n/a	n/a
2913.770	0	1456885	oddball_tone	sapo_emerge	oddball	n/a	n/a	n/a	n/a	n/a
2914.786	0	1457393	standard_tone	sapo_emerge	standard	n/a	n/a	n/a	n/a	n/a
2915.802	0	1457901	oddball_tone	sapo_emerge	oddball	n/a	n/a	n/a	n/a	n/a
2916.816	0	1458408	standard_tone	sapo_emerge	standard	n/a	n/a	n/a	n/a	n/a
2917.834	0	1458917	oddball_tone	sapo_emerge	oddball	n/a	n/a	n/a	n/a	n/a
2918.850	0	1459425	standard_tone	sapo_emerge	standard	n/a	n/a	n/a	n/a	n/a
2919.866	0	1459933	standard_tone	sapo_emerge	standard	n/a	n/a	n/a	n/a	n/a
2920.882	0	1460441	standard_tone	sapo_emerge	standard	n/a	n/a	n/a	n/a	n/a
2921.896	0	1460948	distractor_noise	sapo_emerge	distractor	n/a	n/a	n/a	n/a	n/a
2922.896	0	1461448	standard_tone	sapo_emerge	standard	n/a	n/a	n/a	n/a	n/a
2923.912	0	1461956	standard_tone	sapo_emerge	standard	n/a	n/a	n/a	n/a	n/a
2924.928	0	1462464	standard_tone	sapo_emerge	standard	n/a	n/a	n/a	n/a	n/a
2925.944	0	1462972	standard_tone	sapo_emerge	standard	n/a	n/a	n/a	n/a	n/a
2926.960	0	1463480	standard_tone	sapo_emerge	standard	n/a	n/a	n/a	n/a	n/a
2927.976	0	1463988	oddball_tone	sapo_emerge	oddball	n/a	n/a	n/a	n/a	n/a
2928.990	0	1464495	standard_tone	sapo_emerge	standard	n/a	n/a	n/a	n/a	n/a
2930.006	0	1465003	standard_tone	sapo_emerge	standard	n/a	n/a	n/a	n/a	n/a
2931.006	0	1465503	standard_tone	sapo_emerge	standard	n/a	n/a	n/a	n/a	n/a
2932.022	0	1466011	oddball_tone	sapo_emerge	oddball	n/a	n/a	n/a	n/a	n/a
2933.038	0	1466519	standard_tone	sapo_emerge	standard	n/a	n/a	n/a	n/a	n/a
2934.052	0	1467026	standard_tone	sapo_emerge	standard	n/a	n/a	n/a	n/a	n/a
2935.070	0	1467535	standard_tone	sapo_emerge	standard	n/a	n/a	n/a	n/a	n/a
2936.084	0	1468042	standard_tone	sapo_emerge	standard	n/a	n/a	n/a	n/a	n/a
2937.100	0	1468550	standard_tone	sapo_emerge	standard	n/a	n/a	n/a	n/a	n/a
2938.116	0	1469058	distractor_noise	sapo_emerge	distractor	n/a	n/a	n/a	n/a	n/a
2939.134	0	1469567	standard_tone	sapo_emerge	standard	n/a	n/a	n/a	n/a	n/a
2940.148	0	1470074	oddball_tone	sapo_emerge	oddball	n/a	n/a	n/a	n/a	n/a
2941.164	0	1470582	standard_tone	sapo_emerge	standard	n/a	n/a	n/a	n/a	n/a
2942.180	0	1471090	distractor_noise	sapo_emerge	distractor	n/a	n/a	n/a	n/a	n/a
2943.180	0	1471590	standard_tone	sapo_emerge	standard	n/a	n/a	n/a	n/a	n/a
2944.196	0	1472098	standard_tone	sapo_emerge	standard	n/a	n/a	n/a	n/a	n/a
2945.210	0	1472605	standard_tone	sapo_emerge	standard	n/a	n/a	n/a	n/a	n/a
2946.226	0	1473113	standard_tone	sapo_emerge	standard	n/a	n/a	n/a	n/a	n/a
2947.242	0	1473621	distractor_noise	sapo_emerge	distractor	n/a	n/a	n/a	n/a	n/a
2948.242	0	1474121	standard_tone	sapo_emerge	standard	n/a	n/a	n/a	n/a	n/a
2949.258	0	1474629	standard_tone	sapo_emerge	standard	n/a	n/a	n/a	n/a	n/a
2950.274	0	1475137	standard_tone	sapo_emerge	standard	n/a	n/a	n/a	n/a	n/a
2951.272	0	1475636	standard_tone	sapo_emerge	standard	n/a	n/a	n/a	n/a	n/a
2952.288	0	1476144	oddball_tone	sapo_emerge	oddball	n/a	n/a	n/a	n/a	n/a
2953.288	0	1476644	standard_tone	sapo_emerge	standard	n/a	n/a	n/a	n/a	n/a
2954.304	0	1477152	standard_tone	sapo_emerge	standard	n/a	n/a	n/a	n/a	n/a
2955.320	0	1477660	standard_tone	sapo_emerge	standard	n/a	n/a	n/a	n/a	n/a
2956.334	0	1478167	standard_tone	sapo_emerge	standard	n/a	n/a	n/a	n/a	n/a
2957.350	0	1478675	distractor_noise	sapo_emerge	distractor	n/a	n/a	n/a	n/a	n/a
2958.366	0	1479183	standard_tone	sapo_emerge	standard	n/a	n/a	n/a	n/a	n/a
2959.382	0	1479691	oddball_tone	sapo_emerge	oddball	n/a	n/a	n/a	n/a	n/a
2960.398	0	1480199	standard_tone	sapo_emerge	standard	n/a	n/a	n/a	n/a	n/a
2961.414	0	1480707	standard_tone	sapo_emerge	standard	n/a	n/a	n/a	n/a	n/a
2962.430	0	1481215	standard_tone	sapo_emerge	standard	n/a	n/a	n/a	n/a	n/a
2963.446	0	1481723	standard_tone	sapo_emerge	standard	n/a	n/a	n/a	n/a	n/a
2964.462	0	1482231	standard_tone	sapo_emerge	standard	n/a	n/a	n/a	n/a	n/a
2965.478	0	1482739	oddball_tone	sapo_emerge	oddball	n/a	n/a	n/a	n/a	n/a
2966.494	0	1483247	distractor_noise	sapo_emerge	distractor	n/a	n/a	n/a	n/a	n/a
2967.510	0	1483755	standard_tone	sapo_emerge	standard	n/a	n/a	n/a	n/a	n/a
2968.526	0	1484263	standard_tone	sapo_emerge	standard	n/a	n/a	n/a	n/a	n/a
2969.542	0	1484771	standard_tone	sapo_emerge	standard	n/a	n/a	n/a	n/a	n/a
2970.556	0	1485278	oddball_tone	sapo_emerge	oddball	n/a	n/a	n/a	n/a	n/a
2971.556	0	1485778	standard_tone	sapo_emerge	standard	n/a	n/a	n/a	n/a	n/a
2972.572	0	1486286	standard_tone	sapo_emerge	standard	n/a	n/a	n/a	n/a	n/a
2973.588	0	1486794	distractor_noise	sapo_emerge	distractor	n/a	n/a	n/a	n/a	n/a
2974.604	0	1487302	standard_tone	sapo_emerge	standard	n/a	n/a	n/a	n/a	n/a
2975.620	0	1487810	oddball_tone	sapo_emerge	oddball	n/a	n/a	n/a	n/a	n/a
2976.636	0	1488318	standard_tone	sapo_emerge	standard	n/a	n/a	n/a	n/a	n/a
2977.652	0	1488826	standard_tone	sapo_emerge	standard	n/a	n/a	n/a	n/a	n/a
2978.666	0	1489333	standard_tone	sapo_emerge	standard	n/a	n/a	n/a	n/a	n/a
2979.682	0	1489841	standard_tone	sapo_emerge	standard	n/a	n/a	n/a	n/a	n/a
2980.698	0	1490349	standard_tone	sapo_emerge	standard	n/a	n/a	n/a	n/a	n/a
2981.714	0	1490857	standard_tone	sapo_emerge	standard	n/a	n/a	n/a	n/a	n/a
2982.730	0	1491365	standard_tone	sapo_emerge	standard	n/a	n/a	n/a	n/a	n/a
2983.746	0	1491873	standard_tone	sapo_emerge	standard	n/a	n/a	n/a	n/a	n/a
2984.762	0	1492381	standard_tone	sapo_emerge	standard	n/a	n/a	n/a	n/a	n/a
2985.778	0	1492889	distractor_noise	sapo_emerge	distractor	n/a	n/a	n/a	n/a	n/a
2986.794	0	1493397	standard_tone	sapo_emerge	standard	n/a	n/a	n/a	n/a	n/a
2987.810	0	1493905	distractor_noise	sapo_emerge	distractor	n/a	n/a	n/a	n/a	n/a
2988.826	0	1494413	oddball_tone	sapo_emerge	oddball	n/a	n/a	n/a	n/a	n/a
2989.840	0	1494920	standard_tone	sapo_emerge	standard	n/a	n/a	n/a	n/a	n/a
2990.856	0	1495428	standard_tone	sapo_emerge	standard	n/a	n/a	n/a	n/a	n/a
2991.872	0	1495936	standard_tone	sapo_emerge	standard	n/a	n/a	n/a	n/a	n/a
2992.888	0	1496444	standard_tone	sapo_emerge	standard	n/a	n/a	n/a	n/a	n/a
2993.904	0	1496952	standard_tone	sapo_emerge	standard	n/a	n/a	n/a	n/a	n/a
2994.920	0	1497460	standard_tone	sapo_emerge	standard	n/a	n/a	n/a	n/a	n/a
2995.936	0	1497968	standard_tone	sapo_emerge	standard	n/a	n/a	n/a	n/a	n/a
2996.952	0	1498476	distractor_noise	sapo_emerge	distractor	n/a	n/a	n/a	n/a	n/a
2997.950	0	1498975	standard_tone	sapo_emerge	standard	n/a	n/a	n/a	n/a	n/a
2998.966	0	1499483	standard_tone	sapo_emerge	standard	n/a	n/a	n/a	n/a	n/a
2999.982	0	1499991	standard_tone	sapo_emerge	standard	n/a	n/a	n/a	n/a	n/a
3000.998	0	1500499	oddball_tone	sapo_emerge	oddball	n/a	n/a	n/a	n/a	n/a
3002.014	0	1501007	standard_tone	sapo_emerge	standard	n/a	n/a	n/a	n/a	n/a
3003.030	0	1501515	standard_tone	sapo_emerge	standard	n/a	n/a	n/a	n/a	n/a
3004.046	0	1502023	standard_tone	sapo_emerge	standard	n/a	n/a	n/a	n/a	n/a
3005.062	0	1502531	standard_tone	sapo_emerge	standard	n/a	n/a	n/a	n/a	n/a
3006.028	0	1503014	silence_end	sapo_emerge	silence-end	n/a	n/a	n/a	n/a	n/a
3006.044	0	1503022	gong_begin	sapo_emerge	gong-begin	n/a	n/a	n/a	n/a	n/a
3006.142	0	1503071	oddball_tone	sapo_emerge	oddball	n/a	n/a	n/a	n/a	n/a
3007.142	0	1503571	distractor_noise	sapo_emerge	distractor	n/a	n/a	n/a	n/a	n/a
3008.158	0	1504079	standard_tone	sapo_emerge	standard	n/a	n/a	n/a	n/a	n/a
3009.174	0	1504587	standard_tone	sapo_emerge	standard	n/a	n/a	n/a	n/a	n/a
3010.190	0	1505095	standard_tone	sapo_emerge	standard	n/a	n/a	n/a	n/a	n/a
3011.206	0	1505603	standard_tone	sapo_emerge	standard	n/a	n/a	n/a	n/a	n/a
3012.222	0	1506111	distractor_noise	sapo_emerge	distractor	n/a	n/a	n/a	n/a	n/a
3013.238	0	1506619	standard_tone	sapo_emerge	standard	n/a	n/a	n/a	n/a	n/a
3014.254	0	1507127	oddball_tone	sapo_emerge	oddball	n/a	n/a	n/a	n/a	n/a
3015.268	0	1507634	standard_tone	sapo_emerge	standard	n/a	n/a	n/a	n/a	n/a
3016.086	0	1508043	gong_end	sapo_emerge	gong-end	n/a	n/a	n/a	n/a	n/a
3016.086	0	1508043	subblock_end	sapo_emerge	subblock-end-duration-118.802	n/a	n/a	n/a	118.802	n/a
3016.088	0	1508044	subblock_begin	sapo_emerge	subblock-begin	n/a	n/a	n/a	n/a	n/a
3016.088	0	1508044	silence_begin	sapo_emerge	silence-begin	n/a	n/a	n/a	n/a	n/a
3016.270	0	1508135	standard_tone	sapo_emerge	standard	n/a	n/a	n/a	n/a	n/a
3017.284	0	1508642	standard_tone	sapo_emerge	standard	n/a	n/a	n/a	n/a	n/a
3018.300	0	1509150	oddball_tone	sapo_emerge	oddball	n/a	n/a	n/a	n/a	n/a
3019.316	0	1509658	standard_tone	sapo_emerge	standard	n/a	n/a	n/a	n/a	n/a
3020.050	0	1510025	sapo_emerge_end	sapo_emerge	block-sapo-emerge-end	n/a	n/a	n/a	n/a	n/a
3020.050	0	1510025	block_duration	sapo_emerge	block-sapo-emerge-duration-2100	n/a	n/a	n/a	2100.000	n/a
3020.050	0	1510025	prompt_window_begin	sapo_emerge	probe-sapo-emerge-begin	n/a	n/a	n/a	n/a	n/a
3027.276	0	1513638	clicker_press	n/a	response-received-arrow_up	n/a	n/a	n/a	n/a	arrow_up
3027.710	0	1513855	clicker_press	n/a	response-received-arrow_up	n/a	n/a	n/a	n/a	arrow_up
3028.176	0	1514088	clicker_press	n/a	response-received-arrow_up	n/a	n/a	n/a	n/a	arrow_up
3028.976	0	1514488	clicker_press	n/a	response-received-arrow_up	n/a	n/a	n/a	n/a	arrow_up
3029.074	0	1514537	depth_rating	sapo_emerge	rating-sapo-emerge-meditation_depth-4	4	n/a	n/a	n/a	n/a
3035.404	0	1517702	clicker_press	n/a	response-received-arrow_up	n/a	n/a	n/a	n/a	arrow_up
3035.720	0	1517860	clicker_press	n/a	response-received-arrow_up	n/a	n/a	n/a	n/a	arrow_up
3036.020	0	1518010	clicker_press	n/a	response-received-arrow_up	n/a	n/a	n/a	n/a	arrow_up
3036.436	0	1518218	clicker_press	n/a	response-received-arrow_up	n/a	n/a	n/a	n/a	arrow_up
3039.182	0	1519591	confidence_rating	sapo_emerge	rating-sapo-emerge-confidence_depth-4	n/a	4	n/a	n/a	n/a
3040.232	0	1520116	prompt_window_end	sapo_emerge	probe-sapo-emerge-end	n/a	n/a	n/a	n/a	n/a
3040.234	0	1520117	break_begin	break	break-begin	n/a	n/a	n/a	n/a	n/a
3273.522	0	1636761	clicker_press	break	response-received-enter	n/a	n/a	n/a	n/a	enter
3273.538	0	1636769	break_end	break	break-end	n/a	n/a	n/a	n/a	n/a
3316.004	0	1658002	clicker_press	n/a	response-received-arrow_up	n/a	n/a	n/a	n/a	arrow_up
3316.038	0	1658019	active_oddball_begin	active_oddball	active-oddball-begin	n/a	n/a	n/a	n/a	n/a
3316.046	0	1658023	standard_tone	active_oddball	standard	n/a	n/a	n/a	n/a	n/a
3317.054	0	1658527	standard_tone	active_oddball	standard	n/a	n/a	n/a	n/a	n/a
3318.136	0	1659068	standard_tone	active_oddball	standard	n/a	n/a	n/a	n/a	n/a
3319.152	0	1659576	oddball_tone	active_oddball	oddball	n/a	n/a	n/a	n/a	n/a
3320.200	0	1660100	standard_tone	active_oddball	standard	n/a	n/a	n/a	n/a	n/a
3321.216	0	1660608	standard_tone	active_oddball	standard	n/a	n/a	n/a	n/a	n/a
3322.282	0	1661141	standard_tone	active_oddball	standard	n/a	n/a	n/a	n/a	n/a
3323.332	0	1661666	distractor_noise	active_oddball	distractor	n/a	n/a	n/a	n/a	n/a
3324.362	0	1662181	standard_tone	active_oddball	standard	n/a	n/a	n/a	n/a	n/a
3325.396	0	1662698	standard_tone	active_oddball	standard	n/a	n/a	n/a	n/a	n/a
3326.446	0	1663223	oddball_tone	active_oddball	oddball	n/a	n/a	n/a	n/a	n/a
3327.444	0	1663722	clicker_press	active_oddball	response-received-arrow_up	n/a	n/a	n/a	n/a	arrow_up
3327.462	0	1663731	oddball_response	active_oddball	active-oddball-button-press-993ms	n/a	n/a	0.993	n/a	n/a
3327.462	0	1663731	standard_tone	active_oddball	standard	n/a	n/a	n/a	n/a	n/a
3328.494	0	1664247	standard_tone	active_oddball	standard	n/a	n/a	n/a	n/a	n/a
3329.510	0	1664755	standard_tone	active_oddball	standard	n/a	n/a	n/a	n/a	n/a
3330.526	0	1665263	standard_tone	active_oddball	standard	n/a	n/a	n/a	n/a	n/a
3331.624	0	1665812	standard_tone	active_oddball	standard	n/a	n/a	n/a	n/a	n/a
3332.640	0	1666320	standard_tone	active_oddball	standard	n/a	n/a	n/a	n/a	n/a
3333.656	0	1666828	standard_tone	active_oddball	standard	n/a	n/a	n/a	n/a	n/a
3334.706	0	1667353	standard_tone	active_oddball	standard	n/a	n/a	n/a	n/a	n/a
3335.788	0	1667894	standard_tone	active_oddball	standard	n/a	n/a	n/a	n/a	n/a
3336.804	0	1668402	standard_tone	active_oddball	standard	n/a	n/a	n/a	n/a	n/a
3337.820	0	1668910	standard_tone	active_oddball	standard	n/a	n/a	n/a	n/a	n/a
3338.836	0	1669418	standard_tone	active_oddball	standard	n/a	n/a	n/a	n/a	n/a
3339.884	0	1669942	oddball_tone	active_oddball	oddball	n/a	n/a	n/a	n/a	n/a
3340.550	0	1670275	clicker_press	active_oddball	response-received-arrow_up	n/a	n/a	n/a	n/a	arrow_up
3340.652	0	1670326	oddball_response	active_oddball	active-oddball-button-press-661ms	n/a	n/a	0.661	n/a	n/a
3340.950	0	1670475	standard_tone	active_oddball	standard	n/a	n/a	n/a	n/a	n/a
3342.032	0	1671016	standard_tone	active_oddball	standard	n/a	n/a	n/a	n/a	n/a
3343.048	0	1671524	standard_tone	active_oddball	standard	n/a	n/a	n/a	n/a	n/a
3344.164	0	1672082	oddball_tone	active_oddball	oddball	n/a	n/a	n/a	n/a	n/a
3345.214	0	1672607	standard_tone	active_oddball	standard	n/a	n/a	n/a	n/a	n/a
3346.230	0	1673115	distractor_noise	active_oddball	distractor	n/a	n/a	n/a	n/a	n/a
3347.246	0	1673623	standard_tone	active_oddball	standard	n/a	n/a	n/a	n/a	n/a
3348.278	0	1674139	standard_tone	active_oddball	standard	n/a	n/a	n/a	n/a	n/a
3349.310	0	1674655	standard_tone	active_oddball	standard	n/a	n/a	n/a	n/a	n/a
3350.360	0	1675180	oddball_tone	active_oddball	oddball	n/a	n/a	n/a	n/a	n/a
3350.926	0	1675463	clicker_press	active_oddball	response-received-arrow_up	n/a	n/a	n/a	n/a	arrow_up
3350.958	0	1675479	oddball_response	active_oddball	active-oddball-button-press-560ms	n/a	n/a	0.560	n/a	n/a
3351.374	0	1675687	standard_tone	active_oddball	standard	n/a	n/a	n/a	n/a	n/a
3352.390	0	1676195	standard_tone	active_oddball	standard	n/a	n/a	n/a	n/a	n/a
3353.406	0	1676703	standard_tone	active_oddball	standard	n/a	n/a	n/a	n/a	n/a
3354.538	0	1677269	standard_tone	active_oddball	standard	n/a	n/a	n/a	n/a	n/a
3355.572	0	1677786	standard_tone	active_oddball	standard	n/a	n/a	n/a	n/a	n/a
3356.588	0	1678294	standard_tone	active_oddball	standard	n/a	n/a	n/a	n/a	n/a
3357.620	0	1678810	standard_tone	active_oddball	standard	n/a	n/a	n/a	n/a	n/a
3358.686	0	1679343	standard_tone	active_oddball	standard	n/a	n/a	n/a	n/a	n/a
3359.718	0	1679859	standard_tone	active_oddball	standard	n/a	n/a	n/a	n/a	n/a
3360.900	0	1680450	standard_tone	active_oddball	standard	n/a	n/a	n/a	n/a	n/a
3361.950	0	1680975	standard_tone	active_oddball	standard	n/a	n/a	n/a	n/a	n/a
3362.982	0	1681491	standard_tone	active_oddball	standard	n/a	n/a	n/a	n/a	n/a
3364.014	0	1682007	standard_tone	active_oddball	standard	n/a	n/a	n/a	n/a	n/a
3365.064	0	1682532	distractor_noise	active_oddball	distractor	n/a	n/a	n/a	n/a	n/a
3366.146	0	1683073	standard_tone	active_oddball	standard	n/a	n/a	n/a	n/a	n/a
3367.162	0	1683581	standard_tone	active_oddball	standard	n/a	n/a	n/a	n/a	n/a
3368.326	0	1684163	standard_tone	active_oddball	standard	n/a	n/a	n/a	n/a	n/a
3369.344	0	1684672	oddball_tone	active_oddball	oddball	n/a	n/a	n/a	n/a	n/a
3369.976	0	1684988	clicker_press	active_oddball	response-received-arrow_up	n/a	n/a	n/a	n/a	arrow_up
3370.010	0	1685005	oddball_response	active_oddball	active-oddball-button-press-626ms	n/a	n/a	0.626	n/a	n/a
3370.408	0	1685204	distractor_noise	active_oddball	distractor	n/a	n/a	n/a	n/a	n/a
3371.424	0	1685712	standard_tone	active_oddball	standard	n/a	n/a	n/a	n/a	n/a
3372.442	0	1686221	distractor_noise	active_oddball	distractor	n/a	n/a	n/a	n/a	n/a
3373.456	0	1686728	standard_tone	active_oddball	standard	n/a	n/a	n/a	n/a	n/a
3374.506	0	1687253	standard_tone	active_oddball	standard	n/a	n/a	n/a	n/a	n/a
3375.522	0	1687761	standard_tone	active_oddball	standard	n/a	n/a	n/a	n/a	n/a
3376.604	0	1688302	standard_tone	active_oddball	standard	n/a	n/a	n/a	n/a	n/a
3377.620	0	1688810	standard_tone	active_oddball	standard	n/a	n/a	n/a	n/a	n/a
3378.686	0	1689343	oddball_tone	active_oddball	oddball	n/a	n/a	n/a	n/a	n/a
3379.318	0	1689659	clicker_press	active_oddball	response-received-arrow_up	n/a	n/a	n/a	n/a	arrow_up
3379.352	0	1689676	oddball_response	active_oddball	active-oddball-button-press-626ms	n/a	n/a	0.626	n/a	n/a
3379.718	0	1689859	standard_tone	active_oddball	standard	n/a	n/a	n/a	n/a	n/a
3380.734	0	1690367	standard_tone	active_oddball	standard	n/a	n/a	n/a	n/a	n/a
3381.782	0	1690891	standard_tone	active_oddball	standard	n/a	n/a	n/a	n/a	n/a
3382.948	0	1691474	standard_tone	active_oddball	standard	n/a	n/a	n/a	n/a	n/a
3383.982	0	1691991	standard_tone	active_oddball	standard	n/a	n/a	n/a	n/a	n/a
3384.996	0	1692498	distractor_noise	active_oddball	distractor	n/a	n/a	n/a	n/a	n/a
3386.014	0	1693007	oddball_tone	active_oddball	oddball	n/a	n/a	n/a	n/a	n/a
3386.912	0	1693456	clicker_press	active_oddball	response-received-arrow_up	n/a	n/a	n/a	n/a	arrow_up
3386.978	0	1693489	oddball_response	active_oddball	active-oddball-button-press-892ms	n/a	n/a	0.892	n/a	n/a
3387.112	0	1693556	distractor_noise	active_oddball	distractor	n/a	n/a	n/a	n/a	n/a
3388.160	0	1694080	standard_tone	active_oddball	standard	n/a	n/a	n/a	n/a	n/a
3389.176	0	1694588	distractor_noise	active_oddball	distractor	n/a	n/a	n/a	n/a	n/a
3390.210	0	1695105	standard_tone	active_oddball	standard	n/a	n/a	n/a	n/a	n/a
3391.258	0	1695629	oddball_tone	active_oddball	oddball	n/a	n/a	n/a	n/a	n/a
3391.842	0	1695921	clicker_press	active_oddball	response-received-arrow_up	n/a	n/a	n/a	n/a	arrow_up
3391.908	0	1695954	oddball_response	active_oddball	active-oddball-button-press-576ms	n/a	n/a	0.576	n/a	n/a
3392.324	0	1696162	distractor_noise	active_oddball	distractor	n/a	n/a	n/a	n/a	n/a
3393.340	0	1696670	standard_tone	active_oddball	standard	n/a	n/a	n/a	n/a	n/a
3394.406	0	1697203	standard_tone	active_oddball	standard	n/a	n/a	n/a	n/a	n/a
3395.438	0	1697719	distractor_noise	active_oddball	distractor	n/a	n/a	n/a	n/a	n/a
3396.470	0	1698235	standard_tone	active_oddball	standard	n/a	n/a	n/a	n/a	n/a
3397.486	0	1698743	standard_tone	active_oddball	standard	n/a	n/a	n/a	n/a	n/a
3398.536	0	1699268	oddball_tone	active_oddball	oddball	n/a	n/a	n/a	n/a	n/a
3399.236	0	1699618	clicker_press	active_oddball	response-received-arrow_up	n/a	n/a	n/a	n/a	arrow_up
3399.268	0	1699634	oddball_response	active_oddball	active-oddball-button-press-693ms	n/a	n/a	0.693	n/a	n/a
3399.568	0	1699784	standard_tone	active_oddball	standard	n/a	n/a	n/a	n/a	n/a
3400.634	0	1700317	standard_tone	active_oddball	standard	n/a	n/a	n/a	n/a	n/a
3401.650	0	1700825	standard_tone	active_oddball	standard	n/a	n/a	n/a	n/a	n/a
3402.748	0	1701374	standard_tone	active_oddball	standard	n/a	n/a	n/a	n/a	n/a
3403.798	0	1701899	standard_tone	active_oddball	standard	n/a	n/a	n/a	n/a	n/a
3404.830	0	1702415	standard_tone	active_oddball	standard	n/a	n/a	n/a	n/a	n/a
3405.880	0	1702940	standard_tone	active_oddball	standard	n/a	n/a	n/a	n/a	n/a
3406.946	0	1703473	distractor_noise	active_oddball	distractor	n/a	n/a	n/a	n/a	n/a
3408.012	0	1704006	standard_tone	active_oddball	standard	n/a	n/a	n/a	n/a	n/a
3409.044	0	1704522	standard_tone	active_oddball	standard	n/a	n/a	n/a	n/a	n/a
3410.060	0	1705030	standard_tone	active_oddball	standard	n/a	n/a	n/a	n/a	n/a
3411.076	0	1705538	standard_tone	active_oddball	standard	n/a	n/a	n/a	n/a	n/a
3412.140	0	1706070	oddball_tone	active_oddball	oddball	n/a	n/a	n/a	n/a	n/a
3412.840	0	1706420	clicker_press	active_oddball	response-received-arrow_up	n/a	n/a	n/a	n/a	arrow_up
3412.924	0	1706462	oddball_response	active_oddball	active-oddball-button-press-694ms	n/a	n/a	0.694	n/a	n/a
3413.156	0	1706578	standard_tone	active_oddball	standard	n/a	n/a	n/a	n/a	n/a
3414.172	0	1707086	standard_tone	active_oddball	standard	n/a	n/a	n/a	n/a	n/a
3415.288	0	1707644	standard_tone	active_oddball	standard	n/a	n/a	n/a	n/a	n/a
3416.322	0	1708161	standard_tone	active_oddball	standard	n/a	n/a	n/a	n/a	n/a
3417.336	0	1708668	distractor_noise	active_oddball	distractor	n/a	n/a	n/a	n/a	n/a
3418.370	0	1709185	standard_tone	active_oddball	standard	n/a	n/a	n/a	n/a	n/a
3419.386	0	1709693	standard_tone	active_oddball	standard	n/a	n/a	n/a	n/a	n/a
3420.418	0	1710209	oddball_tone	active_oddball	oddball	n/a	n/a	n/a	n/a	n/a
3421.268	0	1710634	clicker_press	active_oddball	response-received-arrow_up	n/a	n/a	n/a	n/a	arrow_up
3421.284	0	1710642	oddball_response	active_oddball	active-oddball-button-press-844ms	n/a	n/a	0.844	n/a	n/a
3421.450	0	1710725	standard_tone	active_oddball	standard	n/a	n/a	n/a	n/a	n/a
3422.532	0	1711266	standard_tone	active_oddball	standard	n/a	n/a	n/a	n/a	n/a
3423.548	0	1711774	standard_tone	active_oddball	standard	n/a	n/a	n/a	n/a	n/a
3424.580	0	1712290	standard_tone	active_oddball	standard	n/a	n/a	n/a	n/a	n/a
3425.596	0	1712798	standard_tone	active_oddball	standard	n/a	n/a	n/a	n/a	n/a
3426.630	0	1713315	standard_tone	active_oddball	standard	n/a	n/a	n/a	n/a	n/a
3427.662	0	1713831	standard_tone	active_oddball	standard	n/a	n/a	n/a	n/a	n/a
3428.760	0	1714380	standard_tone	active_oddball	standard	n/a	n/a	n/a	n/a	n/a
3429.794	0	1714897	standard_tone	active_oddball	standard	n/a	n/a	n/a	n/a	n/a
3430.842	0	1715421	standard_tone	active_oddball	standard	n/a	n/a	n/a	n/a	n/a
3431.858	0	1715929	standard_tone	active_oddball	standard	n/a	n/a	n/a	n/a	n/a
3432.890	0	1716445	oddball_tone	active_oddball	oddball	n/a	n/a	n/a	n/a	n/a
3433.490	0	1716745	clicker_press	active_oddball	response-received-arrow_up	n/a	n/a	n/a	n/a	arrow_up
3433.508	0	1716754	oddball_response	active_oddball	active-oddball-button-press-594ms	n/a	n/a	0.594	n/a	n/a
3433.924	0	1716962	standard_tone	active_oddball	standard	n/a	n/a	n/a	n/a	n/a
3434.956	0	1717478	standard_tone	active_oddball	standard	n/a	n/a	n/a	n/a	n/a
3435.972	0	1717986	standard_tone	active_oddball	standard	n/a	n/a	n/a	n/a	n/a
3436.988	0	1718494	oddball_tone	active_oddball	oddball	n/a	n/a	n/a	n/a	n/a
3437.754	0	1718877	clicker_press	active_oddball	response-received-arrow_up	n/a	n/a	n/a	n/a	arrow_up
3437.786	0	1718893	oddball_response	active_oddball	active-oddball-button-press-759ms	n/a	n/a	0.759	n/a	n/a
3438.002	0	1719001	standard_tone	active_oddball	standard	n/a	n/a	n/a	n/a	n/a
3439.068	0	1719534	standard_tone	active_oddball	standard	n/a	n/a	n/a	n/a	n/a
3440.084	0	1720042	standard_tone	active_oddball	standard	n/a	n/a	n/a	n/a	n/a
3441.168	0	1720584	oddball_tone	active_oddball	oddball	n/a	n/a	n/a	n/a	n/a
3441.866	0	1720933	clicker_press	active_oddball	response-received-arrow_up	n/a	n/a	n/a	n/a	arrow_up
3441.916	0	1720958	oddball_response	active_oddball	active-oddball-button-press-692ms	n/a	n/a	0.692	n/a	n/a
3442.184	0	1721092	standard_tone	active_oddball	standard	n/a	n/a	n/a	n/a	n/a
3443.316	0	1721658	standard_tone	active_oddball	standard	n/a	n/a	n/a	n/a	n/a
3444.332	0	1722166	standard_tone	active_oddball	standard	n/a	n/a	n/a	n/a	n/a
3445.364	0	1722682	distractor_noise	active_oddball	distractor	n/a	n/a	n/a	n/a	n/a
3446.380	0	1723190	oddball_tone	active_oddball	oddball	n/a	n/a	n/a	n/a	n/a
3447.130	0	1723565	clicker_press	active_oddball	response-received-arrow_up	n/a	n/a	n/a	n/a	arrow_up
3447.162	0	1723581	oddball_response	active_oddball	active-oddball-button-press-744ms	n/a	n/a	0.744	n/a	n/a
3447.412	0	1723706	standard_tone	active_oddball	standard	n/a	n/a	n/a	n/a	n/a
3448.444	0	1724222	distractor_noise	active_oddball	distractor	n/a	n/a	n/a	n/a	n/a
3449.460	0	1724730	standard_tone	active_oddball	standard	n/a	n/a	n/a	n/a	n/a
3450.542	0	1725271	standard_tone	active_oddball	standard	n/a	n/a	n/a	n/a	n/a
3451.592	0	1725796	standard_tone	active_oddball	standard	n/a	n/a	n/a	n/a	n/a
3452.608	0	1726304	standard_tone	active_oddball	standard	n/a	n/a	n/a	n/a	n/a
3453.624	0	1726812	distractor_noise	active_oddball	distractor	n/a	n/a	n/a	n/a	n/a
3454.656	0	1727328	standard_tone	active_oddball	standard	n/a	n/a	n/a	n/a	n/a
3455.672	0	1727836	standard_tone	active_oddball	standard	n/a	n/a	n/a	n/a	n/a
3456.754	0	1728377	standard_tone	active_oddball	standard	n/a	n/a	n/a	n/a	n/a
3457.770	0	1728885	standard_tone	active_oddball	standard	n/a	n/a	n/a	n/a	n/a
3458.802	0	1729401	standard_tone	active_oddball	standard	n/a	n/a	n/a	n/a	n/a
3459.834	0	1729917	standard_tone	active_oddball	standard	n/a	n/a	n/a	n/a	n/a
3460.950	0	1730475	standard_tone	active_oddball	standard	n/a	n/a	n/a	n/a	n/a
3461.966	0	1730983	standard_tone	active_oddball	standard	n/a	n/a	n/a	n/a	n/a
3462.982	0	1731491	standard_tone	active_oddball	standard	n/a	n/a	n/a	n/a	n/a
3463.998	0	1731999	standard_tone	active_oddball	standard	n/a	n/a	n/a	n/a	n/a
3465.014	0	1732507	standard_tone	active_oddball	standard	n/a	n/a	n/a	n/a	n/a
3466.064	0	1733032	oddball_tone	active_oddball	oddball	n/a	n/a	n/a	n/a	n/a
3466.680	0	1733340	clicker_press	active_oddball	response-received-arrow_up	n/a	n/a	n/a	n/a	arrow_up
3466.696	0	1733348	oddball_response	active_oddball	active-oddball-button-press-609ms	n/a	n/a	0.609	n/a	n/a
3467.096	0	1733548	standard_tone	active_oddball	standard	n/a	n/a	n/a	n/a	n/a
3468.162	0	1734081	standard_tone	active_oddball	standard	n/a	n/a	n/a	n/a	n/a
3469.194	0	1734597	standard_tone	active_oddball	standard	n/a	n/a	n/a	n/a	n/a
3470.210	0	1735105	standard_tone	active_oddball	standard	n/a	n/a	n/a	n/a	n/a
3471.242	0	1735621	standard_tone	active_oddball	standard	n/a	n/a	n/a	n/a	n/a
3472.258	0	1736129	standard_tone	active_oddball	standard	n/a	n/a	n/a	n/a	n/a
3473.324	0	1736662	distractor_noise	active_oddball	distractor	n/a	n/a	n/a	n/a	n/a
3474.340	0	1737170	standard_tone	active_oddball	standard	n/a	n/a	n/a	n/a	n/a
3475.456	0	1737728	oddball_tone	active_oddball	oddball	n/a	n/a	n/a	n/a	n/a
3476.122	0	1738061	clicker_press	active_oddball	response-received-arrow_up	n/a	n/a	n/a	n/a	arrow_up
3476.138	0	1738069	oddball_response	active_oddball	active-oddball-button-press-659ms	n/a	n/a	0.659	n/a	n/a
3476.472	0	1738236	distractor_noise	active_oddball	distractor	n/a	n/a	n/a	n/a	n/a
3477.536	0	1738768	standard_tone	active_oddball	standard	n/a	n/a	n/a	n/a	n/a
3478.636	0	1739318	standard_tone	active_oddball	standard	n/a	n/a	n/a	n/a	n/a
3479.652	0	1739826	oddball_tone	active_oddball	oddball	n/a	n/a	n/a	n/a	n/a
3480.402	0	1740201	clicker_press	active_oddball	response-received-arrow_up	n/a	n/a	n/a	n/a	arrow_up
3480.418	0	1740209	oddball_response	active_oddball	active-oddball-button-press-743ms	n/a	n/a	0.743	n/a	n/a
3480.668	0	1740334	standard_tone	active_oddball	standard	n/a	n/a	n/a	n/a	n/a
3481.684	0	1740842	oddball_tone	active_oddball	oddball	n/a	n/a	n/a	n/a	n/a
3482.416	0	1741208	clicker_press	active_oddball	response-received-arrow_up	n/a	n/a	n/a	n/a	arrow_up
3482.432	0	1741216	oddball_response	active_oddball	active-oddball-button-press-726ms	n/a	n/a	0.726	n/a	n/a
3482.816	0	1741408	standard_tone	active_oddball	standard	n/a	n/a	n/a	n/a	n/a
3483.914	0	1741957	distractor_noise	active_oddball	distractor	n/a	n/a	n/a	n/a	n/a
3484.930	0	1742465	standard_tone	active_oddball	standard	n/a	n/a	n/a	n/a	n/a
3485.980	0	1742990	standard_tone	active_oddball	standard	n/a	n/a	n/a	n/a	n/a
3486.996	0	1743498	standard_tone	active_oddball	standard	n/a	n/a	n/a	n/a	n/a
3488.012	0	1744006	standard_tone	active_oddball	standard	n/a	n/a	n/a	n/a	n/a
3489.078	0	1744539	standard_tone	active_oddball	standard	n/a	n/a	n/a	n/a	n/a
3490.094	0	1745047	standard_tone	active_oddball	standard	n/a	n/a	n/a	n/a	n/a
3491.192	0	1745596	standard_tone	active_oddball	standard	n/a	n/a	n/a	n/a	n/a
3492.258	0	1746129	standard_tone	active_oddball	standard	n/a	n/a	n/a	n/a	n/a
3493.290	0	1746645	standard_tone	active_oddball	standard	n/a	n/a	n/a	n/a	n/a
3494.306	0	1747153	standard_tone	active_oddball	standard	n/a	n/a	n/a	n/a	n/a
3495.322	0	1747661	standard_tone	active_oddball	standard	n/a	n/a	n/a	n/a	n/a
3496.354	0	1748177	oddball_tone	active_oddball	oddball	n/a	n/a	n/a	n/a	n/a
3497.054	0	1748527	clicker_press	active_oddball	response-received-arrow_up	n/a	n/a	n/a	n/a	arrow_up
3497.204	0	1748602	oddball_response	active_oddball	active-oddball-button-press-693ms	n/a	n/a	0.693	n/a	n/a
3497.370	0	1748685	standard_tone	active_oddball	standard	n/a	n/a	n/a	n/a	n/a
3498.386	0	1749193	standard_tone	active_oddball	standard	n/a	n/a	n/a	n/a	n/a
3499.552	0	1749776	standard_tone	active_oddball	standard	n/a	n/a	n/a	n/a	n/a
3500.602	0	1750301	oddball_tone	active_oddball	oddball	n/a	n/a	n/a	n/a	n/a
3501.368	0	1750684	clicker_press	active_oddball	response-received-arrow_up	n/a	n/a	n/a	n/a	arrow_up
3501.384	0	1750692	oddball_response	active_oddball	active-oddball-button-press-760ms	n/a	n/a	0.760	n/a	n/a
3501.634	0	1750817	standard_tone	active_oddball	standard	n/a	n/a	n/a	n/a	n/a
3502.666	0	1751333	standard_tone	active_oddball	standard	n/a	n/a	n/a	n/a	n/a
3503.698	0	1751849	distractor_noise	active_oddball	distractor	n/a	n/a	n/a	n/a	n/a
3504.748	0	1752374	standard_tone	active_oddball	standard	n/a	n/a	n/a	n/a	n/a
3505.764	0	1752882	distractor_noise	active_oddball	distractor	n/a	n/a	n/a	n/a	n/a
3506.778	0	1753389	standard_tone	active_oddball	standard	n/a	n/a	n/a	n/a	n/a
3507.812	0	1753906	standard_tone	active_oddball	standard	n/a	n/a	n/a	n/a	n/a
3508.828	0	1754414	standard_tone	active_oddball	standard	n/a	n/a	n/a	n/a	n/a
3509.844	0	1754922	oddball_tone	active_oddball	oddball	n/a	n/a	n/a	n/a	n/a
3510.444	0	1755222	clicker_press	active_oddball	response-received-arrow_up	n/a	n/a	n/a	n/a	arrow_up
3510.494	0	1755247	oddball_response	active_oddball	active-oddball-button-press-593ms	n/a	n/a	0.593	n/a	n/a
3510.860	0	1755430	standard_tone	active_oddball	standard	n/a	n/a	n/a	n/a	n/a
3511.892	0	1755946	oddball_tone	active_oddball	oddball	n/a	n/a	n/a	n/a	n/a
3512.742	0	1756371	clicker_press	active_oddball	response-received-arrow_up	n/a	n/a	n/a	n/a	arrow_up
3512.824	0	1756412	oddball_response	active_oddball	active-oddball-button-press-843ms	n/a	n/a	0.843	n/a	n/a
3513.008	0	1756504	distractor_noise	active_oddball	distractor	n/a	n/a	n/a	n/a	n/a
3514.074	0	1757037	standard_tone	active_oddball	standard	n/a	n/a	n/a	n/a	n/a
3515.140	0	1757570	standard_tone	active_oddball	standard	n/a	n/a	n/a	n/a	n/a
3516.272	0	1758136	standard_tone	active_oddball	standard	n/a	n/a	n/a	n/a	n/a
3517.304	0	1758652	standard_tone	active_oddball	standard	n/a	n/a	n/a	n/a	n/a
3518.336	0	1759168	oddball_tone	active_oddball	oddball	n/a	n/a	n/a	n/a	n/a
3518.954	0	1759477	clicker_press	active_oddball	response-received-arrow_up	n/a	n/a	n/a	n/a	arrow_up
3518.986	0	1759493	oddball_response	active_oddball	active-oddball-button-press-611ms	n/a	n/a	0.611	n/a	n/a
3519.368	0	1759684	standard_tone	active_oddball	standard	n/a	n/a	n/a	n/a	n/a
3520.384	0	1760192	standard_tone	active_oddball	standard	n/a	n/a	n/a	n/a	n/a
3521.400	0	1760700	standard_tone	active_oddball	standard	n/a	n/a	n/a	n/a	n/a
3522.432	0	1761216	standard_tone	active_oddball	standard	n/a	n/a	n/a	n/a	n/a
3523.450	0	1761725	distractor_noise	active_oddball	distractor	n/a	n/a	n/a	n/a	n/a
3524.466	0	1762233	standard_tone	active_oddball	standard	n/a	n/a	n/a	n/a	n/a
3525.564	0	1762782	standard_tone	active_oddball	standard	n/a	n/a	n/a	n/a	n/a
3526.596	0	1763298	standard_tone	active_oddball	standard	n/a	n/a	n/a	n/a	n/a
3527.628	0	1763814	standard_tone	active_oddball	standard	n/a	n/a	n/a	n/a	n/a
3528.662	0	1764331	standard_tone	active_oddball	standard	n/a	n/a	n/a	n/a	n/a
3529.710	0	1764855	standard_tone	active_oddball	standard	n/a	n/a	n/a	n/a	n/a
3530.726	0	1765363	standard_tone	active_oddball	standard	n/a	n/a	n/a	n/a	n/a
3531.758	0	1765879	standard_tone	active_oddball	standard	n/a	n/a	n/a	n/a	n/a
3532.774	0	1766387	standard_tone	active_oddball	standard	n/a	n/a	n/a	n/a	n/a
3533.808	0	1766904	standard_tone	active_oddball	standard	n/a	n/a	n/a	n/a	n/a
3534.840	0	1767420	standard_tone	active_oddball	standard	n/a	n/a	n/a	n/a	n/a
3535.856	0	1767928	standard_tone	active_oddball	standard	n/a	n/a	n/a	n/a	n/a
3536.972	0	1768486	standard_tone	active_oddball	standard	n/a	n/a	n/a	n/a	n/a
3538.020	0	1769010	distractor_noise	active_oddball	distractor	n/a	n/a	n/a	n/a	n/a
3539.036	0	1769518	standard_tone	active_oddball	standard	n/a	n/a	n/a	n/a	n/a
3540.068	0	1770034	standard_tone	active_oddball	standard	n/a	n/a	n/a	n/a	n/a
3541.084	0	1770542	standard_tone	active_oddball	standard	n/a	n/a	n/a	n/a	n/a
3542.116	0	1771058	standard_tone	active_oddball	standard	n/a	n/a	n/a	n/a	n/a
3543.166	0	1771583	standard_tone	active_oddball	standard	n/a	n/a	n/a	n/a	n/a
3544.182	0	1772091	standard_tone	active_oddball	standard	n/a	n/a	n/a	n/a	n/a
3545.198	0	1772599	standard_tone	active_oddball	standard	n/a	n/a	n/a	n/a	n/a
3546.314	0	1773157	standard_tone	active_oddball	standard	n/a	n/a	n/a	n/a	n/a
3547.346	0	1773673	standard_tone	active_oddball	standard	n/a	n/a	n/a	n/a	n/a
3548.362	0	1774181	standard_tone	active_oddball	standard	n/a	n/a	n/a	n/a	n/a
3549.428	0	1774714	standard_tone	active_oddball	standard	n/a	n/a	n/a	n/a	n/a
3550.460	0	1775230	standard_tone	active_oddball	standard	n/a	n/a	n/a	n/a	n/a
3551.476	0	1775738	standard_tone	active_oddball	standard	n/a	n/a	n/a	n/a	n/a
3552.492	0	1776246	oddball_tone	active_oddball	oddball	n/a	n/a	n/a	n/a	n/a
3553.092	0	1776546	clicker_press	active_oddball	response-received-arrow_up	n/a	n/a	n/a	n/a	arrow_up
3553.124	0	1776562	oddball_response	active_oddball	active-oddball-button-press-592ms	n/a	n/a	0.592	n/a	n/a
3553.558	0	1776779	standard_tone	active_oddball	standard	n/a	n/a	n/a	n/a	n/a
3554.606	0	1777303	standard_tone	active_oddball	standard	n/a	n/a	n/a	n/a	n/a
3555.706	0	1777853	distractor_noise	active_oddball	distractor	n/a	n/a	n/a	n/a	n/a
3556.738	0	1778369	standard_tone	active_oddball	standard	n/a	n/a	n/a	n/a	n/a
3557.770	0	1778885	standard_tone	active_oddball	standard	n/a	n/a	n/a	n/a	n/a
3558.786	0	1779393	oddball_tone	active_oddball	oddball	n/a	n/a	n/a	n/a	n/a
3559.518	0	1779759	clicker_press	active_oddball	response-received-arrow_up	n/a	n/a	n/a	n/a	arrow_up
3559.536	0	1779768	oddball_response	active_oddball	active-oddball-button-press-726ms	n/a	n/a	0.726	n/a	n/a
3559.802	0	1779901	standard_tone	active_oddball	standard	n/a	n/a	n/a	n/a	n/a
3560.850	0	1780425	standard_tone	active_oddball	standard	n/a	n/a	n/a	n/a	n/a
3561.868	0	1780934	standard_tone	active_oddball	standard	n/a	n/a	n/a	n/a	n/a
3562.950	0	1781475	standard_tone	active_oddball	standard	n/a	n/a	n/a	n/a	n/a
3563.966	0	1781983	standard_tone	active_oddball	standard	n/a	n/a	n/a	n/a	n/a
3564.982	0	1782491	oddball_tone	active_oddball	oddball	n/a	n/a	n/a	n/a	n/a
3565.564	0	1782782	clicker_press	active_oddball	response-received-arrow_up	n/a	n/a	n/a	n/a	arrow_up
3565.582	0	1782791	oddball_response	active_oddball	active-oddball-button-press-576ms	n/a	n/a	0.576	n/a	n/a
3566.030	0	1783015	standard_tone	active_oddball	standard	n/a	n/a	n/a	n/a	n/a
3567.046	0	1783523	standard_tone	active_oddball	standard	n/a	n/a	n/a	n/a	n/a
3568.078	0	1784039	standard_tone	active_oddball	standard	n/a	n/a	n/a	n/a	n/a
3569.144	0	1784572	standard_tone	active_oddball	standard	n/a	n/a	n/a	n/a	n/a
3570.160	0	1785080	standard_tone	active_oddball	standard	n/a	n/a	n/a	n/a	n/a
3571.242	0	1785621	standard_tone	active_oddball	standard	n/a	n/a	n/a	n/a	n/a
3572.258	0	1786129	standard_tone	active_oddball	standard	n/a	n/a	n/a	n/a	n/a
3573.290	0	1786645	distractor_noise	active_oddball	distractor	n/a	n/a	n/a	n/a	n/a
3574.340	0	1787170	standard_tone	active_oddball	standard	n/a	n/a	n/a	n/a	n/a
3575.372	0	1787686	standard_tone	active_oddball	standard	n/a	n/a	n/a	n/a	n/a
3576.406	0	1788203	standard_tone	active_oddball	standard	n/a	n/a	n/a	n/a	n/a
3577.454	0	1788727	standard_tone	active_oddball	standard	n/a	n/a	n/a	n/a	n/a
3578.470	0	1789235	standard_tone	active_oddball	standard	n/a	n/a	n/a	n/a	n/a
3579.486	0	1789743	standard_tone	active_oddball	standard	n/a	n/a	n/a	n/a	n/a
3580.536	0	1790268	standard_tone	active_oddball	standard	n/a	n/a	n/a	n/a	n/a
3581.550	0	1790775	standard_tone	active_oddball	standard	n/a	n/a	n/a	n/a	n/a
3582.582	0	1791291	standard_tone	active_oddball	standard	n/a	n/a	n/a	n/a	n/a
3583.650	0	1791825	standard_tone	active_oddball	standard	n/a	n/a	n/a	n/a	n/a
3584.682	0	1792341	standard_tone	active_oddball	standard	n/a	n/a	n/a	n/a	n/a
3585.714	0	1792857	standard_tone	active_oddball	standard	n/a	n/a	n/a	n/a	n/a
3586.730	0	1793365	standard_tone	active_oddball	standard	n/a	n/a	n/a	n/a	n/a
3587.796	0	1793898	standard_tone	active_oddball	standard	n/a	n/a	n/a	n/a	n/a
3588.844	0	1794422	standard_tone	active_oddball	standard	n/a	n/a	n/a	n/a	n/a
3589.878	0	1794939	standard_tone	active_oddball	standard	n/a	n/a	n/a	n/a	n/a
3590.894	0	1795447	oddball_tone	active_oddball	oddball	n/a	n/a	n/a	n/a	n/a
3591.476	0	1795738	clicker_press	active_oddball	response-received-arrow_up	n/a	n/a	n/a	n/a	arrow_up
3591.526	0	1795763	oddball_response	active_oddball	active-oddball-button-press-577ms	n/a	n/a	0.577	n/a	n/a
3591.926	0	1795963	standard_tone	active_oddball	standard	n/a	n/a	n/a	n/a	n/a
3592.974	0	1796487	standard_tone	active_oddball	standard	n/a	n/a	n/a	n/a	n/a
3594.008	0	1797004	standard_tone	active_oddball	standard	n/a	n/a	n/a	n/a	n/a
3595.074	0	1797537	standard_tone	active_oddball	standard	n/a	n/a	n/a	n/a	n/a
3596.088	0	1798044	standard_tone	active_oddball	standard	n/a	n/a	n/a	n/a	n/a
3597.138	0	1798569	standard_tone	active_oddball	standard	n/a	n/a	n/a	n/a	n/a
3598.154	0	1799077	distractor_noise	active_oddball	distractor	n/a	n/a	n/a	n/a	n/a
3599.186	0	1799593	standard_tone	active_oddball	standard	n/a	n/a	n/a	n/a	n/a
3600.218	0	1800109	standard_tone	active_oddball	standard	n/a	n/a	n/a	n/a	n/a
3601.234	0	1800617	oddball_tone	active_oddball	oddball	n/a	n/a	n/a	n/a	n/a
3601.968	0	1800984	clicker_press	active_oddball	response-received-arrow_up	n/a	n/a	n/a	n/a	arrow_up
3601.984	0	1800992	oddball_response	active_oddball	active-oddball-button-press-726ms	n/a	n/a	0.726	n/a	n/a
3602.250	0	1801125	standard_tone	active_oddball	standard	n/a	n/a	n/a	n/a	n/a
3603.300	0	1801650	standard_tone	active_oddball	standard	n/a	n/a	n/a	n/a	n/a
3604.316	0	1802158	standard_tone	active_oddball	standard	n/a	n/a	n/a	n/a	n/a
3605.380	0	1802690	standard_tone	active_oddball	standard	n/a	n/a	n/a	n/a	n/a
3606.396	0	1803198	standard_tone	active_oddball	standard	n/a	n/a	n/a	n/a	n/a
3607.430	0	1803715	standard_tone	active_oddball	standard	n/a	n/a	n/a	n/a	n/a
3608.478	0	1804239	standard_tone	active_oddball	standard	n/a	n/a	n/a	n/a	n/a
3609.510	0	1804755	distractor_noise	active_oddball	distractor	n/a	n/a	n/a	n/a	n/a
3610.078	0	1805039	clicker_press	active_oddball	response-received-arrow_up	n/a	n/a	n/a	n/a	arrow_up
3610.094	0	1805047	oddball_response	active_oddball	active-oddball-button-press-560ms	n/a	n/a	0.560	n/a	n/a
3610.544	0	1805272	standard_tone	active_oddball	standard	n/a	n/a	n/a	n/a	n/a
3611.626	0	1805813	standard_tone	active_oddball	standard	n/a	n/a	n/a	n/a	n/a
3612.642	0	1806321	standard_tone	active_oddball	standard	n/a	n/a	n/a	n/a	n/a
3613.658	0	1806829	standard_tone	active_oddball	standard	n/a	n/a	n/a	n/a	n/a
3614.674	0	1807337	distractor_noise	active_oddball	distractor	n/a	n/a	n/a	n/a	n/a
3615.690	0	1807845	standard_tone	active_oddball	standard	n/a	n/a	n/a	n/a	n/a
3616.738	0	1808369	standard_tone	active_oddball	standard	n/a	n/a	n/a	n/a	n/a
3617.804	0	1808902	standard_tone	active_oddball	standard	n/a	n/a	n/a	n/a	n/a
3618.852	0	1809426	distractor_noise	active_oddball	distractor	n/a	n/a	n/a	n/a	n/a
3619.868	0	1809934	standard_tone	active_oddball	standard	n/a	n/a	n/a	n/a	n/a
3620.934	0	1810467	standard_tone	active_oddball	standard	n/a	n/a	n/a	n/a	n/a
3621.950	0	1810975	distractor_noise	active_oddball	distractor	n/a	n/a	n/a	n/a	n/a
3622.982	0	1811491	standard_tone	active_oddball	standard	n/a	n/a	n/a	n/a	n/a
3624.014	0	1812007	standard_tone	active_oddball	standard	n/a	n/a	n/a	n/a	n/a
3625.080	0	1812540	standard_tone	active_oddball	standard	n/a	n/a	n/a	n/a	n/a
3626.096	0	1813048	standard_tone	active_oddball	standard	n/a	n/a	n/a	n/a	n/a
3627.130	0	1813565	standard_tone	active_oddball	standard	n/a	n/a	n/a	n/a	n/a
3628.180	0	1814090	active_oddball_end	active_oddball	active-oddball-end	n/a	n/a	n/a	n/a	n/a
3628.180	0	1814090	prompt_window_begin	active_oddball	probe-oddball-begin	n/a	n/a	n/a	n/a	n/a
3634.740	0	1817370	clicker_press	n/a	response-received-arrow_up	n/a	n/a	n/a	n/a	arrow_up
3635.106	0	1817553	clicker_press	n/a	response-received-arrow_up	n/a	n/a	n/a	n/a	arrow_up
3635.506	0	1817753	clicker_press	n/a	response-received-arrow_up	n/a	n/a	n/a	n/a	arrow_up
3637.206	0	1818603	depth_rating	active_oddball	rating-oddball-meditation_depth-3	3	n/a	n/a	n/a	n/a
3643.400	0	1821700	clicker_press	n/a	response-received-arrow_up	n/a	n/a	n/a	n/a	arrow_up
3643.616	0	1821808	clicker_press	n/a	response-received-arrow_up	n/a	n/a	n/a	n/a	arrow_up
3643.882	0	1821941	clicker_press	n/a	response-received-arrow_up	n/a	n/a	n/a	n/a	arrow_up
3644.232	0	1822116	clicker_press	n/a	response-received-arrow_up	n/a	n/a	n/a	n/a	arrow_up
3644.516	0	1822258	clicker_press	n/a	response-received-arrow_up	n/a	n/a	n/a	n/a	arrow_up
3647.296	0	1823648	confidence_rating	active_oddball	rating-oddball-confidence_depth-5	n/a	5	n/a	n/a	n/a
3648.312	0	1824156	prompt_window_end	active_oddball	probe-oddball-end	n/a	n/a	n/a	n/a	n/a
3711.278	0	1855639	clicker_press	n/a	response-received-arrow_up	n/a	n/a	n/a	n/a	arrow_up
3711.316	0	1855658	silent_probe_begin	silent_probe	block-nosapo-probe-begin	n/a	n/a	n/a	n/a	n/a
3711.316	0	1855658	subblock_begin	silent_probe	subblock-begin	n/a	n/a	n/a	n/a	n/a
3711.318	0	1855659	silence_begin	silent_probe	silence-begin	n/a	n/a	n/a	n/a	n/a
3825.550	0	1912775	silence_end	silent_probe	silence-end	n/a	n/a	n/a	n/a	n/a
3825.550	0	1912775	subblock_end	silent_probe	subblock-end-duration-114.233	n/a	n/a	n/a	114.233	n/a
3825.552	0	1912776	subblock_begin	silent_probe	subblock-begin	n/a	n/a	n/a	n/a	n/a
3825.552	0	1912776	silence_begin	silent_probe	silence-begin	n/a	n/a	n/a	n/a	n/a
3932.326	0	1966163	prompt_window_begin	silent_probe	probe-nosapo-probe-begin	n/a	n/a	n/a	n/a	n/a
3938.338	0	1969169	clicker_press	silent_probe	response-received-arrow_up	n/a	n/a	n/a	n/a	arrow_up
3938.588	0	1969294	clicker_press	silent_probe	response-received-arrow_up	n/a	n/a	n/a	n/a	arrow_up
3939.920	0	1969960	clicker_press	silent_probe	response-received-arrow_up	n/a	n/a	n/a	n/a	arrow_up
3941.386	0	1970693	depth_rating	silent_probe	rating-nosapo-probe-meditation_depth-3	3	n/a	n/a	n/a	n/a
3947.314	0	1973657	clicker_press	silent_probe	response-received-arrow_up	n/a	n/a	n/a	n/a	arrow_up
3947.532	0	1973766	clicker_press	silent_probe	response-received-arrow_up	n/a	n/a	n/a	n/a	arrow_up
3947.764	0	1973882	clicker_press	silent_probe	response-received-arrow_up	n/a	n/a	n/a	n/a	arrow_up
3948.030	0	1974015	clicker_press	silent_probe	response-received-arrow_up	n/a	n/a	n/a	n/a	arrow_up
3948.364	0	1974182	clicker_press	silent_probe	response-received-arrow_up	n/a	n/a	n/a	n/a	arrow_up
3951.428	0	1975714	confidence_rating	silent_probe	rating-nosapo-probe-confidence_depth-5	n/a	5	n/a	n/a	n/a
3954.876	0	1977438	prompt_window_end	silent_probe	probe-nosapo-probe-end	n/a	n/a	n/a	n/a	n/a
3960.604	0	1980302	silence_end	silent_probe	silence-end	n/a	n/a	n/a	n/a	n/a
3960.604	0	1980302	subblock_end	silent_probe	subblock-end-duration-135.054	n/a	n/a	n/a	135.054	n/a
3960.606	0	1980303	subblock_begin	silent_probe	subblock-begin	n/a	n/a	n/a	n/a	n/a
3960.606	0	1980303	silence_begin	silent_probe	silence-begin	n/a	n/a	n/a	n/a	n/a
4068.730	0	2034365	silence_end	silent_probe	silence-end	n/a	n/a	n/a	n/a	n/a
4068.732	0	2034366	subblock_end	silent_probe	subblock-end-duration-108.126	n/a	n/a	n/a	108.126	n/a
4068.732	0	2034366	subblock_begin	silent_probe	subblock-begin	n/a	n/a	n/a	n/a	n/a
4068.732	0	2034366	silence_begin	silent_probe	silence-begin	n/a	n/a	n/a	n/a	n/a
4154.910	0	2077455	prompt_window_begin	silent_probe	probe-nosapo-probe-begin	n/a	n/a	n/a	n/a	n/a
4161.438	0	2080719	clicker_press	silent_probe	response-received-arrow_up	n/a	n/a	n/a	n/a	arrow_up
4161.788	0	2080894	clicker_press	silent_probe	response-received-arrow_up	n/a	n/a	n/a	n/a	arrow_up
4162.070	0	2081035	clicker_press	silent_probe	response-received-arrow_up	n/a	n/a	n/a	n/a	arrow_up
4162.488	0	2081244	clicker_press	silent_probe	response-received-arrow_up	n/a	n/a	n/a	n/a	arrow_up
4163.986	0	2081993	depth_rating	silent_probe	rating-nosapo-probe-meditation_depth-4	4	n/a	n/a	n/a	n/a
4171.396	0	2085698	clicker_press	silent_probe	response-received-arrow_up	n/a	n/a	n/a	n/a	arrow_up
4171.678	0	2085839	clicker_press	silent_probe	response-received-arrow_up	n/a	n/a	n/a	n/a	arrow_up
4171.928	0	2085964	clicker_press	silent_probe	response-received-arrow_up	n/a	n/a	n/a	n/a	arrow_up
4172.294	0	2086147	clicker_press	silent_probe	response-received-arrow_up	n/a	n/a	n/a	n/a	arrow_up
4174.044	0	2087022	confidence_rating	silent_probe	rating-nosapo-probe-confidence_depth-4	n/a	4	n/a	n/a	n/a
4177.492	0	2088746	prompt_window_end	silent_probe	probe-nosapo-probe-end	n/a	n/a	n/a	n/a	n/a
4199.006	0	2099503	silence_end	silent_probe	silence-end	n/a	n/a	n/a	n/a	n/a
4199.006	0	2099503	gong_begin	silent_probe	gong-begin	n/a	n/a	n/a	n/a	n/a
4209.198	0	2104599	gong_end	silent_probe	gong-end	n/a	n/a	n/a	n/a	n/a
4209.198	0	2104599	subblock_end	silent_probe	subblock-end-duration-140.466	n/a	n/a	n/a	140.466	n/a
4209.198	0	2104599	subblock_begin	silent_probe	subblock-begin	n/a	n/a	n/a	n/a	n/a
4209.200	0	2104600	silence_begin	silent_probe	silence-begin	n/a	n/a	n/a	n/a	n/a
4310.780	0	2155390	silence_end	silent_probe	silence-end	n/a	n/a	n/a	n/a	n/a
4310.782	0	2155391	subblock_end	silent_probe	subblock-end-duration-101.584	n/a	n/a	n/a	101.584	n/a
4310.782	0	2155391	subblock_begin	silent_probe	subblock-begin	n/a	n/a	n/a	n/a	n/a
4310.784	0	2155392	silence_begin	silent_probe	silence-begin	n/a	n/a	n/a	n/a	n/a
4411.346	0	2205673	silence_end	silent_probe	silence-end	n/a	n/a	n/a	n/a	n/a
4411.348	0	2205674	gong_begin	silent_probe	gong-begin	n/a	n/a	n/a	n/a	n/a
4421.440	0	2210720	gong_end	silent_probe	gong-end	n/a	n/a	n/a	n/a	n/a
4421.440	0	2210720	subblock_end	silent_probe	subblock-end-duration-110.657	n/a	n/a	n/a	110.657	n/a
4421.440	0	2210720	subblock_begin	silent_probe	subblock-begin	n/a	n/a	n/a	n/a	n/a
4421.440	0	2210720	silence_begin	silent_probe	silence-begin	n/a	n/a	n/a	n/a	n/a
4421.442	0	2210721	prompt_window_begin	silent_probe	probe-nosapo-probe-begin	n/a	n/a	n/a	n/a	n/a
4428.148	0	2214074	clicker_press	silent_probe	response-received-arrow_up	n/a	n/a	n/a	n/a	arrow_up
4428.448	0	2214224	clicker_press	silent_probe	response-received-arrow_up	n/a	n/a	n/a	n/a	arrow_up
4428.782	0	2214391	clicker_press	silent_probe	response-received-arrow_up	n/a	n/a	n/a	n/a	arrow_up
4430.464	0	2215232	depth_rating	silent_probe	rating-nosapo-probe-meditation_depth-3	3	n/a	n/a	n/a	n/a
4436.492	0	2218246	clicker_press	silent_probe	response-received-arrow_up	n/a	n/a	n/a	n/a	arrow_up
4436.742	0	2218371	clicker_press	silent_probe	response-received-arrow_up	n/a	n/a	n/a	n/a	arrow_up
4436.992	0	2218496	clicker_press	silent_probe	response-received-arrow_up	n/a	n/a	n/a	n/a	arrow_up
4437.276	0	2218638	clicker_press	silent_probe	response-received-arrow_up	n/a	n/a	n/a	n/a	arrow_up
4437.858	0	2218929	clicker_press	silent_probe	response-received-arrow_up	n/a	n/a	n/a	n/a	arrow_up
4440.656	0	2220328	confidence_rating	silent_probe	rating-nosapo-probe-confidence_depth-5	n/a	5	n/a	n/a	n/a
4444.120	0	2222060	prompt_window_end	silent_probe	probe-nosapo-probe-end	n/a	n/a	n/a	n/a	n/a
4615.078	0	2307539	silence_end	silent_probe	silence-end	n/a	n/a	n/a	n/a	n/a
4615.078	0	2307539	gong_begin	silent_probe	gong-begin	n/a	n/a	n/a	n/a	n/a
4625.170	0	2312585	gong_end	silent_probe	gong-end	n/a	n/a	n/a	n/a	n/a
4625.170	0	2312585	subblock_end	silent_probe	subblock-end-duration-203.732	n/a	n/a	n/a	203.732	n/a
4625.170	0	2312585	subblock_begin	silent_probe	subblock-begin	n/a	n/a	n/a	n/a	n/a
4625.172	0	2312586	silence_begin	silent_probe	silence-begin	n/a	n/a	n/a	n/a	n/a
4658.126	0	2329063	prompt_window_begin	silent_probe	probe-nosapo-probe-begin	n/a	n/a	n/a	n/a	n/a
4664.738	0	2332369	clicker_press	silent_probe	response-received-arrow_up	n/a	n/a	n/a	n/a	arrow_up
4665.104	0	2332552	clicker_press	silent_probe	response-received-arrow_up	n/a	n/a	n/a	n/a	arrow_up
4665.404	0	2332702	clicker_press	silent_probe	response-received-arrow_up	n/a	n/a	n/a	n/a	arrow_up
4666.620	0	2333310	clicker_press	silent_probe	response-received-arrow_up	n/a	n/a	n/a	n/a	arrow_up
4667.152	0	2333576	depth_rating	silent_probe	rating-nosapo-probe-meditation_depth-4	4	n/a	n/a	n/a	n/a
4672.930	0	2336465	clicker_press	silent_probe	response-received-arrow_up	n/a	n/a	n/a	n/a	arrow_up
4673.146	0	2336573	clicker_press	silent_probe	response-received-arrow_up	n/a	n/a	n/a	n/a	arrow_up
4673.414	0	2336707	clicker_press	silent_probe	response-received-arrow_up	n/a	n/a	n/a	n/a	arrow_up
4673.714	0	2336857	clicker_press	silent_probe	response-received-arrow_up	n/a	n/a	n/a	n/a	arrow_up
4677.226	0	2338613	confidence_rating	silent_probe	rating-nosapo-probe-confidence_depth-4	n/a	4	n/a	n/a	n/a
4680.690	0	2340345	prompt_window_end	silent_probe	probe-nosapo-probe-end	n/a	n/a	n/a	n/a	n/a
4767.236	0	2383618	silence_end	silent_probe	silence-end	n/a	n/a	n/a	n/a	n/a
4767.236	0	2383618	gong_begin	silent_probe	gong-begin	n/a	n/a	n/a	n/a	n/a
4777.328	0	2388664	gong_end	silent_probe	gong-end	n/a	n/a	n/a	n/a	n/a
4777.328	0	2388664	subblock_end	silent_probe	subblock-end-duration-152.157	n/a	n/a	n/a	152.157	n/a
4777.328	0	2388664	subblock_begin	silent_probe	subblock-begin	n/a	n/a	n/a	n/a	n/a
4777.328	0	2388664	silence_begin	silent_probe	silence-begin	n/a	n/a	n/a	n/a	n/a
4887.718	0	2443859	silence_end	silent_probe	silence-end	n/a	n/a	n/a	n/a	n/a
4887.720	0	2443860	subblock_end	silent_probe	subblock-end-duration-110.393	n/a	n/a	n/a	110.393	n/a
4887.720	0	2443860	subblock_begin	silent_probe	subblock-begin	n/a	n/a	n/a	n/a	n/a
4887.720	0	2443860	silence_begin	silent_probe	silence-begin	n/a	n/a	n/a	n/a	n/a
4894.714	0	2447357	prompt_window_begin	silent_probe	probe-nosapo-probe-begin	n/a	n/a	n/a	n/a	n/a
4900.892	0	2450446	clicker_press	silent_probe	response-received-arrow_up	n/a	n/a	n/a	n/a	arrow_up
4901.442	0	2450721	clicker_press	silent_probe	response-received-arrow_up	n/a	n/a	n/a	n/a	arrow_up
4901.792	0	2450896	clicker_press	silent_probe	response-received-arrow_up	n/a	n/a	n/a	n/a	arrow_up
4903.740	0	2451870	depth_rating	silent_probe	rating-nosapo-probe-meditation_depth-3	3	n/a	n/a	n/a	n/a
4909.718	0	2454859	clicker_press	silent_probe	response-received-arrow_up	n/a	n/a	n/a	n/a	arrow_up
4910.002	0	2455001	clicker_press	silent_probe	response-received-arrow_up	n/a	n/a	n/a	n/a	arrow_up
4910.334	0	2455167	clicker_press	silent_probe	response-received-arrow_up	n/a	n/a	n/a	n/a	arrow_up
4911.016	0	2455508	clicker_press	silent_probe	response-received-arrow_up	n/a	n/a	n/a	n/a	arrow_up
4913.782	0	2456891	confidence_rating	silent_probe	rating-nosapo-probe-confidence_depth-4	n/a	4	n/a	n/a	n/a
4917.294	0	2458647	prompt_window_end	silent_probe	probe-nosapo-probe-end	n/a	n/a	n/a	n/a	n/a
5021.358	0	2510679	silence_end	silent_probe	silence-end	n/a	n/a	n/a	n/a	n/a
5021.360	0	2510680	subblock_end	silent_probe	subblock-end-duration-133.639	n/a	n/a	n/a	133.639	n/a
5021.360	0	2510680	subblock_begin	silent_probe	subblock-begin	n/a	n/a	n/a	n/a	n/a
5021.360	0	2510680	silence_begin	silent_probe	silence-begin	n/a	n/a	n/a	n/a	n/a
5097.296	0	2548648	prompt_window_begin	silent_probe	probe-nosapo-probe-begin	n/a	n/a	n/a	n/a	n/a
5103.690	0	2551845	clicker_press	silent_probe	response-received-arrow_up	n/a	n/a	n/a	n/a	arrow_up
5103.990	0	2551995	clicker_press	silent_probe	response-received-arrow_up	n/a	n/a	n/a	n/a	arrow_up
5104.224	0	2552112	clicker_press	silent_probe	response-received-arrow_up	n/a	n/a	n/a	n/a	arrow_up
5104.524	0	2552262	clicker_press	silent_probe	response-received-arrow_up	n/a	n/a	n/a	n/a	arrow_up
5104.806	0	2552403	clicker_press	silent_probe	response-received-arrow_up	n/a	n/a	n/a	n/a	arrow_up
5106.322	0	2553161	depth_rating	silent_probe	rating-nosapo-probe-meditation_depth-5	5	n/a	n/a	n/a	n/a
5110.436	0	2555218	clicker_press	silent_probe	response-received-arrow_up	n/a	n/a	n/a	n/a	arrow_up
5111.200	0	2555600	clicker_press	silent_probe	response-received-arrow_up	n/a	n/a	n/a	n/a	arrow_up
5113.082	0	2556541	clicker_press	silent_probe	response-received-arrow_up	n/a	n/a	n/a	n/a	arrow_up
5113.432	0	2556716	clicker_press	silent_probe	response-received-arrow_up	n/a	n/a	n/a	n/a	arrow_up
5113.698	0	2556849	clicker_press	silent_probe	response-received-arrow_up	n/a	n/a	n/a	n/a	arrow_up
5113.932	0	2556966	clicker_press	silent_probe	response-received-arrow_up	n/a	n/a	n/a	n/a	arrow_up
5114.332	0	2557166	clicker_press	silent_probe	response-received-arrow_up	n/a	n/a	n/a	n/a	arrow_up
5116.414	0	2558207	confidence_rating	silent_probe	rating-nosapo-probe-confidence_depth-7	n/a	7	n/a	n/a	n/a
5119.876	0	2559938	prompt_window_end	silent_probe	probe-nosapo-probe-end	n/a	n/a	n/a	n/a	n/a
5150.250	0	2575125	silence_end	silent_probe	silence-end	n/a	n/a	n/a	n/a	n/a
5150.250	0	2575125	gong_begin	silent_probe	gong-begin	n/a	n/a	n/a	n/a	n/a
5160.376	0	2580188	gong_end	silent_probe	gong-end	n/a	n/a	n/a	n/a	n/a
5160.378	0	2580189	subblock_end	silent_probe	subblock-end-duration-139.017	n/a	n/a	n/a	139.017	n/a
5160.378	0	2580189	subblock_begin	silent_probe	subblock-begin	n/a	n/a	n/a	n/a	n/a
5160.378	0	2580189	silence_begin	silent_probe	silence-begin	n/a	n/a	n/a	n/a	n/a
5275.114	0	2637557	silence_end	silent_probe	silence-end	n/a	n/a	n/a	n/a	n/a
5275.116	0	2637558	subblock_end	silent_probe	subblock-end-duration-114.739	n/a	n/a	n/a	114.739	n/a
5275.116	0	2637558	subblock_begin	silent_probe	subblock-begin	n/a	n/a	n/a	n/a	n/a
5275.116	0	2637558	silence_begin	silent_probe	silence-begin	n/a	n/a	n/a	n/a	n/a
5359.962	0	2679981	prompt_window_begin	silent_probe	probe-nosapo-probe-begin	n/a	n/a	n/a	n/a	n/a
5366.456	0	2683228	clicker_press	silent_probe	response-received-arrow_up	n/a	n/a	n/a	n/a	arrow_up
5366.722	0	2683361	clicker_press	silent_probe	response-received-arrow_up	n/a	n/a	n/a	n/a	arrow_up
5366.988	0	2683494	clicker_press	silent_probe	response-received-arrow_up	n/a	n/a	n/a	n/a	arrow_up
5367.274	0	2683637	clicker_press	silent_probe	response-received-arrow_up	n/a	n/a	n/a	n/a	arrow_up
5369.020	0	2684510	depth_rating	silent_probe	rating-nosapo-probe-meditation_depth-4	4	n/a	n/a	n/a	n/a
5375.450	0	2687725	clicker_press	silent_probe	response-received-arrow_up	n/a	n/a	n/a	n/a	arrow_up
5375.716	0	2687858	clicker_press	silent_probe	response-received-arrow_up	n/a	n/a	n/a	n/a	arrow_up
5375.982	0	2687991	clicker_press	silent_probe	response-received-arrow_up	n/a	n/a	n/a	n/a	arrow_up
5376.248	0	2688124	clicker_press	silent_probe	response-received-arrow_up	n/a	n/a	n/a	n/a	arrow_up
5376.664	0	2688332	clicker_press	silent_probe	response-received-arrow_up	n/a	n/a	n/a	n/a	arrow_up
5379.112	0	2689556	confidence_rating	silent_probe	rating-nosapo-probe-confidence_depth-5	n/a	5	n/a	n/a	n/a
5382.542	0	2691271	prompt_window_end	silent_probe	probe-nosapo-probe-end	n/a	n/a	n/a	n/a	n/a
5412.102	0	2706051	silence_end	silent_probe	silence-end	n/a	n/a	n/a	n/a	n/a
5412.102	0	2706051	subblock_end	silent_probe	subblock-end-duration-136.986	n/a	n/a	n/a	136.986	n/a
5412.104	0	2706052	subblock_begin	silent_probe	subblock-begin	n/a	n/a	n/a	n/a	n/a
5412.104	0	2706052	silence_begin	silent_probe	silence-begin	n/a	n/a	n/a	n/a	n/a
5524.874	0	2762437	silence_end	silent_probe	silence-end	n/a	n/a	n/a	n/a	n/a
5524.876	0	2762438	gong_begin	silent_probe	gong-begin	n/a	n/a	n/a	n/a	n/a
5535.000	0	2767500	gong_end	silent_probe	gong-end	n/a	n/a	n/a	n/a	n/a
5535.002	0	2767501	subblock_end	silent_probe	subblock-end-duration-122.898	n/a	n/a	n/a	122.898	n/a
5535.002	0	2767501	subblock_begin	silent_probe	subblock-begin	n/a	n/a	n/a	n/a	n/a
5535.002	0	2767501	silence_begin	silent_probe	silence-begin	n/a	n/a	n/a	n/a	n/a
5601.544	0	2800772	prompt_window_begin	silent_probe	probe-nosapo-probe-begin	n/a	n/a	n/a	n/a	n/a
5608.190	0	2804095	clicker_press	silent_probe	response-received-arrow_up	n/a	n/a	n/a	n/a	arrow_up
5608.456	0	2804228	clicker_press	silent_probe	response-received-arrow_up	n/a	n/a	n/a	n/a	arrow_up
5608.690	0	2804345	clicker_press	silent_probe	response-received-arrow_up	n/a	n/a	n/a	n/a	arrow_up
5609.006	0	2804503	clicker_press	silent_probe	response-received-arrow_up	n/a	n/a	n/a	n/a	arrow_up
5610.570	0	2805285	depth_rating	silent_probe	rating-nosapo-probe-meditation_depth-4	4	n/a	n/a	n/a	n/a
5616.582	0	2808291	clicker_press	silent_probe	response-received-arrow_up	n/a	n/a	n/a	n/a	arrow_up
5616.816	0	2808408	clicker_press	silent_probe	response-received-arrow_up	n/a	n/a	n/a	n/a	arrow_up
5617.032	0	2808516	clicker_press	silent_probe	response-received-arrow_up	n/a	n/a	n/a	n/a	arrow_up
5617.298	0	2808649	clicker_press	silent_probe	response-received-arrow_up	n/a	n/a	n/a	n/a	arrow_up
5617.698	0	2808849	clicker_press	silent_probe	response-received-arrow_up	n/a	n/a	n/a	n/a	arrow_up
5620.680	0	2810340	confidence_rating	silent_probe	rating-nosapo-probe-confidence_depth-5	n/a	5	n/a	n/a	n/a
5624.160	0	2812080	prompt_window_end	silent_probe	probe-nosapo-probe-end	n/a	n/a	n/a	n/a	n/a
5670.804	0	2835402	silence_end	silent_probe	silence-end	n/a	n/a	n/a	n/a	n/a
5670.804	0	2835402	subblock_end	silent_probe	subblock-end-duration-135.802	n/a	n/a	n/a	135.802	n/a
5670.806	0	2835403	subblock_begin	silent_probe	subblock-begin	n/a	n/a	n/a	n/a	n/a
5670.806	0	2835403	silence_begin	silent_probe	silence-begin	n/a	n/a	n/a	n/a	n/a
5785.458	0	2892729	silence_end	silent_probe	silence-end	n/a	n/a	n/a	n/a	n/a
5785.460	0	2892730	subblock_end	silent_probe	subblock-end-duration-114.655	n/a	n/a	n/a	114.655	n/a
5785.460	0	2892730	subblock_begin	silent_probe	subblock-begin	n/a	n/a	n/a	n/a	n/a
5785.460	0	2892730	silence_begin	silent_probe	silence-begin	n/a	n/a	n/a	n/a	n/a
5811.370	0	2905685	silent_probe_end	silent_probe	block-nosapo-probe-end	n/a	n/a	n/a	n/a	n/a
5811.372	0	2905686	block_duration	silent_probe	block-nosapo-probe-duration-2100	n/a	n/a	n/a	2100.000	n/a
5811.372	0	2905686	prompt_window_begin	silent_probe	probe-nosapo-probe-begin	n/a	n/a	n/a	n/a	n/a
5817.732	0	2908866	clicker_press	n/a	response-received-arrow_up	n/a	n/a	n/a	n/a	arrow_up
5818.032	0	2909016	clicker_press	n/a	response-received-arrow_up	n/a	n/a	n/a	n/a	arrow_up
5818.364	0	2909182	clicker_press	n/a	response-received-arrow_up	n/a	n/a	n/a	n/a	arrow_up
5818.848	0	2909424	clicker_press	n/a	response-received-arrow_up	n/a	n/a	n/a	n/a	arrow_up
5820.384	0	2910192	depth_rating	silent_probe	rating-nosapo-probe-meditation_depth-4	4	n/a	n/a	n/a	n/a
5826.442	0	2913221	clicker_press	n/a	response-received-arrow_up	n/a	n/a	n/a	n/a	arrow_up
5826.692	0	2913346	clicker_press	n/a	response-received-arrow_up	n/a	n/a	n/a	n/a	arrow_up
5826.992	0	2913496	clicker_press	n/a	response-received-arrow_up	n/a	n/a	n/a	n/a	arrow_up
5827.374	0	2913687	clicker_press	n/a	response-received-arrow_up	n/a	n/a	n/a	n/a	arrow_up
5827.674	0	2913837	clicker_press	n/a	response-received-arrow_up	n/a	n/a	n/a	n/a	arrow_up
5830.406	0	2915203	confidence_rating	silent_probe	rating-nosapo-probe-confidence_depth-5	n/a	5	n/a	n/a	n/a
5831.422	0	2915711	prompt_window_end	silent_probe	probe-nosapo-probe-end	n/a	n/a	n/a	n/a	n/a
5831.422	0	2915711	break_begin	break	break-begin	n/a	n/a	n/a	n/a	n/a
5974.452	0	2987226	clicker_press	break	response-received-enter	n/a	n/a	n/a	n/a	enter
5974.468	0	2987234	break_end	break	break-end	n/a	n/a	n/a	n/a	n/a
6024.428	0	3012214	clicker_press	n/a	response-received-arrow_up	n/a	n/a	n/a	n/a	arrow_up
6024.444	0	3012222	post_meditation_begin	post_meditation	post-meditation-begin	n/a	n/a	n/a	n/a	n/a
6324.530	0	3162265	post_meditation_end	post_meditation	post-meditation-end	n/a	n/a	n/a	n/a	n/a
6324.530	0	3162265	prompt_window_begin	post_meditation	probe-post-meditation-begin	n/a	n/a	n/a	n/a	n/a
6330.792	0	3165396	clicker_press	n/a	response-received-arrow_up	n/a	n/a	n/a	n/a	arrow_up
6331.190	0	3165595	clicker_press	n/a	response-received-arrow_up	n/a	n/a	n/a	n/a	arrow_up
6331.658	0	3165829	clicker_press	n/a	response-received-arrow_up	n/a	n/a	n/a	n/a	arrow_up
6332.224	0	3166112	clicker_press	n/a	response-received-arrow_up	n/a	n/a	n/a	n/a	arrow_up
6333.556	0	3166778	depth_rating	post_meditation	rating-post-meditation-meditation_depth-4	4	n/a	n/a	n/a	n/a
6339.250	0	3169625	clicker_press	n/a	response-received-arrow_up	n/a	n/a	n/a	n/a	arrow_up
6339.666	0	3169833	clicker_press	n/a	response-received-arrow_up	n/a	n/a	n/a	n/a	arrow_up
6340.000	0	3170000	clicker_press	n/a	response-received-arrow_up	n/a	n/a	n/a	n/a	arrow_up
6340.500	0	3170250	clicker_press	n/a	response-received-arrow_up	n/a	n/a	n/a	n/a	arrow_up
6341.116	0	3170558	clicker_press	n/a	response-received-arrow_up	n/a	n/a	n/a	n/a	arrow_up
6343.630	0	3171815	confidence_rating	post_meditation	rating-post-meditation-confidence_depth-5	n/a	5	n/a	n/a	n/a
6344.646	0	3172323	prompt_window_end	post_meditation	probe-post-meditation-end	n/a	n/a	n/a	n/a	n/a
6353.820	0	3176910	task_end	n/a	task-end	n/a	n/a	n/a	n/a	n/a
