onset	duration	sample	trial_type	block	value	depth	confidence	response_time	logged_duration	key
0.000	0	0	clicker_press	n/a	response-received-arrow_up	n/a	n/a	n/a	n/a	arrow_up
2.996	0	1498	clicker_press	n/a	response-received-arrow_up	n/a	n/a	n/a	n/a	arrow_up
4.946	0	2473	clicker_press	n/a	response-received-arrow_up	n/a	n/a	n/a	n/a	arrow_up
6.028	0	3014	clicker_press	n/a	response-received-arrow_up	n/a	n/a	n/a	n/a	arrow_up
7.242	0	3621	clicker_press	n/a	response-received-arrow_up	n/a	n/a	n/a	n/a	arrow_up
9.010	0	4505	clicker_press	n/a	response-received-arrow_up	n/a	n/a	n/a	n/a	arrow_up
10.590	0	5295	clicker_press	n/a	response-received-arrow_up	n/a	n/a	n/a	n/a	arrow_up
11.890	0	5945	clicker_press	n/a	response-received-arrow_up	n/a	n/a	n/a	n/a	arrow_up
11.942	0	5971	task_begin	n/a	task-begin	n/a	n/a	n/a	n/a	n/a
69.458	0	34729	clicker_press	n/a	response-received-arrow_up	n/a	n/a	n/a	n/a	arrow_up
69.608	0	34804	baseline_begin	baseline	baseline-begin	n/a	n/a	n/a	n/a	n/a
369.726	0	184863	baseline_end	baseline	baseline-end	n/a	n/a	n/a	n/a	n/a
401.384	0	200692	clicker_press	n/a	response-received-arrow_up	n/a	n/a	n/a	n/a	arrow_up
401.402	0	200701	pre_meditation_begin	pre_meditation	pre-meditation-begin	n/a	n/a	n/a	n/a	n/a
701.468	0	350734	pre_meditation_end	pre_meditation	pre-meditation-end	n/a	n/a	n/a	n/a	n/a
701.470	0	350735	prompt_window_begin	pre_meditation	probe-pre-meditation-begin	n/a	n/a	n/a	n/a	n/a
709.178	0	354589	clicker_press	n/a	response-received-arrow_up	n/a	n/a	n/a	n/a	arrow_up
710.494	0	355247	depth_rating	pre_meditation	rating-pre-meditation-meditation_depth-1	1	n/a	n/a	n/a	n/a
716.756	0	358378	clicker_press	n/a	response-received-arrow_up	n/a	n/a	n/a	n/a	arrow_up
716.988	0	358494	clicker_press	n/a	response-received-arrow_up	n/a	n/a	n/a	n/a	arrow_up
717.240	0	358620	clicker_press	n/a	response-received-arrow_up	n/a	n/a	n/a	n/a	arrow_up
720.586	0	360293	confidence_rating	pre_meditation	rating-pre-meditation-confidence_depth-3	n/a	3	n/a	n/a	n/a
721.620	0	360810	prompt_window_end	pre_meditation	probe-pre-meditation-end	n/a	n/a	n/a	n/a	n/a
817.838	0	408919	clicker_press	n/a	response-received-arrow_up	n/a	n/a	n/a	n/a	arrow_up
817.862	0	408931	sapo_probe_begin	sapo_probe	block-sapo-probe-begin	n/a	n/a	n/a	n/a	n/a
817.874	0	408937	subblock_begin	sapo_probe	subblock-begin	n/a	n/a	n/a	n/a	n/a
817.874	0	408937	silence_begin	sapo_probe	silence-begin	n/a	n/a	n/a	n/a	n/a
817.876	0	408938	standard_tone	sapo_probe	standard	n/a	n/a	n/a	n/a	n/a
818.888	0	409444	standard_tone	sapo_probe	standard	n/a	n/a	n/a	n/a	n/a
819.904	0	409952	standard_tone	sapo_probe	standard	n/a	n/a	n/a	n/a	n/a
820.920	0	410460	oddball_tone	sapo_probe	oddball	n/a	n/a	n/a	n/a	n/a
821.936	0	410968	distractor_noise	sapo_probe	distractor	n/a	n/a	n/a	n/a	n/a
822.934	0	411467	standard_tone	sapo_probe	standard	n/a	n/a	n/a	n/a	n/a
823.950	0	411975	distractor_noise	sapo_probe	distractor	n/a	n/a	n/a	n/a	n/a
824.966	0	412483	standard_tone	sapo_probe	standard	n/a	n/a	n/a	n/a	n/a
825.982	0	412991	standard_tone	sapo_probe	standard	n/a	n/a	n/a	n/a	n/a
826.998	0	413499	standard_tone	sapo_probe	standard	n/a	n/a	n/a	n/a	n/a
828.014	0	414007	standard_tone	sapo_probe	standard	n/a	n/a	n/a	n/a	n/a
829.030	0	414515	standard_tone	sapo_probe	standard	n/a	n/a	n/a	n/a	n/a
830.046	0	415023	standard_tone	sapo_probe	standard	n/a	n/a	n/a	n/a	n/a
831.060	0	415530	standard_tone	sapo_probe	standard	n/a	n/a	n/a	n/a	n/a
832.060	0	416030	standard_tone	sapo_probe	standard	n/a	n/a	n/a	n/a	n/a
833.076	0	416538	standard_tone	sapo_probe	standard	n/a	n/a	n/a	n/a	n/a
834.092	0	417046	standard_tone	sapo_probe	standard	n/a	n/a	n/a	n/a	n/a
835.108	0	417554	standard_tone	sapo_probe	standard	n/a	n/a	n/a	n/a	n/a
836.122	0	418061	standard_tone	sapo_probe	standard	n/a	n/a	n/a	n/a	n/a
837.122	0	418561	standard_tone	sapo_probe	standard	n/a	n/a	n/a	n/a	n/a
838.138	0	419069	standard_tone	sapo_probe	standard	n/a	n/a	n/a	n/a	n/a
839.154	0	419577	oddball_tone	sapo_probe	oddball	n/a	n/a	n/a	n/a	n/a
840.170	0	420085	standard_tone	sapo_probe	standard	n/a	n/a	n/a	n/a	n/a
841.186	0	420593	oddball_tone	sapo_probe	oddball	n/a	n/a	n/a	n/a	n/a
842.202	0	421101	standard_tone	sapo_probe	standard	n/a	n/a	n/a	n/a	n/a
843.218	0	421609	standard_tone	sapo_probe	standard	n/a	n/a	n/a	n/a	n/a
844.234	0	422117	standard_tone	sapo_probe	standard	n/a	n/a	n/a	n/a	n/a
845.250	0	422625	standard_tone	sapo_probe	standard	n/a	n/a	n/a	n/a	n/a
846.264	0	423132	standard_tone	sapo_probe	standard	n/a	n/a	n/a	n/a	n/a
847.280	0	423640	standard_tone	sapo_probe	standard	n/a	n/a	n/a	n/a	n/a
848.296	0	424148	standard_tone	sapo_probe	standard	n/a	n/a	n/a	n/a	n/a
849.312	0	424656	oddball_tone	sapo_probe	oddball	n/a	n/a	n/a	n/a	n/a
850.328	0	425164	standard_tone	sapo_probe	standard	n/a	n/a	n/a	n/a	n/a
851.344	0	425672	standard_tone	sapo_probe	standard	n/a	n/a	n/a	n/a	n/a
852.360	0	426180	standard_tone	sapo_probe	standard	n/a	n/a	n/a	n/a	n/a
853.376	0	426688	standard_tone	sapo_probe	standard	n/a	n/a	n/a	n/a	n/a
854.392	0	427196	standard_tone	sapo_probe	standard	n/a	n/a	n/a	n/a	n/a
855.408	0	427704	standard_tone	sapo_probe	standard	n/a	n/a	n/a	n/a	n/a
856.424	0	428212	standard_tone	sapo_probe	standard	n/a	n/a	n/a	n/a	n/a
857.440	0	428720	standard_tone	sapo_probe	standard	n/a	n/a	n/a	n/a	n/a
858.454	0	429227	standard_tone	sapo_probe	standard	n/a	n/a	n/a	n/a	n/a
859.470	0	429735	distractor_noise	sapo_probe	distractor	n/a	n/a	n/a	n/a	n/a
860.486	0	430243	standard_tone	sapo_probe	standard	n/a	n/a	n/a	n/a	n/a
861.502	0	430751	standard_tone	sapo_probe	standard	n/a	n/a	n/a	n/a	n/a
862.518	0	431259	standard_tone	sapo_probe	standard	n/a	n/a	n/a	n/a	n/a
863.518	0	431759	standard_tone	sapo_probe	standard	n/a	n/a	n/a	n/a	n/a
864.534	0	432267	oddball_tone	sapo_probe	oddball	n/a	n/a	n/a	n/a	n/a
865.548	0	432774	standard_tone	sapo_probe	standard	n/a	n/a	n/a	n/a	n/a
866.564	0	433282	standard_tone	sapo_probe	standard	n/a	n/a	n/a	n/a	n/a
867.580	0	433790	distractor_noise	sapo_probe	distractor	n/a	n/a	n/a	n/a	n/a
868.596	0	434298	standard_tone	sapo_probe	standard	n/a	n/a	n/a	n/a	n/a
869.612	0	434806	standard_tone	sapo_probe	standard	n/a	n/a	n/a	n/a	n/a
870.628	0	435314	standard_tone	sapo_probe	standard	n/a	n/a	n/a	n/a	n/a
871.644	0	435822	standard_tone	sapo_probe	standard	n/a	n/a	n/a	n/a	n/a
872.660	0	436330	standard_tone	sapo_probe	standard	n/a	n/a	n/a	n/a	n/a
873.676	0	436838	standard_tone	sapo_probe	standard	n/a	n/a	n/a	n/a	n/a
874.692	0	437346	standard_tone	sapo_probe	standard	n/a	n/a	n/a	n/a	n/a
875.708	0	437854	standard_tone	sapo_probe	standard	n/a	n/a	n/a	n/a	n/a
876.722	0	438361	standard_tone	sapo_probe	standard	n/a	n/a	n/a	n/a	n/a
877.722	0	438861	standard_tone	sapo_probe	standard	n/a	n/a	n/a	n/a	n/a
878.738	0	439369	standard_tone	sapo_probe	standard	n/a	n/a	n/a	n/a	n/a
879.754	0	439877	standard_tone	sapo_probe	standard	n/a	n/a	n/a	n/a	n/a
880.770	0	440385	oddball_tone	sapo_probe	oddball	n/a	n/a	n/a	n/a	n/a
881.786	0	440893	distractor_noise	sapo_probe	distractor	n/a	n/a	n/a	n/a	n/a
882.802	0	441401	oddball_tone	sapo_probe	oddball	n/a	n/a	n/a	n/a	n/a
883.818	0	441909	standard_tone	sapo_probe	standard	n/a	n/a	n/a	n/a	n/a
884.834	0	442417	standard_tone	sapo_probe	standard	n/a	n/a	n/a	n/a	n/a
885.850	0	442925	distractor_noise	sapo_probe	distractor	n/a	n/a	n/a	n/a	n/a
886.864	0	443432	standard_tone	sapo_probe	standard	n/a	n/a	n/a	n/a	n/a
887.880	0	443940	standard_tone	sapo_probe	standard	n/a	n/a	n/a	n/a	n/a
888.896	0	444448	standard_tone	sapo_probe	standard	n/a	n/a	n/a	n/a	n/a
889.912	0	444956	standard_tone	sapo_probe	standard	n/a	n/a	n/a	n/a	n/a
890.928	0	445464	standard_tone	sapo_probe	standard	n/a	n/a	n/a	n/a	n/a
891.944	0	445972	standard_tone	sapo_probe	standard	n/a	n/a	n/a	n/a	n/a
892.944	0	446472	standard_tone	sapo_probe	standard	n/a	n/a	n/a	n/a	n/a
893.958	0	446979	standard_tone	sapo_probe	standard	n/a	n/a	n/a	n/a	n/a
894.974	0	447487	standard_tone	sapo_probe	standard	n/a	n/a	n/a	n/a	n/a
895.990	0	447995	standard_tone	sapo_probe	standard	n/a	n/a	n/a	n/a	n/a
897.006	0	448503	oddball_tone	sapo_probe	oddball	n/a	n/a	n/a	n/a	n/a
898.022	0	449011	standard_tone	sapo_probe	standard	n/a	n/a	n/a	n/a	n/a
899.038	0	449519	standard_tone	sapo_probe	standard	n/a	n/a	n/a	n/a	n/a
900.054	0	450027	standard_tone	sapo_probe	standard	n/a	n/a	n/a	n/a	n/a
901.070	0	450535	oddball_tone	sapo_probe	oddball	n/a	n/a	n/a	n/a	n/a
902.086	0	451043	distractor_noise	sapo_probe	distractor	n/a	n/a	n/a	n/a	n/a
903.102	0	451551	standard_tone	sapo_probe	standard	n/a	n/a	n/a	n/a	n/a
904.118	0	452059	standard_tone	sapo_probe	standard	n/a	n/a	n/a	n/a	n/a
905.134	0	452567	standard_tone	sapo_probe	standard	n/a	n/a	n/a	n/a	n/a
906.148	0	453074	standard_tone	sapo_probe	standard	n/a	n/a	n/a	n/a	n/a
907.164	0	453582	standard_tone	sapo_probe	standard	n/a	n/a	n/a	n/a	n/a
908.180	0	454090	distractor_noise	sapo_probe	distractor	n/a	n/a	n/a	n/a	n/a
909.198	0	454599	standard_tone	sapo_probe	standard	n/a	n/a	n/a	n/a	n/a
910.212	0	455106	standard_tone	sapo_probe	standard	n/a	n/a	n/a	n/a	n/a
911.228	0	455614	standard_tone	sapo_probe	standard	n/a	n/a	n/a	n/a	n/a
912.244	0	456122	standard_tone	sapo_probe	standard	n/a	n/a	n/a	n/a	n/a
913.260	0	456630	distractor_noise	sapo_probe	distractor	n/a	n/a	n/a	n/a	n/a
914.276	0	457138	standard_tone	sapo_probe	standard	n/a	n/a	n/a	n/a	n/a
915.292	0	457646	standard_tone	sapo_probe	standard	n/a	n/a	n/a	n/a	n/a
916.308	0	458154	standard_tone	sapo_probe	standard	n/a	n/a	n/a	n/a	n/a
917.322	0	458661	standard_tone	sapo_probe	standard	n/a	n/a	n/a	n/a	n/a
918.338	0	459169	standard_tone	sapo_probe	standard	n/a	n/a	n/a	n/a	n/a
919.354	0	459677	standard_tone	sapo_probe	standard	n/a	n/a	n/a	n/a	n/a
920.372	0	460186	standard_tone	sapo_probe	standard	n/a	n/a	n/a	n/a	n/a
921.386	0	460693	standard_tone	sapo_probe	standard	n/a	n/a	n/a	n/a	n/a
922.402	0	461201	standard_tone	sapo_probe	standard	n/a	n/a	n/a	n/a	n/a
923.418	0	461709	standard_tone	sapo_probe	standard	n/a	n/a	n/a	n/a	n/a
924.418	0	462209	standard_tone	sapo_probe	standard	n/a	n/a	n/a	n/a	n/a
925.432	0	462716	standard_tone	sapo_probe	standard	n/a	n/a	n/a	n/a	n/a
926.448	0	463224	oddball_tone	sapo_probe	oddball	n/a	n/a	n/a	n/a	n/a
927.464	0	463732	standard_tone	sapo_probe	standard	n/a	n/a	n/a	n/a	n/a
928.480	0	464240	standard_tone	sapo_probe	standard	n/a	n/a	n/a	n/a	n/a
929.496	0	464748	standard_tone	sapo_probe	standard	n/a	n/a	n/a	n/a	n/a
930.512	0	465256	standard_tone	sapo_probe	standard	n/a	n/a	n/a	n/a	n/a
931.528	0	465764	standard_tone	sapo_probe	standard	n/a	n/a	n/a	n/a	n/a
932.544	0	466272	standard_tone	sapo_probe	standard	n/a	n/a	n/a	n/a	n/a
932.744	0	466372	silence_end	sapo_probe	silence-end	n/a	n/a	n/a	n/a	n/a
932.744	0	466372	subblock_end	sapo_probe	subblock-end-duration-114.87	n/a	n/a	n/a	114.870	n/a
932.744	0	466372	subblock_begin	sapo_probe	subblock-begin	n/a	n/a	n/a	n/a	n/a
932.746	0	466373	silence_begin	sapo_probe	silence-begin	n/a	n/a	n/a	n/a	n/a
933.542	0	466771	standard_tone	sapo_probe	standard	n/a	n/a	n/a	n/a	n/a
934.558	0	467279	oddball_tone	sapo_probe	oddball	n/a	n/a	n/a	n/a	n/a
935.576	0	467788	standard_tone	sapo_probe	standard	n/a	n/a	n/a	n/a	n/a
936.590	0	468295	standard_tone	sapo_probe	standard	n/a	n/a	n/a	n/a	n/a
937.606	0	468803	standard_tone	sapo_probe	standard	n/a	n/a	n/a	n/a	n/a
938.606	0	469303	standard_tone	sapo_probe	standard	n/a	n/a	n/a	n/a	n/a
939.622	0	469811	standard_tone	sapo_probe	standard	n/a	n/a	n/a	n/a	n/a
940.620	0	470310	standard_tone	sapo_probe	standard	n/a	n/a	n/a	n/a	n/a
941.636	0	470818	standard_tone	sapo_probe	standard	n/a	n/a	n/a	n/a	n/a
942.636	0	471318	standard_tone	sapo_probe	standard	n/a	n/a	n/a	n/a	n/a
943.652	0	471826	standard_tone	sapo_probe	standard	n/a	n/a	n/a	n/a	n/a
944.666	0	472333	distractor_noise	sapo_probe	distractor	n/a	n/a	n/a	n/a	n/a
945.682	0	472841	standard_tone	sapo_probe	standard	n/a	n/a	n/a	n/a	n/a
946.698	0	473349	standard_tone	sapo_probe	standard	n/a	n/a	n/a	n/a	n/a
947.714	0	473857	standard_tone	sapo_probe	standard	n/a	n/a	n/a	n/a	n/a
948.730	0	474365	standard_tone	sapo_probe	standard	n/a	n/a	n/a	n/a	n/a
949.746	0	474873	distractor_noise	sapo_probe	distractor	n/a	n/a	n/a	n/a	n/a
950.762	0	475381	standard_tone	sapo_probe	standard	n/a	n/a	n/a	n/a	n/a
951.762	0	475881	standard_tone	sapo_probe	standard	n/a	n/a	n/a	n/a	n/a
952.776	0	476388	standard_tone	sapo_probe	standard	n/a	n/a	n/a	n/a	n/a
953.792	0	476896	standard_tone	sapo_probe	standard	n/a	n/a	n/a	n/a	n/a
954.808	0	477404	oddball_tone	sapo_probe	oddball	n/a	n/a	n/a	n/a	n/a
955.824	0	477912	standard_tone	sapo_probe	standard	n/a	n/a	n/a	n/a	n/a
956.824	0	478412	standard_tone	sapo_probe	standard	n/a	n/a	n/a	n/a	n/a
957.840	0	478920	standard_tone	sapo_probe	standard	n/a	n/a	n/a	n/a	n/a
958.856	0	479428	standard_tone	sapo_probe	standard	n/a	n/a	n/a	n/a	n/a
959.872	0	479936	standard_tone	sapo_probe	standard	n/a	n/a	n/a	n/a	n/a
960.888	0	480444	standard_tone	sapo_probe	standard	n/a	n/a	n/a	n/a	n/a
961.902	0	480951	standard_tone	sapo_probe	standard	n/a	n/a	n/a	n/a	n/a
962.918	0	481459	standard_tone	sapo_probe	standard	n/a	n/a	n/a	n/a	n/a
963.934	0	481967	standard_tone	sapo_probe	standard	n/a	n/a	n/a	n/a	n/a
964.950	0	482475	standard_tone	sapo_probe	standard	n/a	n/a	n/a	n/a	n/a
965.966	0	482983	standard_tone	sapo_probe	standard	n/a	n/a	n/a	n/a	n/a
966.982	0	483491	standard_tone	sapo_probe	standard	n/a	n/a	n/a	n/a	n/a
967.998	0	483999	standard_tone	sapo_probe	standard	n/a	n/a	n/a	n/a	n/a
969.014	0	484507	distractor_noise	sapo_probe	distractor	n/a	n/a	n/a	n/a	n/a
970.030	0	485015	standard_tone	sapo_probe	standard	n/a	n/a	n/a	n/a	n/a
971.046	0	485523	distractor_noise	sapo_probe	distractor	n/a	n/a	n/a	n/a	n/a
972.060	0	486030	oddball_tone	sapo_probe	oddball	n/a	n/a	n/a	n/a	n/a
973.076	0	486538	standard_tone	sapo_probe	standard	n/a	n/a	n/a	n/a	n/a
974.092	0	487046	standard_tone	sapo_probe	standard	n/a	n/a	n/a	n/a	n/a
975.108	0	487554	standard_tone	sapo_probe	standard	n/a	n/a	n/a	n/a	n/a
976.124	0	488062	standard_tone	sapo_probe	standard	n/a	n/a	n/a	n/a	n/a
977.140	0	488570	standard_tone	sapo_probe	standard	n/a	n/a	n/a	n/a	n/a
978.156	0	489078	oddball_tone	sapo_probe	oddball	n/a	n/a	n/a	n/a	n/a
979.172	0	489586	standard_tone	sapo_probe	standard	n/a	n/a	n/a	n/a	n/a
980.188	0	490094	distractor_noise	sapo_probe	distractor	n/a	n/a	n/a	n/a	n/a
981.204	0	490602	standard_tone	sapo_probe	standard	n/a	n/a	n/a	n/a	n/a
982.220	0	491110	oddball_tone	sapo_probe	oddball	n/a	n/a	n/a	n/a	n/a
983.236	0	491618	standard_tone	sapo_probe	standard	n/a	n/a	n/a	n/a	n/a
984.250	0	492125	standard_tone	sapo_probe	standard	n/a	n/a	n/a	n/a	n/a
985.266	0	492633	standard_tone	sapo_probe	standard	n/a	n/a	n/a	n/a	n/a
986.282	0	493141	standard_tone	sapo_probe	standard	n/a	n/a	n/a	n/a	n/a
987.298	0	493649	standard_tone	sapo_probe	standard	n/a	n/a	n/a	n/a	n/a
988.314	0	494157	standard_tone	sapo_probe	standard	n/a	n/a	n/a	n/a	n/a
989.330	0	494665	standard_tone	sapo_probe	standard	n/a	n/a	n/a	n/a	n/a
990.346	0	495173	standard_tone	sapo_probe	standard	n/a	n/a	n/a	n/a	n/a
991.362	0	495681	oddball_tone	sapo_probe	oddball	n/a	n/a	n/a	n/a	n/a
992.378	0	496189	standard_tone	sapo_probe	standard	n/a	n/a	n/a	n/a	n/a
993.394	0	496697	standard_tone	sapo_probe	standard	n/a	n/a	n/a	n/a	n/a
994.410	0	497205	standard_tone	sapo_probe	standard	n/a	n/a	n/a	n/a	n/a
995.424	0	497712	standard_tone	sapo_probe	standard	n/a	n/a	n/a	n/a	n/a
996.442	0	498221	standard_tone	sapo_probe	standard	n/a	n/a	n/a	n/a	n/a
997.456	0	498728	standard_tone	sapo_probe	standard	n/a	n/a	n/a	n/a	n/a
998.472	0	499236	standard_tone	sapo_probe	standard	n/a	n/a	n/a	n/a	n/a
999.488	0	499744	oddball_tone	sapo_probe	oddball	n/a	n/a	n/a	n/a	n/a
1000.504	0	500252	standard_tone	sapo_probe	standard	n/a	n/a	n/a	n/a	n/a
1001.520	0	500760	oddball_tone	sapo_probe	oddball	n/a	n/a	n/a	n/a	n/a
1002.536	0	501268	standard_tone	sapo_probe	standard	n/a	n/a	n/a	n/a	n/a
1003.552	0	501776	standard_tone	sapo_probe	standard	n/a	n/a	n/a	n/a	n/a
1004.568	0	502284	standard_tone	sapo_probe	standard	n/a	n/a	n/a	n/a	n/a
1005.584	0	502792	standard_tone	sapo_probe	standard	n/a	n/a	n/a	n/a	n/a
1006.584	0	503292	standard_tone	sapo_probe	standard	n/a	n/a	n/a	n/a	n/a
1007.598	0	503799	standard_tone	sapo_probe	standard	n/a	n/a	n/a	n/a	n/a
1008.614	0	504307	standard_tone	sapo_probe	standard	n/a	n/a	n/a	n/a	n/a
1009.630	0	504815	standard_tone	sapo_probe	standard	n/a	n/a	n/a	n/a	n/a
1010.646	0	505323	standard_tone	sapo_probe	standard	n/a	n/a	n/a	n/a	n/a
1011.662	0	505831	standard_tone	sapo_probe	standard	n/a	n/a	n/a	n/a	n/a
1012.678	0	506339	oddball_tone	sapo_probe	oddball	n/a	n/a	n/a	n/a	n/a
1013.694	0	506847	standard_tone	sapo_probe	standard	n/a	n/a	n/a	n/a	n/a
1014.708	0	507354	standard_tone	sapo_probe	standard	n/a	n/a	n/a	n/a	n/a
1015.708	0	507854	standard_tone	sapo_probe	standard	n/a	n/a	n/a	n/a	n/a
1016.724	0	508362	standard_tone	sapo_probe	standard	n/a	n/a	n/a	n/a	n/a
1017.740	0	508870	oddball_tone	sapo_probe	oddball	n/a	n/a	n/a	n/a	n/a
1018.756	0	509378	standard_tone	sapo_probe	standard	n/a	n/a	n/a	n/a	n/a
1019.772	0	509886	standard_tone	sapo_probe	standard	n/a	n/a	n/a	n/a	n/a
1020.788	0	510394	standard_tone	sapo_probe	standard	n/a	n/a	n/a	n/a	n/a
1021.802	0	510901	standard_tone	sapo_probe	standard	n/a	n/a	n/a	n/a	n/a
1022.820	0	511410	standard_tone	sapo_probe	standard	n/a	n/a	n/a	n/a	n/a
1023.838	0	511919	standard_tone	sapo_probe	standard	n/a	n/a	n/a	n/a	n/a
1024.850	0	512425	standard_tone	sapo_probe	standard	n/a	n/a	n/a	n/a	n/a
1025.866	0	512933	standard_tone	sapo_probe	standard	n/a	n/a	n/a	n/a	n/a
1026.882	0	513441	standard_tone	sapo_probe	standard	n/a	n/a	n/a	n/a	n/a
1027.898	0	513949	standard_tone	sapo_probe	standard	n/a	n/a	n/a	n/a	n/a
1028.914	0	514457	standard_tone	sapo_probe	standard	n/a	n/a	n/a	n/a	n/a
1029.930	0	514965	standard_tone	sapo_probe	standard	n/a	n/a	n/a	n/a	n/a
1030.946	0	515473	standard_tone	sapo_probe	standard	n/a	n/a	n/a	n/a	n/a
1031.962	0	515981	standard_tone	sapo_probe	standard	n/a	n/a	n/a	n/a	n/a
1032.976	0	516488	standard_tone	sapo_probe	standard	n/a	n/a	n/a	n/a	n/a
1033.994	0	516997	standard_tone	sapo_probe	standard	n/a	n/a	n/a	n/a	n/a
1035.008	0	517504	standard_tone	sapo_probe	standard	n/a	n/a	n/a	n/a	n/a
1036.024	0	518012	standard_tone	sapo_probe	standard	n/a	n/a	n/a	n/a	n/a
1037.040	0	518520	standard_tone	sapo_probe	standard	n/a	n/a	n/a	n/a	n/a
1038.056	0	519028	standard_tone	sapo_probe	standard	n/a	n/a	n/a	n/a	n/a
1039.072	0	519536	standard_tone	sapo_probe	standard	n/a	n/a	n/a	n/a	n/a
1040.072	0	520036	oddball_tone	sapo_probe	oddball	n/a	n/a	n/a	n/a	n/a
1041.086	0	520543	standard_tone	sapo_probe	standard	n/a	n/a	n/a	n/a	n/a
1042.104	0	521052	standard_tone	sapo_probe	standard	n/a	n/a	n/a	n/a	n/a
1043.118	0	521559	distractor_noise	sapo_probe	distractor	n/a	n/a	n/a	n/a	n/a
1043.886	0	521943	prompt_window_begin	sapo_probe	probe-sapo-probe-begin	n/a	n/a	n/a	n/a	n/a
1051.012	0	525506	clicker_press	sapo_probe	response-received-arrow_up	n/a	n/a	n/a	n/a	arrow_up
1052.978	0	526489	depth_rating	sapo_probe	rating-sapo-probe-meditation_depth-1	1	n/a	n/a	n/a	n/a
1059.222	0	529611	clicker_press	sapo_probe	response-received-arrow_up	n/a	n/a	n/a	n/a	arrow_up
1059.490	0	529745	clicker_press	sapo_probe	response-received-arrow_up	n/a	n/a	n/a	n/a	arrow_up
1059.838	0	529919	clicker_press	sapo_probe	response-received-arrow_up	n/a	n/a	n/a	n/a	arrow_up
1060.172	0	530086	clicker_press	sapo_probe	response-received-arrow_up	n/a	n/a	n/a	n/a	arrow_up
1060.454	0	530227	clicker_press	sapo_probe	response-received-arrow_up	n/a	n/a	n/a	n/a	arrow_up
1063.102	0	531551	confidence_rating	sapo_probe	rating-sapo-probe-confidence_depth-5	n/a	5	n/a	n/a	n/a
1066.532	0	533266	prompt_window_end	sapo_probe	probe-sapo-probe-end	n/a	n/a	n/a	n/a	n/a
1066.550	0	533275	oddball_tone	sapo_probe	oddball	n/a	n/a	n/a	n/a	n/a
1067.516	0	533758	silence_end	sapo_probe	silence-end	n/a	n/a	n/a	n/a	n/a
1067.516	0	533758	gong_begin	sapo_probe	gong-begin	n/a	n/a	n/a	n/a	n/a
1077.608	0	538804	gong_end	sapo_probe	gong-end	n/a	n/a	n/a	n/a	n/a
1077.608	0	538804	subblock_end	sapo_probe	subblock-end-duration-144.864	n/a	n/a	n/a	144.864	n/a
1077.608	0	538804	subblock_begin	sapo_probe	subblock-begin	n/a	n/a	n/a	n/a	n/a
1077.610	0	538805	silence_begin	sapo_probe	silence-begin	n/a	n/a	n/a	n/a	n/a
1077.610	0	538805	distractor_noise	sapo_probe	distractor	n/a	n/a	n/a	n/a	n/a
1078.624	0	539312	standard_tone	sapo_probe	standard	n/a	n/a	n/a	n/a	n/a
1079.638	0	539819	standard_tone	sapo_probe	standard	n/a	n/a	n/a	n/a	n/a
1080.638	0	540319	oddball_tone	sapo_probe	oddball	n/a	n/a	n/a	n/a	n/a
1081.654	0	540827	standard_tone	sapo_probe	standard	n/a	n/a	n/a	n/a	n/a
1082.670	0	541335	oddball_tone	sapo_probe	oddball	n/a	n/a	n/a	n/a	n/a
1083.686	0	541843	standard_tone	sapo_probe	standard	n/a	n/a	n/a	n/a	n/a
1084.700	0	542350	standard_tone	sapo_probe	standard	n/a	n/a	n/a	n/a	n/a
1085.716	0	542858	standard_tone	sapo_probe	standard	n/a	n/a	n/a	n/a	n/a
1086.732	0	543366	distractor_noise	sapo_probe	distractor	n/a	n/a	n/a	n/a	n/a
1087.748	0	543874	oddball_tone	sapo_probe	oddball	n/a	n/a	n/a	n/a	n/a
1088.748	0	544374	standard_tone	sapo_probe	standard	n/a	n/a	n/a	n/a	n/a
1089.764	0	544882	distractor_noise	sapo_probe	distractor	n/a	n/a	n/a	n/a	n/a
1090.780	0	545390	standard_tone	sapo_probe	standard	n/a	n/a	n/a	n/a	n/a
1091.796	0	545898	distractor_noise	sapo_probe	distractor	n/a	n/a	n/a	n/a	n/a
1092.812	0	546406	oddball_tone	sapo_probe	oddball	n/a	n/a	n/a	n/a	n/a
1093.826	0	546913	standard_tone	sapo_probe	standard	n/a	n/a	n/a	n/a	n/a
1094.842	0	547421	standard_tone	sapo_probe	standard	n/a	n/a	n/a	n/a	n/a
1095.842	0	547921	standard_tone	sapo_probe	standard	n/a	n/a	n/a	n/a	n/a
1096.858	0	548429	standard_tone	sapo_probe	standard	n/a	n/a	n/a	n/a	n/a
1097.874	0	548937	standard_tone	sapo_probe	standard	n/a	n/a	n/a	n/a	n/a
1098.890	0	549445	standard_tone	sapo_probe	standard	n/a	n/a	n/a	n/a	n/a
1099.904	0	549952	distractor_noise	sapo_probe	distractor	n/a	n/a	n/a	n/a	n/a
1100.904	0	550452	standard_tone	sapo_probe	standard	n/a	n/a	n/a	n/a	n/a
1101.920	0	550960	standard_tone	sapo_probe	standard	n/a	n/a	n/a	n/a	n/a
1102.936	0	551468	standard_tone	sapo_probe	standard	n/a	n/a	n/a	n/a	n/a
1103.952	0	551976	oddball_tone	sapo_probe	oddball	n/a	n/a	n/a	n/a	n/a
1104.952	0	552476	standard_tone	sapo_probe	standard	n/a	n/a	n/a	n/a	n/a
1105.966	0	552983	oddball_tone	sapo_probe	oddball	n/a	n/a	n/a	n/a	n/a
1106.966	0	553483	standard_tone	sapo_probe	standard	n/a	n/a	n/a	n/a	n/a
1107.982	0	553991	standard_tone	sapo_probe	standard	n/a	n/a	n/a	n/a	n/a
1108.982	0	554491	oddball_tone	sapo_probe	oddball	n/a	n/a	n/a	n/a	n/a
1109.996	0	554998	standard_tone	sapo_probe	standard	n/a	n/a	n/a	n/a	n/a
1111.012	0	555506	standard_tone	sapo_probe	standard	n/a	n/a	n/a	n/a	n/a
1112.012	0	556006	oddball_tone	sapo_probe	oddball	n/a	n/a	n/a	n/a	n/a
1113.026	0	556513	standard_tone	sapo_probe	standard	n/a	n/a	n/a	n/a	n/a
1114.044	0	557022	standard_tone	sapo_probe	standard	n/a	n/a	n/a	n/a	n/a
1115.060	0	557530	standard_tone	sapo_probe	standard	n/a	n/a	n/a	n/a	n/a
1116.074	0	558037	standard_tone	sapo_probe	standard	n/a	n/a	n/a	n/a	n/a
1117.090	0	558545	standard_tone	sapo_probe	standard	n/a	n/a	n/a	n/a	n/a
1118.106	0	559053	standard_tone	sapo_probe	standard	n/a	n/a	n/a	n/a	n/a
1119.122	0	559561	distractor_noise	sapo_probe	distractor	n/a	n/a	n/a	n/a	n/a
1120.138	0	560069	standard_tone	sapo_probe	standard	n/a	n/a	n/a	n/a	n/a
1121.154	0	560577	standard_tone	sapo_probe	standard	n/a	n/a	n/a	n/a	n/a
1122.154	0	561077	standard_tone	sapo_probe	standard	n/a	n/a	n/a	n/a	n/a
1123.170	0	561585	standard_tone	sapo_probe	standard	n/a	n/a	n/a	n/a	n/a
1124.170	0	562085	oddball_tone	sapo_probe	oddball	n/a	n/a	n/a	n/a	n/a
1125.184	0	562592	standard_tone	sapo_probe	standard	n/a	n/a	n/a	n/a	n/a
1126.200	0	563100	standard_tone	sapo_probe	standard	n/a	n/a	n/a	n/a	n/a
1127.216	0	563608	standard_tone	sapo_probe	standard	n/a	n/a	n/a	n/a	n/a
1128.232	0	564116	oddball_tone	sapo_probe	oddball	n/a	n/a	n/a	n/a	n/a
1129.246	0	564623	standard_tone	sapo_probe	standard	n/a	n/a	n/a	n/a	n/a
1130.262	0	565131	standard_tone	sapo_probe	standard	n/a	n/a	n/a	n/a	n/a
1131.262	0	565631	standard_tone	sapo_probe	standard	n/a	n/a	n/a	n/a	n/a
1132.278	0	566139	standard_tone	sapo_probe	standard	n/a	n/a	n/a	n/a	n/a
1133.294	0	566647	standard_tone	sapo_probe	standard	n/a	n/a	n/a	n/a	n/a
1134.294	0	567147	standard_tone	sapo_probe	standard	n/a	n/a	n/a	n/a	n/a
1135.310	0	567655	standard_tone	sapo_probe	standard	n/a	n/a	n/a	n/a	n/a
1136.326	0	568163	standard_tone	sapo_probe	standard	n/a	n/a	n/a	n/a	n/a
1137.340	0	568670	standard_tone	sapo_probe	standard	n/a	n/a	n/a	n/a	n/a
1138.358	0	569179	standard_tone	sapo_probe	standard	n/a	n/a	n/a	n/a	n/a
1139.372	0	569686	standard_tone	sapo_probe	standard	n/a	n/a	n/a	n/a	n/a
1140.388	0	570194	oddball_tone	sapo_probe	oddball	n/a	n/a	n/a	n/a	n/a
1141.404	0	570702	standard_tone	sapo_probe	standard	n/a	n/a	n/a	n/a	n/a
1142.420	0	571210	distractor_noise	sapo_probe	distractor	n/a	n/a	n/a	n/a	n/a
1143.418	0	571709	standard_tone	sapo_probe	standard	n/a	n/a	n/a	n/a	n/a
1144.436	0	572218	standard_tone	sapo_probe	standard	n/a	n/a	n/a	n/a	n/a
1145.450	0	572725	distractor_noise	sapo_probe	distractor	n/a	n/a	n/a	n/a	n/a
1146.466	0	573233	standard_tone	sapo_probe	standard	n/a	n/a	n/a	n/a	n/a
1147.482	0	573741	standard_tone	sapo_probe	standard	n/a	n/a	n/a	n/a	n/a
1148.498	0	574249	standard_tone	sapo_probe	standard	n/a	n/a	n/a	n/a	n/a
1149.514	0	574757	standard_tone	sapo_probe	standard	n/a	n/a	n/a	n/a	n/a
1150.530	0	575265	standard_tone	sapo_probe	standard	n/a	n/a	n/a	n/a	n/a
1151.546	0	575773	standard_tone	sapo_probe	standard	n/a	n/a	n/a	n/a	n/a
1152.562	0	576281	standard_tone	sapo_probe	standard	n/a	n/a	n/a	n/a	n/a
1153.578	0	576789	standard_tone	sapo_probe	standard	n/a	n/a	n/a	n/a	n/a
1154.594	0	577297	oddball_tone	sapo_probe	oddball	n/a	n/a	n/a	n/a	n/a
1155.592	0	577796	standard_tone	sapo_probe	standard	n/a	n/a	n/a	n/a	n/a
1156.608	0	578304	standard_tone	sapo_probe	standard	n/a	n/a	n/a	n/a	n/a
1157.624	0	578812	standard_tone	sapo_probe	standard	n/a	n/a	n/a	n/a	n/a
1158.640	0	579320	standard_tone	sapo_probe	standard	n/a	n/a	n/a	n/a	n/a
1159.656	0	579828	standard_tone	sapo_probe	standard	n/a	n/a	n/a	n/a	n/a
1160.656	0	580328	standard_tone	sapo_probe	standard	n/a	n/a	n/a	n/a	n/a
1161.670	0	580835	standard_tone	sapo_probe	standard	n/a	n/a	n/a	n/a	n/a
1162.686	0	581343	standard_tone	sapo_probe	standard	n/a	n/a	n/a	n/a	n/a
1163.702	0	581851	distractor_noise	sapo_probe	distractor	n/a	n/a	n/a	n/a	n/a
1164.718	0	582359	standard_tone	sapo_probe	standard	n/a	n/a	n/a	n/a	n/a
1165.734	0	582867	standard_tone	sapo_probe	standard	n/a	n/a	n/a	n/a	n/a
1166.750	0	583375	standard_tone	sapo_probe	standard	n/a	n/a	n/a	n/a	n/a
1167.766	0	583883	standard_tone	sapo_probe	standard	n/a	n/a	n/a	n/a	n/a
1168.784	0	584392	standard_tone	sapo_probe	standard	n/a	n/a	n/a	n/a	n/a
1169.798	0	584899	standard_tone	sapo_probe	standard	n/a	n/a	n/a	n/a	n/a
1170.814	0	585407	oddball_tone	sapo_probe	oddball	n/a	n/a	n/a	n/a	n/a
1171.828	0	585914	standard_tone	sapo_probe	standard	n/a	n/a	n/a	n/a	n/a
1172.844	0	586422	distractor_noise	sapo_probe	distractor	n/a	n/a	n/a	n/a	n/a
1173.860	0	586930	standard_tone	sapo_probe	standard	n/a	n/a	n/a	n/a	n/a
1174.876	0	587438	standard_tone	sapo_probe	standard	n/a	n/a	n/a	n/a	n/a
1175.892	0	587946	standard_tone	sapo_probe	standard	n/a	n/a	n/a	n/a	n/a
1176.908	0	588454	oddball_tone	sapo_probe	oddball	n/a	n/a	n/a	n/a	n/a
1177.924	0	588962	standard_tone	sapo_probe	standard	n/a	n/a	n/a	n/a	n/a
1178.940	0	589470	oddball_tone	sapo_probe	oddball	n/a	n/a	n/a	n/a	n/a
1179.938	0	589969	standard_tone	sapo_probe	standard	n/a	n/a	n/a	n/a	n/a
1180.954	0	590477	standard_tone	sapo_probe	standard	n/a	n/a	n/a	n/a	n/a
1181.970	0	590985	standard_tone	sapo_probe	standard	n/a	n/a	n/a	n/a	n/a
1182.986	0	591493	distractor_noise	sapo_probe	distractor	n/a	n/a	n/a	n/a	n/a
1183.986	0	591993	standard_tone	sapo_probe	standard	n/a	n/a	n/a	n/a	n/a
1185.002	0	592501	standard_tone	sapo_probe	standard	n/a	n/a	n/a	n/a	n/a
1186.018	0	593009	distractor_noise	sapo_probe	distractor	n/a	n/a	n/a	n/a	n/a
1187.032	0	593516	standard_tone	sapo_probe	standard	n/a	n/a	n/a	n/a	n/a
1188.116	0	594058	silence_end	sapo_probe	silence-end	n/a	n/a	n/a	n/a	n/a
1188.116	0	594058	gong_begin	sapo_probe	gong-begin	n/a	n/a	n/a	n/a	n/a
1198.242	0	599121	gong_end	sapo_probe	gong-end	n/a	n/a	n/a	n/a	n/a
1198.242	0	599121	subblock_end	sapo_probe	subblock-end-duration-120.633	n/a	n/a	n/a	120.633	n/a
1198.242	0	599121	subblock_begin	sapo_probe	subblock-begin	n/a	n/a	n/a	n/a	n/a
1198.244	0	599122	silence_begin	sapo_probe	silence-begin	n/a	n/a	n/a	n/a	n/a
1198.256	0	599128	standard_tone	sapo_probe	standard	n/a	n/a	n/a	n/a	n/a
1199.272	0	599636	standard_tone	sapo_probe	standard	n/a	n/a	n/a	n/a	n/a
1200.290	0	600145	standard_tone	sapo_probe	standard	n/a	n/a	n/a	n/a	n/a
1201.304	0	600652	distractor_noise	sapo_probe	distractor	n/a	n/a	n/a	n/a	n/a
1202.320	0	601160	standard_tone	sapo_probe	standard	n/a	n/a	n/a	n/a	n/a
1203.336	0	601668	standard_tone	sapo_probe	standard	n/a	n/a	n/a	n/a	n/a
1204.352	0	602176	oddball_tone	sapo_probe	oddball	n/a	n/a	n/a	n/a	n/a
1205.368	0	602684	standard_tone	sapo_probe	standard	n/a	n/a	n/a	n/a	n/a
1206.384	0	603192	standard_tone	sapo_probe	standard	n/a	n/a	n/a	n/a	n/a
1207.400	0	603700	standard_tone	sapo_probe	standard	n/a	n/a	n/a	n/a	n/a
1208.416	0	604208	standard_tone	sapo_probe	standard	n/a	n/a	n/a	n/a	n/a
1209.432	0	604716	oddball_tone	sapo_probe	oddball	n/a	n/a	n/a	n/a	n/a
1210.430	0	605215	standard_tone	sapo_probe	standard	n/a	n/a	n/a	n/a	n/a
1211.446	0	605723	standard_tone	sapo_probe	standard	n/a	n/a	n/a	n/a	n/a
1212.446	0	606223	standard_tone	sapo_probe	standard	n/a	n/a	n/a	n/a	n/a
1213.460	0	606730	standard_tone	sapo_probe	standard	n/a	n/a	n/a	n/a	n/a
1214.476	0	607238	standard_tone	sapo_probe	standard	n/a	n/a	n/a	n/a	n/a
1215.492	0	607746	oddball_tone	sapo_probe	oddball	n/a	n/a	n/a	n/a	n/a
1216.508	0	608254	standard_tone	sapo_probe	standard	n/a	n/a	n/a	n/a	n/a
1217.524	0	608762	standard_tone	sapo_probe	standard	n/a	n/a	n/a	n/a	n/a
1218.540	0	609270	distractor_noise	sapo_probe	distractor	n/a	n/a	n/a	n/a	n/a
1219.556	0	609778	standard_tone	sapo_probe	standard	n/a	n/a	n/a	n/a	n/a
1220.572	0	610286	standard_tone	sapo_probe	standard	n/a	n/a	n/a	n/a	n/a
1221.588	0	610794	distractor_noise	sapo_probe	distractor	n/a	n/a	n/a	n/a	n/a
1222.604	0	611302	standard_tone	sapo_probe	standard	n/a	n/a	n/a	n/a	n/a
1223.620	0	611810	distractor_noise	sapo_probe	distractor	n/a	n/a	n/a	n/a	n/a
1224.636	0	612318	standard_tone	sapo_probe	standard	n/a	n/a	n/a	n/a	n/a
1225.652	0	612826	standard_tone	sapo_probe	standard	n/a	n/a	n/a	n/a	n/a
1226.666	0	613333	standard_tone	sapo_probe	standard	n/a	n/a	n/a	n/a	n/a
1227.682	0	613841	standard_tone	sapo_probe	standard	n/a	n/a	n/a	n/a	n/a
1228.698	0	614349	standard_tone	sapo_probe	standard	n/a	n/a	n/a	n/a	n/a
1229.714	0	614857	standard_tone	sapo_probe	standard	n/a	n/a	n/a	n/a	n/a
1230.730	0	615365	standard_tone	sapo_probe	standard	n/a	n/a	n/a	n/a	n/a
1231.746	0	615873	standard_tone	sapo_probe	standard	n/a	n/a	n/a	n/a	n/a
1232.762	0	616381	standard_tone	sapo_probe	standard	n/a	n/a	n/a	n/a	n/a
1233.778	0	616889	oddball_tone	sapo_probe	oddball	n/a	n/a	n/a	n/a	n/a
1234.794	0	617397	standard_tone	sapo_probe	standard	n/a	n/a	n/a	n/a	n/a
1235.810	0	617905	distractor_noise	sapo_probe	distractor	n/a	n/a	n/a	n/a	n/a
1236.826	0	618413	standard_tone	sapo_probe	standard	n/a	n/a	n/a	n/a	n/a
1237.842	0	618921	standard_tone	sapo_probe	standard	n/a	n/a	n/a	n/a	n/a
1238.858	0	619429	oddball_tone	sapo_probe	oddball	n/a	n/a	n/a	n/a	n/a
1239.872	0	619936	standard_tone	sapo_probe	standard	n/a	n/a	n/a	n/a	n/a
1240.888	0	620444	oddball_tone	sapo_probe	oddball	n/a	n/a	n/a	n/a	n/a
1241.888	0	620944	standard_tone	sapo_probe	standard	n/a	n/a	n/a	n/a	n/a
1242.904	0	621452	standard_tone	sapo_probe	standard	n/a	n/a	n/a	n/a	n/a
1243.920	0	621960	standard_tone	sapo_probe	standard	n/a	n/a	n/a	n/a	n/a
1244.936	0	622468	standard_tone	sapo_probe	standard	n/a	n/a	n/a	n/a	n/a
1245.952	0	622976	standard_tone	sapo_probe	standard	n/a	n/a	n/a	n/a	n/a
1246.966	0	623483	standard_tone	sapo_probe	standard	n/a	n/a	n/a	n/a	n/a
1247.982	0	623991	distractor_noise	sapo_probe	distractor	n/a	n/a	n/a	n/a	n/a
1248.998	0	624499	standard_tone	sapo_probe	standard	n/a	n/a	n/a	n/a	n/a
1250.014	0	625007	standard_tone	sapo_probe	standard	n/a	n/a	n/a	n/a	n/a
1251.030	0	625515	standard_tone	sapo_probe	standard	n/a	n/a	n/a	n/a	n/a
1252.046	0	626023	standard_tone	sapo_probe	standard	n/a	n/a	n/a	n/a	n/a
1253.062	0	626531	standard_tone	sapo_probe	standard	n/a	n/a	n/a	n/a	n/a
1254.078	0	627039	standard_tone	sapo_probe	standard	n/a	n/a	n/a	n/a	n/a
1255.094	0	627547	standard_tone	sapo_probe	standard	n/a	n/a	n/a	n/a	n/a
1256.110	0	628055	standard_tone	sapo_probe	standard	n/a	n/a	n/a	n/a	n/a
1257.124	0	628562	standard_tone	sapo_probe	standard	n/a	n/a	n/a	n/a	n/a
1258.140	0	629070	oddball_tone	sapo_probe	oddball	n/a	n/a	n/a	n/a	n/a
1259.156	0	629578	standard_tone	sapo_probe	standard	n/a	n/a	n/a	n/a	n/a
1260.172	0	630086	standard_tone	sapo_probe	standard	n/a	n/a	n/a	n/a	n/a
1261.188	0	630594	standard_tone	sapo_probe	standard	n/a	n/a	n/a	n/a	n/a
1262.204	0	631102	standard_tone	sapo_probe	standard	n/a	n/a	n/a	n/a	n/a
1263.220	0	631610	standard_tone	sapo_probe	standard	n/a	n/a	n/a	n/a	n/a
1264.236	0	632118	distractor_noise	sapo_probe	distractor	n/a	n/a	n/a	n/a	n/a
1265.250	0	632625	standard_tone	sapo_probe	standard	n/a	n/a	n/a	n/a	n/a
1266.268	0	633134	standard_tone	sapo_probe	standard	n/a	n/a	n/a	n/a	n/a
1267.284	0	633642	standard_tone	sapo_probe	standard	n/a	n/a	n/a	n/a	n/a
1268.300	0	634150	standard_tone	sapo_probe	standard	n/a	n/a	n/a	n/a	n/a
1269.298	0	634649	standard_tone	sapo_probe	standard	n/a	n/a	n/a	n/a	n/a
1270.314	0	635157	oddball_tone	sapo_probe	oddball	n/a	n/a	n/a	n/a	n/a
1271.330	0	635665	standard_tone	sapo_probe	standard	n/a	n/a	n/a	n/a	n/a
1272.346	0	636173	oddball_tone	sapo_probe	oddball	n/a	n/a	n/a	n/a	n/a
1273.362	0	636681	standard_tone	sapo_probe	standard	n/a	n/a	n/a	n/a	n/a
1274.378	0	637189	standard_tone	sapo_probe	standard	n/a	n/a	n/a	n/a	n/a
1275.394	0	637697	distractor_noise	sapo_probe	distractor	n/a	n/a	n/a	n/a	n/a
1276.410	0	638205	standard_tone	sapo_probe	standard	n/a	n/a	n/a	n/a	n/a
1276.576	0	638288	prompt_window_begin	sapo_probe	probe-sapo-probe-begin	n/a	n/a	n/a	n/a	n/a
1283.638	0	641819	clicker_press	sapo_probe	response-received-arrow_up	n/a	n/a	n/a	n/a	arrow_up
1285.634	0	642817	depth_rating	sapo_probe	rating-sapo-probe-meditation_depth-1	1	n/a	n/a	n/a	n/a
1291.430	0	645715	clicker_press	sapo_probe	response-received-arrow_up	n/a	n/a	n/a	n/a	arrow_up
1291.646	0	645823	clicker_press	sapo_probe	response-received-arrow_up	n/a	n/a	n/a	n/a	arrow_up
1291.930	0	645965	clicker_press	sapo_probe	response-received-arrow_up	n/a	n/a	n/a	n/a	arrow_up
1295.726	0	647863	confidence_rating	sapo_probe	rating-sapo-probe-confidence_depth-3	n/a	3	n/a	n/a	n/a
1299.206	0	649603	prompt_window_end	sapo_probe	probe-sapo-probe-end	n/a	n/a	n/a	n/a	n/a
1299.208	0	649604	standard_tone	sapo_probe	standard	n/a	n/a	n/a	n/a	n/a
1300.224	0	650112	standard_tone	sapo_probe	standard	n/a	n/a	n/a	n/a	n/a
1301.238	0	650619	oddball_tone	sapo_probe	oddball	n/a	n/a	n/a	n/a	n/a
1302.254	0	651127	distractor_noise	sapo_probe	distractor	n/a	n/a	n/a	n/a	n/a
1303.270	0	651635	standard_tone	sapo_probe	standard	n/a	n/a	n/a	n/a	n/a
1304.286	0	652143	oddball_tone	sapo_probe	oddball	n/a	n/a	n/a	n/a	n/a
1305.286	0	652643	standard_tone	sapo_probe	standard	n/a	n/a	n/a	n/a	n/a
1306.302	0	653151	standard_tone	sapo_probe	standard	n/a	n/a	n/a	n/a	n/a
1307.318	0	653659	oddball_tone	sapo_probe	oddball	n/a	n/a	n/a	n/a	n/a
1308.332	0	654166	standard_tone	sapo_probe	standard	n/a	n/a	n/a	n/a	n/a
1309.348	0	654674	standard_tone	sapo_probe	standard	n/a	n/a	n/a	n/a	n/a
1310.364	0	655182	standard_tone	sapo_probe	standard	n/a	n/a	n/a	n/a	n/a
1311.364	0	655682	standard_tone	sapo_probe	standard	n/a	n/a	n/a	n/a	n/a
1312.380	0	656190	standard_tone	sapo_probe	standard	n/a	n/a	n/a	n/a	n/a
1313.394	0	656697	standard_tone	sapo_probe	standard	n/a	n/a	n/a	n/a	n/a
1314.410	0	657205	standard_tone	sapo_probe	standard	n/a	n/a	n/a	n/a	n/a
1315.426	0	657713	standard_tone	sapo_probe	standard	n/a	n/a	n/a	n/a	n/a
1316.442	0	658221	standard_tone	sapo_probe	standard	n/a	n/a	n/a	n/a	n/a
1317.458	0	658729	oddball_tone	sapo_probe	oddball	n/a	n/a	n/a	n/a	n/a
1318.474	0	659237	standard_tone	sapo_probe	standard	n/a	n/a	n/a	n/a	n/a
1319.490	0	659745	standard_tone	sapo_probe	standard	n/a	n/a	n/a	n/a	n/a
1320.506	0	660253	oddball_tone	sapo_probe	oddball	n/a	n/a	n/a	n/a	n/a
1321.506	0	660753	standard_tone	sapo_probe	standard	n/a	n/a	n/a	n/a	n/a
1322.520	0	661260	distractor_noise	sapo_probe	distractor	n/a	n/a	n/a	n/a	n/a
1323.536	0	661768	standard_tone	sapo_probe	standard	n/a	n/a	n/a	n/a	n/a
1324.552	0	662276	standard_tone	sapo_probe	standard	n/a	n/a	n/a	n/a	n/a
1325.568	0	662784	standard_tone	sapo_probe	standard	n/a	n/a	n/a	n/a	n/a
1326.584	0	663292	standard_tone	sapo_probe	standard	n/a	n/a	n/a	n/a	n/a
1327.600	0	663800	standard_tone	sapo_probe	standard	n/a	n/a	n/a	n/a	n/a
1328.616	0	664308	distractor_noise	sapo_probe	distractor	n/a	n/a	n/a	n/a	n/a
1329.632	0	664816	standard_tone	sapo_probe	standard	n/a	n/a	n/a	n/a	n/a
1330.082	0	665041	silence_end	sapo_probe	silence-end	n/a	n/a	n/a	n/a	n/a
1330.084	0	665042	subblock_end	sapo_probe	subblock-end-duration-131.84	n/a	n/a	n/a	131.840	n/a
1330.084	0	665042	subblock_begin	sapo_probe	subblock-begin	n/a	n/a	n/a	n/a	n/a
1330.084	0	665042	silence_begin	sapo_probe	silence-begin	n/a	n/a	n/a	n/a	n/a
1330.648	0	665324	standard_tone	sapo_probe	standard	n/a	n/a	n/a	n/a	n/a
1331.664	0	665832	standard_tone	sapo_probe	standard	n/a	n/a	n/a	n/a	n/a
1332.680	0	666340	standard_tone	sapo_probe	standard	n/a	n/a	n/a	n/a	n/a
1333.694	0	666847	oddball_tone	sapo_probe	oddball	n/a	n/a	n/a	n/a	n/a
1334.694	0	667347	standard_tone	sapo_probe	standard	n/a	n/a	n/a	n/a	n/a
1335.710	0	667855	distractor_noise	sapo_probe	distractor	n/a	n/a	n/a	n/a	n/a
1336.726	0	668363	standard_tone	sapo_probe	standard	n/a	n/a	n/a	n/a	n/a
1337.742	0	668871	standard_tone	sapo_probe	standard	n/a	n/a	n/a	n/a	n/a
1338.758	0	669379	distractor_noise	sapo_probe	distractor	n/a	n/a	n/a	n/a	n/a
1339.774	0	669887	standard_tone	sapo_probe	standard	n/a	n/a	n/a	n/a	n/a
1340.788	0	670394	standard_tone	sapo_probe	standard	n/a	n/a	n/a	n/a	n/a
1341.804	0	670902	standard_tone	sapo_probe	standard	n/a	n/a	n/a	n/a	n/a
1342.820	0	671410	standard_tone	sapo_probe	standard	n/a	n/a	n/a	n/a	n/a
1343.836	0	671918	standard_tone	sapo_probe	standard	n/a	n/a	n/a	n/a	n/a
1344.852	0	672426	standard_tone	sapo_probe	standard	n/a	n/a	n/a	n/a	n/a
1345.868	0	672934	standard_tone	sapo_probe	standard	n/a	n/a	n/a	n/a	n/a
1346.884	0	673442	standard_tone	sapo_probe	standard	n/a	n/a	n/a	n/a	n/a
1347.900	0	673950	standard_tone	sapo_probe	standard	n/a	n/a	n/a	n/a	n/a
1348.916	0	674458	standard_tone	sapo_probe	standard	n/a	n/a	n/a	n/a	n/a
1349.932	0	674966	distractor_noise	sapo_probe	distractor	n/a	n/a	n/a	n/a	n/a
1350.930	0	675465	standard_tone	sapo_probe	standard	n/a	n/a	n/a	n/a	n/a
1351.946	0	675973	standard_tone	sapo_probe	standard	n/a	n/a	n/a	n/a	n/a
1352.962	0	676481	standard_tone	sapo_probe	standard	n/a	n/a	n/a	n/a	n/a
1353.978	0	676989	standard_tone	sapo_probe	standard	n/a	n/a	n/a	n/a	n/a
1354.994	0	677497	standard_tone	sapo_probe	standard	n/a	n/a	n/a	n/a	n/a
1356.010	0	678005	standard_tone	sapo_probe	standard	n/a	n/a	n/a	n/a	n/a
1357.026	0	678513	distractor_noise	sapo_probe	distractor	n/a	n/a	n/a	n/a	n/a
1358.042	0	679021	standard_tone	sapo_probe	standard	n/a	n/a	n/a	n/a	n/a
1359.058	0	679529	standard_tone	sapo_probe	standard	n/a	n/a	n/a	n/a	n/a
1360.074	0	680037	standard_tone	sapo_probe	standard	n/a	n/a	n/a	n/a	n/a
1361.088	0	680544	standard_tone	sapo_probe	standard	n/a	n/a	n/a	n/a	n/a
1362.104	0	681052	oddball_tone	sapo_probe	oddball	n/a	n/a	n/a	n/a	n/a
1363.120	0	681560	standard_tone	sapo_probe	standard	n/a	n/a	n/a	n/a	n/a
1364.136	0	682068	standard_tone	sapo_probe	standard	n/a	n/a	n/a	n/a	n/a
1365.152	0	682576	standard_tone	sapo_probe	standard	n/a	n/a	n/a	n/a	n/a
1366.168	0	683084	standard_tone	sapo_probe	standard	n/a	n/a	n/a	n/a	n/a
1367.184	0	683592	standard_tone	sapo_probe	standard	n/a	n/a	n/a	n/a	n/a
1368.200	0	684100	standard_tone	sapo_probe	standard	n/a	n/a	n/a	n/a	n/a
1369.216	0	684608	standard_tone	sapo_probe	standard	n/a	n/a	n/a	n/a	n/a
1370.230	0	685115	standard_tone	sapo_probe	standard	n/a	n/a	n/a	n/a	n/a
1371.230	0	685615	standard_tone	sapo_probe	standard	n/a	n/a	n/a	n/a	n/a
1372.230	0	686115	standard_tone	sapo_probe	standard	n/a	n/a	n/a	n/a	n/a
1373.246	0	686623	standard_tone	sapo_probe	standard	n/a	n/a	n/a	n/a	n/a
1374.262	0	687131	standard_tone	sapo_probe	standard	n/a	n/a	n/a	n/a	n/a
1375.276	0	687638	standard_tone	sapo_probe	standard	n/a	n/a	n/a	n/a	n/a
1376.294	0	688147	oddball_tone	sapo_probe	oddball	n/a	n/a	n/a	n/a	n/a
1377.308	0	688654	standard_tone	sapo_probe	standard	n/a	n/a	n/a	n/a	n/a
1378.324	0	689162	standard_tone	sapo_probe	standard	n/a	n/a	n/a	n/a	n/a
1379.340	0	689670	standard_tone	sapo_probe	standard	n/a	n/a	n/a	n/a	n/a
1380.356	0	690178	standard_tone	sapo_probe	standard	n/a	n/a	n/a	n/a	n/a
1381.372	0	690686	standard_tone	sapo_probe	standard	n/a	n/a	n/a	n/a	n/a
1382.388	0	691194	standard_tone	sapo_probe	standard	n/a	n/a	n/a	n/a	n/a
1383.404	0	691702	standard_tone	sapo_probe	standard	n/a	n/a	n/a	n/a	n/a
1384.418	0	692209	distractor_noise	sapo_probe	distractor	n/a	n/a	n/a	n/a	n/a
1385.418	0	692709	standard_tone	sapo_probe	standard	n/a	n/a	n/a	n/a	n/a
1386.434	0	693217	distractor_noise	sapo_probe	distractor	n/a	n/a	n/a	n/a	n/a
1387.434	0	693717	standard_tone	sapo_probe	standard	n/a	n/a	n/a	n/a	n/a
1388.450	0	694225	distractor_noise	sapo_probe	distractor	n/a	n/a	n/a	n/a	n/a
1389.466	0	694733	standard_tone	sapo_probe	standard	n/a	n/a	n/a	n/a	n/a
1390.482	0	695241	oddball_tone	sapo_probe	oddball	n/a	n/a	n/a	n/a	n/a
1391.498	0	695749	standard_tone	sapo_probe	standard	n/a	n/a	n/a	n/a	n/a
1392.512	0	696256	distractor_noise	sapo_probe	distractor	n/a	n/a	n/a	n/a	n/a
1393.528	0	696764	standard_tone	sapo_probe	standard	n/a	n/a	n/a	n/a	n/a
1394.544	0	697272	distractor_noise	sapo_probe	distractor	n/a	n/a	n/a	n/a	n/a
1395.560	0	697780	oddball_tone	sapo_probe	oddball	n/a	n/a	n/a	n/a	n/a
1396.560	0	698280	standard_tone	sapo_probe	standard	n/a	n/a	n/a	n/a	n/a
1397.576	0	698788	standard_tone	sapo_probe	standard	n/a	n/a	n/a	n/a	n/a
1398.592	0	699296	standard_tone	sapo_probe	standard	n/a	n/a	n/a	n/a	n/a
1399.608	0	699804	standard_tone	sapo_probe	standard	n/a	n/a	n/a	n/a	n/a
1400.624	0	700312	standard_tone	sapo_probe	standard	n/a	n/a	n/a	n/a	n/a
1401.638	0	700819	standard_tone	sapo_probe	standard	n/a	n/a	n/a	n/a	n/a
1402.654	0	701327	standard_tone	sapo_probe	standard	n/a	n/a	n/a	n/a	n/a
1403.670	0	701835	oddball_tone	sapo_probe	oddball	n/a	n/a	n/a	n/a	n/a
1404.686	0	702343	standard_tone	sapo_probe	standard	n/a	n/a	n/a	n/a	n/a
1405.742	0	702871	standard_tone	sapo_probe	standard	n/a	n/a	n/a	n/a	n/a
1406.752	0	703376	distractor_noise	sapo_probe	distractor	n/a	n/a	n/a	n/a	n/a
1407.766	0	703883	standard_tone	sapo_probe	standard	n/a	n/a	n/a	n/a	n/a
1408.784	0	704392	distractor_noise	sapo_probe	distractor	n/a	n/a	n/a	n/a	n/a
1409.798	0	704899	standard_tone	sapo_probe	standard	n/a	n/a	n/a	n/a	n/a
1410.798	0	705399	standard_tone	sapo_probe	standard	n/a	n/a	n/a	n/a	n/a
1411.814	0	705907	standard_tone	sapo_probe	standard	n/a	n/a	n/a	n/a	n/a
1412.830	0	706415	standard_tone	sapo_probe	standard	n/a	n/a	n/a	n/a	n/a
1413.846	0	706923	oddball_tone	sapo_probe	oddball	n/a	n/a	n/a	n/a	n/a
1414.862	0	707431	standard_tone	sapo_probe	standard	n/a	n/a	n/a	n/a	n/a
1415.876	0	707938	oddball_tone	sapo_probe	oddball	n/a	n/a	n/a	n/a	n/a
1416.894	0	708447	standard_tone	sapo_probe	standard	n/a	n/a	n/a	n/a	n/a
1417.892	0	708946	standard_tone	sapo_probe	standard	n/a	n/a	n/a	n/a	n/a
1418.908	0	709454	standard_tone	sapo_probe	standard	n/a	n/a	n/a	n/a	n/a
1419.924	0	709962	standard_tone	sapo_probe	standard	n/a	n/a	n/a	n/a	n/a
1420.940	0	710470	oddball_tone	sapo_probe	oddball	n/a	n/a	n/a	n/a	n/a
1421.956	0	710978	distractor_noise	sapo_probe	distractor	n/a	n/a	n/a	n/a	n/a
1422.972	0	711486	standard_tone	sapo_probe	standard	n/a	n/a	n/a	n/a	n/a
1423.986	0	711993	standard_tone	sapo_probe	standard	n/a	n/a	n/a	n/a	n/a
1425.002	0	712501	standard_tone	sapo_probe	standard	n/a	n/a	n/a	n/a	n/a
1426.018	0	713009	standard_tone	sapo_probe	standard	n/a	n/a	n/a	n/a	n/a
1427.034	0	713517	standard_tone	sapo_probe	standard	n/a	n/a	n/a	n/a	n/a
1428.050	0	714025	standard_tone	sapo_probe	standard	n/a	n/a	n/a	n/a	n/a
1429.066	0	714533	oddball_tone	sapo_probe	oddball	n/a	n/a	n/a	n/a	n/a
1430.066	0	715033	standard_tone	sapo_probe	standard	n/a	n/a	n/a	n/a	n/a
1431.080	0	715540	standard_tone	sapo_probe	standard	n/a	n/a	n/a	n/a	n/a
1432.096	0	716048	distractor_noise	sapo_probe	distractor	n/a	n/a	n/a	n/a	n/a
1433.112	0	716556	standard_tone	sapo_probe	standard	n/a	n/a	n/a	n/a	n/a
1433.978	0	716989	silence_end	sapo_probe	silence-end	n/a	n/a	n/a	n/a	n/a
1433.980	0	716990	gong_begin	sapo_probe	gong-begin	n/a	n/a	n/a	n/a	n/a
1444.138	0	722069	gong_end	sapo_probe	gong-end	n/a	n/a	n/a	n/a	n/a
1444.138	0	722069	subblock_end	sapo_probe	subblock-end-duration-114.054	n/a	n/a	n/a	114.054	n/a
1444.138	0	722069	subblock_begin	sapo_probe	subblock-begin	n/a	n/a	n/a	n/a	n/a
1444.140	0	722070	silence_begin	sapo_probe	silence-begin	n/a	n/a	n/a	n/a	n/a
1444.140	0	722070	standard_tone	sapo_probe	standard	n/a	n/a	n/a	n/a	n/a
1445.152	0	722576	standard_tone	sapo_probe	standard	n/a	n/a	n/a	n/a	n/a
1446.168	0	723084	standard_tone	sapo_probe	standard	n/a	n/a	n/a	n/a	n/a
1447.184	0	723592	distractor_noise	sapo_probe	distractor	n/a	n/a	n/a	n/a	n/a
1448.184	0	724092	standard_tone	sapo_probe	standard	n/a	n/a	n/a	n/a	n/a
1449.200	0	724600	standard_tone	sapo_probe	standard	n/a	n/a	n/a	n/a	n/a
1450.216	0	725108	distractor_noise	sapo_probe	distractor	n/a	n/a	n/a	n/a	n/a
1451.230	0	725615	standard_tone	sapo_probe	standard	n/a	n/a	n/a	n/a	n/a
1452.246	0	726123	standard_tone	sapo_probe	standard	n/a	n/a	n/a	n/a	n/a
1453.262	0	726631	standard_tone	sapo_probe	standard	n/a	n/a	n/a	n/a	n/a
1454.262	0	727131	standard_tone	sapo_probe	standard	n/a	n/a	n/a	n/a	n/a
1455.278	0	727639	standard_tone	sapo_probe	standard	n/a	n/a	n/a	n/a	n/a
1456.294	0	728147	standard_tone	sapo_probe	standard	n/a	n/a	n/a	n/a	n/a
1457.310	0	728655	standard_tone	sapo_probe	standard	n/a	n/a	n/a	n/a	n/a
1458.326	0	729163	standard_tone	sapo_probe	standard	n/a	n/a	n/a	n/a	n/a
1459.340	0	729670	standard_tone	sapo_probe	standard	n/a	n/a	n/a	n/a	n/a
1460.356	0	730178	standard_tone	sapo_probe	standard	n/a	n/a	n/a	n/a	n/a
1461.372	0	730686	oddball_tone	sapo_probe	oddball	n/a	n/a	n/a	n/a	n/a
1462.388	0	731194	standard_tone	sapo_probe	standard	n/a	n/a	n/a	n/a	n/a
1463.404	0	731702	standard_tone	sapo_probe	standard	n/a	n/a	n/a	n/a	n/a
1464.404	0	732202	oddball_tone	sapo_probe	oddball	n/a	n/a	n/a	n/a	n/a
1465.420	0	732710	standard_tone	sapo_probe	standard	n/a	n/a	n/a	n/a	n/a
1466.436	0	733218	standard_tone	sapo_probe	standard	n/a	n/a	n/a	n/a	n/a
1467.452	0	733726	standard_tone	sapo_probe	standard	n/a	n/a	n/a	n/a	n/a
1468.466	0	734233	oddball_tone	sapo_probe	oddball	n/a	n/a	n/a	n/a	n/a
1469.482	0	734741	standard_tone	sapo_probe	standard	n/a	n/a	n/a	n/a	n/a
1470.498	0	735249	standard_tone	sapo_probe	standard	n/a	n/a	n/a	n/a	n/a
1471.514	0	735757	distractor_noise	sapo_probe	distractor	n/a	n/a	n/a	n/a	n/a
1472.530	0	736265	standard_tone	sapo_probe	standard	n/a	n/a	n/a	n/a	n/a
1473.546	0	736773	standard_tone	sapo_probe	standard	n/a	n/a	n/a	n/a	n/a
1474.562	0	737281	oddball_tone	sapo_probe	oddball	n/a	n/a	n/a	n/a	n/a
1475.578	0	737789	standard_tone	sapo_probe	standard	n/a	n/a	n/a	n/a	n/a
1476.594	0	738297	standard_tone	sapo_probe	standard	n/a	n/a	n/a	n/a	n/a
1477.610	0	738805	standard_tone	sapo_probe	standard	n/a	n/a	n/a	n/a	n/a
1478.624	0	739312	standard_tone	sapo_probe	standard	n/a	n/a	n/a	n/a	n/a
1479.624	0	739812	standard_tone	sapo_probe	standard	n/a	n/a	n/a	n/a	n/a
1480.640	0	740320	distractor_noise	sapo_probe	distractor	n/a	n/a	n/a	n/a	n/a
1481.640	0	740820	standard_tone	sapo_probe	standard	n/a	n/a	n/a	n/a	n/a
1482.654	0	741327	standard_tone	sapo_probe	standard	n/a	n/a	n/a	n/a	n/a
1483.672	0	741836	standard_tone	sapo_probe	standard	n/a	n/a	n/a	n/a	n/a
1484.686	0	742343	standard_tone	sapo_probe	standard	n/a	n/a	n/a	n/a	n/a
1485.702	0	742851	standard_tone	sapo_probe	standard	n/a	n/a	n/a	n/a	n/a
1486.718	0	743359	distractor_noise	sapo_probe	distractor	n/a	n/a	n/a	n/a	n/a
1487.734	0	743867	standard_tone	sapo_probe	standard	n/a	n/a	n/a	n/a	n/a
1488.750	0	744375	standard_tone	sapo_probe	standard	n/a	n/a	n/a	n/a	n/a
1489.766	0	744883	standard_tone	sapo_probe	standard	n/a	n/a	n/a	n/a	n/a
1490.782	0	745391	distractor_noise	sapo_probe	distractor	n/a	n/a	n/a	n/a	n/a
1491.798	0	745899	oddball_tone	sapo_probe	oddball	n/a	n/a	n/a	n/a	n/a
1492.814	0	746407	standard_tone	sapo_probe	standard	n/a	n/a	n/a	n/a	n/a
1493.830	0	746915	standard_tone	sapo_probe	standard	n/a	n/a	n/a	n/a	n/a
1494.844	0	747422	standard_tone	sapo_probe	standard	n/a	n/a	n/a	n/a	n/a
1495.860	0	747930	standard_tone	sapo_probe	standard	n/a	n/a	n/a	n/a	n/a
1496.876	0	748438	standard_tone	sapo_probe	standard	n/a	n/a	n/a	n/a	n/a
1497.892	0	748946	standard_tone	sapo_probe	standard	n/a	n/a	n/a	n/a	n/a
1498.908	0	749454	distractor_noise	sapo_probe	distractor	n/a	n/a	n/a	n/a	n/a
1499.924	0	749962	standard_tone	sapo_probe	standard	n/a	n/a	n/a	n/a	n/a
1500.940	0	750470	standard_tone	sapo_probe	standard	n/a	n/a	n/a	n/a	n/a
1501.956	0	750978	standard_tone	sapo_probe	standard	n/a	n/a	n/a	n/a	n/a
1502.972	0	751486	standard_tone	sapo_probe	standard	n/a	n/a	n/a	n/a	n/a
1503.972	0	751986	standard_tone	sapo_probe	standard	n/a	n/a	n/a	n/a	n/a
1504.986	0	752493	distractor_noise	sapo_probe	distractor	n/a	n/a	n/a	n/a	n/a
1506.002	0	753001	standard_tone	sapo_probe	standard	n/a	n/a	n/a	n/a	n/a
1507.018	0	753509	distractor_noise	sapo_probe	distractor	n/a	n/a	n/a	n/a	n/a
1508.034	0	754017	standard_tone	sapo_probe	standard	n/a	n/a	n/a	n/a	n/a
1509.050	0	754525	standard_tone	sapo_probe	standard	n/a	n/a	n/a	n/a	n/a
1510.048	0	755024	standard_tone	sapo_probe	standard	n/a	n/a	n/a	n/a	n/a
1511.064	0	755532	standard_tone	sapo_probe	standard	n/a	n/a	n/a	n/a	n/a
1512.080	0	756040	oddball_tone	sapo_probe	oddball	n/a	n/a	n/a	n/a	n/a
1513.096	0	756548	standard_tone	sapo_probe	standard	n/a	n/a	n/a	n/a	n/a
1514.096	0	757048	distractor_noise	sapo_probe	distractor	n/a	n/a	n/a	n/a	n/a
1514.230	0	757115	prompt_window_begin	sapo_probe	probe-sapo-probe-begin	n/a	n/a	n/a	n/a	n/a
1518.160	0	759080	clicker_press	sapo_probe	response-received-arrow_up	n/a	n/a	n/a	n/a	arrow_up
1518.442	0	759221	clicker_press	sapo_probe	response-received-arrow_up	n/a	n/a	n/a	n/a	arrow_up
1522.290	0	761145	clicker_press	sapo_probe	response-received-arrow_up	n/a	n/a	n/a	n/a	arrow_up
1522.540	0	761270	clicker_press	sapo_probe	response-received-arrow_up	n/a	n/a	n/a	n/a	arrow_up
1523.288	0	761644	depth_rating	sapo_probe	rating-sapo-probe-meditation_depth-4	4	n/a	n/a	n/a	n/a
1529.550	0	764775	clicker_press	sapo_probe	response-received-arrow_up	n/a	n/a	n/a	n/a	arrow_up
1529.800	0	764900	clicker_press	sapo_probe	response-received-arrow_up	n/a	n/a	n/a	n/a	arrow_up
1530.050	0	765025	clicker_press	sapo_probe	response-received-arrow_up	n/a	n/a	n/a	n/a	arrow_up
1533.514	0	766757	confidence_rating	sapo_probe	rating-sapo-probe-confidence_depth-3	n/a	3	n/a	n/a	n/a
1537.076	0	768538	prompt_window_end	sapo_probe	probe-sapo-probe-end	n/a	n/a	n/a	n/a	n/a
1537.078	0	768539	standard_tone	sapo_probe	standard	n/a	n/a	n/a	n/a	n/a
1538.092	0	769046	standard_tone	sapo_probe	standard	n/a	n/a	n/a	n/a	n/a
1539.108	0	769554	standard_tone	sapo_probe	standard	n/a	n/a	n/a	n/a	n/a
1540.124	0	770062	distractor_noise	sapo_probe	distractor	n/a	n/a	n/a	n/a	n/a
1541.140	0	770570	standard_tone	sapo_probe	standard	n/a	n/a	n/a	n/a	n/a
1542.156	0	771078	standard_tone	sapo_probe	standard	n/a	n/a	n/a	n/a	n/a
1543.172	0	771586	standard_tone	sapo_probe	standard	n/a	n/a	n/a	n/a	n/a
1544.188	0	772094	standard_tone	sapo_probe	standard	n/a	n/a	n/a	n/a	n/a
1545.204	0	772602	standard_tone	sapo_probe	standard	n/a	n/a	n/a	n/a	n/a
1546.220	0	773110	distractor_noise	sapo_probe	distractor	n/a	n/a	n/a	n/a	n/a
1547.234	0	773617	standard_tone	sapo_probe	standard	n/a	n/a	n/a	n/a	n/a
1548.250	0	774125	standard_tone	sapo_probe	standard	n/a	n/a	n/a	n/a	n/a
1549.266	0	774633	oddball_tone	sapo_probe	oddball	n/a	n/a	n/a	n/a	n/a
1550.266	0	775133	standard_tone	sapo_probe	standard	n/a	n/a	n/a	n/a	n/a
1551.282	0	775641	standard_tone	sapo_probe	standard	n/a	n/a	n/a	n/a	n/a
1552.298	0	776149	standard_tone	sapo_probe	standard	n/a	n/a	n/a	n/a	n/a
1553.296	0	776648	standard_tone	sapo_probe	standard	n/a	n/a	n/a	n/a	n/a
1554.312	0	777156	standard_tone	sapo_probe	standard	n/a	n/a	n/a	n/a	n/a
1555.328	0	777664	standard_tone	sapo_probe	standard	n/a	n/a	n/a	n/a	n/a
1556.344	0	778172	oddball_tone	sapo_probe	oddball	n/a	n/a	n/a	n/a	n/a
1557.360	0	778680	standard_tone	sapo_probe	standard	n/a	n/a	n/a	n/a	n/a
1558.360	0	779180	standard_tone	sapo_probe	standard	n/a	n/a	n/a	n/a	n/a
1559.374	0	779687	standard_tone	sapo_probe	standard	n/a	n/a	n/a	n/a	n/a
1560.390	0	780195	standard_tone	sapo_probe	standard	n/a	n/a	n/a	n/a	n/a
1561.390	0	780695	standard_tone	sapo_probe	standard	n/a	n/a	n/a	n/a	n/a
1562.406	0	781203	standard_tone	sapo_probe	standard	n/a	n/a	n/a	n/a	n/a
1563.422	0	781711	standard_tone	sapo_probe	standard	n/a	n/a	n/a	n/a	n/a
1564.438	0	782219	standard_tone	sapo_probe	standard	n/a	n/a	n/a	n/a	n/a
1565.454	0	782727	standard_tone	sapo_probe	standard	n/a	n/a	n/a	n/a	n/a
1566.468	0	783234	standard_tone	sapo_probe	standard	n/a	n/a	n/a	n/a	n/a
1567.484	0	783742	standard_tone	sapo_probe	standard	n/a	n/a	n/a	n/a	n/a
1568.502	0	784251	distractor_noise	sapo_probe	distractor	n/a	n/a	n/a	n/a	n/a
1569.516	0	784758	standard_tone	sapo_probe	standard	n/a	n/a	n/a	n/a	n/a
1570.532	0	785266	standard_tone	sapo_probe	standard	n/a	n/a	n/a	n/a	n/a
1571.548	0	785774	distractor_noise	sapo_probe	distractor	n/a	n/a	n/a	n/a	n/a
1572.564	0	786282	standard_tone	sapo_probe	standard	n/a	n/a	n/a	n/a	n/a
1573.580	0	786790	oddball_tone	sapo_probe	oddball	n/a	n/a	n/a	n/a	n/a
1573.862	0	786931	silence_end	sapo_probe	silence-end	n/a	n/a	n/a	n/a	n/a
1573.864	0	786932	gong_begin	sapo_probe	gong-begin	n/a	n/a	n/a	n/a	n/a
1583.988	0	791994	gong_end	sapo_probe	gong-end	n/a	n/a	n/a	n/a	n/a
1583.990	0	791995	subblock_end	sapo_probe	subblock-end-duration-139.851	n/a	n/a	n/a	139.851	n/a
1583.990	0	791995	subblock_begin	sapo_probe	subblock-begin	n/a	n/a	n/a	n/a	n/a
1583.990	0	791995	silence_begin	sapo_probe	silence-begin	n/a	n/a	n/a	n/a	n/a
1584.004	0	792002	standard_tone	sapo_probe	standard	n/a	n/a	n/a	n/a	n/a
1585.020	0	792510	standard_tone	sapo_probe	standard	n/a	n/a	n/a	n/a	n/a
1586.036	0	793018	standard_tone	sapo_probe	standard	n/a	n/a	n/a	n/a	n/a
1587.052	0	793526	standard_tone	sapo_probe	standard	n/a	n/a	n/a	n/a	n/a
1588.068	0	794034	standard_tone	sapo_probe	standard	n/a	n/a	n/a	n/a	n/a
1589.084	0	794542	standard_tone	sapo_probe	standard	n/a	n/a	n/a	n/a	n/a
1590.100	0	795050	standard_tone	sapo_probe	standard	n/a	n/a	n/a	n/a	n/a
1591.116	0	795558	standard_tone	sapo_probe	standard	n/a	n/a	n/a	n/a	n/a
1592.132	0	796066	standard_tone	sapo_probe	standard	n/a	n/a	n/a	n/a	n/a
1593.130	0	796565	standard_tone	sapo_probe	standard	n/a	n/a	n/a	n/a	n/a
1594.146	0	797073	standard_tone	sapo_probe	standard	n/a	n/a	n/a	n/a	n/a
1595.162	0	797581	standard_tone	sapo_probe	standard	n/a	n/a	n/a	n/a	n/a
1596.178	0	798089	standard_tone	sapo_probe	standard	n/a	n/a	n/a	n/a	n/a
1597.194	0	798597	standard_tone	sapo_probe	standard	n/a	n/a	n/a	n/a	n/a
1598.208	0	799104	standard_tone	sapo_probe	standard	n/a	n/a	n/a	n/a	n/a
1599.226	0	799613	standard_tone	sapo_probe	standard	n/a	n/a	n/a	n/a	n/a
1600.240	0	800120	standard_tone	sapo_probe	standard	n/a	n/a	n/a	n/a	n/a
1601.256	0	800628	standard_tone	sapo_probe	standard	n/a	n/a	n/a	n/a	n/a
1602.272	0	801136	standard_tone	sapo_probe	standard	n/a	n/a	n/a	n/a	n/a
1603.288	0	801644	standard_tone	sapo_probe	standard	n/a	n/a	n/a	n/a	n/a
1604.290	0	802145	standard_tone	sapo_probe	standard	n/a	n/a	n/a	n/a	n/a
1605.304	0	802652	standard_tone	sapo_probe	standard	n/a	n/a	n/a	n/a	n/a
1606.320	0	803160	standard_tone	sapo_probe	standard	n/a	n/a	n/a	n/a	n/a
1607.334	0	803667	standard_tone	sapo_probe	standard	n/a	n/a	n/a	n/a	n/a
1608.350	0	804175	distractor_noise	sapo_probe	distractor	n/a	n/a	n/a	n/a	n/a
1609.366	0	804683	oddball_tone	sapo_probe	oddball	n/a	n/a	n/a	n/a	n/a
1610.382	0	805191	standard_tone	sapo_probe	standard	n/a	n/a	n/a	n/a	n/a
1611.382	0	805691	standard_tone	sapo_probe	standard	n/a	n/a	n/a	n/a	n/a
1612.398	0	806199	standard_tone	sapo_probe	standard	n/a	n/a	n/a	n/a	n/a
1613.414	0	806707	standard_tone	sapo_probe	standard	n/a	n/a	n/a	n/a	n/a
1614.430	0	807215	standard_tone	sapo_probe	standard	n/a	n/a	n/a	n/a	n/a
1615.444	0	807722	distractor_noise	sapo_probe	distractor	n/a	n/a	n/a	n/a	n/a
1616.460	0	808230	standard_tone	sapo_probe	standard	n/a	n/a	n/a	n/a	n/a
1617.476	0	808738	distractor_noise	sapo_probe	distractor	n/a	n/a	n/a	n/a	n/a
1618.492	0	809246	standard_tone	sapo_probe	standard	n/a	n/a	n/a	n/a	n/a
1619.508	0	809754	oddball_tone	sapo_probe	oddball	n/a	n/a	n/a	n/a	n/a
1620.524	0	810262	distractor_noise	sapo_probe	distractor	n/a	n/a	n/a	n/a	n/a
1621.540	0	810770	standard_tone	sapo_probe	standard	n/a	n/a	n/a	n/a	n/a
1622.556	0	811278	standard_tone	sapo_probe	standard	n/a	n/a	n/a	n/a	n/a
1623.572	0	811786	standard_tone	sapo_probe	standard	n/a	n/a	n/a	n/a	n/a
1624.588	0	812294	standard_tone	sapo_probe	standard	n/a	n/a	n/a	n/a	n/a
1625.604	0	812802	standard_tone	sapo_probe	standard	n/a	n/a	n/a	n/a	n/a
1626.620	0	813310	standard_tone	sapo_probe	standard	n/a	n/a	n/a	n/a	n/a
1627.636	0	813818	standard_tone	sapo_probe	standard	n/a	n/a	n/a	n/a	n/a
1628.650	0	814325	standard_tone	sapo_probe	standard	n/a	n/a	n/a	n/a	n/a
1629.666	0	814833	standard_tone	sapo_probe	standard	n/a	n/a	n/a	n/a	n/a
1630.682	0	815341	standard_tone	sapo_probe	standard	n/a	n/a	n/a	n/a	n/a
1631.682	0	815841	distractor_noise	sapo_probe	distractor	n/a	n/a	n/a	n/a	n/a
1632.698	0	816349	standard_tone	sapo_probe	standard	n/a	n/a	n/a	n/a	n/a
1633.714	0	816857	standard_tone	sapo_probe	standard	n/a	n/a	n/a	n/a	n/a
1634.730	0	817365	standard_tone	sapo_probe	standard	n/a	n/a	n/a	n/a	n/a
1635.744	0	817872	standard_tone	sapo_probe	standard	n/a	n/a	n/a	n/a	n/a
1636.744	0	818372	standard_tone	sapo_probe	standard	n/a	n/a	n/a	n/a	n/a
1637.760	0	818880	standard_tone	sapo_probe	standard	n/a	n/a	n/a	n/a	n/a
1638.776	0	819388	standard_tone	sapo_probe	standard	n/a	n/a	n/a	n/a	n/a
1639.792	0	819896	standard_tone	sapo_probe	standard	n/a	n/a	n/a	n/a	n/a
1640.808	0	820404	standard_tone	sapo_probe	standard	n/a	n/a	n/a	n/a	n/a
1641.824	0	820912	standard_tone	sapo_probe	standard	n/a	n/a	n/a	n/a	n/a
1642.840	0	821420	distractor_noise	sapo_probe	distractor	n/a	n/a	n/a	n/a	n/a
1643.856	0	821928	oddball_tone	sapo_probe	oddball	n/a	n/a	n/a	n/a	n/a
1644.870	0	822435	standard_tone	sapo_probe	standard	n/a	n/a	n/a	n/a	n/a
1645.886	0	822943	standard_tone	sapo_probe	standard	n/a	n/a	n/a	n/a	n/a
1646.904	0	823452	standard_tone	sapo_probe	standard	n/a	n/a	n/a	n/a	n/a
1647.918	0	823959	standard_tone	sapo_probe	standard	n/a	n/a	n/a	n/a	n/a
1648.934	0	824467	standard_tone	sapo_probe	standard	n/a	n/a	n/a	n/a	n/a
1649.950	0	824975	standard_tone	sapo_probe	standard	n/a	n/a	n/a	n/a	n/a
1650.950	0	825475	standard_tone	sapo_probe	standard	n/a	n/a	n/a	n/a	n/a
1651.964	0	825982	standard_tone	sapo_probe	standard	n/a	n/a	n/a	n/a	n/a
1652.980	0	826490	oddball_tone	sapo_probe	oddball	n/a	n/a	n/a	n/a	n/a
1653.996	0	826998	standard_tone	sapo_probe	standard	n/a	n/a	n/a	n/a	n/a
1655.012	0	827506	standard_tone	sapo_probe	standard	n/a	n/a	n/a	n/a	n/a
1656.028	0	828014	standard_tone	sapo_probe	standard	n/a	n/a	n/a	n/a	n/a
1657.044	0	828522	standard_tone	sapo_probe	standard	n/a	n/a	n/a	n/a	n/a
1658.060	0	829030	standard_tone	sapo_probe	standard	n/a	n/a	n/a	n/a	n/a
1659.076	0	829538	distractor_noise	sapo_probe	distractor	n/a	n/a	n/a	n/a	n/a
1660.092	0	830046	standard_tone	sapo_probe	standard	n/a	n/a	n/a	n/a	n/a
1661.108	0	830554	standard_tone	sapo_probe	standard	n/a	n/a	n/a	n/a	n/a
1662.124	0	831062	standard_tone	sapo_probe	standard	n/a	n/a	n/a	n/a	n/a
1663.138	0	831569	standard_tone	sapo_probe	standard	n/a	n/a	n/a	n/a	n/a
1664.154	0	832077	oddball_tone	sapo_probe	oddball	n/a	n/a	n/a	n/a	n/a
1665.170	0	832585	distractor_noise	sapo_probe	distractor	n/a	n/a	n/a	n/a	n/a
1666.186	0	833093	standard_tone	sapo_probe	standard	n/a	n/a	n/a	n/a	n/a
1667.202	0	833601	standard_tone	sapo_probe	standard	n/a	n/a	n/a	n/a	n/a
1668.218	0	834109	standard_tone	sapo_probe	standard	n/a	n/a	n/a	n/a	n/a
1669.234	0	834617	oddball_tone	sapo_probe	oddball	n/a	n/a	n/a	n/a	n/a
1670.250	0	835125	standard_tone	sapo_probe	standard	n/a	n/a	n/a	n/a	n/a
1671.266	0	835633	distractor_noise	sapo_probe	distractor	n/a	n/a	n/a	n/a	n/a
1672.282	0	836141	standard_tone	sapo_probe	standard	n/a	n/a	n/a	n/a	n/a
1673.298	0	836649	standard_tone	sapo_probe	standard	n/a	n/a	n/a	n/a	n/a
1674.296	0	837148	standard_tone	sapo_probe	standard	n/a	n/a	n/a	n/a	n/a
1675.312	0	837656	standard_tone	sapo_probe	standard	n/a	n/a	n/a	n/a	n/a
1676.328	0	838164	standard_tone	sapo_probe	standard	n/a	n/a	n/a	n/a	n/a
1677.344	0	838672	standard_tone	sapo_probe	standard	n/a	n/a	n/a	n/a	n/a
1678.360	0	839180	standard_tone	sapo_probe	standard	n/a	n/a	n/a	n/a	n/a
1679.376	0	839688	standard_tone	sapo_probe	standard	n/a	n/a	n/a	n/a	n/a
1680.390	0	840195	oddball_tone	sapo_probe	oddball	n/a	n/a	n/a	n/a	n/a
1681.406	0	840703	standard_tone	sapo_probe	standard	n/a	n/a	n/a	n/a	n/a
1682.406	0	841203	standard_tone	sapo_probe	standard	n/a	n/a	n/a	n/a	n/a
1683.422	0	841711	standard_tone	sapo_probe	standard	n/a	n/a	n/a	n/a	n/a
1684.438	0	842219	standard_tone	sapo_probe	standard	n/a	n/a	n/a	n/a	n/a
1685.454	0	842727	oddball_tone	sapo_probe	oddball	n/a	n/a	n/a	n/a	n/a
1686.470	0	843235	standard_tone	sapo_probe	standard	n/a	n/a	n/a	n/a	n/a
1687.486	0	843743	standard_tone	sapo_probe	standard	n/a	n/a	n/a	n/a	n/a
1688.502	0	844251	standard_tone	sapo_probe	standard	n/a	n/a	n/a	n/a	n/a
1689.518	0	844759	standard_tone	sapo_probe	standard	n/a	n/a	n/a	n/a	n/a
1690.532	0	845266	standard_tone	sapo_probe	standard	n/a	n/a	n/a	n/a	n/a
1691.366	0	845683	silence_end	sapo_probe	silence-end	n/a	n/a	n/a	n/a	n/a
1691.366	0	845683	gong_begin	sapo_probe	gong-begin	n/a	n/a	n/a	n/a	n/a
1701.524	0	850762	gong_end	sapo_probe	gong-end	n/a	n/a	n/a	n/a	n/a
1701.524	0	850762	subblock_end	sapo_probe	subblock-end-duration-117.535	n/a	n/a	n/a	117.535	n/a
1701.526	0	850763	subblock_begin	sapo_probe	subblock-begin	n/a	n/a	n/a	n/a	n/a
1701.526	0	850763	silence_begin	sapo_probe	silence-begin	n/a	n/a	n/a	n/a	n/a
1701.526	0	850763	standard_tone	sapo_probe	standard	n/a	n/a	n/a	n/a	n/a
1702.540	0	851270	standard_tone	sapo_probe	standard	n/a	n/a	n/a	n/a	n/a
1703.538	0	851769	standard_tone	sapo_probe	standard	n/a	n/a	n/a	n/a	n/a
1704.554	0	852277	standard_tone	sapo_probe	standard	n/a	n/a	n/a	n/a	n/a
1705.570	0	852785	standard_tone	sapo_probe	standard	n/a	n/a	n/a	n/a	n/a
1706.586	0	853293	standard_tone	sapo_probe	standard	n/a	n/a	n/a	n/a	n/a
1707.602	0	853801	standard_tone	sapo_probe	standard	n/a	n/a	n/a	n/a	n/a
1708.618	0	854309	standard_tone	sapo_probe	standard	n/a	n/a	n/a	n/a	n/a
1709.634	0	854817	standard_tone	sapo_probe	standard	n/a	n/a	n/a	n/a	n/a
1710.650	0	855325	standard_tone	sapo_probe	standard	n/a	n/a	n/a	n/a	n/a
1711.666	0	855833	standard_tone	sapo_probe	standard	n/a	n/a	n/a	n/a	n/a
1712.682	0	856341	standard_tone	sapo_probe	standard	n/a	n/a	n/a	n/a	n/a
1713.698	0	856849	distractor_noise	sapo_probe	distractor	n/a	n/a	n/a	n/a	n/a
1714.714	0	857357	standard_tone	sapo_probe	standard	n/a	n/a	n/a	n/a	n/a
1715.728	0	857864	standard_tone	sapo_probe	standard	n/a	n/a	n/a	n/a	n/a
1716.744	0	858372	oddball_tone	sapo_probe	oddball	n/a	n/a	n/a	n/a	n/a
1717.760	0	858880	standard_tone	sapo_probe	standard	n/a	n/a	n/a	n/a	n/a
1718.776	0	859388	standard_tone	sapo_probe	standard	n/a	n/a	n/a	n/a	n/a
1719.792	0	859896	standard_tone	sapo_probe	standard	n/a	n/a	n/a	n/a	n/a
1720.808	0	860404	oddball_tone	sapo_probe	oddball	n/a	n/a	n/a	n/a	n/a
1721.824	0	860912	standard_tone	sapo_probe	standard	n/a	n/a	n/a	n/a	n/a
1722.840	0	861420	standard_tone	sapo_probe	standard	n/a	n/a	n/a	n/a	n/a
1723.856	0	861928	standard_tone	sapo_probe	standard	n/a	n/a	n/a	n/a	n/a
1724.872	0	862436	distractor_noise	sapo_probe	distractor	n/a	n/a	n/a	n/a	n/a
1725.886	0	862943	standard_tone	sapo_probe	standard	n/a	n/a	n/a	n/a	n/a
1726.902	0	863451	standard_tone	sapo_probe	standard	n/a	n/a	n/a	n/a	n/a
1727.918	0	863959	standard_tone	sapo_probe	standard	n/a	n/a	n/a	n/a	n/a
1728.934	0	864467	standard_tone	sapo_probe	standard	n/a	n/a	n/a	n/a	n/a
1729.950	0	864975	standard_tone	sapo_probe	standard	n/a	n/a	n/a	n/a	n/a
1730.966	0	865483	standard_tone	sapo_probe	standard	n/a	n/a	n/a	n/a	n/a
1731.982	0	865991	standard_tone	sapo_probe	standard	n/a	n/a	n/a	n/a	n/a
1732.998	0	866499	distractor_noise	sapo_probe	distractor	n/a	n/a	n/a	n/a	n/a
1734.014	0	867007	standard_tone	sapo_probe	standard	n/a	n/a	n/a	n/a	n/a
1735.030	0	867515	distractor_noise	sapo_probe	distractor	n/a	n/a	n/a	n/a	n/a
1736.046	0	868023	standard_tone	sapo_probe	standard	n/a	n/a	n/a	n/a	n/a
1737.062	0	868531	standard_tone	sapo_probe	standard	n/a	n/a	n/a	n/a	n/a
1738.076	0	869038	oddball_tone	sapo_probe	oddball	n/a	n/a	n/a	n/a	n/a
1739.076	0	869538	distractor_noise	sapo_probe	distractor	n/a	n/a	n/a	n/a	n/a
1740.092	0	870046	standard_tone	sapo_probe	standard	n/a	n/a	n/a	n/a	n/a
1741.108	0	870554	standard_tone	sapo_probe	standard	n/a	n/a	n/a	n/a	n/a
1742.124	0	871062	standard_tone	sapo_probe	standard	n/a	n/a	n/a	n/a	n/a
1743.156	0	871578	prompt_window_begin	sapo_probe	probe-sapo-probe-begin	n/a	n/a	n/a	n/a	n/a
1747.504	0	873752	clicker_press	sapo_probe	response-received-arrow_up	n/a	n/a	n/a	n/a	arrow_up
1747.970	0	873985	clicker_press	sapo_probe	response-received-arrow_up	n/a	n/a	n/a	n/a	arrow_up
1751.284	0	875642	clicker_press	sapo_probe	response-received-arrow_up	n/a	n/a	n/a	n/a	arrow_up
1751.584	0	875792	clicker_press	sapo_probe	response-received-arrow_up	n/a	n/a	n/a	n/a	arrow_up
1752.198	0	876099	depth_rating	sapo_probe	rating-sapo-probe-meditation_depth-4	4	n/a	n/a	n/a	n/a
1758.794	0	879397	clicker_press	sapo_probe	response-received-arrow_up	n/a	n/a	n/a	n/a	arrow_up
1759.226	0	879613	clicker_press	sapo_probe	response-received-arrow_up	n/a	n/a	n/a	n/a	arrow_up
1759.644	0	879822	clicker_press	sapo_probe	response-received-arrow_up	n/a	n/a	n/a	n/a	arrow_up
1762.290	0	881145	confidence_rating	sapo_probe	rating-sapo-probe-confidence_depth-3	n/a	3	n/a	n/a	n/a
1765.988	0	882994	prompt_window_end	sapo_probe	probe-sapo-probe-end	n/a	n/a	n/a	n/a	n/a
1765.988	0	882994	standard_tone	sapo_probe	standard	n/a	n/a	n/a	n/a	n/a
1767.004	0	883502	standard_tone	sapo_probe	standard	n/a	n/a	n/a	n/a	n/a
1768.018	0	884009	standard_tone	sapo_probe	standard	n/a	n/a	n/a	n/a	n/a
1769.034	0	884517	standard_tone	sapo_probe	standard	n/a	n/a	n/a	n/a	n/a
1770.050	0	885025	standard_tone	sapo_probe	standard	n/a	n/a	n/a	n/a	n/a
1771.066	0	885533	standard_tone	sapo_probe	standard	n/a	n/a	n/a	n/a	n/a
1772.082	0	886041	standard_tone	sapo_probe	standard	n/a	n/a	n/a	n/a	n/a
1773.098	0	886549	distractor_noise	sapo_probe	distractor	n/a	n/a	n/a	n/a	n/a
1774.114	0	887057	standard_tone	sapo_probe	standard	n/a	n/a	n/a	n/a	n/a
1775.130	0	887565	standard_tone	sapo_probe	standard	n/a	n/a	n/a	n/a	n/a
1776.144	0	888072	standard_tone	sapo_probe	standard	n/a	n/a	n/a	n/a	n/a
1777.146	0	888573	standard_tone	sapo_probe	standard	n/a	n/a	n/a	n/a	n/a
1778.146	0	889073	distractor_noise	sapo_probe	distractor	n/a	n/a	n/a	n/a	n/a
1779.160	0	889580	standard_tone	sapo_probe	standard	n/a	n/a	n/a	n/a	n/a
1780.176	0	890088	standard_tone	sapo_probe	standard	n/a	n/a	n/a	n/a	n/a
1781.192	0	890596	standard_tone	sapo_probe	standard	n/a	n/a	n/a	n/a	n/a
1782.208	0	891104	standard_tone	sapo_probe	standard	n/a	n/a	n/a	n/a	n/a
1783.222	0	891611	standard_tone	sapo_probe	standard	n/a	n/a	n/a	n/a	n/a
1784.238	0	892119	standard_tone	sapo_probe	standard	n/a	n/a	n/a	n/a	n/a
1785.254	0	892627	standard_tone	sapo_probe	standard	n/a	n/a	n/a	n/a	n/a
1786.270	0	893135	standard_tone	sapo_probe	standard	n/a	n/a	n/a	n/a	n/a
1787.286	0	893643	standard_tone	sapo_probe	standard	n/a	n/a	n/a	n/a	n/a
1788.302	0	894151	standard_tone	sapo_probe	standard	n/a	n/a	n/a	n/a	n/a
1789.318	0	894659	standard_tone	sapo_probe	standard	n/a	n/a	n/a	n/a	n/a
1790.334	0	895167	standard_tone	sapo_probe	standard	n/a	n/a	n/a	n/a	n/a
1791.350	0	895675	standard_tone	sapo_probe	standard	n/a	n/a	n/a	n/a	n/a
1792.348	0	896174	standard_tone	sapo_probe	standard	n/a	n/a	n/a	n/a	n/a
1793.364	0	896682	standard_tone	sapo_probe	standard	n/a	n/a	n/a	n/a	n/a
1794.380	0	897190	distractor_noise	sapo_probe	distractor	n/a	n/a	n/a	n/a	n/a
1795.396	0	897698	oddball_tone	sapo_probe	oddball	n/a	n/a	n/a	n/a	n/a
1796.412	0	898206	standard_tone	sapo_probe	standard	n/a	n/a	n/a	n/a	n/a
1797.428	0	898714	oddball_tone	sapo_probe	oddball	n/a	n/a	n/a	n/a	n/a
1798.448	0	899224	standard_tone	sapo_probe	standard	n/a	n/a	n/a	n/a	n/a
1799.460	0	899730	standard_tone	sapo_probe	standard	n/a	n/a	n/a	n/a	n/a
1800.476	0	900238	standard_tone	sapo_probe	standard	n/a	n/a	n/a	n/a	n/a
1801.492	0	900746	distractor_noise	sapo_probe	distractor	n/a	n/a	n/a	n/a	n/a
1802.506	0	901253	standard_tone	sapo_probe	standard	n/a	n/a	n/a	n/a	n/a
1803.522	0	901761	standard_tone	sapo_probe	standard	n/a	n/a	n/a	n/a	n/a
1804.538	0	902269	standard_tone	sapo_probe	standard	n/a	n/a	n/a	n/a	n/a
1805.554	0	902777	standard_tone	sapo_probe	standard	n/a	n/a	n/a	n/a	n/a
1806.554	0	903277	standard_tone	sapo_probe	standard	n/a	n/a	n/a	n/a	n/a
1807.570	0	903785	standard_tone	sapo_probe	standard	n/a	n/a	n/a	n/a	n/a
1808.586	0	904293	standard_tone	sapo_probe	standard	n/a	n/a	n/a	n/a	n/a
1809.602	0	904801	standard_tone	sapo_probe	standard	n/a	n/a	n/a	n/a	n/a
1810.616	0	905308	standard_tone	sapo_probe	standard	n/a	n/a	n/a	n/a	n/a
1811.632	0	905816	distractor_noise	sapo_probe	distractor	n/a	n/a	n/a	n/a	n/a
1812.648	0	906324	standard_tone	sapo_probe	standard	n/a	n/a	n/a	n/a	n/a
1813.664	0	906832	standard_tone	sapo_probe	standard	n/a	n/a	n/a	n/a	n/a
1814.680	0	907340	standard_tone	sapo_probe	standard	n/a	n/a	n/a	n/a	n/a
1815.696	0	907848	distractor_noise	sapo_probe	distractor	n/a	n/a	n/a	n/a	n/a
1816.712	0	908356	standard_tone	sapo_probe	standard	n/a	n/a	n/a	n/a	n/a
1817.738	0	908869	standard_tone	sapo_probe	standard	n/a	n/a	n/a	n/a	n/a
1818.744	0	909372	standard_tone	sapo_probe	standard	n/a	n/a	n/a	n/a	n/a
1819.760	0	909880	standard_tone	sapo_probe	standard	n/a	n/a	n/a	n/a	n/a
1820.774	0	910387	standard_tone	sapo_probe	standard	n/a	n/a	n/a	n/a	n/a
1821.774	0	910887	standard_tone	sapo_probe	standard	n/a	n/a	n/a	n/a	n/a
1822.790	0	911395	standard_tone	sapo_probe	standard	n/a	n/a	n/a	n/a	n/a
1823.790	0	911895	standard_tone	sapo_probe	standard	n/a	n/a	n/a	n/a	n/a
1824.806	0	912403	standard_tone	sapo_probe	standard	n/a	n/a	n/a	n/a	n/a
1825.820	0	912910	standard_tone	sapo_probe	standard	n/a	n/a	n/a	n/a	n/a
1826.836	0	913418	standard_tone	sapo_probe	standard	n/a	n/a	n/a	n/a	n/a
1827.836	0	913918	distractor_noise	sapo_probe	distractor	n/a	n/a	n/a	n/a	n/a
1828.852	0	914426	standard_tone	sapo_probe	standard	n/a	n/a	n/a	n/a	n/a
1829.868	0	914934	standard_tone	sapo_probe	standard	n/a	n/a	n/a	n/a	n/a
1830.884	0	915442	standard_tone	sapo_probe	standard	n/a	n/a	n/a	n/a	n/a
1831.900	0	915950	standard_tone	sapo_probe	standard	n/a	n/a	n/a	n/a	n/a
1832.916	0	916458	oddball_tone	sapo_probe	oddball	n/a	n/a	n/a	n/a	n/a
1833.932	0	916966	standard_tone	sapo_probe	standard	n/a	n/a	n/a	n/a	n/a
1834.946	0	917473	standard_tone	sapo_probe	standard	n/a	n/a	n/a	n/a	n/a
1835.964	0	917982	distractor_noise	sapo_probe	distractor	n/a	n/a	n/a	n/a	n/a
1836.978	0	918489	standard_tone	sapo_probe	standard	n/a	n/a	n/a	n/a	n/a
1837.994	0	918997	standard_tone	sapo_probe	standard	n/a	n/a	n/a	n/a	n/a
1839.010	0	919505	standard_tone	sapo_probe	standard	n/a	n/a	n/a	n/a	n/a
1840.026	0	920013	standard_tone	sapo_probe	standard	n/a	n/a	n/a	n/a	n/a
1841.042	0	920521	standard_tone	sapo_probe	standard	n/a	n/a	n/a	n/a	n/a
1842.058	0	921029	standard_tone	sapo_probe	standard	n/a	n/a	n/a	n/a	n/a
1843.074	0	921537	standard_tone	sapo_probe	standard	n/a	n/a	n/a	n/a	n/a
1843.506	0	921753	silence_end	sapo_probe	silence-end	n/a	n/a	n/a	n/a	n/a
1843.508	0	921754	gong_begin	sapo_probe	gong-begin	n/a	n/a	n/a	n/a	n/a
1853.682	0	926841	gong_end	sapo_probe	gong-end	n/a	n/a	n/a	n/a	n/a
1853.682	0	926841	subblock_end	sapo_probe	subblock-end-duration-152.156	n/a	n/a	n/a	152.156	n/a
1853.682	0	926841	subblock_begin	sapo_probe	subblock-begin	n/a	n/a	n/a	n/a	n/a
1853.682	0	926841	silence_begin	sapo_probe	silence-begin	n/a	n/a	n/a	n/a	n/a
1853.698	0	926849	standard_tone	sapo_probe	standard	n/a	n/a	n/a	n/a	n/a
1854.696	0	927348	standard_tone	sapo_probe	standard	n/a	n/a	n/a	n/a	n/a
1855.712	0	927856	standard_tone	sapo_probe	standard	n/a	n/a	n/a	n/a	n/a
1856.728	0	928364	standard_tone	sapo_probe	standard	n/a	n/a	n/a	n/a	n/a
1857.744	0	928872	standard_tone	sapo_probe	standard	n/a	n/a	n/a	n/a	n/a
1858.760	0	929380	standard_tone	sapo_probe	standard	n/a	n/a	n/a	n/a	n/a
1859.776	0	929888	standard_tone	sapo_probe	standard	n/a	n/a	n/a	n/a	n/a
1860.792	0	930396	standard_tone	sapo_probe	standard	n/a	n/a	n/a	n/a	n/a
1861.808	0	930904	standard_tone	sapo_probe	standard	n/a	n/a	n/a	n/a	n/a
1862.808	0	931404	standard_tone	sapo_probe	standard	n/a	n/a	n/a	n/a	n/a
1863.824	0	931912	standard_tone	sapo_probe	standard	n/a	n/a	n/a	n/a	n/a
1864.822	0	932411	standard_tone	sapo_probe	standard	n/a	n/a	n/a	n/a	n/a
1865.838	0	932919	distractor_noise	sapo_probe	distractor	n/a	n/a	n/a	n/a	n/a
1866.854	0	933427	standard_tone	sapo_probe	standard	n/a	n/a	n/a	n/a	n/a
1867.870	0	933935	standard_tone	sapo_probe	standard	n/a	n/a	n/a	n/a	n/a
1868.886	0	934443	standard_tone	sapo_probe	standard	n/a	n/a	n/a	n/a	n/a
1869.900	0	934950	standard_tone	sapo_probe	standard	n/a	n/a	n/a	n/a	n/a
1870.918	0	935459	standard_tone	sapo_probe	standard	n/a	n/a	n/a	n/a	n/a
1871.932	0	935966	standard_tone	sapo_probe	standard	n/a	n/a	n/a	n/a	n/a
1872.948	0	936474	standard_tone	sapo_probe	standard	n/a	n/a	n/a	n/a	n/a
1873.964	0	936982	standard_tone	sapo_probe	standard	n/a	n/a	n/a	n/a	n/a
1874.980	0	937490	standard_tone	sapo_probe	standard	n/a	n/a	n/a	n/a	n/a
1875.996	0	937998	standard_tone	sapo_probe	standard	n/a	n/a	n/a	n/a	n/a
1877.012	0	938506	standard_tone	sapo_probe	standard	n/a	n/a	n/a	n/a	n/a
1878.028	0	939014	standard_tone	sapo_probe	standard	n/a	n/a	n/a	n/a	n/a
1879.044	0	939522	standard_tone	sapo_probe	standard	n/a	n/a	n/a	n/a	n/a
1880.060	0	940030	oddball_tone	sapo_probe	oddball	n/a	n/a	n/a	n/a	n/a
1881.076	0	940538	standard_tone	sapo_probe	standard	n/a	n/a	n/a	n/a	n/a
1882.092	0	941046	standard_tone	sapo_probe	standard	n/a	n/a	n/a	n/a	n/a
1883.108	0	941554	standard_tone	sapo_probe	standard	n/a	n/a	n/a	n/a	n/a
1884.122	0	942061	standard_tone	sapo_probe	standard	n/a	n/a	n/a	n/a	n/a
1885.122	0	942561	standard_tone	sapo_probe	standard	n/a	n/a	n/a	n/a	n/a
1886.138	0	943069	standard_tone	sapo_probe	standard	n/a	n/a	n/a	n/a	n/a
1887.154	0	943577	distractor_noise	sapo_probe	distractor	n/a	n/a	n/a	n/a	n/a
1888.168	0	944084	standard_tone	sapo_probe	standard	n/a	n/a	n/a	n/a	n/a
1889.186	0	944593	standard_tone	sapo_probe	standard	n/a	n/a	n/a	n/a	n/a
1890.200	0	945100	standard_tone	sapo_probe	standard	n/a	n/a	n/a	n/a	n/a
1891.200	0	945600	standard_tone	sapo_probe	standard	n/a	n/a	n/a	n/a	n/a
1892.216	0	946108	standard_tone	sapo_probe	standard	n/a	n/a	n/a	n/a	n/a
1893.232	0	946616	standard_tone	sapo_probe	standard	n/a	n/a	n/a	n/a	n/a
1894.248	0	947124	standard_tone	sapo_probe	standard	n/a	n/a	n/a	n/a	n/a
1895.248	0	947624	standard_tone	sapo_probe	standard	n/a	n/a	n/a	n/a	n/a
1896.262	0	948131	standard_tone	sapo_probe	standard	n/a	n/a	n/a	n/a	n/a
1897.278	0	948639	standard_tone	sapo_probe	standard	n/a	n/a	n/a	n/a	n/a
1898.294	0	949147	standard_tone	sapo_probe	standard	n/a	n/a	n/a	n/a	n/a
1899.310	0	949655	standard_tone	sapo_probe	standard	n/a	n/a	n/a	n/a	n/a
1900.326	0	950163	standard_tone	sapo_probe	standard	n/a	n/a	n/a	n/a	n/a
1901.342	0	950671	standard_tone	sapo_probe	standard	n/a	n/a	n/a	n/a	n/a
1902.358	0	951179	distractor_noise	sapo_probe	distractor	n/a	n/a	n/a	n/a	n/a
1903.374	0	951687	standard_tone	sapo_probe	standard	n/a	n/a	n/a	n/a	n/a
1904.372	0	952186	standard_tone	sapo_probe	standard	n/a	n/a	n/a	n/a	n/a
1905.388	0	952694	distractor_noise	sapo_probe	distractor	n/a	n/a	n/a	n/a	n/a
1906.404	0	953202	standard_tone	sapo_probe	standard	n/a	n/a	n/a	n/a	n/a
1907.420	0	953710	standard_tone	sapo_probe	standard	n/a	n/a	n/a	n/a	n/a
1908.436	0	954218	distractor_noise	sapo_probe	distractor	n/a	n/a	n/a	n/a	n/a
1909.436	0	954718	oddball_tone	sapo_probe	oddball	n/a	n/a	n/a	n/a	n/a
1910.450	0	955225	standard_tone	sapo_probe	standard	n/a	n/a	n/a	n/a	n/a
1911.450	0	955725	standard_tone	sapo_probe	standard	n/a	n/a	n/a	n/a	n/a
1912.466	0	956233	standard_tone	sapo_probe	standard	n/a	n/a	n/a	n/a	n/a
1913.482	0	956741	standard_tone	sapo_probe	standard	n/a	n/a	n/a	n/a	n/a
1914.498	0	957249	distractor_noise	sapo_probe	distractor	n/a	n/a	n/a	n/a	n/a
1915.514	0	957757	standard_tone	sapo_probe	standard	n/a	n/a	n/a	n/a	n/a
1916.530	0	958265	standard_tone	sapo_probe	standard	n/a	n/a	n/a	n/a	n/a
1917.544	0	958772	standard_tone	sapo_probe	standard	n/a	n/a	n/a	n/a	n/a
1918.544	0	959272	standard_tone	sapo_probe	standard	n/a	n/a	n/a	n/a	n/a
1919.560	0	959780	standard_tone	sapo_probe	standard	n/a	n/a	n/a	n/a	n/a
1920.576	0	960288	standard_tone	sapo_probe	standard	n/a	n/a	n/a	n/a	n/a
1921.592	0	960796	distractor_noise	sapo_probe	distractor	n/a	n/a	n/a	n/a	n/a
1922.608	0	961304	standard_tone	sapo_probe	standard	n/a	n/a	n/a	n/a	n/a
1923.624	0	961812	standard_tone	sapo_probe	standard	n/a	n/a	n/a	n/a	n/a
1924.640	0	962320	standard_tone	sapo_probe	standard	n/a	n/a	n/a	n/a	n/a
1925.656	0	962828	standard_tone	sapo_probe	standard	n/a	n/a	n/a	n/a	n/a
1926.670	0	963335	standard_tone	sapo_probe	standard	n/a	n/a	n/a	n/a	n/a
1927.686	0	963843	standard_tone	sapo_probe	standard	n/a	n/a	n/a	n/a	n/a
1928.702	0	964351	distractor_noise	sapo_probe	distractor	n/a	n/a	n/a	n/a	n/a
1929.718	0	964859	standard_tone	sapo_probe	standard	n/a	n/a	n/a	n/a	n/a
1930.734	0	965367	standard_tone	sapo_probe	standard	n/a	n/a	n/a	n/a	n/a
1931.750	0	965875	distractor_noise	sapo_probe	distractor	n/a	n/a	n/a	n/a	n/a
1932.766	0	966383	standard_tone	sapo_probe	standard	n/a	n/a	n/a	n/a	n/a
1933.782	0	966891	standard_tone	sapo_probe	standard	n/a	n/a	n/a	n/a	n/a
1934.798	0	967399	standard_tone	sapo_probe	standard	n/a	n/a	n/a	n/a	n/a
1935.814	0	967907	standard_tone	sapo_probe	standard	n/a	n/a	n/a	n/a	n/a
1936.830	0	968415	standard_tone	sapo_probe	standard	n/a	n/a	n/a	n/a	n/a
1937.846	0	968923	standard_tone	sapo_probe	standard	n/a	n/a	n/a	n/a	n/a
1938.860	0	969430	standard_tone	sapo_probe	standard	n/a	n/a	n/a	n/a	n/a
1939.876	0	969938	standard_tone	sapo_probe	standard	n/a	n/a	n/a	n/a	n/a
1940.892	0	970446	oddball_tone	sapo_probe	oddball	n/a	n/a	n/a	n/a	n/a
1941.908	0	970954	standard_tone	sapo_probe	standard	n/a	n/a	n/a	n/a	n/a
1942.924	0	971462	standard_tone	sapo_probe	standard	n/a	n/a	n/a	n/a	n/a
1943.940	0	971970	distractor_noise	sapo_probe	distractor	n/a	n/a	n/a	n/a	n/a
1944.938	0	972469	standard_tone	sapo_probe	standard	n/a	n/a	n/a	n/a	n/a
1945.954	0	972977	oddball_tone	sapo_probe	oddball	n/a	n/a	n/a	n/a	n/a
1946.970	0	973485	standard_tone	sapo_probe	standard	n/a	n/a	n/a	n/a	n/a
1947.986	0	973993	standard_tone	sapo_probe	standard	n/a	n/a	n/a	n/a	n/a
1949.002	0	974501	standard_tone	sapo_probe	standard	n/a	n/a	n/a	n/a	n/a
1950.018	0	975009	standard_tone	sapo_probe	standard	n/a	n/a	n/a	n/a	n/a
1951.034	0	975517	standard_tone	sapo_probe	standard	n/a	n/a	n/a	n/a	n/a
1952.050	0	976025	standard_tone	sapo_probe	standard	n/a	n/a	n/a	n/a	n/a
1953.066	0	976533	distractor_noise	sapo_probe	distractor	n/a	n/a	n/a	n/a	n/a
1954.082	0	977041	oddball_tone	sapo_probe	oddball	n/a	n/a	n/a	n/a	n/a
1955.098	0	977549	standard_tone	sapo_probe	standard	n/a	n/a	n/a	n/a	n/a
1956.096	0	978048	standard_tone	sapo_probe	standard	n/a	n/a	n/a	n/a	n/a
1957.112	0	978556	standard_tone	sapo_probe	standard	n/a	n/a	n/a	n/a	n/a
1958.128	0	979064	standard_tone	sapo_probe	standard	n/a	n/a	n/a	n/a	n/a
1959.128	0	979564	standard_tone	sapo_probe	standard	n/a	n/a	n/a	n/a	n/a
1960.144	0	980072	oddball_tone	sapo_probe	oddball	n/a	n/a	n/a	n/a	n/a
1961.158	0	980579	standard_tone	sapo_probe	standard	n/a	n/a	n/a	n/a	n/a
1962.174	0	981087	oddball_tone	sapo_probe	oddball	n/a	n/a	n/a	n/a	n/a
1963.190	0	981595	standard_tone	sapo_probe	standard	n/a	n/a	n/a	n/a	n/a
1964.206	0	982103	standard_tone	sapo_probe	standard	n/a	n/a	n/a	n/a	n/a
1964.324	0	982162	silence_end	sapo_probe	silence-end	n/a	n/a	n/a	n/a	n/a
1964.324	0	982162	gong_begin	sapo_probe	gong-begin	n/a	n/a	n/a	n/a	n/a
1974.448	0	987224	gong_end	sapo_probe	gong-end	n/a	n/a	n/a	n/a	n/a
1974.450	0	987225	subblock_end	sapo_probe	subblock-end-duration-120.766	n/a	n/a	n/a	120.766	n/a
1974.450	0	987225	subblock_begin	sapo_probe	subblock-begin	n/a	n/a	n/a	n/a	n/a
1974.450	0	987225	silence_begin	sapo_probe	silence-begin	n/a	n/a	n/a	n/a	n/a
1974.450	0	987225	prompt_window_begin	sapo_probe	probe-sapo-probe-begin	n/a	n/a	n/a	n/a	n/a
1980.876	0	990438	clicker_press	sapo_probe	response-received-arrow_up	n/a	n/a	n/a	n/a	arrow_up
1981.278	0	990639	clicker_press	sapo_probe	response-received-arrow_up	n/a	n/a	n/a	n/a	arrow_up
1983.508	0	991754	depth_rating	sapo_probe	rating-sapo-probe-meditation_depth-2	2	n/a	n/a	n/a	n/a
1989.736	0	994868	clicker_press	sapo_probe	response-received-arrow_up	n/a	n/a	n/a	n/a	arrow_up
1990.134	0	995067	clicker_press	sapo_probe	response-received-arrow_up	n/a	n/a	n/a	n/a	arrow_up
1990.602	0	995301	clicker_press	sapo_probe	response-received-arrow_up	n/a	n/a	n/a	n/a	arrow_up
1993.700	0	996850	confidence_rating	sapo_probe	rating-sapo-probe-confidence_depth-3	n/a	3	n/a	n/a	n/a
1997.146	0	998573	prompt_window_end	sapo_probe	probe-sapo-probe-end	n/a	n/a	n/a	n/a	n/a
1997.162	0	998581	standard_tone	sapo_probe	standard	n/a	n/a	n/a	n/a	n/a
1998.178	0	999089	standard_tone	sapo_probe	standard	n/a	n/a	n/a	n/a	n/a
1999.194	0	999597	standard_tone	sapo_probe	standard	n/a	n/a	n/a	n/a	n/a
2000.194	0	1000097	standard_tone	sapo_probe	standard	n/a	n/a	n/a	n/a	n/a
2001.210	0	1000605	standard_tone	sapo_probe	standard	n/a	n/a	n/a	n/a	n/a
2002.210	0	1001105	standard_tone	sapo_probe	standard	n/a	n/a	n/a	n/a	n/a
2003.224	0	1001612	standard_tone	sapo_probe	standard	n/a	n/a	n/a	n/a	n/a
2004.240	0	1002120	standard_tone	sapo_probe	standard	n/a	n/a	n/a	n/a	n/a
2005.256	0	1002628	standard_tone	sapo_probe	standard	n/a	n/a	n/a	n/a	n/a
2006.272	0	1003136	standard_tone	sapo_probe	standard	n/a	n/a	n/a	n/a	n/a
2007.288	0	1003644	oddball_tone	sapo_probe	oddball	n/a	n/a	n/a	n/a	n/a
2008.302	0	1004151	standard_tone	sapo_probe	standard	n/a	n/a	n/a	n/a	n/a
2009.302	0	1004651	standard_tone	sapo_probe	standard	n/a	n/a	n/a	n/a	n/a
2010.318	0	1005159	standard_tone	sapo_probe	standard	n/a	n/a	n/a	n/a	n/a
2011.334	0	1005667	standard_tone	sapo_probe	standard	n/a	n/a	n/a	n/a	n/a
2012.350	0	1006175	standard_tone	sapo_probe	standard	n/a	n/a	n/a	n/a	n/a
2013.366	0	1006683	standard_tone	sapo_probe	standard	n/a	n/a	n/a	n/a	n/a
2014.380	0	1007190	oddball_tone	sapo_probe	oddball	n/a	n/a	n/a	n/a	n/a
2015.382	0	1007691	standard_tone	sapo_probe	standard	n/a	n/a	n/a	n/a	n/a
2016.396	0	1008198	standard_tone	sapo_probe	standard	n/a	n/a	n/a	n/a	n/a
2017.412	0	1008706	standard_tone	sapo_probe	standard	n/a	n/a	n/a	n/a	n/a
2018.428	0	1009214	standard_tone	sapo_probe	standard	n/a	n/a	n/a	n/a	n/a
2019.444	0	1009722	standard_tone	sapo_probe	standard	n/a	n/a	n/a	n/a	n/a
2020.460	0	1010230	standard_tone	sapo_probe	standard	n/a	n/a	n/a	n/a	n/a
2021.474	0	1010737	standard_tone	sapo_probe	standard	n/a	n/a	n/a	n/a	n/a
2022.476	0	1011238	standard_tone	sapo_probe	standard	n/a	n/a	n/a	n/a	n/a
2023.490	0	1011745	standard_tone	sapo_probe	standard	n/a	n/a	n/a	n/a	n/a
2024.506	0	1012253	standard_tone	sapo_probe	standard	n/a	n/a	n/a	n/a	n/a
2025.522	0	1012761	standard_tone	sapo_probe	standard	n/a	n/a	n/a	n/a	n/a
2026.538	0	1013269	standard_tone	sapo_probe	standard	n/a	n/a	n/a	n/a	n/a
2027.554	0	1013777	standard_tone	sapo_probe	standard	n/a	n/a	n/a	n/a	n/a
2028.570	0	1014285	standard_tone	sapo_probe	standard	n/a	n/a	n/a	n/a	n/a
2029.586	0	1014793	standard_tone	sapo_probe	standard	n/a	n/a	n/a	n/a	n/a
2030.602	0	1015301	standard_tone	sapo_probe	standard	n/a	n/a	n/a	n/a	n/a
2031.618	0	1015809	oddball_tone	sapo_probe	oddball	n/a	n/a	n/a	n/a	n/a
2032.634	0	1016317	standard_tone	sapo_probe	standard	n/a	n/a	n/a	n/a	n/a
2033.650	0	1016825	standard_tone	sapo_probe	standard	n/a	n/a	n/a	n/a	n/a
2034.664	0	1017332	standard_tone	sapo_probe	standard	n/a	n/a	n/a	n/a	n/a
2035.680	0	1017840	oddball_tone	sapo_probe	oddball	n/a	n/a	n/a	n/a	n/a
2036.696	0	1018348	standard_tone	sapo_probe	standard	n/a	n/a	n/a	n/a	n/a
2037.712	0	1018856	standard_tone	sapo_probe	standard	n/a	n/a	n/a	n/a	n/a
2038.712	0	1019356	standard_tone	sapo_probe	standard	n/a	n/a	n/a	n/a	n/a
2039.728	0	1019864	standard_tone	sapo_probe	standard	n/a	n/a	n/a	n/a	n/a
2040.744	0	1020372	standard_tone	sapo_probe	standard	n/a	n/a	n/a	n/a	n/a
2041.758	0	1020879	standard_tone	sapo_probe	standard	n/a	n/a	n/a	n/a	n/a
2042.774	0	1021387	standard_tone	sapo_probe	standard	n/a	n/a	n/a	n/a	n/a
2043.790	0	1021895	standard_tone	sapo_probe	standard	n/a	n/a	n/a	n/a	n/a
2044.806	0	1022403	standard_tone	sapo_probe	standard	n/a	n/a	n/a	n/a	n/a
2045.806	0	1022903	standard_tone	sapo_probe	standard	n/a	n/a	n/a	n/a	n/a
2046.822	0	1023411	standard_tone	sapo_probe	standard	n/a	n/a	n/a	n/a	n/a
2047.838	0	1023919	standard_tone	sapo_probe	standard	n/a	n/a	n/a	n/a	n/a
2048.874	0	1024437	standard_tone	sapo_probe	standard	n/a	n/a	n/a	n/a	n/a
2049.886	0	1024943	distractor_noise	sapo_probe	distractor	n/a	n/a	n/a	n/a	n/a
2050.902	0	1025451	oddball_tone	sapo_probe	oddball	n/a	n/a	n/a	n/a	n/a
2051.916	0	1025958	standard_tone	sapo_probe	standard	n/a	n/a	n/a	n/a	n/a
2052.934	0	1026467	distractor_noise	sapo_probe	distractor	n/a	n/a	n/a	n/a	n/a
2053.948	0	1026974	standard_tone	sapo_probe	standard	n/a	n/a	n/a	n/a	n/a
2054.964	0	1027482	oddball_tone	sapo_probe	oddball	n/a	n/a	n/a	n/a	n/a
2055.980	0	1027990	standard_tone	sapo_probe	standard	n/a	n/a	n/a	n/a	n/a
2056.996	0	1028498	standard_tone	sapo_probe	standard	n/a	n/a	n/a	n/a	n/a
2058.012	0	1029006	standard_tone	sapo_probe	standard	n/a	n/a	n/a	n/a	n/a
2059.028	0	1029514	standard_tone	sapo_probe	standard	n/a	n/a	n/a	n/a	n/a
2060.044	0	1030022	oddball_tone	sapo_probe	oddball	n/a	n/a	n/a	n/a	n/a
2061.060	0	1030530	standard_tone	sapo_probe	standard	n/a	n/a	n/a	n/a	n/a
2062.076	0	1031038	standard_tone	sapo_probe	standard	n/a	n/a	n/a	n/a	n/a
2063.092	0	1031546	standard_tone	sapo_probe	standard	n/a	n/a	n/a	n/a	n/a
2064.108	0	1032054	standard_tone	sapo_probe	standard	n/a	n/a	n/a	n/a	n/a
2065.122	0	1032561	standard_tone	sapo_probe	standard	n/a	n/a	n/a	n/a	n/a
2066.138	0	1033069	standard_tone	sapo_probe	standard	n/a	n/a	n/a	n/a	n/a
2067.154	0	1033577	standard_tone	sapo_probe	standard	n/a	n/a	n/a	n/a	n/a
2068.170	0	1034085	standard_tone	sapo_probe	standard	n/a	n/a	n/a	n/a	n/a
2069.186	0	1034593	standard_tone	sapo_probe	standard	n/a	n/a	n/a	n/a	n/a
2070.202	0	1035101	standard_tone	sapo_probe	standard	n/a	n/a	n/a	n/a	n/a
2071.218	0	1035609	standard_tone	sapo_probe	standard	n/a	n/a	n/a	n/a	n/a
2072.234	0	1036117	standard_tone	sapo_probe	standard	n/a	n/a	n/a	n/a	n/a
2073.250	0	1036625	standard_tone	sapo_probe	standard	n/a	n/a	n/a	n/a	n/a
2074.266	0	1037133	standard_tone	sapo_probe	standard	n/a	n/a	n/a	n/a	n/a
2075.282	0	1037641	standard_tone	sapo_probe	standard	n/a	n/a	n/a	n/a	n/a
2076.296	0	1038148	standard_tone	sapo_probe	standard	n/a	n/a	n/a	n/a	n/a
2077.312	0	1038656	standard_tone	sapo_probe	standard	n/a	n/a	n/a	n/a	n/a
2078.328	0	1039164	standard_tone	sapo_probe	standard	n/a	n/a	n/a	n/a	n/a
2079.328	0	1039664	standard_tone	sapo_probe	standard	n/a	n/a	n/a	n/a	n/a
2080.342	0	1040171	standard_tone	sapo_probe	standard	n/a	n/a	n/a	n/a	n/a
2081.360	0	1040680	distractor_noise	sapo_probe	distractor	n/a	n/a	n/a	n/a	n/a
2082.376	0	1041188	standard_tone	sapo_probe	standard	n/a	n/a	n/a	n/a	n/a
2083.392	0	1041696	standard_tone	sapo_probe	standard	n/a	n/a	n/a	n/a	n/a
2084.406	0	1042203	standard_tone	sapo_probe	standard	n/a	n/a	n/a	n/a	n/a
2085.422	0	1042711	standard_tone	sapo_probe	standard	n/a	n/a	n/a	n/a	n/a
2086.438	0	1043219	standard_tone	sapo_probe	standard	n/a	n/a	n/a	n/a	n/a
2087.454	0	1043727	standard_tone	sapo_probe	standard	n/a	n/a	n/a	n/a	n/a
2088.470	0	1044235	distractor_noise	sapo_probe	distractor	n/a	n/a	n/a	n/a	n/a
2089.486	0	1044743	standard_tone	sapo_probe	standard	n/a	n/a	n/a	n/a	n/a
2090.486	0	1045243	standard_tone	sapo_probe	standard	n/a	n/a	n/a	n/a	n/a
2091.502	0	1045751	standard_tone	sapo_probe	standard	n/a	n/a	n/a	n/a	n/a
2092.518	0	1046259	standard_tone	sapo_probe	standard	n/a	n/a	n/a	n/a	n/a
2093.518	0	1046759	standard_tone	sapo_probe	standard	n/a	n/a	n/a	n/a	n/a
2094.532	0	1047266	standard_tone	sapo_probe	standard	n/a	n/a	n/a	n/a	n/a
2095.548	0	1047774	standard_tone	sapo_probe	standard	n/a	n/a	n/a	n/a	n/a
2096.564	0	1048282	standard_tone	sapo_probe	standard	n/a	n/a	n/a	n/a	n/a
2097.580	0	1048790	standard_tone	sapo_probe	standard	n/a	n/a	n/a	n/a	n/a
2098.596	0	1049298	standard_tone	sapo_probe	standard	n/a	n/a	n/a	n/a	n/a
2099.596	0	1049798	standard_tone	sapo_probe	standard	n/a	n/a	n/a	n/a	n/a
2100.610	0	1050305	standard_tone	sapo_probe	standard	n/a	n/a	n/a	n/a	n/a
2101.626	0	1050813	standard_tone	sapo_probe	standard	n/a	n/a	n/a	n/a	n/a
2102.642	0	1051321	standard_tone	sapo_probe	standard	n/a	n/a	n/a	n/a	n/a
2103.658	0	1051829	standard_tone	sapo_probe	standard	n/a	n/a	n/a	n/a	n/a
2104.674	0	1052337	distractor_noise	sapo_probe	distractor	n/a	n/a	n/a	n/a	n/a
2105.690	0	1052845	standard_tone	sapo_probe	standard	n/a	n/a	n/a	n/a	n/a
2106.706	0	1053353	standard_tone	sapo_probe	standard	n/a	n/a	n/a	n/a	n/a
2107.722	0	1053861	standard_tone	sapo_probe	standard	n/a	n/a	n/a	n/a	n/a
2108.736	0	1054368	oddball_tone	sapo_probe	oddball	n/a	n/a	n/a	n/a	n/a
2109.752	0	1054876	standard_tone	sapo_probe	standard	n/a	n/a	n/a	n/a	n/a
2110.768	0	1055384	standard_tone	sapo_probe	standard	n/a	n/a	n/a	n/a	n/a
2111.784	0	1055892	standard_tone	sapo_probe	standard	n/a	n/a	n/a	n/a	n/a
2112.084	0	1056042	silence_end	sapo_probe	silence-end	n/a	n/a	n/a	n/a	n/a
2112.086	0	1056043	subblock_end	sapo_probe	subblock-end-duration-137.635	n/a	n/a	n/a	137.635	n/a
2112.086	0	1056043	subblock_begin	sapo_probe	subblock-begin	n/a	n/a	n/a	n/a	n/a
2112.086	0	1056043	silence_begin	sapo_probe	silence-begin	n/a	n/a	n/a	n/a	n/a
2112.800	0	1056400	standard_tone	sapo_probe	standard	n/a	n/a	n/a	n/a	n/a
2113.816	0	1056908	standard_tone	sapo_probe	standard	n/a	n/a	n/a	n/a	n/a
2114.832	0	1057416	oddball_tone	sapo_probe	oddball	n/a	n/a	n/a	n/a	n/a
2115.848	0	1057924	standard_tone	sapo_probe	standard	n/a	n/a	n/a	n/a	n/a
2116.864	0	1058432	standard_tone	sapo_probe	standard	n/a	n/a	n/a	n/a	n/a
2117.880	0	1058940	standard_tone	sapo_probe	standard	n/a	n/a	n/a	n/a	n/a
2118.894	0	1059447	oddball_tone	sapo_probe	oddball	n/a	n/a	n/a	n/a	n/a
2119.910	0	1059955	standard_tone	sapo_probe	standard	n/a	n/a	n/a	n/a	n/a
2120.926	0	1060463	oddball_tone	sapo_probe	oddball	n/a	n/a	n/a	n/a	n/a
2121.942	0	1060971	standard_tone	sapo_probe	standard	n/a	n/a	n/a	n/a	n/a
2122.958	0	1061479	standard_tone	sapo_probe	standard	n/a	n/a	n/a	n/a	n/a
2123.974	0	1061987	oddball_tone	sapo_probe	oddball	n/a	n/a	n/a	n/a	n/a
2124.990	0	1062495	standard_tone	sapo_probe	standard	n/a	n/a	n/a	n/a	n/a
2126.006	0	1063003	standard_tone	sapo_probe	standard	n/a	n/a	n/a	n/a	n/a
2127.022	0	1063511	standard_tone	sapo_probe	standard	n/a	n/a	n/a	n/a	n/a
2128.038	0	1064019	standard_tone	sapo_probe	standard	n/a	n/a	n/a	n/a	n/a
2129.054	0	1064527	standard_tone	sapo_probe	standard	n/a	n/a	n/a	n/a	n/a
2130.068	0	1065034	standard_tone	sapo_probe	standard	n/a	n/a	n/a	n/a	n/a
2131.084	0	1065542	standard_tone	sapo_probe	standard	n/a	n/a	n/a	n/a	n/a
2132.100	0	1066050	oddball_tone	sapo_probe	oddball	n/a	n/a	n/a	n/a	n/a
2133.116	0	1066558	standard_tone	sapo_probe	standard	n/a	n/a	n/a	n/a	n/a
2134.116	0	1067058	standard_tone	sapo_probe	standard	n/a	n/a	n/a	n/a	n/a
2135.132	0	1067566	standard_tone	sapo_probe	standard	n/a	n/a	n/a	n/a	n/a
2136.148	0	1068074	standard_tone	sapo_probe	standard	n/a	n/a	n/a	n/a	n/a
2137.164	0	1068582	standard_tone	sapo_probe	standard	n/a	n/a	n/a	n/a	n/a
2138.180	0	1069090	standard_tone	sapo_probe	standard	n/a	n/a	n/a	n/a	n/a
2139.180	0	1069590	standard_tone	sapo_probe	standard	n/a	n/a	n/a	n/a	n/a
2140.194	0	1070097	standard_tone	sapo_probe	standard	n/a	n/a	n/a	n/a	n/a
2141.210	0	1070605	distractor_noise	sapo_probe	distractor	n/a	n/a	n/a	n/a	n/a
2142.226	0	1071113	standard_tone	sapo_probe	standard	n/a	n/a	n/a	n/a	n/a
2143.242	0	1071621	distractor_noise	sapo_probe	distractor	n/a	n/a	n/a	n/a	n/a
2144.258	0	1072129	standard_tone	sapo_probe	standard	n/a	n/a	n/a	n/a	n/a
2145.274	0	1072637	distractor_noise	sapo_probe	distractor	n/a	n/a	n/a	n/a	n/a
2146.290	0	1073145	standard_tone	sapo_probe	standard	n/a	n/a	n/a	n/a	n/a
2147.304	0	1073652	standard_tone	sapo_probe	standard	n/a	n/a	n/a	n/a	n/a
2148.320	0	1074160	standard_tone	sapo_probe	standard	n/a	n/a	n/a	n/a	n/a
2149.334	0	1074667	standard_tone	sapo_probe	standard	n/a	n/a	n/a	n/a	n/a
2150.336	0	1075168	standard_tone	sapo_probe	standard	n/a	n/a	n/a	n/a	n/a
2151.352	0	1075676	standard_tone	sapo_probe	standard	n/a	n/a	n/a	n/a	n/a
2152.368	0	1076184	standard_tone	sapo_probe	standard	n/a	n/a	n/a	n/a	n/a
2153.382	0	1076691	standard_tone	sapo_probe	standard	n/a	n/a	n/a	n/a	n/a
2154.398	0	1077199	distractor_noise	sapo_probe	distractor	n/a	n/a	n/a	n/a	n/a
2155.414	0	1077707	standard_tone	sapo_probe	standard	n/a	n/a	n/a	n/a	n/a
2156.430	0	1078215	distractor_noise	sapo_probe	distractor	n/a	n/a	n/a	n/a	n/a
2157.446	0	1078723	standard_tone	sapo_probe	standard	n/a	n/a	n/a	n/a	n/a
2158.448	0	1079224	distractor_noise	sapo_probe	distractor	n/a	n/a	n/a	n/a	n/a
2159.462	0	1079731	standard_tone	sapo_probe	standard	n/a	n/a	n/a	n/a	n/a
2160.478	0	1080239	standard_tone	sapo_probe	standard	n/a	n/a	n/a	n/a	n/a
2161.492	0	1080746	standard_tone	sapo_probe	standard	n/a	n/a	n/a	n/a	n/a
2162.510	0	1081255	oddball_tone	sapo_probe	oddball	n/a	n/a	n/a	n/a	n/a
2163.526	0	1081763	standard_tone	sapo_probe	standard	n/a	n/a	n/a	n/a	n/a
2164.540	0	1082270	standard_tone	sapo_probe	standard	n/a	n/a	n/a	n/a	n/a
2165.540	0	1082770	standard_tone	sapo_probe	standard	n/a	n/a	n/a	n/a	n/a
2166.556	0	1083278	standard_tone	sapo_probe	standard	n/a	n/a	n/a	n/a	n/a
2167.572	0	1083786	standard_tone	sapo_probe	standard	n/a	n/a	n/a	n/a	n/a
2168.588	0	1084294	oddball_tone	sapo_probe	oddball	n/a	n/a	n/a	n/a	n/a
2169.604	0	1084802	standard_tone	sapo_probe	standard	n/a	n/a	n/a	n/a	n/a
2170.620	0	1085310	standard_tone	sapo_probe	standard	n/a	n/a	n/a	n/a	n/a
2171.634	0	1085817	distractor_noise	sapo_probe	distractor	n/a	n/a	n/a	n/a	n/a
2172.650	0	1086325	oddball_tone	sapo_probe	oddball	n/a	n/a	n/a	n/a	n/a
2173.666	0	1086833	distractor_noise	sapo_probe	distractor	n/a	n/a	n/a	n/a	n/a
2174.682	0	1087341	standard_tone	sapo_probe	standard	n/a	n/a	n/a	n/a	n/a
2175.698	0	1087849	standard_tone	sapo_probe	standard	n/a	n/a	n/a	n/a	n/a
2176.714	0	1088357	standard_tone	sapo_probe	standard	n/a	n/a	n/a	n/a	n/a
2177.730	0	1088865	standard_tone	sapo_probe	standard	n/a	n/a	n/a	n/a	n/a
2178.746	0	1089373	standard_tone	sapo_probe	standard	n/a	n/a	n/a	n/a	n/a
2179.760	0	1089880	distractor_noise	sapo_probe	distractor	n/a	n/a	n/a	n/a	n/a
2180.778	0	1090389	standard_tone	sapo_probe	standard	n/a	n/a	n/a	n/a	n/a
2181.792	0	1090896	standard_tone	sapo_probe	standard	n/a	n/a	n/a	n/a	n/a
2182.808	0	1091404	standard_tone	sapo_probe	standard	n/a	n/a	n/a	n/a	n/a
2183.824	0	1091912	standard_tone	sapo_probe	standard	n/a	n/a	n/a	n/a	n/a
2184.840	0	1092420	distractor_noise	sapo_probe	distractor	n/a	n/a	n/a	n/a	n/a
2185.840	0	1092920	standard_tone	sapo_probe	standard	n/a	n/a	n/a	n/a	n/a
2186.856	0	1093428	standard_tone	sapo_probe	standard	n/a	n/a	n/a	n/a	n/a
2187.872	0	1093936	standard_tone	sapo_probe	standard	n/a	n/a	n/a	n/a	n/a
2188.888	0	1094444	standard_tone	sapo_probe	standard	n/a	n/a	n/a	n/a	n/a
2189.902	0	1094951	oddball_tone	sapo_probe	oddball	n/a	n/a	n/a	n/a	n/a
2190.918	0	1095459	standard_tone	sapo_probe	standard	n/a	n/a	n/a	n/a	n/a
2191.934	0	1095967	standard_tone	sapo_probe	standard	n/a	n/a	n/a	n/a	n/a
2192.934	0	1096467	standard_tone	sapo_probe	standard	n/a	n/a	n/a	n/a	n/a
2193.950	0	1096975	standard_tone	sapo_probe	standard	n/a	n/a	n/a	n/a	n/a
2194.966	0	1097483	standard_tone	sapo_probe	standard	n/a	n/a	n/a	n/a	n/a
2195.982	0	1097991	standard_tone	sapo_probe	standard	n/a	n/a	n/a	n/a	n/a
2196.998	0	1098499	standard_tone	sapo_probe	standard	n/a	n/a	n/a	n/a	n/a
2198.012	0	1099006	standard_tone	sapo_probe	standard	n/a	n/a	n/a	n/a	n/a
2199.028	0	1099514	standard_tone	sapo_probe	standard	n/a	n/a	n/a	n/a	n/a
2200.044	0	1100022	standard_tone	sapo_probe	standard	n/a	n/a	n/a	n/a	n/a
2201.060	0	1100530	standard_tone	sapo_probe	standard	n/a	n/a	n/a	n/a	n/a
2202.076	0	1101038	standard_tone	sapo_probe	standard	n/a	n/a	n/a	n/a	n/a
2203.092	0	1101546	distractor_noise	sapo_probe	distractor	n/a	n/a	n/a	n/a	n/a
2204.108	0	1102054	standard_tone	sapo_probe	standard	n/a	n/a	n/a	n/a	n/a
2205.124	0	1102562	standard_tone	sapo_probe	standard	n/a	n/a	n/a	n/a	n/a
2206.140	0	1103070	standard_tone	sapo_probe	standard	n/a	n/a	n/a	n/a	n/a
2207.156	0	1103578	standard_tone	sapo_probe	standard	n/a	n/a	n/a	n/a	n/a
2208.172	0	1104086	standard_tone	sapo_probe	standard	n/a	n/a	n/a	n/a	n/a
2209.188	0	1104594	standard_tone	sapo_probe	standard	n/a	n/a	n/a	n/a	n/a
2210.204	0	1105102	standard_tone	sapo_probe	standard	n/a	n/a	n/a	n/a	n/a
2211.218	0	1105609	standard_tone	sapo_probe	standard	n/a	n/a	n/a	n/a	n/a
2212.234	0	1106117	distractor_noise	sapo_probe	distractor	n/a	n/a	n/a	n/a	n/a
2213.250	0	1106625	standard_tone	sapo_probe	standard	n/a	n/a	n/a	n/a	n/a
2214.266	0	1107133	standard_tone	sapo_probe	standard	n/a	n/a	n/a	n/a	n/a
2215.282	0	1107641	oddball_tone	sapo_probe	oddball	n/a	n/a	n/a	n/a	n/a
2216.332	0	1108166	silence_end	sapo_probe	silence-end	n/a	n/a	n/a	n/a	n/a
2216.332	0	1108166	subblock_end	sapo_probe	subblock-end-duration-104.246	n/a	n/a	n/a	104.246	n/a
2216.332	0	1108166	subblock_begin	sapo_probe	subblock-begin	n/a	n/a	n/a	n/a	n/a
2216.334	0	1108167	silence_begin	sapo_probe	silence-begin	n/a	n/a	n/a	n/a	n/a
2216.348	0	1108174	standard_tone	sapo_probe	standard	n/a	n/a	n/a	n/a	n/a
2217.364	0	1108682	oddball_tone	sapo_probe	oddball	n/a	n/a	n/a	n/a	n/a
2218.380	0	1109190	standard_tone	sapo_probe	standard	n/a	n/a	n/a	n/a	n/a
2219.396	0	1109698	standard_tone	sapo_probe	standard	n/a	n/a	n/a	n/a	n/a
2220.412	0	1110206	standard_tone	sapo_probe	standard	n/a	n/a	n/a	n/a	n/a
2221.428	0	1110714	standard_tone	sapo_probe	standard	n/a	n/a	n/a	n/a	n/a
2222.160	0	1111080	prompt_window_begin	sapo_probe	probe-sapo-probe-begin	n/a	n/a	n/a	n/a	n/a
2228.804	0	1114402	clicker_press	sapo_probe	response-received-arrow_up	n/a	n/a	n/a	n/a	arrow_up
2229.154	0	1114577	clicker_press	sapo_probe	response-received-arrow_up	n/a	n/a	n/a	n/a	arrow_up
2231.236	0	1115618	depth_rating	sapo_probe	rating-sapo-probe-meditation_depth-2	2	n/a	n/a	n/a	n/a
2237.380	0	1118690	clicker_press	sapo_probe	response-received-arrow_up	n/a	n/a	n/a	n/a	arrow_up
2237.780	0	1118890	clicker_press	sapo_probe	response-received-arrow_up	n/a	n/a	n/a	n/a	arrow_up
2238.164	0	1119082	clicker_press	sapo_probe	response-received-arrow_up	n/a	n/a	n/a	n/a	arrow_up
2241.278	0	1120639	confidence_rating	sapo_probe	rating-sapo-probe-confidence_depth-3	n/a	3	n/a	n/a	n/a
2244.924	0	1122462	prompt_window_end	sapo_probe	probe-sapo-probe-end	n/a	n/a	n/a	n/a	n/a
2244.926	0	1122463	standard_tone	sapo_probe	standard	n/a	n/a	n/a	n/a	n/a
2245.940	0	1122970	standard_tone	sapo_probe	standard	n/a	n/a	n/a	n/a	n/a
2246.956	0	1123478	standard_tone	sapo_probe	standard	n/a	n/a	n/a	n/a	n/a
2247.954	0	1123977	standard_tone	sapo_probe	standard	n/a	n/a	n/a	n/a	n/a
2248.970	0	1124485	standard_tone	sapo_probe	standard	n/a	n/a	n/a	n/a	n/a
2249.986	0	1124993	standard_tone	sapo_probe	standard	n/a	n/a	n/a	n/a	n/a
2251.002	0	1125501	standard_tone	sapo_probe	standard	n/a	n/a	n/a	n/a	n/a
2252.018	0	1126009	standard_tone	sapo_probe	standard	n/a	n/a	n/a	n/a	n/a
2253.034	0	1126517	oddball_tone	sapo_probe	oddball	n/a	n/a	n/a	n/a	n/a
2254.050	0	1127025	standard_tone	sapo_probe	standard	n/a	n/a	n/a	n/a	n/a
2255.066	0	1127533	standard_tone	sapo_probe	standard	n/a	n/a	n/a	n/a	n/a
2256.082	0	1128041	standard_tone	sapo_probe	standard	n/a	n/a	n/a	n/a	n/a
2257.098	0	1128549	standard_tone	sapo_probe	standard	n/a	n/a	n/a	n/a	n/a
2258.114	0	1129057	standard_tone	sapo_probe	standard	n/a	n/a	n/a	n/a	n/a
2259.130	0	1129565	standard_tone	sapo_probe	standard	n/a	n/a	n/a	n/a	n/a
2260.146	0	1130073	oddball_tone	sapo_probe	oddball	n/a	n/a	n/a	n/a	n/a
2261.160	0	1130580	standard_tone	sapo_probe	standard	n/a	n/a	n/a	n/a	n/a
2262.160	0	1131080	standard_tone	sapo_probe	standard	n/a	n/a	n/a	n/a	n/a
2263.176	0	1131588	standard_tone	sapo_probe	standard	n/a	n/a	n/a	n/a	n/a
2264.192	0	1132096	standard_tone	sapo_probe	standard	n/a	n/a	n/a	n/a	n/a
2265.208	0	1132604	standard_tone	sapo_probe	standard	n/a	n/a	n/a	n/a	n/a
2266.224	0	1133112	standard_tone	sapo_probe	standard	n/a	n/a	n/a	n/a	n/a
2267.222	0	1133611	oddball_tone	sapo_probe	oddball	n/a	n/a	n/a	n/a	n/a
2268.238	0	1134119	standard_tone	sapo_probe	standard	n/a	n/a	n/a	n/a	n/a
2269.254	0	1134627	oddball_tone	sapo_probe	oddball	n/a	n/a	n/a	n/a	n/a
2270.270	0	1135135	standard_tone	sapo_probe	standard	n/a	n/a	n/a	n/a	n/a
2271.286	0	1135643	standard_tone	sapo_probe	standard	n/a	n/a	n/a	n/a	n/a
2272.302	0	1136151	distractor_noise	sapo_probe	distractor	n/a	n/a	n/a	n/a	n/a
2273.318	0	1136659	standard_tone	sapo_probe	standard	n/a	n/a	n/a	n/a	n/a
2274.332	0	1137166	distractor_noise	sapo_probe	distractor	n/a	n/a	n/a	n/a	n/a
2275.348	0	1137674	standard_tone	sapo_probe	standard	n/a	n/a	n/a	n/a	n/a
2276.366	0	1138183	standard_tone	sapo_probe	standard	n/a	n/a	n/a	n/a	n/a
2277.380	0	1138690	standard_tone	sapo_probe	standard	n/a	n/a	n/a	n/a	n/a
2278.396	0	1139198	standard_tone	sapo_probe	standard	n/a	n/a	n/a	n/a	n/a
2279.396	0	1139698	standard_tone	sapo_probe	standard	n/a	n/a	n/a	n/a	n/a
2280.412	0	1140206	standard_tone	sapo_probe	standard	n/a	n/a	n/a	n/a	n/a
2281.428	0	1140714	standard_tone	sapo_probe	standard	n/a	n/a	n/a	n/a	n/a
2282.444	0	1141222	standard_tone	sapo_probe	standard	n/a	n/a	n/a	n/a	n/a
2283.458	0	1141729	standard_tone	sapo_probe	standard	n/a	n/a	n/a	n/a	n/a
2284.474	0	1142237	standard_tone	sapo_probe	standard	n/a	n/a	n/a	n/a	n/a
2285.490	0	1142745	standard_tone	sapo_probe	standard	n/a	n/a	n/a	n/a	n/a
2286.506	0	1143253	oddball_tone	sapo_probe	oddball	n/a	n/a	n/a	n/a	n/a
2287.522	0	1143761	standard_tone	sapo_probe	standard	n/a	n/a	n/a	n/a	n/a
2288.538	0	1144269	standard_tone	sapo_probe	standard	n/a	n/a	n/a	n/a	n/a
2289.554	0	1144777	standard_tone	sapo_probe	standard	n/a	n/a	n/a	n/a	n/a
2290.570	0	1145285	standard_tone	sapo_probe	standard	n/a	n/a	n/a	n/a	n/a
2291.586	0	1145793	standard_tone	sapo_probe	standard	n/a	n/a	n/a	n/a	n/a
2292.602	0	1146301	standard_tone	sapo_probe	standard	n/a	n/a	n/a	n/a	n/a
2293.616	0	1146808	standard_tone	sapo_probe	standard	n/a	n/a	n/a	n/a	n/a
2294.632	0	1147316	standard_tone	sapo_probe	standard	n/a	n/a	n/a	n/a	n/a
2295.648	0	1147824	standard_tone	sapo_probe	standard	n/a	n/a	n/a	n/a	n/a
2296.664	0	1148332	standard_tone	sapo_probe	standard	n/a	n/a	n/a	n/a	n/a
2297.680	0	1148840	standard_tone	sapo_probe	standard	n/a	n/a	n/a	n/a	n/a
2298.696	0	1149348	standard_tone	sapo_probe	standard	n/a	n/a	n/a	n/a	n/a
2299.712	0	1149856	standard_tone	sapo_probe	standard	n/a	n/a	n/a	n/a	n/a
2300.712	0	1150356	standard_tone	sapo_probe	standard	n/a	n/a	n/a	n/a	n/a
2301.728	0	1150864	standard_tone	sapo_probe	standard	n/a	n/a	n/a	n/a	n/a
2302.742	0	1151371	oddball_tone	sapo_probe	oddball	n/a	n/a	n/a	n/a	n/a
2303.758	0	1151879	standard_tone	sapo_probe	standard	n/a	n/a	n/a	n/a	n/a
2304.774	0	1152387	distractor_noise	sapo_probe	distractor	n/a	n/a	n/a	n/a	n/a
2305.790	0	1152895	standard_tone	sapo_probe	standard	n/a	n/a	n/a	n/a	n/a
2306.806	0	1153403	standard_tone	sapo_probe	standard	n/a	n/a	n/a	n/a	n/a
2307.822	0	1153911	standard_tone	sapo_probe	standard	n/a	n/a	n/a	n/a	n/a
2308.838	0	1154419	standard_tone	sapo_probe	standard	n/a	n/a	n/a	n/a	n/a
2309.854	0	1154927	standard_tone	sapo_probe	standard	n/a	n/a	n/a	n/a	n/a
2310.870	0	1155435	distractor_noise	sapo_probe	distractor	n/a	n/a	n/a	n/a	n/a
2311.886	0	1155943	standard_tone	sapo_probe	standard	n/a	n/a	n/a	n/a	n/a
2312.902	0	1156451	standard_tone	sapo_probe	standard	n/a	n/a	n/a	n/a	n/a
2313.916	0	1156958	distractor_noise	sapo_probe	distractor	n/a	n/a	n/a	n/a	n/a
2314.932	0	1157466	standard_tone	sapo_probe	standard	n/a	n/a	n/a	n/a	n/a
2315.948	0	1157974	standard_tone	sapo_probe	standard	n/a	n/a	n/a	n/a	n/a
2316.964	0	1158482	distractor_noise	sapo_probe	distractor	n/a	n/a	n/a	n/a	n/a
2317.980	0	1158990	standard_tone	sapo_probe	standard	n/a	n/a	n/a	n/a	n/a
2318.996	0	1159498	standard_tone	sapo_probe	standard	n/a	n/a	n/a	n/a	n/a
2320.012	0	1160006	distractor_noise	sapo_probe	distractor	n/a	n/a	n/a	n/a	n/a
2321.012	0	1160506	standard_tone	sapo_probe	standard	n/a	n/a	n/a	n/a	n/a
2322.028	0	1161014	distractor_noise	sapo_probe	distractor	n/a	n/a	n/a	n/a	n/a
2323.044	0	1161522	oddball_tone	sapo_probe	oddball	n/a	n/a	n/a	n/a	n/a
2324.058	0	1162029	standard_tone	sapo_probe	standard	n/a	n/a	n/a	n/a	n/a
2325.074	0	1162537	oddball_tone	sapo_probe	oddball	n/a	n/a	n/a	n/a	n/a
2326.090	0	1163045	standard_tone	sapo_probe	standard	n/a	n/a	n/a	n/a	n/a
2327.106	0	1163553	standard_tone	sapo_probe	standard	n/a	n/a	n/a	n/a	n/a
2328.122	0	1164061	standard_tone	sapo_probe	standard	n/a	n/a	n/a	n/a	n/a
2329.138	0	1164569	standard_tone	sapo_probe	standard	n/a	n/a	n/a	n/a	n/a
2330.166	0	1165083	standard_tone	sapo_probe	standard	n/a	n/a	n/a	n/a	n/a
2331.170	0	1165585	standard_tone	sapo_probe	standard	n/a	n/a	n/a	n/a	n/a
2332.186	0	1166093	distractor_noise	sapo_probe	distractor	n/a	n/a	n/a	n/a	n/a
2333.184	0	1166592	standard_tone	sapo_probe	standard	n/a	n/a	n/a	n/a	n/a
2334.200	0	1167100	standard_tone	sapo_probe	standard	n/a	n/a	n/a	n/a	n/a
2335.200	0	1167600	standard_tone	sapo_probe	standard	n/a	n/a	n/a	n/a	n/a
2336.216	0	1168108	standard_tone	sapo_probe	standard	n/a	n/a	n/a	n/a	n/a
2337.232	0	1168616	standard_tone	sapo_probe	standard	n/a	n/a	n/a	n/a	n/a
2338.230	0	1169115	standard_tone	sapo_probe	standard	n/a	n/a	n/a	n/a	n/a
2339.246	0	1169623	standard_tone	sapo_probe	standard	n/a	n/a	n/a	n/a	n/a
2340.262	0	1170131	standard_tone	sapo_probe	standard	n/a	n/a	n/a	n/a	n/a
2341.260	0	1170630	standard_tone	sapo_probe	standard	n/a	n/a	n/a	n/a	n/a
2342.276	0	1171138	oddball_tone	sapo_probe	oddball	n/a	n/a	n/a	n/a	n/a
2343.276	0	1171638	standard_tone	sapo_probe	standard	n/a	n/a	n/a	n/a	n/a
2344.292	0	1172146	standard_tone	sapo_probe	standard	n/a	n/a	n/a	n/a	n/a
2345.308	0	1172654	standard_tone	sapo_probe	standard	n/a	n/a	n/a	n/a	n/a
2346.324	0	1173162	standard_tone	sapo_probe	standard	n/a	n/a	n/a	n/a	n/a
2347.340	0	1173670	distractor_noise	sapo_probe	distractor	n/a	n/a	n/a	n/a	n/a
2348.338	0	1174169	standard_tone	sapo_probe	standard	n/a	n/a	n/a	n/a	n/a
2349.354	0	1174677	standard_tone	sapo_probe	standard	n/a	n/a	n/a	n/a	n/a
2350.370	0	1175185	oddball_tone	sapo_probe	oddball	n/a	n/a	n/a	n/a	n/a
2351.370	0	1175685	standard_tone	sapo_probe	standard	n/a	n/a	n/a	n/a	n/a
2352.386	0	1176193	standard_tone	sapo_probe	standard	n/a	n/a	n/a	n/a	n/a
2353.400	0	1176700	standard_tone	sapo_probe	standard	n/a	n/a	n/a	n/a	n/a
2354.416	0	1177208	standard_tone	sapo_probe	standard	n/a	n/a	n/a	n/a	n/a
2355.416	0	1177708	standard_tone	sapo_probe	standard	n/a	n/a	n/a	n/a	n/a
2356.432	0	1178216	standard_tone	sapo_probe	standard	n/a	n/a	n/a	n/a	n/a
2357.448	0	1178724	standard_tone	sapo_probe	standard	n/a	n/a	n/a	n/a	n/a
2357.598	0	1178799	silence_end	sapo_probe	silence-end	n/a	n/a	n/a	n/a	n/a
2357.598	0	1178799	gong_begin	sapo_probe	gong-begin	n/a	n/a	n/a	n/a	n/a
2367.756	0	1183878	gong_end	sapo_probe	gong-end	n/a	n/a	n/a	n/a	n/a
2367.756	0	1183878	subblock_end	sapo_probe	subblock-end-duration-151.424	n/a	n/a	n/a	151.424	n/a
2367.758	0	1183879	subblock_begin	sapo_probe	subblock-begin	n/a	n/a	n/a	n/a	n/a
2367.758	0	1183879	silence_begin	sapo_probe	silence-begin	n/a	n/a	n/a	n/a	n/a
2367.758	0	1183879	distractor_noise	sapo_probe	distractor	n/a	n/a	n/a	n/a	n/a
2368.772	0	1184386	standard_tone	sapo_probe	standard	n/a	n/a	n/a	n/a	n/a
2369.788	0	1184894	oddball_tone	sapo_probe	oddball	n/a	n/a	n/a	n/a	n/a
2370.802	0	1185401	standard_tone	sapo_probe	standard	n/a	n/a	n/a	n/a	n/a
2371.818	0	1185909	standard_tone	sapo_probe	standard	n/a	n/a	n/a	n/a	n/a
2372.836	0	1186418	standard_tone	sapo_probe	standard	n/a	n/a	n/a	n/a	n/a
2373.850	0	1186925	standard_tone	sapo_probe	standard	n/a	n/a	n/a	n/a	n/a
2374.866	0	1187433	standard_tone	sapo_probe	standard	n/a	n/a	n/a	n/a	n/a
2375.882	0	1187941	standard_tone	sapo_probe	standard	n/a	n/a	n/a	n/a	n/a
2376.898	0	1188449	standard_tone	sapo_probe	standard	n/a	n/a	n/a	n/a	n/a
2377.914	0	1188957	standard_tone	sapo_probe	standard	n/a	n/a	n/a	n/a	n/a
2378.930	0	1189465	standard_tone	sapo_probe	standard	n/a	n/a	n/a	n/a	n/a
2379.946	0	1189973	standard_tone	sapo_probe	standard	n/a	n/a	n/a	n/a	n/a
2380.962	0	1190481	standard_tone	sapo_probe	standard	n/a	n/a	n/a	n/a	n/a
2381.978	0	1190989	distractor_noise	sapo_probe	distractor	n/a	n/a	n/a	n/a	n/a
2382.992	0	1191496	standard_tone	sapo_probe	standard	n/a	n/a	n/a	n/a	n/a
2384.008	0	1192004	standard_tone	sapo_probe	standard	n/a	n/a	n/a	n/a	n/a
2385.024	0	1192512	standard_tone	sapo_probe	standard	n/a	n/a	n/a	n/a	n/a
2386.040	0	1193020	standard_tone	sapo_probe	standard	n/a	n/a	n/a	n/a	n/a
2387.056	0	1193528	standard_tone	sapo_probe	standard	n/a	n/a	n/a	n/a	n/a
2388.072	0	1194036	distractor_noise	sapo_probe	distractor	n/a	n/a	n/a	n/a	n/a
2389.088	0	1194544	standard_tone	sapo_probe	standard	n/a	n/a	n/a	n/a	n/a
2390.104	0	1195052	oddball_tone	sapo_probe	oddball	n/a	n/a	n/a	n/a	n/a
2391.120	0	1195560	standard_tone	sapo_probe	standard	n/a	n/a	n/a	n/a	n/a
2392.134	0	1196067	standard_tone	sapo_probe	standard	n/a	n/a	n/a	n/a	n/a
2393.152	0	1196576	standard_tone	sapo_probe	standard	n/a	n/a	n/a	n/a	n/a
2394.168	0	1197084	standard_tone	sapo_probe	standard	n/a	n/a	n/a	n/a	n/a
2395.184	0	1197592	oddball_tone	sapo_probe	oddball	n/a	n/a	n/a	n/a	n/a
2396.198	0	1198099	standard_tone	sapo_probe	standard	n/a	n/a	n/a	n/a	n/a
2397.216	0	1198608	standard_tone	sapo_probe	standard	n/a	n/a	n/a	n/a	n/a
2398.230	0	1199115	standard_tone	sapo_probe	standard	n/a	n/a	n/a	n/a	n/a
2399.248	0	1199624	standard_tone	sapo_probe	standard	n/a	n/a	n/a	n/a	n/a
2400.262	0	1200131	standard_tone	sapo_probe	standard	n/a	n/a	n/a	n/a	n/a
2401.278	0	1200639	standard_tone	sapo_probe	standard	n/a	n/a	n/a	n/a	n/a
2402.294	0	1201147	standard_tone	sapo_probe	standard	n/a	n/a	n/a	n/a	n/a
2403.310	0	1201655	distractor_noise	sapo_probe	distractor	n/a	n/a	n/a	n/a	n/a
2404.326	0	1202163	standard_tone	sapo_probe	standard	n/a	n/a	n/a	n/a	n/a
2405.342	0	1202671	standard_tone	sapo_probe	standard	n/a	n/a	n/a	n/a	n/a
2406.358	0	1203179	standard_tone	sapo_probe	standard	n/a	n/a	n/a	n/a	n/a
2407.372	0	1203686	oddball_tone	sapo_probe	oddball	n/a	n/a	n/a	n/a	n/a
2408.372	0	1204186	standard_tone	sapo_probe	standard	n/a	n/a	n/a	n/a	n/a
2409.388	0	1204694	standard_tone	sapo_probe	standard	n/a	n/a	n/a	n/a	n/a
2410.404	0	1205202	standard_tone	sapo_probe	standard	n/a	n/a	n/a	n/a	n/a
2411.420	0	1205710	distractor_noise	sapo_probe	distractor	n/a	n/a	n/a	n/a	n/a
2412.436	0	1206218	oddball_tone	sapo_probe	oddball	n/a	n/a	n/a	n/a	n/a
2413.434	0	1206717	standard_tone	sapo_probe	standard	n/a	n/a	n/a	n/a	n/a
2414.450	0	1207225	standard_tone	sapo_probe	standard	n/a	n/a	n/a	n/a	n/a
2415.466	0	1207733	standard_tone	sapo_probe	standard	n/a	n/a	n/a	n/a	n/a
2416.482	0	1208241	standard_tone	sapo_probe	standard	n/a	n/a	n/a	n/a	n/a
2417.498	0	1208749	standard_tone	sapo_probe	standard	n/a	n/a	n/a	n/a	n/a
2418.514	0	1209257	standard_tone	sapo_probe	standard	n/a	n/a	n/a	n/a	n/a
2419.530	0	1209765	standard_tone	sapo_probe	standard	n/a	n/a	n/a	n/a	n/a
2420.546	0	1210273	standard_tone	sapo_probe	standard	n/a	n/a	n/a	n/a	n/a
2421.562	0	1210781	standard_tone	sapo_probe	standard	n/a	n/a	n/a	n/a	n/a
2422.576	0	1211288	oddball_tone	sapo_probe	oddball	n/a	n/a	n/a	n/a	n/a
2423.594	0	1211797	standard_tone	sapo_probe	standard	n/a	n/a	n/a	n/a	n/a
2424.608	0	1212304	standard_tone	sapo_probe	standard	n/a	n/a	n/a	n/a	n/a
2425.624	0	1212812	standard_tone	sapo_probe	standard	n/a	n/a	n/a	n/a	n/a
2426.640	0	1213320	distractor_noise	sapo_probe	distractor	n/a	n/a	n/a	n/a	n/a
2427.656	0	1213828	oddball_tone	sapo_probe	oddball	n/a	n/a	n/a	n/a	n/a
2428.672	0	1214336	standard_tone	sapo_probe	standard	n/a	n/a	n/a	n/a	n/a
2429.688	0	1214844	distractor_noise	sapo_probe	distractor	n/a	n/a	n/a	n/a	n/a
2430.704	0	1215352	oddball_tone	sapo_probe	oddball	n/a	n/a	n/a	n/a	n/a
2431.720	0	1215860	standard_tone	sapo_probe	standard	n/a	n/a	n/a	n/a	n/a
2432.736	0	1216368	standard_tone	sapo_probe	standard	n/a	n/a	n/a	n/a	n/a
2433.750	0	1216875	oddball_tone	sapo_probe	oddball	n/a	n/a	n/a	n/a	n/a
2434.766	0	1217383	distractor_noise	sapo_probe	distractor	n/a	n/a	n/a	n/a	n/a
2435.784	0	1217892	standard_tone	sapo_probe	standard	n/a	n/a	n/a	n/a	n/a
2436.798	0	1218399	oddball_tone	sapo_probe	oddball	n/a	n/a	n/a	n/a	n/a
2437.814	0	1218907	standard_tone	sapo_probe	standard	n/a	n/a	n/a	n/a	n/a
2438.830	0	1219415	standard_tone	sapo_probe	standard	n/a	n/a	n/a	n/a	n/a
2439.846	0	1219923	standard_tone	sapo_probe	standard	n/a	n/a	n/a	n/a	n/a
2440.862	0	1220431	standard_tone	sapo_probe	standard	n/a	n/a	n/a	n/a	n/a
2441.878	0	1220939	standard_tone	sapo_probe	standard	n/a	n/a	n/a	n/a	n/a
2441.928	0	1220964	prompt_window_begin	sapo_probe	probe-sapo-probe-begin	n/a	n/a	n/a	n/a	n/a
2448.356	0	1224178	clicker_press	sapo_probe	response-received-arrow_up	n/a	n/a	n/a	n/a	arrow_up
2448.656	0	1224328	clicker_press	sapo_probe	response-received-arrow_up	n/a	n/a	n/a	n/a	arrow_up
2451.038	0	1225519	depth_rating	sapo_probe	rating-sapo-probe-meditation_depth-2	2	n/a	n/a	n/a	n/a
2457.166	0	1228583	clicker_press	sapo_probe	response-received-arrow_up	n/a	n/a	n/a	n/a	arrow_up
2457.466	0	1228733	clicker_press	sapo_probe	response-received-arrow_up	n/a	n/a	n/a	n/a	arrow_up
2457.798	0	1228899	clicker_press	sapo_probe	response-received-arrow_up	n/a	n/a	n/a	n/a	arrow_up
2458.298	0	1229149	clicker_press	sapo_probe	response-received-arrow_up	n/a	n/a	n/a	n/a	arrow_up
2461.230	0	1230615	confidence_rating	sapo_probe	rating-sapo-probe-confidence_depth-4	n/a	4	n/a	n/a	n/a
2464.826	0	1232413	prompt_window_end	sapo_probe	probe-sapo-probe-end	n/a	n/a	n/a	n/a	n/a
2464.826	0	1232413	standard_tone	sapo_probe	standard	n/a	n/a	n/a	n/a	n/a
2465.842	0	1232921	standard_tone	sapo_probe	standard	n/a	n/a	n/a	n/a	n/a
2466.858	0	1233429	standard_tone	sapo_probe	standard	n/a	n/a	n/a	n/a	n/a
2467.874	0	1233937	standard_tone	sapo_probe	standard	n/a	n/a	n/a	n/a	n/a
2468.888	0	1234444	standard_tone	sapo_probe	standard	n/a	n/a	n/a	n/a	n/a
2469.904	0	1234952	oddball_tone	sapo_probe	oddball	n/a	n/a	n/a	n/a	n/a
2470.920	0	1235460	distractor_noise	sapo_probe	distractor	n/a	n/a	n/a	n/a	n/a
2471.936	0	1235968	standard_tone	sapo_probe	standard	n/a	n/a	n/a	n/a	n/a
2472.952	0	1236476	oddball_tone	sapo_probe	oddball	n/a	n/a	n/a	n/a	n/a
2473.968	0	1236984	standard_tone	sapo_probe	standard	n/a	n/a	n/a	n/a	n/a
2474.984	0	1237492	oddball_tone	sapo_probe	oddball	n/a	n/a	n/a	n/a	n/a
2475.982	0	1237991	standard_tone	sapo_probe	standard	n/a	n/a	n/a	n/a	n/a
2476.998	0	1238499	distractor_noise	sapo_probe	distractor	n/a	n/a	n/a	n/a	n/a
2478.014	0	1239007	oddball_tone	sapo_probe	oddball	n/a	n/a	n/a	n/a	n/a
2479.030	0	1239515	standard_tone	sapo_probe	standard	n/a	n/a	n/a	n/a	n/a
2480.046	0	1240023	standard_tone	sapo_probe	standard	n/a	n/a	n/a	n/a	n/a
2481.044	0	1240522	standard_tone	sapo_probe	standard	n/a	n/a	n/a	n/a	n/a
2482.044	0	1241022	standard_tone	sapo_probe	standard	n/a	n/a	n/a	n/a	n/a
2483.060	0	1241530	standard_tone	sapo_probe	standard	n/a	n/a	n/a	n/a	n/a
2484.076	0	1242038	standard_tone	sapo_probe	standard	n/a	n/a	n/a	n/a	n/a
2485.092	0	1242546	standard_tone	sapo_probe	standard	n/a	n/a	n/a	n/a	n/a
2486.108	0	1243054	standard_tone	sapo_probe	standard	n/a	n/a	n/a	n/a	n/a
2487.124	0	1243562	standard_tone	sapo_probe	standard	n/a	n/a	n/a	n/a	n/a
2488.140	0	1244070	standard_tone	sapo_probe	standard	n/a	n/a	n/a	n/a	n/a
2489.156	0	1244578	standard_tone	sapo_probe	standard	n/a	n/a	n/a	n/a	n/a
2490.172	0	1245086	standard_tone	sapo_probe	standard	n/a	n/a	n/a	n/a	n/a
2491.186	0	1245593	standard_tone	sapo_probe	standard	n/a	n/a	n/a	n/a	n/a
2492.204	0	1246102	standard_tone	sapo_probe	standard	n/a	n/a	n/a	n/a	n/a
2493.218	0	1246609	standard_tone	sapo_probe	standard	n/a	n/a	n/a	n/a	n/a
2494.234	0	1247117	standard_tone	sapo_probe	standard	n/a	n/a	n/a	n/a	n/a
2495.250	0	1247625	standard_tone	sapo_probe	standard	n/a	n/a	n/a	n/a	n/a
2496.250	0	1248125	standard_tone	sapo_probe	standard	n/a	n/a	n/a	n/a	n/a
2497.266	0	1248633	standard_tone	sapo_probe	standard	n/a	n/a	n/a	n/a	n/a
2498.282	0	1249141	standard_tone	sapo_probe	standard	n/a	n/a	n/a	n/a	n/a
2499.298	0	1249649	oddball_tone	sapo_probe	oddball	n/a	n/a	n/a	n/a	n/a
2500.312	0	1250156	standard_tone	sapo_probe	standard	n/a	n/a	n/a	n/a	n/a
2501.328	0	1250664	distractor_noise	sapo_probe	distractor	n/a	n/a	n/a	n/a	n/a
2502.212	0	1251106	silence_end	sapo_probe	silence-end	n/a	n/a	n/a	n/a	n/a
2502.212	0	1251106	gong_begin	sapo_probe	gong-begin	n/a	n/a	n/a	n/a	n/a
2512.452	0	1256226	gong_end	sapo_probe	gong-end	n/a	n/a	n/a	n/a	n/a
2512.454	0	1256227	subblock_end	sapo_probe	subblock-end-duration-144.696	n/a	n/a	n/a	144.696	n/a
2512.454	0	1256227	subblock_begin	sapo_probe	subblock-begin	n/a	n/a	n/a	n/a	n/a
2512.454	0	1256227	silence_begin	sapo_probe	silence-begin	n/a	n/a	n/a	n/a	n/a
2512.456	0	1256228	standard_tone	sapo_probe	standard	n/a	n/a	n/a	n/a	n/a
2513.468	0	1256734	standard_tone	sapo_probe	standard	n/a	n/a	n/a	n/a	n/a
2514.484	0	1257242	standard_tone	sapo_probe	standard	n/a	n/a	n/a	n/a	n/a
2515.500	0	1257750	distractor_noise	sapo_probe	distractor	n/a	n/a	n/a	n/a	n/a
2516.516	0	1258258	standard_tone	sapo_probe	standard	n/a	n/a	n/a	n/a	n/a
2517.532	0	1258766	standard_tone	sapo_probe	standard	n/a	n/a	n/a	n/a	n/a
2518.548	0	1259274	standard_tone	sapo_probe	standard	n/a	n/a	n/a	n/a	n/a
2519.564	0	1259782	standard_tone	sapo_probe	standard	n/a	n/a	n/a	n/a	n/a
2520.580	0	1260290	standard_tone	sapo_probe	standard	n/a	n/a	n/a	n/a	n/a
2521.578	0	1260789	standard_tone	sapo_probe	standard	n/a	n/a	n/a	n/a	n/a
2522.596	0	1261298	standard_tone	sapo_probe	standard	n/a	n/a	n/a	n/a	n/a
2523.610	0	1261805	distractor_noise	sapo_probe	distractor	n/a	n/a	n/a	n/a	n/a
2524.626	0	1262313	standard_tone	sapo_probe	standard	n/a	n/a	n/a	n/a	n/a
2525.642	0	1262821	standard_tone	sapo_probe	standard	n/a	n/a	n/a	n/a	n/a
2526.658	0	1263329	oddball_tone	sapo_probe	oddball	n/a	n/a	n/a	n/a	n/a
2527.674	0	1263837	standard_tone	sapo_probe	standard	n/a	n/a	n/a	n/a	n/a
2528.688	0	1264344	standard_tone	sapo_probe	standard	n/a	n/a	n/a	n/a	n/a
2529.704	0	1264852	standard_tone	sapo_probe	standard	n/a	n/a	n/a	n/a	n/a
2530.720	0	1265360	standard_tone	sapo_probe	standard	n/a	n/a	n/a	n/a	n/a
2531.720	0	1265860	standard_tone	sapo_probe	standard	n/a	n/a	n/a	n/a	n/a
2532.736	0	1266368	standard_tone	sapo_probe	standard	n/a	n/a	n/a	n/a	n/a
2533.736	0	1266868	standard_tone	sapo_probe	standard	n/a	n/a	n/a	n/a	n/a
2534.750	0	1267375	standard_tone	sapo_probe	standard	n/a	n/a	n/a	n/a	n/a
2535.766	0	1267883	standard_tone	sapo_probe	standard	n/a	n/a	n/a	n/a	n/a
2536.782	0	1268391	distractor_noise	sapo_probe	distractor	n/a	n/a	n/a	n/a	n/a
2537.798	0	1268899	standard_tone	sapo_probe	standard	n/a	n/a	n/a	n/a	n/a
2538.814	0	1269407	oddball_tone	sapo_probe	oddball	n/a	n/a	n/a	n/a	n/a
2539.830	0	1269915	standard_tone	sapo_probe	standard	n/a	n/a	n/a	n/a	n/a
2540.846	0	1270423	standard_tone	sapo_probe	standard	n/a	n/a	n/a	n/a	n/a
2541.862	0	1270931	standard_tone	sapo_probe	standard	n/a	n/a	n/a	n/a	n/a
2542.878	0	1271439	standard_tone	sapo_probe	standard	n/a	n/a	n/a	n/a	n/a
2543.894	0	1271947	standard_tone	sapo_probe	standard	n/a	n/a	n/a	n/a	n/a
2544.908	0	1272454	oddball_tone	sapo_probe	oddball	n/a	n/a	n/a	n/a	n/a
2545.924	0	1272962	standard_tone	sapo_probe	standard	n/a	n/a	n/a	n/a	n/a
2546.942	0	1273471	standard_tone	sapo_probe	standard	n/a	n/a	n/a	n/a	n/a
2547.956	0	1273978	standard_tone	sapo_probe	standard	n/a	n/a	n/a	n/a	n/a
2548.972	0	1274486	distractor_noise	sapo_probe	distractor	n/a	n/a	n/a	n/a	n/a
2549.988	0	1274994	standard_tone	sapo_probe	standard	n/a	n/a	n/a	n/a	n/a
2551.004	0	1275502	standard_tone	sapo_probe	standard	n/a	n/a	n/a	n/a	n/a
2552.020	0	1276010	oddball_tone	sapo_probe	oddball	n/a	n/a	n/a	n/a	n/a
2553.036	0	1276518	standard_tone	sapo_probe	standard	n/a	n/a	n/a	n/a	n/a
2554.034	0	1277017	distractor_noise	sapo_probe	distractor	n/a	n/a	n/a	n/a	n/a
2555.050	0	1277525	standard_tone	sapo_probe	standard	n/a	n/a	n/a	n/a	n/a
2556.066	0	1278033	standard_tone	sapo_probe	standard	n/a	n/a	n/a	n/a	n/a
2557.082	0	1278541	oddball_tone	sapo_probe	oddball	n/a	n/a	n/a	n/a	n/a
2558.098	0	1279049	standard_tone	sapo_probe	standard	n/a	n/a	n/a	n/a	n/a
2559.114	0	1279557	oddball_tone	sapo_probe	oddball	n/a	n/a	n/a	n/a	n/a
2560.130	0	1280065	standard_tone	sapo_probe	standard	n/a	n/a	n/a	n/a	n/a
2561.146	0	1280573	standard_tone	sapo_probe	standard	n/a	n/a	n/a	n/a	n/a
2562.162	0	1281081	standard_tone	sapo_probe	standard	n/a	n/a	n/a	n/a	n/a
2563.178	0	1281589	standard_tone	sapo_probe	standard	n/a	n/a	n/a	n/a	n/a
2564.194	0	1282097	standard_tone	sapo_probe	standard	n/a	n/a	n/a	n/a	n/a
2565.208	0	1282604	distractor_noise	sapo_probe	distractor	n/a	n/a	n/a	n/a	n/a
2566.224	0	1283112	standard_tone	sapo_probe	standard	n/a	n/a	n/a	n/a	n/a
2567.240	0	1283620	distractor_noise	sapo_probe	distractor	n/a	n/a	n/a	n/a	n/a
2568.256	0	1284128	standard_tone	sapo_probe	standard	n/a	n/a	n/a	n/a	n/a
2569.272	0	1284636	standard_tone	sapo_probe	standard	n/a	n/a	n/a	n/a	n/a
2570.288	0	1285144	standard_tone	sapo_probe	standard	n/a	n/a	n/a	n/a	n/a
2571.304	0	1285652	oddball_tone	sapo_probe	oddball	n/a	n/a	n/a	n/a	n/a
2572.320	0	1286160	standard_tone	sapo_probe	standard	n/a	n/a	n/a	n/a	n/a
2573.336	0	1286668	standard_tone	sapo_probe	standard	n/a	n/a	n/a	n/a	n/a
2574.352	0	1287176	standard_tone	sapo_probe	standard	n/a	n/a	n/a	n/a	n/a
2575.368	0	1287684	distractor_noise	sapo_probe	distractor	n/a	n/a	n/a	n/a	n/a
2576.366	0	1288183	standard_tone	sapo_probe	standard	n/a	n/a	n/a	n/a	n/a
2577.382	0	1288691	standard_tone	sapo_probe	standard	n/a	n/a	n/a	n/a	n/a
2578.398	0	1289199	standard_tone	sapo_probe	standard	n/a	n/a	n/a	n/a	n/a
2579.414	0	1289707	standard_tone	sapo_probe	standard	n/a	n/a	n/a	n/a	n/a
2580.430	0	1290215	standard_tone	sapo_probe	standard	n/a	n/a	n/a	n/a	n/a
2581.446	0	1290723	standard_tone	sapo_probe	standard	n/a	n/a	n/a	n/a	n/a
2582.462	0	1291231	standard_tone	sapo_probe	standard	n/a	n/a	n/a	n/a	n/a
2583.478	0	1291739	standard_tone	sapo_probe	standard	n/a	n/a	n/a	n/a	n/a
2584.494	0	1292247	standard_tone	sapo_probe	standard	n/a	n/a	n/a	n/a	n/a
2585.508	0	1292754	distractor_noise	sapo_probe	distractor	n/a	n/a	n/a	n/a	n/a
2586.508	0	1293254	standard_tone	sapo_probe	standard	n/a	n/a	n/a	n/a	n/a
2587.524	0	1293762	standard_tone	sapo_probe	standard	n/a	n/a	n/a	n/a	n/a
2588.540	0	1294270	standard_tone	sapo_probe	standard	n/a	n/a	n/a	n/a	n/a
2589.554	0	1294777	standard_tone	sapo_probe	standard	n/a	n/a	n/a	n/a	n/a
2590.554	0	1295277	standard_tone	sapo_probe	standard	n/a	n/a	n/a	n/a	n/a
2591.570	0	1295785	standard_tone	sapo_probe	standard	n/a	n/a	n/a	n/a	n/a
2592.586	0	1296293	standard_tone	sapo_probe	standard	n/a	n/a	n/a	n/a	n/a
2593.602	0	1296801	standard_tone	sapo_probe	standard	n/a	n/a	n/a	n/a	n/a
2594.618	0	1297309	standard_tone	sapo_probe	standard	n/a	n/a	n/a	n/a	n/a
2595.634	0	1297817	standard_tone	sapo_probe	standard	n/a	n/a	n/a	n/a	n/a
2596.634	0	1298317	standard_tone	sapo_probe	standard	n/a	n/a	n/a	n/a	n/a
2597.648	0	1298824	standard_tone	sapo_probe	standard	n/a	n/a	n/a	n/a	n/a
2598.664	0	1299332	standard_tone	sapo_probe	standard	n/a	n/a	n/a	n/a	n/a
2599.680	0	1299840	distractor_noise	sapo_probe	distractor	n/a	n/a	n/a	n/a	n/a
2600.696	0	1300348	standard_tone	sapo_probe	standard	n/a	n/a	n/a	n/a	n/a
2601.696	0	1300848	oddball_tone	sapo_probe	oddball	n/a	n/a	n/a	n/a	n/a
2602.712	0	1301356	standard_tone	sapo_probe	standard	n/a	n/a	n/a	n/a	n/a
2603.728	0	1301864	standard_tone	sapo_probe	standard	n/a	n/a	n/a	n/a	n/a
2604.742	0	1302371	oddball_tone	sapo_probe	oddball	n/a	n/a	n/a	n/a	n/a
2605.758	0	1302879	standard_tone	sapo_probe	standard	n/a	n/a	n/a	n/a	n/a
2606.774	0	1303387	standard_tone	sapo_probe	standard	n/a	n/a	n/a	n/a	n/a
2607.790	0	1303895	standard_tone	sapo_probe	standard	n/a	n/a	n/a	n/a	n/a
2608.806	0	1304403	standard_tone	sapo_probe	standard	n/a	n/a	n/a	n/a	n/a
2609.822	0	1304911	standard_tone	sapo_probe	standard	n/a	n/a	n/a	n/a	n/a
2610.838	0	1305419	standard_tone	sapo_probe	standard	n/a	n/a	n/a	n/a	n/a
2611.854	0	1305927	standard_tone	sapo_probe	standard	n/a	n/a	n/a	n/a	n/a
2612.870	0	1306435	standard_tone	sapo_probe	standard	n/a	n/a	n/a	n/a	n/a
2613.886	0	1306943	standard_tone	sapo_probe	standard	n/a	n/a	n/a	n/a	n/a
2614.302	0	1307151	silence_end	sapo_probe	silence-end	n/a	n/a	n/a	n/a	n/a
2614.302	0	1307151	subblock_end	sapo_probe	subblock-end-duration-101.849	n/a	n/a	n/a	101.849	n/a
2614.304	0	1307152	subblock_begin	sapo_probe	subblock-begin	n/a	n/a	n/a	n/a	n/a
2614.304	0	1307152	silence_begin	sapo_probe	silence-begin	n/a	n/a	n/a	n/a	n/a
2614.902	0	1307451	distractor_noise	sapo_probe	distractor	n/a	n/a	n/a	n/a	n/a
2615.916	0	1307958	oddball_tone	sapo_probe	oddball	n/a	n/a	n/a	n/a	n/a
2616.916	0	1308458	standard_tone	sapo_probe	standard	n/a	n/a	n/a	n/a	n/a
2617.932	0	1308966	oddball_tone	sapo_probe	oddball	n/a	n/a	n/a	n/a	n/a
2618.948	0	1309474	standard_tone	sapo_probe	standard	n/a	n/a	n/a	n/a	n/a
2619.964	0	1309982	distractor_noise	sapo_probe	distractor	n/a	n/a	n/a	n/a	n/a
2620.980	0	1310490	standard_tone	sapo_probe	standard	n/a	n/a	n/a	n/a	n/a
2621.996	0	1310998	standard_tone	sapo_probe	standard	n/a	n/a	n/a	n/a	n/a
2623.012	0	1311506	standard_tone	sapo_probe	standard	n/a	n/a	n/a	n/a	n/a
2624.026	0	1312013	standard_tone	sapo_probe	standard	n/a	n/a	n/a	n/a	n/a
2625.044	0	1312522	standard_tone	sapo_probe	standard	n/a	n/a	n/a	n/a	n/a
2626.060	0	1313030	standard_tone	sapo_probe	standard	n/a	n/a	n/a	n/a	n/a
2627.074	0	1313537	standard_tone	sapo_probe	standard	n/a	n/a	n/a	n/a	n/a
2628.090	0	1314045	standard_tone	sapo_probe	standard	n/a	n/a	n/a	n/a	n/a
2629.106	0	1314553	standard_tone	sapo_probe	standard	n/a	n/a	n/a	n/a	n/a
2630.106	0	1315053	standard_tone	sapo_probe	standard	n/a	n/a	n/a	n/a	n/a
2631.122	0	1315561	standard_tone	sapo_probe	standard	n/a	n/a	n/a	n/a	n/a
2632.136	0	1316068	distractor_noise	sapo_probe	distractor	n/a	n/a	n/a	n/a	n/a
2633.152	0	1316576	oddball_tone	sapo_probe	oddball	n/a	n/a	n/a	n/a	n/a
2634.168	0	1317084	standard_tone	sapo_probe	standard	n/a	n/a	n/a	n/a	n/a
2635.184	0	1317592	distractor_noise	sapo_probe	distractor	n/a	n/a	n/a	n/a	n/a
2636.200	0	1318100	standard_tone	sapo_probe	standard	n/a	n/a	n/a	n/a	n/a
2637.216	0	1318608	standard_tone	sapo_probe	standard	n/a	n/a	n/a	n/a	n/a
2638.232	0	1319116	standard_tone	sapo_probe	standard	n/a	n/a	n/a	n/a	n/a
2639.248	0	1319624	distractor_noise	sapo_probe	distractor	n/a	n/a	n/a	n/a	n/a
2640.264	0	1320132	oddball_tone	sapo_probe	oddball	n/a	n/a	n/a	n/a	n/a
2641.280	0	1320640	standard_tone	sapo_probe	standard	n/a	n/a	n/a	n/a	n/a
2642.294	0	1321147	standard_tone	sapo_probe	standard	n/a	n/a	n/a	n/a	n/a
2643.312	0	1321656	standard_tone	sapo_probe	standard	n/a	n/a	n/a	n/a	n/a
2644.326	0	1322163	standard_tone	sapo_probe	standard	n/a	n/a	n/a	n/a	n/a
2645.342	0	1322671	standard_tone	sapo_probe	standard	n/a	n/a	n/a	n/a	n/a
2645.858	0	1322929	prompt_window_begin	sapo_probe	probe-sapo-probe-begin	n/a	n/a	n/a	n/a	n/a
2652.520	0	1326260	clicker_press	sapo_probe	response-received-arrow_up	n/a	n/a	n/a	n/a	arrow_up
2652.970	0	1326485	clicker_press	sapo_probe	response-received-arrow_up	n/a	n/a	n/a	n/a	arrow_up
2653.386	0	1326693	clicker_press	sapo_probe	response-received-arrow_up	n/a	n/a	n/a	n/a	arrow_up
2654.886	0	1327443	depth_rating	sapo_probe	rating-sapo-probe-meditation_depth-3	3	n/a	n/a	n/a	n/a
2661.096	0	1330548	clicker_press	sapo_probe	response-received-arrow_up	n/a	n/a	n/a	n/a	arrow_up
2661.480	0	1330740	clicker_press	sapo_probe	response-received-arrow_up	n/a	n/a	n/a	n/a	arrow_up
2661.862	0	1330931	clicker_press	sapo_probe	response-received-arrow_up	n/a	n/a	n/a	n/a	arrow_up
2664.944	0	1332472	confidence_rating	sapo_probe	rating-sapo-probe-confidence_depth-3	n/a	3	n/a	n/a	n/a
2668.558	0	1334279	prompt_window_end	sapo_probe	probe-sapo-probe-end	n/a	n/a	n/a	n/a	n/a
2668.574	0	1334287	standard_tone	sapo_probe	standard	n/a	n/a	n/a	n/a	n/a
2669.588	0	1334794	standard_tone	sapo_probe	standard	n/a	n/a	n/a	n/a	n/a
2670.604	0	1335302	standard_tone	sapo_probe	standard	n/a	n/a	n/a	n/a	n/a
2671.604	0	1335802	standard_tone	sapo_probe	standard	n/a	n/a	n/a	n/a	n/a
2672.620	0	1336310	standard_tone	sapo_probe	standard	n/a	n/a	n/a	n/a	n/a
2673.618	0	1336809	standard_tone	sapo_probe	standard	n/a	n/a	n/a	n/a	n/a
2674.636	0	1337318	standard_tone	sapo_probe	standard	n/a	n/a	n/a	n/a	n/a
2675.650	0	1337825	distractor_noise	sapo_probe	distractor	n/a	n/a	n/a	n/a	n/a
2676.666	0	1338333	standard_tone	sapo_probe	standard	n/a	n/a	n/a	n/a	n/a
2677.684	0	1338842	standard_tone	sapo_probe	standard	n/a	n/a	n/a	n/a	n/a
2678.698	0	1339349	standard_tone	sapo_probe	standard	n/a	n/a	n/a	n/a	n/a
2679.714	0	1339857	standard_tone	sapo_probe	standard	n/a	n/a	n/a	n/a	n/a
2680.730	0	1340365	standard_tone	sapo_probe	standard	n/a	n/a	n/a	n/a	n/a
2681.746	0	1340873	standard_tone	sapo_probe	standard	n/a	n/a	n/a	n/a	n/a
2682.762	0	1341381	oddball_tone	sapo_probe	oddball	n/a	n/a	n/a	n/a	n/a
2683.776	0	1341888	standard_tone	sapo_probe	standard	n/a	n/a	n/a	n/a	n/a
2684.794	0	1342397	standard_tone	sapo_probe	standard	n/a	n/a	n/a	n/a	n/a
2685.808	0	1342904	standard_tone	sapo_probe	standard	n/a	n/a	n/a	n/a	n/a
2686.826	0	1343413	standard_tone	sapo_probe	standard	n/a	n/a	n/a	n/a	n/a
2687.842	0	1343921	standard_tone	sapo_probe	standard	n/a	n/a	n/a	n/a	n/a
2688.856	0	1344428	standard_tone	sapo_probe	standard	n/a	n/a	n/a	n/a	n/a
2689.872	0	1344936	standard_tone	sapo_probe	standard	n/a	n/a	n/a	n/a	n/a
2690.888	0	1345444	standard_tone	sapo_probe	standard	n/a	n/a	n/a	n/a	n/a
2691.904	0	1345952	oddball_tone	sapo_probe	oddball	n/a	n/a	n/a	n/a	n/a
2692.920	0	1346460	standard_tone	sapo_probe	standard	n/a	n/a	n/a	n/a	n/a
2693.936	0	1346968	standard_tone	sapo_probe	standard	n/a	n/a	n/a	n/a	n/a
2694.934	0	1347467	distractor_noise	sapo_probe	distractor	n/a	n/a	n/a	n/a	n/a
2695.950	0	1347975	standard_tone	sapo_probe	standard	n/a	n/a	n/a	n/a	n/a
2696.966	0	1348483	standard_tone	sapo_probe	standard	n/a	n/a	n/a	n/a	n/a
2697.982	0	1348991	standard_tone	sapo_probe	standard	n/a	n/a	n/a	n/a	n/a
2698.998	0	1349499	standard_tone	sapo_probe	standard	n/a	n/a	n/a	n/a	n/a
2700.014	0	1350007	standard_tone	sapo_probe	standard	n/a	n/a	n/a	n/a	n/a
2701.030	0	1350515	distractor_noise	sapo_probe	distractor	n/a	n/a	n/a	n/a	n/a
2702.030	0	1351015	standard_tone	sapo_probe	standard	n/a	n/a	n/a	n/a	n/a
2703.046	0	1351523	standard_tone	sapo_probe	standard	n/a	n/a	n/a	n/a	n/a
2704.060	0	1352030	oddball_tone	sapo_probe	oddball	n/a	n/a	n/a	n/a	n/a
2705.078	0	1352539	standard_tone	sapo_probe	standard	n/a	n/a	n/a	n/a	n/a
2706.092	0	1353046	standard_tone	sapo_probe	standard	n/a	n/a	n/a	n/a	n/a
2707.108	0	1353554	standard_tone	sapo_probe	standard	n/a	n/a	n/a	n/a	n/a
2708.124	0	1354062	standard_tone	sapo_probe	standard	n/a	n/a	n/a	n/a	n/a
2709.140	0	1354570	standard_tone	sapo_probe	standard	n/a	n/a	n/a	n/a	n/a
2710.156	0	1355078	standard_tone	sapo_probe	standard	n/a	n/a	n/a	n/a	n/a
2711.172	0	1355586	standard_tone	sapo_probe	standard	n/a	n/a	n/a	n/a	n/a
2712.188	0	1356094	standard_tone	sapo_probe	standard	n/a	n/a	n/a	n/a	n/a
2713.204	0	1356602	standard_tone	sapo_probe	standard	n/a	n/a	n/a	n/a	n/a
2714.218	0	1357109	standard_tone	sapo_probe	standard	n/a	n/a	n/a	n/a	n/a
2715.234	0	1357617	standard_tone	sapo_probe	standard	n/a	n/a	n/a	n/a	n/a
2716.250	0	1358125	standard_tone	sapo_probe	standard	n/a	n/a	n/a	n/a	n/a
2717.266	0	1358633	standard_tone	sapo_probe	standard	n/a	n/a	n/a	n/a	n/a
2718.282	0	1359141	standard_tone	sapo_probe	standard	n/a	n/a	n/a	n/a	n/a
2719.298	0	1359649	standard_tone	sapo_probe	standard	n/a	n/a	n/a	n/a	n/a
2720.314	0	1360157	oddball_tone	sapo_probe	oddball	n/a	n/a	n/a	n/a	n/a
2721.330	0	1360665	standard_tone	sapo_probe	standard	n/a	n/a	n/a	n/a	n/a
2722.346	0	1361173	standard_tone	sapo_probe	standard	n/a	n/a	n/a	n/a	n/a
2723.362	0	1361681	standard_tone	sapo_probe	standard	n/a	n/a	n/a	n/a	n/a
2724.378	0	1362189	standard_tone	sapo_probe	standard	n/a	n/a	n/a	n/a	n/a
2725.394	0	1362697	standard_tone	sapo_probe	standard	n/a	n/a	n/a	n/a	n/a
2726.408	0	1363204	standard_tone	sapo_probe	standard	n/a	n/a	n/a	n/a	n/a
2727.424	0	1363712	oddball_tone	sapo_probe	oddball	n/a	n/a	n/a	n/a	n/a
2728.442	0	1364221	standard_tone	sapo_probe	standard	n/a	n/a	n/a	n/a	n/a
2729.456	0	1364728	standard_tone	sapo_probe	standard	n/a	n/a	n/a	n/a	n/a
2730.472	0	1365236	standard_tone	sapo_probe	standard	n/a	n/a	n/a	n/a	n/a
2731.488	0	1365744	standard_tone	sapo_probe	standard	n/a	n/a	n/a	n/a	n/a
2732.504	0	1366252	standard_tone	sapo_probe	standard	n/a	n/a	n/a	n/a	n/a
2733.520	0	1366760	standard_tone	sapo_probe	standard	n/a	n/a	n/a	n/a	n/a
2734.536	0	1367268	standard_tone	sapo_probe	standard	n/a	n/a	n/a	n/a	n/a
2735.534	0	1367767	standard_tone	sapo_probe	standard	n/a	n/a	n/a	n/a	n/a
2736.550	0	1368275	oddball_tone	sapo_probe	oddball	n/a	n/a	n/a	n/a	n/a
2737.566	0	1368783	standard_tone	sapo_probe	standard	n/a	n/a	n/a	n/a	n/a
2738.566	0	1369283	standard_tone	sapo_probe	standard	n/a	n/a	n/a	n/a	n/a
2739.582	0	1369791	standard_tone	sapo_probe	standard	n/a	n/a	n/a	n/a	n/a
2740.598	0	1370299	standard_tone	sapo_probe	standard	n/a	n/a	n/a	n/a	n/a
2741.612	0	1370806	standard_tone	sapo_probe	standard	n/a	n/a	n/a	n/a	n/a
2742.612	0	1371306	oddball_tone	sapo_probe	oddball	n/a	n/a	n/a	n/a	n/a
2743.628	0	1371814	standard_tone	sapo_probe	standard	n/a	n/a	n/a	n/a	n/a
2744.644	0	1372322	standard_tone	sapo_probe	standard	n/a	n/a	n/a	n/a	n/a
2745.658	0	1372829	standard_tone	sapo_probe	standard	n/a	n/a	n/a	n/a	n/a
2746.676	0	1373338	distractor_noise	sapo_probe	distractor	n/a	n/a	n/a	n/a	n/a
2747.690	0	1373845	standard_tone	sapo_probe	standard	n/a	n/a	n/a	n/a	n/a
2748.708	0	1374354	standard_tone	sapo_probe	standard	n/a	n/a	n/a	n/a	n/a
2749.722	0	1374861	standard_tone	sapo_probe	standard	n/a	n/a	n/a	n/a	n/a
2750.738	0	1375369	standard_tone	sapo_probe	standard	n/a	n/a	n/a	n/a	n/a
2751.504	0	1375752	silence_end	sapo_probe	silence-end	n/a	n/a	n/a	n/a	n/a
2751.506	0	1375753	gong_begin	sapo_probe	gong-begin	n/a	n/a	n/a	n/a	n/a
2761.614	0	1380807	gong_end	sapo_probe	gong-end	n/a	n/a	n/a	n/a	n/a
2761.614	0	1380807	subblock_end	sapo_probe	subblock-end-duration-147.311	n/a	n/a	n/a	147.311	n/a
2761.616	0	1380808	subblock_begin	sapo_probe	subblock-begin	n/a	n/a	n/a	n/a	n/a
2761.616	0	1380808	silence_begin	sapo_probe	silence-begin	n/a	n/a	n/a	n/a	n/a
2761.630	0	1380815	standard_tone	sapo_probe	standard	n/a	n/a	n/a	n/a	n/a
2762.646	0	1381323	oddball_tone	sapo_probe	oddball	n/a	n/a	n/a	n/a	n/a
2763.662	0	1381831	standard_tone	sapo_probe	standard	n/a	n/a	n/a	n/a	n/a
2764.678	0	1382339	standard_tone	sapo_probe	standard	n/a	n/a	n/a	n/a	n/a
2765.694	0	1382847	standard_tone	sapo_probe	standard	n/a	n/a	n/a	n/a	n/a
2766.708	0	1383354	distractor_noise	sapo_probe	distractor	n/a	n/a	n/a	n/a	n/a
2767.724	0	1383862	standard_tone	sapo_probe	standard	n/a	n/a	n/a	n/a	n/a
2768.740	0	1384370	standard_tone	sapo_probe	standard	n/a	n/a	n/a	n/a	n/a
2769.756	0	1384878	standard_tone	sapo_probe	standard	n/a	n/a	n/a	n/a	n/a
2770.772	0	1385386	standard_tone	sapo_probe	standard	n/a	n/a	n/a	n/a	n/a
2771.788	0	1385894	oddball_tone	sapo_probe	oddball	n/a	n/a	n/a	n/a	n/a
2772.804	0	1386402	standard_tone	sapo_probe	standard	n/a	n/a	n/a	n/a	n/a
2773.820	0	1386910	standard_tone	sapo_probe	standard	n/a	n/a	n/a	n/a	n/a
2774.836	0	1387418	standard_tone	sapo_probe	standard	n/a	n/a	n/a	n/a	n/a
2775.852	0	1387926	standard_tone	sapo_probe	standard	n/a	n/a	n/a	n/a	n/a
2776.868	0	1388434	oddball_tone	sapo_probe	oddball	n/a	n/a	n/a	n/a	n/a
2777.882	0	1388941	standard_tone	sapo_probe	standard	n/a	n/a	n/a	n/a	n/a
2778.898	0	1389449	oddball_tone	sapo_probe	oddball	n/a	n/a	n/a	n/a	n/a
2779.914	0	1389957	standard_tone	sapo_probe	standard	n/a	n/a	n/a	n/a	n/a
2780.930	0	1390465	standard_tone	sapo_probe	standard	n/a	n/a	n/a	n/a	n/a
2781.946	0	1390973	standard_tone	sapo_probe	standard	n/a	n/a	n/a	n/a	n/a
2782.962	0	1391481	standard_tone	sapo_probe	standard	n/a	n/a	n/a	n/a	n/a
2783.978	0	1391989	standard_tone	sapo_probe	standard	n/a	n/a	n/a	n/a	n/a
2784.994	0	1392497	standard_tone	sapo_probe	standard	n/a	n/a	n/a	n/a	n/a
2786.010	0	1393005	standard_tone	sapo_probe	standard	n/a	n/a	n/a	n/a	n/a
2787.026	0	1393513	oddball_tone	sapo_probe	oddball	n/a	n/a	n/a	n/a	n/a
2788.042	0	1394021	standard_tone	sapo_probe	standard	n/a	n/a	n/a	n/a	n/a
2789.058	0	1394529	oddball_tone	sapo_probe	oddball	n/a	n/a	n/a	n/a	n/a
2790.072	0	1395036	standard_tone	sapo_probe	standard	n/a	n/a	n/a	n/a	n/a
2791.090	0	1395545	distractor_noise	sapo_probe	distractor	n/a	n/a	n/a	n/a	n/a
2792.106	0	1396053	standard_tone	sapo_probe	standard	n/a	n/a	n/a	n/a	n/a
2793.120	0	1396560	standard_tone	sapo_probe	standard	n/a	n/a	n/a	n/a	n/a
2794.136	0	1397068	standard_tone	sapo_probe	standard	n/a	n/a	n/a	n/a	n/a
2795.152	0	1397576	standard_tone	sapo_probe	standard	n/a	n/a	n/a	n/a	n/a
2796.152	0	1398076	standard_tone	sapo_probe	standard	n/a	n/a	n/a	n/a	n/a
2797.166	0	1398583	standard_tone	sapo_probe	standard	n/a	n/a	n/a	n/a	n/a
2798.166	0	1399083	standard_tone	sapo_probe	standard	n/a	n/a	n/a	n/a	n/a
2799.182	0	1399591	standard_tone	sapo_probe	standard	n/a	n/a	n/a	n/a	n/a
2800.198	0	1400099	standard_tone	sapo_probe	standard	n/a	n/a	n/a	n/a	n/a
2801.214	0	1400607	standard_tone	sapo_probe	standard	n/a	n/a	n/a	n/a	n/a
2802.214	0	1401107	standard_tone	sapo_probe	standard	n/a	n/a	n/a	n/a	n/a
2803.228	0	1401614	oddball_tone	sapo_probe	oddball	n/a	n/a	n/a	n/a	n/a
2804.244	0	1402122	standard_tone	sapo_probe	standard	n/a	n/a	n/a	n/a	n/a
2805.260	0	1402630	standard_tone	sapo_probe	standard	n/a	n/a	n/a	n/a	n/a
2806.276	0	1403138	distractor_noise	sapo_probe	distractor	n/a	n/a	n/a	n/a	n/a
2807.292	0	1403646	oddball_tone	sapo_probe	oddball	n/a	n/a	n/a	n/a	n/a
2808.308	0	1404154	standard_tone	sapo_probe	standard	n/a	n/a	n/a	n/a	n/a
2809.324	0	1404662	oddball_tone	sapo_probe	oddball	n/a	n/a	n/a	n/a	n/a
2810.340	0	1405170	distractor_noise	sapo_probe	distractor	n/a	n/a	n/a	n/a	n/a
2811.356	0	1405678	standard_tone	sapo_probe	standard	n/a	n/a	n/a	n/a	n/a
2812.370	0	1406185	standard_tone	sapo_probe	standard	n/a	n/a	n/a	n/a	n/a
2813.388	0	1406694	standard_tone	sapo_probe	standard	n/a	n/a	n/a	n/a	n/a
2814.404	0	1407202	standard_tone	sapo_probe	standard	n/a	n/a	n/a	n/a	n/a
2815.420	0	1407710	standard_tone	sapo_probe	standard	n/a	n/a	n/a	n/a	n/a
2816.434	0	1408217	standard_tone	sapo_probe	standard	n/a	n/a	n/a	n/a	n/a
2817.450	0	1408725	standard_tone	sapo_probe	standard	n/a	n/a	n/a	n/a	n/a
2818.450	0	1409225	oddball_tone	sapo_probe	oddball	n/a	n/a	n/a	n/a	n/a
2819.466	0	1409733	standard_tone	sapo_probe	standard	n/a	n/a	n/a	n/a	n/a
2820.482	0	1410241	standard_tone	sapo_probe	standard	n/a	n/a	n/a	n/a	n/a
2821.496	0	1410748	distractor_noise	sapo_probe	distractor	n/a	n/a	n/a	n/a	n/a
2822.512	0	1411256	standard_tone	sapo_probe	standard	n/a	n/a	n/a	n/a	n/a
2823.512	0	1411756	standard_tone	sapo_probe	standard	n/a	n/a	n/a	n/a	n/a
2824.528	0	1412264	standard_tone	sapo_probe	standard	n/a	n/a	n/a	n/a	n/a
2825.544	0	1412772	distractor_noise	sapo_probe	distractor	n/a	n/a	n/a	n/a	n/a
2826.560	0	1413280	standard_tone	sapo_probe	standard	n/a	n/a	n/a	n/a	n/a
2827.576	0	1413788	standard_tone	sapo_probe	standard	n/a	n/a	n/a	n/a	n/a
2828.590	0	1414295	standard_tone	sapo_probe	standard	n/a	n/a	n/a	n/a	n/a
2829.606	0	1414803	standard_tone	sapo_probe	standard	n/a	n/a	n/a	n/a	n/a
2830.622	0	1415311	standard_tone	sapo_probe	standard	n/a	n/a	n/a	n/a	n/a
2831.640	0	1415820	standard_tone	sapo_probe	standard	n/a	n/a	n/a	n/a	n/a
2832.654	0	1416327	standard_tone	sapo_probe	standard	n/a	n/a	n/a	n/a	n/a
2833.670	0	1416835	standard_tone	sapo_probe	standard	n/a	n/a	n/a	n/a	n/a
2834.686	0	1417343	standard_tone	sapo_probe	standard	n/a	n/a	n/a	n/a	n/a
2835.702	0	1417851	distractor_noise	sapo_probe	distractor	n/a	n/a	n/a	n/a	n/a
2836.718	0	1418359	standard_tone	sapo_probe	standard	n/a	n/a	n/a	n/a	n/a
2837.734	0	1418867	distractor_noise	sapo_probe	distractor	n/a	n/a	n/a	n/a	n/a
2838.750	0	1419375	standard_tone	sapo_probe	standard	n/a	n/a	n/a	n/a	n/a
2839.766	0	1419883	standard_tone	sapo_probe	standard	n/a	n/a	n/a	n/a	n/a
2840.782	0	1420391	standard_tone	sapo_probe	standard	n/a	n/a	n/a	n/a	n/a
2841.796	0	1420898	standard_tone	sapo_probe	standard	n/a	n/a	n/a	n/a	n/a
2842.812	0	1421406	standard_tone	sapo_probe	standard	n/a	n/a	n/a	n/a	n/a
2843.828	0	1421914	standard_tone	sapo_probe	standard	n/a	n/a	n/a	n/a	n/a
2844.844	0	1422422	distractor_noise	sapo_probe	distractor	n/a	n/a	n/a	n/a	n/a
2845.860	0	1422930	oddball_tone	sapo_probe	oddball	n/a	n/a	n/a	n/a	n/a
2846.876	0	1423438	standard_tone	sapo_probe	standard	n/a	n/a	n/a	n/a	n/a
2847.892	0	1423946	standard_tone	sapo_probe	standard	n/a	n/a	n/a	n/a	n/a
2848.908	0	1424454	standard_tone	sapo_probe	standard	n/a	n/a	n/a	n/a	n/a
2849.924	0	1424962	distractor_noise	sapo_probe	distractor	n/a	n/a	n/a	n/a	n/a
2850.940	0	1425470	oddball_tone	sapo_probe	oddball	n/a	n/a	n/a	n/a	n/a
2851.956	0	1425978	standard_tone	sapo_probe	standard	n/a	n/a	n/a	n/a	n/a
2852.970	0	1426485	standard_tone	sapo_probe	standard	n/a	n/a	n/a	n/a	n/a
2853.970	0	1426985	standard_tone	sapo_probe	standard	n/a	n/a	n/a	n/a	n/a
2854.986	0	1427493	standard_tone	sapo_probe	standard	n/a	n/a	n/a	n/a	n/a
2855.984	0	1427992	standard_tone	sapo_probe	standard	n/a	n/a	n/a	n/a	n/a
2857.000	0	1428500	distractor_noise	sapo_probe	distractor	n/a	n/a	n/a	n/a	n/a
2857.618	0	1428809	prompt_window_begin	sapo_probe	probe-sapo-probe-begin	n/a	n/a	n/a	n/a	n/a
2864.246	0	1432123	clicker_press	sapo_probe	response-received-arrow_up	n/a	n/a	n/a	n/a	arrow_up
2866.694	0	1433347	depth_rating	sapo_probe	rating-sapo-probe-meditation_depth-1	1	n/a	n/a	n/a	n/a
2872.838	0	1436419	clicker_press	sapo_probe	response-received-arrow_up	n/a	n/a	n/a	n/a	arrow_up
2873.206	0	1436603	clicker_press	sapo_probe	response-received-arrow_up	n/a	n/a	n/a	n/a	arrow_up
2873.638	0	1436819	clicker_press	sapo_probe	response-received-arrow_up	n/a	n/a	n/a	n/a	arrow_up
2874.088	0	1437044	clicker_press	sapo_probe	response-received-arrow_up	n/a	n/a	n/a	n/a	arrow_up
2876.884	0	1438442	confidence_rating	sapo_probe	rating-sapo-probe-confidence_depth-4	n/a	4	n/a	n/a	n/a
2880.348	0	1440174	prompt_window_end	sapo_probe	probe-sapo-probe-end	n/a	n/a	n/a	n/a	n/a
2880.364	0	1440182	standard_tone	sapo_probe	standard	n/a	n/a	n/a	n/a	n/a
2881.380	0	1440690	standard_tone	sapo_probe	standard	n/a	n/a	n/a	n/a	n/a
2882.396	0	1441198	standard_tone	sapo_probe	standard	n/a	n/a	n/a	n/a	n/a
2883.412	0	1441706	standard_tone	sapo_probe	standard	n/a	n/a	n/a	n/a	n/a
2884.428	0	1442214	standard_tone	sapo_probe	standard	n/a	n/a	n/a	n/a	n/a
2885.444	0	1442722	oddball_tone	sapo_probe	oddball	n/a	n/a	n/a	n/a	n/a
2886.460	0	1443230	standard_tone	sapo_probe	standard	n/a	n/a	n/a	n/a	n/a
2887.476	0	1443738	standard_tone	sapo_probe	standard	n/a	n/a	n/a	n/a	n/a
2888.492	0	1444246	standard_tone	sapo_probe	standard	n/a	n/a	n/a	n/a	n/a
2889.492	0	1444746	standard_tone	sapo_probe	standard	n/a	n/a	n/a	n/a	n/a
2889.890	0	1444945	silence_end	sapo_probe	silence-end	n/a	n/a	n/a	n/a	n/a
2889.890	0	1444945	gong_begin	sapo_probe	gong-begin	n/a	n/a	n/a	n/a	n/a
2899.982	0	1449991	gong_end	sapo_probe	gong-end	n/a	n/a	n/a	n/a	n/a
2899.982	0	1449991	subblock_end	sapo_probe	subblock-end-duration-138.368	n/a	n/a	n/a	138.368	n/a
2899.984	0	1449992	subblock_begin	sapo_probe	subblock-begin	n/a	n/a	n/a	n/a	n/a
2899.984	0	1449992	silence_begin	sapo_probe	silence-begin	n/a	n/a	n/a	n/a	n/a
2899.984	0	1449992	standard_tone	sapo_probe	standard	n/a	n/a	n/a	n/a	n/a
2900.998	0	1450499	standard_tone	sapo_probe	standard	n/a	n/a	n/a	n/a	n/a
2902.014	0	1451007	standard_tone	sapo_probe	standard	n/a	n/a	n/a	n/a	n/a
2903.030	0	1451515	standard_tone	sapo_probe	standard	n/a	n/a	n/a	n/a	n/a
2904.046	0	1452023	standard_tone	sapo_probe	standard	n/a	n/a	n/a	n/a	n/a
2905.044	0	1452522	standard_tone	sapo_probe	standard	n/a	n/a	n/a	n/a	n/a
2906.060	0	1453030	standard_tone	sapo_probe	standard	n/a	n/a	n/a	n/a	n/a
2907.076	0	1453538	distractor_noise	sapo_probe	distractor	n/a	n/a	n/a	n/a	n/a
2908.092	0	1454046	standard_tone	sapo_probe	standard	n/a	n/a	n/a	n/a	n/a
2909.108	0	1454554	standard_tone	sapo_probe	standard	n/a	n/a	n/a	n/a	n/a
2910.124	0	1455062	distractor_noise	sapo_probe	distractor	n/a	n/a	n/a	n/a	n/a
2911.140	0	1455570	standard_tone	sapo_probe	standard	n/a	n/a	n/a	n/a	n/a
2912.154	0	1456077	standard_tone	sapo_probe	standard	n/a	n/a	n/a	n/a	n/a
2913.172	0	1456586	distractor_noise	sapo_probe	distractor	n/a	n/a	n/a	n/a	n/a
2914.186	0	1457093	standard_tone	sapo_probe	standard	n/a	n/a	n/a	n/a	n/a
2915.202	0	1457601	standard_tone	sapo_probe	standard	n/a	n/a	n/a	n/a	n/a
2916.218	0	1458109	standard_tone	sapo_probe	standard	n/a	n/a	n/a	n/a	n/a
2917.218	0	1458609	distractor_noise	sapo_probe	distractor	n/a	n/a	n/a	n/a	n/a
2918.184	0	1459092	sapo_probe_end	sapo_probe	block-sapo-probe-end	n/a	n/a	n/a	n/a	n/a
2918.184	0	1459092	block_duration	sapo_probe	block-sapo-probe-duration-2100	n/a	n/a	n/a	2100.000	n/a
2918.184	0	1459092	break_begin	break	break-begin	n/a	n/a	n/a	n/a	n/a
3045.460	0	1522730	clicker_press	break	response-received-enter	n/a	n/a	n/a	n/a	enter
3045.478	0	1522739	break_end	break	break-end	n/a	n/a	n/a	n/a	n/a
3110.958	0	1555479	clicker_press	n/a	response-received-arrow_up	n/a	n/a	n/a	n/a	arrow_up
3110.992	0	1555496	active_oddball_begin	active_oddball	active-oddball-begin	n/a	n/a	n/a	n/a	n/a
3111.000	0	1555500	standard_tone	active_oddball	standard	n/a	n/a	n/a	n/a	n/a
3112.006	0	1556003	standard_tone	active_oddball	standard	n/a	n/a	n/a	n/a	n/a
3113.056	0	1556528	standard_tone	active_oddball	standard	n/a	n/a	n/a	n/a	n/a
3114.188	0	1557094	standard_tone	active_oddball	standard	n/a	n/a	n/a	n/a	n/a
3115.204	0	1557602	standard_tone	active_oddball	standard	n/a	n/a	n/a	n/a	n/a
3116.236	0	1558118	standard_tone	active_oddball	standard	n/a	n/a	n/a	n/a	n/a
3117.286	0	1558643	standard_tone	active_oddball	standard	n/a	n/a	n/a	n/a	n/a
3118.302	0	1559151	standard_tone	active_oddball	standard	n/a	n/a	n/a	n/a	n/a
3119.368	0	1559684	distractor_noise	active_oddball	distractor	n/a	n/a	n/a	n/a	n/a
3120.516	0	1560258	oddball_tone	active_oddball	oddball	n/a	n/a	n/a	n/a	n/a
3121.466	0	1560733	clicker_press	active_oddball	response-received-arrow_up	n/a	n/a	n/a	n/a	arrow_up
3121.516	0	1560758	oddball_response	active_oddball	active-oddball-button-press-943ms	n/a	n/a	0.943	n/a	n/a
3121.532	0	1560766	standard_tone	active_oddball	standard	n/a	n/a	n/a	n/a	n/a
3122.564	0	1561282	standard_tone	active_oddball	standard	n/a	n/a	n/a	n/a	n/a
3123.598	0	1561799	standard_tone	active_oddball	standard	n/a	n/a	n/a	n/a	n/a
3124.630	0	1562315	standard_tone	active_oddball	standard	n/a	n/a	n/a	n/a	n/a
3125.678	0	1562839	standard_tone	active_oddball	standard	n/a	n/a	n/a	n/a	n/a
3126.794	0	1563397	standard_tone	active_oddball	standard	n/a	n/a	n/a	n/a	n/a
3127.894	0	1563947	standard_tone	active_oddball	standard	n/a	n/a	n/a	n/a	n/a
3128.910	0	1564455	standard_tone	active_oddball	standard	n/a	n/a	n/a	n/a	n/a
3129.958	0	1564979	standard_tone	active_oddball	standard	n/a	n/a	n/a	n/a	n/a
3131.324	0	1565662	standard_tone	active_oddball	standard	n/a	n/a	n/a	n/a	n/a
3132.340	0	1566170	distractor_noise	active_oddball	distractor	n/a	n/a	n/a	n/a	n/a
3133.372	0	1566686	standard_tone	active_oddball	standard	n/a	n/a	n/a	n/a	n/a
3134.422	0	1567211	standard_tone	active_oddball	standard	n/a	n/a	n/a	n/a	n/a
3135.588	0	1567794	standard_tone	active_oddball	standard	n/a	n/a	n/a	n/a	n/a
3136.686	0	1568343	standard_tone	active_oddball	standard	n/a	n/a	n/a	n/a	n/a
3137.768	0	1568884	standard_tone	active_oddball	standard	n/a	n/a	n/a	n/a	n/a
3138.818	0	1569409	standard_tone	active_oddball	standard	n/a	n/a	n/a	n/a	n/a
3139.866	0	1569933	standard_tone	active_oddball	standard	n/a	n/a	n/a	n/a	n/a
3140.884	0	1570442	standard_tone	active_oddball	standard	n/a	n/a	n/a	n/a	n/a
3141.948	0	1570974	standard_tone	active_oddball	standard	n/a	n/a	n/a	n/a	n/a
3143.014	0	1571507	standard_tone	active_oddball	standard	n/a	n/a	n/a	n/a	n/a
3144.046	0	1572023	standard_tone	active_oddball	standard	n/a	n/a	n/a	n/a	n/a
3145.080	0	1572540	standard_tone	active_oddball	standard	n/a	n/a	n/a	n/a	n/a
3146.128	0	1573064	standard_tone	active_oddball	standard	n/a	n/a	n/a	n/a	n/a
3147.410	0	1573705	standard_tone	active_oddball	standard	n/a	n/a	n/a	n/a	n/a
3148.460	0	1574230	standard_tone	active_oddball	standard	n/a	n/a	n/a	n/a	n/a
3149.542	0	1574771	standard_tone	active_oddball	standard	n/a	n/a	n/a	n/a	n/a
3150.558	0	1575279	oddball_tone	active_oddball	oddball	n/a	n/a	n/a	n/a	n/a
3151.574	0	1575787	distractor_noise	active_oddball	distractor	n/a	n/a	n/a	n/a	n/a
3151.640	0	1575820	clicker_press	active_oddball	response-received-arrow_up	n/a	n/a	n/a	n/a	arrow_up
3151.674	0	1575837	oddball_response	active_oddball	active-oddball-button-press-61ms	n/a	n/a	0.061	n/a	n/a
3152.688	0	1576344	standard_tone	active_oddball	standard	n/a	n/a	n/a	n/a	n/a
3153.706	0	1576853	standard_tone	active_oddball	standard	n/a	n/a	n/a	n/a	n/a
3154.756	0	1577378	standard_tone	active_oddball	standard	n/a	n/a	n/a	n/a	n/a
3155.854	0	1577927	distractor_noise	active_oddball	distractor	n/a	n/a	n/a	n/a	n/a
3156.936	0	1578468	standard_tone	active_oddball	standard	n/a	n/a	n/a	n/a	n/a
3158.136	0	1579068	standard_tone	active_oddball	standard	n/a	n/a	n/a	n/a	n/a
3159.184	0	1579592	standard_tone	active_oddball	standard	n/a	n/a	n/a	n/a	n/a
3160.284	0	1580142	standard_tone	active_oddball	standard	n/a	n/a	n/a	n/a	n/a
3161.316	0	1580658	oddball_tone	active_oddball	oddball	n/a	n/a	n/a	n/a	n/a
3162.150	0	1581075	clicker_press	active_oddball	response-received-arrow_up	n/a	n/a	n/a	n/a	arrow_up
3162.182	0	1581091	oddball_response	active_oddball	active-oddball-button-press-827ms	n/a	n/a	0.827	n/a	n/a
3162.432	0	1581216	standard_tone	active_oddball	standard	n/a	n/a	n/a	n/a	n/a
3163.464	0	1581732	standard_tone	active_oddball	standard	n/a	n/a	n/a	n/a	n/a
3164.478	0	1582239	standard_tone	active_oddball	standard	n/a	n/a	n/a	n/a	n/a
3165.562	0	1582781	standard_tone	active_oddball	standard	n/a	n/a	n/a	n/a	n/a
3166.594	0	1583297	standard_tone	active_oddball	standard	n/a	n/a	n/a	n/a	n/a
3167.610	0	1583805	standard_tone	active_oddball	standard	n/a	n/a	n/a	n/a	n/a
3168.660	0	1584330	standard_tone	active_oddball	standard	n/a	n/a	n/a	n/a	n/a
3169.676	0	1584838	standard_tone	active_oddball	standard	n/a	n/a	n/a	n/a	n/a
3170.774	0	1585387	standard_tone	active_oddball	standard	n/a	n/a	n/a	n/a	n/a
3171.856	0	1585928	standard_tone	active_oddball	standard	n/a	n/a	n/a	n/a	n/a
3172.874	0	1586437	standard_tone	active_oddball	standard	n/a	n/a	n/a	n/a	n/a
3173.888	0	1586944	standard_tone	active_oddball	standard	n/a	n/a	n/a	n/a	n/a
3175.004	0	1587502	standard_tone	active_oddball	standard	n/a	n/a	n/a	n/a	n/a
3176.036	0	1588018	standard_tone	active_oddball	standard	n/a	n/a	n/a	n/a	n/a
3177.152	0	1588576	standard_tone	active_oddball	standard	n/a	n/a	n/a	n/a	n/a
3178.202	0	1589101	oddball_tone	active_oddball	oddball	n/a	n/a	n/a	n/a	n/a
3178.834	0	1589417	clicker_press	active_oddball	response-received-arrow_up	n/a	n/a	n/a	n/a	arrow_up
3178.852	0	1589426	oddball_response	active_oddball	active-oddball-button-press-626ms	n/a	n/a	0.626	n/a	n/a
3179.268	0	1589634	standard_tone	active_oddball	standard	n/a	n/a	n/a	n/a	n/a
3180.334	0	1590167	standard_tone	active_oddball	standard	n/a	n/a	n/a	n/a	n/a
3181.400	0	1590700	standard_tone	active_oddball	standard	n/a	n/a	n/a	n/a	n/a
3182.432	0	1591216	standard_tone	active_oddball	standard	n/a	n/a	n/a	n/a	n/a
3183.464	0	1591732	standard_tone	active_oddball	standard	n/a	n/a	n/a	n/a	n/a
3184.480	0	1592240	standard_tone	active_oddball	standard	n/a	n/a	n/a	n/a	n/a
3185.496	0	1592748	standard_tone	active_oddball	standard	n/a	n/a	n/a	n/a	n/a
3186.528	0	1593264	distractor_noise	active_oddball	distractor	n/a	n/a	n/a	n/a	n/a
3187.560	0	1593780	standard_tone	active_oddball	standard	n/a	n/a	n/a	n/a	n/a
3188.676	0	1594338	standard_tone	active_oddball	standard	n/a	n/a	n/a	n/a	n/a
3189.710	0	1594855	oddball_tone	active_oddball	oddball	n/a	n/a	n/a	n/a	n/a
3190.408	0	1595204	clicker_press	active_oddball	response-received-arrow_up	n/a	n/a	n/a	n/a	arrow_up
3190.442	0	1595221	oddball_response	active_oddball	active-oddball-button-press-692ms	n/a	n/a	0.692	n/a	n/a
3190.726	0	1595363	standard_tone	active_oddball	standard	n/a	n/a	n/a	n/a	n/a
3191.790	0	1595895	standard_tone	active_oddball	standard	n/a	n/a	n/a	n/a	n/a
3192.856	0	1596428	standard_tone	active_oddball	standard	n/a	n/a	n/a	n/a	n/a
3193.890	0	1596945	standard_tone	active_oddball	standard	n/a	n/a	n/a	n/a	n/a
3194.904	0	1597452	standard_tone	active_oddball	standard	n/a	n/a	n/a	n/a	n/a
3195.986	0	1597993	standard_tone	active_oddball	standard	n/a	n/a	n/a	n/a	n/a
3197.086	0	1598543	distractor_noise	active_oddball	distractor	n/a	n/a	n/a	n/a	n/a
3198.120	0	1599060	standard_tone	active_oddball	standard	n/a	n/a	n/a	n/a	n/a
3199.152	0	1599576	standard_tone	active_oddball	standard	n/a	n/a	n/a	n/a	n/a
3200.166	0	1600083	standard_tone	active_oddball	standard	n/a	n/a	n/a	n/a	n/a
3201.200	0	1600600	standard_tone	active_oddball	standard	n/a	n/a	n/a	n/a	n/a
3202.348	0	1601174	standard_tone	active_oddball	standard	n/a	n/a	n/a	n/a	n/a
3203.464	0	1601732	oddball_tone	active_oddball	oddball	n/a	n/a	n/a	n/a	n/a
3204.314	0	1602157	clicker_press	active_oddball	response-received-arrow_up	n/a	n/a	n/a	n/a	arrow_up
3204.348	0	1602174	oddball_response	active_oddball	active-oddball-button-press-843ms	n/a	n/a	0.843	n/a	n/a
3204.530	0	1602265	standard_tone	active_oddball	standard	n/a	n/a	n/a	n/a	n/a
3205.562	0	1602781	standard_tone	active_oddball	standard	n/a	n/a	n/a	n/a	n/a
3206.644	0	1603322	standard_tone	active_oddball	standard	n/a	n/a	n/a	n/a	n/a
3207.694	0	1603847	standard_tone	active_oddball	standard	n/a	n/a	n/a	n/a	n/a
3208.710	0	1604355	oddball_tone	active_oddball	oddball	n/a	n/a	n/a	n/a	n/a
3209.542	0	1604771	clicker_press	active_oddball	response-received-arrow_up	n/a	n/a	n/a	n/a	arrow_up
3209.576	0	1604788	oddball_response	active_oddball	active-oddball-button-press-826ms	n/a	n/a	0.826	n/a	n/a
3209.760	0	1604880	standard_tone	active_oddball	standard	n/a	n/a	n/a	n/a	n/a
3210.792	0	1605396	standard_tone	active_oddball	standard	n/a	n/a	n/a	n/a	n/a
3211.808	0	1605904	standard_tone	active_oddball	standard	n/a	n/a	n/a	n/a	n/a
3212.824	0	1606412	standard_tone	active_oddball	standard	n/a	n/a	n/a	n/a	n/a
3213.856	0	1606928	standard_tone	active_oddball	standard	n/a	n/a	n/a	n/a	n/a
3214.872	0	1607436	standard_tone	active_oddball	standard	n/a	n/a	n/a	n/a	n/a
3215.970	0	1607985	distractor_noise	active_oddball	distractor	n/a	n/a	n/a	n/a	n/a
3217.052	0	1608526	standard_tone	active_oddball	standard	n/a	n/a	n/a	n/a	n/a
3218.202	0	1609101	standard_tone	active_oddball	standard	n/a	n/a	n/a	n/a	n/a
3219.302	0	1609651	standard_tone	active_oddball	standard	n/a	n/a	n/a	n/a	n/a
3220.350	0	1610175	standard_tone	active_oddball	standard	n/a	n/a	n/a	n/a	n/a
3221.450	0	1610725	standard_tone	active_oddball	standard	n/a	n/a	n/a	n/a	n/a
3222.566	0	1611283	standard_tone	active_oddball	standard	n/a	n/a	n/a	n/a	n/a
3223.814	0	1611907	standard_tone	active_oddball	standard	n/a	n/a	n/a	n/a	n/a
3224.846	0	1612423	distractor_noise	active_oddball	distractor	n/a	n/a	n/a	n/a	n/a
3225.862	0	1612931	standard_tone	active_oddball	standard	n/a	n/a	n/a	n/a	n/a
3226.928	0	1613464	standard_tone	active_oddball	standard	n/a	n/a	n/a	n/a	n/a
3227.994	0	1613997	standard_tone	active_oddball	standard	n/a	n/a	n/a	n/a	n/a
3229.076	0	1614538	standard_tone	active_oddball	standard	n/a	n/a	n/a	n/a	n/a
3230.192	0	1615096	standard_tone	active_oddball	standard	n/a	n/a	n/a	n/a	n/a
3231.208	0	1615604	standard_tone	active_oddball	standard	n/a	n/a	n/a	n/a	n/a
3232.224	0	1616112	standard_tone	active_oddball	standard	n/a	n/a	n/a	n/a	n/a
3233.290	0	1616645	oddball_tone	active_oddball	oddball	n/a	n/a	n/a	n/a	n/a
3234.072	0	1617036	clicker_press	active_oddball	response-received-arrow_up	n/a	n/a	n/a	n/a	arrow_up
3234.106	0	1617053	oddball_response	active_oddball	active-oddball-button-press-776ms	n/a	n/a	0.776	n/a	n/a
3234.322	0	1617161	standard_tone	active_oddball	standard	n/a	n/a	n/a	n/a	n/a
3235.338	0	1617669	standard_tone	active_oddball	standard	n/a	n/a	n/a	n/a	n/a
3236.354	0	1618177	standard_tone	active_oddball	standard	n/a	n/a	n/a	n/a	n/a
3237.370	0	1618685	distractor_noise	active_oddball	distractor	n/a	n/a	n/a	n/a	n/a
3238.386	0	1619193	standard_tone	active_oddball	standard	n/a	n/a	n/a	n/a	n/a
3239.402	0	1619701	oddball_tone	active_oddball	oddball	n/a	n/a	n/a	n/a	n/a
3240.234	0	1620117	clicker_press	active_oddball	response-received-arrow_up	n/a	n/a	n/a	n/a	arrow_up
3240.334	0	1620167	oddball_response	active_oddball	active-oddball-button-press-827ms	n/a	n/a	0.827	n/a	n/a
3240.518	0	1620259	standard_tone	active_oddball	standard	n/a	n/a	n/a	n/a	n/a
3241.532	0	1620766	standard_tone	active_oddball	standard	n/a	n/a	n/a	n/a	n/a
3242.582	0	1621291	oddball_tone	active_oddball	oddball	n/a	n/a	n/a	n/a	n/a
3243.364	0	1621682	clicker_press	active_oddball	response-received-arrow_up	n/a	n/a	n/a	n/a	arrow_up
3243.464	0	1621732	oddball_response	active_oddball	active-oddball-button-press-776ms	n/a	n/a	0.776	n/a	n/a
3243.630	0	1621815	distractor_noise	active_oddball	distractor	n/a	n/a	n/a	n/a	n/a
3244.646	0	1622323	standard_tone	active_oddball	standard	n/a	n/a	n/a	n/a	n/a
3245.664	0	1622832	standard_tone	active_oddball	standard	n/a	n/a	n/a	n/a	n/a
3246.794	0	1623397	standard_tone	active_oddball	standard	n/a	n/a	n/a	n/a	n/a
3247.810	0	1623905	oddball_tone	active_oddball	oddball	n/a	n/a	n/a	n/a	n/a
3248.476	0	1624238	clicker_press	active_oddball	response-received-arrow_up	n/a	n/a	n/a	n/a	arrow_up
3248.512	0	1624256	oddball_response	active_oddball	active-oddball-button-press-661ms	n/a	n/a	0.661	n/a	n/a
3248.894	0	1624447	standard_tone	active_oddball	standard	n/a	n/a	n/a	n/a	n/a
3249.908	0	1624954	standard_tone	active_oddball	standard	n/a	n/a	n/a	n/a	n/a
3250.992	0	1625496	standard_tone	active_oddball	standard	n/a	n/a	n/a	n/a	n/a
3252.140	0	1626070	standard_tone	active_oddball	standard	n/a	n/a	n/a	n/a	n/a
3253.156	0	1626578	oddball_tone	active_oddball	oddball	n/a	n/a	n/a	n/a	n/a
3253.872	0	1626936	clicker_press	active_oddball	response-received-arrow_up	n/a	n/a	n/a	n/a	arrow_up
3254.022	0	1627011	oddball_response	active_oddball	active-oddball-button-press-711ms	n/a	n/a	0.711	n/a	n/a
3254.256	0	1627128	standard_tone	active_oddball	standard	n/a	n/a	n/a	n/a	n/a
3255.304	0	1627652	standard_tone	active_oddball	standard	n/a	n/a	n/a	n/a	n/a
3256.454	0	1628227	standard_tone	active_oddball	standard	n/a	n/a	n/a	n/a	n/a
3257.486	0	1628743	standard_tone	active_oddball	standard	n/a	n/a	n/a	n/a	n/a
3258.586	0	1629293	standard_tone	active_oddball	standard	n/a	n/a	n/a	n/a	n/a
3259.618	0	1629809	oddball_tone	active_oddball	oddball	n/a	n/a	n/a	n/a	n/a
3260.384	0	1630192	clicker_press	active_oddball	response-received-arrow_up	n/a	n/a	n/a	n/a	arrow_up
3260.500	0	1630250	oddball_response	active_oddball	active-oddball-button-press-760ms	n/a	n/a	0.760	n/a	n/a
3260.634	0	1630317	standard_tone	active_oddball	standard	n/a	n/a	n/a	n/a	n/a
3261.718	0	1630859	oddball_tone	active_oddball	oddball	n/a	n/a	n/a	n/a	n/a
3262.466	0	1631233	clicker_press	active_oddball	response-received-arrow_up	n/a	n/a	n/a	n/a	arrow_up
3262.548	0	1631274	oddball_response	active_oddball	active-oddball-button-press-740ms	n/a	n/a	0.740	n/a	n/a
3262.748	0	1631374	standard_tone	active_oddball	standard	n/a	n/a	n/a	n/a	n/a
3263.782	0	1631891	standard_tone	active_oddball	standard	n/a	n/a	n/a	n/a	n/a
3264.864	0	1632432	standard_tone	active_oddball	standard	n/a	n/a	n/a	n/a	n/a
3265.880	0	1632940	standard_tone	active_oddball	standard	n/a	n/a	n/a	n/a	n/a
3267.012	0	1633506	oddball_tone	active_oddball	oddball	n/a	n/a	n/a	n/a	n/a
3267.744	0	1633872	clicker_press	active_oddball	response-received-arrow_up	n/a	n/a	n/a	n/a	arrow_up
3267.762	0	1633881	oddball_response	active_oddball	active-oddball-button-press-726ms	n/a	n/a	0.726	n/a	n/a
3268.028	0	1634014	standard_tone	active_oddball	standard	n/a	n/a	n/a	n/a	n/a
3269.294	0	1634647	distractor_noise	active_oddball	distractor	n/a	n/a	n/a	n/a	n/a
3270.326	0	1635163	standard_tone	active_oddball	standard	n/a	n/a	n/a	n/a	n/a
3271.358	0	1635679	standard_tone	active_oddball	standard	n/a	n/a	n/a	n/a	n/a
3272.424	0	1636212	standard_tone	active_oddball	standard	n/a	n/a	n/a	n/a	n/a
3273.440	0	1636720	standard_tone	active_oddball	standard	n/a	n/a	n/a	n/a	n/a
3274.506	0	1637253	standard_tone	active_oddball	standard	n/a	n/a	n/a	n/a	n/a
3275.522	0	1637761	standard_tone	active_oddball	standard	n/a	n/a	n/a	n/a	n/a
3276.552	0	1638276	standard_tone	active_oddball	standard	n/a	n/a	n/a	n/a	n/a
3277.636	0	1638818	standard_tone	active_oddball	standard	n/a	n/a	n/a	n/a	n/a
3278.686	0	1639343	distractor_noise	active_oddball	distractor	n/a	n/a	n/a	n/a	n/a
3279.818	0	1639909	standard_tone	active_oddball	standard	n/a	n/a	n/a	n/a	n/a
3280.850	0	1640425	standard_tone	active_oddball	standard	n/a	n/a	n/a	n/a	n/a
3281.916	0	1640958	standard_tone	active_oddball	standard	n/a	n/a	n/a	n/a	n/a
3282.966	0	1641483	standard_tone	active_oddball	standard	n/a	n/a	n/a	n/a	n/a
3284.114	0	1642057	standard_tone	active_oddball	standard	n/a	n/a	n/a	n/a	n/a
3285.130	0	1642565	oddball_tone	active_oddball	oddball	n/a	n/a	n/a	n/a	n/a
3286.046	0	1643023	clicker_press	active_oddball	response-received-arrow_up	n/a	n/a	n/a	n/a	arrow_up
3286.062	0	1643031	oddball_response	active_oddball	active-oddball-button-press-909ms	n/a	n/a	0.909	n/a	n/a
3286.196	0	1643098	standard_tone	active_oddball	standard	n/a	n/a	n/a	n/a	n/a
3287.378	0	1643689	standard_tone	active_oddball	standard	n/a	n/a	n/a	n/a	n/a
3288.544	0	1644272	standard_tone	active_oddball	standard	n/a	n/a	n/a	n/a	n/a
3289.676	0	1644838	distractor_noise	active_oddball	distractor	n/a	n/a	n/a	n/a	n/a
3290.708	0	1645354	standard_tone	active_oddball	standard	n/a	n/a	n/a	n/a	n/a
3291.740	0	1645870	standard_tone	active_oddball	standard	n/a	n/a	n/a	n/a	n/a
3292.756	0	1646378	standard_tone	active_oddball	standard	n/a	n/a	n/a	n/a	n/a
3293.972	0	1646986	oddball_tone	active_oddball	oddball	n/a	n/a	n/a	n/a	n/a
3294.772	0	1647386	clicker_press	active_oddball	response-received-arrow_up	n/a	n/a	n/a	n/a	arrow_up
3294.822	0	1647411	oddball_response	active_oddball	active-oddball-button-press-794ms	n/a	n/a	0.794	n/a	n/a
3294.988	0	1647494	standard_tone	active_oddball	standard	n/a	n/a	n/a	n/a	n/a
3296.004	0	1648002	standard_tone	active_oddball	standard	n/a	n/a	n/a	n/a	n/a
3297.036	0	1648518	standard_tone	active_oddball	standard	n/a	n/a	n/a	n/a	n/a
3298.120	0	1649060	standard_tone	active_oddball	standard	n/a	n/a	n/a	n/a	n/a
3299.186	0	1649593	standard_tone	active_oddball	standard	n/a	n/a	n/a	n/a	n/a
3300.318	0	1650159	standard_tone	active_oddball	standard	n/a	n/a	n/a	n/a	n/a
3301.434	0	1650717	oddball_tone	active_oddball	oddball	n/a	n/a	n/a	n/a	n/a
3302.316	0	1651158	clicker_press	active_oddball	response-received-arrow_up	n/a	n/a	n/a	n/a	arrow_up
3302.400	0	1651200	oddball_response	active_oddball	active-oddball-button-press-875ms	n/a	n/a	0.875	n/a	n/a
3302.598	0	1651299	standard_tone	active_oddball	standard	n/a	n/a	n/a	n/a	n/a
3303.798	0	1651899	standard_tone	active_oddball	standard	n/a	n/a	n/a	n/a	n/a
3304.830	0	1652415	oddball_tone	active_oddball	oddball	n/a	n/a	n/a	n/a	n/a
3305.796	0	1652898	clicker_press	active_oddball	response-received-arrow_up	n/a	n/a	n/a	n/a	arrow_up
3305.862	0	1652931	oddball_response	active_oddball	active-oddball-button-press-960ms	n/a	n/a	0.960	n/a	n/a
3305.864	0	1652932	standard_tone	active_oddball	standard	n/a	n/a	n/a	n/a	n/a
3306.896	0	1653448	standard_tone	active_oddball	standard	n/a	n/a	n/a	n/a	n/a
3307.944	0	1653972	standard_tone	active_oddball	standard	n/a	n/a	n/a	n/a	n/a
3308.992	0	1654496	standard_tone	active_oddball	standard	n/a	n/a	n/a	n/a	n/a
3310.160	0	1655080	standard_tone	active_oddball	standard	n/a	n/a	n/a	n/a	n/a
3311.192	0	1655596	distractor_noise	active_oddball	distractor	n/a	n/a	n/a	n/a	n/a
3312.242	0	1656121	standard_tone	active_oddball	standard	n/a	n/a	n/a	n/a	n/a
3313.256	0	1656628	standard_tone	active_oddball	standard	n/a	n/a	n/a	n/a	n/a
3314.390	0	1657195	standard_tone	active_oddball	standard	n/a	n/a	n/a	n/a	n/a
3315.438	0	1657719	oddball_tone	active_oddball	oddball	n/a	n/a	n/a	n/a	n/a
3316.238	0	1658119	clicker_press	active_oddball	response-received-arrow_up	n/a	n/a	n/a	n/a	arrow_up
3316.270	0	1658135	oddball_response	active_oddball	active-oddball-button-press-791ms	n/a	n/a	0.791	n/a	n/a
3316.488	0	1658244	standard_tone	active_oddball	standard	n/a	n/a	n/a	n/a	n/a
3317.520	0	1658760	standard_tone	active_oddball	standard	n/a	n/a	n/a	n/a	n/a
3318.570	0	1659285	standard_tone	active_oddball	standard	n/a	n/a	n/a	n/a	n/a
3319.652	0	1659826	standard_tone	active_oddball	standard	n/a	n/a	n/a	n/a	n/a
3320.734	0	1660367	standard_tone	active_oddball	standard	n/a	n/a	n/a	n/a	n/a
3321.900	0	1660950	distractor_noise	active_oddball	distractor	n/a	n/a	n/a	n/a	n/a
3322.916	0	1661458	standard_tone	active_oddball	standard	n/a	n/a	n/a	n/a	n/a
3324.430	0	1662215	standard_tone	active_oddball	standard	n/a	n/a	n/a	n/a	n/a
3325.446	0	1662723	standard_tone	active_oddball	standard	n/a	n/a	n/a	n/a	n/a
3326.462	0	1663231	standard_tone	active_oddball	standard	n/a	n/a	n/a	n/a	n/a
3327.544	0	1663772	standard_tone	active_oddball	standard	n/a	n/a	n/a	n/a	n/a
3328.594	0	1664297	standard_tone	active_oddball	standard	n/a	n/a	n/a	n/a	n/a
3329.626	0	1664813	standard_tone	active_oddball	standard	n/a	n/a	n/a	n/a	n/a
3330.642	0	1665321	standard_tone	active_oddball	standard	n/a	n/a	n/a	n/a	n/a
3331.758	0	1665879	oddball_tone	active_oddball	oddball	n/a	n/a	n/a	n/a	n/a
3332.624	0	1666312	clicker_press	active_oddball	response-received-arrow_up	n/a	n/a	n/a	n/a	arrow_up
3332.658	0	1666329	oddball_response	active_oddball	active-oddball-button-press-859ms	n/a	n/a	0.859	n/a	n/a
3332.824	0	1666412	standard_tone	active_oddball	standard	n/a	n/a	n/a	n/a	n/a
3333.890	0	1666945	standard_tone	active_oddball	standard	n/a	n/a	n/a	n/a	n/a
3334.938	0	1667469	distractor_noise	active_oddball	distractor	n/a	n/a	n/a	n/a	n/a
3335.972	0	1667986	standard_tone	active_oddball	standard	n/a	n/a	n/a	n/a	n/a
3337.052	0	1668526	standard_tone	active_oddball	standard	n/a	n/a	n/a	n/a	n/a
3338.186	0	1669093	distractor_noise	active_oddball	distractor	n/a	n/a	n/a	n/a	n/a
3339.218	0	1669609	standard_tone	active_oddball	standard	n/a	n/a	n/a	n/a	n/a
3340.268	0	1670134	distractor_noise	active_oddball	distractor	n/a	n/a	n/a	n/a	n/a
3341.350	0	1670675	standard_tone	active_oddball	standard	n/a	n/a	n/a	n/a	n/a
3342.366	0	1671183	standard_tone	active_oddball	standard	n/a	n/a	n/a	n/a	n/a
3343.382	0	1671691	distractor_noise	active_oddball	distractor	n/a	n/a	n/a	n/a	n/a
3344.548	0	1672274	standard_tone	active_oddball	standard	n/a	n/a	n/a	n/a	n/a
3345.580	0	1672790	standard_tone	active_oddball	standard	n/a	n/a	n/a	n/a	n/a
3346.646	0	1673323	standard_tone	active_oddball	standard	n/a	n/a	n/a	n/a	n/a
3347.662	0	1673831	standard_tone	active_oddball	standard	n/a	n/a	n/a	n/a	n/a
3348.694	0	1674347	standard_tone	active_oddball	standard	n/a	n/a	n/a	n/a	n/a
3349.742	0	1674871	standard_tone	active_oddball	standard	n/a	n/a	n/a	n/a	n/a
3350.758	0	1675379	standard_tone	active_oddball	standard	n/a	n/a	n/a	n/a	n/a
3351.774	0	1675887	standard_tone	active_oddball	standard	n/a	n/a	n/a	n/a	n/a
3352.840	0	1676420	oddball_tone	active_oddball	oddball	n/a	n/a	n/a	n/a	n/a
3353.640	0	1676820	clicker_press	active_oddball	response-received-arrow_up	n/a	n/a	n/a	n/a	arrow_up
3353.690	0	1676845	oddball_response	active_oddball	active-oddball-button-press-793ms	n/a	n/a	0.793	n/a	n/a
3353.956	0	1676978	standard_tone	active_oddball	standard	n/a	n/a	n/a	n/a	n/a
3354.988	0	1677494	standard_tone	active_oddball	standard	n/a	n/a	n/a	n/a	n/a
3356.038	0	1678019	standard_tone	active_oddball	standard	n/a	n/a	n/a	n/a	n/a
3357.054	0	1678527	standard_tone	active_oddball	standard	n/a	n/a	n/a	n/a	n/a
3358.086	0	1679043	standard_tone	active_oddball	standard	n/a	n/a	n/a	n/a	n/a
3359.152	0	1679576	standard_tone	active_oddball	standard	n/a	n/a	n/a	n/a	n/a
3360.168	0	1680084	standard_tone	active_oddball	standard	n/a	n/a	n/a	n/a	n/a
3361.218	0	1680609	standard_tone	active_oddball	standard	n/a	n/a	n/a	n/a	n/a
3362.332	0	1681166	standard_tone	active_oddball	standard	n/a	n/a	n/a	n/a	n/a
3363.350	0	1681675	standard_tone	active_oddball	standard	n/a	n/a	n/a	n/a	n/a
3364.380	0	1682190	standard_tone	active_oddball	standard	n/a	n/a	n/a	n/a	n/a
3365.414	0	1682707	standard_tone	active_oddball	standard	n/a	n/a	n/a	n/a	n/a
3366.430	0	1683215	standard_tone	active_oddball	standard	n/a	n/a	n/a	n/a	n/a
3367.544	0	1683772	standard_tone	active_oddball	standard	n/a	n/a	n/a	n/a	n/a
3368.610	0	1684305	oddball_tone	active_oddball	oddball	n/a	n/a	n/a	n/a	n/a
3369.510	0	1684755	clicker_press	active_oddball	response-received-arrow_up	n/a	n/a	n/a	n/a	arrow_up
3369.594	0	1684797	oddball_response	active_oddball	active-oddball-button-press-893ms	n/a	n/a	0.893	n/a	n/a
3369.626	0	1684813	standard_tone	active_oddball	standard	n/a	n/a	n/a	n/a	n/a
3370.676	0	1685338	standard_tone	active_oddball	standard	n/a	n/a	n/a	n/a	n/a
3371.708	0	1685854	standard_tone	active_oddball	standard	n/a	n/a	n/a	n/a	n/a
3372.724	0	1686362	standard_tone	active_oddball	standard	n/a	n/a	n/a	n/a	n/a
3373.756	0	1686878	distractor_noise	active_oddball	distractor	n/a	n/a	n/a	n/a	n/a
3374.774	0	1687387	standard_tone	active_oddball	standard	n/a	n/a	n/a	n/a	n/a
3375.972	0	1687986	oddball_tone	active_oddball	oddball	n/a	n/a	n/a	n/a	n/a
3376.754	0	1688377	clicker_press	active_oddball	response-received-arrow_up	n/a	n/a	n/a	n/a	arrow_up
3376.788	0	1688394	oddball_response	active_oddball	active-oddball-button-press-776ms	n/a	n/a	0.776	n/a	n/a
3377.004	0	1688502	standard_tone	active_oddball	standard	n/a	n/a	n/a	n/a	n/a
3378.152	0	1689076	standard_tone	active_oddball	standard	n/a	n/a	n/a	n/a	n/a
3379.236	0	1689618	distractor_noise	active_oddball	distractor	n/a	n/a	n/a	n/a	n/a
3380.268	0	1690134	standard_tone	active_oddball	standard	n/a	n/a	n/a	n/a	n/a
3381.284	0	1690642	standard_tone	active_oddball	standard	n/a	n/a	n/a	n/a	n/a
3382.300	0	1691150	oddball_tone	active_oddball	oddball	n/a	n/a	n/a	n/a	n/a
3383.032	0	1691516	clicker_press	active_oddball	response-received-arrow_up	n/a	n/a	n/a	n/a	arrow_up
3383.050	0	1691525	oddball_response	active_oddball	active-oddball-button-press-727ms	n/a	n/a	0.727	n/a	n/a
3383.366	0	1691683	standard_tone	active_oddball	standard	n/a	n/a	n/a	n/a	n/a
3384.414	0	1692207	oddball_tone	active_oddball	oddball	n/a	n/a	n/a	n/a	n/a
3385.246	0	1692623	clicker_press	active_oddball	response-received-arrow_up	n/a	n/a	n/a	n/a	arrow_up
3385.314	0	1692657	oddball_response	active_oddball	active-oddball-button-press-826ms	n/a	n/a	0.826	n/a	n/a
3385.446	0	1692723	standard_tone	active_oddball	standard	n/a	n/a	n/a	n/a	n/a
3386.480	0	1693240	standard_tone	active_oddball	standard	n/a	n/a	n/a	n/a	n/a
3387.512	0	1693756	standard_tone	active_oddball	standard	n/a	n/a	n/a	n/a	n/a
3388.544	0	1694272	standard_tone	active_oddball	standard	n/a	n/a	n/a	n/a	n/a
3389.660	0	1694830	standard_tone	active_oddball	standard	n/a	n/a	n/a	n/a	n/a
3390.710	0	1695355	standard_tone	active_oddball	standard	n/a	n/a	n/a	n/a	n/a
3391.724	0	1695862	oddball_tone	active_oddball	oddball	n/a	n/a	n/a	n/a	n/a
3392.658	0	1696329	clicker_press	active_oddball	response-received-arrow_up	n/a	n/a	n/a	n/a	arrow_up
3392.674	0	1696337	oddball_response	active_oddball	active-oddball-button-press-926ms	n/a	n/a	0.926	n/a	n/a
3392.940	0	1696470	distractor_noise	active_oddball	distractor	n/a	n/a	n/a	n/a	n/a
3394.206	0	1697103	standard_tone	active_oddball	standard	n/a	n/a	n/a	n/a	n/a
3395.222	0	1697611	distractor_noise	active_oddball	distractor	n/a	n/a	n/a	n/a	n/a
3396.338	0	1698169	oddball_tone	active_oddball	oddball	n/a	n/a	n/a	n/a	n/a
3397.420	0	1698710	distractor_noise	active_oddball	distractor	n/a	n/a	n/a	n/a	n/a
3398.436	0	1699218	standard_tone	active_oddball	standard	n/a	n/a	n/a	n/a	n/a
3399.468	0	1699734	standard_tone	active_oddball	standard	n/a	n/a	n/a	n/a	n/a
3400.552	0	1700276	standard_tone	active_oddball	standard	n/a	n/a	n/a	n/a	n/a
3401.634	0	1700817	standard_tone	active_oddball	standard	n/a	n/a	n/a	n/a	n/a
3402.650	0	1701325	standard_tone	active_oddball	standard	n/a	n/a	n/a	n/a	n/a
3403.682	0	1701841	standard_tone	active_oddball	standard	n/a	n/a	n/a	n/a	n/a
3404.798	0	1702399	distractor_noise	active_oddball	distractor	n/a	n/a	n/a	n/a	n/a
3405.996	0	1702998	standard_tone	active_oddball	standard	n/a	n/a	n/a	n/a	n/a
3407.162	0	1703581	oddball_tone	active_oddball	oddball	n/a	n/a	n/a	n/a	n/a
3407.894	0	1703947	clicker_press	active_oddball	response-received-arrow_up	n/a	n/a	n/a	n/a	arrow_up
3407.912	0	1703956	oddball_response	active_oddball	active-oddball-button-press-725ms	n/a	n/a	0.725	n/a	n/a
3408.178	0	1704089	distractor_noise	active_oddball	distractor	n/a	n/a	n/a	n/a	n/a
3409.228	0	1704614	standard_tone	active_oddball	standard	n/a	n/a	n/a	n/a	n/a
3410.260	0	1705130	standard_tone	active_oddball	standard	n/a	n/a	n/a	n/a	n/a
3411.408	0	1705704	standard_tone	active_oddball	standard	n/a	n/a	n/a	n/a	n/a
3412.440	0	1706220	standard_tone	active_oddball	standard	n/a	n/a	n/a	n/a	n/a
3413.456	0	1706728	oddball_tone	active_oddball	oddball	n/a	n/a	n/a	n/a	n/a
3414.240	0	1707120	clicker_press	active_oddball	response-received-arrow_up	n/a	n/a	n/a	n/a	arrow_up
3414.522	0	1707261	oddball_response	active_oddball	active-oddball-button-press-777ms	n/a	n/a	0.777	n/a	n/a
3414.524	0	1707262	distractor_noise	active_oddball	distractor	n/a	n/a	n/a	n/a	n/a
3415.538	0	1707769	standard_tone	active_oddball	standard	n/a	n/a	n/a	n/a	n/a
3416.604	0	1708302	standard_tone	active_oddball	standard	n/a	n/a	n/a	n/a	n/a
3417.770	0	1708885	distractor_noise	active_oddball	distractor	n/a	n/a	n/a	n/a	n/a
3418.786	0	1709393	standard_tone	active_oddball	standard	n/a	n/a	n/a	n/a	n/a
3419.802	0	1709901	standard_tone	active_oddball	standard	n/a	n/a	n/a	n/a	n/a
3420.834	0	1710417	standard_tone	active_oddball	standard	n/a	n/a	n/a	n/a	n/a
3421.884	0	1710942	standard_tone	active_oddball	standard	n/a	n/a	n/a	n/a	n/a
3422.966	0	1711483	standard_tone	active_oddball	standard	n/a	n/a	n/a	n/a	n/a
3423.980	0	1711990	standard_tone	active_oddball	standard	n/a	n/a	n/a	n/a	n/a
3425.014	0	1712507	distractor_noise	active_oddball	distractor	n/a	n/a	n/a	n/a	n/a
3426.030	0	1713015	standard_tone	active_oddball	standard	n/a	n/a	n/a	n/a	n/a
3427.178	0	1713589	standard_tone	active_oddball	standard	n/a	n/a	n/a	n/a	n/a
3428.278	0	1714139	standard_tone	active_oddball	standard	n/a	n/a	n/a	n/a	n/a
3429.310	0	1714655	distractor_noise	active_oddball	distractor	n/a	n/a	n/a	n/a	n/a
3430.442	0	1715221	active_oddball_end	active_oddball	active-oddball-end	n/a	n/a	n/a	n/a	n/a
3430.444	0	1715222	prompt_window_begin	active_oddball	probe-oddball-begin	n/a	n/a	n/a	n/a	n/a
3437.588	0	1718794	clicker_press	n/a	response-received-arrow_up	n/a	n/a	n/a	n/a	arrow_up
3437.972	0	1718986	clicker_press	n/a	response-received-arrow_up	n/a	n/a	n/a	n/a	arrow_up
3439.470	0	1719735	depth_rating	active_oddball	rating-oddball-meditation_depth-2	2	n/a	n/a	n/a	n/a
3445.830	0	1722915	clicker_press	n/a	response-received-arrow_up	n/a	n/a	n/a	n/a	arrow_up
3446.164	0	1723082	clicker_press	n/a	response-received-arrow_up	n/a	n/a	n/a	n/a	arrow_up
3446.564	0	1723282	clicker_press	n/a	response-received-arrow_up	n/a	n/a	n/a	n/a	arrow_up
3449.512	0	1724756	confidence_rating	active_oddball	rating-oddball-confidence_depth-3	n/a	3	n/a	n/a	n/a
3450.526	0	1725263	prompt_window_end	active_oddball	probe-oddball-end	n/a	n/a	n/a	n/a	n/a
3575.474	0	1787737	clicker_press	n/a	response-received-arrow_up	n/a	n/a	n/a	n/a	arrow_up
3575.546	0	1787773	silent_emerge_begin	silent_emerge	block-nosapo-emerge-begin	n/a	n/a	n/a	n/a	n/a
3575.546	0	1787773	subblock_begin	silent_emerge	subblock-begin	n/a	n/a	n/a	n/a	n/a
3575.548	0	1787774	silence_begin	silent_emerge	silence-begin	n/a	n/a	n/a	n/a	n/a
3678.004	0	1839002	silence_end	silent_emerge	silence-end	n/a	n/a	n/a	n/a	n/a
3678.022	0	1839011	gong_begin	silent_emerge	gong-begin	n/a	n/a	n/a	n/a	n/a
3688.046	0	1844023	gong_end	silent_emerge	gong-end	n/a	n/a	n/a	n/a	n/a
3688.048	0	1844024	subblock_end	silent_emerge	subblock-end-duration-112.5	n/a	n/a	n/a	112.500	n/a
3688.048	0	1844024	subblock_begin	silent_emerge	subblock-begin	n/a	n/a	n/a	n/a	n/a
3688.048	0	1844024	silence_begin	silent_emerge	silence-begin	n/a	n/a	n/a	n/a	n/a
3802.220	0	1901110	silence_end	silent_emerge	silence-end	n/a	n/a	n/a	n/a	n/a
3802.220	0	1901110	gong_begin	silent_emerge	gong-begin	n/a	n/a	n/a	n/a	n/a
3812.228	0	1906114	gong_end	silent_emerge	gong-end	n/a	n/a	n/a	n/a	n/a
3812.228	0	1906114	subblock_end	silent_emerge	subblock-end-duration-124.181	n/a	n/a	n/a	124.181	n/a
3812.228	0	1906114	subblock_begin	silent_emerge	subblock-begin	n/a	n/a	n/a	n/a	n/a
3812.228	0	1906114	silence_begin	silent_emerge	silence-begin	n/a	n/a	n/a	n/a	n/a
3820.538	0	1910269	clicker_press	silent_emerge	response-received-arrow_up	n/a	n/a	n/a	n/a	arrow_up
3820.554	0	1910277	report_window_begin	silent_emerge	emerge-nosapo-emerge-begin	n/a	n/a	n/a	n/a	n/a
3820.920	0	1910460	clicker_press	silent_emerge	response-received-arrow_up	n/a	n/a	n/a	n/a	arrow_up
3824.700	0	1912350	depth_rating	silent_emerge	rating-nosapo-emerge-meditation_depth-2	2	n/a	n/a	n/a	n/a
3831.262	0	1915631	clicker_press	silent_emerge	response-received-arrow_up	n/a	n/a	n/a	n/a	arrow_up
3831.578	0	1915789	clicker_press	silent_emerge	response-received-arrow_up	n/a	n/a	n/a	n/a	arrow_up
3831.910	0	1915955	clicker_press	silent_emerge	response-received-arrow_up	n/a	n/a	n/a	n/a	arrow_up
3834.874	0	1917437	confidence_rating	silent_emerge	rating-nosapo-emerge-confidence_depth-3	n/a	3	n/a	n/a	n/a
3838.340	0	1919170	report_window_end	silent_emerge	emerge-nosapo-emerge-end	n/a	n/a	n/a	n/a	n/a
3838.340	0	1919170	subblock_begin	silent_emerge	subblock-begin	n/a	n/a	n/a	n/a	n/a
3838.340	0	1919170	silence_begin	silent_emerge	silence-begin	n/a	n/a	n/a	n/a	n/a
3934.276	0	1967138	clicker_press	silent_emerge	response-received-arrow_up	n/a	n/a	n/a	n/a	arrow_up
3934.476	0	1967238	report_window_begin	silent_emerge	emerge-nosapo-emerge-begin	n/a	n/a	n/a	n/a	n/a
3934.560	0	1967280	clicker_press	silent_emerge	response-received-arrow_up	n/a	n/a	n/a	n/a	arrow_up
3938.506	0	1969253	depth_rating	silent_emerge	rating-nosapo-emerge-meditation_depth-2	2	n/a	n/a	n/a	n/a
3945.050	0	1972525	clicker_press	silent_emerge	response-received-arrow_up	n/a	n/a	n/a	n/a	arrow_up
3945.400	0	1972700	clicker_press	silent_emerge	response-received-arrow_up	n/a	n/a	n/a	n/a	arrow_up
3945.800	0	1972900	clicker_press	silent_emerge	response-received-arrow_up	n/a	n/a	n/a	n/a	arrow_up
3946.150	0	1973075	clicker_press	silent_emerge	response-received-arrow_up	n/a	n/a	n/a	n/a	arrow_up
3948.832	0	1974416	confidence_rating	silent_emerge	rating-nosapo-emerge-confidence_depth-4	n/a	4	n/a	n/a	n/a
3952.344	0	1976172	report_window_end	silent_emerge	emerge-nosapo-emerge-end	n/a	n/a	n/a	n/a	n/a
3952.346	0	1976173	subblock_begin	silent_emerge	subblock-begin	n/a	n/a	n/a	n/a	n/a
3952.346	0	1976173	silence_begin	silent_emerge	silence-begin	n/a	n/a	n/a	n/a	n/a
4071.046	0	2035523	silence_end	silent_emerge	silence-end	n/a	n/a	n/a	n/a	n/a
4071.312	0	2035656	gong_begin	silent_emerge	gong-begin	n/a	n/a	n/a	n/a	n/a
4081.072	0	2040536	gong_end	silent_emerge	gong-end	n/a	n/a	n/a	n/a	n/a
4081.072	0	2040536	subblock_end	silent_emerge	subblock-end-duration-128.727	n/a	n/a	n/a	128.727	n/a
4081.072	0	2040536	subblock_begin	silent_emerge	subblock-begin	n/a	n/a	n/a	n/a	n/a
4081.072	0	2040536	silence_begin	silent_emerge	silence-begin	n/a	n/a	n/a	n/a	n/a
4082.554	0	2041277	clicker_press	silent_emerge	response-received-arrow_up	n/a	n/a	n/a	n/a	arrow_up
4082.670	0	2041335	report_window_begin	silent_emerge	emerge-nosapo-emerge-begin	n/a	n/a	n/a	n/a	n/a
4082.970	0	2041485	clicker_press	silent_emerge	response-received-arrow_up	n/a	n/a	n/a	n/a	arrow_up
4083.320	0	2041660	clicker_press	silent_emerge	response-received-arrow_up	n/a	n/a	n/a	n/a	arrow_up
4086.700	0	2043350	depth_rating	silent_emerge	rating-nosapo-emerge-meditation_depth-3	3	n/a	n/a	n/a	n/a
4093.246	0	2046623	clicker_press	silent_emerge	response-received-arrow_up	n/a	n/a	n/a	n/a	arrow_up
4093.594	0	2046797	clicker_press	silent_emerge	response-received-arrow_up	n/a	n/a	n/a	n/a	arrow_up
4093.944	0	2046972	clicker_press	silent_emerge	response-received-arrow_up	n/a	n/a	n/a	n/a	arrow_up
4094.246	0	2047123	clicker_press	silent_emerge	response-received-arrow_up	n/a	n/a	n/a	n/a	arrow_up
4096.876	0	2048438	confidence_rating	silent_emerge	rating-nosapo-emerge-confidence_depth-4	n/a	4	n/a	n/a	n/a
4100.388	0	2050194	report_window_end	silent_emerge	emerge-nosapo-emerge-end	n/a	n/a	n/a	n/a	n/a
4100.390	0	2050195	subblock_begin	silent_emerge	subblock-begin	n/a	n/a	n/a	n/a	n/a
4100.390	0	2050195	silence_begin	silent_emerge	silence-begin	n/a	n/a	n/a	n/a	n/a
4204.502	0	2102251	silence_end	silent_emerge	silence-end	n/a	n/a	n/a	n/a	n/a
4204.518	0	2102259	gong_begin	silent_emerge	gong-begin	n/a	n/a	n/a	n/a	n/a
4214.544	0	2107272	gong_end	silent_emerge	gong-end	n/a	n/a	n/a	n/a	n/a
4214.544	0	2107272	subblock_end	silent_emerge	subblock-end-duration-114.156	n/a	n/a	n/a	114.156	n/a
4214.546	0	2107273	subblock_begin	silent_emerge	subblock-begin	n/a	n/a	n/a	n/a	n/a
4214.546	0	2107273	silence_begin	silent_emerge	silence-begin	n/a	n/a	n/a	n/a	n/a
4324.470	0	2162235	silence_end	silent_emerge	silence-end	n/a	n/a	n/a	n/a	n/a
4324.470	0	2162235	gong_begin	silent_emerge	gong-begin	n/a	n/a	n/a	n/a	n/a
4334.512	0	2167256	gong_end	silent_emerge	gong-end	n/a	n/a	n/a	n/a	n/a
4334.514	0	2167257	subblock_end	silent_emerge	subblock-end-duration-119.968	n/a	n/a	n/a	119.968	n/a
4334.514	0	2167257	subblock_begin	silent_emerge	subblock-begin	n/a	n/a	n/a	n/a	n/a
4334.514	0	2167257	silence_begin	silent_emerge	silence-begin	n/a	n/a	n/a	n/a	n/a
4334.910	0	2167455	clicker_press	silent_emerge	response-received-arrow_up	n/a	n/a	n/a	n/a	arrow_up
4335.260	0	2167630	report_window_begin	silent_emerge	emerge-nosapo-emerge-begin	n/a	n/a	n/a	n/a	n/a
4335.294	0	2167647	clicker_press	silent_emerge	response-received-arrow_up	n/a	n/a	n/a	n/a	arrow_up
4335.628	0	2167814	clicker_press	silent_emerge	response-received-arrow_up	n/a	n/a	n/a	n/a	arrow_up
4339.340	0	2169670	depth_rating	silent_emerge	rating-nosapo-emerge-meditation_depth-3	3	n/a	n/a	n/a	n/a
4345.768	0	2172884	clicker_press	silent_emerge	response-received-arrow_up	n/a	n/a	n/a	n/a	arrow_up
4346.118	0	2173059	clicker_press	silent_emerge	response-received-arrow_up	n/a	n/a	n/a	n/a	arrow_up
4346.486	0	2173243	clicker_press	silent_emerge	response-received-arrow_up	n/a	n/a	n/a	n/a	arrow_up
4346.852	0	2173426	clicker_press	silent_emerge	response-received-arrow_up	n/a	n/a	n/a	n/a	arrow_up
4347.186	0	2173593	clicker_press	silent_emerge	response-received-arrow_up	n/a	n/a	n/a	n/a	arrow_up
4349.516	0	2174758	confidence_rating	silent_emerge	rating-nosapo-emerge-confidence_depth-5	n/a	5	n/a	n/a	n/a
4353.162	0	2176581	report_window_end	silent_emerge	emerge-nosapo-emerge-end	n/a	n/a	n/a	n/a	n/a
4353.164	0	2176582	subblock_begin	silent_emerge	subblock-begin	n/a	n/a	n/a	n/a	n/a
4353.164	0	2176582	silence_begin	silent_emerge	silence-begin	n/a	n/a	n/a	n/a	n/a
4468.000	0	2234000	silence_end	silent_emerge	silence-end	n/a	n/a	n/a	n/a	n/a
4468.050	0	2234025	gong_begin	silent_emerge	gong-begin	n/a	n/a	n/a	n/a	n/a
4478.026	0	2239013	gong_end	silent_emerge	gong-end	n/a	n/a	n/a	n/a	n/a
4478.028	0	2239014	subblock_end	silent_emerge	subblock-end-duration-124.863	n/a	n/a	n/a	124.863	n/a
4478.028	0	2239014	subblock_begin	silent_emerge	subblock-begin	n/a	n/a	n/a	n/a	n/a
4478.028	0	2239014	silence_begin	silent_emerge	silence-begin	n/a	n/a	n/a	n/a	n/a
4480.358	0	2240179	clicker_press	silent_emerge	response-received-arrow_up	n/a	n/a	n/a	n/a	arrow_up
4480.408	0	2240204	report_window_begin	silent_emerge	emerge-nosapo-emerge-begin	n/a	n/a	n/a	n/a	n/a
4484.438	0	2242219	depth_rating	silent_emerge	rating-nosapo-emerge-meditation_depth-1	1	n/a	n/a	n/a	n/a
4490.400	0	2245200	clicker_press	silent_emerge	response-received-arrow_up	n/a	n/a	n/a	n/a	arrow_up
4490.732	0	2245366	clicker_press	silent_emerge	response-received-arrow_up	n/a	n/a	n/a	n/a	arrow_up
4491.016	0	2245508	clicker_press	silent_emerge	response-received-arrow_up	n/a	n/a	n/a	n/a	arrow_up
4494.496	0	2247248	confidence_rating	silent_emerge	rating-nosapo-emerge-confidence_depth-3	n/a	3	n/a	n/a	n/a
4498.094	0	2249047	report_window_end	silent_emerge	emerge-nosapo-emerge-end	n/a	n/a	n/a	n/a	n/a
4498.094	0	2249047	subblock_begin	silent_emerge	subblock-begin	n/a	n/a	n/a	n/a	n/a
4498.096	0	2249048	silence_begin	silent_emerge	silence-begin	n/a	n/a	n/a	n/a	n/a
4601.656	0	2300828	silence_end	silent_emerge	silence-end	n/a	n/a	n/a	n/a	n/a
4601.790	0	2300895	gong_begin	silent_emerge	gong-begin	n/a	n/a	n/a	n/a	n/a
4611.666	0	2305833	gong_end	silent_emerge	gong-end	n/a	n/a	n/a	n/a	n/a
4611.666	0	2305833	subblock_end	silent_emerge	subblock-end-duration-113.572	n/a	n/a	n/a	113.572	n/a
4611.666	0	2305833	subblock_begin	silent_emerge	subblock-begin	n/a	n/a	n/a	n/a	n/a
4611.666	0	2305833	silence_begin	silent_emerge	silence-begin	n/a	n/a	n/a	n/a	n/a
4629.618	0	2314809	clicker_press	silent_emerge	response-received-arrow_up	n/a	n/a	n/a	n/a	arrow_up
4629.684	0	2314842	report_window_begin	silent_emerge	emerge-nosapo-emerge-begin	n/a	n/a	n/a	n/a	n/a
4633.698	0	2316849	depth_rating	silent_emerge	rating-nosapo-emerge-meditation_depth-1	1	n/a	n/a	n/a	n/a
4639.692	0	2319846	clicker_press	silent_emerge	response-received-arrow_up	n/a	n/a	n/a	n/a	arrow_up
4640.008	0	2320004	clicker_press	silent_emerge	response-received-arrow_up	n/a	n/a	n/a	n/a	arrow_up
4640.324	0	2320162	clicker_press	silent_emerge	response-received-arrow_up	n/a	n/a	n/a	n/a	arrow_up
4640.676	0	2320338	clicker_press	silent_emerge	response-received-arrow_up	n/a	n/a	n/a	n/a	arrow_up
4643.806	0	2321903	confidence_rating	silent_emerge	rating-nosapo-emerge-confidence_depth-4	n/a	4	n/a	n/a	n/a
4647.286	0	2323643	report_window_end	silent_emerge	emerge-nosapo-emerge-end	n/a	n/a	n/a	n/a	n/a
4647.286	0	2323643	subblock_begin	silent_emerge	subblock-begin	n/a	n/a	n/a	n/a	n/a
4647.288	0	2323644	silence_begin	silent_emerge	silence-begin	n/a	n/a	n/a	n/a	n/a
4754.030	0	2377015	silence_end	silent_emerge	silence-end	n/a	n/a	n/a	n/a	n/a
4754.048	0	2377024	gong_begin	silent_emerge	gong-begin	n/a	n/a	n/a	n/a	n/a
4758.694	0	2379347	clicker_press	silent_emerge	response-received-arrow_up	n/a	n/a	n/a	n/a	arrow_up
4758.710	0	2379355	gong_end	silent_emerge	gong-end	n/a	n/a	n/a	n/a	n/a
4758.712	0	2379356	report_window_begin	silent_emerge	emerge-nosapo-emerge-begin	n/a	n/a	n/a	n/a	n/a
4759.144	0	2379572	clicker_press	silent_emerge	response-received-arrow_up	n/a	n/a	n/a	n/a	arrow_up
4762.758	0	2381379	depth_rating	silent_emerge	rating-nosapo-emerge-meditation_depth-2	2	n/a	n/a	n/a	n/a
4769.334	0	2384667	clicker_press	silent_emerge	response-received-arrow_up	n/a	n/a	n/a	n/a	arrow_up
4769.652	0	2384826	clicker_press	silent_emerge	response-received-arrow_up	n/a	n/a	n/a	n/a	arrow_up
4769.968	0	2384984	clicker_press	silent_emerge	response-received-arrow_up	n/a	n/a	n/a	n/a	arrow_up
4770.334	0	2385167	clicker_press	silent_emerge	response-received-arrow_up	n/a	n/a	n/a	n/a	arrow_up
4772.866	0	2386433	confidence_rating	silent_emerge	rating-nosapo-emerge-confidence_depth-4	n/a	4	n/a	n/a	n/a
4776.296	0	2388148	report_window_end	silent_emerge	emerge-nosapo-emerge-end	n/a	n/a	n/a	n/a	n/a
4776.296	0	2388148	subblock_end	silent_emerge	subblock-end-duration-129.011	n/a	n/a	n/a	129.011	n/a
4776.298	0	2388149	subblock_begin	silent_emerge	subblock-begin	n/a	n/a	n/a	n/a	n/a
4776.298	0	2388149	silence_begin	silent_emerge	silence-begin	n/a	n/a	n/a	n/a	n/a
4881.542	0	2440771	silence_end	silent_emerge	silence-end	n/a	n/a	n/a	n/a	n/a
4881.542	0	2440771	gong_begin	silent_emerge	gong-begin	n/a	n/a	n/a	n/a	n/a
4891.634	0	2445817	gong_end	silent_emerge	gong-end	n/a	n/a	n/a	n/a	n/a
4891.634	0	2445817	subblock_end	silent_emerge	subblock-end-duration-115.337	n/a	n/a	n/a	115.337	n/a
4891.636	0	2445818	subblock_begin	silent_emerge	subblock-begin	n/a	n/a	n/a	n/a	n/a
4891.636	0	2445818	silence_begin	silent_emerge	silence-begin	n/a	n/a	n/a	n/a	n/a
5010.452	0	2505226	silence_end	silent_emerge	silence-end	n/a	n/a	n/a	n/a	n/a
5010.454	0	2505227	gong_begin	silent_emerge	gong-begin	n/a	n/a	n/a	n/a	n/a
5016.414	0	2508207	clicker_press	silent_emerge	response-received-arrow_up	n/a	n/a	n/a	n/a	arrow_up
5016.430	0	2508215	gong_end	silent_emerge	gong-end	n/a	n/a	n/a	n/a	n/a
5016.432	0	2508216	report_window_begin	silent_emerge	emerge-nosapo-emerge-begin	n/a	n/a	n/a	n/a	n/a
5017.048	0	2508524	clicker_press	silent_emerge	response-received-arrow_up	n/a	n/a	n/a	n/a	arrow_up
5020.510	0	2510255	depth_rating	silent_emerge	rating-nosapo-emerge-meditation_depth-2	2	n/a	n/a	n/a	n/a
5027.172	0	2513586	clicker_press	silent_emerge	response-received-arrow_up	n/a	n/a	n/a	n/a	arrow_up
5027.488	0	2513744	clicker_press	silent_emerge	response-received-arrow_up	n/a	n/a	n/a	n/a	arrow_up
5027.854	0	2513927	clicker_press	silent_emerge	response-received-arrow_up	n/a	n/a	n/a	n/a	arrow_up
5028.186	0	2514093	clicker_press	silent_emerge	response-received-arrow_up	n/a	n/a	n/a	n/a	arrow_up
5030.688	0	2515344	confidence_rating	silent_emerge	rating-nosapo-emerge-confidence_depth-4	n/a	4	n/a	n/a	n/a
5034.148	0	2517074	report_window_end	silent_emerge	emerge-nosapo-emerge-end	n/a	n/a	n/a	n/a	n/a
5034.150	0	2517075	subblock_end	silent_emerge	subblock-end-duration-142.514	n/a	n/a	n/a	142.514	n/a
5034.150	0	2517075	subblock_begin	silent_emerge	subblock-begin	n/a	n/a	n/a	n/a	n/a
5034.152	0	2517076	silence_begin	silent_emerge	silence-begin	n/a	n/a	n/a	n/a	n/a
5151.952	0	2575976	silence_end	silent_emerge	silence-end	n/a	n/a	n/a	n/a	n/a
5152.134	0	2576067	gong_begin	silent_emerge	gong-begin	n/a	n/a	n/a	n/a	n/a
5161.994	0	2580997	gong_end	silent_emerge	gong-end	n/a	n/a	n/a	n/a	n/a
5161.994	0	2580997	subblock_end	silent_emerge	subblock-end-duration-127.844	n/a	n/a	n/a	127.844	n/a
5161.994	0	2580997	subblock_begin	silent_emerge	subblock-begin	n/a	n/a	n/a	n/a	n/a
5161.994	0	2580997	silence_begin	silent_emerge	silence-begin	n/a	n/a	n/a	n/a	n/a
5264.808	0	2632404	silence_end	silent_emerge	silence-end	n/a	n/a	n/a	n/a	n/a
5264.808	0	2632404	gong_begin	silent_emerge	gong-begin	n/a	n/a	n/a	n/a	n/a
5270.438	0	2635219	clicker_press	silent_emerge	response-received-arrow_up	n/a	n/a	n/a	n/a	arrow_up
5270.454	0	2635227	gong_end	silent_emerge	gong-end	n/a	n/a	n/a	n/a	n/a
5270.454	0	2635227	report_window_begin	silent_emerge	emerge-nosapo-emerge-begin	n/a	n/a	n/a	n/a	n/a
5270.804	0	2635402	clicker_press	silent_emerge	response-received-arrow_up	n/a	n/a	n/a	n/a	arrow_up
5271.220	0	2635610	clicker_press	silent_emerge	response-received-arrow_up	n/a	n/a	n/a	n/a	arrow_up
5274.516	0	2637258	depth_rating	silent_emerge	rating-nosapo-emerge-meditation_depth-3	3	n/a	n/a	n/a	n/a
5281.010	0	2640505	clicker_press	silent_emerge	response-received-arrow_up	n/a	n/a	n/a	n/a	arrow_up
5281.362	0	2640681	clicker_press	silent_emerge	response-received-arrow_up	n/a	n/a	n/a	n/a	arrow_up
5281.762	0	2640881	clicker_press	silent_emerge	response-received-arrow_up	n/a	n/a	n/a	n/a	arrow_up
5282.128	0	2641064	clicker_press	silent_emerge	response-received-arrow_up	n/a	n/a	n/a	n/a	arrow_up
5284.592	0	2642296	confidence_rating	silent_emerge	rating-nosapo-emerge-confidence_depth-4	n/a	4	n/a	n/a	n/a
5288.106	0	2644053	report_window_end	silent_emerge	emerge-nosapo-emerge-end	n/a	n/a	n/a	n/a	n/a
5288.106	0	2644053	subblock_end	silent_emerge	subblock-end-duration-126.112	n/a	n/a	n/a	126.112	n/a
5288.106	0	2644053	subblock_begin	silent_emerge	subblock-begin	n/a	n/a	n/a	n/a	n/a
5288.108	0	2644054	silence_begin	silent_emerge	silence-begin	n/a	n/a	n/a	n/a	n/a
5396.332	0	2698166	silence_end	silent_emerge	silence-end	n/a	n/a	n/a	n/a	n/a
5396.348	0	2698174	gong_begin	silent_emerge	gong-begin	n/a	n/a	n/a	n/a	n/a
5406.358	0	2703179	gong_end	silent_emerge	gong-end	n/a	n/a	n/a	n/a	n/a
5406.358	0	2703179	subblock_end	silent_emerge	subblock-end-duration-118.252	n/a	n/a	n/a	118.252	n/a
5406.360	0	2703180	subblock_begin	silent_emerge	subblock-begin	n/a	n/a	n/a	n/a	n/a
5406.360	0	2703180	silence_begin	silent_emerge	silence-begin	n/a	n/a	n/a	n/a	n/a
5430.954	0	2715477	clicker_press	silent_emerge	response-received-arrow_up	n/a	n/a	n/a	n/a	arrow_up
5430.970	0	2715485	report_window_begin	silent_emerge	emerge-nosapo-emerge-begin	n/a	n/a	n/a	n/a	n/a
5434.980	0	2717490	depth_rating	silent_emerge	rating-nosapo-emerge-meditation_depth-1	1	n/a	n/a	n/a	n/a
5441.030	0	2720515	clicker_press	silent_emerge	response-received-arrow_up	n/a	n/a	n/a	n/a	arrow_up
5441.344	0	2720672	clicker_press	silent_emerge	response-received-arrow_up	n/a	n/a	n/a	n/a	arrow_up
5441.612	0	2720806	clicker_press	silent_emerge	response-received-arrow_up	n/a	n/a	n/a	n/a	arrow_up
5445.010	0	2722505	confidence_rating	silent_emerge	rating-nosapo-emerge-confidence_depth-3	n/a	3	n/a	n/a	n/a
5448.522	0	2724261	report_window_end	silent_emerge	emerge-nosapo-emerge-end	n/a	n/a	n/a	n/a	n/a
5448.524	0	2724262	subblock_begin	silent_emerge	subblock-begin	n/a	n/a	n/a	n/a	n/a
5448.524	0	2724262	silence_begin	silent_emerge	silence-begin	n/a	n/a	n/a	n/a	n/a
5553.502	0	2776751	silence_end	silent_emerge	silence-end	n/a	n/a	n/a	n/a	n/a
5553.518	0	2776759	gong_begin	silent_emerge	gong-begin	n/a	n/a	n/a	n/a	n/a
5561.030	0	2780515	clicker_press	silent_emerge	response-received-arrow_up	n/a	n/a	n/a	n/a	arrow_up
5561.080	0	2780540	gong_end	silent_emerge	gong-end	n/a	n/a	n/a	n/a	n/a
5561.080	0	2780540	report_window_begin	silent_emerge	emerge-nosapo-emerge-begin	n/a	n/a	n/a	n/a	n/a
5561.330	0	2780665	clicker_press	silent_emerge	response-received-arrow_up	n/a	n/a	n/a	n/a	arrow_up
5565.160	0	2782580	depth_rating	silent_emerge	rating-nosapo-emerge-meditation_depth-2	2	n/a	n/a	n/a	n/a
5571.338	0	2785669	clicker_press	silent_emerge	response-received-arrow_up	n/a	n/a	n/a	n/a	arrow_up
5571.604	0	2785802	clicker_press	silent_emerge	response-received-arrow_up	n/a	n/a	n/a	n/a	arrow_up
5571.988	0	2785994	clicker_press	silent_emerge	response-received-arrow_up	n/a	n/a	n/a	n/a	arrow_up
5572.370	0	2786185	clicker_press	silent_emerge	response-received-arrow_up	n/a	n/a	n/a	n/a	arrow_up
5575.368	0	2787684	confidence_rating	silent_emerge	rating-nosapo-emerge-confidence_depth-4	n/a	4	n/a	n/a	n/a
5578.866	0	2789433	report_window_end	silent_emerge	emerge-nosapo-emerge-end	n/a	n/a	n/a	n/a	n/a
5578.866	0	2789433	subblock_end	silent_emerge	subblock-end-duration-130.343	n/a	n/a	n/a	130.343	n/a
5578.868	0	2789434	subblock_begin	silent_emerge	subblock-begin	n/a	n/a	n/a	n/a	n/a
5578.868	0	2789434	silence_begin	silent_emerge	silence-begin	n/a	n/a	n/a	n/a	n/a
5675.584	0	2837792	silent_emerge_end	silent_emerge	block-nosapo-emerge-end	n/a	n/a	n/a	n/a	n/a
5675.586	0	2837793	block_duration	silent_emerge	block-nosapo-emerge-duration-2100	n/a	n/a	n/a	2100.000	n/a
5675.586	0	2837793	prompt_window_begin	silent_emerge	probe-nosapo-emerge-begin	n/a	n/a	n/a	n/a	n/a
5682.130	0	2841065	clicker_press	n/a	response-received-arrow_up	n/a	n/a	n/a	n/a	arrow_up
5682.462	0	2841231	clicker_press	n/a	response-received-arrow_up	n/a	n/a	n/a	n/a	arrow_up
5684.628	0	2842314	depth_rating	silent_emerge	rating-nosapo-emerge-meditation_depth-2	2	n/a	n/a	n/a	n/a
5690.622	0	2845311	clicker_press	n/a	response-received-arrow_up	n/a	n/a	n/a	n/a	arrow_up
5691.006	0	2845503	clicker_press	n/a	response-received-arrow_up	n/a	n/a	n/a	n/a	arrow_up
5691.404	0	2845702	clicker_press	n/a	response-received-arrow_up	n/a	n/a	n/a	n/a	arrow_up
5691.922	0	2845961	clicker_press	n/a	response-received-arrow_up	n/a	n/a	n/a	n/a	arrow_up
5694.718	0	2847359	confidence_rating	silent_emerge	rating-nosapo-emerge-confidence_depth-4	n/a	4	n/a	n/a	n/a
5695.734	0	2847867	prompt_window_end	silent_emerge	probe-nosapo-emerge-end	n/a	n/a	n/a	n/a	n/a
5695.736	0	2847868	break_begin	break	break-begin	n/a	n/a	n/a	n/a	n/a
5801.330	0	2900665	clicker_press	break	response-received-enter	n/a	n/a	n/a	n/a	enter
5801.346	0	2900673	break_end	break	break-end	n/a	n/a	n/a	n/a	n/a
5827.176	0	2913588	clicker_press	n/a	response-received-arrow_up	n/a	n/a	n/a	n/a	arrow_up
5827.194	0	2913597	post_meditation_begin	post_meditation	post-meditation-begin	n/a	n/a	n/a	n/a	n/a
6127.262	0	3063631	post_meditation_end	post_meditation	post-meditation-end	n/a	n/a	n/a	n/a	n/a
6127.262	0	3063631	prompt_window_begin	post_meditation	probe-post-meditation-begin	n/a	n/a	n/a	n/a	n/a
6133.890	0	3066945	clicker_press	n/a	response-received-arrow_up	n/a	n/a	n/a	n/a	arrow_up
6134.272	0	3067136	clicker_press	n/a	response-received-arrow_up	n/a	n/a	n/a	n/a	arrow_up
6136.336	0	3068168	depth_rating	post_meditation	rating-post-meditation-meditation_depth-2	2	n/a	n/a	n/a	n/a
6142.382	0	3071191	clicker_press	n/a	response-received-arrow_up	n/a	n/a	n/a	n/a	arrow_up
6142.648	0	3071324	clicker_press	n/a	response-received-arrow_up	n/a	n/a	n/a	n/a	arrow_up
6143.014	0	3071507	clicker_press	n/a	response-received-arrow_up	n/a	n/a	n/a	n/a	arrow_up
6146.396	0	3073198	confidence_rating	post_meditation	rating-post-meditation-confidence_depth-3	n/a	3	n/a	n/a	n/a
6147.444	0	3073722	prompt_window_end	post_meditation	probe-post-meditation-end	n/a	n/a	n/a	n/a	n/a
6156.886	0	3078443	task_end	n/a	task-end	n/a	n/a	n/a	n/a	n/a
