onset	duration	sample	trial_type	block	value	depth	confidence	response_time	logged_duration	key
0.000	0	0	clicker_press	n/a	response-received-page_up	n/a	n/a	n/a	n/a	page_up
5.194	0	2597	clicker_press	n/a	response-received-page_up	n/a	n/a	n/a	n/a	page_up
17.318	0	8659	clicker_press	n/a	response-received-page_up	n/a	n/a	n/a	n/a	page_up
27.824	0	13912	clicker_press	n/a	response-received-page_up	n/a	n/a	n/a	n/a	page_up
63.562	0	31781	clicker_press	n/a	response-received-page_up	n/a	n/a	n/a	n/a	page_up
81.230	0	40615	clicker_press	n/a	response-received-page_up	n/a	n/a	n/a	n/a	page_up
96.118	0	48059	clicker_press	n/a	response-received-page_up	n/a	n/a	n/a	n/a	page_up
117.268	0	58634	clicker_press	n/a	response-received-page_up	n/a	n/a	n/a	n/a	page_up
117.286	0	58643	task_begin	n/a	task-begin	n/a	n/a	n/a	n/a	n/a
919.108	0	459554	clicker_press	n/a	response-received-page_up	n/a	n/a	n/a	n/a	page_up
919.120	0	459560	baseline_begin	baseline	baseline-begin	n/a	n/a	n/a	n/a	n/a
1219.170	0	609585	baseline_end	baseline	baseline-end	n/a	n/a	n/a	n/a	n/a
1237.756	0	618878	clicker_press	n/a	response-received-page_up	n/a	n/a	n/a	n/a	page_up
1237.772	0	618886	pre_meditation_begin	pre_meditation	pre-meditation-begin	n/a	n/a	n/a	n/a	n/a
1537.790	0	768895	pre_meditation_end	pre_meditation	pre-meditation-end	n/a	n/a	n/a	n/a	n/a
1537.790	0	768895	prompt_window_begin	pre_meditation	probe-pre-meditation-begin	n/a	n/a	n/a	n/a	n/a
1542.252	0	771126	clicker_press	n/a	response-received-page_up	n/a	n/a	n/a	n/a	page_up
1546.814	0	773407	depth_rating	pre_meditation	rating-pre-meditation-meditation_depth-1	1	n/a	n/a	n/a	n/a
1552.710	0	776355	clicker_press	n/a	response-received-page_up	n/a	n/a	n/a	n/a	page_up
1553.294	0	776647	clicker_press	n/a	response-received-page_up	n/a	n/a	n/a	n/a	page_up
1553.794	0	776897	clicker_press	n/a	response-received-page_up	n/a	n/a	n/a	n/a	page_up
1554.360	0	777180	clicker_press	n/a	response-received-page_up	n/a	n/a	n/a	n/a	page_up
1554.942	0	777471	clicker_press	n/a	response-received-page_up	n/a	n/a	n/a	n/a	page_up
1556.974	0	778487	confidence_rating	pre_meditation	rating-pre-meditation-confidence_depth-5	n/a	5	n/a	n/a	n/a
1557.990	0	778995	prompt_window_end	pre_meditation	probe-pre-meditation-end	n/a	n/a	n/a	n/a	n/a
1726.184	0	863092	clicker_press	n/a	response-received-page_up	n/a	n/a	n/a	n/a	page_up
1726.206	0	863103	silent_probe_begin	silent_probe	block-nosapo-probe-begin	n/a	n/a	n/a	n/a	n/a
1726.208	0	863104	subblock_begin	silent_probe	subblock-begin	n/a	n/a	n/a	n/a	n/a
1726.208	0	863104	silence_begin	silent_probe	silence-begin	n/a	n/a	n/a	n/a	n/a
1828.666	0	914333	silence_end	silent_probe	silence-end	n/a	n/a	n/a	n/a	n/a
1828.666	0	914333	gong_begin	silent_probe	gong-begin	n/a	n/a	n/a	n/a	n/a
1838.774	0	919387	gong_end	silent_probe	gong-end	n/a	n/a	n/a	n/a	n/a
1838.774	0	919387	subblock_end	silent_probe	subblock-end-duration-112.567	n/a	n/a	n/a	112.567	n/a
1838.774	0	919387	subblock_begin	silent_probe	subblock-begin	n/a	n/a	n/a	n/a	n/a
1838.776	0	919388	silence_begin	silent_probe	silence-begin	n/a	n/a	n/a	n/a	n/a
1924.220	0	962110	prompt_window_begin	silent_probe	probe-nosapo-probe-begin	n/a	n/a	n/a	n/a	n/a
1928.322	0	964161	clicker_press	silent_probe	response-received-page_up	n/a	n/a	n/a	n/a	page_up
1929.016	0	964508	clicker_press	silent_probe	response-received-page_up	n/a	n/a	n/a	n/a	page_up
1933.330	0	966665	depth_rating	silent_probe	rating-nosapo-probe-meditation_depth-2	2	n/a	n/a	n/a	n/a
1939.424	0	969712	clicker_press	silent_probe	response-received-page_up	n/a	n/a	n/a	n/a	page_up
1939.974	0	969987	clicker_press	silent_probe	response-received-page_up	n/a	n/a	n/a	n/a	page_up
1940.456	0	970228	clicker_press	silent_probe	response-received-page_up	n/a	n/a	n/a	n/a	page_up
1941.038	0	970519	clicker_press	silent_probe	response-received-page_up	n/a	n/a	n/a	n/a	page_up
1941.572	0	970786	clicker_press	silent_probe	response-received-page_up	n/a	n/a	n/a	n/a	page_up
1943.536	0	971768	confidence_rating	silent_probe	rating-nosapo-probe-confidence_depth-5	n/a	5	n/a	n/a	n/a
1947.000	0	973500	prompt_window_end	silent_probe	probe-nosapo-probe-end	n/a	n/a	n/a	n/a	n/a
1980.740	0	990370	silence_end	silent_probe	silence-end	n/a	n/a	n/a	n/a	n/a
1980.740	0	990370	subblock_end	silent_probe	subblock-end-duration-141.966	n/a	n/a	n/a	141.966	n/a
1980.740	0	990370	subblock_begin	silent_probe	subblock-begin	n/a	n/a	n/a	n/a	n/a
1980.742	0	990371	silence_begin	silent_probe	silence-begin	n/a	n/a	n/a	n/a	n/a
2089.166	0	1044583	silence_end	silent_probe	silence-end	n/a	n/a	n/a	n/a	n/a
2089.166	0	1044583	gong_begin	silent_probe	gong-begin	n/a	n/a	n/a	n/a	n/a
2099.308	0	1049654	gong_end	silent_probe	gong-end	n/a	n/a	n/a	n/a	n/a
2099.308	0	1049654	subblock_end	silent_probe	subblock-end-duration-118.568	n/a	n/a	n/a	118.568	n/a
2099.310	0	1049655	subblock_begin	silent_probe	subblock-begin	n/a	n/a	n/a	n/a	n/a
2099.310	0	1049655	silence_begin	silent_probe	silence-begin	n/a	n/a	n/a	n/a	n/a
2185.020	0	1092510	prompt_window_begin	silent_probe	probe-nosapo-probe-begin	n/a	n/a	n/a	n/a	n/a
2188.062	0	1094031	clicker_press	silent_probe	response-received-page_up	n/a	n/a	n/a	n/a	page_up
2188.634	0	1094317	clicker_press	silent_probe	response-received-page_up	n/a	n/a	n/a	n/a	page_up
2189.366	0	1094683	clicker_press	silent_probe	response-received-page_up	n/a	n/a	n/a	n/a	page_up
2194.096	0	1097048	depth_rating	silent_probe	rating-nosapo-probe-meditation_depth-3	3	n/a	n/a	n/a	n/a
2200.274	0	1100137	clicker_press	silent_probe	response-received-page_up	n/a	n/a	n/a	n/a	page_up
2200.774	0	1100387	clicker_press	silent_probe	response-received-page_up	n/a	n/a	n/a	n/a	page_up
2201.424	0	1100712	clicker_press	silent_probe	response-received-page_up	n/a	n/a	n/a	n/a	page_up
2202.040	0	1101020	clicker_press	silent_probe	response-received-page_up	n/a	n/a	n/a	n/a	page_up
2202.706	0	1101353	clicker_press	silent_probe	response-received-page_up	n/a	n/a	n/a	n/a	page_up
2204.156	0	1102078	confidence_rating	silent_probe	rating-nosapo-probe-confidence_depth-5	n/a	5	n/a	n/a	n/a
2207.650	0	1103825	prompt_window_end	silent_probe	probe-nosapo-probe-end	n/a	n/a	n/a	n/a	n/a
2235.778	0	1117889	silence_end	silent_probe	silence-end	n/a	n/a	n/a	n/a	n/a
2235.780	0	1117890	subblock_end	silent_probe	subblock-end-duration-136.469	n/a	n/a	n/a	136.469	n/a
2235.780	0	1117890	subblock_begin	silent_probe	subblock-begin	n/a	n/a	n/a	n/a	n/a
2235.780	0	1117890	silence_begin	silent_probe	silence-begin	n/a	n/a	n/a	n/a	n/a
2352.548	0	1176274	silence_end	silent_probe	silence-end	n/a	n/a	n/a	n/a	n/a
2352.548	0	1176274	subblock_end	silent_probe	subblock-end-duration-116.769	n/a	n/a	n/a	116.769	n/a
2352.548	0	1176274	subblock_begin	silent_probe	subblock-begin	n/a	n/a	n/a	n/a	n/a
2352.550	0	1176275	silence_begin	silent_probe	silence-begin	n/a	n/a	n/a	n/a	n/a
2397.660	0	1198830	prompt_window_begin	silent_probe	probe-nosapo-probe-begin	n/a	n/a	n/a	n/a	n/a
2401.924	0	1200962	clicker_press	silent_probe	response-received-page_up	n/a	n/a	n/a	n/a	page_up
2402.506	0	1201253	clicker_press	silent_probe	response-received-page_up	n/a	n/a	n/a	n/a	page_up
2402.940	0	1201470	clicker_press	silent_probe	response-received-page_up	n/a	n/a	n/a	n/a	page_up
2406.686	0	1203343	depth_rating	silent_probe	rating-nosapo-probe-meditation_depth-3	3	n/a	n/a	n/a	n/a
2409.018	0	1204509	clicker_press	silent_probe	response-received-page_up	n/a	n/a	n/a	n/a	page_up
2409.534	0	1204767	clicker_press	silent_probe	response-received-page_up	n/a	n/a	n/a	n/a	page_up
2410.166	0	1205083	clicker_press	silent_probe	response-received-page_up	n/a	n/a	n/a	n/a	page_up
2410.816	0	1205408	clicker_press	silent_probe	response-received-page_up	n/a	n/a	n/a	n/a	page_up
2411.482	0	1205741	clicker_press	silent_probe	response-received-page_up	n/a	n/a	n/a	n/a	page_up
2416.810	0	1208405	confidence_rating	silent_probe	rating-nosapo-probe-confidence_depth-5	n/a	5	n/a	n/a	n/a
2420.324	0	1210162	prompt_window_end	silent_probe	probe-nosapo-probe-end	n/a	n/a	n/a	n/a	n/a
2478.144	0	1239072	silence_end	silent_probe	silence-end	n/a	n/a	n/a	n/a	n/a
2478.144	0	1239072	subblock_end	silent_probe	subblock-end-duration-125.595	n/a	n/a	n/a	125.595	n/a
2478.146	0	1239073	subblock_begin	silent_probe	subblock-begin	n/a	n/a	n/a	n/a	n/a
2478.146	0	1239073	silence_begin	silent_probe	silence-begin	n/a	n/a	n/a	n/a	n/a
2583.340	0	1291670	silence_end	silent_probe	silence-end	n/a	n/a	n/a	n/a	n/a
2583.340	0	1291670	subblock_end	silent_probe	subblock-end-duration-105.196	n/a	n/a	n/a	105.196	n/a
2583.340	0	1291670	subblock_begin	silent_probe	subblock-begin	n/a	n/a	n/a	n/a	n/a
2583.342	0	1291671	silence_begin	silent_probe	silence-begin	n/a	n/a	n/a	n/a	n/a
2619.326	0	1309663	prompt_window_begin	silent_probe	probe-nosapo-probe-begin	n/a	n/a	n/a	n/a	n/a
2622.260	0	1311130	clicker_press	silent_probe	response-received-page_up	n/a	n/a	n/a	n/a	page_up
2622.656	0	1311328	clicker_press	silent_probe	response-received-page_up	n/a	n/a	n/a	n/a	page_up
2628.368	0	1314184	depth_rating	silent_probe	rating-nosapo-probe-meditation_depth-2	2	n/a	n/a	n/a	n/a
2633.182	0	1316591	clicker_press	silent_probe	response-received-page_up	n/a	n/a	n/a	n/a	page_up
2633.898	0	1316949	clicker_press	silent_probe	response-received-page_up	n/a	n/a	n/a	n/a	page_up
2638.428	0	1319214	confidence_rating	silent_probe	rating-nosapo-probe-confidence_depth-2	n/a	2	n/a	n/a	n/a
2641.942	0	1320971	prompt_window_end	silent_probe	probe-nosapo-probe-end	n/a	n/a	n/a	n/a	n/a
2713.548	0	1356774	silence_end	silent_probe	silence-end	n/a	n/a	n/a	n/a	n/a
2713.548	0	1356774	gong_begin	silent_probe	gong-begin	n/a	n/a	n/a	n/a	n/a
2723.656	0	1361828	gong_end	silent_probe	gong-end	n/a	n/a	n/a	n/a	n/a
2723.658	0	1361829	subblock_end	silent_probe	subblock-end-duration-140.317	n/a	n/a	n/a	140.317	n/a
2723.658	0	1361829	subblock_begin	silent_probe	subblock-begin	n/a	n/a	n/a	n/a	n/a
2723.658	0	1361829	silence_begin	silent_probe	silence-begin	n/a	n/a	n/a	n/a	n/a
2843.140	0	1421570	silence_end	silent_probe	silence-end	n/a	n/a	n/a	n/a	n/a
2843.142	0	1421571	gong_begin	silent_probe	gong-begin	n/a	n/a	n/a	n/a	n/a
2853.232	0	1426616	gong_end	silent_probe	gong-end	n/a	n/a	n/a	n/a	n/a
2853.234	0	1426617	subblock_end	silent_probe	subblock-end-duration-129.576	n/a	n/a	n/a	129.576	n/a
2853.234	0	1426617	subblock_begin	silent_probe	subblock-begin	n/a	n/a	n/a	n/a	n/a
2853.234	0	1426617	silence_begin	silent_probe	silence-begin	n/a	n/a	n/a	n/a	n/a
2873.050	0	1436525	prompt_window_begin	silent_probe	probe-nosapo-probe-begin	n/a	n/a	n/a	n/a	n/a
2876.884	0	1438442	clicker_press	silent_probe	response-received-page_up	n/a	n/a	n/a	n/a	page_up
2877.362	0	1438681	clicker_press	silent_probe	response-received-page_up	n/a	n/a	n/a	n/a	page_up
2877.912	0	1438956	clicker_press	silent_probe	response-received-page_up	n/a	n/a	n/a	n/a	page_up
2882.108	0	1441054	depth_rating	silent_probe	rating-nosapo-probe-meditation_depth-3	3	n/a	n/a	n/a	n/a
2884.506	0	1442253	clicker_press	silent_probe	response-received-page_up	n/a	n/a	n/a	n/a	page_up
2884.922	0	1442461	clicker_press	silent_probe	response-received-page_up	n/a	n/a	n/a	n/a	page_up
2885.472	0	1442736	clicker_press	silent_probe	response-received-page_up	n/a	n/a	n/a	n/a	page_up
2886.072	0	1443036	clicker_press	silent_probe	response-received-page_up	n/a	n/a	n/a	n/a	page_up
2892.216	0	1446108	confidence_rating	silent_probe	rating-nosapo-probe-confidence_depth-4	n/a	4	n/a	n/a	n/a
2895.798	0	1447899	prompt_window_end	silent_probe	probe-nosapo-probe-end	n/a	n/a	n/a	n/a	n/a
2988.920	0	1494460	silence_end	silent_probe	silence-end	n/a	n/a	n/a	n/a	n/a
2988.922	0	1494461	gong_begin	silent_probe	gong-begin	n/a	n/a	n/a	n/a	n/a
2999.062	0	1499531	gong_end	silent_probe	gong-end	n/a	n/a	n/a	n/a	n/a
2999.062	0	1499531	subblock_end	silent_probe	subblock-end-duration-145.828	n/a	n/a	n/a	145.828	n/a
2999.062	0	1499531	subblock_begin	silent_probe	subblock-begin	n/a	n/a	n/a	n/a	n/a
2999.064	0	1499532	silence_begin	silent_probe	silence-begin	n/a	n/a	n/a	n/a	n/a
3088.820	0	1544410	prompt_window_begin	silent_probe	probe-nosapo-probe-begin	n/a	n/a	n/a	n/a	n/a
3093.074	0	1546537	clicker_press	silent_probe	response-received-page_up	n/a	n/a	n/a	n/a	page_up
3097.848	0	1548924	depth_rating	silent_probe	rating-nosapo-probe-meditation_depth-1	1	n/a	n/a	n/a	n/a
3103.858	0	1551929	clicker_press	silent_probe	response-received-page_up	n/a	n/a	n/a	n/a	page_up
3104.292	0	1552146	clicker_press	silent_probe	response-received-page_up	n/a	n/a	n/a	n/a	page_up
3104.908	0	1552454	clicker_press	silent_probe	response-received-page_up	n/a	n/a	n/a	n/a	page_up
3105.424	0	1552712	clicker_press	silent_probe	response-received-page_up	n/a	n/a	n/a	n/a	page_up
3107.904	0	1553952	confidence_rating	silent_probe	rating-nosapo-probe-confidence_depth-4	n/a	4	n/a	n/a	n/a
3111.368	0	1555684	prompt_window_end	silent_probe	probe-nosapo-probe-end	n/a	n/a	n/a	n/a	n/a
3125.006	0	1562503	silence_end	silent_probe	silence-end	n/a	n/a	n/a	n/a	n/a
3125.008	0	1562504	gong_begin	silent_probe	gong-begin	n/a	n/a	n/a	n/a	n/a
3135.132	0	1567566	gong_end	silent_probe	gong-end	n/a	n/a	n/a	n/a	n/a
3135.134	0	1567567	subblock_end	silent_probe	subblock-end-duration-136.072	n/a	n/a	n/a	136.072	n/a
3135.134	0	1567567	subblock_begin	silent_probe	subblock-begin	n/a	n/a	n/a	n/a	n/a
3135.136	0	1567568	silence_begin	silent_probe	silence-begin	n/a	n/a	n/a	n/a	n/a
3250.270	0	1625135	silence_end	silent_probe	silence-end	n/a	n/a	n/a	n/a	n/a
3250.272	0	1625136	subblock_end	silent_probe	subblock-end-duration-115.137	n/a	n/a	n/a	115.137	n/a
3250.272	0	1625136	subblock_begin	silent_probe	subblock-begin	n/a	n/a	n/a	n/a	n/a
3250.272	0	1625136	silence_begin	silent_probe	silence-begin	n/a	n/a	n/a	n/a	n/a
3332.384	0	1666192	prompt_window_begin	silent_probe	probe-nosapo-probe-begin	n/a	n/a	n/a	n/a	n/a
3340.712	0	1670356	clicker_press	silent_probe	response-received-page_up	n/a	n/a	n/a	n/a	page_up
3341.112	0	1670556	clicker_press	silent_probe	response-received-page_up	n/a	n/a	n/a	n/a	page_up
3341.444	0	1670722	depth_rating	silent_probe	rating-nosapo-probe-meditation_depth-2	2	n/a	n/a	n/a	n/a
3347.690	0	1673845	clicker_press	silent_probe	response-received-page_up	n/a	n/a	n/a	n/a	page_up
3348.122	0	1674061	clicker_press	silent_probe	response-received-page_up	n/a	n/a	n/a	n/a	page_up
3348.622	0	1674311	clicker_press	silent_probe	response-received-page_up	n/a	n/a	n/a	n/a	page_up
3349.190	0	1674595	clicker_press	silent_probe	response-received-page_up	n/a	n/a	n/a	n/a	page_up
3349.754	0	1674877	clicker_press	silent_probe	response-received-page_up	n/a	n/a	n/a	n/a	page_up
3351.486	0	1675743	confidence_rating	silent_probe	rating-nosapo-probe-confidence_depth-5	n/a	5	n/a	n/a	n/a
3354.934	0	1677467	prompt_window_end	silent_probe	probe-nosapo-probe-end	n/a	n/a	n/a	n/a	n/a
3373.550	0	1686775	silence_end	silent_probe	silence-end	n/a	n/a	n/a	n/a	n/a
3373.552	0	1686776	subblock_end	silent_probe	subblock-end-duration-123.281	n/a	n/a	n/a	123.281	n/a
3373.552	0	1686776	subblock_begin	silent_probe	subblock-begin	n/a	n/a	n/a	n/a	n/a
3373.554	0	1686777	silence_begin	silent_probe	silence-begin	n/a	n/a	n/a	n/a	n/a
3483.626	0	1741813	silence_end	silent_probe	silence-end	n/a	n/a	n/a	n/a	n/a
3483.628	0	1741814	gong_begin	silent_probe	gong-begin	n/a	n/a	n/a	n/a	n/a
3493.768	0	1746884	gong_end	silent_probe	gong-end	n/a	n/a	n/a	n/a	n/a
3493.768	0	1746884	subblock_end	silent_probe	subblock-end-duration-120.216	n/a	n/a	n/a	120.216	n/a
3493.770	0	1746885	subblock_begin	silent_probe	subblock-begin	n/a	n/a	n/a	n/a	n/a
3493.770	0	1746885	silence_begin	silent_probe	silence-begin	n/a	n/a	n/a	n/a	n/a
3547.008	0	1773504	prompt_window_begin	silent_probe	probe-nosapo-probe-begin	n/a	n/a	n/a	n/a	n/a
3551.082	0	1775541	clicker_press	silent_probe	response-received-page_up	n/a	n/a	n/a	n/a	page_up
3551.454	0	1775727	clicker_press	silent_probe	response-received-page_up	n/a	n/a	n/a	n/a	page_up
3556.100	0	1778050	depth_rating	silent_probe	rating-nosapo-probe-meditation_depth-2	2	n/a	n/a	n/a	n/a
3566.208	0	1783104	confidence_rating	silent_probe	rating-nosapo-probe-confidence_depth-0	n/a	0	n/a	n/a	n/a
3569.738	0	1784869	prompt_window_end	silent_probe	probe-nosapo-probe-end	n/a	n/a	n/a	n/a	n/a
3617.766	0	1808883	silence_end	silent_probe	silence-end	n/a	n/a	n/a	n/a	n/a
3617.766	0	1808883	subblock_end	silent_probe	subblock-end-duration-123.998	n/a	n/a	n/a	123.998	n/a
3617.766	0	1808883	subblock_begin	silent_probe	subblock-begin	n/a	n/a	n/a	n/a	n/a
3617.768	0	1808884	silence_begin	silent_probe	silence-begin	n/a	n/a	n/a	n/a	n/a
3727.890	0	1863945	silence_end	silent_probe	silence-end	n/a	n/a	n/a	n/a	n/a
3727.890	0	1863945	subblock_end	silent_probe	subblock-end-duration-110.124	n/a	n/a	n/a	110.124	n/a
3727.890	0	1863945	subblock_begin	silent_probe	subblock-begin	n/a	n/a	n/a	n/a	n/a
3727.892	0	1863946	silence_begin	silent_probe	silence-begin	n/a	n/a	n/a	n/a	n/a
3779.748	0	1889874	prompt_window_begin	silent_probe	probe-nosapo-probe-begin	n/a	n/a	n/a	n/a	n/a
3783.534	0	1891767	clicker_press	silent_probe	response-received-page_up	n/a	n/a	n/a	n/a	page_up
3783.794	0	1891897	clicker_press	silent_probe	response-received-page_up	n/a	n/a	n/a	n/a	page_up
3788.808	0	1894404	depth_rating	silent_probe	rating-nosapo-probe-meditation_depth-2	2	n/a	n/a	n/a	n/a
3793.558	0	1896779	clicker_press	silent_probe	response-received-page_up	n/a	n/a	n/a	n/a	page_up
3793.886	0	1896943	clicker_press	silent_probe	response-received-page_up	n/a	n/a	n/a	n/a	page_up
3794.268	0	1897134	clicker_press	silent_probe	response-received-page_up	n/a	n/a	n/a	n/a	page_up
3794.718	0	1897359	clicker_press	silent_probe	response-received-page_up	n/a	n/a	n/a	n/a	page_up
3795.102	0	1897551	clicker_press	silent_probe	response-received-page_up	n/a	n/a	n/a	n/a	page_up
3798.916	0	1899458	confidence_rating	silent_probe	rating-nosapo-probe-confidence_depth-5	n/a	5	n/a	n/a	n/a
3802.462	0	1901231	prompt_window_end	silent_probe	probe-nosapo-probe-end	n/a	n/a	n/a	n/a	n/a
3826.358	0	1913179	silence_end	silent_probe	silence-end	n/a	n/a	n/a	n/a	n/a
3826.360	0	1913180	subblock_end	silent_probe	subblock-end-duration-98.469	n/a	n/a	n/a	98.469	n/a
3826.360	0	1913180	subblock_begin	silent_probe	subblock-begin	n/a	n/a	n/a	n/a	n/a
3826.360	0	1913180	silence_begin	silent_probe	silence-begin	n/a	n/a	n/a	n/a	n/a
3826.392	0	1913196	silent_probe_end	silent_probe	block-nosapo-probe-end	n/a	n/a	n/a	n/a	n/a
3826.392	0	1913196	block_duration	silent_probe	block-nosapo-probe-duration-2100	n/a	n/a	n/a	2100.000	n/a
3826.394	0	1913197	break_begin	break	break-begin	n/a	n/a	n/a	n/a	n/a
4016.434	0	2008217	clicker_press	break	response-received-enter	n/a	n/a	n/a	n/a	enter
4016.450	0	2008225	break_end	break	break-end	n/a	n/a	n/a	n/a	n/a
4100.588	0	2050294	clicker_press	n/a	response-received-page_up	n/a	n/a	n/a	n/a	page_up
4100.596	0	2050298	active_oddball_begin	active_oddball	active-oddball-begin	n/a	n/a	n/a	n/a	n/a
4100.598	0	2050299	standard_tone	active_oddball	standard	n/a	n/a	n/a	n/a	n/a
4101.680	0	2050840	standard_tone	active_oddball	standard	n/a	n/a	n/a	n/a	n/a
4102.696	0	2051348	standard_tone	active_oddball	standard	n/a	n/a	n/a	n/a	n/a
4103.712	0	2051856	standard_tone	active_oddball	standard	n/a	n/a	n/a	n/a	n/a
4104.794	0	2052397	standard_tone	active_oddball	standard	n/a	n/a	n/a	n/a	n/a
4105.810	0	2052905	standard_tone	active_oddball	standard	n/a	n/a	n/a	n/a	n/a
4106.826	0	2053413	standard_tone	active_oddball	standard	n/a	n/a	n/a	n/a	n/a
4107.858	0	2053929	standard_tone	active_oddball	standard	n/a	n/a	n/a	n/a	n/a
4108.892	0	2054446	oddball_tone	active_oddball	oddball	n/a	n/a	n/a	n/a	n/a
4109.690	0	2054845	clicker_press	active_oddball	response-received-page_up	n/a	n/a	n/a	n/a	page_up
4109.742	0	2054871	oddball_response	active_oddball	active-oddball-button-press-792ms	n/a	n/a	0.792	n/a	n/a
4109.908	0	2054954	standard_tone	active_oddball	standard	n/a	n/a	n/a	n/a	n/a
4110.922	0	2055461	standard_tone	active_oddball	standard	n/a	n/a	n/a	n/a	n/a
4111.956	0	2055978	standard_tone	active_oddball	standard	n/a	n/a	n/a	n/a	n/a
4113.004	0	2056502	standard_tone	active_oddball	standard	n/a	n/a	n/a	n/a	n/a
4114.020	0	2057010	standard_tone	active_oddball	standard	n/a	n/a	n/a	n/a	n/a
4115.086	0	2057543	standard_tone	active_oddball	standard	n/a	n/a	n/a	n/a	n/a
4116.268	0	2058134	standard_tone	active_oddball	standard	n/a	n/a	n/a	n/a	n/a
4117.352	0	2058676	distractor_noise	active_oddball	distractor	n/a	n/a	n/a	n/a	n/a
4118.368	0	2059184	standard_tone	active_oddball	standard	n/a	n/a	n/a	n/a	n/a
4119.382	0	2059691	standard_tone	active_oddball	standard	n/a	n/a	n/a	n/a	n/a
4120.400	0	2060200	distractor_noise	active_oddball	distractor	n/a	n/a	n/a	n/a	n/a
4121.448	0	2060724	standard_tone	active_oddball	standard	n/a	n/a	n/a	n/a	n/a
4122.464	0	2061232	standard_tone	active_oddball	standard	n/a	n/a	n/a	n/a	n/a
4123.512	0	2061756	standard_tone	active_oddball	standard	n/a	n/a	n/a	n/a	n/a
4124.662	0	2062331	standard_tone	active_oddball	standard	n/a	n/a	n/a	n/a	n/a
4125.744	0	2062872	standard_tone	active_oddball	standard	n/a	n/a	n/a	n/a	n/a
4126.760	0	2063380	oddball_tone	active_oddball	oddball	n/a	n/a	n/a	n/a	n/a
4127.560	0	2063780	clicker_press	active_oddball	response-received-page_up	n/a	n/a	n/a	n/a	page_up
4127.576	0	2063788	oddball_response	active_oddball	active-oddball-button-press-793ms	n/a	n/a	0.793	n/a	n/a
4127.776	0	2063888	standard_tone	active_oddball	standard	n/a	n/a	n/a	n/a	n/a
4128.808	0	2064404	standard_tone	active_oddball	standard	n/a	n/a	n/a	n/a	n/a
4129.840	0	2064920	standard_tone	active_oddball	standard	n/a	n/a	n/a	n/a	n/a
4130.890	0	2065445	standard_tone	active_oddball	standard	n/a	n/a	n/a	n/a	n/a
4131.956	0	2065978	standard_tone	active_oddball	standard	n/a	n/a	n/a	n/a	n/a
4133.004	0	2066502	standard_tone	active_oddball	standard	n/a	n/a	n/a	n/a	n/a
4134.020	0	2067010	standard_tone	active_oddball	standard	n/a	n/a	n/a	n/a	n/a
4135.052	0	2067526	standard_tone	active_oddball	standard	n/a	n/a	n/a	n/a	n/a
4136.086	0	2068043	standard_tone	active_oddball	standard	n/a	n/a	n/a	n/a	n/a
4137.118	0	2068559	standard_tone	active_oddball	standard	n/a	n/a	n/a	n/a	n/a
4138.168	0	2069084	oddball_tone	active_oddball	oddball	n/a	n/a	n/a	n/a	n/a
4138.916	0	2069458	clicker_press	active_oddball	response-received-page_up	n/a	n/a	n/a	n/a	page_up
4138.984	0	2069492	oddball_response	active_oddball	active-oddball-button-press-743ms	n/a	n/a	0.743	n/a	n/a
4139.184	0	2069592	standard_tone	active_oddball	standard	n/a	n/a	n/a	n/a	n/a
4140.250	0	2070125	standard_tone	active_oddball	standard	n/a	n/a	n/a	n/a	n/a
4141.314	0	2070657	standard_tone	active_oddball	standard	n/a	n/a	n/a	n/a	n/a
4142.364	0	2071182	standard_tone	active_oddball	standard	n/a	n/a	n/a	n/a	n/a
4143.380	0	2071690	standard_tone	active_oddball	standard	n/a	n/a	n/a	n/a	n/a
4144.412	0	2072206	standard_tone	active_oddball	standard	n/a	n/a	n/a	n/a	n/a
4145.462	0	2072731	standard_tone	active_oddball	standard	n/a	n/a	n/a	n/a	n/a
4146.544	0	2073272	oddball_tone	active_oddball	oddball	n/a	n/a	n/a	n/a	n/a
4147.360	0	2073680	clicker_press	active_oddball	response-received-page_up	n/a	n/a	n/a	n/a	page_up
4147.392	0	2073696	oddball_response	active_oddball	active-oddball-button-press-809ms	n/a	n/a	0.809	n/a	n/a
4147.576	0	2073788	distractor_noise	active_oddball	distractor	n/a	n/a	n/a	n/a	n/a
4148.642	0	2074321	standard_tone	active_oddball	standard	n/a	n/a	n/a	n/a	n/a
4149.658	0	2074829	standard_tone	active_oddball	standard	n/a	n/a	n/a	n/a	n/a
4150.740	0	2075370	standard_tone	active_oddball	standard	n/a	n/a	n/a	n/a	n/a
4151.822	0	2075911	standard_tone	active_oddball	standard	n/a	n/a	n/a	n/a	n/a
4152.888	0	2076444	standard_tone	active_oddball	standard	n/a	n/a	n/a	n/a	n/a
4153.938	0	2076969	standard_tone	active_oddball	standard	n/a	n/a	n/a	n/a	n/a
4154.970	0	2077485	standard_tone	active_oddball	standard	n/a	n/a	n/a	n/a	n/a
4156.002	0	2078001	standard_tone	active_oddball	standard	n/a	n/a	n/a	n/a	n/a
4157.034	0	2078517	distractor_noise	active_oddball	distractor	n/a	n/a	n/a	n/a	n/a
4157.900	0	2078950	clicker_press	active_oddball	response-received-page_up	n/a	n/a	n/a	n/a	page_up
4158.018	0	2079009	oddball_response	active_oddball	active-oddball-button-press-860ms	n/a	n/a	0.860	n/a	n/a
4158.168	0	2079084	standard_tone	active_oddball	standard	n/a	n/a	n/a	n/a	n/a
4159.200	0	2079600	standard_tone	active_oddball	standard	n/a	n/a	n/a	n/a	n/a
4160.248	0	2080124	standard_tone	active_oddball	standard	n/a	n/a	n/a	n/a	n/a
4161.314	0	2080657	standard_tone	active_oddball	standard	n/a	n/a	n/a	n/a	n/a
4162.364	0	2081182	standard_tone	active_oddball	standard	n/a	n/a	n/a	n/a	n/a
4163.430	0	2081715	standard_tone	active_oddball	standard	n/a	n/a	n/a	n/a	n/a
4164.480	0	2082240	standard_tone	active_oddball	standard	n/a	n/a	n/a	n/a	n/a
4165.494	0	2082747	standard_tone	active_oddball	standard	n/a	n/a	n/a	n/a	n/a
4166.560	0	2083280	standard_tone	active_oddball	standard	n/a	n/a	n/a	n/a	n/a
4167.776	0	2083888	standard_tone	active_oddball	standard	n/a	n/a	n/a	n/a	n/a
4168.874	0	2084437	standard_tone	active_oddball	standard	n/a	n/a	n/a	n/a	n/a
4169.908	0	2084954	standard_tone	active_oddball	standard	n/a	n/a	n/a	n/a	n/a
4170.958	0	2085479	standard_tone	active_oddball	standard	n/a	n/a	n/a	n/a	n/a
4172.022	0	2086011	standard_tone	active_oddball	standard	n/a	n/a	n/a	n/a	n/a
4173.122	0	2086561	oddball_tone	active_oddball	oddball	n/a	n/a	n/a	n/a	n/a
4174.170	0	2087085	standard_tone	active_oddball	standard	n/a	n/a	n/a	n/a	n/a
4174.204	0	2087102	clicker_press	active_oddball	response-received-page_up	n/a	n/a	n/a	n/a	page_up
4174.238	0	2087119	oddball_response	active_oddball	active-oddball-button-press-26ms	n/a	n/a	0.026	n/a	n/a
4175.220	0	2087610	oddball_tone	active_oddball	oddball	n/a	n/a	n/a	n/a	n/a
4176.152	0	2088076	clicker_press	active_oddball	response-received-page_up	n/a	n/a	n/a	n/a	page_up
4176.220	0	2088110	oddball_response	active_oddball	active-oddball-button-press-926ms	n/a	n/a	0.926	n/a	n/a
4176.436	0	2088218	standard_tone	active_oddball	standard	n/a	n/a	n/a	n/a	n/a
4177.484	0	2088742	standard_tone	active_oddball	standard	n/a	n/a	n/a	n/a	n/a
4178.518	0	2089259	standard_tone	active_oddball	standard	n/a	n/a	n/a	n/a	n/a
4179.634	0	2089817	standard_tone	active_oddball	standard	n/a	n/a	n/a	n/a	n/a
4180.666	0	2090333	standard_tone	active_oddball	standard	n/a	n/a	n/a	n/a	n/a
4181.698	0	2090849	standard_tone	active_oddball	standard	n/a	n/a	n/a	n/a	n/a
4182.764	0	2091382	standard_tone	active_oddball	standard	n/a	n/a	n/a	n/a	n/a
4183.780	0	2091890	standard_tone	active_oddball	standard	n/a	n/a	n/a	n/a	n/a
4184.796	0	2092398	oddball_tone	active_oddball	oddball	n/a	n/a	n/a	n/a	n/a
4185.512	0	2092756	clicker_press	active_oddball	response-received-page_up	n/a	n/a	n/a	n/a	page_up
4185.596	0	2092798	oddball_response	active_oddball	active-oddball-button-press-710ms	n/a	n/a	0.710	n/a	n/a
4185.876	0	2092938	distractor_noise	active_oddball	distractor	n/a	n/a	n/a	n/a	n/a
4187.010	0	2093505	standard_tone	active_oddball	standard	n/a	n/a	n/a	n/a	n/a
4188.060	0	2094030	standard_tone	active_oddball	standard	n/a	n/a	n/a	n/a	n/a
4189.074	0	2094537	standard_tone	active_oddball	standard	n/a	n/a	n/a	n/a	n/a
4190.174	0	2095087	standard_tone	active_oddball	standard	n/a	n/a	n/a	n/a	n/a
4191.240	0	2095620	standard_tone	active_oddball	standard	n/a	n/a	n/a	n/a	n/a
4192.356	0	2096178	standard_tone	active_oddball	standard	n/a	n/a	n/a	n/a	n/a
4193.372	0	2096686	standard_tone	active_oddball	standard	n/a	n/a	n/a	n/a	n/a
4194.438	0	2097219	distractor_noise	active_oddball	distractor	n/a	n/a	n/a	n/a	n/a
4195.470	0	2097735	standard_tone	active_oddball	standard	n/a	n/a	n/a	n/a	n/a
4196.486	0	2098243	standard_tone	active_oddball	standard	n/a	n/a	n/a	n/a	n/a
4197.618	0	2098809	standard_tone	active_oddball	standard	n/a	n/a	n/a	n/a	n/a
4198.634	0	2099317	standard_tone	active_oddball	standard	n/a	n/a	n/a	n/a	n/a
4199.650	0	2099825	distractor_noise	active_oddball	distractor	n/a	n/a	n/a	n/a	n/a
4200.682	0	2100341	standard_tone	active_oddball	standard	n/a	n/a	n/a	n/a	n/a
4201.730	0	2100865	standard_tone	active_oddball	standard	n/a	n/a	n/a	n/a	n/a
4202.764	0	2101382	standard_tone	active_oddball	standard	n/a	n/a	n/a	n/a	n/a
4203.846	0	2101923	standard_tone	active_oddball	standard	n/a	n/a	n/a	n/a	n/a
4204.912	0	2102456	standard_tone	active_oddball	standard	n/a	n/a	n/a	n/a	n/a
4206.028	0	2103014	distractor_noise	active_oddball	distractor	n/a	n/a	n/a	n/a	n/a
4207.094	0	2103547	standard_tone	active_oddball	standard	n/a	n/a	n/a	n/a	n/a
4208.126	0	2104063	oddball_tone	active_oddball	oddball	n/a	n/a	n/a	n/a	n/a
4209.008	0	2104504	clicker_press	active_oddball	response-received-page_up	n/a	n/a	n/a	n/a	page_up
4209.042	0	2104521	oddball_response	active_oddball	active-oddball-button-press-876ms	n/a	n/a	0.876	n/a	n/a
4209.224	0	2104612	standard_tone	active_oddball	standard	n/a	n/a	n/a	n/a	n/a
4210.258	0	2105129	standard_tone	active_oddball	standard	n/a	n/a	n/a	n/a	n/a
4211.290	0	2105645	standard_tone	active_oddball	standard	n/a	n/a	n/a	n/a	n/a
4212.340	0	2106170	oddball_tone	active_oddball	oddball	n/a	n/a	n/a	n/a	n/a
4213.222	0	2106611	clicker_press	active_oddball	response-received-page_up	n/a	n/a	n/a	n/a	page_up
4213.306	0	2106653	oddball_response	active_oddball	active-oddball-button-press-875ms	n/a	n/a	0.875	n/a	n/a
4213.388	0	2106694	standard_tone	active_oddball	standard	n/a	n/a	n/a	n/a	n/a
4214.438	0	2107219	distractor_noise	active_oddball	distractor	n/a	n/a	n/a	n/a	n/a
4215.454	0	2107727	standard_tone	active_oddball	standard	n/a	n/a	n/a	n/a	n/a
4216.536	0	2108268	standard_tone	active_oddball	standard	n/a	n/a	n/a	n/a	n/a
4217.568	0	2108784	oddball_tone	active_oddball	oddball	n/a	n/a	n/a	n/a	n/a
4218.634	0	2109317	standard_tone	active_oddball	standard	n/a	n/a	n/a	n/a	n/a
4218.650	0	2109325	clicker_press	active_oddball	response-received-page_up	n/a	n/a	n/a	n/a	page_up
4218.718	0	2109359	oddball_response	active_oddball	active-oddball-button-press-10ms	n/a	n/a	0.010	n/a	n/a
4219.666	0	2109833	standard_tone	active_oddball	standard	n/a	n/a	n/a	n/a	n/a
4220.682	0	2110341	standard_tone	active_oddball	standard	n/a	n/a	n/a	n/a	n/a
4221.914	0	2110957	standard_tone	active_oddball	standard	n/a	n/a	n/a	n/a	n/a
4223.014	0	2111507	standard_tone	active_oddball	standard	n/a	n/a	n/a	n/a	n/a
4224.062	0	2112031	standard_tone	active_oddball	standard	n/a	n/a	n/a	n/a	n/a
4225.112	0	2112556	distractor_noise	active_oddball	distractor	n/a	n/a	n/a	n/a	n/a
4226.144	0	2113072	standard_tone	active_oddball	standard	n/a	n/a	n/a	n/a	n/a
4227.160	0	2113580	standard_tone	active_oddball	standard	n/a	n/a	n/a	n/a	n/a
4228.210	0	2114105	standard_tone	active_oddball	standard	n/a	n/a	n/a	n/a	n/a
4229.342	0	2114671	standard_tone	active_oddball	standard	n/a	n/a	n/a	n/a	n/a
4230.390	0	2115195	standard_tone	active_oddball	standard	n/a	n/a	n/a	n/a	n/a
4231.408	0	2115704	standard_tone	active_oddball	standard	n/a	n/a	n/a	n/a	n/a
4232.440	0	2116220	oddball_tone	active_oddball	oddball	n/a	n/a	n/a	n/a	n/a
4233.506	0	2116753	clicker_press	active_oddball	response-received-page_up	n/a	n/a	n/a	n/a	page_up
4233.524	0	2116762	oddball_response	active_oddball	active-oddball-button-press-1061ms	n/a	n/a	1.061	n/a	n/a
4233.524	0	2116762	standard_tone	active_oddball	standard	n/a	n/a	n/a	n/a	n/a
4234.538	0	2117269	standard_tone	active_oddball	standard	n/a	n/a	n/a	n/a	n/a
4235.570	0	2117785	standard_tone	active_oddball	standard	n/a	n/a	n/a	n/a	n/a
4236.602	0	2118301	oddball_tone	active_oddball	oddball	n/a	n/a	n/a	n/a	n/a
4237.386	0	2118693	clicker_press	active_oddball	response-received-page_up	n/a	n/a	n/a	n/a	page_up
4237.452	0	2118726	oddball_response	active_oddball	active-oddball-button-press-776ms	n/a	n/a	0.776	n/a	n/a
4237.652	0	2118826	standard_tone	active_oddball	standard	n/a	n/a	n/a	n/a	n/a
4238.716	0	2119358	distractor_noise	active_oddball	distractor	n/a	n/a	n/a	n/a	n/a
4239.800	0	2119900	standard_tone	active_oddball	standard	n/a	n/a	n/a	n/a	n/a
4240.832	0	2120416	standard_tone	active_oddball	standard	n/a	n/a	n/a	n/a	n/a
4241.882	0	2120941	standard_tone	active_oddball	standard	n/a	n/a	n/a	n/a	n/a
4242.946	0	2121473	standard_tone	active_oddball	standard	n/a	n/a	n/a	n/a	n/a
4243.964	0	2121982	standard_tone	active_oddball	standard	n/a	n/a	n/a	n/a	n/a
4244.980	0	2122490	standard_tone	active_oddball	standard	n/a	n/a	n/a	n/a	n/a
4245.994	0	2122997	standard_tone	active_oddball	standard	n/a	n/a	n/a	n/a	n/a
4247.026	0	2123513	standard_tone	active_oddball	standard	n/a	n/a	n/a	n/a	n/a
4248.042	0	2124021	standard_tone	active_oddball	standard	n/a	n/a	n/a	n/a	n/a
4249.092	0	2124546	standard_tone	active_oddball	standard	n/a	n/a	n/a	n/a	n/a
4250.108	0	2125054	standard_tone	active_oddball	standard	n/a	n/a	n/a	n/a	n/a
4251.124	0	2125562	distractor_noise	active_oddball	distractor	n/a	n/a	n/a	n/a	n/a
4252.140	0	2126070	standard_tone	active_oddball	standard	n/a	n/a	n/a	n/a	n/a
4253.172	0	2126586	standard_tone	active_oddball	standard	n/a	n/a	n/a	n/a	n/a
4254.222	0	2127111	standard_tone	active_oddball	standard	n/a	n/a	n/a	n/a	n/a
4255.254	0	2127627	standard_tone	active_oddball	standard	n/a	n/a	n/a	n/a	n/a
4256.386	0	2128193	standard_tone	active_oddball	standard	n/a	n/a	n/a	n/a	n/a
4257.568	0	2128784	standard_tone	active_oddball	standard	n/a	n/a	n/a	n/a	n/a
4258.650	0	2129325	standard_tone	active_oddball	standard	n/a	n/a	n/a	n/a	n/a
4259.666	0	2129833	standard_tone	active_oddball	standard	n/a	n/a	n/a	n/a	n/a
4260.732	0	2130366	distractor_noise	active_oddball	distractor	n/a	n/a	n/a	n/a	n/a
4261.764	0	2130882	standard_tone	active_oddball	standard	n/a	n/a	n/a	n/a	n/a
4262.814	0	2131407	standard_tone	active_oddball	standard	n/a	n/a	n/a	n/a	n/a
4263.898	0	2131949	standard_tone	active_oddball	standard	n/a	n/a	n/a	n/a	n/a
4264.912	0	2132456	standard_tone	active_oddball	standard	n/a	n/a	n/a	n/a	n/a
4265.978	0	2132989	standard_tone	active_oddball	standard	n/a	n/a	n/a	n/a	n/a
4267.028	0	2133514	standard_tone	active_oddball	standard	n/a	n/a	n/a	n/a	n/a
4268.060	0	2134030	distractor_noise	active_oddball	distractor	n/a	n/a	n/a	n/a	n/a
4269.076	0	2134538	standard_tone	active_oddball	standard	n/a	n/a	n/a	n/a	n/a
4270.092	0	2135046	standard_tone	active_oddball	standard	n/a	n/a	n/a	n/a	n/a
4271.124	0	2135562	oddball_tone	active_oddball	oddball	n/a	n/a	n/a	n/a	n/a
4271.958	0	2135979	clicker_press	active_oddball	response-received-page_up	n/a	n/a	n/a	n/a	page_up
4271.974	0	2135987	oddball_response	active_oddball	active-oddball-button-press-826ms	n/a	n/a	0.826	n/a	n/a
4272.172	0	2136086	standard_tone	active_oddball	standard	n/a	n/a	n/a	n/a	n/a
4273.222	0	2136611	standard_tone	active_oddball	standard	n/a	n/a	n/a	n/a	n/a
4274.238	0	2137119	distractor_noise	active_oddball	distractor	n/a	n/a	n/a	n/a	n/a
4275.288	0	2137644	standard_tone	active_oddball	standard	n/a	n/a	n/a	n/a	n/a
4276.320	0	2138160	standard_tone	active_oddball	standard	n/a	n/a	n/a	n/a	n/a
4277.352	0	2138676	standard_tone	active_oddball	standard	n/a	n/a	n/a	n/a	n/a
4278.400	0	2139200	oddball_tone	active_oddball	oddball	n/a	n/a	n/a	n/a	n/a
4279.284	0	2139642	clicker_press	active_oddball	response-received-page_up	n/a	n/a	n/a	n/a	page_up
4279.302	0	2139651	oddball_response	active_oddball	active-oddball-button-press-876ms	n/a	n/a	0.876	n/a	n/a
4279.416	0	2139708	standard_tone	active_oddball	standard	n/a	n/a	n/a	n/a	n/a
4280.450	0	2140225	standard_tone	active_oddball	standard	n/a	n/a	n/a	n/a	n/a
4281.482	0	2140741	distractor_noise	active_oddball	distractor	n/a	n/a	n/a	n/a	n/a
4282.582	0	2141291	standard_tone	active_oddball	standard	n/a	n/a	n/a	n/a	n/a
4283.596	0	2141798	standard_tone	active_oddball	standard	n/a	n/a	n/a	n/a	n/a
4284.646	0	2142323	standard_tone	active_oddball	standard	n/a	n/a	n/a	n/a	n/a
4285.662	0	2142831	oddball_tone	active_oddball	oddball	n/a	n/a	n/a	n/a	n/a
4286.578	0	2143289	clicker_press	active_oddball	response-received-page_up	n/a	n/a	n/a	n/a	page_up
4286.694	0	2143347	oddball_response	active_oddball	active-oddball-button-press-909ms	n/a	n/a	0.909	n/a	n/a
4286.694	0	2143347	standard_tone	active_oddball	standard	n/a	n/a	n/a	n/a	n/a
4287.776	0	2143888	standard_tone	active_oddball	standard	n/a	n/a	n/a	n/a	n/a
4288.810	0	2144405	standard_tone	active_oddball	standard	n/a	n/a	n/a	n/a	n/a
4289.842	0	2144921	standard_tone	active_oddball	standard	n/a	n/a	n/a	n/a	n/a
4290.942	0	2145471	distractor_noise	active_oddball	distractor	n/a	n/a	n/a	n/a	n/a
4291.974	0	2145987	standard_tone	active_oddball	standard	n/a	n/a	n/a	n/a	n/a
4292.990	0	2146495	distractor_noise	active_oddball	distractor	n/a	n/a	n/a	n/a	n/a
4294.038	0	2147019	standard_tone	active_oddball	standard	n/a	n/a	n/a	n/a	n/a
4295.086	0	2147543	oddball_tone	active_oddball	oddball	n/a	n/a	n/a	n/a	n/a
4295.920	0	2147960	clicker_press	active_oddball	response-received-page_up	n/a	n/a	n/a	n/a	page_up
4296.004	0	2148002	oddball_response	active_oddball	active-oddball-button-press-827ms	n/a	n/a	0.827	n/a	n/a
4296.136	0	2148068	standard_tone	active_oddball	standard	n/a	n/a	n/a	n/a	n/a
4297.220	0	2148610	standard_tone	active_oddball	standard	n/a	n/a	n/a	n/a	n/a
4298.234	0	2149117	standard_tone	active_oddball	standard	n/a	n/a	n/a	n/a	n/a
4299.284	0	2149642	standard_tone	active_oddball	standard	n/a	n/a	n/a	n/a	n/a
4300.300	0	2150150	oddball_tone	active_oddball	oddball	n/a	n/a	n/a	n/a	n/a
4301.182	0	2150591	clicker_press	active_oddball	response-received-page_up	n/a	n/a	n/a	n/a	page_up
4301.216	0	2150608	oddball_response	active_oddball	active-oddball-button-press-877ms	n/a	n/a	0.877	n/a	n/a
4301.316	0	2150658	standard_tone	active_oddball	standard	n/a	n/a	n/a	n/a	n/a
4302.332	0	2151166	distractor_noise	active_oddball	distractor	n/a	n/a	n/a	n/a	n/a
4303.380	0	2151690	oddball_tone	active_oddball	oddball	n/a	n/a	n/a	n/a	n/a
4304.346	0	2152173	clicker_press	active_oddball	response-received-page_up	n/a	n/a	n/a	n/a	page_up
4304.380	0	2152190	oddball_response	active_oddball	active-oddball-button-press-959ms	n/a	n/a	0.959	n/a	n/a
4304.562	0	2152281	standard_tone	active_oddball	standard	n/a	n/a	n/a	n/a	n/a
4305.578	0	2152789	standard_tone	active_oddball	standard	n/a	n/a	n/a	n/a	n/a
4306.594	0	2153297	standard_tone	active_oddball	standard	n/a	n/a	n/a	n/a	n/a
4307.660	0	2153830	standard_tone	active_oddball	standard	n/a	n/a	n/a	n/a	n/a
4308.676	0	2154338	standard_tone	active_oddball	standard	n/a	n/a	n/a	n/a	n/a
4309.692	0	2154846	standard_tone	active_oddball	standard	n/a	n/a	n/a	n/a	n/a
4310.708	0	2155354	standard_tone	active_oddball	standard	n/a	n/a	n/a	n/a	n/a
4311.724	0	2155862	standard_tone	active_oddball	standard	n/a	n/a	n/a	n/a	n/a
4312.740	0	2156370	standard_tone	active_oddball	standard	n/a	n/a	n/a	n/a	n/a
4313.754	0	2156877	distractor_noise	active_oddball	distractor	n/a	n/a	n/a	n/a	n/a
4314.804	0	2157402	standard_tone	active_oddball	standard	n/a	n/a	n/a	n/a	n/a
4315.820	0	2157910	standard_tone	active_oddball	standard	n/a	n/a	n/a	n/a	n/a
4316.918	0	2158459	distractor_noise	active_oddball	distractor	n/a	n/a	n/a	n/a	n/a
4317.968	0	2158984	standard_tone	active_oddball	standard	n/a	n/a	n/a	n/a	n/a
4319.034	0	2159517	oddball_tone	active_oddball	oddball	n/a	n/a	n/a	n/a	n/a
4319.868	0	2159934	clicker_press	active_oddball	response-received-page_up	n/a	n/a	n/a	n/a	page_up
4319.900	0	2159950	oddball_response	active_oddball	active-oddball-button-press-825ms	n/a	n/a	0.825	n/a	n/a
4320.082	0	2160041	standard_tone	active_oddball	standard	n/a	n/a	n/a	n/a	n/a
4321.166	0	2160583	standard_tone	active_oddball	standard	n/a	n/a	n/a	n/a	n/a
4322.232	0	2161116	oddball_tone	active_oddball	oddball	n/a	n/a	n/a	n/a	n/a
4323.014	0	2161507	clicker_press	active_oddball	response-received-page_up	n/a	n/a	n/a	n/a	page_up
4323.032	0	2161516	oddball_response	active_oddball	active-oddball-button-press-776ms	n/a	n/a	0.776	n/a	n/a
4323.296	0	2161648	standard_tone	active_oddball	standard	n/a	n/a	n/a	n/a	n/a
4324.380	0	2162190	standard_tone	active_oddball	standard	n/a	n/a	n/a	n/a	n/a
4325.428	0	2162714	standard_tone	active_oddball	standard	n/a	n/a	n/a	n/a	n/a
4326.444	0	2163222	standard_tone	active_oddball	standard	n/a	n/a	n/a	n/a	n/a
4327.476	0	2163738	standard_tone	active_oddball	standard	n/a	n/a	n/a	n/a	n/a
4328.494	0	2164247	standard_tone	active_oddball	standard	n/a	n/a	n/a	n/a	n/a
4329.576	0	2164788	distractor_noise	active_oddball	distractor	n/a	n/a	n/a	n/a	n/a
4330.608	0	2165304	oddball_tone	active_oddball	oddball	n/a	n/a	n/a	n/a	n/a
4331.460	0	2165730	clicker_press	active_oddball	response-received-page_up	n/a	n/a	n/a	n/a	page_up
4331.640	0	2165820	oddball_response	active_oddball	active-oddball-button-press-845ms	n/a	n/a	0.845	n/a	n/a
4331.640	0	2165820	standard_tone	active_oddball	standard	n/a	n/a	n/a	n/a	n/a
4332.740	0	2166370	standard_tone	active_oddball	standard	n/a	n/a	n/a	n/a	n/a
4333.754	0	2166877	standard_tone	active_oddball	standard	n/a	n/a	n/a	n/a	n/a
4334.770	0	2167385	standard_tone	active_oddball	standard	n/a	n/a	n/a	n/a	n/a
4335.786	0	2167893	oddball_tone	active_oddball	oddball	n/a	n/a	n/a	n/a	n/a
4336.652	0	2168326	clicker_press	active_oddball	response-received-page_up	n/a	n/a	n/a	n/a	page_up
4336.720	0	2168360	oddball_response	active_oddball	active-oddball-button-press-859ms	n/a	n/a	0.859	n/a	n/a
4336.854	0	2168427	standard_tone	active_oddball	standard	n/a	n/a	n/a	n/a	n/a
4337.902	0	2168951	standard_tone	active_oddball	standard	n/a	n/a	n/a	n/a	n/a
4338.918	0	2169459	standard_tone	active_oddball	standard	n/a	n/a	n/a	n/a	n/a
4339.934	0	2169967	standard_tone	active_oddball	standard	n/a	n/a	n/a	n/a	n/a
4340.966	0	2170483	distractor_noise	active_oddball	distractor	n/a	n/a	n/a	n/a	n/a
4342.064	0	2171032	oddball_tone	active_oddball	oddball	n/a	n/a	n/a	n/a	n/a
4342.948	0	2171474	clicker_press	active_oddball	response-received-page_up	n/a	n/a	n/a	n/a	page_up
4343.048	0	2171524	oddball_response	active_oddball	active-oddball-button-press-876ms	n/a	n/a	0.876	n/a	n/a
4343.096	0	2171548	standard_tone	active_oddball	standard	n/a	n/a	n/a	n/a	n/a
4344.146	0	2172073	standard_tone	active_oddball	standard	n/a	n/a	n/a	n/a	n/a
4345.180	0	2172590	standard_tone	active_oddball	standard	n/a	n/a	n/a	n/a	n/a
4346.278	0	2173139	standard_tone	active_oddball	standard	n/a	n/a	n/a	n/a	n/a
4347.426	0	2173713	standard_tone	active_oddball	standard	n/a	n/a	n/a	n/a	n/a
4348.510	0	2174255	oddball_tone	active_oddball	oddball	n/a	n/a	n/a	n/a	n/a
4349.492	0	2174746	clicker_press	active_oddball	response-received-page_up	n/a	n/a	n/a	n/a	page_up
4349.510	0	2174755	oddball_response	active_oddball	active-oddball-button-press-974ms	n/a	n/a	0.974	n/a	n/a
4349.526	0	2174763	standard_tone	active_oddball	standard	n/a	n/a	n/a	n/a	n/a
4350.624	0	2175312	standard_tone	active_oddball	standard	n/a	n/a	n/a	n/a	n/a
4351.806	0	2175903	distractor_noise	active_oddball	distractor	n/a	n/a	n/a	n/a	n/a
4352.838	0	2176419	standard_tone	active_oddball	standard	n/a	n/a	n/a	n/a	n/a
4353.872	0	2176936	standard_tone	active_oddball	standard	n/a	n/a	n/a	n/a	n/a
4354.988	0	2177494	standard_tone	active_oddball	standard	n/a	n/a	n/a	n/a	n/a
4356.086	0	2178043	oddball_tone	active_oddball	oddball	n/a	n/a	n/a	n/a	n/a
4356.870	0	2178435	clicker_press	active_oddball	response-received-page_up	n/a	n/a	n/a	n/a	page_up
4356.902	0	2178451	oddball_response	active_oddball	active-oddball-button-press-776ms	n/a	n/a	0.776	n/a	n/a
4357.268	0	2178634	standard_tone	active_oddball	standard	n/a	n/a	n/a	n/a	n/a
4358.468	0	2179234	standard_tone	active_oddball	standard	n/a	n/a	n/a	n/a	n/a
4359.550	0	2179775	standard_tone	active_oddball	standard	n/a	n/a	n/a	n/a	n/a
4360.650	0	2180325	standard_tone	active_oddball	standard	n/a	n/a	n/a	n/a	n/a
4361.748	0	2180874	standard_tone	active_oddball	standard	n/a	n/a	n/a	n/a	n/a
4362.782	0	2181391	standard_tone	active_oddball	standard	n/a	n/a	n/a	n/a	n/a
4363.796	0	2181898	oddball_tone	active_oddball	oddball	n/a	n/a	n/a	n/a	n/a
4364.680	0	2182340	clicker_press	active_oddball	response-received-page_up	n/a	n/a	n/a	n/a	page_up
4364.730	0	2182365	oddball_response	active_oddball	active-oddball-button-press-875ms	n/a	n/a	0.875	n/a	n/a
4364.814	0	2182407	standard_tone	active_oddball	standard	n/a	n/a	n/a	n/a	n/a
4365.928	0	2182964	standard_tone	active_oddball	standard	n/a	n/a	n/a	n/a	n/a
4366.944	0	2183472	standard_tone	active_oddball	standard	n/a	n/a	n/a	n/a	n/a
4368.044	0	2184022	standard_tone	active_oddball	standard	n/a	n/a	n/a	n/a	n/a
4369.092	0	2184546	standard_tone	active_oddball	standard	n/a	n/a	n/a	n/a	n/a
4370.126	0	2185063	standard_tone	active_oddball	standard	n/a	n/a	n/a	n/a	n/a
4371.174	0	2185587	standard_tone	active_oddball	standard	n/a	n/a	n/a	n/a	n/a
4372.240	0	2186120	oddball_tone	active_oddball	oddball	n/a	n/a	n/a	n/a	n/a
4373.238	0	2186619	clicker_press	active_oddball	response-received-page_up	n/a	n/a	n/a	n/a	page_up
4373.306	0	2186653	oddball_response	active_oddball	active-oddball-button-press-992ms	n/a	n/a	0.992	n/a	n/a
4373.306	0	2186653	standard_tone	active_oddball	standard	n/a	n/a	n/a	n/a	n/a
4374.404	0	2187202	standard_tone	active_oddball	standard	n/a	n/a	n/a	n/a	n/a
4375.436	0	2187718	standard_tone	active_oddball	standard	n/a	n/a	n/a	n/a	n/a
4376.452	0	2188226	distractor_noise	active_oddball	distractor	n/a	n/a	n/a	n/a	n/a
4377.502	0	2188751	standard_tone	active_oddball	standard	n/a	n/a	n/a	n/a	n/a
4378.568	0	2189284	standard_tone	active_oddball	standard	n/a	n/a	n/a	n/a	n/a
4379.700	0	2189850	standard_tone	active_oddball	standard	n/a	n/a	n/a	n/a	n/a
4380.716	0	2190358	distractor_noise	active_oddball	distractor	n/a	n/a	n/a	n/a	n/a
4381.848	0	2190924	standard_tone	active_oddball	standard	n/a	n/a	n/a	n/a	n/a
4382.914	0	2191457	standard_tone	active_oddball	standard	n/a	n/a	n/a	n/a	n/a
4383.980	0	2191990	standard_tone	active_oddball	standard	n/a	n/a	n/a	n/a	n/a
4385.030	0	2192515	distractor_noise	active_oddball	distractor	n/a	n/a	n/a	n/a	n/a
4386.046	0	2193023	standard_tone	active_oddball	standard	n/a	n/a	n/a	n/a	n/a
4387.060	0	2193530	distractor_noise	active_oddball	distractor	n/a	n/a	n/a	n/a	n/a
4388.144	0	2194072	standard_tone	active_oddball	standard	n/a	n/a	n/a	n/a	n/a
4389.276	0	2194638	standard_tone	active_oddball	standard	n/a	n/a	n/a	n/a	n/a
4390.292	0	2195146	standard_tone	active_oddball	standard	n/a	n/a	n/a	n/a	n/a
4391.358	0	2195679	oddball_tone	active_oddball	oddball	n/a	n/a	n/a	n/a	n/a
4392.108	0	2196054	clicker_press	active_oddball	response-received-page_up	n/a	n/a	n/a	n/a	page_up
4392.124	0	2196062	oddball_response	active_oddball	active-oddball-button-press-744ms	n/a	n/a	0.744	n/a	n/a
4392.390	0	2196195	standard_tone	active_oddball	standard	n/a	n/a	n/a	n/a	n/a
4393.406	0	2196703	distractor_noise	active_oddball	distractor	n/a	n/a	n/a	n/a	n/a
4394.438	0	2197219	oddball_tone	active_oddball	oddball	n/a	n/a	n/a	n/a	n/a
4395.454	0	2197727	standard_tone	active_oddball	standard	n/a	n/a	n/a	n/a	n/a
4395.520	0	2197760	clicker_press	active_oddball	response-received-page_up	n/a	n/a	n/a	n/a	page_up
4395.538	0	2197769	oddball_response	active_oddball	active-oddball-button-press-60ms	n/a	n/a	0.060	n/a	n/a
4396.486	0	2198243	oddball_tone	active_oddball	oddball	n/a	n/a	n/a	n/a	n/a
4397.386	0	2198693	clicker_press	active_oddball	response-received-page_up	n/a	n/a	n/a	n/a	page_up
4397.418	0	2198709	oddball_response	active_oddball	active-oddball-button-press-894ms	n/a	n/a	0.894	n/a	n/a
4397.518	0	2198759	standard_tone	active_oddball	standard	n/a	n/a	n/a	n/a	n/a
4398.568	0	2199284	standard_tone	active_oddball	standard	n/a	n/a	n/a	n/a	n/a
4399.616	0	2199808	standard_tone	active_oddball	standard	n/a	n/a	n/a	n/a	n/a
4400.632	0	2200316	standard_tone	active_oddball	standard	n/a	n/a	n/a	n/a	n/a
4401.648	0	2200824	standard_tone	active_oddball	standard	n/a	n/a	n/a	n/a	n/a
4402.664	0	2201332	standard_tone	active_oddball	standard	n/a	n/a	n/a	n/a	n/a
4403.680	0	2201840	standard_tone	active_oddball	standard	n/a	n/a	n/a	n/a	n/a
4404.696	0	2202348	standard_tone	active_oddball	standard	n/a	n/a	n/a	n/a	n/a
4405.696	0	2202848	standard_tone	active_oddball	standard	n/a	n/a	n/a	n/a	n/a
4406.744	0	2203372	distractor_noise	active_oddball	distractor	n/a	n/a	n/a	n/a	n/a
4407.776	0	2203888	standard_tone	active_oddball	standard	n/a	n/a	n/a	n/a	n/a
4408.826	0	2204413	standard_tone	active_oddball	standard	n/a	n/a	n/a	n/a	n/a
4409.842	0	2204921	standard_tone	active_oddball	standard	n/a	n/a	n/a	n/a	n/a
4410.874	0	2205437	standard_tone	active_oddball	standard	n/a	n/a	n/a	n/a	n/a
4411.956	0	2205978	standard_tone	active_oddball	standard	n/a	n/a	n/a	n/a	n/a
4412.988	0	2206494	standard_tone	active_oddball	standard	n/a	n/a	n/a	n/a	n/a
4414.004	0	2207002	standard_tone	active_oddball	standard	n/a	n/a	n/a	n/a	n/a
4415.070	0	2207535	standard_tone	active_oddball	standard	n/a	n/a	n/a	n/a	n/a
4416.086	0	2208043	active_oddball_end	active_oddball	active-oddball-end	n/a	n/a	n/a	n/a	n/a
4416.086	0	2208043	prompt_window_begin	active_oddball	probe-oddball-begin	n/a	n/a	n/a	n/a	n/a
4422.582	0	2211291	clicker_press	n/a	response-received-page_up	n/a	n/a	n/a	n/a	page_up
4422.964	0	2211482	clicker_press	n/a	response-received-page_up	n/a	n/a	n/a	n/a	page_up
4425.114	0	2212557	depth_rating	active_oddball	rating-oddball-meditation_depth-2	2	n/a	n/a	n/a	n/a
4431.040	0	2215520	clicker_press	n/a	response-received-page_up	n/a	n/a	n/a	n/a	page_up
4431.524	0	2215762	clicker_press	n/a	response-received-page_up	n/a	n/a	n/a	n/a	page_up
4432.024	0	2216012	clicker_press	n/a	response-received-page_up	n/a	n/a	n/a	n/a	page_up
4432.524	0	2216262	clicker_press	n/a	response-received-page_up	n/a	n/a	n/a	n/a	page_up
4435.188	0	2217594	confidence_rating	active_oddball	rating-oddball-confidence_depth-4	n/a	4	n/a	n/a	n/a
4436.270	0	2218135	prompt_window_end	active_oddball	probe-oddball-end	n/a	n/a	n/a	n/a	n/a
4588.604	0	2294302	clicker_press	n/a	response-received-page_up	n/a	n/a	n/a	n/a	page_up
4588.650	0	2294325	sapo_emerge_begin	sapo_emerge	block-sapo-emerge-begin	n/a	n/a	n/a	n/a	n/a
4588.666	0	2294333	subblock_begin	sapo_emerge	subblock-begin	n/a	n/a	n/a	n/a	n/a
4588.666	0	2294333	silence_begin	sapo_emerge	silence-begin	n/a	n/a	n/a	n/a	n/a
4588.680	0	2294340	standard_tone	sapo_emerge	standard	n/a	n/a	n/a	n/a	n/a
4589.692	0	2294846	standard_tone	sapo_emerge	standard	n/a	n/a	n/a	n/a	n/a
4590.710	0	2295355	standard_tone	sapo_emerge	standard	n/a	n/a	n/a	n/a	n/a
4591.724	0	2295862	standard_tone	sapo_emerge	standard	n/a	n/a	n/a	n/a	n/a
4592.740	0	2296370	oddball_tone	sapo_emerge	oddball	n/a	n/a	n/a	n/a	n/a
4593.756	0	2296878	standard_tone	sapo_emerge	standard	n/a	n/a	n/a	n/a	n/a
4594.772	0	2297386	standard_tone	sapo_emerge	standard	n/a	n/a	n/a	n/a	n/a
4595.788	0	2297894	standard_tone	sapo_emerge	standard	n/a	n/a	n/a	n/a	n/a
4596.804	0	2298402	standard_tone	sapo_emerge	standard	n/a	n/a	n/a	n/a	n/a
4597.820	0	2298910	standard_tone	sapo_emerge	standard	n/a	n/a	n/a	n/a	n/a
4598.836	0	2299418	standard_tone	sapo_emerge	standard	n/a	n/a	n/a	n/a	n/a
4599.850	0	2299925	distractor_noise	sapo_emerge	distractor	n/a	n/a	n/a	n/a	n/a
4600.866	0	2300433	standard_tone	sapo_emerge	standard	n/a	n/a	n/a	n/a	n/a
4601.882	0	2300941	standard_tone	sapo_emerge	standard	n/a	n/a	n/a	n/a	n/a
4602.898	0	2301449	standard_tone	sapo_emerge	standard	n/a	n/a	n/a	n/a	n/a
4603.914	0	2301957	distractor_noise	sapo_emerge	distractor	n/a	n/a	n/a	n/a	n/a
4604.930	0	2302465	standard_tone	sapo_emerge	standard	n/a	n/a	n/a	n/a	n/a
4605.930	0	2302965	standard_tone	sapo_emerge	standard	n/a	n/a	n/a	n/a	n/a
4606.946	0	2303473	distractor_noise	sapo_emerge	distractor	n/a	n/a	n/a	n/a	n/a
4607.962	0	2303981	standard_tone	sapo_emerge	standard	n/a	n/a	n/a	n/a	n/a
4608.976	0	2304488	standard_tone	sapo_emerge	standard	n/a	n/a	n/a	n/a	n/a
4609.992	0	2304996	standard_tone	sapo_emerge	standard	n/a	n/a	n/a	n/a	n/a
4611.008	0	2305504	standard_tone	sapo_emerge	standard	n/a	n/a	n/a	n/a	n/a
4612.024	0	2306012	standard_tone	sapo_emerge	standard	n/a	n/a	n/a	n/a	n/a
4613.040	0	2306520	standard_tone	sapo_emerge	standard	n/a	n/a	n/a	n/a	n/a
4614.056	0	2307028	standard_tone	sapo_emerge	standard	n/a	n/a	n/a	n/a	n/a
4615.072	0	2307536	standard_tone	sapo_emerge	standard	n/a	n/a	n/a	n/a	n/a
4616.088	0	2308044	distractor_noise	sapo_emerge	distractor	n/a	n/a	n/a	n/a	n/a
4617.104	0	2308552	standard_tone	sapo_emerge	standard	n/a	n/a	n/a	n/a	n/a
4618.118	0	2309059	standard_tone	sapo_emerge	standard	n/a	n/a	n/a	n/a	n/a
4619.134	0	2309567	standard_tone	sapo_emerge	standard	n/a	n/a	n/a	n/a	n/a
4620.150	0	2310075	standard_tone	sapo_emerge	standard	n/a	n/a	n/a	n/a	n/a
4621.166	0	2310583	standard_tone	sapo_emerge	standard	n/a	n/a	n/a	n/a	n/a
4622.182	0	2311091	standard_tone	sapo_emerge	standard	n/a	n/a	n/a	n/a	n/a
4623.198	0	2311599	standard_tone	sapo_emerge	standard	n/a	n/a	n/a	n/a	n/a
4624.214	0	2312107	standard_tone	sapo_emerge	standard	n/a	n/a	n/a	n/a	n/a
4625.214	0	2312607	standard_tone	sapo_emerge	standard	n/a	n/a	n/a	n/a	n/a
4626.230	0	2313115	standard_tone	sapo_emerge	standard	n/a	n/a	n/a	n/a	n/a
4627.244	0	2313622	standard_tone	sapo_emerge	standard	n/a	n/a	n/a	n/a	n/a
4628.260	0	2314130	oddball_tone	sapo_emerge	oddball	n/a	n/a	n/a	n/a	n/a
4629.276	0	2314638	standard_tone	sapo_emerge	standard	n/a	n/a	n/a	n/a	n/a
4630.292	0	2315146	standard_tone	sapo_emerge	standard	n/a	n/a	n/a	n/a	n/a
4631.308	0	2315654	standard_tone	sapo_emerge	standard	n/a	n/a	n/a	n/a	n/a
4632.324	0	2316162	distractor_noise	sapo_emerge	distractor	n/a	n/a	n/a	n/a	n/a
4633.340	0	2316670	standard_tone	sapo_emerge	standard	n/a	n/a	n/a	n/a	n/a
4634.356	0	2317178	distractor_noise	sapo_emerge	distractor	n/a	n/a	n/a	n/a	n/a
4635.372	0	2317686	standard_tone	sapo_emerge	standard	n/a	n/a	n/a	n/a	n/a
4636.370	0	2318185	standard_tone	sapo_emerge	standard	n/a	n/a	n/a	n/a	n/a
4637.386	0	2318693	standard_tone	sapo_emerge	standard	n/a	n/a	n/a	n/a	n/a
4638.402	0	2319201	standard_tone	sapo_emerge	standard	n/a	n/a	n/a	n/a	n/a
4639.402	0	2319701	standard_tone	sapo_emerge	standard	n/a	n/a	n/a	n/a	n/a
4640.418	0	2320209	standard_tone	sapo_emerge	standard	n/a	n/a	n/a	n/a	n/a
4641.434	0	2320717	oddball_tone	sapo_emerge	oddball	n/a	n/a	n/a	n/a	n/a
4642.448	0	2321224	standard_tone	sapo_emerge	standard	n/a	n/a	n/a	n/a	n/a
4643.464	0	2321732	standard_tone	sapo_emerge	standard	n/a	n/a	n/a	n/a	n/a
4643.798	0	2321899	clicker_press	sapo_emerge	response-received-page_up	n/a	n/a	n/a	n/a	page_up
4643.814	0	2321907	report_window_begin	sapo_emerge	emerge-sapo-emerge-begin	n/a	n/a	n/a	n/a	n/a
4647.828	0	2323914	depth_rating	sapo_emerge	rating-sapo-emerge-meditation_depth-1	1	n/a	n/a	n/a	n/a
4653.124	0	2326562	clicker_press	sapo_emerge	response-received-page_up	n/a	n/a	n/a	n/a	page_up
4653.590	0	2326795	clicker_press	sapo_emerge	response-received-page_up	n/a	n/a	n/a	n/a	page_up
4654.106	0	2327053	clicker_press	sapo_emerge	response-received-page_up	n/a	n/a	n/a	n/a	page_up
4654.574	0	2327287	clicker_press	sapo_emerge	response-received-page_up	n/a	n/a	n/a	n/a	page_up
4655.138	0	2327569	clicker_press	sapo_emerge	response-received-page_up	n/a	n/a	n/a	n/a	page_up
4657.920	0	2328960	confidence_rating	sapo_emerge	rating-sapo-emerge-confidence_depth-5	n/a	5	n/a	n/a	n/a
4661.350	0	2330675	report_window_end	sapo_emerge	emerge-sapo-emerge-end	n/a	n/a	n/a	n/a	n/a
4661.350	0	2330675	subblock_begin	sapo_emerge	subblock-begin	n/a	n/a	n/a	n/a	n/a
4661.352	0	2330676	silence_begin	sapo_emerge	silence-begin	n/a	n/a	n/a	n/a	n/a
4661.352	0	2330676	standard_tone	sapo_emerge	standard	n/a	n/a	n/a	n/a	n/a
4662.366	0	2331183	standard_tone	sapo_emerge	standard	n/a	n/a	n/a	n/a	n/a
4663.382	0	2331691	standard_tone	sapo_emerge	standard	n/a	n/a	n/a	n/a	n/a
4664.398	0	2332199	standard_tone	sapo_emerge	standard	n/a	n/a	n/a	n/a	n/a
4665.412	0	2332706	standard_tone	sapo_emerge	standard	n/a	n/a	n/a	n/a	n/a
4666.430	0	2333215	standard_tone	sapo_emerge	standard	n/a	n/a	n/a	n/a	n/a
4667.444	0	2333722	standard_tone	sapo_emerge	standard	n/a	n/a	n/a	n/a	n/a
4668.460	0	2334230	standard_tone	sapo_emerge	standard	n/a	n/a	n/a	n/a	n/a
4669.476	0	2334738	standard_tone	sapo_emerge	standard	n/a	n/a	n/a	n/a	n/a
4670.476	0	2335238	standard_tone	sapo_emerge	standard	n/a	n/a	n/a	n/a	n/a
4671.492	0	2335746	oddball_tone	sapo_emerge	oddball	n/a	n/a	n/a	n/a	n/a
4672.508	0	2336254	standard_tone	sapo_emerge	standard	n/a	n/a	n/a	n/a	n/a
4673.508	0	2336754	standard_tone	sapo_emerge	standard	n/a	n/a	n/a	n/a	n/a
4674.522	0	2337261	standard_tone	sapo_emerge	standard	n/a	n/a	n/a	n/a	n/a
4675.538	0	2337769	standard_tone	sapo_emerge	standard	n/a	n/a	n/a	n/a	n/a
4676.554	0	2338277	standard_tone	sapo_emerge	standard	n/a	n/a	n/a	n/a	n/a
4677.570	0	2338785	standard_tone	sapo_emerge	standard	n/a	n/a	n/a	n/a	n/a
4678.586	0	2339293	standard_tone	sapo_emerge	standard	n/a	n/a	n/a	n/a	n/a
4679.586	0	2339793	oddball_tone	sapo_emerge	oddball	n/a	n/a	n/a	n/a	n/a
4680.600	0	2340300	standard_tone	sapo_emerge	standard	n/a	n/a	n/a	n/a	n/a
4681.616	0	2340808	standard_tone	sapo_emerge	standard	n/a	n/a	n/a	n/a	n/a
4682.632	0	2341316	standard_tone	sapo_emerge	standard	n/a	n/a	n/a	n/a	n/a
4683.648	0	2341824	standard_tone	sapo_emerge	standard	n/a	n/a	n/a	n/a	n/a
4684.664	0	2342332	standard_tone	sapo_emerge	standard	n/a	n/a	n/a	n/a	n/a
4685.664	0	2342832	oddball_tone	sapo_emerge	oddball	n/a	n/a	n/a	n/a	n/a
4686.678	0	2343339	distractor_noise	sapo_emerge	distractor	n/a	n/a	n/a	n/a	n/a
4687.694	0	2343847	standard_tone	sapo_emerge	standard	n/a	n/a	n/a	n/a	n/a
4688.710	0	2344355	standard_tone	sapo_emerge	standard	n/a	n/a	n/a	n/a	n/a
4689.726	0	2344863	standard_tone	sapo_emerge	standard	n/a	n/a	n/a	n/a	n/a
4690.742	0	2345371	standard_tone	sapo_emerge	standard	n/a	n/a	n/a	n/a	n/a
4691.758	0	2345879	standard_tone	sapo_emerge	standard	n/a	n/a	n/a	n/a	n/a
4692.774	0	2346387	standard_tone	sapo_emerge	standard	n/a	n/a	n/a	n/a	n/a
4693.790	0	2346895	oddball_tone	sapo_emerge	oddball	n/a	n/a	n/a	n/a	n/a
4694.806	0	2347403	standard_tone	sapo_emerge	standard	n/a	n/a	n/a	n/a	n/a
4695.822	0	2347911	standard_tone	sapo_emerge	standard	n/a	n/a	n/a	n/a	n/a
4696.838	0	2348419	distractor_noise	sapo_emerge	distractor	n/a	n/a	n/a	n/a	n/a
4697.854	0	2348927	standard_tone	sapo_emerge	standard	n/a	n/a	n/a	n/a	n/a
4698.868	0	2349434	standard_tone	sapo_emerge	standard	n/a	n/a	n/a	n/a	n/a
4699.286	0	2349643	clicker_press	sapo_emerge	response-received-page_up	n/a	n/a	n/a	n/a	page_up
4699.418	0	2349709	report_window_begin	sapo_emerge	emerge-sapo-emerge-begin	n/a	n/a	n/a	n/a	n/a
4703.516	0	2351758	depth_rating	sapo_emerge	rating-sapo-emerge-meditation_depth-1	1	n/a	n/a	n/a	n/a
4705.846	0	2352923	clicker_press	sapo_emerge	response-received-page_up	n/a	n/a	n/a	n/a	page_up
4706.264	0	2353132	clicker_press	sapo_emerge	response-received-page_up	n/a	n/a	n/a	n/a	page_up
4706.630	0	2353315	clicker_press	sapo_emerge	response-received-page_up	n/a	n/a	n/a	n/a	page_up
4707.062	0	2353531	clicker_press	sapo_emerge	response-received-page_up	n/a	n/a	n/a	n/a	page_up
4713.740	0	2356870	confidence_rating	sapo_emerge	rating-sapo-emerge-confidence_depth-4	n/a	4	n/a	n/a	n/a
4717.170	0	2358585	report_window_end	sapo_emerge	emerge-sapo-emerge-end	n/a	n/a	n/a	n/a	n/a
4717.172	0	2358586	subblock_begin	sapo_emerge	subblock-begin	n/a	n/a	n/a	n/a	n/a
4717.172	0	2358586	silence_begin	sapo_emerge	silence-begin	n/a	n/a	n/a	n/a	n/a
4717.172	0	2358586	standard_tone	sapo_emerge	standard	n/a	n/a	n/a	n/a	n/a
4718.186	0	2359093	standard_tone	sapo_emerge	standard	n/a	n/a	n/a	n/a	n/a
4719.202	0	2359601	standard_tone	sapo_emerge	standard	n/a	n/a	n/a	n/a	n/a
4720.218	0	2360109	standard_tone	sapo_emerge	standard	n/a	n/a	n/a	n/a	n/a
4721.234	0	2360617	distractor_noise	sapo_emerge	distractor	n/a	n/a	n/a	n/a	n/a
4722.250	0	2361125	oddball_tone	sapo_emerge	oddball	n/a	n/a	n/a	n/a	n/a
4723.266	0	2361633	standard_tone	sapo_emerge	standard	n/a	n/a	n/a	n/a	n/a
4724.282	0	2362141	standard_tone	sapo_emerge	standard	n/a	n/a	n/a	n/a	n/a
4725.296	0	2362648	standard_tone	sapo_emerge	standard	n/a	n/a	n/a	n/a	n/a
4726.312	0	2363156	standard_tone	sapo_emerge	standard	n/a	n/a	n/a	n/a	n/a
4727.328	0	2363664	standard_tone	sapo_emerge	standard	n/a	n/a	n/a	n/a	n/a
4728.344	0	2364172	standard_tone	sapo_emerge	standard	n/a	n/a	n/a	n/a	n/a
4729.360	0	2364680	standard_tone	sapo_emerge	standard	n/a	n/a	n/a	n/a	n/a
4730.376	0	2365188	distractor_noise	sapo_emerge	distractor	n/a	n/a	n/a	n/a	n/a
4731.392	0	2365696	standard_tone	sapo_emerge	standard	n/a	n/a	n/a	n/a	n/a
4732.408	0	2366204	standard_tone	sapo_emerge	standard	n/a	n/a	n/a	n/a	n/a
4733.424	0	2366712	standard_tone	sapo_emerge	standard	n/a	n/a	n/a	n/a	n/a
4734.440	0	2367220	distractor_noise	sapo_emerge	distractor	n/a	n/a	n/a	n/a	n/a
4735.456	0	2367728	standard_tone	sapo_emerge	standard	n/a	n/a	n/a	n/a	n/a
4735.588	0	2367794	clicker_press	sapo_emerge	response-received-page_up	n/a	n/a	n/a	n/a	page_up
4735.606	0	2367803	report_window_begin	sapo_emerge	emerge-sapo-emerge-begin	n/a	n/a	n/a	n/a	n/a
4739.618	0	2369809	depth_rating	sapo_emerge	rating-sapo-emerge-meditation_depth-1	1	n/a	n/a	n/a	n/a
4741.916	0	2370958	clicker_press	sapo_emerge	response-received-page_up	n/a	n/a	n/a	n/a	page_up
4742.300	0	2371150	clicker_press	sapo_emerge	response-received-page_up	n/a	n/a	n/a	n/a	page_up
4742.682	0	2371341	clicker_press	sapo_emerge	response-received-page_up	n/a	n/a	n/a	n/a	page_up
4743.098	0	2371549	clicker_press	sapo_emerge	response-received-page_up	n/a	n/a	n/a	n/a	page_up
4749.828	0	2374914	confidence_rating	sapo_emerge	rating-sapo-emerge-confidence_depth-4	n/a	4	n/a	n/a	n/a
4753.274	0	2376637	report_window_end	sapo_emerge	emerge-sapo-emerge-end	n/a	n/a	n/a	n/a	n/a
4753.274	0	2376637	subblock_begin	sapo_emerge	subblock-begin	n/a	n/a	n/a	n/a	n/a
4753.276	0	2376638	silence_begin	sapo_emerge	silence-begin	n/a	n/a	n/a	n/a	n/a
4753.290	0	2376645	standard_tone	sapo_emerge	standard	n/a	n/a	n/a	n/a	n/a
4754.306	0	2377153	standard_tone	sapo_emerge	standard	n/a	n/a	n/a	n/a	n/a
4755.322	0	2377661	oddball_tone	sapo_emerge	oddball	n/a	n/a	n/a	n/a	n/a
4756.338	0	2378169	standard_tone	sapo_emerge	standard	n/a	n/a	n/a	n/a	n/a
4757.354	0	2378677	standard_tone	sapo_emerge	standard	n/a	n/a	n/a	n/a	n/a
4758.370	0	2379185	oddball_tone	sapo_emerge	oddball	n/a	n/a	n/a	n/a	n/a
4758.886	0	2379443	clicker_press	sapo_emerge	response-received-page_up	n/a	n/a	n/a	n/a	page_up
4758.918	0	2379459	report_window_begin	sapo_emerge	emerge-sapo-emerge-begin	n/a	n/a	n/a	n/a	n/a
4759.720	0	2379860	clicker_press	sapo_emerge	response-received-page_up	n/a	n/a	n/a	n/a	page_up
4762.950	0	2381475	depth_rating	sapo_emerge	rating-sapo-emerge-meditation_depth-2	2	n/a	n/a	n/a	n/a
4765.064	0	2382532	clicker_press	sapo_emerge	response-received-page_up	n/a	n/a	n/a	n/a	page_up
4773.092	0	2386546	confidence_rating	sapo_emerge	rating-sapo-emerge-confidence_depth-1	n/a	1	n/a	n/a	n/a
4776.688	0	2388344	report_window_end	sapo_emerge	emerge-sapo-emerge-end	n/a	n/a	n/a	n/a	n/a
4776.688	0	2388344	subblock_begin	sapo_emerge	subblock-begin	n/a	n/a	n/a	n/a	n/a
4776.690	0	2388345	silence_begin	sapo_emerge	silence-begin	n/a	n/a	n/a	n/a	n/a
4776.690	0	2388345	standard_tone	sapo_emerge	standard	n/a	n/a	n/a	n/a	n/a
4777.702	0	2388851	distractor_noise	sapo_emerge	distractor	n/a	n/a	n/a	n/a	n/a
4778.720	0	2389360	standard_tone	sapo_emerge	standard	n/a	n/a	n/a	n/a	n/a
4779.736	0	2389868	oddball_tone	sapo_emerge	oddball	n/a	n/a	n/a	n/a	n/a
4780.750	0	2390375	standard_tone	sapo_emerge	standard	n/a	n/a	n/a	n/a	n/a
4781.766	0	2390883	standard_tone	sapo_emerge	standard	n/a	n/a	n/a	n/a	n/a
4782.782	0	2391391	standard_tone	sapo_emerge	standard	n/a	n/a	n/a	n/a	n/a
4783.798	0	2391899	standard_tone	sapo_emerge	standard	n/a	n/a	n/a	n/a	n/a
4784.814	0	2392407	standard_tone	sapo_emerge	standard	n/a	n/a	n/a	n/a	n/a
4785.830	0	2392915	standard_tone	sapo_emerge	standard	n/a	n/a	n/a	n/a	n/a
4786.846	0	2393423	standard_tone	sapo_emerge	standard	n/a	n/a	n/a	n/a	n/a
4787.862	0	2393931	standard_tone	sapo_emerge	standard	n/a	n/a	n/a	n/a	n/a
4788.878	0	2394439	standard_tone	sapo_emerge	standard	n/a	n/a	n/a	n/a	n/a
4789.894	0	2394947	standard_tone	sapo_emerge	standard	n/a	n/a	n/a	n/a	n/a
4790.910	0	2395455	standard_tone	sapo_emerge	standard	n/a	n/a	n/a	n/a	n/a
4791.924	0	2395962	standard_tone	sapo_emerge	standard	n/a	n/a	n/a	n/a	n/a
4792.940	0	2396470	distractor_noise	sapo_emerge	distractor	n/a	n/a	n/a	n/a	n/a
4793.942	0	2396971	standard_tone	sapo_emerge	standard	n/a	n/a	n/a	n/a	n/a
4794.956	0	2397478	standard_tone	sapo_emerge	standard	n/a	n/a	n/a	n/a	n/a
4795.972	0	2397986	standard_tone	sapo_emerge	standard	n/a	n/a	n/a	n/a	n/a
4796.988	0	2398494	standard_tone	sapo_emerge	standard	n/a	n/a	n/a	n/a	n/a
4798.004	0	2399002	standard_tone	sapo_emerge	standard	n/a	n/a	n/a	n/a	n/a
4799.020	0	2399510	oddball_tone	sapo_emerge	oddball	n/a	n/a	n/a	n/a	n/a
4800.036	0	2400018	standard_tone	sapo_emerge	standard	n/a	n/a	n/a	n/a	n/a
4800.568	0	2400284	clicker_press	sapo_emerge	response-received-page_up	n/a	n/a	n/a	n/a	page_up
4800.752	0	2400376	report_window_begin	sapo_emerge	emerge-sapo-emerge-begin	n/a	n/a	n/a	n/a	n/a
4804.764	0	2402382	depth_rating	sapo_emerge	rating-sapo-emerge-meditation_depth-1	1	n/a	n/a	n/a	n/a
4807.396	0	2403698	clicker_press	sapo_emerge	response-received-page_up	n/a	n/a	n/a	n/a	page_up
4807.878	0	2403939	clicker_press	sapo_emerge	response-received-page_up	n/a	n/a	n/a	n/a	page_up
4808.362	0	2404181	clicker_press	sapo_emerge	response-received-page_up	n/a	n/a	n/a	n/a	page_up
4814.922	0	2407461	confidence_rating	sapo_emerge	rating-sapo-emerge-confidence_depth-3	n/a	3	n/a	n/a	n/a
4818.370	0	2409185	report_window_end	sapo_emerge	emerge-sapo-emerge-end	n/a	n/a	n/a	n/a	n/a
4818.370	0	2409185	subblock_begin	sapo_emerge	subblock-begin	n/a	n/a	n/a	n/a	n/a
4818.372	0	2409186	silence_begin	sapo_emerge	silence-begin	n/a	n/a	n/a	n/a	n/a
4818.386	0	2409193	oddball_tone	sapo_emerge	oddball	n/a	n/a	n/a	n/a	n/a
4819.402	0	2409701	standard_tone	sapo_emerge	standard	n/a	n/a	n/a	n/a	n/a
4820.418	0	2410209	standard_tone	sapo_emerge	standard	n/a	n/a	n/a	n/a	n/a
4821.434	0	2410717	standard_tone	sapo_emerge	standard	n/a	n/a	n/a	n/a	n/a
4822.450	0	2411225	standard_tone	sapo_emerge	standard	n/a	n/a	n/a	n/a	n/a
4823.450	0	2411725	distractor_noise	sapo_emerge	distractor	n/a	n/a	n/a	n/a	n/a
4824.464	0	2412232	standard_tone	sapo_emerge	standard	n/a	n/a	n/a	n/a	n/a
4825.480	0	2412740	standard_tone	sapo_emerge	standard	n/a	n/a	n/a	n/a	n/a
4826.496	0	2413248	standard_tone	sapo_emerge	standard	n/a	n/a	n/a	n/a	n/a
4827.512	0	2413756	distractor_noise	sapo_emerge	distractor	n/a	n/a	n/a	n/a	n/a
4828.528	0	2414264	standard_tone	sapo_emerge	standard	n/a	n/a	n/a	n/a	n/a
4829.544	0	2414772	distractor_noise	sapo_emerge	distractor	n/a	n/a	n/a	n/a	n/a
4830.560	0	2415280	standard_tone	sapo_emerge	standard	n/a	n/a	n/a	n/a	n/a
4831.576	0	2415788	standard_tone	sapo_emerge	standard	n/a	n/a	n/a	n/a	n/a
4832.592	0	2416296	standard_tone	sapo_emerge	standard	n/a	n/a	n/a	n/a	n/a
4833.608	0	2416804	distractor_noise	sapo_emerge	distractor	n/a	n/a	n/a	n/a	n/a
4834.622	0	2417311	standard_tone	sapo_emerge	standard	n/a	n/a	n/a	n/a	n/a
4835.638	0	2417819	oddball_tone	sapo_emerge	oddball	n/a	n/a	n/a	n/a	n/a
4836.654	0	2418327	standard_tone	sapo_emerge	standard	n/a	n/a	n/a	n/a	n/a
4837.670	0	2418835	distractor_noise	sapo_emerge	distractor	n/a	n/a	n/a	n/a	n/a
4838.686	0	2419343	oddball_tone	sapo_emerge	oddball	n/a	n/a	n/a	n/a	n/a
4839.702	0	2419851	standard_tone	sapo_emerge	standard	n/a	n/a	n/a	n/a	n/a
4840.718	0	2420359	oddball_tone	sapo_emerge	oddball	n/a	n/a	n/a	n/a	n/a
4841.734	0	2420867	standard_tone	sapo_emerge	standard	n/a	n/a	n/a	n/a	n/a
4842.584	0	2421292	clicker_press	sapo_emerge	response-received-page_up	n/a	n/a	n/a	n/a	page_up
4842.616	0	2421308	report_window_begin	sapo_emerge	emerge-sapo-emerge-begin	n/a	n/a	n/a	n/a	n/a
4846.646	0	2423323	depth_rating	sapo_emerge	rating-sapo-emerge-meditation_depth-1	1	n/a	n/a	n/a	n/a
4849.910	0	2424955	clicker_press	sapo_emerge	response-received-page_up	n/a	n/a	n/a	n/a	page_up
4850.576	0	2425288	clicker_press	sapo_emerge	response-received-page_up	n/a	n/a	n/a	n/a	page_up
4851.126	0	2425563	clicker_press	sapo_emerge	response-received-page_up	n/a	n/a	n/a	n/a	page_up
4856.972	0	2428486	confidence_rating	sapo_emerge	rating-sapo-emerge-confidence_depth-3	n/a	3	n/a	n/a	n/a
4860.418	0	2430209	report_window_end	sapo_emerge	emerge-sapo-emerge-end	n/a	n/a	n/a	n/a	n/a
4860.420	0	2430210	subblock_begin	sapo_emerge	subblock-begin	n/a	n/a	n/a	n/a	n/a
4860.420	0	2430210	silence_begin	sapo_emerge	silence-begin	n/a	n/a	n/a	n/a	n/a
4860.420	0	2430210	oddball_tone	sapo_emerge	oddball	n/a	n/a	n/a	n/a	n/a
4861.434	0	2430717	distractor_noise	sapo_emerge	distractor	n/a	n/a	n/a	n/a	n/a
4862.450	0	2431225	standard_tone	sapo_emerge	standard	n/a	n/a	n/a	n/a	n/a
4863.466	0	2431733	standard_tone	sapo_emerge	standard	n/a	n/a	n/a	n/a	n/a
4864.484	0	2432242	standard_tone	sapo_emerge	standard	n/a	n/a	n/a	n/a	n/a
4865.498	0	2432749	standard_tone	sapo_emerge	standard	n/a	n/a	n/a	n/a	n/a
4866.496	0	2433248	standard_tone	sapo_emerge	standard	n/a	n/a	n/a	n/a	n/a
4867.512	0	2433756	oddball_tone	sapo_emerge	oddball	n/a	n/a	n/a	n/a	n/a
4868.528	0	2434264	distractor_noise	sapo_emerge	distractor	n/a	n/a	n/a	n/a	n/a
4869.544	0	2434772	standard_tone	sapo_emerge	standard	n/a	n/a	n/a	n/a	n/a
4870.560	0	2435280	standard_tone	sapo_emerge	standard	n/a	n/a	n/a	n/a	n/a
4871.576	0	2435788	standard_tone	sapo_emerge	standard	n/a	n/a	n/a	n/a	n/a
4872.594	0	2436297	standard_tone	sapo_emerge	standard	n/a	n/a	n/a	n/a	n/a
4873.608	0	2436804	distractor_noise	sapo_emerge	distractor	n/a	n/a	n/a	n/a	n/a
4874.624	0	2437312	standard_tone	sapo_emerge	standard	n/a	n/a	n/a	n/a	n/a
4875.638	0	2437819	standard_tone	sapo_emerge	standard	n/a	n/a	n/a	n/a	n/a
4876.654	0	2438327	oddball_tone	sapo_emerge	oddball	n/a	n/a	n/a	n/a	n/a
4877.320	0	2438660	clicker_press	sapo_emerge	response-received-page_up	n/a	n/a	n/a	n/a	page_up
4877.338	0	2438669	report_window_begin	sapo_emerge	emerge-sapo-emerge-begin	n/a	n/a	n/a	n/a	n/a
4881.352	0	2440676	depth_rating	sapo_emerge	rating-sapo-emerge-meditation_depth-1	1	n/a	n/a	n/a	n/a
4884.200	0	2442100	clicker_press	sapo_emerge	response-received-page_up	n/a	n/a	n/a	n/a	page_up
4884.714	0	2442357	clicker_press	sapo_emerge	response-received-page_up	n/a	n/a	n/a	n/a	page_up
4885.150	0	2442575	clicker_press	sapo_emerge	response-received-page_up	n/a	n/a	n/a	n/a	page_up
4891.426	0	2445713	confidence_rating	sapo_emerge	rating-sapo-emerge-confidence_depth-3	n/a	3	n/a	n/a	n/a
4894.924	0	2447462	report_window_end	sapo_emerge	emerge-sapo-emerge-end	n/a	n/a	n/a	n/a	n/a
4894.924	0	2447462	subblock_begin	sapo_emerge	subblock-begin	n/a	n/a	n/a	n/a	n/a
4894.924	0	2447462	silence_begin	sapo_emerge	silence-begin	n/a	n/a	n/a	n/a	n/a
4894.926	0	2447463	standard_tone	sapo_emerge	standard	n/a	n/a	n/a	n/a	n/a
4895.938	0	2447969	oddball_tone	sapo_emerge	oddball	n/a	n/a	n/a	n/a	n/a
4896.954	0	2448477	standard_tone	sapo_emerge	standard	n/a	n/a	n/a	n/a	n/a
4897.970	0	2448985	standard_tone	sapo_emerge	standard	n/a	n/a	n/a	n/a	n/a
4898.986	0	2449493	standard_tone	sapo_emerge	standard	n/a	n/a	n/a	n/a	n/a
4900.002	0	2450001	oddball_tone	sapo_emerge	oddball	n/a	n/a	n/a	n/a	n/a
4901.018	0	2450509	standard_tone	sapo_emerge	standard	n/a	n/a	n/a	n/a	n/a
4902.034	0	2451017	oddball_tone	sapo_emerge	oddball	n/a	n/a	n/a	n/a	n/a
4903.050	0	2451525	standard_tone	sapo_emerge	standard	n/a	n/a	n/a	n/a	n/a
4904.066	0	2452033	oddball_tone	sapo_emerge	oddball	n/a	n/a	n/a	n/a	n/a
4905.082	0	2452541	standard_tone	sapo_emerge	standard	n/a	n/a	n/a	n/a	n/a
4906.098	0	2453049	standard_tone	sapo_emerge	standard	n/a	n/a	n/a	n/a	n/a
4907.112	0	2453556	distractor_noise	sapo_emerge	distractor	n/a	n/a	n/a	n/a	n/a
4908.128	0	2454064	standard_tone	sapo_emerge	standard	n/a	n/a	n/a	n/a	n/a
4909.144	0	2454572	standard_tone	sapo_emerge	standard	n/a	n/a	n/a	n/a	n/a
4910.160	0	2455080	standard_tone	sapo_emerge	standard	n/a	n/a	n/a	n/a	n/a
4911.176	0	2455588	standard_tone	sapo_emerge	standard	n/a	n/a	n/a	n/a	n/a
4912.192	0	2456096	standard_tone	sapo_emerge	standard	n/a	n/a	n/a	n/a	n/a
4913.208	0	2456604	distractor_noise	sapo_emerge	distractor	n/a	n/a	n/a	n/a	n/a
4914.224	0	2457112	standard_tone	sapo_emerge	standard	n/a	n/a	n/a	n/a	n/a
4915.240	0	2457620	standard_tone	sapo_emerge	standard	n/a	n/a	n/a	n/a	n/a
4916.256	0	2458128	standard_tone	sapo_emerge	standard	n/a	n/a	n/a	n/a	n/a
4917.272	0	2458636	standard_tone	sapo_emerge	standard	n/a	n/a	n/a	n/a	n/a
4918.286	0	2459143	standard_tone	sapo_emerge	standard	n/a	n/a	n/a	n/a	n/a
4919.302	0	2459651	distractor_noise	sapo_emerge	distractor	n/a	n/a	n/a	n/a	n/a
4920.318	0	2460159	standard_tone	sapo_emerge	standard	n/a	n/a	n/a	n/a	n/a
4921.334	0	2460667	standard_tone	sapo_emerge	standard	n/a	n/a	n/a	n/a	n/a
4922.350	0	2461175	distractor_noise	sapo_emerge	distractor	n/a	n/a	n/a	n/a	n/a
4923.366	0	2461683	standard_tone	sapo_emerge	standard	n/a	n/a	n/a	n/a	n/a
4924.382	0	2462191	standard_tone	sapo_emerge	standard	n/a	n/a	n/a	n/a	n/a
4925.398	0	2462699	standard_tone	sapo_emerge	standard	n/a	n/a	n/a	n/a	n/a
4926.414	0	2463207	oddball_tone	sapo_emerge	oddball	n/a	n/a	n/a	n/a	n/a
4927.430	0	2463715	standard_tone	sapo_emerge	standard	n/a	n/a	n/a	n/a	n/a
4928.446	0	2464223	standard_tone	sapo_emerge	standard	n/a	n/a	n/a	n/a	n/a
4929.462	0	2464731	distractor_noise	sapo_emerge	distractor	n/a	n/a	n/a	n/a	n/a
4930.476	0	2465238	standard_tone	sapo_emerge	standard	n/a	n/a	n/a	n/a	n/a
4931.492	0	2465746	standard_tone	sapo_emerge	standard	n/a	n/a	n/a	n/a	n/a
4932.508	0	2466254	standard_tone	sapo_emerge	standard	n/a	n/a	n/a	n/a	n/a
4933.524	0	2466762	standard_tone	sapo_emerge	standard	n/a	n/a	n/a	n/a	n/a
4934.540	0	2467270	standard_tone	sapo_emerge	standard	n/a	n/a	n/a	n/a	n/a
4935.556	0	2467778	distractor_noise	sapo_emerge	distractor	n/a	n/a	n/a	n/a	n/a
4936.572	0	2468286	standard_tone	sapo_emerge	standard	n/a	n/a	n/a	n/a	n/a
4937.588	0	2468794	standard_tone	sapo_emerge	standard	n/a	n/a	n/a	n/a	n/a
4938.604	0	2469302	standard_tone	sapo_emerge	standard	n/a	n/a	n/a	n/a	n/a
4939.620	0	2469810	standard_tone	sapo_emerge	standard	n/a	n/a	n/a	n/a	n/a
4940.636	0	2470318	standard_tone	sapo_emerge	standard	n/a	n/a	n/a	n/a	n/a
4941.650	0	2470825	oddball_tone	sapo_emerge	oddball	n/a	n/a	n/a	n/a	n/a
4942.666	0	2471333	standard_tone	sapo_emerge	standard	n/a	n/a	n/a	n/a	n/a
4943.518	0	2471759	clicker_press	sapo_emerge	response-received-page_up	n/a	n/a	n/a	n/a	page_up
4943.582	0	2471791	report_window_begin	sapo_emerge	emerge-sapo-emerge-begin	n/a	n/a	n/a	n/a	n/a
4945.116	0	2472558	clicker_press	sapo_emerge	response-received-page_up	n/a	n/a	n/a	n/a	page_up
4947.746	0	2473873	depth_rating	sapo_emerge	rating-sapo-emerge-meditation_depth-2	2	n/a	n/a	n/a	n/a
4953.674	0	2476837	clicker_press	sapo_emerge	response-received-page_up	n/a	n/a	n/a	n/a	page_up
4954.008	0	2477004	clicker_press	sapo_emerge	response-received-page_up	n/a	n/a	n/a	n/a	page_up
4957.820	0	2478910	confidence_rating	sapo_emerge	rating-sapo-emerge-confidence_depth-2	n/a	2	n/a	n/a	n/a
4961.284	0	2480642	report_window_end	sapo_emerge	emerge-sapo-emerge-end	n/a	n/a	n/a	n/a	n/a
4961.286	0	2480643	subblock_begin	sapo_emerge	subblock-begin	n/a	n/a	n/a	n/a	n/a
4961.286	0	2480643	silence_begin	sapo_emerge	silence-begin	n/a	n/a	n/a	n/a	n/a
4961.288	0	2480644	standard_tone	sapo_emerge	standard	n/a	n/a	n/a	n/a	n/a
4962.300	0	2481150	oddball_tone	sapo_emerge	oddball	n/a	n/a	n/a	n/a	n/a
4963.316	0	2481658	standard_tone	sapo_emerge	standard	n/a	n/a	n/a	n/a	n/a
4964.332	0	2482166	standard_tone	sapo_emerge	standard	n/a	n/a	n/a	n/a	n/a
4965.348	0	2482674	standard_tone	sapo_emerge	standard	n/a	n/a	n/a	n/a	n/a
4966.348	0	2483174	standard_tone	sapo_emerge	standard	n/a	n/a	n/a	n/a	n/a
4967.364	0	2483682	standard_tone	sapo_emerge	standard	n/a	n/a	n/a	n/a	n/a
4968.378	0	2484189	standard_tone	sapo_emerge	standard	n/a	n/a	n/a	n/a	n/a
4969.394	0	2484697	standard_tone	sapo_emerge	standard	n/a	n/a	n/a	n/a	n/a
4970.410	0	2485205	distractor_noise	sapo_emerge	distractor	n/a	n/a	n/a	n/a	n/a
4971.426	0	2485713	standard_tone	sapo_emerge	standard	n/a	n/a	n/a	n/a	n/a
4972.426	0	2486213	standard_tone	sapo_emerge	standard	n/a	n/a	n/a	n/a	n/a
4973.442	0	2486721	standard_tone	sapo_emerge	standard	n/a	n/a	n/a	n/a	n/a
4974.458	0	2487229	standard_tone	sapo_emerge	standard	n/a	n/a	n/a	n/a	n/a
4975.472	0	2487736	standard_tone	sapo_emerge	standard	n/a	n/a	n/a	n/a	n/a
4976.488	0	2488244	standard_tone	sapo_emerge	standard	n/a	n/a	n/a	n/a	n/a
4977.504	0	2488752	standard_tone	sapo_emerge	standard	n/a	n/a	n/a	n/a	n/a
4978.520	0	2489260	standard_tone	sapo_emerge	standard	n/a	n/a	n/a	n/a	n/a
4979.536	0	2489768	standard_tone	sapo_emerge	standard	n/a	n/a	n/a	n/a	n/a
4980.552	0	2490276	distractor_noise	sapo_emerge	distractor	n/a	n/a	n/a	n/a	n/a
4981.568	0	2490784	oddball_tone	sapo_emerge	oddball	n/a	n/a	n/a	n/a	n/a
4982.550	0	2491275	clicker_press	sapo_emerge	response-received-page_up	n/a	n/a	n/a	n/a	page_up
4982.568	0	2491284	report_window_begin	sapo_emerge	emerge-sapo-emerge-begin	n/a	n/a	n/a	n/a	n/a
4986.580	0	2493290	depth_rating	sapo_emerge	rating-sapo-emerge-meditation_depth-1	1	n/a	n/a	n/a	n/a
4989.478	0	2494739	clicker_press	sapo_emerge	response-received-page_up	n/a	n/a	n/a	n/a	page_up
4990.028	0	2495014	clicker_press	sapo_emerge	response-received-page_up	n/a	n/a	n/a	n/a	page_up
4996.806	0	2498403	confidence_rating	sapo_emerge	rating-sapo-emerge-confidence_depth-2	n/a	2	n/a	n/a	n/a
5000.286	0	2500143	report_window_end	sapo_emerge	emerge-sapo-emerge-end	n/a	n/a	n/a	n/a	n/a
5000.288	0	2500144	subblock_begin	sapo_emerge	subblock-begin	n/a	n/a	n/a	n/a	n/a
5000.288	0	2500144	silence_begin	sapo_emerge	silence-begin	n/a	n/a	n/a	n/a	n/a
5000.288	0	2500144	standard_tone	sapo_emerge	standard	n/a	n/a	n/a	n/a	n/a
5001.302	0	2500651	standard_tone	sapo_emerge	standard	n/a	n/a	n/a	n/a	n/a
5002.318	0	2501159	standard_tone	sapo_emerge	standard	n/a	n/a	n/a	n/a	n/a
5003.332	0	2501666	standard_tone	sapo_emerge	standard	n/a	n/a	n/a	n/a	n/a
5004.348	0	2502174	standard_tone	sapo_emerge	standard	n/a	n/a	n/a	n/a	n/a
5005.364	0	2502682	standard_tone	sapo_emerge	standard	n/a	n/a	n/a	n/a	n/a
5006.364	0	2503182	oddball_tone	sapo_emerge	oddball	n/a	n/a	n/a	n/a	n/a
5007.380	0	2503690	standard_tone	sapo_emerge	standard	n/a	n/a	n/a	n/a	n/a
5007.446	0	2503723	clicker_press	sapo_emerge	response-received-page_up	n/a	n/a	n/a	n/a	page_up
5007.496	0	2503748	report_window_begin	sapo_emerge	emerge-sapo-emerge-begin	n/a	n/a	n/a	n/a	n/a
5011.576	0	2505788	depth_rating	sapo_emerge	rating-sapo-emerge-meditation_depth-1	1	n/a	n/a	n/a	n/a
5013.942	0	2506971	clicker_press	sapo_emerge	response-received-page_up	n/a	n/a	n/a	n/a	page_up
5014.624	0	2507312	clicker_press	sapo_emerge	response-received-page_up	n/a	n/a	n/a	n/a	page_up
5021.770	0	2510885	confidence_rating	sapo_emerge	rating-sapo-emerge-confidence_depth-2	n/a	2	n/a	n/a	n/a
5025.216	0	2512608	report_window_end	sapo_emerge	emerge-sapo-emerge-end	n/a	n/a	n/a	n/a	n/a
5025.216	0	2512608	subblock_begin	sapo_emerge	subblock-begin	n/a	n/a	n/a	n/a	n/a
5025.216	0	2512608	silence_begin	sapo_emerge	silence-begin	n/a	n/a	n/a	n/a	n/a
5025.232	0	2512616	distractor_noise	sapo_emerge	distractor	n/a	n/a	n/a	n/a	n/a
5026.248	0	2513124	standard_tone	sapo_emerge	standard	n/a	n/a	n/a	n/a	n/a
5027.264	0	2513632	distractor_noise	sapo_emerge	distractor	n/a	n/a	n/a	n/a	n/a
5028.280	0	2514140	standard_tone	sapo_emerge	standard	n/a	n/a	n/a	n/a	n/a
5029.294	0	2514647	standard_tone	sapo_emerge	standard	n/a	n/a	n/a	n/a	n/a
5030.310	0	2515155	standard_tone	sapo_emerge	standard	n/a	n/a	n/a	n/a	n/a
5031.326	0	2515663	standard_tone	sapo_emerge	standard	n/a	n/a	n/a	n/a	n/a
5032.342	0	2516171	standard_tone	sapo_emerge	standard	n/a	n/a	n/a	n/a	n/a
5033.342	0	2516671	standard_tone	sapo_emerge	standard	n/a	n/a	n/a	n/a	n/a
5034.358	0	2517179	standard_tone	sapo_emerge	standard	n/a	n/a	n/a	n/a	n/a
5035.374	0	2517687	standard_tone	sapo_emerge	standard	n/a	n/a	n/a	n/a	n/a
5036.374	0	2518187	standard_tone	sapo_emerge	standard	n/a	n/a	n/a	n/a	n/a
5037.388	0	2518694	standard_tone	sapo_emerge	standard	n/a	n/a	n/a	n/a	n/a
5038.404	0	2519202	standard_tone	sapo_emerge	standard	n/a	n/a	n/a	n/a	n/a
5039.420	0	2519710	distractor_noise	sapo_emerge	distractor	n/a	n/a	n/a	n/a	n/a
5040.436	0	2520218	standard_tone	sapo_emerge	standard	n/a	n/a	n/a	n/a	n/a
5041.452	0	2520726	standard_tone	sapo_emerge	standard	n/a	n/a	n/a	n/a	n/a
5042.468	0	2521234	standard_tone	sapo_emerge	standard	n/a	n/a	n/a	n/a	n/a
5043.484	0	2521742	standard_tone	sapo_emerge	standard	n/a	n/a	n/a	n/a	n/a
5044.500	0	2522250	standard_tone	sapo_emerge	standard	n/a	n/a	n/a	n/a	n/a
5045.514	0	2522757	standard_tone	sapo_emerge	standard	n/a	n/a	n/a	n/a	n/a
5046.530	0	2523265	standard_tone	sapo_emerge	standard	n/a	n/a	n/a	n/a	n/a
5047.546	0	2523773	standard_tone	sapo_emerge	standard	n/a	n/a	n/a	n/a	n/a
5048.562	0	2524281	distractor_noise	sapo_emerge	distractor	n/a	n/a	n/a	n/a	n/a
5049.578	0	2524789	standard_tone	sapo_emerge	standard	n/a	n/a	n/a	n/a	n/a
5050.594	0	2525297	oddball_tone	sapo_emerge	oddball	n/a	n/a	n/a	n/a	n/a
5051.610	0	2525805	standard_tone	sapo_emerge	standard	n/a	n/a	n/a	n/a	n/a
5052.626	0	2526313	standard_tone	sapo_emerge	standard	n/a	n/a	n/a	n/a	n/a
5052.692	0	2526346	clicker_press	sapo_emerge	response-received-page_up	n/a	n/a	n/a	n/a	page_up
5052.726	0	2526363	report_window_begin	sapo_emerge	emerge-sapo-emerge-begin	n/a	n/a	n/a	n/a	n/a
5056.756	0	2528378	depth_rating	sapo_emerge	rating-sapo-emerge-meditation_depth-1	1	n/a	n/a	n/a	n/a
5061.768	0	2530884	clicker_press	sapo_emerge	response-received-page_up	n/a	n/a	n/a	n/a	page_up
5062.102	0	2531051	clicker_press	sapo_emerge	response-received-page_up	n/a	n/a	n/a	n/a	page_up
5066.864	0	2533432	confidence_rating	sapo_emerge	rating-sapo-emerge-confidence_depth-2	n/a	2	n/a	n/a	n/a
5070.362	0	2535181	report_window_end	sapo_emerge	emerge-sapo-emerge-end	n/a	n/a	n/a	n/a	n/a
5070.362	0	2535181	subblock_begin	sapo_emerge	subblock-begin	n/a	n/a	n/a	n/a	n/a
5070.362	0	2535181	silence_begin	sapo_emerge	silence-begin	n/a	n/a	n/a	n/a	n/a
5070.378	0	2535189	oddball_tone	sapo_emerge	oddball	n/a	n/a	n/a	n/a	n/a
5071.394	0	2535697	standard_tone	sapo_emerge	standard	n/a	n/a	n/a	n/a	n/a
5072.410	0	2536205	standard_tone	sapo_emerge	standard	n/a	n/a	n/a	n/a	n/a
5073.426	0	2536713	standard_tone	sapo_emerge	standard	n/a	n/a	n/a	n/a	n/a
5074.442	0	2537221	standard_tone	sapo_emerge	standard	n/a	n/a	n/a	n/a	n/a
5075.456	0	2537728	standard_tone	sapo_emerge	standard	n/a	n/a	n/a	n/a	n/a
5076.472	0	2538236	standard_tone	sapo_emerge	standard	n/a	n/a	n/a	n/a	n/a
5077.488	0	2538744	standard_tone	sapo_emerge	standard	n/a	n/a	n/a	n/a	n/a
5078.504	0	2539252	distractor_noise	sapo_emerge	distractor	n/a	n/a	n/a	n/a	n/a
5079.520	0	2539760	standard_tone	sapo_emerge	standard	n/a	n/a	n/a	n/a	n/a
5080.520	0	2540260	standard_tone	sapo_emerge	standard	n/a	n/a	n/a	n/a	n/a
5081.536	0	2540768	standard_tone	sapo_emerge	standard	n/a	n/a	n/a	n/a	n/a
5082.552	0	2541276	standard_tone	sapo_emerge	standard	n/a	n/a	n/a	n/a	n/a
5083.566	0	2541783	standard_tone	sapo_emerge	standard	n/a	n/a	n/a	n/a	n/a
5084.582	0	2542291	oddball_tone	sapo_emerge	oddball	n/a	n/a	n/a	n/a	n/a
5085.598	0	2542799	standard_tone	sapo_emerge	standard	n/a	n/a	n/a	n/a	n/a
5085.732	0	2542866	clicker_press	sapo_emerge	response-received-page_up	n/a	n/a	n/a	n/a	page_up
5085.814	0	2542907	report_window_begin	sapo_emerge	emerge-sapo-emerge-begin	n/a	n/a	n/a	n/a	n/a
5089.878	0	2544939	depth_rating	sapo_emerge	rating-sapo-emerge-meditation_depth-1	1	n/a	n/a	n/a	n/a
5092.560	0	2546280	clicker_press	sapo_emerge	response-received-page_up	n/a	n/a	n/a	n/a	page_up
5093.042	0	2546521	clicker_press	sapo_emerge	response-received-page_up	n/a	n/a	n/a	n/a	page_up
5099.938	0	2549969	confidence_rating	sapo_emerge	rating-sapo-emerge-confidence_depth-2	n/a	2	n/a	n/a	n/a
5103.434	0	2551717	report_window_end	sapo_emerge	emerge-sapo-emerge-end	n/a	n/a	n/a	n/a	n/a
5103.434	0	2551717	subblock_begin	sapo_emerge	subblock-begin	n/a	n/a	n/a	n/a	n/a
5103.436	0	2551718	silence_begin	sapo_emerge	silence-begin	n/a	n/a	n/a	n/a	n/a
5103.436	0	2551718	standard_tone	sapo_emerge	standard	n/a	n/a	n/a	n/a	n/a
5104.450	0	2552225	standard_tone	sapo_emerge	standard	n/a	n/a	n/a	n/a	n/a
5105.466	0	2552733	standard_tone	sapo_emerge	standard	n/a	n/a	n/a	n/a	n/a
5106.480	0	2553240	standard_tone	sapo_emerge	standard	n/a	n/a	n/a	n/a	n/a
5107.496	0	2553748	standard_tone	sapo_emerge	standard	n/a	n/a	n/a	n/a	n/a
5108.512	0	2554256	oddball_tone	sapo_emerge	oddball	n/a	n/a	n/a	n/a	n/a
5109.528	0	2554764	standard_tone	sapo_emerge	standard	n/a	n/a	n/a	n/a	n/a
5109.962	0	2554981	clicker_press	sapo_emerge	response-received-page_up	n/a	n/a	n/a	n/a	page_up
5109.980	0	2554990	report_window_begin	sapo_emerge	emerge-sapo-emerge-begin	n/a	n/a	n/a	n/a	n/a
5114.042	0	2557021	depth_rating	sapo_emerge	rating-sapo-emerge-meditation_depth-1	1	n/a	n/a	n/a	n/a
5116.124	0	2558062	clicker_press	sapo_emerge	response-received-page_up	n/a	n/a	n/a	n/a	page_up
5116.358	0	2558179	clicker_press	sapo_emerge	response-received-page_up	n/a	n/a	n/a	n/a	page_up
5124.116	0	2562058	confidence_rating	sapo_emerge	rating-sapo-emerge-confidence_depth-2	n/a	2	n/a	n/a	n/a
5127.746	0	2563873	report_window_end	sapo_emerge	emerge-sapo-emerge-end	n/a	n/a	n/a	n/a	n/a
5127.748	0	2563874	subblock_begin	sapo_emerge	subblock-begin	n/a	n/a	n/a	n/a	n/a
5127.748	0	2563874	silence_begin	sapo_emerge	silence-begin	n/a	n/a	n/a	n/a	n/a
5127.764	0	2563882	standard_tone	sapo_emerge	standard	n/a	n/a	n/a	n/a	n/a
5128.780	0	2564390	oddball_tone	sapo_emerge	oddball	n/a	n/a	n/a	n/a	n/a
5129.794	0	2564897	standard_tone	sapo_emerge	standard	n/a	n/a	n/a	n/a	n/a
5130.810	0	2565405	standard_tone	sapo_emerge	standard	n/a	n/a	n/a	n/a	n/a
5131.826	0	2565913	standard_tone	sapo_emerge	standard	n/a	n/a	n/a	n/a	n/a
5132.842	0	2566421	oddball_tone	sapo_emerge	oddball	n/a	n/a	n/a	n/a	n/a
5133.758	0	2566879	clicker_press	sapo_emerge	response-received-page_up	n/a	n/a	n/a	n/a	page_up
5133.826	0	2566913	report_window_begin	sapo_emerge	emerge-sapo-emerge-begin	n/a	n/a	n/a	n/a	n/a
5137.872	0	2568936	depth_rating	sapo_emerge	rating-sapo-emerge-meditation_depth-1	1	n/a	n/a	n/a	n/a
5140.120	0	2570060	clicker_press	sapo_emerge	response-received-page_up	n/a	n/a	n/a	n/a	page_up
5140.436	0	2570218	clicker_press	sapo_emerge	response-received-page_up	n/a	n/a	n/a	n/a	page_up
5147.996	0	2573998	confidence_rating	sapo_emerge	rating-sapo-emerge-confidence_depth-2	n/a	2	n/a	n/a	n/a
5151.544	0	2575772	report_window_end	sapo_emerge	emerge-sapo-emerge-end	n/a	n/a	n/a	n/a	n/a
5151.544	0	2575772	subblock_begin	sapo_emerge	subblock-begin	n/a	n/a	n/a	n/a	n/a
5151.546	0	2575773	silence_begin	sapo_emerge	silence-begin	n/a	n/a	n/a	n/a	n/a
5151.546	0	2575773	standard_tone	sapo_emerge	standard	n/a	n/a	n/a	n/a	n/a
5152.558	0	2576279	standard_tone	sapo_emerge	standard	n/a	n/a	n/a	n/a	n/a
5153.576	0	2576788	standard_tone	sapo_emerge	standard	n/a	n/a	n/a	n/a	n/a
5154.590	0	2577295	standard_tone	sapo_emerge	standard	n/a	n/a	n/a	n/a	n/a
5155.606	0	2577803	standard_tone	sapo_emerge	standard	n/a	n/a	n/a	n/a	n/a
5156.606	0	2578303	oddball_tone	sapo_emerge	oddball	n/a	n/a	n/a	n/a	n/a
5157.622	0	2578811	standard_tone	sapo_emerge	standard	n/a	n/a	n/a	n/a	n/a
5158.622	0	2579311	standard_tone	sapo_emerge	standard	n/a	n/a	n/a	n/a	n/a
5159.636	0	2579818	standard_tone	sapo_emerge	standard	n/a	n/a	n/a	n/a	n/a
5160.652	0	2580326	standard_tone	sapo_emerge	standard	n/a	n/a	n/a	n/a	n/a
5161.668	0	2580834	distractor_noise	sapo_emerge	distractor	n/a	n/a	n/a	n/a	n/a
5162.684	0	2581342	oddball_tone	sapo_emerge	oddball	n/a	n/a	n/a	n/a	n/a
5163.700	0	2581850	standard_tone	sapo_emerge	standard	n/a	n/a	n/a	n/a	n/a
5163.718	0	2581859	clicker_press	sapo_emerge	response-received-page_up	n/a	n/a	n/a	n/a	page_up
5163.750	0	2581875	report_window_begin	sapo_emerge	emerge-sapo-emerge-begin	n/a	n/a	n/a	n/a	n/a
5167.830	0	2583915	depth_rating	sapo_emerge	rating-sapo-emerge-meditation_depth-1	1	n/a	n/a	n/a	n/a
5170.546	0	2585273	clicker_press	sapo_emerge	response-received-page_up	n/a	n/a	n/a	n/a	page_up
5170.994	0	2585497	clicker_press	sapo_emerge	response-received-page_up	n/a	n/a	n/a	n/a	page_up
5177.874	0	2588937	confidence_rating	sapo_emerge	rating-sapo-emerge-confidence_depth-2	n/a	2	n/a	n/a	n/a
5181.386	0	2590693	report_window_end	sapo_emerge	emerge-sapo-emerge-end	n/a	n/a	n/a	n/a	n/a
5181.388	0	2590694	subblock_begin	sapo_emerge	subblock-begin	n/a	n/a	n/a	n/a	n/a
5181.388	0	2590694	silence_begin	sapo_emerge	silence-begin	n/a	n/a	n/a	n/a	n/a
5181.388	0	2590694	standard_tone	sapo_emerge	standard	n/a	n/a	n/a	n/a	n/a
5182.402	0	2591201	standard_tone	sapo_emerge	standard	n/a	n/a	n/a	n/a	n/a
5183.416	0	2591708	standard_tone	sapo_emerge	standard	n/a	n/a	n/a	n/a	n/a
5184.432	0	2592216	standard_tone	sapo_emerge	standard	n/a	n/a	n/a	n/a	n/a
5185.448	0	2592724	standard_tone	sapo_emerge	standard	n/a	n/a	n/a	n/a	n/a
5186.464	0	2593232	oddball_tone	sapo_emerge	oddball	n/a	n/a	n/a	n/a	n/a
5187.480	0	2593740	standard_tone	sapo_emerge	standard	n/a	n/a	n/a	n/a	n/a
5188.496	0	2594248	standard_tone	sapo_emerge	standard	n/a	n/a	n/a	n/a	n/a
5189.518	0	2594759	standard_tone	sapo_emerge	standard	n/a	n/a	n/a	n/a	n/a
5190.528	0	2595264	distractor_noise	sapo_emerge	distractor	n/a	n/a	n/a	n/a	n/a
5191.544	0	2595772	standard_tone	sapo_emerge	standard	n/a	n/a	n/a	n/a	n/a
5192.560	0	2596280	standard_tone	sapo_emerge	standard	n/a	n/a	n/a	n/a	n/a
5193.576	0	2596788	standard_tone	sapo_emerge	standard	n/a	n/a	n/a	n/a	n/a
5194.592	0	2597296	standard_tone	sapo_emerge	standard	n/a	n/a	n/a	n/a	n/a
5195.608	0	2597804	standard_tone	sapo_emerge	standard	n/a	n/a	n/a	n/a	n/a
5196.622	0	2598311	standard_tone	sapo_emerge	standard	n/a	n/a	n/a	n/a	n/a
5197.638	0	2598819	standard_tone	sapo_emerge	standard	n/a	n/a	n/a	n/a	n/a
5198.654	0	2599327	standard_tone	sapo_emerge	standard	n/a	n/a	n/a	n/a	n/a
5199.670	0	2599835	standard_tone	sapo_emerge	standard	n/a	n/a	n/a	n/a	n/a
5200.686	0	2600343	standard_tone	sapo_emerge	standard	n/a	n/a	n/a	n/a	n/a
5201.702	0	2600851	standard_tone	sapo_emerge	standard	n/a	n/a	n/a	n/a	n/a
5202.718	0	2601359	standard_tone	sapo_emerge	standard	n/a	n/a	n/a	n/a	n/a
5203.734	0	2601867	distractor_noise	sapo_emerge	distractor	n/a	n/a	n/a	n/a	n/a
5204.734	0	2602367	standard_tone	sapo_emerge	standard	n/a	n/a	n/a	n/a	n/a
5205.748	0	2602874	standard_tone	sapo_emerge	standard	n/a	n/a	n/a	n/a	n/a
5206.764	0	2603382	standard_tone	sapo_emerge	standard	n/a	n/a	n/a	n/a	n/a
5207.780	0	2603890	standard_tone	sapo_emerge	standard	n/a	n/a	n/a	n/a	n/a
5208.796	0	2604398	standard_tone	sapo_emerge	standard	n/a	n/a	n/a	n/a	n/a
5209.812	0	2604906	standard_tone	sapo_emerge	standard	n/a	n/a	n/a	n/a	n/a
5210.828	0	2605414	standard_tone	sapo_emerge	standard	n/a	n/a	n/a	n/a	n/a
5211.844	0	2605922	distractor_noise	sapo_emerge	distractor	n/a	n/a	n/a	n/a	n/a
5212.860	0	2606430	standard_tone	sapo_emerge	standard	n/a	n/a	n/a	n/a	n/a
5213.858	0	2606929	standard_tone	sapo_emerge	standard	n/a	n/a	n/a	n/a	n/a
5214.874	0	2607437	standard_tone	sapo_emerge	standard	n/a	n/a	n/a	n/a	n/a
5215.890	0	2607945	standard_tone	sapo_emerge	standard	n/a	n/a	n/a	n/a	n/a
5216.906	0	2608453	standard_tone	sapo_emerge	standard	n/a	n/a	n/a	n/a	n/a
5217.906	0	2608953	distractor_noise	sapo_emerge	distractor	n/a	n/a	n/a	n/a	n/a
5218.920	0	2609460	standard_tone	sapo_emerge	standard	n/a	n/a	n/a	n/a	n/a
5219.938	0	2609969	standard_tone	sapo_emerge	standard	n/a	n/a	n/a	n/a	n/a
5220.952	0	2610476	standard_tone	sapo_emerge	standard	n/a	n/a	n/a	n/a	n/a
5221.968	0	2610984	standard_tone	sapo_emerge	standard	n/a	n/a	n/a	n/a	n/a
5222.984	0	2611492	distractor_noise	sapo_emerge	distractor	n/a	n/a	n/a	n/a	n/a
5224.000	0	2612000	standard_tone	sapo_emerge	standard	n/a	n/a	n/a	n/a	n/a
5225.016	0	2612508	distractor_noise	sapo_emerge	distractor	n/a	n/a	n/a	n/a	n/a
5226.032	0	2613016	oddball_tone	sapo_emerge	oddball	n/a	n/a	n/a	n/a	n/a
5227.032	0	2613516	standard_tone	sapo_emerge	standard	n/a	n/a	n/a	n/a	n/a
5227.230	0	2613615	clicker_press	sapo_emerge	response-received-page_up	n/a	n/a	n/a	n/a	page_up
5227.332	0	2613666	report_window_begin	sapo_emerge	emerge-sapo-emerge-begin	n/a	n/a	n/a	n/a	n/a
5231.460	0	2615730	depth_rating	sapo_emerge	rating-sapo-emerge-meditation_depth-1	1	n/a	n/a	n/a	n/a
5234.592	0	2617296	clicker_press	sapo_emerge	response-received-page_up	n/a	n/a	n/a	n/a	page_up
5235.060	0	2617530	clicker_press	sapo_emerge	response-received-page_up	n/a	n/a	n/a	n/a	page_up
5235.508	0	2617754	clicker_press	sapo_emerge	response-received-page_up	n/a	n/a	n/a	n/a	page_up
5236.008	0	2618004	clicker_press	sapo_emerge	response-received-page_up	n/a	n/a	n/a	n/a	page_up
5236.490	0	2618245	clicker_press	sapo_emerge	response-received-page_up	n/a	n/a	n/a	n/a	page_up
5241.586	0	2620793	confidence_rating	sapo_emerge	rating-sapo-emerge-confidence_depth-5	n/a	5	n/a	n/a	n/a
5245.034	0	2622517	report_window_end	sapo_emerge	emerge-sapo-emerge-end	n/a	n/a	n/a	n/a	n/a
5245.034	0	2622517	subblock_begin	sapo_emerge	subblock-begin	n/a	n/a	n/a	n/a	n/a
5245.034	0	2622517	silence_begin	sapo_emerge	silence-begin	n/a	n/a	n/a	n/a	n/a
5245.036	0	2622518	distractor_noise	sapo_emerge	distractor	n/a	n/a	n/a	n/a	n/a
5246.048	0	2623024	standard_tone	sapo_emerge	standard	n/a	n/a	n/a	n/a	n/a
5247.064	0	2623532	distractor_noise	sapo_emerge	distractor	n/a	n/a	n/a	n/a	n/a
5248.080	0	2624040	standard_tone	sapo_emerge	standard	n/a	n/a	n/a	n/a	n/a
5249.096	0	2624548	standard_tone	sapo_emerge	standard	n/a	n/a	n/a	n/a	n/a
5250.112	0	2625056	standard_tone	sapo_emerge	standard	n/a	n/a	n/a	n/a	n/a
5251.128	0	2625564	standard_tone	sapo_emerge	standard	n/a	n/a	n/a	n/a	n/a
5252.144	0	2626072	standard_tone	sapo_emerge	standard	n/a	n/a	n/a	n/a	n/a
5253.160	0	2626580	standard_tone	sapo_emerge	standard	n/a	n/a	n/a	n/a	n/a
5254.176	0	2627088	standard_tone	sapo_emerge	standard	n/a	n/a	n/a	n/a	n/a
5255.190	0	2627595	standard_tone	sapo_emerge	standard	n/a	n/a	n/a	n/a	n/a
5256.206	0	2628103	standard_tone	sapo_emerge	standard	n/a	n/a	n/a	n/a	n/a
5257.222	0	2628611	standard_tone	sapo_emerge	standard	n/a	n/a	n/a	n/a	n/a
5258.238	0	2629119	standard_tone	sapo_emerge	standard	n/a	n/a	n/a	n/a	n/a
5259.254	0	2629627	distractor_noise	sapo_emerge	distractor	n/a	n/a	n/a	n/a	n/a
5260.270	0	2630135	standard_tone	sapo_emerge	standard	n/a	n/a	n/a	n/a	n/a
5261.270	0	2630635	standard_tone	sapo_emerge	standard	n/a	n/a	n/a	n/a	n/a
5262.286	0	2631143	standard_tone	sapo_emerge	standard	n/a	n/a	n/a	n/a	n/a
5263.300	0	2631650	standard_tone	sapo_emerge	standard	n/a	n/a	n/a	n/a	n/a
5264.316	0	2632158	standard_tone	sapo_emerge	standard	n/a	n/a	n/a	n/a	n/a
5265.332	0	2632666	standard_tone	sapo_emerge	standard	n/a	n/a	n/a	n/a	n/a
5266.348	0	2633174	standard_tone	sapo_emerge	standard	n/a	n/a	n/a	n/a	n/a
5267.364	0	2633682	standard_tone	sapo_emerge	standard	n/a	n/a	n/a	n/a	n/a
5268.380	0	2634190	standard_tone	sapo_emerge	standard	n/a	n/a	n/a	n/a	n/a
5269.396	0	2634698	standard_tone	sapo_emerge	standard	n/a	n/a	n/a	n/a	n/a
5270.412	0	2635206	oddball_tone	sapo_emerge	oddball	n/a	n/a	n/a	n/a	n/a
5271.428	0	2635714	standard_tone	sapo_emerge	standard	n/a	n/a	n/a	n/a	n/a
5272.444	0	2636222	standard_tone	sapo_emerge	standard	n/a	n/a	n/a	n/a	n/a
5273.460	0	2636730	standard_tone	sapo_emerge	standard	n/a	n/a	n/a	n/a	n/a
5274.258	0	2637129	clicker_press	sapo_emerge	response-received-page_up	n/a	n/a	n/a	n/a	page_up
5274.326	0	2637163	report_window_begin	sapo_emerge	emerge-sapo-emerge-begin	n/a	n/a	n/a	n/a	n/a
5278.388	0	2639194	depth_rating	sapo_emerge	rating-sapo-emerge-meditation_depth-1	1	n/a	n/a	n/a	n/a
5280.588	0	2640294	clicker_press	sapo_emerge	response-received-page_up	n/a	n/a	n/a	n/a	page_up
5280.988	0	2640494	clicker_press	sapo_emerge	response-received-page_up	n/a	n/a	n/a	n/a	page_up
5281.452	0	2640726	clicker_press	sapo_emerge	response-received-page_up	n/a	n/a	n/a	n/a	page_up
5288.480	0	2644240	confidence_rating	sapo_emerge	rating-sapo-emerge-confidence_depth-3	n/a	3	n/a	n/a	n/a
5291.912	0	2645956	report_window_end	sapo_emerge	emerge-sapo-emerge-end	n/a	n/a	n/a	n/a	n/a
5291.912	0	2645956	subblock_begin	sapo_emerge	subblock-begin	n/a	n/a	n/a	n/a	n/a
5291.912	0	2645956	silence_begin	sapo_emerge	silence-begin	n/a	n/a	n/a	n/a	n/a
5291.926	0	2645963	standard_tone	sapo_emerge	standard	n/a	n/a	n/a	n/a	n/a
5292.942	0	2646471	standard_tone	sapo_emerge	standard	n/a	n/a	n/a	n/a	n/a
5293.892	0	2646946	clicker_press	sapo_emerge	response-received-page_up	n/a	n/a	n/a	n/a	page_up
5293.926	0	2646963	report_window_begin	sapo_emerge	emerge-sapo-emerge-begin	n/a	n/a	n/a	n/a	n/a
5297.956	0	2648978	depth_rating	sapo_emerge	rating-sapo-emerge-meditation_depth-1	1	n/a	n/a	n/a	n/a
5300.670	0	2650335	clicker_press	sapo_emerge	response-received-page_up	n/a	n/a	n/a	n/a	page_up
5301.036	0	2650518	clicker_press	sapo_emerge	response-received-page_up	n/a	n/a	n/a	n/a	page_up
5301.404	0	2650702	clicker_press	sapo_emerge	response-received-page_up	n/a	n/a	n/a	n/a	page_up
5301.904	0	2650952	clicker_press	sapo_emerge	response-received-page_up	n/a	n/a	n/a	n/a	page_up
5308.364	0	2654182	confidence_rating	sapo_emerge	rating-sapo-emerge-confidence_depth-4	n/a	4	n/a	n/a	n/a
5311.910	0	2655955	report_window_end	sapo_emerge	emerge-sapo-emerge-end	n/a	n/a	n/a	n/a	n/a
5311.912	0	2655956	subblock_begin	sapo_emerge	subblock-begin	n/a	n/a	n/a	n/a	n/a
5311.912	0	2655956	silence_begin	sapo_emerge	silence-begin	n/a	n/a	n/a	n/a	n/a
5311.926	0	2655963	standard_tone	sapo_emerge	standard	n/a	n/a	n/a	n/a	n/a
5312.942	0	2656471	standard_tone	sapo_emerge	standard	n/a	n/a	n/a	n/a	n/a
5313.958	0	2656979	oddball_tone	sapo_emerge	oddball	n/a	n/a	n/a	n/a	n/a
5314.974	0	2657487	standard_tone	sapo_emerge	standard	n/a	n/a	n/a	n/a	n/a
5315.990	0	2657995	standard_tone	sapo_emerge	standard	n/a	n/a	n/a	n/a	n/a
5317.006	0	2658503	standard_tone	sapo_emerge	standard	n/a	n/a	n/a	n/a	n/a
5318.022	0	2659011	standard_tone	sapo_emerge	standard	n/a	n/a	n/a	n/a	n/a
5319.038	0	2659519	oddball_tone	sapo_emerge	oddball	n/a	n/a	n/a	n/a	n/a
5320.054	0	2660027	standard_tone	sapo_emerge	standard	n/a	n/a	n/a	n/a	n/a
5321.070	0	2660535	standard_tone	sapo_emerge	standard	n/a	n/a	n/a	n/a	n/a
5321.986	0	2660993	clicker_press	sapo_emerge	response-received-page_up	n/a	n/a	n/a	n/a	page_up
5322.004	0	2661002	report_window_begin	sapo_emerge	emerge-sapo-emerge-begin	n/a	n/a	n/a	n/a	n/a
5326.032	0	2663016	depth_rating	sapo_emerge	rating-sapo-emerge-meditation_depth-1	1	n/a	n/a	n/a	n/a
5332.694	0	2666347	clicker_press	sapo_emerge	response-received-page_up	n/a	n/a	n/a	n/a	page_up
5333.144	0	2666572	clicker_press	sapo_emerge	response-received-page_up	n/a	n/a	n/a	n/a	page_up
5333.660	0	2666830	clicker_press	sapo_emerge	response-received-page_up	n/a	n/a	n/a	n/a	page_up
5336.090	0	2668045	confidence_rating	sapo_emerge	rating-sapo-emerge-confidence_depth-3	n/a	3	n/a	n/a	n/a
5339.654	0	2669827	report_window_end	sapo_emerge	emerge-sapo-emerge-end	n/a	n/a	n/a	n/a	n/a
5339.656	0	2669828	subblock_begin	sapo_emerge	subblock-begin	n/a	n/a	n/a	n/a	n/a
5339.656	0	2669828	silence_begin	sapo_emerge	silence-begin	n/a	n/a	n/a	n/a	n/a
5339.656	0	2669828	distractor_noise	sapo_emerge	distractor	n/a	n/a	n/a	n/a	n/a
5340.670	0	2670335	standard_tone	sapo_emerge	standard	n/a	n/a	n/a	n/a	n/a
5341.686	0	2670843	standard_tone	sapo_emerge	standard	n/a	n/a	n/a	n/a	n/a
5342.702	0	2671351	standard_tone	sapo_emerge	standard	n/a	n/a	n/a	n/a	n/a
5343.718	0	2671859	standard_tone	sapo_emerge	standard	n/a	n/a	n/a	n/a	n/a
5344.734	0	2672367	oddball_tone	sapo_emerge	oddball	n/a	n/a	n/a	n/a	n/a
5345.748	0	2672874	standard_tone	sapo_emerge	standard	n/a	n/a	n/a	n/a	n/a
5346.764	0	2673382	standard_tone	sapo_emerge	standard	n/a	n/a	n/a	n/a	n/a
5347.780	0	2673890	standard_tone	sapo_emerge	standard	n/a	n/a	n/a	n/a	n/a
5348.796	0	2674398	standard_tone	sapo_emerge	standard	n/a	n/a	n/a	n/a	n/a
5349.812	0	2674906	standard_tone	sapo_emerge	standard	n/a	n/a	n/a	n/a	n/a
5350.828	0	2675414	standard_tone	sapo_emerge	standard	n/a	n/a	n/a	n/a	n/a
5351.844	0	2675922	standard_tone	sapo_emerge	standard	n/a	n/a	n/a	n/a	n/a
5352.860	0	2676430	standard_tone	sapo_emerge	standard	n/a	n/a	n/a	n/a	n/a
5353.876	0	2676938	standard_tone	sapo_emerge	standard	n/a	n/a	n/a	n/a	n/a
5354.892	0	2677446	standard_tone	sapo_emerge	standard	n/a	n/a	n/a	n/a	n/a
5355.908	0	2677954	standard_tone	sapo_emerge	standard	n/a	n/a	n/a	n/a	n/a
5356.924	0	2678462	standard_tone	sapo_emerge	standard	n/a	n/a	n/a	n/a	n/a
5357.940	0	2678970	distractor_noise	sapo_emerge	distractor	n/a	n/a	n/a	n/a	n/a
5358.954	0	2679477	standard_tone	sapo_emerge	standard	n/a	n/a	n/a	n/a	n/a
5359.970	0	2679985	standard_tone	sapo_emerge	standard	n/a	n/a	n/a	n/a	n/a
5360.986	0	2680493	standard_tone	sapo_emerge	standard	n/a	n/a	n/a	n/a	n/a
5362.002	0	2681001	distractor_noise	sapo_emerge	distractor	n/a	n/a	n/a	n/a	n/a
5363.018	0	2681509	standard_tone	sapo_emerge	standard	n/a	n/a	n/a	n/a	n/a
5364.034	0	2682017	standard_tone	sapo_emerge	standard	n/a	n/a	n/a	n/a	n/a
5365.050	0	2682525	standard_tone	sapo_emerge	standard	n/a	n/a	n/a	n/a	n/a
5366.066	0	2683033	standard_tone	sapo_emerge	standard	n/a	n/a	n/a	n/a	n/a
5367.082	0	2683541	standard_tone	sapo_emerge	standard	n/a	n/a	n/a	n/a	n/a
5368.098	0	2684049	standard_tone	sapo_emerge	standard	n/a	n/a	n/a	n/a	n/a
5369.114	0	2684557	standard_tone	sapo_emerge	standard	n/a	n/a	n/a	n/a	n/a
5370.128	0	2685064	standard_tone	sapo_emerge	standard	n/a	n/a	n/a	n/a	n/a
5371.128	0	2685564	standard_tone	sapo_emerge	standard	n/a	n/a	n/a	n/a	n/a
5372.144	0	2686072	standard_tone	sapo_emerge	standard	n/a	n/a	n/a	n/a	n/a
5373.160	0	2686580	standard_tone	sapo_emerge	standard	n/a	n/a	n/a	n/a	n/a
5374.176	0	2687088	standard_tone	sapo_emerge	standard	n/a	n/a	n/a	n/a	n/a
5375.192	0	2687596	standard_tone	sapo_emerge	standard	n/a	n/a	n/a	n/a	n/a
5376.208	0	2688104	standard_tone	sapo_emerge	standard	n/a	n/a	n/a	n/a	n/a
5377.224	0	2688612	standard_tone	sapo_emerge	standard	n/a	n/a	n/a	n/a	n/a
5378.238	0	2689119	standard_tone	sapo_emerge	standard	n/a	n/a	n/a	n/a	n/a
5379.254	0	2689627	standard_tone	sapo_emerge	standard	n/a	n/a	n/a	n/a	n/a
5380.270	0	2690135	standard_tone	sapo_emerge	standard	n/a	n/a	n/a	n/a	n/a
5381.286	0	2690643	standard_tone	sapo_emerge	standard	n/a	n/a	n/a	n/a	n/a
5382.302	0	2691151	standard_tone	sapo_emerge	standard	n/a	n/a	n/a	n/a	n/a
5383.318	0	2691659	oddball_tone	sapo_emerge	oddball	n/a	n/a	n/a	n/a	n/a
5384.334	0	2692167	standard_tone	sapo_emerge	standard	n/a	n/a	n/a	n/a	n/a
5384.718	0	2692359	clicker_press	sapo_emerge	response-received-page_up	n/a	n/a	n/a	n/a	page_up
5384.766	0	2692383	report_window_begin	sapo_emerge	emerge-sapo-emerge-begin	n/a	n/a	n/a	n/a	n/a
5388.782	0	2694391	depth_rating	sapo_emerge	rating-sapo-emerge-meditation_depth-1	1	n/a	n/a	n/a	n/a
5392.594	0	2696297	clicker_press	sapo_emerge	response-received-page_up	n/a	n/a	n/a	n/a	page_up
5393.044	0	2696522	clicker_press	sapo_emerge	response-received-page_up	n/a	n/a	n/a	n/a	page_up
5393.546	0	2696773	clicker_press	sapo_emerge	response-received-page_up	n/a	n/a	n/a	n/a	page_up
5398.972	0	2699486	confidence_rating	sapo_emerge	rating-sapo-emerge-confidence_depth-3	n/a	3	n/a	n/a	n/a
5402.420	0	2701210	report_window_end	sapo_emerge	emerge-sapo-emerge-end	n/a	n/a	n/a	n/a	n/a
5402.420	0	2701210	subblock_begin	sapo_emerge	subblock-begin	n/a	n/a	n/a	n/a	n/a
5402.422	0	2701211	silence_begin	sapo_emerge	silence-begin	n/a	n/a	n/a	n/a	n/a
5402.422	0	2701211	standard_tone	sapo_emerge	standard	n/a	n/a	n/a	n/a	n/a
5403.434	0	2701717	standard_tone	sapo_emerge	standard	n/a	n/a	n/a	n/a	n/a
5404.450	0	2702225	standard_tone	sapo_emerge	standard	n/a	n/a	n/a	n/a	n/a
5405.466	0	2702733	standard_tone	sapo_emerge	standard	n/a	n/a	n/a	n/a	n/a
5406.482	0	2703241	standard_tone	sapo_emerge	standard	n/a	n/a	n/a	n/a	n/a
5407.498	0	2703749	standard_tone	sapo_emerge	standard	n/a	n/a	n/a	n/a	n/a
5408.514	0	2704257	standard_tone	sapo_emerge	standard	n/a	n/a	n/a	n/a	n/a
5409.530	0	2704765	distractor_noise	sapo_emerge	distractor	n/a	n/a	n/a	n/a	n/a
5410.528	0	2705264	standard_tone	sapo_emerge	standard	n/a	n/a	n/a	n/a	n/a
5411.544	0	2705772	standard_tone	sapo_emerge	standard	n/a	n/a	n/a	n/a	n/a
5412.560	0	2706280	standard_tone	sapo_emerge	standard	n/a	n/a	n/a	n/a	n/a
5413.576	0	2706788	standard_tone	sapo_emerge	standard	n/a	n/a	n/a	n/a	n/a
5414.592	0	2707296	standard_tone	sapo_emerge	standard	n/a	n/a	n/a	n/a	n/a
5415.608	0	2707804	standard_tone	sapo_emerge	standard	n/a	n/a	n/a	n/a	n/a
5416.624	0	2708312	standard_tone	sapo_emerge	standard	n/a	n/a	n/a	n/a	n/a
5417.640	0	2708820	oddball_tone	sapo_emerge	oddball	n/a	n/a	n/a	n/a	n/a
5418.656	0	2709328	standard_tone	sapo_emerge	standard	n/a	n/a	n/a	n/a	n/a
5419.638	0	2709819	clicker_press	sapo_emerge	response-received-page_up	n/a	n/a	n/a	n/a	page_up
5419.872	0	2709936	report_window_begin	sapo_emerge	emerge-sapo-emerge-begin	n/a	n/a	n/a	n/a	n/a
5420.272	0	2710136	clicker_press	sapo_emerge	response-received-page_up	n/a	n/a	n/a	n/a	page_up
5423.902	0	2711951	depth_rating	sapo_emerge	rating-sapo-emerge-meditation_depth-2	2	n/a	n/a	n/a	n/a
5426.032	0	2713016	clicker_press	sapo_emerge	response-received-page_up	n/a	n/a	n/a	n/a	page_up
5426.382	0	2713191	clicker_press	sapo_emerge	response-received-page_up	n/a	n/a	n/a	n/a	page_up
5426.782	0	2713391	clicker_press	sapo_emerge	response-received-page_up	n/a	n/a	n/a	n/a	page_up
5434.142	0	2717071	confidence_rating	sapo_emerge	rating-sapo-emerge-confidence_depth-3	n/a	3	n/a	n/a	n/a
5437.624	0	2718812	report_window_end	sapo_emerge	emerge-sapo-emerge-end	n/a	n/a	n/a	n/a	n/a
5437.624	0	2718812	subblock_begin	sapo_emerge	subblock-begin	n/a	n/a	n/a	n/a	n/a
5437.624	0	2718812	silence_begin	sapo_emerge	silence-begin	n/a	n/a	n/a	n/a	n/a
5437.626	0	2718813	distractor_noise	sapo_emerge	distractor	n/a	n/a	n/a	n/a	n/a
5438.638	0	2719319	standard_tone	sapo_emerge	standard	n/a	n/a	n/a	n/a	n/a
5439.656	0	2719828	standard_tone	sapo_emerge	standard	n/a	n/a	n/a	n/a	n/a
5440.670	0	2720335	distractor_noise	sapo_emerge	distractor	n/a	n/a	n/a	n/a	n/a
5441.686	0	2720843	standard_tone	sapo_emerge	standard	n/a	n/a	n/a	n/a	n/a
5442.702	0	2721351	standard_tone	sapo_emerge	standard	n/a	n/a	n/a	n/a	n/a
5443.718	0	2721859	standard_tone	sapo_emerge	standard	n/a	n/a	n/a	n/a	n/a
5444.734	0	2722367	oddball_tone	sapo_emerge	oddball	n/a	n/a	n/a	n/a	n/a
5445.750	0	2722875	standard_tone	sapo_emerge	standard	n/a	n/a	n/a	n/a	n/a
5446.716	0	2723358	clicker_press	sapo_emerge	response-received-page_up	n/a	n/a	n/a	n/a	page_up
5446.798	0	2723399	report_window_begin	sapo_emerge	emerge-sapo-emerge-begin	n/a	n/a	n/a	n/a	n/a
5450.806	0	2725403	depth_rating	sapo_emerge	rating-sapo-emerge-meditation_depth-1	1	n/a	n/a	n/a	n/a
5452.478	0	2726239	clicker_press	sapo_emerge	response-received-page_up	n/a	n/a	n/a	n/a	page_up
5454.578	0	2727289	clicker_press	sapo_emerge	response-received-page_up	n/a	n/a	n/a	n/a	page_up
5460.856	0	2730428	confidence_rating	sapo_emerge	rating-sapo-emerge-confidence_depth-2	n/a	2	n/a	n/a	n/a
5464.334	0	2732167	report_window_end	sapo_emerge	emerge-sapo-emerge-end	n/a	n/a	n/a	n/a	n/a
5464.336	0	2732168	subblock_begin	sapo_emerge	subblock-begin	n/a	n/a	n/a	n/a	n/a
5464.336	0	2732168	silence_begin	sapo_emerge	silence-begin	n/a	n/a	n/a	n/a	n/a
5464.350	0	2732175	standard_tone	sapo_emerge	standard	n/a	n/a	n/a	n/a	n/a
5465.366	0	2732683	standard_tone	sapo_emerge	standard	n/a	n/a	n/a	n/a	n/a
5466.366	0	2733183	standard_tone	sapo_emerge	standard	n/a	n/a	n/a	n/a	n/a
5467.382	0	2733691	oddball_tone	sapo_emerge	oddball	n/a	n/a	n/a	n/a	n/a
5468.398	0	2734199	standard_tone	sapo_emerge	standard	n/a	n/a	n/a	n/a	n/a
5469.414	0	2734707	standard_tone	sapo_emerge	standard	n/a	n/a	n/a	n/a	n/a
5470.430	0	2735215	oddball_tone	sapo_emerge	oddball	n/a	n/a	n/a	n/a	n/a
5471.444	0	2735722	standard_tone	sapo_emerge	standard	n/a	n/a	n/a	n/a	n/a
5472.460	0	2736230	standard_tone	sapo_emerge	standard	n/a	n/a	n/a	n/a	n/a
5473.476	0	2736738	standard_tone	sapo_emerge	standard	n/a	n/a	n/a	n/a	n/a
5474.492	0	2737246	standard_tone	sapo_emerge	standard	n/a	n/a	n/a	n/a	n/a
5475.492	0	2737746	standard_tone	sapo_emerge	standard	n/a	n/a	n/a	n/a	n/a
5476.508	0	2738254	standard_tone	sapo_emerge	standard	n/a	n/a	n/a	n/a	n/a
5477.524	0	2738762	standard_tone	sapo_emerge	standard	n/a	n/a	n/a	n/a	n/a
5478.538	0	2739269	standard_tone	sapo_emerge	standard	n/a	n/a	n/a	n/a	n/a
5479.556	0	2739778	standard_tone	sapo_emerge	standard	n/a	n/a	n/a	n/a	n/a
5480.570	0	2740285	standard_tone	sapo_emerge	standard	n/a	n/a	n/a	n/a	n/a
5481.570	0	2740785	standard_tone	sapo_emerge	standard	n/a	n/a	n/a	n/a	n/a
5482.586	0	2741293	distractor_noise	sapo_emerge	distractor	n/a	n/a	n/a	n/a	n/a
5483.602	0	2741801	standard_tone	sapo_emerge	standard	n/a	n/a	n/a	n/a	n/a
5484.618	0	2742309	standard_tone	sapo_emerge	standard	n/a	n/a	n/a	n/a	n/a
5485.616	0	2742808	standard_tone	sapo_emerge	standard	n/a	n/a	n/a	n/a	n/a
5486.632	0	2743316	standard_tone	sapo_emerge	standard	n/a	n/a	n/a	n/a	n/a
5487.650	0	2743825	standard_tone	sapo_emerge	standard	n/a	n/a	n/a	n/a	n/a
5488.664	0	2744332	oddball_tone	sapo_emerge	oddball	n/a	n/a	n/a	n/a	n/a
5489.680	0	2744840	standard_tone	sapo_emerge	standard	n/a	n/a	n/a	n/a	n/a
5490.562	0	2745281	clicker_press	sapo_emerge	response-received-page_up	n/a	n/a	n/a	n/a	page_up
5490.612	0	2745306	report_window_begin	sapo_emerge	emerge-sapo-emerge-begin	n/a	n/a	n/a	n/a	n/a
5491.262	0	2745631	clicker_press	sapo_emerge	response-received-page_up	n/a	n/a	n/a	n/a	page_up
5494.742	0	2747371	depth_rating	sapo_emerge	rating-sapo-emerge-meditation_depth-2	2	n/a	n/a	n/a	n/a
5500.804	0	2750402	clicker_press	sapo_emerge	response-received-page_up	n/a	n/a	n/a	n/a	page_up
5501.522	0	2750761	clicker_press	sapo_emerge	response-received-page_up	n/a	n/a	n/a	n/a	page_up
5504.952	0	2752476	confidence_rating	sapo_emerge	rating-sapo-emerge-confidence_depth-2	n/a	2	n/a	n/a	n/a
5508.564	0	2754282	report_window_end	sapo_emerge	emerge-sapo-emerge-end	n/a	n/a	n/a	n/a	n/a
5508.566	0	2754283	subblock_begin	sapo_emerge	subblock-begin	n/a	n/a	n/a	n/a	n/a
5508.566	0	2754283	silence_begin	sapo_emerge	silence-begin	n/a	n/a	n/a	n/a	n/a
5508.580	0	2754290	standard_tone	sapo_emerge	standard	n/a	n/a	n/a	n/a	n/a
5509.598	0	2754799	standard_tone	sapo_emerge	standard	n/a	n/a	n/a	n/a	n/a
5510.612	0	2755306	standard_tone	sapo_emerge	standard	n/a	n/a	n/a	n/a	n/a
5511.628	0	2755814	oddball_tone	sapo_emerge	oddball	n/a	n/a	n/a	n/a	n/a
5512.644	0	2756322	distractor_noise	sapo_emerge	distractor	n/a	n/a	n/a	n/a	n/a
5513.660	0	2756830	standard_tone	sapo_emerge	standard	n/a	n/a	n/a	n/a	n/a
5514.676	0	2757338	standard_tone	sapo_emerge	standard	n/a	n/a	n/a	n/a	n/a
5515.692	0	2757846	oddball_tone	sapo_emerge	oddball	n/a	n/a	n/a	n/a	n/a
5516.708	0	2758354	distractor_noise	sapo_emerge	distractor	n/a	n/a	n/a	n/a	n/a
5517.724	0	2758862	standard_tone	sapo_emerge	standard	n/a	n/a	n/a	n/a	n/a
5518.738	0	2759369	standard_tone	sapo_emerge	standard	n/a	n/a	n/a	n/a	n/a
5519.754	0	2759877	standard_tone	sapo_emerge	standard	n/a	n/a	n/a	n/a	n/a
5520.770	0	2760385	distractor_noise	sapo_emerge	distractor	n/a	n/a	n/a	n/a	n/a
5521.788	0	2760894	standard_tone	sapo_emerge	standard	n/a	n/a	n/a	n/a	n/a
5522.802	0	2761401	oddball_tone	sapo_emerge	oddball	n/a	n/a	n/a	n/a	n/a
5523.818	0	2761909	standard_tone	sapo_emerge	standard	n/a	n/a	n/a	n/a	n/a
5524.834	0	2762417	standard_tone	sapo_emerge	standard	n/a	n/a	n/a	n/a	n/a
5525.850	0	2762925	standard_tone	sapo_emerge	standard	n/a	n/a	n/a	n/a	n/a
5526.866	0	2763433	standard_tone	sapo_emerge	standard	n/a	n/a	n/a	n/a	n/a
5527.882	0	2763941	standard_tone	sapo_emerge	standard	n/a	n/a	n/a	n/a	n/a
5528.898	0	2764449	standard_tone	sapo_emerge	standard	n/a	n/a	n/a	n/a	n/a
5529.914	0	2764957	oddball_tone	sapo_emerge	oddball	n/a	n/a	n/a	n/a	n/a
5530.912	0	2765456	clicker_press	sapo_emerge	response-received-page_up	n/a	n/a	n/a	n/a	page_up
5530.930	0	2765465	report_window_begin	sapo_emerge	emerge-sapo-emerge-begin	n/a	n/a	n/a	n/a	n/a
5531.446	0	2765723	clicker_press	sapo_emerge	response-received-page_up	n/a	n/a	n/a	n/a	page_up
5534.960	0	2767480	depth_rating	sapo_emerge	rating-sapo-emerge-meditation_depth-2	2	n/a	n/a	n/a	n/a
5537.574	0	2768787	clicker_press	sapo_emerge	response-received-page_up	n/a	n/a	n/a	n/a	page_up
5537.890	0	2768945	clicker_press	sapo_emerge	response-received-page_up	n/a	n/a	n/a	n/a	page_up
5538.274	0	2769137	clicker_press	sapo_emerge	response-received-page_up	n/a	n/a	n/a	n/a	page_up
5545.084	0	2772542	confidence_rating	sapo_emerge	rating-sapo-emerge-confidence_depth-3	n/a	3	n/a	n/a	n/a
5548.748	0	2774374	report_window_end	sapo_emerge	emerge-sapo-emerge-end	n/a	n/a	n/a	n/a	n/a
5548.748	0	2774374	subblock_begin	sapo_emerge	subblock-begin	n/a	n/a	n/a	n/a	n/a
5548.750	0	2774375	silence_begin	sapo_emerge	silence-begin	n/a	n/a	n/a	n/a	n/a
5548.764	0	2774382	standard_tone	sapo_emerge	standard	n/a	n/a	n/a	n/a	n/a
5549.780	0	2774890	standard_tone	sapo_emerge	standard	n/a	n/a	n/a	n/a	n/a
5550.796	0	2775398	standard_tone	sapo_emerge	standard	n/a	n/a	n/a	n/a	n/a
5551.812	0	2775906	standard_tone	sapo_emerge	standard	n/a	n/a	n/a	n/a	n/a
5552.828	0	2776414	oddball_tone	sapo_emerge	oddball	n/a	n/a	n/a	n/a	n/a
5553.844	0	2776922	standard_tone	sapo_emerge	standard	n/a	n/a	n/a	n/a	n/a
5554.858	0	2777429	standard_tone	sapo_emerge	standard	n/a	n/a	n/a	n/a	n/a
5555.858	0	2777929	standard_tone	sapo_emerge	standard	n/a	n/a	n/a	n/a	n/a
5556.876	0	2778438	standard_tone	sapo_emerge	standard	n/a	n/a	n/a	n/a	n/a
5557.890	0	2778945	standard_tone	sapo_emerge	standard	n/a	n/a	n/a	n/a	n/a
5558.906	0	2779453	standard_tone	sapo_emerge	standard	n/a	n/a	n/a	n/a	n/a
5559.922	0	2779961	standard_tone	sapo_emerge	standard	n/a	n/a	n/a	n/a	n/a
5560.922	0	2780461	standard_tone	sapo_emerge	standard	n/a	n/a	n/a	n/a	n/a
5561.936	0	2780968	standard_tone	sapo_emerge	standard	n/a	n/a	n/a	n/a	n/a
5562.952	0	2781476	standard_tone	sapo_emerge	standard	n/a	n/a	n/a	n/a	n/a
5563.968	0	2781984	standard_tone	sapo_emerge	standard	n/a	n/a	n/a	n/a	n/a
5564.984	0	2782492	standard_tone	sapo_emerge	standard	n/a	n/a	n/a	n/a	n/a
5566.000	0	2783000	standard_tone	sapo_emerge	standard	n/a	n/a	n/a	n/a	n/a
5567.016	0	2783508	standard_tone	sapo_emerge	standard	n/a	n/a	n/a	n/a	n/a
5568.032	0	2784016	standard_tone	sapo_emerge	standard	n/a	n/a	n/a	n/a	n/a
5569.048	0	2784524	standard_tone	sapo_emerge	standard	n/a	n/a	n/a	n/a	n/a
5570.064	0	2785032	standard_tone	sapo_emerge	standard	n/a	n/a	n/a	n/a	n/a
5571.080	0	2785540	standard_tone	sapo_emerge	standard	n/a	n/a	n/a	n/a	n/a
5572.096	0	2786048	standard_tone	sapo_emerge	standard	n/a	n/a	n/a	n/a	n/a
5573.110	0	2786555	standard_tone	sapo_emerge	standard	n/a	n/a	n/a	n/a	n/a
5574.128	0	2787064	standard_tone	sapo_emerge	standard	n/a	n/a	n/a	n/a	n/a
5575.142	0	2787571	distractor_noise	sapo_emerge	distractor	n/a	n/a	n/a	n/a	n/a
5576.158	0	2788079	standard_tone	sapo_emerge	standard	n/a	n/a	n/a	n/a	n/a
5577.174	0	2788587	standard_tone	sapo_emerge	standard	n/a	n/a	n/a	n/a	n/a
5578.190	0	2789095	standard_tone	sapo_emerge	standard	n/a	n/a	n/a	n/a	n/a
5579.206	0	2789603	standard_tone	sapo_emerge	standard	n/a	n/a	n/a	n/a	n/a
5580.222	0	2790111	standard_tone	sapo_emerge	standard	n/a	n/a	n/a	n/a	n/a
5581.238	0	2790619	standard_tone	sapo_emerge	standard	n/a	n/a	n/a	n/a	n/a
5582.254	0	2791127	standard_tone	sapo_emerge	standard	n/a	n/a	n/a	n/a	n/a
5583.268	0	2791634	standard_tone	sapo_emerge	standard	n/a	n/a	n/a	n/a	n/a
5584.284	0	2792142	standard_tone	sapo_emerge	standard	n/a	n/a	n/a	n/a	n/a
5585.300	0	2792650	distractor_noise	sapo_emerge	distractor	n/a	n/a	n/a	n/a	n/a
5586.316	0	2793158	standard_tone	sapo_emerge	standard	n/a	n/a	n/a	n/a	n/a
5587.332	0	2793666	standard_tone	sapo_emerge	standard	n/a	n/a	n/a	n/a	n/a
5588.348	0	2794174	standard_tone	sapo_emerge	standard	n/a	n/a	n/a	n/a	n/a
5589.364	0	2794682	oddball_tone	sapo_emerge	oddball	n/a	n/a	n/a	n/a	n/a
5590.330	0	2795165	clicker_press	sapo_emerge	response-received-page_up	n/a	n/a	n/a	n/a	page_up
5590.364	0	2795182	report_window_begin	sapo_emerge	emerge-sapo-emerge-begin	n/a	n/a	n/a	n/a	n/a
5591.280	0	2795640	clicker_press	sapo_emerge	response-received-page_up	n/a	n/a	n/a	n/a	page_up
5594.376	0	2797188	depth_rating	sapo_emerge	rating-sapo-emerge-meditation_depth-2	2	n/a	n/a	n/a	n/a
5601.372	0	2800686	clicker_press	sapo_emerge	response-received-page_up	n/a	n/a	n/a	n/a	page_up
5601.854	0	2800927	clicker_press	sapo_emerge	response-received-page_up	n/a	n/a	n/a	n/a	page_up
5602.238	0	2801119	clicker_press	sapo_emerge	response-received-page_up	n/a	n/a	n/a	n/a	page_up
5604.652	0	2802326	confidence_rating	sapo_emerge	rating-sapo-emerge-confidence_depth-3	n/a	3	n/a	n/a	n/a
5608.264	0	2804132	report_window_end	sapo_emerge	emerge-sapo-emerge-end	n/a	n/a	n/a	n/a	n/a
5608.266	0	2804133	subblock_begin	sapo_emerge	subblock-begin	n/a	n/a	n/a	n/a	n/a
5608.266	0	2804133	silence_begin	sapo_emerge	silence-begin	n/a	n/a	n/a	n/a	n/a
5608.266	0	2804133	standard_tone	sapo_emerge	standard	n/a	n/a	n/a	n/a	n/a
5609.280	0	2804640	standard_tone	sapo_emerge	standard	n/a	n/a	n/a	n/a	n/a
5610.296	0	2805148	standard_tone	sapo_emerge	standard	n/a	n/a	n/a	n/a	n/a
5611.312	0	2805656	standard_tone	sapo_emerge	standard	n/a	n/a	n/a	n/a	n/a
5612.328	0	2806164	distractor_noise	sapo_emerge	distractor	n/a	n/a	n/a	n/a	n/a
5613.344	0	2806672	standard_tone	sapo_emerge	standard	n/a	n/a	n/a	n/a	n/a
5614.360	0	2807180	standard_tone	sapo_emerge	standard	n/a	n/a	n/a	n/a	n/a
5615.376	0	2807688	standard_tone	sapo_emerge	standard	n/a	n/a	n/a	n/a	n/a
5616.392	0	2808196	oddball_tone	sapo_emerge	oddball	n/a	n/a	n/a	n/a	n/a
5617.408	0	2808704	standard_tone	sapo_emerge	standard	n/a	n/a	n/a	n/a	n/a
5618.240	0	2809120	clicker_press	sapo_emerge	response-received-page_up	n/a	n/a	n/a	n/a	page_up
5618.356	0	2809178	report_window_begin	sapo_emerge	emerge-sapo-emerge-begin	n/a	n/a	n/a	n/a	n/a
5618.824	0	2809412	clicker_press	sapo_emerge	response-received-page_up	n/a	n/a	n/a	n/a	page_up
5622.370	0	2811185	depth_rating	sapo_emerge	rating-sapo-emerge-meditation_depth-2	2	n/a	n/a	n/a	n/a
5628.748	0	2814374	clicker_press	sapo_emerge	response-received-page_up	n/a	n/a	n/a	n/a	page_up
5632.462	0	2816231	confidence_rating	sapo_emerge	rating-sapo-emerge-confidence_depth-1	n/a	1	n/a	n/a	n/a
5635.976	0	2817988	report_window_end	sapo_emerge	emerge-sapo-emerge-end	n/a	n/a	n/a	n/a	n/a
5635.976	0	2817988	subblock_begin	sapo_emerge	subblock-begin	n/a	n/a	n/a	n/a	n/a
5635.976	0	2817988	silence_begin	sapo_emerge	silence-begin	n/a	n/a	n/a	n/a	n/a
5635.978	0	2817989	oddball_tone	sapo_emerge	oddball	n/a	n/a	n/a	n/a	n/a
5636.992	0	2818496	standard_tone	sapo_emerge	standard	n/a	n/a	n/a	n/a	n/a
5638.006	0	2819003	standard_tone	sapo_emerge	standard	n/a	n/a	n/a	n/a	n/a
5639.022	0	2819511	distractor_noise	sapo_emerge	distractor	n/a	n/a	n/a	n/a	n/a
5640.038	0	2820019	standard_tone	sapo_emerge	standard	n/a	n/a	n/a	n/a	n/a
5641.038	0	2820519	standard_tone	sapo_emerge	standard	n/a	n/a	n/a	n/a	n/a
5642.054	0	2821027	standard_tone	sapo_emerge	standard	n/a	n/a	n/a	n/a	n/a
5643.070	0	2821535	standard_tone	sapo_emerge	standard	n/a	n/a	n/a	n/a	n/a
5644.086	0	2822043	distractor_noise	sapo_emerge	distractor	n/a	n/a	n/a	n/a	n/a
5645.102	0	2822551	standard_tone	sapo_emerge	standard	n/a	n/a	n/a	n/a	n/a
5646.116	0	2823058	standard_tone	sapo_emerge	standard	n/a	n/a	n/a	n/a	n/a
5647.132	0	2823566	standard_tone	sapo_emerge	standard	n/a	n/a	n/a	n/a	n/a
5648.148	0	2824074	standard_tone	sapo_emerge	standard	n/a	n/a	n/a	n/a	n/a
5649.164	0	2824582	distractor_noise	sapo_emerge	distractor	n/a	n/a	n/a	n/a	n/a
5650.180	0	2825090	standard_tone	sapo_emerge	standard	n/a	n/a	n/a	n/a	n/a
5651.180	0	2825590	distractor_noise	sapo_emerge	distractor	n/a	n/a	n/a	n/a	n/a
5652.196	0	2826098	standard_tone	sapo_emerge	standard	n/a	n/a	n/a	n/a	n/a
5653.212	0	2826606	standard_tone	sapo_emerge	standard	n/a	n/a	n/a	n/a	n/a
5654.226	0	2827113	standard_tone	sapo_emerge	standard	n/a	n/a	n/a	n/a	n/a
5655.242	0	2827621	standard_tone	sapo_emerge	standard	n/a	n/a	n/a	n/a	n/a
5656.258	0	2828129	standard_tone	sapo_emerge	standard	n/a	n/a	n/a	n/a	n/a
5657.258	0	2828629	standard_tone	sapo_emerge	standard	n/a	n/a	n/a	n/a	n/a
5658.274	0	2829137	standard_tone	sapo_emerge	standard	n/a	n/a	n/a	n/a	n/a
5659.290	0	2829645	standard_tone	sapo_emerge	standard	n/a	n/a	n/a	n/a	n/a
5660.306	0	2830153	oddball_tone	sapo_emerge	oddball	n/a	n/a	n/a	n/a	n/a
5661.320	0	2830660	standard_tone	sapo_emerge	standard	n/a	n/a	n/a	n/a	n/a
5661.354	0	2830677	clicker_press	sapo_emerge	response-received-page_up	n/a	n/a	n/a	n/a	page_up
5661.438	0	2830719	report_window_begin	sapo_emerge	emerge-sapo-emerge-begin	n/a	n/a	n/a	n/a	n/a
5665.486	0	2832743	depth_rating	sapo_emerge	rating-sapo-emerge-meditation_depth-1	1	n/a	n/a	n/a	n/a
5668.016	0	2834008	clicker_press	sapo_emerge	response-received-page_up	n/a	n/a	n/a	n/a	page_up
5668.432	0	2834216	clicker_press	sapo_emerge	response-received-page_up	n/a	n/a	n/a	n/a	page_up
5675.594	0	2837797	confidence_rating	sapo_emerge	rating-sapo-emerge-confidence_depth-2	n/a	2	n/a	n/a	n/a
5679.190	0	2839595	report_window_end	sapo_emerge	emerge-sapo-emerge-end	n/a	n/a	n/a	n/a	n/a
5679.192	0	2839596	subblock_begin	sapo_emerge	subblock-begin	n/a	n/a	n/a	n/a	n/a
5679.192	0	2839596	silence_begin	sapo_emerge	silence-begin	n/a	n/a	n/a	n/a	n/a
5679.192	0	2839596	standard_tone	sapo_emerge	standard	n/a	n/a	n/a	n/a	n/a
5680.206	0	2840103	standard_tone	sapo_emerge	standard	n/a	n/a	n/a	n/a	n/a
5681.220	0	2840610	standard_tone	sapo_emerge	standard	n/a	n/a	n/a	n/a	n/a
5682.220	0	2841110	oddball_tone	sapo_emerge	oddball	n/a	n/a	n/a	n/a	n/a
5683.236	0	2841618	standard_tone	sapo_emerge	standard	n/a	n/a	n/a	n/a	n/a
5683.702	0	2841851	clicker_press	sapo_emerge	response-received-page_up	n/a	n/a	n/a	n/a	page_up
5683.768	0	2841884	report_window_begin	sapo_emerge	emerge-sapo-emerge-begin	n/a	n/a	n/a	n/a	n/a
5687.800	0	2843900	depth_rating	sapo_emerge	rating-sapo-emerge-meditation_depth-1	1	n/a	n/a	n/a	n/a
5690.048	0	2845024	clicker_press	sapo_emerge	response-received-page_up	n/a	n/a	n/a	n/a	page_up
5690.330	0	2845165	clicker_press	sapo_emerge	response-received-page_up	n/a	n/a	n/a	n/a	page_up
5691.030	0	2845515	clicker_press	sapo_emerge	response-received-page_up	n/a	n/a	n/a	n/a	page_up
5697.940	0	2848970	confidence_rating	sapo_emerge	rating-sapo-emerge-confidence_depth-3	n/a	3	n/a	n/a	n/a
5701.454	0	2850727	report_window_end	sapo_emerge	emerge-sapo-emerge-end	n/a	n/a	n/a	n/a	n/a
5701.456	0	2850728	subblock_begin	sapo_emerge	subblock-begin	n/a	n/a	n/a	n/a	n/a
5701.456	0	2850728	silence_begin	sapo_emerge	silence-begin	n/a	n/a	n/a	n/a	n/a
5701.456	0	2850728	standard_tone	sapo_emerge	standard	n/a	n/a	n/a	n/a	n/a
5702.470	0	2851235	standard_tone	sapo_emerge	standard	n/a	n/a	n/a	n/a	n/a
5703.486	0	2851743	standard_tone	sapo_emerge	standard	n/a	n/a	n/a	n/a	n/a
5704.502	0	2852251	standard_tone	sapo_emerge	standard	n/a	n/a	n/a	n/a	n/a
5705.518	0	2852759	oddball_tone	sapo_emerge	oddball	n/a	n/a	n/a	n/a	n/a
5706.534	0	2853267	standard_tone	sapo_emerge	standard	n/a	n/a	n/a	n/a	n/a
5707.550	0	2853775	standard_tone	sapo_emerge	standard	n/a	n/a	n/a	n/a	n/a
5708.564	0	2854282	distractor_noise	sapo_emerge	distractor	n/a	n/a	n/a	n/a	n/a
5708.782	0	2854391	clicker_press	sapo_emerge	response-received-page_up	n/a	n/a	n/a	n/a	page_up
5708.798	0	2854399	report_window_begin	sapo_emerge	emerge-sapo-emerge-begin	n/a	n/a	n/a	n/a	n/a
5710.048	0	2855024	clicker_press	sapo_emerge	response-received-page_up	n/a	n/a	n/a	n/a	page_up
5712.828	0	2856414	depth_rating	sapo_emerge	rating-sapo-emerge-meditation_depth-2	2	n/a	n/a	n/a	n/a
5715.094	0	2857547	clicker_press	sapo_emerge	response-received-page_up	n/a	n/a	n/a	n/a	page_up
5723.054	0	2861527	confidence_rating	sapo_emerge	rating-sapo-emerge-confidence_depth-1	n/a	1	n/a	n/a	n/a
5726.500	0	2863250	report_window_end	sapo_emerge	emerge-sapo-emerge-end	n/a	n/a	n/a	n/a	n/a
5726.502	0	2863251	subblock_begin	sapo_emerge	subblock-begin	n/a	n/a	n/a	n/a	n/a
5726.502	0	2863251	silence_begin	sapo_emerge	silence-begin	n/a	n/a	n/a	n/a	n/a
5726.502	0	2863251	distractor_noise	sapo_emerge	distractor	n/a	n/a	n/a	n/a	n/a
5727.516	0	2863758	standard_tone	sapo_emerge	standard	n/a	n/a	n/a	n/a	n/a
5728.532	0	2864266	standard_tone	sapo_emerge	standard	n/a	n/a	n/a	n/a	n/a
5729.548	0	2864774	distractor_noise	sapo_emerge	distractor	n/a	n/a	n/a	n/a	n/a
5730.564	0	2865282	standard_tone	sapo_emerge	standard	n/a	n/a	n/a	n/a	n/a
5731.580	0	2865790	standard_tone	sapo_emerge	standard	n/a	n/a	n/a	n/a	n/a
5732.596	0	2866298	distractor_noise	sapo_emerge	distractor	n/a	n/a	n/a	n/a	n/a
5733.610	0	2866805	oddball_tone	sapo_emerge	oddball	n/a	n/a	n/a	n/a	n/a
5734.626	0	2867313	standard_tone	sapo_emerge	standard	n/a	n/a	n/a	n/a	n/a
5735.642	0	2867821	standard_tone	sapo_emerge	standard	n/a	n/a	n/a	n/a	n/a
5736.658	0	2868329	standard_tone	sapo_emerge	standard	n/a	n/a	n/a	n/a	n/a
5737.674	0	2868837	standard_tone	sapo_emerge	standard	n/a	n/a	n/a	n/a	n/a
5738.690	0	2869345	standard_tone	sapo_emerge	standard	n/a	n/a	n/a	n/a	n/a
5739.706	0	2869853	standard_tone	sapo_emerge	standard	n/a	n/a	n/a	n/a	n/a
5740.722	0	2870361	standard_tone	sapo_emerge	standard	n/a	n/a	n/a	n/a	n/a
5741.738	0	2870869	standard_tone	sapo_emerge	standard	n/a	n/a	n/a	n/a	n/a
5742.754	0	2871377	standard_tone	sapo_emerge	standard	n/a	n/a	n/a	n/a	n/a
5743.768	0	2871884	standard_tone	sapo_emerge	standard	n/a	n/a	n/a	n/a	n/a
5744.784	0	2872392	distractor_noise	sapo_emerge	distractor	n/a	n/a	n/a	n/a	n/a
5745.800	0	2872900	standard_tone	sapo_emerge	standard	n/a	n/a	n/a	n/a	n/a
5746.816	0	2873408	standard_tone	sapo_emerge	standard	n/a	n/a	n/a	n/a	n/a
5747.832	0	2873916	oddball_tone	sapo_emerge	oddball	n/a	n/a	n/a	n/a	n/a
5748.848	0	2874424	distractor_noise	sapo_emerge	distractor	n/a	n/a	n/a	n/a	n/a
5749.864	0	2874932	standard_tone	sapo_emerge	standard	n/a	n/a	n/a	n/a	n/a
5750.880	0	2875440	standard_tone	sapo_emerge	standard	n/a	n/a	n/a	n/a	n/a
5751.796	0	2875898	clicker_press	sapo_emerge	response-received-page_up	n/a	n/a	n/a	n/a	page_up
5751.912	0	2875956	report_window_begin	sapo_emerge	emerge-sapo-emerge-begin	n/a	n/a	n/a	n/a	n/a
5755.942	0	2877971	depth_rating	sapo_emerge	rating-sapo-emerge-meditation_depth-1	1	n/a	n/a	n/a	n/a
5759.924	0	2879962	clicker_press	sapo_emerge	response-received-page_up	n/a	n/a	n/a	n/a	page_up
5760.390	0	2880195	clicker_press	sapo_emerge	response-received-page_up	n/a	n/a	n/a	n/a	page_up
5760.888	0	2880444	clicker_press	sapo_emerge	response-received-page_up	n/a	n/a	n/a	n/a	page_up
5761.338	0	2880669	clicker_press	sapo_emerge	response-received-page_up	n/a	n/a	n/a	n/a	page_up
5766.034	0	2883017	confidence_rating	sapo_emerge	rating-sapo-emerge-confidence_depth-4	n/a	4	n/a	n/a	n/a
5769.598	0	2884799	report_window_end	sapo_emerge	emerge-sapo-emerge-end	n/a	n/a	n/a	n/a	n/a
5769.598	0	2884799	subblock_begin	sapo_emerge	subblock-begin	n/a	n/a	n/a	n/a	n/a
5769.600	0	2884800	silence_begin	sapo_emerge	silence-begin	n/a	n/a	n/a	n/a	n/a
5769.614	0	2884807	standard_tone	sapo_emerge	standard	n/a	n/a	n/a	n/a	n/a
5770.630	0	2885315	distractor_noise	sapo_emerge	distractor	n/a	n/a	n/a	n/a	n/a
5771.646	0	2885823	standard_tone	sapo_emerge	standard	n/a	n/a	n/a	n/a	n/a
5772.662	0	2886331	distractor_noise	sapo_emerge	distractor	n/a	n/a	n/a	n/a	n/a
5773.662	0	2886831	standard_tone	sapo_emerge	standard	n/a	n/a	n/a	n/a	n/a
5774.676	0	2887338	standard_tone	sapo_emerge	standard	n/a	n/a	n/a	n/a	n/a
5775.676	0	2887838	standard_tone	sapo_emerge	standard	n/a	n/a	n/a	n/a	n/a
5776.692	0	2888346	standard_tone	sapo_emerge	standard	n/a	n/a	n/a	n/a	n/a
5777.708	0	2888854	standard_tone	sapo_emerge	standard	n/a	n/a	n/a	n/a	n/a
5778.724	0	2889362	standard_tone	sapo_emerge	standard	n/a	n/a	n/a	n/a	n/a
5779.740	0	2889870	standard_tone	sapo_emerge	standard	n/a	n/a	n/a	n/a	n/a
5780.756	0	2890378	standard_tone	sapo_emerge	standard	n/a	n/a	n/a	n/a	n/a
5781.770	0	2890885	standard_tone	sapo_emerge	standard	n/a	n/a	n/a	n/a	n/a
5782.786	0	2891393	standard_tone	sapo_emerge	standard	n/a	n/a	n/a	n/a	n/a
5783.802	0	2891901	oddball_tone	sapo_emerge	oddball	n/a	n/a	n/a	n/a	n/a
5784.818	0	2892409	standard_tone	sapo_emerge	standard	n/a	n/a	n/a	n/a	n/a
5785.036	0	2892518	clicker_press	sapo_emerge	response-received-page_up	n/a	n/a	n/a	n/a	page_up
5785.102	0	2892551	report_window_begin	sapo_emerge	emerge-sapo-emerge-begin	n/a	n/a	n/a	n/a	n/a
5789.232	0	2894616	depth_rating	sapo_emerge	rating-sapo-emerge-meditation_depth-1	1	n/a	n/a	n/a	n/a
5791.380	0	2895690	clicker_press	sapo_emerge	response-received-page_up	n/a	n/a	n/a	n/a	page_up
5791.814	0	2895907	clicker_press	sapo_emerge	response-received-page_up	n/a	n/a	n/a	n/a	page_up
5792.262	0	2896131	clicker_press	sapo_emerge	response-received-page_up	n/a	n/a	n/a	n/a	page_up
5799.306	0	2899653	confidence_rating	sapo_emerge	rating-sapo-emerge-confidence_depth-3	n/a	3	n/a	n/a	n/a
5802.904	0	2901452	report_window_end	sapo_emerge	emerge-sapo-emerge-end	n/a	n/a	n/a	n/a	n/a
5802.906	0	2901453	subblock_begin	sapo_emerge	subblock-begin	n/a	n/a	n/a	n/a	n/a
5802.906	0	2901453	silence_begin	sapo_emerge	silence-begin	n/a	n/a	n/a	n/a	n/a
5802.908	0	2901454	oddball_tone	sapo_emerge	oddball	n/a	n/a	n/a	n/a	n/a
5803.920	0	2901960	standard_tone	sapo_emerge	standard	n/a	n/a	n/a	n/a	n/a
5804.934	0	2902467	oddball_tone	sapo_emerge	oddball	n/a	n/a	n/a	n/a	n/a
5805.952	0	2902976	standard_tone	sapo_emerge	standard	n/a	n/a	n/a	n/a	n/a
5806.966	0	2903483	standard_tone	sapo_emerge	standard	n/a	n/a	n/a	n/a	n/a
5807.982	0	2903991	standard_tone	sapo_emerge	standard	n/a	n/a	n/a	n/a	n/a
5808.998	0	2904499	standard_tone	sapo_emerge	standard	n/a	n/a	n/a	n/a	n/a
5810.014	0	2905007	standard_tone	sapo_emerge	standard	n/a	n/a	n/a	n/a	n/a
5811.030	0	2905515	standard_tone	sapo_emerge	standard	n/a	n/a	n/a	n/a	n/a
5812.046	0	2906023	standard_tone	sapo_emerge	standard	n/a	n/a	n/a	n/a	n/a
5813.062	0	2906531	standard_tone	sapo_emerge	standard	n/a	n/a	n/a	n/a	n/a
5814.078	0	2907039	standard_tone	sapo_emerge	standard	n/a	n/a	n/a	n/a	n/a
5815.094	0	2907547	standard_tone	sapo_emerge	standard	n/a	n/a	n/a	n/a	n/a
5816.110	0	2908055	standard_tone	sapo_emerge	standard	n/a	n/a	n/a	n/a	n/a
5817.126	0	2908563	standard_tone	sapo_emerge	standard	n/a	n/a	n/a	n/a	n/a
5818.140	0	2909070	standard_tone	sapo_emerge	standard	n/a	n/a	n/a	n/a	n/a
5819.156	0	2909578	standard_tone	sapo_emerge	standard	n/a	n/a	n/a	n/a	n/a
5820.172	0	2910086	standard_tone	sapo_emerge	standard	n/a	n/a	n/a	n/a	n/a
5821.188	0	2910594	standard_tone	sapo_emerge	standard	n/a	n/a	n/a	n/a	n/a
5822.204	0	2911102	standard_tone	sapo_emerge	standard	n/a	n/a	n/a	n/a	n/a
5823.220	0	2911610	standard_tone	sapo_emerge	standard	n/a	n/a	n/a	n/a	n/a
5824.220	0	2912110	standard_tone	sapo_emerge	standard	n/a	n/a	n/a	n/a	n/a
5825.236	0	2912618	standard_tone	sapo_emerge	standard	n/a	n/a	n/a	n/a	n/a
5826.250	0	2913125	standard_tone	sapo_emerge	standard	n/a	n/a	n/a	n/a	n/a
5827.266	0	2913633	distractor_noise	sapo_emerge	distractor	n/a	n/a	n/a	n/a	n/a
5828.282	0	2914141	standard_tone	sapo_emerge	standard	n/a	n/a	n/a	n/a	n/a
5829.298	0	2914649	standard_tone	sapo_emerge	standard	n/a	n/a	n/a	n/a	n/a
5830.314	0	2915157	distractor_noise	sapo_emerge	distractor	n/a	n/a	n/a	n/a	n/a
5831.330	0	2915665	standard_tone	sapo_emerge	standard	n/a	n/a	n/a	n/a	n/a
5832.346	0	2916173	oddball_tone	sapo_emerge	oddball	n/a	n/a	n/a	n/a	n/a
5833.328	0	2916664	clicker_press	sapo_emerge	response-received-page_up	n/a	n/a	n/a	n/a	page_up
5833.346	0	2916673	report_window_begin	sapo_emerge	emerge-sapo-emerge-begin	n/a	n/a	n/a	n/a	n/a
5837.410	0	2918705	depth_rating	sapo_emerge	rating-sapo-emerge-meditation_depth-1	1	n/a	n/a	n/a	n/a
5839.524	0	2919762	clicker_press	sapo_emerge	response-received-page_up	n/a	n/a	n/a	n/a	page_up
5839.856	0	2919928	clicker_press	sapo_emerge	response-received-page_up	n/a	n/a	n/a	n/a	page_up
5840.174	0	2920087	clicker_press	sapo_emerge	response-received-page_up	n/a	n/a	n/a	n/a	page_up
5840.540	0	2920270	clicker_press	sapo_emerge	response-received-page_up	n/a	n/a	n/a	n/a	page_up
5847.534	0	2923767	confidence_rating	sapo_emerge	rating-sapo-emerge-confidence_depth-4	n/a	4	n/a	n/a	n/a
5851.014	0	2925507	report_window_end	sapo_emerge	emerge-sapo-emerge-end	n/a	n/a	n/a	n/a	n/a
5851.014	0	2925507	subblock_begin	sapo_emerge	subblock-begin	n/a	n/a	n/a	n/a	n/a
5851.016	0	2925508	silence_begin	sapo_emerge	silence-begin	n/a	n/a	n/a	n/a	n/a
5851.016	0	2925508	standard_tone	sapo_emerge	standard	n/a	n/a	n/a	n/a	n/a
5852.030	0	2926015	standard_tone	sapo_emerge	standard	n/a	n/a	n/a	n/a	n/a
5853.046	0	2926523	standard_tone	sapo_emerge	standard	n/a	n/a	n/a	n/a	n/a
5854.062	0	2927031	standard_tone	sapo_emerge	standard	n/a	n/a	n/a	n/a	n/a
5855.076	0	2927538	standard_tone	sapo_emerge	standard	n/a	n/a	n/a	n/a	n/a
5856.092	0	2928046	standard_tone	sapo_emerge	standard	n/a	n/a	n/a	n/a	n/a
5857.108	0	2928554	distractor_noise	sapo_emerge	distractor	n/a	n/a	n/a	n/a	n/a
5858.126	0	2929063	standard_tone	sapo_emerge	standard	n/a	n/a	n/a	n/a	n/a
5859.140	0	2929570	standard_tone	sapo_emerge	standard	n/a	n/a	n/a	n/a	n/a
5860.156	0	2930078	oddball_tone	sapo_emerge	oddball	n/a	n/a	n/a	n/a	n/a
5861.172	0	2930586	standard_tone	sapo_emerge	standard	n/a	n/a	n/a	n/a	n/a
5862.188	0	2931094	standard_tone	sapo_emerge	standard	n/a	n/a	n/a	n/a	n/a
5863.204	0	2931602	distractor_noise	sapo_emerge	distractor	n/a	n/a	n/a	n/a	n/a
5864.220	0	2932110	standard_tone	sapo_emerge	standard	n/a	n/a	n/a	n/a	n/a
5865.236	0	2932618	standard_tone	sapo_emerge	standard	n/a	n/a	n/a	n/a	n/a
5866.252	0	2933126	standard_tone	sapo_emerge	standard	n/a	n/a	n/a	n/a	n/a
5867.266	0	2933633	standard_tone	sapo_emerge	standard	n/a	n/a	n/a	n/a	n/a
5868.282	0	2934141	standard_tone	sapo_emerge	standard	n/a	n/a	n/a	n/a	n/a
5869.298	0	2934649	standard_tone	sapo_emerge	standard	n/a	n/a	n/a	n/a	n/a
5870.314	0	2935157	standard_tone	sapo_emerge	standard	n/a	n/a	n/a	n/a	n/a
5871.330	0	2935665	standard_tone	sapo_emerge	standard	n/a	n/a	n/a	n/a	n/a
5872.346	0	2936173	standard_tone	sapo_emerge	standard	n/a	n/a	n/a	n/a	n/a
5873.362	0	2936681	standard_tone	sapo_emerge	standard	n/a	n/a	n/a	n/a	n/a
5874.378	0	2937189	standard_tone	sapo_emerge	standard	n/a	n/a	n/a	n/a	n/a
5875.394	0	2937697	standard_tone	sapo_emerge	standard	n/a	n/a	n/a	n/a	n/a
5876.410	0	2938205	standard_tone	sapo_emerge	standard	n/a	n/a	n/a	n/a	n/a
5877.424	0	2938712	standard_tone	sapo_emerge	standard	n/a	n/a	n/a	n/a	n/a
5878.440	0	2939220	distractor_noise	sapo_emerge	distractor	n/a	n/a	n/a	n/a	n/a
5879.456	0	2939728	standard_tone	sapo_emerge	standard	n/a	n/a	n/a	n/a	n/a
5880.472	0	2940236	oddball_tone	sapo_emerge	oddball	n/a	n/a	n/a	n/a	n/a
5881.488	0	2940744	standard_tone	sapo_emerge	standard	n/a	n/a	n/a	n/a	n/a
5882.504	0	2941252	standard_tone	sapo_emerge	standard	n/a	n/a	n/a	n/a	n/a
5883.520	0	2941760	standard_tone	sapo_emerge	standard	n/a	n/a	n/a	n/a	n/a
5884.536	0	2942268	standard_tone	sapo_emerge	standard	n/a	n/a	n/a	n/a	n/a
5885.552	0	2942776	distractor_noise	sapo_emerge	distractor	n/a	n/a	n/a	n/a	n/a
5886.568	0	2943284	standard_tone	sapo_emerge	standard	n/a	n/a	n/a	n/a	n/a
5887.584	0	2943792	standard_tone	sapo_emerge	standard	n/a	n/a	n/a	n/a	n/a
5888.600	0	2944300	standard_tone	sapo_emerge	standard	n/a	n/a	n/a	n/a	n/a
5889.614	0	2944807	standard_tone	sapo_emerge	standard	n/a	n/a	n/a	n/a	n/a
5890.632	0	2945316	standard_tone	sapo_emerge	standard	n/a	n/a	n/a	n/a	n/a
5891.646	0	2945823	standard_tone	sapo_emerge	standard	n/a	n/a	n/a	n/a	n/a
5892.662	0	2946331	standard_tone	sapo_emerge	standard	n/a	n/a	n/a	n/a	n/a
5893.678	0	2946839	standard_tone	sapo_emerge	standard	n/a	n/a	n/a	n/a	n/a
5894.694	0	2947347	standard_tone	sapo_emerge	standard	n/a	n/a	n/a	n/a	n/a
5895.710	0	2947855	standard_tone	sapo_emerge	standard	n/a	n/a	n/a	n/a	n/a
5896.726	0	2948363	standard_tone	sapo_emerge	standard	n/a	n/a	n/a	n/a	n/a
5897.742	0	2948871	standard_tone	sapo_emerge	standard	n/a	n/a	n/a	n/a	n/a
5898.758	0	2949379	standard_tone	sapo_emerge	standard	n/a	n/a	n/a	n/a	n/a
5899.774	0	2949887	standard_tone	sapo_emerge	standard	n/a	n/a	n/a	n/a	n/a
5900.788	0	2950394	standard_tone	sapo_emerge	standard	n/a	n/a	n/a	n/a	n/a
5901.804	0	2950902	oddball_tone	sapo_emerge	oddball	n/a	n/a	n/a	n/a	n/a
5902.820	0	2951410	standard_tone	sapo_emerge	standard	n/a	n/a	n/a	n/a	n/a
5903.256	0	2951628	clicker_press	sapo_emerge	response-received-page_up	n/a	n/a	n/a	n/a	page_up
5903.268	0	2951634	report_window_begin	sapo_emerge	emerge-sapo-emerge-begin	n/a	n/a	n/a	n/a	n/a
5904.054	0	2952027	clicker_press	sapo_emerge	response-received-page_up	n/a	n/a	n/a	n/a	page_up
5907.284	0	2953642	depth_rating	sapo_emerge	rating-sapo-emerge-meditation_depth-2	2	n/a	n/a	n/a	n/a
5909.182	0	2954591	clicker_press	sapo_emerge	response-received-page_up	n/a	n/a	n/a	n/a	page_up
5909.466	0	2954733	clicker_press	sapo_emerge	response-received-page_up	n/a	n/a	n/a	n/a	page_up
5917.594	0	2958797	confidence_rating	sapo_emerge	rating-sapo-emerge-confidence_depth-2	n/a	2	n/a	n/a	n/a
5921.106	0	2960553	report_window_end	sapo_emerge	emerge-sapo-emerge-end	n/a	n/a	n/a	n/a	n/a
5921.106	0	2960553	subblock_begin	sapo_emerge	subblock-begin	n/a	n/a	n/a	n/a	n/a
5921.108	0	2960554	silence_begin	sapo_emerge	silence-begin	n/a	n/a	n/a	n/a	n/a
5921.122	0	2960561	standard_tone	sapo_emerge	standard	n/a	n/a	n/a	n/a	n/a
5922.138	0	2961069	standard_tone	sapo_emerge	standard	n/a	n/a	n/a	n/a	n/a
5923.154	0	2961577	standard_tone	sapo_emerge	standard	n/a	n/a	n/a	n/a	n/a
5924.170	0	2962085	oddball_tone	sapo_emerge	oddball	n/a	n/a	n/a	n/a	n/a
5925.186	0	2962593	standard_tone	sapo_emerge	standard	n/a	n/a	n/a	n/a	n/a
5926.202	0	2963101	distractor_noise	sapo_emerge	distractor	n/a	n/a	n/a	n/a	n/a
5927.216	0	2963608	standard_tone	sapo_emerge	standard	n/a	n/a	n/a	n/a	n/a
5928.216	0	2964108	standard_tone	sapo_emerge	standard	n/a	n/a	n/a	n/a	n/a
5929.232	0	2964616	standard_tone	sapo_emerge	standard	n/a	n/a	n/a	n/a	n/a
5930.248	0	2965124	distractor_noise	sapo_emerge	distractor	n/a	n/a	n/a	n/a	n/a
5931.264	0	2965632	standard_tone	sapo_emerge	standard	n/a	n/a	n/a	n/a	n/a
5932.280	0	2966140	oddball_tone	sapo_emerge	oddball	n/a	n/a	n/a	n/a	n/a
5933.296	0	2966648	standard_tone	sapo_emerge	standard	n/a	n/a	n/a	n/a	n/a
5933.312	0	2966656	clicker_press	sapo_emerge	response-received-page_up	n/a	n/a	n/a	n/a	page_up
5933.362	0	2966681	report_window_begin	sapo_emerge	emerge-sapo-emerge-begin	n/a	n/a	n/a	n/a	n/a
5933.928	0	2966964	clicker_press	sapo_emerge	response-received-page_up	n/a	n/a	n/a	n/a	page_up
5937.376	0	2968688	depth_rating	sapo_emerge	rating-sapo-emerge-meditation_depth-2	2	n/a	n/a	n/a	n/a
5939.708	0	2969854	clicker_press	sapo_emerge	response-received-page_up	n/a	n/a	n/a	n/a	page_up
5940.106	0	2970053	clicker_press	sapo_emerge	response-received-page_up	n/a	n/a	n/a	n/a	page_up
5940.690	0	2970345	clicker_press	sapo_emerge	response-received-page_up	n/a	n/a	n/a	n/a	page_up
5947.468	0	2973734	confidence_rating	sapo_emerge	rating-sapo-emerge-confidence_depth-3	n/a	3	n/a	n/a	n/a
5950.914	0	2975457	report_window_end	sapo_emerge	emerge-sapo-emerge-end	n/a	n/a	n/a	n/a	n/a
5950.916	0	2975458	subblock_begin	sapo_emerge	subblock-begin	n/a	n/a	n/a	n/a	n/a
5950.916	0	2975458	silence_begin	sapo_emerge	silence-begin	n/a	n/a	n/a	n/a	n/a
5950.916	0	2975458	oddball_tone	sapo_emerge	oddball	n/a	n/a	n/a	n/a	n/a
5951.930	0	2975965	standard_tone	sapo_emerge	standard	n/a	n/a	n/a	n/a	n/a
5952.946	0	2976473	distractor_noise	sapo_emerge	distractor	n/a	n/a	n/a	n/a	n/a
5953.962	0	2976981	standard_tone	sapo_emerge	standard	n/a	n/a	n/a	n/a	n/a
5954.962	0	2977481	standard_tone	sapo_emerge	standard	n/a	n/a	n/a	n/a	n/a
5955.976	0	2977988	standard_tone	sapo_emerge	standard	n/a	n/a	n/a	n/a	n/a
5956.992	0	2978496	distractor_noise	sapo_emerge	distractor	n/a	n/a	n/a	n/a	n/a
5958.008	0	2979004	standard_tone	sapo_emerge	standard	n/a	n/a	n/a	n/a	n/a
5959.024	0	2979512	standard_tone	sapo_emerge	standard	n/a	n/a	n/a	n/a	n/a
5960.040	0	2980020	oddball_tone	sapo_emerge	oddball	n/a	n/a	n/a	n/a	n/a
5961.056	0	2980528	standard_tone	sapo_emerge	standard	n/a	n/a	n/a	n/a	n/a
5962.072	0	2981036	distractor_noise	sapo_emerge	distractor	n/a	n/a	n/a	n/a	n/a
5963.070	0	2981535	standard_tone	sapo_emerge	standard	n/a	n/a	n/a	n/a	n/a
5964.086	0	2982043	standard_tone	sapo_emerge	standard	n/a	n/a	n/a	n/a	n/a
5965.102	0	2982551	standard_tone	sapo_emerge	standard	n/a	n/a	n/a	n/a	n/a
5966.118	0	2983059	standard_tone	sapo_emerge	standard	n/a	n/a	n/a	n/a	n/a
5967.134	0	2983567	distractor_noise	sapo_emerge	distractor	n/a	n/a	n/a	n/a	n/a
5968.150	0	2984075	standard_tone	sapo_emerge	standard	n/a	n/a	n/a	n/a	n/a
5969.166	0	2984583	standard_tone	sapo_emerge	standard	n/a	n/a	n/a	n/a	n/a
5970.182	0	2985091	standard_tone	sapo_emerge	standard	n/a	n/a	n/a	n/a	n/a
5971.180	0	2985590	standard_tone	sapo_emerge	standard	n/a	n/a	n/a	n/a	n/a
5972.196	0	2986098	oddball_tone	sapo_emerge	oddball	n/a	n/a	n/a	n/a	n/a
5973.212	0	2986606	standard_tone	sapo_emerge	standard	n/a	n/a	n/a	n/a	n/a
5974.228	0	2987114	standard_tone	sapo_emerge	standard	n/a	n/a	n/a	n/a	n/a
5975.244	0	2987622	distractor_noise	sapo_emerge	distractor	n/a	n/a	n/a	n/a	n/a
5976.260	0	2988130	oddball_tone	sapo_emerge	oddball	n/a	n/a	n/a	n/a	n/a
5977.276	0	2988638	standard_tone	sapo_emerge	standard	n/a	n/a	n/a	n/a	n/a
5978.292	0	2989146	standard_tone	sapo_emerge	standard	n/a	n/a	n/a	n/a	n/a
5978.308	0	2989154	clicker_press	sapo_emerge	response-received-page_up	n/a	n/a	n/a	n/a	page_up
5978.326	0	2989163	report_window_begin	sapo_emerge	emerge-sapo-emerge-begin	n/a	n/a	n/a	n/a	n/a
5978.874	0	2989437	clicker_press	sapo_emerge	response-received-page_up	n/a	n/a	n/a	n/a	page_up
5982.370	0	2991185	depth_rating	sapo_emerge	rating-sapo-emerge-meditation_depth-2	2	n/a	n/a	n/a	n/a
5984.954	0	2992477	clicker_press	sapo_emerge	response-received-page_up	n/a	n/a	n/a	n/a	page_up
5985.470	0	2992735	clicker_press	sapo_emerge	response-received-page_up	n/a	n/a	n/a	n/a	page_up
5992.596	0	2996298	confidence_rating	sapo_emerge	rating-sapo-emerge-confidence_depth-2	n/a	2	n/a	n/a	n/a
5996.076	0	2998038	report_window_end	sapo_emerge	emerge-sapo-emerge-end	n/a	n/a	n/a	n/a	n/a
5996.078	0	2998039	subblock_begin	sapo_emerge	subblock-begin	n/a	n/a	n/a	n/a	n/a
5996.078	0	2998039	silence_begin	sapo_emerge	silence-begin	n/a	n/a	n/a	n/a	n/a
5996.078	0	2998039	standard_tone	sapo_emerge	standard	n/a	n/a	n/a	n/a	n/a
5997.092	0	2998546	standard_tone	sapo_emerge	standard	n/a	n/a	n/a	n/a	n/a
5998.108	0	2999054	standard_tone	sapo_emerge	standard	n/a	n/a	n/a	n/a	n/a
5999.124	0	2999562	standard_tone	sapo_emerge	standard	n/a	n/a	n/a	n/a	n/a
6000.140	0	3000070	standard_tone	sapo_emerge	standard	n/a	n/a	n/a	n/a	n/a
6001.156	0	3000578	oddball_tone	sapo_emerge	oddball	n/a	n/a	n/a	n/a	n/a
6002.172	0	3001086	standard_tone	sapo_emerge	standard	n/a	n/a	n/a	n/a	n/a
6003.188	0	3001594	oddball_tone	sapo_emerge	oddball	n/a	n/a	n/a	n/a	n/a
6004.202	0	3002101	standard_tone	sapo_emerge	standard	n/a	n/a	n/a	n/a	n/a
6005.220	0	3002610	standard_tone	sapo_emerge	standard	n/a	n/a	n/a	n/a	n/a
6006.236	0	3003118	standard_tone	sapo_emerge	standard	n/a	n/a	n/a	n/a	n/a
6007.250	0	3003625	standard_tone	sapo_emerge	standard	n/a	n/a	n/a	n/a	n/a
6008.266	0	3004133	standard_tone	sapo_emerge	standard	n/a	n/a	n/a	n/a	n/a
6009.282	0	3004641	standard_tone	sapo_emerge	standard	n/a	n/a	n/a	n/a	n/a
6010.298	0	3005149	standard_tone	sapo_emerge	standard	n/a	n/a	n/a	n/a	n/a
6011.314	0	3005657	standard_tone	sapo_emerge	standard	n/a	n/a	n/a	n/a	n/a
6012.330	0	3006165	standard_tone	sapo_emerge	standard	n/a	n/a	n/a	n/a	n/a
6013.346	0	3006673	standard_tone	sapo_emerge	standard	n/a	n/a	n/a	n/a	n/a
6014.362	0	3007181	standard_tone	sapo_emerge	standard	n/a	n/a	n/a	n/a	n/a
6015.378	0	3007689	oddball_tone	sapo_emerge	oddball	n/a	n/a	n/a	n/a	n/a
6016.392	0	3008196	standard_tone	sapo_emerge	standard	n/a	n/a	n/a	n/a	n/a
6016.544	0	3008272	clicker_press	sapo_emerge	response-received-page_up	n/a	n/a	n/a	n/a	page_up
6016.744	0	3008372	report_window_begin	sapo_emerge	emerge-sapo-emerge-begin	n/a	n/a	n/a	n/a	n/a
6016.910	0	3008455	clicker_press	sapo_emerge	response-received-page_up	n/a	n/a	n/a	n/a	page_up
6020.790	0	3010395	depth_rating	sapo_emerge	rating-sapo-emerge-meditation_depth-2	2	n/a	n/a	n/a	n/a
6023.720	0	3011860	clicker_press	sapo_emerge	response-received-page_up	n/a	n/a	n/a	n/a	page_up
6024.072	0	3012036	clicker_press	sapo_emerge	response-received-page_up	n/a	n/a	n/a	n/a	page_up
6031.064	0	3015532	confidence_rating	sapo_emerge	rating-sapo-emerge-confidence_depth-2	n/a	2	n/a	n/a	n/a
6034.562	0	3017281	report_window_end	sapo_emerge	emerge-sapo-emerge-end	n/a	n/a	n/a	n/a	n/a
6034.562	0	3017281	subblock_begin	sapo_emerge	subblock-begin	n/a	n/a	n/a	n/a	n/a
6034.562	0	3017281	silence_begin	sapo_emerge	silence-begin	n/a	n/a	n/a	n/a	n/a
6034.564	0	3017282	standard_tone	sapo_emerge	standard	n/a	n/a	n/a	n/a	n/a
6035.578	0	3017789	standard_tone	sapo_emerge	standard	n/a	n/a	n/a	n/a	n/a
6036.594	0	3018297	oddball_tone	sapo_emerge	oddball	n/a	n/a	n/a	n/a	n/a
6037.608	0	3018804	standard_tone	sapo_emerge	standard	n/a	n/a	n/a	n/a	n/a
6038.608	0	3019304	standard_tone	sapo_emerge	standard	n/a	n/a	n/a	n/a	n/a
6039.624	0	3019812	standard_tone	sapo_emerge	standard	n/a	n/a	n/a	n/a	n/a
6040.640	0	3020320	standard_tone	sapo_emerge	standard	n/a	n/a	n/a	n/a	n/a
6041.656	0	3020828	standard_tone	sapo_emerge	standard	n/a	n/a	n/a	n/a	n/a
6042.672	0	3021336	standard_tone	sapo_emerge	standard	n/a	n/a	n/a	n/a	n/a
6043.688	0	3021844	standard_tone	sapo_emerge	standard	n/a	n/a	n/a	n/a	n/a
6044.702	0	3022351	standard_tone	sapo_emerge	standard	n/a	n/a	n/a	n/a	n/a
6045.718	0	3022859	standard_tone	sapo_emerge	standard	n/a	n/a	n/a	n/a	n/a
6046.734	0	3023367	standard_tone	sapo_emerge	standard	n/a	n/a	n/a	n/a	n/a
6047.736	0	3023868	oddball_tone	sapo_emerge	oddball	n/a	n/a	n/a	n/a	n/a
6048.750	0	3024375	standard_tone	sapo_emerge	standard	n/a	n/a	n/a	n/a	n/a
6049.766	0	3024883	standard_tone	sapo_emerge	standard	n/a	n/a	n/a	n/a	n/a
6050.782	0	3025391	standard_tone	sapo_emerge	standard	n/a	n/a	n/a	n/a	n/a
6051.798	0	3025899	standard_tone	sapo_emerge	standard	n/a	n/a	n/a	n/a	n/a
6052.798	0	3026399	standard_tone	sapo_emerge	standard	n/a	n/a	n/a	n/a	n/a
6053.812	0	3026906	standard_tone	sapo_emerge	standard	n/a	n/a	n/a	n/a	n/a
6054.828	0	3027414	standard_tone	sapo_emerge	standard	n/a	n/a	n/a	n/a	n/a
6055.844	0	3027922	standard_tone	sapo_emerge	standard	n/a	n/a	n/a	n/a	n/a
6056.860	0	3028430	standard_tone	sapo_emerge	standard	n/a	n/a	n/a	n/a	n/a
6057.876	0	3028938	oddball_tone	sapo_emerge	oddball	n/a	n/a	n/a	n/a	n/a
6058.892	0	3029446	standard_tone	sapo_emerge	standard	n/a	n/a	n/a	n/a	n/a
6059.908	0	3029954	oddball_tone	sapo_emerge	oddball	n/a	n/a	n/a	n/a	n/a
6060.922	0	3030461	standard_tone	sapo_emerge	standard	n/a	n/a	n/a	n/a	n/a
6061.938	0	3030969	standard_tone	sapo_emerge	standard	n/a	n/a	n/a	n/a	n/a
6062.954	0	3031477	oddball_tone	sapo_emerge	oddball	n/a	n/a	n/a	n/a	n/a
6063.970	0	3031985	standard_tone	sapo_emerge	standard	n/a	n/a	n/a	n/a	n/a
6064.986	0	3032493	distractor_noise	sapo_emerge	distractor	n/a	n/a	n/a	n/a	n/a
6066.002	0	3033001	standard_tone	sapo_emerge	standard	n/a	n/a	n/a	n/a	n/a
6067.018	0	3033509	standard_tone	sapo_emerge	standard	n/a	n/a	n/a	n/a	n/a
6068.034	0	3034017	standard_tone	sapo_emerge	standard	n/a	n/a	n/a	n/a	n/a
6069.050	0	3034525	standard_tone	sapo_emerge	standard	n/a	n/a	n/a	n/a	n/a
6070.066	0	3035033	standard_tone	sapo_emerge	standard	n/a	n/a	n/a	n/a	n/a
6071.082	0	3035541	standard_tone	sapo_emerge	standard	n/a	n/a	n/a	n/a	n/a
6072.098	0	3036049	standard_tone	sapo_emerge	standard	n/a	n/a	n/a	n/a	n/a
6073.112	0	3036556	standard_tone	sapo_emerge	standard	n/a	n/a	n/a	n/a	n/a
6074.128	0	3037064	standard_tone	sapo_emerge	standard	n/a	n/a	n/a	n/a	n/a
6075.144	0	3037572	standard_tone	sapo_emerge	standard	n/a	n/a	n/a	n/a	n/a
6076.160	0	3038080	distractor_noise	sapo_emerge	distractor	n/a	n/a	n/a	n/a	n/a
6077.176	0	3038588	standard_tone	sapo_emerge	standard	n/a	n/a	n/a	n/a	n/a
6078.192	0	3039096	standard_tone	sapo_emerge	standard	n/a	n/a	n/a	n/a	n/a
6079.210	0	3039605	standard_tone	sapo_emerge	standard	n/a	n/a	n/a	n/a	n/a
6080.224	0	3040112	oddball_tone	sapo_emerge	oddball	n/a	n/a	n/a	n/a	n/a
6081.240	0	3040620	distractor_noise	sapo_emerge	distractor	n/a	n/a	n/a	n/a	n/a
6082.256	0	3041128	standard_tone	sapo_emerge	standard	n/a	n/a	n/a	n/a	n/a
6082.272	0	3041136	clicker_press	sapo_emerge	response-received-page_up	n/a	n/a	n/a	n/a	page_up
6082.340	0	3041170	report_window_begin	sapo_emerge	emerge-sapo-emerge-begin	n/a	n/a	n/a	n/a	n/a
6082.788	0	3041394	clicker_press	sapo_emerge	response-received-page_up	n/a	n/a	n/a	n/a	page_up
6086.386	0	3043193	depth_rating	sapo_emerge	rating-sapo-emerge-meditation_depth-2	2	n/a	n/a	n/a	n/a
6088.484	0	3044242	clicker_press	sapo_emerge	response-received-page_up	n/a	n/a	n/a	n/a	page_up
6088.866	0	3044433	clicker_press	sapo_emerge	response-received-page_up	n/a	n/a	n/a	n/a	page_up
6089.250	0	3044625	clicker_press	sapo_emerge	response-received-page_up	n/a	n/a	n/a	n/a	page_up
6089.832	0	3044916	clicker_press	sapo_emerge	response-received-page_up	n/a	n/a	n/a	n/a	page_up
6096.428	0	3048214	confidence_rating	sapo_emerge	rating-sapo-emerge-confidence_depth-4	n/a	4	n/a	n/a	n/a
6099.924	0	3049962	report_window_end	sapo_emerge	emerge-sapo-emerge-end	n/a	n/a	n/a	n/a	n/a
6099.926	0	3049963	subblock_begin	sapo_emerge	subblock-begin	n/a	n/a	n/a	n/a	n/a
6099.926	0	3049963	silence_begin	sapo_emerge	silence-begin	n/a	n/a	n/a	n/a	n/a
6099.926	0	3049963	standard_tone	sapo_emerge	standard	n/a	n/a	n/a	n/a	n/a
6100.940	0	3050470	standard_tone	sapo_emerge	standard	n/a	n/a	n/a	n/a	n/a
6101.956	0	3050978	standard_tone	sapo_emerge	standard	n/a	n/a	n/a	n/a	n/a
6102.972	0	3051486	oddball_tone	sapo_emerge	oddball	n/a	n/a	n/a	n/a	n/a
6103.988	0	3051994	standard_tone	sapo_emerge	standard	n/a	n/a	n/a	n/a	n/a
6105.002	0	3052501	oddball_tone	sapo_emerge	oddball	n/a	n/a	n/a	n/a	n/a
6106.018	0	3053009	standard_tone	sapo_emerge	standard	n/a	n/a	n/a	n/a	n/a
6107.018	0	3053509	distractor_noise	sapo_emerge	distractor	n/a	n/a	n/a	n/a	n/a
6108.034	0	3054017	standard_tone	sapo_emerge	standard	n/a	n/a	n/a	n/a	n/a
6109.050	0	3054525	standard_tone	sapo_emerge	standard	n/a	n/a	n/a	n/a	n/a
6110.066	0	3055033	standard_tone	sapo_emerge	standard	n/a	n/a	n/a	n/a	n/a
6111.082	0	3055541	standard_tone	sapo_emerge	standard	n/a	n/a	n/a	n/a	n/a
6112.098	0	3056049	standard_tone	sapo_emerge	standard	n/a	n/a	n/a	n/a	n/a
6113.112	0	3056556	distractor_noise	sapo_emerge	distractor	n/a	n/a	n/a	n/a	n/a
6114.128	0	3057064	standard_tone	sapo_emerge	standard	n/a	n/a	n/a	n/a	n/a
6115.144	0	3057572	standard_tone	sapo_emerge	standard	n/a	n/a	n/a	n/a	n/a
6116.160	0	3058080	standard_tone	sapo_emerge	standard	n/a	n/a	n/a	n/a	n/a
6117.176	0	3058588	standard_tone	sapo_emerge	standard	n/a	n/a	n/a	n/a	n/a
6118.192	0	3059096	standard_tone	sapo_emerge	standard	n/a	n/a	n/a	n/a	n/a
6119.208	0	3059604	standard_tone	sapo_emerge	standard	n/a	n/a	n/a	n/a	n/a
6120.224	0	3060112	standard_tone	sapo_emerge	standard	n/a	n/a	n/a	n/a	n/a
6121.240	0	3060620	standard_tone	sapo_emerge	standard	n/a	n/a	n/a	n/a	n/a
6122.256	0	3061128	standard_tone	sapo_emerge	standard	n/a	n/a	n/a	n/a	n/a
6123.272	0	3061636	standard_tone	sapo_emerge	standard	n/a	n/a	n/a	n/a	n/a
6124.288	0	3062144	oddball_tone	sapo_emerge	oddball	n/a	n/a	n/a	n/a	n/a
6125.302	0	3062651	standard_tone	sapo_emerge	standard	n/a	n/a	n/a	n/a	n/a
6126.320	0	3063160	oddball_tone	sapo_emerge	oddball	n/a	n/a	n/a	n/a	n/a
6127.334	0	3063667	distractor_noise	sapo_emerge	distractor	n/a	n/a	n/a	n/a	n/a
6128.350	0	3064175	standard_tone	sapo_emerge	standard	n/a	n/a	n/a	n/a	n/a
6129.366	0	3064683	distractor_noise	sapo_emerge	distractor	n/a	n/a	n/a	n/a	n/a
6129.650	0	3064825	clicker_press	sapo_emerge	response-received-page_up	n/a	n/a	n/a	n/a	page_up
6129.700	0	3064850	report_window_begin	sapo_emerge	emerge-sapo-emerge-begin	n/a	n/a	n/a	n/a	n/a
6133.730	0	3066865	depth_rating	sapo_emerge	rating-sapo-emerge-meditation_depth-1	1	n/a	n/a	n/a	n/a
6143.822	0	3071911	confidence_rating	sapo_emerge	rating-sapo-emerge-confidence_depth-0	n/a	0	n/a	n/a	n/a
6147.284	0	3073642	report_window_end	sapo_emerge	emerge-sapo-emerge-end	n/a	n/a	n/a	n/a	n/a
6147.286	0	3073643	subblock_begin	sapo_emerge	subblock-begin	n/a	n/a	n/a	n/a	n/a
6147.286	0	3073643	silence_begin	sapo_emerge	silence-begin	n/a	n/a	n/a	n/a	n/a
6147.288	0	3073644	standard_tone	sapo_emerge	standard	n/a	n/a	n/a	n/a	n/a
6148.300	0	3074150	standard_tone	sapo_emerge	standard	n/a	n/a	n/a	n/a	n/a
6149.316	0	3074658	standard_tone	sapo_emerge	standard	n/a	n/a	n/a	n/a	n/a
6150.332	0	3075166	standard_tone	sapo_emerge	standard	n/a	n/a	n/a	n/a	n/a
6151.348	0	3075674	standard_tone	sapo_emerge	standard	n/a	n/a	n/a	n/a	n/a
6152.364	0	3076182	standard_tone	sapo_emerge	standard	n/a	n/a	n/a	n/a	n/a
6153.380	0	3076690	standard_tone	sapo_emerge	standard	n/a	n/a	n/a	n/a	n/a
6154.396	0	3077198	oddball_tone	sapo_emerge	oddball	n/a	n/a	n/a	n/a	n/a
6155.396	0	3077698	standard_tone	sapo_emerge	standard	n/a	n/a	n/a	n/a	n/a
6156.410	0	3078205	distractor_noise	sapo_emerge	distractor	n/a	n/a	n/a	n/a	n/a
6157.426	0	3078713	standard_tone	sapo_emerge	standard	n/a	n/a	n/a	n/a	n/a
6158.442	0	3079221	distractor_noise	sapo_emerge	distractor	n/a	n/a	n/a	n/a	n/a
6159.458	0	3079729	standard_tone	sapo_emerge	standard	n/a	n/a	n/a	n/a	n/a
6160.474	0	3080237	standard_tone	sapo_emerge	standard	n/a	n/a	n/a	n/a	n/a
6161.490	0	3080745	standard_tone	sapo_emerge	standard	n/a	n/a	n/a	n/a	n/a
6162.506	0	3081253	standard_tone	sapo_emerge	standard	n/a	n/a	n/a	n/a	n/a
6163.522	0	3081761	standard_tone	sapo_emerge	standard	n/a	n/a	n/a	n/a	n/a
6164.538	0	3082269	standard_tone	sapo_emerge	standard	n/a	n/a	n/a	n/a	n/a
6165.552	0	3082776	standard_tone	sapo_emerge	standard	n/a	n/a	n/a	n/a	n/a
6166.568	0	3083284	standard_tone	sapo_emerge	standard	n/a	n/a	n/a	n/a	n/a
6167.584	0	3083792	standard_tone	sapo_emerge	standard	n/a	n/a	n/a	n/a	n/a
6168.600	0	3084300	standard_tone	sapo_emerge	standard	n/a	n/a	n/a	n/a	n/a
6169.616	0	3084808	standard_tone	sapo_emerge	standard	n/a	n/a	n/a	n/a	n/a
6170.632	0	3085316	distractor_noise	sapo_emerge	distractor	n/a	n/a	n/a	n/a	n/a
6171.648	0	3085824	standard_tone	sapo_emerge	standard	n/a	n/a	n/a	n/a	n/a
6172.664	0	3086332	standard_tone	sapo_emerge	standard	n/a	n/a	n/a	n/a	n/a
6173.680	0	3086840	standard_tone	sapo_emerge	standard	n/a	n/a	n/a	n/a	n/a
6174.696	0	3087348	standard_tone	sapo_emerge	standard	n/a	n/a	n/a	n/a	n/a
6175.712	0	3087856	standard_tone	sapo_emerge	standard	n/a	n/a	n/a	n/a	n/a
6176.726	0	3088363	standard_tone	sapo_emerge	standard	n/a	n/a	n/a	n/a	n/a
6177.742	0	3088871	standard_tone	sapo_emerge	standard	n/a	n/a	n/a	n/a	n/a
6178.758	0	3089379	oddball_tone	sapo_emerge	oddball	n/a	n/a	n/a	n/a	n/a
6179.774	0	3089887	standard_tone	sapo_emerge	standard	n/a	n/a	n/a	n/a	n/a
6180.790	0	3090395	oddball_tone	sapo_emerge	oddball	n/a	n/a	n/a	n/a	n/a
6181.806	0	3090903	standard_tone	sapo_emerge	standard	n/a	n/a	n/a	n/a	n/a
6182.822	0	3091411	standard_tone	sapo_emerge	standard	n/a	n/a	n/a	n/a	n/a
6183.822	0	3091911	distractor_noise	sapo_emerge	distractor	n/a	n/a	n/a	n/a	n/a
6184.838	0	3092419	standard_tone	sapo_emerge	standard	n/a	n/a	n/a	n/a	n/a
6185.852	0	3092926	standard_tone	sapo_emerge	standard	n/a	n/a	n/a	n/a	n/a
6186.868	0	3093434	standard_tone	sapo_emerge	standard	n/a	n/a	n/a	n/a	n/a
6187.884	0	3093942	oddball_tone	sapo_emerge	oddball	n/a	n/a	n/a	n/a	n/a
6188.900	0	3094450	standard_tone	sapo_emerge	standard	n/a	n/a	n/a	n/a	n/a
6189.916	0	3094958	standard_tone	sapo_emerge	standard	n/a	n/a	n/a	n/a	n/a
6190.916	0	3095458	standard_tone	sapo_emerge	standard	n/a	n/a	n/a	n/a	n/a
6191.932	0	3095966	standard_tone	sapo_emerge	standard	n/a	n/a	n/a	n/a	n/a
6192.946	0	3096473	standard_tone	sapo_emerge	standard	n/a	n/a	n/a	n/a	n/a
6193.962	0	3096981	standard_tone	sapo_emerge	standard	n/a	n/a	n/a	n/a	n/a
6194.978	0	3097489	standard_tone	sapo_emerge	standard	n/a	n/a	n/a	n/a	n/a
6195.994	0	3097997	standard_tone	sapo_emerge	standard	n/a	n/a	n/a	n/a	n/a
6197.010	0	3098505	oddball_tone	sapo_emerge	oddball	n/a	n/a	n/a	n/a	n/a
6198.026	0	3099013	distractor_noise	sapo_emerge	distractor	n/a	n/a	n/a	n/a	n/a
6199.042	0	3099521	standard_tone	sapo_emerge	standard	n/a	n/a	n/a	n/a	n/a
6200.058	0	3100029	distractor_noise	sapo_emerge	distractor	n/a	n/a	n/a	n/a	n/a
6201.074	0	3100537	oddball_tone	sapo_emerge	oddball	n/a	n/a	n/a	n/a	n/a
6202.090	0	3101045	standard_tone	sapo_emerge	standard	n/a	n/a	n/a	n/a	n/a
6202.302	0	3101151	clicker_press	sapo_emerge	response-received-page_up	n/a	n/a	n/a	n/a	page_up
6202.320	0	3101160	report_window_begin	sapo_emerge	emerge-sapo-emerge-begin	n/a	n/a	n/a	n/a	n/a
6206.352	0	3103176	depth_rating	sapo_emerge	rating-sapo-emerge-meditation_depth-1	1	n/a	n/a	n/a	n/a
6208.652	0	3104326	clicker_press	sapo_emerge	response-received-page_up	n/a	n/a	n/a	n/a	page_up
6208.934	0	3104467	clicker_press	sapo_emerge	response-received-page_up	n/a	n/a	n/a	n/a	page_up
6209.250	0	3104625	clicker_press	sapo_emerge	response-received-page_up	n/a	n/a	n/a	n/a	page_up
6216.412	0	3108206	confidence_rating	sapo_emerge	rating-sapo-emerge-confidence_depth-3	n/a	3	n/a	n/a	n/a
6219.858	0	3109929	report_window_end	sapo_emerge	emerge-sapo-emerge-end	n/a	n/a	n/a	n/a	n/a
6219.860	0	3109930	subblock_begin	sapo_emerge	subblock-begin	n/a	n/a	n/a	n/a	n/a
6219.860	0	3109930	silence_begin	sapo_emerge	silence-begin	n/a	n/a	n/a	n/a	n/a
6219.860	0	3109930	standard_tone	sapo_emerge	standard	n/a	n/a	n/a	n/a	n/a
6220.874	0	3110437	standard_tone	sapo_emerge	standard	n/a	n/a	n/a	n/a	n/a
6221.890	0	3110945	standard_tone	sapo_emerge	standard	n/a	n/a	n/a	n/a	n/a
6222.906	0	3111453	standard_tone	sapo_emerge	standard	n/a	n/a	n/a	n/a	n/a
6223.922	0	3111961	standard_tone	sapo_emerge	standard	n/a	n/a	n/a	n/a	n/a
6224.936	0	3112468	standard_tone	sapo_emerge	standard	n/a	n/a	n/a	n/a	n/a
6225.952	0	3112976	standard_tone	sapo_emerge	standard	n/a	n/a	n/a	n/a	n/a
6226.968	0	3113484	standard_tone	sapo_emerge	standard	n/a	n/a	n/a	n/a	n/a
6227.984	0	3113992	standard_tone	sapo_emerge	standard	n/a	n/a	n/a	n/a	n/a
6229.000	0	3114500	standard_tone	sapo_emerge	standard	n/a	n/a	n/a	n/a	n/a
6230.016	0	3115008	standard_tone	sapo_emerge	standard	n/a	n/a	n/a	n/a	n/a
6231.032	0	3115516	standard_tone	sapo_emerge	standard	n/a	n/a	n/a	n/a	n/a
6232.048	0	3116024	standard_tone	sapo_emerge	standard	n/a	n/a	n/a	n/a	n/a
6233.064	0	3116532	distractor_noise	sapo_emerge	distractor	n/a	n/a	n/a	n/a	n/a
6234.080	0	3117040	standard_tone	sapo_emerge	standard	n/a	n/a	n/a	n/a	n/a
6235.094	0	3117547	oddball_tone	sapo_emerge	oddball	n/a	n/a	n/a	n/a	n/a
6236.110	0	3118055	standard_tone	sapo_emerge	standard	n/a	n/a	n/a	n/a	n/a
6237.126	0	3118563	distractor_noise	sapo_emerge	distractor	n/a	n/a	n/a	n/a	n/a
6238.142	0	3119071	standard_tone	sapo_emerge	standard	n/a	n/a	n/a	n/a	n/a
6239.158	0	3119579	standard_tone	sapo_emerge	standard	n/a	n/a	n/a	n/a	n/a
6240.174	0	3120087	standard_tone	sapo_emerge	standard	n/a	n/a	n/a	n/a	n/a
6241.192	0	3120596	standard_tone	sapo_emerge	standard	n/a	n/a	n/a	n/a	n/a
6242.206	0	3121103	standard_tone	sapo_emerge	standard	n/a	n/a	n/a	n/a	n/a
6243.222	0	3121611	standard_tone	sapo_emerge	standard	n/a	n/a	n/a	n/a	n/a
6244.238	0	3122119	standard_tone	sapo_emerge	standard	n/a	n/a	n/a	n/a	n/a
6245.254	0	3122627	standard_tone	sapo_emerge	standard	n/a	n/a	n/a	n/a	n/a
6246.270	0	3123135	standard_tone	sapo_emerge	standard	n/a	n/a	n/a	n/a	n/a
6247.286	0	3123643	oddball_tone	sapo_emerge	oddball	n/a	n/a	n/a	n/a	n/a
6248.300	0	3124150	standard_tone	sapo_emerge	standard	n/a	n/a	n/a	n/a	n/a
6249.300	0	3124650	standard_tone	sapo_emerge	standard	n/a	n/a	n/a	n/a	n/a
6250.316	0	3125158	standard_tone	sapo_emerge	standard	n/a	n/a	n/a	n/a	n/a
6251.332	0	3125666	standard_tone	sapo_emerge	standard	n/a	n/a	n/a	n/a	n/a
6252.348	0	3126174	standard_tone	sapo_emerge	standard	n/a	n/a	n/a	n/a	n/a
6253.364	0	3126682	oddball_tone	sapo_emerge	oddball	n/a	n/a	n/a	n/a	n/a
6254.380	0	3127190	standard_tone	sapo_emerge	standard	n/a	n/a	n/a	n/a	n/a
6255.394	0	3127697	standard_tone	sapo_emerge	standard	n/a	n/a	n/a	n/a	n/a
6256.410	0	3128205	standard_tone	sapo_emerge	standard	n/a	n/a	n/a	n/a	n/a
6257.426	0	3128713	standard_tone	sapo_emerge	standard	n/a	n/a	n/a	n/a	n/a
6258.442	0	3129221	standard_tone	sapo_emerge	standard	n/a	n/a	n/a	n/a	n/a
6259.458	0	3129729	standard_tone	sapo_emerge	standard	n/a	n/a	n/a	n/a	n/a
6260.474	0	3130237	standard_tone	sapo_emerge	standard	n/a	n/a	n/a	n/a	n/a
6261.492	0	3130746	standard_tone	sapo_emerge	standard	n/a	n/a	n/a	n/a	n/a
6262.506	0	3131253	standard_tone	sapo_emerge	standard	n/a	n/a	n/a	n/a	n/a
6263.522	0	3131761	distractor_noise	sapo_emerge	distractor	n/a	n/a	n/a	n/a	n/a
6264.538	0	3132269	standard_tone	sapo_emerge	standard	n/a	n/a	n/a	n/a	n/a
6265.554	0	3132777	standard_tone	sapo_emerge	standard	n/a	n/a	n/a	n/a	n/a
6266.570	0	3133285	standard_tone	sapo_emerge	standard	n/a	n/a	n/a	n/a	n/a
6267.584	0	3133792	standard_tone	sapo_emerge	standard	n/a	n/a	n/a	n/a	n/a
6268.600	0	3134300	distractor_noise	sapo_emerge	distractor	n/a	n/a	n/a	n/a	n/a
6269.618	0	3134809	standard_tone	sapo_emerge	standard	n/a	n/a	n/a	n/a	n/a
6270.632	0	3135316	standard_tone	sapo_emerge	standard	n/a	n/a	n/a	n/a	n/a
6271.648	0	3135824	standard_tone	sapo_emerge	standard	n/a	n/a	n/a	n/a	n/a
6272.664	0	3136332	standard_tone	sapo_emerge	standard	n/a	n/a	n/a	n/a	n/a
6273.680	0	3136840	standard_tone	sapo_emerge	standard	n/a	n/a	n/a	n/a	n/a
6274.680	0	3137340	standard_tone	sapo_emerge	standard	n/a	n/a	n/a	n/a	n/a
6275.694	0	3137847	standard_tone	sapo_emerge	standard	n/a	n/a	n/a	n/a	n/a
6276.710	0	3138355	oddball_tone	sapo_emerge	oddball	n/a	n/a	n/a	n/a	n/a
6277.726	0	3138863	standard_tone	sapo_emerge	standard	n/a	n/a	n/a	n/a	n/a
6278.742	0	3139371	distractor_noise	sapo_emerge	distractor	n/a	n/a	n/a	n/a	n/a
6279.742	0	3139871	standard_tone	sapo_emerge	standard	n/a	n/a	n/a	n/a	n/a
6280.758	0	3140379	standard_tone	sapo_emerge	standard	n/a	n/a	n/a	n/a	n/a
6281.774	0	3140887	standard_tone	sapo_emerge	standard	n/a	n/a	n/a	n/a	n/a
6282.774	0	3141387	standard_tone	sapo_emerge	standard	n/a	n/a	n/a	n/a	n/a
6283.788	0	3141894	standard_tone	sapo_emerge	standard	n/a	n/a	n/a	n/a	n/a
6284.804	0	3142402	standard_tone	sapo_emerge	standard	n/a	n/a	n/a	n/a	n/a
6285.820	0	3142910	standard_tone	sapo_emerge	standard	n/a	n/a	n/a	n/a	n/a
6286.836	0	3143418	standard_tone	sapo_emerge	standard	n/a	n/a	n/a	n/a	n/a
6287.852	0	3143926	distractor_noise	sapo_emerge	distractor	n/a	n/a	n/a	n/a	n/a
6288.868	0	3144434	oddball_tone	sapo_emerge	oddball	n/a	n/a	n/a	n/a	n/a
6289.884	0	3144942	standard_tone	sapo_emerge	standard	n/a	n/a	n/a	n/a	n/a
6290.898	0	3145449	oddball_tone	sapo_emerge	oddball	n/a	n/a	n/a	n/a	n/a
6291.914	0	3145957	standard_tone	sapo_emerge	standard	n/a	n/a	n/a	n/a	n/a
6292.930	0	3146465	oddball_tone	sapo_emerge	oddball	n/a	n/a	n/a	n/a	n/a
6293.946	0	3146973	standard_tone	sapo_emerge	standard	n/a	n/a	n/a	n/a	n/a
6294.962	0	3147481	standard_tone	sapo_emerge	standard	n/a	n/a	n/a	n/a	n/a
6295.978	0	3147989	standard_tone	sapo_emerge	standard	n/a	n/a	n/a	n/a	n/a
6296.994	0	3148497	standard_tone	sapo_emerge	standard	n/a	n/a	n/a	n/a	n/a
6298.010	0	3149005	standard_tone	sapo_emerge	standard	n/a	n/a	n/a	n/a	n/a
6299.026	0	3149513	standard_tone	sapo_emerge	standard	n/a	n/a	n/a	n/a	n/a
6300.042	0	3150021	standard_tone	sapo_emerge	standard	n/a	n/a	n/a	n/a	n/a
6301.058	0	3150529	standard_tone	sapo_emerge	standard	n/a	n/a	n/a	n/a	n/a
6302.072	0	3151036	standard_tone	sapo_emerge	standard	n/a	n/a	n/a	n/a	n/a
6303.088	0	3151544	standard_tone	sapo_emerge	standard	n/a	n/a	n/a	n/a	n/a
6304.104	0	3152052	distractor_noise	sapo_emerge	distractor	n/a	n/a	n/a	n/a	n/a
6305.120	0	3152560	standard_tone	sapo_emerge	standard	n/a	n/a	n/a	n/a	n/a
6306.120	0	3153060	standard_tone	sapo_emerge	standard	n/a	n/a	n/a	n/a	n/a
6307.136	0	3153568	standard_tone	sapo_emerge	standard	n/a	n/a	n/a	n/a	n/a
6308.152	0	3154076	standard_tone	sapo_emerge	standard	n/a	n/a	n/a	n/a	n/a
6309.168	0	3154584	distractor_noise	sapo_emerge	distractor	n/a	n/a	n/a	n/a	n/a
6310.182	0	3155091	standard_tone	sapo_emerge	standard	n/a	n/a	n/a	n/a	n/a
6311.200	0	3155600	standard_tone	sapo_emerge	standard	n/a	n/a	n/a	n/a	n/a
6312.214	0	3156107	standard_tone	sapo_emerge	standard	n/a	n/a	n/a	n/a	n/a
6313.230	0	3156615	standard_tone	sapo_emerge	standard	n/a	n/a	n/a	n/a	n/a
6314.246	0	3157123	oddball_tone	sapo_emerge	oddball	n/a	n/a	n/a	n/a	n/a
6315.246	0	3157623	standard_tone	sapo_emerge	standard	n/a	n/a	n/a	n/a	n/a
6316.262	0	3158131	standard_tone	sapo_emerge	standard	n/a	n/a	n/a	n/a	n/a
6317.278	0	3158639	standard_tone	sapo_emerge	standard	n/a	n/a	n/a	n/a	n/a
6318.292	0	3159146	standard_tone	sapo_emerge	standard	n/a	n/a	n/a	n/a	n/a
6319.308	0	3159654	distractor_noise	sapo_emerge	distractor	n/a	n/a	n/a	n/a	n/a
6320.324	0	3160162	standard_tone	sapo_emerge	standard	n/a	n/a	n/a	n/a	n/a
6321.340	0	3160670	standard_tone	sapo_emerge	standard	n/a	n/a	n/a	n/a	n/a
6322.356	0	3161178	standard_tone	sapo_emerge	standard	n/a	n/a	n/a	n/a	n/a
6323.372	0	3161686	distractor_noise	sapo_emerge	distractor	n/a	n/a	n/a	n/a	n/a
6324.388	0	3162194	standard_tone	sapo_emerge	standard	n/a	n/a	n/a	n/a	n/a
6325.404	0	3162702	standard_tone	sapo_emerge	standard	n/a	n/a	n/a	n/a	n/a
6326.420	0	3163210	oddball_tone	sapo_emerge	oddball	n/a	n/a	n/a	n/a	n/a
6327.418	0	3163709	standard_tone	sapo_emerge	standard	n/a	n/a	n/a	n/a	n/a
6328.434	0	3164217	oddball_tone	sapo_emerge	oddball	n/a	n/a	n/a	n/a	n/a
6329.450	0	3164725	standard_tone	sapo_emerge	standard	n/a	n/a	n/a	n/a	n/a
6330.466	0	3165233	standard_tone	sapo_emerge	standard	n/a	n/a	n/a	n/a	n/a
6331.482	0	3165741	oddball_tone	sapo_emerge	oddball	n/a	n/a	n/a	n/a	n/a
6332.498	0	3166249	standard_tone	sapo_emerge	standard	n/a	n/a	n/a	n/a	n/a
6333.514	0	3166757	standard_tone	sapo_emerge	standard	n/a	n/a	n/a	n/a	n/a
6334.530	0	3167265	standard_tone	sapo_emerge	standard	n/a	n/a	n/a	n/a	n/a
6335.546	0	3167773	standard_tone	sapo_emerge	standard	n/a	n/a	n/a	n/a	n/a
6336.344	0	3168172	silence_end	sapo_emerge	silence-end	n/a	n/a	n/a	n/a	n/a
6336.362	0	3168181	gong_begin	sapo_emerge	gong-begin	n/a	n/a	n/a	n/a	n/a
6336.560	0	3168280	standard_tone	sapo_emerge	standard	n/a	n/a	n/a	n/a	n/a
6337.576	0	3168788	standard_tone	sapo_emerge	standard	n/a	n/a	n/a	n/a	n/a
6338.592	0	3169296	oddball_tone	sapo_emerge	oddball	n/a	n/a	n/a	n/a	n/a
6339.608	0	3169804	standard_tone	sapo_emerge	standard	n/a	n/a	n/a	n/a	n/a
6340.624	0	3170312	standard_tone	sapo_emerge	standard	n/a	n/a	n/a	n/a	n/a
6341.640	0	3170820	distractor_noise	sapo_emerge	distractor	n/a	n/a	n/a	n/a	n/a
6342.656	0	3171328	standard_tone	sapo_emerge	standard	n/a	n/a	n/a	n/a	n/a
6343.672	0	3171836	standard_tone	sapo_emerge	standard	n/a	n/a	n/a	n/a	n/a
6344.688	0	3172344	distractor_noise	sapo_emerge	distractor	n/a	n/a	n/a	n/a	n/a
6345.704	0	3172852	standard_tone	sapo_emerge	standard	n/a	n/a	n/a	n/a	n/a
6346.486	0	3173243	gong_end	sapo_emerge	gong-end	n/a	n/a	n/a	n/a	n/a
6346.488	0	3173244	subblock_end	sapo_emerge	subblock-end-duration-126.628	n/a	n/a	n/a	126.628	n/a
6346.488	0	3173244	subblock_begin	sapo_emerge	subblock-begin	n/a	n/a	n/a	n/a	n/a
6346.488	0	3173244	silence_begin	sapo_emerge	silence-begin	n/a	n/a	n/a	n/a	n/a
6346.720	0	3173360	oddball_tone	sapo_emerge	oddball	n/a	n/a	n/a	n/a	n/a
6347.736	0	3173868	standard_tone	sapo_emerge	standard	n/a	n/a	n/a	n/a	n/a
6348.734	0	3174367	standard_tone	sapo_emerge	standard	n/a	n/a	n/a	n/a	n/a
6349.750	0	3174875	standard_tone	sapo_emerge	standard	n/a	n/a	n/a	n/a	n/a
6350.766	0	3175383	oddball_tone	sapo_emerge	oddball	n/a	n/a	n/a	n/a	n/a
6351.782	0	3175891	standard_tone	sapo_emerge	standard	n/a	n/a	n/a	n/a	n/a
6352.798	0	3176399	standard_tone	sapo_emerge	standard	n/a	n/a	n/a	n/a	n/a
6353.814	0	3176907	oddball_tone	sapo_emerge	oddball	n/a	n/a	n/a	n/a	n/a
6354.830	0	3177415	distractor_noise	sapo_emerge	distractor	n/a	n/a	n/a	n/a	n/a
6355.828	0	3177914	oddball_tone	sapo_emerge	oddball	n/a	n/a	n/a	n/a	n/a
6356.844	0	3178422	standard_tone	sapo_emerge	standard	n/a	n/a	n/a	n/a	n/a
6357.860	0	3178930	standard_tone	sapo_emerge	standard	n/a	n/a	n/a	n/a	n/a
6358.876	0	3179438	standard_tone	sapo_emerge	standard	n/a	n/a	n/a	n/a	n/a
6359.892	0	3179946	distractor_noise	sapo_emerge	distractor	n/a	n/a	n/a	n/a	n/a
6360.908	0	3180454	standard_tone	sapo_emerge	standard	n/a	n/a	n/a	n/a	n/a
6361.924	0	3180962	standard_tone	sapo_emerge	standard	n/a	n/a	n/a	n/a	n/a
6362.940	0	3181470	distractor_noise	sapo_emerge	distractor	n/a	n/a	n/a	n/a	n/a
6363.938	0	3181969	standard_tone	sapo_emerge	standard	n/a	n/a	n/a	n/a	n/a
6364.954	0	3182477	standard_tone	sapo_emerge	standard	n/a	n/a	n/a	n/a	n/a
6365.970	0	3182985	standard_tone	sapo_emerge	standard	n/a	n/a	n/a	n/a	n/a
6366.986	0	3183493	oddball_tone	sapo_emerge	oddball	n/a	n/a	n/a	n/a	n/a
6368.002	0	3184001	standard_tone	sapo_emerge	standard	n/a	n/a	n/a	n/a	n/a
6369.018	0	3184509	standard_tone	sapo_emerge	standard	n/a	n/a	n/a	n/a	n/a
6370.034	0	3185017	standard_tone	sapo_emerge	standard	n/a	n/a	n/a	n/a	n/a
6371.050	0	3185525	oddball_tone	sapo_emerge	oddball	n/a	n/a	n/a	n/a	n/a
6372.064	0	3186032	standard_tone	sapo_emerge	standard	n/a	n/a	n/a	n/a	n/a
6373.080	0	3186540	distractor_noise	sapo_emerge	distractor	n/a	n/a	n/a	n/a	n/a
6374.098	0	3187049	standard_tone	sapo_emerge	standard	n/a	n/a	n/a	n/a	n/a
6375.120	0	3187560	standard_tone	sapo_emerge	standard	n/a	n/a	n/a	n/a	n/a
6376.128	0	3188064	oddball_tone	sapo_emerge	oddball	n/a	n/a	n/a	n/a	n/a
6377.144	0	3188572	standard_tone	sapo_emerge	standard	n/a	n/a	n/a	n/a	n/a
6378.160	0	3189080	standard_tone	sapo_emerge	standard	n/a	n/a	n/a	n/a	n/a
6379.176	0	3189588	standard_tone	sapo_emerge	standard	n/a	n/a	n/a	n/a	n/a
6380.192	0	3190096	standard_tone	sapo_emerge	standard	n/a	n/a	n/a	n/a	n/a
6381.208	0	3190604	standard_tone	sapo_emerge	standard	n/a	n/a	n/a	n/a	n/a
6382.224	0	3191112	standard_tone	sapo_emerge	standard	n/a	n/a	n/a	n/a	n/a
6383.240	0	3191620	standard_tone	sapo_emerge	standard	n/a	n/a	n/a	n/a	n/a
6384.238	0	3192119	standard_tone	sapo_emerge	standard	n/a	n/a	n/a	n/a	n/a
6385.254	0	3192627	standard_tone	sapo_emerge	standard	n/a	n/a	n/a	n/a	n/a
6386.270	0	3193135	standard_tone	sapo_emerge	standard	n/a	n/a	n/a	n/a	n/a
6387.286	0	3193643	standard_tone	sapo_emerge	standard	n/a	n/a	n/a	n/a	n/a
6388.302	0	3194151	standard_tone	sapo_emerge	standard	n/a	n/a	n/a	n/a	n/a
6389.318	0	3194659	standard_tone	sapo_emerge	standard	n/a	n/a	n/a	n/a	n/a
6390.334	0	3195167	oddball_tone	sapo_emerge	oddball	n/a	n/a	n/a	n/a	n/a
6391.350	0	3195675	standard_tone	sapo_emerge	standard	n/a	n/a	n/a	n/a	n/a
6392.364	0	3196182	oddball_tone	sapo_emerge	oddball	n/a	n/a	n/a	n/a	n/a
6393.380	0	3196690	standard_tone	sapo_emerge	standard	n/a	n/a	n/a	n/a	n/a
6394.396	0	3197198	standard_tone	sapo_emerge	standard	n/a	n/a	n/a	n/a	n/a
6395.412	0	3197706	standard_tone	sapo_emerge	standard	n/a	n/a	n/a	n/a	n/a
6396.428	0	3198214	standard_tone	sapo_emerge	standard	n/a	n/a	n/a	n/a	n/a
6397.444	0	3198722	oddball_tone	sapo_emerge	oddball	n/a	n/a	n/a	n/a	n/a
6398.460	0	3199230	standard_tone	sapo_emerge	standard	n/a	n/a	n/a	n/a	n/a
6399.476	0	3199738	standard_tone	sapo_emerge	standard	n/a	n/a	n/a	n/a	n/a
6400.492	0	3200246	standard_tone	sapo_emerge	standard	n/a	n/a	n/a	n/a	n/a
6401.508	0	3200754	oddball_tone	sapo_emerge	oddball	n/a	n/a	n/a	n/a	n/a
6402.508	0	3201254	standard_tone	sapo_emerge	standard	n/a	n/a	n/a	n/a	n/a
6403.522	0	3201761	distractor_noise	sapo_emerge	distractor	n/a	n/a	n/a	n/a	n/a
6404.538	0	3202269	standard_tone	sapo_emerge	standard	n/a	n/a	n/a	n/a	n/a
6405.554	0	3202777	oddball_tone	sapo_emerge	oddball	n/a	n/a	n/a	n/a	n/a
6406.570	0	3203285	standard_tone	sapo_emerge	standard	n/a	n/a	n/a	n/a	n/a
6407.586	0	3203793	standard_tone	sapo_emerge	standard	n/a	n/a	n/a	n/a	n/a
6408.602	0	3204301	standard_tone	sapo_emerge	standard	n/a	n/a	n/a	n/a	n/a
6409.618	0	3204809	standard_tone	sapo_emerge	standard	n/a	n/a	n/a	n/a	n/a
6410.632	0	3205316	standard_tone	sapo_emerge	standard	n/a	n/a	n/a	n/a	n/a
6411.648	0	3205824	standard_tone	sapo_emerge	standard	n/a	n/a	n/a	n/a	n/a
6412.664	0	3206332	standard_tone	sapo_emerge	standard	n/a	n/a	n/a	n/a	n/a
6413.680	0	3206840	standard_tone	sapo_emerge	standard	n/a	n/a	n/a	n/a	n/a
6414.696	0	3207348	distractor_noise	sapo_emerge	distractor	n/a	n/a	n/a	n/a	n/a
6415.712	0	3207856	standard_tone	sapo_emerge	standard	n/a	n/a	n/a	n/a	n/a
6416.728	0	3208364	standard_tone	sapo_emerge	standard	n/a	n/a	n/a	n/a	n/a
6417.744	0	3208872	standard_tone	sapo_emerge	standard	n/a	n/a	n/a	n/a	n/a
6418.760	0	3209380	distractor_noise	sapo_emerge	distractor	n/a	n/a	n/a	n/a	n/a
6419.776	0	3209888	oddball_tone	sapo_emerge	oddball	n/a	n/a	n/a	n/a	n/a
6420.792	0	3210396	standard_tone	sapo_emerge	standard	n/a	n/a	n/a	n/a	n/a
6421.806	0	3210903	standard_tone	sapo_emerge	standard	n/a	n/a	n/a	n/a	n/a
6422.822	0	3211411	standard_tone	sapo_emerge	standard	n/a	n/a	n/a	n/a	n/a
6423.838	0	3211919	distractor_noise	sapo_emerge	distractor	n/a	n/a	n/a	n/a	n/a
6424.854	0	3212427	standard_tone	sapo_emerge	standard	n/a	n/a	n/a	n/a	n/a
6425.870	0	3212935	standard_tone	sapo_emerge	standard	n/a	n/a	n/a	n/a	n/a
6426.886	0	3213443	standard_tone	sapo_emerge	standard	n/a	n/a	n/a	n/a	n/a
6427.902	0	3213951	standard_tone	sapo_emerge	standard	n/a	n/a	n/a	n/a	n/a
6428.918	0	3214459	distractor_noise	sapo_emerge	distractor	n/a	n/a	n/a	n/a	n/a
6429.934	0	3214967	standard_tone	sapo_emerge	standard	n/a	n/a	n/a	n/a	n/a
6430.950	0	3215475	standard_tone	sapo_emerge	standard	n/a	n/a	n/a	n/a	n/a
6431.966	0	3215983	standard_tone	sapo_emerge	standard	n/a	n/a	n/a	n/a	n/a
6432.980	0	3216490	standard_tone	sapo_emerge	standard	n/a	n/a	n/a	n/a	n/a
6433.998	0	3216999	standard_tone	sapo_emerge	standard	n/a	n/a	n/a	n/a	n/a
6435.012	0	3217506	standard_tone	sapo_emerge	standard	n/a	n/a	n/a	n/a	n/a
6436.028	0	3218014	standard_tone	sapo_emerge	standard	n/a	n/a	n/a	n/a	n/a
6437.044	0	3218522	oddball_tone	sapo_emerge	oddball	n/a	n/a	n/a	n/a	n/a
6438.060	0	3219030	standard_tone	sapo_emerge	standard	n/a	n/a	n/a	n/a	n/a
6439.076	0	3219538	standard_tone	sapo_emerge	standard	n/a	n/a	n/a	n/a	n/a
6440.092	0	3220046	standard_tone	sapo_emerge	standard	n/a	n/a	n/a	n/a	n/a
6441.108	0	3220554	standard_tone	sapo_emerge	standard	n/a	n/a	n/a	n/a	n/a
6442.124	0	3221062	distractor_noise	sapo_emerge	distractor	n/a	n/a	n/a	n/a	n/a
6443.140	0	3221570	standard_tone	sapo_emerge	standard	n/a	n/a	n/a	n/a	n/a
6444.156	0	3222078	standard_tone	sapo_emerge	standard	n/a	n/a	n/a	n/a	n/a
6445.172	0	3222586	standard_tone	sapo_emerge	standard	n/a	n/a	n/a	n/a	n/a
6446.186	0	3223093	standard_tone	sapo_emerge	standard	n/a	n/a	n/a	n/a	n/a
6447.202	0	3223601	distractor_noise	sapo_emerge	distractor	n/a	n/a	n/a	n/a	n/a
6448.218	0	3224109	standard_tone	sapo_emerge	standard	n/a	n/a	n/a	n/a	n/a
6449.234	0	3224617	standard_tone	sapo_emerge	standard	n/a	n/a	n/a	n/a	n/a
6450.248	0	3225124	standard_tone	sapo_emerge	standard	n/a	n/a	n/a	n/a	n/a
6451.250	0	3225625	standard_tone	sapo_emerge	standard	n/a	n/a	n/a	n/a	n/a
6452.266	0	3226133	standard_tone	sapo_emerge	standard	n/a	n/a	n/a	n/a	n/a
6453.132	0	3226566	silence_end	sapo_emerge	silence-end	n/a	n/a	n/a	n/a	n/a
6453.132	0	3226566	gong_begin	sapo_emerge	gong-begin	n/a	n/a	n/a	n/a	n/a
6453.280	0	3226640	oddball_tone	sapo_emerge	oddball	n/a	n/a	n/a	n/a	n/a
6454.286	0	3227143	standard_tone	sapo_emerge	standard	n/a	n/a	n/a	n/a	n/a
6455.296	0	3227648	standard_tone	sapo_emerge	standard	n/a	n/a	n/a	n/a	n/a
6456.312	0	3228156	standard_tone	sapo_emerge	standard	n/a	n/a	n/a	n/a	n/a
6457.328	0	3228664	standard_tone	sapo_emerge	standard	n/a	n/a	n/a	n/a	n/a
6458.344	0	3229172	standard_tone	sapo_emerge	standard	n/a	n/a	n/a	n/a	n/a
6459.360	0	3229680	standard_tone	sapo_emerge	standard	n/a	n/a	n/a	n/a	n/a
6460.374	0	3230187	oddball_tone	sapo_emerge	oddball	n/a	n/a	n/a	n/a	n/a
6461.374	0	3230687	standard_tone	sapo_emerge	standard	n/a	n/a	n/a	n/a	n/a
6462.390	0	3231195	standard_tone	sapo_emerge	standard	n/a	n/a	n/a	n/a	n/a
6463.156	0	3231578	gong_end	sapo_emerge	gong-end	n/a	n/a	n/a	n/a	n/a
6463.158	0	3231579	subblock_end	sapo_emerge	subblock-end-duration-116.67	n/a	n/a	n/a	116.670	n/a
6463.158	0	3231579	subblock_begin	sapo_emerge	subblock-begin	n/a	n/a	n/a	n/a	n/a
6463.158	0	3231579	silence_begin	sapo_emerge	silence-begin	n/a	n/a	n/a	n/a	n/a
6463.406	0	3231703	standard_tone	sapo_emerge	standard	n/a	n/a	n/a	n/a	n/a
6464.422	0	3232211	standard_tone	sapo_emerge	standard	n/a	n/a	n/a	n/a	n/a
6465.438	0	3232719	oddball_tone	sapo_emerge	oddball	n/a	n/a	n/a	n/a	n/a
6466.454	0	3233227	standard_tone	sapo_emerge	standard	n/a	n/a	n/a	n/a	n/a
6467.470	0	3233735	standard_tone	sapo_emerge	standard	n/a	n/a	n/a	n/a	n/a
6468.484	0	3234242	standard_tone	sapo_emerge	standard	n/a	n/a	n/a	n/a	n/a
6469.500	0	3234750	standard_tone	sapo_emerge	standard	n/a	n/a	n/a	n/a	n/a
6470.516	0	3235258	standard_tone	sapo_emerge	standard	n/a	n/a	n/a	n/a	n/a
6471.532	0	3235766	standard_tone	sapo_emerge	standard	n/a	n/a	n/a	n/a	n/a
6472.532	0	3236266	oddball_tone	sapo_emerge	oddball	n/a	n/a	n/a	n/a	n/a
6473.548	0	3236774	standard_tone	sapo_emerge	standard	n/a	n/a	n/a	n/a	n/a
6474.564	0	3237282	standard_tone	sapo_emerge	standard	n/a	n/a	n/a	n/a	n/a
6475.580	0	3237790	distractor_noise	sapo_emerge	distractor	n/a	n/a	n/a	n/a	n/a
6476.596	0	3238298	standard_tone	sapo_emerge	standard	n/a	n/a	n/a	n/a	n/a
6477.610	0	3238805	standard_tone	sapo_emerge	standard	n/a	n/a	n/a	n/a	n/a
6478.626	0	3239313	standard_tone	sapo_emerge	standard	n/a	n/a	n/a	n/a	n/a
6479.642	0	3239821	standard_tone	sapo_emerge	standard	n/a	n/a	n/a	n/a	n/a
6480.658	0	3240329	distractor_noise	sapo_emerge	distractor	n/a	n/a	n/a	n/a	n/a
6481.674	0	3240837	standard_tone	sapo_emerge	standard	n/a	n/a	n/a	n/a	n/a
6482.690	0	3241345	standard_tone	sapo_emerge	standard	n/a	n/a	n/a	n/a	n/a
6483.706	0	3241853	standard_tone	sapo_emerge	standard	n/a	n/a	n/a	n/a	n/a
6484.722	0	3242361	standard_tone	sapo_emerge	standard	n/a	n/a	n/a	n/a	n/a
6485.738	0	3242869	standard_tone	sapo_emerge	standard	n/a	n/a	n/a	n/a	n/a
6486.754	0	3243377	standard_tone	sapo_emerge	standard	n/a	n/a	n/a	n/a	n/a
6487.770	0	3243885	standard_tone	sapo_emerge	standard	n/a	n/a	n/a	n/a	n/a
6488.784	0	3244392	oddball_tone	sapo_emerge	oddball	n/a	n/a	n/a	n/a	n/a
6489.800	0	3244900	standard_tone	sapo_emerge	standard	n/a	n/a	n/a	n/a	n/a
6490.816	0	3245408	standard_tone	sapo_emerge	standard	n/a	n/a	n/a	n/a	n/a
6491.832	0	3245916	standard_tone	sapo_emerge	standard	n/a	n/a	n/a	n/a	n/a
6492.848	0	3246424	standard_tone	sapo_emerge	standard	n/a	n/a	n/a	n/a	n/a
6493.864	0	3246932	standard_tone	sapo_emerge	standard	n/a	n/a	n/a	n/a	n/a
6494.880	0	3247440	standard_tone	sapo_emerge	standard	n/a	n/a	n/a	n/a	n/a
6495.896	0	3247948	standard_tone	sapo_emerge	standard	n/a	n/a	n/a	n/a	n/a
6496.912	0	3248456	oddball_tone	sapo_emerge	oddball	n/a	n/a	n/a	n/a	n/a
6497.928	0	3248964	standard_tone	sapo_emerge	standard	n/a	n/a	n/a	n/a	n/a
6498.944	0	3249472	standard_tone	sapo_emerge	standard	n/a	n/a	n/a	n/a	n/a
6499.958	0	3249979	standard_tone	sapo_emerge	standard	n/a	n/a	n/a	n/a	n/a
6500.974	0	3250487	standard_tone	sapo_emerge	standard	n/a	n/a	n/a	n/a	n/a
6501.990	0	3250995	distractor_noise	sapo_emerge	distractor	n/a	n/a	n/a	n/a	n/a
6503.006	0	3251503	standard_tone	sapo_emerge	standard	n/a	n/a	n/a	n/a	n/a
6504.022	0	3252011	standard_tone	sapo_emerge	standard	n/a	n/a	n/a	n/a	n/a
6505.038	0	3252519	standard_tone	sapo_emerge	standard	n/a	n/a	n/a	n/a	n/a
6506.054	0	3253027	standard_tone	sapo_emerge	standard	n/a	n/a	n/a	n/a	n/a
6507.070	0	3253535	standard_tone	sapo_emerge	standard	n/a	n/a	n/a	n/a	n/a
6508.086	0	3254043	distractor_noise	sapo_emerge	distractor	n/a	n/a	n/a	n/a	n/a
6509.102	0	3254551	standard_tone	sapo_emerge	standard	n/a	n/a	n/a	n/a	n/a
6510.118	0	3255059	oddball_tone	sapo_emerge	oddball	n/a	n/a	n/a	n/a	n/a
6511.134	0	3255567	standard_tone	sapo_emerge	standard	n/a	n/a	n/a	n/a	n/a
6512.148	0	3256074	standard_tone	sapo_emerge	standard	n/a	n/a	n/a	n/a	n/a
6513.164	0	3256582	standard_tone	sapo_emerge	standard	n/a	n/a	n/a	n/a	n/a
6514.180	0	3257090	standard_tone	sapo_emerge	standard	n/a	n/a	n/a	n/a	n/a
6515.196	0	3257598	standard_tone	sapo_emerge	standard	n/a	n/a	n/a	n/a	n/a
6516.212	0	3258106	standard_tone	sapo_emerge	standard	n/a	n/a	n/a	n/a	n/a
6517.228	0	3258614	standard_tone	sapo_emerge	standard	n/a	n/a	n/a	n/a	n/a
6518.244	0	3259122	standard_tone	sapo_emerge	standard	n/a	n/a	n/a	n/a	n/a
6519.260	0	3259630	standard_tone	sapo_emerge	standard	n/a	n/a	n/a	n/a	n/a
6520.276	0	3260138	standard_tone	sapo_emerge	standard	n/a	n/a	n/a	n/a	n/a
6521.292	0	3260646	oddball_tone	sapo_emerge	oddball	n/a	n/a	n/a	n/a	n/a
6522.306	0	3261153	standard_tone	sapo_emerge	standard	n/a	n/a	n/a	n/a	n/a
6523.322	0	3261661	standard_tone	sapo_emerge	standard	n/a	n/a	n/a	n/a	n/a
6524.338	0	3262169	standard_tone	sapo_emerge	standard	n/a	n/a	n/a	n/a	n/a
6525.338	0	3262669	standard_tone	sapo_emerge	standard	n/a	n/a	n/a	n/a	n/a
6526.354	0	3263177	distractor_noise	sapo_emerge	distractor	n/a	n/a	n/a	n/a	n/a
6527.370	0	3263685	standard_tone	sapo_emerge	standard	n/a	n/a	n/a	n/a	n/a
6528.386	0	3264193	standard_tone	sapo_emerge	standard	n/a	n/a	n/a	n/a	n/a
6529.402	0	3264701	standard_tone	sapo_emerge	standard	n/a	n/a	n/a	n/a	n/a
6530.416	0	3265208	standard_tone	sapo_emerge	standard	n/a	n/a	n/a	n/a	n/a
6531.432	0	3265716	standard_tone	sapo_emerge	standard	n/a	n/a	n/a	n/a	n/a
6532.448	0	3266224	standard_tone	sapo_emerge	standard	n/a	n/a	n/a	n/a	n/a
6533.464	0	3266732	standard_tone	sapo_emerge	standard	n/a	n/a	n/a	n/a	n/a
6534.480	0	3267240	standard_tone	sapo_emerge	standard	n/a	n/a	n/a	n/a	n/a
6535.496	0	3267748	standard_tone	sapo_emerge	standard	n/a	n/a	n/a	n/a	n/a
6536.512	0	3268256	oddball_tone	sapo_emerge	oddball	n/a	n/a	n/a	n/a	n/a
6537.528	0	3268764	standard_tone	sapo_emerge	standard	n/a	n/a	n/a	n/a	n/a
6538.544	0	3269272	standard_tone	sapo_emerge	standard	n/a	n/a	n/a	n/a	n/a
6539.560	0	3269780	distractor_noise	sapo_emerge	distractor	n/a	n/a	n/a	n/a	n/a
6540.576	0	3270288	standard_tone	sapo_emerge	standard	n/a	n/a	n/a	n/a	n/a
6541.590	0	3270795	standard_tone	sapo_emerge	standard	n/a	n/a	n/a	n/a	n/a
6542.592	0	3271296	standard_tone	sapo_emerge	standard	n/a	n/a	n/a	n/a	n/a
6543.606	0	3271803	standard_tone	sapo_emerge	standard	n/a	n/a	n/a	n/a	n/a
6544.622	0	3272311	standard_tone	sapo_emerge	standard	n/a	n/a	n/a	n/a	n/a
6545.638	0	3272819	standard_tone	sapo_emerge	standard	n/a	n/a	n/a	n/a	n/a
6546.654	0	3273327	standard_tone	sapo_emerge	standard	n/a	n/a	n/a	n/a	n/a
6547.670	0	3273835	standard_tone	sapo_emerge	standard	n/a	n/a	n/a	n/a	n/a
6548.686	0	3274343	distractor_noise	sapo_emerge	distractor	n/a	n/a	n/a	n/a	n/a
6549.702	0	3274851	standard_tone	sapo_emerge	standard	n/a	n/a	n/a	n/a	n/a
6550.716	0	3275358	standard_tone	sapo_emerge	standard	n/a	n/a	n/a	n/a	n/a
6551.732	0	3275866	standard_tone	sapo_emerge	standard	n/a	n/a	n/a	n/a	n/a
6552.748	0	3276374	standard_tone	sapo_emerge	standard	n/a	n/a	n/a	n/a	n/a
6553.764	0	3276882	distractor_noise	sapo_emerge	distractor	n/a	n/a	n/a	n/a	n/a
6554.780	0	3277390	standard_tone	sapo_emerge	standard	n/a	n/a	n/a	n/a	n/a
6555.796	0	3277898	standard_tone	sapo_emerge	standard	n/a	n/a	n/a	n/a	n/a
6556.812	0	3278406	standard_tone	sapo_emerge	standard	n/a	n/a	n/a	n/a	n/a
6557.828	0	3278914	standard_tone	sapo_emerge	standard	n/a	n/a	n/a	n/a	n/a
6558.844	0	3279422	standard_tone	sapo_emerge	standard	n/a	n/a	n/a	n/a	n/a
6559.860	0	3279930	oddball_tone	sapo_emerge	oddball	n/a	n/a	n/a	n/a	n/a
6560.874	0	3280437	standard_tone	sapo_emerge	standard	n/a	n/a	n/a	n/a	n/a
6561.890	0	3280945	distractor_noise	sapo_emerge	distractor	n/a	n/a	n/a	n/a	n/a
6562.906	0	3281453	standard_tone	sapo_emerge	standard	n/a	n/a	n/a	n/a	n/a
6563.922	0	3281961	standard_tone	sapo_emerge	standard	n/a	n/a	n/a	n/a	n/a
6564.938	0	3282469	standard_tone	sapo_emerge	standard	n/a	n/a	n/a	n/a	n/a
6565.954	0	3282977	standard_tone	sapo_emerge	standard	n/a	n/a	n/a	n/a	n/a
6566.970	0	3283485	standard_tone	sapo_emerge	standard	n/a	n/a	n/a	n/a	n/a
6567.986	0	3283993	standard_tone	sapo_emerge	standard	n/a	n/a	n/a	n/a	n/a
6569.002	0	3284501	standard_tone	sapo_emerge	standard	n/a	n/a	n/a	n/a	n/a
6570.018	0	3285009	oddball_tone	sapo_emerge	oddball	n/a	n/a	n/a	n/a	n/a
6571.034	0	3285517	standard_tone	sapo_emerge	standard	n/a	n/a	n/a	n/a	n/a
6572.050	0	3286025	standard_tone	sapo_emerge	standard	n/a	n/a	n/a	n/a	n/a
6573.048	0	3286524	distractor_noise	sapo_emerge	distractor	n/a	n/a	n/a	n/a	n/a
6574.064	0	3287032	standard_tone	sapo_emerge	standard	n/a	n/a	n/a	n/a	n/a
6575.080	0	3287540	standard_tone	sapo_emerge	standard	n/a	n/a	n/a	n/a	n/a
6576.096	0	3288048	standard_tone	sapo_emerge	standard	n/a	n/a	n/a	n/a	n/a
6577.112	0	3288556	standard_tone	sapo_emerge	standard	n/a	n/a	n/a	n/a	n/a
6578.128	0	3289064	standard_tone	sapo_emerge	standard	n/a	n/a	n/a	n/a	n/a
6579.144	0	3289572	oddball_tone	sapo_emerge	oddball	n/a	n/a	n/a	n/a	n/a
6580.160	0	3290080	standard_tone	sapo_emerge	standard	n/a	n/a	n/a	n/a	n/a
6581.176	0	3290588	oddball_tone	sapo_emerge	oddball	n/a	n/a	n/a	n/a	n/a
6581.892	0	3290946	silence_end	sapo_emerge	silence-end	n/a	n/a	n/a	n/a	n/a
6581.892	0	3290946	gong_begin	sapo_emerge	gong-begin	n/a	n/a	n/a	n/a	n/a
6582.190	0	3291095	standard_tone	sapo_emerge	standard	n/a	n/a	n/a	n/a	n/a
6583.206	0	3291603	standard_tone	sapo_emerge	standard	n/a	n/a	n/a	n/a	n/a
6584.222	0	3292111	standard_tone	sapo_emerge	standard	n/a	n/a	n/a	n/a	n/a
6585.238	0	3292619	distractor_noise	sapo_emerge	distractor	n/a	n/a	n/a	n/a	n/a
6586.254	0	3293127	standard_tone	sapo_emerge	standard	n/a	n/a	n/a	n/a	n/a
6587.254	0	3293627	standard_tone	sapo_emerge	standard	n/a	n/a	n/a	n/a	n/a
6588.268	0	3294134	standard_tone	sapo_emerge	standard	n/a	n/a	n/a	n/a	n/a
6589.284	0	3294642	standard_tone	sapo_emerge	standard	n/a	n/a	n/a	n/a	n/a
6590.300	0	3295150	distractor_noise	sapo_emerge	distractor	n/a	n/a	n/a	n/a	n/a
6591.316	0	3295658	standard_tone	sapo_emerge	standard	n/a	n/a	n/a	n/a	n/a
6591.934	0	3295967	gong_end	sapo_emerge	gong-end	n/a	n/a	n/a	n/a	n/a
6591.934	0	3295967	subblock_end	sapo_emerge	subblock-end-duration-128.776	n/a	n/a	n/a	128.776	n/a
6591.934	0	3295967	subblock_begin	sapo_emerge	subblock-begin	n/a	n/a	n/a	n/a	n/a
6591.934	0	3295967	silence_begin	sapo_emerge	silence-begin	n/a	n/a	n/a	n/a	n/a
6592.332	0	3296166	oddball_tone	sapo_emerge	oddball	n/a	n/a	n/a	n/a	n/a
6593.348	0	3296674	standard_tone	sapo_emerge	standard	n/a	n/a	n/a	n/a	n/a
6594.364	0	3297182	standard_tone	sapo_emerge	standard	n/a	n/a	n/a	n/a	n/a
6595.380	0	3297690	standard_tone	sapo_emerge	standard	n/a	n/a	n/a	n/a	n/a
6596.396	0	3298198	standard_tone	sapo_emerge	standard	n/a	n/a	n/a	n/a	n/a
6597.412	0	3298706	standard_tone	sapo_emerge	standard	n/a	n/a	n/a	n/a	n/a
6598.428	0	3299214	standard_tone	sapo_emerge	standard	n/a	n/a	n/a	n/a	n/a
6599.442	0	3299721	standard_tone	sapo_emerge	standard	n/a	n/a	n/a	n/a	n/a
6600.460	0	3300230	standard_tone	sapo_emerge	standard	n/a	n/a	n/a	n/a	n/a
6601.474	0	3300737	standard_tone	sapo_emerge	standard	n/a	n/a	n/a	n/a	n/a
6602.490	0	3301245	distractor_noise	sapo_emerge	distractor	n/a	n/a	n/a	n/a	n/a
6603.506	0	3301753	standard_tone	sapo_emerge	standard	n/a	n/a	n/a	n/a	n/a
6604.522	0	3302261	distractor_noise	sapo_emerge	distractor	n/a	n/a	n/a	n/a	n/a
6605.538	0	3302769	standard_tone	sapo_emerge	standard	n/a	n/a	n/a	n/a	n/a
6606.554	0	3303277	standard_tone	sapo_emerge	standard	n/a	n/a	n/a	n/a	n/a
6607.570	0	3303785	standard_tone	sapo_emerge	standard	n/a	n/a	n/a	n/a	n/a
6608.570	0	3304285	standard_tone	sapo_emerge	standard	n/a	n/a	n/a	n/a	n/a
6609.584	0	3304792	standard_tone	sapo_emerge	standard	n/a	n/a	n/a	n/a	n/a
6610.600	0	3305300	standard_tone	sapo_emerge	standard	n/a	n/a	n/a	n/a	n/a
6611.616	0	3305808	distractor_noise	sapo_emerge	distractor	n/a	n/a	n/a	n/a	n/a
6612.632	0	3306316	oddball_tone	sapo_emerge	oddball	n/a	n/a	n/a	n/a	n/a
6613.632	0	3306816	standard_tone	sapo_emerge	standard	n/a	n/a	n/a	n/a	n/a
6614.648	0	3307324	standard_tone	sapo_emerge	standard	n/a	n/a	n/a	n/a	n/a
6615.662	0	3307831	standard_tone	sapo_emerge	standard	n/a	n/a	n/a	n/a	n/a
6616.678	0	3308339	standard_tone	sapo_emerge	standard	n/a	n/a	n/a	n/a	n/a
6617.694	0	3308847	standard_tone	sapo_emerge	standard	n/a	n/a	n/a	n/a	n/a
6618.710	0	3309355	standard_tone	sapo_emerge	standard	n/a	n/a	n/a	n/a	n/a
6619.726	0	3309863	standard_tone	sapo_emerge	standard	n/a	n/a	n/a	n/a	n/a
6620.742	0	3310371	distractor_noise	sapo_emerge	distractor	n/a	n/a	n/a	n/a	n/a
6621.758	0	3310879	standard_tone	sapo_emerge	standard	n/a	n/a	n/a	n/a	n/a
6622.774	0	3311387	standard_tone	sapo_emerge	standard	n/a	n/a	n/a	n/a	n/a
6623.790	0	3311895	standard_tone	sapo_emerge	standard	n/a	n/a	n/a	n/a	n/a
6624.806	0	3312403	standard_tone	sapo_emerge	standard	n/a	n/a	n/a	n/a	n/a
6625.822	0	3312911	distractor_noise	sapo_emerge	distractor	n/a	n/a	n/a	n/a	n/a
6626.838	0	3313419	oddball_tone	sapo_emerge	oddball	n/a	n/a	n/a	n/a	n/a
6627.852	0	3313926	standard_tone	sapo_emerge	standard	n/a	n/a	n/a	n/a	n/a
6628.868	0	3314434	standard_tone	sapo_emerge	standard	n/a	n/a	n/a	n/a	n/a
6629.884	0	3314942	oddball_tone	sapo_emerge	oddball	n/a	n/a	n/a	n/a	n/a
6630.900	0	3315450	standard_tone	sapo_emerge	standard	n/a	n/a	n/a	n/a	n/a
6631.916	0	3315958	distractor_noise	sapo_emerge	distractor	n/a	n/a	n/a	n/a	n/a
6632.932	0	3316466	standard_tone	sapo_emerge	standard	n/a	n/a	n/a	n/a	n/a
6633.948	0	3316974	distractor_noise	sapo_emerge	distractor	n/a	n/a	n/a	n/a	n/a
6634.964	0	3317482	standard_tone	sapo_emerge	standard	n/a	n/a	n/a	n/a	n/a
6635.964	0	3317982	standard_tone	sapo_emerge	standard	n/a	n/a	n/a	n/a	n/a
6636.978	0	3318489	standard_tone	sapo_emerge	standard	n/a	n/a	n/a	n/a	n/a
6637.994	0	3318997	oddball_tone	sapo_emerge	oddball	n/a	n/a	n/a	n/a	n/a
6639.010	0	3319505	standard_tone	sapo_emerge	standard	n/a	n/a	n/a	n/a	n/a
6640.026	0	3320013	oddball_tone	sapo_emerge	oddball	n/a	n/a	n/a	n/a	n/a
6641.042	0	3320521	standard_tone	sapo_emerge	standard	n/a	n/a	n/a	n/a	n/a
6642.058	0	3321029	standard_tone	sapo_emerge	standard	n/a	n/a	n/a	n/a	n/a
6643.074	0	3321537	standard_tone	sapo_emerge	standard	n/a	n/a	n/a	n/a	n/a
6644.090	0	3322045	standard_tone	sapo_emerge	standard	n/a	n/a	n/a	n/a	n/a
6645.106	0	3322553	standard_tone	sapo_emerge	standard	n/a	n/a	n/a	n/a	n/a
6646.122	0	3323061	oddball_tone	sapo_emerge	oddball	n/a	n/a	n/a	n/a	n/a
6647.136	0	3323568	standard_tone	sapo_emerge	standard	n/a	n/a	n/a	n/a	n/a
6648.152	0	3324076	standard_tone	sapo_emerge	standard	n/a	n/a	n/a	n/a	n/a
6649.168	0	3324584	standard_tone	sapo_emerge	standard	n/a	n/a	n/a	n/a	n/a
6650.184	0	3325092	standard_tone	sapo_emerge	standard	n/a	n/a	n/a	n/a	n/a
6651.200	0	3325600	standard_tone	sapo_emerge	standard	n/a	n/a	n/a	n/a	n/a
6652.216	0	3326108	standard_tone	sapo_emerge	standard	n/a	n/a	n/a	n/a	n/a
6653.232	0	3326616	oddball_tone	sapo_emerge	oddball	n/a	n/a	n/a	n/a	n/a
6654.248	0	3327124	standard_tone	sapo_emerge	standard	n/a	n/a	n/a	n/a	n/a
6655.264	0	3327632	standard_tone	sapo_emerge	standard	n/a	n/a	n/a	n/a	n/a
6656.280	0	3328140	standard_tone	sapo_emerge	standard	n/a	n/a	n/a	n/a	n/a
6657.296	0	3328648	standard_tone	sapo_emerge	standard	n/a	n/a	n/a	n/a	n/a
6658.310	0	3329155	standard_tone	sapo_emerge	standard	n/a	n/a	n/a	n/a	n/a
6659.310	0	3329655	standard_tone	sapo_emerge	standard	n/a	n/a	n/a	n/a	n/a
6660.326	0	3330163	standard_tone	sapo_emerge	standard	n/a	n/a	n/a	n/a	n/a
6661.342	0	3330671	standard_tone	sapo_emerge	standard	n/a	n/a	n/a	n/a	n/a
6662.358	0	3331179	oddball_tone	sapo_emerge	oddball	n/a	n/a	n/a	n/a	n/a
6663.374	0	3331687	standard_tone	sapo_emerge	standard	n/a	n/a	n/a	n/a	n/a
6664.390	0	3332195	standard_tone	sapo_emerge	standard	n/a	n/a	n/a	n/a	n/a
6665.390	0	3332695	standard_tone	sapo_emerge	standard	n/a	n/a	n/a	n/a	n/a
6666.438	0	3333219	oddball_tone	sapo_emerge	oddball	n/a	n/a	n/a	n/a	n/a
6667.454	0	3333727	standard_tone	sapo_emerge	standard	n/a	n/a	n/a	n/a	n/a
6668.452	0	3334226	standard_tone	sapo_emerge	standard	n/a	n/a	n/a	n/a	n/a
6669.468	0	3334734	standard_tone	sapo_emerge	standard	n/a	n/a	n/a	n/a	n/a
6670.484	0	3335242	standard_tone	sapo_emerge	standard	n/a	n/a	n/a	n/a	n/a
6671.484	0	3335742	standard_tone	sapo_emerge	standard	n/a	n/a	n/a	n/a	n/a
6672.500	0	3336250	standard_tone	sapo_emerge	standard	n/a	n/a	n/a	n/a	n/a
6673.516	0	3336758	standard_tone	sapo_emerge	standard	n/a	n/a	n/a	n/a	n/a
6674.530	0	3337265	standard_tone	sapo_emerge	standard	n/a	n/a	n/a	n/a	n/a
6675.546	0	3337773	standard_tone	sapo_emerge	standard	n/a	n/a	n/a	n/a	n/a
6676.562	0	3338281	distractor_noise	sapo_emerge	distractor	n/a	n/a	n/a	n/a	n/a
6677.578	0	3338789	standard_tone	sapo_emerge	standard	n/a	n/a	n/a	n/a	n/a
6678.578	0	3339289	standard_tone	sapo_emerge	standard	n/a	n/a	n/a	n/a	n/a
6679.594	0	3339797	oddball_tone	sapo_emerge	oddball	n/a	n/a	n/a	n/a	n/a
6680.610	0	3340305	standard_tone	sapo_emerge	standard	n/a	n/a	n/a	n/a	n/a
6681.626	0	3340813	standard_tone	sapo_emerge	standard	n/a	n/a	n/a	n/a	n/a
6682.640	0	3341320	standard_tone	sapo_emerge	standard	n/a	n/a	n/a	n/a	n/a
6683.656	0	3341828	oddball_tone	sapo_emerge	oddball	n/a	n/a	n/a	n/a	n/a
6684.672	0	3342336	standard_tone	sapo_emerge	standard	n/a	n/a	n/a	n/a	n/a
6685.688	0	3342844	standard_tone	sapo_emerge	standard	n/a	n/a	n/a	n/a	n/a
6686.704	0	3343352	standard_tone	sapo_emerge	standard	n/a	n/a	n/a	n/a	n/a
6687.720	0	3343860	standard_tone	sapo_emerge	standard	n/a	n/a	n/a	n/a	n/a
6688.702	0	3344351	sapo_emerge_end	sapo_emerge	block-sapo-emerge-end	n/a	n/a	n/a	n/a	n/a
6688.704	0	3344352	block_duration	sapo_emerge	block-sapo-emerge-duration-2100	n/a	n/a	n/a	2100.000	n/a
6688.704	0	3344352	prompt_window_begin	sapo_emerge	probe-sapo-emerge-begin	n/a	n/a	n/a	n/a	n/a
6697.746	0	3348873	depth_rating	sapo_emerge	rating-sapo-emerge-meditation_depth-0	0	n/a	n/a	n/a	n/a
6707.920	0	3353960	confidence_rating	sapo_emerge	rating-sapo-emerge-confidence_depth-0	n/a	0	n/a	n/a	n/a
6709.152	0	3354576	prompt_window_end	sapo_emerge	probe-sapo-emerge-end	n/a	n/a	n/a	n/a	n/a
6709.154	0	3354577	break_begin	break	break-begin	n/a	n/a	n/a	n/a	n/a
6838.646	0	3419323	clicker_press	break	response-received-enter	n/a	n/a	n/a	n/a	enter
6838.660	0	3419330	break_end	break	break-end	n/a	n/a	n/a	n/a	n/a
6869.054	0	3434527	clicker_press	n/a	response-received-page_up	n/a	n/a	n/a	n/a	page_up
6869.086	0	3434543	post_meditation_begin	post_meditation	post-meditation-begin	n/a	n/a	n/a	n/a	n/a
7169.138	0	3584569	post_meditation_end	post_meditation	post-meditation-end	n/a	n/a	n/a	n/a	n/a
7169.138	0	3584569	prompt_window_begin	post_meditation	probe-post-meditation-begin	n/a	n/a	n/a	n/a	n/a
7175.850	0	3587925	clicker_press	n/a	response-received-page_up	n/a	n/a	n/a	n/a	page_up
7176.166	0	3588083	clicker_press	n/a	response-received-page_up	n/a	n/a	n/a	n/a	page_up
7178.198	0	3589099	depth_rating	post_meditation	rating-post-meditation-meditation_depth-2	2	n/a	n/a	n/a	n/a
7181.978	0	3590989	clicker_press	n/a	response-received-page_up	n/a	n/a	n/a	n/a	page_up
7182.260	0	3591130	clicker_press	n/a	response-received-page_up	n/a	n/a	n/a	n/a	page_up
7182.594	0	3591297	clicker_press	n/a	response-received-page_up	n/a	n/a	n/a	n/a	page_up
7182.960	0	3591480	clicker_press	n/a	response-received-page_up	n/a	n/a	n/a	n/a	page_up
7188.406	0	3594203	confidence_rating	post_meditation	rating-post-meditation-confidence_depth-4	n/a	4	n/a	n/a	n/a
7189.472	0	3594736	prompt_window_end	post_meditation	probe-post-meditation-end	n/a	n/a	n/a	n/a	n/a
7198.680	0	3599340	task_end	n/a	task-end	n/a	n/a	n/a	n/a	n/a
