onset	duration	sample	trial_type	block	value	depth	confidence	response_time	logged_duration	key
0.000	0	0	clicker_press	n/a	response-received-page_up	n/a	n/a	n/a	n/a	page_up
7.060	0	3530	clicker_press	n/a	response-received-page_up	n/a	n/a	n/a	n/a	page_up
13.388	0	6694	clicker_press	n/a	response-received-page_up	n/a	n/a	n/a	n/a	page_up
19.534	0	9767	clicker_press	n/a	response-received-page_up	n/a	n/a	n/a	n/a	page_up
27.976	0	13988	clicker_press	n/a	response-received-page_up	n/a	n/a	n/a	n/a	page_up
32.406	0	16203	clicker_press	n/a	response-received-page_up	n/a	n/a	n/a	n/a	page_up
38.950	0	19475	clicker_press	n/a	response-received-page_up	n/a	n/a	n/a	n/a	page_up
45.928	0	22964	clicker_press	n/a	response-received-page_up	n/a	n/a	n/a	n/a	page_up
45.998	0	22999	task_begin	n/a	task-begin	n/a	n/a	n/a	n/a	n/a
87.494	0	43747	clicker_press	n/a	response-received-page_up	n/a	n/a	n/a	n/a	page_up
87.626	0	43813	baseline_begin	baseline	baseline-begin	n/a	n/a	n/a	n/a	n/a
387.728	0	193864	baseline_end	baseline	baseline-end	n/a	n/a	n/a	n/a	n/a
446.214	0	223107	clicker_press	n/a	response-received-page_up	n/a	n/a	n/a	n/a	page_up
446.230	0	223115	pre_meditation_begin	pre_meditation	pre-meditation-begin	n/a	n/a	n/a	n/a	n/a
746.264	0	373132	pre_meditation_end	pre_meditation	pre-meditation-end	n/a	n/a	n/a	n/a	n/a
746.264	0	373132	prompt_window_begin	pre_meditation	probe-pre-meditation-begin	n/a	n/a	n/a	n/a	n/a
753.492	0	376746	clicker_press	n/a	response-received-page_up	n/a	n/a	n/a	n/a	page_up
754.440	0	377220	clicker_press	n/a	response-received-page_up	n/a	n/a	n/a	n/a	page_up
755.306	0	377653	depth_rating	pre_meditation	rating-pre-meditation-meditation_depth-2	2	n/a	n/a	n/a	n/a
761.568	0	380784	clicker_press	n/a	response-received-page_up	n/a	n/a	n/a	n/a	page_up
762.468	0	381234	clicker_press	n/a	response-received-page_up	n/a	n/a	n/a	n/a	page_up
763.284	0	381642	clicker_press	n/a	response-received-page_up	n/a	n/a	n/a	n/a	page_up
764.032	0	382016	clicker_press	n/a	response-received-page_up	n/a	n/a	n/a	n/a	page_up
765.414	0	382707	confidence_rating	pre_meditation	rating-pre-meditation-confidence_depth-4	n/a	4	n/a	n/a	n/a
766.448	0	383224	prompt_window_end	pre_meditation	probe-pre-meditation-end	n/a	n/a	n/a	n/a	n/a
853.892	0	426946	clicker_press	n/a	response-received-page_up	n/a	n/a	n/a	n/a	page_up
853.914	0	426957	sapo_probe_begin	sapo_probe	block-sapo-probe-begin	n/a	n/a	n/a	n/a	n/a
853.928	0	426964	subblock_begin	sapo_probe	subblock-begin	n/a	n/a	n/a	n/a	n/a
853.928	0	426964	silence_begin	sapo_probe	silence-begin	n/a	n/a	n/a	n/a	n/a
853.940	0	426970	oddball_tone	sapo_probe	oddball	n/a	n/a	n/a	n/a	n/a
854.940	0	427470	distractor_noise	sapo_probe	distractor	n/a	n/a	n/a	n/a	n/a
855.956	0	427978	standard_tone	sapo_probe	standard	n/a	n/a	n/a	n/a	n/a
856.972	0	428486	standard_tone	sapo_probe	standard	n/a	n/a	n/a	n/a	n/a
857.988	0	428994	oddball_tone	sapo_probe	oddball	n/a	n/a	n/a	n/a	n/a
859.004	0	429502	standard_tone	sapo_probe	standard	n/a	n/a	n/a	n/a	n/a
860.020	0	430010	standard_tone	sapo_probe	standard	n/a	n/a	n/a	n/a	n/a
861.036	0	430518	standard_tone	sapo_probe	standard	n/a	n/a	n/a	n/a	n/a
862.052	0	431026	standard_tone	sapo_probe	standard	n/a	n/a	n/a	n/a	n/a
863.066	0	431533	distractor_noise	sapo_probe	distractor	n/a	n/a	n/a	n/a	n/a
864.066	0	432033	oddball_tone	sapo_probe	oddball	n/a	n/a	n/a	n/a	n/a
865.082	0	432541	standard_tone	sapo_probe	standard	n/a	n/a	n/a	n/a	n/a
866.098	0	433049	standard_tone	sapo_probe	standard	n/a	n/a	n/a	n/a	n/a
867.114	0	433557	distractor_noise	sapo_probe	distractor	n/a	n/a	n/a	n/a	n/a
868.130	0	434065	standard_tone	sapo_probe	standard	n/a	n/a	n/a	n/a	n/a
869.146	0	434573	standard_tone	sapo_probe	standard	n/a	n/a	n/a	n/a	n/a
870.160	0	435080	standard_tone	sapo_probe	standard	n/a	n/a	n/a	n/a	n/a
871.176	0	435588	standard_tone	sapo_probe	standard	n/a	n/a	n/a	n/a	n/a
872.192	0	436096	standard_tone	sapo_probe	standard	n/a	n/a	n/a	n/a	n/a
873.208	0	436604	distractor_noise	sapo_probe	distractor	n/a	n/a	n/a	n/a	n/a
874.224	0	437112	standard_tone	sapo_probe	standard	n/a	n/a	n/a	n/a	n/a
875.240	0	437620	standard_tone	sapo_probe	standard	n/a	n/a	n/a	n/a	n/a
876.256	0	438128	standard_tone	sapo_probe	standard	n/a	n/a	n/a	n/a	n/a
877.272	0	438636	standard_tone	sapo_probe	standard	n/a	n/a	n/a	n/a	n/a
878.288	0	439144	standard_tone	sapo_probe	standard	n/a	n/a	n/a	n/a	n/a
879.338	0	439669	oddball_tone	sapo_probe	oddball	n/a	n/a	n/a	n/a	n/a
880.352	0	440176	standard_tone	sapo_probe	standard	n/a	n/a	n/a	n/a	n/a
881.352	0	440676	standard_tone	sapo_probe	standard	n/a	n/a	n/a	n/a	n/a
882.368	0	441184	standard_tone	sapo_probe	standard	n/a	n/a	n/a	n/a	n/a
883.384	0	441692	standard_tone	sapo_probe	standard	n/a	n/a	n/a	n/a	n/a
884.400	0	442200	standard_tone	sapo_probe	standard	n/a	n/a	n/a	n/a	n/a
885.416	0	442708	standard_tone	sapo_probe	standard	n/a	n/a	n/a	n/a	n/a
886.432	0	443216	distractor_noise	sapo_probe	distractor	n/a	n/a	n/a	n/a	n/a
887.446	0	443723	standard_tone	sapo_probe	standard	n/a	n/a	n/a	n/a	n/a
888.464	0	444232	standard_tone	sapo_probe	standard	n/a	n/a	n/a	n/a	n/a
889.478	0	444739	distractor_noise	sapo_probe	distractor	n/a	n/a	n/a	n/a	n/a
890.494	0	445247	standard_tone	sapo_probe	standard	n/a	n/a	n/a	n/a	n/a
891.510	0	445755	standard_tone	sapo_probe	standard	n/a	n/a	n/a	n/a	n/a
892.526	0	446263	standard_tone	sapo_probe	standard	n/a	n/a	n/a	n/a	n/a
893.542	0	446771	standard_tone	sapo_probe	standard	n/a	n/a	n/a	n/a	n/a
894.558	0	447279	standard_tone	sapo_probe	standard	n/a	n/a	n/a	n/a	n/a
895.574	0	447787	oddball_tone	sapo_probe	oddball	n/a	n/a	n/a	n/a	n/a
896.572	0	448286	distractor_noise	sapo_probe	distractor	n/a	n/a	n/a	n/a	n/a
897.588	0	448794	standard_tone	sapo_probe	standard	n/a	n/a	n/a	n/a	n/a
898.604	0	449302	distractor_noise	sapo_probe	distractor	n/a	n/a	n/a	n/a	n/a
899.620	0	449810	oddball_tone	sapo_probe	oddball	n/a	n/a	n/a	n/a	n/a
900.636	0	450318	standard_tone	sapo_probe	standard	n/a	n/a	n/a	n/a	n/a
901.652	0	450826	standard_tone	sapo_probe	standard	n/a	n/a	n/a	n/a	n/a
902.668	0	451334	distractor_noise	sapo_probe	distractor	n/a	n/a	n/a	n/a	n/a
903.684	0	451842	oddball_tone	sapo_probe	oddball	n/a	n/a	n/a	n/a	n/a
904.700	0	452350	standard_tone	sapo_probe	standard	n/a	n/a	n/a	n/a	n/a
905.716	0	452858	distractor_noise	sapo_probe	distractor	n/a	n/a	n/a	n/a	n/a
906.730	0	453365	oddball_tone	sapo_probe	oddball	n/a	n/a	n/a	n/a	n/a
907.746	0	453873	standard_tone	sapo_probe	standard	n/a	n/a	n/a	n/a	n/a
908.762	0	454381	standard_tone	sapo_probe	standard	n/a	n/a	n/a	n/a	n/a
909.778	0	454889	standard_tone	sapo_probe	standard	n/a	n/a	n/a	n/a	n/a
910.794	0	455397	standard_tone	sapo_probe	standard	n/a	n/a	n/a	n/a	n/a
911.810	0	455905	standard_tone	sapo_probe	standard	n/a	n/a	n/a	n/a	n/a
912.826	0	456413	standard_tone	sapo_probe	standard	n/a	n/a	n/a	n/a	n/a
913.842	0	456921	standard_tone	sapo_probe	standard	n/a	n/a	n/a	n/a	n/a
914.858	0	457429	standard_tone	sapo_probe	standard	n/a	n/a	n/a	n/a	n/a
915.874	0	457937	oddball_tone	sapo_probe	oddball	n/a	n/a	n/a	n/a	n/a
916.890	0	458445	standard_tone	sapo_probe	standard	n/a	n/a	n/a	n/a	n/a
917.906	0	458953	standard_tone	sapo_probe	standard	n/a	n/a	n/a	n/a	n/a
918.920	0	459460	standard_tone	sapo_probe	standard	n/a	n/a	n/a	n/a	n/a
919.936	0	459968	standard_tone	sapo_probe	standard	n/a	n/a	n/a	n/a	n/a
920.952	0	460476	standard_tone	sapo_probe	standard	n/a	n/a	n/a	n/a	n/a
921.968	0	460984	standard_tone	sapo_probe	standard	n/a	n/a	n/a	n/a	n/a
922.968	0	461484	distractor_noise	sapo_probe	distractor	n/a	n/a	n/a	n/a	n/a
923.984	0	461992	standard_tone	sapo_probe	standard	n/a	n/a	n/a	n/a	n/a
925.000	0	462500	standard_tone	sapo_probe	standard	n/a	n/a	n/a	n/a	n/a
926.014	0	463007	distractor_noise	sapo_probe	distractor	n/a	n/a	n/a	n/a	n/a
927.030	0	463515	standard_tone	sapo_probe	standard	n/a	n/a	n/a	n/a	n/a
928.046	0	464023	oddball_tone	sapo_probe	oddball	n/a	n/a	n/a	n/a	n/a
929.062	0	464531	standard_tone	sapo_probe	standard	n/a	n/a	n/a	n/a	n/a
930.078	0	465039	standard_tone	sapo_probe	standard	n/a	n/a	n/a	n/a	n/a
931.094	0	465547	standard_tone	sapo_probe	standard	n/a	n/a	n/a	n/a	n/a
932.110	0	466055	distractor_noise	sapo_probe	distractor	n/a	n/a	n/a	n/a	n/a
933.126	0	466563	standard_tone	sapo_probe	standard	n/a	n/a	n/a	n/a	n/a
934.142	0	467071	oddball_tone	sapo_probe	oddball	n/a	n/a	n/a	n/a	n/a
935.156	0	467578	standard_tone	sapo_probe	standard	n/a	n/a	n/a	n/a	n/a
936.174	0	468087	oddball_tone	sapo_probe	oddball	n/a	n/a	n/a	n/a	n/a
937.188	0	468594	standard_tone	sapo_probe	standard	n/a	n/a	n/a	n/a	n/a
938.204	0	469102	oddball_tone	sapo_probe	oddball	n/a	n/a	n/a	n/a	n/a
939.220	0	469610	standard_tone	sapo_probe	standard	n/a	n/a	n/a	n/a	n/a
940.236	0	470118	standard_tone	sapo_probe	standard	n/a	n/a	n/a	n/a	n/a
941.254	0	470627	standard_tone	sapo_probe	standard	n/a	n/a	n/a	n/a	n/a
942.268	0	471134	standard_tone	sapo_probe	standard	n/a	n/a	n/a	n/a	n/a
943.284	0	471642	standard_tone	sapo_probe	standard	n/a	n/a	n/a	n/a	n/a
944.300	0	472150	standard_tone	sapo_probe	standard	n/a	n/a	n/a	n/a	n/a
945.316	0	472658	standard_tone	sapo_probe	standard	n/a	n/a	n/a	n/a	n/a
946.332	0	473166	standard_tone	sapo_probe	standard	n/a	n/a	n/a	n/a	n/a
947.346	0	473673	standard_tone	sapo_probe	standard	n/a	n/a	n/a	n/a	n/a
948.362	0	474181	standard_tone	sapo_probe	standard	n/a	n/a	n/a	n/a	n/a
949.378	0	474689	standard_tone	sapo_probe	standard	n/a	n/a	n/a	n/a	n/a
950.394	0	475197	standard_tone	sapo_probe	standard	n/a	n/a	n/a	n/a	n/a
951.410	0	475705	standard_tone	sapo_probe	standard	n/a	n/a	n/a	n/a	n/a
952.426	0	476213	standard_tone	sapo_probe	standard	n/a	n/a	n/a	n/a	n/a
953.442	0	476721	standard_tone	sapo_probe	standard	n/a	n/a	n/a	n/a	n/a
954.458	0	477229	standard_tone	sapo_probe	standard	n/a	n/a	n/a	n/a	n/a
954.658	0	477329	silence_end	sapo_probe	silence-end	n/a	n/a	n/a	n/a	n/a
954.660	0	477330	subblock_end	sapo_probe	subblock-end-duration-100.732	n/a	n/a	n/a	100.732	n/a
954.660	0	477330	subblock_begin	sapo_probe	subblock-begin	n/a	n/a	n/a	n/a	n/a
954.660	0	477330	silence_begin	sapo_probe	silence-begin	n/a	n/a	n/a	n/a	n/a
955.474	0	477737	standard_tone	sapo_probe	standard	n/a	n/a	n/a	n/a	n/a
956.490	0	478245	standard_tone	sapo_probe	standard	n/a	n/a	n/a	n/a	n/a
957.488	0	478744	standard_tone	sapo_probe	standard	n/a	n/a	n/a	n/a	n/a
958.504	0	479252	standard_tone	sapo_probe	standard	n/a	n/a	n/a	n/a	n/a
959.520	0	479760	standard_tone	sapo_probe	standard	n/a	n/a	n/a	n/a	n/a
960.520	0	480260	standard_tone	sapo_probe	standard	n/a	n/a	n/a	n/a	n/a
961.534	0	480767	standard_tone	sapo_probe	standard	n/a	n/a	n/a	n/a	n/a
962.552	0	481276	standard_tone	sapo_probe	standard	n/a	n/a	n/a	n/a	n/a
963.566	0	481783	standard_tone	sapo_probe	standard	n/a	n/a	n/a	n/a	n/a
964.582	0	482291	oddball_tone	sapo_probe	oddball	n/a	n/a	n/a	n/a	n/a
965.598	0	482799	standard_tone	sapo_probe	standard	n/a	n/a	n/a	n/a	n/a
966.614	0	483307	standard_tone	sapo_probe	standard	n/a	n/a	n/a	n/a	n/a
967.630	0	483815	standard_tone	sapo_probe	standard	n/a	n/a	n/a	n/a	n/a
968.646	0	484323	standard_tone	sapo_probe	standard	n/a	n/a	n/a	n/a	n/a
969.646	0	484823	standard_tone	sapo_probe	standard	n/a	n/a	n/a	n/a	n/a
970.660	0	485330	standard_tone	sapo_probe	standard	n/a	n/a	n/a	n/a	n/a
971.676	0	485838	standard_tone	sapo_probe	standard	n/a	n/a	n/a	n/a	n/a
972.692	0	486346	standard_tone	sapo_probe	standard	n/a	n/a	n/a	n/a	n/a
973.708	0	486854	standard_tone	sapo_probe	standard	n/a	n/a	n/a	n/a	n/a
974.724	0	487362	distractor_noise	sapo_probe	distractor	n/a	n/a	n/a	n/a	n/a
975.740	0	487870	standard_tone	sapo_probe	standard	n/a	n/a	n/a	n/a	n/a
976.756	0	488378	standard_tone	sapo_probe	standard	n/a	n/a	n/a	n/a	n/a
977.772	0	488886	standard_tone	sapo_probe	standard	n/a	n/a	n/a	n/a	n/a
978.788	0	489394	standard_tone	sapo_probe	standard	n/a	n/a	n/a	n/a	n/a
979.804	0	489902	standard_tone	sapo_probe	standard	n/a	n/a	n/a	n/a	n/a
980.820	0	490410	standard_tone	sapo_probe	standard	n/a	n/a	n/a	n/a	n/a
981.836	0	490918	oddball_tone	sapo_probe	oddball	n/a	n/a	n/a	n/a	n/a
982.850	0	491425	standard_tone	sapo_probe	standard	n/a	n/a	n/a	n/a	n/a
983.866	0	491933	standard_tone	sapo_probe	standard	n/a	n/a	n/a	n/a	n/a
984.882	0	492441	standard_tone	sapo_probe	standard	n/a	n/a	n/a	n/a	n/a
985.898	0	492949	standard_tone	sapo_probe	standard	n/a	n/a	n/a	n/a	n/a
986.914	0	493457	standard_tone	sapo_probe	standard	n/a	n/a	n/a	n/a	n/a
987.930	0	493965	standard_tone	sapo_probe	standard	n/a	n/a	n/a	n/a	n/a
988.946	0	494473	standard_tone	sapo_probe	standard	n/a	n/a	n/a	n/a	n/a
989.962	0	494981	standard_tone	sapo_probe	standard	n/a	n/a	n/a	n/a	n/a
990.978	0	495489	standard_tone	sapo_probe	standard	n/a	n/a	n/a	n/a	n/a
991.994	0	495997	oddball_tone	sapo_probe	oddball	n/a	n/a	n/a	n/a	n/a
993.010	0	496505	standard_tone	sapo_probe	standard	n/a	n/a	n/a	n/a	n/a
994.026	0	497013	standard_tone	sapo_probe	standard	n/a	n/a	n/a	n/a	n/a
995.040	0	497520	standard_tone	sapo_probe	standard	n/a	n/a	n/a	n/a	n/a
996.040	0	498020	standard_tone	sapo_probe	standard	n/a	n/a	n/a	n/a	n/a
997.056	0	498528	standard_tone	sapo_probe	standard	n/a	n/a	n/a	n/a	n/a
998.072	0	499036	standard_tone	sapo_probe	standard	n/a	n/a	n/a	n/a	n/a
999.088	0	499544	oddball_tone	sapo_probe	oddball	n/a	n/a	n/a	n/a	n/a
1000.104	0	500052	distractor_noise	sapo_probe	distractor	n/a	n/a	n/a	n/a	n/a
1001.120	0	500560	standard_tone	sapo_probe	standard	n/a	n/a	n/a	n/a	n/a
1002.136	0	501068	distractor_noise	sapo_probe	distractor	n/a	n/a	n/a	n/a	n/a
1003.150	0	501575	oddball_tone	sapo_probe	oddball	n/a	n/a	n/a	n/a	n/a
1004.166	0	502083	standard_tone	sapo_probe	standard	n/a	n/a	n/a	n/a	n/a
1005.182	0	502591	standard_tone	sapo_probe	standard	n/a	n/a	n/a	n/a	n/a
1006.198	0	503099	standard_tone	sapo_probe	standard	n/a	n/a	n/a	n/a	n/a
1007.214	0	503607	standard_tone	sapo_probe	standard	n/a	n/a	n/a	n/a	n/a
1008.230	0	504115	standard_tone	sapo_probe	standard	n/a	n/a	n/a	n/a	n/a
1009.246	0	504623	distractor_noise	sapo_probe	distractor	n/a	n/a	n/a	n/a	n/a
1010.262	0	505131	standard_tone	sapo_probe	standard	n/a	n/a	n/a	n/a	n/a
1011.262	0	505631	standard_tone	sapo_probe	standard	n/a	n/a	n/a	n/a	n/a
1012.276	0	506138	distractor_noise	sapo_probe	distractor	n/a	n/a	n/a	n/a	n/a
1013.292	0	506646	standard_tone	sapo_probe	standard	n/a	n/a	n/a	n/a	n/a
1014.308	0	507154	oddball_tone	sapo_probe	oddball	n/a	n/a	n/a	n/a	n/a
1015.324	0	507662	standard_tone	sapo_probe	standard	n/a	n/a	n/a	n/a	n/a
1016.340	0	508170	standard_tone	sapo_probe	standard	n/a	n/a	n/a	n/a	n/a
1017.356	0	508678	standard_tone	sapo_probe	standard	n/a	n/a	n/a	n/a	n/a
1018.372	0	509186	distractor_noise	sapo_probe	distractor	n/a	n/a	n/a	n/a	n/a
1019.388	0	509694	standard_tone	sapo_probe	standard	n/a	n/a	n/a	n/a	n/a
1020.404	0	510202	standard_tone	sapo_probe	standard	n/a	n/a	n/a	n/a	n/a
1021.418	0	510709	standard_tone	sapo_probe	standard	n/a	n/a	n/a	n/a	n/a
1022.436	0	511218	standard_tone	sapo_probe	standard	n/a	n/a	n/a	n/a	n/a
1023.450	0	511725	standard_tone	sapo_probe	standard	n/a	n/a	n/a	n/a	n/a
1024.450	0	512225	standard_tone	sapo_probe	standard	n/a	n/a	n/a	n/a	n/a
1025.466	0	512733	standard_tone	sapo_probe	standard	n/a	n/a	n/a	n/a	n/a
1026.482	0	513241	standard_tone	sapo_probe	standard	n/a	n/a	n/a	n/a	n/a
1027.498	0	513749	standard_tone	sapo_probe	standard	n/a	n/a	n/a	n/a	n/a
1028.496	0	514248	standard_tone	sapo_probe	standard	n/a	n/a	n/a	n/a	n/a
1029.512	0	514756	standard_tone	sapo_probe	standard	n/a	n/a	n/a	n/a	n/a
1030.512	0	515256	standard_tone	sapo_probe	standard	n/a	n/a	n/a	n/a	n/a
1031.528	0	515764	standard_tone	sapo_probe	standard	n/a	n/a	n/a	n/a	n/a
1032.544	0	516272	distractor_noise	sapo_probe	distractor	n/a	n/a	n/a	n/a	n/a
1033.560	0	516780	standard_tone	sapo_probe	standard	n/a	n/a	n/a	n/a	n/a
1034.574	0	517287	standard_tone	sapo_probe	standard	n/a	n/a	n/a	n/a	n/a
1035.590	0	517795	standard_tone	sapo_probe	standard	n/a	n/a	n/a	n/a	n/a
1036.606	0	518303	distractor_noise	sapo_probe	distractor	n/a	n/a	n/a	n/a	n/a
1037.622	0	518811	standard_tone	sapo_probe	standard	n/a	n/a	n/a	n/a	n/a
1038.638	0	519319	oddball_tone	sapo_probe	oddball	n/a	n/a	n/a	n/a	n/a
1039.654	0	519827	standard_tone	sapo_probe	standard	n/a	n/a	n/a	n/a	n/a
1040.670	0	520335	standard_tone	sapo_probe	standard	n/a	n/a	n/a	n/a	n/a
1041.686	0	520843	standard_tone	sapo_probe	standard	n/a	n/a	n/a	n/a	n/a
1041.936	0	520968	prompt_window_begin	sapo_probe	probe-sapo-probe-begin	n/a	n/a	n/a	n/a	n/a
1048.480	0	524240	clicker_press	sapo_probe	response-received-page_up	n/a	n/a	n/a	n/a	page_up
1049.130	0	524565	clicker_press	sapo_probe	response-received-page_up	n/a	n/a	n/a	n/a	page_up
1049.862	0	524931	clicker_press	sapo_probe	response-received-page_up	n/a	n/a	n/a	n/a	page_up
1051.096	0	525548	depth_rating	sapo_probe	rating-sapo-probe-meditation_depth-3	3	n/a	n/a	n/a	n/a
1057.124	0	528562	clicker_press	sapo_probe	response-received-page_up	n/a	n/a	n/a	n/a	page_up
1057.722	0	528861	clicker_press	sapo_probe	response-received-page_up	n/a	n/a	n/a	n/a	page_up
1058.372	0	529186	clicker_press	sapo_probe	response-received-page_up	n/a	n/a	n/a	n/a	page_up
1061.254	0	530627	confidence_rating	sapo_probe	rating-sapo-probe-confidence_depth-3	n/a	3	n/a	n/a	n/a
1064.832	0	532416	prompt_window_end	sapo_probe	probe-sapo-probe-end	n/a	n/a	n/a	n/a	n/a
1064.850	0	532425	distractor_noise	sapo_probe	distractor	n/a	n/a	n/a	n/a	n/a
1065.866	0	532933	oddball_tone	sapo_probe	oddball	n/a	n/a	n/a	n/a	n/a
1066.882	0	533441	standard_tone	sapo_probe	standard	n/a	n/a	n/a	n/a	n/a
1067.898	0	533949	standard_tone	sapo_probe	standard	n/a	n/a	n/a	n/a	n/a
1068.896	0	534448	standard_tone	sapo_probe	standard	n/a	n/a	n/a	n/a	n/a
1069.912	0	534956	standard_tone	sapo_probe	standard	n/a	n/a	n/a	n/a	n/a
1070.928	0	535464	standard_tone	sapo_probe	standard	n/a	n/a	n/a	n/a	n/a
1071.944	0	535972	standard_tone	sapo_probe	standard	n/a	n/a	n/a	n/a	n/a
1072.960	0	536480	standard_tone	sapo_probe	standard	n/a	n/a	n/a	n/a	n/a
1073.976	0	536988	standard_tone	sapo_probe	standard	n/a	n/a	n/a	n/a	n/a
1074.992	0	537496	standard_tone	sapo_probe	standard	n/a	n/a	n/a	n/a	n/a
1076.008	0	538004	oddball_tone	sapo_probe	oddball	n/a	n/a	n/a	n/a	n/a
1077.022	0	538511	standard_tone	sapo_probe	standard	n/a	n/a	n/a	n/a	n/a
1078.038	0	539019	standard_tone	sapo_probe	standard	n/a	n/a	n/a	n/a	n/a
1079.054	0	539527	oddball_tone	sapo_probe	oddball	n/a	n/a	n/a	n/a	n/a
1080.054	0	540027	standard_tone	sapo_probe	standard	n/a	n/a	n/a	n/a	n/a
1081.070	0	540535	standard_tone	sapo_probe	standard	n/a	n/a	n/a	n/a	n/a
1082.086	0	541043	standard_tone	sapo_probe	standard	n/a	n/a	n/a	n/a	n/a
1083.102	0	541551	oddball_tone	sapo_probe	oddball	n/a	n/a	n/a	n/a	n/a
1084.118	0	542059	standard_tone	sapo_probe	standard	n/a	n/a	n/a	n/a	n/a
1085.134	0	542567	standard_tone	sapo_probe	standard	n/a	n/a	n/a	n/a	n/a
1086.148	0	543074	standard_tone	sapo_probe	standard	n/a	n/a	n/a	n/a	n/a
1087.164	0	543582	standard_tone	sapo_probe	standard	n/a	n/a	n/a	n/a	n/a
1088.166	0	544083	oddball_tone	sapo_probe	oddball	n/a	n/a	n/a	n/a	n/a
1089.180	0	544590	standard_tone	sapo_probe	standard	n/a	n/a	n/a	n/a	n/a
1090.196	0	545098	standard_tone	sapo_probe	standard	n/a	n/a	n/a	n/a	n/a
1090.446	0	545223	silence_end	sapo_probe	silence-end	n/a	n/a	n/a	n/a	n/a
1090.448	0	545224	subblock_end	sapo_probe	subblock-end-duration-135.788	n/a	n/a	n/a	135.788	n/a
1090.448	0	545224	subblock_begin	sapo_probe	subblock-begin	n/a	n/a	n/a	n/a	n/a
1090.448	0	545224	silence_begin	sapo_probe	silence-begin	n/a	n/a	n/a	n/a	n/a
1091.212	0	545606	standard_tone	sapo_probe	standard	n/a	n/a	n/a	n/a	n/a
1092.226	0	546113	standard_tone	sapo_probe	standard	n/a	n/a	n/a	n/a	n/a
1093.226	0	546613	standard_tone	sapo_probe	standard	n/a	n/a	n/a	n/a	n/a
1094.242	0	547121	distractor_noise	sapo_probe	distractor	n/a	n/a	n/a	n/a	n/a
1095.258	0	547629	standard_tone	sapo_probe	standard	n/a	n/a	n/a	n/a	n/a
1096.274	0	548137	standard_tone	sapo_probe	standard	n/a	n/a	n/a	n/a	n/a
1097.290	0	548645	standard_tone	sapo_probe	standard	n/a	n/a	n/a	n/a	n/a
1098.306	0	549153	standard_tone	sapo_probe	standard	n/a	n/a	n/a	n/a	n/a
1099.322	0	549661	distractor_noise	sapo_probe	distractor	n/a	n/a	n/a	n/a	n/a
1100.336	0	550168	standard_tone	sapo_probe	standard	n/a	n/a	n/a	n/a	n/a
1101.352	0	550676	standard_tone	sapo_probe	standard	n/a	n/a	n/a	n/a	n/a
1102.368	0	551184	standard_tone	sapo_probe	standard	n/a	n/a	n/a	n/a	n/a
1103.384	0	551692	standard_tone	sapo_probe	standard	n/a	n/a	n/a	n/a	n/a
1104.400	0	552200	standard_tone	sapo_probe	standard	n/a	n/a	n/a	n/a	n/a
1105.416	0	552708	oddball_tone	sapo_probe	oddball	n/a	n/a	n/a	n/a	n/a
1106.432	0	553216	standard_tone	sapo_probe	standard	n/a	n/a	n/a	n/a	n/a
1107.448	0	553724	standard_tone	sapo_probe	standard	n/a	n/a	n/a	n/a	n/a
1108.446	0	554223	oddball_tone	sapo_probe	oddball	n/a	n/a	n/a	n/a	n/a
1109.462	0	554731	standard_tone	sapo_probe	standard	n/a	n/a	n/a	n/a	n/a
1110.496	0	555248	standard_tone	sapo_probe	standard	n/a	n/a	n/a	n/a	n/a
1111.512	0	555756	standard_tone	sapo_probe	standard	n/a	n/a	n/a	n/a	n/a
1112.526	0	556263	standard_tone	sapo_probe	standard	n/a	n/a	n/a	n/a	n/a
1113.542	0	556771	standard_tone	sapo_probe	standard	n/a	n/a	n/a	n/a	n/a
1114.558	0	557279	standard_tone	sapo_probe	standard	n/a	n/a	n/a	n/a	n/a
1115.574	0	557787	standard_tone	sapo_probe	standard	n/a	n/a	n/a	n/a	n/a
1116.590	0	558295	oddball_tone	sapo_probe	oddball	n/a	n/a	n/a	n/a	n/a
1117.606	0	558803	standard_tone	sapo_probe	standard	n/a	n/a	n/a	n/a	n/a
1118.622	0	559311	standard_tone	sapo_probe	standard	n/a	n/a	n/a	n/a	n/a
1119.638	0	559819	standard_tone	sapo_probe	standard	n/a	n/a	n/a	n/a	n/a
1120.654	0	560327	standard_tone	sapo_probe	standard	n/a	n/a	n/a	n/a	n/a
1121.670	0	560835	standard_tone	sapo_probe	standard	n/a	n/a	n/a	n/a	n/a
1122.686	0	561343	standard_tone	sapo_probe	standard	n/a	n/a	n/a	n/a	n/a
1123.700	0	561850	standard_tone	sapo_probe	standard	n/a	n/a	n/a	n/a	n/a
1124.718	0	562359	standard_tone	sapo_probe	standard	n/a	n/a	n/a	n/a	n/a
1125.732	0	562866	standard_tone	sapo_probe	standard	n/a	n/a	n/a	n/a	n/a
1126.732	0	563366	standard_tone	sapo_probe	standard	n/a	n/a	n/a	n/a	n/a
1127.748	0	563874	standard_tone	sapo_probe	standard	n/a	n/a	n/a	n/a	n/a
1128.764	0	564382	standard_tone	sapo_probe	standard	n/a	n/a	n/a	n/a	n/a
1129.780	0	564890	oddball_tone	sapo_probe	oddball	n/a	n/a	n/a	n/a	n/a
1130.794	0	565397	distractor_noise	sapo_probe	distractor	n/a	n/a	n/a	n/a	n/a
1131.810	0	565905	standard_tone	sapo_probe	standard	n/a	n/a	n/a	n/a	n/a
1132.828	0	566414	oddball_tone	sapo_probe	oddball	n/a	n/a	n/a	n/a	n/a
1133.842	0	566921	standard_tone	sapo_probe	standard	n/a	n/a	n/a	n/a	n/a
1134.842	0	567421	standard_tone	sapo_probe	standard	n/a	n/a	n/a	n/a	n/a
1135.858	0	567929	standard_tone	sapo_probe	standard	n/a	n/a	n/a	n/a	n/a
1136.856	0	568428	oddball_tone	sapo_probe	oddball	n/a	n/a	n/a	n/a	n/a
1137.872	0	568936	distractor_noise	sapo_probe	distractor	n/a	n/a	n/a	n/a	n/a
1138.888	0	569444	standard_tone	sapo_probe	standard	n/a	n/a	n/a	n/a	n/a
1139.904	0	569952	standard_tone	sapo_probe	standard	n/a	n/a	n/a	n/a	n/a
1140.920	0	570460	standard_tone	sapo_probe	standard	n/a	n/a	n/a	n/a	n/a
1141.936	0	570968	distractor_noise	sapo_probe	distractor	n/a	n/a	n/a	n/a	n/a
1142.952	0	571476	standard_tone	sapo_probe	standard	n/a	n/a	n/a	n/a	n/a
1143.968	0	571984	standard_tone	sapo_probe	standard	n/a	n/a	n/a	n/a	n/a
1144.982	0	572491	standard_tone	sapo_probe	standard	n/a	n/a	n/a	n/a	n/a
1145.982	0	572991	standard_tone	sapo_probe	standard	n/a	n/a	n/a	n/a	n/a
1146.998	0	573499	standard_tone	sapo_probe	standard	n/a	n/a	n/a	n/a	n/a
1148.014	0	574007	standard_tone	sapo_probe	standard	n/a	n/a	n/a	n/a	n/a
1149.030	0	574515	standard_tone	sapo_probe	standard	n/a	n/a	n/a	n/a	n/a
1150.046	0	575023	standard_tone	sapo_probe	standard	n/a	n/a	n/a	n/a	n/a
1151.062	0	575531	standard_tone	sapo_probe	standard	n/a	n/a	n/a	n/a	n/a
1152.078	0	576039	standard_tone	sapo_probe	standard	n/a	n/a	n/a	n/a	n/a
1153.094	0	576547	standard_tone	sapo_probe	standard	n/a	n/a	n/a	n/a	n/a
1154.108	0	577054	standard_tone	sapo_probe	standard	n/a	n/a	n/a	n/a	n/a
1155.126	0	577563	standard_tone	sapo_probe	standard	n/a	n/a	n/a	n/a	n/a
1156.140	0	578070	distractor_noise	sapo_probe	distractor	n/a	n/a	n/a	n/a	n/a
1157.156	0	578578	standard_tone	sapo_probe	standard	n/a	n/a	n/a	n/a	n/a
1158.172	0	579086	standard_tone	sapo_probe	standard	n/a	n/a	n/a	n/a	n/a
1159.188	0	579594	standard_tone	sapo_probe	standard	n/a	n/a	n/a	n/a	n/a
1160.204	0	580102	standard_tone	sapo_probe	standard	n/a	n/a	n/a	n/a	n/a
1161.220	0	580610	standard_tone	sapo_probe	standard	n/a	n/a	n/a	n/a	n/a
1162.220	0	581110	standard_tone	sapo_probe	standard	n/a	n/a	n/a	n/a	n/a
1163.234	0	581617	oddball_tone	sapo_probe	oddball	n/a	n/a	n/a	n/a	n/a
1164.250	0	582125	distractor_noise	sapo_probe	distractor	n/a	n/a	n/a	n/a	n/a
1165.266	0	582633	oddball_tone	sapo_probe	oddball	n/a	n/a	n/a	n/a	n/a
1166.282	0	583141	standard_tone	sapo_probe	standard	n/a	n/a	n/a	n/a	n/a
1167.298	0	583649	standard_tone	sapo_probe	standard	n/a	n/a	n/a	n/a	n/a
1168.314	0	584157	standard_tone	sapo_probe	standard	n/a	n/a	n/a	n/a	n/a
1169.330	0	584665	standard_tone	sapo_probe	standard	n/a	n/a	n/a	n/a	n/a
1170.346	0	585173	oddball_tone	sapo_probe	oddball	n/a	n/a	n/a	n/a	n/a
1171.362	0	585681	standard_tone	sapo_probe	standard	n/a	n/a	n/a	n/a	n/a
1172.378	0	586189	standard_tone	sapo_probe	standard	n/a	n/a	n/a	n/a	n/a
1173.394	0	586697	standard_tone	sapo_probe	standard	n/a	n/a	n/a	n/a	n/a
1174.408	0	587204	standard_tone	sapo_probe	standard	n/a	n/a	n/a	n/a	n/a
1175.424	0	587712	standard_tone	sapo_probe	standard	n/a	n/a	n/a	n/a	n/a
1176.440	0	588220	standard_tone	sapo_probe	standard	n/a	n/a	n/a	n/a	n/a
1177.456	0	588728	standard_tone	sapo_probe	standard	n/a	n/a	n/a	n/a	n/a
1178.472	0	589236	standard_tone	sapo_probe	standard	n/a	n/a	n/a	n/a	n/a
1179.488	0	589744	standard_tone	sapo_probe	standard	n/a	n/a	n/a	n/a	n/a
1180.504	0	590252	standard_tone	sapo_probe	standard	n/a	n/a	n/a	n/a	n/a
1181.520	0	590760	standard_tone	sapo_probe	standard	n/a	n/a	n/a	n/a	n/a
1182.536	0	591268	standard_tone	sapo_probe	standard	n/a	n/a	n/a	n/a	n/a
1183.552	0	591776	standard_tone	sapo_probe	standard	n/a	n/a	n/a	n/a	n/a
1184.568	0	592284	standard_tone	sapo_probe	standard	n/a	n/a	n/a	n/a	n/a
1185.584	0	592792	standard_tone	sapo_probe	standard	n/a	n/a	n/a	n/a	n/a
1186.600	0	593300	standard_tone	sapo_probe	standard	n/a	n/a	n/a	n/a	n/a
1187.614	0	593807	standard_tone	sapo_probe	standard	n/a	n/a	n/a	n/a	n/a
1188.614	0	594307	standard_tone	sapo_probe	standard	n/a	n/a	n/a	n/a	n/a
1189.630	0	594815	distractor_noise	sapo_probe	distractor	n/a	n/a	n/a	n/a	n/a
1190.646	0	595323	standard_tone	sapo_probe	standard	n/a	n/a	n/a	n/a	n/a
1191.660	0	595830	standard_tone	sapo_probe	standard	n/a	n/a	n/a	n/a	n/a
1192.676	0	596338	standard_tone	sapo_probe	standard	n/a	n/a	n/a	n/a	n/a
1193.692	0	596846	standard_tone	sapo_probe	standard	n/a	n/a	n/a	n/a	n/a
1194.708	0	597354	standard_tone	sapo_probe	standard	n/a	n/a	n/a	n/a	n/a
1195.724	0	597862	standard_tone	sapo_probe	standard	n/a	n/a	n/a	n/a	n/a
1196.724	0	598362	standard_tone	sapo_probe	standard	n/a	n/a	n/a	n/a	n/a
1197.740	0	598870	standard_tone	sapo_probe	standard	n/a	n/a	n/a	n/a	n/a
1198.756	0	599378	oddball_tone	sapo_probe	oddball	n/a	n/a	n/a	n/a	n/a
1199.772	0	599886	standard_tone	sapo_probe	standard	n/a	n/a	n/a	n/a	n/a
1200.788	0	600394	standard_tone	sapo_probe	standard	n/a	n/a	n/a	n/a	n/a
1201.802	0	600901	standard_tone	sapo_probe	standard	n/a	n/a	n/a	n/a	n/a
1202.818	0	601409	standard_tone	sapo_probe	standard	n/a	n/a	n/a	n/a	n/a
1203.818	0	601909	standard_tone	sapo_probe	standard	n/a	n/a	n/a	n/a	n/a
1204.834	0	602417	oddball_tone	sapo_probe	oddball	n/a	n/a	n/a	n/a	n/a
1205.850	0	602925	standard_tone	sapo_probe	standard	n/a	n/a	n/a	n/a	n/a
1205.934	0	602967	silence_end	sapo_probe	silence-end	n/a	n/a	n/a	n/a	n/a
1205.934	0	602967	gong_begin	sapo_probe	gong-begin	n/a	n/a	n/a	n/a	n/a
1216.074	0	608037	gong_end	sapo_probe	gong-end	n/a	n/a	n/a	n/a	n/a
1216.076	0	608038	subblock_end	sapo_probe	subblock-end-duration-125.627	n/a	n/a	n/a	125.627	n/a
1216.076	0	608038	subblock_begin	sapo_probe	subblock-begin	n/a	n/a	n/a	n/a	n/a
1216.076	0	608038	silence_begin	sapo_probe	silence-begin	n/a	n/a	n/a	n/a	n/a
1216.076	0	608038	standard_tone	sapo_probe	standard	n/a	n/a	n/a	n/a	n/a
1217.090	0	608545	standard_tone	sapo_probe	standard	n/a	n/a	n/a	n/a	n/a
1218.106	0	609053	standard_tone	sapo_probe	standard	n/a	n/a	n/a	n/a	n/a
1219.106	0	609553	standard_tone	sapo_probe	standard	n/a	n/a	n/a	n/a	n/a
1220.120	0	610060	standard_tone	sapo_probe	standard	n/a	n/a	n/a	n/a	n/a
1221.120	0	610560	standard_tone	sapo_probe	standard	n/a	n/a	n/a	n/a	n/a
1222.136	0	611068	distractor_noise	sapo_probe	distractor	n/a	n/a	n/a	n/a	n/a
1223.152	0	611576	standard_tone	sapo_probe	standard	n/a	n/a	n/a	n/a	n/a
1224.152	0	612076	oddball_tone	sapo_probe	oddball	n/a	n/a	n/a	n/a	n/a
1225.166	0	612583	standard_tone	sapo_probe	standard	n/a	n/a	n/a	n/a	n/a
1226.182	0	613091	standard_tone	sapo_probe	standard	n/a	n/a	n/a	n/a	n/a
1227.198	0	613599	standard_tone	sapo_probe	standard	n/a	n/a	n/a	n/a	n/a
1228.214	0	614107	standard_tone	sapo_probe	standard	n/a	n/a	n/a	n/a	n/a
1229.230	0	614615	distractor_noise	sapo_probe	distractor	n/a	n/a	n/a	n/a	n/a
1230.246	0	615123	standard_tone	sapo_probe	standard	n/a	n/a	n/a	n/a	n/a
1231.262	0	615631	oddball_tone	sapo_probe	oddball	n/a	n/a	n/a	n/a	n/a
1232.278	0	616139	standard_tone	sapo_probe	standard	n/a	n/a	n/a	n/a	n/a
1233.278	0	616639	standard_tone	sapo_probe	standard	n/a	n/a	n/a	n/a	n/a
1234.294	0	617147	distractor_noise	sapo_probe	distractor	n/a	n/a	n/a	n/a	n/a
1235.308	0	617654	standard_tone	sapo_probe	standard	n/a	n/a	n/a	n/a	n/a
1236.324	0	618162	standard_tone	sapo_probe	standard	n/a	n/a	n/a	n/a	n/a
1237.340	0	618670	standard_tone	sapo_probe	standard	n/a	n/a	n/a	n/a	n/a
1238.356	0	619178	oddball_tone	sapo_probe	oddball	n/a	n/a	n/a	n/a	n/a
1239.372	0	619686	standard_tone	sapo_probe	standard	n/a	n/a	n/a	n/a	n/a
1240.388	0	620194	standard_tone	sapo_probe	standard	n/a	n/a	n/a	n/a	n/a
1241.404	0	620702	oddball_tone	sapo_probe	oddball	n/a	n/a	n/a	n/a	n/a
1242.420	0	621210	standard_tone	sapo_probe	standard	n/a	n/a	n/a	n/a	n/a
1243.436	0	621718	standard_tone	sapo_probe	standard	n/a	n/a	n/a	n/a	n/a
1244.450	0	622225	standard_tone	sapo_probe	standard	n/a	n/a	n/a	n/a	n/a
1245.466	0	622733	standard_tone	sapo_probe	standard	n/a	n/a	n/a	n/a	n/a
1246.482	0	623241	standard_tone	sapo_probe	standard	n/a	n/a	n/a	n/a	n/a
1247.498	0	623749	standard_tone	sapo_probe	standard	n/a	n/a	n/a	n/a	n/a
1248.514	0	624257	standard_tone	sapo_probe	standard	n/a	n/a	n/a	n/a	n/a
1249.530	0	624765	standard_tone	sapo_probe	standard	n/a	n/a	n/a	n/a	n/a
1250.546	0	625273	standard_tone	sapo_probe	standard	n/a	n/a	n/a	n/a	n/a
1251.562	0	625781	oddball_tone	sapo_probe	oddball	n/a	n/a	n/a	n/a	n/a
1252.578	0	626289	standard_tone	sapo_probe	standard	n/a	n/a	n/a	n/a	n/a
1253.594	0	626797	standard_tone	sapo_probe	standard	n/a	n/a	n/a	n/a	n/a
1254.610	0	627305	standard_tone	sapo_probe	standard	n/a	n/a	n/a	n/a	n/a
1254.860	0	627430	prompt_window_begin	sapo_probe	probe-sapo-probe-begin	n/a	n/a	n/a	n/a	n/a
1261.154	0	630577	clicker_press	sapo_probe	response-received-page_up	n/a	n/a	n/a	n/a	page_up
1261.820	0	630910	clicker_press	sapo_probe	response-received-page_up	n/a	n/a	n/a	n/a	page_up
1262.336	0	631168	clicker_press	sapo_probe	response-received-page_up	n/a	n/a	n/a	n/a	page_up
1262.852	0	631426	clicker_press	sapo_probe	response-received-page_up	n/a	n/a	n/a	n/a	page_up
1263.902	0	631951	depth_rating	sapo_probe	rating-sapo-probe-meditation_depth-4	4	n/a	n/a	n/a	n/a
1269.864	0	634932	clicker_press	sapo_probe	response-received-page_up	n/a	n/a	n/a	n/a	page_up
1270.430	0	635215	clicker_press	sapo_probe	response-received-page_up	n/a	n/a	n/a	n/a	page_up
1271.046	0	635523	clicker_press	sapo_probe	response-received-page_up	n/a	n/a	n/a	n/a	page_up
1271.762	0	635881	clicker_press	sapo_probe	response-received-page_up	n/a	n/a	n/a	n/a	page_up
1273.994	0	636997	confidence_rating	sapo_probe	rating-sapo-probe-confidence_depth-4	n/a	4	n/a	n/a	n/a
1277.440	0	638720	prompt_window_end	sapo_probe	probe-sapo-probe-end	n/a	n/a	n/a	n/a	n/a
1277.458	0	638729	standard_tone	sapo_probe	standard	n/a	n/a	n/a	n/a	n/a
1278.458	0	639229	oddball_tone	sapo_probe	oddball	n/a	n/a	n/a	n/a	n/a
1279.472	0	639736	standard_tone	sapo_probe	standard	n/a	n/a	n/a	n/a	n/a
1280.488	0	640244	standard_tone	sapo_probe	standard	n/a	n/a	n/a	n/a	n/a
1281.504	0	640752	standard_tone	sapo_probe	standard	n/a	n/a	n/a	n/a	n/a
1282.520	0	641260	standard_tone	sapo_probe	standard	n/a	n/a	n/a	n/a	n/a
1283.536	0	641768	standard_tone	sapo_probe	standard	n/a	n/a	n/a	n/a	n/a
1284.550	0	642275	standard_tone	sapo_probe	standard	n/a	n/a	n/a	n/a	n/a
1285.566	0	642783	standard_tone	sapo_probe	standard	n/a	n/a	n/a	n/a	n/a
1286.582	0	643291	standard_tone	sapo_probe	standard	n/a	n/a	n/a	n/a	n/a
1287.598	0	643799	standard_tone	sapo_probe	standard	n/a	n/a	n/a	n/a	n/a
1288.614	0	644307	standard_tone	sapo_probe	standard	n/a	n/a	n/a	n/a	n/a
1289.614	0	644807	standard_tone	sapo_probe	standard	n/a	n/a	n/a	n/a	n/a
1290.628	0	645314	standard_tone	sapo_probe	standard	n/a	n/a	n/a	n/a	n/a
1291.644	0	645822	standard_tone	sapo_probe	standard	n/a	n/a	n/a	n/a	n/a
1292.660	0	646330	standard_tone	sapo_probe	standard	n/a	n/a	n/a	n/a	n/a
1293.660	0	646830	distractor_noise	sapo_probe	distractor	n/a	n/a	n/a	n/a	n/a
1294.676	0	647338	standard_tone	sapo_probe	standard	n/a	n/a	n/a	n/a	n/a
1295.692	0	647846	standard_tone	sapo_probe	standard	n/a	n/a	n/a	n/a	n/a
1296.708	0	648354	oddball_tone	sapo_probe	oddball	n/a	n/a	n/a	n/a	n/a
1297.724	0	648862	standard_tone	sapo_probe	standard	n/a	n/a	n/a	n/a	n/a
1298.740	0	649370	standard_tone	sapo_probe	standard	n/a	n/a	n/a	n/a	n/a
1299.754	0	649877	standard_tone	sapo_probe	standard	n/a	n/a	n/a	n/a	n/a
1300.770	0	650385	standard_tone	sapo_probe	standard	n/a	n/a	n/a	n/a	n/a
1301.786	0	650893	distractor_noise	sapo_probe	distractor	n/a	n/a	n/a	n/a	n/a
1302.802	0	651401	standard_tone	sapo_probe	standard	n/a	n/a	n/a	n/a	n/a
1303.818	0	651909	distractor_noise	sapo_probe	distractor	n/a	n/a	n/a	n/a	n/a
1304.834	0	652417	standard_tone	sapo_probe	standard	n/a	n/a	n/a	n/a	n/a
1305.850	0	652925	standard_tone	sapo_probe	standard	n/a	n/a	n/a	n/a	n/a
1306.866	0	653433	standard_tone	sapo_probe	standard	n/a	n/a	n/a	n/a	n/a
1307.882	0	653941	standard_tone	sapo_probe	standard	n/a	n/a	n/a	n/a	n/a
1308.898	0	654449	standard_tone	sapo_probe	standard	n/a	n/a	n/a	n/a	n/a
1309.914	0	654957	standard_tone	sapo_probe	standard	n/a	n/a	n/a	n/a	n/a
1310.930	0	655465	standard_tone	sapo_probe	standard	n/a	n/a	n/a	n/a	n/a
1311.944	0	655972	standard_tone	sapo_probe	standard	n/a	n/a	n/a	n/a	n/a
1312.944	0	656472	standard_tone	sapo_probe	standard	n/a	n/a	n/a	n/a	n/a
1313.958	0	656979	standard_tone	sapo_probe	standard	n/a	n/a	n/a	n/a	n/a
1314.958	0	657479	standard_tone	sapo_probe	standard	n/a	n/a	n/a	n/a	n/a
1315.974	0	657987	standard_tone	sapo_probe	standard	n/a	n/a	n/a	n/a	n/a
1316.990	0	658495	standard_tone	sapo_probe	standard	n/a	n/a	n/a	n/a	n/a
1318.006	0	659003	standard_tone	sapo_probe	standard	n/a	n/a	n/a	n/a	n/a
1319.022	0	659511	standard_tone	sapo_probe	standard	n/a	n/a	n/a	n/a	n/a
1320.038	0	660019	standard_tone	sapo_probe	standard	n/a	n/a	n/a	n/a	n/a
1321.054	0	660527	standard_tone	sapo_probe	standard	n/a	n/a	n/a	n/a	n/a
1322.070	0	661035	standard_tone	sapo_probe	standard	n/a	n/a	n/a	n/a	n/a
1323.086	0	661543	standard_tone	sapo_probe	standard	n/a	n/a	n/a	n/a	n/a
1324.102	0	662051	standard_tone	sapo_probe	standard	n/a	n/a	n/a	n/a	n/a
1325.118	0	662559	standard_tone	sapo_probe	standard	n/a	n/a	n/a	n/a	n/a
1326.134	0	663067	standard_tone	sapo_probe	standard	n/a	n/a	n/a	n/a	n/a
1327.150	0	663575	oddball_tone	sapo_probe	oddball	n/a	n/a	n/a	n/a	n/a
1328.164	0	664082	standard_tone	sapo_probe	standard	n/a	n/a	n/a	n/a	n/a
1329.180	0	664590	standard_tone	sapo_probe	standard	n/a	n/a	n/a	n/a	n/a
1330.182	0	665091	standard_tone	sapo_probe	standard	n/a	n/a	n/a	n/a	n/a
1331.196	0	665598	distractor_noise	sapo_probe	distractor	n/a	n/a	n/a	n/a	n/a
1332.212	0	666106	standard_tone	sapo_probe	standard	n/a	n/a	n/a	n/a	n/a
1333.228	0	666614	standard_tone	sapo_probe	standard	n/a	n/a	n/a	n/a	n/a
1334.244	0	667122	standard_tone	sapo_probe	standard	n/a	n/a	n/a	n/a	n/a
1335.258	0	667629	distractor_noise	sapo_probe	distractor	n/a	n/a	n/a	n/a	n/a
1336.258	0	668129	standard_tone	sapo_probe	standard	n/a	n/a	n/a	n/a	n/a
1337.274	0	668637	oddball_tone	sapo_probe	oddball	n/a	n/a	n/a	n/a	n/a
1338.290	0	669145	standard_tone	sapo_probe	standard	n/a	n/a	n/a	n/a	n/a
1339.290	0	669645	standard_tone	sapo_probe	standard	n/a	n/a	n/a	n/a	n/a
1340.304	0	670152	standard_tone	sapo_probe	standard	n/a	n/a	n/a	n/a	n/a
1341.320	0	670660	standard_tone	sapo_probe	standard	n/a	n/a	n/a	n/a	n/a
1342.336	0	671168	standard_tone	sapo_probe	standard	n/a	n/a	n/a	n/a	n/a
1343.352	0	671676	standard_tone	sapo_probe	standard	n/a	n/a	n/a	n/a	n/a
1344.368	0	672184	standard_tone	sapo_probe	standard	n/a	n/a	n/a	n/a	n/a
1345.384	0	672692	standard_tone	sapo_probe	standard	n/a	n/a	n/a	n/a	n/a
1346.400	0	673200	standard_tone	sapo_probe	standard	n/a	n/a	n/a	n/a	n/a
1347.416	0	673708	standard_tone	sapo_probe	standard	n/a	n/a	n/a	n/a	n/a
1348.432	0	674216	standard_tone	sapo_probe	standard	n/a	n/a	n/a	n/a	n/a
1349.446	0	674723	standard_tone	sapo_probe	standard	n/a	n/a	n/a	n/a	n/a
1350.462	0	675231	standard_tone	sapo_probe	standard	n/a	n/a	n/a	n/a	n/a
1351.478	0	675739	standard_tone	sapo_probe	standard	n/a	n/a	n/a	n/a	n/a
1352.494	0	676247	standard_tone	sapo_probe	standard	n/a	n/a	n/a	n/a	n/a
1353.510	0	676755	standard_tone	sapo_probe	standard	n/a	n/a	n/a	n/a	n/a
1354.512	0	677256	standard_tone	sapo_probe	standard	n/a	n/a	n/a	n/a	n/a
1355.526	0	677763	standard_tone	sapo_probe	standard	n/a	n/a	n/a	n/a	n/a
1355.942	0	677971	silence_end	sapo_probe	silence-end	n/a	n/a	n/a	n/a	n/a
1355.942	0	677971	gong_begin	sapo_probe	gong-begin	n/a	n/a	n/a	n/a	n/a
1366.050	0	683025	gong_end	sapo_probe	gong-end	n/a	n/a	n/a	n/a	n/a
1366.052	0	683026	subblock_end	sapo_probe	subblock-end-duration-149.977	n/a	n/a	n/a	149.977	n/a
1366.052	0	683026	subblock_begin	sapo_probe	subblock-begin	n/a	n/a	n/a	n/a	n/a
1366.052	0	683026	silence_begin	sapo_probe	silence-begin	n/a	n/a	n/a	n/a	n/a
1366.054	0	683027	distractor_noise	sapo_probe	distractor	n/a	n/a	n/a	n/a	n/a
1367.066	0	683533	standard_tone	sapo_probe	standard	n/a	n/a	n/a	n/a	n/a
1368.082	0	684041	standard_tone	sapo_probe	standard	n/a	n/a	n/a	n/a	n/a
1369.098	0	684549	standard_tone	sapo_probe	standard	n/a	n/a	n/a	n/a	n/a
1370.114	0	685057	standard_tone	sapo_probe	standard	n/a	n/a	n/a	n/a	n/a
1371.130	0	685565	standard_tone	sapo_probe	standard	n/a	n/a	n/a	n/a	n/a
1372.144	0	686072	distractor_noise	sapo_probe	distractor	n/a	n/a	n/a	n/a	n/a
1373.160	0	686580	standard_tone	sapo_probe	standard	n/a	n/a	n/a	n/a	n/a
1374.176	0	687088	standard_tone	sapo_probe	standard	n/a	n/a	n/a	n/a	n/a
1375.192	0	687596	standard_tone	sapo_probe	standard	n/a	n/a	n/a	n/a	n/a
1376.208	0	688104	standard_tone	sapo_probe	standard	n/a	n/a	n/a	n/a	n/a
1377.224	0	688612	oddball_tone	sapo_probe	oddball	n/a	n/a	n/a	n/a	n/a
1378.240	0	689120	standard_tone	sapo_probe	standard	n/a	n/a	n/a	n/a	n/a
1379.256	0	689628	standard_tone	sapo_probe	standard	n/a	n/a	n/a	n/a	n/a
1380.272	0	690136	standard_tone	sapo_probe	standard	n/a	n/a	n/a	n/a	n/a
1381.288	0	690644	standard_tone	sapo_probe	standard	n/a	n/a	n/a	n/a	n/a
1382.302	0	691151	distractor_noise	sapo_probe	distractor	n/a	n/a	n/a	n/a	n/a
1383.302	0	691651	standard_tone	sapo_probe	standard	n/a	n/a	n/a	n/a	n/a
1384.318	0	692159	standard_tone	sapo_probe	standard	n/a	n/a	n/a	n/a	n/a
1385.318	0	692659	standard_tone	sapo_probe	standard	n/a	n/a	n/a	n/a	n/a
1386.334	0	693167	distractor_noise	sapo_probe	distractor	n/a	n/a	n/a	n/a	n/a
1387.348	0	693674	standard_tone	sapo_probe	standard	n/a	n/a	n/a	n/a	n/a
1388.364	0	694182	oddball_tone	sapo_probe	oddball	n/a	n/a	n/a	n/a	n/a
1389.380	0	694690	standard_tone	sapo_probe	standard	n/a	n/a	n/a	n/a	n/a
1390.396	0	695198	oddball_tone	sapo_probe	oddball	n/a	n/a	n/a	n/a	n/a
1391.412	0	695706	standard_tone	sapo_probe	standard	n/a	n/a	n/a	n/a	n/a
1392.430	0	696215	standard_tone	sapo_probe	standard	n/a	n/a	n/a	n/a	n/a
1393.444	0	696722	standard_tone	sapo_probe	standard	n/a	n/a	n/a	n/a	n/a
1394.460	0	697230	standard_tone	sapo_probe	standard	n/a	n/a	n/a	n/a	n/a
1395.476	0	697738	standard_tone	sapo_probe	standard	n/a	n/a	n/a	n/a	n/a
1396.492	0	698246	standard_tone	sapo_probe	standard	n/a	n/a	n/a	n/a	n/a
1397.508	0	698754	standard_tone	sapo_probe	standard	n/a	n/a	n/a	n/a	n/a
1398.524	0	699262	distractor_noise	sapo_probe	distractor	n/a	n/a	n/a	n/a	n/a
1399.538	0	699769	standard_tone	sapo_probe	standard	n/a	n/a	n/a	n/a	n/a
1400.554	0	700277	standard_tone	sapo_probe	standard	n/a	n/a	n/a	n/a	n/a
1401.570	0	700785	standard_tone	sapo_probe	standard	n/a	n/a	n/a	n/a	n/a
1402.586	0	701293	standard_tone	sapo_probe	standard	n/a	n/a	n/a	n/a	n/a
1403.602	0	701801	standard_tone	sapo_probe	standard	n/a	n/a	n/a	n/a	n/a
1404.618	0	702309	standard_tone	sapo_probe	standard	n/a	n/a	n/a	n/a	n/a
1405.634	0	702817	oddball_tone	sapo_probe	oddball	n/a	n/a	n/a	n/a	n/a
1406.650	0	703325	standard_tone	sapo_probe	standard	n/a	n/a	n/a	n/a	n/a
1407.666	0	703833	standard_tone	sapo_probe	standard	n/a	n/a	n/a	n/a	n/a
1408.684	0	704342	distractor_noise	sapo_probe	distractor	n/a	n/a	n/a	n/a	n/a
1409.698	0	704849	standard_tone	sapo_probe	standard	n/a	n/a	n/a	n/a	n/a
1410.698	0	705349	standard_tone	sapo_probe	standard	n/a	n/a	n/a	n/a	n/a
1411.712	0	705856	standard_tone	sapo_probe	standard	n/a	n/a	n/a	n/a	n/a
1412.728	0	706364	standard_tone	sapo_probe	standard	n/a	n/a	n/a	n/a	n/a
1413.744	0	706872	standard_tone	sapo_probe	standard	n/a	n/a	n/a	n/a	n/a
1414.760	0	707380	standard_tone	sapo_probe	standard	n/a	n/a	n/a	n/a	n/a
1415.776	0	707888	standard_tone	sapo_probe	standard	n/a	n/a	n/a	n/a	n/a
1416.792	0	708396	standard_tone	sapo_probe	standard	n/a	n/a	n/a	n/a	n/a
1417.808	0	708904	standard_tone	sapo_probe	standard	n/a	n/a	n/a	n/a	n/a
1418.824	0	709412	standard_tone	sapo_probe	standard	n/a	n/a	n/a	n/a	n/a
1419.840	0	709920	standard_tone	sapo_probe	standard	n/a	n/a	n/a	n/a	n/a
1420.854	0	710427	standard_tone	sapo_probe	standard	n/a	n/a	n/a	n/a	n/a
1421.870	0	710935	oddball_tone	sapo_probe	oddball	n/a	n/a	n/a	n/a	n/a
1422.886	0	711443	standard_tone	sapo_probe	standard	n/a	n/a	n/a	n/a	n/a
1423.902	0	711951	distractor_noise	sapo_probe	distractor	n/a	n/a	n/a	n/a	n/a
1424.918	0	712459	standard_tone	sapo_probe	standard	n/a	n/a	n/a	n/a	n/a
1425.934	0	712967	standard_tone	sapo_probe	standard	n/a	n/a	n/a	n/a	n/a
1426.950	0	713475	standard_tone	sapo_probe	standard	n/a	n/a	n/a	n/a	n/a
1427.966	0	713983	oddball_tone	sapo_probe	oddball	n/a	n/a	n/a	n/a	n/a
1428.982	0	714491	distractor_noise	sapo_probe	distractor	n/a	n/a	n/a	n/a	n/a
1429.996	0	714998	standard_tone	sapo_probe	standard	n/a	n/a	n/a	n/a	n/a
1431.014	0	715507	standard_tone	sapo_probe	standard	n/a	n/a	n/a	n/a	n/a
1432.028	0	716014	standard_tone	sapo_probe	standard	n/a	n/a	n/a	n/a	n/a
1433.028	0	716514	standard_tone	sapo_probe	standard	n/a	n/a	n/a	n/a	n/a
1434.044	0	717022	standard_tone	sapo_probe	standard	n/a	n/a	n/a	n/a	n/a
1435.060	0	717530	standard_tone	sapo_probe	standard	n/a	n/a	n/a	n/a	n/a
1436.076	0	718038	standard_tone	sapo_probe	standard	n/a	n/a	n/a	n/a	n/a
1437.092	0	718546	standard_tone	sapo_probe	standard	n/a	n/a	n/a	n/a	n/a
1438.108	0	719054	standard_tone	sapo_probe	standard	n/a	n/a	n/a	n/a	n/a
1439.122	0	719561	standard_tone	sapo_probe	standard	n/a	n/a	n/a	n/a	n/a
1440.138	0	720069	oddball_tone	sapo_probe	oddball	n/a	n/a	n/a	n/a	n/a
1441.154	0	720577	standard_tone	sapo_probe	standard	n/a	n/a	n/a	n/a	n/a
1442.170	0	721085	distractor_noise	sapo_probe	distractor	n/a	n/a	n/a	n/a	n/a
1443.186	0	721593	standard_tone	sapo_probe	standard	n/a	n/a	n/a	n/a	n/a
1444.202	0	722101	distractor_noise	sapo_probe	distractor	n/a	n/a	n/a	n/a	n/a
1445.218	0	722609	standard_tone	sapo_probe	standard	n/a	n/a	n/a	n/a	n/a
1446.234	0	723117	distractor_noise	sapo_probe	distractor	n/a	n/a	n/a	n/a	n/a
1447.250	0	723625	standard_tone	sapo_probe	standard	n/a	n/a	n/a	n/a	n/a
1448.264	0	724132	standard_tone	sapo_probe	standard	n/a	n/a	n/a	n/a	n/a
1449.282	0	724641	oddball_tone	sapo_probe	oddball	n/a	n/a	n/a	n/a	n/a
1450.296	0	725148	standard_tone	sapo_probe	standard	n/a	n/a	n/a	n/a	n/a
1451.312	0	725656	standard_tone	sapo_probe	standard	n/a	n/a	n/a	n/a	n/a
1452.328	0	726164	standard_tone	sapo_probe	standard	n/a	n/a	n/a	n/a	n/a
1453.344	0	726672	oddball_tone	sapo_probe	oddball	n/a	n/a	n/a	n/a	n/a
1454.360	0	727180	standard_tone	sapo_probe	standard	n/a	n/a	n/a	n/a	n/a
1455.376	0	727688	standard_tone	sapo_probe	standard	n/a	n/a	n/a	n/a	n/a
1456.392	0	728196	standard_tone	sapo_probe	standard	n/a	n/a	n/a	n/a	n/a
1457.408	0	728704	standard_tone	sapo_probe	standard	n/a	n/a	n/a	n/a	n/a
1458.424	0	729212	standard_tone	sapo_probe	standard	n/a	n/a	n/a	n/a	n/a
1459.440	0	729720	standard_tone	sapo_probe	standard	n/a	n/a	n/a	n/a	n/a
1460.438	0	730219	standard_tone	sapo_probe	standard	n/a	n/a	n/a	n/a	n/a
1461.454	0	730727	distractor_noise	sapo_probe	distractor	n/a	n/a	n/a	n/a	n/a
1462.470	0	731235	standard_tone	sapo_probe	standard	n/a	n/a	n/a	n/a	n/a
1463.470	0	731735	standard_tone	sapo_probe	standard	n/a	n/a	n/a	n/a	n/a
1464.484	0	732242	distractor_noise	sapo_probe	distractor	n/a	n/a	n/a	n/a	n/a
1465.500	0	732750	standard_tone	sapo_probe	standard	n/a	n/a	n/a	n/a	n/a
1466.100	0	733050	silence_end	sapo_probe	silence-end	n/a	n/a	n/a	n/a	n/a
1466.102	0	733051	gong_begin	sapo_probe	gong-begin	n/a	n/a	n/a	n/a	n/a
1476.210	0	738105	gong_end	sapo_probe	gong-end	n/a	n/a	n/a	n/a	n/a
1476.210	0	738105	subblock_end	sapo_probe	subblock-end-duration-110.158	n/a	n/a	n/a	110.158	n/a
1476.210	0	738105	subblock_begin	sapo_probe	subblock-begin	n/a	n/a	n/a	n/a	n/a
1476.212	0	738106	silence_begin	sapo_probe	silence-begin	n/a	n/a	n/a	n/a	n/a
1476.212	0	738106	standard_tone	sapo_probe	standard	n/a	n/a	n/a	n/a	n/a
1477.224	0	738612	distractor_noise	sapo_probe	distractor	n/a	n/a	n/a	n/a	n/a
1478.240	0	739120	standard_tone	sapo_probe	standard	n/a	n/a	n/a	n/a	n/a
1479.256	0	739628	standard_tone	sapo_probe	standard	n/a	n/a	n/a	n/a	n/a
1480.272	0	740136	standard_tone	sapo_probe	standard	n/a	n/a	n/a	n/a	n/a
1481.288	0	740644	standard_tone	sapo_probe	standard	n/a	n/a	n/a	n/a	n/a
1482.304	0	741152	standard_tone	sapo_probe	standard	n/a	n/a	n/a	n/a	n/a
1483.320	0	741660	standard_tone	sapo_probe	standard	n/a	n/a	n/a	n/a	n/a
1484.336	0	742168	standard_tone	sapo_probe	standard	n/a	n/a	n/a	n/a	n/a
1485.352	0	742676	standard_tone	sapo_probe	standard	n/a	n/a	n/a	n/a	n/a
1486.352	0	743176	oddball_tone	sapo_probe	oddball	n/a	n/a	n/a	n/a	n/a
1487.366	0	743683	standard_tone	sapo_probe	standard	n/a	n/a	n/a	n/a	n/a
1488.382	0	744191	standard_tone	sapo_probe	standard	n/a	n/a	n/a	n/a	n/a
1489.398	0	744699	standard_tone	sapo_probe	standard	n/a	n/a	n/a	n/a	n/a
1490.398	0	745199	standard_tone	sapo_probe	standard	n/a	n/a	n/a	n/a	n/a
1491.412	0	745706	oddball_tone	sapo_probe	oddball	n/a	n/a	n/a	n/a	n/a
1492.428	0	746214	standard_tone	sapo_probe	standard	n/a	n/a	n/a	n/a	n/a
1493.444	0	746722	distractor_noise	sapo_probe	distractor	n/a	n/a	n/a	n/a	n/a
1494.460	0	747230	standard_tone	sapo_probe	standard	n/a	n/a	n/a	n/a	n/a
1495.476	0	747738	standard_tone	sapo_probe	standard	n/a	n/a	n/a	n/a	n/a
1496.492	0	748246	standard_tone	sapo_probe	standard	n/a	n/a	n/a	n/a	n/a
1497.508	0	748754	standard_tone	sapo_probe	standard	n/a	n/a	n/a	n/a	n/a
1498.524	0	749262	oddball_tone	sapo_probe	oddball	n/a	n/a	n/a	n/a	n/a
1499.540	0	749770	standard_tone	sapo_probe	standard	n/a	n/a	n/a	n/a	n/a
1500.572	0	750286	prompt_window_begin	sapo_probe	probe-sapo-probe-begin	n/a	n/a	n/a	n/a	n/a
1507.084	0	753542	clicker_press	sapo_probe	response-received-page_up	n/a	n/a	n/a	n/a	page_up
1507.850	0	753925	clicker_press	sapo_probe	response-received-page_up	n/a	n/a	n/a	n/a	page_up
1508.550	0	754275	clicker_press	sapo_probe	response-received-page_up	n/a	n/a	n/a	n/a	page_up
1509.364	0	754682	clicker_press	sapo_probe	response-received-page_up	n/a	n/a	n/a	n/a	page_up
1509.614	0	754807	depth_rating	sapo_probe	rating-sapo-probe-meditation_depth-4	4	n/a	n/a	n/a	n/a
1515.944	0	757972	clicker_press	sapo_probe	response-received-page_up	n/a	n/a	n/a	n/a	page_up
1516.592	0	758296	clicker_press	sapo_probe	response-received-page_up	n/a	n/a	n/a	n/a	page_up
1517.258	0	758629	clicker_press	sapo_probe	response-received-page_up	n/a	n/a	n/a	n/a	page_up
1517.874	0	758937	clicker_press	sapo_probe	response-received-page_up	n/a	n/a	n/a	n/a	page_up
1518.758	0	759379	clicker_press	sapo_probe	response-received-page_up	n/a	n/a	n/a	n/a	page_up
1519.806	0	759903	confidence_rating	sapo_probe	rating-sapo-probe-confidence_depth-5	n/a	5	n/a	n/a	n/a
1523.304	0	761652	prompt_window_end	sapo_probe	probe-sapo-probe-end	n/a	n/a	n/a	n/a	n/a
1523.306	0	761653	standard_tone	sapo_probe	standard	n/a	n/a	n/a	n/a	n/a
1524.318	0	762159	distractor_noise	sapo_probe	distractor	n/a	n/a	n/a	n/a	n/a
1525.318	0	762659	standard_tone	sapo_probe	standard	n/a	n/a	n/a	n/a	n/a
1526.334	0	763167	standard_tone	sapo_probe	standard	n/a	n/a	n/a	n/a	n/a
1527.350	0	763675	oddball_tone	sapo_probe	oddball	n/a	n/a	n/a	n/a	n/a
1528.366	0	764183	standard_tone	sapo_probe	standard	n/a	n/a	n/a	n/a	n/a
1529.382	0	764691	standard_tone	sapo_probe	standard	n/a	n/a	n/a	n/a	n/a
1530.398	0	765199	standard_tone	sapo_probe	standard	n/a	n/a	n/a	n/a	n/a
1531.414	0	765707	standard_tone	sapo_probe	standard	n/a	n/a	n/a	n/a	n/a
1532.430	0	766215	standard_tone	sapo_probe	standard	n/a	n/a	n/a	n/a	n/a
1533.444	0	766722	oddball_tone	sapo_probe	oddball	n/a	n/a	n/a	n/a	n/a
1534.444	0	767222	distractor_noise	sapo_probe	distractor	n/a	n/a	n/a	n/a	n/a
1535.460	0	767730	standard_tone	sapo_probe	standard	n/a	n/a	n/a	n/a	n/a
1536.476	0	768238	standard_tone	sapo_probe	standard	n/a	n/a	n/a	n/a	n/a
1537.492	0	768746	standard_tone	sapo_probe	standard	n/a	n/a	n/a	n/a	n/a
1538.508	0	769254	standard_tone	sapo_probe	standard	n/a	n/a	n/a	n/a	n/a
1539.522	0	769761	standard_tone	sapo_probe	standard	n/a	n/a	n/a	n/a	n/a
1540.522	0	770261	standard_tone	sapo_probe	standard	n/a	n/a	n/a	n/a	n/a
1541.538	0	770769	standard_tone	sapo_probe	standard	n/a	n/a	n/a	n/a	n/a
1542.554	0	771277	standard_tone	sapo_probe	standard	n/a	n/a	n/a	n/a	n/a
1543.570	0	771785	distractor_noise	sapo_probe	distractor	n/a	n/a	n/a	n/a	n/a
1544.570	0	772285	standard_tone	sapo_probe	standard	n/a	n/a	n/a	n/a	n/a
1545.584	0	772792	standard_tone	sapo_probe	standard	n/a	n/a	n/a	n/a	n/a
1546.600	0	773300	standard_tone	sapo_probe	standard	n/a	n/a	n/a	n/a	n/a
1547.616	0	773808	standard_tone	sapo_probe	standard	n/a	n/a	n/a	n/a	n/a
1548.632	0	774316	standard_tone	sapo_probe	standard	n/a	n/a	n/a	n/a	n/a
1549.650	0	774825	standard_tone	sapo_probe	standard	n/a	n/a	n/a	n/a	n/a
1550.664	0	775332	standard_tone	sapo_probe	standard	n/a	n/a	n/a	n/a	n/a
1551.680	0	775840	distractor_noise	sapo_probe	distractor	n/a	n/a	n/a	n/a	n/a
1552.696	0	776348	standard_tone	sapo_probe	standard	n/a	n/a	n/a	n/a	n/a
1553.710	0	776855	standard_tone	sapo_probe	standard	n/a	n/a	n/a	n/a	n/a
1554.710	0	777355	standard_tone	sapo_probe	standard	n/a	n/a	n/a	n/a	n/a
1555.726	0	777863	standard_tone	sapo_probe	standard	n/a	n/a	n/a	n/a	n/a
1556.742	0	778371	distractor_noise	sapo_probe	distractor	n/a	n/a	n/a	n/a	n/a
1557.758	0	778879	standard_tone	sapo_probe	standard	n/a	n/a	n/a	n/a	n/a
1558.774	0	779387	oddball_tone	sapo_probe	oddball	n/a	n/a	n/a	n/a	n/a
1559.790	0	779895	standard_tone	sapo_probe	standard	n/a	n/a	n/a	n/a	n/a
1560.788	0	780394	standard_tone	sapo_probe	standard	n/a	n/a	n/a	n/a	n/a
1561.804	0	780902	standard_tone	sapo_probe	standard	n/a	n/a	n/a	n/a	n/a
1562.820	0	781410	standard_tone	sapo_probe	standard	n/a	n/a	n/a	n/a	n/a
1563.836	0	781918	standard_tone	sapo_probe	standard	n/a	n/a	n/a	n/a	n/a
1564.852	0	782426	standard_tone	sapo_probe	standard	n/a	n/a	n/a	n/a	n/a
1565.868	0	782934	distractor_noise	sapo_probe	distractor	n/a	n/a	n/a	n/a	n/a
1566.884	0	783442	standard_tone	sapo_probe	standard	n/a	n/a	n/a	n/a	n/a
1567.900	0	783950	standard_tone	sapo_probe	standard	n/a	n/a	n/a	n/a	n/a
1568.916	0	784458	standard_tone	sapo_probe	standard	n/a	n/a	n/a	n/a	n/a
1569.932	0	784966	standard_tone	sapo_probe	standard	n/a	n/a	n/a	n/a	n/a
1570.946	0	785473	standard_tone	sapo_probe	standard	n/a	n/a	n/a	n/a	n/a
1571.962	0	785981	standard_tone	sapo_probe	standard	n/a	n/a	n/a	n/a	n/a
1572.978	0	786489	standard_tone	sapo_probe	standard	n/a	n/a	n/a	n/a	n/a
1573.994	0	786997	standard_tone	sapo_probe	standard	n/a	n/a	n/a	n/a	n/a
1575.010	0	787505	standard_tone	sapo_probe	standard	n/a	n/a	n/a	n/a	n/a
1576.010	0	788005	oddball_tone	sapo_probe	oddball	n/a	n/a	n/a	n/a	n/a
1577.026	0	788513	standard_tone	sapo_probe	standard	n/a	n/a	n/a	n/a	n/a
1578.042	0	789021	standard_tone	sapo_probe	standard	n/a	n/a	n/a	n/a	n/a
1579.056	0	789528	standard_tone	sapo_probe	standard	n/a	n/a	n/a	n/a	n/a
1580.072	0	790036	standard_tone	sapo_probe	standard	n/a	n/a	n/a	n/a	n/a
1581.088	0	790544	standard_tone	sapo_probe	standard	n/a	n/a	n/a	n/a	n/a
1582.106	0	791053	standard_tone	sapo_probe	standard	n/a	n/a	n/a	n/a	n/a
1583.120	0	791560	standard_tone	sapo_probe	standard	n/a	n/a	n/a	n/a	n/a
1584.136	0	792068	standard_tone	sapo_probe	standard	n/a	n/a	n/a	n/a	n/a
1585.152	0	792576	standard_tone	sapo_probe	standard	n/a	n/a	n/a	n/a	n/a
1586.168	0	793084	standard_tone	sapo_probe	standard	n/a	n/a	n/a	n/a	n/a
1587.184	0	793592	standard_tone	sapo_probe	standard	n/a	n/a	n/a	n/a	n/a
1588.200	0	794100	standard_tone	sapo_probe	standard	n/a	n/a	n/a	n/a	n/a
1589.216	0	794608	standard_tone	sapo_probe	standard	n/a	n/a	n/a	n/a	n/a
1590.232	0	795116	standard_tone	sapo_probe	standard	n/a	n/a	n/a	n/a	n/a
1591.248	0	795624	standard_tone	sapo_probe	standard	n/a	n/a	n/a	n/a	n/a
1592.262	0	796131	standard_tone	sapo_probe	standard	n/a	n/a	n/a	n/a	n/a
1593.262	0	796631	standard_tone	sapo_probe	standard	n/a	n/a	n/a	n/a	n/a
1594.278	0	797139	oddball_tone	sapo_probe	oddball	n/a	n/a	n/a	n/a	n/a
1595.276	0	797638	standard_tone	sapo_probe	standard	n/a	n/a	n/a	n/a	n/a
1596.292	0	798146	standard_tone	sapo_probe	standard	n/a	n/a	n/a	n/a	n/a
1597.310	0	798655	standard_tone	sapo_probe	standard	n/a	n/a	n/a	n/a	n/a
1598.326	0	799163	standard_tone	sapo_probe	standard	n/a	n/a	n/a	n/a	n/a
1599.340	0	799670	standard_tone	sapo_probe	standard	n/a	n/a	n/a	n/a	n/a
1600.356	0	800178	distractor_noise	sapo_probe	distractor	n/a	n/a	n/a	n/a	n/a
1600.822	0	800411	silence_end	sapo_probe	silence-end	n/a	n/a	n/a	n/a	n/a
1600.824	0	800412	gong_begin	sapo_probe	gong-begin	n/a	n/a	n/a	n/a	n/a
1610.932	0	805466	gong_end	sapo_probe	gong-end	n/a	n/a	n/a	n/a	n/a
1610.932	0	805466	subblock_end	sapo_probe	subblock-end-duration-134.721	n/a	n/a	n/a	134.721	n/a
1610.932	0	805466	subblock_begin	sapo_probe	subblock-begin	n/a	n/a	n/a	n/a	n/a
1610.934	0	805467	silence_begin	sapo_probe	silence-begin	n/a	n/a	n/a	n/a	n/a
1610.934	0	805467	standard_tone	sapo_probe	standard	n/a	n/a	n/a	n/a	n/a
1611.946	0	805973	distractor_noise	sapo_probe	distractor	n/a	n/a	n/a	n/a	n/a
1612.964	0	806482	standard_tone	sapo_probe	standard	n/a	n/a	n/a	n/a	n/a
1613.978	0	806989	oddball_tone	sapo_probe	oddball	n/a	n/a	n/a	n/a	n/a
1614.994	0	807497	standard_tone	sapo_probe	standard	n/a	n/a	n/a	n/a	n/a
1616.010	0	808005	standard_tone	sapo_probe	standard	n/a	n/a	n/a	n/a	n/a
1617.026	0	808513	standard_tone	sapo_probe	standard	n/a	n/a	n/a	n/a	n/a
1618.042	0	809021	standard_tone	sapo_probe	standard	n/a	n/a	n/a	n/a	n/a
1619.056	0	809528	standard_tone	sapo_probe	standard	n/a	n/a	n/a	n/a	n/a
1620.074	0	810037	standard_tone	sapo_probe	standard	n/a	n/a	n/a	n/a	n/a
1621.088	0	810544	standard_tone	sapo_probe	standard	n/a	n/a	n/a	n/a	n/a
1622.104	0	811052	standard_tone	sapo_probe	standard	n/a	n/a	n/a	n/a	n/a
1623.120	0	811560	standard_tone	sapo_probe	standard	n/a	n/a	n/a	n/a	n/a
1624.136	0	812068	standard_tone	sapo_probe	standard	n/a	n/a	n/a	n/a	n/a
1625.152	0	812576	distractor_noise	sapo_probe	distractor	n/a	n/a	n/a	n/a	n/a
1626.168	0	813084	standard_tone	sapo_probe	standard	n/a	n/a	n/a	n/a	n/a
1627.184	0	813592	distractor_noise	sapo_probe	distractor	n/a	n/a	n/a	n/a	n/a
1628.200	0	814100	standard_tone	sapo_probe	standard	n/a	n/a	n/a	n/a	n/a
1629.216	0	814608	oddball_tone	sapo_probe	oddball	n/a	n/a	n/a	n/a	n/a
1630.232	0	815116	standard_tone	sapo_probe	standard	n/a	n/a	n/a	n/a	n/a
1631.246	0	815623	standard_tone	sapo_probe	standard	n/a	n/a	n/a	n/a	n/a
1632.262	0	816131	standard_tone	sapo_probe	standard	n/a	n/a	n/a	n/a	n/a
1633.280	0	816640	standard_tone	sapo_probe	standard	n/a	n/a	n/a	n/a	n/a
1634.294	0	817147	standard_tone	sapo_probe	standard	n/a	n/a	n/a	n/a	n/a
1635.310	0	817655	standard_tone	sapo_probe	standard	n/a	n/a	n/a	n/a	n/a
1636.326	0	818163	standard_tone	sapo_probe	standard	n/a	n/a	n/a	n/a	n/a
1637.326	0	818663	standard_tone	sapo_probe	standard	n/a	n/a	n/a	n/a	n/a
1638.342	0	819171	standard_tone	sapo_probe	standard	n/a	n/a	n/a	n/a	n/a
1639.358	0	819679	oddball_tone	sapo_probe	oddball	n/a	n/a	n/a	n/a	n/a
1640.372	0	820186	standard_tone	sapo_probe	standard	n/a	n/a	n/a	n/a	n/a
1641.372	0	820686	standard_tone	sapo_probe	standard	n/a	n/a	n/a	n/a	n/a
1642.388	0	821194	standard_tone	sapo_probe	standard	n/a	n/a	n/a	n/a	n/a
1643.388	0	821694	standard_tone	sapo_probe	standard	n/a	n/a	n/a	n/a	n/a
1644.402	0	822201	standard_tone	sapo_probe	standard	n/a	n/a	n/a	n/a	n/a
1645.420	0	822710	standard_tone	sapo_probe	standard	n/a	n/a	n/a	n/a	n/a
1646.434	0	823217	standard_tone	sapo_probe	standard	n/a	n/a	n/a	n/a	n/a
1647.450	0	823725	standard_tone	sapo_probe	standard	n/a	n/a	n/a	n/a	n/a
1648.466	0	824233	standard_tone	sapo_probe	standard	n/a	n/a	n/a	n/a	n/a
1649.482	0	824741	oddball_tone	sapo_probe	oddball	n/a	n/a	n/a	n/a	n/a
1650.498	0	825249	standard_tone	sapo_probe	standard	n/a	n/a	n/a	n/a	n/a
1651.496	0	825748	standard_tone	sapo_probe	standard	n/a	n/a	n/a	n/a	n/a
1652.512	0	826256	standard_tone	sapo_probe	standard	n/a	n/a	n/a	n/a	n/a
1653.528	0	826764	standard_tone	sapo_probe	standard	n/a	n/a	n/a	n/a	n/a
1654.544	0	827272	standard_tone	sapo_probe	standard	n/a	n/a	n/a	n/a	n/a
1655.560	0	827780	standard_tone	sapo_probe	standard	n/a	n/a	n/a	n/a	n/a
1656.576	0	828288	standard_tone	sapo_probe	standard	n/a	n/a	n/a	n/a	n/a
1657.592	0	828796	oddball_tone	sapo_probe	oddball	n/a	n/a	n/a	n/a	n/a
1658.608	0	829304	standard_tone	sapo_probe	standard	n/a	n/a	n/a	n/a	n/a
1659.624	0	829812	standard_tone	sapo_probe	standard	n/a	n/a	n/a	n/a	n/a
1660.640	0	830320	standard_tone	sapo_probe	standard	n/a	n/a	n/a	n/a	n/a
1661.656	0	830828	standard_tone	sapo_probe	standard	n/a	n/a	n/a	n/a	n/a
1662.672	0	831336	standard_tone	sapo_probe	standard	n/a	n/a	n/a	n/a	n/a
1663.686	0	831843	oddball_tone	sapo_probe	oddball	n/a	n/a	n/a	n/a	n/a
1664.702	0	832351	standard_tone	sapo_probe	standard	n/a	n/a	n/a	n/a	n/a
1665.718	0	832859	standard_tone	sapo_probe	standard	n/a	n/a	n/a	n/a	n/a
1666.734	0	833367	standard_tone	sapo_probe	standard	n/a	n/a	n/a	n/a	n/a
1667.750	0	833875	standard_tone	sapo_probe	standard	n/a	n/a	n/a	n/a	n/a
1668.766	0	834383	standard_tone	sapo_probe	standard	n/a	n/a	n/a	n/a	n/a
1669.782	0	834891	standard_tone	sapo_probe	standard	n/a	n/a	n/a	n/a	n/a
1670.798	0	835399	standard_tone	sapo_probe	standard	n/a	n/a	n/a	n/a	n/a
1671.814	0	835907	standard_tone	sapo_probe	standard	n/a	n/a	n/a	n/a	n/a
1672.830	0	836415	standard_tone	sapo_probe	standard	n/a	n/a	n/a	n/a	n/a
1673.844	0	836922	standard_tone	sapo_probe	standard	n/a	n/a	n/a	n/a	n/a
1674.862	0	837431	standard_tone	sapo_probe	standard	n/a	n/a	n/a	n/a	n/a
1675.876	0	837938	standard_tone	sapo_probe	standard	n/a	n/a	n/a	n/a	n/a
1676.892	0	838446	standard_tone	sapo_probe	standard	n/a	n/a	n/a	n/a	n/a
1677.892	0	838946	distractor_noise	sapo_probe	distractor	n/a	n/a	n/a	n/a	n/a
1678.908	0	839454	standard_tone	sapo_probe	standard	n/a	n/a	n/a	n/a	n/a
1679.924	0	839962	standard_tone	sapo_probe	standard	n/a	n/a	n/a	n/a	n/a
1680.940	0	840470	standard_tone	sapo_probe	standard	n/a	n/a	n/a	n/a	n/a
1681.956	0	840978	standard_tone	sapo_probe	standard	n/a	n/a	n/a	n/a	n/a
1682.972	0	841486	standard_tone	sapo_probe	standard	n/a	n/a	n/a	n/a	n/a
1683.986	0	841993	standard_tone	sapo_probe	standard	n/a	n/a	n/a	n/a	n/a
1684.986	0	842493	standard_tone	sapo_probe	standard	n/a	n/a	n/a	n/a	n/a
1686.002	0	843001	standard_tone	sapo_probe	standard	n/a	n/a	n/a	n/a	n/a
1687.018	0	843509	standard_tone	sapo_probe	standard	n/a	n/a	n/a	n/a	n/a
1688.034	0	844017	standard_tone	sapo_probe	standard	n/a	n/a	n/a	n/a	n/a
1689.048	0	844524	standard_tone	sapo_probe	standard	n/a	n/a	n/a	n/a	n/a
1690.064	0	845032	standard_tone	sapo_probe	standard	n/a	n/a	n/a	n/a	n/a
1691.080	0	845540	standard_tone	sapo_probe	standard	n/a	n/a	n/a	n/a	n/a
1692.096	0	846048	standard_tone	sapo_probe	standard	n/a	n/a	n/a	n/a	n/a
1693.112	0	846556	standard_tone	sapo_probe	standard	n/a	n/a	n/a	n/a	n/a
1694.128	0	847064	standard_tone	sapo_probe	standard	n/a	n/a	n/a	n/a	n/a
1695.144	0	847572	standard_tone	sapo_probe	standard	n/a	n/a	n/a	n/a	n/a
1696.160	0	848080	standard_tone	sapo_probe	standard	n/a	n/a	n/a	n/a	n/a
1697.176	0	848588	standard_tone	sapo_probe	standard	n/a	n/a	n/a	n/a	n/a
1698.192	0	849096	standard_tone	sapo_probe	standard	n/a	n/a	n/a	n/a	n/a
1699.208	0	849604	standard_tone	sapo_probe	standard	n/a	n/a	n/a	n/a	n/a
1700.224	0	850112	standard_tone	sapo_probe	standard	n/a	n/a	n/a	n/a	n/a
1701.238	0	850619	standard_tone	sapo_probe	standard	n/a	n/a	n/a	n/a	n/a
1702.256	0	851128	oddball_tone	sapo_probe	oddball	n/a	n/a	n/a	n/a	n/a
1703.256	0	851628	standard_tone	sapo_probe	standard	n/a	n/a	n/a	n/a	n/a
1704.270	0	852135	standard_tone	sapo_probe	standard	n/a	n/a	n/a	n/a	n/a
1705.286	0	852643	distractor_noise	sapo_probe	distractor	n/a	n/a	n/a	n/a	n/a
1706.302	0	853151	standard_tone	sapo_probe	standard	n/a	n/a	n/a	n/a	n/a
1707.316	0	853658	standard_tone	sapo_probe	standard	n/a	n/a	n/a	n/a	n/a
1708.334	0	854167	distractor_noise	sapo_probe	distractor	n/a	n/a	n/a	n/a	n/a
1709.350	0	854675	oddball_tone	sapo_probe	oddball	n/a	n/a	n/a	n/a	n/a
1710.364	0	855182	standard_tone	sapo_probe	standard	n/a	n/a	n/a	n/a	n/a
1711.346	0	855673	prompt_window_begin	sapo_probe	probe-sapo-probe-begin	n/a	n/a	n/a	n/a	n/a
1715.994	0	857997	clicker_press	sapo_probe	response-received-page_up	n/a	n/a	n/a	n/a	page_up
1717.242	0	858621	clicker_press	sapo_probe	response-received-page_up	n/a	n/a	n/a	n/a	page_up
1718.676	0	859338	clicker_press	sapo_probe	response-received-page_up	n/a	n/a	n/a	n/a	page_up
1720.374	0	860187	depth_rating	sapo_probe	rating-sapo-probe-meditation_depth-3	3	n/a	n/a	n/a	n/a
1726.152	0	863076	clicker_press	sapo_probe	response-received-page_up	n/a	n/a	n/a	n/a	page_up
1727.052	0	863526	clicker_press	sapo_probe	response-received-page_up	n/a	n/a	n/a	n/a	page_up
1727.852	0	863926	clicker_press	sapo_probe	response-received-page_up	n/a	n/a	n/a	n/a	page_up
1728.684	0	864342	clicker_press	sapo_probe	response-received-page_up	n/a	n/a	n/a	n/a	page_up
1730.448	0	865224	confidence_rating	sapo_probe	rating-sapo-probe-confidence_depth-4	n/a	4	n/a	n/a	n/a
1733.962	0	866981	prompt_window_end	sapo_probe	probe-sapo-probe-end	n/a	n/a	n/a	n/a	n/a
1733.962	0	866981	standard_tone	sapo_probe	standard	n/a	n/a	n/a	n/a	n/a
1734.978	0	867489	oddball_tone	sapo_probe	oddball	n/a	n/a	n/a	n/a	n/a
1735.994	0	867997	standard_tone	sapo_probe	standard	n/a	n/a	n/a	n/a	n/a
1737.010	0	868505	standard_tone	sapo_probe	standard	n/a	n/a	n/a	n/a	n/a
1738.026	0	869013	oddball_tone	sapo_probe	oddball	n/a	n/a	n/a	n/a	n/a
1739.040	0	869520	distractor_noise	sapo_probe	distractor	n/a	n/a	n/a	n/a	n/a
1739.740	0	869870	silence_end	sapo_probe	silence-end	n/a	n/a	n/a	n/a	n/a
1739.742	0	869871	subblock_end	sapo_probe	subblock-end-duration-128.809	n/a	n/a	n/a	128.809	n/a
1739.742	0	869871	subblock_begin	sapo_probe	subblock-begin	n/a	n/a	n/a	n/a	n/a
1739.742	0	869871	silence_begin	sapo_probe	silence-begin	n/a	n/a	n/a	n/a	n/a
1740.058	0	870029	oddball_tone	sapo_probe	oddball	n/a	n/a	n/a	n/a	n/a
1741.074	0	870537	standard_tone	sapo_probe	standard	n/a	n/a	n/a	n/a	n/a
1742.088	0	871044	standard_tone	sapo_probe	standard	n/a	n/a	n/a	n/a	n/a
1743.104	0	871552	standard_tone	sapo_probe	standard	n/a	n/a	n/a	n/a	n/a
1744.120	0	872060	standard_tone	sapo_probe	standard	n/a	n/a	n/a	n/a	n/a
1745.136	0	872568	distractor_noise	sapo_probe	distractor	n/a	n/a	n/a	n/a	n/a
1746.152	0	873076	standard_tone	sapo_probe	standard	n/a	n/a	n/a	n/a	n/a
1747.168	0	873584	standard_tone	sapo_probe	standard	n/a	n/a	n/a	n/a	n/a
1748.184	0	874092	standard_tone	sapo_probe	standard	n/a	n/a	n/a	n/a	n/a
1749.200	0	874600	distractor_noise	sapo_probe	distractor	n/a	n/a	n/a	n/a	n/a
1750.214	0	875107	standard_tone	sapo_probe	standard	n/a	n/a	n/a	n/a	n/a
1751.230	0	875615	oddball_tone	sapo_probe	oddball	n/a	n/a	n/a	n/a	n/a
1752.246	0	876123	standard_tone	sapo_probe	standard	n/a	n/a	n/a	n/a	n/a
1753.262	0	876631	standard_tone	sapo_probe	standard	n/a	n/a	n/a	n/a	n/a
1754.278	0	877139	oddball_tone	sapo_probe	oddball	n/a	n/a	n/a	n/a	n/a
1755.294	0	877647	standard_tone	sapo_probe	standard	n/a	n/a	n/a	n/a	n/a
1756.310	0	878155	standard_tone	sapo_probe	standard	n/a	n/a	n/a	n/a	n/a
1757.326	0	878663	standard_tone	sapo_probe	standard	n/a	n/a	n/a	n/a	n/a
1758.342	0	879171	standard_tone	sapo_probe	standard	n/a	n/a	n/a	n/a	n/a
1759.358	0	879679	standard_tone	sapo_probe	standard	n/a	n/a	n/a	n/a	n/a
1760.374	0	880187	oddball_tone	sapo_probe	oddball	n/a	n/a	n/a	n/a	n/a
1761.390	0	880695	standard_tone	sapo_probe	standard	n/a	n/a	n/a	n/a	n/a
1762.404	0	881202	distractor_noise	sapo_probe	distractor	n/a	n/a	n/a	n/a	n/a
1763.406	0	881703	standard_tone	sapo_probe	standard	n/a	n/a	n/a	n/a	n/a
1764.420	0	882210	standard_tone	sapo_probe	standard	n/a	n/a	n/a	n/a	n/a
1765.436	0	882718	distractor_noise	sapo_probe	distractor	n/a	n/a	n/a	n/a	n/a
1766.452	0	883226	standard_tone	sapo_probe	standard	n/a	n/a	n/a	n/a	n/a
1767.468	0	883734	standard_tone	sapo_probe	standard	n/a	n/a	n/a	n/a	n/a
1768.484	0	884242	standard_tone	sapo_probe	standard	n/a	n/a	n/a	n/a	n/a
1769.498	0	884749	standard_tone	sapo_probe	standard	n/a	n/a	n/a	n/a	n/a
1770.500	0	885250	standard_tone	sapo_probe	standard	n/a	n/a	n/a	n/a	n/a
1771.514	0	885757	oddball_tone	sapo_probe	oddball	n/a	n/a	n/a	n/a	n/a
1772.530	0	886265	standard_tone	sapo_probe	standard	n/a	n/a	n/a	n/a	n/a
1773.546	0	886773	standard_tone	sapo_probe	standard	n/a	n/a	n/a	n/a	n/a
1774.562	0	887281	standard_tone	sapo_probe	standard	n/a	n/a	n/a	n/a	n/a
1775.578	0	887789	oddball_tone	sapo_probe	oddball	n/a	n/a	n/a	n/a	n/a
1776.594	0	888297	standard_tone	sapo_probe	standard	n/a	n/a	n/a	n/a	n/a
1777.608	0	888804	distractor_noise	sapo_probe	distractor	n/a	n/a	n/a	n/a	n/a
1778.608	0	889304	standard_tone	sapo_probe	standard	n/a	n/a	n/a	n/a	n/a
1779.624	0	889812	standard_tone	sapo_probe	standard	n/a	n/a	n/a	n/a	n/a
1780.640	0	890320	standard_tone	sapo_probe	standard	n/a	n/a	n/a	n/a	n/a
1781.656	0	890828	standard_tone	sapo_probe	standard	n/a	n/a	n/a	n/a	n/a
1782.672	0	891336	standard_tone	sapo_probe	standard	n/a	n/a	n/a	n/a	n/a
1783.688	0	891844	distractor_noise	sapo_probe	distractor	n/a	n/a	n/a	n/a	n/a
1784.686	0	892343	standard_tone	sapo_probe	standard	n/a	n/a	n/a	n/a	n/a
1785.702	0	892851	standard_tone	sapo_probe	standard	n/a	n/a	n/a	n/a	n/a
1786.718	0	893359	standard_tone	sapo_probe	standard	n/a	n/a	n/a	n/a	n/a
1787.734	0	893867	oddball_tone	sapo_probe	oddball	n/a	n/a	n/a	n/a	n/a
1788.750	0	894375	standard_tone	sapo_probe	standard	n/a	n/a	n/a	n/a	n/a
1789.766	0	894883	standard_tone	sapo_probe	standard	n/a	n/a	n/a	n/a	n/a
1790.782	0	895391	standard_tone	sapo_probe	standard	n/a	n/a	n/a	n/a	n/a
1791.798	0	895899	standard_tone	sapo_probe	standard	n/a	n/a	n/a	n/a	n/a
1792.814	0	896407	distractor_noise	sapo_probe	distractor	n/a	n/a	n/a	n/a	n/a
1793.828	0	896914	standard_tone	sapo_probe	standard	n/a	n/a	n/a	n/a	n/a
1794.828	0	897414	standard_tone	sapo_probe	standard	n/a	n/a	n/a	n/a	n/a
1795.844	0	897922	standard_tone	sapo_probe	standard	n/a	n/a	n/a	n/a	n/a
1796.860	0	898430	oddball_tone	sapo_probe	oddball	n/a	n/a	n/a	n/a	n/a
1797.860	0	898930	standard_tone	sapo_probe	standard	n/a	n/a	n/a	n/a	n/a
1798.874	0	899437	standard_tone	sapo_probe	standard	n/a	n/a	n/a	n/a	n/a
1799.890	0	899945	oddball_tone	sapo_probe	oddball	n/a	n/a	n/a	n/a	n/a
1800.906	0	900453	standard_tone	sapo_probe	standard	n/a	n/a	n/a	n/a	n/a
1801.922	0	900961	standard_tone	sapo_probe	standard	n/a	n/a	n/a	n/a	n/a
1802.938	0	901469	standard_tone	sapo_probe	standard	n/a	n/a	n/a	n/a	n/a
1803.938	0	901969	standard_tone	sapo_probe	standard	n/a	n/a	n/a	n/a	n/a
1804.952	0	902476	standard_tone	sapo_probe	standard	n/a	n/a	n/a	n/a	n/a
1805.968	0	902984	standard_tone	sapo_probe	standard	n/a	n/a	n/a	n/a	n/a
1806.984	0	903492	standard_tone	sapo_probe	standard	n/a	n/a	n/a	n/a	n/a
1808.000	0	904000	oddball_tone	sapo_probe	oddball	n/a	n/a	n/a	n/a	n/a
1809.016	0	904508	standard_tone	sapo_probe	standard	n/a	n/a	n/a	n/a	n/a
1810.032	0	905016	standard_tone	sapo_probe	standard	n/a	n/a	n/a	n/a	n/a
1811.048	0	905524	distractor_noise	sapo_probe	distractor	n/a	n/a	n/a	n/a	n/a
1812.064	0	906032	standard_tone	sapo_probe	standard	n/a	n/a	n/a	n/a	n/a
1813.080	0	906540	oddball_tone	sapo_probe	oddball	n/a	n/a	n/a	n/a	n/a
1814.096	0	907048	distractor_noise	sapo_probe	distractor	n/a	n/a	n/a	n/a	n/a
1815.112	0	907556	standard_tone	sapo_probe	standard	n/a	n/a	n/a	n/a	n/a
1816.128	0	908064	standard_tone	sapo_probe	standard	n/a	n/a	n/a	n/a	n/a
1817.142	0	908571	standard_tone	sapo_probe	standard	n/a	n/a	n/a	n/a	n/a
1818.158	0	909079	standard_tone	sapo_probe	standard	n/a	n/a	n/a	n/a	n/a
1819.174	0	909587	standard_tone	sapo_probe	standard	n/a	n/a	n/a	n/a	n/a
1820.174	0	910087	standard_tone	sapo_probe	standard	n/a	n/a	n/a	n/a	n/a
1821.190	0	910595	standard_tone	sapo_probe	standard	n/a	n/a	n/a	n/a	n/a
1822.206	0	911103	standard_tone	sapo_probe	standard	n/a	n/a	n/a	n/a	n/a
1823.222	0	911611	standard_tone	sapo_probe	standard	n/a	n/a	n/a	n/a	n/a
1824.238	0	912119	standard_tone	sapo_probe	standard	n/a	n/a	n/a	n/a	n/a
1825.252	0	912626	standard_tone	sapo_probe	standard	n/a	n/a	n/a	n/a	n/a
1826.252	0	913126	standard_tone	sapo_probe	standard	n/a	n/a	n/a	n/a	n/a
1827.268	0	913634	standard_tone	sapo_probe	standard	n/a	n/a	n/a	n/a	n/a
1828.284	0	914142	standard_tone	sapo_probe	standard	n/a	n/a	n/a	n/a	n/a
1829.300	0	914650	standard_tone	sapo_probe	standard	n/a	n/a	n/a	n/a	n/a
1830.316	0	915158	standard_tone	sapo_probe	standard	n/a	n/a	n/a	n/a	n/a
1831.332	0	915666	standard_tone	sapo_probe	standard	n/a	n/a	n/a	n/a	n/a
1832.346	0	916173	standard_tone	sapo_probe	standard	n/a	n/a	n/a	n/a	n/a
1833.362	0	916681	standard_tone	sapo_probe	standard	n/a	n/a	n/a	n/a	n/a
1834.378	0	917189	oddball_tone	sapo_probe	oddball	n/a	n/a	n/a	n/a	n/a
1835.394	0	917697	standard_tone	sapo_probe	standard	n/a	n/a	n/a	n/a	n/a
1836.410	0	918205	standard_tone	sapo_probe	standard	n/a	n/a	n/a	n/a	n/a
1837.426	0	918713	standard_tone	sapo_probe	standard	n/a	n/a	n/a	n/a	n/a
1838.426	0	919213	standard_tone	sapo_probe	standard	n/a	n/a	n/a	n/a	n/a
1839.442	0	919721	standard_tone	sapo_probe	standard	n/a	n/a	n/a	n/a	n/a
1840.456	0	920228	standard_tone	sapo_probe	standard	n/a	n/a	n/a	n/a	n/a
1841.456	0	920728	oddball_tone	sapo_probe	oddball	n/a	n/a	n/a	n/a	n/a
1842.472	0	921236	standard_tone	sapo_probe	standard	n/a	n/a	n/a	n/a	n/a
1843.488	0	921744	standard_tone	sapo_probe	standard	n/a	n/a	n/a	n/a	n/a
1844.504	0	922252	oddball_tone	sapo_probe	oddball	n/a	n/a	n/a	n/a	n/a
1845.520	0	922760	standard_tone	sapo_probe	standard	n/a	n/a	n/a	n/a	n/a
1846.536	0	923268	standard_tone	sapo_probe	standard	n/a	n/a	n/a	n/a	n/a
1847.552	0	923776	oddball_tone	sapo_probe	oddball	n/a	n/a	n/a	n/a	n/a
1848.566	0	924283	standard_tone	sapo_probe	standard	n/a	n/a	n/a	n/a	n/a
1849.566	0	924783	standard_tone	sapo_probe	standard	n/a	n/a	n/a	n/a	n/a
1850.582	0	925291	standard_tone	sapo_probe	standard	n/a	n/a	n/a	n/a	n/a
1851.598	0	925799	standard_tone	sapo_probe	standard	n/a	n/a	n/a	n/a	n/a
1852.614	0	926307	standard_tone	sapo_probe	standard	n/a	n/a	n/a	n/a	n/a
1853.630	0	926815	standard_tone	sapo_probe	standard	n/a	n/a	n/a	n/a	n/a
1854.644	0	927322	oddball_tone	sapo_probe	oddball	n/a	n/a	n/a	n/a	n/a
1855.062	0	927531	silence_end	sapo_probe	silence-end	n/a	n/a	n/a	n/a	n/a
1855.062	0	927531	gong_begin	sapo_probe	gong-begin	n/a	n/a	n/a	n/a	n/a
1865.186	0	932593	gong_end	sapo_probe	gong-end	n/a	n/a	n/a	n/a	n/a
1865.188	0	932594	subblock_end	sapo_probe	subblock-end-duration-125.446	n/a	n/a	n/a	125.446	n/a
1865.188	0	932594	subblock_begin	sapo_probe	subblock-begin	n/a	n/a	n/a	n/a	n/a
1865.188	0	932594	silence_begin	sapo_probe	silence-begin	n/a	n/a	n/a	n/a	n/a
1865.204	0	932602	distractor_noise	sapo_probe	distractor	n/a	n/a	n/a	n/a	n/a
1866.220	0	933110	oddball_tone	sapo_probe	oddball	n/a	n/a	n/a	n/a	n/a
1867.234	0	933617	standard_tone	sapo_probe	standard	n/a	n/a	n/a	n/a	n/a
1868.250	0	934125	distractor_noise	sapo_probe	distractor	n/a	n/a	n/a	n/a	n/a
1869.250	0	934625	standard_tone	sapo_probe	standard	n/a	n/a	n/a	n/a	n/a
1870.266	0	935133	standard_tone	sapo_probe	standard	n/a	n/a	n/a	n/a	n/a
1871.282	0	935641	standard_tone	sapo_probe	standard	n/a	n/a	n/a	n/a	n/a
1872.298	0	936149	distractor_noise	sapo_probe	distractor	n/a	n/a	n/a	n/a	n/a
1873.314	0	936657	standard_tone	sapo_probe	standard	n/a	n/a	n/a	n/a	n/a
1874.328	0	937164	standard_tone	sapo_probe	standard	n/a	n/a	n/a	n/a	n/a
1875.346	0	937673	standard_tone	sapo_probe	standard	n/a	n/a	n/a	n/a	n/a
1876.360	0	938180	standard_tone	sapo_probe	standard	n/a	n/a	n/a	n/a	n/a
1877.376	0	938688	standard_tone	sapo_probe	standard	n/a	n/a	n/a	n/a	n/a
1878.392	0	939196	standard_tone	sapo_probe	standard	n/a	n/a	n/a	n/a	n/a
1879.408	0	939704	standard_tone	sapo_probe	standard	n/a	n/a	n/a	n/a	n/a
1880.424	0	940212	standard_tone	sapo_probe	standard	n/a	n/a	n/a	n/a	n/a
1881.440	0	940720	standard_tone	sapo_probe	standard	n/a	n/a	n/a	n/a	n/a
1882.456	0	941228	oddball_tone	sapo_probe	oddball	n/a	n/a	n/a	n/a	n/a
1883.472	0	941736	standard_tone	sapo_probe	standard	n/a	n/a	n/a	n/a	n/a
1884.486	0	942243	distractor_noise	sapo_probe	distractor	n/a	n/a	n/a	n/a	n/a
1885.504	0	942752	standard_tone	sapo_probe	standard	n/a	n/a	n/a	n/a	n/a
1886.518	0	943259	standard_tone	sapo_probe	standard	n/a	n/a	n/a	n/a	n/a
1887.534	0	943767	distractor_noise	sapo_probe	distractor	n/a	n/a	n/a	n/a	n/a
1888.550	0	944275	standard_tone	sapo_probe	standard	n/a	n/a	n/a	n/a	n/a
1889.568	0	944784	standard_tone	sapo_probe	standard	n/a	n/a	n/a	n/a	n/a
1890.582	0	945291	oddball_tone	sapo_probe	oddball	n/a	n/a	n/a	n/a	n/a
1891.598	0	945799	standard_tone	sapo_probe	standard	n/a	n/a	n/a	n/a	n/a
1892.614	0	946307	standard_tone	sapo_probe	standard	n/a	n/a	n/a	n/a	n/a
1893.630	0	946815	standard_tone	sapo_probe	standard	n/a	n/a	n/a	n/a	n/a
1894.646	0	947323	standard_tone	sapo_probe	standard	n/a	n/a	n/a	n/a	n/a
1895.662	0	947831	standard_tone	sapo_probe	standard	n/a	n/a	n/a	n/a	n/a
1896.676	0	948338	distractor_noise	sapo_probe	distractor	n/a	n/a	n/a	n/a	n/a
1897.692	0	948846	standard_tone	sapo_probe	standard	n/a	n/a	n/a	n/a	n/a
1898.710	0	949355	standard_tone	sapo_probe	standard	n/a	n/a	n/a	n/a	n/a
1899.724	0	949862	standard_tone	sapo_probe	standard	n/a	n/a	n/a	n/a	n/a
1900.740	0	950370	standard_tone	sapo_probe	standard	n/a	n/a	n/a	n/a	n/a
1901.756	0	950878	standard_tone	sapo_probe	standard	n/a	n/a	n/a	n/a	n/a
1902.772	0	951386	standard_tone	sapo_probe	standard	n/a	n/a	n/a	n/a	n/a
1903.788	0	951894	standard_tone	sapo_probe	standard	n/a	n/a	n/a	n/a	n/a
1904.804	0	952402	standard_tone	sapo_probe	standard	n/a	n/a	n/a	n/a	n/a
1905.820	0	952910	standard_tone	sapo_probe	standard	n/a	n/a	n/a	n/a	n/a
1906.820	0	953410	standard_tone	sapo_probe	standard	n/a	n/a	n/a	n/a	n/a
1907.834	0	953917	oddball_tone	sapo_probe	oddball	n/a	n/a	n/a	n/a	n/a
1908.850	0	954425	standard_tone	sapo_probe	standard	n/a	n/a	n/a	n/a	n/a
1909.866	0	954933	standard_tone	sapo_probe	standard	n/a	n/a	n/a	n/a	n/a
1910.882	0	955441	standard_tone	sapo_probe	standard	n/a	n/a	n/a	n/a	n/a
1911.898	0	955949	standard_tone	sapo_probe	standard	n/a	n/a	n/a	n/a	n/a
1912.914	0	956457	standard_tone	sapo_probe	standard	n/a	n/a	n/a	n/a	n/a
1913.928	0	956964	standard_tone	sapo_probe	standard	n/a	n/a	n/a	n/a	n/a
1914.946	0	957473	standard_tone	sapo_probe	standard	n/a	n/a	n/a	n/a	n/a
1915.960	0	957980	standard_tone	sapo_probe	standard	n/a	n/a	n/a	n/a	n/a
1916.976	0	958488	standard_tone	sapo_probe	standard	n/a	n/a	n/a	n/a	n/a
1917.992	0	958996	standard_tone	sapo_probe	standard	n/a	n/a	n/a	n/a	n/a
1919.008	0	959504	standard_tone	sapo_probe	standard	n/a	n/a	n/a	n/a	n/a
1920.024	0	960012	standard_tone	sapo_probe	standard	n/a	n/a	n/a	n/a	n/a
1921.040	0	960520	standard_tone	sapo_probe	standard	n/a	n/a	n/a	n/a	n/a
1922.056	0	961028	standard_tone	sapo_probe	standard	n/a	n/a	n/a	n/a	n/a
1923.056	0	961528	oddball_tone	sapo_probe	oddball	n/a	n/a	n/a	n/a	n/a
1924.070	0	962035	standard_tone	sapo_probe	standard	n/a	n/a	n/a	n/a	n/a
1925.086	0	962543	standard_tone	sapo_probe	standard	n/a	n/a	n/a	n/a	n/a
1926.102	0	963051	standard_tone	sapo_probe	standard	n/a	n/a	n/a	n/a	n/a
1927.118	0	963559	standard_tone	sapo_probe	standard	n/a	n/a	n/a	n/a	n/a
1928.134	0	964067	standard_tone	sapo_probe	standard	n/a	n/a	n/a	n/a	n/a
1929.150	0	964575	oddball_tone	sapo_probe	oddball	n/a	n/a	n/a	n/a	n/a
1930.166	0	965083	standard_tone	sapo_probe	standard	n/a	n/a	n/a	n/a	n/a
1931.182	0	965591	standard_tone	sapo_probe	standard	n/a	n/a	n/a	n/a	n/a
1932.198	0	966099	standard_tone	sapo_probe	standard	n/a	n/a	n/a	n/a	n/a
1933.214	0	966607	standard_tone	sapo_probe	standard	n/a	n/a	n/a	n/a	n/a
1934.230	0	967115	standard_tone	sapo_probe	standard	n/a	n/a	n/a	n/a	n/a
1935.246	0	967623	standard_tone	sapo_probe	standard	n/a	n/a	n/a	n/a	n/a
1936.262	0	968131	standard_tone	sapo_probe	standard	n/a	n/a	n/a	n/a	n/a
1937.276	0	968638	distractor_noise	sapo_probe	distractor	n/a	n/a	n/a	n/a	n/a
1938.292	0	969146	standard_tone	sapo_probe	standard	n/a	n/a	n/a	n/a	n/a
1939.308	0	969654	standard_tone	sapo_probe	standard	n/a	n/a	n/a	n/a	n/a
1940.324	0	970162	standard_tone	sapo_probe	standard	n/a	n/a	n/a	n/a	n/a
1941.342	0	970671	standard_tone	sapo_probe	standard	n/a	n/a	n/a	n/a	n/a
1942.356	0	971178	standard_tone	sapo_probe	standard	n/a	n/a	n/a	n/a	n/a
1943.372	0	971686	standard_tone	sapo_probe	standard	n/a	n/a	n/a	n/a	n/a
1944.386	0	972193	oddball_tone	sapo_probe	oddball	n/a	n/a	n/a	n/a	n/a
1945.402	0	972701	standard_tone	sapo_probe	standard	n/a	n/a	n/a	n/a	n/a
1946.420	0	973210	standard_tone	sapo_probe	standard	n/a	n/a	n/a	n/a	n/a
1947.434	0	973717	standard_tone	sapo_probe	standard	n/a	n/a	n/a	n/a	n/a
1948.450	0	974225	standard_tone	sapo_probe	standard	n/a	n/a	n/a	n/a	n/a
1949.466	0	974733	oddball_tone	sapo_probe	oddball	n/a	n/a	n/a	n/a	n/a
1950.482	0	975241	standard_tone	sapo_probe	standard	n/a	n/a	n/a	n/a	n/a
1951.498	0	975749	standard_tone	sapo_probe	standard	n/a	n/a	n/a	n/a	n/a
1952.514	0	976257	standard_tone	sapo_probe	standard	n/a	n/a	n/a	n/a	n/a
1953.530	0	976765	standard_tone	sapo_probe	standard	n/a	n/a	n/a	n/a	n/a
1954.546	0	977273	standard_tone	sapo_probe	standard	n/a	n/a	n/a	n/a	n/a
1955.562	0	977781	standard_tone	sapo_probe	standard	n/a	n/a	n/a	n/a	n/a
1956.578	0	978289	standard_tone	sapo_probe	standard	n/a	n/a	n/a	n/a	n/a
1957.594	0	978797	standard_tone	sapo_probe	standard	n/a	n/a	n/a	n/a	n/a
1958.608	0	979304	standard_tone	sapo_probe	standard	n/a	n/a	n/a	n/a	n/a
1959.608	0	979804	standard_tone	sapo_probe	standard	n/a	n/a	n/a	n/a	n/a
1960.624	0	980312	standard_tone	sapo_probe	standard	n/a	n/a	n/a	n/a	n/a
1961.642	0	980821	distractor_noise	sapo_probe	distractor	n/a	n/a	n/a	n/a	n/a
1962.656	0	981328	standard_tone	sapo_probe	standard	n/a	n/a	n/a	n/a	n/a
1963.006	0	981503	prompt_window_begin	sapo_probe	probe-sapo-probe-begin	n/a	n/a	n/a	n/a	n/a
1972.048	0	986024	depth_rating	sapo_probe	rating-sapo-probe-meditation_depth-0	0	n/a	n/a	n/a	n/a
1978.142	0	989071	clicker_press	sapo_probe	response-received-page_up	n/a	n/a	n/a	n/a	page_up
1978.476	0	989238	clicker_press	sapo_probe	response-received-page_up	n/a	n/a	n/a	n/a	page_up
1978.876	0	989438	clicker_press	sapo_probe	response-received-page_up	n/a	n/a	n/a	n/a	page_up
1982.140	0	991070	confidence_rating	sapo_probe	rating-sapo-probe-confidence_depth-3	n/a	3	n/a	n/a	n/a
1985.570	0	992785	prompt_window_end	sapo_probe	probe-sapo-probe-end	n/a	n/a	n/a	n/a	n/a
1985.570	0	992785	standard_tone	sapo_probe	standard	n/a	n/a	n/a	n/a	n/a
1986.586	0	993293	distractor_noise	sapo_probe	distractor	n/a	n/a	n/a	n/a	n/a
1987.600	0	993800	oddball_tone	sapo_probe	oddball	n/a	n/a	n/a	n/a	n/a
1988.616	0	994308	standard_tone	sapo_probe	standard	n/a	n/a	n/a	n/a	n/a
1989.632	0	994816	distractor_noise	sapo_probe	distractor	n/a	n/a	n/a	n/a	n/a
1990.648	0	995324	standard_tone	sapo_probe	standard	n/a	n/a	n/a	n/a	n/a
1991.664	0	995832	standard_tone	sapo_probe	standard	n/a	n/a	n/a	n/a	n/a
1992.680	0	996340	standard_tone	sapo_probe	standard	n/a	n/a	n/a	n/a	n/a
1993.696	0	996848	standard_tone	sapo_probe	standard	n/a	n/a	n/a	n/a	n/a
1994.712	0	997356	standard_tone	sapo_probe	standard	n/a	n/a	n/a	n/a	n/a
1995.728	0	997864	distractor_noise	sapo_probe	distractor	n/a	n/a	n/a	n/a	n/a
1996.744	0	998372	standard_tone	sapo_probe	standard	n/a	n/a	n/a	n/a	n/a
1997.760	0	998880	standard_tone	sapo_probe	standard	n/a	n/a	n/a	n/a	n/a
1998.692	0	999346	silence_end	sapo_probe	silence-end	n/a	n/a	n/a	n/a	n/a
1998.692	0	999346	subblock_end	sapo_probe	subblock-end-duration-133.505	n/a	n/a	n/a	133.505	n/a
1998.692	0	999346	subblock_begin	sapo_probe	subblock-begin	n/a	n/a	n/a	n/a	n/a
1998.694	0	999347	silence_begin	sapo_probe	silence-begin	n/a	n/a	n/a	n/a	n/a
1998.776	0	999388	oddball_tone	sapo_probe	oddball	n/a	n/a	n/a	n/a	n/a
1999.790	0	999895	standard_tone	sapo_probe	standard	n/a	n/a	n/a	n/a	n/a
2000.806	0	1000403	standard_tone	sapo_probe	standard	n/a	n/a	n/a	n/a	n/a
2001.822	0	1000911	standard_tone	sapo_probe	standard	n/a	n/a	n/a	n/a	n/a
2002.838	0	1001419	standard_tone	sapo_probe	standard	n/a	n/a	n/a	n/a	n/a
2003.838	0	1001919	standard_tone	sapo_probe	standard	n/a	n/a	n/a	n/a	n/a
2004.852	0	1002426	standard_tone	sapo_probe	standard	n/a	n/a	n/a	n/a	n/a
2005.870	0	1002935	distractor_noise	sapo_probe	distractor	n/a	n/a	n/a	n/a	n/a
2006.886	0	1003443	standard_tone	sapo_probe	standard	n/a	n/a	n/a	n/a	n/a
2007.902	0	1003951	oddball_tone	sapo_probe	oddball	n/a	n/a	n/a	n/a	n/a
2008.916	0	1004458	standard_tone	sapo_probe	standard	n/a	n/a	n/a	n/a	n/a
2009.932	0	1004966	standard_tone	sapo_probe	standard	n/a	n/a	n/a	n/a	n/a
2010.948	0	1005474	standard_tone	sapo_probe	standard	n/a	n/a	n/a	n/a	n/a
2011.964	0	1005982	standard_tone	sapo_probe	standard	n/a	n/a	n/a	n/a	n/a
2012.980	0	1006490	standard_tone	sapo_probe	standard	n/a	n/a	n/a	n/a	n/a
2013.996	0	1006998	oddball_tone	sapo_probe	oddball	n/a	n/a	n/a	n/a	n/a
2014.996	0	1007498	standard_tone	sapo_probe	standard	n/a	n/a	n/a	n/a	n/a
2016.012	0	1008006	standard_tone	sapo_probe	standard	n/a	n/a	n/a	n/a	n/a
2017.028	0	1008514	oddball_tone	sapo_probe	oddball	n/a	n/a	n/a	n/a	n/a
2018.044	0	1009022	standard_tone	sapo_probe	standard	n/a	n/a	n/a	n/a	n/a
2019.060	0	1009530	standard_tone	sapo_probe	standard	n/a	n/a	n/a	n/a	n/a
2020.074	0	1010037	standard_tone	sapo_probe	standard	n/a	n/a	n/a	n/a	n/a
2021.092	0	1010546	standard_tone	sapo_probe	standard	n/a	n/a	n/a	n/a	n/a
2022.106	0	1011053	distractor_noise	sapo_probe	distractor	n/a	n/a	n/a	n/a	n/a
2023.122	0	1011561	standard_tone	sapo_probe	standard	n/a	n/a	n/a	n/a	n/a
2024.138	0	1012069	standard_tone	sapo_probe	standard	n/a	n/a	n/a	n/a	n/a
2025.154	0	1012577	standard_tone	sapo_probe	standard	n/a	n/a	n/a	n/a	n/a
2026.170	0	1013085	standard_tone	sapo_probe	standard	n/a	n/a	n/a	n/a	n/a
2027.170	0	1013585	standard_tone	sapo_probe	standard	n/a	n/a	n/a	n/a	n/a
2028.184	0	1014092	standard_tone	sapo_probe	standard	n/a	n/a	n/a	n/a	n/a
2029.200	0	1014600	standard_tone	sapo_probe	standard	n/a	n/a	n/a	n/a	n/a
2030.216	0	1015108	standard_tone	sapo_probe	standard	n/a	n/a	n/a	n/a	n/a
2031.232	0	1015616	standard_tone	sapo_probe	standard	n/a	n/a	n/a	n/a	n/a
2032.248	0	1016124	standard_tone	sapo_probe	standard	n/a	n/a	n/a	n/a	n/a
2033.264	0	1016632	standard_tone	sapo_probe	standard	n/a	n/a	n/a	n/a	n/a
2034.280	0	1017140	standard_tone	sapo_probe	standard	n/a	n/a	n/a	n/a	n/a
2035.296	0	1017648	oddball_tone	sapo_probe	oddball	n/a	n/a	n/a	n/a	n/a
2036.312	0	1018156	standard_tone	sapo_probe	standard	n/a	n/a	n/a	n/a	n/a
2037.328	0	1018664	standard_tone	sapo_probe	standard	n/a	n/a	n/a	n/a	n/a
2038.342	0	1019171	standard_tone	sapo_probe	standard	n/a	n/a	n/a	n/a	n/a
2039.358	0	1019679	standard_tone	sapo_probe	standard	n/a	n/a	n/a	n/a	n/a
2040.374	0	1020187	standard_tone	sapo_probe	standard	n/a	n/a	n/a	n/a	n/a
2041.374	0	1020687	standard_tone	sapo_probe	standard	n/a	n/a	n/a	n/a	n/a
2042.390	0	1021195	standard_tone	sapo_probe	standard	n/a	n/a	n/a	n/a	n/a
2043.406	0	1021703	standard_tone	sapo_probe	standard	n/a	n/a	n/a	n/a	n/a
2044.406	0	1022203	distractor_noise	sapo_probe	distractor	n/a	n/a	n/a	n/a	n/a
2045.420	0	1022710	standard_tone	sapo_probe	standard	n/a	n/a	n/a	n/a	n/a
2046.420	0	1023210	standard_tone	sapo_probe	standard	n/a	n/a	n/a	n/a	n/a
2047.436	0	1023718	standard_tone	sapo_probe	standard	n/a	n/a	n/a	n/a	n/a
2048.452	0	1024226	standard_tone	sapo_probe	standard	n/a	n/a	n/a	n/a	n/a
2049.468	0	1024734	standard_tone	sapo_probe	standard	n/a	n/a	n/a	n/a	n/a
2050.482	0	1025241	standard_tone	sapo_probe	standard	n/a	n/a	n/a	n/a	n/a
2051.498	0	1025749	standard_tone	sapo_probe	standard	n/a	n/a	n/a	n/a	n/a
2052.514	0	1026257	standard_tone	sapo_probe	standard	n/a	n/a	n/a	n/a	n/a
2053.530	0	1026765	standard_tone	sapo_probe	standard	n/a	n/a	n/a	n/a	n/a
2054.546	0	1027273	standard_tone	sapo_probe	standard	n/a	n/a	n/a	n/a	n/a
2055.562	0	1027781	standard_tone	sapo_probe	standard	n/a	n/a	n/a	n/a	n/a
2056.578	0	1028289	standard_tone	sapo_probe	standard	n/a	n/a	n/a	n/a	n/a
2057.594	0	1028797	oddball_tone	sapo_probe	oddball	n/a	n/a	n/a	n/a	n/a
2058.610	0	1029305	standard_tone	sapo_probe	standard	n/a	n/a	n/a	n/a	n/a
2059.626	0	1029813	standard_tone	sapo_probe	standard	n/a	n/a	n/a	n/a	n/a
2060.640	0	1030320	standard_tone	sapo_probe	standard	n/a	n/a	n/a	n/a	n/a
2061.658	0	1030829	standard_tone	sapo_probe	standard	n/a	n/a	n/a	n/a	n/a
2062.672	0	1031336	standard_tone	sapo_probe	standard	n/a	n/a	n/a	n/a	n/a
2063.672	0	1031836	distractor_noise	sapo_probe	distractor	n/a	n/a	n/a	n/a	n/a
2064.688	0	1032344	standard_tone	sapo_probe	standard	n/a	n/a	n/a	n/a	n/a
2065.704	0	1032852	standard_tone	sapo_probe	standard	n/a	n/a	n/a	n/a	n/a
2066.720	0	1033360	distractor_noise	sapo_probe	distractor	n/a	n/a	n/a	n/a	n/a
2067.736	0	1033868	standard_tone	sapo_probe	standard	n/a	n/a	n/a	n/a	n/a
2068.750	0	1034375	standard_tone	sapo_probe	standard	n/a	n/a	n/a	n/a	n/a
2069.750	0	1034875	standard_tone	sapo_probe	standard	n/a	n/a	n/a	n/a	n/a
2070.766	0	1035383	standard_tone	sapo_probe	standard	n/a	n/a	n/a	n/a	n/a
2071.782	0	1035891	standard_tone	sapo_probe	standard	n/a	n/a	n/a	n/a	n/a
2072.782	0	1036391	standard_tone	sapo_probe	standard	n/a	n/a	n/a	n/a	n/a
2073.798	0	1036899	standard_tone	sapo_probe	standard	n/a	n/a	n/a	n/a	n/a
2074.812	0	1037406	standard_tone	sapo_probe	standard	n/a	n/a	n/a	n/a	n/a
2075.828	0	1037914	standard_tone	sapo_probe	standard	n/a	n/a	n/a	n/a	n/a
2076.844	0	1038422	standard_tone	sapo_probe	standard	n/a	n/a	n/a	n/a	n/a
2077.860	0	1038930	standard_tone	sapo_probe	standard	n/a	n/a	n/a	n/a	n/a
2078.876	0	1039438	standard_tone	sapo_probe	standard	n/a	n/a	n/a	n/a	n/a
2079.892	0	1039946	distractor_noise	sapo_probe	distractor	n/a	n/a	n/a	n/a	n/a
2080.908	0	1040454	standard_tone	sapo_probe	standard	n/a	n/a	n/a	n/a	n/a
2081.924	0	1040962	standard_tone	sapo_probe	standard	n/a	n/a	n/a	n/a	n/a
2082.940	0	1041470	standard_tone	sapo_probe	standard	n/a	n/a	n/a	n/a	n/a
2083.956	0	1041978	standard_tone	sapo_probe	standard	n/a	n/a	n/a	n/a	n/a
2084.970	0	1042485	standard_tone	sapo_probe	standard	n/a	n/a	n/a	n/a	n/a
2085.988	0	1042994	distractor_noise	sapo_probe	distractor	n/a	n/a	n/a	n/a	n/a
2087.002	0	1043501	standard_tone	sapo_probe	standard	n/a	n/a	n/a	n/a	n/a
2088.018	0	1044009	standard_tone	sapo_probe	standard	n/a	n/a	n/a	n/a	n/a
2089.034	0	1044517	standard_tone	sapo_probe	standard	n/a	n/a	n/a	n/a	n/a
2090.050	0	1045025	oddball_tone	sapo_probe	oddball	n/a	n/a	n/a	n/a	n/a
2091.066	0	1045533	standard_tone	sapo_probe	standard	n/a	n/a	n/a	n/a	n/a
2092.082	0	1046041	distractor_noise	sapo_probe	distractor	n/a	n/a	n/a	n/a	n/a
2093.082	0	1046541	oddball_tone	sapo_probe	oddball	n/a	n/a	n/a	n/a	n/a
2094.096	0	1047048	distractor_noise	sapo_probe	distractor	n/a	n/a	n/a	n/a	n/a
2095.098	0	1047549	standard_tone	sapo_probe	standard	n/a	n/a	n/a	n/a	n/a
2096.112	0	1048056	standard_tone	sapo_probe	standard	n/a	n/a	n/a	n/a	n/a
2097.128	0	1048564	standard_tone	sapo_probe	standard	n/a	n/a	n/a	n/a	n/a
2098.144	0	1049072	standard_tone	sapo_probe	standard	n/a	n/a	n/a	n/a	n/a
2099.160	0	1049580	standard_tone	sapo_probe	standard	n/a	n/a	n/a	n/a	n/a
2100.176	0	1050088	standard_tone	sapo_probe	standard	n/a	n/a	n/a	n/a	n/a
2101.190	0	1050595	oddball_tone	sapo_probe	oddball	n/a	n/a	n/a	n/a	n/a
2102.190	0	1051095	standard_tone	sapo_probe	standard	n/a	n/a	n/a	n/a	n/a
2103.206	0	1051603	standard_tone	sapo_probe	standard	n/a	n/a	n/a	n/a	n/a
2104.222	0	1052111	standard_tone	sapo_probe	standard	n/a	n/a	n/a	n/a	n/a
2105.238	0	1052619	standard_tone	sapo_probe	standard	n/a	n/a	n/a	n/a	n/a
2105.770	0	1052885	silence_end	sapo_probe	silence-end	n/a	n/a	n/a	n/a	n/a
2105.772	0	1052886	subblock_end	sapo_probe	subblock-end-duration-107.079	n/a	n/a	n/a	107.079	n/a
2105.772	0	1052886	subblock_begin	sapo_probe	subblock-begin	n/a	n/a	n/a	n/a	n/a
2105.772	0	1052886	silence_begin	sapo_probe	silence-begin	n/a	n/a	n/a	n/a	n/a
2106.254	0	1053127	standard_tone	sapo_probe	standard	n/a	n/a	n/a	n/a	n/a
2107.270	0	1053635	standard_tone	sapo_probe	standard	n/a	n/a	n/a	n/a	n/a
2108.284	0	1054142	standard_tone	sapo_probe	standard	n/a	n/a	n/a	n/a	n/a
2109.300	0	1054650	standard_tone	sapo_probe	standard	n/a	n/a	n/a	n/a	n/a
2110.316	0	1055158	standard_tone	sapo_probe	standard	n/a	n/a	n/a	n/a	n/a
2111.332	0	1055666	standard_tone	sapo_probe	standard	n/a	n/a	n/a	n/a	n/a
2112.348	0	1056174	standard_tone	sapo_probe	standard	n/a	n/a	n/a	n/a	n/a
2113.348	0	1056674	oddball_tone	sapo_probe	oddball	n/a	n/a	n/a	n/a	n/a
2114.364	0	1057182	standard_tone	sapo_probe	standard	n/a	n/a	n/a	n/a	n/a
2115.380	0	1057690	standard_tone	sapo_probe	standard	n/a	n/a	n/a	n/a	n/a
2116.378	0	1058189	standard_tone	sapo_probe	standard	n/a	n/a	n/a	n/a	n/a
2117.394	0	1058697	standard_tone	sapo_probe	standard	n/a	n/a	n/a	n/a	n/a
2118.410	0	1059205	standard_tone	sapo_probe	standard	n/a	n/a	n/a	n/a	n/a
2119.426	0	1059713	standard_tone	sapo_probe	standard	n/a	n/a	n/a	n/a	n/a
2120.442	0	1060221	standard_tone	sapo_probe	standard	n/a	n/a	n/a	n/a	n/a
2121.458	0	1060729	standard_tone	sapo_probe	standard	n/a	n/a	n/a	n/a	n/a
2122.474	0	1061237	standard_tone	sapo_probe	standard	n/a	n/a	n/a	n/a	n/a
2123.488	0	1061744	standard_tone	sapo_probe	standard	n/a	n/a	n/a	n/a	n/a
2124.504	0	1062252	oddball_tone	sapo_probe	oddball	n/a	n/a	n/a	n/a	n/a
2125.520	0	1062760	standard_tone	sapo_probe	standard	n/a	n/a	n/a	n/a	n/a
2126.536	0	1063268	standard_tone	sapo_probe	standard	n/a	n/a	n/a	n/a	n/a
2127.552	0	1063776	oddball_tone	sapo_probe	oddball	n/a	n/a	n/a	n/a	n/a
2128.568	0	1064284	standard_tone	sapo_probe	standard	n/a	n/a	n/a	n/a	n/a
2129.584	0	1064792	standard_tone	sapo_probe	standard	n/a	n/a	n/a	n/a	n/a
2130.600	0	1065300	distractor_noise	sapo_probe	distractor	n/a	n/a	n/a	n/a	n/a
2131.616	0	1065808	standard_tone	sapo_probe	standard	n/a	n/a	n/a	n/a	n/a
2132.632	0	1066316	distractor_noise	sapo_probe	distractor	n/a	n/a	n/a	n/a	n/a
2133.648	0	1066824	standard_tone	sapo_probe	standard	n/a	n/a	n/a	n/a	n/a
2134.662	0	1067331	standard_tone	sapo_probe	standard	n/a	n/a	n/a	n/a	n/a
2135.678	0	1067839	oddball_tone	sapo_probe	oddball	n/a	n/a	n/a	n/a	n/a
2136.694	0	1068347	standard_tone	sapo_probe	standard	n/a	n/a	n/a	n/a	n/a
2137.710	0	1068855	standard_tone	sapo_probe	standard	n/a	n/a	n/a	n/a	n/a
2138.726	0	1069363	standard_tone	sapo_probe	standard	n/a	n/a	n/a	n/a	n/a
2139.742	0	1069871	standard_tone	sapo_probe	standard	n/a	n/a	n/a	n/a	n/a
2140.758	0	1070379	standard_tone	sapo_probe	standard	n/a	n/a	n/a	n/a	n/a
2141.774	0	1070887	standard_tone	sapo_probe	standard	n/a	n/a	n/a	n/a	n/a
2142.790	0	1071395	distractor_noise	sapo_probe	distractor	n/a	n/a	n/a	n/a	n/a
2143.806	0	1071903	oddball_tone	sapo_probe	oddball	n/a	n/a	n/a	n/a	n/a
2144.822	0	1072411	standard_tone	sapo_probe	standard	n/a	n/a	n/a	n/a	n/a
2145.838	0	1072919	standard_tone	sapo_probe	standard	n/a	n/a	n/a	n/a	n/a
2146.852	0	1073426	standard_tone	sapo_probe	standard	n/a	n/a	n/a	n/a	n/a
2147.868	0	1073934	standard_tone	sapo_probe	standard	n/a	n/a	n/a	n/a	n/a
2148.884	0	1074442	standard_tone	sapo_probe	standard	n/a	n/a	n/a	n/a	n/a
2149.900	0	1074950	standard_tone	sapo_probe	standard	n/a	n/a	n/a	n/a	n/a
2150.916	0	1075458	standard_tone	sapo_probe	standard	n/a	n/a	n/a	n/a	n/a
2151.932	0	1075966	standard_tone	sapo_probe	standard	n/a	n/a	n/a	n/a	n/a
2152.948	0	1076474	standard_tone	sapo_probe	standard	n/a	n/a	n/a	n/a	n/a
2153.962	0	1076981	standard_tone	sapo_probe	standard	n/a	n/a	n/a	n/a	n/a
2154.980	0	1077490	standard_tone	sapo_probe	standard	n/a	n/a	n/a	n/a	n/a
2155.996	0	1077998	standard_tone	sapo_probe	standard	n/a	n/a	n/a	n/a	n/a
2157.012	0	1078506	standard_tone	sapo_probe	standard	n/a	n/a	n/a	n/a	n/a
2158.028	0	1079014	distractor_noise	sapo_probe	distractor	n/a	n/a	n/a	n/a	n/a
2159.044	0	1079522	standard_tone	sapo_probe	standard	n/a	n/a	n/a	n/a	n/a
2160.058	0	1080029	standard_tone	sapo_probe	standard	n/a	n/a	n/a	n/a	n/a
2161.058	0	1080529	standard_tone	sapo_probe	standard	n/a	n/a	n/a	n/a	n/a
2162.074	0	1081037	standard_tone	sapo_probe	standard	n/a	n/a	n/a	n/a	n/a
2163.090	0	1081545	oddball_tone	sapo_probe	oddball	n/a	n/a	n/a	n/a	n/a
2164.106	0	1082053	standard_tone	sapo_probe	standard	n/a	n/a	n/a	n/a	n/a
2165.122	0	1082561	distractor_noise	sapo_probe	distractor	n/a	n/a	n/a	n/a	n/a
2166.138	0	1083069	standard_tone	sapo_probe	standard	n/a	n/a	n/a	n/a	n/a
2167.152	0	1083576	standard_tone	sapo_probe	standard	n/a	n/a	n/a	n/a	n/a
2168.168	0	1084084	standard_tone	sapo_probe	standard	n/a	n/a	n/a	n/a	n/a
2169.184	0	1084592	standard_tone	sapo_probe	standard	n/a	n/a	n/a	n/a	n/a
2170.200	0	1085100	standard_tone	sapo_probe	standard	n/a	n/a	n/a	n/a	n/a
2171.200	0	1085600	standard_tone	sapo_probe	standard	n/a	n/a	n/a	n/a	n/a
2172.216	0	1086108	standard_tone	sapo_probe	standard	n/a	n/a	n/a	n/a	n/a
2173.232	0	1086616	standard_tone	sapo_probe	standard	n/a	n/a	n/a	n/a	n/a
2174.246	0	1087123	standard_tone	sapo_probe	standard	n/a	n/a	n/a	n/a	n/a
2175.262	0	1087631	distractor_noise	sapo_probe	distractor	n/a	n/a	n/a	n/a	n/a
2176.278	0	1088139	standard_tone	sapo_probe	standard	n/a	n/a	n/a	n/a	n/a
2177.278	0	1088639	standard_tone	sapo_probe	standard	n/a	n/a	n/a	n/a	n/a
2178.294	0	1089147	oddball_tone	sapo_probe	oddball	n/a	n/a	n/a	n/a	n/a
2179.310	0	1089655	standard_tone	sapo_probe	standard	n/a	n/a	n/a	n/a	n/a
2180.326	0	1090163	oddball_tone	sapo_probe	oddball	n/a	n/a	n/a	n/a	n/a
2181.342	0	1090671	standard_tone	sapo_probe	standard	n/a	n/a	n/a	n/a	n/a
2182.356	0	1091178	standard_tone	sapo_probe	standard	n/a	n/a	n/a	n/a	n/a
2183.372	0	1091686	oddball_tone	sapo_probe	oddball	n/a	n/a	n/a	n/a	n/a
2184.388	0	1092194	standard_tone	sapo_probe	standard	n/a	n/a	n/a	n/a	n/a
2185.404	0	1092702	standard_tone	sapo_probe	standard	n/a	n/a	n/a	n/a	n/a
2186.420	0	1093210	oddball_tone	sapo_probe	oddball	n/a	n/a	n/a	n/a	n/a
2187.436	0	1093718	standard_tone	sapo_probe	standard	n/a	n/a	n/a	n/a	n/a
2188.438	0	1094219	standard_tone	sapo_probe	standard	n/a	n/a	n/a	n/a	n/a
2189.450	0	1094725	standard_tone	sapo_probe	standard	n/a	n/a	n/a	n/a	n/a
2190.466	0	1095233	standard_tone	sapo_probe	standard	n/a	n/a	n/a	n/a	n/a
2191.482	0	1095741	standard_tone	sapo_probe	standard	n/a	n/a	n/a	n/a	n/a
2192.498	0	1096249	oddball_tone	sapo_probe	oddball	n/a	n/a	n/a	n/a	n/a
2193.514	0	1096757	standard_tone	sapo_probe	standard	n/a	n/a	n/a	n/a	n/a
2194.530	0	1097265	standard_tone	sapo_probe	standard	n/a	n/a	n/a	n/a	n/a
2195.580	0	1097790	standard_tone	sapo_probe	standard	n/a	n/a	n/a	n/a	n/a
2196.596	0	1098298	oddball_tone	sapo_probe	oddball	n/a	n/a	n/a	n/a	n/a
2197.610	0	1098805	standard_tone	sapo_probe	standard	n/a	n/a	n/a	n/a	n/a
2198.626	0	1099313	standard_tone	sapo_probe	standard	n/a	n/a	n/a	n/a	n/a
2199.642	0	1099821	standard_tone	sapo_probe	standard	n/a	n/a	n/a	n/a	n/a
2200.658	0	1100329	distractor_noise	sapo_probe	distractor	n/a	n/a	n/a	n/a	n/a
2201.674	0	1100837	standard_tone	sapo_probe	standard	n/a	n/a	n/a	n/a	n/a
2202.690	0	1101345	standard_tone	sapo_probe	standard	n/a	n/a	n/a	n/a	n/a
2203.706	0	1101853	standard_tone	sapo_probe	standard	n/a	n/a	n/a	n/a	n/a
2204.722	0	1102361	standard_tone	sapo_probe	standard	n/a	n/a	n/a	n/a	n/a
2205.738	0	1102869	standard_tone	sapo_probe	standard	n/a	n/a	n/a	n/a	n/a
2206.754	0	1103377	oddball_tone	sapo_probe	oddball	n/a	n/a	n/a	n/a	n/a
2207.770	0	1103885	standard_tone	sapo_probe	standard	n/a	n/a	n/a	n/a	n/a
2208.770	0	1104385	standard_tone	sapo_probe	standard	n/a	n/a	n/a	n/a	n/a
2209.784	0	1104892	distractor_noise	sapo_probe	distractor	n/a	n/a	n/a	n/a	n/a
2211.000	0	1105500	silence_end	sapo_probe	silence-end	n/a	n/a	n/a	n/a	n/a
2211.002	0	1105501	subblock_end	sapo_probe	subblock-end-duration-105.23	n/a	n/a	n/a	105.230	n/a
2211.002	0	1105501	subblock_begin	sapo_probe	subblock-begin	n/a	n/a	n/a	n/a	n/a
2211.002	0	1105501	silence_begin	sapo_probe	silence-begin	n/a	n/a	n/a	n/a	n/a
2211.002	0	1105501	prompt_window_begin	sapo_probe	probe-sapo-probe-begin	n/a	n/a	n/a	n/a	n/a
2218.410	0	1109205	clicker_press	sapo_probe	response-received-page_up	n/a	n/a	n/a	n/a	page_up
2218.796	0	1109398	clicker_press	sapo_probe	response-received-page_up	n/a	n/a	n/a	n/a	page_up
2220.026	0	1110013	depth_rating	sapo_probe	rating-sapo-probe-meditation_depth-2	2	n/a	n/a	n/a	n/a
2226.122	0	1113061	clicker_press	sapo_probe	response-received-page_up	n/a	n/a	n/a	n/a	page_up
2226.438	0	1113219	clicker_press	sapo_probe	response-received-page_up	n/a	n/a	n/a	n/a	page_up
2226.720	0	1113360	clicker_press	sapo_probe	response-received-page_up	n/a	n/a	n/a	n/a	page_up
2227.138	0	1113569	clicker_press	sapo_probe	response-received-page_up	n/a	n/a	n/a	n/a	page_up
2230.268	0	1115134	confidence_rating	sapo_probe	rating-sapo-probe-confidence_depth-4	n/a	4	n/a	n/a	n/a
2233.782	0	1116891	prompt_window_end	sapo_probe	probe-sapo-probe-end	n/a	n/a	n/a	n/a	n/a
2233.782	0	1116891	standard_tone	sapo_probe	standard	n/a	n/a	n/a	n/a	n/a
2234.796	0	1117398	standard_tone	sapo_probe	standard	n/a	n/a	n/a	n/a	n/a
2235.812	0	1117906	standard_tone	sapo_probe	standard	n/a	n/a	n/a	n/a	n/a
2236.828	0	1118414	standard_tone	sapo_probe	standard	n/a	n/a	n/a	n/a	n/a
2237.844	0	1118922	standard_tone	sapo_probe	standard	n/a	n/a	n/a	n/a	n/a
2238.862	0	1119431	distractor_noise	sapo_probe	distractor	n/a	n/a	n/a	n/a	n/a
2239.876	0	1119938	standard_tone	sapo_probe	standard	n/a	n/a	n/a	n/a	n/a
2240.892	0	1120446	standard_tone	sapo_probe	standard	n/a	n/a	n/a	n/a	n/a
2241.908	0	1120954	distractor_noise	sapo_probe	distractor	n/a	n/a	n/a	n/a	n/a
2242.924	0	1121462	standard_tone	sapo_probe	standard	n/a	n/a	n/a	n/a	n/a
2243.940	0	1121970	standard_tone	sapo_probe	standard	n/a	n/a	n/a	n/a	n/a
2244.954	0	1122477	standard_tone	sapo_probe	standard	n/a	n/a	n/a	n/a	n/a
2245.970	0	1122985	oddball_tone	sapo_probe	oddball	n/a	n/a	n/a	n/a	n/a
2246.970	0	1123485	standard_tone	sapo_probe	standard	n/a	n/a	n/a	n/a	n/a
2247.986	0	1123993	standard_tone	sapo_probe	standard	n/a	n/a	n/a	n/a	n/a
2249.002	0	1124501	distractor_noise	sapo_probe	distractor	n/a	n/a	n/a	n/a	n/a
2250.018	0	1125009	standard_tone	sapo_probe	standard	n/a	n/a	n/a	n/a	n/a
2251.034	0	1125517	standard_tone	sapo_probe	standard	n/a	n/a	n/a	n/a	n/a
2252.050	0	1126025	distractor_noise	sapo_probe	distractor	n/a	n/a	n/a	n/a	n/a
2253.064	0	1126532	oddball_tone	sapo_probe	oddball	n/a	n/a	n/a	n/a	n/a
2254.080	0	1127040	standard_tone	sapo_probe	standard	n/a	n/a	n/a	n/a	n/a
2255.080	0	1127540	standard_tone	sapo_probe	standard	n/a	n/a	n/a	n/a	n/a
2256.096	0	1128048	distractor_noise	sapo_probe	distractor	n/a	n/a	n/a	n/a	n/a
2257.112	0	1128556	standard_tone	sapo_probe	standard	n/a	n/a	n/a	n/a	n/a
2258.128	0	1129064	standard_tone	sapo_probe	standard	n/a	n/a	n/a	n/a	n/a
2259.144	0	1129572	standard_tone	sapo_probe	standard	n/a	n/a	n/a	n/a	n/a
2260.160	0	1130080	standard_tone	sapo_probe	standard	n/a	n/a	n/a	n/a	n/a
2261.174	0	1130587	standard_tone	sapo_probe	standard	n/a	n/a	n/a	n/a	n/a
2262.190	0	1131095	standard_tone	sapo_probe	standard	n/a	n/a	n/a	n/a	n/a
2263.206	0	1131603	standard_tone	sapo_probe	standard	n/a	n/a	n/a	n/a	n/a
2264.222	0	1132111	standard_tone	sapo_probe	standard	n/a	n/a	n/a	n/a	n/a
2265.238	0	1132619	standard_tone	sapo_probe	standard	n/a	n/a	n/a	n/a	n/a
2266.254	0	1133127	oddball_tone	sapo_probe	oddball	n/a	n/a	n/a	n/a	n/a
2267.270	0	1133635	standard_tone	sapo_probe	standard	n/a	n/a	n/a	n/a	n/a
2268.286	0	1134143	standard_tone	sapo_probe	standard	n/a	n/a	n/a	n/a	n/a
2269.302	0	1134651	standard_tone	sapo_probe	standard	n/a	n/a	n/a	n/a	n/a
2270.318	0	1135159	standard_tone	sapo_probe	standard	n/a	n/a	n/a	n/a	n/a
2271.332	0	1135666	standard_tone	sapo_probe	standard	n/a	n/a	n/a	n/a	n/a
2272.350	0	1136175	standard_tone	sapo_probe	standard	n/a	n/a	n/a	n/a	n/a
2273.364	0	1136682	standard_tone	sapo_probe	standard	n/a	n/a	n/a	n/a	n/a
2274.380	0	1137190	standard_tone	sapo_probe	standard	n/a	n/a	n/a	n/a	n/a
2275.380	0	1137690	standard_tone	sapo_probe	standard	n/a	n/a	n/a	n/a	n/a
2276.396	0	1138198	standard_tone	sapo_probe	standard	n/a	n/a	n/a	n/a	n/a
2277.394	0	1138697	distractor_noise	sapo_probe	distractor	n/a	n/a	n/a	n/a	n/a
2278.410	0	1139205	oddball_tone	sapo_probe	oddball	n/a	n/a	n/a	n/a	n/a
2279.426	0	1139713	distractor_noise	sapo_probe	distractor	n/a	n/a	n/a	n/a	n/a
2280.426	0	1140213	standard_tone	sapo_probe	standard	n/a	n/a	n/a	n/a	n/a
2281.442	0	1140721	standard_tone	sapo_probe	standard	n/a	n/a	n/a	n/a	n/a
2282.458	0	1141229	standard_tone	sapo_probe	standard	n/a	n/a	n/a	n/a	n/a
2283.474	0	1141737	standard_tone	sapo_probe	standard	n/a	n/a	n/a	n/a	n/a
2284.488	0	1142244	standard_tone	sapo_probe	standard	n/a	n/a	n/a	n/a	n/a
2285.488	0	1142744	oddball_tone	sapo_probe	oddball	n/a	n/a	n/a	n/a	n/a
2286.504	0	1143252	standard_tone	sapo_probe	standard	n/a	n/a	n/a	n/a	n/a
2287.520	0	1143760	standard_tone	sapo_probe	standard	n/a	n/a	n/a	n/a	n/a
2288.536	0	1144268	standard_tone	sapo_probe	standard	n/a	n/a	n/a	n/a	n/a
2289.536	0	1144768	standard_tone	sapo_probe	standard	n/a	n/a	n/a	n/a	n/a
2290.550	0	1145275	standard_tone	sapo_probe	standard	n/a	n/a	n/a	n/a	n/a
2291.566	0	1145783	standard_tone	sapo_probe	standard	n/a	n/a	n/a	n/a	n/a
2292.582	0	1146291	standard_tone	sapo_probe	standard	n/a	n/a	n/a	n/a	n/a
2293.598	0	1146799	standard_tone	sapo_probe	standard	n/a	n/a	n/a	n/a	n/a
2294.614	0	1147307	standard_tone	sapo_probe	standard	n/a	n/a	n/a	n/a	n/a
2295.630	0	1147815	standard_tone	sapo_probe	standard	n/a	n/a	n/a	n/a	n/a
2296.646	0	1148323	standard_tone	sapo_probe	standard	n/a	n/a	n/a	n/a	n/a
2297.646	0	1148823	standard_tone	sapo_probe	standard	n/a	n/a	n/a	n/a	n/a
2298.660	0	1149330	standard_tone	sapo_probe	standard	n/a	n/a	n/a	n/a	n/a
2299.676	0	1149838	standard_tone	sapo_probe	standard	n/a	n/a	n/a	n/a	n/a
2300.692	0	1150346	standard_tone	sapo_probe	standard	n/a	n/a	n/a	n/a	n/a
2301.708	0	1150854	standard_tone	sapo_probe	standard	n/a	n/a	n/a	n/a	n/a
2302.724	0	1151362	standard_tone	sapo_probe	standard	n/a	n/a	n/a	n/a	n/a
2303.740	0	1151870	distractor_noise	sapo_probe	distractor	n/a	n/a	n/a	n/a	n/a
2304.740	0	1152370	standard_tone	sapo_probe	standard	n/a	n/a	n/a	n/a	n/a
2305.754	0	1152877	standard_tone	sapo_probe	standard	n/a	n/a	n/a	n/a	n/a
2306.770	0	1153385	distractor_noise	sapo_probe	distractor	n/a	n/a	n/a	n/a	n/a
2307.786	0	1153893	oddball_tone	sapo_probe	oddball	n/a	n/a	n/a	n/a	n/a
2308.802	0	1154401	standard_tone	sapo_probe	standard	n/a	n/a	n/a	n/a	n/a
2309.818	0	1154909	standard_tone	sapo_probe	standard	n/a	n/a	n/a	n/a	n/a
2310.818	0	1155409	distractor_noise	sapo_probe	distractor	n/a	n/a	n/a	n/a	n/a
2311.832	0	1155916	oddball_tone	sapo_probe	oddball	n/a	n/a	n/a	n/a	n/a
2312.832	0	1156416	standard_tone	sapo_probe	standard	n/a	n/a	n/a	n/a	n/a
2313.848	0	1156924	oddball_tone	sapo_probe	oddball	n/a	n/a	n/a	n/a	n/a
2314.864	0	1157432	standard_tone	sapo_probe	standard	n/a	n/a	n/a	n/a	n/a
2315.880	0	1157940	standard_tone	sapo_probe	standard	n/a	n/a	n/a	n/a	n/a
2316.896	0	1158448	standard_tone	sapo_probe	standard	n/a	n/a	n/a	n/a	n/a
2317.912	0	1158956	standard_tone	sapo_probe	standard	n/a	n/a	n/a	n/a	n/a
2318.928	0	1159464	standard_tone	sapo_probe	standard	n/a	n/a	n/a	n/a	n/a
2319.942	0	1159971	oddball_tone	sapo_probe	oddball	n/a	n/a	n/a	n/a	n/a
2320.958	0	1160479	standard_tone	sapo_probe	standard	n/a	n/a	n/a	n/a	n/a
2321.976	0	1160988	oddball_tone	sapo_probe	oddball	n/a	n/a	n/a	n/a	n/a
2322.990	0	1161495	standard_tone	sapo_probe	standard	n/a	n/a	n/a	n/a	n/a
2324.006	0	1162003	standard_tone	sapo_probe	standard	n/a	n/a	n/a	n/a	n/a
2325.022	0	1162511	standard_tone	sapo_probe	standard	n/a	n/a	n/a	n/a	n/a
2326.038	0	1163019	distractor_noise	sapo_probe	distractor	n/a	n/a	n/a	n/a	n/a
2327.054	0	1163527	standard_tone	sapo_probe	standard	n/a	n/a	n/a	n/a	n/a
2328.070	0	1164035	standard_tone	sapo_probe	standard	n/a	n/a	n/a	n/a	n/a
2329.086	0	1164543	standard_tone	sapo_probe	standard	n/a	n/a	n/a	n/a	n/a
2330.102	0	1165051	standard_tone	sapo_probe	standard	n/a	n/a	n/a	n/a	n/a
2331.116	0	1165558	standard_tone	sapo_probe	standard	n/a	n/a	n/a	n/a	n/a
2332.132	0	1166066	standard_tone	sapo_probe	standard	n/a	n/a	n/a	n/a	n/a
2333.148	0	1166574	standard_tone	sapo_probe	standard	n/a	n/a	n/a	n/a	n/a
2334.164	0	1167082	standard_tone	sapo_probe	standard	n/a	n/a	n/a	n/a	n/a
2335.180	0	1167590	standard_tone	sapo_probe	standard	n/a	n/a	n/a	n/a	n/a
2336.196	0	1168098	standard_tone	sapo_probe	standard	n/a	n/a	n/a	n/a	n/a
2337.212	0	1168606	standard_tone	sapo_probe	standard	n/a	n/a	n/a	n/a	n/a
2338.228	0	1169114	standard_tone	sapo_probe	standard	n/a	n/a	n/a	n/a	n/a
2339.244	0	1169622	standard_tone	sapo_probe	standard	n/a	n/a	n/a	n/a	n/a
2340.260	0	1170130	standard_tone	sapo_probe	standard	n/a	n/a	n/a	n/a	n/a
2341.276	0	1170638	standard_tone	sapo_probe	standard	n/a	n/a	n/a	n/a	n/a
2342.292	0	1171146	standard_tone	sapo_probe	standard	n/a	n/a	n/a	n/a	n/a
2343.308	0	1171654	standard_tone	sapo_probe	standard	n/a	n/a	n/a	n/a	n/a
2344.322	0	1172161	standard_tone	sapo_probe	standard	n/a	n/a	n/a	n/a	n/a
2345.338	0	1172669	standard_tone	sapo_probe	standard	n/a	n/a	n/a	n/a	n/a
2346.354	0	1173177	standard_tone	sapo_probe	standard	n/a	n/a	n/a	n/a	n/a
2347.370	0	1173685	oddball_tone	sapo_probe	oddball	n/a	n/a	n/a	n/a	n/a
2348.386	0	1174193	standard_tone	sapo_probe	standard	n/a	n/a	n/a	n/a	n/a
2349.402	0	1174701	standard_tone	sapo_probe	standard	n/a	n/a	n/a	n/a	n/a
2350.402	0	1175201	standard_tone	sapo_probe	standard	n/a	n/a	n/a	n/a	n/a
2351.416	0	1175708	standard_tone	sapo_probe	standard	n/a	n/a	n/a	n/a	n/a
2352.432	0	1176216	distractor_noise	sapo_probe	distractor	n/a	n/a	n/a	n/a	n/a
2353.448	0	1176724	oddball_tone	sapo_probe	oddball	n/a	n/a	n/a	n/a	n/a
2354.464	0	1177232	standard_tone	sapo_probe	standard	n/a	n/a	n/a	n/a	n/a
2355.480	0	1177740	standard_tone	sapo_probe	standard	n/a	n/a	n/a	n/a	n/a
2356.498	0	1178249	distractor_noise	sapo_probe	distractor	n/a	n/a	n/a	n/a	n/a
2357.512	0	1178756	standard_tone	sapo_probe	standard	n/a	n/a	n/a	n/a	n/a
2358.528	0	1179264	standard_tone	sapo_probe	standard	n/a	n/a	n/a	n/a	n/a
2359.526	0	1179763	standard_tone	sapo_probe	standard	n/a	n/a	n/a	n/a	n/a
2360.542	0	1180271	distractor_noise	sapo_probe	distractor	n/a	n/a	n/a	n/a	n/a
2361.560	0	1180780	standard_tone	sapo_probe	standard	n/a	n/a	n/a	n/a	n/a
2362.574	0	1181287	standard_tone	sapo_probe	standard	n/a	n/a	n/a	n/a	n/a
2363.590	0	1181795	oddball_tone	sapo_probe	oddball	n/a	n/a	n/a	n/a	n/a
2364.606	0	1182303	standard_tone	sapo_probe	standard	n/a	n/a	n/a	n/a	n/a
2365.606	0	1182803	standard_tone	sapo_probe	standard	n/a	n/a	n/a	n/a	n/a
2366.622	0	1183311	standard_tone	sapo_probe	standard	n/a	n/a	n/a	n/a	n/a
2367.636	0	1183818	standard_tone	sapo_probe	standard	n/a	n/a	n/a	n/a	n/a
2368.652	0	1184326	oddball_tone	sapo_probe	oddball	n/a	n/a	n/a	n/a	n/a
2369.668	0	1184834	standard_tone	sapo_probe	standard	n/a	n/a	n/a	n/a	n/a
2370.684	0	1185342	distractor_noise	sapo_probe	distractor	n/a	n/a	n/a	n/a	n/a
2371.700	0	1185850	standard_tone	sapo_probe	standard	n/a	n/a	n/a	n/a	n/a
2372.716	0	1186358	standard_tone	sapo_probe	standard	n/a	n/a	n/a	n/a	n/a
2373.732	0	1186866	distractor_noise	sapo_probe	distractor	n/a	n/a	n/a	n/a	n/a
2374.748	0	1187374	standard_tone	sapo_probe	standard	n/a	n/a	n/a	n/a	n/a
2375.764	0	1187882	standard_tone	sapo_probe	standard	n/a	n/a	n/a	n/a	n/a
2376.780	0	1188390	oddball_tone	sapo_probe	oddball	n/a	n/a	n/a	n/a	n/a
2377.794	0	1188897	standard_tone	sapo_probe	standard	n/a	n/a	n/a	n/a	n/a
2378.796	0	1189398	distractor_noise	sapo_probe	distractor	n/a	n/a	n/a	n/a	n/a
2379.810	0	1189905	standard_tone	sapo_probe	standard	n/a	n/a	n/a	n/a	n/a
2380.594	0	1190297	silence_end	sapo_probe	silence-end	n/a	n/a	n/a	n/a	n/a
2380.594	0	1190297	gong_begin	sapo_probe	gong-begin	n/a	n/a	n/a	n/a	n/a
2390.734	0	1195367	gong_end	sapo_probe	gong-end	n/a	n/a	n/a	n/a	n/a
2390.736	0	1195368	subblock_end	sapo_probe	subblock-end-duration-179.734	n/a	n/a	n/a	179.734	n/a
2390.736	0	1195368	subblock_begin	sapo_probe	subblock-begin	n/a	n/a	n/a	n/a	n/a
2390.736	0	1195368	silence_begin	sapo_probe	silence-begin	n/a	n/a	n/a	n/a	n/a
2390.736	0	1195368	standard_tone	sapo_probe	standard	n/a	n/a	n/a	n/a	n/a
2391.750	0	1195875	standard_tone	sapo_probe	standard	n/a	n/a	n/a	n/a	n/a
2392.766	0	1196383	oddball_tone	sapo_probe	oddball	n/a	n/a	n/a	n/a	n/a
2393.780	0	1196890	standard_tone	sapo_probe	standard	n/a	n/a	n/a	n/a	n/a
2394.798	0	1197399	standard_tone	sapo_probe	standard	n/a	n/a	n/a	n/a	n/a
2395.812	0	1197906	standard_tone	sapo_probe	standard	n/a	n/a	n/a	n/a	n/a
2396.830	0	1198415	standard_tone	sapo_probe	standard	n/a	n/a	n/a	n/a	n/a
2397.846	0	1198923	standard_tone	sapo_probe	standard	n/a	n/a	n/a	n/a	n/a
2398.860	0	1199430	oddball_tone	sapo_probe	oddball	n/a	n/a	n/a	n/a	n/a
2399.876	0	1199938	standard_tone	sapo_probe	standard	n/a	n/a	n/a	n/a	n/a
2400.892	0	1200446	standard_tone	sapo_probe	standard	n/a	n/a	n/a	n/a	n/a
2401.908	0	1200954	standard_tone	sapo_probe	standard	n/a	n/a	n/a	n/a	n/a
2402.924	0	1201462	standard_tone	sapo_probe	standard	n/a	n/a	n/a	n/a	n/a
2403.940	0	1201970	oddball_tone	sapo_probe	oddball	n/a	n/a	n/a	n/a	n/a
2404.956	0	1202478	standard_tone	sapo_probe	standard	n/a	n/a	n/a	n/a	n/a
2405.972	0	1202986	standard_tone	sapo_probe	standard	n/a	n/a	n/a	n/a	n/a
2406.988	0	1203494	standard_tone	sapo_probe	standard	n/a	n/a	n/a	n/a	n/a
2408.004	0	1204002	standard_tone	sapo_probe	standard	n/a	n/a	n/a	n/a	n/a
2409.018	0	1204509	standard_tone	sapo_probe	standard	n/a	n/a	n/a	n/a	n/a
2410.034	0	1205017	distractor_noise	sapo_probe	distractor	n/a	n/a	n/a	n/a	n/a
2411.034	0	1205517	standard_tone	sapo_probe	standard	n/a	n/a	n/a	n/a	n/a
2412.050	0	1206025	standard_tone	sapo_probe	standard	n/a	n/a	n/a	n/a	n/a
2413.050	0	1206525	standard_tone	sapo_probe	standard	n/a	n/a	n/a	n/a	n/a
2414.064	0	1207032	standard_tone	sapo_probe	standard	n/a	n/a	n/a	n/a	n/a
2415.080	0	1207540	standard_tone	sapo_probe	standard	n/a	n/a	n/a	n/a	n/a
2416.096	0	1208048	standard_tone	sapo_probe	standard	n/a	n/a	n/a	n/a	n/a
2417.112	0	1208556	standard_tone	sapo_probe	standard	n/a	n/a	n/a	n/a	n/a
2418.128	0	1209064	standard_tone	sapo_probe	standard	n/a	n/a	n/a	n/a	n/a
2419.144	0	1209572	standard_tone	sapo_probe	standard	n/a	n/a	n/a	n/a	n/a
2420.160	0	1210080	oddball_tone	sapo_probe	oddball	n/a	n/a	n/a	n/a	n/a
2421.176	0	1210588	standard_tone	sapo_probe	standard	n/a	n/a	n/a	n/a	n/a
2422.192	0	1211096	standard_tone	sapo_probe	standard	n/a	n/a	n/a	n/a	n/a
2423.208	0	1211604	standard_tone	sapo_probe	standard	n/a	n/a	n/a	n/a	n/a
2424.222	0	1212111	standard_tone	sapo_probe	standard	n/a	n/a	n/a	n/a	n/a
2425.238	0	1212619	standard_tone	sapo_probe	standard	n/a	n/a	n/a	n/a	n/a
2425.788	0	1212894	prompt_window_begin	sapo_probe	probe-sapo-probe-begin	n/a	n/a	n/a	n/a	n/a
2433.566	0	1216783	clicker_press	sapo_probe	response-received-page_up	n/a	n/a	n/a	n/a	page_up
2434.066	0	1217033	clicker_press	sapo_probe	response-received-page_up	n/a	n/a	n/a	n/a	page_up
2434.848	0	1217424	depth_rating	sapo_probe	rating-sapo-probe-meditation_depth-2	2	n/a	n/a	n/a	n/a
2441.126	0	1220563	clicker_press	sapo_probe	response-received-page_up	n/a	n/a	n/a	n/a	page_up
2441.676	0	1220838	clicker_press	sapo_probe	response-received-page_up	n/a	n/a	n/a	n/a	page_up
2442.108	0	1221054	clicker_press	sapo_probe	response-received-page_up	n/a	n/a	n/a	n/a	page_up
2442.558	0	1221279	clicker_press	sapo_probe	response-received-page_up	n/a	n/a	n/a	n/a	page_up
2444.906	0	1222453	confidence_rating	sapo_probe	rating-sapo-probe-confidence_depth-4	n/a	4	n/a	n/a	n/a
2448.354	0	1224177	prompt_window_end	sapo_probe	probe-sapo-probe-end	n/a	n/a	n/a	n/a	n/a
2448.370	0	1224185	standard_tone	sapo_probe	standard	n/a	n/a	n/a	n/a	n/a
2449.386	0	1224693	oddball_tone	sapo_probe	oddball	n/a	n/a	n/a	n/a	n/a
2450.402	0	1225201	standard_tone	sapo_probe	standard	n/a	n/a	n/a	n/a	n/a
2451.418	0	1225709	standard_tone	sapo_probe	standard	n/a	n/a	n/a	n/a	n/a
2452.434	0	1226217	standard_tone	sapo_probe	standard	n/a	n/a	n/a	n/a	n/a
2453.448	0	1226724	standard_tone	sapo_probe	standard	n/a	n/a	n/a	n/a	n/a
2454.464	0	1227232	oddball_tone	sapo_probe	oddball	n/a	n/a	n/a	n/a	n/a
2455.480	0	1227740	standard_tone	sapo_probe	standard	n/a	n/a	n/a	n/a	n/a
2456.496	0	1228248	standard_tone	sapo_probe	standard	n/a	n/a	n/a	n/a	n/a
2457.514	0	1228757	standard_tone	sapo_probe	standard	n/a	n/a	n/a	n/a	n/a
2458.528	0	1229264	standard_tone	sapo_probe	standard	n/a	n/a	n/a	n/a	n/a
2459.544	0	1229772	standard_tone	sapo_probe	standard	n/a	n/a	n/a	n/a	n/a
2460.560	0	1230280	standard_tone	sapo_probe	standard	n/a	n/a	n/a	n/a	n/a
2461.576	0	1230788	distractor_noise	sapo_probe	distractor	n/a	n/a	n/a	n/a	n/a
2462.592	0	1231296	standard_tone	sapo_probe	standard	n/a	n/a	n/a	n/a	n/a
2463.608	0	1231804	standard_tone	sapo_probe	standard	n/a	n/a	n/a	n/a	n/a
2464.622	0	1232311	standard_tone	sapo_probe	standard	n/a	n/a	n/a	n/a	n/a
2465.638	0	1232819	oddball_tone	sapo_probe	oddball	n/a	n/a	n/a	n/a	n/a
2466.654	0	1233327	standard_tone	sapo_probe	standard	n/a	n/a	n/a	n/a	n/a
2467.670	0	1233835	standard_tone	sapo_probe	standard	n/a	n/a	n/a	n/a	n/a
2468.686	0	1234343	standard_tone	sapo_probe	standard	n/a	n/a	n/a	n/a	n/a
2469.702	0	1234851	standard_tone	sapo_probe	standard	n/a	n/a	n/a	n/a	n/a
2470.718	0	1235359	standard_tone	sapo_probe	standard	n/a	n/a	n/a	n/a	n/a
2471.734	0	1235867	standard_tone	sapo_probe	standard	n/a	n/a	n/a	n/a	n/a
2472.750	0	1236375	standard_tone	sapo_probe	standard	n/a	n/a	n/a	n/a	n/a
2473.766	0	1236883	standard_tone	sapo_probe	standard	n/a	n/a	n/a	n/a	n/a
2474.782	0	1237391	standard_tone	sapo_probe	standard	n/a	n/a	n/a	n/a	n/a
2475.796	0	1237898	standard_tone	sapo_probe	standard	n/a	n/a	n/a	n/a	n/a
2476.808	0	1238404	oddball_tone	sapo_probe	oddball	n/a	n/a	n/a	n/a	n/a
2477.812	0	1238906	distractor_noise	sapo_probe	distractor	n/a	n/a	n/a	n/a	n/a
2478.828	0	1239414	standard_tone	sapo_probe	standard	n/a	n/a	n/a	n/a	n/a
2479.844	0	1239922	standard_tone	sapo_probe	standard	n/a	n/a	n/a	n/a	n/a
2480.860	0	1240430	standard_tone	sapo_probe	standard	n/a	n/a	n/a	n/a	n/a
2481.876	0	1240938	standard_tone	sapo_probe	standard	n/a	n/a	n/a	n/a	n/a
2482.892	0	1241446	standard_tone	sapo_probe	standard	n/a	n/a	n/a	n/a	n/a
2483.908	0	1241954	standard_tone	sapo_probe	standard	n/a	n/a	n/a	n/a	n/a
2484.922	0	1242461	standard_tone	sapo_probe	standard	n/a	n/a	n/a	n/a	n/a
2485.938	0	1242969	standard_tone	sapo_probe	standard	n/a	n/a	n/a	n/a	n/a
2486.954	0	1243477	oddball_tone	sapo_probe	oddball	n/a	n/a	n/a	n/a	n/a
2487.970	0	1243985	standard_tone	sapo_probe	standard	n/a	n/a	n/a	n/a	n/a
2488.986	0	1244493	standard_tone	sapo_probe	standard	n/a	n/a	n/a	n/a	n/a
2490.002	0	1245001	distractor_noise	sapo_probe	distractor	n/a	n/a	n/a	n/a	n/a
2491.018	0	1245509	standard_tone	sapo_probe	standard	n/a	n/a	n/a	n/a	n/a
2492.034	0	1246017	oddball_tone	sapo_probe	oddball	n/a	n/a	n/a	n/a	n/a
2493.050	0	1246525	standard_tone	sapo_probe	standard	n/a	n/a	n/a	n/a	n/a
2494.066	0	1247033	standard_tone	sapo_probe	standard	n/a	n/a	n/a	n/a	n/a
2495.080	0	1247540	standard_tone	sapo_probe	standard	n/a	n/a	n/a	n/a	n/a
2496.096	0	1248048	standard_tone	sapo_probe	standard	n/a	n/a	n/a	n/a	n/a
2497.112	0	1248556	standard_tone	sapo_probe	standard	n/a	n/a	n/a	n/a	n/a
2498.128	0	1249064	standard_tone	sapo_probe	standard	n/a	n/a	n/a	n/a	n/a
2499.144	0	1249572	standard_tone	sapo_probe	standard	n/a	n/a	n/a	n/a	n/a
2500.160	0	1250080	distractor_noise	sapo_probe	distractor	n/a	n/a	n/a	n/a	n/a
2501.176	0	1250588	standard_tone	sapo_probe	standard	n/a	n/a	n/a	n/a	n/a
2502.192	0	1251096	standard_tone	sapo_probe	standard	n/a	n/a	n/a	n/a	n/a
2503.208	0	1251604	oddball_tone	sapo_probe	oddball	n/a	n/a	n/a	n/a	n/a
2504.224	0	1252112	standard_tone	sapo_probe	standard	n/a	n/a	n/a	n/a	n/a
2505.240	0	1252620	distractor_noise	sapo_probe	distractor	n/a	n/a	n/a	n/a	n/a
2506.254	0	1253127	standard_tone	sapo_probe	standard	n/a	n/a	n/a	n/a	n/a
2507.272	0	1253636	distractor_noise	sapo_probe	distractor	n/a	n/a	n/a	n/a	n/a
2508.286	0	1254143	oddball_tone	sapo_probe	oddball	n/a	n/a	n/a	n/a	n/a
2509.302	0	1254651	standard_tone	sapo_probe	standard	n/a	n/a	n/a	n/a	n/a
2510.318	0	1255159	standard_tone	sapo_probe	standard	n/a	n/a	n/a	n/a	n/a
2511.334	0	1255667	standard_tone	sapo_probe	standard	n/a	n/a	n/a	n/a	n/a
2512.350	0	1256175	standard_tone	sapo_probe	standard	n/a	n/a	n/a	n/a	n/a
2513.366	0	1256683	standard_tone	sapo_probe	standard	n/a	n/a	n/a	n/a	n/a
2514.382	0	1257191	standard_tone	sapo_probe	standard	n/a	n/a	n/a	n/a	n/a
2515.398	0	1257699	standard_tone	sapo_probe	standard	n/a	n/a	n/a	n/a	n/a
2516.414	0	1258207	standard_tone	sapo_probe	standard	n/a	n/a	n/a	n/a	n/a
2517.430	0	1258715	standard_tone	sapo_probe	standard	n/a	n/a	n/a	n/a	n/a
2518.446	0	1259223	distractor_noise	sapo_probe	distractor	n/a	n/a	n/a	n/a	n/a
2519.460	0	1259730	standard_tone	sapo_probe	standard	n/a	n/a	n/a	n/a	n/a
2520.476	0	1260238	distractor_noise	sapo_probe	distractor	n/a	n/a	n/a	n/a	n/a
2521.492	0	1260746	standard_tone	sapo_probe	standard	n/a	n/a	n/a	n/a	n/a
2522.492	0	1261246	standard_tone	sapo_probe	standard	n/a	n/a	n/a	n/a	n/a
2523.508	0	1261754	oddball_tone	sapo_probe	oddball	n/a	n/a	n/a	n/a	n/a
2524.524	0	1262262	standard_tone	sapo_probe	standard	n/a	n/a	n/a	n/a	n/a
2525.640	0	1262820	silence_end	sapo_probe	silence-end	n/a	n/a	n/a	n/a	n/a
2525.640	0	1262820	gong_begin	sapo_probe	gong-begin	n/a	n/a	n/a	n/a	n/a
2535.764	0	1267882	gong_end	sapo_probe	gong-end	n/a	n/a	n/a	n/a	n/a
2535.766	0	1267883	subblock_end	sapo_probe	subblock-end-duration-145.03	n/a	n/a	n/a	145.030	n/a
2535.766	0	1267883	subblock_begin	sapo_probe	subblock-begin	n/a	n/a	n/a	n/a	n/a
2535.766	0	1267883	silence_begin	sapo_probe	silence-begin	n/a	n/a	n/a	n/a	n/a
2535.766	0	1267883	oddball_tone	sapo_probe	oddball	n/a	n/a	n/a	n/a	n/a
2536.780	0	1268390	standard_tone	sapo_probe	standard	n/a	n/a	n/a	n/a	n/a
2537.796	0	1268898	standard_tone	sapo_probe	standard	n/a	n/a	n/a	n/a	n/a
2538.812	0	1269406	standard_tone	sapo_probe	standard	n/a	n/a	n/a	n/a	n/a
2539.828	0	1269914	standard_tone	sapo_probe	standard	n/a	n/a	n/a	n/a	n/a
2540.844	0	1270422	standard_tone	sapo_probe	standard	n/a	n/a	n/a	n/a	n/a
2541.858	0	1270929	distractor_noise	sapo_probe	distractor	n/a	n/a	n/a	n/a	n/a
2542.874	0	1271437	standard_tone	sapo_probe	standard	n/a	n/a	n/a	n/a	n/a
2543.890	0	1271945	standard_tone	sapo_probe	standard	n/a	n/a	n/a	n/a	n/a
2544.906	0	1272453	standard_tone	sapo_probe	standard	n/a	n/a	n/a	n/a	n/a
2545.922	0	1272961	standard_tone	sapo_probe	standard	n/a	n/a	n/a	n/a	n/a
2546.938	0	1273469	standard_tone	sapo_probe	standard	n/a	n/a	n/a	n/a	n/a
2547.954	0	1273977	oddball_tone	sapo_probe	oddball	n/a	n/a	n/a	n/a	n/a
2548.954	0	1274477	standard_tone	sapo_probe	standard	n/a	n/a	n/a	n/a	n/a
2549.968	0	1274984	standard_tone	sapo_probe	standard	n/a	n/a	n/a	n/a	n/a
2550.984	0	1275492	oddball_tone	sapo_probe	oddball	n/a	n/a	n/a	n/a	n/a
2552.000	0	1276000	standard_tone	sapo_probe	standard	n/a	n/a	n/a	n/a	n/a
2553.000	0	1276500	oddball_tone	sapo_probe	oddball	n/a	n/a	n/a	n/a	n/a
2554.016	0	1277008	standard_tone	sapo_probe	standard	n/a	n/a	n/a	n/a	n/a
2555.032	0	1277516	standard_tone	sapo_probe	standard	n/a	n/a	n/a	n/a	n/a
2556.048	0	1278024	standard_tone	sapo_probe	standard	n/a	n/a	n/a	n/a	n/a
2557.064	0	1278532	standard_tone	sapo_probe	standard	n/a	n/a	n/a	n/a	n/a
2558.078	0	1279039	standard_tone	sapo_probe	standard	n/a	n/a	n/a	n/a	n/a
2559.094	0	1279547	standard_tone	sapo_probe	standard	n/a	n/a	n/a	n/a	n/a
2560.110	0	1280055	standard_tone	sapo_probe	standard	n/a	n/a	n/a	n/a	n/a
2561.126	0	1280563	standard_tone	sapo_probe	standard	n/a	n/a	n/a	n/a	n/a
2562.142	0	1281071	standard_tone	sapo_probe	standard	n/a	n/a	n/a	n/a	n/a
2563.158	0	1281579	standard_tone	sapo_probe	standard	n/a	n/a	n/a	n/a	n/a
2564.176	0	1282088	standard_tone	sapo_probe	standard	n/a	n/a	n/a	n/a	n/a
2565.190	0	1282595	standard_tone	sapo_probe	standard	n/a	n/a	n/a	n/a	n/a
2566.206	0	1283103	standard_tone	sapo_probe	standard	n/a	n/a	n/a	n/a	n/a
2567.208	0	1283604	standard_tone	sapo_probe	standard	n/a	n/a	n/a	n/a	n/a
2568.220	0	1284110	oddball_tone	sapo_probe	oddball	n/a	n/a	n/a	n/a	n/a
2569.236	0	1284618	standard_tone	sapo_probe	standard	n/a	n/a	n/a	n/a	n/a
2570.252	0	1285126	standard_tone	sapo_probe	standard	n/a	n/a	n/a	n/a	n/a
2571.252	0	1285626	distractor_noise	sapo_probe	distractor	n/a	n/a	n/a	n/a	n/a
2572.268	0	1286134	standard_tone	sapo_probe	standard	n/a	n/a	n/a	n/a	n/a
2573.282	0	1286641	standard_tone	sapo_probe	standard	n/a	n/a	n/a	n/a	n/a
2574.298	0	1287149	standard_tone	sapo_probe	standard	n/a	n/a	n/a	n/a	n/a
2575.298	0	1287649	standard_tone	sapo_probe	standard	n/a	n/a	n/a	n/a	n/a
2576.314	0	1288157	distractor_noise	sapo_probe	distractor	n/a	n/a	n/a	n/a	n/a
2577.330	0	1288665	standard_tone	sapo_probe	standard	n/a	n/a	n/a	n/a	n/a
2578.346	0	1289173	standard_tone	sapo_probe	standard	n/a	n/a	n/a	n/a	n/a
2579.362	0	1289681	standard_tone	sapo_probe	standard	n/a	n/a	n/a	n/a	n/a
2580.376	0	1290188	standard_tone	sapo_probe	standard	n/a	n/a	n/a	n/a	n/a
2581.392	0	1290696	standard_tone	sapo_probe	standard	n/a	n/a	n/a	n/a	n/a
2582.408	0	1291204	distractor_noise	sapo_probe	distractor	n/a	n/a	n/a	n/a	n/a
2583.424	0	1291712	oddball_tone	sapo_probe	oddball	n/a	n/a	n/a	n/a	n/a
2584.440	0	1292220	standard_tone	sapo_probe	standard	n/a	n/a	n/a	n/a	n/a
2585.456	0	1292728	standard_tone	sapo_probe	standard	n/a	n/a	n/a	n/a	n/a
2586.472	0	1293236	standard_tone	sapo_probe	standard	n/a	n/a	n/a	n/a	n/a
2587.488	0	1293744	standard_tone	sapo_probe	standard	n/a	n/a	n/a	n/a	n/a
2588.504	0	1294252	standard_tone	sapo_probe	standard	n/a	n/a	n/a	n/a	n/a
2589.520	0	1294760	distractor_noise	sapo_probe	distractor	n/a	n/a	n/a	n/a	n/a
2590.536	0	1295268	standard_tone	sapo_probe	standard	n/a	n/a	n/a	n/a	n/a
2591.552	0	1295776	standard_tone	sapo_probe	standard	n/a	n/a	n/a	n/a	n/a
2592.568	0	1296284	standard_tone	sapo_probe	standard	n/a	n/a	n/a	n/a	n/a
2593.582	0	1296791	standard_tone	sapo_probe	standard	n/a	n/a	n/a	n/a	n/a
2594.598	0	1297299	standard_tone	sapo_probe	standard	n/a	n/a	n/a	n/a	n/a
2595.614	0	1297807	standard_tone	sapo_probe	standard	n/a	n/a	n/a	n/a	n/a
2596.630	0	1298315	standard_tone	sapo_probe	standard	n/a	n/a	n/a	n/a	n/a
2597.646	0	1298823	distractor_noise	sapo_probe	distractor	n/a	n/a	n/a	n/a	n/a
2598.662	0	1299331	standard_tone	sapo_probe	standard	n/a	n/a	n/a	n/a	n/a
2599.678	0	1299839	distractor_noise	sapo_probe	distractor	n/a	n/a	n/a	n/a	n/a
2600.694	0	1300347	standard_tone	sapo_probe	standard	n/a	n/a	n/a	n/a	n/a
2601.710	0	1300855	standard_tone	sapo_probe	standard	n/a	n/a	n/a	n/a	n/a
2602.726	0	1301363	standard_tone	sapo_probe	standard	n/a	n/a	n/a	n/a	n/a
2603.740	0	1301870	oddball_tone	sapo_probe	oddball	n/a	n/a	n/a	n/a	n/a
2604.758	0	1302379	standard_tone	sapo_probe	standard	n/a	n/a	n/a	n/a	n/a
2605.772	0	1302886	standard_tone	sapo_probe	standard	n/a	n/a	n/a	n/a	n/a
2606.772	0	1303386	standard_tone	sapo_probe	standard	n/a	n/a	n/a	n/a	n/a
2607.788	0	1303894	standard_tone	sapo_probe	standard	n/a	n/a	n/a	n/a	n/a
2608.804	0	1304402	standard_tone	sapo_probe	standard	n/a	n/a	n/a	n/a	n/a
2609.820	0	1304910	oddball_tone	sapo_probe	oddball	n/a	n/a	n/a	n/a	n/a
2610.836	0	1305418	standard_tone	sapo_probe	standard	n/a	n/a	n/a	n/a	n/a
2611.850	0	1305925	standard_tone	sapo_probe	standard	n/a	n/a	n/a	n/a	n/a
2612.866	0	1306433	distractor_noise	sapo_probe	distractor	n/a	n/a	n/a	n/a	n/a
2613.882	0	1306941	standard_tone	sapo_probe	standard	n/a	n/a	n/a	n/a	n/a
2614.898	0	1307449	standard_tone	sapo_probe	standard	n/a	n/a	n/a	n/a	n/a
2615.914	0	1307957	standard_tone	sapo_probe	standard	n/a	n/a	n/a	n/a	n/a
2616.930	0	1308465	standard_tone	sapo_probe	standard	n/a	n/a	n/a	n/a	n/a
2617.946	0	1308973	standard_tone	sapo_probe	standard	n/a	n/a	n/a	n/a	n/a
2618.962	0	1309481	standard_tone	sapo_probe	standard	n/a	n/a	n/a	n/a	n/a
2619.978	0	1309989	standard_tone	sapo_probe	standard	n/a	n/a	n/a	n/a	n/a
2620.994	0	1310497	standard_tone	sapo_probe	standard	n/a	n/a	n/a	n/a	n/a
2622.010	0	1311005	oddball_tone	sapo_probe	oddball	n/a	n/a	n/a	n/a	n/a
2623.024	0	1311512	standard_tone	sapo_probe	standard	n/a	n/a	n/a	n/a	n/a
2624.040	0	1312020	distractor_noise	sapo_probe	distractor	n/a	n/a	n/a	n/a	n/a
2625.056	0	1312528	standard_tone	sapo_probe	standard	n/a	n/a	n/a	n/a	n/a
2626.072	0	1313036	standard_tone	sapo_probe	standard	n/a	n/a	n/a	n/a	n/a
2627.074	0	1313537	standard_tone	sapo_probe	standard	n/a	n/a	n/a	n/a	n/a
2628.088	0	1314044	standard_tone	sapo_probe	standard	n/a	n/a	n/a	n/a	n/a
2629.104	0	1314552	oddball_tone	sapo_probe	oddball	n/a	n/a	n/a	n/a	n/a
2630.120	0	1315060	standard_tone	sapo_probe	standard	n/a	n/a	n/a	n/a	n/a
2631.134	0	1315567	standard_tone	sapo_probe	standard	n/a	n/a	n/a	n/a	n/a
2632.150	0	1316075	standard_tone	sapo_probe	standard	n/a	n/a	n/a	n/a	n/a
2633.166	0	1316583	standard_tone	sapo_probe	standard	n/a	n/a	n/a	n/a	n/a
2634.182	0	1317091	standard_tone	sapo_probe	standard	n/a	n/a	n/a	n/a	n/a
2635.198	0	1317599	standard_tone	sapo_probe	standard	n/a	n/a	n/a	n/a	n/a
2636.214	0	1318107	standard_tone	sapo_probe	standard	n/a	n/a	n/a	n/a	n/a
2637.230	0	1318615	oddball_tone	sapo_probe	oddball	n/a	n/a	n/a	n/a	n/a
2638.246	0	1319123	standard_tone	sapo_probe	standard	n/a	n/a	n/a	n/a	n/a
2639.262	0	1319631	oddball_tone	sapo_probe	oddball	n/a	n/a	n/a	n/a	n/a
2640.278	0	1320139	standard_tone	sapo_probe	standard	n/a	n/a	n/a	n/a	n/a
2641.292	0	1320646	standard_tone	sapo_probe	standard	n/a	n/a	n/a	n/a	n/a
2642.308	0	1321154	standard_tone	sapo_probe	standard	n/a	n/a	n/a	n/a	n/a
2643.308	0	1321654	standard_tone	sapo_probe	standard	n/a	n/a	n/a	n/a	n/a
2644.324	0	1322162	standard_tone	sapo_probe	standard	n/a	n/a	n/a	n/a	n/a
2645.340	0	1322670	standard_tone	sapo_probe	standard	n/a	n/a	n/a	n/a	n/a
2646.356	0	1323178	standard_tone	sapo_probe	standard	n/a	n/a	n/a	n/a	n/a
2647.372	0	1323686	standard_tone	sapo_probe	standard	n/a	n/a	n/a	n/a	n/a
2648.388	0	1324194	standard_tone	sapo_probe	standard	n/a	n/a	n/a	n/a	n/a
2649.404	0	1324702	standard_tone	sapo_probe	standard	n/a	n/a	n/a	n/a	n/a
2650.370	0	1325185	prompt_window_begin	sapo_probe	probe-sapo-probe-begin	n/a	n/a	n/a	n/a	n/a
2656.948	0	1328474	clicker_press	sapo_probe	response-received-page_up	n/a	n/a	n/a	n/a	page_up
2657.314	0	1328657	clicker_press	sapo_probe	response-received-page_up	n/a	n/a	n/a	n/a	page_up
2657.646	0	1328823	clicker_press	sapo_probe	response-received-page_up	n/a	n/a	n/a	n/a	page_up
2659.396	0	1329698	depth_rating	sapo_probe	rating-sapo-probe-meditation_depth-3	3	n/a	n/a	n/a	n/a
2665.558	0	1332779	clicker_press	sapo_probe	response-received-page_up	n/a	n/a	n/a	n/a	page_up
2665.890	0	1332945	clicker_press	sapo_probe	response-received-page_up	n/a	n/a	n/a	n/a	page_up
2666.172	0	1333086	clicker_press	sapo_probe	response-received-page_up	n/a	n/a	n/a	n/a	page_up
2669.504	0	1334752	confidence_rating	sapo_probe	rating-sapo-probe-confidence_depth-3	n/a	3	n/a	n/a	n/a
2672.984	0	1336492	prompt_window_end	sapo_probe	probe-sapo-probe-end	n/a	n/a	n/a	n/a	n/a
2672.986	0	1336493	oddball_tone	sapo_probe	oddball	n/a	n/a	n/a	n/a	n/a
2674.000	0	1337000	standard_tone	sapo_probe	standard	n/a	n/a	n/a	n/a	n/a
2675.016	0	1337508	standard_tone	sapo_probe	standard	n/a	n/a	n/a	n/a	n/a
2675.598	0	1337799	silence_end	sapo_probe	silence-end	n/a	n/a	n/a	n/a	n/a
2675.600	0	1337800	gong_begin	sapo_probe	gong-begin	n/a	n/a	n/a	n/a	n/a
2685.756	0	1342878	gong_end	sapo_probe	gong-end	n/a	n/a	n/a	n/a	n/a
2685.758	0	1342879	subblock_end	sapo_probe	subblock-end-duration-149.992	n/a	n/a	n/a	149.992	n/a
2685.758	0	1342879	subblock_begin	sapo_probe	subblock-begin	n/a	n/a	n/a	n/a	n/a
2685.758	0	1342879	silence_begin	sapo_probe	silence-begin	n/a	n/a	n/a	n/a	n/a
2685.772	0	1342886	standard_tone	sapo_probe	standard	n/a	n/a	n/a	n/a	n/a
2686.772	0	1343386	oddball_tone	sapo_probe	oddball	n/a	n/a	n/a	n/a	n/a
2687.792	0	1343896	standard_tone	sapo_probe	standard	n/a	n/a	n/a	n/a	n/a
2688.804	0	1344402	standard_tone	sapo_probe	standard	n/a	n/a	n/a	n/a	n/a
2689.820	0	1344910	standard_tone	sapo_probe	standard	n/a	n/a	n/a	n/a	n/a
2690.836	0	1345418	standard_tone	sapo_probe	standard	n/a	n/a	n/a	n/a	n/a
2691.852	0	1345926	distractor_noise	sapo_probe	distractor	n/a	n/a	n/a	n/a	n/a
2692.868	0	1346434	standard_tone	sapo_probe	standard	n/a	n/a	n/a	n/a	n/a
2693.882	0	1346941	standard_tone	sapo_probe	standard	n/a	n/a	n/a	n/a	n/a
2694.898	0	1347449	standard_tone	sapo_probe	standard	n/a	n/a	n/a	n/a	n/a
2695.914	0	1347957	standard_tone	sapo_probe	standard	n/a	n/a	n/a	n/a	n/a
2696.930	0	1348465	oddball_tone	sapo_probe	oddball	n/a	n/a	n/a	n/a	n/a
2697.946	0	1348973	standard_tone	sapo_probe	standard	n/a	n/a	n/a	n/a	n/a
2698.962	0	1349481	standard_tone	sapo_probe	standard	n/a	n/a	n/a	n/a	n/a
2699.962	0	1349981	standard_tone	sapo_probe	standard	n/a	n/a	n/a	n/a	n/a
2700.978	0	1350489	standard_tone	sapo_probe	standard	n/a	n/a	n/a	n/a	n/a
2701.994	0	1350997	oddball_tone	sapo_probe	oddball	n/a	n/a	n/a	n/a	n/a
2703.008	0	1351504	standard_tone	sapo_probe	standard	n/a	n/a	n/a	n/a	n/a
2704.024	0	1352012	standard_tone	sapo_probe	standard	n/a	n/a	n/a	n/a	n/a
2705.040	0	1352520	standard_tone	sapo_probe	standard	n/a	n/a	n/a	n/a	n/a
2706.056	0	1353028	distractor_noise	sapo_probe	distractor	n/a	n/a	n/a	n/a	n/a
2707.072	0	1353536	standard_tone	sapo_probe	standard	n/a	n/a	n/a	n/a	n/a
2708.088	0	1354044	standard_tone	sapo_probe	standard	n/a	n/a	n/a	n/a	n/a
2709.106	0	1354553	standard_tone	sapo_probe	standard	n/a	n/a	n/a	n/a	n/a
2710.120	0	1355060	distractor_noise	sapo_probe	distractor	n/a	n/a	n/a	n/a	n/a
2711.136	0	1355568	standard_tone	sapo_probe	standard	n/a	n/a	n/a	n/a	n/a
2712.152	0	1356076	standard_tone	sapo_probe	standard	n/a	n/a	n/a	n/a	n/a
2713.168	0	1356584	standard_tone	sapo_probe	standard	n/a	n/a	n/a	n/a	n/a
2714.182	0	1357091	standard_tone	sapo_probe	standard	n/a	n/a	n/a	n/a	n/a
2715.198	0	1357599	oddball_tone	sapo_probe	oddball	n/a	n/a	n/a	n/a	n/a
2716.214	0	1358107	standard_tone	sapo_probe	standard	n/a	n/a	n/a	n/a	n/a
2717.230	0	1358615	standard_tone	sapo_probe	standard	n/a	n/a	n/a	n/a	n/a
2718.246	0	1359123	standard_tone	sapo_probe	standard	n/a	n/a	n/a	n/a	n/a
2719.262	0	1359631	standard_tone	sapo_probe	standard	n/a	n/a	n/a	n/a	n/a
2720.278	0	1360139	standard_tone	sapo_probe	standard	n/a	n/a	n/a	n/a	n/a
2721.294	0	1360647	standard_tone	sapo_probe	standard	n/a	n/a	n/a	n/a	n/a
2722.310	0	1361155	standard_tone	sapo_probe	standard	n/a	n/a	n/a	n/a	n/a
2723.326	0	1361663	standard_tone	sapo_probe	standard	n/a	n/a	n/a	n/a	n/a
2724.340	0	1362170	standard_tone	sapo_probe	standard	n/a	n/a	n/a	n/a	n/a
2725.358	0	1362679	standard_tone	sapo_probe	standard	n/a	n/a	n/a	n/a	n/a
2726.372	0	1363186	distractor_noise	sapo_probe	distractor	n/a	n/a	n/a	n/a	n/a
2727.388	0	1363694	standard_tone	sapo_probe	standard	n/a	n/a	n/a	n/a	n/a
2728.404	0	1364202	standard_tone	sapo_probe	standard	n/a	n/a	n/a	n/a	n/a
2729.420	0	1364710	standard_tone	sapo_probe	standard	n/a	n/a	n/a	n/a	n/a
2730.436	0	1365218	distractor_noise	sapo_probe	distractor	n/a	n/a	n/a	n/a	n/a
2731.452	0	1365726	standard_tone	sapo_probe	standard	n/a	n/a	n/a	n/a	n/a
2732.468	0	1366234	standard_tone	sapo_probe	standard	n/a	n/a	n/a	n/a	n/a
2733.484	0	1366742	standard_tone	sapo_probe	standard	n/a	n/a	n/a	n/a	n/a
2734.500	0	1367250	standard_tone	sapo_probe	standard	n/a	n/a	n/a	n/a	n/a
2735.516	0	1367758	oddball_tone	sapo_probe	oddball	n/a	n/a	n/a	n/a	n/a
2736.532	0	1368266	standard_tone	sapo_probe	standard	n/a	n/a	n/a	n/a	n/a
2737.546	0	1368773	standard_tone	sapo_probe	standard	n/a	n/a	n/a	n/a	n/a
2738.546	0	1369273	standard_tone	sapo_probe	standard	n/a	n/a	n/a	n/a	n/a
2739.562	0	1369781	standard_tone	sapo_probe	standard	n/a	n/a	n/a	n/a	n/a
2740.578	0	1370289	oddball_tone	sapo_probe	oddball	n/a	n/a	n/a	n/a	n/a
2741.576	0	1370788	standard_tone	sapo_probe	standard	n/a	n/a	n/a	n/a	n/a
2742.592	0	1371296	oddball_tone	sapo_probe	oddball	n/a	n/a	n/a	n/a	n/a
2743.608	0	1371804	standard_tone	sapo_probe	standard	n/a	n/a	n/a	n/a	n/a
2744.624	0	1372312	standard_tone	sapo_probe	standard	n/a	n/a	n/a	n/a	n/a
2745.640	0	1372820	standard_tone	sapo_probe	standard	n/a	n/a	n/a	n/a	n/a
2746.656	0	1373328	oddball_tone	sapo_probe	oddball	n/a	n/a	n/a	n/a	n/a
2747.672	0	1373836	standard_tone	sapo_probe	standard	n/a	n/a	n/a	n/a	n/a
2748.688	0	1374344	standard_tone	sapo_probe	standard	n/a	n/a	n/a	n/a	n/a
2749.686	0	1374843	distractor_noise	sapo_probe	distractor	n/a	n/a	n/a	n/a	n/a
2750.704	0	1375352	standard_tone	sapo_probe	standard	n/a	n/a	n/a	n/a	n/a
2751.718	0	1375859	standard_tone	sapo_probe	standard	n/a	n/a	n/a	n/a	n/a
2752.734	0	1376367	standard_tone	sapo_probe	standard	n/a	n/a	n/a	n/a	n/a
2753.750	0	1376875	distractor_noise	sapo_probe	distractor	n/a	n/a	n/a	n/a	n/a
2754.766	0	1377383	standard_tone	sapo_probe	standard	n/a	n/a	n/a	n/a	n/a
2755.782	0	1377891	oddball_tone	sapo_probe	oddball	n/a	n/a	n/a	n/a	n/a
2756.798	0	1378399	standard_tone	sapo_probe	standard	n/a	n/a	n/a	n/a	n/a
2757.814	0	1378907	standard_tone	sapo_probe	standard	n/a	n/a	n/a	n/a	n/a
2758.830	0	1379415	standard_tone	sapo_probe	standard	n/a	n/a	n/a	n/a	n/a
2759.844	0	1379922	standard_tone	sapo_probe	standard	n/a	n/a	n/a	n/a	n/a
2760.862	0	1380431	standard_tone	sapo_probe	standard	n/a	n/a	n/a	n/a	n/a
2761.876	0	1380938	standard_tone	sapo_probe	standard	n/a	n/a	n/a	n/a	n/a
2762.892	0	1381446	standard_tone	sapo_probe	standard	n/a	n/a	n/a	n/a	n/a
2763.892	0	1381946	standard_tone	sapo_probe	standard	n/a	n/a	n/a	n/a	n/a
2764.908	0	1382454	standard_tone	sapo_probe	standard	n/a	n/a	n/a	n/a	n/a
2765.924	0	1382962	standard_tone	sapo_probe	standard	n/a	n/a	n/a	n/a	n/a
2766.938	0	1383469	standard_tone	sapo_probe	standard	n/a	n/a	n/a	n/a	n/a
2767.954	0	1383977	standard_tone	sapo_probe	standard	n/a	n/a	n/a	n/a	n/a
2768.970	0	1384485	distractor_noise	sapo_probe	distractor	n/a	n/a	n/a	n/a	n/a
2769.986	0	1384993	standard_tone	sapo_probe	standard	n/a	n/a	n/a	n/a	n/a
2771.002	0	1385501	standard_tone	sapo_probe	standard	n/a	n/a	n/a	n/a	n/a
2772.002	0	1386001	standard_tone	sapo_probe	standard	n/a	n/a	n/a	n/a	n/a
2773.018	0	1386509	standard_tone	sapo_probe	standard	n/a	n/a	n/a	n/a	n/a
2774.034	0	1387017	oddball_tone	sapo_probe	oddball	n/a	n/a	n/a	n/a	n/a
2775.048	0	1387524	standard_tone	sapo_probe	standard	n/a	n/a	n/a	n/a	n/a
2776.064	0	1388032	standard_tone	sapo_probe	standard	n/a	n/a	n/a	n/a	n/a
2777.080	0	1388540	standard_tone	sapo_probe	standard	n/a	n/a	n/a	n/a	n/a
2778.098	0	1389049	oddball_tone	sapo_probe	oddball	n/a	n/a	n/a	n/a	n/a
2779.112	0	1389556	standard_tone	sapo_probe	standard	n/a	n/a	n/a	n/a	n/a
2780.128	0	1390064	standard_tone	sapo_probe	standard	n/a	n/a	n/a	n/a	n/a
2781.144	0	1390572	standard_tone	sapo_probe	standard	n/a	n/a	n/a	n/a	n/a
2782.160	0	1391080	distractor_noise	sapo_probe	distractor	n/a	n/a	n/a	n/a	n/a
2783.176	0	1391588	standard_tone	sapo_probe	standard	n/a	n/a	n/a	n/a	n/a
2784.192	0	1392096	standard_tone	sapo_probe	standard	n/a	n/a	n/a	n/a	n/a
2785.208	0	1392604	standard_tone	sapo_probe	standard	n/a	n/a	n/a	n/a	n/a
2786.224	0	1393112	standard_tone	sapo_probe	standard	n/a	n/a	n/a	n/a	n/a
2786.472	0	1393236	silence_end	sapo_probe	silence-end	n/a	n/a	n/a	n/a	n/a
2786.474	0	1393237	subblock_end	sapo_probe	subblock-end-duration-100.716	n/a	n/a	n/a	100.716	n/a
2786.474	0	1393237	subblock_begin	sapo_probe	subblock-begin	n/a	n/a	n/a	n/a	n/a
2786.476	0	1393238	silence_begin	sapo_probe	silence-begin	n/a	n/a	n/a	n/a	n/a
2787.240	0	1393620	standard_tone	sapo_probe	standard	n/a	n/a	n/a	n/a	n/a
2788.254	0	1394127	standard_tone	sapo_probe	standard	n/a	n/a	n/a	n/a	n/a
2789.270	0	1394635	standard_tone	sapo_probe	standard	n/a	n/a	n/a	n/a	n/a
2790.286	0	1395143	distractor_noise	sapo_probe	distractor	n/a	n/a	n/a	n/a	n/a
2791.286	0	1395643	standard_tone	sapo_probe	standard	n/a	n/a	n/a	n/a	n/a
2792.302	0	1396151	standard_tone	sapo_probe	standard	n/a	n/a	n/a	n/a	n/a
2793.300	0	1396650	distractor_noise	sapo_probe	distractor	n/a	n/a	n/a	n/a	n/a
2794.316	0	1397158	oddball_tone	sapo_probe	oddball	n/a	n/a	n/a	n/a	n/a
2795.332	0	1397666	standard_tone	sapo_probe	standard	n/a	n/a	n/a	n/a	n/a
2796.348	0	1398174	standard_tone	sapo_probe	standard	n/a	n/a	n/a	n/a	n/a
2797.364	0	1398682	oddball_tone	sapo_probe	oddball	n/a	n/a	n/a	n/a	n/a
2798.380	0	1399190	standard_tone	sapo_probe	standard	n/a	n/a	n/a	n/a	n/a
2799.396	0	1399698	standard_tone	sapo_probe	standard	n/a	n/a	n/a	n/a	n/a
2800.412	0	1400206	standard_tone	sapo_probe	standard	n/a	n/a	n/a	n/a	n/a
2801.428	0	1400714	standard_tone	sapo_probe	standard	n/a	n/a	n/a	n/a	n/a
2802.444	0	1401222	standard_tone	sapo_probe	standard	n/a	n/a	n/a	n/a	n/a
2803.460	0	1401730	distractor_noise	sapo_probe	distractor	n/a	n/a	n/a	n/a	n/a
2804.474	0	1402237	standard_tone	sapo_probe	standard	n/a	n/a	n/a	n/a	n/a
2805.490	0	1402745	standard_tone	sapo_probe	standard	n/a	n/a	n/a	n/a	n/a
2806.506	0	1403253	standard_tone	sapo_probe	standard	n/a	n/a	n/a	n/a	n/a
2807.522	0	1403761	standard_tone	sapo_probe	standard	n/a	n/a	n/a	n/a	n/a
2808.538	0	1404269	distractor_noise	sapo_probe	distractor	n/a	n/a	n/a	n/a	n/a
2809.556	0	1404778	standard_tone	sapo_probe	standard	n/a	n/a	n/a	n/a	n/a
2810.570	0	1405285	standard_tone	sapo_probe	standard	n/a	n/a	n/a	n/a	n/a
2811.586	0	1405793	oddball_tone	sapo_probe	oddball	n/a	n/a	n/a	n/a	n/a
2812.602	0	1406301	standard_tone	sapo_probe	standard	n/a	n/a	n/a	n/a	n/a
2813.618	0	1406809	standard_tone	sapo_probe	standard	n/a	n/a	n/a	n/a	n/a
2814.632	0	1407316	distractor_noise	sapo_probe	distractor	n/a	n/a	n/a	n/a	n/a
2815.648	0	1407824	standard_tone	sapo_probe	standard	n/a	n/a	n/a	n/a	n/a
2816.664	0	1408332	distractor_noise	sapo_probe	distractor	n/a	n/a	n/a	n/a	n/a
2817.680	0	1408840	standard_tone	sapo_probe	standard	n/a	n/a	n/a	n/a	n/a
2818.696	0	1409348	standard_tone	sapo_probe	standard	n/a	n/a	n/a	n/a	n/a
2819.712	0	1409856	standard_tone	sapo_probe	standard	n/a	n/a	n/a	n/a	n/a
2820.712	0	1410356	distractor_noise	sapo_probe	distractor	n/a	n/a	n/a	n/a	n/a
2821.728	0	1410864	standard_tone	sapo_probe	standard	n/a	n/a	n/a	n/a	n/a
2822.744	0	1411372	standard_tone	sapo_probe	standard	n/a	n/a	n/a	n/a	n/a
2823.758	0	1411879	standard_tone	sapo_probe	standard	n/a	n/a	n/a	n/a	n/a
2824.774	0	1412387	standard_tone	sapo_probe	standard	n/a	n/a	n/a	n/a	n/a
2825.790	0	1412895	standard_tone	sapo_probe	standard	n/a	n/a	n/a	n/a	n/a
2826.806	0	1413403	distractor_noise	sapo_probe	distractor	n/a	n/a	n/a	n/a	n/a
2827.822	0	1413911	standard_tone	sapo_probe	standard	n/a	n/a	n/a	n/a	n/a
2828.838	0	1414419	oddball_tone	sapo_probe	oddball	n/a	n/a	n/a	n/a	n/a
2829.854	0	1414927	standard_tone	sapo_probe	standard	n/a	n/a	n/a	n/a	n/a
2830.870	0	1415435	standard_tone	sapo_probe	standard	n/a	n/a	n/a	n/a	n/a
2831.886	0	1415943	oddball_tone	sapo_probe	oddball	n/a	n/a	n/a	n/a	n/a
2832.902	0	1416451	standard_tone	sapo_probe	standard	n/a	n/a	n/a	n/a	n/a
2833.916	0	1416958	standard_tone	sapo_probe	standard	n/a	n/a	n/a	n/a	n/a
2834.932	0	1417466	distractor_noise	sapo_probe	distractor	n/a	n/a	n/a	n/a	n/a
2835.948	0	1417974	standard_tone	sapo_probe	standard	n/a	n/a	n/a	n/a	n/a
2836.964	0	1418482	standard_tone	sapo_probe	standard	n/a	n/a	n/a	n/a	n/a
2837.980	0	1418990	standard_tone	sapo_probe	standard	n/a	n/a	n/a	n/a	n/a
2838.996	0	1419498	standard_tone	sapo_probe	standard	n/a	n/a	n/a	n/a	n/a
2840.012	0	1420006	oddball_tone	sapo_probe	oddball	n/a	n/a	n/a	n/a	n/a
2841.028	0	1420514	standard_tone	sapo_probe	standard	n/a	n/a	n/a	n/a	n/a
2842.044	0	1421022	oddball_tone	sapo_probe	oddball	n/a	n/a	n/a	n/a	n/a
2843.060	0	1421530	standard_tone	sapo_probe	standard	n/a	n/a	n/a	n/a	n/a
2844.076	0	1422038	standard_tone	sapo_probe	standard	n/a	n/a	n/a	n/a	n/a
2845.090	0	1422545	standard_tone	sapo_probe	standard	n/a	n/a	n/a	n/a	n/a
2846.106	0	1423053	standard_tone	sapo_probe	standard	n/a	n/a	n/a	n/a	n/a
2847.122	0	1423561	standard_tone	sapo_probe	standard	n/a	n/a	n/a	n/a	n/a
2848.138	0	1424069	oddball_tone	sapo_probe	oddball	n/a	n/a	n/a	n/a	n/a
2849.156	0	1424578	standard_tone	sapo_probe	standard	n/a	n/a	n/a	n/a	n/a
2850.170	0	1425085	oddball_tone	sapo_probe	oddball	n/a	n/a	n/a	n/a	n/a
2851.186	0	1425593	standard_tone	sapo_probe	standard	n/a	n/a	n/a	n/a	n/a
2852.202	0	1426101	standard_tone	sapo_probe	standard	n/a	n/a	n/a	n/a	n/a
2853.218	0	1426609	distractor_noise	sapo_probe	distractor	n/a	n/a	n/a	n/a	n/a
2854.234	0	1427117	standard_tone	sapo_probe	standard	n/a	n/a	n/a	n/a	n/a
2855.250	0	1427625	standard_tone	sapo_probe	standard	n/a	n/a	n/a	n/a	n/a
2856.266	0	1428133	standard_tone	sapo_probe	standard	n/a	n/a	n/a	n/a	n/a
2857.282	0	1428641	standard_tone	sapo_probe	standard	n/a	n/a	n/a	n/a	n/a
2858.296	0	1429148	standard_tone	sapo_probe	standard	n/a	n/a	n/a	n/a	n/a
2859.312	0	1429656	standard_tone	sapo_probe	standard	n/a	n/a	n/a	n/a	n/a
2860.328	0	1430164	standard_tone	sapo_probe	standard	n/a	n/a	n/a	n/a	n/a
2861.344	0	1430672	standard_tone	sapo_probe	standard	n/a	n/a	n/a	n/a	n/a
2862.360	0	1431180	standard_tone	sapo_probe	standard	n/a	n/a	n/a	n/a	n/a
2863.376	0	1431688	standard_tone	sapo_probe	standard	n/a	n/a	n/a	n/a	n/a
2864.392	0	1432196	standard_tone	sapo_probe	standard	n/a	n/a	n/a	n/a	n/a
2865.408	0	1432704	standard_tone	sapo_probe	standard	n/a	n/a	n/a	n/a	n/a
2866.424	0	1433212	oddball_tone	sapo_probe	oddball	n/a	n/a	n/a	n/a	n/a
2867.440	0	1433720	standard_tone	sapo_probe	standard	n/a	n/a	n/a	n/a	n/a
2868.454	0	1434227	standard_tone	sapo_probe	standard	n/a	n/a	n/a	n/a	n/a
2869.470	0	1434735	standard_tone	sapo_probe	standard	n/a	n/a	n/a	n/a	n/a
2870.486	0	1435243	standard_tone	sapo_probe	standard	n/a	n/a	n/a	n/a	n/a
2871.502	0	1435751	standard_tone	sapo_probe	standard	n/a	n/a	n/a	n/a	n/a
2872.518	0	1436259	standard_tone	sapo_probe	standard	n/a	n/a	n/a	n/a	n/a
2873.534	0	1436767	standard_tone	sapo_probe	standard	n/a	n/a	n/a	n/a	n/a
2874.550	0	1437275	distractor_noise	sapo_probe	distractor	n/a	n/a	n/a	n/a	n/a
2875.566	0	1437783	standard_tone	sapo_probe	standard	n/a	n/a	n/a	n/a	n/a
2876.582	0	1438291	standard_tone	sapo_probe	standard	n/a	n/a	n/a	n/a	n/a
2877.598	0	1438799	distractor_noise	sapo_probe	distractor	n/a	n/a	n/a	n/a	n/a
2878.628	0	1439314	standard_tone	sapo_probe	standard	n/a	n/a	n/a	n/a	n/a
2878.996	0	1439498	prompt_window_begin	sapo_probe	probe-sapo-probe-begin	n/a	n/a	n/a	n/a	n/a
2883.576	0	1441788	clicker_press	sapo_probe	response-received-page_up	n/a	n/a	n/a	n/a	page_up
2885.024	0	1442512	clicker_press	sapo_probe	response-received-page_up	n/a	n/a	n/a	n/a	page_up
2888.106	0	1444053	depth_rating	sapo_probe	rating-sapo-probe-meditation_depth-2	2	n/a	n/a	n/a	n/a
2894.168	0	1447084	clicker_press	sapo_probe	response-received-page_up	n/a	n/a	n/a	n/a	page_up
2894.718	0	1447359	clicker_press	sapo_probe	response-received-page_up	n/a	n/a	n/a	n/a	page_up
2895.168	0	1447584	clicker_press	sapo_probe	response-received-page_up	n/a	n/a	n/a	n/a	page_up
2895.616	0	1447808	clicker_press	sapo_probe	response-received-page_up	n/a	n/a	n/a	n/a	page_up
2898.164	0	1449082	confidence_rating	sapo_probe	rating-sapo-probe-confidence_depth-4	n/a	4	n/a	n/a	n/a
2901.594	0	1450797	prompt_window_end	sapo_probe	probe-sapo-probe-end	n/a	n/a	n/a	n/a	n/a
2901.596	0	1450798	distractor_noise	sapo_probe	distractor	n/a	n/a	n/a	n/a	n/a
2902.610	0	1451305	standard_tone	sapo_probe	standard	n/a	n/a	n/a	n/a	n/a
2903.626	0	1451813	distractor_noise	sapo_probe	distractor	n/a	n/a	n/a	n/a	n/a
2904.642	0	1452321	standard_tone	sapo_probe	standard	n/a	n/a	n/a	n/a	n/a
2905.658	0	1452829	standard_tone	sapo_probe	standard	n/a	n/a	n/a	n/a	n/a
2906.674	0	1453337	standard_tone	sapo_probe	standard	n/a	n/a	n/a	n/a	n/a
2907.690	0	1453845	standard_tone	sapo_probe	standard	n/a	n/a	n/a	n/a	n/a
2908.704	0	1454352	oddball_tone	sapo_probe	oddball	n/a	n/a	n/a	n/a	n/a
2909.720	0	1454860	standard_tone	sapo_probe	standard	n/a	n/a	n/a	n/a	n/a
2910.736	0	1455368	standard_tone	sapo_probe	standard	n/a	n/a	n/a	n/a	n/a
2911.752	0	1455876	standard_tone	sapo_probe	standard	n/a	n/a	n/a	n/a	n/a
2912.768	0	1456384	standard_tone	sapo_probe	standard	n/a	n/a	n/a	n/a	n/a
2913.784	0	1456892	standard_tone	sapo_probe	standard	n/a	n/a	n/a	n/a	n/a
2914.800	0	1457400	standard_tone	sapo_probe	standard	n/a	n/a	n/a	n/a	n/a
2915.816	0	1457908	standard_tone	sapo_probe	standard	n/a	n/a	n/a	n/a	n/a
2916.832	0	1458416	standard_tone	sapo_probe	standard	n/a	n/a	n/a	n/a	n/a
2917.832	0	1458916	standard_tone	sapo_probe	standard	n/a	n/a	n/a	n/a	n/a
2918.846	0	1459423	oddball_tone	sapo_probe	oddball	n/a	n/a	n/a	n/a	n/a
2919.080	0	1459540	silence_end	sapo_probe	silence-end	n/a	n/a	n/a	n/a	n/a
2919.080	0	1459540	gong_begin	sapo_probe	gong-begin	n/a	n/a	n/a	n/a	n/a
2929.172	0	1464586	gong_end	sapo_probe	gong-end	n/a	n/a	n/a	n/a	n/a
2929.172	0	1464586	subblock_end	sapo_probe	subblock-end-duration-142.698	n/a	n/a	n/a	142.698	n/a
2929.172	0	1464586	subblock_begin	sapo_probe	subblock-begin	n/a	n/a	n/a	n/a	n/a
2929.174	0	1464587	silence_begin	sapo_probe	silence-begin	n/a	n/a	n/a	n/a	n/a
2929.188	0	1464594	standard_tone	sapo_probe	standard	n/a	n/a	n/a	n/a	n/a
2930.204	0	1465102	oddball_tone	sapo_probe	oddball	n/a	n/a	n/a	n/a	n/a
2931.220	0	1465610	standard_tone	sapo_probe	standard	n/a	n/a	n/a	n/a	n/a
2932.236	0	1466118	standard_tone	sapo_probe	standard	n/a	n/a	n/a	n/a	n/a
2933.252	0	1466626	oddball_tone	sapo_probe	oddball	n/a	n/a	n/a	n/a	n/a
2934.268	0	1467134	standard_tone	sapo_probe	standard	n/a	n/a	n/a	n/a	n/a
2935.282	0	1467641	standard_tone	sapo_probe	standard	n/a	n/a	n/a	n/a	n/a
2936.298	0	1468149	standard_tone	sapo_probe	standard	n/a	n/a	n/a	n/a	n/a
2937.314	0	1468657	standard_tone	sapo_probe	standard	n/a	n/a	n/a	n/a	n/a
2938.330	0	1469165	standard_tone	sapo_probe	standard	n/a	n/a	n/a	n/a	n/a
2939.346	0	1469673	standard_tone	sapo_probe	standard	n/a	n/a	n/a	n/a	n/a
2940.362	0	1470181	standard_tone	sapo_probe	standard	n/a	n/a	n/a	n/a	n/a
2941.378	0	1470689	standard_tone	sapo_probe	standard	n/a	n/a	n/a	n/a	n/a
2942.394	0	1471197	standard_tone	sapo_probe	standard	n/a	n/a	n/a	n/a	n/a
2943.410	0	1471705	standard_tone	sapo_probe	standard	n/a	n/a	n/a	n/a	n/a
2944.426	0	1472213	standard_tone	sapo_probe	standard	n/a	n/a	n/a	n/a	n/a
2945.426	0	1472713	distractor_noise	sapo_probe	distractor	n/a	n/a	n/a	n/a	n/a
2946.440	0	1473220	standard_tone	sapo_probe	standard	n/a	n/a	n/a	n/a	n/a
2947.456	0	1473728	standard_tone	sapo_probe	standard	n/a	n/a	n/a	n/a	n/a
2948.472	0	1474236	standard_tone	sapo_probe	standard	n/a	n/a	n/a	n/a	n/a
2949.488	0	1474744	standard_tone	sapo_probe	standard	n/a	n/a	n/a	n/a	n/a
2950.504	0	1475252	standard_tone	sapo_probe	standard	n/a	n/a	n/a	n/a	n/a
2951.520	0	1475760	oddball_tone	sapo_probe	oddball	n/a	n/a	n/a	n/a	n/a
2952.536	0	1476268	standard_tone	sapo_probe	standard	n/a	n/a	n/a	n/a	n/a
2953.552	0	1476776	standard_tone	sapo_probe	standard	n/a	n/a	n/a	n/a	n/a
2954.000	0	1477000	sapo_probe_end	sapo_probe	block-sapo-probe-end	n/a	n/a	n/a	n/a	n/a
2954.002	0	1477001	block_duration	sapo_probe	block-sapo-probe-duration-2100	n/a	n/a	n/a	2100.000	n/a
2954.002	0	1477001	break_begin	break	break-begin	n/a	n/a	n/a	n/a	n/a
3063.496	0	1531748	clicker_press	break	response-received-enter	n/a	n/a	n/a	n/a	enter
3063.526	0	1531763	break_end	break	break-end	n/a	n/a	n/a	n/a	n/a
3112.104	0	1556052	clicker_press	n/a	response-received-page_up	n/a	n/a	n/a	n/a	page_up
3112.204	0	1556102	active_oddball_begin	active_oddball	active-oddball-begin	n/a	n/a	n/a	n/a	n/a
3112.212	0	1556106	standard_tone	active_oddball	standard	n/a	n/a	n/a	n/a	n/a
3113.286	0	1556643	standard_tone	active_oddball	standard	n/a	n/a	n/a	n/a	n/a
3114.336	0	1557168	standard_tone	active_oddball	standard	n/a	n/a	n/a	n/a	n/a
3115.350	0	1557675	standard_tone	active_oddball	standard	n/a	n/a	n/a	n/a	n/a
3116.384	0	1558192	standard_tone	active_oddball	standard	n/a	n/a	n/a	n/a	n/a
3117.432	0	1558716	oddball_tone	active_oddball	oddball	n/a	n/a	n/a	n/a	n/a
3118.464	0	1559232	distractor_noise	active_oddball	distractor	n/a	n/a	n/a	n/a	n/a
3118.716	0	1559358	clicker_press	active_oddball	response-received-page_up	n/a	n/a	n/a	n/a	page_up
3118.780	0	1559390	oddball_response	active_oddball	active-oddball-button-press-246ms	n/a	n/a	0.246	n/a	n/a
3119.480	0	1559740	standard_tone	active_oddball	standard	n/a	n/a	n/a	n/a	n/a
3120.514	0	1560257	standard_tone	active_oddball	standard	n/a	n/a	n/a	n/a	n/a
3121.528	0	1560764	standard_tone	active_oddball	standard	n/a	n/a	n/a	n/a	n/a
3122.594	0	1561297	standard_tone	active_oddball	standard	n/a	n/a	n/a	n/a	n/a
3123.644	0	1561822	standard_tone	active_oddball	standard	n/a	n/a	n/a	n/a	n/a
3124.676	0	1562338	standard_tone	active_oddball	standard	n/a	n/a	n/a	n/a	n/a
3125.692	0	1562846	distractor_noise	active_oddball	distractor	n/a	n/a	n/a	n/a	n/a
3126.724	0	1563362	standard_tone	active_oddball	standard	n/a	n/a	n/a	n/a	n/a
3127.758	0	1563879	standard_tone	active_oddball	standard	n/a	n/a	n/a	n/a	n/a
3128.790	0	1564395	standard_tone	active_oddball	standard	n/a	n/a	n/a	n/a	n/a
3129.822	0	1564911	standard_tone	active_oddball	standard	n/a	n/a	n/a	n/a	n/a
3130.870	0	1565435	distractor_noise	active_oddball	distractor	n/a	n/a	n/a	n/a	n/a
3132.004	0	1566002	standard_tone	active_oddball	standard	n/a	n/a	n/a	n/a	n/a
3133.018	0	1566509	standard_tone	active_oddball	standard	n/a	n/a	n/a	n/a	n/a
3134.086	0	1567043	oddball_tone	active_oddball	oddball	n/a	n/a	n/a	n/a	n/a
3134.918	0	1567459	clicker_press	active_oddball	response-received-page_up	n/a	n/a	n/a	n/a	page_up
3134.936	0	1567468	oddball_response	active_oddball	active-oddball-button-press-825ms	n/a	n/a	0.825	n/a	n/a
3135.100	0	1567550	standard_tone	active_oddball	standard	n/a	n/a	n/a	n/a	n/a
3136.118	0	1568059	standard_tone	active_oddball	standard	n/a	n/a	n/a	n/a	n/a
3137.150	0	1568575	standard_tone	active_oddball	standard	n/a	n/a	n/a	n/a	n/a
3138.214	0	1569107	standard_tone	active_oddball	standard	n/a	n/a	n/a	n/a	n/a
3139.264	0	1569632	oddball_tone	active_oddball	oddball	n/a	n/a	n/a	n/a	n/a
3140.048	0	1570024	clicker_press	active_oddball	response-received-page_up	n/a	n/a	n/a	n/a	page_up
3140.064	0	1570032	oddball_response	active_oddball	active-oddball-button-press-776ms	n/a	n/a	0.776	n/a	n/a
3140.280	0	1570140	standard_tone	active_oddball	standard	n/a	n/a	n/a	n/a	n/a
3141.378	0	1570689	standard_tone	active_oddball	standard	n/a	n/a	n/a	n/a	n/a
3142.444	0	1571222	standard_tone	active_oddball	standard	n/a	n/a	n/a	n/a	n/a
3143.478	0	1571739	distractor_noise	active_oddball	distractor	n/a	n/a	n/a	n/a	n/a
3144.544	0	1572272	standard_tone	active_oddball	standard	n/a	n/a	n/a	n/a	n/a
3145.576	0	1572788	distractor_noise	active_oddball	distractor	n/a	n/a	n/a	n/a	n/a
3146.590	0	1573295	standard_tone	active_oddball	standard	n/a	n/a	n/a	n/a	n/a
3147.640	0	1573820	distractor_noise	active_oddball	distractor	n/a	n/a	n/a	n/a	n/a
3148.674	0	1574337	standard_tone	active_oddball	standard	n/a	n/a	n/a	n/a	n/a
3149.688	0	1574844	standard_tone	active_oddball	standard	n/a	n/a	n/a	n/a	n/a
3150.704	0	1575352	standard_tone	active_oddball	standard	n/a	n/a	n/a	n/a	n/a
3151.736	0	1575868	standard_tone	active_oddball	standard	n/a	n/a	n/a	n/a	n/a
3152.752	0	1576376	standard_tone	active_oddball	standard	n/a	n/a	n/a	n/a	n/a
3153.802	0	1576901	standard_tone	active_oddball	standard	n/a	n/a	n/a	n/a	n/a
3154.952	0	1577476	standard_tone	active_oddball	standard	n/a	n/a	n/a	n/a	n/a
3155.968	0	1577984	distractor_noise	active_oddball	distractor	n/a	n/a	n/a	n/a	n/a
3157.000	0	1578500	standard_tone	active_oddball	standard	n/a	n/a	n/a	n/a	n/a
3158.048	0	1579024	standard_tone	active_oddball	standard	n/a	n/a	n/a	n/a	n/a
3159.082	0	1579541	oddball_tone	active_oddball	oddball	n/a	n/a	n/a	n/a	n/a
3160.096	0	1580048	standard_tone	active_oddball	standard	n/a	n/a	n/a	n/a	n/a
3160.198	0	1580099	clicker_press	active_oddball	response-received-page_up	n/a	n/a	n/a	n/a	page_up
3160.330	0	1580165	oddball_response	active_oddball	active-oddball-button-press-95ms	n/a	n/a	0.095	n/a	n/a
3161.212	0	1580606	standard_tone	active_oddball	standard	n/a	n/a	n/a	n/a	n/a
3162.262	0	1581131	standard_tone	active_oddball	standard	n/a	n/a	n/a	n/a	n/a
3163.278	0	1581639	standard_tone	active_oddball	standard	n/a	n/a	n/a	n/a	n/a
3164.310	0	1582155	standard_tone	active_oddball	standard	n/a	n/a	n/a	n/a	n/a
3165.392	0	1582696	distractor_noise	active_oddball	distractor	n/a	n/a	n/a	n/a	n/a
3166.492	0	1583246	standard_tone	active_oddball	standard	n/a	n/a	n/a	n/a	n/a
3167.540	0	1583770	oddball_tone	active_oddball	oddball	n/a	n/a	n/a	n/a	n/a
3168.440	0	1584220	clicker_press	active_oddball	response-received-page_up	n/a	n/a	n/a	n/a	page_up
3168.574	0	1584287	oddball_response	active_oddball	active-oddball-button-press-892ms	n/a	n/a	0.892	n/a	n/a
3168.574	0	1584287	standard_tone	active_oddball	standard	n/a	n/a	n/a	n/a	n/a
3169.606	0	1584803	standard_tone	active_oddball	standard	n/a	n/a	n/a	n/a	n/a
3170.638	0	1585319	standard_tone	active_oddball	standard	n/a	n/a	n/a	n/a	n/a
3171.670	0	1585835	standard_tone	active_oddball	standard	n/a	n/a	n/a	n/a	n/a
3172.720	0	1586360	standard_tone	active_oddball	standard	n/a	n/a	n/a	n/a	n/a
3173.768	0	1586884	oddball_tone	active_oddball	oddball	n/a	n/a	n/a	n/a	n/a
3174.684	0	1587342	clicker_press	active_oddball	response-received-page_up	n/a	n/a	n/a	n/a	page_up
3174.752	0	1587376	oddball_response	active_oddball	active-oddball-button-press-913ms	n/a	n/a	0.913	n/a	n/a
3174.784	0	1587392	standard_tone	active_oddball	standard	n/a	n/a	n/a	n/a	n/a
3175.850	0	1587925	standard_tone	active_oddball	standard	n/a	n/a	n/a	n/a	n/a
3176.918	0	1588459	standard_tone	active_oddball	standard	n/a	n/a	n/a	n/a	n/a
3177.932	0	1588966	standard_tone	active_oddball	standard	n/a	n/a	n/a	n/a	n/a
3179.032	0	1589516	standard_tone	active_oddball	standard	n/a	n/a	n/a	n/a	n/a
3180.096	0	1590048	standard_tone	active_oddball	standard	n/a	n/a	n/a	n/a	n/a
3181.330	0	1590665	oddball_tone	active_oddball	oddball	n/a	n/a	n/a	n/a	n/a
3182.112	0	1591056	clicker_press	active_oddball	response-received-page_up	n/a	n/a	n/a	n/a	page_up
3182.196	0	1591098	oddball_response	active_oddball	active-oddball-button-press-775ms	n/a	n/a	0.775	n/a	n/a
3182.362	0	1591181	standard_tone	active_oddball	standard	n/a	n/a	n/a	n/a	n/a
3183.494	0	1591747	distractor_noise	active_oddball	distractor	n/a	n/a	n/a	n/a	n/a
3184.510	0	1592255	standard_tone	active_oddball	standard	n/a	n/a	n/a	n/a	n/a
3185.542	0	1592771	standard_tone	active_oddball	standard	n/a	n/a	n/a	n/a	n/a
3186.558	0	1593279	standard_tone	active_oddball	standard	n/a	n/a	n/a	n/a	n/a
3187.624	0	1593812	oddball_tone	active_oddball	oddball	n/a	n/a	n/a	n/a	n/a
3188.474	0	1594237	clicker_press	active_oddball	response-received-page_up	n/a	n/a	n/a	n/a	page_up
3188.490	0	1594245	oddball_response	active_oddball	active-oddball-button-press-844ms	n/a	n/a	0.844	n/a	n/a
3188.706	0	1594353	standard_tone	active_oddball	standard	n/a	n/a	n/a	n/a	n/a
3189.756	0	1594878	standard_tone	active_oddball	standard	n/a	n/a	n/a	n/a	n/a
3190.772	0	1595386	standard_tone	active_oddball	standard	n/a	n/a	n/a	n/a	n/a
3191.888	0	1595944	standard_tone	active_oddball	standard	n/a	n/a	n/a	n/a	n/a
3192.902	0	1596451	standard_tone	active_oddball	standard	n/a	n/a	n/a	n/a	n/a
3193.918	0	1596959	oddball_tone	active_oddball	oddball	n/a	n/a	n/a	n/a	n/a
3194.818	0	1597409	clicker_press	active_oddball	response-received-page_up	n/a	n/a	n/a	n/a	page_up
3194.834	0	1597417	oddball_response	active_oddball	active-oddball-button-press-894ms	n/a	n/a	0.894	n/a	n/a
3195.018	0	1597509	distractor_noise	active_oddball	distractor	n/a	n/a	n/a	n/a	n/a
3196.068	0	1598034	standard_tone	active_oddball	standard	n/a	n/a	n/a	n/a	n/a
3197.100	0	1598550	standard_tone	active_oddball	standard	n/a	n/a	n/a	n/a	n/a
3198.116	0	1599058	standard_tone	active_oddball	standard	n/a	n/a	n/a	n/a	n/a
3199.130	0	1599565	oddball_tone	active_oddball	oddball	n/a	n/a	n/a	n/a	n/a
3200.086	0	1600043	clicker_press	active_oddball	response-received-page_up	n/a	n/a	n/a	n/a	page_up
3200.090	0	1600045	oddball_response	active_oddball	active-oddball-button-press-949ms	n/a	n/a	0.949	n/a	n/a
3200.146	0	1600073	standard_tone	active_oddball	standard	n/a	n/a	n/a	n/a	n/a
3201.162	0	1600581	standard_tone	active_oddball	standard	n/a	n/a	n/a	n/a	n/a
3202.196	0	1601098	standard_tone	active_oddball	standard	n/a	n/a	n/a	n/a	n/a
3203.244	0	1601622	oddball_tone	active_oddball	oddball	n/a	n/a	n/a	n/a	n/a
3204.010	0	1602005	clicker_press	active_oddball	response-received-page_up	n/a	n/a	n/a	n/a	page_up
3204.028	0	1602014	oddball_response	active_oddball	active-oddball-button-press-760ms	n/a	n/a	0.760	n/a	n/a
3204.294	0	1602147	standard_tone	active_oddball	standard	n/a	n/a	n/a	n/a	n/a
3205.376	0	1602688	standard_tone	active_oddball	standard	n/a	n/a	n/a	n/a	n/a
3206.408	0	1603204	distractor_noise	active_oddball	distractor	n/a	n/a	n/a	n/a	n/a
3207.474	0	1603737	standard_tone	active_oddball	standard	n/a	n/a	n/a	n/a	n/a
3208.524	0	1604262	standard_tone	active_oddball	standard	n/a	n/a	n/a	n/a	n/a
3209.606	0	1604803	standard_tone	active_oddball	standard	n/a	n/a	n/a	n/a	n/a
3210.654	0	1605327	standard_tone	active_oddball	standard	n/a	n/a	n/a	n/a	n/a
3211.670	0	1605835	standard_tone	active_oddball	standard	n/a	n/a	n/a	n/a	n/a
3212.704	0	1606352	standard_tone	active_oddball	standard	n/a	n/a	n/a	n/a	n/a
3213.736	0	1606868	distractor_noise	active_oddball	distractor	n/a	n/a	n/a	n/a	n/a
3214.786	0	1607393	standard_tone	active_oddball	standard	n/a	n/a	n/a	n/a	n/a
3215.834	0	1607917	standard_tone	active_oddball	standard	n/a	n/a	n/a	n/a	n/a
3216.866	0	1608433	standard_tone	active_oddball	standard	n/a	n/a	n/a	n/a	n/a
3217.882	0	1608941	standard_tone	active_oddball	standard	n/a	n/a	n/a	n/a	n/a
3218.898	0	1609449	distractor_noise	active_oddball	distractor	n/a	n/a	n/a	n/a	n/a
3219.914	0	1609957	standard_tone	active_oddball	standard	n/a	n/a	n/a	n/a	n/a
3220.946	0	1610473	distractor_noise	active_oddball	distractor	n/a	n/a	n/a	n/a	n/a
3221.962	0	1610981	standard_tone	active_oddball	standard	n/a	n/a	n/a	n/a	n/a
3223.012	0	1611506	standard_tone	active_oddball	standard	n/a	n/a	n/a	n/a	n/a
3224.110	0	1612055	standard_tone	active_oddball	standard	n/a	n/a	n/a	n/a	n/a
3225.176	0	1612588	standard_tone	active_oddball	standard	n/a	n/a	n/a	n/a	n/a
3226.192	0	1613096	distractor_noise	active_oddball	distractor	n/a	n/a	n/a	n/a	n/a
3227.208	0	1613604	standard_tone	active_oddball	standard	n/a	n/a	n/a	n/a	n/a
3228.290	0	1614145	standard_tone	active_oddball	standard	n/a	n/a	n/a	n/a	n/a
3229.422	0	1614711	standard_tone	active_oddball	standard	n/a	n/a	n/a	n/a	n/a
3230.438	0	1615219	oddball_tone	active_oddball	oddball	n/a	n/a	n/a	n/a	n/a
3231.272	0	1615636	clicker_press	active_oddball	response-received-page_up	n/a	n/a	n/a	n/a	page_up
3231.338	0	1615669	oddball_response	active_oddball	active-oddball-button-press-827ms	n/a	n/a	0.827	n/a	n/a
3231.470	0	1615735	standard_tone	active_oddball	standard	n/a	n/a	n/a	n/a	n/a
3232.504	0	1616252	standard_tone	active_oddball	standard	n/a	n/a	n/a	n/a	n/a
3233.552	0	1616776	standard_tone	active_oddball	standard	n/a	n/a	n/a	n/a	n/a
3234.568	0	1617284	oddball_tone	active_oddball	oddball	n/a	n/a	n/a	n/a	n/a
3235.500	0	1617750	clicker_press	active_oddball	response-received-page_up	n/a	n/a	n/a	n/a	page_up
3235.518	0	1617759	oddball_response	active_oddball	active-oddball-button-press-926ms	n/a	n/a	0.926	n/a	n/a
3235.734	0	1617867	standard_tone	active_oddball	standard	n/a	n/a	n/a	n/a	n/a
3236.750	0	1618375	standard_tone	active_oddball	standard	n/a	n/a	n/a	n/a	n/a
3237.850	0	1618925	standard_tone	active_oddball	standard	n/a	n/a	n/a	n/a	n/a
3238.900	0	1619450	standard_tone	active_oddball	standard	n/a	n/a	n/a	n/a	n/a
3239.914	0	1619957	standard_tone	active_oddball	standard	n/a	n/a	n/a	n/a	n/a
3240.980	0	1620490	standard_tone	active_oddball	standard	n/a	n/a	n/a	n/a	n/a
3242.046	0	1621023	oddball_tone	active_oddball	oddball	n/a	n/a	n/a	n/a	n/a
3242.844	0	1621422	clicker_press	active_oddball	response-received-page_up	n/a	n/a	n/a	n/a	page_up
3242.878	0	1621439	oddball_response	active_oddball	active-oddball-button-press-792ms	n/a	n/a	0.792	n/a	n/a
3243.162	0	1621581	standard_tone	active_oddball	standard	n/a	n/a	n/a	n/a	n/a
3244.176	0	1622088	standard_tone	active_oddball	standard	n/a	n/a	n/a	n/a	n/a
3245.226	0	1622613	distractor_noise	active_oddball	distractor	n/a	n/a	n/a	n/a	n/a
3246.458	0	1623229	standard_tone	active_oddball	standard	n/a	n/a	n/a	n/a	n/a
3247.474	0	1623737	standard_tone	active_oddball	standard	n/a	n/a	n/a	n/a	n/a
3248.490	0	1624245	standard_tone	active_oddball	standard	n/a	n/a	n/a	n/a	n/a
3249.506	0	1624753	standard_tone	active_oddball	standard	n/a	n/a	n/a	n/a	n/a
3250.656	0	1625328	standard_tone	active_oddball	standard	n/a	n/a	n/a	n/a	n/a
3251.720	0	1625860	standard_tone	active_oddball	standard	n/a	n/a	n/a	n/a	n/a
3252.754	0	1626377	standard_tone	active_oddball	standard	n/a	n/a	n/a	n/a	n/a
3253.802	0	1626901	standard_tone	active_oddball	standard	n/a	n/a	n/a	n/a	n/a
3254.834	0	1627417	standard_tone	active_oddball	standard	n/a	n/a	n/a	n/a	n/a
3255.918	0	1627959	standard_tone	active_oddball	standard	n/a	n/a	n/a	n/a	n/a
3257.166	0	1628583	standard_tone	active_oddball	standard	n/a	n/a	n/a	n/a	n/a
3258.198	0	1629099	standard_tone	active_oddball	standard	n/a	n/a	n/a	n/a	n/a
3259.232	0	1629616	standard_tone	active_oddball	standard	n/a	n/a	n/a	n/a	n/a
3260.264	0	1630132	standard_tone	active_oddball	standard	n/a	n/a	n/a	n/a	n/a
3261.280	0	1630640	standard_tone	active_oddball	standard	n/a	n/a	n/a	n/a	n/a
3262.296	0	1631148	standard_tone	active_oddball	standard	n/a	n/a	n/a	n/a	n/a
3263.344	0	1631672	distractor_noise	active_oddball	distractor	n/a	n/a	n/a	n/a	n/a
3264.378	0	1632189	standard_tone	active_oddball	standard	n/a	n/a	n/a	n/a	n/a
3265.410	0	1632705	standard_tone	active_oddball	standard	n/a	n/a	n/a	n/a	n/a
3266.458	0	1633229	standard_tone	active_oddball	standard	n/a	n/a	n/a	n/a	n/a
3267.474	0	1633737	oddball_tone	active_oddball	oddball	n/a	n/a	n/a	n/a	n/a
3268.490	0	1634245	standard_tone	active_oddball	standard	n/a	n/a	n/a	n/a	n/a
3268.574	0	1634287	clicker_press	active_oddball	response-received-page_up	n/a	n/a	n/a	n/a	page_up
3268.590	0	1634295	oddball_response	active_oddball	active-oddball-button-press-78ms	n/a	n/a	0.078	n/a	n/a
3269.572	0	1634786	standard_tone	active_oddball	standard	n/a	n/a	n/a	n/a	n/a
3270.638	0	1635319	standard_tone	active_oddball	standard	n/a	n/a	n/a	n/a	n/a
3271.672	0	1635836	standard_tone	active_oddball	standard	n/a	n/a	n/a	n/a	n/a
3272.686	0	1636343	standard_tone	active_oddball	standard	n/a	n/a	n/a	n/a	n/a
3273.702	0	1636851	standard_tone	active_oddball	standard	n/a	n/a	n/a	n/a	n/a
3274.768	0	1637384	standard_tone	active_oddball	standard	n/a	n/a	n/a	n/a	n/a
3275.784	0	1637892	standard_tone	active_oddball	standard	n/a	n/a	n/a	n/a	n/a
3276.800	0	1638400	standard_tone	active_oddball	standard	n/a	n/a	n/a	n/a	n/a
3277.816	0	1638908	standard_tone	active_oddball	standard	n/a	n/a	n/a	n/a	n/a
3278.832	0	1639416	standard_tone	active_oddball	standard	n/a	n/a	n/a	n/a	n/a
3279.898	0	1639949	oddball_tone	active_oddball	oddball	n/a	n/a	n/a	n/a	n/a
3280.680	0	1640340	clicker_press	active_oddball	response-received-page_up	n/a	n/a	n/a	n/a	page_up
3280.698	0	1640349	oddball_response	active_oddball	active-oddball-button-press-776ms	n/a	n/a	0.776	n/a	n/a
3280.930	0	1640465	standard_tone	active_oddball	standard	n/a	n/a	n/a	n/a	n/a
3282.114	0	1641057	distractor_noise	active_oddball	distractor	n/a	n/a	n/a	n/a	n/a
3283.194	0	1641597	standard_tone	active_oddball	standard	n/a	n/a	n/a	n/a	n/a
3284.244	0	1642122	standard_tone	active_oddball	standard	n/a	n/a	n/a	n/a	n/a
3285.260	0	1642630	standard_tone	active_oddball	standard	n/a	n/a	n/a	n/a	n/a
3286.292	0	1643146	standard_tone	active_oddball	standard	n/a	n/a	n/a	n/a	n/a
3287.308	0	1643654	oddball_tone	active_oddball	oddball	n/a	n/a	n/a	n/a	n/a
3288.108	0	1644054	clicker_press	active_oddball	response-received-page_up	n/a	n/a	n/a	n/a	page_up
3288.158	0	1644079	oddball_response	active_oddball	active-oddball-button-press-792ms	n/a	n/a	0.792	n/a	n/a
3288.376	0	1644188	standard_tone	active_oddball	standard	n/a	n/a	n/a	n/a	n/a
3289.390	0	1644695	distractor_noise	active_oddball	distractor	n/a	n/a	n/a	n/a	n/a
3290.456	0	1645228	standard_tone	active_oddball	standard	n/a	n/a	n/a	n/a	n/a
3291.588	0	1645794	oddball_tone	active_oddball	oddball	n/a	n/a	n/a	n/a	n/a
3292.420	0	1646210	clicker_press	active_oddball	response-received-page_up	n/a	n/a	n/a	n/a	page_up
3292.470	0	1646235	oddball_response	active_oddball	active-oddball-button-press-825ms	n/a	n/a	0.825	n/a	n/a
3292.620	0	1646310	standard_tone	active_oddball	standard	n/a	n/a	n/a	n/a	n/a
3293.636	0	1646818	standard_tone	active_oddball	standard	n/a	n/a	n/a	n/a	n/a
3294.686	0	1647343	distractor_noise	active_oddball	distractor	n/a	n/a	n/a	n/a	n/a
3295.718	0	1647859	standard_tone	active_oddball	standard	n/a	n/a	n/a	n/a	n/a
3296.768	0	1648384	standard_tone	active_oddball	standard	n/a	n/a	n/a	n/a	n/a
3297.782	0	1648891	standard_tone	active_oddball	standard	n/a	n/a	n/a	n/a	n/a
3298.816	0	1649408	standard_tone	active_oddball	standard	n/a	n/a	n/a	n/a	n/a
3299.848	0	1649924	standard_tone	active_oddball	standard	n/a	n/a	n/a	n/a	n/a
3300.864	0	1650432	standard_tone	active_oddball	standard	n/a	n/a	n/a	n/a	n/a
3301.896	0	1650948	standard_tone	active_oddball	standard	n/a	n/a	n/a	n/a	n/a
3302.928	0	1651464	standard_tone	active_oddball	standard	n/a	n/a	n/a	n/a	n/a
3303.962	0	1651981	standard_tone	active_oddball	standard	n/a	n/a	n/a	n/a	n/a
3305.010	0	1652505	standard_tone	active_oddball	standard	n/a	n/a	n/a	n/a	n/a
3306.026	0	1653013	standard_tone	active_oddball	standard	n/a	n/a	n/a	n/a	n/a
3307.042	0	1653521	standard_tone	active_oddball	standard	n/a	n/a	n/a	n/a	n/a
3308.074	0	1654037	standard_tone	active_oddball	standard	n/a	n/a	n/a	n/a	n/a
3309.108	0	1654554	standard_tone	active_oddball	standard	n/a	n/a	n/a	n/a	n/a
3310.122	0	1655061	oddball_tone	active_oddball	oddball	n/a	n/a	n/a	n/a	n/a
3310.888	0	1655444	clicker_press	active_oddball	response-received-page_up	n/a	n/a	n/a	n/a	page_up
3310.972	0	1655486	oddball_response	active_oddball	active-oddball-button-press-759ms	n/a	n/a	0.759	n/a	n/a
3311.156	0	1655578	standard_tone	active_oddball	standard	n/a	n/a	n/a	n/a	n/a
3312.188	0	1656094	standard_tone	active_oddball	standard	n/a	n/a	n/a	n/a	n/a
3313.220	0	1656610	standard_tone	active_oddball	standard	n/a	n/a	n/a	n/a	n/a
3314.252	0	1657126	standard_tone	active_oddball	standard	n/a	n/a	n/a	n/a	n/a
3315.452	0	1657726	standard_tone	active_oddball	standard	n/a	n/a	n/a	n/a	n/a
3316.502	0	1658251	standard_tone	active_oddball	standard	n/a	n/a	n/a	n/a	n/a
3317.534	0	1658767	standard_tone	active_oddball	standard	n/a	n/a	n/a	n/a	n/a
3318.582	0	1659291	distractor_noise	active_oddball	distractor	n/a	n/a	n/a	n/a	n/a
3319.598	0	1659799	standard_tone	active_oddball	standard	n/a	n/a	n/a	n/a	n/a
3320.614	0	1660307	standard_tone	active_oddball	standard	n/a	n/a	n/a	n/a	n/a
3321.696	0	1660848	oddball_tone	active_oddball	oddball	n/a	n/a	n/a	n/a	n/a
3322.428	0	1661214	clicker_press	active_oddball	response-received-page_up	n/a	n/a	n/a	n/a	page_up
3322.462	0	1661231	oddball_response	active_oddball	active-oddball-button-press-726ms	n/a	n/a	0.726	n/a	n/a
3322.762	0	1661381	standard_tone	active_oddball	standard	n/a	n/a	n/a	n/a	n/a
3323.812	0	1661906	standard_tone	active_oddball	standard	n/a	n/a	n/a	n/a	n/a
3324.860	0	1662430	standard_tone	active_oddball	standard	n/a	n/a	n/a	n/a	n/a
3325.960	0	1662980	standard_tone	active_oddball	standard	n/a	n/a	n/a	n/a	n/a
3326.976	0	1663488	standard_tone	active_oddball	standard	n/a	n/a	n/a	n/a	n/a
3327.992	0	1663996	standard_tone	active_oddball	standard	n/a	n/a	n/a	n/a	n/a
3329.024	0	1664512	oddball_tone	active_oddball	oddball	n/a	n/a	n/a	n/a	n/a
3329.756	0	1664878	clicker_press	active_oddball	response-received-page_up	n/a	n/a	n/a	n/a	page_up
3329.790	0	1664895	oddball_response	active_oddball	active-oddball-button-press-726ms	n/a	n/a	0.726	n/a	n/a
3330.056	0	1665028	standard_tone	active_oddball	standard	n/a	n/a	n/a	n/a	n/a
3331.172	0	1665586	standard_tone	active_oddball	standard	n/a	n/a	n/a	n/a	n/a
3332.222	0	1666111	standard_tone	active_oddball	standard	n/a	n/a	n/a	n/a	n/a
3333.270	0	1666635	standard_tone	active_oddball	standard	n/a	n/a	n/a	n/a	n/a
3334.286	0	1667143	distractor_noise	active_oddball	distractor	n/a	n/a	n/a	n/a	n/a
3335.352	0	1667676	standard_tone	active_oddball	standard	n/a	n/a	n/a	n/a	n/a
3336.368	0	1668184	oddball_tone	active_oddball	oddball	n/a	n/a	n/a	n/a	n/a
3337.200	0	1668600	clicker_press	active_oddball	response-received-page_up	n/a	n/a	n/a	n/a	page_up
3337.316	0	1668658	oddball_response	active_oddball	active-oddball-button-press-825ms	n/a	n/a	0.825	n/a	n/a
3337.384	0	1668692	standard_tone	active_oddball	standard	n/a	n/a	n/a	n/a	n/a
3338.416	0	1669208	standard_tone	active_oddball	standard	n/a	n/a	n/a	n/a	n/a
3339.432	0	1669716	standard_tone	active_oddball	standard	n/a	n/a	n/a	n/a	n/a
3340.480	0	1670240	standard_tone	active_oddball	standard	n/a	n/a	n/a	n/a	n/a
3341.496	0	1670748	standard_tone	active_oddball	standard	n/a	n/a	n/a	n/a	n/a
3342.512	0	1671256	oddball_tone	active_oddball	oddball	n/a	n/a	n/a	n/a	n/a
3343.296	0	1671648	clicker_press	active_oddball	response-received-page_up	n/a	n/a	n/a	n/a	page_up
3343.314	0	1671657	oddball_response	active_oddball	active-oddball-button-press-776ms	n/a	n/a	0.776	n/a	n/a
3343.546	0	1671773	standard_tone	active_oddball	standard	n/a	n/a	n/a	n/a	n/a
3344.694	0	1672347	oddball_tone	active_oddball	oddball	n/a	n/a	n/a	n/a	n/a
3345.544	0	1672772	clicker_press	active_oddball	response-received-page_up	n/a	n/a	n/a	n/a	page_up
3345.660	0	1672830	oddball_response	active_oddball	active-oddball-button-press-843ms	n/a	n/a	0.843	n/a	n/a
3345.760	0	1672880	standard_tone	active_oddball	standard	n/a	n/a	n/a	n/a	n/a
3346.776	0	1673388	standard_tone	active_oddball	standard	n/a	n/a	n/a	n/a	n/a
3347.842	0	1673921	standard_tone	active_oddball	standard	n/a	n/a	n/a	n/a	n/a
3348.890	0	1674445	standard_tone	active_oddball	standard	n/a	n/a	n/a	n/a	n/a
3349.922	0	1674961	standard_tone	active_oddball	standard	n/a	n/a	n/a	n/a	n/a
3350.988	0	1675494	standard_tone	active_oddball	standard	n/a	n/a	n/a	n/a	n/a
3352.022	0	1676011	standard_tone	active_oddball	standard	n/a	n/a	n/a	n/a	n/a
3353.054	0	1676527	standard_tone	active_oddball	standard	n/a	n/a	n/a	n/a	n/a
3354.068	0	1677034	distractor_noise	active_oddball	distractor	n/a	n/a	n/a	n/a	n/a
3355.168	0	1677584	oddball_tone	active_oddball	oddball	n/a	n/a	n/a	n/a	n/a
3356.068	0	1678034	clicker_press	active_oddball	response-received-page_up	n/a	n/a	n/a	n/a	page_up
3356.202	0	1678101	oddball_response	active_oddball	active-oddball-button-press-892ms	n/a	n/a	0.892	n/a	n/a
3356.202	0	1678101	standard_tone	active_oddball	standard	n/a	n/a	n/a	n/a	n/a
3357.216	0	1678608	standard_tone	active_oddball	standard	n/a	n/a	n/a	n/a	n/a
3358.232	0	1679116	standard_tone	active_oddball	standard	n/a	n/a	n/a	n/a	n/a
3359.266	0	1679633	standard_tone	active_oddball	standard	n/a	n/a	n/a	n/a	n/a
3360.314	0	1680157	standard_tone	active_oddball	standard	n/a	n/a	n/a	n/a	n/a
3361.446	0	1680723	standard_tone	active_oddball	standard	n/a	n/a	n/a	n/a	n/a
3362.480	0	1681240	oddball_tone	active_oddball	oddball	n/a	n/a	n/a	n/a	n/a
3363.246	0	1681623	clicker_press	active_oddball	response-received-page_up	n/a	n/a	n/a	n/a	page_up
3363.278	0	1681639	oddball_response	active_oddball	active-oddball-button-press-759ms	n/a	n/a	0.759	n/a	n/a
3363.494	0	1681747	standard_tone	active_oddball	standard	n/a	n/a	n/a	n/a	n/a
3364.528	0	1682264	standard_tone	active_oddball	standard	n/a	n/a	n/a	n/a	n/a
3365.576	0	1682788	standard_tone	active_oddball	standard	n/a	n/a	n/a	n/a	n/a
3366.610	0	1683305	standard_tone	active_oddball	standard	n/a	n/a	n/a	n/a	n/a
3367.642	0	1683821	standard_tone	active_oddball	standard	n/a	n/a	n/a	n/a	n/a
3368.674	0	1684337	standard_tone	active_oddball	standard	n/a	n/a	n/a	n/a	n/a
3369.690	0	1684845	standard_tone	active_oddball	standard	n/a	n/a	n/a	n/a	n/a
3370.788	0	1685394	standard_tone	active_oddball	standard	n/a	n/a	n/a	n/a	n/a
3371.904	0	1685952	distractor_noise	active_oddball	distractor	n/a	n/a	n/a	n/a	n/a
3372.938	0	1686469	standard_tone	active_oddball	standard	n/a	n/a	n/a	n/a	n/a
3373.970	0	1686985	standard_tone	active_oddball	standard	n/a	n/a	n/a	n/a	n/a
3375.002	0	1687501	standard_tone	active_oddball	standard	n/a	n/a	n/a	n/a	n/a
3376.084	0	1688042	standard_tone	active_oddball	standard	n/a	n/a	n/a	n/a	n/a
3377.100	0	1688550	standard_tone	active_oddball	standard	n/a	n/a	n/a	n/a	n/a
3378.134	0	1689067	standard_tone	active_oddball	standard	n/a	n/a	n/a	n/a	n/a
3379.248	0	1689624	standard_tone	active_oddball	standard	n/a	n/a	n/a	n/a	n/a
3380.282	0	1690141	standard_tone	active_oddball	standard	n/a	n/a	n/a	n/a	n/a
3381.298	0	1690649	standard_tone	active_oddball	standard	n/a	n/a	n/a	n/a	n/a
3382.312	0	1691156	standard_tone	active_oddball	standard	n/a	n/a	n/a	n/a	n/a
3383.346	0	1691673	distractor_noise	active_oddball	distractor	n/a	n/a	n/a	n/a	n/a
3384.362	0	1692181	standard_tone	active_oddball	standard	n/a	n/a	n/a	n/a	n/a
3385.576	0	1692788	standard_tone	active_oddball	standard	n/a	n/a	n/a	n/a	n/a
3386.626	0	1693313	standard_tone	active_oddball	standard	n/a	n/a	n/a	n/a	n/a
3387.676	0	1693838	standard_tone	active_oddball	standard	n/a	n/a	n/a	n/a	n/a
3388.708	0	1694354	distractor_noise	active_oddball	distractor	n/a	n/a	n/a	n/a	n/a
3389.790	0	1694895	standard_tone	active_oddball	standard	n/a	n/a	n/a	n/a	n/a
3390.822	0	1695411	standard_tone	active_oddball	standard	n/a	n/a	n/a	n/a	n/a
3391.854	0	1695927	standard_tone	active_oddball	standard	n/a	n/a	n/a	n/a	n/a
3392.870	0	1696435	standard_tone	active_oddball	standard	n/a	n/a	n/a	n/a	n/a
3393.904	0	1696952	standard_tone	active_oddball	standard	n/a	n/a	n/a	n/a	n/a
3394.920	0	1697460	standard_tone	active_oddball	standard	n/a	n/a	n/a	n/a	n/a
3395.934	0	1697967	standard_tone	active_oddball	standard	n/a	n/a	n/a	n/a	n/a
3397.000	0	1698500	standard_tone	active_oddball	standard	n/a	n/a	n/a	n/a	n/a
3398.050	0	1699025	standard_tone	active_oddball	standard	n/a	n/a	n/a	n/a	n/a
3399.166	0	1699583	standard_tone	active_oddball	standard	n/a	n/a	n/a	n/a	n/a
3400.182	0	1700091	standard_tone	active_oddball	standard	n/a	n/a	n/a	n/a	n/a
3401.198	0	1700599	oddball_tone	active_oddball	oddball	n/a	n/a	n/a	n/a	n/a
3401.980	0	1700990	clicker_press	active_oddball	response-received-page_up	n/a	n/a	n/a	n/a	page_up
3402.030	0	1701015	oddball_response	active_oddball	active-oddball-button-press-775ms	n/a	n/a	0.775	n/a	n/a
3402.212	0	1701106	standard_tone	active_oddball	standard	n/a	n/a	n/a	n/a	n/a
3403.328	0	1701664	distractor_noise	active_oddball	distractor	n/a	n/a	n/a	n/a	n/a
3404.344	0	1702172	standard_tone	active_oddball	standard	n/a	n/a	n/a	n/a	n/a
3405.360	0	1702680	oddball_tone	active_oddball	oddball	n/a	n/a	n/a	n/a	n/a
3406.142	0	1703071	clicker_press	active_oddball	response-received-page_up	n/a	n/a	n/a	n/a	page_up
3406.194	0	1703097	oddball_response	active_oddball	active-oddball-button-press-776ms	n/a	n/a	0.776	n/a	n/a
3406.410	0	1703205	standard_tone	active_oddball	standard	n/a	n/a	n/a	n/a	n/a
3407.426	0	1703713	standard_tone	active_oddball	standard	n/a	n/a	n/a	n/a	n/a
3408.508	0	1704254	standard_tone	active_oddball	standard	n/a	n/a	n/a	n/a	n/a
3409.656	0	1704828	standard_tone	active_oddball	standard	n/a	n/a	n/a	n/a	n/a
3410.690	0	1705345	standard_tone	active_oddball	standard	n/a	n/a	n/a	n/a	n/a
3411.722	0	1705861	standard_tone	active_oddball	standard	n/a	n/a	n/a	n/a	n/a
3412.736	0	1706368	standard_tone	active_oddball	standard	n/a	n/a	n/a	n/a	n/a
3413.752	0	1706876	oddball_tone	active_oddball	oddball	n/a	n/a	n/a	n/a	n/a
3414.602	0	1707301	clicker_press	active_oddball	response-received-page_up	n/a	n/a	n/a	n/a	page_up
3414.652	0	1707326	oddball_response	active_oddball	active-oddball-button-press-846ms	n/a	n/a	0.846	n/a	n/a
3414.786	0	1707393	standard_tone	active_oddball	standard	n/a	n/a	n/a	n/a	n/a
3415.802	0	1707901	oddball_tone	active_oddball	oddball	n/a	n/a	n/a	n/a	n/a
3416.666	0	1708333	clicker_press	active_oddball	response-received-page_up	n/a	n/a	n/a	n/a	page_up
3416.716	0	1708358	oddball_response	active_oddball	active-oddball-button-press-859ms	n/a	n/a	0.859	n/a	n/a
3416.816	0	1708408	distractor_noise	active_oddball	distractor	n/a	n/a	n/a	n/a	n/a
3417.866	0	1708933	standard_tone	active_oddball	standard	n/a	n/a	n/a	n/a	n/a
3418.898	0	1709449	standard_tone	active_oddball	standard	n/a	n/a	n/a	n/a	n/a
3419.948	0	1709974	distractor_noise	active_oddball	distractor	n/a	n/a	n/a	n/a	n/a
3420.964	0	1710482	standard_tone	active_oddball	standard	n/a	n/a	n/a	n/a	n/a
3421.996	0	1710998	standard_tone	active_oddball	standard	n/a	n/a	n/a	n/a	n/a
3423.028	0	1711514	standard_tone	active_oddball	standard	n/a	n/a	n/a	n/a	n/a
3424.078	0	1712039	standard_tone	active_oddball	standard	n/a	n/a	n/a	n/a	n/a
3425.110	0	1712555	distractor_noise	active_oddball	distractor	n/a	n/a	n/a	n/a	n/a
3426.142	0	1713071	active_oddball_end	active_oddball	active-oddball-end	n/a	n/a	n/a	n/a	n/a
3426.144	0	1713072	prompt_window_begin	active_oddball	probe-oddball-begin	n/a	n/a	n/a	n/a	n/a
3430.940	0	1715470	clicker_press	n/a	response-received-page_up	n/a	n/a	n/a	n/a	page_up
3431.888	0	1715944	clicker_press	n/a	response-received-page_up	n/a	n/a	n/a	n/a	page_up
3433.020	0	1716510	clicker_press	n/a	response-received-page_up	n/a	n/a	n/a	n/a	page_up
3435.168	0	1717584	depth_rating	active_oddball	rating-oddball-meditation_depth-3	3	n/a	n/a	n/a	n/a
3441.148	0	1720574	clicker_press	n/a	response-received-page_up	n/a	n/a	n/a	n/a	page_up
3441.498	0	1720749	clicker_press	n/a	response-received-page_up	n/a	n/a	n/a	n/a	page_up
3441.930	0	1720965	clicker_press	n/a	response-received-page_up	n/a	n/a	n/a	n/a	page_up
3445.328	0	1722664	confidence_rating	active_oddball	rating-oddball-confidence_depth-3	n/a	3	n/a	n/a	n/a
3446.392	0	1723196	prompt_window_end	active_oddball	probe-oddball-end	n/a	n/a	n/a	n/a	n/a
3535.086	0	1767543	clicker_press	n/a	response-received-page_up	n/a	n/a	n/a	n/a	page_up
3535.128	0	1767564	silent_emerge_begin	silent_emerge	block-nosapo-emerge-begin	n/a	n/a	n/a	n/a	n/a
3535.128	0	1767564	subblock_begin	silent_emerge	subblock-begin	n/a	n/a	n/a	n/a	n/a
3535.130	0	1767565	silence_begin	silent_emerge	silence-begin	n/a	n/a	n/a	n/a	n/a
3640.098	0	1820049	silence_end	silent_emerge	silence-end	n/a	n/a	n/a	n/a	n/a
3640.100	0	1820050	gong_begin	silent_emerge	gong-begin	n/a	n/a	n/a	n/a	n/a
3650.224	0	1825112	gong_end	silent_emerge	gong-end	n/a	n/a	n/a	n/a	n/a
3650.226	0	1825113	subblock_end	silent_emerge	subblock-end-duration-115.096	n/a	n/a	n/a	115.096	n/a
3650.226	0	1825113	subblock_begin	silent_emerge	subblock-begin	n/a	n/a	n/a	n/a	n/a
3650.226	0	1825113	silence_begin	silent_emerge	silence-begin	n/a	n/a	n/a	n/a	n/a
3682.664	0	1841332	clicker_press	silent_emerge	response-received-page_up	n/a	n/a	n/a	n/a	page_up
3682.930	0	1841465	report_window_begin	silent_emerge	emerge-nosapo-emerge-begin	n/a	n/a	n/a	n/a	n/a
3683.530	0	1841765	clicker_press	silent_emerge	response-received-page_up	n/a	n/a	n/a	n/a	page_up
3684.462	0	1842231	clicker_press	silent_emerge	response-received-page_up	n/a	n/a	n/a	n/a	page_up
3685.296	0	1842648	clicker_press	silent_emerge	response-received-page_up	n/a	n/a	n/a	n/a	page_up
3686.944	0	1843472	depth_rating	silent_emerge	rating-nosapo-emerge-meditation_depth-4	4	n/a	n/a	n/a	n/a
3693.056	0	1846528	clicker_press	silent_emerge	response-received-page_up	n/a	n/a	n/a	n/a	page_up
3693.538	0	1846769	clicker_press	silent_emerge	response-received-page_up	n/a	n/a	n/a	n/a	page_up
3694.088	0	1847044	clicker_press	silent_emerge	response-received-page_up	n/a	n/a	n/a	n/a	page_up
3697.070	0	1848535	confidence_rating	silent_emerge	rating-nosapo-emerge-confidence_depth-3	n/a	3	n/a	n/a	n/a
3700.532	0	1850266	report_window_end	silent_emerge	emerge-nosapo-emerge-end	n/a	n/a	n/a	n/a	n/a
3700.534	0	1850267	subblock_begin	silent_emerge	subblock-begin	n/a	n/a	n/a	n/a	n/a
3700.534	0	1850267	silence_begin	silent_emerge	silence-begin	n/a	n/a	n/a	n/a	n/a
3733.156	0	1866578	clicker_press	silent_emerge	response-received-page_up	n/a	n/a	n/a	n/a	page_up
3733.238	0	1866619	report_window_begin	silent_emerge	emerge-nosapo-emerge-begin	n/a	n/a	n/a	n/a	n/a
3733.772	0	1866886	clicker_press	silent_emerge	response-received-page_up	n/a	n/a	n/a	n/a	page_up
3734.188	0	1867094	clicker_press	silent_emerge	response-received-page_up	n/a	n/a	n/a	n/a	page_up
3737.252	0	1868626	depth_rating	silent_emerge	rating-nosapo-emerge-meditation_depth-3	3	n/a	n/a	n/a	n/a
3743.164	0	1871582	clicker_press	silent_emerge	response-received-page_up	n/a	n/a	n/a	n/a	page_up
3743.580	0	1871790	clicker_press	silent_emerge	response-received-page_up	n/a	n/a	n/a	n/a	page_up
3743.864	0	1871932	clicker_press	silent_emerge	response-received-page_up	n/a	n/a	n/a	n/a	page_up
3744.164	0	1872082	clicker_press	silent_emerge	response-received-page_up	n/a	n/a	n/a	n/a	page_up
3747.328	0	1873664	confidence_rating	silent_emerge	rating-nosapo-emerge-confidence_depth-4	n/a	4	n/a	n/a	n/a
3750.774	0	1875387	report_window_end	silent_emerge	emerge-nosapo-emerge-end	n/a	n/a	n/a	n/a	n/a
3750.774	0	1875387	subblock_begin	silent_emerge	subblock-begin	n/a	n/a	n/a	n/a	n/a
3750.776	0	1875388	silence_begin	silent_emerge	silence-begin	n/a	n/a	n/a	n/a	n/a
3794.688	0	1897344	clicker_press	silent_emerge	response-received-page_up	n/a	n/a	n/a	n/a	page_up
3794.738	0	1897369	report_window_begin	silent_emerge	emerge-nosapo-emerge-begin	n/a	n/a	n/a	n/a	n/a
3795.022	0	1897511	clicker_press	silent_emerge	response-received-page_up	n/a	n/a	n/a	n/a	page_up
3798.768	0	1899384	depth_rating	silent_emerge	rating-nosapo-emerge-meditation_depth-2	2	n/a	n/a	n/a	n/a
3804.662	0	1902331	clicker_press	silent_emerge	response-received-page_up	n/a	n/a	n/a	n/a	page_up
3804.980	0	1902490	clicker_press	silent_emerge	response-received-page_up	n/a	n/a	n/a	n/a	page_up
3805.280	0	1902640	clicker_press	silent_emerge	response-received-page_up	n/a	n/a	n/a	n/a	page_up
3805.512	0	1902756	clicker_press	silent_emerge	response-received-page_up	n/a	n/a	n/a	n/a	page_up
3808.844	0	1904422	confidence_rating	silent_emerge	rating-nosapo-emerge-confidence_depth-4	n/a	4	n/a	n/a	n/a
3812.506	0	1906253	report_window_end	silent_emerge	emerge-nosapo-emerge-end	n/a	n/a	n/a	n/a	n/a
3812.508	0	1906254	subblock_begin	silent_emerge	subblock-begin	n/a	n/a	n/a	n/a	n/a
3812.508	0	1906254	silence_begin	silent_emerge	silence-begin	n/a	n/a	n/a	n/a	n/a
3858.884	0	1929442	clicker_press	silent_emerge	response-received-page_up	n/a	n/a	n/a	n/a	page_up
3859.052	0	1929526	report_window_begin	silent_emerge	emerge-nosapo-emerge-begin	n/a	n/a	n/a	n/a	n/a
3859.202	0	1929601	clicker_press	silent_emerge	response-received-page_up	n/a	n/a	n/a	n/a	page_up
3859.568	0	1929784	clicker_press	silent_emerge	response-received-page_up	n/a	n/a	n/a	n/a	page_up
3863.064	0	1931532	depth_rating	silent_emerge	rating-nosapo-emerge-meditation_depth-3	3	n/a	n/a	n/a	n/a
3869.076	0	1934538	clicker_press	silent_emerge	response-received-page_up	n/a	n/a	n/a	n/a	page_up
3869.376	0	1934688	clicker_press	silent_emerge	response-received-page_up	n/a	n/a	n/a	n/a	page_up
3869.710	0	1934855	clicker_press	silent_emerge	response-received-page_up	n/a	n/a	n/a	n/a	page_up
3873.190	0	1936595	confidence_rating	silent_emerge	rating-nosapo-emerge-confidence_depth-3	n/a	3	n/a	n/a	n/a
3876.720	0	1938360	report_window_end	silent_emerge	emerge-nosapo-emerge-end	n/a	n/a	n/a	n/a	n/a
3876.722	0	1938361	subblock_begin	silent_emerge	subblock-begin	n/a	n/a	n/a	n/a	n/a
3876.722	0	1938361	silence_begin	silent_emerge	silence-begin	n/a	n/a	n/a	n/a	n/a
3931.108	0	1965554	clicker_press	silent_emerge	response-received-page_up	n/a	n/a	n/a	n/a	page_up
3931.124	0	1965562	report_window_begin	silent_emerge	emerge-nosapo-emerge-begin	n/a	n/a	n/a	n/a	n/a
3931.442	0	1965721	clicker_press	silent_emerge	response-received-page_up	n/a	n/a	n/a	n/a	page_up
3931.758	0	1965879	clicker_press	silent_emerge	response-received-page_up	n/a	n/a	n/a	n/a	page_up
3935.138	0	1967569	depth_rating	silent_emerge	rating-nosapo-emerge-meditation_depth-3	3	n/a	n/a	n/a	n/a
3941.832	0	1970916	clicker_press	silent_emerge	response-received-page_up	n/a	n/a	n/a	n/a	page_up
3942.152	0	1971076	clicker_press	silent_emerge	response-received-page_up	n/a	n/a	n/a	n/a	page_up
3942.382	0	1971191	clicker_press	silent_emerge	response-received-page_up	n/a	n/a	n/a	n/a	page_up
3942.632	0	1971316	clicker_press	silent_emerge	response-received-page_up	n/a	n/a	n/a	n/a	page_up
3945.248	0	1972624	confidence_rating	silent_emerge	rating-nosapo-emerge-confidence_depth-4	n/a	4	n/a	n/a	n/a
3948.726	0	1974363	report_window_end	silent_emerge	emerge-nosapo-emerge-end	n/a	n/a	n/a	n/a	n/a
3948.728	0	1974364	subblock_begin	silent_emerge	subblock-begin	n/a	n/a	n/a	n/a	n/a
3948.728	0	1974364	silence_begin	silent_emerge	silence-begin	n/a	n/a	n/a	n/a	n/a
4023.632	0	2011816	clicker_press	silent_emerge	response-received-page_up	n/a	n/a	n/a	n/a	page_up
4023.664	0	2011832	report_window_begin	silent_emerge	emerge-nosapo-emerge-begin	n/a	n/a	n/a	n/a	n/a
4023.984	0	2011992	clicker_press	silent_emerge	response-received-page_up	n/a	n/a	n/a	n/a	page_up
4024.514	0	2012257	clicker_press	silent_emerge	response-received-page_up	n/a	n/a	n/a	n/a	page_up
4024.780	0	2012390	clicker_press	silent_emerge	response-received-page_up	n/a	n/a	n/a	n/a	page_up
4027.678	0	2013839	depth_rating	silent_emerge	rating-nosapo-emerge-meditation_depth-4	4	n/a	n/a	n/a	n/a
4033.640	0	2016820	clicker_press	silent_emerge	response-received-page_up	n/a	n/a	n/a	n/a	page_up
4033.972	0	2016986	clicker_press	silent_emerge	response-received-page_up	n/a	n/a	n/a	n/a	page_up
4034.256	0	2017128	clicker_press	silent_emerge	response-received-page_up	n/a	n/a	n/a	n/a	page_up
4034.524	0	2017262	clicker_press	silent_emerge	response-received-page_up	n/a	n/a	n/a	n/a	page_up
4037.970	0	2018985	confidence_rating	silent_emerge	rating-nosapo-emerge-confidence_depth-4	n/a	4	n/a	n/a	n/a
4041.666	0	2020833	report_window_end	silent_emerge	emerge-nosapo-emerge-end	n/a	n/a	n/a	n/a	n/a
4041.666	0	2020833	subblock_begin	silent_emerge	subblock-begin	n/a	n/a	n/a	n/a	n/a
4041.668	0	2020834	silence_begin	silent_emerge	silence-begin	n/a	n/a	n/a	n/a	n/a
4062.216	0	2031108	clicker_press	silent_emerge	response-received-page_up	n/a	n/a	n/a	n/a	page_up
4062.250	0	2031125	report_window_begin	silent_emerge	emerge-nosapo-emerge-begin	n/a	n/a	n/a	n/a	n/a
4062.482	0	2031241	clicker_press	silent_emerge	response-received-page_up	n/a	n/a	n/a	n/a	page_up
4066.296	0	2033148	depth_rating	silent_emerge	rating-nosapo-emerge-meditation_depth-2	2	n/a	n/a	n/a	n/a
4070.410	0	2035205	clicker_press	silent_emerge	response-received-page_up	n/a	n/a	n/a	n/a	page_up
4071.142	0	2035571	clicker_press	silent_emerge	response-received-page_up	n/a	n/a	n/a	n/a	page_up
4071.758	0	2035879	clicker_press	silent_emerge	response-received-page_up	n/a	n/a	n/a	n/a	page_up
4072.524	0	2036262	clicker_press	silent_emerge	response-received-page_up	n/a	n/a	n/a	n/a	page_up
4076.406	0	2038203	confidence_rating	silent_emerge	rating-nosapo-emerge-confidence_depth-4	n/a	4	n/a	n/a	n/a
4079.834	0	2039917	report_window_end	silent_emerge	emerge-nosapo-emerge-end	n/a	n/a	n/a	n/a	n/a
4079.836	0	2039918	subblock_begin	silent_emerge	subblock-begin	n/a	n/a	n/a	n/a	n/a
4079.836	0	2039918	silence_begin	silent_emerge	silence-begin	n/a	n/a	n/a	n/a	n/a
4125.780	0	2062890	clicker_press	silent_emerge	response-received-page_up	n/a	n/a	n/a	n/a	page_up
4125.814	0	2062907	report_window_begin	silent_emerge	emerge-nosapo-emerge-begin	n/a	n/a	n/a	n/a	n/a
4126.046	0	2063023	clicker_press	silent_emerge	response-received-page_up	n/a	n/a	n/a	n/a	page_up
4126.380	0	2063190	clicker_press	silent_emerge	response-received-page_up	n/a	n/a	n/a	n/a	page_up
4129.826	0	2064913	depth_rating	silent_emerge	rating-nosapo-emerge-meditation_depth-3	3	n/a	n/a	n/a	n/a
4134.022	0	2067011	clicker_press	silent_emerge	response-received-page_up	n/a	n/a	n/a	n/a	page_up
4134.772	0	2067386	clicker_press	silent_emerge	response-received-page_up	n/a	n/a	n/a	n/a	page_up
4135.572	0	2067786	clicker_press	silent_emerge	response-received-page_up	n/a	n/a	n/a	n/a	page_up
4139.936	0	2069968	confidence_rating	silent_emerge	rating-nosapo-emerge-confidence_depth-3	n/a	3	n/a	n/a	n/a
4143.366	0	2071683	report_window_end	silent_emerge	emerge-nosapo-emerge-end	n/a	n/a	n/a	n/a	n/a
4143.366	0	2071683	subblock_begin	silent_emerge	subblock-begin	n/a	n/a	n/a	n/a	n/a
4143.368	0	2071684	silence_begin	silent_emerge	silence-begin	n/a	n/a	n/a	n/a	n/a
4223.200	0	2111600	clicker_press	silent_emerge	response-received-page_up	n/a	n/a	n/a	n/a	page_up
4223.216	0	2111608	report_window_begin	silent_emerge	emerge-nosapo-emerge-begin	n/a	n/a	n/a	n/a	n/a
4223.766	0	2111883	clicker_press	silent_emerge	response-received-page_up	n/a	n/a	n/a	n/a	page_up
4224.532	0	2112266	clicker_press	silent_emerge	response-received-page_up	n/a	n/a	n/a	n/a	page_up
4227.280	0	2113640	depth_rating	silent_emerge	rating-nosapo-emerge-meditation_depth-3	3	n/a	n/a	n/a	n/a
4232.908	0	2116454	clicker_press	silent_emerge	response-received-page_up	n/a	n/a	n/a	n/a	page_up
4233.390	0	2116695	clicker_press	silent_emerge	response-received-page_up	n/a	n/a	n/a	n/a	page_up
4233.924	0	2116962	clicker_press	silent_emerge	response-received-page_up	n/a	n/a	n/a	n/a	page_up
4235.056	0	2117528	clicker_press	silent_emerge	response-received-page_up	n/a	n/a	n/a	n/a	page_up
4237.388	0	2118694	confidence_rating	silent_emerge	rating-nosapo-emerge-confidence_depth-4	n/a	4	n/a	n/a	n/a
4240.884	0	2120442	report_window_end	silent_emerge	emerge-nosapo-emerge-end	n/a	n/a	n/a	n/a	n/a
4240.886	0	2120443	subblock_begin	silent_emerge	subblock-begin	n/a	n/a	n/a	n/a	n/a
4240.886	0	2120443	silence_begin	silent_emerge	silence-begin	n/a	n/a	n/a	n/a	n/a
4341.734	0	2170867	clicker_press	silent_emerge	response-received-page_up	n/a	n/a	n/a	n/a	page_up
4341.784	0	2170892	report_window_begin	silent_emerge	emerge-nosapo-emerge-begin	n/a	n/a	n/a	n/a	n/a
4342.184	0	2171092	clicker_press	silent_emerge	response-received-page_up	n/a	n/a	n/a	n/a	page_up
4342.734	0	2171367	clicker_press	silent_emerge	response-received-page_up	n/a	n/a	n/a	n/a	page_up
4342.950	0	2171475	clicker_press	silent_emerge	response-received-page_up	n/a	n/a	n/a	n/a	page_up
4345.830	0	2172915	depth_rating	silent_emerge	rating-nosapo-emerge-meditation_depth-4	4	n/a	n/a	n/a	n/a
4351.860	0	2175930	clicker_press	silent_emerge	response-received-page_up	n/a	n/a	n/a	n/a	page_up
4352.176	0	2176088	clicker_press	silent_emerge	response-received-page_up	n/a	n/a	n/a	n/a	page_up
4352.526	0	2176263	clicker_press	silent_emerge	response-received-page_up	n/a	n/a	n/a	n/a	page_up
4355.874	0	2177937	confidence_rating	silent_emerge	rating-nosapo-emerge-confidence_depth-3	n/a	3	n/a	n/a	n/a
4359.320	0	2179660	report_window_end	silent_emerge	emerge-nosapo-emerge-end	n/a	n/a	n/a	n/a	n/a
4359.322	0	2179661	subblock_begin	silent_emerge	subblock-begin	n/a	n/a	n/a	n/a	n/a
4359.322	0	2179661	silence_begin	silent_emerge	silence-begin	n/a	n/a	n/a	n/a	n/a
4393.708	0	2196854	clicker_press	silent_emerge	response-received-page_up	n/a	n/a	n/a	n/a	page_up
4393.758	0	2196879	report_window_begin	silent_emerge	emerge-nosapo-emerge-begin	n/a	n/a	n/a	n/a	n/a
4394.658	0	2197329	clicker_press	silent_emerge	response-received-page_up	n/a	n/a	n/a	n/a	page_up
4395.640	0	2197820	clicker_press	silent_emerge	response-received-page_up	n/a	n/a	n/a	n/a	page_up
4397.772	0	2198886	depth_rating	silent_emerge	rating-nosapo-emerge-meditation_depth-3	3	n/a	n/a	n/a	n/a
4400.702	0	2200351	clicker_press	silent_emerge	response-received-page_up	n/a	n/a	n/a	n/a	page_up
4401.318	0	2200659	clicker_press	silent_emerge	response-received-page_up	n/a	n/a	n/a	n/a	page_up
4407.830	0	2203915	confidence_rating	silent_emerge	rating-nosapo-emerge-confidence_depth-2	n/a	2	n/a	n/a	n/a
4411.294	0	2205647	report_window_end	silent_emerge	emerge-nosapo-emerge-end	n/a	n/a	n/a	n/a	n/a
4411.294	0	2205647	subblock_begin	silent_emerge	subblock-begin	n/a	n/a	n/a	n/a	n/a
4411.294	0	2205647	silence_begin	silent_emerge	silence-begin	n/a	n/a	n/a	n/a	n/a
4530.978	0	2265489	silence_end	silent_emerge	silence-end	n/a	n/a	n/a	n/a	n/a
4530.978	0	2265489	gong_begin	silent_emerge	gong-begin	n/a	n/a	n/a	n/a	n/a
4541.086	0	2270543	gong_end	silent_emerge	gong-end	n/a	n/a	n/a	n/a	n/a
4541.086	0	2270543	subblock_end	silent_emerge	subblock-end-duration-129.793	n/a	n/a	n/a	129.793	n/a
4541.088	0	2270544	subblock_begin	silent_emerge	subblock-begin	n/a	n/a	n/a	n/a	n/a
4541.088	0	2270544	silence_begin	silent_emerge	silence-begin	n/a	n/a	n/a	n/a	n/a
4558.106	0	2279053	clicker_press	silent_emerge	response-received-page_up	n/a	n/a	n/a	n/a	page_up
4558.204	0	2279102	report_window_begin	silent_emerge	emerge-nosapo-emerge-begin	n/a	n/a	n/a	n/a	n/a
4558.572	0	2279286	clicker_press	silent_emerge	response-received-page_up	n/a	n/a	n/a	n/a	page_up
4559.154	0	2279577	clicker_press	silent_emerge	response-received-page_up	n/a	n/a	n/a	n/a	page_up
4562.218	0	2281109	depth_rating	silent_emerge	rating-nosapo-emerge-meditation_depth-3	3	n/a	n/a	n/a	n/a
4568.514	0	2284257	clicker_press	silent_emerge	response-received-page_up	n/a	n/a	n/a	n/a	page_up
4568.930	0	2284465	clicker_press	silent_emerge	response-received-page_up	n/a	n/a	n/a	n/a	page_up
4569.312	0	2284656	clicker_press	silent_emerge	response-received-page_up	n/a	n/a	n/a	n/a	page_up
4569.612	0	2284806	clicker_press	silent_emerge	response-received-page_up	n/a	n/a	n/a	n/a	page_up
4572.310	0	2286155	confidence_rating	silent_emerge	rating-nosapo-emerge-confidence_depth-4	n/a	4	n/a	n/a	n/a
4575.758	0	2287879	report_window_end	silent_emerge	emerge-nosapo-emerge-end	n/a	n/a	n/a	n/a	n/a
4575.758	0	2287879	subblock_begin	silent_emerge	subblock-begin	n/a	n/a	n/a	n/a	n/a
4575.758	0	2287879	silence_begin	silent_emerge	silence-begin	n/a	n/a	n/a	n/a	n/a
4657.940	0	2328970	clicker_press	silent_emerge	response-received-page_up	n/a	n/a	n/a	n/a	page_up
4658.022	0	2329011	report_window_begin	silent_emerge	emerge-nosapo-emerge-begin	n/a	n/a	n/a	n/a	n/a
4658.372	0	2329186	clicker_press	silent_emerge	response-received-page_up	n/a	n/a	n/a	n/a	page_up
4662.036	0	2331018	depth_rating	silent_emerge	rating-nosapo-emerge-meditation_depth-2	2	n/a	n/a	n/a	n/a
4667.630	0	2333815	clicker_press	silent_emerge	response-received-page_up	n/a	n/a	n/a	n/a	page_up
4667.898	0	2333949	clicker_press	silent_emerge	response-received-page_up	n/a	n/a	n/a	n/a	page_up
4668.280	0	2334140	clicker_press	silent_emerge	response-received-page_up	n/a	n/a	n/a	n/a	page_up
4672.144	0	2336072	confidence_rating	silent_emerge	rating-nosapo-emerge-confidence_depth-3	n/a	3	n/a	n/a	n/a
4675.776	0	2337888	report_window_end	silent_emerge	emerge-nosapo-emerge-end	n/a	n/a	n/a	n/a	n/a
4675.776	0	2337888	subblock_begin	silent_emerge	subblock-begin	n/a	n/a	n/a	n/a	n/a
4675.776	0	2337888	silence_begin	silent_emerge	silence-begin	n/a	n/a	n/a	n/a	n/a
4755.442	0	2377721	clicker_press	silent_emerge	response-received-page_up	n/a	n/a	n/a	n/a	page_up
4755.574	0	2377787	report_window_begin	silent_emerge	emerge-nosapo-emerge-begin	n/a	n/a	n/a	n/a	n/a
4755.992	0	2377996	clicker_press	silent_emerge	response-received-page_up	n/a	n/a	n/a	n/a	page_up
4756.290	0	2378145	clicker_press	silent_emerge	response-received-page_up	n/a	n/a	n/a	n/a	page_up
4756.658	0	2378329	clicker_press	silent_emerge	response-received-page_up	n/a	n/a	n/a	n/a	page_up
4759.588	0	2379794	depth_rating	silent_emerge	rating-nosapo-emerge-meditation_depth-4	4	n/a	n/a	n/a	n/a
4765.466	0	2382733	clicker_press	silent_emerge	response-received-page_up	n/a	n/a	n/a	n/a	page_up
4765.750	0	2382875	clicker_press	silent_emerge	response-received-page_up	n/a	n/a	n/a	n/a	page_up
4766.100	0	2383050	clicker_press	silent_emerge	response-received-page_up	n/a	n/a	n/a	n/a	page_up
4766.432	0	2383216	clicker_press	silent_emerge	response-received-page_up	n/a	n/a	n/a	n/a	page_up
4769.696	0	2384848	confidence_rating	silent_emerge	rating-nosapo-emerge-confidence_depth-4	n/a	4	n/a	n/a	n/a
4773.526	0	2386763	report_window_end	silent_emerge	emerge-nosapo-emerge-end	n/a	n/a	n/a	n/a	n/a
4773.528	0	2386764	subblock_begin	silent_emerge	subblock-begin	n/a	n/a	n/a	n/a	n/a
4773.528	0	2386764	silence_begin	silent_emerge	silence-begin	n/a	n/a	n/a	n/a	n/a
4827.548	0	2413774	clicker_press	silent_emerge	response-received-page_up	n/a	n/a	n/a	n/a	page_up
4827.566	0	2413783	report_window_begin	silent_emerge	emerge-nosapo-emerge-begin	n/a	n/a	n/a	n/a	n/a
4828.266	0	2414133	clicker_press	silent_emerge	response-received-page_up	n/a	n/a	n/a	n/a	page_up
4829.896	0	2414948	clicker_press	silent_emerge	response-received-page_up	n/a	n/a	n/a	n/a	page_up
4831.612	0	2415806	depth_rating	silent_emerge	rating-nosapo-emerge-meditation_depth-3	3	n/a	n/a	n/a	n/a
4837.458	0	2418729	clicker_press	silent_emerge	response-received-page_up	n/a	n/a	n/a	n/a	page_up
4837.790	0	2418895	clicker_press	silent_emerge	response-received-page_up	n/a	n/a	n/a	n/a	page_up
4838.640	0	2419320	clicker_press	silent_emerge	response-received-page_up	n/a	n/a	n/a	n/a	page_up
4841.836	0	2420918	confidence_rating	silent_emerge	rating-nosapo-emerge-confidence_depth-3	n/a	3	n/a	n/a	n/a
4845.300	0	2422650	report_window_end	silent_emerge	emerge-nosapo-emerge-end	n/a	n/a	n/a	n/a	n/a
4845.302	0	2422651	subblock_begin	silent_emerge	subblock-begin	n/a	n/a	n/a	n/a	n/a
4845.302	0	2422651	silence_begin	silent_emerge	silence-begin	n/a	n/a	n/a	n/a	n/a
4948.248	0	2474124	silence_end	silent_emerge	silence-end	n/a	n/a	n/a	n/a	n/a
4948.264	0	2474132	gong_begin	silent_emerge	gong-begin	n/a	n/a	n/a	n/a	n/a
4952.346	0	2476173	clicker_press	silent_emerge	response-received-page_up	n/a	n/a	n/a	n/a	page_up
4952.462	0	2476231	gong_end	silent_emerge	gong-end	n/a	n/a	n/a	n/a	n/a
4952.462	0	2476231	report_window_begin	silent_emerge	emerge-nosapo-emerge-begin	n/a	n/a	n/a	n/a	n/a
4952.612	0	2476306	clicker_press	silent_emerge	response-received-page_up	n/a	n/a	n/a	n/a	page_up
4952.928	0	2476464	clicker_press	silent_emerge	response-received-page_up	n/a	n/a	n/a	n/a	page_up
4956.526	0	2478263	depth_rating	silent_emerge	rating-nosapo-emerge-meditation_depth-3	3	n/a	n/a	n/a	n/a
4962.420	0	2481210	clicker_press	silent_emerge	response-received-page_up	n/a	n/a	n/a	n/a	page_up
4962.654	0	2481327	clicker_press	silent_emerge	response-received-page_up	n/a	n/a	n/a	n/a	page_up
4962.920	0	2481460	clicker_press	silent_emerge	response-received-page_up	n/a	n/a	n/a	n/a	page_up
4963.170	0	2481585	clicker_press	silent_emerge	response-received-page_up	n/a	n/a	n/a	n/a	page_up
4966.616	0	2483308	confidence_rating	silent_emerge	rating-nosapo-emerge-confidence_depth-4	n/a	4	n/a	n/a	n/a
4970.096	0	2485048	report_window_end	silent_emerge	emerge-nosapo-emerge-end	n/a	n/a	n/a	n/a	n/a
4970.098	0	2485049	subblock_end	silent_emerge	subblock-end-duration-124.796	n/a	n/a	n/a	124.796	n/a
4970.098	0	2485049	subblock_begin	silent_emerge	subblock-begin	n/a	n/a	n/a	n/a	n/a
4970.098	0	2485049	silence_begin	silent_emerge	silence-begin	n/a	n/a	n/a	n/a	n/a
5070.748	0	2535374	silence_end	silent_emerge	silence-end	n/a	n/a	n/a	n/a	n/a
5070.830	0	2535415	gong_begin	silent_emerge	gong-begin	n/a	n/a	n/a	n/a	n/a
5080.822	0	2540411	gong_end	silent_emerge	gong-end	n/a	n/a	n/a	n/a	n/a
5080.822	0	2540411	subblock_end	silent_emerge	subblock-end-duration-110.723	n/a	n/a	n/a	110.723	n/a
5080.824	0	2540412	subblock_begin	silent_emerge	subblock-begin	n/a	n/a	n/a	n/a	n/a
5080.824	0	2540412	silence_begin	silent_emerge	silence-begin	n/a	n/a	n/a	n/a	n/a
5135.776	0	2567888	clicker_press	silent_emerge	response-received-page_up	n/a	n/a	n/a	n/a	page_up
5135.794	0	2567897	report_window_begin	silent_emerge	emerge-nosapo-emerge-begin	n/a	n/a	n/a	n/a	n/a
5137.142	0	2568571	clicker_press	silent_emerge	response-received-page_up	n/a	n/a	n/a	n/a	page_up
5139.890	0	2569945	depth_rating	silent_emerge	rating-nosapo-emerge-meditation_depth-2	2	n/a	n/a	n/a	n/a
5143.786	0	2571893	clicker_press	silent_emerge	response-received-page_up	n/a	n/a	n/a	n/a	page_up
5144.570	0	2572285	clicker_press	silent_emerge	response-received-page_up	n/a	n/a	n/a	n/a	page_up
5145.852	0	2572926	clicker_press	silent_emerge	response-received-page_up	n/a	n/a	n/a	n/a	page_up
5146.368	0	2573184	clicker_press	silent_emerge	response-received-page_up	n/a	n/a	n/a	n/a	page_up
5149.948	0	2574974	confidence_rating	silent_emerge	rating-nosapo-emerge-confidence_depth-4	n/a	4	n/a	n/a	n/a
5153.378	0	2576689	report_window_end	silent_emerge	emerge-nosapo-emerge-end	n/a	n/a	n/a	n/a	n/a
5153.380	0	2576690	subblock_begin	silent_emerge	subblock-begin	n/a	n/a	n/a	n/a	n/a
5153.380	0	2576690	silence_begin	silent_emerge	silence-begin	n/a	n/a	n/a	n/a	n/a
5259.724	0	2629862	silence_end	silent_emerge	silence-end	n/a	n/a	n/a	n/a	n/a
5259.724	0	2629862	gong_begin	silent_emerge	gong-begin	n/a	n/a	n/a	n/a	n/a
5269.732	0	2634866	gong_end	silent_emerge	gong-end	n/a	n/a	n/a	n/a	n/a
5269.732	0	2634866	subblock_end	silent_emerge	subblock-end-duration-116.354	n/a	n/a	n/a	116.354	n/a
5269.734	0	2634867	subblock_begin	silent_emerge	subblock-begin	n/a	n/a	n/a	n/a	n/a
5269.734	0	2634867	silence_begin	silent_emerge	silence-begin	n/a	n/a	n/a	n/a	n/a
5323.454	0	2661727	clicker_press	silent_emerge	response-received-page_up	n/a	n/a	n/a	n/a	page_up
5323.538	0	2661769	report_window_begin	silent_emerge	emerge-nosapo-emerge-begin	n/a	n/a	n/a	n/a	n/a
5323.986	0	2661993	clicker_press	silent_emerge	response-received-page_up	n/a	n/a	n/a	n/a	page_up
5324.404	0	2662202	clicker_press	silent_emerge	response-received-page_up	n/a	n/a	n/a	n/a	page_up
5327.618	0	2663809	depth_rating	silent_emerge	rating-nosapo-emerge-meditation_depth-3	3	n/a	n/a	n/a	n/a
5333.530	0	2666765	clicker_press	silent_emerge	response-received-page_up	n/a	n/a	n/a	n/a	page_up
5333.928	0	2666964	clicker_press	silent_emerge	response-received-page_up	n/a	n/a	n/a	n/a	page_up
5334.262	0	2667131	clicker_press	silent_emerge	response-received-page_up	n/a	n/a	n/a	n/a	page_up
5337.776	0	2668888	confidence_rating	silent_emerge	rating-nosapo-emerge-confidence_depth-3	n/a	3	n/a	n/a	n/a
5341.322	0	2670661	report_window_end	silent_emerge	emerge-nosapo-emerge-end	n/a	n/a	n/a	n/a	n/a
5341.324	0	2670662	subblock_begin	silent_emerge	subblock-begin	n/a	n/a	n/a	n/a	n/a
5341.324	0	2670662	silence_begin	silent_emerge	silence-begin	n/a	n/a	n/a	n/a	n/a
5433.996	0	2716998	clicker_press	silent_emerge	response-received-page_up	n/a	n/a	n/a	n/a	page_up
5434.230	0	2717115	report_window_begin	silent_emerge	emerge-nosapo-emerge-begin	n/a	n/a	n/a	n/a	n/a
5434.412	0	2717206	clicker_press	silent_emerge	response-received-page_up	n/a	n/a	n/a	n/a	page_up
5435.262	0	2717631	clicker_press	silent_emerge	response-received-page_up	n/a	n/a	n/a	n/a	page_up
5438.258	0	2719129	depth_rating	silent_emerge	rating-nosapo-emerge-meditation_depth-3	3	n/a	n/a	n/a	n/a
5444.022	0	2722011	clicker_press	silent_emerge	response-received-page_up	n/a	n/a	n/a	n/a	page_up
5444.370	0	2722185	clicker_press	silent_emerge	response-received-page_up	n/a	n/a	n/a	n/a	page_up
5444.704	0	2722352	clicker_press	silent_emerge	response-received-page_up	n/a	n/a	n/a	n/a	page_up
5448.318	0	2724159	confidence_rating	silent_emerge	rating-nosapo-emerge-confidence_depth-3	n/a	3	n/a	n/a	n/a
5451.748	0	2725874	report_window_end	silent_emerge	emerge-nosapo-emerge-end	n/a	n/a	n/a	n/a	n/a
5451.748	0	2725874	subblock_begin	silent_emerge	subblock-begin	n/a	n/a	n/a	n/a	n/a
5451.750	0	2725875	silence_begin	silent_emerge	silence-begin	n/a	n/a	n/a	n/a	n/a
5556.244	0	2778122	silence_end	silent_emerge	silence-end	n/a	n/a	n/a	n/a	n/a
5556.246	0	2778123	gong_begin	silent_emerge	gong-begin	n/a	n/a	n/a	n/a	n/a
5561.574	0	2780787	clicker_press	silent_emerge	response-received-page_up	n/a	n/a	n/a	n/a	page_up
5561.640	0	2780820	gong_end	silent_emerge	gong-end	n/a	n/a	n/a	n/a	n/a
5561.640	0	2780820	report_window_begin	silent_emerge	emerge-nosapo-emerge-begin	n/a	n/a	n/a	n/a	n/a
5562.106	0	2781053	clicker_press	silent_emerge	response-received-page_up	n/a	n/a	n/a	n/a	page_up
5562.556	0	2781278	clicker_press	silent_emerge	response-received-page_up	n/a	n/a	n/a	n/a	page_up
5563.172	0	2781586	clicker_press	silent_emerge	response-received-page_up	n/a	n/a	n/a	n/a	page_up
5565.688	0	2782844	depth_rating	silent_emerge	rating-nosapo-emerge-meditation_depth-4	4	n/a	n/a	n/a	n/a
5571.932	0	2785966	clicker_press	silent_emerge	response-received-page_up	n/a	n/a	n/a	n/a	page_up
5572.264	0	2786132	clicker_press	silent_emerge	response-received-page_up	n/a	n/a	n/a	n/a	page_up
5572.530	0	2786265	clicker_press	silent_emerge	response-received-page_up	n/a	n/a	n/a	n/a	page_up
5573.080	0	2786540	clicker_press	silent_emerge	response-received-page_up	n/a	n/a	n/a	n/a	page_up
5575.912	0	2787956	confidence_rating	silent_emerge	rating-nosapo-emerge-confidence_depth-4	n/a	4	n/a	n/a	n/a
5579.592	0	2789796	report_window_end	silent_emerge	emerge-nosapo-emerge-end	n/a	n/a	n/a	n/a	n/a
5579.592	0	2789796	subblock_end	silent_emerge	subblock-end-duration-127.844	n/a	n/a	n/a	127.844	n/a
5579.594	0	2789797	subblock_begin	silent_emerge	subblock-begin	n/a	n/a	n/a	n/a	n/a
5579.594	0	2789797	silence_begin	silent_emerge	silence-begin	n/a	n/a	n/a	n/a	n/a
5635.180	0	2817590	silent_emerge_end	silent_emerge	block-nosapo-emerge-end	n/a	n/a	n/a	n/a	n/a
5635.180	0	2817590	block_duration	silent_emerge	block-nosapo-emerge-duration-2100	n/a	n/a	n/a	2100.000	n/a
5635.182	0	2817591	break_begin	break	break-begin	n/a	n/a	n/a	n/a	n/a
5704.404	0	2852202	clicker_press	break	response-received-enter	n/a	n/a	n/a	n/a	enter
5704.420	0	2852210	break_end	break	break-end	n/a	n/a	n/a	n/a	n/a
5725.920	0	2862960	clicker_press	n/a	response-received-page_up	n/a	n/a	n/a	n/a	page_up
5725.954	0	2862977	post_meditation_begin	post_meditation	post-meditation-begin	n/a	n/a	n/a	n/a	n/a
6026.022	0	3013011	post_meditation_end	post_meditation	post-meditation-end	n/a	n/a	n/a	n/a	n/a
6026.024	0	3013012	prompt_window_begin	post_meditation	probe-post-meditation-begin	n/a	n/a	n/a	n/a	n/a
6032.200	0	3016100	clicker_press	n/a	response-received-page_up	n/a	n/a	n/a	n/a	page_up
6032.784	0	3016392	clicker_press	n/a	response-received-page_up	n/a	n/a	n/a	n/a	page_up
6033.282	0	3016641	clicker_press	n/a	response-received-page_up	n/a	n/a	n/a	n/a	page_up
6033.830	0	3016915	clicker_press	n/a	response-received-page_up	n/a	n/a	n/a	n/a	page_up
6035.098	0	3017549	depth_rating	post_meditation	rating-post-meditation-meditation_depth-4	4	n/a	n/a	n/a	n/a
6041.376	0	3020688	clicker_press	n/a	response-received-page_up	n/a	n/a	n/a	n/a	page_up
6041.842	0	3020921	clicker_press	n/a	response-received-page_up	n/a	n/a	n/a	n/a	page_up
6042.276	0	3021138	clicker_press	n/a	response-received-page_up	n/a	n/a	n/a	n/a	page_up
6042.792	0	3021396	clicker_press	n/a	response-received-page_up	n/a	n/a	n/a	n/a	page_up
6045.156	0	3022578	confidence_rating	post_meditation	rating-post-meditation-confidence_depth-4	n/a	4	n/a	n/a	n/a
6046.174	0	3023087	prompt_window_end	post_meditation	probe-post-meditation-end	n/a	n/a	n/a	n/a	n/a
6055.314	0	3027657	task_end	n/a	task-end	n/a	n/a	n/a	n/a	n/a
