onset	duration	sample	trial_type	block	value	depth	confidence	response_time	logged_duration	key
0.000	0	0	clicker_press	n/a	response-received-page_up	n/a	n/a	n/a	n/a	page_up
8.276	0	4138	clicker_press	n/a	response-received-page_up	n/a	n/a	n/a	n/a	page_up
15.404	0	7702	clicker_press	n/a	response-received-page_up	n/a	n/a	n/a	n/a	page_up
22.998	0	11499	clicker_press	n/a	response-received-page_up	n/a	n/a	n/a	n/a	page_up
29.574	0	14787	clicker_press	n/a	response-received-page_up	n/a	n/a	n/a	n/a	page_up
34.490	0	17245	clicker_press	n/a	response-received-page_up	n/a	n/a	n/a	n/a	page_up
39.816	0	19908	clicker_press	n/a	response-received-page_up	n/a	n/a	n/a	n/a	page_up
48.826	0	24413	clicker_press	n/a	response-received-page_up	n/a	n/a	n/a	n/a	page_up
48.860	0	24430	task_begin	n/a	task-begin	n/a	n/a	n/a	n/a	n/a
124.528	0	62264	clicker_press	n/a	response-received-page_up	n/a	n/a	n/a	n/a	page_up
124.546	0	62273	baseline_begin	baseline	baseline-begin	n/a	n/a	n/a	n/a	n/a
424.632	0	212316	baseline_end	baseline	baseline-end	n/a	n/a	n/a	n/a	n/a
440.452	0	220226	clicker_press	n/a	response-received-page_up	n/a	n/a	n/a	n/a	page_up
440.468	0	220234	pre_meditation_begin	pre_meditation	pre-meditation-begin	n/a	n/a	n/a	n/a	n/a
740.536	0	370268	pre_meditation_end	pre_meditation	pre-meditation-end	n/a	n/a	n/a	n/a	n/a
740.536	0	370268	prompt_window_begin	pre_meditation	probe-pre-meditation-begin	n/a	n/a	n/a	n/a	n/a
747.464	0	373732	clicker_press	n/a	response-received-page_up	n/a	n/a	n/a	n/a	page_up
748.312	0	374156	clicker_press	n/a	response-received-page_up	n/a	n/a	n/a	n/a	page_up
749.346	0	374673	clicker_press	n/a	response-received-page_up	n/a	n/a	n/a	n/a	page_up
749.560	0	374780	depth_rating	pre_meditation	rating-pre-meditation-meditation_depth-3	3	n/a	n/a	n/a	n/a
756.138	0	378069	clicker_press	n/a	response-received-page_up	n/a	n/a	n/a	n/a	page_up
757.022	0	378511	clicker_press	n/a	response-received-page_up	n/a	n/a	n/a	n/a	page_up
757.922	0	378961	clicker_press	n/a	response-received-page_up	n/a	n/a	n/a	n/a	page_up
758.786	0	379393	clicker_press	n/a	response-received-page_up	n/a	n/a	n/a	n/a	page_up
759.736	0	379868	confidence_rating	pre_meditation	rating-pre-meditation-confidence_depth-4	n/a	4	n/a	n/a	n/a
760.786	0	380393	prompt_window_end	pre_meditation	probe-pre-meditation-end	n/a	n/a	n/a	n/a	n/a
940.504	0	470252	clicker_press	n/a	response-received-page_up	n/a	n/a	n/a	n/a	page_up
940.530	0	470265	sapo_emerge_begin	sapo_emerge	block-sapo-emerge-begin	n/a	n/a	n/a	n/a	n/a
940.542	0	470271	subblock_begin	sapo_emerge	subblock-begin	n/a	n/a	n/a	n/a	n/a
940.544	0	470272	silence_begin	sapo_emerge	silence-begin	n/a	n/a	n/a	n/a	n/a
940.544	0	470272	standard_tone	sapo_emerge	standard	n/a	n/a	n/a	n/a	n/a
941.552	0	470776	distractor_noise	sapo_emerge	distractor	n/a	n/a	n/a	n/a	n/a
942.568	0	471284	standard_tone	sapo_emerge	standard	n/a	n/a	n/a	n/a	n/a
943.584	0	471792	standard_tone	sapo_emerge	standard	n/a	n/a	n/a	n/a	n/a
944.598	0	472299	standard_tone	sapo_emerge	standard	n/a	n/a	n/a	n/a	n/a
945.614	0	472807	standard_tone	sapo_emerge	standard	n/a	n/a	n/a	n/a	n/a
946.632	0	473316	standard_tone	sapo_emerge	standard	n/a	n/a	n/a	n/a	n/a
947.648	0	473824	standard_tone	sapo_emerge	standard	n/a	n/a	n/a	n/a	n/a
948.662	0	474331	oddball_tone	sapo_emerge	oddball	n/a	n/a	n/a	n/a	n/a
949.678	0	474839	standard_tone	sapo_emerge	standard	n/a	n/a	n/a	n/a	n/a
950.694	0	475347	standard_tone	sapo_emerge	standard	n/a	n/a	n/a	n/a	n/a
951.710	0	475855	standard_tone	sapo_emerge	standard	n/a	n/a	n/a	n/a	n/a
952.726	0	476363	standard_tone	sapo_emerge	standard	n/a	n/a	n/a	n/a	n/a
953.742	0	476871	standard_tone	sapo_emerge	standard	n/a	n/a	n/a	n/a	n/a
954.758	0	477379	distractor_noise	sapo_emerge	distractor	n/a	n/a	n/a	n/a	n/a
955.774	0	477887	standard_tone	sapo_emerge	standard	n/a	n/a	n/a	n/a	n/a
956.788	0	478394	standard_tone	sapo_emerge	standard	n/a	n/a	n/a	n/a	n/a
957.804	0	478902	standard_tone	sapo_emerge	standard	n/a	n/a	n/a	n/a	n/a
958.820	0	479410	standard_tone	sapo_emerge	standard	n/a	n/a	n/a	n/a	n/a
959.836	0	479918	distractor_noise	sapo_emerge	distractor	n/a	n/a	n/a	n/a	n/a
960.852	0	480426	standard_tone	sapo_emerge	standard	n/a	n/a	n/a	n/a	n/a
961.868	0	480934	standard_tone	sapo_emerge	standard	n/a	n/a	n/a	n/a	n/a
962.884	0	481442	distractor_noise	sapo_emerge	distractor	n/a	n/a	n/a	n/a	n/a
963.900	0	481950	standard_tone	sapo_emerge	standard	n/a	n/a	n/a	n/a	n/a
964.916	0	482458	standard_tone	sapo_emerge	standard	n/a	n/a	n/a	n/a	n/a
965.932	0	482966	standard_tone	sapo_emerge	standard	n/a	n/a	n/a	n/a	n/a
966.948	0	483474	standard_tone	sapo_emerge	standard	n/a	n/a	n/a	n/a	n/a
967.946	0	483973	oddball_tone	sapo_emerge	oddball	n/a	n/a	n/a	n/a	n/a
968.962	0	484481	standard_tone	sapo_emerge	standard	n/a	n/a	n/a	n/a	n/a
969.962	0	484981	standard_tone	sapo_emerge	standard	n/a	n/a	n/a	n/a	n/a
970.978	0	485489	standard_tone	sapo_emerge	standard	n/a	n/a	n/a	n/a	n/a
971.992	0	485996	oddball_tone	sapo_emerge	oddball	n/a	n/a	n/a	n/a	n/a
973.010	0	486505	standard_tone	sapo_emerge	standard	n/a	n/a	n/a	n/a	n/a
974.024	0	487012	standard_tone	sapo_emerge	standard	n/a	n/a	n/a	n/a	n/a
975.040	0	487520	standard_tone	sapo_emerge	standard	n/a	n/a	n/a	n/a	n/a
976.056	0	488028	distractor_noise	sapo_emerge	distractor	n/a	n/a	n/a	n/a	n/a
977.072	0	488536	standard_tone	sapo_emerge	standard	n/a	n/a	n/a	n/a	n/a
978.088	0	489044	standard_tone	sapo_emerge	standard	n/a	n/a	n/a	n/a	n/a
979.104	0	489552	standard_tone	sapo_emerge	standard	n/a	n/a	n/a	n/a	n/a
980.120	0	490060	standard_tone	sapo_emerge	standard	n/a	n/a	n/a	n/a	n/a
981.136	0	490568	standard_tone	sapo_emerge	standard	n/a	n/a	n/a	n/a	n/a
982.150	0	491075	distractor_noise	sapo_emerge	distractor	n/a	n/a	n/a	n/a	n/a
983.168	0	491584	standard_tone	sapo_emerge	standard	n/a	n/a	n/a	n/a	n/a
984.184	0	492092	standard_tone	sapo_emerge	standard	n/a	n/a	n/a	n/a	n/a
985.198	0	492599	standard_tone	sapo_emerge	standard	n/a	n/a	n/a	n/a	n/a
986.214	0	493107	standard_tone	sapo_emerge	standard	n/a	n/a	n/a	n/a	n/a
987.230	0	493615	distractor_noise	sapo_emerge	distractor	n/a	n/a	n/a	n/a	n/a
988.246	0	494123	standard_tone	sapo_emerge	standard	n/a	n/a	n/a	n/a	n/a
989.262	0	494631	standard_tone	sapo_emerge	standard	n/a	n/a	n/a	n/a	n/a
990.278	0	495139	standard_tone	sapo_emerge	standard	n/a	n/a	n/a	n/a	n/a
991.294	0	495647	standard_tone	sapo_emerge	standard	n/a	n/a	n/a	n/a	n/a
992.310	0	496155	standard_tone	sapo_emerge	standard	n/a	n/a	n/a	n/a	n/a
993.326	0	496663	standard_tone	sapo_emerge	standard	n/a	n/a	n/a	n/a	n/a
994.342	0	497171	oddball_tone	sapo_emerge	oddball	n/a	n/a	n/a	n/a	n/a
995.356	0	497678	standard_tone	sapo_emerge	standard	n/a	n/a	n/a	n/a	n/a
996.372	0	498186	oddball_tone	sapo_emerge	oddball	n/a	n/a	n/a	n/a	n/a
997.388	0	498694	standard_tone	sapo_emerge	standard	n/a	n/a	n/a	n/a	n/a
998.388	0	499194	distractor_noise	sapo_emerge	distractor	n/a	n/a	n/a	n/a	n/a
999.404	0	499702	oddball_tone	sapo_emerge	oddball	n/a	n/a	n/a	n/a	n/a
1000.420	0	500210	standard_tone	sapo_emerge	standard	n/a	n/a	n/a	n/a	n/a
1001.436	0	500718	standard_tone	sapo_emerge	standard	n/a	n/a	n/a	n/a	n/a
1002.450	0	501225	standard_tone	sapo_emerge	standard	n/a	n/a	n/a	n/a	n/a
1003.450	0	501725	standard_tone	sapo_emerge	standard	n/a	n/a	n/a	n/a	n/a
1004.466	0	502233	standard_tone	sapo_emerge	standard	n/a	n/a	n/a	n/a	n/a
1005.482	0	502741	oddball_tone	sapo_emerge	oddball	n/a	n/a	n/a	n/a	n/a
1006.482	0	503241	standard_tone	sapo_emerge	standard	n/a	n/a	n/a	n/a	n/a
1007.496	0	503748	distractor_noise	sapo_emerge	distractor	n/a	n/a	n/a	n/a	n/a
1008.512	0	504256	standard_tone	sapo_emerge	standard	n/a	n/a	n/a	n/a	n/a
1009.528	0	504764	standard_tone	sapo_emerge	standard	n/a	n/a	n/a	n/a	n/a
1010.544	0	505272	standard_tone	sapo_emerge	standard	n/a	n/a	n/a	n/a	n/a
1011.562	0	505781	standard_tone	sapo_emerge	standard	n/a	n/a	n/a	n/a	n/a
1012.576	0	506288	standard_tone	sapo_emerge	standard	n/a	n/a	n/a	n/a	n/a
1013.592	0	506796	standard_tone	sapo_emerge	standard	n/a	n/a	n/a	n/a	n/a
1014.608	0	507304	standard_tone	sapo_emerge	standard	n/a	n/a	n/a	n/a	n/a
1015.624	0	507812	standard_tone	sapo_emerge	standard	n/a	n/a	n/a	n/a	n/a
1016.640	0	508320	distractor_noise	sapo_emerge	distractor	n/a	n/a	n/a	n/a	n/a
1017.656	0	508828	standard_tone	sapo_emerge	standard	n/a	n/a	n/a	n/a	n/a
1018.670	0	509335	standard_tone	sapo_emerge	standard	n/a	n/a	n/a	n/a	n/a
1019.686	0	509843	standard_tone	sapo_emerge	standard	n/a	n/a	n/a	n/a	n/a
1020.702	0	510351	oddball_tone	sapo_emerge	oddball	n/a	n/a	n/a	n/a	n/a
1021.718	0	510859	distractor_noise	sapo_emerge	distractor	n/a	n/a	n/a	n/a	n/a
1022.734	0	511367	oddball_tone	sapo_emerge	oddball	n/a	n/a	n/a	n/a	n/a
1023.750	0	511875	standard_tone	sapo_emerge	standard	n/a	n/a	n/a	n/a	n/a
1024.766	0	512383	standard_tone	sapo_emerge	standard	n/a	n/a	n/a	n/a	n/a
1025.782	0	512891	standard_tone	sapo_emerge	standard	n/a	n/a	n/a	n/a	n/a
1026.798	0	513399	standard_tone	sapo_emerge	standard	n/a	n/a	n/a	n/a	n/a
1027.814	0	513907	standard_tone	sapo_emerge	standard	n/a	n/a	n/a	n/a	n/a
1028.830	0	514415	standard_tone	sapo_emerge	standard	n/a	n/a	n/a	n/a	n/a
1029.844	0	514922	standard_tone	sapo_emerge	standard	n/a	n/a	n/a	n/a	n/a
1030.860	0	515430	standard_tone	sapo_emerge	standard	n/a	n/a	n/a	n/a	n/a
1031.862	0	515931	standard_tone	sapo_emerge	standard	n/a	n/a	n/a	n/a	n/a
1032.876	0	516438	standard_tone	sapo_emerge	standard	n/a	n/a	n/a	n/a	n/a
1033.892	0	516946	standard_tone	sapo_emerge	standard	n/a	n/a	n/a	n/a	n/a
1034.908	0	517454	standard_tone	sapo_emerge	standard	n/a	n/a	n/a	n/a	n/a
1035.906	0	517953	standard_tone	sapo_emerge	standard	n/a	n/a	n/a	n/a	n/a
1036.922	0	518461	standard_tone	sapo_emerge	standard	n/a	n/a	n/a	n/a	n/a
1037.938	0	518969	standard_tone	sapo_emerge	standard	n/a	n/a	n/a	n/a	n/a
1038.954	0	519477	standard_tone	sapo_emerge	standard	n/a	n/a	n/a	n/a	n/a
1039.970	0	519985	standard_tone	sapo_emerge	standard	n/a	n/a	n/a	n/a	n/a
1040.986	0	520493	standard_tone	sapo_emerge	standard	n/a	n/a	n/a	n/a	n/a
1042.002	0	521001	standard_tone	sapo_emerge	standard	n/a	n/a	n/a	n/a	n/a
1042.352	0	521176	silence_end	sapo_emerge	silence-end	n/a	n/a	n/a	n/a	n/a
1042.352	0	521176	gong_begin	sapo_emerge	gong-begin	n/a	n/a	n/a	n/a	n/a
1043.018	0	521509	standard_tone	sapo_emerge	standard	n/a	n/a	n/a	n/a	n/a
1044.034	0	522017	oddball_tone	sapo_emerge	oddball	n/a	n/a	n/a	n/a	n/a
1045.050	0	522525	standard_tone	sapo_emerge	standard	n/a	n/a	n/a	n/a	n/a
1046.064	0	523032	standard_tone	sapo_emerge	standard	n/a	n/a	n/a	n/a	n/a
1047.080	0	523540	standard_tone	sapo_emerge	standard	n/a	n/a	n/a	n/a	n/a
1048.080	0	524040	standard_tone	sapo_emerge	standard	n/a	n/a	n/a	n/a	n/a
1049.096	0	524548	standard_tone	sapo_emerge	standard	n/a	n/a	n/a	n/a	n/a
1050.112	0	525056	standard_tone	sapo_emerge	standard	n/a	n/a	n/a	n/a	n/a
1051.128	0	525564	standard_tone	sapo_emerge	standard	n/a	n/a	n/a	n/a	n/a
1052.144	0	526072	standard_tone	sapo_emerge	standard	n/a	n/a	n/a	n/a	n/a
1052.376	0	526188	gong_end	sapo_emerge	gong-end	n/a	n/a	n/a	n/a	n/a
1052.378	0	526189	subblock_end	sapo_emerge	subblock-end-duration-111.835	n/a	n/a	n/a	111.835	n/a
1052.378	0	526189	subblock_begin	sapo_emerge	subblock-begin	n/a	n/a	n/a	n/a	n/a
1052.378	0	526189	silence_begin	sapo_emerge	silence-begin	n/a	n/a	n/a	n/a	n/a
1053.158	0	526579	standard_tone	sapo_emerge	standard	n/a	n/a	n/a	n/a	n/a
1054.174	0	527087	standard_tone	sapo_emerge	standard	n/a	n/a	n/a	n/a	n/a
1055.190	0	527595	standard_tone	sapo_emerge	standard	n/a	n/a	n/a	n/a	n/a
1056.206	0	528103	standard_tone	sapo_emerge	standard	n/a	n/a	n/a	n/a	n/a
1057.222	0	528611	standard_tone	sapo_emerge	standard	n/a	n/a	n/a	n/a	n/a
1058.006	0	529003	clicker_press	sapo_emerge	response-received-page_up	n/a	n/a	n/a	n/a	page_up
1058.038	0	529019	report_window_begin	sapo_emerge	emerge-sapo-emerge-begin	n/a	n/a	n/a	n/a	n/a
1059.838	0	529919	clicker_press	sapo_emerge	response-received-page_up	n/a	n/a	n/a	n/a	page_up
1061.552	0	530776	clicker_press	sapo_emerge	response-received-page_up	n/a	n/a	n/a	n/a	page_up
1062.218	0	531109	depth_rating	sapo_emerge	rating-sapo-emerge-meditation_depth-3	3	n/a	n/a	n/a	n/a
1069.462	0	534731	clicker_press	sapo_emerge	response-received-page_up	n/a	n/a	n/a	n/a	page_up
1070.512	0	535256	clicker_press	sapo_emerge	response-received-page_up	n/a	n/a	n/a	n/a	page_up
1071.694	0	535847	clicker_press	sapo_emerge	response-received-page_up	n/a	n/a	n/a	n/a	page_up
1072.328	0	536164	confidence_rating	sapo_emerge	rating-sapo-emerge-confidence_depth-3	n/a	3	n/a	n/a	n/a
1075.808	0	537904	report_window_end	sapo_emerge	emerge-sapo-emerge-end	n/a	n/a	n/a	n/a	n/a
1075.808	0	537904	subblock_begin	sapo_emerge	subblock-begin	n/a	n/a	n/a	n/a	n/a
1075.808	0	537904	silence_begin	sapo_emerge	silence-begin	n/a	n/a	n/a	n/a	n/a
1075.810	0	537905	oddball_tone	sapo_emerge	oddball	n/a	n/a	n/a	n/a	n/a
1076.822	0	538411	standard_tone	sapo_emerge	standard	n/a	n/a	n/a	n/a	n/a
1077.838	0	538919	standard_tone	sapo_emerge	standard	n/a	n/a	n/a	n/a	n/a
1078.854	0	539427	standard_tone	sapo_emerge	standard	n/a	n/a	n/a	n/a	n/a
1079.870	0	539935	standard_tone	sapo_emerge	standard	n/a	n/a	n/a	n/a	n/a
1080.886	0	540443	standard_tone	sapo_emerge	standard	n/a	n/a	n/a	n/a	n/a
1081.902	0	540951	standard_tone	sapo_emerge	standard	n/a	n/a	n/a	n/a	n/a
1082.918	0	541459	standard_tone	sapo_emerge	standard	n/a	n/a	n/a	n/a	n/a
1083.934	0	541967	standard_tone	sapo_emerge	standard	n/a	n/a	n/a	n/a	n/a
1084.950	0	542475	standard_tone	sapo_emerge	standard	n/a	n/a	n/a	n/a	n/a
1085.966	0	542983	standard_tone	sapo_emerge	standard	n/a	n/a	n/a	n/a	n/a
1086.980	0	543490	standard_tone	sapo_emerge	standard	n/a	n/a	n/a	n/a	n/a
1087.996	0	543998	standard_tone	sapo_emerge	standard	n/a	n/a	n/a	n/a	n/a
1089.012	0	544506	standard_tone	sapo_emerge	standard	n/a	n/a	n/a	n/a	n/a
1090.028	0	545014	standard_tone	sapo_emerge	standard	n/a	n/a	n/a	n/a	n/a
1091.044	0	545522	distractor_noise	sapo_emerge	distractor	n/a	n/a	n/a	n/a	n/a
1092.044	0	546022	standard_tone	sapo_emerge	standard	n/a	n/a	n/a	n/a	n/a
1093.060	0	546530	standard_tone	sapo_emerge	standard	n/a	n/a	n/a	n/a	n/a
1094.076	0	547038	standard_tone	sapo_emerge	standard	n/a	n/a	n/a	n/a	n/a
1095.092	0	547546	standard_tone	sapo_emerge	standard	n/a	n/a	n/a	n/a	n/a
1096.106	0	548053	standard_tone	sapo_emerge	standard	n/a	n/a	n/a	n/a	n/a
1097.122	0	548561	standard_tone	sapo_emerge	standard	n/a	n/a	n/a	n/a	n/a
1098.138	0	549069	standard_tone	sapo_emerge	standard	n/a	n/a	n/a	n/a	n/a
1099.154	0	549577	standard_tone	sapo_emerge	standard	n/a	n/a	n/a	n/a	n/a
1100.170	0	550085	standard_tone	sapo_emerge	standard	n/a	n/a	n/a	n/a	n/a
1101.186	0	550593	standard_tone	sapo_emerge	standard	n/a	n/a	n/a	n/a	n/a
1102.202	0	551101	distractor_noise	sapo_emerge	distractor	n/a	n/a	n/a	n/a	n/a
1103.218	0	551609	standard_tone	sapo_emerge	standard	n/a	n/a	n/a	n/a	n/a
1104.234	0	552117	standard_tone	sapo_emerge	standard	n/a	n/a	n/a	n/a	n/a
1105.232	0	552616	standard_tone	sapo_emerge	standard	n/a	n/a	n/a	n/a	n/a
1106.248	0	553124	oddball_tone	sapo_emerge	oddball	n/a	n/a	n/a	n/a	n/a
1107.264	0	553632	distractor_noise	sapo_emerge	distractor	n/a	n/a	n/a	n/a	n/a
1108.280	0	554140	standard_tone	sapo_emerge	standard	n/a	n/a	n/a	n/a	n/a
1109.296	0	554648	standard_tone	sapo_emerge	standard	n/a	n/a	n/a	n/a	n/a
1110.296	0	555148	oddball_tone	sapo_emerge	oddball	n/a	n/a	n/a	n/a	n/a
1111.312	0	555656	standard_tone	sapo_emerge	standard	n/a	n/a	n/a	n/a	n/a
1112.326	0	556163	standard_tone	sapo_emerge	standard	n/a	n/a	n/a	n/a	n/a
1113.342	0	556671	standard_tone	sapo_emerge	standard	n/a	n/a	n/a	n/a	n/a
1114.342	0	557171	standard_tone	sapo_emerge	standard	n/a	n/a	n/a	n/a	n/a
1115.358	0	557679	oddball_tone	sapo_emerge	oddball	n/a	n/a	n/a	n/a	n/a
1116.356	0	558178	standard_tone	sapo_emerge	standard	n/a	n/a	n/a	n/a	n/a
1117.372	0	558686	standard_tone	sapo_emerge	standard	n/a	n/a	n/a	n/a	n/a
1118.388	0	559194	standard_tone	sapo_emerge	standard	n/a	n/a	n/a	n/a	n/a
1119.404	0	559702	standard_tone	sapo_emerge	standard	n/a	n/a	n/a	n/a	n/a
1120.420	0	560210	standard_tone	sapo_emerge	standard	n/a	n/a	n/a	n/a	n/a
1121.436	0	560718	distractor_noise	sapo_emerge	distractor	n/a	n/a	n/a	n/a	n/a
1122.436	0	561218	standard_tone	sapo_emerge	standard	n/a	n/a	n/a	n/a	n/a
1123.450	0	561725	standard_tone	sapo_emerge	standard	n/a	n/a	n/a	n/a	n/a
1124.466	0	562233	standard_tone	sapo_emerge	standard	n/a	n/a	n/a	n/a	n/a
1125.482	0	562741	oddball_tone	sapo_emerge	oddball	n/a	n/a	n/a	n/a	n/a
1126.500	0	563250	standard_tone	sapo_emerge	standard	n/a	n/a	n/a	n/a	n/a
1127.514	0	563757	distractor_noise	sapo_emerge	distractor	n/a	n/a	n/a	n/a	n/a
1128.530	0	564265	standard_tone	sapo_emerge	standard	n/a	n/a	n/a	n/a	n/a
1129.546	0	564773	standard_tone	sapo_emerge	standard	n/a	n/a	n/a	n/a	n/a
1130.562	0	565281	standard_tone	sapo_emerge	standard	n/a	n/a	n/a	n/a	n/a
1131.578	0	565789	distractor_noise	sapo_emerge	distractor	n/a	n/a	n/a	n/a	n/a
1132.594	0	566297	standard_tone	sapo_emerge	standard	n/a	n/a	n/a	n/a	n/a
1133.610	0	566805	standard_tone	sapo_emerge	standard	n/a	n/a	n/a	n/a	n/a
1134.624	0	567312	standard_tone	sapo_emerge	standard	n/a	n/a	n/a	n/a	n/a
1135.640	0	567820	distractor_noise	sapo_emerge	distractor	n/a	n/a	n/a	n/a	n/a
1136.656	0	568328	oddball_tone	sapo_emerge	oddball	n/a	n/a	n/a	n/a	n/a
1137.672	0	568836	standard_tone	sapo_emerge	standard	n/a	n/a	n/a	n/a	n/a
1138.688	0	569344	standard_tone	sapo_emerge	standard	n/a	n/a	n/a	n/a	n/a
1139.704	0	569852	standard_tone	sapo_emerge	standard	n/a	n/a	n/a	n/a	n/a
1140.720	0	570360	standard_tone	sapo_emerge	standard	n/a	n/a	n/a	n/a	n/a
1141.736	0	570868	standard_tone	sapo_emerge	standard	n/a	n/a	n/a	n/a	n/a
1142.752	0	571376	standard_tone	sapo_emerge	standard	n/a	n/a	n/a	n/a	n/a
1143.768	0	571884	standard_tone	sapo_emerge	standard	n/a	n/a	n/a	n/a	n/a
1144.782	0	572391	standard_tone	sapo_emerge	standard	n/a	n/a	n/a	n/a	n/a
1145.798	0	572899	standard_tone	sapo_emerge	standard	n/a	n/a	n/a	n/a	n/a
1146.816	0	573408	standard_tone	sapo_emerge	standard	n/a	n/a	n/a	n/a	n/a
1147.830	0	573915	standard_tone	sapo_emerge	standard	n/a	n/a	n/a	n/a	n/a
1148.846	0	574423	standard_tone	sapo_emerge	standard	n/a	n/a	n/a	n/a	n/a
1149.862	0	574931	standard_tone	sapo_emerge	standard	n/a	n/a	n/a	n/a	n/a
1150.878	0	575439	standard_tone	sapo_emerge	standard	n/a	n/a	n/a	n/a	n/a
1151.894	0	575947	standard_tone	sapo_emerge	standard	n/a	n/a	n/a	n/a	n/a
1152.910	0	576455	standard_tone	sapo_emerge	standard	n/a	n/a	n/a	n/a	n/a
1153.926	0	576963	standard_tone	sapo_emerge	standard	n/a	n/a	n/a	n/a	n/a
1154.942	0	577471	distractor_noise	sapo_emerge	distractor	n/a	n/a	n/a	n/a	n/a
1155.958	0	577979	standard_tone	sapo_emerge	standard	n/a	n/a	n/a	n/a	n/a
1156.974	0	578487	standard_tone	sapo_emerge	standard	n/a	n/a	n/a	n/a	n/a
1157.988	0	578994	standard_tone	sapo_emerge	standard	n/a	n/a	n/a	n/a	n/a
1159.004	0	579502	standard_tone	sapo_emerge	standard	n/a	n/a	n/a	n/a	n/a
1160.020	0	580010	standard_tone	sapo_emerge	standard	n/a	n/a	n/a	n/a	n/a
1161.036	0	580518	standard_tone	sapo_emerge	standard	n/a	n/a	n/a	n/a	n/a
1162.052	0	581026	standard_tone	sapo_emerge	standard	n/a	n/a	n/a	n/a	n/a
1163.052	0	581526	standard_tone	sapo_emerge	standard	n/a	n/a	n/a	n/a	n/a
1164.068	0	582034	standard_tone	sapo_emerge	standard	n/a	n/a	n/a	n/a	n/a
1165.084	0	582542	oddball_tone	sapo_emerge	oddball	n/a	n/a	n/a	n/a	n/a
1166.098	0	583049	standard_tone	sapo_emerge	standard	n/a	n/a	n/a	n/a	n/a
1167.114	0	583557	standard_tone	sapo_emerge	standard	n/a	n/a	n/a	n/a	n/a
1168.130	0	584065	distractor_noise	sapo_emerge	distractor	n/a	n/a	n/a	n/a	n/a
1169.146	0	584573	oddball_tone	sapo_emerge	oddball	n/a	n/a	n/a	n/a	n/a
1170.162	0	585081	standard_tone	sapo_emerge	standard	n/a	n/a	n/a	n/a	n/a
1171.178	0	585589	standard_tone	sapo_emerge	standard	n/a	n/a	n/a	n/a	n/a
1172.194	0	586097	standard_tone	sapo_emerge	standard	n/a	n/a	n/a	n/a	n/a
1173.210	0	586605	standard_tone	sapo_emerge	standard	n/a	n/a	n/a	n/a	n/a
1174.226	0	587113	standard_tone	sapo_emerge	standard	n/a	n/a	n/a	n/a	n/a
1175.240	0	587620	standard_tone	sapo_emerge	standard	n/a	n/a	n/a	n/a	n/a
1176.256	0	588128	standard_tone	sapo_emerge	standard	n/a	n/a	n/a	n/a	n/a
1177.272	0	588636	distractor_noise	sapo_emerge	distractor	n/a	n/a	n/a	n/a	n/a
1178.272	0	589136	standard_tone	sapo_emerge	standard	n/a	n/a	n/a	n/a	n/a
1179.288	0	589644	standard_tone	sapo_emerge	standard	n/a	n/a	n/a	n/a	n/a
1180.288	0	590144	standard_tone	sapo_emerge	standard	n/a	n/a	n/a	n/a	n/a
1181.302	0	590651	standard_tone	sapo_emerge	standard	n/a	n/a	n/a	n/a	n/a
1182.318	0	591159	standard_tone	sapo_emerge	standard	n/a	n/a	n/a	n/a	n/a
1183.334	0	591667	oddball_tone	sapo_emerge	oddball	n/a	n/a	n/a	n/a	n/a
1184.350	0	592175	standard_tone	sapo_emerge	standard	n/a	n/a	n/a	n/a	n/a
1185.366	0	592683	standard_tone	sapo_emerge	standard	n/a	n/a	n/a	n/a	n/a
1186.382	0	593191	standard_tone	sapo_emerge	standard	n/a	n/a	n/a	n/a	n/a
1187.398	0	593699	standard_tone	sapo_emerge	standard	n/a	n/a	n/a	n/a	n/a
1188.414	0	594207	standard_tone	sapo_emerge	standard	n/a	n/a	n/a	n/a	n/a
1189.430	0	594715	standard_tone	sapo_emerge	standard	n/a	n/a	n/a	n/a	n/a
1190.230	0	595115	silence_end	sapo_emerge	silence-end	n/a	n/a	n/a	n/a	n/a
1190.230	0	595115	gong_begin	sapo_emerge	gong-begin	n/a	n/a	n/a	n/a	n/a
1190.446	0	595223	standard_tone	sapo_emerge	standard	n/a	n/a	n/a	n/a	n/a
1191.460	0	595730	standard_tone	sapo_emerge	standard	n/a	n/a	n/a	n/a	n/a
1192.476	0	596238	standard_tone	sapo_emerge	standard	n/a	n/a	n/a	n/a	n/a
1193.492	0	596746	standard_tone	sapo_emerge	standard	n/a	n/a	n/a	n/a	n/a
1194.508	0	597254	standard_tone	sapo_emerge	standard	n/a	n/a	n/a	n/a	n/a
1195.524	0	597762	standard_tone	sapo_emerge	standard	n/a	n/a	n/a	n/a	n/a
1196.540	0	598270	distractor_noise	sapo_emerge	distractor	n/a	n/a	n/a	n/a	n/a
1197.556	0	598778	standard_tone	sapo_emerge	standard	n/a	n/a	n/a	n/a	n/a
1198.572	0	599286	standard_tone	sapo_emerge	standard	n/a	n/a	n/a	n/a	n/a
1199.588	0	599794	distractor_noise	sapo_emerge	distractor	n/a	n/a	n/a	n/a	n/a
1200.238	0	600119	gong_end	sapo_emerge	gong-end	n/a	n/a	n/a	n/a	n/a
1200.238	0	600119	subblock_end	sapo_emerge	subblock-end-duration-124.43	n/a	n/a	n/a	124.430	n/a
1200.238	0	600119	subblock_begin	sapo_emerge	subblock-begin	n/a	n/a	n/a	n/a	n/a
1200.240	0	600120	silence_begin	sapo_emerge	silence-begin	n/a	n/a	n/a	n/a	n/a
1200.604	0	600302	standard_tone	sapo_emerge	standard	n/a	n/a	n/a	n/a	n/a
1201.620	0	600810	distractor_noise	sapo_emerge	distractor	n/a	n/a	n/a	n/a	n/a
1202.636	0	601318	standard_tone	sapo_emerge	standard	n/a	n/a	n/a	n/a	n/a
1203.652	0	601826	standard_tone	sapo_emerge	standard	n/a	n/a	n/a	n/a	n/a
1204.666	0	602333	standard_tone	sapo_emerge	standard	n/a	n/a	n/a	n/a	n/a
1205.682	0	602841	oddball_tone	sapo_emerge	oddball	n/a	n/a	n/a	n/a	n/a
1206.698	0	603349	standard_tone	sapo_emerge	standard	n/a	n/a	n/a	n/a	n/a
1207.714	0	603857	standard_tone	sapo_emerge	standard	n/a	n/a	n/a	n/a	n/a
1208.730	0	604365	standard_tone	sapo_emerge	standard	n/a	n/a	n/a	n/a	n/a
1209.746	0	604873	distractor_noise	sapo_emerge	distractor	n/a	n/a	n/a	n/a	n/a
1210.762	0	605381	standard_tone	sapo_emerge	standard	n/a	n/a	n/a	n/a	n/a
1211.778	0	605889	oddball_tone	sapo_emerge	oddball	n/a	n/a	n/a	n/a	n/a
1212.794	0	606397	standard_tone	sapo_emerge	standard	n/a	n/a	n/a	n/a	n/a
1213.810	0	606905	oddball_tone	sapo_emerge	oddball	n/a	n/a	n/a	n/a	n/a
1214.824	0	607412	standard_tone	sapo_emerge	standard	n/a	n/a	n/a	n/a	n/a
1215.840	0	607920	standard_tone	sapo_emerge	standard	n/a	n/a	n/a	n/a	n/a
1216.856	0	608428	standard_tone	sapo_emerge	standard	n/a	n/a	n/a	n/a	n/a
1217.872	0	608936	standard_tone	sapo_emerge	standard	n/a	n/a	n/a	n/a	n/a
1218.888	0	609444	standard_tone	sapo_emerge	standard	n/a	n/a	n/a	n/a	n/a
1219.904	0	609952	standard_tone	sapo_emerge	standard	n/a	n/a	n/a	n/a	n/a
1220.920	0	610460	distractor_noise	sapo_emerge	distractor	n/a	n/a	n/a	n/a	n/a
1221.920	0	610960	standard_tone	sapo_emerge	standard	n/a	n/a	n/a	n/a	n/a
1222.934	0	611467	standard_tone	sapo_emerge	standard	n/a	n/a	n/a	n/a	n/a
1223.950	0	611975	oddball_tone	sapo_emerge	oddball	n/a	n/a	n/a	n/a	n/a
1224.966	0	612483	standard_tone	sapo_emerge	standard	n/a	n/a	n/a	n/a	n/a
1225.982	0	612991	standard_tone	sapo_emerge	standard	n/a	n/a	n/a	n/a	n/a
1226.998	0	613499	standard_tone	sapo_emerge	standard	n/a	n/a	n/a	n/a	n/a
1228.014	0	614007	distractor_noise	sapo_emerge	distractor	n/a	n/a	n/a	n/a	n/a
1229.030	0	614515	standard_tone	sapo_emerge	standard	n/a	n/a	n/a	n/a	n/a
1230.044	0	615022	standard_tone	sapo_emerge	standard	n/a	n/a	n/a	n/a	n/a
1231.046	0	615523	standard_tone	sapo_emerge	standard	n/a	n/a	n/a	n/a	n/a
1232.060	0	616030	oddball_tone	sapo_emerge	oddball	n/a	n/a	n/a	n/a	n/a
1233.060	0	616530	distractor_noise	sapo_emerge	distractor	n/a	n/a	n/a	n/a	n/a
1234.076	0	617038	standard_tone	sapo_emerge	standard	n/a	n/a	n/a	n/a	n/a
1235.074	0	617537	standard_tone	sapo_emerge	standard	n/a	n/a	n/a	n/a	n/a
1236.090	0	618045	standard_tone	sapo_emerge	standard	n/a	n/a	n/a	n/a	n/a
1237.090	0	618545	standard_tone	sapo_emerge	standard	n/a	n/a	n/a	n/a	n/a
1238.106	0	619053	standard_tone	sapo_emerge	standard	n/a	n/a	n/a	n/a	n/a
1239.120	0	619560	standard_tone	sapo_emerge	standard	n/a	n/a	n/a	n/a	n/a
1240.138	0	620069	standard_tone	sapo_emerge	standard	n/a	n/a	n/a	n/a	n/a
1241.154	0	620577	distractor_noise	sapo_emerge	distractor	n/a	n/a	n/a	n/a	n/a
1242.170	0	621085	standard_tone	sapo_emerge	standard	n/a	n/a	n/a	n/a	n/a
1243.186	0	621593	oddball_tone	sapo_emerge	oddball	n/a	n/a	n/a	n/a	n/a
1244.200	0	622100	standard_tone	sapo_emerge	standard	n/a	n/a	n/a	n/a	n/a
1245.216	0	622608	oddball_tone	sapo_emerge	oddball	n/a	n/a	n/a	n/a	n/a
1246.232	0	623116	distractor_noise	sapo_emerge	distractor	n/a	n/a	n/a	n/a	n/a
1247.248	0	623624	standard_tone	sapo_emerge	standard	n/a	n/a	n/a	n/a	n/a
1248.264	0	624132	standard_tone	sapo_emerge	standard	n/a	n/a	n/a	n/a	n/a
1249.280	0	624640	oddball_tone	sapo_emerge	oddball	n/a	n/a	n/a	n/a	n/a
1250.296	0	625148	standard_tone	sapo_emerge	standard	n/a	n/a	n/a	n/a	n/a
1251.312	0	625656	standard_tone	sapo_emerge	standard	n/a	n/a	n/a	n/a	n/a
1252.328	0	626164	standard_tone	sapo_emerge	standard	n/a	n/a	n/a	n/a	n/a
1253.344	0	626672	standard_tone	sapo_emerge	standard	n/a	n/a	n/a	n/a	n/a
1254.358	0	627179	standard_tone	sapo_emerge	standard	n/a	n/a	n/a	n/a	n/a
1255.360	0	627680	distractor_noise	sapo_emerge	distractor	n/a	n/a	n/a	n/a	n/a
1256.374	0	628187	oddball_tone	sapo_emerge	oddball	n/a	n/a	n/a	n/a	n/a
1257.390	0	628695	standard_tone	sapo_emerge	standard	n/a	n/a	n/a	n/a	n/a
1258.406	0	629203	standard_tone	sapo_emerge	standard	n/a	n/a	n/a	n/a	n/a
1259.422	0	629711	standard_tone	sapo_emerge	standard	n/a	n/a	n/a	n/a	n/a
1260.438	0	630219	distractor_noise	sapo_emerge	distractor	n/a	n/a	n/a	n/a	n/a
1261.452	0	630726	standard_tone	sapo_emerge	standard	n/a	n/a	n/a	n/a	n/a
1262.468	0	631234	standard_tone	sapo_emerge	standard	n/a	n/a	n/a	n/a	n/a
1263.484	0	631742	standard_tone	sapo_emerge	standard	n/a	n/a	n/a	n/a	n/a
1264.500	0	632250	standard_tone	sapo_emerge	standard	n/a	n/a	n/a	n/a	n/a
1265.516	0	632758	standard_tone	sapo_emerge	standard	n/a	n/a	n/a	n/a	n/a
1266.532	0	633266	standard_tone	sapo_emerge	standard	n/a	n/a	n/a	n/a	n/a
1267.548	0	633774	standard_tone	sapo_emerge	standard	n/a	n/a	n/a	n/a	n/a
1268.564	0	634282	standard_tone	sapo_emerge	standard	n/a	n/a	n/a	n/a	n/a
1269.580	0	634790	standard_tone	sapo_emerge	standard	n/a	n/a	n/a	n/a	n/a
1270.596	0	635298	distractor_noise	sapo_emerge	distractor	n/a	n/a	n/a	n/a	n/a
1271.612	0	635806	standard_tone	sapo_emerge	standard	n/a	n/a	n/a	n/a	n/a
1272.628	0	636314	standard_tone	sapo_emerge	standard	n/a	n/a	n/a	n/a	n/a
1273.642	0	636821	distractor_noise	sapo_emerge	distractor	n/a	n/a	n/a	n/a	n/a
1274.658	0	637329	standard_tone	sapo_emerge	standard	n/a	n/a	n/a	n/a	n/a
1275.674	0	637837	standard_tone	sapo_emerge	standard	n/a	n/a	n/a	n/a	n/a
1276.690	0	638345	distractor_noise	sapo_emerge	distractor	n/a	n/a	n/a	n/a	n/a
1277.706	0	638853	standard_tone	sapo_emerge	standard	n/a	n/a	n/a	n/a	n/a
1278.722	0	639361	standard_tone	sapo_emerge	standard	n/a	n/a	n/a	n/a	n/a
1279.722	0	639861	standard_tone	sapo_emerge	standard	n/a	n/a	n/a	n/a	n/a
1280.736	0	640368	standard_tone	sapo_emerge	standard	n/a	n/a	n/a	n/a	n/a
1281.752	0	640876	standard_tone	sapo_emerge	standard	n/a	n/a	n/a	n/a	n/a
1282.768	0	641384	standard_tone	sapo_emerge	standard	n/a	n/a	n/a	n/a	n/a
1283.784	0	641892	standard_tone	sapo_emerge	standard	n/a	n/a	n/a	n/a	n/a
1284.800	0	642400	standard_tone	sapo_emerge	standard	n/a	n/a	n/a	n/a	n/a
1285.816	0	642908	standard_tone	sapo_emerge	standard	n/a	n/a	n/a	n/a	n/a
1286.832	0	643416	standard_tone	sapo_emerge	standard	n/a	n/a	n/a	n/a	n/a
1287.848	0	643924	distractor_noise	sapo_emerge	distractor	n/a	n/a	n/a	n/a	n/a
1288.864	0	644432	standard_tone	sapo_emerge	standard	n/a	n/a	n/a	n/a	n/a
1289.880	0	644940	standard_tone	sapo_emerge	standard	n/a	n/a	n/a	n/a	n/a
1290.894	0	645447	standard_tone	sapo_emerge	standard	n/a	n/a	n/a	n/a	n/a
1291.910	0	645955	standard_tone	sapo_emerge	standard	n/a	n/a	n/a	n/a	n/a
1292.928	0	646464	distractor_noise	sapo_emerge	distractor	n/a	n/a	n/a	n/a	n/a
1293.942	0	646971	standard_tone	sapo_emerge	standard	n/a	n/a	n/a	n/a	n/a
1294.942	0	647471	distractor_noise	sapo_emerge	distractor	n/a	n/a	n/a	n/a	n/a
1295.958	0	647979	standard_tone	sapo_emerge	standard	n/a	n/a	n/a	n/a	n/a
1296.974	0	648487	standard_tone	sapo_emerge	standard	n/a	n/a	n/a	n/a	n/a
1297.990	0	648995	standard_tone	sapo_emerge	standard	n/a	n/a	n/a	n/a	n/a
1299.006	0	649503	standard_tone	sapo_emerge	standard	n/a	n/a	n/a	n/a	n/a
1300.020	0	650010	standard_tone	sapo_emerge	standard	n/a	n/a	n/a	n/a	n/a
1301.036	0	650518	standard_tone	sapo_emerge	standard	n/a	n/a	n/a	n/a	n/a
1301.388	0	650694	silence_end	sapo_emerge	silence-end	n/a	n/a	n/a	n/a	n/a
1301.388	0	650694	gong_begin	sapo_emerge	gong-begin	n/a	n/a	n/a	n/a	n/a
1302.052	0	651026	standard_tone	sapo_emerge	standard	n/a	n/a	n/a	n/a	n/a
1303.068	0	651534	standard_tone	sapo_emerge	standard	n/a	n/a	n/a	n/a	n/a
1304.084	0	652042	standard_tone	sapo_emerge	standard	n/a	n/a	n/a	n/a	n/a
1305.100	0	652550	standard_tone	sapo_emerge	standard	n/a	n/a	n/a	n/a	n/a
1305.300	0	652650	clicker_press	sapo_emerge	response-received-page_up	n/a	n/a	n/a	n/a	page_up
1305.318	0	652659	gong_end	sapo_emerge	gong-end	n/a	n/a	n/a	n/a	n/a
1305.318	0	652659	report_window_begin	sapo_emerge	emerge-sapo-emerge-begin	n/a	n/a	n/a	n/a	n/a
1307.166	0	653583	clicker_press	sapo_emerge	response-received-page_up	n/a	n/a	n/a	n/a	page_up
1309.232	0	654616	clicker_press	sapo_emerge	response-received-page_up	n/a	n/a	n/a	n/a	page_up
1309.346	0	654673	depth_rating	sapo_emerge	rating-sapo-emerge-meditation_depth-3	3	n/a	n/a	n/a	n/a
1310.880	0	655440	clicker_press	sapo_emerge	response-received-page_up	n/a	n/a	n/a	n/a	page_up
1315.842	0	657921	clicker_press	sapo_emerge	response-received-page_up	n/a	n/a	n/a	n/a	page_up
1316.790	0	658395	clicker_press	sapo_emerge	response-received-page_up	n/a	n/a	n/a	n/a	page_up
1317.640	0	658820	clicker_press	sapo_emerge	response-received-page_up	n/a	n/a	n/a	n/a	page_up
1318.324	0	659162	clicker_press	sapo_emerge	response-received-page_up	n/a	n/a	n/a	n/a	page_up
1318.792	0	659396	clicker_press	sapo_emerge	response-received-page_up	n/a	n/a	n/a	n/a	page_up
1319.406	0	659703	confidence_rating	sapo_emerge	rating-sapo-emerge-confidence_depth-6	n/a	6	n/a	n/a	n/a
1322.902	0	661451	report_window_end	sapo_emerge	emerge-sapo-emerge-end	n/a	n/a	n/a	n/a	n/a
1322.904	0	661452	subblock_end	sapo_emerge	subblock-end-duration-122.665	n/a	n/a	n/a	122.665	n/a
1322.904	0	661452	subblock_begin	sapo_emerge	subblock-begin	n/a	n/a	n/a	n/a	n/a
1322.904	0	661452	silence_begin	sapo_emerge	silence-begin	n/a	n/a	n/a	n/a	n/a
1322.920	0	661460	distractor_noise	sapo_emerge	distractor	n/a	n/a	n/a	n/a	n/a
1323.934	0	661967	standard_tone	sapo_emerge	standard	n/a	n/a	n/a	n/a	n/a
1324.950	0	662475	distractor_noise	sapo_emerge	distractor	n/a	n/a	n/a	n/a	n/a
1325.966	0	662983	standard_tone	sapo_emerge	standard	n/a	n/a	n/a	n/a	n/a
1326.982	0	663491	standard_tone	sapo_emerge	standard	n/a	n/a	n/a	n/a	n/a
1327.998	0	663999	standard_tone	sapo_emerge	standard	n/a	n/a	n/a	n/a	n/a
1329.014	0	664507	standard_tone	sapo_emerge	standard	n/a	n/a	n/a	n/a	n/a
1330.030	0	665015	standard_tone	sapo_emerge	standard	n/a	n/a	n/a	n/a	n/a
1331.046	0	665523	standard_tone	sapo_emerge	standard	n/a	n/a	n/a	n/a	n/a
1332.060	0	666030	standard_tone	sapo_emerge	standard	n/a	n/a	n/a	n/a	n/a
1333.076	0	666538	standard_tone	sapo_emerge	standard	n/a	n/a	n/a	n/a	n/a
1334.092	0	667046	standard_tone	sapo_emerge	standard	n/a	n/a	n/a	n/a	n/a
1335.108	0	667554	standard_tone	sapo_emerge	standard	n/a	n/a	n/a	n/a	n/a
1336.124	0	668062	standard_tone	sapo_emerge	standard	n/a	n/a	n/a	n/a	n/a
1337.140	0	668570	standard_tone	sapo_emerge	standard	n/a	n/a	n/a	n/a	n/a
1338.140	0	669070	standard_tone	sapo_emerge	standard	n/a	n/a	n/a	n/a	n/a
1339.156	0	669578	standard_tone	sapo_emerge	standard	n/a	n/a	n/a	n/a	n/a
1340.172	0	670086	standard_tone	sapo_emerge	standard	n/a	n/a	n/a	n/a	n/a
1341.186	0	670593	standard_tone	sapo_emerge	standard	n/a	n/a	n/a	n/a	n/a
1342.202	0	671101	distractor_noise	sapo_emerge	distractor	n/a	n/a	n/a	n/a	n/a
1343.220	0	671610	standard_tone	sapo_emerge	standard	n/a	n/a	n/a	n/a	n/a
1344.234	0	672117	standard_tone	sapo_emerge	standard	n/a	n/a	n/a	n/a	n/a
1345.250	0	672625	standard_tone	sapo_emerge	standard	n/a	n/a	n/a	n/a	n/a
1346.266	0	673133	distractor_noise	sapo_emerge	distractor	n/a	n/a	n/a	n/a	n/a
1347.282	0	673641	oddball_tone	sapo_emerge	oddball	n/a	n/a	n/a	n/a	n/a
1348.298	0	674149	standard_tone	sapo_emerge	standard	n/a	n/a	n/a	n/a	n/a
1349.314	0	674657	standard_tone	sapo_emerge	standard	n/a	n/a	n/a	n/a	n/a
1350.330	0	675165	distractor_noise	sapo_emerge	distractor	n/a	n/a	n/a	n/a	n/a
1351.344	0	675672	standard_tone	sapo_emerge	standard	n/a	n/a	n/a	n/a	n/a
1352.360	0	676180	standard_tone	sapo_emerge	standard	n/a	n/a	n/a	n/a	n/a
1353.376	0	676688	standard_tone	sapo_emerge	standard	n/a	n/a	n/a	n/a	n/a
1354.392	0	677196	standard_tone	sapo_emerge	standard	n/a	n/a	n/a	n/a	n/a
1355.408	0	677704	distractor_noise	sapo_emerge	distractor	n/a	n/a	n/a	n/a	n/a
1356.424	0	678212	oddball_tone	sapo_emerge	oddball	n/a	n/a	n/a	n/a	n/a
1357.440	0	678720	distractor_noise	sapo_emerge	distractor	n/a	n/a	n/a	n/a	n/a
1358.456	0	679228	standard_tone	sapo_emerge	standard	n/a	n/a	n/a	n/a	n/a
1359.472	0	679736	standard_tone	sapo_emerge	standard	n/a	n/a	n/a	n/a	n/a
1360.488	0	680244	standard_tone	sapo_emerge	standard	n/a	n/a	n/a	n/a	n/a
1361.488	0	680744	standard_tone	sapo_emerge	standard	n/a	n/a	n/a	n/a	n/a
1362.504	0	681252	standard_tone	sapo_emerge	standard	n/a	n/a	n/a	n/a	n/a
1363.518	0	681759	standard_tone	sapo_emerge	standard	n/a	n/a	n/a	n/a	n/a
1364.518	0	682259	standard_tone	sapo_emerge	standard	n/a	n/a	n/a	n/a	n/a
1365.534	0	682767	standard_tone	sapo_emerge	standard	n/a	n/a	n/a	n/a	n/a
1366.550	0	683275	standard_tone	sapo_emerge	standard	n/a	n/a	n/a	n/a	n/a
1367.564	0	683782	standard_tone	sapo_emerge	standard	n/a	n/a	n/a	n/a	n/a
1368.580	0	684290	oddball_tone	sapo_emerge	oddball	n/a	n/a	n/a	n/a	n/a
1369.596	0	684798	standard_tone	sapo_emerge	standard	n/a	n/a	n/a	n/a	n/a
1370.612	0	685306	standard_tone	sapo_emerge	standard	n/a	n/a	n/a	n/a	n/a
1371.630	0	685815	standard_tone	sapo_emerge	standard	n/a	n/a	n/a	n/a	n/a
1372.644	0	686322	standard_tone	sapo_emerge	standard	n/a	n/a	n/a	n/a	n/a
1373.660	0	686830	standard_tone	sapo_emerge	standard	n/a	n/a	n/a	n/a	n/a
1374.676	0	687338	distractor_noise	sapo_emerge	distractor	n/a	n/a	n/a	n/a	n/a
1375.692	0	687846	standard_tone	sapo_emerge	standard	n/a	n/a	n/a	n/a	n/a
1376.708	0	688354	standard_tone	sapo_emerge	standard	n/a	n/a	n/a	n/a	n/a
1377.708	0	688854	standard_tone	sapo_emerge	standard	n/a	n/a	n/a	n/a	n/a
1378.722	0	689361	distractor_noise	sapo_emerge	distractor	n/a	n/a	n/a	n/a	n/a
1379.740	0	689870	standard_tone	sapo_emerge	standard	n/a	n/a	n/a	n/a	n/a
1380.756	0	690378	distractor_noise	sapo_emerge	distractor	n/a	n/a	n/a	n/a	n/a
1381.770	0	690885	standard_tone	sapo_emerge	standard	n/a	n/a	n/a	n/a	n/a
1382.786	0	691393	standard_tone	sapo_emerge	standard	n/a	n/a	n/a	n/a	n/a
1383.802	0	691901	standard_tone	sapo_emerge	standard	n/a	n/a	n/a	n/a	n/a
1384.818	0	692409	standard_tone	sapo_emerge	standard	n/a	n/a	n/a	n/a	n/a
1385.834	0	692917	standard_tone	sapo_emerge	standard	n/a	n/a	n/a	n/a	n/a
1386.848	0	693424	standard_tone	sapo_emerge	standard	n/a	n/a	n/a	n/a	n/a
1387.864	0	693932	standard_tone	sapo_emerge	standard	n/a	n/a	n/a	n/a	n/a
1388.880	0	694440	standard_tone	sapo_emerge	standard	n/a	n/a	n/a	n/a	n/a
1389.896	0	694948	oddball_tone	sapo_emerge	oddball	n/a	n/a	n/a	n/a	n/a
1390.912	0	695456	standard_tone	sapo_emerge	standard	n/a	n/a	n/a	n/a	n/a
1391.928	0	695964	standard_tone	sapo_emerge	standard	n/a	n/a	n/a	n/a	n/a
1392.944	0	696472	standard_tone	sapo_emerge	standard	n/a	n/a	n/a	n/a	n/a
1393.960	0	696980	standard_tone	sapo_emerge	standard	n/a	n/a	n/a	n/a	n/a
1394.976	0	697488	standard_tone	sapo_emerge	standard	n/a	n/a	n/a	n/a	n/a
1395.992	0	697996	oddball_tone	sapo_emerge	oddball	n/a	n/a	n/a	n/a	n/a
1397.008	0	698504	standard_tone	sapo_emerge	standard	n/a	n/a	n/a	n/a	n/a
1398.022	0	699011	standard_tone	sapo_emerge	standard	n/a	n/a	n/a	n/a	n/a
1399.038	0	699519	standard_tone	sapo_emerge	standard	n/a	n/a	n/a	n/a	n/a
1400.040	0	700020	standard_tone	sapo_emerge	standard	n/a	n/a	n/a	n/a	n/a
1401.054	0	700527	standard_tone	sapo_emerge	standard	n/a	n/a	n/a	n/a	n/a
1402.070	0	701035	oddball_tone	sapo_emerge	oddball	n/a	n/a	n/a	n/a	n/a
1403.086	0	701543	standard_tone	sapo_emerge	standard	n/a	n/a	n/a	n/a	n/a
1404.102	0	702051	standard_tone	sapo_emerge	standard	n/a	n/a	n/a	n/a	n/a
1405.118	0	702559	standard_tone	sapo_emerge	standard	n/a	n/a	n/a	n/a	n/a
1406.134	0	703067	standard_tone	sapo_emerge	standard	n/a	n/a	n/a	n/a	n/a
1407.148	0	703574	standard_tone	sapo_emerge	standard	n/a	n/a	n/a	n/a	n/a
1408.164	0	704082	oddball_tone	sapo_emerge	oddball	n/a	n/a	n/a	n/a	n/a
1409.164	0	704582	standard_tone	sapo_emerge	standard	n/a	n/a	n/a	n/a	n/a
1410.180	0	705090	standard_tone	sapo_emerge	standard	n/a	n/a	n/a	n/a	n/a
1411.196	0	705598	standard_tone	sapo_emerge	standard	n/a	n/a	n/a	n/a	n/a
1412.212	0	706106	standard_tone	sapo_emerge	standard	n/a	n/a	n/a	n/a	n/a
1413.228	0	706614	standard_tone	sapo_emerge	standard	n/a	n/a	n/a	n/a	n/a
1414.242	0	707121	standard_tone	sapo_emerge	standard	n/a	n/a	n/a	n/a	n/a
1415.258	0	707629	standard_tone	sapo_emerge	standard	n/a	n/a	n/a	n/a	n/a
1416.274	0	708137	standard_tone	sapo_emerge	standard	n/a	n/a	n/a	n/a	n/a
1417.290	0	708645	standard_tone	sapo_emerge	standard	n/a	n/a	n/a	n/a	n/a
1418.306	0	709153	standard_tone	sapo_emerge	standard	n/a	n/a	n/a	n/a	n/a
1419.322	0	709661	standard_tone	sapo_emerge	standard	n/a	n/a	n/a	n/a	n/a
1420.338	0	710169	standard_tone	sapo_emerge	standard	n/a	n/a	n/a	n/a	n/a
1421.354	0	710677	standard_tone	sapo_emerge	standard	n/a	n/a	n/a	n/a	n/a
1422.370	0	711185	distractor_noise	sapo_emerge	distractor	n/a	n/a	n/a	n/a	n/a
1423.386	0	711693	standard_tone	sapo_emerge	standard	n/a	n/a	n/a	n/a	n/a
1424.402	0	712201	standard_tone	sapo_emerge	standard	n/a	n/a	n/a	n/a	n/a
1425.418	0	712709	standard_tone	sapo_emerge	standard	n/a	n/a	n/a	n/a	n/a
1426.434	0	713217	standard_tone	sapo_emerge	standard	n/a	n/a	n/a	n/a	n/a
1427.448	0	713724	standard_tone	sapo_emerge	standard	n/a	n/a	n/a	n/a	n/a
1428.464	0	714232	standard_tone	sapo_emerge	standard	n/a	n/a	n/a	n/a	n/a
1429.464	0	714732	standard_tone	sapo_emerge	standard	n/a	n/a	n/a	n/a	n/a
1430.480	0	715240	standard_tone	sapo_emerge	standard	n/a	n/a	n/a	n/a	n/a
1431.496	0	715748	standard_tone	sapo_emerge	standard	n/a	n/a	n/a	n/a	n/a
1431.828	0	715914	silence_end	sapo_emerge	silence-end	n/a	n/a	n/a	n/a	n/a
1431.830	0	715915	gong_begin	sapo_emerge	gong-begin	n/a	n/a	n/a	n/a	n/a
1432.510	0	716255	distractor_noise	sapo_emerge	distractor	n/a	n/a	n/a	n/a	n/a
1433.528	0	716764	standard_tone	sapo_emerge	standard	n/a	n/a	n/a	n/a	n/a
1434.542	0	717271	standard_tone	sapo_emerge	standard	n/a	n/a	n/a	n/a	n/a
1435.558	0	717779	standard_tone	sapo_emerge	standard	n/a	n/a	n/a	n/a	n/a
1436.576	0	718288	standard_tone	sapo_emerge	standard	n/a	n/a	n/a	n/a	n/a
1437.590	0	718795	standard_tone	sapo_emerge	standard	n/a	n/a	n/a	n/a	n/a
1438.606	0	719303	distractor_noise	sapo_emerge	distractor	n/a	n/a	n/a	n/a	n/a
1439.622	0	719811	standard_tone	sapo_emerge	standard	n/a	n/a	n/a	n/a	n/a
1440.638	0	720319	standard_tone	sapo_emerge	standard	n/a	n/a	n/a	n/a	n/a
1441.654	0	720827	standard_tone	sapo_emerge	standard	n/a	n/a	n/a	n/a	n/a
1441.886	0	720943	gong_end	sapo_emerge	gong-end	n/a	n/a	n/a	n/a	n/a
1441.888	0	720944	subblock_end	sapo_emerge	subblock-end-duration-118.984	n/a	n/a	n/a	118.984	n/a
1441.888	0	720944	subblock_begin	sapo_emerge	subblock-begin	n/a	n/a	n/a	n/a	n/a
1441.888	0	720944	silence_begin	sapo_emerge	silence-begin	n/a	n/a	n/a	n/a	n/a
1442.670	0	721335	standard_tone	sapo_emerge	standard	n/a	n/a	n/a	n/a	n/a
1443.686	0	721843	standard_tone	sapo_emerge	standard	n/a	n/a	n/a	n/a	n/a
1444.700	0	722350	standard_tone	sapo_emerge	standard	n/a	n/a	n/a	n/a	n/a
1445.718	0	722859	oddball_tone	sapo_emerge	oddball	n/a	n/a	n/a	n/a	n/a
1446.732	0	723366	standard_tone	sapo_emerge	standard	n/a	n/a	n/a	n/a	n/a
1447.748	0	723874	standard_tone	sapo_emerge	standard	n/a	n/a	n/a	n/a	n/a
1448.748	0	724374	standard_tone	sapo_emerge	standard	n/a	n/a	n/a	n/a	n/a
1449.764	0	724882	standard_tone	sapo_emerge	standard	n/a	n/a	n/a	n/a	n/a
1450.780	0	725390	distractor_noise	sapo_emerge	distractor	n/a	n/a	n/a	n/a	n/a
1451.796	0	725898	standard_tone	sapo_emerge	standard	n/a	n/a	n/a	n/a	n/a
1452.810	0	726405	standard_tone	sapo_emerge	standard	n/a	n/a	n/a	n/a	n/a
1453.810	0	726905	standard_tone	sapo_emerge	standard	n/a	n/a	n/a	n/a	n/a
1454.826	0	727413	standard_tone	sapo_emerge	standard	n/a	n/a	n/a	n/a	n/a
1455.826	0	727913	distractor_noise	sapo_emerge	distractor	n/a	n/a	n/a	n/a	n/a
1456.840	0	728420	standard_tone	sapo_emerge	standard	n/a	n/a	n/a	n/a	n/a
1457.856	0	728928	distractor_noise	sapo_emerge	distractor	n/a	n/a	n/a	n/a	n/a
1458.872	0	729436	standard_tone	sapo_emerge	standard	n/a	n/a	n/a	n/a	n/a
1459.888	0	729944	standard_tone	sapo_emerge	standard	n/a	n/a	n/a	n/a	n/a
1460.904	0	730452	standard_tone	sapo_emerge	standard	n/a	n/a	n/a	n/a	n/a
1461.920	0	730960	standard_tone	sapo_emerge	standard	n/a	n/a	n/a	n/a	n/a
1462.936	0	731468	standard_tone	sapo_emerge	standard	n/a	n/a	n/a	n/a	n/a
1463.936	0	731968	standard_tone	sapo_emerge	standard	n/a	n/a	n/a	n/a	n/a
1464.952	0	732476	standard_tone	sapo_emerge	standard	n/a	n/a	n/a	n/a	n/a
1465.966	0	732983	distractor_noise	sapo_emerge	distractor	n/a	n/a	n/a	n/a	n/a
1466.966	0	733483	standard_tone	sapo_emerge	standard	n/a	n/a	n/a	n/a	n/a
1467.982	0	733991	standard_tone	sapo_emerge	standard	n/a	n/a	n/a	n/a	n/a
1468.998	0	734499	standard_tone	sapo_emerge	standard	n/a	n/a	n/a	n/a	n/a
1470.014	0	735007	standard_tone	sapo_emerge	standard	n/a	n/a	n/a	n/a	n/a
1471.030	0	735515	standard_tone	sapo_emerge	standard	n/a	n/a	n/a	n/a	n/a
1472.046	0	736023	oddball_tone	sapo_emerge	oddball	n/a	n/a	n/a	n/a	n/a
1473.060	0	736530	standard_tone	sapo_emerge	standard	n/a	n/a	n/a	n/a	n/a
1474.078	0	737039	standard_tone	sapo_emerge	standard	n/a	n/a	n/a	n/a	n/a
1475.092	0	737546	standard_tone	sapo_emerge	standard	n/a	n/a	n/a	n/a	n/a
1476.108	0	738054	standard_tone	sapo_emerge	standard	n/a	n/a	n/a	n/a	n/a
1477.124	0	738562	standard_tone	sapo_emerge	standard	n/a	n/a	n/a	n/a	n/a
1478.124	0	739062	standard_tone	sapo_emerge	standard	n/a	n/a	n/a	n/a	n/a
1479.140	0	739570	distractor_noise	sapo_emerge	distractor	n/a	n/a	n/a	n/a	n/a
1480.156	0	740078	standard_tone	sapo_emerge	standard	n/a	n/a	n/a	n/a	n/a
1481.170	0	740585	standard_tone	sapo_emerge	standard	n/a	n/a	n/a	n/a	n/a
1482.186	0	741093	standard_tone	sapo_emerge	standard	n/a	n/a	n/a	n/a	n/a
1483.202	0	741601	standard_tone	sapo_emerge	standard	n/a	n/a	n/a	n/a	n/a
1484.220	0	742110	standard_tone	sapo_emerge	standard	n/a	n/a	n/a	n/a	n/a
1485.234	0	742617	standard_tone	sapo_emerge	standard	n/a	n/a	n/a	n/a	n/a
1486.250	0	743125	oddball_tone	sapo_emerge	oddball	n/a	n/a	n/a	n/a	n/a
1487.266	0	743633	standard_tone	sapo_emerge	standard	n/a	n/a	n/a	n/a	n/a
1488.282	0	744141	standard_tone	sapo_emerge	standard	n/a	n/a	n/a	n/a	n/a
1489.298	0	744649	standard_tone	sapo_emerge	standard	n/a	n/a	n/a	n/a	n/a
1490.312	0	745156	standard_tone	sapo_emerge	standard	n/a	n/a	n/a	n/a	n/a
1491.330	0	745665	standard_tone	sapo_emerge	standard	n/a	n/a	n/a	n/a	n/a
1492.344	0	746172	standard_tone	sapo_emerge	standard	n/a	n/a	n/a	n/a	n/a
1493.360	0	746680	standard_tone	sapo_emerge	standard	n/a	n/a	n/a	n/a	n/a
1494.376	0	747188	standard_tone	sapo_emerge	standard	n/a	n/a	n/a	n/a	n/a
1495.392	0	747696	standard_tone	sapo_emerge	standard	n/a	n/a	n/a	n/a	n/a
1496.392	0	748196	standard_tone	sapo_emerge	standard	n/a	n/a	n/a	n/a	n/a
1497.408	0	748704	standard_tone	sapo_emerge	standard	n/a	n/a	n/a	n/a	n/a
1498.424	0	749212	standard_tone	sapo_emerge	standard	n/a	n/a	n/a	n/a	n/a
1499.440	0	749720	standard_tone	sapo_emerge	standard	n/a	n/a	n/a	n/a	n/a
1500.454	0	750227	standard_tone	sapo_emerge	standard	n/a	n/a	n/a	n/a	n/a
1501.470	0	750735	standard_tone	sapo_emerge	standard	n/a	n/a	n/a	n/a	n/a
1502.486	0	751243	distractor_noise	sapo_emerge	distractor	n/a	n/a	n/a	n/a	n/a
1503.504	0	751752	standard_tone	sapo_emerge	standard	n/a	n/a	n/a	n/a	n/a
1504.518	0	752259	standard_tone	sapo_emerge	standard	n/a	n/a	n/a	n/a	n/a
1505.534	0	752767	standard_tone	sapo_emerge	standard	n/a	n/a	n/a	n/a	n/a
1506.532	0	753266	oddball_tone	sapo_emerge	oddball	n/a	n/a	n/a	n/a	n/a
1507.548	0	753774	standard_tone	sapo_emerge	standard	n/a	n/a	n/a	n/a	n/a
1508.564	0	754282	standard_tone	sapo_emerge	standard	n/a	n/a	n/a	n/a	n/a
1509.580	0	754790	standard_tone	sapo_emerge	standard	n/a	n/a	n/a	n/a	n/a
1510.596	0	755298	standard_tone	sapo_emerge	standard	n/a	n/a	n/a	n/a	n/a
1511.612	0	755806	standard_tone	sapo_emerge	standard	n/a	n/a	n/a	n/a	n/a
1512.628	0	756314	standard_tone	sapo_emerge	standard	n/a	n/a	n/a	n/a	n/a
1513.644	0	756822	standard_tone	sapo_emerge	standard	n/a	n/a	n/a	n/a	n/a
1514.660	0	757330	distractor_noise	sapo_emerge	distractor	n/a	n/a	n/a	n/a	n/a
1515.676	0	757838	oddball_tone	sapo_emerge	oddball	n/a	n/a	n/a	n/a	n/a
1516.692	0	758346	standard_tone	sapo_emerge	standard	n/a	n/a	n/a	n/a	n/a
1517.708	0	758854	standard_tone	sapo_emerge	standard	n/a	n/a	n/a	n/a	n/a
1518.724	0	759362	standard_tone	sapo_emerge	standard	n/a	n/a	n/a	n/a	n/a
1519.738	0	759869	standard_tone	sapo_emerge	standard	n/a	n/a	n/a	n/a	n/a
1520.756	0	760378	standard_tone	sapo_emerge	standard	n/a	n/a	n/a	n/a	n/a
1521.770	0	760885	standard_tone	sapo_emerge	standard	n/a	n/a	n/a	n/a	n/a
1522.786	0	761393	standard_tone	sapo_emerge	standard	n/a	n/a	n/a	n/a	n/a
1523.802	0	761901	standard_tone	sapo_emerge	standard	n/a	n/a	n/a	n/a	n/a
1524.818	0	762409	standard_tone	sapo_emerge	standard	n/a	n/a	n/a	n/a	n/a
1525.834	0	762917	standard_tone	sapo_emerge	standard	n/a	n/a	n/a	n/a	n/a
1526.834	0	763417	standard_tone	sapo_emerge	standard	n/a	n/a	n/a	n/a	n/a
1527.848	0	763924	standard_tone	sapo_emerge	standard	n/a	n/a	n/a	n/a	n/a
1528.864	0	764432	standard_tone	sapo_emerge	standard	n/a	n/a	n/a	n/a	n/a
1529.882	0	764941	oddball_tone	sapo_emerge	oddball	n/a	n/a	n/a	n/a	n/a
1530.896	0	765448	standard_tone	sapo_emerge	standard	n/a	n/a	n/a	n/a	n/a
1531.912	0	765956	standard_tone	sapo_emerge	standard	n/a	n/a	n/a	n/a	n/a
1532.928	0	766464	standard_tone	sapo_emerge	standard	n/a	n/a	n/a	n/a	n/a
1533.944	0	766972	standard_tone	sapo_emerge	standard	n/a	n/a	n/a	n/a	n/a
1534.960	0	767480	standard_tone	sapo_emerge	standard	n/a	n/a	n/a	n/a	n/a
1535.976	0	767988	standard_tone	sapo_emerge	standard	n/a	n/a	n/a	n/a	n/a
1536.990	0	768495	standard_tone	sapo_emerge	standard	n/a	n/a	n/a	n/a	n/a
1538.006	0	769003	standard_tone	sapo_emerge	standard	n/a	n/a	n/a	n/a	n/a
1539.022	0	769511	oddball_tone	sapo_emerge	oddball	n/a	n/a	n/a	n/a	n/a
1540.038	0	770019	standard_tone	sapo_emerge	standard	n/a	n/a	n/a	n/a	n/a
1541.038	0	770519	distractor_noise	sapo_emerge	distractor	n/a	n/a	n/a	n/a	n/a
1542.054	0	771027	standard_tone	sapo_emerge	standard	n/a	n/a	n/a	n/a	n/a
1543.070	0	771535	standard_tone	sapo_emerge	standard	n/a	n/a	n/a	n/a	n/a
1544.086	0	772043	standard_tone	sapo_emerge	standard	n/a	n/a	n/a	n/a	n/a
1544.602	0	772301	clicker_press	sapo_emerge	response-received-page_up	n/a	n/a	n/a	n/a	page_up
1544.618	0	772309	report_window_begin	sapo_emerge	emerge-sapo-emerge-begin	n/a	n/a	n/a	n/a	n/a
1546.584	0	773292	clicker_press	sapo_emerge	response-received-page_up	n/a	n/a	n/a	n/a	page_up
1548.066	0	774033	clicker_press	sapo_emerge	response-received-page_up	n/a	n/a	n/a	n/a	page_up
1548.632	0	774316	depth_rating	sapo_emerge	rating-sapo-emerge-meditation_depth-3	3	n/a	n/a	n/a	n/a
1556.026	0	778013	clicker_press	sapo_emerge	response-received-page_up	n/a	n/a	n/a	n/a	page_up
1556.808	0	778404	clicker_press	sapo_emerge	response-received-page_up	n/a	n/a	n/a	n/a	page_up
1557.558	0	778779	clicker_press	sapo_emerge	response-received-page_up	n/a	n/a	n/a	n/a	page_up
1558.490	0	779245	clicker_press	sapo_emerge	response-received-page_up	n/a	n/a	n/a	n/a	page_up
1558.792	0	779396	confidence_rating	sapo_emerge	rating-sapo-emerge-confidence_depth-4	n/a	4	n/a	n/a	n/a
1562.220	0	781110	report_window_end	sapo_emerge	emerge-sapo-emerge-end	n/a	n/a	n/a	n/a	n/a
1562.220	0	781110	subblock_begin	sapo_emerge	subblock-begin	n/a	n/a	n/a	n/a	n/a
1562.222	0	781111	silence_begin	sapo_emerge	silence-begin	n/a	n/a	n/a	n/a	n/a
1562.236	0	781118	standard_tone	sapo_emerge	standard	n/a	n/a	n/a	n/a	n/a
1563.252	0	781626	oddball_tone	sapo_emerge	oddball	n/a	n/a	n/a	n/a	n/a
1564.268	0	782134	standard_tone	sapo_emerge	standard	n/a	n/a	n/a	n/a	n/a
1565.284	0	782642	standard_tone	sapo_emerge	standard	n/a	n/a	n/a	n/a	n/a
1566.300	0	783150	standard_tone	sapo_emerge	standard	n/a	n/a	n/a	n/a	n/a
1567.316	0	783658	oddball_tone	sapo_emerge	oddball	n/a	n/a	n/a	n/a	n/a
1568.332	0	784166	standard_tone	sapo_emerge	standard	n/a	n/a	n/a	n/a	n/a
1569.348	0	784674	standard_tone	sapo_emerge	standard	n/a	n/a	n/a	n/a	n/a
1570.364	0	785182	standard_tone	sapo_emerge	standard	n/a	n/a	n/a	n/a	n/a
1571.380	0	785690	distractor_noise	sapo_emerge	distractor	n/a	n/a	n/a	n/a	n/a
1572.394	0	786197	standard_tone	sapo_emerge	standard	n/a	n/a	n/a	n/a	n/a
1573.410	0	786705	standard_tone	sapo_emerge	standard	n/a	n/a	n/a	n/a	n/a
1574.426	0	787213	standard_tone	sapo_emerge	standard	n/a	n/a	n/a	n/a	n/a
1575.442	0	787721	standard_tone	sapo_emerge	standard	n/a	n/a	n/a	n/a	n/a
1576.458	0	788229	standard_tone	sapo_emerge	standard	n/a	n/a	n/a	n/a	n/a
1577.474	0	788737	standard_tone	sapo_emerge	standard	n/a	n/a	n/a	n/a	n/a
1578.490	0	789245	standard_tone	sapo_emerge	standard	n/a	n/a	n/a	n/a	n/a
1579.506	0	789753	oddball_tone	sapo_emerge	oddball	n/a	n/a	n/a	n/a	n/a
1580.522	0	790261	standard_tone	sapo_emerge	standard	n/a	n/a	n/a	n/a	n/a
1581.538	0	790769	standard_tone	sapo_emerge	standard	n/a	n/a	n/a	n/a	n/a
1582.554	0	791277	standard_tone	sapo_emerge	standard	n/a	n/a	n/a	n/a	n/a
1583.570	0	791785	standard_tone	sapo_emerge	standard	n/a	n/a	n/a	n/a	n/a
1584.586	0	792293	standard_tone	sapo_emerge	standard	n/a	n/a	n/a	n/a	n/a
1585.600	0	792800	standard_tone	sapo_emerge	standard	n/a	n/a	n/a	n/a	n/a
1586.618	0	793309	standard_tone	sapo_emerge	standard	n/a	n/a	n/a	n/a	n/a
1587.632	0	793816	distractor_noise	sapo_emerge	distractor	n/a	n/a	n/a	n/a	n/a
1588.648	0	794324	standard_tone	sapo_emerge	standard	n/a	n/a	n/a	n/a	n/a
1589.664	0	794832	standard_tone	sapo_emerge	standard	n/a	n/a	n/a	n/a	n/a
1590.680	0	795340	standard_tone	sapo_emerge	standard	n/a	n/a	n/a	n/a	n/a
1591.696	0	795848	oddball_tone	sapo_emerge	oddball	n/a	n/a	n/a	n/a	n/a
1592.712	0	796356	standard_tone	sapo_emerge	standard	n/a	n/a	n/a	n/a	n/a
1593.728	0	796864	standard_tone	sapo_emerge	standard	n/a	n/a	n/a	n/a	n/a
1594.744	0	797372	distractor_noise	sapo_emerge	distractor	n/a	n/a	n/a	n/a	n/a
1595.760	0	797880	standard_tone	sapo_emerge	standard	n/a	n/a	n/a	n/a	n/a
1596.774	0	798387	standard_tone	sapo_emerge	standard	n/a	n/a	n/a	n/a	n/a
1597.790	0	798895	oddball_tone	sapo_emerge	oddball	n/a	n/a	n/a	n/a	n/a
1598.806	0	799403	standard_tone	sapo_emerge	standard	n/a	n/a	n/a	n/a	n/a
1599.822	0	799911	distractor_noise	sapo_emerge	distractor	n/a	n/a	n/a	n/a	n/a
1600.838	0	800419	standard_tone	sapo_emerge	standard	n/a	n/a	n/a	n/a	n/a
1601.854	0	800927	standard_tone	sapo_emerge	standard	n/a	n/a	n/a	n/a	n/a
1602.854	0	801427	standard_tone	sapo_emerge	standard	n/a	n/a	n/a	n/a	n/a
1603.870	0	801935	standard_tone	sapo_emerge	standard	n/a	n/a	n/a	n/a	n/a
1604.870	0	802435	standard_tone	sapo_emerge	standard	n/a	n/a	n/a	n/a	n/a
1605.884	0	802942	distractor_noise	sapo_emerge	distractor	n/a	n/a	n/a	n/a	n/a
1606.900	0	803450	standard_tone	sapo_emerge	standard	n/a	n/a	n/a	n/a	n/a
1607.916	0	803958	distractor_noise	sapo_emerge	distractor	n/a	n/a	n/a	n/a	n/a
1608.932	0	804466	standard_tone	sapo_emerge	standard	n/a	n/a	n/a	n/a	n/a
1609.948	0	804974	oddball_tone	sapo_emerge	oddball	n/a	n/a	n/a	n/a	n/a
1610.964	0	805482	standard_tone	sapo_emerge	standard	n/a	n/a	n/a	n/a	n/a
1611.978	0	805989	standard_tone	sapo_emerge	standard	n/a	n/a	n/a	n/a	n/a
1612.994	0	806497	standard_tone	sapo_emerge	standard	n/a	n/a	n/a	n/a	n/a
1614.010	0	807005	standard_tone	sapo_emerge	standard	n/a	n/a	n/a	n/a	n/a
1615.026	0	807513	standard_tone	sapo_emerge	standard	n/a	n/a	n/a	n/a	n/a
1616.042	0	808021	standard_tone	sapo_emerge	standard	n/a	n/a	n/a	n/a	n/a
1617.058	0	808529	standard_tone	sapo_emerge	standard	n/a	n/a	n/a	n/a	n/a
1618.074	0	809037	distractor_noise	sapo_emerge	distractor	n/a	n/a	n/a	n/a	n/a
1619.090	0	809545	oddball_tone	sapo_emerge	oddball	n/a	n/a	n/a	n/a	n/a
1620.106	0	810053	standard_tone	sapo_emerge	standard	n/a	n/a	n/a	n/a	n/a
1621.122	0	810561	standard_tone	sapo_emerge	standard	n/a	n/a	n/a	n/a	n/a
1622.138	0	811069	oddball_tone	sapo_emerge	oddball	n/a	n/a	n/a	n/a	n/a
1623.154	0	811577	distractor_noise	sapo_emerge	distractor	n/a	n/a	n/a	n/a	n/a
1624.170	0	812085	standard_tone	sapo_emerge	standard	n/a	n/a	n/a	n/a	n/a
1625.186	0	812593	standard_tone	sapo_emerge	standard	n/a	n/a	n/a	n/a	n/a
1626.200	0	813100	standard_tone	sapo_emerge	standard	n/a	n/a	n/a	n/a	n/a
1627.216	0	813608	standard_tone	sapo_emerge	standard	n/a	n/a	n/a	n/a	n/a
1628.232	0	814116	standard_tone	sapo_emerge	standard	n/a	n/a	n/a	n/a	n/a
1629.248	0	814624	standard_tone	sapo_emerge	standard	n/a	n/a	n/a	n/a	n/a
1630.264	0	815132	standard_tone	sapo_emerge	standard	n/a	n/a	n/a	n/a	n/a
1631.280	0	815640	standard_tone	sapo_emerge	standard	n/a	n/a	n/a	n/a	n/a
1632.296	0	816148	standard_tone	sapo_emerge	standard	n/a	n/a	n/a	n/a	n/a
1633.312	0	816656	standard_tone	sapo_emerge	standard	n/a	n/a	n/a	n/a	n/a
1634.310	0	817155	standard_tone	sapo_emerge	standard	n/a	n/a	n/a	n/a	n/a
1635.326	0	817663	standard_tone	sapo_emerge	standard	n/a	n/a	n/a	n/a	n/a
1636.342	0	818171	standard_tone	sapo_emerge	standard	n/a	n/a	n/a	n/a	n/a
1637.358	0	818679	standard_tone	sapo_emerge	standard	n/a	n/a	n/a	n/a	n/a
1638.374	0	819187	standard_tone	sapo_emerge	standard	n/a	n/a	n/a	n/a	n/a
1639.374	0	819687	oddball_tone	sapo_emerge	oddball	n/a	n/a	n/a	n/a	n/a
1640.390	0	820195	standard_tone	sapo_emerge	standard	n/a	n/a	n/a	n/a	n/a
1641.404	0	820702	standard_tone	sapo_emerge	standard	n/a	n/a	n/a	n/a	n/a
1642.420	0	821210	distractor_noise	sapo_emerge	distractor	n/a	n/a	n/a	n/a	n/a
1643.438	0	821719	standard_tone	sapo_emerge	standard	n/a	n/a	n/a	n/a	n/a
1644.452	0	822226	standard_tone	sapo_emerge	standard	n/a	n/a	n/a	n/a	n/a
1645.468	0	822734	standard_tone	sapo_emerge	standard	n/a	n/a	n/a	n/a	n/a
1646.484	0	823242	standard_tone	sapo_emerge	standard	n/a	n/a	n/a	n/a	n/a
1647.500	0	823750	standard_tone	sapo_emerge	standard	n/a	n/a	n/a	n/a	n/a
1648.516	0	824258	standard_tone	sapo_emerge	standard	n/a	n/a	n/a	n/a	n/a
1649.530	0	824765	standard_tone	sapo_emerge	standard	n/a	n/a	n/a	n/a	n/a
1650.546	0	825273	standard_tone	sapo_emerge	standard	n/a	n/a	n/a	n/a	n/a
1651.564	0	825782	oddball_tone	sapo_emerge	oddball	n/a	n/a	n/a	n/a	n/a
1652.578	0	826289	standard_tone	sapo_emerge	standard	n/a	n/a	n/a	n/a	n/a
1653.594	0	826797	standard_tone	sapo_emerge	standard	n/a	n/a	n/a	n/a	n/a
1654.610	0	827305	standard_tone	sapo_emerge	standard	n/a	n/a	n/a	n/a	n/a
1655.626	0	827813	standard_tone	sapo_emerge	standard	n/a	n/a	n/a	n/a	n/a
1656.642	0	828321	standard_tone	sapo_emerge	standard	n/a	n/a	n/a	n/a	n/a
1657.658	0	828829	standard_tone	sapo_emerge	standard	n/a	n/a	n/a	n/a	n/a
1658.674	0	829337	standard_tone	sapo_emerge	standard	n/a	n/a	n/a	n/a	n/a
1659.690	0	829845	distractor_noise	sapo_emerge	distractor	n/a	n/a	n/a	n/a	n/a
1660.706	0	830353	standard_tone	sapo_emerge	standard	n/a	n/a	n/a	n/a	n/a
1661.722	0	830861	standard_tone	sapo_emerge	standard	n/a	n/a	n/a	n/a	n/a
1662.736	0	831368	standard_tone	sapo_emerge	standard	n/a	n/a	n/a	n/a	n/a
1663.752	0	831876	standard_tone	sapo_emerge	standard	n/a	n/a	n/a	n/a	n/a
1664.768	0	832384	standard_tone	sapo_emerge	standard	n/a	n/a	n/a	n/a	n/a
1665.784	0	832892	standard_tone	sapo_emerge	standard	n/a	n/a	n/a	n/a	n/a
1666.800	0	833400	standard_tone	sapo_emerge	standard	n/a	n/a	n/a	n/a	n/a
1667.816	0	833908	standard_tone	sapo_emerge	standard	n/a	n/a	n/a	n/a	n/a
1668.832	0	834416	standard_tone	sapo_emerge	standard	n/a	n/a	n/a	n/a	n/a
1669.848	0	834924	standard_tone	sapo_emerge	standard	n/a	n/a	n/a	n/a	n/a
1670.864	0	835432	standard_tone	sapo_emerge	standard	n/a	n/a	n/a	n/a	n/a
1671.880	0	835940	standard_tone	sapo_emerge	standard	n/a	n/a	n/a	n/a	n/a
1672.894	0	836447	standard_tone	sapo_emerge	standard	n/a	n/a	n/a	n/a	n/a
1673.910	0	836955	standard_tone	sapo_emerge	standard	n/a	n/a	n/a	n/a	n/a
1674.128	0	837064	silence_end	sapo_emerge	silence-end	n/a	n/a	n/a	n/a	n/a
1674.178	0	837089	gong_begin	sapo_emerge	gong-begin	n/a	n/a	n/a	n/a	n/a
1674.926	0	837463	standard_tone	sapo_emerge	standard	n/a	n/a	n/a	n/a	n/a
1675.942	0	837971	standard_tone	sapo_emerge	standard	n/a	n/a	n/a	n/a	n/a
1676.958	0	838479	standard_tone	sapo_emerge	standard	n/a	n/a	n/a	n/a	n/a
1677.974	0	838987	standard_tone	sapo_emerge	standard	n/a	n/a	n/a	n/a	n/a
1678.990	0	839495	oddball_tone	sapo_emerge	oddball	n/a	n/a	n/a	n/a	n/a
1680.006	0	840003	standard_tone	sapo_emerge	standard	n/a	n/a	n/a	n/a	n/a
1681.022	0	840511	standard_tone	sapo_emerge	standard	n/a	n/a	n/a	n/a	n/a
1682.038	0	841019	oddball_tone	sapo_emerge	oddball	n/a	n/a	n/a	n/a	n/a
1683.054	0	841527	standard_tone	sapo_emerge	standard	n/a	n/a	n/a	n/a	n/a
1684.070	0	842035	standard_tone	sapo_emerge	standard	n/a	n/a	n/a	n/a	n/a
1684.136	0	842068	gong_end	sapo_emerge	gong-end	n/a	n/a	n/a	n/a	n/a
1684.138	0	842069	subblock_end	sapo_emerge	subblock-end-duration-121.916	n/a	n/a	n/a	121.916	n/a
1684.138	0	842069	subblock_begin	sapo_emerge	subblock-begin	n/a	n/a	n/a	n/a	n/a
1684.138	0	842069	silence_begin	sapo_emerge	silence-begin	n/a	n/a	n/a	n/a	n/a
1685.084	0	842542	standard_tone	sapo_emerge	standard	n/a	n/a	n/a	n/a	n/a
1686.102	0	843051	distractor_noise	sapo_emerge	distractor	n/a	n/a	n/a	n/a	n/a
1687.116	0	843558	standard_tone	sapo_emerge	standard	n/a	n/a	n/a	n/a	n/a
1688.132	0	844066	standard_tone	sapo_emerge	standard	n/a	n/a	n/a	n/a	n/a
1689.148	0	844574	standard_tone	sapo_emerge	standard	n/a	n/a	n/a	n/a	n/a
1690.164	0	845082	standard_tone	sapo_emerge	standard	n/a	n/a	n/a	n/a	n/a
1691.180	0	845590	standard_tone	sapo_emerge	standard	n/a	n/a	n/a	n/a	n/a
1692.196	0	846098	standard_tone	sapo_emerge	standard	n/a	n/a	n/a	n/a	n/a
1693.212	0	846606	standard_tone	sapo_emerge	standard	n/a	n/a	n/a	n/a	n/a
1694.228	0	847114	standard_tone	sapo_emerge	standard	n/a	n/a	n/a	n/a	n/a
1695.244	0	847622	standard_tone	sapo_emerge	standard	n/a	n/a	n/a	n/a	n/a
1696.242	0	848121	standard_tone	sapo_emerge	standard	n/a	n/a	n/a	n/a	n/a
1697.258	0	848629	standard_tone	sapo_emerge	standard	n/a	n/a	n/a	n/a	n/a
1698.274	0	849137	standard_tone	sapo_emerge	standard	n/a	n/a	n/a	n/a	n/a
1699.290	0	849645	standard_tone	sapo_emerge	standard	n/a	n/a	n/a	n/a	n/a
1700.306	0	850153	standard_tone	sapo_emerge	standard	n/a	n/a	n/a	n/a	n/a
1701.306	0	850653	standard_tone	sapo_emerge	standard	n/a	n/a	n/a	n/a	n/a
1702.320	0	851160	standard_tone	sapo_emerge	standard	n/a	n/a	n/a	n/a	n/a
1703.336	0	851668	distractor_noise	sapo_emerge	distractor	n/a	n/a	n/a	n/a	n/a
1704.352	0	852176	standard_tone	sapo_emerge	standard	n/a	n/a	n/a	n/a	n/a
1705.368	0	852684	standard_tone	sapo_emerge	standard	n/a	n/a	n/a	n/a	n/a
1706.384	0	853192	standard_tone	sapo_emerge	standard	n/a	n/a	n/a	n/a	n/a
1707.400	0	853700	standard_tone	sapo_emerge	standard	n/a	n/a	n/a	n/a	n/a
1708.416	0	854208	standard_tone	sapo_emerge	standard	n/a	n/a	n/a	n/a	n/a
1709.432	0	854716	oddball_tone	sapo_emerge	oddball	n/a	n/a	n/a	n/a	n/a
1710.448	0	855224	standard_tone	sapo_emerge	standard	n/a	n/a	n/a	n/a	n/a
1711.464	0	855732	oddball_tone	sapo_emerge	oddball	n/a	n/a	n/a	n/a	n/a
1712.478	0	856239	distractor_noise	sapo_emerge	distractor	n/a	n/a	n/a	n/a	n/a
1713.494	0	856747	standard_tone	sapo_emerge	standard	n/a	n/a	n/a	n/a	n/a
1714.510	0	857255	standard_tone	sapo_emerge	standard	n/a	n/a	n/a	n/a	n/a
1715.526	0	857763	standard_tone	sapo_emerge	standard	n/a	n/a	n/a	n/a	n/a
1716.542	0	858271	standard_tone	sapo_emerge	standard	n/a	n/a	n/a	n/a	n/a
1717.558	0	858779	standard_tone	sapo_emerge	standard	n/a	n/a	n/a	n/a	n/a
1718.574	0	859287	oddball_tone	sapo_emerge	oddball	n/a	n/a	n/a	n/a	n/a
1719.590	0	859795	standard_tone	sapo_emerge	standard	n/a	n/a	n/a	n/a	n/a
1720.606	0	860303	distractor_noise	sapo_emerge	distractor	n/a	n/a	n/a	n/a	n/a
1721.622	0	860811	standard_tone	sapo_emerge	standard	n/a	n/a	n/a	n/a	n/a
1722.638	0	861319	standard_tone	sapo_emerge	standard	n/a	n/a	n/a	n/a	n/a
1723.654	0	861827	standard_tone	sapo_emerge	standard	n/a	n/a	n/a	n/a	n/a
1724.668	0	862334	distractor_noise	sapo_emerge	distractor	n/a	n/a	n/a	n/a	n/a
1725.684	0	862842	standard_tone	sapo_emerge	standard	n/a	n/a	n/a	n/a	n/a
1726.700	0	863350	standard_tone	sapo_emerge	standard	n/a	n/a	n/a	n/a	n/a
1727.716	0	863858	standard_tone	sapo_emerge	standard	n/a	n/a	n/a	n/a	n/a
1728.732	0	864366	standard_tone	sapo_emerge	standard	n/a	n/a	n/a	n/a	n/a
1729.748	0	864874	standard_tone	sapo_emerge	standard	n/a	n/a	n/a	n/a	n/a
1730.764	0	865382	standard_tone	sapo_emerge	standard	n/a	n/a	n/a	n/a	n/a
1731.762	0	865881	standard_tone	sapo_emerge	standard	n/a	n/a	n/a	n/a	n/a
1732.778	0	866389	standard_tone	sapo_emerge	standard	n/a	n/a	n/a	n/a	n/a
1733.794	0	866897	standard_tone	sapo_emerge	standard	n/a	n/a	n/a	n/a	n/a
1734.810	0	867405	standard_tone	sapo_emerge	standard	n/a	n/a	n/a	n/a	n/a
1735.810	0	867905	standard_tone	sapo_emerge	standard	n/a	n/a	n/a	n/a	n/a
1736.826	0	868413	standard_tone	sapo_emerge	standard	n/a	n/a	n/a	n/a	n/a
1737.842	0	868921	standard_tone	sapo_emerge	standard	n/a	n/a	n/a	n/a	n/a
1738.858	0	869429	standard_tone	sapo_emerge	standard	n/a	n/a	n/a	n/a	n/a
1739.872	0	869936	distractor_noise	sapo_emerge	distractor	n/a	n/a	n/a	n/a	n/a
1740.888	0	870444	standard_tone	sapo_emerge	standard	n/a	n/a	n/a	n/a	n/a
1741.904	0	870952	standard_tone	sapo_emerge	standard	n/a	n/a	n/a	n/a	n/a
1742.920	0	871460	standard_tone	sapo_emerge	standard	n/a	n/a	n/a	n/a	n/a
1743.936	0	871968	standard_tone	sapo_emerge	standard	n/a	n/a	n/a	n/a	n/a
1744.952	0	872476	standard_tone	sapo_emerge	standard	n/a	n/a	n/a	n/a	n/a
1745.968	0	872984	standard_tone	sapo_emerge	standard	n/a	n/a	n/a	n/a	n/a
1746.984	0	873492	standard_tone	sapo_emerge	standard	n/a	n/a	n/a	n/a	n/a
1748.000	0	874000	standard_tone	sapo_emerge	standard	n/a	n/a	n/a	n/a	n/a
1749.016	0	874508	standard_tone	sapo_emerge	standard	n/a	n/a	n/a	n/a	n/a
1750.030	0	875015	standard_tone	sapo_emerge	standard	n/a	n/a	n/a	n/a	n/a
1751.030	0	875515	standard_tone	sapo_emerge	standard	n/a	n/a	n/a	n/a	n/a
1752.046	0	876023	standard_tone	sapo_emerge	standard	n/a	n/a	n/a	n/a	n/a
1753.062	0	876531	standard_tone	sapo_emerge	standard	n/a	n/a	n/a	n/a	n/a
1754.078	0	877039	standard_tone	sapo_emerge	standard	n/a	n/a	n/a	n/a	n/a
1755.094	0	877547	standard_tone	sapo_emerge	standard	n/a	n/a	n/a	n/a	n/a
1756.092	0	878046	standard_tone	sapo_emerge	standard	n/a	n/a	n/a	n/a	n/a
1757.108	0	878554	standard_tone	sapo_emerge	standard	n/a	n/a	n/a	n/a	n/a
1758.124	0	879062	standard_tone	sapo_emerge	standard	n/a	n/a	n/a	n/a	n/a
1759.140	0	879570	distractor_noise	sapo_emerge	distractor	n/a	n/a	n/a	n/a	n/a
1760.156	0	880078	standard_tone	sapo_emerge	standard	n/a	n/a	n/a	n/a	n/a
1761.172	0	880586	standard_tone	sapo_emerge	standard	n/a	n/a	n/a	n/a	n/a
1762.188	0	881094	standard_tone	sapo_emerge	standard	n/a	n/a	n/a	n/a	n/a
1763.204	0	881602	distractor_noise	sapo_emerge	distractor	n/a	n/a	n/a	n/a	n/a
1764.220	0	882110	standard_tone	sapo_emerge	standard	n/a	n/a	n/a	n/a	n/a
1765.236	0	882618	distractor_noise	sapo_emerge	distractor	n/a	n/a	n/a	n/a	n/a
1766.250	0	883125	standard_tone	sapo_emerge	standard	n/a	n/a	n/a	n/a	n/a
1767.266	0	883633	oddball_tone	sapo_emerge	oddball	n/a	n/a	n/a	n/a	n/a
1768.282	0	884141	standard_tone	sapo_emerge	standard	n/a	n/a	n/a	n/a	n/a
1769.298	0	884649	standard_tone	sapo_emerge	standard	n/a	n/a	n/a	n/a	n/a
1770.314	0	885157	distractor_noise	sapo_emerge	distractor	n/a	n/a	n/a	n/a	n/a
1771.314	0	885657	standard_tone	sapo_emerge	standard	n/a	n/a	n/a	n/a	n/a
1772.330	0	886165	standard_tone	sapo_emerge	standard	n/a	n/a	n/a	n/a	n/a
1773.346	0	886673	standard_tone	sapo_emerge	standard	n/a	n/a	n/a	n/a	n/a
1774.360	0	887180	standard_tone	sapo_emerge	standard	n/a	n/a	n/a	n/a	n/a
1775.376	0	887688	standard_tone	sapo_emerge	standard	n/a	n/a	n/a	n/a	n/a
1776.392	0	888196	standard_tone	sapo_emerge	standard	n/a	n/a	n/a	n/a	n/a
1777.408	0	888704	standard_tone	sapo_emerge	standard	n/a	n/a	n/a	n/a	n/a
1778.424	0	889212	standard_tone	sapo_emerge	standard	n/a	n/a	n/a	n/a	n/a
1779.440	0	889720	standard_tone	sapo_emerge	standard	n/a	n/a	n/a	n/a	n/a
1780.456	0	890228	standard_tone	sapo_emerge	standard	n/a	n/a	n/a	n/a	n/a
1781.472	0	890736	standard_tone	sapo_emerge	standard	n/a	n/a	n/a	n/a	n/a
1782.488	0	891244	standard_tone	sapo_emerge	standard	n/a	n/a	n/a	n/a	n/a
1783.504	0	891752	standard_tone	sapo_emerge	standard	n/a	n/a	n/a	n/a	n/a
1784.520	0	892260	standard_tone	sapo_emerge	standard	n/a	n/a	n/a	n/a	n/a
1785.536	0	892768	standard_tone	sapo_emerge	standard	n/a	n/a	n/a	n/a	n/a
1786.550	0	893275	standard_tone	sapo_emerge	standard	n/a	n/a	n/a	n/a	n/a
1787.550	0	893775	distractor_noise	sapo_emerge	distractor	n/a	n/a	n/a	n/a	n/a
1788.566	0	894283	standard_tone	sapo_emerge	standard	n/a	n/a	n/a	n/a	n/a
1789.582	0	894791	distractor_noise	sapo_emerge	distractor	n/a	n/a	n/a	n/a	n/a
1790.598	0	895299	standard_tone	sapo_emerge	standard	n/a	n/a	n/a	n/a	n/a
1791.614	0	895807	standard_tone	sapo_emerge	standard	n/a	n/a	n/a	n/a	n/a
1792.630	0	896315	distractor_noise	sapo_emerge	distractor	n/a	n/a	n/a	n/a	n/a
1793.644	0	896822	oddball_tone	sapo_emerge	oddball	n/a	n/a	n/a	n/a	n/a
1794.660	0	897330	standard_tone	sapo_emerge	standard	n/a	n/a	n/a	n/a	n/a
1794.778	0	897389	silence_end	sapo_emerge	silence-end	n/a	n/a	n/a	n/a	n/a
1794.928	0	897464	gong_begin	sapo_emerge	gong-begin	n/a	n/a	n/a	n/a	n/a
1795.676	0	897838	standard_tone	sapo_emerge	standard	n/a	n/a	n/a	n/a	n/a
1796.692	0	898346	standard_tone	sapo_emerge	standard	n/a	n/a	n/a	n/a	n/a
1797.708	0	898854	standard_tone	sapo_emerge	standard	n/a	n/a	n/a	n/a	n/a
1798.724	0	899362	oddball_tone	sapo_emerge	oddball	n/a	n/a	n/a	n/a	n/a
1799.740	0	899870	standard_tone	sapo_emerge	standard	n/a	n/a	n/a	n/a	n/a
1800.756	0	900378	oddball_tone	sapo_emerge	oddball	n/a	n/a	n/a	n/a	n/a
1801.772	0	900886	standard_tone	sapo_emerge	standard	n/a	n/a	n/a	n/a	n/a
1802.788	0	901394	standard_tone	sapo_emerge	standard	n/a	n/a	n/a	n/a	n/a
1803.804	0	901902	standard_tone	sapo_emerge	standard	n/a	n/a	n/a	n/a	n/a
1804.820	0	902410	gong_end	sapo_emerge	gong-end	n/a	n/a	n/a	n/a	n/a
1804.820	0	902410	subblock_end	sapo_emerge	subblock-end-duration-120.682	n/a	n/a	n/a	120.682	n/a
1804.820	0	902410	subblock_begin	sapo_emerge	subblock-begin	n/a	n/a	n/a	n/a	n/a
1804.822	0	902411	silence_begin	sapo_emerge	silence-begin	n/a	n/a	n/a	n/a	n/a
1804.822	0	902411	distractor_noise	sapo_emerge	distractor	n/a	n/a	n/a	n/a	n/a
1805.834	0	902917	standard_tone	sapo_emerge	standard	n/a	n/a	n/a	n/a	n/a
1806.850	0	903425	standard_tone	sapo_emerge	standard	n/a	n/a	n/a	n/a	n/a
1807.868	0	903934	standard_tone	sapo_emerge	standard	n/a	n/a	n/a	n/a	n/a
1808.882	0	904441	oddball_tone	sapo_emerge	oddball	n/a	n/a	n/a	n/a	n/a
1809.898	0	904949	standard_tone	sapo_emerge	standard	n/a	n/a	n/a	n/a	n/a
1810.914	0	905457	standard_tone	sapo_emerge	standard	n/a	n/a	n/a	n/a	n/a
1811.930	0	905965	standard_tone	sapo_emerge	standard	n/a	n/a	n/a	n/a	n/a
1812.946	0	906473	standard_tone	sapo_emerge	standard	n/a	n/a	n/a	n/a	n/a
1813.946	0	906973	distractor_noise	sapo_emerge	distractor	n/a	n/a	n/a	n/a	n/a
1814.960	0	907480	standard_tone	sapo_emerge	standard	n/a	n/a	n/a	n/a	n/a
1815.976	0	907988	distractor_noise	sapo_emerge	distractor	n/a	n/a	n/a	n/a	n/a
1816.992	0	908496	standard_tone	sapo_emerge	standard	n/a	n/a	n/a	n/a	n/a
1818.008	0	909004	standard_tone	sapo_emerge	standard	n/a	n/a	n/a	n/a	n/a
1819.024	0	909512	distractor_noise	sapo_emerge	distractor	n/a	n/a	n/a	n/a	n/a
1820.040	0	910020	standard_tone	sapo_emerge	standard	n/a	n/a	n/a	n/a	n/a
1821.056	0	910528	standard_tone	sapo_emerge	standard	n/a	n/a	n/a	n/a	n/a
1822.072	0	911036	standard_tone	sapo_emerge	standard	n/a	n/a	n/a	n/a	n/a
1823.088	0	911544	standard_tone	sapo_emerge	standard	n/a	n/a	n/a	n/a	n/a
1824.104	0	912052	standard_tone	sapo_emerge	standard	n/a	n/a	n/a	n/a	n/a
1825.120	0	912560	standard_tone	sapo_emerge	standard	n/a	n/a	n/a	n/a	n/a
1826.134	0	913067	standard_tone	sapo_emerge	standard	n/a	n/a	n/a	n/a	n/a
1827.150	0	913575	standard_tone	sapo_emerge	standard	n/a	n/a	n/a	n/a	n/a
1828.150	0	914075	standard_tone	sapo_emerge	standard	n/a	n/a	n/a	n/a	n/a
1829.166	0	914583	standard_tone	sapo_emerge	standard	n/a	n/a	n/a	n/a	n/a
1830.182	0	915091	distractor_noise	sapo_emerge	distractor	n/a	n/a	n/a	n/a	n/a
1831.196	0	915598	standard_tone	sapo_emerge	standard	n/a	n/a	n/a	n/a	n/a
1832.212	0	916106	standard_tone	sapo_emerge	standard	n/a	n/a	n/a	n/a	n/a
1833.228	0	916614	standard_tone	sapo_emerge	standard	n/a	n/a	n/a	n/a	n/a
1834.244	0	917122	standard_tone	sapo_emerge	standard	n/a	n/a	n/a	n/a	n/a
1835.260	0	917630	standard_tone	sapo_emerge	standard	n/a	n/a	n/a	n/a	n/a
1836.276	0	918138	standard_tone	sapo_emerge	standard	n/a	n/a	n/a	n/a	n/a
1837.292	0	918646	standard_tone	sapo_emerge	standard	n/a	n/a	n/a	n/a	n/a
1838.308	0	919154	distractor_noise	sapo_emerge	distractor	n/a	n/a	n/a	n/a	n/a
1839.308	0	919654	standard_tone	sapo_emerge	standard	n/a	n/a	n/a	n/a	n/a
1840.324	0	920162	standard_tone	sapo_emerge	standard	n/a	n/a	n/a	n/a	n/a
1841.338	0	920669	oddball_tone	sapo_emerge	oddball	n/a	n/a	n/a	n/a	n/a
1842.354	0	921177	standard_tone	sapo_emerge	standard	n/a	n/a	n/a	n/a	n/a
1843.370	0	921685	distractor_noise	sapo_emerge	distractor	n/a	n/a	n/a	n/a	n/a
1844.386	0	922193	standard_tone	sapo_emerge	standard	n/a	n/a	n/a	n/a	n/a
1845.402	0	922701	standard_tone	sapo_emerge	standard	n/a	n/a	n/a	n/a	n/a
1846.418	0	923209	standard_tone	sapo_emerge	standard	n/a	n/a	n/a	n/a	n/a
1847.434	0	923717	distractor_noise	sapo_emerge	distractor	n/a	n/a	n/a	n/a	n/a
1848.450	0	924225	standard_tone	sapo_emerge	standard	n/a	n/a	n/a	n/a	n/a
1849.466	0	924733	standard_tone	sapo_emerge	standard	n/a	n/a	n/a	n/a	n/a
1850.482	0	925241	standard_tone	sapo_emerge	standard	n/a	n/a	n/a	n/a	n/a
1851.498	0	925749	standard_tone	sapo_emerge	standard	n/a	n/a	n/a	n/a	n/a
1852.512	0	926256	standard_tone	sapo_emerge	standard	n/a	n/a	n/a	n/a	n/a
1853.528	0	926764	standard_tone	sapo_emerge	standard	n/a	n/a	n/a	n/a	n/a
1854.544	0	927272	standard_tone	sapo_emerge	standard	n/a	n/a	n/a	n/a	n/a
1855.078	0	927539	clicker_press	sapo_emerge	response-received-page_up	n/a	n/a	n/a	n/a	page_up
1855.110	0	927555	report_window_begin	sapo_emerge	emerge-sapo-emerge-begin	n/a	n/a	n/a	n/a	n/a
1859.124	0	929562	depth_rating	sapo_emerge	rating-sapo-emerge-meditation_depth-1	1	n/a	n/a	n/a	n/a
1868.002	0	934001	clicker_press	sapo_emerge	response-received-page_up	n/a	n/a	n/a	n/a	page_up
1869.368	0	934684	confidence_rating	sapo_emerge	rating-sapo-emerge-confidence_depth-1	n/a	1	n/a	n/a	n/a
1872.814	0	936407	report_window_end	sapo_emerge	emerge-sapo-emerge-end	n/a	n/a	n/a	n/a	n/a
1872.814	0	936407	subblock_begin	sapo_emerge	subblock-begin	n/a	n/a	n/a	n/a	n/a
1872.814	0	936407	silence_begin	sapo_emerge	silence-begin	n/a	n/a	n/a	n/a	n/a
1872.816	0	936408	standard_tone	sapo_emerge	standard	n/a	n/a	n/a	n/a	n/a
1873.828	0	936914	oddball_tone	sapo_emerge	oddball	n/a	n/a	n/a	n/a	n/a
1874.844	0	937422	standard_tone	sapo_emerge	standard	n/a	n/a	n/a	n/a	n/a
1875.860	0	937930	oddball_tone	sapo_emerge	oddball	n/a	n/a	n/a	n/a	n/a
1876.876	0	938438	distractor_noise	sapo_emerge	distractor	n/a	n/a	n/a	n/a	n/a
1877.476	0	938738	clicker_press	sapo_emerge	response-received-page_up	n/a	n/a	n/a	n/a	page_up
1877.494	0	938747	report_window_begin	sapo_emerge	emerge-sapo-emerge-begin	n/a	n/a	n/a	n/a	n/a
1881.506	0	940753	depth_rating	sapo_emerge	rating-sapo-emerge-meditation_depth-1	1	n/a	n/a	n/a	n/a
1890.266	0	945133	clicker_press	sapo_emerge	response-received-page_up	n/a	n/a	n/a	n/a	page_up
1891.630	0	945815	confidence_rating	sapo_emerge	rating-sapo-emerge-confidence_depth-1	n/a	1	n/a	n/a	n/a
1895.094	0	947547	report_window_end	sapo_emerge	emerge-sapo-emerge-end	n/a	n/a	n/a	n/a	n/a
1895.096	0	947548	subblock_begin	sapo_emerge	subblock-begin	n/a	n/a	n/a	n/a	n/a
1895.096	0	947548	silence_begin	sapo_emerge	silence-begin	n/a	n/a	n/a	n/a	n/a
1895.110	0	947555	standard_tone	sapo_emerge	standard	n/a	n/a	n/a	n/a	n/a
1896.126	0	948063	standard_tone	sapo_emerge	standard	n/a	n/a	n/a	n/a	n/a
1897.142	0	948571	standard_tone	sapo_emerge	standard	n/a	n/a	n/a	n/a	n/a
1898.158	0	949079	oddball_tone	sapo_emerge	oddball	n/a	n/a	n/a	n/a	n/a
1899.174	0	949587	standard_tone	sapo_emerge	standard	n/a	n/a	n/a	n/a	n/a
1900.190	0	950095	standard_tone	sapo_emerge	standard	n/a	n/a	n/a	n/a	n/a
1901.206	0	950603	standard_tone	sapo_emerge	standard	n/a	n/a	n/a	n/a	n/a
1902.222	0	951111	standard_tone	sapo_emerge	standard	n/a	n/a	n/a	n/a	n/a
1903.238	0	951619	standard_tone	sapo_emerge	standard	n/a	n/a	n/a	n/a	n/a
1904.254	0	952127	oddball_tone	sapo_emerge	oddball	n/a	n/a	n/a	n/a	n/a
1905.268	0	952634	standard_tone	sapo_emerge	standard	n/a	n/a	n/a	n/a	n/a
1906.286	0	953143	standard_tone	sapo_emerge	standard	n/a	n/a	n/a	n/a	n/a
1907.300	0	953650	distractor_noise	sapo_emerge	distractor	n/a	n/a	n/a	n/a	n/a
1908.316	0	954158	standard_tone	sapo_emerge	standard	n/a	n/a	n/a	n/a	n/a
1909.332	0	954666	standard_tone	sapo_emerge	standard	n/a	n/a	n/a	n/a	n/a
1910.348	0	955174	standard_tone	sapo_emerge	standard	n/a	n/a	n/a	n/a	n/a
1911.364	0	955682	standard_tone	sapo_emerge	standard	n/a	n/a	n/a	n/a	n/a
1912.380	0	956190	standard_tone	sapo_emerge	standard	n/a	n/a	n/a	n/a	n/a
1913.396	0	956698	distractor_noise	sapo_emerge	distractor	n/a	n/a	n/a	n/a	n/a
1914.412	0	957206	standard_tone	sapo_emerge	standard	n/a	n/a	n/a	n/a	n/a
1915.410	0	957705	oddball_tone	sapo_emerge	oddball	n/a	n/a	n/a	n/a	n/a
1916.426	0	958213	standard_tone	sapo_emerge	standard	n/a	n/a	n/a	n/a	n/a
1917.442	0	958721	distractor_noise	sapo_emerge	distractor	n/a	n/a	n/a	n/a	n/a
1918.458	0	959229	standard_tone	sapo_emerge	standard	n/a	n/a	n/a	n/a	n/a
1919.474	0	959737	oddball_tone	sapo_emerge	oddball	n/a	n/a	n/a	n/a	n/a
1920.490	0	960245	standard_tone	sapo_emerge	standard	n/a	n/a	n/a	n/a	n/a
1921.490	0	960745	standard_tone	sapo_emerge	standard	n/a	n/a	n/a	n/a	n/a
1922.506	0	961253	standard_tone	sapo_emerge	standard	n/a	n/a	n/a	n/a	n/a
1923.520	0	961760	standard_tone	sapo_emerge	standard	n/a	n/a	n/a	n/a	n/a
1924.536	0	962268	standard_tone	sapo_emerge	standard	n/a	n/a	n/a	n/a	n/a
1925.552	0	962776	standard_tone	sapo_emerge	standard	n/a	n/a	n/a	n/a	n/a
1926.568	0	963284	distractor_noise	sapo_emerge	distractor	n/a	n/a	n/a	n/a	n/a
1927.584	0	963792	oddball_tone	sapo_emerge	oddball	n/a	n/a	n/a	n/a	n/a
1928.600	0	964300	standard_tone	sapo_emerge	standard	n/a	n/a	n/a	n/a	n/a
1929.616	0	964808	standard_tone	sapo_emerge	standard	n/a	n/a	n/a	n/a	n/a
1930.632	0	965316	standard_tone	sapo_emerge	standard	n/a	n/a	n/a	n/a	n/a
1931.646	0	965823	standard_tone	sapo_emerge	standard	n/a	n/a	n/a	n/a	n/a
1932.662	0	966331	standard_tone	sapo_emerge	standard	n/a	n/a	n/a	n/a	n/a
1933.680	0	966840	standard_tone	sapo_emerge	standard	n/a	n/a	n/a	n/a	n/a
1934.694	0	967347	standard_tone	sapo_emerge	standard	n/a	n/a	n/a	n/a	n/a
1935.710	0	967855	standard_tone	sapo_emerge	standard	n/a	n/a	n/a	n/a	n/a
1936.726	0	968363	standard_tone	sapo_emerge	standard	n/a	n/a	n/a	n/a	n/a
1937.742	0	968871	standard_tone	sapo_emerge	standard	n/a	n/a	n/a	n/a	n/a
1938.758	0	969379	standard_tone	sapo_emerge	standard	n/a	n/a	n/a	n/a	n/a
1939.774	0	969887	standard_tone	sapo_emerge	standard	n/a	n/a	n/a	n/a	n/a
1940.790	0	970395	distractor_noise	sapo_emerge	distractor	n/a	n/a	n/a	n/a	n/a
1941.806	0	970903	standard_tone	sapo_emerge	standard	n/a	n/a	n/a	n/a	n/a
1942.822	0	971411	standard_tone	sapo_emerge	standard	n/a	n/a	n/a	n/a	n/a
1943.838	0	971919	standard_tone	sapo_emerge	standard	n/a	n/a	n/a	n/a	n/a
1944.854	0	972427	standard_tone	sapo_emerge	standard	n/a	n/a	n/a	n/a	n/a
1945.870	0	972935	standard_tone	sapo_emerge	standard	n/a	n/a	n/a	n/a	n/a
1946.884	0	973442	standard_tone	sapo_emerge	standard	n/a	n/a	n/a	n/a	n/a
1947.900	0	973950	standard_tone	sapo_emerge	standard	n/a	n/a	n/a	n/a	n/a
1948.916	0	974458	standard_tone	sapo_emerge	standard	n/a	n/a	n/a	n/a	n/a
1949.932	0	974966	standard_tone	sapo_emerge	standard	n/a	n/a	n/a	n/a	n/a
1950.948	0	975474	standard_tone	sapo_emerge	standard	n/a	n/a	n/a	n/a	n/a
1951.964	0	975982	distractor_noise	sapo_emerge	distractor	n/a	n/a	n/a	n/a	n/a
1952.980	0	976490	standard_tone	sapo_emerge	standard	n/a	n/a	n/a	n/a	n/a
1953.996	0	976998	standard_tone	sapo_emerge	standard	n/a	n/a	n/a	n/a	n/a
1955.012	0	977506	standard_tone	sapo_emerge	standard	n/a	n/a	n/a	n/a	n/a
1956.028	0	978014	standard_tone	sapo_emerge	standard	n/a	n/a	n/a	n/a	n/a
1957.042	0	978521	oddball_tone	sapo_emerge	oddball	n/a	n/a	n/a	n/a	n/a
1958.058	0	979029	standard_tone	sapo_emerge	standard	n/a	n/a	n/a	n/a	n/a
1959.074	0	979537	standard_tone	sapo_emerge	standard	n/a	n/a	n/a	n/a	n/a
1960.090	0	980045	distractor_noise	sapo_emerge	distractor	n/a	n/a	n/a	n/a	n/a
1961.106	0	980553	standard_tone	sapo_emerge	standard	n/a	n/a	n/a	n/a	n/a
1962.122	0	981061	distractor_noise	sapo_emerge	distractor	n/a	n/a	n/a	n/a	n/a
1963.138	0	981569	standard_tone	sapo_emerge	standard	n/a	n/a	n/a	n/a	n/a
1964.154	0	982077	standard_tone	sapo_emerge	standard	n/a	n/a	n/a	n/a	n/a
1965.170	0	982585	standard_tone	sapo_emerge	standard	n/a	n/a	n/a	n/a	n/a
1966.186	0	983093	distractor_noise	sapo_emerge	distractor	n/a	n/a	n/a	n/a	n/a
1967.202	0	983601	standard_tone	sapo_emerge	standard	n/a	n/a	n/a	n/a	n/a
1968.216	0	984108	standard_tone	sapo_emerge	standard	n/a	n/a	n/a	n/a	n/a
1969.232	0	984616	standard_tone	sapo_emerge	standard	n/a	n/a	n/a	n/a	n/a
1970.248	0	985124	standard_tone	sapo_emerge	standard	n/a	n/a	n/a	n/a	n/a
1971.264	0	985632	standard_tone	sapo_emerge	standard	n/a	n/a	n/a	n/a	n/a
1972.280	0	986140	standard_tone	sapo_emerge	standard	n/a	n/a	n/a	n/a	n/a
1973.296	0	986648	standard_tone	sapo_emerge	standard	n/a	n/a	n/a	n/a	n/a
1974.312	0	987156	standard_tone	sapo_emerge	standard	n/a	n/a	n/a	n/a	n/a
1975.326	0	987663	standard_tone	sapo_emerge	standard	n/a	n/a	n/a	n/a	n/a
1976.326	0	988163	standard_tone	sapo_emerge	standard	n/a	n/a	n/a	n/a	n/a
1977.344	0	988672	standard_tone	sapo_emerge	standard	n/a	n/a	n/a	n/a	n/a
1978.358	0	989179	standard_tone	sapo_emerge	standard	n/a	n/a	n/a	n/a	n/a
1979.374	0	989687	standard_tone	sapo_emerge	standard	n/a	n/a	n/a	n/a	n/a
1980.390	0	990195	distractor_noise	sapo_emerge	distractor	n/a	n/a	n/a	n/a	n/a
1981.406	0	990703	oddball_tone	sapo_emerge	oddball	n/a	n/a	n/a	n/a	n/a
1982.422	0	991211	standard_tone	sapo_emerge	standard	n/a	n/a	n/a	n/a	n/a
1983.438	0	991719	standard_tone	sapo_emerge	standard	n/a	n/a	n/a	n/a	n/a
1984.436	0	992218	standard_tone	sapo_emerge	standard	n/a	n/a	n/a	n/a	n/a
1985.452	0	992726	standard_tone	sapo_emerge	standard	n/a	n/a	n/a	n/a	n/a
1986.468	0	993234	standard_tone	sapo_emerge	standard	n/a	n/a	n/a	n/a	n/a
1987.484	0	993742	standard_tone	sapo_emerge	standard	n/a	n/a	n/a	n/a	n/a
1988.484	0	994242	standard_tone	sapo_emerge	standard	n/a	n/a	n/a	n/a	n/a
1989.500	0	994750	distractor_noise	sapo_emerge	distractor	n/a	n/a	n/a	n/a	n/a
1990.514	0	995257	oddball_tone	sapo_emerge	oddball	n/a	n/a	n/a	n/a	n/a
1991.530	0	995765	standard_tone	sapo_emerge	standard	n/a	n/a	n/a	n/a	n/a
1992.546	0	996273	standard_tone	sapo_emerge	standard	n/a	n/a	n/a	n/a	n/a
1993.564	0	996782	standard_tone	sapo_emerge	standard	n/a	n/a	n/a	n/a	n/a
1994.578	0	997289	standard_tone	sapo_emerge	standard	n/a	n/a	n/a	n/a	n/a
1995.594	0	997797	standard_tone	sapo_emerge	standard	n/a	n/a	n/a	n/a	n/a
1996.610	0	998305	standard_tone	sapo_emerge	standard	n/a	n/a	n/a	n/a	n/a
1997.626	0	998813	standard_tone	sapo_emerge	standard	n/a	n/a	n/a	n/a	n/a
1998.642	0	999321	standard_tone	sapo_emerge	standard	n/a	n/a	n/a	n/a	n/a
1999.658	0	999829	standard_tone	sapo_emerge	standard	n/a	n/a	n/a	n/a	n/a
2000.674	0	1000337	standard_tone	sapo_emerge	standard	n/a	n/a	n/a	n/a	n/a
2001.690	0	1000845	standard_tone	sapo_emerge	standard	n/a	n/a	n/a	n/a	n/a
2002.688	0	1001344	standard_tone	sapo_emerge	standard	n/a	n/a	n/a	n/a	n/a
2003.704	0	1001852	standard_tone	sapo_emerge	standard	n/a	n/a	n/a	n/a	n/a
2004.720	0	1002360	standard_tone	sapo_emerge	standard	n/a	n/a	n/a	n/a	n/a
2005.736	0	1002868	oddball_tone	sapo_emerge	oddball	n/a	n/a	n/a	n/a	n/a
2005.968	0	1002984	silence_end	sapo_emerge	silence-end	n/a	n/a	n/a	n/a	n/a
2006.002	0	1003001	gong_begin	sapo_emerge	gong-begin	n/a	n/a	n/a	n/a	n/a
2006.752	0	1003376	standard_tone	sapo_emerge	standard	n/a	n/a	n/a	n/a	n/a
2007.768	0	1003884	standard_tone	sapo_emerge	standard	n/a	n/a	n/a	n/a	n/a
2008.784	0	1004392	standard_tone	sapo_emerge	standard	n/a	n/a	n/a	n/a	n/a
2009.784	0	1004892	distractor_noise	sapo_emerge	distractor	n/a	n/a	n/a	n/a	n/a
2010.798	0	1005399	standard_tone	sapo_emerge	standard	n/a	n/a	n/a	n/a	n/a
2011.814	0	1005907	oddball_tone	sapo_emerge	oddball	n/a	n/a	n/a	n/a	n/a
2012.830	0	1006415	standard_tone	sapo_emerge	standard	n/a	n/a	n/a	n/a	n/a
2013.846	0	1006923	standard_tone	sapo_emerge	standard	n/a	n/a	n/a	n/a	n/a
2014.862	0	1007431	standard_tone	sapo_emerge	standard	n/a	n/a	n/a	n/a	n/a
2015.878	0	1007939	standard_tone	sapo_emerge	standard	n/a	n/a	n/a	n/a	n/a
2016.144	0	1008072	gong_end	sapo_emerge	gong-end	n/a	n/a	n/a	n/a	n/a
2016.144	0	1008072	subblock_end	sapo_emerge	subblock-end-duration-121.049	n/a	n/a	n/a	121.049	n/a
2016.144	0	1008072	subblock_begin	sapo_emerge	subblock-begin	n/a	n/a	n/a	n/a	n/a
2016.146	0	1008073	silence_begin	sapo_emerge	silence-begin	n/a	n/a	n/a	n/a	n/a
2016.894	0	1008447	standard_tone	sapo_emerge	standard	n/a	n/a	n/a	n/a	n/a
2017.910	0	1008955	standard_tone	sapo_emerge	standard	n/a	n/a	n/a	n/a	n/a
2018.924	0	1009462	standard_tone	sapo_emerge	standard	n/a	n/a	n/a	n/a	n/a
2019.940	0	1009970	oddball_tone	sapo_emerge	oddball	n/a	n/a	n/a	n/a	n/a
2020.956	0	1010478	standard_tone	sapo_emerge	standard	n/a	n/a	n/a	n/a	n/a
2021.972	0	1010986	standard_tone	sapo_emerge	standard	n/a	n/a	n/a	n/a	n/a
2022.988	0	1011494	distractor_noise	sapo_emerge	distractor	n/a	n/a	n/a	n/a	n/a
2024.004	0	1012002	standard_tone	sapo_emerge	standard	n/a	n/a	n/a	n/a	n/a
2025.020	0	1012510	distractor_noise	sapo_emerge	distractor	n/a	n/a	n/a	n/a	n/a
2026.036	0	1013018	standard_tone	sapo_emerge	standard	n/a	n/a	n/a	n/a	n/a
2027.052	0	1013526	oddball_tone	sapo_emerge	oddball	n/a	n/a	n/a	n/a	n/a
2028.068	0	1014034	standard_tone	sapo_emerge	standard	n/a	n/a	n/a	n/a	n/a
2029.084	0	1014542	standard_tone	sapo_emerge	standard	n/a	n/a	n/a	n/a	n/a
2030.100	0	1015050	standard_tone	sapo_emerge	standard	n/a	n/a	n/a	n/a	n/a
2031.116	0	1015558	standard_tone	sapo_emerge	standard	n/a	n/a	n/a	n/a	n/a
2032.130	0	1016065	standard_tone	sapo_emerge	standard	n/a	n/a	n/a	n/a	n/a
2033.146	0	1016573	standard_tone	sapo_emerge	standard	n/a	n/a	n/a	n/a	n/a
2034.162	0	1017081	standard_tone	sapo_emerge	standard	n/a	n/a	n/a	n/a	n/a
2035.178	0	1017589	standard_tone	sapo_emerge	standard	n/a	n/a	n/a	n/a	n/a
2036.194	0	1018097	standard_tone	sapo_emerge	standard	n/a	n/a	n/a	n/a	n/a
2037.210	0	1018605	standard_tone	sapo_emerge	standard	n/a	n/a	n/a	n/a	n/a
2038.226	0	1019113	standard_tone	sapo_emerge	standard	n/a	n/a	n/a	n/a	n/a
2039.242	0	1019621	standard_tone	sapo_emerge	standard	n/a	n/a	n/a	n/a	n/a
2040.256	0	1020128	standard_tone	sapo_emerge	standard	n/a	n/a	n/a	n/a	n/a
2041.274	0	1020637	distractor_noise	sapo_emerge	distractor	n/a	n/a	n/a	n/a	n/a
2042.288	0	1021144	standard_tone	sapo_emerge	standard	n/a	n/a	n/a	n/a	n/a
2043.304	0	1021652	standard_tone	sapo_emerge	standard	n/a	n/a	n/a	n/a	n/a
2044.320	0	1022160	standard_tone	sapo_emerge	standard	n/a	n/a	n/a	n/a	n/a
2045.336	0	1022668	standard_tone	sapo_emerge	standard	n/a	n/a	n/a	n/a	n/a
2046.352	0	1023176	standard_tone	sapo_emerge	standard	n/a	n/a	n/a	n/a	n/a
2047.368	0	1023684	standard_tone	sapo_emerge	standard	n/a	n/a	n/a	n/a	n/a
2048.384	0	1024192	standard_tone	sapo_emerge	standard	n/a	n/a	n/a	n/a	n/a
2049.400	0	1024700	standard_tone	sapo_emerge	standard	n/a	n/a	n/a	n/a	n/a
2050.416	0	1025208	oddball_tone	sapo_emerge	oddball	n/a	n/a	n/a	n/a	n/a
2051.430	0	1025715	standard_tone	sapo_emerge	standard	n/a	n/a	n/a	n/a	n/a
2052.446	0	1026223	standard_tone	sapo_emerge	standard	n/a	n/a	n/a	n/a	n/a
2053.464	0	1026732	oddball_tone	sapo_emerge	oddball	n/a	n/a	n/a	n/a	n/a
2054.478	0	1027239	standard_tone	sapo_emerge	standard	n/a	n/a	n/a	n/a	n/a
2055.494	0	1027747	standard_tone	sapo_emerge	standard	n/a	n/a	n/a	n/a	n/a
2056.494	0	1028247	oddball_tone	sapo_emerge	oddball	n/a	n/a	n/a	n/a	n/a
2057.510	0	1028755	standard_tone	sapo_emerge	standard	n/a	n/a	n/a	n/a	n/a
2058.526	0	1029263	standard_tone	sapo_emerge	standard	n/a	n/a	n/a	n/a	n/a
2059.524	0	1029762	standard_tone	sapo_emerge	standard	n/a	n/a	n/a	n/a	n/a
2060.540	0	1030270	oddball_tone	sapo_emerge	oddball	n/a	n/a	n/a	n/a	n/a
2061.556	0	1030778	standard_tone	sapo_emerge	standard	n/a	n/a	n/a	n/a	n/a
2062.572	0	1031286	standard_tone	sapo_emerge	standard	n/a	n/a	n/a	n/a	n/a
2063.588	0	1031794	standard_tone	sapo_emerge	standard	n/a	n/a	n/a	n/a	n/a
2064.602	0	1032301	standard_tone	sapo_emerge	standard	n/a	n/a	n/a	n/a	n/a
2065.602	0	1032801	oddball_tone	sapo_emerge	oddball	n/a	n/a	n/a	n/a	n/a
2066.618	0	1033309	standard_tone	sapo_emerge	standard	n/a	n/a	n/a	n/a	n/a
2067.634	0	1033817	distractor_noise	sapo_emerge	distractor	n/a	n/a	n/a	n/a	n/a
2068.634	0	1034317	oddball_tone	sapo_emerge	oddball	n/a	n/a	n/a	n/a	n/a
2069.650	0	1034825	distractor_noise	sapo_emerge	distractor	n/a	n/a	n/a	n/a	n/a
2070.666	0	1035333	standard_tone	sapo_emerge	standard	n/a	n/a	n/a	n/a	n/a
2071.680	0	1035840	standard_tone	sapo_emerge	standard	n/a	n/a	n/a	n/a	n/a
2072.696	0	1036348	distractor_noise	sapo_emerge	distractor	n/a	n/a	n/a	n/a	n/a
2073.712	0	1036856	standard_tone	sapo_emerge	standard	n/a	n/a	n/a	n/a	n/a
2074.728	0	1037364	standard_tone	sapo_emerge	standard	n/a	n/a	n/a	n/a	n/a
2075.744	0	1037872	standard_tone	sapo_emerge	standard	n/a	n/a	n/a	n/a	n/a
2076.760	0	1038380	standard_tone	sapo_emerge	standard	n/a	n/a	n/a	n/a	n/a
2077.776	0	1038888	oddball_tone	sapo_emerge	oddball	n/a	n/a	n/a	n/a	n/a
2078.792	0	1039396	standard_tone	sapo_emerge	standard	n/a	n/a	n/a	n/a	n/a
2079.808	0	1039904	standard_tone	sapo_emerge	standard	n/a	n/a	n/a	n/a	n/a
2080.824	0	1040412	standard_tone	sapo_emerge	standard	n/a	n/a	n/a	n/a	n/a
2081.840	0	1040920	standard_tone	sapo_emerge	standard	n/a	n/a	n/a	n/a	n/a
2082.854	0	1041427	standard_tone	sapo_emerge	standard	n/a	n/a	n/a	n/a	n/a
2083.870	0	1041935	standard_tone	sapo_emerge	standard	n/a	n/a	n/a	n/a	n/a
2084.886	0	1042443	oddball_tone	sapo_emerge	oddball	n/a	n/a	n/a	n/a	n/a
2085.902	0	1042951	standard_tone	sapo_emerge	standard	n/a	n/a	n/a	n/a	n/a
2086.902	0	1043451	standard_tone	sapo_emerge	standard	n/a	n/a	n/a	n/a	n/a
2087.918	0	1043959	distractor_noise	sapo_emerge	distractor	n/a	n/a	n/a	n/a	n/a
2088.934	0	1044467	oddball_tone	sapo_emerge	oddball	n/a	n/a	n/a	n/a	n/a
2089.950	0	1044975	standard_tone	sapo_emerge	standard	n/a	n/a	n/a	n/a	n/a
2090.966	0	1045483	oddball_tone	sapo_emerge	oddball	n/a	n/a	n/a	n/a	n/a
2091.980	0	1045990	standard_tone	sapo_emerge	standard	n/a	n/a	n/a	n/a	n/a
2092.996	0	1046498	distractor_noise	sapo_emerge	distractor	n/a	n/a	n/a	n/a	n/a
2094.012	0	1047006	standard_tone	sapo_emerge	standard	n/a	n/a	n/a	n/a	n/a
2095.028	0	1047514	distractor_noise	sapo_emerge	distractor	n/a	n/a	n/a	n/a	n/a
2096.044	0	1048022	standard_tone	sapo_emerge	standard	n/a	n/a	n/a	n/a	n/a
2097.060	0	1048530	standard_tone	sapo_emerge	standard	n/a	n/a	n/a	n/a	n/a
2098.076	0	1049038	standard_tone	sapo_emerge	standard	n/a	n/a	n/a	n/a	n/a
2099.092	0	1049546	standard_tone	sapo_emerge	standard	n/a	n/a	n/a	n/a	n/a
2100.108	0	1050054	standard_tone	sapo_emerge	standard	n/a	n/a	n/a	n/a	n/a
2101.124	0	1050562	oddball_tone	sapo_emerge	oddball	n/a	n/a	n/a	n/a	n/a
2102.138	0	1051069	standard_tone	sapo_emerge	standard	n/a	n/a	n/a	n/a	n/a
2103.156	0	1051578	standard_tone	sapo_emerge	standard	n/a	n/a	n/a	n/a	n/a
2104.170	0	1052085	standard_tone	sapo_emerge	standard	n/a	n/a	n/a	n/a	n/a
2105.186	0	1052593	standard_tone	sapo_emerge	standard	n/a	n/a	n/a	n/a	n/a
2106.202	0	1053101	standard_tone	sapo_emerge	standard	n/a	n/a	n/a	n/a	n/a
2107.218	0	1053609	standard_tone	sapo_emerge	standard	n/a	n/a	n/a	n/a	n/a
2108.234	0	1054117	standard_tone	sapo_emerge	standard	n/a	n/a	n/a	n/a	n/a
2109.234	0	1054617	distractor_noise	sapo_emerge	distractor	n/a	n/a	n/a	n/a	n/a
2110.250	0	1055125	standard_tone	sapo_emerge	standard	n/a	n/a	n/a	n/a	n/a
2111.266	0	1055633	standard_tone	sapo_emerge	standard	n/a	n/a	n/a	n/a	n/a
2112.282	0	1056141	standard_tone	sapo_emerge	standard	n/a	n/a	n/a	n/a	n/a
2113.296	0	1056648	standard_tone	sapo_emerge	standard	n/a	n/a	n/a	n/a	n/a
2114.312	0	1057156	distractor_noise	sapo_emerge	distractor	n/a	n/a	n/a	n/a	n/a
2115.328	0	1057664	standard_tone	sapo_emerge	standard	n/a	n/a	n/a	n/a	n/a
2116.344	0	1058172	standard_tone	sapo_emerge	standard	n/a	n/a	n/a	n/a	n/a
2117.360	0	1058680	standard_tone	sapo_emerge	standard	n/a	n/a	n/a	n/a	n/a
2118.376	0	1059188	standard_tone	sapo_emerge	standard	n/a	n/a	n/a	n/a	n/a
2119.392	0	1059696	standard_tone	sapo_emerge	standard	n/a	n/a	n/a	n/a	n/a
2120.408	0	1060204	standard_tone	sapo_emerge	standard	n/a	n/a	n/a	n/a	n/a
2121.422	0	1060711	standard_tone	sapo_emerge	standard	n/a	n/a	n/a	n/a	n/a
2122.438	0	1061219	standard_tone	sapo_emerge	standard	n/a	n/a	n/a	n/a	n/a
2123.454	0	1061727	standard_tone	sapo_emerge	standard	n/a	n/a	n/a	n/a	n/a
2124.470	0	1062235	distractor_noise	sapo_emerge	distractor	n/a	n/a	n/a	n/a	n/a
2125.486	0	1062743	standard_tone	sapo_emerge	standard	n/a	n/a	n/a	n/a	n/a
2126.502	0	1063251	oddball_tone	sapo_emerge	oddball	n/a	n/a	n/a	n/a	n/a
2127.518	0	1063759	distractor_noise	sapo_emerge	distractor	n/a	n/a	n/a	n/a	n/a
2128.534	0	1064267	standard_tone	sapo_emerge	standard	n/a	n/a	n/a	n/a	n/a
2129.550	0	1064775	standard_tone	sapo_emerge	standard	n/a	n/a	n/a	n/a	n/a
2130.566	0	1065283	standard_tone	sapo_emerge	standard	n/a	n/a	n/a	n/a	n/a
2130.632	0	1065316	silence_end	sapo_emerge	silence-end	n/a	n/a	n/a	n/a	n/a
2130.832	0	1065416	gong_begin	sapo_emerge	gong-begin	n/a	n/a	n/a	n/a	n/a
2131.582	0	1065791	standard_tone	sapo_emerge	standard	n/a	n/a	n/a	n/a	n/a
2132.598	0	1066299	oddball_tone	sapo_emerge	oddball	n/a	n/a	n/a	n/a	n/a
2133.614	0	1066807	standard_tone	sapo_emerge	standard	n/a	n/a	n/a	n/a	n/a
2134.628	0	1067314	oddball_tone	sapo_emerge	oddball	n/a	n/a	n/a	n/a	n/a
2135.644	0	1067822	standard_tone	sapo_emerge	standard	n/a	n/a	n/a	n/a	n/a
2136.660	0	1068330	distractor_noise	sapo_emerge	distractor	n/a	n/a	n/a	n/a	n/a
2137.678	0	1068839	standard_tone	sapo_emerge	standard	n/a	n/a	n/a	n/a	n/a
2138.692	0	1069346	standard_tone	sapo_emerge	standard	n/a	n/a	n/a	n/a	n/a
2139.708	0	1069854	standard_tone	sapo_emerge	standard	n/a	n/a	n/a	n/a	n/a
2140.692	0	1070346	gong_end	sapo_emerge	gong-end	n/a	n/a	n/a	n/a	n/a
2140.692	0	1070346	subblock_end	sapo_emerge	subblock-end-duration-124.548	n/a	n/a	n/a	124.548	n/a
2140.694	0	1070347	subblock_begin	sapo_emerge	subblock-begin	n/a	n/a	n/a	n/a	n/a
2140.694	0	1070347	silence_begin	sapo_emerge	silence-begin	n/a	n/a	n/a	n/a	n/a
2140.724	0	1070362	oddball_tone	sapo_emerge	oddball	n/a	n/a	n/a	n/a	n/a
2141.740	0	1070870	standard_tone	sapo_emerge	standard	n/a	n/a	n/a	n/a	n/a
2142.756	0	1071378	standard_tone	sapo_emerge	standard	n/a	n/a	n/a	n/a	n/a
2143.772	0	1071886	standard_tone	sapo_emerge	standard	n/a	n/a	n/a	n/a	n/a
2144.786	0	1072393	standard_tone	sapo_emerge	standard	n/a	n/a	n/a	n/a	n/a
2145.788	0	1072894	standard_tone	sapo_emerge	standard	n/a	n/a	n/a	n/a	n/a
2146.802	0	1073401	standard_tone	sapo_emerge	standard	n/a	n/a	n/a	n/a	n/a
2147.818	0	1073909	oddball_tone	sapo_emerge	oddball	n/a	n/a	n/a	n/a	n/a
2148.834	0	1074417	standard_tone	sapo_emerge	standard	n/a	n/a	n/a	n/a	n/a
2149.850	0	1074925	standard_tone	sapo_emerge	standard	n/a	n/a	n/a	n/a	n/a
2150.866	0	1075433	standard_tone	sapo_emerge	standard	n/a	n/a	n/a	n/a	n/a
2151.866	0	1075933	distractor_noise	sapo_emerge	distractor	n/a	n/a	n/a	n/a	n/a
2152.880	0	1076440	oddball_tone	sapo_emerge	oddball	n/a	n/a	n/a	n/a	n/a
2153.896	0	1076948	standard_tone	sapo_emerge	standard	n/a	n/a	n/a	n/a	n/a
2154.912	0	1077456	standard_tone	sapo_emerge	standard	n/a	n/a	n/a	n/a	n/a
2155.928	0	1077964	standard_tone	sapo_emerge	standard	n/a	n/a	n/a	n/a	n/a
2156.944	0	1078472	standard_tone	sapo_emerge	standard	n/a	n/a	n/a	n/a	n/a
2157.944	0	1078972	oddball_tone	sapo_emerge	oddball	n/a	n/a	n/a	n/a	n/a
2158.958	0	1079479	distractor_noise	sapo_emerge	distractor	n/a	n/a	n/a	n/a	n/a
2159.974	0	1079987	standard_tone	sapo_emerge	standard	n/a	n/a	n/a	n/a	n/a
2160.990	0	1080495	standard_tone	sapo_emerge	standard	n/a	n/a	n/a	n/a	n/a
2162.006	0	1081003	standard_tone	sapo_emerge	standard	n/a	n/a	n/a	n/a	n/a
2163.022	0	1081511	standard_tone	sapo_emerge	standard	n/a	n/a	n/a	n/a	n/a
2164.038	0	1082019	standard_tone	sapo_emerge	standard	n/a	n/a	n/a	n/a	n/a
2165.054	0	1082527	standard_tone	sapo_emerge	standard	n/a	n/a	n/a	n/a	n/a
2166.070	0	1083035	distractor_noise	sapo_emerge	distractor	n/a	n/a	n/a	n/a	n/a
2167.086	0	1083543	standard_tone	sapo_emerge	standard	n/a	n/a	n/a	n/a	n/a
2168.102	0	1084051	distractor_noise	sapo_emerge	distractor	n/a	n/a	n/a	n/a	n/a
2169.118	0	1084559	standard_tone	sapo_emerge	standard	n/a	n/a	n/a	n/a	n/a
2170.134	0	1085067	standard_tone	sapo_emerge	standard	n/a	n/a	n/a	n/a	n/a
2171.148	0	1085574	standard_tone	sapo_emerge	standard	n/a	n/a	n/a	n/a	n/a
2172.164	0	1086082	standard_tone	sapo_emerge	standard	n/a	n/a	n/a	n/a	n/a
2173.180	0	1086590	standard_tone	sapo_emerge	standard	n/a	n/a	n/a	n/a	n/a
2174.196	0	1087098	standard_tone	sapo_emerge	standard	n/a	n/a	n/a	n/a	n/a
2175.212	0	1087606	distractor_noise	sapo_emerge	distractor	n/a	n/a	n/a	n/a	n/a
2176.228	0	1088114	standard_tone	sapo_emerge	standard	n/a	n/a	n/a	n/a	n/a
2177.244	0	1088622	standard_tone	sapo_emerge	standard	n/a	n/a	n/a	n/a	n/a
2178.260	0	1089130	standard_tone	sapo_emerge	standard	n/a	n/a	n/a	n/a	n/a
2179.274	0	1089637	standard_tone	sapo_emerge	standard	n/a	n/a	n/a	n/a	n/a
2180.290	0	1090145	standard_tone	sapo_emerge	standard	n/a	n/a	n/a	n/a	n/a
2181.290	0	1090645	distractor_noise	sapo_emerge	distractor	n/a	n/a	n/a	n/a	n/a
2182.306	0	1091153	standard_tone	sapo_emerge	standard	n/a	n/a	n/a	n/a	n/a
2183.322	0	1091661	distractor_noise	sapo_emerge	distractor	n/a	n/a	n/a	n/a	n/a
2184.338	0	1092169	standard_tone	sapo_emerge	standard	n/a	n/a	n/a	n/a	n/a
2185.354	0	1092677	oddball_tone	sapo_emerge	oddball	n/a	n/a	n/a	n/a	n/a
2186.370	0	1093185	distractor_noise	sapo_emerge	distractor	n/a	n/a	n/a	n/a	n/a
2187.384	0	1093692	standard_tone	sapo_emerge	standard	n/a	n/a	n/a	n/a	n/a
2188.400	0	1094200	distractor_noise	sapo_emerge	distractor	n/a	n/a	n/a	n/a	n/a
2189.416	0	1094708	standard_tone	sapo_emerge	standard	n/a	n/a	n/a	n/a	n/a
2190.432	0	1095216	standard_tone	sapo_emerge	standard	n/a	n/a	n/a	n/a	n/a
2191.448	0	1095724	oddball_tone	sapo_emerge	oddball	n/a	n/a	n/a	n/a	n/a
2192.464	0	1096232	standard_tone	sapo_emerge	standard	n/a	n/a	n/a	n/a	n/a
2193.480	0	1096740	standard_tone	sapo_emerge	standard	n/a	n/a	n/a	n/a	n/a
2194.496	0	1097248	standard_tone	sapo_emerge	standard	n/a	n/a	n/a	n/a	n/a
2195.512	0	1097756	oddball_tone	sapo_emerge	oddball	n/a	n/a	n/a	n/a	n/a
2196.528	0	1098264	standard_tone	sapo_emerge	standard	n/a	n/a	n/a	n/a	n/a
2197.544	0	1098772	distractor_noise	sapo_emerge	distractor	n/a	n/a	n/a	n/a	n/a
2198.560	0	1099280	standard_tone	sapo_emerge	standard	n/a	n/a	n/a	n/a	n/a
2199.576	0	1099788	standard_tone	sapo_emerge	standard	n/a	n/a	n/a	n/a	n/a
2200.590	0	1100295	standard_tone	sapo_emerge	standard	n/a	n/a	n/a	n/a	n/a
2201.606	0	1100803	distractor_noise	sapo_emerge	distractor	n/a	n/a	n/a	n/a	n/a
2202.622	0	1101311	oddball_tone	sapo_emerge	oddball	n/a	n/a	n/a	n/a	n/a
2203.638	0	1101819	standard_tone	sapo_emerge	standard	n/a	n/a	n/a	n/a	n/a
2204.654	0	1102327	standard_tone	sapo_emerge	standard	n/a	n/a	n/a	n/a	n/a
2205.670	0	1102835	standard_tone	sapo_emerge	standard	n/a	n/a	n/a	n/a	n/a
2206.686	0	1103343	standard_tone	sapo_emerge	standard	n/a	n/a	n/a	n/a	n/a
2207.702	0	1103851	oddball_tone	sapo_emerge	oddball	n/a	n/a	n/a	n/a	n/a
2208.718	0	1104359	distractor_noise	sapo_emerge	distractor	n/a	n/a	n/a	n/a	n/a
2209.734	0	1104867	standard_tone	sapo_emerge	standard	n/a	n/a	n/a	n/a	n/a
2210.748	0	1105374	standard_tone	sapo_emerge	standard	n/a	n/a	n/a	n/a	n/a
2211.764	0	1105882	standard_tone	sapo_emerge	standard	n/a	n/a	n/a	n/a	n/a
2212.780	0	1106390	standard_tone	sapo_emerge	standard	n/a	n/a	n/a	n/a	n/a
2213.782	0	1106891	oddball_tone	sapo_emerge	oddball	n/a	n/a	n/a	n/a	n/a
2214.796	0	1107398	standard_tone	sapo_emerge	standard	n/a	n/a	n/a	n/a	n/a
2215.812	0	1107906	standard_tone	sapo_emerge	standard	n/a	n/a	n/a	n/a	n/a
2216.828	0	1108414	standard_tone	sapo_emerge	standard	n/a	n/a	n/a	n/a	n/a
2217.844	0	1108922	standard_tone	sapo_emerge	standard	n/a	n/a	n/a	n/a	n/a
2218.858	0	1109429	standard_tone	sapo_emerge	standard	n/a	n/a	n/a	n/a	n/a
2219.874	0	1109937	standard_tone	sapo_emerge	standard	n/a	n/a	n/a	n/a	n/a
2220.890	0	1110445	standard_tone	sapo_emerge	standard	n/a	n/a	n/a	n/a	n/a
2221.906	0	1110953	standard_tone	sapo_emerge	standard	n/a	n/a	n/a	n/a	n/a
2222.922	0	1111461	standard_tone	sapo_emerge	standard	n/a	n/a	n/a	n/a	n/a
2223.938	0	1111969	standard_tone	sapo_emerge	standard	n/a	n/a	n/a	n/a	n/a
2224.954	0	1112477	distractor_noise	sapo_emerge	distractor	n/a	n/a	n/a	n/a	n/a
2225.970	0	1112985	standard_tone	sapo_emerge	standard	n/a	n/a	n/a	n/a	n/a
2226.986	0	1113493	standard_tone	sapo_emerge	standard	n/a	n/a	n/a	n/a	n/a
2228.002	0	1114001	standard_tone	sapo_emerge	standard	n/a	n/a	n/a	n/a	n/a
2229.018	0	1114509	standard_tone	sapo_emerge	standard	n/a	n/a	n/a	n/a	n/a
2230.034	0	1115017	standard_tone	sapo_emerge	standard	n/a	n/a	n/a	n/a	n/a
2231.048	0	1115524	distractor_noise	sapo_emerge	distractor	n/a	n/a	n/a	n/a	n/a
2232.064	0	1116032	standard_tone	sapo_emerge	standard	n/a	n/a	n/a	n/a	n/a
2233.064	0	1116532	oddball_tone	sapo_emerge	oddball	n/a	n/a	n/a	n/a	n/a
2234.080	0	1117040	standard_tone	sapo_emerge	standard	n/a	n/a	n/a	n/a	n/a
2235.096	0	1117548	standard_tone	sapo_emerge	standard	n/a	n/a	n/a	n/a	n/a
2236.112	0	1118056	distractor_noise	sapo_emerge	distractor	n/a	n/a	n/a	n/a	n/a
2237.128	0	1118564	standard_tone	sapo_emerge	standard	n/a	n/a	n/a	n/a	n/a
2238.142	0	1119071	standard_tone	sapo_emerge	standard	n/a	n/a	n/a	n/a	n/a
2239.158	0	1119579	standard_tone	sapo_emerge	standard	n/a	n/a	n/a	n/a	n/a
2240.010	0	1120005	clicker_press	sapo_emerge	response-received-page_up	n/a	n/a	n/a	n/a	page_up
2240.058	0	1120029	report_window_begin	sapo_emerge	emerge-sapo-emerge-begin	n/a	n/a	n/a	n/a	n/a
2244.090	0	1122045	depth_rating	sapo_emerge	rating-sapo-emerge-meditation_depth-1	1	n/a	n/a	n/a	n/a
2252.532	0	1126266	clicker_press	sapo_emerge	response-received-page_up	n/a	n/a	n/a	n/a	page_up
2253.148	0	1126574	clicker_press	sapo_emerge	response-received-page_up	n/a	n/a	n/a	n/a	page_up
2253.864	0	1126932	clicker_press	sapo_emerge	response-received-page_up	n/a	n/a	n/a	n/a	page_up
2254.196	0	1127098	confidence_rating	sapo_emerge	rating-sapo-emerge-confidence_depth-3	n/a	3	n/a	n/a	n/a
2257.628	0	1128814	report_window_end	sapo_emerge	emerge-sapo-emerge-end	n/a	n/a	n/a	n/a	n/a
2257.628	0	1128814	subblock_begin	sapo_emerge	subblock-begin	n/a	n/a	n/a	n/a	n/a
2257.628	0	1128814	silence_begin	sapo_emerge	silence-begin	n/a	n/a	n/a	n/a	n/a
2257.630	0	1128815	oddball_tone	sapo_emerge	oddball	n/a	n/a	n/a	n/a	n/a
2258.642	0	1129321	standard_tone	sapo_emerge	standard	n/a	n/a	n/a	n/a	n/a
2259.658	0	1129829	standard_tone	sapo_emerge	standard	n/a	n/a	n/a	n/a	n/a
2260.674	0	1130337	standard_tone	sapo_emerge	standard	n/a	n/a	n/a	n/a	n/a
2261.690	0	1130845	distractor_noise	sapo_emerge	distractor	n/a	n/a	n/a	n/a	n/a
2262.706	0	1131353	standard_tone	sapo_emerge	standard	n/a	n/a	n/a	n/a	n/a
2263.722	0	1131861	standard_tone	sapo_emerge	standard	n/a	n/a	n/a	n/a	n/a
2264.738	0	1132369	oddball_tone	sapo_emerge	oddball	n/a	n/a	n/a	n/a	n/a
2265.754	0	1132877	standard_tone	sapo_emerge	standard	n/a	n/a	n/a	n/a	n/a
2266.770	0	1133385	standard_tone	sapo_emerge	standard	n/a	n/a	n/a	n/a	n/a
2267.770	0	1133885	standard_tone	sapo_emerge	standard	n/a	n/a	n/a	n/a	n/a
2268.784	0	1134392	standard_tone	sapo_emerge	standard	n/a	n/a	n/a	n/a	n/a
2269.800	0	1134900	oddball_tone	sapo_emerge	oddball	n/a	n/a	n/a	n/a	n/a
2270.816	0	1135408	standard_tone	sapo_emerge	standard	n/a	n/a	n/a	n/a	n/a
2271.832	0	1135916	standard_tone	sapo_emerge	standard	n/a	n/a	n/a	n/a	n/a
2272.848	0	1136424	standard_tone	sapo_emerge	standard	n/a	n/a	n/a	n/a	n/a
2273.864	0	1136932	standard_tone	sapo_emerge	standard	n/a	n/a	n/a	n/a	n/a
2274.880	0	1137440	oddball_tone	sapo_emerge	oddball	n/a	n/a	n/a	n/a	n/a
2275.894	0	1137947	standard_tone	sapo_emerge	standard	n/a	n/a	n/a	n/a	n/a
2276.910	0	1138455	standard_tone	sapo_emerge	standard	n/a	n/a	n/a	n/a	n/a
2277.926	0	1138963	oddball_tone	sapo_emerge	oddball	n/a	n/a	n/a	n/a	n/a
2278.942	0	1139471	standard_tone	sapo_emerge	standard	n/a	n/a	n/a	n/a	n/a
2279.958	0	1139979	standard_tone	sapo_emerge	standard	n/a	n/a	n/a	n/a	n/a
2280.974	0	1140487	standard_tone	sapo_emerge	standard	n/a	n/a	n/a	n/a	n/a
2281.988	0	1140994	standard_tone	sapo_emerge	standard	n/a	n/a	n/a	n/a	n/a
2282.990	0	1141495	standard_tone	sapo_emerge	standard	n/a	n/a	n/a	n/a	n/a
2283.990	0	1141995	standard_tone	sapo_emerge	standard	n/a	n/a	n/a	n/a	n/a
2285.004	0	1142502	standard_tone	sapo_emerge	standard	n/a	n/a	n/a	n/a	n/a
2286.020	0	1143010	standard_tone	sapo_emerge	standard	n/a	n/a	n/a	n/a	n/a
2287.036	0	1143518	standard_tone	sapo_emerge	standard	n/a	n/a	n/a	n/a	n/a
2288.052	0	1144026	standard_tone	sapo_emerge	standard	n/a	n/a	n/a	n/a	n/a
2289.068	0	1144534	standard_tone	sapo_emerge	standard	n/a	n/a	n/a	n/a	n/a
2290.084	0	1145042	standard_tone	sapo_emerge	standard	n/a	n/a	n/a	n/a	n/a
2291.098	0	1145549	standard_tone	sapo_emerge	standard	n/a	n/a	n/a	n/a	n/a
2292.114	0	1146057	standard_tone	sapo_emerge	standard	n/a	n/a	n/a	n/a	n/a
2293.130	0	1146565	standard_tone	sapo_emerge	standard	n/a	n/a	n/a	n/a	n/a
2294.146	0	1147073	standard_tone	sapo_emerge	standard	n/a	n/a	n/a	n/a	n/a
2295.162	0	1147581	standard_tone	sapo_emerge	standard	n/a	n/a	n/a	n/a	n/a
2296.178	0	1148089	standard_tone	sapo_emerge	standard	n/a	n/a	n/a	n/a	n/a
2297.194	0	1148597	standard_tone	sapo_emerge	standard	n/a	n/a	n/a	n/a	n/a
2298.210	0	1149105	standard_tone	sapo_emerge	standard	n/a	n/a	n/a	n/a	n/a
2299.210	0	1149605	standard_tone	sapo_emerge	standard	n/a	n/a	n/a	n/a	n/a
2300.210	0	1150105	standard_tone	sapo_emerge	standard	n/a	n/a	n/a	n/a	n/a
2301.224	0	1150612	standard_tone	sapo_emerge	standard	n/a	n/a	n/a	n/a	n/a
2302.240	0	1151120	standard_tone	sapo_emerge	standard	n/a	n/a	n/a	n/a	n/a
2303.256	0	1151628	standard_tone	sapo_emerge	standard	n/a	n/a	n/a	n/a	n/a
2304.270	0	1152135	standard_tone	sapo_emerge	standard	n/a	n/a	n/a	n/a	n/a
2305.288	0	1152644	standard_tone	sapo_emerge	standard	n/a	n/a	n/a	n/a	n/a
2306.304	0	1153152	standard_tone	sapo_emerge	standard	n/a	n/a	n/a	n/a	n/a
2307.302	0	1153651	oddball_tone	sapo_emerge	oddball	n/a	n/a	n/a	n/a	n/a
2308.318	0	1154159	standard_tone	sapo_emerge	standard	n/a	n/a	n/a	n/a	n/a
2309.334	0	1154667	standard_tone	sapo_emerge	standard	n/a	n/a	n/a	n/a	n/a
2310.350	0	1155175	standard_tone	sapo_emerge	standard	n/a	n/a	n/a	n/a	n/a
2311.366	0	1155683	oddball_tone	sapo_emerge	oddball	n/a	n/a	n/a	n/a	n/a
2312.382	0	1156191	distractor_noise	sapo_emerge	distractor	n/a	n/a	n/a	n/a	n/a
2313.398	0	1156699	standard_tone	sapo_emerge	standard	n/a	n/a	n/a	n/a	n/a
2314.412	0	1157206	standard_tone	sapo_emerge	standard	n/a	n/a	n/a	n/a	n/a
2315.428	0	1157714	standard_tone	sapo_emerge	standard	n/a	n/a	n/a	n/a	n/a
2316.428	0	1158214	standard_tone	sapo_emerge	standard	n/a	n/a	n/a	n/a	n/a
2317.444	0	1158722	oddball_tone	sapo_emerge	oddball	n/a	n/a	n/a	n/a	n/a
2318.460	0	1159230	standard_tone	sapo_emerge	standard	n/a	n/a	n/a	n/a	n/a
2319.476	0	1159738	standard_tone	sapo_emerge	standard	n/a	n/a	n/a	n/a	n/a
2320.492	0	1160246	oddball_tone	sapo_emerge	oddball	n/a	n/a	n/a	n/a	n/a
2321.508	0	1160754	standard_tone	sapo_emerge	standard	n/a	n/a	n/a	n/a	n/a
2322.522	0	1161261	oddball_tone	sapo_emerge	oddball	n/a	n/a	n/a	n/a	n/a
2323.538	0	1161769	standard_tone	sapo_emerge	standard	n/a	n/a	n/a	n/a	n/a
2324.554	0	1162277	standard_tone	sapo_emerge	standard	n/a	n/a	n/a	n/a	n/a
2325.570	0	1162785	standard_tone	sapo_emerge	standard	n/a	n/a	n/a	n/a	n/a
2326.586	0	1163293	standard_tone	sapo_emerge	standard	n/a	n/a	n/a	n/a	n/a
2327.602	0	1163801	standard_tone	sapo_emerge	standard	n/a	n/a	n/a	n/a	n/a
2328.618	0	1164309	distractor_noise	sapo_emerge	distractor	n/a	n/a	n/a	n/a	n/a
2329.634	0	1164817	standard_tone	sapo_emerge	standard	n/a	n/a	n/a	n/a	n/a
2330.650	0	1165325	standard_tone	sapo_emerge	standard	n/a	n/a	n/a	n/a	n/a
2331.666	0	1165833	standard_tone	sapo_emerge	standard	n/a	n/a	n/a	n/a	n/a
2332.682	0	1166341	distractor_noise	sapo_emerge	distractor	n/a	n/a	n/a	n/a	n/a
2333.680	0	1166840	standard_tone	sapo_emerge	standard	n/a	n/a	n/a	n/a	n/a
2334.696	0	1167348	standard_tone	sapo_emerge	standard	n/a	n/a	n/a	n/a	n/a
2335.712	0	1167856	oddball_tone	sapo_emerge	oddball	n/a	n/a	n/a	n/a	n/a
2336.728	0	1168364	standard_tone	sapo_emerge	standard	n/a	n/a	n/a	n/a	n/a
2337.744	0	1168872	standard_tone	sapo_emerge	standard	n/a	n/a	n/a	n/a	n/a
2338.744	0	1169372	distractor_noise	sapo_emerge	distractor	n/a	n/a	n/a	n/a	n/a
2339.758	0	1169879	standard_tone	sapo_emerge	standard	n/a	n/a	n/a	n/a	n/a
2340.774	0	1170387	distractor_noise	sapo_emerge	distractor	n/a	n/a	n/a	n/a	n/a
2341.790	0	1170895	standard_tone	sapo_emerge	standard	n/a	n/a	n/a	n/a	n/a
2342.806	0	1171403	distractor_noise	sapo_emerge	distractor	n/a	n/a	n/a	n/a	n/a
2343.822	0	1171911	oddball_tone	sapo_emerge	oddball	n/a	n/a	n/a	n/a	n/a
2344.838	0	1172419	standard_tone	sapo_emerge	standard	n/a	n/a	n/a	n/a	n/a
2345.854	0	1172927	oddball_tone	sapo_emerge	oddball	n/a	n/a	n/a	n/a	n/a
2346.870	0	1173435	standard_tone	sapo_emerge	standard	n/a	n/a	n/a	n/a	n/a
2347.886	0	1173943	standard_tone	sapo_emerge	standard	n/a	n/a	n/a	n/a	n/a
2348.884	0	1174442	standard_tone	sapo_emerge	standard	n/a	n/a	n/a	n/a	n/a
2349.900	0	1174950	oddball_tone	sapo_emerge	oddball	n/a	n/a	n/a	n/a	n/a
2350.916	0	1175458	standard_tone	sapo_emerge	standard	n/a	n/a	n/a	n/a	n/a
2351.932	0	1175966	oddball_tone	sapo_emerge	oddball	n/a	n/a	n/a	n/a	n/a
2352.948	0	1176474	standard_tone	sapo_emerge	standard	n/a	n/a	n/a	n/a	n/a
2353.964	0	1176982	standard_tone	sapo_emerge	standard	n/a	n/a	n/a	n/a	n/a
2354.980	0	1177490	standard_tone	sapo_emerge	standard	n/a	n/a	n/a	n/a	n/a
2355.996	0	1177998	standard_tone	sapo_emerge	standard	n/a	n/a	n/a	n/a	n/a
2357.012	0	1178506	distractor_noise	sapo_emerge	distractor	n/a	n/a	n/a	n/a	n/a
2358.028	0	1179014	standard_tone	sapo_emerge	standard	n/a	n/a	n/a	n/a	n/a
2359.042	0	1179521	standard_tone	sapo_emerge	standard	n/a	n/a	n/a	n/a	n/a
2360.058	0	1180029	distractor_noise	sapo_emerge	distractor	n/a	n/a	n/a	n/a	n/a
2361.074	0	1180537	standard_tone	sapo_emerge	standard	n/a	n/a	n/a	n/a	n/a
2362.090	0	1181045	standard_tone	sapo_emerge	standard	n/a	n/a	n/a	n/a	n/a
2363.106	0	1181553	standard_tone	sapo_emerge	standard	n/a	n/a	n/a	n/a	n/a
2364.122	0	1182061	oddball_tone	sapo_emerge	oddball	n/a	n/a	n/a	n/a	n/a
2365.138	0	1182569	standard_tone	sapo_emerge	standard	n/a	n/a	n/a	n/a	n/a
2366.154	0	1183077	standard_tone	sapo_emerge	standard	n/a	n/a	n/a	n/a	n/a
2367.170	0	1183585	standard_tone	sapo_emerge	standard	n/a	n/a	n/a	n/a	n/a
2368.186	0	1184093	standard_tone	sapo_emerge	standard	n/a	n/a	n/a	n/a	n/a
2369.200	0	1184600	standard_tone	sapo_emerge	standard	n/a	n/a	n/a	n/a	n/a
2370.216	0	1185108	standard_tone	sapo_emerge	standard	n/a	n/a	n/a	n/a	n/a
2371.234	0	1185617	standard_tone	sapo_emerge	standard	n/a	n/a	n/a	n/a	n/a
2372.248	0	1186124	standard_tone	sapo_emerge	standard	n/a	n/a	n/a	n/a	n/a
2373.264	0	1186632	standard_tone	sapo_emerge	standard	n/a	n/a	n/a	n/a	n/a
2374.280	0	1187140	standard_tone	sapo_emerge	standard	n/a	n/a	n/a	n/a	n/a
2374.330	0	1187165	silence_end	sapo_emerge	silence-end	n/a	n/a	n/a	n/a	n/a
2374.546	0	1187273	gong_begin	sapo_emerge	gong-begin	n/a	n/a	n/a	n/a	n/a
2375.296	0	1187648	standard_tone	sapo_emerge	standard	n/a	n/a	n/a	n/a	n/a
2376.312	0	1188156	standard_tone	sapo_emerge	standard	n/a	n/a	n/a	n/a	n/a
2377.328	0	1188664	standard_tone	sapo_emerge	standard	n/a	n/a	n/a	n/a	n/a
2378.344	0	1189172	oddball_tone	sapo_emerge	oddball	n/a	n/a	n/a	n/a	n/a
2379.360	0	1189680	distractor_noise	sapo_emerge	distractor	n/a	n/a	n/a	n/a	n/a
2380.374	0	1190187	oddball_tone	sapo_emerge	oddball	n/a	n/a	n/a	n/a	n/a
2381.390	0	1190695	standard_tone	sapo_emerge	standard	n/a	n/a	n/a	n/a	n/a
2382.408	0	1191204	standard_tone	sapo_emerge	standard	n/a	n/a	n/a	n/a	n/a
2383.422	0	1191711	standard_tone	sapo_emerge	standard	n/a	n/a	n/a	n/a	n/a
2384.340	0	1192170	gong_end	sapo_emerge	gong-end	n/a	n/a	n/a	n/a	n/a
2384.340	0	1192170	subblock_end	sapo_emerge	subblock-end-duration-126.713	n/a	n/a	n/a	126.713	n/a
2384.342	0	1192171	subblock_begin	sapo_emerge	subblock-begin	n/a	n/a	n/a	n/a	n/a
2384.342	0	1192171	silence_begin	sapo_emerge	silence-begin	n/a	n/a	n/a	n/a	n/a
2384.438	0	1192219	oddball_tone	sapo_emerge	oddball	n/a	n/a	n/a	n/a	n/a
2385.454	0	1192727	standard_tone	sapo_emerge	standard	n/a	n/a	n/a	n/a	n/a
2386.470	0	1193235	standard_tone	sapo_emerge	standard	n/a	n/a	n/a	n/a	n/a
2387.486	0	1193743	standard_tone	sapo_emerge	standard	n/a	n/a	n/a	n/a	n/a
2388.502	0	1194251	oddball_tone	sapo_emerge	oddball	n/a	n/a	n/a	n/a	n/a
2389.518	0	1194759	standard_tone	sapo_emerge	standard	n/a	n/a	n/a	n/a	n/a
2390.518	0	1195259	standard_tone	sapo_emerge	standard	n/a	n/a	n/a	n/a	n/a
2391.532	0	1195766	oddball_tone	sapo_emerge	oddball	n/a	n/a	n/a	n/a	n/a
2392.548	0	1196274	distractor_noise	sapo_emerge	distractor	n/a	n/a	n/a	n/a	n/a
2393.564	0	1196782	standard_tone	sapo_emerge	standard	n/a	n/a	n/a	n/a	n/a
2394.580	0	1197290	standard_tone	sapo_emerge	standard	n/a	n/a	n/a	n/a	n/a
2395.596	0	1197798	standard_tone	sapo_emerge	standard	n/a	n/a	n/a	n/a	n/a
2396.612	0	1198306	standard_tone	sapo_emerge	standard	n/a	n/a	n/a	n/a	n/a
2397.628	0	1198814	standard_tone	sapo_emerge	standard	n/a	n/a	n/a	n/a	n/a
2398.644	0	1199322	standard_tone	sapo_emerge	standard	n/a	n/a	n/a	n/a	n/a
2399.658	0	1199829	standard_tone	sapo_emerge	standard	n/a	n/a	n/a	n/a	n/a
2400.676	0	1200338	standard_tone	sapo_emerge	standard	n/a	n/a	n/a	n/a	n/a
2401.690	0	1200845	standard_tone	sapo_emerge	standard	n/a	n/a	n/a	n/a	n/a
2402.706	0	1201353	oddball_tone	sapo_emerge	oddball	n/a	n/a	n/a	n/a	n/a
2403.722	0	1201861	standard_tone	sapo_emerge	standard	n/a	n/a	n/a	n/a	n/a
2404.738	0	1202369	oddball_tone	sapo_emerge	oddball	n/a	n/a	n/a	n/a	n/a
2405.754	0	1202877	distractor_noise	sapo_emerge	distractor	n/a	n/a	n/a	n/a	n/a
2406.770	0	1203385	standard_tone	sapo_emerge	standard	n/a	n/a	n/a	n/a	n/a
2407.786	0	1203893	standard_tone	sapo_emerge	standard	n/a	n/a	n/a	n/a	n/a
2408.802	0	1204401	standard_tone	sapo_emerge	standard	n/a	n/a	n/a	n/a	n/a
2409.818	0	1204909	standard_tone	sapo_emerge	standard	n/a	n/a	n/a	n/a	n/a
2410.816	0	1205408	standard_tone	sapo_emerge	standard	n/a	n/a	n/a	n/a	n/a
2411.832	0	1205916	distractor_noise	sapo_emerge	distractor	n/a	n/a	n/a	n/a	n/a
2412.848	0	1206424	standard_tone	sapo_emerge	standard	n/a	n/a	n/a	n/a	n/a
2413.864	0	1206932	standard_tone	sapo_emerge	standard	n/a	n/a	n/a	n/a	n/a
2414.880	0	1207440	standard_tone	sapo_emerge	standard	n/a	n/a	n/a	n/a	n/a
2415.896	0	1207948	standard_tone	sapo_emerge	standard	n/a	n/a	n/a	n/a	n/a
2416.912	0	1208456	standard_tone	sapo_emerge	standard	n/a	n/a	n/a	n/a	n/a
2417.926	0	1208963	standard_tone	sapo_emerge	standard	n/a	n/a	n/a	n/a	n/a
2418.942	0	1209471	standard_tone	sapo_emerge	standard	n/a	n/a	n/a	n/a	n/a
2419.958	0	1209979	standard_tone	sapo_emerge	standard	n/a	n/a	n/a	n/a	n/a
2420.974	0	1210487	standard_tone	sapo_emerge	standard	n/a	n/a	n/a	n/a	n/a
2421.990	0	1210995	standard_tone	sapo_emerge	standard	n/a	n/a	n/a	n/a	n/a
2423.006	0	1211503	standard_tone	sapo_emerge	standard	n/a	n/a	n/a	n/a	n/a
2424.022	0	1212011	standard_tone	sapo_emerge	standard	n/a	n/a	n/a	n/a	n/a
2425.038	0	1212519	standard_tone	sapo_emerge	standard	n/a	n/a	n/a	n/a	n/a
2426.054	0	1213027	standard_tone	sapo_emerge	standard	n/a	n/a	n/a	n/a	n/a
2427.070	0	1213535	standard_tone	sapo_emerge	standard	n/a	n/a	n/a	n/a	n/a
2428.068	0	1214034	distractor_noise	sapo_emerge	distractor	n/a	n/a	n/a	n/a	n/a
2429.086	0	1214543	oddball_tone	sapo_emerge	oddball	n/a	n/a	n/a	n/a	n/a
2430.100	0	1215050	standard_tone	sapo_emerge	standard	n/a	n/a	n/a	n/a	n/a
2431.116	0	1215558	standard_tone	sapo_emerge	standard	n/a	n/a	n/a	n/a	n/a
2432.116	0	1216058	standard_tone	sapo_emerge	standard	n/a	n/a	n/a	n/a	n/a
2433.132	0	1216566	standard_tone	sapo_emerge	standard	n/a	n/a	n/a	n/a	n/a
2434.146	0	1217073	oddball_tone	sapo_emerge	oddball	n/a	n/a	n/a	n/a	n/a
2435.162	0	1217581	standard_tone	sapo_emerge	standard	n/a	n/a	n/a	n/a	n/a
2436.162	0	1218081	standard_tone	sapo_emerge	standard	n/a	n/a	n/a	n/a	n/a
2437.178	0	1218589	oddball_tone	sapo_emerge	oddball	n/a	n/a	n/a	n/a	n/a
2438.194	0	1219097	standard_tone	sapo_emerge	standard	n/a	n/a	n/a	n/a	n/a
2439.210	0	1219605	standard_tone	sapo_emerge	standard	n/a	n/a	n/a	n/a	n/a
2440.226	0	1220113	standard_tone	sapo_emerge	standard	n/a	n/a	n/a	n/a	n/a
2441.242	0	1220621	standard_tone	sapo_emerge	standard	n/a	n/a	n/a	n/a	n/a
2442.256	0	1221128	standard_tone	sapo_emerge	standard	n/a	n/a	n/a	n/a	n/a
2443.272	0	1221636	oddball_tone	sapo_emerge	oddball	n/a	n/a	n/a	n/a	n/a
2444.288	0	1222144	standard_tone	sapo_emerge	standard	n/a	n/a	n/a	n/a	n/a
2445.288	0	1222644	standard_tone	sapo_emerge	standard	n/a	n/a	n/a	n/a	n/a
2446.304	0	1223152	distractor_noise	sapo_emerge	distractor	n/a	n/a	n/a	n/a	n/a
2447.320	0	1223660	standard_tone	sapo_emerge	standard	n/a	n/a	n/a	n/a	n/a
2448.336	0	1224168	oddball_tone	sapo_emerge	oddball	n/a	n/a	n/a	n/a	n/a
2449.352	0	1224676	standard_tone	sapo_emerge	standard	n/a	n/a	n/a	n/a	n/a
2450.368	0	1225184	standard_tone	sapo_emerge	standard	n/a	n/a	n/a	n/a	n/a
2451.384	0	1225692	standard_tone	sapo_emerge	standard	n/a	n/a	n/a	n/a	n/a
2452.398	0	1226199	standard_tone	sapo_emerge	standard	n/a	n/a	n/a	n/a	n/a
2453.414	0	1226707	oddball_tone	sapo_emerge	oddball	n/a	n/a	n/a	n/a	n/a
2454.430	0	1227215	standard_tone	sapo_emerge	standard	n/a	n/a	n/a	n/a	n/a
2455.446	0	1227723	distractor_noise	sapo_emerge	distractor	n/a	n/a	n/a	n/a	n/a
2456.462	0	1228231	standard_tone	sapo_emerge	standard	n/a	n/a	n/a	n/a	n/a
2457.478	0	1228739	standard_tone	sapo_emerge	standard	n/a	n/a	n/a	n/a	n/a
2458.494	0	1229247	standard_tone	sapo_emerge	standard	n/a	n/a	n/a	n/a	n/a
2459.510	0	1229755	standard_tone	sapo_emerge	standard	n/a	n/a	n/a	n/a	n/a
2460.508	0	1230254	oddball_tone	sapo_emerge	oddball	n/a	n/a	n/a	n/a	n/a
2461.524	0	1230762	standard_tone	sapo_emerge	standard	n/a	n/a	n/a	n/a	n/a
2462.540	0	1231270	standard_tone	sapo_emerge	standard	n/a	n/a	n/a	n/a	n/a
2463.556	0	1231778	standard_tone	sapo_emerge	standard	n/a	n/a	n/a	n/a	n/a
2464.572	0	1232286	distractor_noise	sapo_emerge	distractor	n/a	n/a	n/a	n/a	n/a
2465.588	0	1232794	standard_tone	sapo_emerge	standard	n/a	n/a	n/a	n/a	n/a
2466.604	0	1233302	standard_tone	sapo_emerge	standard	n/a	n/a	n/a	n/a	n/a
2467.620	0	1233810	standard_tone	sapo_emerge	standard	n/a	n/a	n/a	n/a	n/a
2468.634	0	1234317	standard_tone	sapo_emerge	standard	n/a	n/a	n/a	n/a	n/a
2469.652	0	1234826	standard_tone	sapo_emerge	standard	n/a	n/a	n/a	n/a	n/a
2470.666	0	1235333	standard_tone	sapo_emerge	standard	n/a	n/a	n/a	n/a	n/a
2471.682	0	1235841	oddball_tone	sapo_emerge	oddball	n/a	n/a	n/a	n/a	n/a
2472.698	0	1236349	standard_tone	sapo_emerge	standard	n/a	n/a	n/a	n/a	n/a
2473.714	0	1236857	standard_tone	sapo_emerge	standard	n/a	n/a	n/a	n/a	n/a
2474.730	0	1237365	standard_tone	sapo_emerge	standard	n/a	n/a	n/a	n/a	n/a
2475.746	0	1237873	oddball_tone	sapo_emerge	oddball	n/a	n/a	n/a	n/a	n/a
2476.762	0	1238381	standard_tone	sapo_emerge	standard	n/a	n/a	n/a	n/a	n/a
2477.778	0	1238889	standard_tone	sapo_emerge	standard	n/a	n/a	n/a	n/a	n/a
2478.794	0	1239397	standard_tone	sapo_emerge	standard	n/a	n/a	n/a	n/a	n/a
2479.810	0	1239905	standard_tone	sapo_emerge	standard	n/a	n/a	n/a	n/a	n/a
2480.826	0	1240413	standard_tone	sapo_emerge	standard	n/a	n/a	n/a	n/a	n/a
2481.840	0	1240920	standard_tone	sapo_emerge	standard	n/a	n/a	n/a	n/a	n/a
2482.856	0	1241428	oddball_tone	sapo_emerge	oddball	n/a	n/a	n/a	n/a	n/a
2483.874	0	1241937	standard_tone	sapo_emerge	standard	n/a	n/a	n/a	n/a	n/a
2484.888	0	1242444	standard_tone	sapo_emerge	standard	n/a	n/a	n/a	n/a	n/a
2485.904	0	1242952	standard_tone	sapo_emerge	standard	n/a	n/a	n/a	n/a	n/a
2486.920	0	1243460	standard_tone	sapo_emerge	standard	n/a	n/a	n/a	n/a	n/a
2487.920	0	1243960	standard_tone	sapo_emerge	standard	n/a	n/a	n/a	n/a	n/a
2488.934	0	1244467	standard_tone	sapo_emerge	standard	n/a	n/a	n/a	n/a	n/a
2489.950	0	1244975	oddball_tone	sapo_emerge	oddball	n/a	n/a	n/a	n/a	n/a
2490.966	0	1245483	standard_tone	sapo_emerge	standard	n/a	n/a	n/a	n/a	n/a
2491.982	0	1245991	distractor_noise	sapo_emerge	distractor	n/a	n/a	n/a	n/a	n/a
2492.998	0	1246499	standard_tone	sapo_emerge	standard	n/a	n/a	n/a	n/a	n/a
2494.014	0	1247007	standard_tone	sapo_emerge	standard	n/a	n/a	n/a	n/a	n/a
2494.880	0	1247440	clicker_press	sapo_emerge	response-received-page_up	n/a	n/a	n/a	n/a	page_up
2494.946	0	1247473	report_window_begin	sapo_emerge	emerge-sapo-emerge-begin	n/a	n/a	n/a	n/a	n/a
2498.994	0	1249497	depth_rating	sapo_emerge	rating-sapo-emerge-meditation_depth-1	1	n/a	n/a	n/a	n/a
2505.654	0	1252827	clicker_press	sapo_emerge	response-received-page_up	n/a	n/a	n/a	n/a	page_up
2506.322	0	1253161	clicker_press	sapo_emerge	response-received-page_up	n/a	n/a	n/a	n/a	page_up
2507.104	0	1253552	clicker_press	sapo_emerge	response-received-page_up	n/a	n/a	n/a	n/a	page_up
2507.654	0	1253827	clicker_press	sapo_emerge	response-received-page_up	n/a	n/a	n/a	n/a	page_up
2509.068	0	1254534	confidence_rating	sapo_emerge	rating-sapo-emerge-confidence_depth-4	n/a	4	n/a	n/a	n/a
2512.550	0	1256275	report_window_end	sapo_emerge	emerge-sapo-emerge-end	n/a	n/a	n/a	n/a	n/a
2512.550	0	1256275	subblock_begin	sapo_emerge	subblock-begin	n/a	n/a	n/a	n/a	n/a
2512.550	0	1256275	silence_begin	sapo_emerge	silence-begin	n/a	n/a	n/a	n/a	n/a
2512.552	0	1256276	standard_tone	sapo_emerge	standard	n/a	n/a	n/a	n/a	n/a
2513.564	0	1256782	standard_tone	sapo_emerge	standard	n/a	n/a	n/a	n/a	n/a
2514.580	0	1257290	standard_tone	sapo_emerge	standard	n/a	n/a	n/a	n/a	n/a
2515.596	0	1257798	standard_tone	sapo_emerge	standard	n/a	n/a	n/a	n/a	n/a
2516.612	0	1258306	standard_tone	sapo_emerge	standard	n/a	n/a	n/a	n/a	n/a
2517.628	0	1258814	standard_tone	sapo_emerge	standard	n/a	n/a	n/a	n/a	n/a
2518.644	0	1259322	standard_tone	sapo_emerge	standard	n/a	n/a	n/a	n/a	n/a
2519.660	0	1259830	standard_tone	sapo_emerge	standard	n/a	n/a	n/a	n/a	n/a
2520.676	0	1260338	oddball_tone	sapo_emerge	oddball	n/a	n/a	n/a	n/a	n/a
2521.692	0	1260846	distractor_noise	sapo_emerge	distractor	n/a	n/a	n/a	n/a	n/a
2522.706	0	1261353	standard_tone	sapo_emerge	standard	n/a	n/a	n/a	n/a	n/a
2523.722	0	1261861	distractor_noise	sapo_emerge	distractor	n/a	n/a	n/a	n/a	n/a
2524.722	0	1262361	standard_tone	sapo_emerge	standard	n/a	n/a	n/a	n/a	n/a
2525.738	0	1262869	standard_tone	sapo_emerge	standard	n/a	n/a	n/a	n/a	n/a
2526.736	0	1263368	standard_tone	sapo_emerge	standard	n/a	n/a	n/a	n/a	n/a
2527.752	0	1263876	standard_tone	sapo_emerge	standard	n/a	n/a	n/a	n/a	n/a
2528.768	0	1264384	standard_tone	sapo_emerge	standard	n/a	n/a	n/a	n/a	n/a
2529.784	0	1264892	distractor_noise	sapo_emerge	distractor	n/a	n/a	n/a	n/a	n/a
2530.800	0	1265400	standard_tone	sapo_emerge	standard	n/a	n/a	n/a	n/a	n/a
2531.816	0	1265908	standard_tone	sapo_emerge	standard	n/a	n/a	n/a	n/a	n/a
2532.832	0	1266416	standard_tone	sapo_emerge	standard	n/a	n/a	n/a	n/a	n/a
2533.848	0	1266924	standard_tone	sapo_emerge	standard	n/a	n/a	n/a	n/a	n/a
2534.864	0	1267432	oddball_tone	sapo_emerge	oddball	n/a	n/a	n/a	n/a	n/a
2535.862	0	1267931	standard_tone	sapo_emerge	standard	n/a	n/a	n/a	n/a	n/a
2536.878	0	1268439	standard_tone	sapo_emerge	standard	n/a	n/a	n/a	n/a	n/a
2537.894	0	1268947	oddball_tone	sapo_emerge	oddball	n/a	n/a	n/a	n/a	n/a
2538.910	0	1269455	standard_tone	sapo_emerge	standard	n/a	n/a	n/a	n/a	n/a
2539.926	0	1269963	standard_tone	sapo_emerge	standard	n/a	n/a	n/a	n/a	n/a
2540.942	0	1270471	distractor_noise	sapo_emerge	distractor	n/a	n/a	n/a	n/a	n/a
2541.958	0	1270979	standard_tone	sapo_emerge	standard	n/a	n/a	n/a	n/a	n/a
2542.974	0	1271487	standard_tone	sapo_emerge	standard	n/a	n/a	n/a	n/a	n/a
2543.990	0	1271995	standard_tone	sapo_emerge	standard	n/a	n/a	n/a	n/a	n/a
2545.004	0	1272502	standard_tone	sapo_emerge	standard	n/a	n/a	n/a	n/a	n/a
2546.020	0	1273010	standard_tone	sapo_emerge	standard	n/a	n/a	n/a	n/a	n/a
2547.036	0	1273518	standard_tone	sapo_emerge	standard	n/a	n/a	n/a	n/a	n/a
2548.054	0	1274027	oddball_tone	sapo_emerge	oddball	n/a	n/a	n/a	n/a	n/a
2549.068	0	1274534	standard_tone	sapo_emerge	standard	n/a	n/a	n/a	n/a	n/a
2550.084	0	1275042	standard_tone	sapo_emerge	standard	n/a	n/a	n/a	n/a	n/a
2551.100	0	1275550	standard_tone	sapo_emerge	standard	n/a	n/a	n/a	n/a	n/a
2552.116	0	1276058	standard_tone	sapo_emerge	standard	n/a	n/a	n/a	n/a	n/a
2553.116	0	1276558	standard_tone	sapo_emerge	standard	n/a	n/a	n/a	n/a	n/a
2554.130	0	1277065	standard_tone	sapo_emerge	standard	n/a	n/a	n/a	n/a	n/a
2555.146	0	1277573	standard_tone	sapo_emerge	standard	n/a	n/a	n/a	n/a	n/a
2556.162	0	1278081	standard_tone	sapo_emerge	standard	n/a	n/a	n/a	n/a	n/a
2557.180	0	1278590	standard_tone	sapo_emerge	standard	n/a	n/a	n/a	n/a	n/a
2558.194	0	1279097	standard_tone	sapo_emerge	standard	n/a	n/a	n/a	n/a	n/a
2559.212	0	1279606	standard_tone	sapo_emerge	standard	n/a	n/a	n/a	n/a	n/a
2560.226	0	1280113	standard_tone	sapo_emerge	standard	n/a	n/a	n/a	n/a	n/a
2561.226	0	1280613	oddball_tone	sapo_emerge	oddball	n/a	n/a	n/a	n/a	n/a
2562.240	0	1281120	standard_tone	sapo_emerge	standard	n/a	n/a	n/a	n/a	n/a
2563.256	0	1281628	standard_tone	sapo_emerge	standard	n/a	n/a	n/a	n/a	n/a
2564.272	0	1282136	standard_tone	sapo_emerge	standard	n/a	n/a	n/a	n/a	n/a
2565.288	0	1282644	oddball_tone	sapo_emerge	oddball	n/a	n/a	n/a	n/a	n/a
2566.304	0	1283152	distractor_noise	sapo_emerge	distractor	n/a	n/a	n/a	n/a	n/a
2567.320	0	1283660	standard_tone	sapo_emerge	standard	n/a	n/a	n/a	n/a	n/a
2568.336	0	1284168	oddball_tone	sapo_emerge	oddball	n/a	n/a	n/a	n/a	n/a
2569.352	0	1284676	standard_tone	sapo_emerge	standard	n/a	n/a	n/a	n/a	n/a
2570.368	0	1285184	standard_tone	sapo_emerge	standard	n/a	n/a	n/a	n/a	n/a
2571.384	0	1285692	standard_tone	sapo_emerge	standard	n/a	n/a	n/a	n/a	n/a
2572.400	0	1286200	standard_tone	sapo_emerge	standard	n/a	n/a	n/a	n/a	n/a
2573.414	0	1286707	standard_tone	sapo_emerge	standard	n/a	n/a	n/a	n/a	n/a
2574.430	0	1287215	standard_tone	sapo_emerge	standard	n/a	n/a	n/a	n/a	n/a
2575.446	0	1287723	oddball_tone	sapo_emerge	oddball	n/a	n/a	n/a	n/a	n/a
2576.462	0	1288231	standard_tone	sapo_emerge	standard	n/a	n/a	n/a	n/a	n/a
2577.478	0	1288739	standard_tone	sapo_emerge	standard	n/a	n/a	n/a	n/a	n/a
2578.494	0	1289247	standard_tone	sapo_emerge	standard	n/a	n/a	n/a	n/a	n/a
2579.510	0	1289755	standard_tone	sapo_emerge	standard	n/a	n/a	n/a	n/a	n/a
2580.526	0	1290263	standard_tone	sapo_emerge	standard	n/a	n/a	n/a	n/a	n/a
2581.542	0	1290771	standard_tone	sapo_emerge	standard	n/a	n/a	n/a	n/a	n/a
2582.558	0	1291279	standard_tone	sapo_emerge	standard	n/a	n/a	n/a	n/a	n/a
2583.574	0	1291787	oddball_tone	sapo_emerge	oddball	n/a	n/a	n/a	n/a	n/a
2584.588	0	1292294	standard_tone	sapo_emerge	standard	n/a	n/a	n/a	n/a	n/a
2585.604	0	1292802	standard_tone	sapo_emerge	standard	n/a	n/a	n/a	n/a	n/a
2586.620	0	1293310	standard_tone	sapo_emerge	standard	n/a	n/a	n/a	n/a	n/a
2587.636	0	1293818	standard_tone	sapo_emerge	standard	n/a	n/a	n/a	n/a	n/a
2588.652	0	1294326	standard_tone	sapo_emerge	standard	n/a	n/a	n/a	n/a	n/a
2589.668	0	1294834	distractor_noise	sapo_emerge	distractor	n/a	n/a	n/a	n/a	n/a
2590.668	0	1295334	standard_tone	sapo_emerge	standard	n/a	n/a	n/a	n/a	n/a
2591.684	0	1295842	standard_tone	sapo_emerge	standard	n/a	n/a	n/a	n/a	n/a
2592.698	0	1296349	standard_tone	sapo_emerge	standard	n/a	n/a	n/a	n/a	n/a
2593.714	0	1296857	standard_tone	sapo_emerge	standard	n/a	n/a	n/a	n/a	n/a
2594.732	0	1297366	oddball_tone	sapo_emerge	oddball	n/a	n/a	n/a	n/a	n/a
2595.746	0	1297873	standard_tone	sapo_emerge	standard	n/a	n/a	n/a	n/a	n/a
2596.762	0	1298381	standard_tone	sapo_emerge	standard	n/a	n/a	n/a	n/a	n/a
2597.778	0	1298889	standard_tone	sapo_emerge	standard	n/a	n/a	n/a	n/a	n/a
2598.794	0	1299397	standard_tone	sapo_emerge	standard	n/a	n/a	n/a	n/a	n/a
2599.810	0	1299905	standard_tone	sapo_emerge	standard	n/a	n/a	n/a	n/a	n/a
2600.826	0	1300413	oddball_tone	sapo_emerge	oddball	n/a	n/a	n/a	n/a	n/a
2601.842	0	1300921	standard_tone	sapo_emerge	standard	n/a	n/a	n/a	n/a	n/a
2602.858	0	1301429	oddball_tone	sapo_emerge	oddball	n/a	n/a	n/a	n/a	n/a
2603.872	0	1301936	standard_tone	sapo_emerge	standard	n/a	n/a	n/a	n/a	n/a
2604.888	0	1302444	standard_tone	sapo_emerge	standard	n/a	n/a	n/a	n/a	n/a
2605.904	0	1302952	standard_tone	sapo_emerge	standard	n/a	n/a	n/a	n/a	n/a
2606.920	0	1303460	standard_tone	sapo_emerge	standard	n/a	n/a	n/a	n/a	n/a
2607.936	0	1303968	standard_tone	sapo_emerge	standard	n/a	n/a	n/a	n/a	n/a
2608.952	0	1304476	standard_tone	sapo_emerge	standard	n/a	n/a	n/a	n/a	n/a
2609.968	0	1304984	standard_tone	sapo_emerge	standard	n/a	n/a	n/a	n/a	n/a
2610.984	0	1305492	standard_tone	sapo_emerge	standard	n/a	n/a	n/a	n/a	n/a
2612.000	0	1306000	oddball_tone	sapo_emerge	oddball	n/a	n/a	n/a	n/a	n/a
2613.016	0	1306508	standard_tone	sapo_emerge	standard	n/a	n/a	n/a	n/a	n/a
2614.032	0	1307016	standard_tone	sapo_emerge	standard	n/a	n/a	n/a	n/a	n/a
2615.048	0	1307524	standard_tone	sapo_emerge	standard	n/a	n/a	n/a	n/a	n/a
2616.062	0	1308031	standard_tone	sapo_emerge	standard	n/a	n/a	n/a	n/a	n/a
2617.078	0	1308539	standard_tone	sapo_emerge	standard	n/a	n/a	n/a	n/a	n/a
2618.094	0	1309047	standard_tone	sapo_emerge	standard	n/a	n/a	n/a	n/a	n/a
2619.110	0	1309555	standard_tone	sapo_emerge	standard	n/a	n/a	n/a	n/a	n/a
2620.126	0	1310063	standard_tone	sapo_emerge	standard	n/a	n/a	n/a	n/a	n/a
2620.660	0	1310330	silence_end	sapo_emerge	silence-end	n/a	n/a	n/a	n/a	n/a
2620.660	0	1310330	gong_begin	sapo_emerge	gong-begin	n/a	n/a	n/a	n/a	n/a
2621.150	0	1310575	standard_tone	sapo_emerge	standard	n/a	n/a	n/a	n/a	n/a
2622.166	0	1311083	oddball_tone	sapo_emerge	oddball	n/a	n/a	n/a	n/a	n/a
2623.180	0	1311590	standard_tone	sapo_emerge	standard	n/a	n/a	n/a	n/a	n/a
2624.190	0	1312095	distractor_noise	sapo_emerge	distractor	n/a	n/a	n/a	n/a	n/a
2625.188	0	1312594	standard_tone	sapo_emerge	standard	n/a	n/a	n/a	n/a	n/a
2626.204	0	1313102	standard_tone	sapo_emerge	standard	n/a	n/a	n/a	n/a	n/a
2627.204	0	1313602	standard_tone	sapo_emerge	standard	n/a	n/a	n/a	n/a	n/a
2628.220	0	1314110	oddball_tone	sapo_emerge	oddball	n/a	n/a	n/a	n/a	n/a
2629.236	0	1314618	standard_tone	sapo_emerge	standard	n/a	n/a	n/a	n/a	n/a
2630.252	0	1315126	standard_tone	sapo_emerge	standard	n/a	n/a	n/a	n/a	n/a
2630.684	0	1315342	gong_end	sapo_emerge	gong-end	n/a	n/a	n/a	n/a	n/a
2630.686	0	1315343	subblock_end	sapo_emerge	subblock-end-duration-118.136	n/a	n/a	n/a	118.136	n/a
2630.686	0	1315343	subblock_begin	sapo_emerge	subblock-begin	n/a	n/a	n/a	n/a	n/a
2630.686	0	1315343	silence_begin	sapo_emerge	silence-begin	n/a	n/a	n/a	n/a	n/a
2631.266	0	1315633	standard_tone	sapo_emerge	standard	n/a	n/a	n/a	n/a	n/a
2632.282	0	1316141	standard_tone	sapo_emerge	standard	n/a	n/a	n/a	n/a	n/a
2633.298	0	1316649	standard_tone	sapo_emerge	standard	n/a	n/a	n/a	n/a	n/a
2634.314	0	1317157	standard_tone	sapo_emerge	standard	n/a	n/a	n/a	n/a	n/a
2635.330	0	1317665	standard_tone	sapo_emerge	standard	n/a	n/a	n/a	n/a	n/a
2636.330	0	1318165	standard_tone	sapo_emerge	standard	n/a	n/a	n/a	n/a	n/a
2637.346	0	1318673	standard_tone	sapo_emerge	standard	n/a	n/a	n/a	n/a	n/a
2638.362	0	1319181	standard_tone	sapo_emerge	standard	n/a	n/a	n/a	n/a	n/a
2639.378	0	1319689	distractor_noise	sapo_emerge	distractor	n/a	n/a	n/a	n/a	n/a
2640.394	0	1320197	standard_tone	sapo_emerge	standard	n/a	n/a	n/a	n/a	n/a
2641.408	0	1320704	oddball_tone	sapo_emerge	oddball	n/a	n/a	n/a	n/a	n/a
2642.424	0	1321212	standard_tone	sapo_emerge	standard	n/a	n/a	n/a	n/a	n/a
2643.440	0	1321720	standard_tone	sapo_emerge	standard	n/a	n/a	n/a	n/a	n/a
2644.456	0	1322228	standard_tone	sapo_emerge	standard	n/a	n/a	n/a	n/a	n/a
2645.472	0	1322736	standard_tone	sapo_emerge	standard	n/a	n/a	n/a	n/a	n/a
2646.488	0	1323244	standard_tone	sapo_emerge	standard	n/a	n/a	n/a	n/a	n/a
2647.504	0	1323752	standard_tone	sapo_emerge	standard	n/a	n/a	n/a	n/a	n/a
2648.520	0	1324260	distractor_noise	sapo_emerge	distractor	n/a	n/a	n/a	n/a	n/a
2649.534	0	1324767	standard_tone	sapo_emerge	standard	n/a	n/a	n/a	n/a	n/a
2650.550	0	1325275	distractor_noise	sapo_emerge	distractor	n/a	n/a	n/a	n/a	n/a
2651.566	0	1325783	standard_tone	sapo_emerge	standard	n/a	n/a	n/a	n/a	n/a
2652.566	0	1326283	standard_tone	sapo_emerge	standard	n/a	n/a	n/a	n/a	n/a
2653.582	0	1326791	distractor_noise	sapo_emerge	distractor	n/a	n/a	n/a	n/a	n/a
2654.598	0	1327299	standard_tone	sapo_emerge	standard	n/a	n/a	n/a	n/a	n/a
2655.614	0	1327807	standard_tone	sapo_emerge	standard	n/a	n/a	n/a	n/a	n/a
2656.630	0	1328315	standard_tone	sapo_emerge	standard	n/a	n/a	n/a	n/a	n/a
2657.646	0	1328823	standard_tone	sapo_emerge	standard	n/a	n/a	n/a	n/a	n/a
2658.660	0	1329330	standard_tone	sapo_emerge	standard	n/a	n/a	n/a	n/a	n/a
2659.676	0	1329838	standard_tone	sapo_emerge	standard	n/a	n/a	n/a	n/a	n/a
2660.694	0	1330347	standard_tone	sapo_emerge	standard	n/a	n/a	n/a	n/a	n/a
2661.708	0	1330854	distractor_noise	sapo_emerge	distractor	n/a	n/a	n/a	n/a	n/a
2662.724	0	1331362	standard_tone	sapo_emerge	standard	n/a	n/a	n/a	n/a	n/a
2663.740	0	1331870	standard_tone	sapo_emerge	standard	n/a	n/a	n/a	n/a	n/a
2664.756	0	1332378	standard_tone	sapo_emerge	standard	n/a	n/a	n/a	n/a	n/a
2665.772	0	1332886	standard_tone	sapo_emerge	standard	n/a	n/a	n/a	n/a	n/a
2666.788	0	1333394	standard_tone	sapo_emerge	standard	n/a	n/a	n/a	n/a	n/a
2667.804	0	1333902	oddball_tone	sapo_emerge	oddball	n/a	n/a	n/a	n/a	n/a
2668.820	0	1334410	standard_tone	sapo_emerge	standard	n/a	n/a	n/a	n/a	n/a
2669.836	0	1334918	standard_tone	sapo_emerge	standard	n/a	n/a	n/a	n/a	n/a
2670.852	0	1335426	standard_tone	sapo_emerge	standard	n/a	n/a	n/a	n/a	n/a
2671.852	0	1335926	standard_tone	sapo_emerge	standard	n/a	n/a	n/a	n/a	n/a
2672.866	0	1336433	distractor_noise	sapo_emerge	distractor	n/a	n/a	n/a	n/a	n/a
2673.882	0	1336941	standard_tone	sapo_emerge	standard	n/a	n/a	n/a	n/a	n/a
2674.898	0	1337449	standard_tone	sapo_emerge	standard	n/a	n/a	n/a	n/a	n/a
2675.914	0	1337957	standard_tone	sapo_emerge	standard	n/a	n/a	n/a	n/a	n/a
2675.964	0	1337982	clicker_press	sapo_emerge	response-received-page_up	n/a	n/a	n/a	n/a	page_up
2675.980	0	1337990	report_window_begin	sapo_emerge	emerge-sapo-emerge-begin	n/a	n/a	n/a	n/a	n/a
2680.010	0	1340005	depth_rating	sapo_emerge	rating-sapo-emerge-meditation_depth-1	1	n/a	n/a	n/a	n/a
2686.772	0	1343386	clicker_press	sapo_emerge	response-received-page_up	n/a	n/a	n/a	n/a	page_up
2687.570	0	1343785	clicker_press	sapo_emerge	response-received-page_up	n/a	n/a	n/a	n/a	page_up
2688.404	0	1344202	clicker_press	sapo_emerge	response-received-page_up	n/a	n/a	n/a	n/a	page_up
2689.536	0	1344768	clicker_press	sapo_emerge	response-received-page_up	n/a	n/a	n/a	n/a	page_up
2690.136	0	1345068	confidence_rating	sapo_emerge	rating-sapo-emerge-confidence_depth-4	n/a	4	n/a	n/a	n/a
2693.650	0	1346825	report_window_end	sapo_emerge	emerge-sapo-emerge-end	n/a	n/a	n/a	n/a	n/a
2693.650	0	1346825	subblock_begin	sapo_emerge	subblock-begin	n/a	n/a	n/a	n/a	n/a
2693.650	0	1346825	silence_begin	sapo_emerge	silence-begin	n/a	n/a	n/a	n/a	n/a
2693.666	0	1346833	standard_tone	sapo_emerge	standard	n/a	n/a	n/a	n/a	n/a
2694.680	0	1347340	standard_tone	sapo_emerge	standard	n/a	n/a	n/a	n/a	n/a
2695.696	0	1347848	distractor_noise	sapo_emerge	distractor	n/a	n/a	n/a	n/a	n/a
2696.712	0	1348356	standard_tone	sapo_emerge	standard	n/a	n/a	n/a	n/a	n/a
2697.728	0	1348864	standard_tone	sapo_emerge	standard	n/a	n/a	n/a	n/a	n/a
2698.744	0	1349372	standard_tone	sapo_emerge	standard	n/a	n/a	n/a	n/a	n/a
2699.760	0	1349880	standard_tone	sapo_emerge	standard	n/a	n/a	n/a	n/a	n/a
2700.776	0	1350388	standard_tone	sapo_emerge	standard	n/a	n/a	n/a	n/a	n/a
2701.792	0	1350896	oddball_tone	sapo_emerge	oddball	n/a	n/a	n/a	n/a	n/a
2702.808	0	1351404	standard_tone	sapo_emerge	standard	n/a	n/a	n/a	n/a	n/a
2703.824	0	1351912	standard_tone	sapo_emerge	standard	n/a	n/a	n/a	n/a	n/a
2704.840	0	1352420	standard_tone	sapo_emerge	standard	n/a	n/a	n/a	n/a	n/a
2705.840	0	1352920	standard_tone	sapo_emerge	standard	n/a	n/a	n/a	n/a	n/a
2706.854	0	1353427	distractor_noise	sapo_emerge	distractor	n/a	n/a	n/a	n/a	n/a
2707.870	0	1353935	standard_tone	sapo_emerge	standard	n/a	n/a	n/a	n/a	n/a
2708.886	0	1354443	standard_tone	sapo_emerge	standard	n/a	n/a	n/a	n/a	n/a
2709.902	0	1354951	distractor_noise	sapo_emerge	distractor	n/a	n/a	n/a	n/a	n/a
2710.918	0	1355459	standard_tone	sapo_emerge	standard	n/a	n/a	n/a	n/a	n/a
2711.934	0	1355967	standard_tone	sapo_emerge	standard	n/a	n/a	n/a	n/a	n/a
2712.950	0	1356475	distractor_noise	sapo_emerge	distractor	n/a	n/a	n/a	n/a	n/a
2713.964	0	1356982	oddball_tone	sapo_emerge	oddball	n/a	n/a	n/a	n/a	n/a
2714.980	0	1357490	standard_tone	sapo_emerge	standard	n/a	n/a	n/a	n/a	n/a
2715.996	0	1357998	standard_tone	sapo_emerge	standard	n/a	n/a	n/a	n/a	n/a
2717.012	0	1358506	standard_tone	sapo_emerge	standard	n/a	n/a	n/a	n/a	n/a
2718.028	0	1359014	distractor_noise	sapo_emerge	distractor	n/a	n/a	n/a	n/a	n/a
2719.044	0	1359522	standard_tone	sapo_emerge	standard	n/a	n/a	n/a	n/a	n/a
2720.060	0	1360030	standard_tone	sapo_emerge	standard	n/a	n/a	n/a	n/a	n/a
2721.076	0	1360538	standard_tone	sapo_emerge	standard	n/a	n/a	n/a	n/a	n/a
2722.092	0	1361046	standard_tone	sapo_emerge	standard	n/a	n/a	n/a	n/a	n/a
2723.108	0	1361554	standard_tone	sapo_emerge	standard	n/a	n/a	n/a	n/a	n/a
2724.122	0	1362061	distractor_noise	sapo_emerge	distractor	n/a	n/a	n/a	n/a	n/a
2725.140	0	1362570	oddball_tone	sapo_emerge	oddball	n/a	n/a	n/a	n/a	n/a
2726.156	0	1363078	standard_tone	sapo_emerge	standard	n/a	n/a	n/a	n/a	n/a
2727.156	0	1363578	standard_tone	sapo_emerge	standard	n/a	n/a	n/a	n/a	n/a
2728.170	0	1364085	standard_tone	sapo_emerge	standard	n/a	n/a	n/a	n/a	n/a
2729.186	0	1364593	standard_tone	sapo_emerge	standard	n/a	n/a	n/a	n/a	n/a
2730.202	0	1365101	standard_tone	sapo_emerge	standard	n/a	n/a	n/a	n/a	n/a
2731.218	0	1365609	standard_tone	sapo_emerge	standard	n/a	n/a	n/a	n/a	n/a
2732.234	0	1366117	standard_tone	sapo_emerge	standard	n/a	n/a	n/a	n/a	n/a
2733.250	0	1366625	standard_tone	sapo_emerge	standard	n/a	n/a	n/a	n/a	n/a
2734.248	0	1367124	standard_tone	sapo_emerge	standard	n/a	n/a	n/a	n/a	n/a
2735.264	0	1367632	oddball_tone	sapo_emerge	oddball	n/a	n/a	n/a	n/a	n/a
2736.280	0	1368140	standard_tone	sapo_emerge	standard	n/a	n/a	n/a	n/a	n/a
2737.296	0	1368648	standard_tone	sapo_emerge	standard	n/a	n/a	n/a	n/a	n/a
2738.312	0	1369156	standard_tone	sapo_emerge	standard	n/a	n/a	n/a	n/a	n/a
2739.328	0	1369664	standard_tone	sapo_emerge	standard	n/a	n/a	n/a	n/a	n/a
2740.344	0	1370172	standard_tone	sapo_emerge	standard	n/a	n/a	n/a	n/a	n/a
2741.358	0	1370679	standard_tone	sapo_emerge	standard	n/a	n/a	n/a	n/a	n/a
2742.374	0	1371187	oddball_tone	sapo_emerge	oddball	n/a	n/a	n/a	n/a	n/a
2743.374	0	1371687	standard_tone	sapo_emerge	standard	n/a	n/a	n/a	n/a	n/a
2744.390	0	1372195	standard_tone	sapo_emerge	standard	n/a	n/a	n/a	n/a	n/a
2745.406	0	1372703	standard_tone	sapo_emerge	standard	n/a	n/a	n/a	n/a	n/a
2746.422	0	1373211	standard_tone	sapo_emerge	standard	n/a	n/a	n/a	n/a	n/a
2747.438	0	1373719	standard_tone	sapo_emerge	standard	n/a	n/a	n/a	n/a	n/a
2748.436	0	1374218	distractor_noise	sapo_emerge	distractor	n/a	n/a	n/a	n/a	n/a
2749.452	0	1374726	standard_tone	sapo_emerge	standard	n/a	n/a	n/a	n/a	n/a
2750.468	0	1375234	standard_tone	sapo_emerge	standard	n/a	n/a	n/a	n/a	n/a
2751.484	0	1375742	standard_tone	sapo_emerge	standard	n/a	n/a	n/a	n/a	n/a
2752.500	0	1376250	standard_tone	sapo_emerge	standard	n/a	n/a	n/a	n/a	n/a
2753.516	0	1376758	standard_tone	sapo_emerge	standard	n/a	n/a	n/a	n/a	n/a
2754.532	0	1377266	standard_tone	sapo_emerge	standard	n/a	n/a	n/a	n/a	n/a
2755.548	0	1377774	oddball_tone	sapo_emerge	oddball	n/a	n/a	n/a	n/a	n/a
2756.562	0	1378281	standard_tone	sapo_emerge	standard	n/a	n/a	n/a	n/a	n/a
2757.578	0	1378789	standard_tone	sapo_emerge	standard	n/a	n/a	n/a	n/a	n/a
2758.594	0	1379297	oddball_tone	sapo_emerge	oddball	n/a	n/a	n/a	n/a	n/a
2759.610	0	1379805	standard_tone	sapo_emerge	standard	n/a	n/a	n/a	n/a	n/a
2760.626	0	1380313	distractor_noise	sapo_emerge	distractor	n/a	n/a	n/a	n/a	n/a
2761.642	0	1380821	standard_tone	sapo_emerge	standard	n/a	n/a	n/a	n/a	n/a
2762.658	0	1381329	oddball_tone	sapo_emerge	oddball	n/a	n/a	n/a	n/a	n/a
2763.674	0	1381837	standard_tone	sapo_emerge	standard	n/a	n/a	n/a	n/a	n/a
2764.690	0	1382345	standard_tone	sapo_emerge	standard	n/a	n/a	n/a	n/a	n/a
2765.706	0	1382853	standard_tone	sapo_emerge	standard	n/a	n/a	n/a	n/a	n/a
2766.722	0	1383361	standard_tone	sapo_emerge	standard	n/a	n/a	n/a	n/a	n/a
2767.738	0	1383869	standard_tone	sapo_emerge	standard	n/a	n/a	n/a	n/a	n/a
2768.752	0	1384376	standard_tone	sapo_emerge	standard	n/a	n/a	n/a	n/a	n/a
2769.768	0	1384884	standard_tone	sapo_emerge	standard	n/a	n/a	n/a	n/a	n/a
2770.784	0	1385392	standard_tone	sapo_emerge	standard	n/a	n/a	n/a	n/a	n/a
2771.800	0	1385900	standard_tone	sapo_emerge	standard	n/a	n/a	n/a	n/a	n/a
2772.816	0	1386408	standard_tone	sapo_emerge	standard	n/a	n/a	n/a	n/a	n/a
2773.832	0	1386916	standard_tone	sapo_emerge	standard	n/a	n/a	n/a	n/a	n/a
2774.848	0	1387424	standard_tone	sapo_emerge	standard	n/a	n/a	n/a	n/a	n/a
2775.864	0	1387932	standard_tone	sapo_emerge	standard	n/a	n/a	n/a	n/a	n/a
2776.880	0	1388440	standard_tone	sapo_emerge	standard	n/a	n/a	n/a	n/a	n/a
2777.896	0	1388948	standard_tone	sapo_emerge	standard	n/a	n/a	n/a	n/a	n/a
2778.912	0	1389456	standard_tone	sapo_emerge	standard	n/a	n/a	n/a	n/a	n/a
2779.926	0	1389963	standard_tone	sapo_emerge	standard	n/a	n/a	n/a	n/a	n/a
2780.942	0	1390471	standard_tone	sapo_emerge	standard	n/a	n/a	n/a	n/a	n/a
2781.958	0	1390979	oddball_tone	sapo_emerge	oddball	n/a	n/a	n/a	n/a	n/a
2782.974	0	1391487	standard_tone	sapo_emerge	standard	n/a	n/a	n/a	n/a	n/a
2783.990	0	1391995	standard_tone	sapo_emerge	standard	n/a	n/a	n/a	n/a	n/a
2785.006	0	1392503	standard_tone	sapo_emerge	standard	n/a	n/a	n/a	n/a	n/a
2786.022	0	1393011	standard_tone	sapo_emerge	standard	n/a	n/a	n/a	n/a	n/a
2787.022	0	1393511	standard_tone	sapo_emerge	standard	n/a	n/a	n/a	n/a	n/a
2788.036	0	1394018	oddball_tone	sapo_emerge	oddball	n/a	n/a	n/a	n/a	n/a
2789.052	0	1394526	standard_tone	sapo_emerge	standard	n/a	n/a	n/a	n/a	n/a
2790.068	0	1395034	oddball_tone	sapo_emerge	oddball	n/a	n/a	n/a	n/a	n/a
2791.084	0	1395542	standard_tone	sapo_emerge	standard	n/a	n/a	n/a	n/a	n/a
2792.100	0	1396050	standard_tone	sapo_emerge	standard	n/a	n/a	n/a	n/a	n/a
2793.116	0	1396558	standard_tone	sapo_emerge	standard	n/a	n/a	n/a	n/a	n/a
2794.132	0	1397066	standard_tone	sapo_emerge	standard	n/a	n/a	n/a	n/a	n/a
2795.148	0	1397574	standard_tone	sapo_emerge	standard	n/a	n/a	n/a	n/a	n/a
2796.164	0	1398082	standard_tone	sapo_emerge	standard	n/a	n/a	n/a	n/a	n/a
2797.180	0	1398590	standard_tone	sapo_emerge	standard	n/a	n/a	n/a	n/a	n/a
2798.196	0	1399098	standard_tone	sapo_emerge	standard	n/a	n/a	n/a	n/a	n/a
2798.446	0	1399223	silence_end	sapo_emerge	silence-end	n/a	n/a	n/a	n/a	n/a
2798.462	0	1399231	gong_begin	sapo_emerge	gong-begin	n/a	n/a	n/a	n/a	n/a
2799.212	0	1399606	standard_tone	sapo_emerge	standard	n/a	n/a	n/a	n/a	n/a
2800.212	0	1400106	standard_tone	sapo_emerge	standard	n/a	n/a	n/a	n/a	n/a
2801.226	0	1400613	standard_tone	sapo_emerge	standard	n/a	n/a	n/a	n/a	n/a
2802.242	0	1401121	standard_tone	sapo_emerge	standard	n/a	n/a	n/a	n/a	n/a
2803.258	0	1401629	distractor_noise	sapo_emerge	distractor	n/a	n/a	n/a	n/a	n/a
2804.274	0	1402137	standard_tone	sapo_emerge	standard	n/a	n/a	n/a	n/a	n/a
2805.290	0	1402645	standard_tone	sapo_emerge	standard	n/a	n/a	n/a	n/a	n/a
2806.304	0	1403152	standard_tone	sapo_emerge	standard	n/a	n/a	n/a	n/a	n/a
2807.322	0	1403661	distractor_noise	sapo_emerge	distractor	n/a	n/a	n/a	n/a	n/a
2808.336	0	1404168	standard_tone	sapo_emerge	standard	n/a	n/a	n/a	n/a	n/a
2808.454	0	1404227	gong_end	sapo_emerge	gong-end	n/a	n/a	n/a	n/a	n/a
2808.454	0	1404227	subblock_end	sapo_emerge	subblock-end-duration-114.804	n/a	n/a	n/a	114.804	n/a
2808.454	0	1404227	subblock_begin	sapo_emerge	subblock-begin	n/a	n/a	n/a	n/a	n/a
2808.456	0	1404228	silence_begin	sapo_emerge	silence-begin	n/a	n/a	n/a	n/a	n/a
2809.352	0	1404676	standard_tone	sapo_emerge	standard	n/a	n/a	n/a	n/a	n/a
2810.368	0	1405184	standard_tone	sapo_emerge	standard	n/a	n/a	n/a	n/a	n/a
2811.384	0	1405692	standard_tone	sapo_emerge	standard	n/a	n/a	n/a	n/a	n/a
2812.400	0	1406200	standard_tone	sapo_emerge	standard	n/a	n/a	n/a	n/a	n/a
2813.416	0	1406708	standard_tone	sapo_emerge	standard	n/a	n/a	n/a	n/a	n/a
2814.432	0	1407216	standard_tone	sapo_emerge	standard	n/a	n/a	n/a	n/a	n/a
2815.448	0	1407724	distractor_noise	sapo_emerge	distractor	n/a	n/a	n/a	n/a	n/a
2816.464	0	1408232	oddball_tone	sapo_emerge	oddball	n/a	n/a	n/a	n/a	n/a
2817.480	0	1408740	standard_tone	sapo_emerge	standard	n/a	n/a	n/a	n/a	n/a
2818.496	0	1409248	standard_tone	sapo_emerge	standard	n/a	n/a	n/a	n/a	n/a
2819.510	0	1409755	standard_tone	sapo_emerge	standard	n/a	n/a	n/a	n/a	n/a
2820.528	0	1410264	standard_tone	sapo_emerge	standard	n/a	n/a	n/a	n/a	n/a
2821.542	0	1410771	standard_tone	sapo_emerge	standard	n/a	n/a	n/a	n/a	n/a
2822.558	0	1411279	oddball_tone	sapo_emerge	oddball	n/a	n/a	n/a	n/a	n/a
2823.574	0	1411787	standard_tone	sapo_emerge	standard	n/a	n/a	n/a	n/a	n/a
2824.590	0	1412295	standard_tone	sapo_emerge	standard	n/a	n/a	n/a	n/a	n/a
2825.606	0	1412803	standard_tone	sapo_emerge	standard	n/a	n/a	n/a	n/a	n/a
2826.622	0	1413311	standard_tone	sapo_emerge	standard	n/a	n/a	n/a	n/a	n/a
2827.638	0	1413819	standard_tone	sapo_emerge	standard	n/a	n/a	n/a	n/a	n/a
2828.654	0	1414327	distractor_noise	sapo_emerge	distractor	n/a	n/a	n/a	n/a	n/a
2829.668	0	1414834	oddball_tone	sapo_emerge	oddball	n/a	n/a	n/a	n/a	n/a
2830.686	0	1415343	standard_tone	sapo_emerge	standard	n/a	n/a	n/a	n/a	n/a
2831.700	0	1415850	standard_tone	sapo_emerge	standard	n/a	n/a	n/a	n/a	n/a
2832.700	0	1416350	oddball_tone	sapo_emerge	oddball	n/a	n/a	n/a	n/a	n/a
2833.716	0	1416858	standard_tone	sapo_emerge	standard	n/a	n/a	n/a	n/a	n/a
2834.714	0	1417357	standard_tone	sapo_emerge	standard	n/a	n/a	n/a	n/a	n/a
2835.730	0	1417865	standard_tone	sapo_emerge	standard	n/a	n/a	n/a	n/a	n/a
2836.746	0	1418373	standard_tone	sapo_emerge	standard	n/a	n/a	n/a	n/a	n/a
2837.762	0	1418881	standard_tone	sapo_emerge	standard	n/a	n/a	n/a	n/a	n/a
2838.778	0	1419389	standard_tone	sapo_emerge	standard	n/a	n/a	n/a	n/a	n/a
2839.778	0	1419889	standard_tone	sapo_emerge	standard	n/a	n/a	n/a	n/a	n/a
2840.794	0	1420397	standard_tone	sapo_emerge	standard	n/a	n/a	n/a	n/a	n/a
2841.810	0	1420905	standard_tone	sapo_emerge	standard	n/a	n/a	n/a	n/a	n/a
2842.824	0	1421412	distractor_noise	sapo_emerge	distractor	n/a	n/a	n/a	n/a	n/a
2843.840	0	1421920	standard_tone	sapo_emerge	standard	n/a	n/a	n/a	n/a	n/a
2844.856	0	1422428	standard_tone	sapo_emerge	standard	n/a	n/a	n/a	n/a	n/a
2845.872	0	1422936	standard_tone	sapo_emerge	standard	n/a	n/a	n/a	n/a	n/a
2846.888	0	1423444	standard_tone	sapo_emerge	standard	n/a	n/a	n/a	n/a	n/a
2847.904	0	1423952	standard_tone	sapo_emerge	standard	n/a	n/a	n/a	n/a	n/a
2848.920	0	1424460	standard_tone	sapo_emerge	standard	n/a	n/a	n/a	n/a	n/a
2849.936	0	1424968	standard_tone	sapo_emerge	standard	n/a	n/a	n/a	n/a	n/a
2850.952	0	1425476	standard_tone	sapo_emerge	standard	n/a	n/a	n/a	n/a	n/a
2851.968	0	1425984	distractor_noise	sapo_emerge	distractor	n/a	n/a	n/a	n/a	n/a
2852.982	0	1426491	standard_tone	sapo_emerge	standard	n/a	n/a	n/a	n/a	n/a
2853.998	0	1426999	standard_tone	sapo_emerge	standard	n/a	n/a	n/a	n/a	n/a
2854.998	0	1427499	standard_tone	sapo_emerge	standard	n/a	n/a	n/a	n/a	n/a
2856.014	0	1428007	standard_tone	sapo_emerge	standard	n/a	n/a	n/a	n/a	n/a
2857.030	0	1428515	standard_tone	sapo_emerge	standard	n/a	n/a	n/a	n/a	n/a
2858.046	0	1429023	oddball_tone	sapo_emerge	oddball	n/a	n/a	n/a	n/a	n/a
2859.062	0	1429531	standard_tone	sapo_emerge	standard	n/a	n/a	n/a	n/a	n/a
2860.060	0	1430030	standard_tone	sapo_emerge	standard	n/a	n/a	n/a	n/a	n/a
2861.076	0	1430538	standard_tone	sapo_emerge	standard	n/a	n/a	n/a	n/a	n/a
2862.092	0	1431046	oddball_tone	sapo_emerge	oddball	n/a	n/a	n/a	n/a	n/a
2863.092	0	1431546	standard_tone	sapo_emerge	standard	n/a	n/a	n/a	n/a	n/a
2864.108	0	1432054	distractor_noise	sapo_emerge	distractor	n/a	n/a	n/a	n/a	n/a
2865.122	0	1432561	standard_tone	sapo_emerge	standard	n/a	n/a	n/a	n/a	n/a
2866.122	0	1433061	oddball_tone	sapo_emerge	oddball	n/a	n/a	n/a	n/a	n/a
2867.138	0	1433569	standard_tone	sapo_emerge	standard	n/a	n/a	n/a	n/a	n/a
2868.154	0	1434077	standard_tone	sapo_emerge	standard	n/a	n/a	n/a	n/a	n/a
2869.170	0	1434585	standard_tone	sapo_emerge	standard	n/a	n/a	n/a	n/a	n/a
2870.186	0	1435093	standard_tone	sapo_emerge	standard	n/a	n/a	n/a	n/a	n/a
2871.184	0	1435592	oddball_tone	sapo_emerge	oddball	n/a	n/a	n/a	n/a	n/a
2872.202	0	1436101	standard_tone	sapo_emerge	standard	n/a	n/a	n/a	n/a	n/a
2873.216	0	1436608	oddball_tone	sapo_emerge	oddball	n/a	n/a	n/a	n/a	n/a
2874.232	0	1437116	standard_tone	sapo_emerge	standard	n/a	n/a	n/a	n/a	n/a
2875.248	0	1437624	standard_tone	sapo_emerge	standard	n/a	n/a	n/a	n/a	n/a
2876.264	0	1438132	distractor_noise	sapo_emerge	distractor	n/a	n/a	n/a	n/a	n/a
2877.280	0	1438640	standard_tone	sapo_emerge	standard	n/a	n/a	n/a	n/a	n/a
2878.278	0	1439139	standard_tone	sapo_emerge	standard	n/a	n/a	n/a	n/a	n/a
2879.294	0	1439647	standard_tone	sapo_emerge	standard	n/a	n/a	n/a	n/a	n/a
2880.310	0	1440155	standard_tone	sapo_emerge	standard	n/a	n/a	n/a	n/a	n/a
2881.326	0	1440663	standard_tone	sapo_emerge	standard	n/a	n/a	n/a	n/a	n/a
2882.342	0	1441171	standard_tone	sapo_emerge	standard	n/a	n/a	n/a	n/a	n/a
2883.358	0	1441679	standard_tone	sapo_emerge	standard	n/a	n/a	n/a	n/a	n/a
2884.372	0	1442186	standard_tone	sapo_emerge	standard	n/a	n/a	n/a	n/a	n/a
2885.372	0	1442686	standard_tone	sapo_emerge	standard	n/a	n/a	n/a	n/a	n/a
2886.388	0	1443194	standard_tone	sapo_emerge	standard	n/a	n/a	n/a	n/a	n/a
2887.404	0	1443702	standard_tone	sapo_emerge	standard	n/a	n/a	n/a	n/a	n/a
2888.420	0	1444210	distractor_noise	sapo_emerge	distractor	n/a	n/a	n/a	n/a	n/a
2889.436	0	1444718	standard_tone	sapo_emerge	standard	n/a	n/a	n/a	n/a	n/a
2890.452	0	1445226	standard_tone	sapo_emerge	standard	n/a	n/a	n/a	n/a	n/a
2891.468	0	1445734	oddball_tone	sapo_emerge	oddball	n/a	n/a	n/a	n/a	n/a
2892.484	0	1446242	standard_tone	sapo_emerge	standard	n/a	n/a	n/a	n/a	n/a
2893.500	0	1446750	standard_tone	sapo_emerge	standard	n/a	n/a	n/a	n/a	n/a
2894.516	0	1447258	distractor_noise	sapo_emerge	distractor	n/a	n/a	n/a	n/a	n/a
2895.532	0	1447766	standard_tone	sapo_emerge	standard	n/a	n/a	n/a	n/a	n/a
2896.546	0	1448273	standard_tone	sapo_emerge	standard	n/a	n/a	n/a	n/a	n/a
2897.562	0	1448781	oddball_tone	sapo_emerge	oddball	n/a	n/a	n/a	n/a	n/a
2898.578	0	1449289	distractor_noise	sapo_emerge	distractor	n/a	n/a	n/a	n/a	n/a
2899.594	0	1449797	standard_tone	sapo_emerge	standard	n/a	n/a	n/a	n/a	n/a
2900.610	0	1450305	standard_tone	sapo_emerge	standard	n/a	n/a	n/a	n/a	n/a
2901.626	0	1450813	standard_tone	sapo_emerge	standard	n/a	n/a	n/a	n/a	n/a
2902.642	0	1451321	distractor_noise	sapo_emerge	distractor	n/a	n/a	n/a	n/a	n/a
2903.658	0	1451829	standard_tone	sapo_emerge	standard	n/a	n/a	n/a	n/a	n/a
2904.674	0	1452337	oddball_tone	sapo_emerge	oddball	n/a	n/a	n/a	n/a	n/a
2905.690	0	1452845	standard_tone	sapo_emerge	standard	n/a	n/a	n/a	n/a	n/a
2906.704	0	1453352	standard_tone	sapo_emerge	standard	n/a	n/a	n/a	n/a	n/a
2907.704	0	1453852	oddball_tone	sapo_emerge	oddball	n/a	n/a	n/a	n/a	n/a
2908.720	0	1454360	standard_tone	sapo_emerge	standard	n/a	n/a	n/a	n/a	n/a
2909.720	0	1454860	standard_tone	sapo_emerge	standard	n/a	n/a	n/a	n/a	n/a
2910.736	0	1455368	standard_tone	sapo_emerge	standard	n/a	n/a	n/a	n/a	n/a
2911.750	0	1455875	standard_tone	sapo_emerge	standard	n/a	n/a	n/a	n/a	n/a
2912.766	0	1456383	standard_tone	sapo_emerge	standard	n/a	n/a	n/a	n/a	n/a
2913.784	0	1456892	standard_tone	sapo_emerge	standard	n/a	n/a	n/a	n/a	n/a
2914.798	0	1457399	oddball_tone	sapo_emerge	oddball	n/a	n/a	n/a	n/a	n/a
2915.814	0	1457907	distractor_noise	sapo_emerge	distractor	n/a	n/a	n/a	n/a	n/a
2916.830	0	1458415	standard_tone	sapo_emerge	standard	n/a	n/a	n/a	n/a	n/a
2917.696	0	1458848	silence_end	sapo_emerge	silence-end	n/a	n/a	n/a	n/a	n/a
2917.698	0	1458849	gong_begin	sapo_emerge	gong-begin	n/a	n/a	n/a	n/a	n/a
2917.846	0	1458923	standard_tone	sapo_emerge	standard	n/a	n/a	n/a	n/a	n/a
2918.846	0	1459423	oddball_tone	sapo_emerge	oddball	n/a	n/a	n/a	n/a	n/a
2919.860	0	1459930	distractor_noise	sapo_emerge	distractor	n/a	n/a	n/a	n/a	n/a
2920.860	0	1460430	standard_tone	sapo_emerge	standard	n/a	n/a	n/a	n/a	n/a
2921.876	0	1460938	standard_tone	sapo_emerge	standard	n/a	n/a	n/a	n/a	n/a
2922.892	0	1461446	standard_tone	sapo_emerge	standard	n/a	n/a	n/a	n/a	n/a
2923.908	0	1461954	standard_tone	sapo_emerge	standard	n/a	n/a	n/a	n/a	n/a
2924.924	0	1462462	standard_tone	sapo_emerge	standard	n/a	n/a	n/a	n/a	n/a
2925.940	0	1462970	standard_tone	sapo_emerge	standard	n/a	n/a	n/a	n/a	n/a
2926.956	0	1463478	standard_tone	sapo_emerge	standard	n/a	n/a	n/a	n/a	n/a
2927.704	0	1463852	gong_end	sapo_emerge	gong-end	n/a	n/a	n/a	n/a	n/a
2927.706	0	1463853	subblock_end	sapo_emerge	subblock-end-duration-119.251	n/a	n/a	n/a	119.251	n/a
2927.706	0	1463853	subblock_begin	sapo_emerge	subblock-begin	n/a	n/a	n/a	n/a	n/a
2927.706	0	1463853	silence_begin	sapo_emerge	silence-begin	n/a	n/a	n/a	n/a	n/a
2927.970	0	1463985	standard_tone	sapo_emerge	standard	n/a	n/a	n/a	n/a	n/a
2928.986	0	1464493	standard_tone	sapo_emerge	standard	n/a	n/a	n/a	n/a	n/a
2930.004	0	1465002	distractor_noise	sapo_emerge	distractor	n/a	n/a	n/a	n/a	n/a
2931.018	0	1465509	oddball_tone	sapo_emerge	oddball	n/a	n/a	n/a	n/a	n/a
2932.034	0	1466017	standard_tone	sapo_emerge	standard	n/a	n/a	n/a	n/a	n/a
2933.050	0	1466525	distractor_noise	sapo_emerge	distractor	n/a	n/a	n/a	n/a	n/a
2934.066	0	1467033	standard_tone	sapo_emerge	standard	n/a	n/a	n/a	n/a	n/a
2935.082	0	1467541	standard_tone	sapo_emerge	standard	n/a	n/a	n/a	n/a	n/a
2936.098	0	1468049	standard_tone	sapo_emerge	standard	n/a	n/a	n/a	n/a	n/a
2937.114	0	1468557	standard_tone	sapo_emerge	standard	n/a	n/a	n/a	n/a	n/a
2938.130	0	1469065	oddball_tone	sapo_emerge	oddball	n/a	n/a	n/a	n/a	n/a
2939.146	0	1469573	standard_tone	sapo_emerge	standard	n/a	n/a	n/a	n/a	n/a
2940.160	0	1470080	standard_tone	sapo_emerge	standard	n/a	n/a	n/a	n/a	n/a
2941.178	0	1470589	standard_tone	sapo_emerge	standard	n/a	n/a	n/a	n/a	n/a
2942.192	0	1471096	oddball_tone	sapo_emerge	oddball	n/a	n/a	n/a	n/a	n/a
2943.208	0	1471604	standard_tone	sapo_emerge	standard	n/a	n/a	n/a	n/a	n/a
2944.224	0	1472112	standard_tone	sapo_emerge	standard	n/a	n/a	n/a	n/a	n/a
2945.240	0	1472620	standard_tone	sapo_emerge	standard	n/a	n/a	n/a	n/a	n/a
2946.256	0	1473128	distractor_noise	sapo_emerge	distractor	n/a	n/a	n/a	n/a	n/a
2947.272	0	1473636	standard_tone	sapo_emerge	standard	n/a	n/a	n/a	n/a	n/a
2948.288	0	1474144	standard_tone	sapo_emerge	standard	n/a	n/a	n/a	n/a	n/a
2949.304	0	1474652	standard_tone	sapo_emerge	standard	n/a	n/a	n/a	n/a	n/a
2950.320	0	1475160	standard_tone	sapo_emerge	standard	n/a	n/a	n/a	n/a	n/a
2951.336	0	1475668	standard_tone	sapo_emerge	standard	n/a	n/a	n/a	n/a	n/a
2952.352	0	1476176	standard_tone	sapo_emerge	standard	n/a	n/a	n/a	n/a	n/a
2953.368	0	1476684	standard_tone	sapo_emerge	standard	n/a	n/a	n/a	n/a	n/a
2954.382	0	1477191	distractor_noise	sapo_emerge	distractor	n/a	n/a	n/a	n/a	n/a
2955.398	0	1477699	oddball_tone	sapo_emerge	oddball	n/a	n/a	n/a	n/a	n/a
2956.414	0	1478207	standard_tone	sapo_emerge	standard	n/a	n/a	n/a	n/a	n/a
2957.430	0	1478715	standard_tone	sapo_emerge	standard	n/a	n/a	n/a	n/a	n/a
2958.446	0	1479223	standard_tone	sapo_emerge	standard	n/a	n/a	n/a	n/a	n/a
2959.462	0	1479731	standard_tone	sapo_emerge	standard	n/a	n/a	n/a	n/a	n/a
2960.478	0	1480239	standard_tone	sapo_emerge	standard	n/a	n/a	n/a	n/a	n/a
2961.492	0	1480746	standard_tone	sapo_emerge	standard	n/a	n/a	n/a	n/a	n/a
2962.508	0	1481254	standard_tone	sapo_emerge	standard	n/a	n/a	n/a	n/a	n/a
2963.524	0	1481762	standard_tone	sapo_emerge	standard	n/a	n/a	n/a	n/a	n/a
2964.540	0	1482270	standard_tone	sapo_emerge	standard	n/a	n/a	n/a	n/a	n/a
2965.556	0	1482778	standard_tone	sapo_emerge	standard	n/a	n/a	n/a	n/a	n/a
2966.572	0	1483286	standard_tone	sapo_emerge	standard	n/a	n/a	n/a	n/a	n/a
2967.588	0	1483794	standard_tone	sapo_emerge	standard	n/a	n/a	n/a	n/a	n/a
2968.604	0	1484302	distractor_noise	sapo_emerge	distractor	n/a	n/a	n/a	n/a	n/a
2969.618	0	1484809	standard_tone	sapo_emerge	standard	n/a	n/a	n/a	n/a	n/a
2970.618	0	1485309	standard_tone	sapo_emerge	standard	n/a	n/a	n/a	n/a	n/a
2971.636	0	1485818	standard_tone	sapo_emerge	standard	n/a	n/a	n/a	n/a	n/a
2972.650	0	1486325	standard_tone	sapo_emerge	standard	n/a	n/a	n/a	n/a	n/a
2973.666	0	1486833	standard_tone	sapo_emerge	standard	n/a	n/a	n/a	n/a	n/a
2974.682	0	1487341	standard_tone	sapo_emerge	standard	n/a	n/a	n/a	n/a	n/a
2975.698	0	1487849	oddball_tone	sapo_emerge	oddball	n/a	n/a	n/a	n/a	n/a
2976.714	0	1488357	standard_tone	sapo_emerge	standard	n/a	n/a	n/a	n/a	n/a
2977.730	0	1488865	standard_tone	sapo_emerge	standard	n/a	n/a	n/a	n/a	n/a
2978.730	0	1489365	distractor_noise	sapo_emerge	distractor	n/a	n/a	n/a	n/a	n/a
2979.746	0	1489873	standard_tone	sapo_emerge	standard	n/a	n/a	n/a	n/a	n/a
2980.760	0	1490380	distractor_noise	sapo_emerge	distractor	n/a	n/a	n/a	n/a	n/a
2981.776	0	1490888	standard_tone	sapo_emerge	standard	n/a	n/a	n/a	n/a	n/a
2982.792	0	1491396	standard_tone	sapo_emerge	standard	n/a	n/a	n/a	n/a	n/a
2982.860	0	1491430	clicker_press	sapo_emerge	response-received-page_up	n/a	n/a	n/a	n/a	page_up
2982.876	0	1491438	report_window_begin	sapo_emerge	emerge-sapo-emerge-begin	n/a	n/a	n/a	n/a	n/a
2986.890	0	1493445	depth_rating	sapo_emerge	rating-sapo-emerge-meditation_depth-1	1	n/a	n/a	n/a	n/a
2993.218	0	1496609	clicker_press	sapo_emerge	response-received-page_up	n/a	n/a	n/a	n/a	page_up
2994.116	0	1497058	clicker_press	sapo_emerge	response-received-page_up	n/a	n/a	n/a	n/a	page_up
2995.398	0	1497699	clicker_press	sapo_emerge	response-received-page_up	n/a	n/a	n/a	n/a	page_up
2997.130	0	1498565	confidence_rating	sapo_emerge	rating-sapo-emerge-confidence_depth-3	n/a	3	n/a	n/a	n/a
3000.578	0	1500289	report_window_end	sapo_emerge	emerge-sapo-emerge-end	n/a	n/a	n/a	n/a	n/a
3000.578	0	1500289	subblock_begin	sapo_emerge	subblock-begin	n/a	n/a	n/a	n/a	n/a
3000.580	0	1500290	silence_begin	sapo_emerge	silence-begin	n/a	n/a	n/a	n/a	n/a
3000.580	0	1500290	standard_tone	sapo_emerge	standard	n/a	n/a	n/a	n/a	n/a
3001.594	0	1500797	standard_tone	sapo_emerge	standard	n/a	n/a	n/a	n/a	n/a
3002.608	0	1501304	standard_tone	sapo_emerge	standard	n/a	n/a	n/a	n/a	n/a
3003.624	0	1501812	standard_tone	sapo_emerge	standard	n/a	n/a	n/a	n/a	n/a
3004.640	0	1502320	standard_tone	sapo_emerge	standard	n/a	n/a	n/a	n/a	n/a
3005.656	0	1502828	standard_tone	sapo_emerge	standard	n/a	n/a	n/a	n/a	n/a
3006.672	0	1503336	oddball_tone	sapo_emerge	oddball	n/a	n/a	n/a	n/a	n/a
3007.688	0	1503844	standard_tone	sapo_emerge	standard	n/a	n/a	n/a	n/a	n/a
3008.704	0	1504352	standard_tone	sapo_emerge	standard	n/a	n/a	n/a	n/a	n/a
3009.720	0	1504860	distractor_noise	sapo_emerge	distractor	n/a	n/a	n/a	n/a	n/a
3010.736	0	1505368	standard_tone	sapo_emerge	standard	n/a	n/a	n/a	n/a	n/a
3011.752	0	1505876	standard_tone	sapo_emerge	standard	n/a	n/a	n/a	n/a	n/a
3012.768	0	1506384	distractor_noise	sapo_emerge	distractor	n/a	n/a	n/a	n/a	n/a
3013.784	0	1506892	standard_tone	sapo_emerge	standard	n/a	n/a	n/a	n/a	n/a
3014.800	0	1507400	distractor_noise	sapo_emerge	distractor	n/a	n/a	n/a	n/a	n/a
3015.816	0	1507908	standard_tone	sapo_emerge	standard	n/a	n/a	n/a	n/a	n/a
3016.830	0	1508415	standard_tone	sapo_emerge	standard	n/a	n/a	n/a	n/a	n/a
3017.846	0	1508923	standard_tone	sapo_emerge	standard	n/a	n/a	n/a	n/a	n/a
3018.862	0	1509431	standard_tone	sapo_emerge	standard	n/a	n/a	n/a	n/a	n/a
3019.878	0	1509939	standard_tone	sapo_emerge	standard	n/a	n/a	n/a	n/a	n/a
3020.894	0	1510447	standard_tone	sapo_emerge	standard	n/a	n/a	n/a	n/a	n/a
3021.910	0	1510955	standard_tone	sapo_emerge	standard	n/a	n/a	n/a	n/a	n/a
3022.926	0	1511463	standard_tone	sapo_emerge	standard	n/a	n/a	n/a	n/a	n/a
3023.942	0	1511971	standard_tone	sapo_emerge	standard	n/a	n/a	n/a	n/a	n/a
3024.958	0	1512479	standard_tone	sapo_emerge	standard	n/a	n/a	n/a	n/a	n/a
3025.972	0	1512986	oddball_tone	sapo_emerge	oddball	n/a	n/a	n/a	n/a	n/a
3026.988	0	1513494	standard_tone	sapo_emerge	standard	n/a	n/a	n/a	n/a	n/a
3028.004	0	1514002	standard_tone	sapo_emerge	standard	n/a	n/a	n/a	n/a	n/a
3029.020	0	1514510	oddball_tone	sapo_emerge	oddball	n/a	n/a	n/a	n/a	n/a
3030.036	0	1515018	standard_tone	sapo_emerge	standard	n/a	n/a	n/a	n/a	n/a
3031.052	0	1515526	standard_tone	sapo_emerge	standard	n/a	n/a	n/a	n/a	n/a
3032.068	0	1516034	standard_tone	sapo_emerge	standard	n/a	n/a	n/a	n/a	n/a
3033.084	0	1516542	standard_tone	sapo_emerge	standard	n/a	n/a	n/a	n/a	n/a
3034.084	0	1517042	standard_tone	sapo_emerge	standard	n/a	n/a	n/a	n/a	n/a
3035.098	0	1517549	distractor_noise	sapo_emerge	distractor	n/a	n/a	n/a	n/a	n/a
3036.114	0	1518057	standard_tone	sapo_emerge	standard	n/a	n/a	n/a	n/a	n/a
3037.130	0	1518565	standard_tone	sapo_emerge	standard	n/a	n/a	n/a	n/a	n/a
3038.146	0	1519073	standard_tone	sapo_emerge	standard	n/a	n/a	n/a	n/a	n/a
3039.162	0	1519581	oddball_tone	sapo_emerge	oddball	n/a	n/a	n/a	n/a	n/a
3040.178	0	1520089	standard_tone	sapo_emerge	standard	n/a	n/a	n/a	n/a	n/a
3040.578	0	1520289	sapo_emerge_end	sapo_emerge	block-sapo-emerge-end	n/a	n/a	n/a	n/a	n/a
3040.578	0	1520289	block_duration	sapo_emerge	block-sapo-emerge-duration-2100	n/a	n/a	n/a	2100.000	n/a
3040.580	0	1520290	break_begin	break	break-begin	n/a	n/a	n/a	n/a	n/a
3389.586	0	1694793	clicker_press	break	response-received-enter	n/a	n/a	n/a	n/a	enter
3389.620	0	1694810	break_end	break	break-end	n/a	n/a	n/a	n/a	n/a
3491.354	0	1745677	clicker_press	n/a	response-received-page_up	n/a	n/a	n/a	n/a	page_up
3491.404	0	1745702	active_oddball_begin	active_oddball	active-oddball-begin	n/a	n/a	n/a	n/a	n/a
3491.412	0	1745706	standard_tone	active_oddball	standard	n/a	n/a	n/a	n/a	n/a
3492.454	0	1746227	distractor_noise	active_oddball	distractor	n/a	n/a	n/a	n/a	n/a
3493.486	0	1746743	standard_tone	active_oddball	standard	n/a	n/a	n/a	n/a	n/a
3494.518	0	1747259	standard_tone	active_oddball	standard	n/a	n/a	n/a	n/a	n/a
3495.550	0	1747775	standard_tone	active_oddball	standard	n/a	n/a	n/a	n/a	n/a
3496.566	0	1748283	distractor_noise	active_oddball	distractor	n/a	n/a	n/a	n/a	n/a
3497.582	0	1748791	standard_tone	active_oddball	standard	n/a	n/a	n/a	n/a	n/a
3498.614	0	1749307	standard_tone	active_oddball	standard	n/a	n/a	n/a	n/a	n/a
3499.630	0	1749815	standard_tone	active_oddball	standard	n/a	n/a	n/a	n/a	n/a
3500.664	0	1750332	distractor_noise	active_oddball	distractor	n/a	n/a	n/a	n/a	n/a
3501.712	0	1750856	standard_tone	active_oddball	standard	n/a	n/a	n/a	n/a	n/a
3502.760	0	1751380	standard_tone	active_oddball	standard	n/a	n/a	n/a	n/a	n/a
3503.794	0	1751897	standard_tone	active_oddball	standard	n/a	n/a	n/a	n/a	n/a
3504.844	0	1752422	standard_tone	active_oddball	standard	n/a	n/a	n/a	n/a	n/a
3505.892	0	1752946	standard_tone	active_oddball	standard	n/a	n/a	n/a	n/a	n/a
3506.976	0	1753488	distractor_noise	active_oddball	distractor	n/a	n/a	n/a	n/a	n/a
3508.040	0	1754020	standard_tone	active_oddball	standard	n/a	n/a	n/a	n/a	n/a
3509.056	0	1754528	standard_tone	active_oddball	standard	n/a	n/a	n/a	n/a	n/a
3510.072	0	1755036	distractor_noise	active_oddball	distractor	n/a	n/a	n/a	n/a	n/a
3511.188	0	1755594	oddball_tone	active_oddball	oddball	n/a	n/a	n/a	n/a	n/a
3512.204	0	1756102	standard_tone	active_oddball	standard	n/a	n/a	n/a	n/a	n/a
3513.270	0	1756635	standard_tone	active_oddball	standard	n/a	n/a	n/a	n/a	n/a
3514.284	0	1757142	standard_tone	active_oddball	standard	n/a	n/a	n/a	n/a	n/a
3515.400	0	1757700	standard_tone	active_oddball	standard	n/a	n/a	n/a	n/a	n/a
3516.434	0	1758217	standard_tone	active_oddball	standard	n/a	n/a	n/a	n/a	n/a
3517.448	0	1758724	standard_tone	active_oddball	standard	n/a	n/a	n/a	n/a	n/a
3518.482	0	1759241	oddball_tone	active_oddball	oddball	n/a	n/a	n/a	n/a	n/a
3519.548	0	1759774	standard_tone	active_oddball	standard	n/a	n/a	n/a	n/a	n/a
3520.596	0	1760298	oddball_tone	active_oddball	oddball	n/a	n/a	n/a	n/a	n/a
3521.612	0	1760806	clicker_press	active_oddball	response-received-page_up	n/a	n/a	n/a	n/a	page_up
3521.614	0	1760807	oddball_response	active_oddball	active-oddball-button-press-1009ms	n/a	n/a	1.009	n/a	n/a
3521.614	0	1760807	standard_tone	active_oddball	standard	n/a	n/a	n/a	n/a	n/a
3522.628	0	1761314	standard_tone	active_oddball	standard	n/a	n/a	n/a	n/a	n/a
3523.644	0	1761822	standard_tone	active_oddball	standard	n/a	n/a	n/a	n/a	n/a
3524.676	0	1762338	standard_tone	active_oddball	standard	n/a	n/a	n/a	n/a	n/a
3525.708	0	1762854	standard_tone	active_oddball	standard	n/a	n/a	n/a	n/a	n/a
3526.724	0	1763362	standard_tone	active_oddball	standard	n/a	n/a	n/a	n/a	n/a
3527.774	0	1763887	standard_tone	active_oddball	standard	n/a	n/a	n/a	n/a	n/a
3528.806	0	1764403	distractor_noise	active_oddball	distractor	n/a	n/a	n/a	n/a	n/a
3529.838	0	1764919	standard_tone	active_oddball	standard	n/a	n/a	n/a	n/a	n/a
3530.888	0	1765444	standard_tone	active_oddball	standard	n/a	n/a	n/a	n/a	n/a
3531.920	0	1765960	standard_tone	active_oddball	standard	n/a	n/a	n/a	n/a	n/a
3532.970	0	1766485	distractor_noise	active_oddball	distractor	n/a	n/a	n/a	n/a	n/a
3533.986	0	1766993	standard_tone	active_oddball	standard	n/a	n/a	n/a	n/a	n/a
3535.070	0	1767535	oddball_tone	active_oddball	oddball	n/a	n/a	n/a	n/a	n/a
3536.100	0	1768050	standard_tone	active_oddball	standard	n/a	n/a	n/a	n/a	n/a
3536.168	0	1768084	clicker_press	active_oddball	response-received-page_up	n/a	n/a	n/a	n/a	page_up
3536.184	0	1768092	oddball_response	active_oddball	active-oddball-button-press-59ms	n/a	n/a	0.059	n/a	n/a
3537.132	0	1768566	standard_tone	active_oddball	standard	n/a	n/a	n/a	n/a	n/a
3538.166	0	1769083	standard_tone	active_oddball	standard	n/a	n/a	n/a	n/a	n/a
3539.198	0	1769599	standard_tone	active_oddball	standard	n/a	n/a	n/a	n/a	n/a
3540.230	0	1770115	standard_tone	active_oddball	standard	n/a	n/a	n/a	n/a	n/a
3541.296	0	1770648	standard_tone	active_oddball	standard	n/a	n/a	n/a	n/a	n/a
3542.312	0	1771156	standard_tone	active_oddball	standard	n/a	n/a	n/a	n/a	n/a
3543.360	0	1771680	oddball_tone	active_oddball	oddball	n/a	n/a	n/a	n/a	n/a
3544.376	0	1772188	standard_tone	active_oddball	standard	n/a	n/a	n/a	n/a	n/a
3544.544	0	1772272	clicker_press	active_oddball	response-received-page_up	n/a	n/a	n/a	n/a	page_up
3544.576	0	1772288	oddball_response	active_oddball	active-oddball-button-press-159ms	n/a	n/a	0.159	n/a	n/a
3545.458	0	1772729	standard_tone	active_oddball	standard	n/a	n/a	n/a	n/a	n/a
3546.492	0	1773246	standard_tone	active_oddball	standard	n/a	n/a	n/a	n/a	n/a
3547.558	0	1773779	standard_tone	active_oddball	standard	n/a	n/a	n/a	n/a	n/a
3548.722	0	1774361	standard_tone	active_oddball	standard	n/a	n/a	n/a	n/a	n/a
3549.788	0	1774894	oddball_tone	active_oddball	oddball	n/a	n/a	n/a	n/a	n/a
3550.804	0	1775402	standard_tone	active_oddball	standard	n/a	n/a	n/a	n/a	n/a
3551.020	0	1775510	clicker_press	active_oddball	response-received-page_up	n/a	n/a	n/a	n/a	page_up
3551.038	0	1775519	oddball_response	active_oddball	active-oddball-button-press-210ms	n/a	n/a	0.210	n/a	n/a
3551.870	0	1775935	standard_tone	active_oddball	standard	n/a	n/a	n/a	n/a	n/a
3552.886	0	1776443	distractor_noise	active_oddball	distractor	n/a	n/a	n/a	n/a	n/a
3553.986	0	1776993	standard_tone	active_oddball	standard	n/a	n/a	n/a	n/a	n/a
3555.068	0	1777534	standard_tone	active_oddball	standard	n/a	n/a	n/a	n/a	n/a
3556.084	0	1778042	standard_tone	active_oddball	standard	n/a	n/a	n/a	n/a	n/a
3557.132	0	1778566	standard_tone	active_oddball	standard	n/a	n/a	n/a	n/a	n/a
3558.148	0	1779074	standard_tone	active_oddball	standard	n/a	n/a	n/a	n/a	n/a
3559.248	0	1779624	standard_tone	active_oddball	standard	n/a	n/a	n/a	n/a	n/a
3560.264	0	1780132	distractor_noise	active_oddball	distractor	n/a	n/a	n/a	n/a	n/a
3561.362	0	1780681	standard_tone	active_oddball	standard	n/a	n/a	n/a	n/a	n/a
3562.378	0	1781189	standard_tone	active_oddball	standard	n/a	n/a	n/a	n/a	n/a
3563.478	0	1781739	standard_tone	active_oddball	standard	n/a	n/a	n/a	n/a	n/a
3564.510	0	1782255	standard_tone	active_oddball	standard	n/a	n/a	n/a	n/a	n/a
3565.526	0	1782763	standard_tone	active_oddball	standard	n/a	n/a	n/a	n/a	n/a
3566.692	0	1783346	oddball_tone	active_oddball	oddball	n/a	n/a	n/a	n/a	n/a
3567.758	0	1783879	standard_tone	active_oddball	standard	n/a	n/a	n/a	n/a	n/a
3567.924	0	1783962	clicker_press	active_oddball	response-received-page_up	n/a	n/a	n/a	n/a	page_up
3567.942	0	1783971	oddball_response	active_oddball	active-oddball-button-press-159ms	n/a	n/a	0.159	n/a	n/a
3568.806	0	1784403	standard_tone	active_oddball	standard	n/a	n/a	n/a	n/a	n/a
3569.906	0	1784953	standard_tone	active_oddball	standard	n/a	n/a	n/a	n/a	n/a
3570.922	0	1785461	standard_tone	active_oddball	standard	n/a	n/a	n/a	n/a	n/a
3571.954	0	1785977	standard_tone	active_oddball	standard	n/a	n/a	n/a	n/a	n/a
3573.070	0	1786535	standard_tone	active_oddball	standard	n/a	n/a	n/a	n/a	n/a
3574.086	0	1787043	standard_tone	active_oddball	standard	n/a	n/a	n/a	n/a	n/a
3575.118	0	1787559	standard_tone	active_oddball	standard	n/a	n/a	n/a	n/a	n/a
3576.150	0	1788075	oddball_tone	active_oddball	oddball	n/a	n/a	n/a	n/a	n/a
3577.182	0	1788591	standard_tone	active_oddball	standard	n/a	n/a	n/a	n/a	n/a
3577.366	0	1788683	clicker_press	active_oddball	response-received-page_up	n/a	n/a	n/a	n/a	page_up
3577.416	0	1788708	oddball_response	active_oddball	active-oddball-button-press-177ms	n/a	n/a	0.177	n/a	n/a
3578.216	0	1789108	standard_tone	active_oddball	standard	n/a	n/a	n/a	n/a	n/a
3579.248	0	1789624	oddball_tone	active_oddball	oddball	n/a	n/a	n/a	n/a	n/a
3580.296	0	1790148	standard_tone	active_oddball	standard	n/a	n/a	n/a	n/a	n/a
3580.530	0	1790265	clicker_press	active_oddball	response-received-page_up	n/a	n/a	n/a	n/a	page_up
3580.580	0	1790290	oddball_response	active_oddball	active-oddball-button-press-227ms	n/a	n/a	0.227	n/a	n/a
3581.312	0	1790656	standard_tone	active_oddball	standard	n/a	n/a	n/a	n/a	n/a
3582.396	0	1791198	oddball_tone	active_oddball	oddball	n/a	n/a	n/a	n/a	n/a
3583.478	0	1791739	clicker_press	active_oddball	response-received-page_up	n/a	n/a	n/a	n/a	page_up
3583.528	0	1791764	oddball_response	active_oddball	active-oddball-button-press-1076ms	n/a	n/a	1.076	n/a	n/a
3583.528	0	1791764	standard_tone	active_oddball	standard	n/a	n/a	n/a	n/a	n/a
3584.544	0	1792272	standard_tone	active_oddball	standard	n/a	n/a	n/a	n/a	n/a
3585.592	0	1792796	standard_tone	active_oddball	standard	n/a	n/a	n/a	n/a	n/a
3586.608	0	1793304	standard_tone	active_oddball	standard	n/a	n/a	n/a	n/a	n/a
3587.624	0	1793812	distractor_noise	active_oddball	distractor	n/a	n/a	n/a	n/a	n/a
3588.640	0	1794320	standard_tone	active_oddball	standard	n/a	n/a	n/a	n/a	n/a
3589.706	0	1794853	standard_tone	active_oddball	standard	n/a	n/a	n/a	n/a	n/a
3590.738	0	1795369	standard_tone	active_oddball	standard	n/a	n/a	n/a	n/a	n/a
3591.754	0	1795877	standard_tone	active_oddball	standard	n/a	n/a	n/a	n/a	n/a
3592.786	0	1796393	standard_tone	active_oddball	standard	n/a	n/a	n/a	n/a	n/a
3593.802	0	1796901	standard_tone	active_oddball	standard	n/a	n/a	n/a	n/a	n/a
3594.852	0	1797426	oddball_tone	active_oddball	oddball	n/a	n/a	n/a	n/a	n/a
3595.818	0	1797909	clicker_press	active_oddball	response-received-page_up	n/a	n/a	n/a	n/a	page_up
3595.868	0	1797934	oddball_response	active_oddball	active-oddball-button-press-958ms	n/a	n/a	0.958	n/a	n/a
3595.868	0	1797934	standard_tone	active_oddball	standard	n/a	n/a	n/a	n/a	n/a
3596.950	0	1798475	oddball_tone	active_oddball	oddball	n/a	n/a	n/a	n/a	n/a
3597.966	0	1798983	standard_tone	active_oddball	standard	n/a	n/a	n/a	n/a	n/a
3598.132	0	1799066	clicker_press	active_oddball	response-received-page_up	n/a	n/a	n/a	n/a	page_up
3598.198	0	1799099	oddball_response	active_oddball	active-oddball-button-press-160ms	n/a	n/a	0.160	n/a	n/a
3599.014	0	1799507	standard_tone	active_oddball	standard	n/a	n/a	n/a	n/a	n/a
3600.064	0	1800032	oddball_tone	active_oddball	oddball	n/a	n/a	n/a	n/a	n/a
3601.164	0	1800582	standard_tone	active_oddball	standard	n/a	n/a	n/a	n/a	n/a
3601.662	0	1800831	clicker_press	active_oddball	response-received-page_up	n/a	n/a	n/a	n/a	page_up
3601.680	0	1800840	oddball_response	active_oddball	active-oddball-button-press-493ms	n/a	n/a	0.493	n/a	n/a
3602.196	0	1801098	standard_tone	active_oddball	standard	n/a	n/a	n/a	n/a	n/a
3603.210	0	1801605	standard_tone	active_oddball	standard	n/a	n/a	n/a	n/a	n/a
3604.226	0	1802113	standard_tone	active_oddball	standard	n/a	n/a	n/a	n/a	n/a
3605.242	0	1802621	oddball_tone	active_oddball	oddball	n/a	n/a	n/a	n/a	n/a
3606.258	0	1803129	standard_tone	active_oddball	standard	n/a	n/a	n/a	n/a	n/a
3606.608	0	1803304	clicker_press	active_oddball	response-received-page_up	n/a	n/a	n/a	n/a	page_up
3606.642	0	1803321	oddball_response	active_oddball	active-oddball-button-press-344ms	n/a	n/a	0.344	n/a	n/a
3607.292	0	1803646	standard_tone	active_oddball	standard	n/a	n/a	n/a	n/a	n/a
3608.324	0	1804162	oddball_tone	active_oddball	oddball	n/a	n/a	n/a	n/a	n/a
3609.356	0	1804678	standard_tone	active_oddball	standard	n/a	n/a	n/a	n/a	n/a
3609.606	0	1804803	clicker_press	active_oddball	response-received-page_up	n/a	n/a	n/a	n/a	page_up
3609.640	0	1804820	oddball_response	active_oddball	active-oddball-button-press-242ms	n/a	n/a	0.242	n/a	n/a
3610.388	0	1805194	standard_tone	active_oddball	standard	n/a	n/a	n/a	n/a	n/a
3611.454	0	1805727	distractor_noise	active_oddball	distractor	n/a	n/a	n/a	n/a	n/a
3612.470	0	1806235	standard_tone	active_oddball	standard	n/a	n/a	n/a	n/a	n/a
3613.586	0	1806793	standard_tone	active_oddball	standard	n/a	n/a	n/a	n/a	n/a
3614.652	0	1807326	standard_tone	active_oddball	standard	n/a	n/a	n/a	n/a	n/a
3615.750	0	1807875	standard_tone	active_oddball	standard	n/a	n/a	n/a	n/a	n/a
3616.768	0	1808384	standard_tone	active_oddball	standard	n/a	n/a	n/a	n/a	n/a
3617.848	0	1808924	standard_tone	active_oddball	standard	n/a	n/a	n/a	n/a	n/a
3618.864	0	1809432	standard_tone	active_oddball	standard	n/a	n/a	n/a	n/a	n/a
3619.880	0	1809940	standard_tone	active_oddball	standard	n/a	n/a	n/a	n/a	n/a
3620.948	0	1810474	standard_tone	active_oddball	standard	n/a	n/a	n/a	n/a	n/a
3621.962	0	1810981	standard_tone	active_oddball	standard	n/a	n/a	n/a	n/a	n/a
3622.978	0	1811489	standard_tone	active_oddball	standard	n/a	n/a	n/a	n/a	n/a
3623.994	0	1811997	standard_tone	active_oddball	standard	n/a	n/a	n/a	n/a	n/a
3625.026	0	1812513	standard_tone	active_oddball	standard	n/a	n/a	n/a	n/a	n/a
3626.042	0	1813021	oddball_tone	active_oddball	oddball	n/a	n/a	n/a	n/a	n/a
3627.058	0	1813529	standard_tone	active_oddball	standard	n/a	n/a	n/a	n/a	n/a
3627.224	0	1813612	clicker_press	active_oddball	response-received-page_up	n/a	n/a	n/a	n/a	page_up
3627.242	0	1813621	oddball_response	active_oddball	active-oddball-button-press-160ms	n/a	n/a	0.160	n/a	n/a
3628.090	0	1814045	standard_tone	active_oddball	standard	n/a	n/a	n/a	n/a	n/a
3629.106	0	1814553	standard_tone	active_oddball	standard	n/a	n/a	n/a	n/a	n/a
3630.122	0	1815061	standard_tone	active_oddball	standard	n/a	n/a	n/a	n/a	n/a
3631.206	0	1815603	distractor_noise	active_oddball	distractor	n/a	n/a	n/a	n/a	n/a
3632.236	0	1816118	standard_tone	active_oddball	standard	n/a	n/a	n/a	n/a	n/a
3633.252	0	1816626	standard_tone	active_oddball	standard	n/a	n/a	n/a	n/a	n/a
3634.302	0	1817151	standard_tone	active_oddball	standard	n/a	n/a	n/a	n/a	n/a
3635.368	0	1817684	standard_tone	active_oddball	standard	n/a	n/a	n/a	n/a	n/a
3636.400	0	1818200	standard_tone	active_oddball	standard	n/a	n/a	n/a	n/a	n/a
3637.466	0	1818733	standard_tone	active_oddball	standard	n/a	n/a	n/a	n/a	n/a
3638.564	0	1819282	standard_tone	active_oddball	standard	n/a	n/a	n/a	n/a	n/a
3639.580	0	1819790	standard_tone	active_oddball	standard	n/a	n/a	n/a	n/a	n/a
3640.646	0	1820323	standard_tone	active_oddball	standard	n/a	n/a	n/a	n/a	n/a
3641.696	0	1820848	standard_tone	active_oddball	standard	n/a	n/a	n/a	n/a	n/a
3642.712	0	1821356	standard_tone	active_oddball	standard	n/a	n/a	n/a	n/a	n/a
3643.760	0	1821880	oddball_tone	active_oddball	oddball	n/a	n/a	n/a	n/a	n/a
3644.776	0	1822388	standard_tone	active_oddball	standard	n/a	n/a	n/a	n/a	n/a
3644.844	0	1822422	clicker_press	active_oddball	response-received-page_up	n/a	n/a	n/a	n/a	page_up
3644.910	0	1822455	oddball_response	active_oddball	active-oddball-button-press-59ms	n/a	n/a	0.059	n/a	n/a
3645.792	0	1822896	standard_tone	active_oddball	standard	n/a	n/a	n/a	n/a	n/a
3646.808	0	1823404	standard_tone	active_oddball	standard	n/a	n/a	n/a	n/a	n/a
3647.840	0	1823920	standard_tone	active_oddball	standard	n/a	n/a	n/a	n/a	n/a
3648.856	0	1824428	standard_tone	active_oddball	standard	n/a	n/a	n/a	n/a	n/a
3649.922	0	1824961	standard_tone	active_oddball	standard	n/a	n/a	n/a	n/a	n/a
3650.954	0	1825477	distractor_noise	active_oddball	distractor	n/a	n/a	n/a	n/a	n/a
3652.020	0	1826010	standard_tone	active_oddball	standard	n/a	n/a	n/a	n/a	n/a
3653.054	0	1826527	standard_tone	active_oddball	standard	n/a	n/a	n/a	n/a	n/a
3654.068	0	1827034	standard_tone	active_oddball	standard	n/a	n/a	n/a	n/a	n/a
3655.084	0	1827542	standard_tone	active_oddball	standard	n/a	n/a	n/a	n/a	n/a
3656.118	0	1828059	oddball_tone	active_oddball	oddball	n/a	n/a	n/a	n/a	n/a
3657.218	0	1828609	standard_tone	active_oddball	standard	n/a	n/a	n/a	n/a	n/a
3657.650	0	1828825	clicker_press	active_oddball	response-received-page_up	n/a	n/a	n/a	n/a	page_up
3657.716	0	1828858	oddball_response	active_oddball	active-oddball-button-press-422ms	n/a	n/a	0.422	n/a	n/a
3658.266	0	1829133	standard_tone	active_oddball	standard	n/a	n/a	n/a	n/a	n/a
3659.282	0	1829641	standard_tone	active_oddball	standard	n/a	n/a	n/a	n/a	n/a
3660.314	0	1830157	standard_tone	active_oddball	standard	n/a	n/a	n/a	n/a	n/a
3661.412	0	1830706	standard_tone	active_oddball	standard	n/a	n/a	n/a	n/a	n/a
3662.446	0	1831223	standard_tone	active_oddball	standard	n/a	n/a	n/a	n/a	n/a
3663.560	0	1831780	standard_tone	active_oddball	standard	n/a	n/a	n/a	n/a	n/a
3664.578	0	1832289	distractor_noise	active_oddball	distractor	n/a	n/a	n/a	n/a	n/a
3665.592	0	1832796	standard_tone	active_oddball	standard	n/a	n/a	n/a	n/a	n/a
3666.608	0	1833304	standard_tone	active_oddball	standard	n/a	n/a	n/a	n/a	n/a
3667.674	0	1833837	standard_tone	active_oddball	standard	n/a	n/a	n/a	n/a	n/a
3668.690	0	1834345	distractor_noise	active_oddball	distractor	n/a	n/a	n/a	n/a	n/a
3669.706	0	1834853	oddball_tone	active_oddball	oddball	n/a	n/a	n/a	n/a	n/a
3670.722	0	1835361	standard_tone	active_oddball	standard	n/a	n/a	n/a	n/a	n/a
3671.106	0	1835553	clicker_press	active_oddball	response-received-page_up	n/a	n/a	n/a	n/a	page_up
3671.138	0	1835569	oddball_response	active_oddball	active-oddball-button-press-377ms	n/a	n/a	0.377	n/a	n/a
3671.738	0	1835869	standard_tone	active_oddball	standard	n/a	n/a	n/a	n/a	n/a
3672.770	0	1836385	standard_tone	active_oddball	standard	n/a	n/a	n/a	n/a	n/a
3673.804	0	1836902	standard_tone	active_oddball	standard	n/a	n/a	n/a	n/a	n/a
3674.818	0	1837409	oddball_tone	active_oddball	oddball	n/a	n/a	n/a	n/a	n/a
3675.834	0	1837917	standard_tone	active_oddball	standard	n/a	n/a	n/a	n/a	n/a
3676.134	0	1838067	clicker_press	active_oddball	response-received-page_up	n/a	n/a	n/a	n/a	page_up
3676.152	0	1838076	oddball_response	active_oddball	active-oddball-button-press-293ms	n/a	n/a	0.293	n/a	n/a
3676.950	0	1838475	standard_tone	active_oddball	standard	n/a	n/a	n/a	n/a	n/a
3677.998	0	1838999	standard_tone	active_oddball	standard	n/a	n/a	n/a	n/a	n/a
3679.066	0	1839533	standard_tone	active_oddball	standard	n/a	n/a	n/a	n/a	n/a
3680.114	0	1840057	standard_tone	active_oddball	standard	n/a	n/a	n/a	n/a	n/a
3681.180	0	1840590	standard_tone	active_oddball	standard	n/a	n/a	n/a	n/a	n/a
3682.196	0	1841098	standard_tone	active_oddball	standard	n/a	n/a	n/a	n/a	n/a
3683.228	0	1841614	standard_tone	active_oddball	standard	n/a	n/a	n/a	n/a	n/a
3684.244	0	1842122	standard_tone	active_oddball	standard	n/a	n/a	n/a	n/a	n/a
3685.360	0	1842680	standard_tone	active_oddball	standard	n/a	n/a	n/a	n/a	n/a
3686.376	0	1843188	standard_tone	active_oddball	standard	n/a	n/a	n/a	n/a	n/a
3687.408	0	1843704	standard_tone	active_oddball	standard	n/a	n/a	n/a	n/a	n/a
3688.456	0	1844228	oddball_tone	active_oddball	oddball	n/a	n/a	n/a	n/a	n/a
3689.540	0	1844770	standard_tone	active_oddball	standard	n/a	n/a	n/a	n/a	n/a
3689.772	0	1844886	clicker_press	active_oddball	response-received-page_up	n/a	n/a	n/a	n/a	page_up
3689.806	0	1844903	oddball_response	active_oddball	active-oddball-button-press-226ms	n/a	n/a	0.226	n/a	n/a
3690.556	0	1845278	standard_tone	active_oddball	standard	n/a	n/a	n/a	n/a	n/a
3691.604	0	1845802	standard_tone	active_oddball	standard	n/a	n/a	n/a	n/a	n/a
3692.636	0	1846318	distractor_noise	active_oddball	distractor	n/a	n/a	n/a	n/a	n/a
3693.652	0	1846826	standard_tone	active_oddball	standard	n/a	n/a	n/a	n/a	n/a
3694.668	0	1847334	standard_tone	active_oddball	standard	n/a	n/a	n/a	n/a	n/a
3695.684	0	1847842	standard_tone	active_oddball	standard	n/a	n/a	n/a	n/a	n/a
3696.784	0	1848392	standard_tone	active_oddball	standard	n/a	n/a	n/a	n/a	n/a
3697.850	0	1848925	standard_tone	active_oddball	standard	n/a	n/a	n/a	n/a	n/a
3698.866	0	1849433	distractor_noise	active_oddball	distractor	n/a	n/a	n/a	n/a	n/a
3699.880	0	1849940	standard_tone	active_oddball	standard	n/a	n/a	n/a	n/a	n/a
3700.896	0	1850448	standard_tone	active_oddball	standard	n/a	n/a	n/a	n/a	n/a
3701.962	0	1850981	standard_tone	active_oddball	standard	n/a	n/a	n/a	n/a	n/a
3702.978	0	1851489	standard_tone	active_oddball	standard	n/a	n/a	n/a	n/a	n/a
3703.994	0	1851997	distractor_noise	active_oddball	distractor	n/a	n/a	n/a	n/a	n/a
3705.010	0	1852505	standard_tone	active_oddball	standard	n/a	n/a	n/a	n/a	n/a
3706.042	0	1853021	oddball_tone	active_oddball	oddball	n/a	n/a	n/a	n/a	n/a
3707.092	0	1853546	standard_tone	active_oddball	standard	n/a	n/a	n/a	n/a	n/a
3707.142	0	1853571	clicker_press	active_oddball	response-received-page_up	n/a	n/a	n/a	n/a	page_up
3707.158	0	1853579	oddball_response	active_oddball	active-oddball-button-press-43ms	n/a	n/a	0.043	n/a	n/a
3708.140	0	1854070	standard_tone	active_oddball	standard	n/a	n/a	n/a	n/a	n/a
3709.158	0	1854579	oddball_tone	active_oddball	oddball	n/a	n/a	n/a	n/a	n/a
3710.188	0	1855094	distractor_noise	active_oddball	distractor	n/a	n/a	n/a	n/a	n/a
3710.556	0	1855278	clicker_press	active_oddball	response-received-page_up	n/a	n/a	n/a	n/a	page_up
3710.638	0	1855319	oddball_response	active_oddball	active-oddball-button-press-360ms	n/a	n/a	0.360	n/a	n/a
3711.222	0	1855611	standard_tone	active_oddball	standard	n/a	n/a	n/a	n/a	n/a
3712.238	0	1856119	standard_tone	active_oddball	standard	n/a	n/a	n/a	n/a	n/a
3713.254	0	1856627	standard_tone	active_oddball	standard	n/a	n/a	n/a	n/a	n/a
3714.270	0	1857135	distractor_noise	active_oddball	distractor	n/a	n/a	n/a	n/a	n/a
3715.284	0	1857642	standard_tone	active_oddball	standard	n/a	n/a	n/a	n/a	n/a
3716.384	0	1858192	standard_tone	active_oddball	standard	n/a	n/a	n/a	n/a	n/a
3717.450	0	1858725	standard_tone	active_oddball	standard	n/a	n/a	n/a	n/a	n/a
3718.498	0	1859249	standard_tone	active_oddball	standard	n/a	n/a	n/a	n/a	n/a
3719.548	0	1859774	standard_tone	active_oddball	standard	n/a	n/a	n/a	n/a	n/a
3720.598	0	1860299	standard_tone	active_oddball	standard	n/a	n/a	n/a	n/a	n/a
3721.646	0	1860823	standard_tone	active_oddball	standard	n/a	n/a	n/a	n/a	n/a
3722.662	0	1861331	distractor_noise	active_oddball	distractor	n/a	n/a	n/a	n/a	n/a
3723.678	0	1861839	standard_tone	active_oddball	standard	n/a	n/a	n/a	n/a	n/a
3724.760	0	1862380	standard_tone	active_oddball	standard	n/a	n/a	n/a	n/a	n/a
3725.860	0	1862930	standard_tone	active_oddball	standard	n/a	n/a	n/a	n/a	n/a
3726.876	0	1863438	standard_tone	active_oddball	standard	n/a	n/a	n/a	n/a	n/a
3727.924	0	1863962	distractor_noise	active_oddball	distractor	n/a	n/a	n/a	n/a	n/a
3728.940	0	1864470	standard_tone	active_oddball	standard	n/a	n/a	n/a	n/a	n/a
3729.990	0	1864995	distractor_noise	active_oddball	distractor	n/a	n/a	n/a	n/a	n/a
3731.006	0	1865503	standard_tone	active_oddball	standard	n/a	n/a	n/a	n/a	n/a
3732.088	0	1866044	distractor_noise	active_oddball	distractor	n/a	n/a	n/a	n/a	n/a
3733.104	0	1866552	standard_tone	active_oddball	standard	n/a	n/a	n/a	n/a	n/a
3734.120	0	1867060	oddball_tone	active_oddball	oddball	n/a	n/a	n/a	n/a	n/a
3735.134	0	1867567	distractor_noise	active_oddball	distractor	n/a	n/a	n/a	n/a	n/a
3735.284	0	1867642	clicker_press	active_oddball	response-received-page_up	n/a	n/a	n/a	n/a	page_up
3735.402	0	1867701	oddball_response	active_oddball	active-oddball-button-press-142ms	n/a	n/a	0.142	n/a	n/a
3736.200	0	1868100	standard_tone	active_oddball	standard	n/a	n/a	n/a	n/a	n/a
3737.250	0	1868625	standard_tone	active_oddball	standard	n/a	n/a	n/a	n/a	n/a
3738.300	0	1869150	standard_tone	active_oddball	standard	n/a	n/a	n/a	n/a	n/a
3739.364	0	1869682	standard_tone	active_oddball	standard	n/a	n/a	n/a	n/a	n/a
3740.430	0	1870215	standard_tone	active_oddball	standard	n/a	n/a	n/a	n/a	n/a
3741.446	0	1870723	standard_tone	active_oddball	standard	n/a	n/a	n/a	n/a	n/a
3742.462	0	1871231	standard_tone	active_oddball	standard	n/a	n/a	n/a	n/a	n/a
3743.544	0	1871772	oddball_tone	active_oddball	oddball	n/a	n/a	n/a	n/a	n/a
3744.560	0	1872280	standard_tone	active_oddball	standard	n/a	n/a	n/a	n/a	n/a
3744.910	0	1872455	clicker_press	active_oddball	response-received-page_up	n/a	n/a	n/a	n/a	page_up
3744.944	0	1872472	oddball_response	active_oddball	active-oddball-button-press-343ms	n/a	n/a	0.343	n/a	n/a
3745.592	0	1872796	standard_tone	active_oddball	standard	n/a	n/a	n/a	n/a	n/a
3746.626	0	1873313	standard_tone	active_oddball	standard	n/a	n/a	n/a	n/a	n/a
3747.642	0	1873821	standard_tone	active_oddball	standard	n/a	n/a	n/a	n/a	n/a
3748.674	0	1874337	distractor_noise	active_oddball	distractor	n/a	n/a	n/a	n/a	n/a
3749.690	0	1874845	standard_tone	active_oddball	standard	n/a	n/a	n/a	n/a	n/a
3750.706	0	1875353	standard_tone	active_oddball	standard	n/a	n/a	n/a	n/a	n/a
3751.722	0	1875861	oddball_tone	active_oddball	oddball	n/a	n/a	n/a	n/a	n/a
3752.754	0	1876377	standard_tone	active_oddball	standard	n/a	n/a	n/a	n/a	n/a
3753.104	0	1876552	clicker_press	active_oddball	response-received-page_up	n/a	n/a	n/a	n/a	page_up
3753.136	0	1876568	oddball_response	active_oddball	active-oddball-button-press-343ms	n/a	n/a	0.343	n/a	n/a
3753.820	0	1876910	oddball_tone	active_oddball	oddball	n/a	n/a	n/a	n/a	n/a
3754.852	0	1877426	standard_tone	active_oddball	standard	n/a	n/a	n/a	n/a	n/a
3755.102	0	1877551	clicker_press	active_oddball	response-received-page_up	n/a	n/a	n/a	n/a	page_up
3755.152	0	1877576	oddball_response	active_oddball	active-oddball-button-press-242ms	n/a	n/a	0.242	n/a	n/a
3755.984	0	1877992	oddball_tone	active_oddball	oddball	n/a	n/a	n/a	n/a	n/a
3757.000	0	1878500	standard_tone	active_oddball	standard	n/a	n/a	n/a	n/a	n/a
3757.184	0	1878592	clicker_press	active_oddball	response-received-page_up	n/a	n/a	n/a	n/a	page_up
3757.234	0	1878617	oddball_response	active_oddball	active-oddball-button-press-177ms	n/a	n/a	0.177	n/a	n/a
3758.034	0	1879017	standard_tone	active_oddball	standard	n/a	n/a	n/a	n/a	n/a
3759.082	0	1879541	standard_tone	active_oddball	standard	n/a	n/a	n/a	n/a	n/a
3760.148	0	1880074	standard_tone	active_oddball	standard	n/a	n/a	n/a	n/a	n/a
3761.180	0	1880590	distractor_noise	active_oddball	distractor	n/a	n/a	n/a	n/a	n/a
3762.230	0	1881115	standard_tone	active_oddball	standard	n/a	n/a	n/a	n/a	n/a
3763.244	0	1881622	standard_tone	active_oddball	standard	n/a	n/a	n/a	n/a	n/a
3764.344	0	1882172	oddball_tone	active_oddball	oddball	n/a	n/a	n/a	n/a	n/a
3765.394	0	1882697	distractor_noise	active_oddball	distractor	n/a	n/a	n/a	n/a	n/a
3765.994	0	1882997	clicker_press	active_oddball	response-received-page_up	n/a	n/a	n/a	n/a	page_up
3766.176	0	1883088	oddball_response	active_oddball	active-oddball-button-press-594ms	n/a	n/a	0.594	n/a	n/a
3766.442	0	1883221	standard_tone	active_oddball	standard	n/a	n/a	n/a	n/a	n/a
3767.524	0	1883762	standard_tone	active_oddball	standard	n/a	n/a	n/a	n/a	n/a
3768.540	0	1884270	standard_tone	active_oddball	standard	n/a	n/a	n/a	n/a	n/a
3769.656	0	1884828	standard_tone	active_oddball	standard	n/a	n/a	n/a	n/a	n/a
3770.672	0	1885336	standard_tone	active_oddball	standard	n/a	n/a	n/a	n/a	n/a
3771.688	0	1885844	standard_tone	active_oddball	standard	n/a	n/a	n/a	n/a	n/a
3772.738	0	1886369	standard_tone	active_oddball	standard	n/a	n/a	n/a	n/a	n/a
3773.770	0	1886885	standard_tone	active_oddball	standard	n/a	n/a	n/a	n/a	n/a
3774.820	0	1887410	standard_tone	active_oddball	standard	n/a	n/a	n/a	n/a	n/a
3775.852	0	1887926	oddball_tone	active_oddball	oddball	n/a	n/a	n/a	n/a	n/a
3776.884	0	1888442	standard_tone	active_oddball	standard	n/a	n/a	n/a	n/a	n/a
3777.716	0	1888858	clicker_press	active_oddball	response-received-page_up	n/a	n/a	n/a	n/a	page_up
3777.766	0	1888883	oddball_response	active_oddball	active-oddball-button-press-827ms	n/a	n/a	0.827	n/a	n/a
3777.900	0	1888950	standard_tone	active_oddball	standard	n/a	n/a	n/a	n/a	n/a
3779.032	0	1889516	standard_tone	active_oddball	standard	n/a	n/a	n/a	n/a	n/a
3780.132	0	1890066	standard_tone	active_oddball	standard	n/a	n/a	n/a	n/a	n/a
3781.146	0	1890573	standard_tone	active_oddball	standard	n/a	n/a	n/a	n/a	n/a
3782.196	0	1891098	standard_tone	active_oddball	standard	n/a	n/a	n/a	n/a	n/a
3783.246	0	1891623	standard_tone	active_oddball	standard	n/a	n/a	n/a	n/a	n/a
3784.278	0	1892139	standard_tone	active_oddball	standard	n/a	n/a	n/a	n/a	n/a
3785.294	0	1892647	standard_tone	active_oddball	standard	n/a	n/a	n/a	n/a	n/a
3786.310	0	1893155	standard_tone	active_oddball	standard	n/a	n/a	n/a	n/a	n/a
3787.358	0	1893679	standard_tone	active_oddball	standard	n/a	n/a	n/a	n/a	n/a
3788.374	0	1894187	standard_tone	active_oddball	standard	n/a	n/a	n/a	n/a	n/a
3789.406	0	1894703	standard_tone	active_oddball	standard	n/a	n/a	n/a	n/a	n/a
3790.422	0	1895211	standard_tone	active_oddball	standard	n/a	n/a	n/a	n/a	n/a
3791.438	0	1895719	standard_tone	active_oddball	standard	n/a	n/a	n/a	n/a	n/a
3792.454	0	1896227	standard_tone	active_oddball	standard	n/a	n/a	n/a	n/a	n/a
3793.486	0	1896743	standard_tone	active_oddball	standard	n/a	n/a	n/a	n/a	n/a
3794.552	0	1897276	standard_tone	active_oddball	standard	n/a	n/a	n/a	n/a	n/a
3795.584	0	1897792	distractor_noise	active_oddball	distractor	n/a	n/a	n/a	n/a	n/a
3796.600	0	1898300	standard_tone	active_oddball	standard	n/a	n/a	n/a	n/a	n/a
3797.616	0	1898808	standard_tone	active_oddball	standard	n/a	n/a	n/a	n/a	n/a
3798.632	0	1899316	standard_tone	active_oddball	standard	n/a	n/a	n/a	n/a	n/a
3799.680	0	1899840	standard_tone	active_oddball	standard	n/a	n/a	n/a	n/a	n/a
3800.696	0	1900348	standard_tone	active_oddball	standard	n/a	n/a	n/a	n/a	n/a
3801.714	0	1900857	distractor_noise	active_oddball	distractor	n/a	n/a	n/a	n/a	n/a
3802.744	0	1901372	standard_tone	active_oddball	standard	n/a	n/a	n/a	n/a	n/a
3803.778	0	1901889	active_oddball_end	active_oddball	active-oddball-end	n/a	n/a	n/a	n/a	n/a
3803.778	0	1901889	prompt_window_begin	active_oddball	probe-oddball-begin	n/a	n/a	n/a	n/a	n/a
3811.372	0	1905686	clicker_press	n/a	response-received-page_up	n/a	n/a	n/a	n/a	page_up
3812.238	0	1906119	clicker_press	n/a	response-received-page_up	n/a	n/a	n/a	n/a	page_up
3812.804	0	1906402	depth_rating	active_oddball	rating-oddball-meditation_depth-2	2	n/a	n/a	n/a	n/a
3819.248	0	1909624	clicker_press	n/a	response-received-page_up	n/a	n/a	n/a	n/a	page_up
3819.914	0	1909957	clicker_press	n/a	response-received-page_up	n/a	n/a	n/a	n/a	page_up
3820.714	0	1910357	clicker_press	n/a	response-received-page_up	n/a	n/a	n/a	n/a	page_up
3821.446	0	1910723	clicker_press	n/a	response-received-page_up	n/a	n/a	n/a	n/a	page_up
3822.096	0	1911048	clicker_press	n/a	response-received-page_up	n/a	n/a	n/a	n/a	page_up
3822.880	0	1911440	confidence_rating	active_oddball	rating-oddball-confidence_depth-5	n/a	5	n/a	n/a	n/a
3823.962	0	1911981	prompt_window_end	active_oddball	probe-oddball-end	n/a	n/a	n/a	n/a	n/a
3953.570	0	1976785	clicker_press	n/a	response-received-page_up	n/a	n/a	n/a	n/a	page_up
3953.660	0	1976830	silent_probe_begin	silent_probe	block-nosapo-probe-begin	n/a	n/a	n/a	n/a	n/a
3953.662	0	1976831	subblock_begin	silent_probe	subblock-begin	n/a	n/a	n/a	n/a	n/a
3953.662	0	1976831	silence_begin	silent_probe	silence-begin	n/a	n/a	n/a	n/a	n/a
4056.634	0	2028317	silence_end	silent_probe	silence-end	n/a	n/a	n/a	n/a	n/a
4056.636	0	2028318	subblock_end	silent_probe	subblock-end-duration-102.975	n/a	n/a	n/a	102.975	n/a
4056.636	0	2028318	subblock_begin	silent_probe	subblock-begin	n/a	n/a	n/a	n/a	n/a
4056.638	0	2028319	silence_begin	silent_probe	silence-begin	n/a	n/a	n/a	n/a	n/a
4174.270	0	2087135	silence_end	silent_probe	silence-end	n/a	n/a	n/a	n/a	n/a
4174.272	0	2087136	gong_begin	silent_probe	gong-begin	n/a	n/a	n/a	n/a	n/a
4184.396	0	2092198	gong_end	silent_probe	gong-end	n/a	n/a	n/a	n/a	n/a
4184.396	0	2092198	subblock_end	silent_probe	subblock-end-duration-127.76	n/a	n/a	n/a	127.760	n/a
4184.398	0	2092199	subblock_begin	silent_probe	subblock-begin	n/a	n/a	n/a	n/a	n/a
4184.398	0	2092199	silence_begin	silent_probe	silence-begin	n/a	n/a	n/a	n/a	n/a
4184.398	0	2092199	prompt_window_begin	silent_probe	probe-nosapo-probe-begin	n/a	n/a	n/a	n/a	n/a
4191.110	0	2095555	clicker_press	silent_probe	response-received-page_up	n/a	n/a	n/a	n/a	page_up
4191.872	0	2095936	clicker_press	silent_probe	response-received-page_up	n/a	n/a	n/a	n/a	page_up
4192.740	0	2096370	clicker_press	silent_probe	response-received-page_up	n/a	n/a	n/a	n/a	page_up
4193.438	0	2096719	depth_rating	silent_probe	rating-nosapo-probe-meditation_depth-3	3	n/a	n/a	n/a	n/a
4199.784	0	2099892	clicker_press	silent_probe	response-received-page_up	n/a	n/a	n/a	n/a	page_up
4200.416	0	2100208	clicker_press	silent_probe	response-received-page_up	n/a	n/a	n/a	n/a	page_up
4201.182	0	2100591	clicker_press	silent_probe	response-received-page_up	n/a	n/a	n/a	n/a	page_up
4201.900	0	2100950	clicker_press	silent_probe	response-received-page_up	n/a	n/a	n/a	n/a	page_up
4202.598	0	2101299	clicker_press	silent_probe	response-received-page_up	n/a	n/a	n/a	n/a	page_up
4203.664	0	2101832	confidence_rating	silent_probe	rating-nosapo-probe-confidence_depth-5	n/a	5	n/a	n/a	n/a
4207.160	0	2103580	prompt_window_end	silent_probe	probe-nosapo-probe-end	n/a	n/a	n/a	n/a	n/a
4343.398	0	2171699	silence_end	silent_probe	silence-end	n/a	n/a	n/a	n/a	n/a
4343.398	0	2171699	gong_begin	silent_probe	gong-begin	n/a	n/a	n/a	n/a	n/a
4353.506	0	2176753	gong_end	silent_probe	gong-end	n/a	n/a	n/a	n/a	n/a
4353.506	0	2176753	subblock_end	silent_probe	subblock-end-duration-169.11	n/a	n/a	n/a	169.110	n/a
4353.506	0	2176753	subblock_begin	silent_probe	subblock-begin	n/a	n/a	n/a	n/a	n/a
4353.508	0	2176754	silence_begin	silent_probe	silence-begin	n/a	n/a	n/a	n/a	n/a
4392.174	0	2196087	prompt_window_begin	silent_probe	probe-nosapo-probe-begin	n/a	n/a	n/a	n/a	n/a
4398.718	0	2199359	clicker_press	silent_probe	response-received-page_up	n/a	n/a	n/a	n/a	page_up
4399.584	0	2199792	clicker_press	silent_probe	response-received-page_up	n/a	n/a	n/a	n/a	page_up
4400.366	0	2200183	clicker_press	silent_probe	response-received-page_up	n/a	n/a	n/a	n/a	page_up
4401.132	0	2200566	clicker_press	silent_probe	response-received-page_up	n/a	n/a	n/a	n/a	page_up
4401.250	0	2200625	depth_rating	silent_probe	rating-nosapo-probe-meditation_depth-4	4	n/a	n/a	n/a	n/a
4408.194	0	2204097	clicker_press	silent_probe	response-received-page_up	n/a	n/a	n/a	n/a	page_up
4408.976	0	2204488	clicker_press	silent_probe	response-received-page_up	n/a	n/a	n/a	n/a	page_up
4409.792	0	2204896	clicker_press	silent_probe	response-received-page_up	n/a	n/a	n/a	n/a	page_up
4410.642	0	2205321	clicker_press	silent_probe	response-received-page_up	n/a	n/a	n/a	n/a	page_up
4411.308	0	2205654	confidence_rating	silent_probe	rating-nosapo-probe-confidence_depth-4	n/a	4	n/a	n/a	n/a
4414.872	0	2207436	prompt_window_end	silent_probe	probe-nosapo-probe-end	n/a	n/a	n/a	n/a	n/a
4484.346	0	2242173	silence_end	silent_probe	silence-end	n/a	n/a	n/a	n/a	n/a
4484.348	0	2242174	gong_begin	silent_probe	gong-begin	n/a	n/a	n/a	n/a	n/a
4494.456	0	2247228	gong_end	silent_probe	gong-end	n/a	n/a	n/a	n/a	n/a
4494.456	0	2247228	subblock_end	silent_probe	subblock-end-duration-140.949	n/a	n/a	n/a	140.949	n/a
4494.456	0	2247228	subblock_begin	silent_probe	subblock-begin	n/a	n/a	n/a	n/a	n/a
4494.456	0	2247228	silence_begin	silent_probe	silence-begin	n/a	n/a	n/a	n/a	n/a
4604.880	0	2302440	prompt_window_begin	silent_probe	probe-nosapo-probe-begin	n/a	n/a	n/a	n/a	n/a
4611.526	0	2305763	clicker_press	silent_probe	response-received-page_up	n/a	n/a	n/a	n/a	page_up
4612.442	0	2306221	clicker_press	silent_probe	response-received-page_up	n/a	n/a	n/a	n/a	page_up
4613.290	0	2306645	clicker_press	silent_probe	response-received-page_up	n/a	n/a	n/a	n/a	page_up
4613.908	0	2306954	depth_rating	silent_probe	rating-nosapo-probe-meditation_depth-3	3	n/a	n/a	n/a	n/a
4620.302	0	2310151	clicker_press	silent_probe	response-received-page_up	n/a	n/a	n/a	n/a	page_up
4621.100	0	2310550	clicker_press	silent_probe	response-received-page_up	n/a	n/a	n/a	n/a	page_up
4621.850	0	2310925	clicker_press	silent_probe	response-received-page_up	n/a	n/a	n/a	n/a	page_up
4622.666	0	2311333	clicker_press	silent_probe	response-received-page_up	n/a	n/a	n/a	n/a	page_up
4623.482	0	2311741	clicker_press	silent_probe	response-received-page_up	n/a	n/a	n/a	n/a	page_up
4624.048	0	2312024	confidence_rating	silent_probe	rating-nosapo-probe-confidence_depth-5	n/a	5	n/a	n/a	n/a
4627.512	0	2313756	prompt_window_end	silent_probe	probe-nosapo-probe-end	n/a	n/a	n/a	n/a	n/a
4634.090	0	2317045	silence_end	silent_probe	silence-end	n/a	n/a	n/a	n/a	n/a
4634.092	0	2317046	gong_begin	silent_probe	gong-begin	n/a	n/a	n/a	n/a	n/a
4644.198	0	2322099	gong_end	silent_probe	gong-end	n/a	n/a	n/a	n/a	n/a
4644.200	0	2322100	subblock_end	silent_probe	subblock-end-duration-149.743	n/a	n/a	n/a	149.743	n/a
4644.200	0	2322100	subblock_begin	silent_probe	subblock-begin	n/a	n/a	n/a	n/a	n/a
4644.200	0	2322100	silence_begin	silent_probe	silence-begin	n/a	n/a	n/a	n/a	n/a
4746.530	0	2373265	silence_end	silent_probe	silence-end	n/a	n/a	n/a	n/a	n/a
4746.532	0	2373266	subblock_end	silent_probe	subblock-end-duration-102.331	n/a	n/a	n/a	102.331	n/a
4746.532	0	2373266	subblock_begin	silent_probe	subblock-begin	n/a	n/a	n/a	n/a	n/a
4746.532	0	2373266	silence_begin	silent_probe	silence-begin	n/a	n/a	n/a	n/a	n/a
4842.534	0	2421267	prompt_window_begin	silent_probe	probe-nosapo-probe-begin	n/a	n/a	n/a	n/a	n/a
4849.062	0	2424531	clicker_press	silent_probe	response-received-page_up	n/a	n/a	n/a	n/a	page_up
4849.878	0	2424939	clicker_press	silent_probe	response-received-page_up	n/a	n/a	n/a	n/a	page_up
4850.778	0	2425389	clicker_press	silent_probe	response-received-page_up	n/a	n/a	n/a	n/a	page_up
4851.610	0	2425805	depth_rating	silent_probe	rating-nosapo-probe-meditation_depth-3	3	n/a	n/a	n/a	n/a
4857.954	0	2428977	clicker_press	silent_probe	response-received-page_up	n/a	n/a	n/a	n/a	page_up
4859.070	0	2429535	clicker_press	silent_probe	response-received-page_up	n/a	n/a	n/a	n/a	page_up
4860.020	0	2430010	clicker_press	silent_probe	response-received-page_up	n/a	n/a	n/a	n/a	page_up
4861.202	0	2430601	clicker_press	silent_probe	response-received-page_up	n/a	n/a	n/a	n/a	page_up
4861.718	0	2430859	confidence_rating	silent_probe	rating-nosapo-probe-confidence_depth-4	n/a	4	n/a	n/a	n/a
4865.148	0	2432574	prompt_window_end	silent_probe	probe-nosapo-probe-end	n/a	n/a	n/a	n/a	n/a
4872.192	0	2436096	silence_end	silent_probe	silence-end	n/a	n/a	n/a	n/a	n/a
4872.192	0	2436096	gong_begin	silent_probe	gong-begin	n/a	n/a	n/a	n/a	n/a
4882.318	0	2441159	gong_end	silent_probe	gong-end	n/a	n/a	n/a	n/a	n/a
4882.318	0	2441159	subblock_end	silent_probe	subblock-end-duration-135.786	n/a	n/a	n/a	135.786	n/a
4882.318	0	2441159	subblock_begin	silent_probe	subblock-begin	n/a	n/a	n/a	n/a	n/a
4882.318	0	2441159	silence_begin	silent_probe	silence-begin	n/a	n/a	n/a	n/a	n/a
4984.498	0	2492249	silence_end	silent_probe	silence-end	n/a	n/a	n/a	n/a	n/a
4984.500	0	2492250	subblock_end	silent_probe	subblock-end-duration-102.181	n/a	n/a	n/a	102.181	n/a
4984.500	0	2492250	subblock_begin	silent_probe	subblock-begin	n/a	n/a	n/a	n/a	n/a
4984.500	0	2492250	silence_begin	silent_probe	silence-begin	n/a	n/a	n/a	n/a	n/a
5050.162	0	2525081	prompt_window_begin	silent_probe	probe-nosapo-probe-begin	n/a	n/a	n/a	n/a	n/a
5058.106	0	2529053	clicker_press	silent_probe	response-received-page_down	n/a	n/a	n/a	n/a	page_down
5059.186	0	2529593	depth_rating	silent_probe	rating-nosapo-probe-meditation_depth-1	1	n/a	n/a	n/a	n/a
5060.936	0	2530468	clicker_press	silent_probe	response-received-page_up	n/a	n/a	n/a	n/a	page_up
5061.902	0	2530951	clicker_press	silent_probe	response-received-page_up	n/a	n/a	n/a	n/a	page_up
5062.452	0	2531226	clicker_press	silent_probe	response-received-page_up	n/a	n/a	n/a	n/a	page_up
5065.482	0	2532741	clicker_press	silent_probe	response-received-page_up	n/a	n/a	n/a	n/a	page_up
5066.234	0	2533117	clicker_press	silent_probe	response-received-page_up	n/a	n/a	n/a	n/a	page_up
5066.864	0	2533432	clicker_press	silent_probe	response-received-page_up	n/a	n/a	n/a	n/a	page_up
5067.596	0	2533798	clicker_press	silent_probe	response-received-page_up	n/a	n/a	n/a	n/a	page_up
5068.280	0	2534140	clicker_press	silent_probe	response-received-page_up	n/a	n/a	n/a	n/a	page_up
5069.328	0	2534664	confidence_rating	silent_probe	rating-nosapo-probe-confidence_depth-8	n/a	8	n/a	n/a	n/a
5072.842	0	2536421	prompt_window_end	silent_probe	probe-nosapo-probe-end	n/a	n/a	n/a	n/a	n/a
5107.446	0	2553723	silence_end	silent_probe	silence-end	n/a	n/a	n/a	n/a	n/a
5107.448	0	2553724	gong_begin	silent_probe	gong-begin	n/a	n/a	n/a	n/a	n/a
5117.556	0	2558778	gong_end	silent_probe	gong-end	n/a	n/a	n/a	n/a	n/a
5117.558	0	2558779	subblock_end	silent_probe	subblock-end-duration-133.057	n/a	n/a	n/a	133.057	n/a
5117.558	0	2558779	subblock_begin	silent_probe	subblock-begin	n/a	n/a	n/a	n/a	n/a
5117.560	0	2558780	silence_begin	silent_probe	silence-begin	n/a	n/a	n/a	n/a	n/a
5236.106	0	2618053	silence_end	silent_probe	silence-end	n/a	n/a	n/a	n/a	n/a
5236.108	0	2618054	gong_begin	silent_probe	gong-begin	n/a	n/a	n/a	n/a	n/a
5246.250	0	2623125	gong_end	silent_probe	gong-end	n/a	n/a	n/a	n/a	n/a
5246.250	0	2623125	subblock_end	silent_probe	subblock-end-duration-128.692	n/a	n/a	n/a	128.692	n/a
5246.250	0	2623125	subblock_begin	silent_probe	subblock-begin	n/a	n/a	n/a	n/a	n/a
5246.252	0	2623126	silence_begin	silent_probe	silence-begin	n/a	n/a	n/a	n/a	n/a
5295.858	0	2647929	prompt_window_begin	silent_probe	probe-nosapo-probe-begin	n/a	n/a	n/a	n/a	n/a
5302.468	0	2651234	clicker_press	silent_probe	response-received-page_up	n/a	n/a	n/a	n/a	page_up
5303.184	0	2651592	clicker_press	silent_probe	response-received-page_up	n/a	n/a	n/a	n/a	page_up
5303.902	0	2651951	clicker_press	silent_probe	response-received-page_up	n/a	n/a	n/a	n/a	page_up
5304.816	0	2652408	clicker_press	silent_probe	response-received-page_up	n/a	n/a	n/a	n/a	page_up
5304.916	0	2652458	depth_rating	silent_probe	rating-nosapo-probe-meditation_depth-4	4	n/a	n/a	n/a	n/a
5311.078	0	2655539	clicker_press	silent_probe	response-received-page_up	n/a	n/a	n/a	n/a	page_up
5312.110	0	2656055	clicker_press	silent_probe	response-received-page_up	n/a	n/a	n/a	n/a	page_up
5313.194	0	2656597	clicker_press	silent_probe	response-received-page_up	n/a	n/a	n/a	n/a	page_up
5314.142	0	2657071	clicker_press	silent_probe	response-received-page_up	n/a	n/a	n/a	n/a	page_up
5314.992	0	2657496	confidence_rating	silent_probe	rating-nosapo-probe-confidence_depth-4	n/a	4	n/a	n/a	n/a
5318.456	0	2659228	prompt_window_end	silent_probe	probe-nosapo-probe-end	n/a	n/a	n/a	n/a	n/a
5377.906	0	2688953	silence_end	silent_probe	silence-end	n/a	n/a	n/a	n/a	n/a
5377.906	0	2688953	gong_begin	silent_probe	gong-begin	n/a	n/a	n/a	n/a	n/a
5388.030	0	2694015	gong_end	silent_probe	gong-end	n/a	n/a	n/a	n/a	n/a
5388.032	0	2694016	subblock_end	silent_probe	subblock-end-duration-141.781	n/a	n/a	n/a	141.781	n/a
5388.032	0	2694016	subblock_begin	silent_probe	subblock-begin	n/a	n/a	n/a	n/a	n/a
5388.032	0	2694016	silence_begin	silent_probe	silence-begin	n/a	n/a	n/a	n/a	n/a
5491.628	0	2745814	silence_end	silent_probe	silence-end	n/a	n/a	n/a	n/a	n/a
5491.630	0	2745815	subblock_end	silent_probe	subblock-end-duration-103.598	n/a	n/a	n/a	103.598	n/a
5491.630	0	2745815	subblock_begin	silent_probe	subblock-begin	n/a	n/a	n/a	n/a	n/a
5491.630	0	2745815	silence_begin	silent_probe	silence-begin	n/a	n/a	n/a	n/a	n/a
5545.466	0	2772733	prompt_window_begin	silent_probe	probe-nosapo-probe-begin	n/a	n/a	n/a	n/a	n/a
5553.062	0	2776531	clicker_press	silent_probe	response-received-page_up	n/a	n/a	n/a	n/a	page_up
5553.694	0	2776847	clicker_press	silent_probe	response-received-page_up	n/a	n/a	n/a	n/a	page_up
5554.476	0	2777238	clicker_press	silent_probe	response-received-page_up	n/a	n/a	n/a	n/a	page_up
5554.510	0	2777255	depth_rating	silent_probe	rating-nosapo-probe-meditation_depth-3	3	n/a	n/a	n/a	n/a
5562.054	0	2781027	clicker_press	silent_probe	response-received-page_up	n/a	n/a	n/a	n/a	page_up
5562.990	0	2781495	clicker_press	silent_probe	response-received-page_up	n/a	n/a	n/a	n/a	page_up
5563.636	0	2781818	clicker_press	silent_probe	response-received-page_up	n/a	n/a	n/a	n/a	page_up
5564.318	0	2782159	clicker_press	silent_probe	response-received-page_up	n/a	n/a	n/a	n/a	page_up
5564.652	0	2782326	confidence_rating	silent_probe	rating-nosapo-probe-confidence_depth-4	n/a	4	n/a	n/a	n/a
5568.150	0	2784075	prompt_window_end	silent_probe	probe-nosapo-probe-end	n/a	n/a	n/a	n/a	n/a
5627.866	0	2813933	silence_end	silent_probe	silence-end	n/a	n/a	n/a	n/a	n/a
5627.866	0	2813933	subblock_end	silent_probe	subblock-end-duration-136.236	n/a	n/a	n/a	136.236	n/a
5627.866	0	2813933	subblock_begin	silent_probe	subblock-begin	n/a	n/a	n/a	n/a	n/a
5627.868	0	2813934	silence_begin	silent_probe	silence-begin	n/a	n/a	n/a	n/a	n/a
5737.508	0	2868754	silence_end	silent_probe	silence-end	n/a	n/a	n/a	n/a	n/a
5737.508	0	2868754	gong_begin	silent_probe	gong-begin	n/a	n/a	n/a	n/a	n/a
5747.632	0	2873816	gong_end	silent_probe	gong-end	n/a	n/a	n/a	n/a	n/a
5747.634	0	2873817	subblock_end	silent_probe	subblock-end-duration-119.767	n/a	n/a	n/a	119.767	n/a
5747.634	0	2873817	subblock_begin	silent_probe	subblock-begin	n/a	n/a	n/a	n/a	n/a
5747.634	0	2873817	silence_begin	silent_probe	silence-begin	n/a	n/a	n/a	n/a	n/a
5774.210	0	2887105	prompt_window_begin	silent_probe	probe-nosapo-probe-begin	n/a	n/a	n/a	n/a	n/a
5781.038	0	2890519	clicker_press	silent_probe	response-received-page_up	n/a	n/a	n/a	n/a	page_up
5781.856	0	2890928	clicker_press	silent_probe	response-received-page_up	n/a	n/a	n/a	n/a	page_up
5782.588	0	2891294	clicker_press	silent_probe	response-received-page_up	n/a	n/a	n/a	n/a	page_up
5783.272	0	2891636	depth_rating	silent_probe	rating-nosapo-probe-meditation_depth-3	3	n/a	n/a	n/a	n/a
5787.950	0	2893975	clicker_press	silent_probe	response-received-page_up	n/a	n/a	n/a	n/a	page_up
5789.032	0	2894516	clicker_press	silent_probe	response-received-page_up	n/a	n/a	n/a	n/a	page_up
5790.148	0	2895074	clicker_press	silent_probe	response-received-page_up	n/a	n/a	n/a	n/a	page_up
5790.998	0	2895499	clicker_press	silent_probe	response-received-page_up	n/a	n/a	n/a	n/a	page_up
5793.494	0	2896747	confidence_rating	silent_probe	rating-nosapo-probe-confidence_depth-4	n/a	4	n/a	n/a	n/a
5796.942	0	2898471	prompt_window_end	silent_probe	probe-nosapo-probe-end	n/a	n/a	n/a	n/a	n/a
5890.414	0	2945207	silence_end	silent_probe	silence-end	n/a	n/a	n/a	n/a	n/a
5890.414	0	2945207	gong_begin	silent_probe	gong-begin	n/a	n/a	n/a	n/a	n/a
5900.506	0	2950253	gong_end	silent_probe	gong-end	n/a	n/a	n/a	n/a	n/a
5900.506	0	2950253	subblock_end	silent_probe	subblock-end-duration-152.873	n/a	n/a	n/a	152.873	n/a
5900.508	0	2950254	subblock_begin	silent_probe	subblock-begin	n/a	n/a	n/a	n/a	n/a
5900.508	0	2950254	silence_begin	silent_probe	silence-begin	n/a	n/a	n/a	n/a	n/a
5991.980	0	2995990	prompt_window_begin	silent_probe	probe-nosapo-probe-begin	n/a	n/a	n/a	n/a	n/a
5999.808	0	2999904	clicker_press	silent_probe	response-received-page_up	n/a	n/a	n/a	n/a	page_up
6000.424	0	3000212	clicker_press	silent_probe	response-received-page_up	n/a	n/a	n/a	n/a	page_up
6001.006	0	3000503	depth_rating	silent_probe	rating-nosapo-probe-meditation_depth-2	2	n/a	n/a	n/a	n/a
6002.288	0	3001144	clicker_press	silent_probe	response-received-page_up	n/a	n/a	n/a	n/a	page_up
6007.418	0	3003709	clicker_press	silent_probe	response-received-page_up	n/a	n/a	n/a	n/a	page_up
6008.184	0	3004092	clicker_press	silent_probe	response-received-page_up	n/a	n/a	n/a	n/a	page_up
6009.182	0	3004591	clicker_press	silent_probe	response-received-page_up	n/a	n/a	n/a	n/a	page_up
6009.932	0	3004966	clicker_press	silent_probe	response-received-page_up	n/a	n/a	n/a	n/a	page_up
6010.548	0	3005274	clicker_press	silent_probe	response-received-page_up	n/a	n/a	n/a	n/a	page_up
6011.064	0	3005532	confidence_rating	silent_probe	rating-nosapo-probe-confidence_depth-6	n/a	6	n/a	n/a	n/a
6014.544	0	3007272	prompt_window_end	silent_probe	probe-nosapo-probe-end	n/a	n/a	n/a	n/a	n/a
6030.548	0	3015274	silence_end	silent_probe	silence-end	n/a	n/a	n/a	n/a	n/a
6030.550	0	3015275	gong_begin	silent_probe	gong-begin	n/a	n/a	n/a	n/a	n/a
6040.706	0	3020353	gong_end	silent_probe	gong-end	n/a	n/a	n/a	n/a	n/a
6040.708	0	3020354	subblock_end	silent_probe	subblock-end-duration-140.2	n/a	n/a	n/a	140.200	n/a
6040.708	0	3020354	subblock_begin	silent_probe	subblock-begin	n/a	n/a	n/a	n/a	n/a
6040.708	0	3020354	silence_begin	silent_probe	silence-begin	n/a	n/a	n/a	n/a	n/a
6053.730	0	3026865	silent_probe_end	silent_probe	block-nosapo-probe-end	n/a	n/a	n/a	n/a	n/a
6053.730	0	3026865	block_duration	silent_probe	block-nosapo-probe-duration-2100	n/a	n/a	n/a	2100.000	n/a
6053.730	0	3026865	break_begin	break	break-begin	n/a	n/a	n/a	n/a	n/a
6190.448	0	3095224	clicker_press	break	response-received-enter	n/a	n/a	n/a	n/a	enter
6190.464	0	3095232	break_end	break	break-end	n/a	n/a	n/a	n/a	n/a
6294.496	0	3147248	clicker_press	n/a	response-received-page_up	n/a	n/a	n/a	n/a	page_up
6294.530	0	3147265	post_meditation_begin	post_meditation	post-meditation-begin	n/a	n/a	n/a	n/a	n/a
6594.580	0	3297290	post_meditation_end	post_meditation	post-meditation-end	n/a	n/a	n/a	n/a	n/a
6594.582	0	3297291	prompt_window_begin	post_meditation	probe-post-meditation-begin	n/a	n/a	n/a	n/a	n/a
6601.308	0	3300654	clicker_press	n/a	response-received-page_up	n/a	n/a	n/a	n/a	page_up
6602.174	0	3301087	clicker_press	n/a	response-received-page_up	n/a	n/a	n/a	n/a	page_up
6602.890	0	3301445	clicker_press	n/a	response-received-page_up	n/a	n/a	n/a	n/a	page_up
6603.606	0	3301803	depth_rating	post_meditation	rating-post-meditation-meditation_depth-3	3	n/a	n/a	n/a	n/a
6610.050	0	3305025	clicker_press	n/a	response-received-page_up	n/a	n/a	n/a	n/a	page_up
6611.100	0	3305550	clicker_press	n/a	response-received-page_up	n/a	n/a	n/a	n/a	page_up
6612.082	0	3306041	clicker_press	n/a	response-received-page_up	n/a	n/a	n/a	n/a	page_up
6612.948	0	3306474	clicker_press	n/a	response-received-page_up	n/a	n/a	n/a	n/a	page_up
6613.714	0	3306857	confidence_rating	post_meditation	rating-post-meditation-confidence_depth-4	n/a	4	n/a	n/a	n/a
6614.748	0	3307374	prompt_window_end	post_meditation	probe-post-meditation-end	n/a	n/a	n/a	n/a	n/a
6623.956	0	3311978	task_end	n/a	task-end	n/a	n/a	n/a	n/a	n/a
