onset	duration	sample	trial_type	block	value	depth	confidence	response_time	logged_duration	key
0.000	0	0	clicker_press	n/a	response-received-page_up	n/a	n/a	n/a	n/a	page_up
14.952	0	7476	clicker_press	n/a	response-received-page_up	n/a	n/a	n/a	n/a	page_up
34.920	0	17460	clicker_press	n/a	response-received-page_up	n/a	n/a	n/a	n/a	page_up
50.290	0	25145	clicker_press	n/a	response-received-page_down	n/a	n/a	n/a	n/a	page_down
72.322	0	36161	clicker_press	n/a	response-received-page_down	n/a	n/a	n/a	n/a	page_down
87.442	0	43721	clicker_press	n/a	response-received-page_down	n/a	n/a	n/a	n/a	page_down
100.448	0	50224	clicker_press	n/a	response-received-page_down	n/a	n/a	n/a	n/a	page_down
120.432	0	60216	clicker_press	n/a	response-received-page_down	n/a	n/a	n/a	n/a	page_down
120.466	0	60233	task_begin	n/a	task-begin	n/a	n/a	n/a	n/a	n/a
194.418	0	97209	clicker_press	n/a	response-received-page_up	n/a	n/a	n/a	n/a	page_up
194.452	0	97226	baseline_begin	baseline	baseline-begin	n/a	n/a	n/a	n/a	n/a
494.472	0	247236	baseline_end	baseline	baseline-end	n/a	n/a	n/a	n/a	n/a
592.040	0	296020	clicker_press	n/a	response-received-page_up	n/a	n/a	n/a	n/a	page_up
592.058	0	296029	pre_meditation_begin	pre_meditation	pre-meditation-begin	n/a	n/a	n/a	n/a	n/a
892.076	0	446038	pre_meditation_end	pre_meditation	pre-meditation-end	n/a	n/a	n/a	n/a	n/a
892.076	0	446038	prompt_window_begin	pre_meditation	probe-pre-meditation-begin	n/a	n/a	n/a	n/a	n/a
900.254	0	450127	clicker_press	n/a	response-received-page_up	n/a	n/a	n/a	n/a	page_up
900.950	0	450475	clicker_press	n/a	response-received-page_up	n/a	n/a	n/a	n/a	page_up
901.150	0	450575	depth_rating	pre_meditation	rating-pre-meditation-meditation_depth-2	2	n/a	n/a	n/a	n/a
907.696	0	453848	clicker_press	n/a	response-received-page_up	n/a	n/a	n/a	n/a	page_up
908.228	0	454114	clicker_press	n/a	response-received-page_up	n/a	n/a	n/a	n/a	page_up
908.728	0	454364	clicker_press	n/a	response-received-page_up	n/a	n/a	n/a	n/a	page_up
909.262	0	454631	clicker_press	n/a	response-received-page_up	n/a	n/a	n/a	n/a	page_up
911.260	0	455630	confidence_rating	pre_meditation	rating-pre-meditation-confidence_depth-4	n/a	4	n/a	n/a	n/a
912.342	0	456171	prompt_window_end	pre_meditation	probe-pre-meditation-end	n/a	n/a	n/a	n/a	n/a
1077.016	0	538508	clicker_press	n/a	response-received-page_up	n/a	n/a	n/a	n/a	page_up
1077.022	0	538511	silent_probe_begin	silent_probe	block-nosapo-probe-begin	n/a	n/a	n/a	n/a	n/a
1077.022	0	538511	subblock_begin	silent_probe	subblock-begin	n/a	n/a	n/a	n/a	n/a
1077.022	0	538511	silence_begin	silent_probe	silence-begin	n/a	n/a	n/a	n/a	n/a
1184.616	0	592308	silence_end	silent_probe	silence-end	n/a	n/a	n/a	n/a	n/a
1184.616	0	592308	gong_begin	silent_probe	gong-begin	n/a	n/a	n/a	n/a	n/a
1194.692	0	597346	gong_end	silent_probe	gong-end	n/a	n/a	n/a	n/a	n/a
1194.694	0	597347	subblock_end	silent_probe	subblock-end-duration-117.671	n/a	n/a	n/a	117.671	n/a
1194.694	0	597347	subblock_begin	silent_probe	subblock-begin	n/a	n/a	n/a	n/a	n/a
1194.694	0	597347	silence_begin	silent_probe	silence-begin	n/a	n/a	n/a	n/a	n/a
1301.036	0	650518	prompt_window_begin	silent_probe	probe-nosapo-probe-begin	n/a	n/a	n/a	n/a	n/a
1309.672	0	654836	clicker_press	silent_probe	response-received-page_up	n/a	n/a	n/a	n/a	page_up
1310.080	0	655040	depth_rating	silent_probe	rating-nosapo-probe-meditation_depth-1	1	n/a	n/a	n/a	n/a
1317.090	0	658545	clicker_press	silent_probe	response-received-page_up	n/a	n/a	n/a	n/a	page_up
1317.724	0	658862	clicker_press	silent_probe	response-received-page_up	n/a	n/a	n/a	n/a	page_up
1318.490	0	659245	clicker_press	silent_probe	response-received-page_up	n/a	n/a	n/a	n/a	page_up
1320.188	0	660094	confidence_rating	silent_probe	rating-nosapo-probe-confidence_depth-3	n/a	3	n/a	n/a	n/a
1323.652	0	661826	prompt_window_end	silent_probe	probe-nosapo-probe-end	n/a	n/a	n/a	n/a	n/a
1328.080	0	664040	silence_end	silent_probe	silence-end	n/a	n/a	n/a	n/a	n/a
1328.082	0	664041	gong_begin	silent_probe	gong-begin	n/a	n/a	n/a	n/a	n/a
1338.206	0	669103	gong_end	silent_probe	gong-end	n/a	n/a	n/a	n/a	n/a
1338.206	0	669103	subblock_end	silent_probe	subblock-end-duration-143.513	n/a	n/a	n/a	143.513	n/a
1338.208	0	669104	subblock_begin	silent_probe	subblock-begin	n/a	n/a	n/a	n/a	n/a
1338.208	0	669104	silence_begin	silent_probe	silence-begin	n/a	n/a	n/a	n/a	n/a
1440.788	0	720394	silence_end	silent_probe	silence-end	n/a	n/a	n/a	n/a	n/a
1440.790	0	720395	subblock_end	silent_probe	subblock-end-duration-102.582	n/a	n/a	n/a	102.582	n/a
1440.790	0	720395	subblock_begin	silent_probe	subblock-begin	n/a	n/a	n/a	n/a	n/a
1440.790	0	720395	silence_begin	silent_probe	silence-begin	n/a	n/a	n/a	n/a	n/a
1546.666	0	773333	prompt_window_begin	silent_probe	probe-nosapo-probe-begin	n/a	n/a	n/a	n/a	n/a
1555.146	0	777573	clicker_press	silent_probe	response-received-page_up	n/a	n/a	n/a	n/a	page_up
1555.660	0	777830	clicker_press	silent_probe	response-received-page_up	n/a	n/a	n/a	n/a	page_up
1555.810	0	777905	depth_rating	silent_probe	rating-nosapo-probe-meditation_depth-2	2	n/a	n/a	n/a	n/a
1562.340	0	781170	clicker_press	silent_probe	response-received-page_up	n/a	n/a	n/a	n/a	page_up
1562.886	0	781443	clicker_press	silent_probe	response-received-page_up	n/a	n/a	n/a	n/a	page_up
1563.402	0	781701	clicker_press	silent_probe	response-received-page_up	n/a	n/a	n/a	n/a	page_up
1564.020	0	782010	clicker_press	silent_probe	response-received-page_up	n/a	n/a	n/a	n/a	page_up
1565.884	0	782942	confidence_rating	silent_probe	rating-nosapo-probe-confidence_depth-4	n/a	4	n/a	n/a	n/a
1569.316	0	784658	prompt_window_end	silent_probe	probe-nosapo-probe-end	n/a	n/a	n/a	n/a	n/a
1581.938	0	790969	silence_end	silent_probe	silence-end	n/a	n/a	n/a	n/a	n/a
1581.938	0	790969	gong_begin	silent_probe	gong-begin	n/a	n/a	n/a	n/a	n/a
1592.096	0	796048	gong_end	silent_probe	gong-end	n/a	n/a	n/a	n/a	n/a
1592.096	0	796048	subblock_end	silent_probe	subblock-end-duration-151.306	n/a	n/a	n/a	151.306	n/a
1592.096	0	796048	subblock_begin	silent_probe	subblock-begin	n/a	n/a	n/a	n/a	n/a
1592.098	0	796049	silence_begin	silent_probe	silence-begin	n/a	n/a	n/a	n/a	n/a
1696.242	0	848121	silence_end	silent_probe	silence-end	n/a	n/a	n/a	n/a	n/a
1696.244	0	848122	gong_begin	silent_probe	gong-begin	n/a	n/a	n/a	n/a	n/a
1706.352	0	853176	gong_end	silent_probe	gong-end	n/a	n/a	n/a	n/a	n/a
1706.352	0	853176	subblock_end	silent_probe	subblock-end-duration-114.256	n/a	n/a	n/a	114.256	n/a
1706.352	0	853176	subblock_begin	silent_probe	subblock-begin	n/a	n/a	n/a	n/a	n/a
1706.354	0	853177	silence_begin	silent_probe	silence-begin	n/a	n/a	n/a	n/a	n/a
1757.408	0	878704	prompt_window_begin	silent_probe	probe-nosapo-probe-begin	n/a	n/a	n/a	n/a	n/a
1765.602	0	882801	clicker_press	silent_probe	response-received-page_up	n/a	n/a	n/a	n/a	page_up
1766.052	0	883026	clicker_press	silent_probe	response-received-page_up	n/a	n/a	n/a	n/a	page_up
1766.518	0	883259	clicker_press	silent_probe	response-received-page_up	n/a	n/a	n/a	n/a	page_up
1766.520	0	883260	depth_rating	silent_probe	rating-nosapo-probe-meditation_depth-3	3	n/a	n/a	n/a	n/a
1772.796	0	886398	clicker_press	silent_probe	response-received-page_up	n/a	n/a	n/a	n/a	page_up
1773.230	0	886615	clicker_press	silent_probe	response-received-page_up	n/a	n/a	n/a	n/a	page_up
1773.662	0	886831	clicker_press	silent_probe	response-received-page_up	n/a	n/a	n/a	n/a	page_up
1774.162	0	887081	clicker_press	silent_probe	response-received-page_up	n/a	n/a	n/a	n/a	page_up
1776.626	0	888313	confidence_rating	silent_probe	rating-nosapo-probe-confidence_depth-4	n/a	4	n/a	n/a	n/a
1780.106	0	890053	prompt_window_end	silent_probe	probe-nosapo-probe-end	n/a	n/a	n/a	n/a	n/a
1843.686	0	921843	silence_end	silent_probe	silence-end	n/a	n/a	n/a	n/a	n/a
1843.688	0	921844	subblock_end	silent_probe	subblock-end-duration-137.335	n/a	n/a	n/a	137.335	n/a
1843.688	0	921844	subblock_begin	silent_probe	subblock-begin	n/a	n/a	n/a	n/a	n/a
1843.688	0	921844	silence_begin	silent_probe	silence-begin	n/a	n/a	n/a	n/a	n/a
1958.510	0	979255	silence_end	silent_probe	silence-end	n/a	n/a	n/a	n/a	n/a
1958.510	0	979255	gong_begin	silent_probe	gong-begin	n/a	n/a	n/a	n/a	n/a
1968.700	0	984350	gong_end	silent_probe	gong-end	n/a	n/a	n/a	n/a	n/a
1968.702	0	984351	subblock_end	silent_probe	subblock-end-duration-125.013	n/a	n/a	n/a	125.013	n/a
1968.702	0	984351	subblock_begin	silent_probe	subblock-begin	n/a	n/a	n/a	n/a	n/a
1968.702	0	984351	silence_begin	silent_probe	silence-begin	n/a	n/a	n/a	n/a	n/a
1977.244	0	988622	prompt_window_begin	silent_probe	probe-nosapo-probe-begin	n/a	n/a	n/a	n/a	n/a
1984.544	0	992272	clicker_press	silent_probe	response-received-page_up	n/a	n/a	n/a	n/a	page_up
1986.352	0	993176	depth_rating	silent_probe	rating-nosapo-probe-meditation_depth-1	1	n/a	n/a	n/a	n/a
1992.680	0	996340	clicker_press	silent_probe	response-received-page_up	n/a	n/a	n/a	n/a	page_up
1993.164	0	996582	clicker_press	silent_probe	response-received-page_up	n/a	n/a	n/a	n/a	page_up
1993.680	0	996840	clicker_press	silent_probe	response-received-page_up	n/a	n/a	n/a	n/a	page_up
1996.528	0	998264	confidence_rating	silent_probe	rating-nosapo-probe-confidence_depth-3	n/a	3	n/a	n/a	n/a
1999.974	0	999987	prompt_window_end	silent_probe	probe-nosapo-probe-end	n/a	n/a	n/a	n/a	n/a
2106.884	0	1053442	silence_end	silent_probe	silence-end	n/a	n/a	n/a	n/a	n/a
2106.886	0	1053443	gong_begin	silent_probe	gong-begin	n/a	n/a	n/a	n/a	n/a
2116.994	0	1058497	gong_end	silent_probe	gong-end	n/a	n/a	n/a	n/a	n/a
2116.994	0	1058497	subblock_end	silent_probe	subblock-end-duration-148.293	n/a	n/a	n/a	148.293	n/a
2116.996	0	1058498	subblock_begin	silent_probe	subblock-begin	n/a	n/a	n/a	n/a	n/a
2116.996	0	1058498	silence_begin	silent_probe	silence-begin	n/a	n/a	n/a	n/a	n/a
2190.982	0	1095491	prompt_window_begin	silent_probe	probe-nosapo-probe-begin	n/a	n/a	n/a	n/a	n/a
2197.794	0	1098897	clicker_press	silent_probe	response-received-page_up	n/a	n/a	n/a	n/a	page_up
2198.410	0	1099205	clicker_press	silent_probe	response-received-page_up	n/a	n/a	n/a	n/a	page_up
2199.026	0	1099513	clicker_press	silent_probe	response-received-page_up	n/a	n/a	n/a	n/a	page_up
2200.142	0	1100071	depth_rating	silent_probe	rating-nosapo-probe-meditation_depth-3	3	n/a	n/a	n/a	n/a
2206.502	0	1103251	clicker_press	silent_probe	response-received-page_up	n/a	n/a	n/a	n/a	page_up
2206.954	0	1103477	clicker_press	silent_probe	response-received-page_up	n/a	n/a	n/a	n/a	page_up
2207.386	0	1103693	clicker_press	silent_probe	response-received-page_up	n/a	n/a	n/a	n/a	page_up
2207.868	0	1103934	clicker_press	silent_probe	response-received-page_up	n/a	n/a	n/a	n/a	page_up
2210.216	0	1105108	confidence_rating	silent_probe	rating-nosapo-probe-confidence_depth-4	n/a	4	n/a	n/a	n/a
2213.680	0	1106840	prompt_window_end	silent_probe	probe-nosapo-probe-end	n/a	n/a	n/a	n/a	n/a
2240.958	0	1120479	silence_end	silent_probe	silence-end	n/a	n/a	n/a	n/a	n/a
2240.960	0	1120480	subblock_end	silent_probe	subblock-end-duration-123.965	n/a	n/a	n/a	123.965	n/a
2240.960	0	1120480	subblock_begin	silent_probe	subblock-begin	n/a	n/a	n/a	n/a	n/a
2240.960	0	1120480	silence_begin	silent_probe	silence-begin	n/a	n/a	n/a	n/a	n/a
2342.774	0	1171387	silence_end	silent_probe	silence-end	n/a	n/a	n/a	n/a	n/a
2342.774	0	1171387	gong_begin	silent_probe	gong-begin	n/a	n/a	n/a	n/a	n/a
2352.882	0	1176441	gong_end	silent_probe	gong-end	n/a	n/a	n/a	n/a	n/a
2352.882	0	1176441	subblock_end	silent_probe	subblock-end-duration-111.923	n/a	n/a	n/a	111.923	n/a
2352.884	0	1176442	subblock_begin	silent_probe	subblock-begin	n/a	n/a	n/a	n/a	n/a
2352.884	0	1176442	silence_begin	silent_probe	silence-begin	n/a	n/a	n/a	n/a	n/a
2415.698	0	1207849	prompt_window_begin	silent_probe	probe-nosapo-probe-begin	n/a	n/a	n/a	n/a	n/a
2424.724	0	1212362	depth_rating	silent_probe	rating-nosapo-probe-meditation_depth-0	0	n/a	n/a	n/a	n/a
2430.968	0	1215484	clicker_press	silent_probe	response-received-page_up	n/a	n/a	n/a	n/a	page_up
2431.450	0	1215725	clicker_press	silent_probe	response-received-page_up	n/a	n/a	n/a	n/a	page_up
2431.884	0	1215942	clicker_press	silent_probe	response-received-page_up	n/a	n/a	n/a	n/a	page_up
2432.350	0	1216175	clicker_press	silent_probe	response-received-page_up	n/a	n/a	n/a	n/a	page_up
2434.798	0	1217399	confidence_rating	silent_probe	rating-nosapo-probe-confidence_depth-4	n/a	4	n/a	n/a	n/a
2438.294	0	1219147	prompt_window_end	silent_probe	probe-nosapo-probe-end	n/a	n/a	n/a	n/a	n/a
2475.946	0	1237973	silence_end	silent_probe	silence-end	n/a	n/a	n/a	n/a	n/a
2475.948	0	1237974	gong_begin	silent_probe	gong-begin	n/a	n/a	n/a	n/a	n/a
2486.138	0	1243069	gong_end	silent_probe	gong-end	n/a	n/a	n/a	n/a	n/a
2486.138	0	1243069	subblock_end	silent_probe	subblock-end-duration-133.256	n/a	n/a	n/a	133.256	n/a
2486.140	0	1243070	subblock_begin	silent_probe	subblock-begin	n/a	n/a	n/a	n/a	n/a
2486.140	0	1243070	silence_begin	silent_probe	silence-begin	n/a	n/a	n/a	n/a	n/a
2593.500	0	1296750	silence_end	silent_probe	silence-end	n/a	n/a	n/a	n/a	n/a
2593.500	0	1296750	subblock_end	silent_probe	subblock-end-duration-107.361	n/a	n/a	n/a	107.361	n/a
2593.500	0	1296750	subblock_begin	silent_probe	subblock-begin	n/a	n/a	n/a	n/a	n/a
2593.502	0	1296751	silence_begin	silent_probe	silence-begin	n/a	n/a	n/a	n/a	n/a
2671.368	0	1335684	prompt_window_begin	silent_probe	probe-nosapo-probe-begin	n/a	n/a	n/a	n/a	n/a
2678.064	0	1339032	clicker_press	silent_probe	response-received-page_up	n/a	n/a	n/a	n/a	page_up
2678.528	0	1339264	clicker_press	silent_probe	response-received-page_up	n/a	n/a	n/a	n/a	page_up
2678.944	0	1339472	clicker_press	silent_probe	response-received-page_up	n/a	n/a	n/a	n/a	page_up
2679.426	0	1339713	clicker_press	silent_probe	response-received-page_up	n/a	n/a	n/a	n/a	page_up
2680.394	0	1340197	depth_rating	silent_probe	rating-nosapo-probe-meditation_depth-4	4	n/a	n/a	n/a	n/a
2686.822	0	1343411	clicker_press	silent_probe	response-received-page_up	n/a	n/a	n/a	n/a	page_up
2687.238	0	1343619	clicker_press	silent_probe	response-received-page_up	n/a	n/a	n/a	n/a	page_up
2687.554	0	1343777	clicker_press	silent_probe	response-received-page_up	n/a	n/a	n/a	n/a	page_up
2688.004	0	1344002	clicker_press	silent_probe	response-received-page_up	n/a	n/a	n/a	n/a	page_up
2690.486	0	1345243	confidence_rating	silent_probe	rating-nosapo-probe-confidence_depth-4	n/a	4	n/a	n/a	n/a
2693.932	0	1346966	prompt_window_end	silent_probe	probe-nosapo-probe-end	n/a	n/a	n/a	n/a	n/a
2721.944	0	1360972	silence_end	silent_probe	silence-end	n/a	n/a	n/a	n/a	n/a
2721.944	0	1360972	subblock_end	silent_probe	subblock-end-duration-128.444	n/a	n/a	n/a	128.444	n/a
2721.946	0	1360973	subblock_begin	silent_probe	subblock-begin	n/a	n/a	n/a	n/a	n/a
2721.946	0	1360973	silence_begin	silent_probe	silence-begin	n/a	n/a	n/a	n/a	n/a
2824.258	0	1412129	silence_end	silent_probe	silence-end	n/a	n/a	n/a	n/a	n/a
2824.260	0	1412130	subblock_end	silent_probe	subblock-end-duration-102.314	n/a	n/a	n/a	102.314	n/a
2824.260	0	1412130	subblock_begin	silent_probe	subblock-begin	n/a	n/a	n/a	n/a	n/a
2824.260	0	1412130	silence_begin	silent_probe	silence-begin	n/a	n/a	n/a	n/a	n/a
2902.028	0	1451014	prompt_window_begin	silent_probe	probe-nosapo-probe-begin	n/a	n/a	n/a	n/a	n/a
2910.072	0	1455036	clicker_press	silent_probe	response-received-page_up	n/a	n/a	n/a	n/a	page_up
2910.554	0	1455277	clicker_press	silent_probe	response-received-page_up	n/a	n/a	n/a	n/a	page_up
2911.038	0	1455519	clicker_press	silent_probe	response-received-page_up	n/a	n/a	n/a	n/a	page_up
2911.120	0	1455560	depth_rating	silent_probe	rating-nosapo-probe-meditation_depth-3	3	n/a	n/a	n/a	n/a
2917.298	0	1458649	clicker_press	silent_probe	response-received-page_up	n/a	n/a	n/a	n/a	page_up
2917.764	0	1458882	clicker_press	silent_probe	response-received-page_up	n/a	n/a	n/a	n/a	page_up
2918.180	0	1459090	clicker_press	silent_probe	response-received-page_up	n/a	n/a	n/a	n/a	page_up
2918.746	0	1459373	clicker_press	silent_probe	response-received-page_up	n/a	n/a	n/a	n/a	page_up
2921.160	0	1460580	confidence_rating	silent_probe	rating-nosapo-probe-confidence_depth-4	n/a	4	n/a	n/a	n/a
2924.608	0	1462304	prompt_window_end	silent_probe	probe-nosapo-probe-end	n/a	n/a	n/a	n/a	n/a
2960.428	0	1480214	silence_end	silent_probe	silence-end	n/a	n/a	n/a	n/a	n/a
2960.430	0	1480215	gong_begin	silent_probe	gong-begin	n/a	n/a	n/a	n/a	n/a
2970.602	0	1485301	gong_end	silent_probe	gong-end	n/a	n/a	n/a	n/a	n/a
2970.604	0	1485302	subblock_end	silent_probe	subblock-end-duration-146.344	n/a	n/a	n/a	146.344	n/a
2970.604	0	1485302	subblock_begin	silent_probe	subblock-begin	n/a	n/a	n/a	n/a	n/a
2970.604	0	1485302	silence_begin	silent_probe	silence-begin	n/a	n/a	n/a	n/a	n/a
3087.158	0	1543579	silence_end	silent_probe	silence-end	n/a	n/a	n/a	n/a	n/a
3087.158	0	1543579	gong_begin	silent_probe	gong-begin	n/a	n/a	n/a	n/a	n/a
3097.248	0	1548624	gong_end	silent_probe	gong-end	n/a	n/a	n/a	n/a	n/a
3097.250	0	1548625	subblock_end	silent_probe	subblock-end-duration-126.646	n/a	n/a	n/a	126.646	n/a
3097.250	0	1548625	subblock_begin	silent_probe	subblock-begin	n/a	n/a	n/a	n/a	n/a
3097.250	0	1548625	silence_begin	silent_probe	silence-begin	n/a	n/a	n/a	n/a	n/a
3164.610	0	1582305	prompt_window_begin	silent_probe	probe-nosapo-probe-begin	n/a	n/a	n/a	n/a	n/a
3172.596	0	1586298	clicker_press	silent_probe	response-received-page_up	n/a	n/a	n/a	n/a	page_up
3173.284	0	1586642	clicker_press	silent_probe	response-received-page_up	n/a	n/a	n/a	n/a	page_up
3173.634	0	1586817	depth_rating	silent_probe	rating-nosapo-probe-meditation_depth-2	2	n/a	n/a	n/a	n/a
3175.500	0	1587750	clicker_press	silent_probe	response-received-page_up	n/a	n/a	n/a	n/a	page_up
3176.732	0	1588366	clicker_press	silent_probe	response-received-page_up	n/a	n/a	n/a	n/a	page_up
3177.682	0	1588841	clicker_press	silent_probe	response-received-page_up	n/a	n/a	n/a	n/a	page_up
3178.880	0	1589440	clicker_press	silent_probe	response-received-page_up	n/a	n/a	n/a	n/a	page_up
3183.776	0	1591888	confidence_rating	silent_probe	rating-nosapo-probe-confidence_depth-4	n/a	4	n/a	n/a	n/a
3187.258	0	1593629	prompt_window_end	silent_probe	probe-nosapo-probe-end	n/a	n/a	n/a	n/a	n/a
3187.406	0	1593703	silence_end	silent_probe	silence-end	n/a	n/a	n/a	n/a	n/a
3187.408	0	1593704	gong_begin	silent_probe	gong-begin	n/a	n/a	n/a	n/a	n/a
3197.532	0	1598766	gong_end	silent_probe	gong-end	n/a	n/a	n/a	n/a	n/a
3197.532	0	1598766	subblock_end	silent_probe	subblock-end-duration-100.281	n/a	n/a	n/a	100.281	n/a
3197.532	0	1598766	subblock_begin	silent_probe	subblock-begin	n/a	n/a	n/a	n/a	n/a
3197.532	0	1598766	silence_begin	silent_probe	silence-begin	n/a	n/a	n/a	n/a	n/a
3197.614	0	1598807	silent_probe_end	silent_probe	block-nosapo-probe-end	n/a	n/a	n/a	n/a	n/a
3197.614	0	1598807	block_duration	silent_probe	block-nosapo-probe-duration-2120	n/a	n/a	n/a	2120.000	n/a
3197.616	0	1598808	break_begin	break	break-begin	n/a	n/a	n/a	n/a	n/a
3394.086	0	1697043	clicker_press	break	response-received-enter	n/a	n/a	n/a	n/a	enter
3394.102	0	1697051	break_end	break	break-end	n/a	n/a	n/a	n/a	n/a
3511.106	0	1755553	clicker_press	n/a	response-received-page_up	n/a	n/a	n/a	n/a	page_up
3511.174	0	1755587	active_oddball_begin	active_oddball	active-oddball-begin	n/a	n/a	n/a	n/a	n/a
3511.182	0	1755591	standard_tone	active_oddball	standard	n/a	n/a	n/a	n/a	n/a
3512.188	0	1756094	distractor_noise	active_oddball	distractor	n/a	n/a	n/a	n/a	n/a
3513.236	0	1756618	standard_tone	active_oddball	standard	n/a	n/a	n/a	n/a	n/a
3514.370	0	1757185	standard_tone	active_oddball	standard	n/a	n/a	n/a	n/a	n/a
3515.402	0	1757701	standard_tone	active_oddball	standard	n/a	n/a	n/a	n/a	n/a
3516.418	0	1758209	standard_tone	active_oddball	standard	n/a	n/a	n/a	n/a	n/a
3517.550	0	1758775	oddball_tone	active_oddball	oddball	n/a	n/a	n/a	n/a	n/a
3518.432	0	1759216	clicker_press	active_oddball	response-received-page_up	n/a	n/a	n/a	n/a	page_up
3518.450	0	1759225	oddball_response	active_oddball	active-oddball-button-press-876ms	n/a	n/a	0.876	n/a	n/a
3518.566	0	1759283	standard_tone	active_oddball	standard	n/a	n/a	n/a	n/a	n/a
3519.598	0	1759799	standard_tone	active_oddball	standard	n/a	n/a	n/a	n/a	n/a
3520.632	0	1760316	oddball_tone	active_oddball	oddball	n/a	n/a	n/a	n/a	n/a
3521.596	0	1760798	clicker_press	active_oddball	response-received-page_up	n/a	n/a	n/a	n/a	page_up
3521.630	0	1760815	oddball_response	active_oddball	active-oddball-button-press-960ms	n/a	n/a	0.960	n/a	n/a
3521.746	0	1760873	standard_tone	active_oddball	standard	n/a	n/a	n/a	n/a	n/a
3522.778	0	1761389	oddball_tone	active_oddball	oddball	n/a	n/a	n/a	n/a	n/a
3523.778	0	1761889	clicker_press	active_oddball	response-received-page_up	n/a	n/a	n/a	n/a	page_up
3523.928	0	1761964	oddball_response	active_oddball	active-oddball-button-press-993ms	n/a	n/a	0.993	n/a	n/a
3523.930	0	1761965	standard_tone	active_oddball	standard	n/a	n/a	n/a	n/a	n/a
3524.978	0	1762489	standard_tone	active_oddball	standard	n/a	n/a	n/a	n/a	n/a
3525.994	0	1762997	standard_tone	active_oddball	standard	n/a	n/a	n/a	n/a	n/a
3527.076	0	1763538	standard_tone	active_oddball	standard	n/a	n/a	n/a	n/a	n/a
3528.108	0	1764054	standard_tone	active_oddball	standard	n/a	n/a	n/a	n/a	n/a
3529.140	0	1764570	standard_tone	active_oddball	standard	n/a	n/a	n/a	n/a	n/a
3530.156	0	1765078	standard_tone	active_oddball	standard	n/a	n/a	n/a	n/a	n/a
3531.206	0	1765603	distractor_noise	active_oddball	distractor	n/a	n/a	n/a	n/a	n/a
3532.222	0	1766111	standard_tone	active_oddball	standard	n/a	n/a	n/a	n/a	n/a
3533.254	0	1766627	oddball_tone	active_oddball	oddball	n/a	n/a	n/a	n/a	n/a
3534.070	0	1767035	clicker_press	active_oddball	response-received-page_up	n/a	n/a	n/a	n/a	page_up
3534.104	0	1767052	oddball_response	active_oddball	active-oddball-button-press-808ms	n/a	n/a	0.808	n/a	n/a
3534.270	0	1767135	distractor_noise	active_oddball	distractor	n/a	n/a	n/a	n/a	n/a
3535.336	0	1767668	standard_tone	active_oddball	standard	n/a	n/a	n/a	n/a	n/a
3536.368	0	1768184	standard_tone	active_oddball	standard	n/a	n/a	n/a	n/a	n/a
3537.418	0	1768709	standard_tone	active_oddball	standard	n/a	n/a	n/a	n/a	n/a
3538.432	0	1769216	oddball_tone	active_oddball	oddball	n/a	n/a	n/a	n/a	n/a
3539.266	0	1769633	clicker_press	active_oddball	response-received-page_up	n/a	n/a	n/a	n/a	page_up
3539.316	0	1769658	oddball_response	active_oddball	active-oddball-button-press-827ms	n/a	n/a	0.827	n/a	n/a
3539.448	0	1769724	standard_tone	active_oddball	standard	n/a	n/a	n/a	n/a	n/a
3540.482	0	1770241	standard_tone	active_oddball	standard	n/a	n/a	n/a	n/a	n/a
3541.530	0	1770765	standard_tone	active_oddball	standard	n/a	n/a	n/a	n/a	n/a
3542.596	0	1771298	standard_tone	active_oddball	standard	n/a	n/a	n/a	n/a	n/a
3543.644	0	1771822	oddball_tone	active_oddball	oddball	n/a	n/a	n/a	n/a	n/a
3544.578	0	1772289	clicker_press	active_oddball	response-received-page_up	n/a	n/a	n/a	n/a	page_up
3544.594	0	1772297	oddball_response	active_oddball	active-oddball-button-press-929ms	n/a	n/a	0.929	n/a	n/a
3544.694	0	1772347	standard_tone	active_oddball	standard	n/a	n/a	n/a	n/a	n/a
3545.710	0	1772855	standard_tone	active_oddball	standard	n/a	n/a	n/a	n/a	n/a
3546.726	0	1773363	standard_tone	active_oddball	standard	n/a	n/a	n/a	n/a	n/a
3547.742	0	1773871	oddball_tone	active_oddball	oddball	n/a	n/a	n/a	n/a	n/a
3548.696	0	1774348	clicker_press	active_oddball	response-received-page_up	n/a	n/a	n/a	n/a	page_up
3548.958	0	1774479	oddball_response	active_oddball	active-oddball-button-press-946ms	n/a	n/a	0.946	n/a	n/a
3548.960	0	1774480	standard_tone	active_oddball	standard	n/a	n/a	n/a	n/a	n/a
3549.990	0	1774995	standard_tone	active_oddball	standard	n/a	n/a	n/a	n/a	n/a
3551.072	0	1775536	standard_tone	active_oddball	standard	n/a	n/a	n/a	n/a	n/a
3552.104	0	1776052	standard_tone	active_oddball	standard	n/a	n/a	n/a	n/a	n/a
3553.138	0	1776569	oddball_tone	active_oddball	oddball	n/a	n/a	n/a	n/a	n/a
3554.154	0	1777077	standard_tone	active_oddball	standard	n/a	n/a	n/a	n/a	n/a
3554.170	0	1777085	clicker_press	active_oddball	response-received-page_up	n/a	n/a	n/a	n/a	page_up
3554.186	0	1777093	oddball_response	active_oddball	active-oddball-button-press-10ms	n/a	n/a	0.010	n/a	n/a
3555.236	0	1777618	oddball_tone	active_oddball	oddball	n/a	n/a	n/a	n/a	n/a
3556.234	0	1778117	clicker_press	active_oddball	response-received-page_up	n/a	n/a	n/a	n/a	page_up
3556.284	0	1778142	oddball_response	active_oddball	active-oddball-button-press-993ms	n/a	n/a	0.993	n/a	n/a
3556.286	0	1778143	standard_tone	active_oddball	standard	n/a	n/a	n/a	n/a	n/a
3557.300	0	1778650	distractor_noise	active_oddball	distractor	n/a	n/a	n/a	n/a	n/a
3558.332	0	1779166	standard_tone	active_oddball	standard	n/a	n/a	n/a	n/a	n/a
3559.350	0	1779675	distractor_noise	active_oddball	distractor	n/a	n/a	n/a	n/a	n/a
3560.364	0	1780182	standard_tone	active_oddball	standard	n/a	n/a	n/a	n/a	n/a
3561.396	0	1780698	standard_tone	active_oddball	standard	n/a	n/a	n/a	n/a	n/a
3562.446	0	1781223	standard_tone	active_oddball	standard	n/a	n/a	n/a	n/a	n/a
3563.462	0	1781731	standard_tone	active_oddball	standard	n/a	n/a	n/a	n/a	n/a
3564.578	0	1782289	standard_tone	active_oddball	standard	n/a	n/a	n/a	n/a	n/a
3565.594	0	1782797	distractor_noise	active_oddball	distractor	n/a	n/a	n/a	n/a	n/a
3566.626	0	1783313	standard_tone	active_oddball	standard	n/a	n/a	n/a	n/a	n/a
3567.658	0	1783829	oddball_tone	active_oddball	oddball	n/a	n/a	n/a	n/a	n/a
3568.474	0	1784237	clicker_press	active_oddball	response-received-page_up	n/a	n/a	n/a	n/a	page_up
3568.508	0	1784254	oddball_response	active_oddball	active-oddball-button-press-809ms	n/a	n/a	0.809	n/a	n/a
3568.724	0	1784362	standard_tone	active_oddball	standard	n/a	n/a	n/a	n/a	n/a
3569.774	0	1784887	standard_tone	active_oddball	standard	n/a	n/a	n/a	n/a	n/a
3570.806	0	1785403	standard_tone	active_oddball	standard	n/a	n/a	n/a	n/a	n/a
3571.822	0	1785911	standard_tone	active_oddball	standard	n/a	n/a	n/a	n/a	n/a
3572.854	0	1786427	standard_tone	active_oddball	standard	n/a	n/a	n/a	n/a	n/a
3573.870	0	1786935	standard_tone	active_oddball	standard	n/a	n/a	n/a	n/a	n/a
3574.918	0	1787459	standard_tone	active_oddball	standard	n/a	n/a	n/a	n/a	n/a
3575.952	0	1787976	standard_tone	active_oddball	standard	n/a	n/a	n/a	n/a	n/a
3576.968	0	1788484	standard_tone	active_oddball	standard	n/a	n/a	n/a	n/a	n/a
3577.984	0	1788992	distractor_noise	active_oddball	distractor	n/a	n/a	n/a	n/a	n/a
3579.016	0	1789508	oddball_tone	active_oddball	oddball	n/a	n/a	n/a	n/a	n/a
3580.032	0	1790016	clicker_press	active_oddball	response-received-page_up	n/a	n/a	n/a	n/a	page_up
3580.066	0	1790033	oddball_response	active_oddball	active-oddball-button-press-1013ms	n/a	n/a	1.013	n/a	n/a
3580.066	0	1790033	standard_tone	active_oddball	standard	n/a	n/a	n/a	n/a	n/a
3581.080	0	1790540	standard_tone	active_oddball	standard	n/a	n/a	n/a	n/a	n/a
3582.196	0	1791098	distractor_noise	active_oddball	distractor	n/a	n/a	n/a	n/a	n/a
3583.230	0	1791615	standard_tone	active_oddball	standard	n/a	n/a	n/a	n/a	n/a
3584.294	0	1792147	standard_tone	active_oddball	standard	n/a	n/a	n/a	n/a	n/a
3585.326	0	1792663	standard_tone	active_oddball	standard	n/a	n/a	n/a	n/a	n/a
3586.376	0	1793188	oddball_tone	active_oddball	oddball	n/a	n/a	n/a	n/a	n/a
3587.326	0	1793663	clicker_press	active_oddball	response-received-page_up	n/a	n/a	n/a	n/a	page_up
3587.376	0	1793688	oddball_response	active_oddball	active-oddball-button-press-942ms	n/a	n/a	0.942	n/a	n/a
3587.442	0	1793721	standard_tone	active_oddball	standard	n/a	n/a	n/a	n/a	n/a
3588.474	0	1794237	standard_tone	active_oddball	standard	n/a	n/a	n/a	n/a	n/a
3589.524	0	1794762	standard_tone	active_oddball	standard	n/a	n/a	n/a	n/a	n/a
3590.556	0	1795278	oddball_tone	active_oddball	oddball	n/a	n/a	n/a	n/a	n/a
3591.556	0	1795778	clicker_press	active_oddball	response-received-page_up	n/a	n/a	n/a	n/a	page_up
3591.590	0	1795795	oddball_response	active_oddball	active-oddball-button-press-992ms	n/a	n/a	0.992	n/a	n/a
3591.590	0	1795795	standard_tone	active_oddball	standard	n/a	n/a	n/a	n/a	n/a
3592.606	0	1796303	standard_tone	active_oddball	standard	n/a	n/a	n/a	n/a	n/a
3593.620	0	1796810	standard_tone	active_oddball	standard	n/a	n/a	n/a	n/a	n/a
3594.636	0	1797318	distractor_noise	active_oddball	distractor	n/a	n/a	n/a	n/a	n/a
3595.652	0	1797826	standard_tone	active_oddball	standard	n/a	n/a	n/a	n/a	n/a
3596.668	0	1798334	standard_tone	active_oddball	standard	n/a	n/a	n/a	n/a	n/a
3597.700	0	1798850	standard_tone	active_oddball	standard	n/a	n/a	n/a	n/a	n/a
3598.732	0	1799366	standard_tone	active_oddball	standard	n/a	n/a	n/a	n/a	n/a
3599.782	0	1799891	standard_tone	active_oddball	standard	n/a	n/a	n/a	n/a	n/a
3600.798	0	1800399	standard_tone	active_oddball	standard	n/a	n/a	n/a	n/a	n/a
3601.814	0	1800907	standard_tone	active_oddball	standard	n/a	n/a	n/a	n/a	n/a
3602.880	0	1801440	standard_tone	active_oddball	standard	n/a	n/a	n/a	n/a	n/a
3603.928	0	1801964	standard_tone	active_oddball	standard	n/a	n/a	n/a	n/a	n/a
3604.994	0	1802497	standard_tone	active_oddball	standard	n/a	n/a	n/a	n/a	n/a
3606.010	0	1803005	standard_tone	active_oddball	standard	n/a	n/a	n/a	n/a	n/a
3607.026	0	1803513	standard_tone	active_oddball	standard	n/a	n/a	n/a	n/a	n/a
3608.058	0	1804029	standard_tone	active_oddball	standard	n/a	n/a	n/a	n/a	n/a
3609.124	0	1804562	standard_tone	active_oddball	standard	n/a	n/a	n/a	n/a	n/a
3610.174	0	1805087	standard_tone	active_oddball	standard	n/a	n/a	n/a	n/a	n/a
3611.190	0	1805595	standard_tone	active_oddball	standard	n/a	n/a	n/a	n/a	n/a
3612.288	0	1806144	oddball_tone	active_oddball	oddball	n/a	n/a	n/a	n/a	n/a
3613.370	0	1806685	standard_tone	active_oddball	standard	n/a	n/a	n/a	n/a	n/a
3613.388	0	1806694	clicker_press	active_oddball	response-received-page_up	n/a	n/a	n/a	n/a	page_up
3613.404	0	1806702	oddball_response	active_oddball	active-oddball-button-press-11ms	n/a	n/a	0.011	n/a	n/a
3614.386	0	1807193	standard_tone	active_oddball	standard	n/a	n/a	n/a	n/a	n/a
3615.436	0	1807718	standard_tone	active_oddball	standard	n/a	n/a	n/a	n/a	n/a
3616.452	0	1808226	standard_tone	active_oddball	standard	n/a	n/a	n/a	n/a	n/a
3617.484	0	1808742	standard_tone	active_oddball	standard	n/a	n/a	n/a	n/a	n/a
3618.500	0	1809250	standard_tone	active_oddball	standard	n/a	n/a	n/a	n/a	n/a
3619.532	0	1809766	standard_tone	active_oddball	standard	n/a	n/a	n/a	n/a	n/a
3620.548	0	1810274	standard_tone	active_oddball	standard	n/a	n/a	n/a	n/a	n/a
3621.580	0	1810790	standard_tone	active_oddball	standard	n/a	n/a	n/a	n/a	n/a
3622.612	0	1811306	standard_tone	active_oddball	standard	n/a	n/a	n/a	n/a	n/a
3623.628	0	1811814	standard_tone	active_oddball	standard	n/a	n/a	n/a	n/a	n/a
3624.678	0	1812339	oddball_tone	active_oddball	oddball	n/a	n/a	n/a	n/a	n/a
3625.660	0	1812830	clicker_press	active_oddball	response-received-page_up	n/a	n/a	n/a	n/a	page_up
3625.694	0	1812847	oddball_response	active_oddball	active-oddball-button-press-975ms	n/a	n/a	0.975	n/a	n/a
3625.696	0	1812848	distractor_noise	active_oddball	distractor	n/a	n/a	n/a	n/a	n/a
3626.760	0	1813380	standard_tone	active_oddball	standard	n/a	n/a	n/a	n/a	n/a
3627.808	0	1813904	standard_tone	active_oddball	standard	n/a	n/a	n/a	n/a	n/a
3628.824	0	1814412	standard_tone	active_oddball	standard	n/a	n/a	n/a	n/a	n/a
3629.840	0	1814920	standard_tone	active_oddball	standard	n/a	n/a	n/a	n/a	n/a
3631.006	0	1815503	standard_tone	active_oddball	standard	n/a	n/a	n/a	n/a	n/a
3632.022	0	1816011	standard_tone	active_oddball	standard	n/a	n/a	n/a	n/a	n/a
3633.038	0	1816519	oddball_tone	active_oddball	oddball	n/a	n/a	n/a	n/a	n/a
3634.070	0	1817035	standard_tone	active_oddball	standard	n/a	n/a	n/a	n/a	n/a
3634.170	0	1817085	clicker_press	active_oddball	response-received-page_up	n/a	n/a	n/a	n/a	page_up
3634.204	0	1817102	oddball_response	active_oddball	active-oddball-button-press-93ms	n/a	n/a	0.093	n/a	n/a
3635.136	0	1817568	standard_tone	active_oddball	standard	n/a	n/a	n/a	n/a	n/a
3636.168	0	1818084	standard_tone	active_oddball	standard	n/a	n/a	n/a	n/a	n/a
3637.184	0	1818592	standard_tone	active_oddball	standard	n/a	n/a	n/a	n/a	n/a
3638.200	0	1819100	standard_tone	active_oddball	standard	n/a	n/a	n/a	n/a	n/a
3639.250	0	1819625	standard_tone	active_oddball	standard	n/a	n/a	n/a	n/a	n/a
3640.264	0	1820132	standard_tone	active_oddball	standard	n/a	n/a	n/a	n/a	n/a
3641.314	0	1820657	distractor_noise	active_oddball	distractor	n/a	n/a	n/a	n/a	n/a
3642.330	0	1821165	oddball_tone	active_oddball	oddball	n/a	n/a	n/a	n/a	n/a
3643.178	0	1821589	clicker_press	active_oddball	response-received-page_up	n/a	n/a	n/a	n/a	page_up
3643.246	0	1821623	oddball_response	active_oddball	active-oddball-button-press-842ms	n/a	n/a	0.842	n/a	n/a
3643.412	0	1821706	standard_tone	active_oddball	standard	n/a	n/a	n/a	n/a	n/a
3644.446	0	1822223	oddball_tone	active_oddball	oddball	n/a	n/a	n/a	n/a	n/a
3645.464	0	1822732	clicker_press	active_oddball	response-received-page_up	n/a	n/a	n/a	n/a	page_up
3645.464	0	1822732	oddball_response	active_oddball	active-oddball-button-press-1010ms	n/a	n/a	1.010	n/a	n/a
3645.466	0	1822733	standard_tone	active_oddball	standard	n/a	n/a	n/a	n/a	n/a
3646.476	0	1823238	standard_tone	active_oddball	standard	n/a	n/a	n/a	n/a	n/a
3647.492	0	1823746	standard_tone	active_oddball	standard	n/a	n/a	n/a	n/a	n/a
3648.524	0	1824262	standard_tone	active_oddball	standard	n/a	n/a	n/a	n/a	n/a
3649.590	0	1824795	standard_tone	active_oddball	standard	n/a	n/a	n/a	n/a	n/a
3650.606	0	1825303	standard_tone	active_oddball	standard	n/a	n/a	n/a	n/a	n/a
3651.622	0	1825811	standard_tone	active_oddball	standard	n/a	n/a	n/a	n/a	n/a
3652.638	0	1826319	distractor_noise	active_oddball	distractor	n/a	n/a	n/a	n/a	n/a
3653.670	0	1826835	standard_tone	active_oddball	standard	n/a	n/a	n/a	n/a	n/a
3654.704	0	1827352	standard_tone	active_oddball	standard	n/a	n/a	n/a	n/a	n/a
3655.736	0	1827868	oddball_tone	active_oddball	oddball	n/a	n/a	n/a	n/a	n/a
3656.618	0	1828309	clicker_press	active_oddball	response-received-page_up	n/a	n/a	n/a	n/a	page_up
3656.652	0	1828326	oddball_response	active_oddball	active-oddball-button-press-876ms	n/a	n/a	0.876	n/a	n/a
3656.752	0	1828376	distractor_noise	active_oddball	distractor	n/a	n/a	n/a	n/a	n/a
3657.784	0	1828892	standard_tone	active_oddball	standard	n/a	n/a	n/a	n/a	n/a
3658.800	0	1829400	standard_tone	active_oddball	standard	n/a	n/a	n/a	n/a	n/a
3659.816	0	1829908	standard_tone	active_oddball	standard	n/a	n/a	n/a	n/a	n/a
3660.864	0	1830432	standard_tone	active_oddball	standard	n/a	n/a	n/a	n/a	n/a
3661.880	0	1830940	standard_tone	active_oddball	standard	n/a	n/a	n/a	n/a	n/a
3662.912	0	1831456	standard_tone	active_oddball	standard	n/a	n/a	n/a	n/a	n/a
3663.946	0	1831973	standard_tone	active_oddball	standard	n/a	n/a	n/a	n/a	n/a
3664.978	0	1832489	distractor_noise	active_oddball	distractor	n/a	n/a	n/a	n/a	n/a
3666.010	0	1833005	standard_tone	active_oddball	standard	n/a	n/a	n/a	n/a	n/a
3667.060	0	1833530	standard_tone	active_oddball	standard	n/a	n/a	n/a	n/a	n/a
3668.076	0	1834038	standard_tone	active_oddball	standard	n/a	n/a	n/a	n/a	n/a
3669.158	0	1834579	standard_tone	active_oddball	standard	n/a	n/a	n/a	n/a	n/a
3670.190	0	1835095	standard_tone	active_oddball	standard	n/a	n/a	n/a	n/a	n/a
3671.222	0	1835611	standard_tone	active_oddball	standard	n/a	n/a	n/a	n/a	n/a
3672.272	0	1836136	standard_tone	active_oddball	standard	n/a	n/a	n/a	n/a	n/a
3673.370	0	1836685	distractor_noise	active_oddball	distractor	n/a	n/a	n/a	n/a	n/a
3674.470	0	1837235	standard_tone	active_oddball	standard	n/a	n/a	n/a	n/a	n/a
3675.486	0	1837743	standard_tone	active_oddball	standard	n/a	n/a	n/a	n/a	n/a
3676.502	0	1838251	standard_tone	active_oddball	standard	n/a	n/a	n/a	n/a	n/a
3677.568	0	1838784	standard_tone	active_oddball	standard	n/a	n/a	n/a	n/a	n/a
3678.584	0	1839292	standard_tone	active_oddball	standard	n/a	n/a	n/a	n/a	n/a
3679.600	0	1839800	standard_tone	active_oddball	standard	n/a	n/a	n/a	n/a	n/a
3680.848	0	1840424	standard_tone	active_oddball	standard	n/a	n/a	n/a	n/a	n/a
3681.898	0	1840949	standard_tone	active_oddball	standard	n/a	n/a	n/a	n/a	n/a
3682.912	0	1841456	standard_tone	active_oddball	standard	n/a	n/a	n/a	n/a	n/a
3683.946	0	1841973	standard_tone	active_oddball	standard	n/a	n/a	n/a	n/a	n/a
3685.062	0	1842531	standard_tone	active_oddball	standard	n/a	n/a	n/a	n/a	n/a
3686.160	0	1843080	standard_tone	active_oddball	standard	n/a	n/a	n/a	n/a	n/a
3687.260	0	1843630	distractor_noise	active_oddball	distractor	n/a	n/a	n/a	n/a	n/a
3688.342	0	1844171	standard_tone	active_oddball	standard	n/a	n/a	n/a	n/a	n/a
3689.424	0	1844712	standard_tone	active_oddball	standard	n/a	n/a	n/a	n/a	n/a
3690.474	0	1845237	standard_tone	active_oddball	standard	n/a	n/a	n/a	n/a	n/a
3691.490	0	1845745	standard_tone	active_oddball	standard	n/a	n/a	n/a	n/a	n/a
3692.572	0	1846286	standard_tone	active_oddball	standard	n/a	n/a	n/a	n/a	n/a
3693.670	0	1846835	standard_tone	active_oddball	standard	n/a	n/a	n/a	n/a	n/a
3694.736	0	1847368	standard_tone	active_oddball	standard	n/a	n/a	n/a	n/a	n/a
3695.918	0	1847959	oddball_tone	active_oddball	oddball	n/a	n/a	n/a	n/a	n/a
3696.852	0	1848426	clicker_press	active_oddball	response-received-page_up	n/a	n/a	n/a	n/a	page_up
3696.934	0	1848467	oddball_response	active_oddball	active-oddball-button-press-926ms	n/a	n/a	0.926	n/a	n/a
3696.936	0	1848468	standard_tone	active_oddball	standard	n/a	n/a	n/a	n/a	n/a
3697.968	0	1848984	standard_tone	active_oddball	standard	n/a	n/a	n/a	n/a	n/a
3699.000	0	1849500	oddball_tone	active_oddball	oddball	n/a	n/a	n/a	n/a	n/a
3700.048	0	1850024	standard_tone	active_oddball	standard	n/a	n/a	n/a	n/a	n/a
3700.398	0	1850199	clicker_press	active_oddball	response-received-page_up	n/a	n/a	n/a	n/a	page_up
3700.416	0	1850208	oddball_response	active_oddball	active-oddball-button-press-344ms	n/a	n/a	0.344	n/a	n/a
3701.082	0	1850541	standard_tone	active_oddball	standard	n/a	n/a	n/a	n/a	n/a
3702.098	0	1851049	standard_tone	active_oddball	standard	n/a	n/a	n/a	n/a	n/a
3703.214	0	1851607	standard_tone	active_oddball	standard	n/a	n/a	n/a	n/a	n/a
3704.280	0	1852140	distractor_noise	active_oddball	distractor	n/a	n/a	n/a	n/a	n/a
3705.328	0	1852664	standard_tone	active_oddball	standard	n/a	n/a	n/a	n/a	n/a
3706.410	0	1853205	standard_tone	active_oddball	standard	n/a	n/a	n/a	n/a	n/a
3707.476	0	1853738	standard_tone	active_oddball	standard	n/a	n/a	n/a	n/a	n/a
3708.524	0	1854262	standard_tone	active_oddball	standard	n/a	n/a	n/a	n/a	n/a
3709.574	0	1854787	standard_tone	active_oddball	standard	n/a	n/a	n/a	n/a	n/a
3710.590	0	1855295	distractor_noise	active_oddball	distractor	n/a	n/a	n/a	n/a	n/a
3711.606	0	1855803	standard_tone	active_oddball	standard	n/a	n/a	n/a	n/a	n/a
3712.638	0	1856319	standard_tone	active_oddball	standard	n/a	n/a	n/a	n/a	n/a
3713.720	0	1856860	standard_tone	active_oddball	standard	n/a	n/a	n/a	n/a	n/a
3714.820	0	1857410	distractor_noise	active_oddball	distractor	n/a	n/a	n/a	n/a	n/a
3715.886	0	1857943	standard_tone	active_oddball	standard	n/a	n/a	n/a	n/a	n/a
3716.968	0	1858484	standard_tone	active_oddball	standard	n/a	n/a	n/a	n/a	n/a
3718.034	0	1859017	standard_tone	active_oddball	standard	n/a	n/a	n/a	n/a	n/a
3719.050	0	1859525	standard_tone	active_oddball	standard	n/a	n/a	n/a	n/a	n/a
3720.100	0	1860050	standard_tone	active_oddball	standard	n/a	n/a	n/a	n/a	n/a
3721.198	0	1860599	standard_tone	active_oddball	standard	n/a	n/a	n/a	n/a	n/a
3722.230	0	1861115	standard_tone	active_oddball	standard	n/a	n/a	n/a	n/a	n/a
3723.280	0	1861640	distractor_noise	active_oddball	distractor	n/a	n/a	n/a	n/a	n/a
3724.428	0	1862214	standard_tone	active_oddball	standard	n/a	n/a	n/a	n/a	n/a
3725.444	0	1862722	distractor_noise	active_oddball	distractor	n/a	n/a	n/a	n/a	n/a
3726.544	0	1863272	standard_tone	active_oddball	standard	n/a	n/a	n/a	n/a	n/a
3727.560	0	1863780	standard_tone	active_oddball	standard	n/a	n/a	n/a	n/a	n/a
3728.592	0	1864296	standard_tone	active_oddball	standard	n/a	n/a	n/a	n/a	n/a
3729.674	0	1864837	oddball_tone	active_oddball	oddball	n/a	n/a	n/a	n/a	n/a
3730.674	0	1865337	clicker_press	active_oddball	response-received-page_up	n/a	n/a	n/a	n/a	page_up
3730.740	0	1865370	oddball_response	active_oddball	active-oddball-button-press-993ms	n/a	n/a	0.993	n/a	n/a
3730.742	0	1865371	standard_tone	active_oddball	standard	n/a	n/a	n/a	n/a	n/a
3731.774	0	1865887	oddball_tone	active_oddball	oddball	n/a	n/a	n/a	n/a	n/a
3732.572	0	1866286	clicker_press	active_oddball	response-received-page_up	n/a	n/a	n/a	n/a	page_up
3732.656	0	1866328	oddball_response	active_oddball	active-oddball-button-press-792ms	n/a	n/a	0.792	n/a	n/a
3732.788	0	1866394	standard_tone	active_oddball	standard	n/a	n/a	n/a	n/a	n/a
3733.804	0	1866902	standard_tone	active_oddball	standard	n/a	n/a	n/a	n/a	n/a
3734.820	0	1867410	standard_tone	active_oddball	standard	n/a	n/a	n/a	n/a	n/a
3735.836	0	1867918	standard_tone	active_oddball	standard	n/a	n/a	n/a	n/a	n/a
3736.868	0	1868434	standard_tone	active_oddball	standard	n/a	n/a	n/a	n/a	n/a
3737.918	0	1868959	standard_tone	active_oddball	standard	n/a	n/a	n/a	n/a	n/a
3738.934	0	1869467	standard_tone	active_oddball	standard	n/a	n/a	n/a	n/a	n/a
3740.000	0	1870000	oddball_tone	active_oddball	oddball	n/a	n/a	n/a	n/a	n/a
3740.864	0	1870432	clicker_press	active_oddball	response-received-page_up	n/a	n/a	n/a	n/a	page_up
3740.966	0	1870483	oddball_response	active_oddball	active-oddball-button-press-858ms	n/a	n/a	0.858	n/a	n/a
3741.048	0	1870524	standard_tone	active_oddball	standard	n/a	n/a	n/a	n/a	n/a
3742.232	0	1871116	standard_tone	active_oddball	standard	n/a	n/a	n/a	n/a	n/a
3743.246	0	1871623	standard_tone	active_oddball	standard	n/a	n/a	n/a	n/a	n/a
3744.428	0	1872214	standard_tone	active_oddball	standard	n/a	n/a	n/a	n/a	n/a
3745.444	0	1872722	standard_tone	active_oddball	standard	n/a	n/a	n/a	n/a	n/a
3746.694	0	1873347	standard_tone	active_oddball	standard	n/a	n/a	n/a	n/a	n/a
3747.726	0	1873863	standard_tone	active_oddball	standard	n/a	n/a	n/a	n/a	n/a
3748.776	0	1874388	oddball_tone	active_oddball	oddball	n/a	n/a	n/a	n/a	n/a
3749.558	0	1874779	clicker_press	active_oddball	response-received-page_up	n/a	n/a	n/a	n/a	page_up
3749.574	0	1874787	oddball_response	active_oddball	active-oddball-button-press-775ms	n/a	n/a	0.775	n/a	n/a
3749.824	0	1874912	standard_tone	active_oddball	standard	n/a	n/a	n/a	n/a	n/a
3750.840	0	1875420	standard_tone	active_oddball	standard	n/a	n/a	n/a	n/a	n/a
3751.872	0	1875936	standard_tone	active_oddball	standard	n/a	n/a	n/a	n/a	n/a
3752.938	0	1876469	standard_tone	active_oddball	standard	n/a	n/a	n/a	n/a	n/a
3754.038	0	1877019	standard_tone	active_oddball	standard	n/a	n/a	n/a	n/a	n/a
3755.070	0	1877535	distractor_noise	active_oddball	distractor	n/a	n/a	n/a	n/a	n/a
3756.170	0	1878085	standard_tone	active_oddball	standard	n/a	n/a	n/a	n/a	n/a
3757.184	0	1878592	standard_tone	active_oddball	standard	n/a	n/a	n/a	n/a	n/a
3758.300	0	1879150	standard_tone	active_oddball	standard	n/a	n/a	n/a	n/a	n/a
3759.366	0	1879683	standard_tone	active_oddball	standard	n/a	n/a	n/a	n/a	n/a
3760.516	0	1880258	standard_tone	active_oddball	standard	n/a	n/a	n/a	n/a	n/a
3761.548	0	1880774	standard_tone	active_oddball	standard	n/a	n/a	n/a	n/a	n/a
3762.598	0	1881299	standard_tone	active_oddball	standard	n/a	n/a	n/a	n/a	n/a
3763.630	0	1881815	standard_tone	active_oddball	standard	n/a	n/a	n/a	n/a	n/a
3764.678	0	1882339	standard_tone	active_oddball	standard	n/a	n/a	n/a	n/a	n/a
3765.712	0	1882856	standard_tone	active_oddball	standard	n/a	n/a	n/a	n/a	n/a
3766.744	0	1883372	standard_tone	active_oddball	standard	n/a	n/a	n/a	n/a	n/a
3767.776	0	1883888	distractor_noise	active_oddball	distractor	n/a	n/a	n/a	n/a	n/a
3768.858	0	1884429	standard_tone	active_oddball	standard	n/a	n/a	n/a	n/a	n/a
3769.892	0	1884946	oddball_tone	active_oddball	oddball	n/a	n/a	n/a	n/a	n/a
3770.656	0	1885328	clicker_press	active_oddball	response-received-page_up	n/a	n/a	n/a	n/a	page_up
3770.674	0	1885337	oddball_response	active_oddball	active-oddball-button-press-759ms	n/a	n/a	0.759	n/a	n/a
3770.924	0	1885462	standard_tone	active_oddball	standard	n/a	n/a	n/a	n/a	n/a
3771.972	0	1885986	standard_tone	active_oddball	standard	n/a	n/a	n/a	n/a	n/a
3773.038	0	1886519	standard_tone	active_oddball	standard	n/a	n/a	n/a	n/a	n/a
3774.088	0	1887044	standard_tone	active_oddball	standard	n/a	n/a	n/a	n/a	n/a
3775.138	0	1887569	oddball_tone	active_oddball	oddball	n/a	n/a	n/a	n/a	n/a
3775.952	0	1887976	clicker_press	active_oddball	response-received-page_up	n/a	n/a	n/a	n/a	page_up
3775.970	0	1887985	oddball_response	active_oddball	active-oddball-button-press-809ms	n/a	n/a	0.809	n/a	n/a
3776.170	0	1888085	standard_tone	active_oddball	standard	n/a	n/a	n/a	n/a	n/a
3777.268	0	1888634	distractor_noise	active_oddball	distractor	n/a	n/a	n/a	n/a	n/a
3778.318	0	1889159	standard_tone	active_oddball	standard	n/a	n/a	n/a	n/a	n/a
3779.332	0	1889666	standard_tone	active_oddball	standard	n/a	n/a	n/a	n/a	n/a
3780.348	0	1890174	standard_tone	active_oddball	standard	n/a	n/a	n/a	n/a	n/a
3781.366	0	1890683	standard_tone	active_oddball	standard	n/a	n/a	n/a	n/a	n/a
3782.380	0	1891190	standard_tone	active_oddball	standard	n/a	n/a	n/a	n/a	n/a
3783.412	0	1891706	standard_tone	active_oddball	standard	n/a	n/a	n/a	n/a	n/a
3784.428	0	1892214	standard_tone	active_oddball	standard	n/a	n/a	n/a	n/a	n/a
3785.462	0	1892731	standard_tone	active_oddball	standard	n/a	n/a	n/a	n/a	n/a
3786.478	0	1893239	distractor_noise	active_oddball	distractor	n/a	n/a	n/a	n/a	n/a
3787.494	0	1893747	oddball_tone	active_oddball	oddball	n/a	n/a	n/a	n/a	n/a
3788.392	0	1894196	clicker_press	active_oddball	response-received-page_up	n/a	n/a	n/a	n/a	page_up
3788.410	0	1894205	oddball_response	active_oddball	active-oddball-button-press-892ms	n/a	n/a	0.892	n/a	n/a
3788.576	0	1894288	standard_tone	active_oddball	standard	n/a	n/a	n/a	n/a	n/a
3789.624	0	1894812	standard_tone	active_oddball	standard	n/a	n/a	n/a	n/a	n/a
3790.640	0	1895320	standard_tone	active_oddball	standard	n/a	n/a	n/a	n/a	n/a
3791.790	0	1895895	standard_tone	active_oddball	standard	n/a	n/a	n/a	n/a	n/a
3792.806	0	1896403	standard_tone	active_oddball	standard	n/a	n/a	n/a	n/a	n/a
3793.838	0	1896919	distractor_noise	active_oddball	distractor	n/a	n/a	n/a	n/a	n/a
3794.938	0	1897469	standard_tone	active_oddball	standard	n/a	n/a	n/a	n/a	n/a
3796.002	0	1898001	standard_tone	active_oddball	standard	n/a	n/a	n/a	n/a	n/a
3797.036	0	1898518	standard_tone	active_oddball	standard	n/a	n/a	n/a	n/a	n/a
3798.050	0	1899025	oddball_tone	active_oddball	oddball	n/a	n/a	n/a	n/a	n/a
3798.868	0	1899434	clicker_press	active_oddball	response-received-page_up	n/a	n/a	n/a	n/a	page_up
3799.000	0	1899500	oddball_response	active_oddball	active-oddball-button-press-810ms	n/a	n/a	0.810	n/a	n/a
3799.066	0	1899533	standard_tone	active_oddball	standard	n/a	n/a	n/a	n/a	n/a
3800.100	0	1900050	standard_tone	active_oddball	standard	n/a	n/a	n/a	n/a	n/a
3801.114	0	1900557	distractor_noise	active_oddball	distractor	n/a	n/a	n/a	n/a	n/a
3802.164	0	1901082	standard_tone	active_oddball	standard	n/a	n/a	n/a	n/a	n/a
3803.180	0	1901590	standard_tone	active_oddball	standard	n/a	n/a	n/a	n/a	n/a
3804.196	0	1902098	standard_tone	active_oddball	standard	n/a	n/a	n/a	n/a	n/a
3805.212	0	1902606	distractor_noise	active_oddball	distractor	n/a	n/a	n/a	n/a	n/a
3806.310	0	1903155	standard_tone	active_oddball	standard	n/a	n/a	n/a	n/a	n/a
3807.342	0	1903671	standard_tone	active_oddball	standard	n/a	n/a	n/a	n/a	n/a
3808.410	0	1904205	standard_tone	active_oddball	standard	n/a	n/a	n/a	n/a	n/a
3809.458	0	1904729	standard_tone	active_oddball	standard	n/a	n/a	n/a	n/a	n/a
3810.574	0	1905287	standard_tone	active_oddball	standard	n/a	n/a	n/a	n/a	n/a
3811.590	0	1905795	standard_tone	active_oddball	standard	n/a	n/a	n/a	n/a	n/a
3812.656	0	1906328	standard_tone	active_oddball	standard	n/a	n/a	n/a	n/a	n/a
3813.720	0	1906860	oddball_tone	active_oddball	oddball	n/a	n/a	n/a	n/a	n/a
3814.554	0	1907277	clicker_press	active_oddball	response-received-page_up	n/a	n/a	n/a	n/a	page_up
3814.586	0	1907293	oddball_response	active_oddball	active-oddball-button-press-826ms	n/a	n/a	0.826	n/a	n/a
3814.754	0	1907377	distractor_noise	active_oddball	distractor	n/a	n/a	n/a	n/a	n/a
3815.770	0	1907885	standard_tone	active_oddball	standard	n/a	n/a	n/a	n/a	n/a
3816.802	0	1908401	standard_tone	active_oddball	standard	n/a	n/a	n/a	n/a	n/a
3817.834	0	1908917	standard_tone	active_oddball	standard	n/a	n/a	n/a	n/a	n/a
3818.850	0	1909425	standard_tone	active_oddball	standard	n/a	n/a	n/a	n/a	n/a
3819.882	0	1909941	standard_tone	active_oddball	standard	n/a	n/a	n/a	n/a	n/a
3820.898	0	1910449	standard_tone	active_oddball	standard	n/a	n/a	n/a	n/a	n/a
3821.964	0	1910982	distractor_noise	active_oddball	distractor	n/a	n/a	n/a	n/a	n/a
3822.980	0	1911490	standard_tone	active_oddball	standard	n/a	n/a	n/a	n/a	n/a
3824.028	0	1912014	standard_tone	active_oddball	standard	n/a	n/a	n/a	n/a	n/a
3825.062	0	1912531	active_oddball_end	active_oddball	active-oddball-end	n/a	n/a	n/a	n/a	n/a
3825.062	0	1912531	prompt_window_begin	active_oddball	probe-oddball-begin	n/a	n/a	n/a	n/a	n/a
3831.856	0	1915928	clicker_press	n/a	response-received-page_up	n/a	n/a	n/a	n/a	page_up
3832.456	0	1916228	clicker_press	n/a	response-received-page_up	n/a	n/a	n/a	n/a	page_up
3834.122	0	1917061	depth_rating	active_oddball	rating-oddball-meditation_depth-2	2	n/a	n/a	n/a	n/a
3841.182	0	1920591	clicker_press	n/a	response-received-page_up	n/a	n/a	n/a	n/a	page_up
3841.750	0	1920875	clicker_press	n/a	response-received-page_up	n/a	n/a	n/a	n/a	page_up
3842.466	0	1921233	clicker_press	n/a	response-received-page_up	n/a	n/a	n/a	n/a	page_up
3843.264	0	1921632	clicker_press	n/a	response-received-page_up	n/a	n/a	n/a	n/a	page_up
3844.230	0	1922115	confidence_rating	active_oddball	rating-oddball-confidence_depth-4	n/a	4	n/a	n/a	n/a
3845.278	0	1922639	prompt_window_end	active_oddball	probe-oddball-end	n/a	n/a	n/a	n/a	n/a
3981.488	0	1990744	clicker_press	n/a	response-received-page_up	n/a	n/a	n/a	n/a	page_up
3981.506	0	1990753	sapo_emerge_begin	sapo_emerge	block-sapo-emerge-begin	n/a	n/a	n/a	n/a	n/a
3981.524	0	1990762	subblock_begin	sapo_emerge	subblock-begin	n/a	n/a	n/a	n/a	n/a
3981.524	0	1990762	silence_begin	sapo_emerge	silence-begin	n/a	n/a	n/a	n/a	n/a
3981.538	0	1990769	standard_tone	sapo_emerge	standard	n/a	n/a	n/a	n/a	n/a
3982.548	0	1991274	oddball_tone	sapo_emerge	oddball	n/a	n/a	n/a	n/a	n/a
3983.564	0	1991782	distractor_noise	sapo_emerge	distractor	n/a	n/a	n/a	n/a	n/a
3984.580	0	1992290	oddball_tone	sapo_emerge	oddball	n/a	n/a	n/a	n/a	n/a
3985.596	0	1992798	standard_tone	sapo_emerge	standard	n/a	n/a	n/a	n/a	n/a
3986.612	0	1993306	standard_tone	sapo_emerge	standard	n/a	n/a	n/a	n/a	n/a
3987.628	0	1993814	standard_tone	sapo_emerge	standard	n/a	n/a	n/a	n/a	n/a
3988.642	0	1994321	standard_tone	sapo_emerge	standard	n/a	n/a	n/a	n/a	n/a
3989.660	0	1994830	standard_tone	sapo_emerge	standard	n/a	n/a	n/a	n/a	n/a
3990.674	0	1995337	standard_tone	sapo_emerge	standard	n/a	n/a	n/a	n/a	n/a
3991.690	0	1995845	standard_tone	sapo_emerge	standard	n/a	n/a	n/a	n/a	n/a
3992.706	0	1996353	standard_tone	sapo_emerge	standard	n/a	n/a	n/a	n/a	n/a
3993.722	0	1996861	standard_tone	sapo_emerge	standard	n/a	n/a	n/a	n/a	n/a
3994.738	0	1997369	standard_tone	sapo_emerge	standard	n/a	n/a	n/a	n/a	n/a
3995.754	0	1997877	standard_tone	sapo_emerge	standard	n/a	n/a	n/a	n/a	n/a
3996.770	0	1998385	standard_tone	sapo_emerge	standard	n/a	n/a	n/a	n/a	n/a
3997.786	0	1998893	standard_tone	sapo_emerge	standard	n/a	n/a	n/a	n/a	n/a
3998.802	0	1999401	standard_tone	sapo_emerge	standard	n/a	n/a	n/a	n/a	n/a
3999.818	0	1999909	standard_tone	sapo_emerge	standard	n/a	n/a	n/a	n/a	n/a
4000.816	0	2000408	standard_tone	sapo_emerge	standard	n/a	n/a	n/a	n/a	n/a
4001.832	0	2000916	standard_tone	sapo_emerge	standard	n/a	n/a	n/a	n/a	n/a
4002.848	0	2001424	standard_tone	sapo_emerge	standard	n/a	n/a	n/a	n/a	n/a
4003.848	0	2001924	standard_tone	sapo_emerge	standard	n/a	n/a	n/a	n/a	n/a
4004.862	0	2002431	standard_tone	sapo_emerge	standard	n/a	n/a	n/a	n/a	n/a
4005.878	0	2002939	standard_tone	sapo_emerge	standard	n/a	n/a	n/a	n/a	n/a
4006.894	0	2003447	standard_tone	sapo_emerge	standard	n/a	n/a	n/a	n/a	n/a
4007.910	0	2003955	standard_tone	sapo_emerge	standard	n/a	n/a	n/a	n/a	n/a
4008.926	0	2004463	standard_tone	sapo_emerge	standard	n/a	n/a	n/a	n/a	n/a
4009.942	0	2004971	standard_tone	sapo_emerge	standard	n/a	n/a	n/a	n/a	n/a
4010.942	0	2005471	standard_tone	sapo_emerge	standard	n/a	n/a	n/a	n/a	n/a
4011.956	0	2005978	standard_tone	sapo_emerge	standard	n/a	n/a	n/a	n/a	n/a
4012.956	0	2006478	distractor_noise	sapo_emerge	distractor	n/a	n/a	n/a	n/a	n/a
4013.972	0	2006986	standard_tone	sapo_emerge	standard	n/a	n/a	n/a	n/a	n/a
4014.988	0	2007494	oddball_tone	sapo_emerge	oddball	n/a	n/a	n/a	n/a	n/a
4016.002	0	2008001	distractor_noise	sapo_emerge	distractor	n/a	n/a	n/a	n/a	n/a
4017.018	0	2008509	standard_tone	sapo_emerge	standard	n/a	n/a	n/a	n/a	n/a
4018.018	0	2009009	standard_tone	sapo_emerge	standard	n/a	n/a	n/a	n/a	n/a
4019.034	0	2009517	standard_tone	sapo_emerge	standard	n/a	n/a	n/a	n/a	n/a
4020.050	0	2010025	standard_tone	sapo_emerge	standard	n/a	n/a	n/a	n/a	n/a
4021.066	0	2010533	oddball_tone	sapo_emerge	oddball	n/a	n/a	n/a	n/a	n/a
4022.082	0	2011041	standard_tone	sapo_emerge	standard	n/a	n/a	n/a	n/a	n/a
4023.098	0	2011549	standard_tone	sapo_emerge	standard	n/a	n/a	n/a	n/a	n/a
4024.114	0	2012057	standard_tone	sapo_emerge	standard	n/a	n/a	n/a	n/a	n/a
4025.130	0	2012565	standard_tone	sapo_emerge	standard	n/a	n/a	n/a	n/a	n/a
4026.146	0	2013073	standard_tone	sapo_emerge	standard	n/a	n/a	n/a	n/a	n/a
4027.162	0	2013581	distractor_noise	sapo_emerge	distractor	n/a	n/a	n/a	n/a	n/a
4028.176	0	2014088	standard_tone	sapo_emerge	standard	n/a	n/a	n/a	n/a	n/a
4029.192	0	2014596	standard_tone	sapo_emerge	standard	n/a	n/a	n/a	n/a	n/a
4030.208	0	2015104	standard_tone	sapo_emerge	standard	n/a	n/a	n/a	n/a	n/a
4031.224	0	2015612	standard_tone	sapo_emerge	standard	n/a	n/a	n/a	n/a	n/a
4032.240	0	2016120	standard_tone	sapo_emerge	standard	n/a	n/a	n/a	n/a	n/a
4033.256	0	2016628	standard_tone	sapo_emerge	standard	n/a	n/a	n/a	n/a	n/a
4034.272	0	2017136	distractor_noise	sapo_emerge	distractor	n/a	n/a	n/a	n/a	n/a
4035.288	0	2017644	standard_tone	sapo_emerge	standard	n/a	n/a	n/a	n/a	n/a
4036.304	0	2018152	oddball_tone	sapo_emerge	oddball	n/a	n/a	n/a	n/a	n/a
4037.320	0	2018660	distractor_noise	sapo_emerge	distractor	n/a	n/a	n/a	n/a	n/a
4038.334	0	2019167	standard_tone	sapo_emerge	standard	n/a	n/a	n/a	n/a	n/a
4039.352	0	2019676	standard_tone	sapo_emerge	standard	n/a	n/a	n/a	n/a	n/a
4040.366	0	2020183	standard_tone	sapo_emerge	standard	n/a	n/a	n/a	n/a	n/a
4041.382	0	2020691	standard_tone	sapo_emerge	standard	n/a	n/a	n/a	n/a	n/a
4042.398	0	2021199	standard_tone	sapo_emerge	standard	n/a	n/a	n/a	n/a	n/a
4043.414	0	2021707	standard_tone	sapo_emerge	standard	n/a	n/a	n/a	n/a	n/a
4044.430	0	2022215	standard_tone	sapo_emerge	standard	n/a	n/a	n/a	n/a	n/a
4045.446	0	2022723	standard_tone	sapo_emerge	standard	n/a	n/a	n/a	n/a	n/a
4045.802	0	2022901	clicker_press	sapo_emerge	response-received-page_up	n/a	n/a	n/a	n/a	page_up
4045.810	0	2022905	report_window_begin	sapo_emerge	emerge-sapo-emerge-begin	n/a	n/a	n/a	n/a	n/a
4049.826	0	2024913	depth_rating	sapo_emerge	rating-sapo-emerge-meditation_depth-1	1	n/a	n/a	n/a	n/a
4057.520	0	2028760	clicker_press	sapo_emerge	response-received-page_up	n/a	n/a	n/a	n/a	page_up
4058.070	0	2029035	clicker_press	sapo_emerge	response-received-page_up	n/a	n/a	n/a	n/a	page_up
4058.668	0	2029334	clicker_press	sapo_emerge	response-received-page_up	n/a	n/a	n/a	n/a	page_up
4060.084	0	2030042	confidence_rating	sapo_emerge	rating-sapo-emerge-confidence_depth-3	n/a	3	n/a	n/a	n/a
4063.614	0	2031807	report_window_end	sapo_emerge	emerge-sapo-emerge-end	n/a	n/a	n/a	n/a	n/a
4063.616	0	2031808	subblock_begin	sapo_emerge	subblock-begin	n/a	n/a	n/a	n/a	n/a
4063.616	0	2031808	silence_begin	sapo_emerge	silence-begin	n/a	n/a	n/a	n/a	n/a
4063.616	0	2031808	standard_tone	sapo_emerge	standard	n/a	n/a	n/a	n/a	n/a
4064.630	0	2032315	standard_tone	sapo_emerge	standard	n/a	n/a	n/a	n/a	n/a
4065.646	0	2032823	standard_tone	sapo_emerge	standard	n/a	n/a	n/a	n/a	n/a
4066.662	0	2033331	standard_tone	sapo_emerge	standard	n/a	n/a	n/a	n/a	n/a
4067.678	0	2033839	standard_tone	sapo_emerge	standard	n/a	n/a	n/a	n/a	n/a
4068.694	0	2034347	standard_tone	sapo_emerge	standard	n/a	n/a	n/a	n/a	n/a
4069.708	0	2034854	standard_tone	sapo_emerge	standard	n/a	n/a	n/a	n/a	n/a
4070.708	0	2035354	standard_tone	sapo_emerge	standard	n/a	n/a	n/a	n/a	n/a
4071.724	0	2035862	standard_tone	sapo_emerge	standard	n/a	n/a	n/a	n/a	n/a
4072.740	0	2036370	standard_tone	sapo_emerge	standard	n/a	n/a	n/a	n/a	n/a
4073.740	0	2036870	distractor_noise	sapo_emerge	distractor	n/a	n/a	n/a	n/a	n/a
4074.754	0	2037377	standard_tone	sapo_emerge	standard	n/a	n/a	n/a	n/a	n/a
4075.770	0	2037885	standard_tone	sapo_emerge	standard	n/a	n/a	n/a	n/a	n/a
4076.788	0	2038394	standard_tone	sapo_emerge	standard	n/a	n/a	n/a	n/a	n/a
4077.802	0	2038901	standard_tone	sapo_emerge	standard	n/a	n/a	n/a	n/a	n/a
4078.818	0	2039409	standard_tone	sapo_emerge	standard	n/a	n/a	n/a	n/a	n/a
4079.818	0	2039909	standard_tone	sapo_emerge	standard	n/a	n/a	n/a	n/a	n/a
4080.832	0	2040416	standard_tone	sapo_emerge	standard	n/a	n/a	n/a	n/a	n/a
4081.850	0	2040925	standard_tone	sapo_emerge	standard	n/a	n/a	n/a	n/a	n/a
4082.866	0	2041433	standard_tone	sapo_emerge	standard	n/a	n/a	n/a	n/a	n/a
4083.880	0	2041940	standard_tone	sapo_emerge	standard	n/a	n/a	n/a	n/a	n/a
4084.896	0	2042448	standard_tone	sapo_emerge	standard	n/a	n/a	n/a	n/a	n/a
4085.912	0	2042956	standard_tone	sapo_emerge	standard	n/a	n/a	n/a	n/a	n/a
4086.928	0	2043464	standard_tone	sapo_emerge	standard	n/a	n/a	n/a	n/a	n/a
4087.944	0	2043972	standard_tone	sapo_emerge	standard	n/a	n/a	n/a	n/a	n/a
4088.960	0	2044480	standard_tone	sapo_emerge	standard	n/a	n/a	n/a	n/a	n/a
4089.976	0	2044988	standard_tone	sapo_emerge	standard	n/a	n/a	n/a	n/a	n/a
4090.992	0	2045496	standard_tone	sapo_emerge	standard	n/a	n/a	n/a	n/a	n/a
4092.008	0	2046004	standard_tone	sapo_emerge	standard	n/a	n/a	n/a	n/a	n/a
4093.024	0	2046512	standard_tone	sapo_emerge	standard	n/a	n/a	n/a	n/a	n/a
4094.038	0	2047019	standard_tone	sapo_emerge	standard	n/a	n/a	n/a	n/a	n/a
4095.054	0	2047527	standard_tone	sapo_emerge	standard	n/a	n/a	n/a	n/a	n/a
4096.054	0	2048027	standard_tone	sapo_emerge	standard	n/a	n/a	n/a	n/a	n/a
4097.070	0	2048535	standard_tone	sapo_emerge	standard	n/a	n/a	n/a	n/a	n/a
4098.086	0	2049043	standard_tone	sapo_emerge	standard	n/a	n/a	n/a	n/a	n/a
4099.102	0	2049551	standard_tone	sapo_emerge	standard	n/a	n/a	n/a	n/a	n/a
4100.118	0	2050059	standard_tone	sapo_emerge	standard	n/a	n/a	n/a	n/a	n/a
4101.134	0	2050567	standard_tone	sapo_emerge	standard	n/a	n/a	n/a	n/a	n/a
4102.148	0	2051074	standard_tone	sapo_emerge	standard	n/a	n/a	n/a	n/a	n/a
4103.164	0	2051582	standard_tone	sapo_emerge	standard	n/a	n/a	n/a	n/a	n/a
4104.180	0	2052090	standard_tone	sapo_emerge	standard	n/a	n/a	n/a	n/a	n/a
4105.196	0	2052598	standard_tone	sapo_emerge	standard	n/a	n/a	n/a	n/a	n/a
4106.212	0	2053106	standard_tone	sapo_emerge	standard	n/a	n/a	n/a	n/a	n/a
4107.212	0	2053606	standard_tone	sapo_emerge	standard	n/a	n/a	n/a	n/a	n/a
4108.228	0	2054114	standard_tone	sapo_emerge	standard	n/a	n/a	n/a	n/a	n/a
4109.242	0	2054621	standard_tone	sapo_emerge	standard	n/a	n/a	n/a	n/a	n/a
4110.258	0	2055129	oddball_tone	sapo_emerge	oddball	n/a	n/a	n/a	n/a	n/a
4111.274	0	2055637	standard_tone	sapo_emerge	standard	n/a	n/a	n/a	n/a	n/a
4112.290	0	2056145	standard_tone	sapo_emerge	standard	n/a	n/a	n/a	n/a	n/a
4113.306	0	2056653	standard_tone	sapo_emerge	standard	n/a	n/a	n/a	n/a	n/a
4114.322	0	2057161	standard_tone	sapo_emerge	standard	n/a	n/a	n/a	n/a	n/a
4115.338	0	2057669	standard_tone	sapo_emerge	standard	n/a	n/a	n/a	n/a	n/a
4116.354	0	2058177	standard_tone	sapo_emerge	standard	n/a	n/a	n/a	n/a	n/a
4117.370	0	2058685	standard_tone	sapo_emerge	standard	n/a	n/a	n/a	n/a	n/a
4118.386	0	2059193	standard_tone	sapo_emerge	standard	n/a	n/a	n/a	n/a	n/a
4119.402	0	2059701	distractor_noise	sapo_emerge	distractor	n/a	n/a	n/a	n/a	n/a
4120.418	0	2060209	standard_tone	sapo_emerge	standard	n/a	n/a	n/a	n/a	n/a
4121.432	0	2060716	standard_tone	sapo_emerge	standard	n/a	n/a	n/a	n/a	n/a
4122.450	0	2061225	distractor_noise	sapo_emerge	distractor	n/a	n/a	n/a	n/a	n/a
4123.450	0	2061725	standard_tone	sapo_emerge	standard	n/a	n/a	n/a	n/a	n/a
4124.464	0	2062232	standard_tone	sapo_emerge	standard	n/a	n/a	n/a	n/a	n/a
4125.480	0	2062740	standard_tone	sapo_emerge	standard	n/a	n/a	n/a	n/a	n/a
4126.496	0	2063248	standard_tone	sapo_emerge	standard	n/a	n/a	n/a	n/a	n/a
4127.512	0	2063756	standard_tone	sapo_emerge	standard	n/a	n/a	n/a	n/a	n/a
4128.550	0	2064275	standard_tone	sapo_emerge	standard	n/a	n/a	n/a	n/a	n/a
4129.560	0	2064780	standard_tone	sapo_emerge	standard	n/a	n/a	n/a	n/a	n/a
4130.576	0	2065288	standard_tone	sapo_emerge	standard	n/a	n/a	n/a	n/a	n/a
4131.592	0	2065796	oddball_tone	sapo_emerge	oddball	n/a	n/a	n/a	n/a	n/a
4132.606	0	2066303	distractor_noise	sapo_emerge	distractor	n/a	n/a	n/a	n/a	n/a
4133.622	0	2066811	standard_tone	sapo_emerge	standard	n/a	n/a	n/a	n/a	n/a
4134.638	0	2067319	oddball_tone	sapo_emerge	oddball	n/a	n/a	n/a	n/a	n/a
4135.638	0	2067819	distractor_noise	sapo_emerge	distractor	n/a	n/a	n/a	n/a	n/a
4136.654	0	2068327	standard_tone	sapo_emerge	standard	n/a	n/a	n/a	n/a	n/a
4137.670	0	2068835	standard_tone	sapo_emerge	standard	n/a	n/a	n/a	n/a	n/a
4138.686	0	2069343	distractor_noise	sapo_emerge	distractor	n/a	n/a	n/a	n/a	n/a
4139.702	0	2069851	oddball_tone	sapo_emerge	oddball	n/a	n/a	n/a	n/a	n/a
4140.716	0	2070358	standard_tone	sapo_emerge	standard	n/a	n/a	n/a	n/a	n/a
4141.732	0	2070866	standard_tone	sapo_emerge	standard	n/a	n/a	n/a	n/a	n/a
4142.748	0	2071374	standard_tone	sapo_emerge	standard	n/a	n/a	n/a	n/a	n/a
4143.764	0	2071882	standard_tone	sapo_emerge	standard	n/a	n/a	n/a	n/a	n/a
4144.780	0	2072390	standard_tone	sapo_emerge	standard	n/a	n/a	n/a	n/a	n/a
4145.796	0	2072898	oddball_tone	sapo_emerge	oddball	n/a	n/a	n/a	n/a	n/a
4146.796	0	2073398	standard_tone	sapo_emerge	standard	n/a	n/a	n/a	n/a	n/a
4147.812	0	2073906	standard_tone	sapo_emerge	standard	n/a	n/a	n/a	n/a	n/a
4148.826	0	2074413	standard_tone	sapo_emerge	standard	n/a	n/a	n/a	n/a	n/a
4149.842	0	2074921	standard_tone	sapo_emerge	standard	n/a	n/a	n/a	n/a	n/a
4150.858	0	2075429	oddball_tone	sapo_emerge	oddball	n/a	n/a	n/a	n/a	n/a
4151.874	0	2075937	standard_tone	sapo_emerge	standard	n/a	n/a	n/a	n/a	n/a
4152.890	0	2076445	standard_tone	sapo_emerge	standard	n/a	n/a	n/a	n/a	n/a
4153.906	0	2076953	standard_tone	sapo_emerge	standard	n/a	n/a	n/a	n/a	n/a
4154.922	0	2077461	distractor_noise	sapo_emerge	distractor	n/a	n/a	n/a	n/a	n/a
4155.938	0	2077969	standard_tone	sapo_emerge	standard	n/a	n/a	n/a	n/a	n/a
4156.954	0	2078477	standard_tone	sapo_emerge	standard	n/a	n/a	n/a	n/a	n/a
4157.970	0	2078985	oddball_tone	sapo_emerge	oddball	n/a	n/a	n/a	n/a	n/a
4158.984	0	2079492	distractor_noise	sapo_emerge	distractor	n/a	n/a	n/a	n/a	n/a
4160.000	0	2080000	standard_tone	sapo_emerge	standard	n/a	n/a	n/a	n/a	n/a
4161.016	0	2080508	oddball_tone	sapo_emerge	oddball	n/a	n/a	n/a	n/a	n/a
4162.032	0	2081016	standard_tone	sapo_emerge	standard	n/a	n/a	n/a	n/a	n/a
4163.048	0	2081524	standard_tone	sapo_emerge	standard	n/a	n/a	n/a	n/a	n/a
4164.064	0	2082032	oddball_tone	sapo_emerge	oddball	n/a	n/a	n/a	n/a	n/a
4165.080	0	2082540	standard_tone	sapo_emerge	standard	n/a	n/a	n/a	n/a	n/a
4166.096	0	2083048	standard_tone	sapo_emerge	standard	n/a	n/a	n/a	n/a	n/a
4167.112	0	2083556	standard_tone	sapo_emerge	standard	n/a	n/a	n/a	n/a	n/a
4168.112	0	2084056	standard_tone	sapo_emerge	standard	n/a	n/a	n/a	n/a	n/a
4168.928	0	2084464	silence_end	sapo_emerge	silence-end	n/a	n/a	n/a	n/a	n/a
4168.928	0	2084464	gong_begin	sapo_emerge	gong-begin	n/a	n/a	n/a	n/a	n/a
4169.126	0	2084563	standard_tone	sapo_emerge	standard	n/a	n/a	n/a	n/a	n/a
4170.142	0	2085071	distractor_noise	sapo_emerge	distractor	n/a	n/a	n/a	n/a	n/a
4171.158	0	2085579	standard_tone	sapo_emerge	standard	n/a	n/a	n/a	n/a	n/a
4172.174	0	2086087	standard_tone	sapo_emerge	standard	n/a	n/a	n/a	n/a	n/a
4173.190	0	2086595	standard_tone	sapo_emerge	standard	n/a	n/a	n/a	n/a	n/a
4174.190	0	2087095	oddball_tone	sapo_emerge	oddball	n/a	n/a	n/a	n/a	n/a
4175.206	0	2087603	standard_tone	sapo_emerge	standard	n/a	n/a	n/a	n/a	n/a
4176.220	0	2088110	standard_tone	sapo_emerge	standard	n/a	n/a	n/a	n/a	n/a
4177.236	0	2088618	standard_tone	sapo_emerge	standard	n/a	n/a	n/a	n/a	n/a
4178.252	0	2089126	oddball_tone	sapo_emerge	oddball	n/a	n/a	n/a	n/a	n/a
4178.934	0	2089467	gong_end	sapo_emerge	gong-end	n/a	n/a	n/a	n/a	n/a
4178.936	0	2089468	subblock_end	sapo_emerge	subblock-end-duration-115.32	n/a	n/a	n/a	115.320	n/a
4178.936	0	2089468	subblock_begin	sapo_emerge	subblock-begin	n/a	n/a	n/a	n/a	n/a
4178.936	0	2089468	silence_begin	sapo_emerge	silence-begin	n/a	n/a	n/a	n/a	n/a
4179.268	0	2089634	standard_tone	sapo_emerge	standard	n/a	n/a	n/a	n/a	n/a
4180.284	0	2090142	standard_tone	sapo_emerge	standard	n/a	n/a	n/a	n/a	n/a
4181.300	0	2090650	oddball_tone	sapo_emerge	oddball	n/a	n/a	n/a	n/a	n/a
4182.316	0	2091158	standard_tone	sapo_emerge	standard	n/a	n/a	n/a	n/a	n/a
4183.332	0	2091666	distractor_noise	sapo_emerge	distractor	n/a	n/a	n/a	n/a	n/a
4184.348	0	2092174	standard_tone	sapo_emerge	standard	n/a	n/a	n/a	n/a	n/a
4185.364	0	2092682	distractor_noise	sapo_emerge	distractor	n/a	n/a	n/a	n/a	n/a
4186.380	0	2093190	standard_tone	sapo_emerge	standard	n/a	n/a	n/a	n/a	n/a
4187.394	0	2093697	standard_tone	sapo_emerge	standard	n/a	n/a	n/a	n/a	n/a
4188.410	0	2094205	standard_tone	sapo_emerge	standard	n/a	n/a	n/a	n/a	n/a
4189.410	0	2094705	distractor_noise	sapo_emerge	distractor	n/a	n/a	n/a	n/a	n/a
4190.426	0	2095213	standard_tone	sapo_emerge	standard	n/a	n/a	n/a	n/a	n/a
4191.442	0	2095721	standard_tone	sapo_emerge	standard	n/a	n/a	n/a	n/a	n/a
4192.458	0	2096229	standard_tone	sapo_emerge	standard	n/a	n/a	n/a	n/a	n/a
4193.474	0	2096737	standard_tone	sapo_emerge	standard	n/a	n/a	n/a	n/a	n/a
4194.490	0	2097245	standard_tone	sapo_emerge	standard	n/a	n/a	n/a	n/a	n/a
4195.504	0	2097752	oddball_tone	sapo_emerge	oddball	n/a	n/a	n/a	n/a	n/a
4196.520	0	2098260	standard_tone	sapo_emerge	standard	n/a	n/a	n/a	n/a	n/a
4197.536	0	2098768	standard_tone	sapo_emerge	standard	n/a	n/a	n/a	n/a	n/a
4198.552	0	2099276	standard_tone	sapo_emerge	standard	n/a	n/a	n/a	n/a	n/a
4199.568	0	2099784	standard_tone	sapo_emerge	standard	n/a	n/a	n/a	n/a	n/a
4200.584	0	2100292	standard_tone	sapo_emerge	standard	n/a	n/a	n/a	n/a	n/a
4201.600	0	2100800	standard_tone	sapo_emerge	standard	n/a	n/a	n/a	n/a	n/a
4202.600	0	2101300	oddball_tone	sapo_emerge	oddball	n/a	n/a	n/a	n/a	n/a
4203.616	0	2101808	standard_tone	sapo_emerge	standard	n/a	n/a	n/a	n/a	n/a
4204.630	0	2102315	standard_tone	sapo_emerge	standard	n/a	n/a	n/a	n/a	n/a
4205.646	0	2102823	standard_tone	sapo_emerge	standard	n/a	n/a	n/a	n/a	n/a
4206.662	0	2103331	distractor_noise	sapo_emerge	distractor	n/a	n/a	n/a	n/a	n/a
4207.678	0	2103839	standard_tone	sapo_emerge	standard	n/a	n/a	n/a	n/a	n/a
4208.694	0	2104347	distractor_noise	sapo_emerge	distractor	n/a	n/a	n/a	n/a	n/a
4209.708	0	2104854	standard_tone	sapo_emerge	standard	n/a	n/a	n/a	n/a	n/a
4210.710	0	2105355	standard_tone	sapo_emerge	standard	n/a	n/a	n/a	n/a	n/a
4211.724	0	2105862	standard_tone	sapo_emerge	standard	n/a	n/a	n/a	n/a	n/a
4212.740	0	2106370	standard_tone	sapo_emerge	standard	n/a	n/a	n/a	n/a	n/a
4213.756	0	2106878	standard_tone	sapo_emerge	standard	n/a	n/a	n/a	n/a	n/a
4214.772	0	2107386	standard_tone	sapo_emerge	standard	n/a	n/a	n/a	n/a	n/a
4215.788	0	2107894	standard_tone	sapo_emerge	standard	n/a	n/a	n/a	n/a	n/a
4216.804	0	2108402	standard_tone	sapo_emerge	standard	n/a	n/a	n/a	n/a	n/a
4217.820	0	2108910	standard_tone	sapo_emerge	standard	n/a	n/a	n/a	n/a	n/a
4218.836	0	2109418	oddball_tone	sapo_emerge	oddball	n/a	n/a	n/a	n/a	n/a
4219.852	0	2109926	distractor_noise	sapo_emerge	distractor	n/a	n/a	n/a	n/a	n/a
4220.850	0	2110425	oddball_tone	sapo_emerge	oddball	n/a	n/a	n/a	n/a	n/a
4221.866	0	2110933	standard_tone	sapo_emerge	standard	n/a	n/a	n/a	n/a	n/a
4222.866	0	2111433	standard_tone	sapo_emerge	standard	n/a	n/a	n/a	n/a	n/a
4223.880	0	2111940	standard_tone	sapo_emerge	standard	n/a	n/a	n/a	n/a	n/a
4224.898	0	2112449	standard_tone	sapo_emerge	standard	n/a	n/a	n/a	n/a	n/a
4225.912	0	2112956	standard_tone	sapo_emerge	standard	n/a	n/a	n/a	n/a	n/a
4226.928	0	2113464	standard_tone	sapo_emerge	standard	n/a	n/a	n/a	n/a	n/a
4227.928	0	2113964	standard_tone	sapo_emerge	standard	n/a	n/a	n/a	n/a	n/a
4228.944	0	2114472	oddball_tone	sapo_emerge	oddball	n/a	n/a	n/a	n/a	n/a
4229.960	0	2114980	standard_tone	sapo_emerge	standard	n/a	n/a	n/a	n/a	n/a
4230.976	0	2115488	standard_tone	sapo_emerge	standard	n/a	n/a	n/a	n/a	n/a
4231.974	0	2115987	standard_tone	sapo_emerge	standard	n/a	n/a	n/a	n/a	n/a
4232.990	0	2116495	oddball_tone	sapo_emerge	oddball	n/a	n/a	n/a	n/a	n/a
4234.006	0	2117003	standard_tone	sapo_emerge	standard	n/a	n/a	n/a	n/a	n/a
4235.022	0	2117511	standard_tone	sapo_emerge	standard	n/a	n/a	n/a	n/a	n/a
4236.038	0	2118019	standard_tone	sapo_emerge	standard	n/a	n/a	n/a	n/a	n/a
4237.054	0	2118527	standard_tone	sapo_emerge	standard	n/a	n/a	n/a	n/a	n/a
4238.070	0	2119035	standard_tone	sapo_emerge	standard	n/a	n/a	n/a	n/a	n/a
4239.086	0	2119543	standard_tone	sapo_emerge	standard	n/a	n/a	n/a	n/a	n/a
4240.102	0	2120051	standard_tone	sapo_emerge	standard	n/a	n/a	n/a	n/a	n/a
4241.118	0	2120559	standard_tone	sapo_emerge	standard	n/a	n/a	n/a	n/a	n/a
4242.132	0	2121066	standard_tone	sapo_emerge	standard	n/a	n/a	n/a	n/a	n/a
4243.148	0	2121574	standard_tone	sapo_emerge	standard	n/a	n/a	n/a	n/a	n/a
4244.164	0	2122082	standard_tone	sapo_emerge	standard	n/a	n/a	n/a	n/a	n/a
4245.180	0	2122590	distractor_noise	sapo_emerge	distractor	n/a	n/a	n/a	n/a	n/a
4246.196	0	2123098	standard_tone	sapo_emerge	standard	n/a	n/a	n/a	n/a	n/a
4247.212	0	2123606	standard_tone	sapo_emerge	standard	n/a	n/a	n/a	n/a	n/a
4248.228	0	2124114	standard_tone	sapo_emerge	standard	n/a	n/a	n/a	n/a	n/a
4249.244	0	2124622	standard_tone	sapo_emerge	standard	n/a	n/a	n/a	n/a	n/a
4250.242	0	2125121	oddball_tone	sapo_emerge	oddball	n/a	n/a	n/a	n/a	n/a
4251.258	0	2125629	standard_tone	sapo_emerge	standard	n/a	n/a	n/a	n/a	n/a
4252.274	0	2126137	standard_tone	sapo_emerge	standard	n/a	n/a	n/a	n/a	n/a
4253.290	0	2126645	standard_tone	sapo_emerge	standard	n/a	n/a	n/a	n/a	n/a
4254.306	0	2127153	standard_tone	sapo_emerge	standard	n/a	n/a	n/a	n/a	n/a
4255.322	0	2127661	standard_tone	sapo_emerge	standard	n/a	n/a	n/a	n/a	n/a
4256.338	0	2128169	distractor_noise	sapo_emerge	distractor	n/a	n/a	n/a	n/a	n/a
4257.352	0	2128676	standard_tone	sapo_emerge	standard	n/a	n/a	n/a	n/a	n/a
4258.370	0	2129185	oddball_tone	sapo_emerge	oddball	n/a	n/a	n/a	n/a	n/a
4259.386	0	2129693	standard_tone	sapo_emerge	standard	n/a	n/a	n/a	n/a	n/a
4260.386	0	2130193	oddball_tone	sapo_emerge	oddball	n/a	n/a	n/a	n/a	n/a
4261.400	0	2130700	standard_tone	sapo_emerge	standard	n/a	n/a	n/a	n/a	n/a
4262.416	0	2131208	standard_tone	sapo_emerge	standard	n/a	n/a	n/a	n/a	n/a
4263.432	0	2131716	oddball_tone	sapo_emerge	oddball	n/a	n/a	n/a	n/a	n/a
4264.448	0	2132224	standard_tone	sapo_emerge	standard	n/a	n/a	n/a	n/a	n/a
4265.464	0	2132732	standard_tone	sapo_emerge	standard	n/a	n/a	n/a	n/a	n/a
4266.480	0	2133240	standard_tone	sapo_emerge	standard	n/a	n/a	n/a	n/a	n/a
4267.494	0	2133747	standard_tone	sapo_emerge	standard	n/a	n/a	n/a	n/a	n/a
4268.510	0	2134255	standard_tone	sapo_emerge	standard	n/a	n/a	n/a	n/a	n/a
4269.526	0	2134763	standard_tone	sapo_emerge	standard	n/a	n/a	n/a	n/a	n/a
4270.542	0	2135271	distractor_noise	sapo_emerge	distractor	n/a	n/a	n/a	n/a	n/a
4271.558	0	2135779	standard_tone	sapo_emerge	standard	n/a	n/a	n/a	n/a	n/a
4272.574	0	2136287	standard_tone	sapo_emerge	standard	n/a	n/a	n/a	n/a	n/a
4273.590	0	2136795	standard_tone	sapo_emerge	standard	n/a	n/a	n/a	n/a	n/a
4274.606	0	2137303	standard_tone	sapo_emerge	standard	n/a	n/a	n/a	n/a	n/a
4275.620	0	2137810	distractor_noise	sapo_emerge	distractor	n/a	n/a	n/a	n/a	n/a
4276.638	0	2138319	standard_tone	sapo_emerge	standard	n/a	n/a	n/a	n/a	n/a
4277.654	0	2138827	oddball_tone	sapo_emerge	oddball	n/a	n/a	n/a	n/a	n/a
4278.670	0	2139335	standard_tone	sapo_emerge	standard	n/a	n/a	n/a	n/a	n/a
4279.686	0	2139843	standard_tone	sapo_emerge	standard	n/a	n/a	n/a	n/a	n/a
4280.700	0	2140350	distractor_noise	sapo_emerge	distractor	n/a	n/a	n/a	n/a	n/a
4281.716	0	2140858	standard_tone	sapo_emerge	standard	n/a	n/a	n/a	n/a	n/a
4282.732	0	2141366	standard_tone	sapo_emerge	standard	n/a	n/a	n/a	n/a	n/a
4283.748	0	2141874	distractor_noise	sapo_emerge	distractor	n/a	n/a	n/a	n/a	n/a
4284.764	0	2142382	standard_tone	sapo_emerge	standard	n/a	n/a	n/a	n/a	n/a
4285.780	0	2142890	standard_tone	sapo_emerge	standard	n/a	n/a	n/a	n/a	n/a
4286.796	0	2143398	standard_tone	sapo_emerge	standard	n/a	n/a	n/a	n/a	n/a
4287.812	0	2143906	standard_tone	sapo_emerge	standard	n/a	n/a	n/a	n/a	n/a
4288.828	0	2144414	distractor_noise	sapo_emerge	distractor	n/a	n/a	n/a	n/a	n/a
4289.844	0	2144922	standard_tone	sapo_emerge	standard	n/a	n/a	n/a	n/a	n/a
4290.860	0	2145430	standard_tone	sapo_emerge	standard	n/a	n/a	n/a	n/a	n/a
4291.026	0	2145513	silence_end	sapo_emerge	silence-end	n/a	n/a	n/a	n/a	n/a
4291.126	0	2145563	gong_begin	sapo_emerge	gong-begin	n/a	n/a	n/a	n/a	n/a
4291.874	0	2145937	standard_tone	sapo_emerge	standard	n/a	n/a	n/a	n/a	n/a
4292.890	0	2146445	standard_tone	sapo_emerge	standard	n/a	n/a	n/a	n/a	n/a
4293.906	0	2146953	standard_tone	sapo_emerge	standard	n/a	n/a	n/a	n/a	n/a
4294.922	0	2147461	standard_tone	sapo_emerge	standard	n/a	n/a	n/a	n/a	n/a
4295.938	0	2147969	standard_tone	sapo_emerge	standard	n/a	n/a	n/a	n/a	n/a
4296.954	0	2148477	standard_tone	sapo_emerge	standard	n/a	n/a	n/a	n/a	n/a
4297.970	0	2148985	standard_tone	sapo_emerge	standard	n/a	n/a	n/a	n/a	n/a
4298.986	0	2149493	oddball_tone	sapo_emerge	oddball	n/a	n/a	n/a	n/a	n/a
4300.000	0	2150000	standard_tone	sapo_emerge	standard	n/a	n/a	n/a	n/a	n/a
4301.016	0	2150508	standard_tone	sapo_emerge	standard	n/a	n/a	n/a	n/a	n/a
4301.050	0	2150525	gong_end	sapo_emerge	gong-end	n/a	n/a	n/a	n/a	n/a
4301.050	0	2150525	subblock_end	sapo_emerge	subblock-end-duration-122.116	n/a	n/a	n/a	122.116	n/a
4301.050	0	2150525	subblock_begin	sapo_emerge	subblock-begin	n/a	n/a	n/a	n/a	n/a
4301.050	0	2150525	silence_begin	sapo_emerge	silence-begin	n/a	n/a	n/a	n/a	n/a
4302.032	0	2151016	standard_tone	sapo_emerge	standard	n/a	n/a	n/a	n/a	n/a
4303.032	0	2151516	standard_tone	sapo_emerge	standard	n/a	n/a	n/a	n/a	n/a
4304.048	0	2152024	oddball_tone	sapo_emerge	oddball	n/a	n/a	n/a	n/a	n/a
4305.048	0	2152524	distractor_noise	sapo_emerge	distractor	n/a	n/a	n/a	n/a	n/a
4306.064	0	2153032	standard_tone	sapo_emerge	standard	n/a	n/a	n/a	n/a	n/a
4307.078	0	2153539	standard_tone	sapo_emerge	standard	n/a	n/a	n/a	n/a	n/a
4308.078	0	2154039	oddball_tone	sapo_emerge	oddball	n/a	n/a	n/a	n/a	n/a
4309.094	0	2154547	standard_tone	sapo_emerge	standard	n/a	n/a	n/a	n/a	n/a
4310.110	0	2155055	standard_tone	sapo_emerge	standard	n/a	n/a	n/a	n/a	n/a
4311.126	0	2155563	standard_tone	sapo_emerge	standard	n/a	n/a	n/a	n/a	n/a
4312.142	0	2156071	standard_tone	sapo_emerge	standard	n/a	n/a	n/a	n/a	n/a
4313.158	0	2156579	standard_tone	sapo_emerge	standard	n/a	n/a	n/a	n/a	n/a
4314.172	0	2157086	standard_tone	sapo_emerge	standard	n/a	n/a	n/a	n/a	n/a
4315.188	0	2157594	standard_tone	sapo_emerge	standard	n/a	n/a	n/a	n/a	n/a
4316.204	0	2158102	standard_tone	sapo_emerge	standard	n/a	n/a	n/a	n/a	n/a
4317.220	0	2158610	standard_tone	sapo_emerge	standard	n/a	n/a	n/a	n/a	n/a
4318.236	0	2159118	standard_tone	sapo_emerge	standard	n/a	n/a	n/a	n/a	n/a
4319.252	0	2159626	standard_tone	sapo_emerge	standard	n/a	n/a	n/a	n/a	n/a
4320.268	0	2160134	standard_tone	sapo_emerge	standard	n/a	n/a	n/a	n/a	n/a
4321.284	0	2160642	standard_tone	sapo_emerge	standard	n/a	n/a	n/a	n/a	n/a
4322.300	0	2161150	standard_tone	sapo_emerge	standard	n/a	n/a	n/a	n/a	n/a
4323.316	0	2161658	standard_tone	sapo_emerge	standard	n/a	n/a	n/a	n/a	n/a
4324.332	0	2162166	oddball_tone	sapo_emerge	oddball	n/a	n/a	n/a	n/a	n/a
4325.348	0	2162674	distractor_noise	sapo_emerge	distractor	n/a	n/a	n/a	n/a	n/a
4326.364	0	2163182	standard_tone	sapo_emerge	standard	n/a	n/a	n/a	n/a	n/a
4327.380	0	2163690	standard_tone	sapo_emerge	standard	n/a	n/a	n/a	n/a	n/a
4328.394	0	2164197	standard_tone	sapo_emerge	standard	n/a	n/a	n/a	n/a	n/a
4329.410	0	2164705	standard_tone	sapo_emerge	standard	n/a	n/a	n/a	n/a	n/a
4330.426	0	2165213	distractor_noise	sapo_emerge	distractor	n/a	n/a	n/a	n/a	n/a
4331.442	0	2165721	standard_tone	sapo_emerge	standard	n/a	n/a	n/a	n/a	n/a
4332.458	0	2166229	standard_tone	sapo_emerge	standard	n/a	n/a	n/a	n/a	n/a
4333.474	0	2166737	standard_tone	sapo_emerge	standard	n/a	n/a	n/a	n/a	n/a
4334.490	0	2167245	standard_tone	sapo_emerge	standard	n/a	n/a	n/a	n/a	n/a
4335.506	0	2167753	standard_tone	sapo_emerge	standard	n/a	n/a	n/a	n/a	n/a
4336.522	0	2168261	standard_tone	sapo_emerge	standard	n/a	n/a	n/a	n/a	n/a
4337.538	0	2168769	standard_tone	sapo_emerge	standard	n/a	n/a	n/a	n/a	n/a
4338.552	0	2169276	standard_tone	sapo_emerge	standard	n/a	n/a	n/a	n/a	n/a
4339.568	0	2169784	standard_tone	sapo_emerge	standard	n/a	n/a	n/a	n/a	n/a
4340.584	0	2170292	standard_tone	sapo_emerge	standard	n/a	n/a	n/a	n/a	n/a
4341.600	0	2170800	standard_tone	sapo_emerge	standard	n/a	n/a	n/a	n/a	n/a
4342.616	0	2171308	standard_tone	sapo_emerge	standard	n/a	n/a	n/a	n/a	n/a
4343.632	0	2171816	standard_tone	sapo_emerge	standard	n/a	n/a	n/a	n/a	n/a
4344.648	0	2172324	standard_tone	sapo_emerge	standard	n/a	n/a	n/a	n/a	n/a
4345.664	0	2172832	standard_tone	sapo_emerge	standard	n/a	n/a	n/a	n/a	n/a
4346.680	0	2173340	standard_tone	sapo_emerge	standard	n/a	n/a	n/a	n/a	n/a
4347.696	0	2173848	standard_tone	sapo_emerge	standard	n/a	n/a	n/a	n/a	n/a
4348.712	0	2174356	standard_tone	sapo_emerge	standard	n/a	n/a	n/a	n/a	n/a
4349.720	0	2174860	standard_tone	sapo_emerge	standard	n/a	n/a	n/a	n/a	n/a
4350.726	0	2175363	standard_tone	sapo_emerge	standard	n/a	n/a	n/a	n/a	n/a
4351.742	0	2175871	standard_tone	sapo_emerge	standard	n/a	n/a	n/a	n/a	n/a
4352.758	0	2176379	distractor_noise	sapo_emerge	distractor	n/a	n/a	n/a	n/a	n/a
4353.774	0	2176887	oddball_tone	sapo_emerge	oddball	n/a	n/a	n/a	n/a	n/a
4354.790	0	2177395	standard_tone	sapo_emerge	standard	n/a	n/a	n/a	n/a	n/a
4355.806	0	2177903	standard_tone	sapo_emerge	standard	n/a	n/a	n/a	n/a	n/a
4356.822	0	2178411	distractor_noise	sapo_emerge	distractor	n/a	n/a	n/a	n/a	n/a
4357.838	0	2178919	standard_tone	sapo_emerge	standard	n/a	n/a	n/a	n/a	n/a
4358.852	0	2179426	standard_tone	sapo_emerge	standard	n/a	n/a	n/a	n/a	n/a
4359.868	0	2179934	standard_tone	sapo_emerge	standard	n/a	n/a	n/a	n/a	n/a
4360.884	0	2180442	standard_tone	sapo_emerge	standard	n/a	n/a	n/a	n/a	n/a
4361.900	0	2180950	standard_tone	sapo_emerge	standard	n/a	n/a	n/a	n/a	n/a
4362.916	0	2181458	standard_tone	sapo_emerge	standard	n/a	n/a	n/a	n/a	n/a
4363.932	0	2181966	oddball_tone	sapo_emerge	oddball	n/a	n/a	n/a	n/a	n/a
4364.948	0	2182474	standard_tone	sapo_emerge	standard	n/a	n/a	n/a	n/a	n/a
4365.964	0	2182982	standard_tone	sapo_emerge	standard	n/a	n/a	n/a	n/a	n/a
4366.980	0	2183490	standard_tone	sapo_emerge	standard	n/a	n/a	n/a	n/a	n/a
4367.996	0	2183998	standard_tone	sapo_emerge	standard	n/a	n/a	n/a	n/a	n/a
4369.012	0	2184506	standard_tone	sapo_emerge	standard	n/a	n/a	n/a	n/a	n/a
4370.026	0	2185013	oddball_tone	sapo_emerge	oddball	n/a	n/a	n/a	n/a	n/a
4371.042	0	2185521	standard_tone	sapo_emerge	standard	n/a	n/a	n/a	n/a	n/a
4371.642	0	2185821	clicker_press	sapo_emerge	response-received-page_up	n/a	n/a	n/a	n/a	page_up
4371.658	0	2185829	report_window_begin	sapo_emerge	emerge-sapo-emerge-begin	n/a	n/a	n/a	n/a	n/a
4372.508	0	2186254	clicker_press	sapo_emerge	response-received-page_up	n/a	n/a	n/a	n/a	page_up
4372.940	0	2186470	clicker_press	sapo_emerge	response-received-page_up	n/a	n/a	n/a	n/a	page_up
4373.340	0	2186670	clicker_press	sapo_emerge	response-received-page_up	n/a	n/a	n/a	n/a	page_up
4375.688	0	2187844	depth_rating	sapo_emerge	rating-sapo-emerge-meditation_depth-4	4	n/a	n/a	n/a	n/a
4382.000	0	2191000	clicker_press	sapo_emerge	response-received-page_up	n/a	n/a	n/a	n/a	page_up
4382.384	0	2191192	clicker_press	sapo_emerge	response-received-page_up	n/a	n/a	n/a	n/a	page_up
4382.800	0	2191400	clicker_press	sapo_emerge	response-received-page_up	n/a	n/a	n/a	n/a	page_up
4385.764	0	2192882	confidence_rating	sapo_emerge	rating-sapo-emerge-confidence_depth-3	n/a	3	n/a	n/a	n/a
4389.244	0	2194622	report_window_end	sapo_emerge	emerge-sapo-emerge-end	n/a	n/a	n/a	n/a	n/a
4389.246	0	2194623	subblock_begin	sapo_emerge	subblock-begin	n/a	n/a	n/a	n/a	n/a
4389.246	0	2194623	silence_begin	sapo_emerge	silence-begin	n/a	n/a	n/a	n/a	n/a
4389.248	0	2194624	standard_tone	sapo_emerge	standard	n/a	n/a	n/a	n/a	n/a
4390.260	0	2195130	distractor_noise	sapo_emerge	distractor	n/a	n/a	n/a	n/a	n/a
4391.276	0	2195638	standard_tone	sapo_emerge	standard	n/a	n/a	n/a	n/a	n/a
4392.276	0	2196138	standard_tone	sapo_emerge	standard	n/a	n/a	n/a	n/a	n/a
4393.290	0	2196645	standard_tone	sapo_emerge	standard	n/a	n/a	n/a	n/a	n/a
4394.306	0	2197153	standard_tone	sapo_emerge	standard	n/a	n/a	n/a	n/a	n/a
4395.306	0	2197653	distractor_noise	sapo_emerge	distractor	n/a	n/a	n/a	n/a	n/a
4396.322	0	2198161	standard_tone	sapo_emerge	standard	n/a	n/a	n/a	n/a	n/a
4397.338	0	2198669	standard_tone	sapo_emerge	standard	n/a	n/a	n/a	n/a	n/a
4398.354	0	2199177	oddball_tone	sapo_emerge	oddball	n/a	n/a	n/a	n/a	n/a
4399.370	0	2199685	standard_tone	sapo_emerge	standard	n/a	n/a	n/a	n/a	n/a
4400.384	0	2200192	standard_tone	sapo_emerge	standard	n/a	n/a	n/a	n/a	n/a
4401.400	0	2200700	oddball_tone	sapo_emerge	oddball	n/a	n/a	n/a	n/a	n/a
4402.416	0	2201208	standard_tone	sapo_emerge	standard	n/a	n/a	n/a	n/a	n/a
4403.432	0	2201716	standard_tone	sapo_emerge	standard	n/a	n/a	n/a	n/a	n/a
4404.448	0	2202224	standard_tone	sapo_emerge	standard	n/a	n/a	n/a	n/a	n/a
4405.464	0	2202732	standard_tone	sapo_emerge	standard	n/a	n/a	n/a	n/a	n/a
4406.480	0	2203240	standard_tone	sapo_emerge	standard	n/a	n/a	n/a	n/a	n/a
4407.496	0	2203748	standard_tone	sapo_emerge	standard	n/a	n/a	n/a	n/a	n/a
4408.510	0	2204255	standard_tone	sapo_emerge	standard	n/a	n/a	n/a	n/a	n/a
4409.528	0	2204764	standard_tone	sapo_emerge	standard	n/a	n/a	n/a	n/a	n/a
4410.544	0	2205272	standard_tone	sapo_emerge	standard	n/a	n/a	n/a	n/a	n/a
4411.558	0	2205779	standard_tone	sapo_emerge	standard	n/a	n/a	n/a	n/a	n/a
4412.560	0	2206280	standard_tone	sapo_emerge	standard	n/a	n/a	n/a	n/a	n/a
4413.574	0	2206787	distractor_noise	sapo_emerge	distractor	n/a	n/a	n/a	n/a	n/a
4414.590	0	2207295	standard_tone	sapo_emerge	standard	n/a	n/a	n/a	n/a	n/a
4415.606	0	2207803	standard_tone	sapo_emerge	standard	n/a	n/a	n/a	n/a	n/a
4416.622	0	2208311	standard_tone	sapo_emerge	standard	n/a	n/a	n/a	n/a	n/a
4417.638	0	2208819	standard_tone	sapo_emerge	standard	n/a	n/a	n/a	n/a	n/a
4418.638	0	2209319	standard_tone	sapo_emerge	standard	n/a	n/a	n/a	n/a	n/a
4419.652	0	2209826	standard_tone	sapo_emerge	standard	n/a	n/a	n/a	n/a	n/a
4420.668	0	2210334	standard_tone	sapo_emerge	standard	n/a	n/a	n/a	n/a	n/a
4421.684	0	2210842	standard_tone	sapo_emerge	standard	n/a	n/a	n/a	n/a	n/a
4422.700	0	2211350	standard_tone	sapo_emerge	standard	n/a	n/a	n/a	n/a	n/a
4423.716	0	2211858	standard_tone	sapo_emerge	standard	n/a	n/a	n/a	n/a	n/a
4424.732	0	2212366	standard_tone	sapo_emerge	standard	n/a	n/a	n/a	n/a	n/a
4425.748	0	2212874	standard_tone	sapo_emerge	standard	n/a	n/a	n/a	n/a	n/a
4426.764	0	2213382	standard_tone	sapo_emerge	standard	n/a	n/a	n/a	n/a	n/a
4427.778	0	2213889	oddball_tone	sapo_emerge	oddball	n/a	n/a	n/a	n/a	n/a
4428.794	0	2214397	standard_tone	sapo_emerge	standard	n/a	n/a	n/a	n/a	n/a
4429.810	0	2214905	standard_tone	sapo_emerge	standard	n/a	n/a	n/a	n/a	n/a
4430.826	0	2215413	standard_tone	sapo_emerge	standard	n/a	n/a	n/a	n/a	n/a
4431.842	0	2215921	oddball_tone	sapo_emerge	oddball	n/a	n/a	n/a	n/a	n/a
4432.858	0	2216429	standard_tone	sapo_emerge	standard	n/a	n/a	n/a	n/a	n/a
4433.874	0	2216937	standard_tone	sapo_emerge	standard	n/a	n/a	n/a	n/a	n/a
4434.058	0	2217029	clicker_press	sapo_emerge	response-received-page_up	n/a	n/a	n/a	n/a	page_up
4434.074	0	2217037	report_window_begin	sapo_emerge	emerge-sapo-emerge-begin	n/a	n/a	n/a	n/a	n/a
4436.640	0	2218320	clicker_press	sapo_emerge	response-received-page_up	n/a	n/a	n/a	n/a	page_up
4437.006	0	2218503	clicker_press	sapo_emerge	response-received-page_up	n/a	n/a	n/a	n/a	page_up
4438.188	0	2219094	depth_rating	sapo_emerge	rating-sapo-emerge-meditation_depth-3	3	n/a	n/a	n/a	n/a
4444.466	0	2222233	clicker_press	sapo_emerge	response-received-page_up	n/a	n/a	n/a	n/a	page_up
4444.898	0	2222449	clicker_press	sapo_emerge	response-received-page_up	n/a	n/a	n/a	n/a	page_up
4445.298	0	2222649	clicker_press	sapo_emerge	response-received-page_up	n/a	n/a	n/a	n/a	page_up
4445.714	0	2222857	clicker_press	sapo_emerge	response-received-page_up	n/a	n/a	n/a	n/a	page_up
4448.262	0	2224131	confidence_rating	sapo_emerge	rating-sapo-emerge-confidence_depth-4	n/a	4	n/a	n/a	n/a
4451.776	0	2225888	report_window_end	sapo_emerge	emerge-sapo-emerge-end	n/a	n/a	n/a	n/a	n/a
4451.778	0	2225889	subblock_begin	sapo_emerge	subblock-begin	n/a	n/a	n/a	n/a	n/a
4451.778	0	2225889	silence_begin	sapo_emerge	silence-begin	n/a	n/a	n/a	n/a	n/a
4451.778	0	2225889	standard_tone	sapo_emerge	standard	n/a	n/a	n/a	n/a	n/a
4452.792	0	2226396	standard_tone	sapo_emerge	standard	n/a	n/a	n/a	n/a	n/a
4453.808	0	2226904	oddball_tone	sapo_emerge	oddball	n/a	n/a	n/a	n/a	n/a
4454.824	0	2227412	standard_tone	sapo_emerge	standard	n/a	n/a	n/a	n/a	n/a
4455.838	0	2227919	distractor_noise	sapo_emerge	distractor	n/a	n/a	n/a	n/a	n/a
4456.838	0	2228419	standard_tone	sapo_emerge	standard	n/a	n/a	n/a	n/a	n/a
4457.854	0	2228927	standard_tone	sapo_emerge	standard	n/a	n/a	n/a	n/a	n/a
4458.870	0	2229435	standard_tone	sapo_emerge	standard	n/a	n/a	n/a	n/a	n/a
4459.870	0	2229935	standard_tone	sapo_emerge	standard	n/a	n/a	n/a	n/a	n/a
4460.884	0	2230442	standard_tone	sapo_emerge	standard	n/a	n/a	n/a	n/a	n/a
4461.900	0	2230950	standard_tone	sapo_emerge	standard	n/a	n/a	n/a	n/a	n/a
4462.916	0	2231458	standard_tone	sapo_emerge	standard	n/a	n/a	n/a	n/a	n/a
4463.932	0	2231966	standard_tone	sapo_emerge	standard	n/a	n/a	n/a	n/a	n/a
4464.948	0	2232474	standard_tone	sapo_emerge	standard	n/a	n/a	n/a	n/a	n/a
4465.964	0	2232982	standard_tone	sapo_emerge	standard	n/a	n/a	n/a	n/a	n/a
4466.980	0	2233490	standard_tone	sapo_emerge	standard	n/a	n/a	n/a	n/a	n/a
4467.996	0	2233998	standard_tone	sapo_emerge	standard	n/a	n/a	n/a	n/a	n/a
4469.012	0	2234506	standard_tone	sapo_emerge	standard	n/a	n/a	n/a	n/a	n/a
4470.028	0	2235014	standard_tone	sapo_emerge	standard	n/a	n/a	n/a	n/a	n/a
4471.044	0	2235522	distractor_noise	sapo_emerge	distractor	n/a	n/a	n/a	n/a	n/a
4472.058	0	2236029	standard_tone	sapo_emerge	standard	n/a	n/a	n/a	n/a	n/a
4473.074	0	2236537	standard_tone	sapo_emerge	standard	n/a	n/a	n/a	n/a	n/a
4474.090	0	2237045	standard_tone	sapo_emerge	standard	n/a	n/a	n/a	n/a	n/a
4475.106	0	2237553	distractor_noise	sapo_emerge	distractor	n/a	n/a	n/a	n/a	n/a
4476.122	0	2238061	standard_tone	sapo_emerge	standard	n/a	n/a	n/a	n/a	n/a
4477.138	0	2238569	standard_tone	sapo_emerge	standard	n/a	n/a	n/a	n/a	n/a
4478.154	0	2239077	distractor_noise	sapo_emerge	distractor	n/a	n/a	n/a	n/a	n/a
4479.170	0	2239585	standard_tone	sapo_emerge	standard	n/a	n/a	n/a	n/a	n/a
4480.186	0	2240093	standard_tone	sapo_emerge	standard	n/a	n/a	n/a	n/a	n/a
4481.202	0	2240601	standard_tone	sapo_emerge	standard	n/a	n/a	n/a	n/a	n/a
4482.218	0	2241109	distractor_noise	sapo_emerge	distractor	n/a	n/a	n/a	n/a	n/a
4483.234	0	2241617	standard_tone	sapo_emerge	standard	n/a	n/a	n/a	n/a	n/a
4484.248	0	2242124	oddball_tone	sapo_emerge	oddball	n/a	n/a	n/a	n/a	n/a
4485.264	0	2242632	standard_tone	sapo_emerge	standard	n/a	n/a	n/a	n/a	n/a
4486.280	0	2243140	standard_tone	sapo_emerge	standard	n/a	n/a	n/a	n/a	n/a
4487.296	0	2243648	oddball_tone	sapo_emerge	oddball	n/a	n/a	n/a	n/a	n/a
4488.312	0	2244156	standard_tone	sapo_emerge	standard	n/a	n/a	n/a	n/a	n/a
4489.328	0	2244664	standard_tone	sapo_emerge	standard	n/a	n/a	n/a	n/a	n/a
4490.344	0	2245172	standard_tone	sapo_emerge	standard	n/a	n/a	n/a	n/a	n/a
4491.360	0	2245680	standard_tone	sapo_emerge	standard	n/a	n/a	n/a	n/a	n/a
4492.376	0	2246188	standard_tone	sapo_emerge	standard	n/a	n/a	n/a	n/a	n/a
4493.392	0	2246696	standard_tone	sapo_emerge	standard	n/a	n/a	n/a	n/a	n/a
4494.408	0	2247204	standard_tone	sapo_emerge	standard	n/a	n/a	n/a	n/a	n/a
4495.422	0	2247711	standard_tone	sapo_emerge	standard	n/a	n/a	n/a	n/a	n/a
4496.438	0	2248219	standard_tone	sapo_emerge	standard	n/a	n/a	n/a	n/a	n/a
4497.454	0	2248727	standard_tone	sapo_emerge	standard	n/a	n/a	n/a	n/a	n/a
4498.472	0	2249236	standard_tone	sapo_emerge	standard	n/a	n/a	n/a	n/a	n/a
4499.486	0	2249743	standard_tone	sapo_emerge	standard	n/a	n/a	n/a	n/a	n/a
4500.502	0	2250251	standard_tone	sapo_emerge	standard	n/a	n/a	n/a	n/a	n/a
4501.518	0	2250759	oddball_tone	sapo_emerge	oddball	n/a	n/a	n/a	n/a	n/a
4502.534	0	2251267	standard_tone	sapo_emerge	standard	n/a	n/a	n/a	n/a	n/a
4503.550	0	2251775	standard_tone	sapo_emerge	standard	n/a	n/a	n/a	n/a	n/a
4504.566	0	2252283	standard_tone	sapo_emerge	standard	n/a	n/a	n/a	n/a	n/a
4505.582	0	2252791	standard_tone	sapo_emerge	standard	n/a	n/a	n/a	n/a	n/a
4506.598	0	2253299	distractor_noise	sapo_emerge	distractor	n/a	n/a	n/a	n/a	n/a
4507.612	0	2253806	standard_tone	sapo_emerge	standard	n/a	n/a	n/a	n/a	n/a
4508.628	0	2254314	standard_tone	sapo_emerge	standard	n/a	n/a	n/a	n/a	n/a
4509.644	0	2254822	standard_tone	sapo_emerge	standard	n/a	n/a	n/a	n/a	n/a
4510.660	0	2255330	standard_tone	sapo_emerge	standard	n/a	n/a	n/a	n/a	n/a
4511.676	0	2255838	standard_tone	sapo_emerge	standard	n/a	n/a	n/a	n/a	n/a
4512.692	0	2256346	standard_tone	sapo_emerge	standard	n/a	n/a	n/a	n/a	n/a
4513.708	0	2256854	standard_tone	sapo_emerge	standard	n/a	n/a	n/a	n/a	n/a
4514.724	0	2257362	standard_tone	sapo_emerge	standard	n/a	n/a	n/a	n/a	n/a
4515.740	0	2257870	standard_tone	sapo_emerge	standard	n/a	n/a	n/a	n/a	n/a
4516.756	0	2258378	standard_tone	sapo_emerge	standard	n/a	n/a	n/a	n/a	n/a
4517.770	0	2258885	standard_tone	sapo_emerge	standard	n/a	n/a	n/a	n/a	n/a
4518.770	0	2259385	standard_tone	sapo_emerge	standard	n/a	n/a	n/a	n/a	n/a
4519.786	0	2259893	standard_tone	sapo_emerge	standard	n/a	n/a	n/a	n/a	n/a
4520.802	0	2260401	standard_tone	sapo_emerge	standard	n/a	n/a	n/a	n/a	n/a
4521.818	0	2260909	standard_tone	sapo_emerge	standard	n/a	n/a	n/a	n/a	n/a
4522.818	0	2261409	standard_tone	sapo_emerge	standard	n/a	n/a	n/a	n/a	n/a
4523.832	0	2261916	standard_tone	sapo_emerge	standard	n/a	n/a	n/a	n/a	n/a
4524.850	0	2262425	standard_tone	sapo_emerge	standard	n/a	n/a	n/a	n/a	n/a
4525.864	0	2262932	standard_tone	sapo_emerge	standard	n/a	n/a	n/a	n/a	n/a
4526.880	0	2263440	standard_tone	sapo_emerge	standard	n/a	n/a	n/a	n/a	n/a
4527.896	0	2263948	standard_tone	sapo_emerge	standard	n/a	n/a	n/a	n/a	n/a
4528.910	0	2264455	standard_tone	sapo_emerge	standard	n/a	n/a	n/a	n/a	n/a
4529.928	0	2264964	standard_tone	sapo_emerge	standard	n/a	n/a	n/a	n/a	n/a
4530.942	0	2265471	oddball_tone	sapo_emerge	oddball	n/a	n/a	n/a	n/a	n/a
4531.960	0	2265980	standard_tone	sapo_emerge	standard	n/a	n/a	n/a	n/a	n/a
4532.976	0	2266488	standard_tone	sapo_emerge	standard	n/a	n/a	n/a	n/a	n/a
4533.992	0	2266996	standard_tone	sapo_emerge	standard	n/a	n/a	n/a	n/a	n/a
4535.006	0	2267503	standard_tone	sapo_emerge	standard	n/a	n/a	n/a	n/a	n/a
4536.022	0	2268011	distractor_noise	sapo_emerge	distractor	n/a	n/a	n/a	n/a	n/a
4537.038	0	2268519	standard_tone	sapo_emerge	standard	n/a	n/a	n/a	n/a	n/a
4538.054	0	2269027	standard_tone	sapo_emerge	standard	n/a	n/a	n/a	n/a	n/a
4539.070	0	2269535	standard_tone	sapo_emerge	standard	n/a	n/a	n/a	n/a	n/a
4540.086	0	2270043	distractor_noise	sapo_emerge	distractor	n/a	n/a	n/a	n/a	n/a
4541.102	0	2270551	oddball_tone	sapo_emerge	oddball	n/a	n/a	n/a	n/a	n/a
4542.118	0	2271059	distractor_noise	sapo_emerge	distractor	n/a	n/a	n/a	n/a	n/a
4543.134	0	2271567	standard_tone	sapo_emerge	standard	n/a	n/a	n/a	n/a	n/a
4544.132	0	2272066	standard_tone	sapo_emerge	standard	n/a	n/a	n/a	n/a	n/a
4545.148	0	2272574	standard_tone	sapo_emerge	standard	n/a	n/a	n/a	n/a	n/a
4546.164	0	2273082	oddball_tone	sapo_emerge	oddball	n/a	n/a	n/a	n/a	n/a
4547.166	0	2273583	standard_tone	sapo_emerge	standard	n/a	n/a	n/a	n/a	n/a
4548.180	0	2274090	standard_tone	sapo_emerge	standard	n/a	n/a	n/a	n/a	n/a
4549.196	0	2274598	standard_tone	sapo_emerge	standard	n/a	n/a	n/a	n/a	n/a
4550.210	0	2275105	standard_tone	sapo_emerge	standard	n/a	n/a	n/a	n/a	n/a
4551.226	0	2275613	standard_tone	sapo_emerge	standard	n/a	n/a	n/a	n/a	n/a
4552.242	0	2276121	standard_tone	sapo_emerge	standard	n/a	n/a	n/a	n/a	n/a
4553.258	0	2276629	standard_tone	sapo_emerge	standard	n/a	n/a	n/a	n/a	n/a
4554.274	0	2277137	standard_tone	sapo_emerge	standard	n/a	n/a	n/a	n/a	n/a
4555.290	0	2277645	standard_tone	sapo_emerge	standard	n/a	n/a	n/a	n/a	n/a
4556.306	0	2278153	distractor_noise	sapo_emerge	distractor	n/a	n/a	n/a	n/a	n/a
4557.322	0	2278661	oddball_tone	sapo_emerge	oddball	n/a	n/a	n/a	n/a	n/a
4558.338	0	2279169	standard_tone	sapo_emerge	standard	n/a	n/a	n/a	n/a	n/a
4559.354	0	2279677	standard_tone	sapo_emerge	standard	n/a	n/a	n/a	n/a	n/a
4560.370	0	2280185	distractor_noise	sapo_emerge	distractor	n/a	n/a	n/a	n/a	n/a
4561.384	0	2280692	standard_tone	sapo_emerge	standard	n/a	n/a	n/a	n/a	n/a
4562.400	0	2281200	distractor_noise	sapo_emerge	distractor	n/a	n/a	n/a	n/a	n/a
4563.416	0	2281708	standard_tone	sapo_emerge	standard	n/a	n/a	n/a	n/a	n/a
4564.432	0	2282216	standard_tone	sapo_emerge	standard	n/a	n/a	n/a	n/a	n/a
4565.332	0	2282666	silence_end	sapo_emerge	silence-end	n/a	n/a	n/a	n/a	n/a
4565.332	0	2282666	gong_begin	sapo_emerge	gong-begin	n/a	n/a	n/a	n/a	n/a
4565.436	0	2282718	distractor_noise	sapo_emerge	distractor	n/a	n/a	n/a	n/a	n/a
4566.448	0	2283224	standard_tone	sapo_emerge	standard	n/a	n/a	n/a	n/a	n/a
4567.464	0	2283732	standard_tone	sapo_emerge	standard	n/a	n/a	n/a	n/a	n/a
4568.480	0	2284240	standard_tone	sapo_emerge	standard	n/a	n/a	n/a	n/a	n/a
4569.494	0	2284747	standard_tone	sapo_emerge	standard	n/a	n/a	n/a	n/a	n/a
4570.510	0	2285255	distractor_noise	sapo_emerge	distractor	n/a	n/a	n/a	n/a	n/a
4571.526	0	2285763	standard_tone	sapo_emerge	standard	n/a	n/a	n/a	n/a	n/a
4572.542	0	2286271	standard_tone	sapo_emerge	standard	n/a	n/a	n/a	n/a	n/a
4573.558	0	2286779	standard_tone	sapo_emerge	standard	n/a	n/a	n/a	n/a	n/a
4574.574	0	2287287	standard_tone	sapo_emerge	standard	n/a	n/a	n/a	n/a	n/a
4575.358	0	2287679	gong_end	sapo_emerge	gong-end	n/a	n/a	n/a	n/a	n/a
4575.358	0	2287679	subblock_end	sapo_emerge	subblock-end-duration-123.58	n/a	n/a	n/a	123.580	n/a
4575.358	0	2287679	subblock_begin	sapo_emerge	subblock-begin	n/a	n/a	n/a	n/a	n/a
4575.358	0	2287679	silence_begin	sapo_emerge	silence-begin	n/a	n/a	n/a	n/a	n/a
4575.590	0	2287795	standard_tone	sapo_emerge	standard	n/a	n/a	n/a	n/a	n/a
4576.606	0	2288303	standard_tone	sapo_emerge	standard	n/a	n/a	n/a	n/a	n/a
4577.622	0	2288811	standard_tone	sapo_emerge	standard	n/a	n/a	n/a	n/a	n/a
4578.638	0	2289319	standard_tone	sapo_emerge	standard	n/a	n/a	n/a	n/a	n/a
4579.654	0	2289827	standard_tone	sapo_emerge	standard	n/a	n/a	n/a	n/a	n/a
4580.670	0	2290335	standard_tone	sapo_emerge	standard	n/a	n/a	n/a	n/a	n/a
4581.684	0	2290842	standard_tone	sapo_emerge	standard	n/a	n/a	n/a	n/a	n/a
4582.702	0	2291351	oddball_tone	sapo_emerge	oddball	n/a	n/a	n/a	n/a	n/a
4583.716	0	2291858	standard_tone	sapo_emerge	standard	n/a	n/a	n/a	n/a	n/a
4584.732	0	2292366	standard_tone	sapo_emerge	standard	n/a	n/a	n/a	n/a	n/a
4585.748	0	2292874	standard_tone	sapo_emerge	standard	n/a	n/a	n/a	n/a	n/a
4586.764	0	2293382	oddball_tone	sapo_emerge	oddball	n/a	n/a	n/a	n/a	n/a
4587.780	0	2293890	standard_tone	sapo_emerge	standard	n/a	n/a	n/a	n/a	n/a
4588.796	0	2294398	standard_tone	sapo_emerge	standard	n/a	n/a	n/a	n/a	n/a
4589.810	0	2294905	standard_tone	sapo_emerge	standard	n/a	n/a	n/a	n/a	n/a
4590.828	0	2295414	oddball_tone	sapo_emerge	oddball	n/a	n/a	n/a	n/a	n/a
4591.842	0	2295921	standard_tone	sapo_emerge	standard	n/a	n/a	n/a	n/a	n/a
4592.860	0	2296430	oddball_tone	sapo_emerge	oddball	n/a	n/a	n/a	n/a	n/a
4593.874	0	2296937	standard_tone	sapo_emerge	standard	n/a	n/a	n/a	n/a	n/a
4594.890	0	2297445	standard_tone	sapo_emerge	standard	n/a	n/a	n/a	n/a	n/a
4595.906	0	2297953	standard_tone	sapo_emerge	standard	n/a	n/a	n/a	n/a	n/a
4596.922	0	2298461	standard_tone	sapo_emerge	standard	n/a	n/a	n/a	n/a	n/a
4597.938	0	2298969	standard_tone	sapo_emerge	standard	n/a	n/a	n/a	n/a	n/a
4598.954	0	2299477	standard_tone	sapo_emerge	standard	n/a	n/a	n/a	n/a	n/a
4599.970	0	2299985	standard_tone	sapo_emerge	standard	n/a	n/a	n/a	n/a	n/a
4600.978	0	2300489	standard_tone	sapo_emerge	standard	n/a	n/a	n/a	n/a	n/a
4601.984	0	2300992	standard_tone	sapo_emerge	standard	n/a	n/a	n/a	n/a	n/a
4603.000	0	2301500	standard_tone	sapo_emerge	standard	n/a	n/a	n/a	n/a	n/a
4604.016	0	2302008	standard_tone	sapo_emerge	standard	n/a	n/a	n/a	n/a	n/a
4605.032	0	2302516	standard_tone	sapo_emerge	standard	n/a	n/a	n/a	n/a	n/a
4606.048	0	2303024	standard_tone	sapo_emerge	standard	n/a	n/a	n/a	n/a	n/a
4607.064	0	2303532	standard_tone	sapo_emerge	standard	n/a	n/a	n/a	n/a	n/a
4608.080	0	2304040	standard_tone	sapo_emerge	standard	n/a	n/a	n/a	n/a	n/a
4609.096	0	2304548	standard_tone	sapo_emerge	standard	n/a	n/a	n/a	n/a	n/a
4610.112	0	2305056	standard_tone	sapo_emerge	standard	n/a	n/a	n/a	n/a	n/a
4611.128	0	2305564	standard_tone	sapo_emerge	standard	n/a	n/a	n/a	n/a	n/a
4611.944	0	2305972	clicker_press	sapo_emerge	response-received-page_down	n/a	n/a	n/a	n/a	page_down
4611.960	0	2305980	report_window_begin	sapo_emerge	emerge-sapo-emerge-begin	n/a	n/a	n/a	n/a	n/a
4613.826	0	2306913	clicker_press	sapo_emerge	response-received-page_down	n/a	n/a	n/a	n/a	page_down
4614.292	0	2307146	clicker_press	sapo_emerge	response-received-page_down	n/a	n/a	n/a	n/a	page_down
4616.040	0	2308020	depth_rating	sapo_emerge	rating-sapo-emerge-meditation_depth-3	3	n/a	n/a	n/a	n/a
4622.302	0	2311151	clicker_press	sapo_emerge	response-received-page_down	n/a	n/a	n/a	n/a	page_down
4622.668	0	2311334	clicker_press	sapo_emerge	response-received-page_down	n/a	n/a	n/a	n/a	page_down
4623.102	0	2311551	clicker_press	sapo_emerge	response-received-page_down	n/a	n/a	n/a	n/a	page_down
4626.216	0	2313108	confidence_rating	sapo_emerge	rating-sapo-emerge-confidence_depth-3	n/a	3	n/a	n/a	n/a
4629.662	0	2314831	report_window_end	sapo_emerge	emerge-sapo-emerge-end	n/a	n/a	n/a	n/a	n/a
4629.662	0	2314831	subblock_begin	sapo_emerge	subblock-begin	n/a	n/a	n/a	n/a	n/a
4629.664	0	2314832	silence_begin	sapo_emerge	silence-begin	n/a	n/a	n/a	n/a	n/a
4629.664	0	2314832	standard_tone	sapo_emerge	standard	n/a	n/a	n/a	n/a	n/a
4630.678	0	2315339	standard_tone	sapo_emerge	standard	n/a	n/a	n/a	n/a	n/a
4631.694	0	2315847	standard_tone	sapo_emerge	standard	n/a	n/a	n/a	n/a	n/a
4632.710	0	2316355	distractor_noise	sapo_emerge	distractor	n/a	n/a	n/a	n/a	n/a
4633.726	0	2316863	standard_tone	sapo_emerge	standard	n/a	n/a	n/a	n/a	n/a
4634.740	0	2317370	standard_tone	sapo_emerge	standard	n/a	n/a	n/a	n/a	n/a
4635.756	0	2317878	standard_tone	sapo_emerge	standard	n/a	n/a	n/a	n/a	n/a
4636.772	0	2318386	standard_tone	sapo_emerge	standard	n/a	n/a	n/a	n/a	n/a
4637.788	0	2318894	standard_tone	sapo_emerge	standard	n/a	n/a	n/a	n/a	n/a
4638.804	0	2319402	oddball_tone	sapo_emerge	oddball	n/a	n/a	n/a	n/a	n/a
4639.820	0	2319910	standard_tone	sapo_emerge	standard	n/a	n/a	n/a	n/a	n/a
4640.836	0	2320418	standard_tone	sapo_emerge	standard	n/a	n/a	n/a	n/a	n/a
4641.852	0	2320926	standard_tone	sapo_emerge	standard	n/a	n/a	n/a	n/a	n/a
4642.868	0	2321434	standard_tone	sapo_emerge	standard	n/a	n/a	n/a	n/a	n/a
4643.884	0	2321942	standard_tone	sapo_emerge	standard	n/a	n/a	n/a	n/a	n/a
4644.900	0	2322450	standard_tone	sapo_emerge	standard	n/a	n/a	n/a	n/a	n/a
4645.900	0	2322950	distractor_noise	sapo_emerge	distractor	n/a	n/a	n/a	n/a	n/a
4646.914	0	2323457	oddball_tone	sapo_emerge	oddball	n/a	n/a	n/a	n/a	n/a
4647.930	0	2323965	standard_tone	sapo_emerge	standard	n/a	n/a	n/a	n/a	n/a
4648.946	0	2324473	standard_tone	sapo_emerge	standard	n/a	n/a	n/a	n/a	n/a
4649.962	0	2324981	standard_tone	sapo_emerge	standard	n/a	n/a	n/a	n/a	n/a
4650.978	0	2325489	standard_tone	sapo_emerge	standard	n/a	n/a	n/a	n/a	n/a
4651.994	0	2325997	distractor_noise	sapo_emerge	distractor	n/a	n/a	n/a	n/a	n/a
4653.010	0	2326505	standard_tone	sapo_emerge	standard	n/a	n/a	n/a	n/a	n/a
4654.024	0	2327012	standard_tone	sapo_emerge	standard	n/a	n/a	n/a	n/a	n/a
4655.040	0	2327520	standard_tone	sapo_emerge	standard	n/a	n/a	n/a	n/a	n/a
4656.056	0	2328028	standard_tone	sapo_emerge	standard	n/a	n/a	n/a	n/a	n/a
4657.072	0	2328536	standard_tone	sapo_emerge	standard	n/a	n/a	n/a	n/a	n/a
4658.088	0	2329044	standard_tone	sapo_emerge	standard	n/a	n/a	n/a	n/a	n/a
4659.104	0	2329552	oddball_tone	sapo_emerge	oddball	n/a	n/a	n/a	n/a	n/a
4660.120	0	2330060	standard_tone	sapo_emerge	standard	n/a	n/a	n/a	n/a	n/a
4661.136	0	2330568	standard_tone	sapo_emerge	standard	n/a	n/a	n/a	n/a	n/a
4662.136	0	2331068	standard_tone	sapo_emerge	standard	n/a	n/a	n/a	n/a	n/a
4663.150	0	2331575	standard_tone	sapo_emerge	standard	n/a	n/a	n/a	n/a	n/a
4664.166	0	2332083	standard_tone	sapo_emerge	standard	n/a	n/a	n/a	n/a	n/a
4665.182	0	2332591	standard_tone	sapo_emerge	standard	n/a	n/a	n/a	n/a	n/a
4666.198	0	2333099	standard_tone	sapo_emerge	standard	n/a	n/a	n/a	n/a	n/a
4667.214	0	2333607	standard_tone	sapo_emerge	standard	n/a	n/a	n/a	n/a	n/a
4668.230	0	2334115	standard_tone	sapo_emerge	standard	n/a	n/a	n/a	n/a	n/a
4669.246	0	2334623	standard_tone	sapo_emerge	standard	n/a	n/a	n/a	n/a	n/a
4670.262	0	2335131	standard_tone	sapo_emerge	standard	n/a	n/a	n/a	n/a	n/a
4671.278	0	2335639	standard_tone	sapo_emerge	standard	n/a	n/a	n/a	n/a	n/a
4672.294	0	2336147	standard_tone	sapo_emerge	standard	n/a	n/a	n/a	n/a	n/a
4673.310	0	2336655	standard_tone	sapo_emerge	standard	n/a	n/a	n/a	n/a	n/a
4674.324	0	2337162	standard_tone	sapo_emerge	standard	n/a	n/a	n/a	n/a	n/a
4675.340	0	2337670	standard_tone	sapo_emerge	standard	n/a	n/a	n/a	n/a	n/a
4676.356	0	2338178	distractor_noise	sapo_emerge	distractor	n/a	n/a	n/a	n/a	n/a
4677.372	0	2338686	standard_tone	sapo_emerge	standard	n/a	n/a	n/a	n/a	n/a
4678.388	0	2339194	oddball_tone	sapo_emerge	oddball	n/a	n/a	n/a	n/a	n/a
4679.404	0	2339702	standard_tone	sapo_emerge	standard	n/a	n/a	n/a	n/a	n/a
4680.420	0	2340210	standard_tone	sapo_emerge	standard	n/a	n/a	n/a	n/a	n/a
4681.436	0	2340718	oddball_tone	sapo_emerge	oddball	n/a	n/a	n/a	n/a	n/a
4682.452	0	2341226	distractor_noise	sapo_emerge	distractor	n/a	n/a	n/a	n/a	n/a
4683.468	0	2341734	standard_tone	sapo_emerge	standard	n/a	n/a	n/a	n/a	n/a
4684.484	0	2342242	distractor_noise	sapo_emerge	distractor	n/a	n/a	n/a	n/a	n/a
4685.498	0	2342749	standard_tone	sapo_emerge	standard	n/a	n/a	n/a	n/a	n/a
4686.514	0	2343257	standard_tone	sapo_emerge	standard	n/a	n/a	n/a	n/a	n/a
4687.530	0	2343765	standard_tone	sapo_emerge	standard	n/a	n/a	n/a	n/a	n/a
4688.546	0	2344273	standard_tone	sapo_emerge	standard	n/a	n/a	n/a	n/a	n/a
4689.562	0	2344781	standard_tone	sapo_emerge	standard	n/a	n/a	n/a	n/a	n/a
4690.578	0	2345289	standard_tone	sapo_emerge	standard	n/a	n/a	n/a	n/a	n/a
4691.594	0	2345797	standard_tone	sapo_emerge	standard	n/a	n/a	n/a	n/a	n/a
4692.610	0	2346305	distractor_noise	sapo_emerge	distractor	n/a	n/a	n/a	n/a	n/a
4693.626	0	2346813	standard_tone	sapo_emerge	standard	n/a	n/a	n/a	n/a	n/a
4694.626	0	2347313	standard_tone	sapo_emerge	standard	n/a	n/a	n/a	n/a	n/a
4695.640	0	2347820	standard_tone	sapo_emerge	standard	n/a	n/a	n/a	n/a	n/a
4696.640	0	2348320	standard_tone	sapo_emerge	standard	n/a	n/a	n/a	n/a	n/a
4697.656	0	2348828	standard_tone	sapo_emerge	standard	n/a	n/a	n/a	n/a	n/a
4698.672	0	2349336	standard_tone	sapo_emerge	standard	n/a	n/a	n/a	n/a	n/a
4699.688	0	2349844	standard_tone	sapo_emerge	standard	n/a	n/a	n/a	n/a	n/a
4700.686	0	2350343	oddball_tone	sapo_emerge	oddball	n/a	n/a	n/a	n/a	n/a
4701.702	0	2350851	standard_tone	sapo_emerge	standard	n/a	n/a	n/a	n/a	n/a
4702.718	0	2351359	standard_tone	sapo_emerge	standard	n/a	n/a	n/a	n/a	n/a
4703.734	0	2351867	standard_tone	sapo_emerge	standard	n/a	n/a	n/a	n/a	n/a
4704.750	0	2352375	standard_tone	sapo_emerge	standard	n/a	n/a	n/a	n/a	n/a
4705.766	0	2352883	standard_tone	sapo_emerge	standard	n/a	n/a	n/a	n/a	n/a
4706.782	0	2353391	standard_tone	sapo_emerge	standard	n/a	n/a	n/a	n/a	n/a
4707.796	0	2353898	standard_tone	sapo_emerge	standard	n/a	n/a	n/a	n/a	n/a
4708.812	0	2354406	distractor_noise	sapo_emerge	distractor	n/a	n/a	n/a	n/a	n/a
4709.828	0	2354914	standard_tone	sapo_emerge	standard	n/a	n/a	n/a	n/a	n/a
4710.844	0	2355422	standard_tone	sapo_emerge	standard	n/a	n/a	n/a	n/a	n/a
4711.846	0	2355923	distractor_noise	sapo_emerge	distractor	n/a	n/a	n/a	n/a	n/a
4712.860	0	2356430	standard_tone	sapo_emerge	standard	n/a	n/a	n/a	n/a	n/a
4713.876	0	2356938	oddball_tone	sapo_emerge	oddball	n/a	n/a	n/a	n/a	n/a
4714.892	0	2357446	standard_tone	sapo_emerge	standard	n/a	n/a	n/a	n/a	n/a
4715.906	0	2357953	standard_tone	sapo_emerge	standard	n/a	n/a	n/a	n/a	n/a
4716.922	0	2358461	standard_tone	sapo_emerge	standard	n/a	n/a	n/a	n/a	n/a
4717.938	0	2358969	standard_tone	sapo_emerge	standard	n/a	n/a	n/a	n/a	n/a
4718.954	0	2359477	standard_tone	sapo_emerge	standard	n/a	n/a	n/a	n/a	n/a
4719.970	0	2359985	oddball_tone	sapo_emerge	oddball	n/a	n/a	n/a	n/a	n/a
4720.986	0	2360493	standard_tone	sapo_emerge	standard	n/a	n/a	n/a	n/a	n/a
4722.002	0	2361001	oddball_tone	sapo_emerge	oddball	n/a	n/a	n/a	n/a	n/a
4723.018	0	2361509	standard_tone	sapo_emerge	standard	n/a	n/a	n/a	n/a	n/a
4724.034	0	2362017	standard_tone	sapo_emerge	standard	n/a	n/a	n/a	n/a	n/a
4725.050	0	2362525	standard_tone	sapo_emerge	standard	n/a	n/a	n/a	n/a	n/a
4726.066	0	2363033	standard_tone	sapo_emerge	standard	n/a	n/a	n/a	n/a	n/a
4727.082	0	2363541	standard_tone	sapo_emerge	standard	n/a	n/a	n/a	n/a	n/a
4728.096	0	2364048	standard_tone	sapo_emerge	standard	n/a	n/a	n/a	n/a	n/a
4729.112	0	2364556	standard_tone	sapo_emerge	standard	n/a	n/a	n/a	n/a	n/a
4730.112	0	2365056	standard_tone	sapo_emerge	standard	n/a	n/a	n/a	n/a	n/a
4731.128	0	2365564	standard_tone	sapo_emerge	standard	n/a	n/a	n/a	n/a	n/a
4732.142	0	2366071	standard_tone	sapo_emerge	standard	n/a	n/a	n/a	n/a	n/a
4732.394	0	2366197	silence_end	sapo_emerge	silence-end	n/a	n/a	n/a	n/a	n/a
4732.410	0	2366205	gong_begin	sapo_emerge	gong-begin	n/a	n/a	n/a	n/a	n/a
4733.142	0	2366571	standard_tone	sapo_emerge	standard	n/a	n/a	n/a	n/a	n/a
4734.158	0	2367079	standard_tone	sapo_emerge	standard	n/a	n/a	n/a	n/a	n/a
4735.174	0	2367587	standard_tone	sapo_emerge	standard	n/a	n/a	n/a	n/a	n/a
4736.190	0	2368095	standard_tone	sapo_emerge	standard	n/a	n/a	n/a	n/a	n/a
4737.206	0	2368603	standard_tone	sapo_emerge	standard	n/a	n/a	n/a	n/a	n/a
4738.222	0	2369111	standard_tone	sapo_emerge	standard	n/a	n/a	n/a	n/a	n/a
4739.238	0	2369619	oddball_tone	sapo_emerge	oddball	n/a	n/a	n/a	n/a	n/a
4740.254	0	2370127	standard_tone	sapo_emerge	standard	n/a	n/a	n/a	n/a	n/a
4741.270	0	2370635	standard_tone	sapo_emerge	standard	n/a	n/a	n/a	n/a	n/a
4742.286	0	2371143	standard_tone	sapo_emerge	standard	n/a	n/a	n/a	n/a	n/a
4742.436	0	2371218	gong_end	sapo_emerge	gong-end	n/a	n/a	n/a	n/a	n/a
4742.436	0	2371218	subblock_end	sapo_emerge	subblock-end-duration-112.773	n/a	n/a	n/a	112.773	n/a
4742.436	0	2371218	subblock_begin	sapo_emerge	subblock-begin	n/a	n/a	n/a	n/a	n/a
4742.438	0	2371219	silence_begin	sapo_emerge	silence-begin	n/a	n/a	n/a	n/a	n/a
4743.300	0	2371650	standard_tone	sapo_emerge	standard	n/a	n/a	n/a	n/a	n/a
4744.316	0	2372158	standard_tone	sapo_emerge	standard	n/a	n/a	n/a	n/a	n/a
4745.332	0	2372666	standard_tone	sapo_emerge	standard	n/a	n/a	n/a	n/a	n/a
4746.348	0	2373174	standard_tone	sapo_emerge	standard	n/a	n/a	n/a	n/a	n/a
4747.364	0	2373682	standard_tone	sapo_emerge	standard	n/a	n/a	n/a	n/a	n/a
4748.380	0	2374190	standard_tone	sapo_emerge	standard	n/a	n/a	n/a	n/a	n/a
4749.396	0	2374698	standard_tone	sapo_emerge	standard	n/a	n/a	n/a	n/a	n/a
4750.396	0	2375198	standard_tone	sapo_emerge	standard	n/a	n/a	n/a	n/a	n/a
4751.410	0	2375705	standard_tone	sapo_emerge	standard	n/a	n/a	n/a	n/a	n/a
4752.426	0	2376213	standard_tone	sapo_emerge	standard	n/a	n/a	n/a	n/a	n/a
4753.442	0	2376721	standard_tone	sapo_emerge	standard	n/a	n/a	n/a	n/a	n/a
4754.442	0	2377221	standard_tone	sapo_emerge	standard	n/a	n/a	n/a	n/a	n/a
4755.458	0	2377729	oddball_tone	sapo_emerge	oddball	n/a	n/a	n/a	n/a	n/a
4756.474	0	2378237	standard_tone	sapo_emerge	standard	n/a	n/a	n/a	n/a	n/a
4757.490	0	2378745	distractor_noise	sapo_emerge	distractor	n/a	n/a	n/a	n/a	n/a
4758.506	0	2379253	standard_tone	sapo_emerge	standard	n/a	n/a	n/a	n/a	n/a
4759.520	0	2379760	standard_tone	sapo_emerge	standard	n/a	n/a	n/a	n/a	n/a
4760.536	0	2380268	oddball_tone	sapo_emerge	oddball	n/a	n/a	n/a	n/a	n/a
4761.552	0	2380776	standard_tone	sapo_emerge	standard	n/a	n/a	n/a	n/a	n/a
4762.568	0	2381284	distractor_noise	sapo_emerge	distractor	n/a	n/a	n/a	n/a	n/a
4763.584	0	2381792	standard_tone	sapo_emerge	standard	n/a	n/a	n/a	n/a	n/a
4764.600	0	2382300	standard_tone	sapo_emerge	standard	n/a	n/a	n/a	n/a	n/a
4765.616	0	2382808	distractor_noise	sapo_emerge	distractor	n/a	n/a	n/a	n/a	n/a
4766.632	0	2383316	standard_tone	sapo_emerge	standard	n/a	n/a	n/a	n/a	n/a
4767.648	0	2383824	standard_tone	sapo_emerge	standard	n/a	n/a	n/a	n/a	n/a
4768.052	0	2384026	clicker_press	sapo_emerge	response-received-page_up	n/a	n/a	n/a	n/a	page_up
4768.078	0	2384039	report_window_begin	sapo_emerge	emerge-sapo-emerge-begin	n/a	n/a	n/a	n/a	n/a
4769.164	0	2384582	clicker_press	sapo_emerge	response-received-page_up	n/a	n/a	n/a	n/a	page_up
4769.714	0	2384857	clicker_press	sapo_emerge	response-received-page_up	n/a	n/a	n/a	n/a	page_up
4772.178	0	2386089	depth_rating	sapo_emerge	rating-sapo-emerge-meditation_depth-3	3	n/a	n/a	n/a	n/a
4778.556	0	2389278	clicker_press	sapo_emerge	response-received-page_up	n/a	n/a	n/a	n/a	page_up
4778.938	0	2389469	clicker_press	sapo_emerge	response-received-page_up	n/a	n/a	n/a	n/a	page_up
4779.488	0	2389744	clicker_press	sapo_emerge	response-received-page_up	n/a	n/a	n/a	n/a	page_up
4782.318	0	2391159	confidence_rating	sapo_emerge	rating-sapo-emerge-confidence_depth-3	n/a	3	n/a	n/a	n/a
4785.750	0	2392875	report_window_end	sapo_emerge	emerge-sapo-emerge-end	n/a	n/a	n/a	n/a	n/a
4785.750	0	2392875	subblock_begin	sapo_emerge	subblock-begin	n/a	n/a	n/a	n/a	n/a
4785.750	0	2392875	silence_begin	sapo_emerge	silence-begin	n/a	n/a	n/a	n/a	n/a
4785.766	0	2392883	standard_tone	sapo_emerge	standard	n/a	n/a	n/a	n/a	n/a
4786.782	0	2393391	standard_tone	sapo_emerge	standard	n/a	n/a	n/a	n/a	n/a
4787.798	0	2393899	standard_tone	sapo_emerge	standard	n/a	n/a	n/a	n/a	n/a
4788.814	0	2394407	standard_tone	sapo_emerge	standard	n/a	n/a	n/a	n/a	n/a
4789.828	0	2394914	standard_tone	sapo_emerge	standard	n/a	n/a	n/a	n/a	n/a
4790.844	0	2395422	standard_tone	sapo_emerge	standard	n/a	n/a	n/a	n/a	n/a
4791.860	0	2395930	standard_tone	sapo_emerge	standard	n/a	n/a	n/a	n/a	n/a
4792.876	0	2396438	standard_tone	sapo_emerge	standard	n/a	n/a	n/a	n/a	n/a
4793.892	0	2396946	standard_tone	sapo_emerge	standard	n/a	n/a	n/a	n/a	n/a
4794.908	0	2397454	standard_tone	sapo_emerge	standard	n/a	n/a	n/a	n/a	n/a
4795.924	0	2397962	standard_tone	sapo_emerge	standard	n/a	n/a	n/a	n/a	n/a
4796.940	0	2398470	standard_tone	sapo_emerge	standard	n/a	n/a	n/a	n/a	n/a
4797.956	0	2398978	standard_tone	sapo_emerge	standard	n/a	n/a	n/a	n/a	n/a
4798.972	0	2399486	standard_tone	sapo_emerge	standard	n/a	n/a	n/a	n/a	n/a
4799.988	0	2399994	distractor_noise	sapo_emerge	distractor	n/a	n/a	n/a	n/a	n/a
4801.004	0	2400502	standard_tone	sapo_emerge	standard	n/a	n/a	n/a	n/a	n/a
4802.018	0	2401009	standard_tone	sapo_emerge	standard	n/a	n/a	n/a	n/a	n/a
4803.034	0	2401517	standard_tone	sapo_emerge	standard	n/a	n/a	n/a	n/a	n/a
4804.050	0	2402025	standard_tone	sapo_emerge	standard	n/a	n/a	n/a	n/a	n/a
4805.066	0	2402533	standard_tone	sapo_emerge	standard	n/a	n/a	n/a	n/a	n/a
4806.082	0	2403041	standard_tone	sapo_emerge	standard	n/a	n/a	n/a	n/a	n/a
4807.098	0	2403549	oddball_tone	sapo_emerge	oddball	n/a	n/a	n/a	n/a	n/a
4808.116	0	2404058	standard_tone	sapo_emerge	standard	n/a	n/a	n/a	n/a	n/a
4809.130	0	2404565	standard_tone	sapo_emerge	standard	n/a	n/a	n/a	n/a	n/a
4810.146	0	2405073	standard_tone	sapo_emerge	standard	n/a	n/a	n/a	n/a	n/a
4811.162	0	2405581	standard_tone	sapo_emerge	standard	n/a	n/a	n/a	n/a	n/a
4812.178	0	2406089	oddball_tone	sapo_emerge	oddball	n/a	n/a	n/a	n/a	n/a
4813.194	0	2406597	standard_tone	sapo_emerge	standard	n/a	n/a	n/a	n/a	n/a
4814.210	0	2407105	standard_tone	sapo_emerge	standard	n/a	n/a	n/a	n/a	n/a
4815.226	0	2407613	standard_tone	sapo_emerge	standard	n/a	n/a	n/a	n/a	n/a
4816.240	0	2408120	standard_tone	sapo_emerge	standard	n/a	n/a	n/a	n/a	n/a
4817.256	0	2408628	standard_tone	sapo_emerge	standard	n/a	n/a	n/a	n/a	n/a
4818.272	0	2409136	standard_tone	sapo_emerge	standard	n/a	n/a	n/a	n/a	n/a
4819.288	0	2409644	oddball_tone	sapo_emerge	oddball	n/a	n/a	n/a	n/a	n/a
4820.304	0	2410152	distractor_noise	sapo_emerge	distractor	n/a	n/a	n/a	n/a	n/a
4821.320	0	2410660	standard_tone	sapo_emerge	standard	n/a	n/a	n/a	n/a	n/a
4822.336	0	2411168	standard_tone	sapo_emerge	standard	n/a	n/a	n/a	n/a	n/a
4823.352	0	2411676	standard_tone	sapo_emerge	standard	n/a	n/a	n/a	n/a	n/a
4824.368	0	2412184	standard_tone	sapo_emerge	standard	n/a	n/a	n/a	n/a	n/a
4825.382	0	2412691	standard_tone	sapo_emerge	standard	n/a	n/a	n/a	n/a	n/a
4826.398	0	2413199	standard_tone	sapo_emerge	standard	n/a	n/a	n/a	n/a	n/a
4827.414	0	2413707	standard_tone	sapo_emerge	standard	n/a	n/a	n/a	n/a	n/a
4828.430	0	2414215	standard_tone	sapo_emerge	standard	n/a	n/a	n/a	n/a	n/a
4829.446	0	2414723	oddball_tone	sapo_emerge	oddball	n/a	n/a	n/a	n/a	n/a
4830.462	0	2415231	standard_tone	sapo_emerge	standard	n/a	n/a	n/a	n/a	n/a
4831.478	0	2415739	standard_tone	sapo_emerge	standard	n/a	n/a	n/a	n/a	n/a
4832.494	0	2416247	standard_tone	sapo_emerge	standard	n/a	n/a	n/a	n/a	n/a
4833.510	0	2416755	oddball_tone	sapo_emerge	oddball	n/a	n/a	n/a	n/a	n/a
4834.526	0	2417263	standard_tone	sapo_emerge	standard	n/a	n/a	n/a	n/a	n/a
4835.542	0	2417771	standard_tone	sapo_emerge	standard	n/a	n/a	n/a	n/a	n/a
4836.556	0	2418278	distractor_noise	sapo_emerge	distractor	n/a	n/a	n/a	n/a	n/a
4837.574	0	2418787	standard_tone	sapo_emerge	standard	n/a	n/a	n/a	n/a	n/a
4838.588	0	2419294	distractor_noise	sapo_emerge	distractor	n/a	n/a	n/a	n/a	n/a
4839.604	0	2419802	oddball_tone	sapo_emerge	oddball	n/a	n/a	n/a	n/a	n/a
4840.620	0	2420310	standard_tone	sapo_emerge	standard	n/a	n/a	n/a	n/a	n/a
4841.636	0	2420818	standard_tone	sapo_emerge	standard	n/a	n/a	n/a	n/a	n/a
4842.652	0	2421326	standard_tone	sapo_emerge	standard	n/a	n/a	n/a	n/a	n/a
4843.668	0	2421834	standard_tone	sapo_emerge	standard	n/a	n/a	n/a	n/a	n/a
4844.668	0	2422334	standard_tone	sapo_emerge	standard	n/a	n/a	n/a	n/a	n/a
4845.682	0	2422841	standard_tone	sapo_emerge	standard	n/a	n/a	n/a	n/a	n/a
4846.682	0	2423341	standard_tone	sapo_emerge	standard	n/a	n/a	n/a	n/a	n/a
4847.698	0	2423849	standard_tone	sapo_emerge	standard	n/a	n/a	n/a	n/a	n/a
4848.698	0	2424349	standard_tone	sapo_emerge	standard	n/a	n/a	n/a	n/a	n/a
4849.712	0	2424856	standard_tone	sapo_emerge	standard	n/a	n/a	n/a	n/a	n/a
4850.728	0	2425364	standard_tone	sapo_emerge	standard	n/a	n/a	n/a	n/a	n/a
4851.744	0	2425872	standard_tone	sapo_emerge	standard	n/a	n/a	n/a	n/a	n/a
4852.760	0	2426380	distractor_noise	sapo_emerge	distractor	n/a	n/a	n/a	n/a	n/a
4853.776	0	2426888	standard_tone	sapo_emerge	standard	n/a	n/a	n/a	n/a	n/a
4854.792	0	2427396	standard_tone	sapo_emerge	standard	n/a	n/a	n/a	n/a	n/a
4855.808	0	2427904	oddball_tone	sapo_emerge	oddball	n/a	n/a	n/a	n/a	n/a
4856.824	0	2428412	standard_tone	sapo_emerge	standard	n/a	n/a	n/a	n/a	n/a
4857.840	0	2428920	standard_tone	sapo_emerge	standard	n/a	n/a	n/a	n/a	n/a
4858.856	0	2429428	standard_tone	sapo_emerge	standard	n/a	n/a	n/a	n/a	n/a
4859.870	0	2429935	standard_tone	sapo_emerge	standard	n/a	n/a	n/a	n/a	n/a
4860.886	0	2430443	standard_tone	sapo_emerge	standard	n/a	n/a	n/a	n/a	n/a
4861.902	0	2430951	standard_tone	sapo_emerge	standard	n/a	n/a	n/a	n/a	n/a
4862.918	0	2431459	distractor_noise	sapo_emerge	distractor	n/a	n/a	n/a	n/a	n/a
4863.934	0	2431967	standard_tone	sapo_emerge	standard	n/a	n/a	n/a	n/a	n/a
4864.950	0	2432475	standard_tone	sapo_emerge	standard	n/a	n/a	n/a	n/a	n/a
4865.966	0	2432983	standard_tone	sapo_emerge	standard	n/a	n/a	n/a	n/a	n/a
4866.966	0	2433483	standard_tone	sapo_emerge	standard	n/a	n/a	n/a	n/a	n/a
4867.980	0	2433990	standard_tone	sapo_emerge	standard	n/a	n/a	n/a	n/a	n/a
4868.996	0	2434498	standard_tone	sapo_emerge	standard	n/a	n/a	n/a	n/a	n/a
4870.012	0	2435006	oddball_tone	sapo_emerge	oddball	n/a	n/a	n/a	n/a	n/a
4871.028	0	2435514	standard_tone	sapo_emerge	standard	n/a	n/a	n/a	n/a	n/a
4872.044	0	2436022	distractor_noise	sapo_emerge	distractor	n/a	n/a	n/a	n/a	n/a
4873.060	0	2436530	standard_tone	sapo_emerge	standard	n/a	n/a	n/a	n/a	n/a
4874.076	0	2437038	standard_tone	sapo_emerge	standard	n/a	n/a	n/a	n/a	n/a
4875.076	0	2437538	standard_tone	sapo_emerge	standard	n/a	n/a	n/a	n/a	n/a
4876.090	0	2438045	standard_tone	sapo_emerge	standard	n/a	n/a	n/a	n/a	n/a
4877.106	0	2438553	standard_tone	sapo_emerge	standard	n/a	n/a	n/a	n/a	n/a
4878.122	0	2439061	standard_tone	sapo_emerge	standard	n/a	n/a	n/a	n/a	n/a
4879.138	0	2439569	standard_tone	sapo_emerge	standard	n/a	n/a	n/a	n/a	n/a
4880.154	0	2440077	standard_tone	sapo_emerge	standard	n/a	n/a	n/a	n/a	n/a
4881.170	0	2440585	standard_tone	sapo_emerge	standard	n/a	n/a	n/a	n/a	n/a
4882.176	0	2441088	standard_tone	sapo_emerge	standard	n/a	n/a	n/a	n/a	n/a
4883.186	0	2441593	standard_tone	sapo_emerge	standard	n/a	n/a	n/a	n/a	n/a
4884.200	0	2442100	distractor_noise	sapo_emerge	distractor	n/a	n/a	n/a	n/a	n/a
4885.216	0	2442608	standard_tone	sapo_emerge	standard	n/a	n/a	n/a	n/a	n/a
4886.232	0	2443116	standard_tone	sapo_emerge	standard	n/a	n/a	n/a	n/a	n/a
4886.316	0	2443158	silence_end	sapo_emerge	silence-end	n/a	n/a	n/a	n/a	n/a
4886.498	0	2443249	gong_begin	sapo_emerge	gong-begin	n/a	n/a	n/a	n/a	n/a
4887.248	0	2443624	standard_tone	sapo_emerge	standard	n/a	n/a	n/a	n/a	n/a
4888.264	0	2444132	distractor_noise	sapo_emerge	distractor	n/a	n/a	n/a	n/a	n/a
4889.280	0	2444640	standard_tone	sapo_emerge	standard	n/a	n/a	n/a	n/a	n/a
4890.296	0	2445148	standard_tone	sapo_emerge	standard	n/a	n/a	n/a	n/a	n/a
4891.312	0	2445656	standard_tone	sapo_emerge	standard	n/a	n/a	n/a	n/a	n/a
4892.328	0	2446164	standard_tone	sapo_emerge	standard	n/a	n/a	n/a	n/a	n/a
4893.344	0	2446672	standard_tone	sapo_emerge	standard	n/a	n/a	n/a	n/a	n/a
4894.360	0	2447180	distractor_noise	sapo_emerge	distractor	n/a	n/a	n/a	n/a	n/a
4895.374	0	2447687	oddball_tone	sapo_emerge	oddball	n/a	n/a	n/a	n/a	n/a
4896.342	0	2448171	gong_end	sapo_emerge	gong-end	n/a	n/a	n/a	n/a	n/a
4896.342	0	2448171	subblock_end	sapo_emerge	subblock-end-duration-110.592	n/a	n/a	n/a	110.592	n/a
4896.342	0	2448171	subblock_begin	sapo_emerge	subblock-begin	n/a	n/a	n/a	n/a	n/a
4896.342	0	2448171	silence_begin	sapo_emerge	silence-begin	n/a	n/a	n/a	n/a	n/a
4896.390	0	2448195	standard_tone	sapo_emerge	standard	n/a	n/a	n/a	n/a	n/a
4897.406	0	2448703	oddball_tone	sapo_emerge	oddball	n/a	n/a	n/a	n/a	n/a
4898.422	0	2449211	distractor_noise	sapo_emerge	distractor	n/a	n/a	n/a	n/a	n/a
4899.438	0	2449719	standard_tone	sapo_emerge	standard	n/a	n/a	n/a	n/a	n/a
4900.454	0	2450227	standard_tone	sapo_emerge	standard	n/a	n/a	n/a	n/a	n/a
4901.454	0	2450727	standard_tone	sapo_emerge	standard	n/a	n/a	n/a	n/a	n/a
4902.468	0	2451234	standard_tone	sapo_emerge	standard	n/a	n/a	n/a	n/a	n/a
4903.486	0	2451743	standard_tone	sapo_emerge	standard	n/a	n/a	n/a	n/a	n/a
4904.500	0	2452250	standard_tone	sapo_emerge	standard	n/a	n/a	n/a	n/a	n/a
4905.516	0	2452758	oddball_tone	sapo_emerge	oddball	n/a	n/a	n/a	n/a	n/a
4906.532	0	2453266	standard_tone	sapo_emerge	standard	n/a	n/a	n/a	n/a	n/a
4907.548	0	2453774	standard_tone	sapo_emerge	standard	n/a	n/a	n/a	n/a	n/a
4908.564	0	2454282	standard_tone	sapo_emerge	standard	n/a	n/a	n/a	n/a	n/a
4909.580	0	2454790	distractor_noise	sapo_emerge	distractor	n/a	n/a	n/a	n/a	n/a
4910.596	0	2455298	oddball_tone	sapo_emerge	oddball	n/a	n/a	n/a	n/a	n/a
4911.612	0	2455806	standard_tone	sapo_emerge	standard	n/a	n/a	n/a	n/a	n/a
4912.628	0	2456314	standard_tone	sapo_emerge	standard	n/a	n/a	n/a	n/a	n/a
4913.644	0	2456822	distractor_noise	sapo_emerge	distractor	n/a	n/a	n/a	n/a	n/a
4914.660	0	2457330	standard_tone	sapo_emerge	standard	n/a	n/a	n/a	n/a	n/a
4915.674	0	2457837	distractor_noise	sapo_emerge	distractor	n/a	n/a	n/a	n/a	n/a
4916.690	0	2458345	standard_tone	sapo_emerge	standard	n/a	n/a	n/a	n/a	n/a
4917.706	0	2458853	standard_tone	sapo_emerge	standard	n/a	n/a	n/a	n/a	n/a
4918.722	0	2459361	oddball_tone	sapo_emerge	oddball	n/a	n/a	n/a	n/a	n/a
4919.738	0	2459869	standard_tone	sapo_emerge	standard	n/a	n/a	n/a	n/a	n/a
4920.754	0	2460377	standard_tone	sapo_emerge	standard	n/a	n/a	n/a	n/a	n/a
4921.770	0	2460885	standard_tone	sapo_emerge	standard	n/a	n/a	n/a	n/a	n/a
4922.786	0	2461393	standard_tone	sapo_emerge	standard	n/a	n/a	n/a	n/a	n/a
4923.786	0	2461893	standard_tone	sapo_emerge	standard	n/a	n/a	n/a	n/a	n/a
4924.800	0	2462400	standard_tone	sapo_emerge	standard	n/a	n/a	n/a	n/a	n/a
4925.816	0	2462908	standard_tone	sapo_emerge	standard	n/a	n/a	n/a	n/a	n/a
4926.832	0	2463416	oddball_tone	sapo_emerge	oddball	n/a	n/a	n/a	n/a	n/a
4927.848	0	2463924	standard_tone	sapo_emerge	standard	n/a	n/a	n/a	n/a	n/a
4928.864	0	2464432	standard_tone	sapo_emerge	standard	n/a	n/a	n/a	n/a	n/a
4929.880	0	2464940	standard_tone	sapo_emerge	standard	n/a	n/a	n/a	n/a	n/a
4930.896	0	2465448	standard_tone	sapo_emerge	standard	n/a	n/a	n/a	n/a	n/a
4931.912	0	2465956	standard_tone	sapo_emerge	standard	n/a	n/a	n/a	n/a	n/a
4932.928	0	2466464	standard_tone	sapo_emerge	standard	n/a	n/a	n/a	n/a	n/a
4933.928	0	2466964	standard_tone	sapo_emerge	standard	n/a	n/a	n/a	n/a	n/a
4934.942	0	2467471	standard_tone	sapo_emerge	standard	n/a	n/a	n/a	n/a	n/a
4935.942	0	2467971	standard_tone	sapo_emerge	standard	n/a	n/a	n/a	n/a	n/a
4936.958	0	2468479	standard_tone	sapo_emerge	standard	n/a	n/a	n/a	n/a	n/a
4937.972	0	2468986	standard_tone	sapo_emerge	standard	n/a	n/a	n/a	n/a	n/a
4938.988	0	2469494	standard_tone	sapo_emerge	standard	n/a	n/a	n/a	n/a	n/a
4940.004	0	2470002	standard_tone	sapo_emerge	standard	n/a	n/a	n/a	n/a	n/a
4941.020	0	2470510	standard_tone	sapo_emerge	standard	n/a	n/a	n/a	n/a	n/a
4942.036	0	2471018	oddball_tone	sapo_emerge	oddball	n/a	n/a	n/a	n/a	n/a
4943.052	0	2471526	standard_tone	sapo_emerge	standard	n/a	n/a	n/a	n/a	n/a
4944.068	0	2472034	standard_tone	sapo_emerge	standard	n/a	n/a	n/a	n/a	n/a
4945.084	0	2472542	standard_tone	sapo_emerge	standard	n/a	n/a	n/a	n/a	n/a
4946.100	0	2473050	distractor_noise	sapo_emerge	distractor	n/a	n/a	n/a	n/a	n/a
4947.116	0	2473558	standard_tone	sapo_emerge	standard	n/a	n/a	n/a	n/a	n/a
4948.132	0	2474066	distractor_noise	sapo_emerge	distractor	n/a	n/a	n/a	n/a	n/a
4949.148	0	2474574	standard_tone	sapo_emerge	standard	n/a	n/a	n/a	n/a	n/a
4950.162	0	2475081	oddball_tone	sapo_emerge	oddball	n/a	n/a	n/a	n/a	n/a
4951.178	0	2475589	standard_tone	sapo_emerge	standard	n/a	n/a	n/a	n/a	n/a
4952.194	0	2476097	standard_tone	sapo_emerge	standard	n/a	n/a	n/a	n/a	n/a
4953.210	0	2476605	standard_tone	sapo_emerge	standard	n/a	n/a	n/a	n/a	n/a
4954.226	0	2477113	standard_tone	sapo_emerge	standard	n/a	n/a	n/a	n/a	n/a
4955.242	0	2477621	standard_tone	sapo_emerge	standard	n/a	n/a	n/a	n/a	n/a
4956.258	0	2478129	oddball_tone	sapo_emerge	oddball	n/a	n/a	n/a	n/a	n/a
4957.274	0	2478637	standard_tone	sapo_emerge	standard	n/a	n/a	n/a	n/a	n/a
4958.290	0	2479145	standard_tone	sapo_emerge	standard	n/a	n/a	n/a	n/a	n/a
4959.306	0	2479653	standard_tone	sapo_emerge	standard	n/a	n/a	n/a	n/a	n/a
4960.322	0	2480161	standard_tone	sapo_emerge	standard	n/a	n/a	n/a	n/a	n/a
4961.336	0	2480668	standard_tone	sapo_emerge	standard	n/a	n/a	n/a	n/a	n/a
4962.352	0	2481176	standard_tone	sapo_emerge	standard	n/a	n/a	n/a	n/a	n/a
4963.352	0	2481676	standard_tone	sapo_emerge	standard	n/a	n/a	n/a	n/a	n/a
4964.368	0	2482184	standard_tone	sapo_emerge	standard	n/a	n/a	n/a	n/a	n/a
4965.384	0	2482692	standard_tone	sapo_emerge	standard	n/a	n/a	n/a	n/a	n/a
4966.400	0	2483200	standard_tone	sapo_emerge	standard	n/a	n/a	n/a	n/a	n/a
4967.416	0	2483708	standard_tone	sapo_emerge	standard	n/a	n/a	n/a	n/a	n/a
4968.430	0	2484215	standard_tone	sapo_emerge	standard	n/a	n/a	n/a	n/a	n/a
4969.446	0	2484723	standard_tone	sapo_emerge	standard	n/a	n/a	n/a	n/a	n/a
4970.462	0	2485231	standard_tone	sapo_emerge	standard	n/a	n/a	n/a	n/a	n/a
4971.462	0	2485731	standard_tone	sapo_emerge	standard	n/a	n/a	n/a	n/a	n/a
4972.478	0	2486239	standard_tone	sapo_emerge	standard	n/a	n/a	n/a	n/a	n/a
4973.494	0	2486747	standard_tone	sapo_emerge	standard	n/a	n/a	n/a	n/a	n/a
4974.510	0	2487255	standard_tone	sapo_emerge	standard	n/a	n/a	n/a	n/a	n/a
4975.526	0	2487763	standard_tone	sapo_emerge	standard	n/a	n/a	n/a	n/a	n/a
4976.542	0	2488271	standard_tone	sapo_emerge	standard	n/a	n/a	n/a	n/a	n/a
4977.556	0	2488778	standard_tone	sapo_emerge	standard	n/a	n/a	n/a	n/a	n/a
4978.572	0	2489286	standard_tone	sapo_emerge	standard	n/a	n/a	n/a	n/a	n/a
4979.588	0	2489794	distractor_noise	sapo_emerge	distractor	n/a	n/a	n/a	n/a	n/a
4980.604	0	2490302	standard_tone	sapo_emerge	standard	n/a	n/a	n/a	n/a	n/a
4980.910	0	2490455	clicker_press	sapo_emerge	response-received-page_up	n/a	n/a	n/a	n/a	page_up
4980.936	0	2490468	report_window_begin	sapo_emerge	emerge-sapo-emerge-begin	n/a	n/a	n/a	n/a	n/a
4982.920	0	2491460	clicker_press	sapo_emerge	response-received-page_up	n/a	n/a	n/a	n/a	page_up
4983.252	0	2491626	clicker_press	sapo_emerge	response-received-page_up	n/a	n/a	n/a	n/a	page_up
4983.652	0	2491826	clicker_press	sapo_emerge	response-received-page_up	n/a	n/a	n/a	n/a	page_up
4984.984	0	2492492	depth_rating	sapo_emerge	rating-sapo-emerge-meditation_depth-4	4	n/a	n/a	n/a	n/a
4991.530	0	2495765	clicker_press	sapo_emerge	response-received-page_up	n/a	n/a	n/a	n/a	page_up
4991.930	0	2495965	clicker_press	sapo_emerge	response-received-page_up	n/a	n/a	n/a	n/a	page_up
4992.396	0	2496198	clicker_press	sapo_emerge	response-received-page_up	n/a	n/a	n/a	n/a	page_up
4995.092	0	2497546	confidence_rating	sapo_emerge	rating-sapo-emerge-confidence_depth-3	n/a	3	n/a	n/a	n/a
4998.574	0	2499287	report_window_end	sapo_emerge	emerge-sapo-emerge-end	n/a	n/a	n/a	n/a	n/a
4998.574	0	2499287	subblock_begin	sapo_emerge	subblock-begin	n/a	n/a	n/a	n/a	n/a
4998.574	0	2499287	silence_begin	sapo_emerge	silence-begin	n/a	n/a	n/a	n/a	n/a
4998.590	0	2499295	standard_tone	sapo_emerge	standard	n/a	n/a	n/a	n/a	n/a
4999.606	0	2499803	oddball_tone	sapo_emerge	oddball	n/a	n/a	n/a	n/a	n/a
5000.620	0	2500310	standard_tone	sapo_emerge	standard	n/a	n/a	n/a	n/a	n/a
5001.620	0	2500810	distractor_noise	sapo_emerge	distractor	n/a	n/a	n/a	n/a	n/a
5002.636	0	2501318	standard_tone	sapo_emerge	standard	n/a	n/a	n/a	n/a	n/a
5003.652	0	2501826	standard_tone	sapo_emerge	standard	n/a	n/a	n/a	n/a	n/a
5004.668	0	2502334	distractor_noise	sapo_emerge	distractor	n/a	n/a	n/a	n/a	n/a
5005.684	0	2502842	standard_tone	sapo_emerge	standard	n/a	n/a	n/a	n/a	n/a
5006.700	0	2503350	standard_tone	sapo_emerge	standard	n/a	n/a	n/a	n/a	n/a
5007.716	0	2503858	standard_tone	sapo_emerge	standard	n/a	n/a	n/a	n/a	n/a
5008.730	0	2504365	standard_tone	sapo_emerge	standard	n/a	n/a	n/a	n/a	n/a
5009.746	0	2504873	standard_tone	sapo_emerge	standard	n/a	n/a	n/a	n/a	n/a
5010.762	0	2505381	standard_tone	sapo_emerge	standard	n/a	n/a	n/a	n/a	n/a
5011.780	0	2505890	standard_tone	sapo_emerge	standard	n/a	n/a	n/a	n/a	n/a
5012.794	0	2506397	standard_tone	sapo_emerge	standard	n/a	n/a	n/a	n/a	n/a
5013.810	0	2506905	standard_tone	sapo_emerge	standard	n/a	n/a	n/a	n/a	n/a
5014.826	0	2507413	standard_tone	sapo_emerge	standard	n/a	n/a	n/a	n/a	n/a
5015.842	0	2507921	standard_tone	sapo_emerge	standard	n/a	n/a	n/a	n/a	n/a
5016.858	0	2508429	distractor_noise	sapo_emerge	distractor	n/a	n/a	n/a	n/a	n/a
5017.874	0	2508937	standard_tone	sapo_emerge	standard	n/a	n/a	n/a	n/a	n/a
5018.890	0	2509445	standard_tone	sapo_emerge	standard	n/a	n/a	n/a	n/a	n/a
5019.904	0	2509952	distractor_noise	sapo_emerge	distractor	n/a	n/a	n/a	n/a	n/a
5020.920	0	2510460	standard_tone	sapo_emerge	standard	n/a	n/a	n/a	n/a	n/a
5021.938	0	2510969	standard_tone	sapo_emerge	standard	n/a	n/a	n/a	n/a	n/a
5022.952	0	2511476	standard_tone	sapo_emerge	standard	n/a	n/a	n/a	n/a	n/a
5023.968	0	2511984	standard_tone	sapo_emerge	standard	n/a	n/a	n/a	n/a	n/a
5024.984	0	2512492	standard_tone	sapo_emerge	standard	n/a	n/a	n/a	n/a	n/a
5026.000	0	2513000	oddball_tone	sapo_emerge	oddball	n/a	n/a	n/a	n/a	n/a
5027.016	0	2513508	standard_tone	sapo_emerge	standard	n/a	n/a	n/a	n/a	n/a
5028.032	0	2514016	oddball_tone	sapo_emerge	oddball	n/a	n/a	n/a	n/a	n/a
5029.048	0	2514524	distractor_noise	sapo_emerge	distractor	n/a	n/a	n/a	n/a	n/a
5030.062	0	2515031	standard_tone	sapo_emerge	standard	n/a	n/a	n/a	n/a	n/a
5031.078	0	2515539	standard_tone	sapo_emerge	standard	n/a	n/a	n/a	n/a	n/a
5032.078	0	2516039	standard_tone	sapo_emerge	standard	n/a	n/a	n/a	n/a	n/a
5033.094	0	2516547	standard_tone	sapo_emerge	standard	n/a	n/a	n/a	n/a	n/a
5034.110	0	2517055	distractor_noise	sapo_emerge	distractor	n/a	n/a	n/a	n/a	n/a
5035.126	0	2517563	standard_tone	sapo_emerge	standard	n/a	n/a	n/a	n/a	n/a
5036.142	0	2518071	distractor_noise	sapo_emerge	distractor	n/a	n/a	n/a	n/a	n/a
5037.158	0	2518579	standard_tone	sapo_emerge	standard	n/a	n/a	n/a	n/a	n/a
5038.174	0	2519087	distractor_noise	sapo_emerge	distractor	n/a	n/a	n/a	n/a	n/a
5039.172	0	2519586	standard_tone	sapo_emerge	standard	n/a	n/a	n/a	n/a	n/a
5040.188	0	2520094	standard_tone	sapo_emerge	standard	n/a	n/a	n/a	n/a	n/a
5041.188	0	2520594	standard_tone	sapo_emerge	standard	n/a	n/a	n/a	n/a	n/a
5042.204	0	2521102	distractor_noise	sapo_emerge	distractor	n/a	n/a	n/a	n/a	n/a
5043.218	0	2521609	standard_tone	sapo_emerge	standard	n/a	n/a	n/a	n/a	n/a
5044.218	0	2522109	standard_tone	sapo_emerge	standard	n/a	n/a	n/a	n/a	n/a
5045.234	0	2522617	standard_tone	sapo_emerge	standard	n/a	n/a	n/a	n/a	n/a
5046.250	0	2523125	standard_tone	sapo_emerge	standard	n/a	n/a	n/a	n/a	n/a
5047.266	0	2523633	standard_tone	sapo_emerge	standard	n/a	n/a	n/a	n/a	n/a
5048.282	0	2524141	standard_tone	sapo_emerge	standard	n/a	n/a	n/a	n/a	n/a
5049.298	0	2524649	standard_tone	sapo_emerge	standard	n/a	n/a	n/a	n/a	n/a
5050.314	0	2525157	oddball_tone	sapo_emerge	oddball	n/a	n/a	n/a	n/a	n/a
5051.330	0	2525665	standard_tone	sapo_emerge	standard	n/a	n/a	n/a	n/a	n/a
5052.344	0	2526172	standard_tone	sapo_emerge	standard	n/a	n/a	n/a	n/a	n/a
5053.360	0	2526680	oddball_tone	sapo_emerge	oddball	n/a	n/a	n/a	n/a	n/a
5054.376	0	2527188	distractor_noise	sapo_emerge	distractor	n/a	n/a	n/a	n/a	n/a
5055.392	0	2527696	standard_tone	sapo_emerge	standard	n/a	n/a	n/a	n/a	n/a
5056.408	0	2528204	distractor_noise	sapo_emerge	distractor	n/a	n/a	n/a	n/a	n/a
5057.424	0	2528712	standard_tone	sapo_emerge	standard	n/a	n/a	n/a	n/a	n/a
5058.440	0	2529220	standard_tone	sapo_emerge	standard	n/a	n/a	n/a	n/a	n/a
5059.456	0	2529728	standard_tone	sapo_emerge	standard	n/a	n/a	n/a	n/a	n/a
5060.472	0	2530236	standard_tone	sapo_emerge	standard	n/a	n/a	n/a	n/a	n/a
5061.488	0	2530744	standard_tone	sapo_emerge	standard	n/a	n/a	n/a	n/a	n/a
5062.504	0	2531252	standard_tone	sapo_emerge	standard	n/a	n/a	n/a	n/a	n/a
5063.518	0	2531759	distractor_noise	sapo_emerge	distractor	n/a	n/a	n/a	n/a	n/a
5064.536	0	2532268	standard_tone	sapo_emerge	standard	n/a	n/a	n/a	n/a	n/a
5065.550	0	2532775	standard_tone	sapo_emerge	standard	n/a	n/a	n/a	n/a	n/a
5066.566	0	2533283	oddball_tone	sapo_emerge	oddball	n/a	n/a	n/a	n/a	n/a
5067.582	0	2533791	distractor_noise	sapo_emerge	distractor	n/a	n/a	n/a	n/a	n/a
5068.596	0	2534298	standard_tone	sapo_emerge	standard	n/a	n/a	n/a	n/a	n/a
5069.614	0	2534807	standard_tone	sapo_emerge	standard	n/a	n/a	n/a	n/a	n/a
5070.630	0	2535315	standard_tone	sapo_emerge	standard	n/a	n/a	n/a	n/a	n/a
5071.646	0	2535823	standard_tone	sapo_emerge	standard	n/a	n/a	n/a	n/a	n/a
5072.662	0	2536331	distractor_noise	sapo_emerge	distractor	n/a	n/a	n/a	n/a	n/a
5073.678	0	2536839	standard_tone	sapo_emerge	standard	n/a	n/a	n/a	n/a	n/a
5074.694	0	2537347	standard_tone	sapo_emerge	standard	n/a	n/a	n/a	n/a	n/a
5075.708	0	2537854	standard_tone	sapo_emerge	standard	n/a	n/a	n/a	n/a	n/a
5076.724	0	2538362	standard_tone	sapo_emerge	standard	n/a	n/a	n/a	n/a	n/a
5077.740	0	2538870	standard_tone	sapo_emerge	standard	n/a	n/a	n/a	n/a	n/a
5078.754	0	2539377	standard_tone	sapo_emerge	standard	n/a	n/a	n/a	n/a	n/a
5079.756	0	2539878	standard_tone	sapo_emerge	standard	n/a	n/a	n/a	n/a	n/a
5080.772	0	2540386	oddball_tone	sapo_emerge	oddball	n/a	n/a	n/a	n/a	n/a
5081.788	0	2540894	standard_tone	sapo_emerge	standard	n/a	n/a	n/a	n/a	n/a
5082.804	0	2541402	standard_tone	sapo_emerge	standard	n/a	n/a	n/a	n/a	n/a
5083.818	0	2541909	standard_tone	sapo_emerge	standard	n/a	n/a	n/a	n/a	n/a
5084.834	0	2542417	standard_tone	sapo_emerge	standard	n/a	n/a	n/a	n/a	n/a
5085.850	0	2542925	distractor_noise	sapo_emerge	distractor	n/a	n/a	n/a	n/a	n/a
5086.866	0	2543433	standard_tone	sapo_emerge	standard	n/a	n/a	n/a	n/a	n/a
5087.882	0	2543941	standard_tone	sapo_emerge	standard	n/a	n/a	n/a	n/a	n/a
5088.898	0	2544449	standard_tone	sapo_emerge	standard	n/a	n/a	n/a	n/a	n/a
5089.914	0	2544957	oddball_tone	sapo_emerge	oddball	n/a	n/a	n/a	n/a	n/a
5090.930	0	2545465	standard_tone	sapo_emerge	standard	n/a	n/a	n/a	n/a	n/a
5091.944	0	2545972	standard_tone	sapo_emerge	standard	n/a	n/a	n/a	n/a	n/a
5092.944	0	2546472	standard_tone	sapo_emerge	standard	n/a	n/a	n/a	n/a	n/a
5093.960	0	2546980	standard_tone	sapo_emerge	standard	n/a	n/a	n/a	n/a	n/a
5094.976	0	2547488	oddball_tone	sapo_emerge	oddball	n/a	n/a	n/a	n/a	n/a
5095.992	0	2547996	standard_tone	sapo_emerge	standard	n/a	n/a	n/a	n/a	n/a
5097.008	0	2548504	standard_tone	sapo_emerge	standard	n/a	n/a	n/a	n/a	n/a
5098.024	0	2549012	oddball_tone	sapo_emerge	oddball	n/a	n/a	n/a	n/a	n/a
5099.040	0	2549520	standard_tone	sapo_emerge	standard	n/a	n/a	n/a	n/a	n/a
5100.056	0	2550028	standard_tone	sapo_emerge	standard	n/a	n/a	n/a	n/a	n/a
5101.072	0	2550536	standard_tone	sapo_emerge	standard	n/a	n/a	n/a	n/a	n/a
5102.088	0	2551044	standard_tone	sapo_emerge	standard	n/a	n/a	n/a	n/a	n/a
5103.102	0	2551551	oddball_tone	sapo_emerge	oddball	n/a	n/a	n/a	n/a	n/a
5104.118	0	2552059	standard_tone	sapo_emerge	standard	n/a	n/a	n/a	n/a	n/a
5105.134	0	2552567	standard_tone	sapo_emerge	standard	n/a	n/a	n/a	n/a	n/a
5106.134	0	2553067	standard_tone	sapo_emerge	standard	n/a	n/a	n/a	n/a	n/a
5107.150	0	2553575	standard_tone	sapo_emerge	standard	n/a	n/a	n/a	n/a	n/a
5108.166	0	2554083	standard_tone	sapo_emerge	standard	n/a	n/a	n/a	n/a	n/a
5109.182	0	2554591	oddball_tone	sapo_emerge	oddball	n/a	n/a	n/a	n/a	n/a
5110.196	0	2555098	standard_tone	sapo_emerge	standard	n/a	n/a	n/a	n/a	n/a
5111.212	0	2555606	standard_tone	sapo_emerge	standard	n/a	n/a	n/a	n/a	n/a
5112.230	0	2556115	standard_tone	sapo_emerge	standard	n/a	n/a	n/a	n/a	n/a
5113.244	0	2556622	oddball_tone	sapo_emerge	oddball	n/a	n/a	n/a	n/a	n/a
5114.260	0	2557130	standard_tone	sapo_emerge	standard	n/a	n/a	n/a	n/a	n/a
5115.276	0	2557638	distractor_noise	sapo_emerge	distractor	n/a	n/a	n/a	n/a	n/a
5115.326	0	2557663	silence_end	sapo_emerge	silence-end	n/a	n/a	n/a	n/a	n/a
5115.542	0	2557771	gong_begin	sapo_emerge	gong-begin	n/a	n/a	n/a	n/a	n/a
5116.274	0	2558137	standard_tone	sapo_emerge	standard	n/a	n/a	n/a	n/a	n/a
5117.290	0	2558645	oddball_tone	sapo_emerge	oddball	n/a	n/a	n/a	n/a	n/a
5118.290	0	2559145	standard_tone	sapo_emerge	standard	n/a	n/a	n/a	n/a	n/a
5119.306	0	2559653	distractor_noise	sapo_emerge	distractor	n/a	n/a	n/a	n/a	n/a
5120.322	0	2560161	oddball_tone	sapo_emerge	oddball	n/a	n/a	n/a	n/a	n/a
5121.338	0	2560669	standard_tone	sapo_emerge	standard	n/a	n/a	n/a	n/a	n/a
5122.354	0	2561177	standard_tone	sapo_emerge	standard	n/a	n/a	n/a	n/a	n/a
5123.370	0	2561685	distractor_noise	sapo_emerge	distractor	n/a	n/a	n/a	n/a	n/a
5124.384	0	2562192	oddball_tone	sapo_emerge	oddball	n/a	n/a	n/a	n/a	n/a
5125.352	0	2562676	gong_end	sapo_emerge	gong-end	n/a	n/a	n/a	n/a	n/a
5125.352	0	2562676	subblock_end	sapo_emerge	subblock-end-duration-126.778	n/a	n/a	n/a	126.778	n/a
5125.352	0	2562676	subblock_begin	sapo_emerge	subblock-begin	n/a	n/a	n/a	n/a	n/a
5125.354	0	2562677	silence_begin	sapo_emerge	silence-begin	n/a	n/a	n/a	n/a	n/a
5125.402	0	2562701	standard_tone	sapo_emerge	standard	n/a	n/a	n/a	n/a	n/a
5126.416	0	2563208	standard_tone	sapo_emerge	standard	n/a	n/a	n/a	n/a	n/a
5127.432	0	2563716	oddball_tone	sapo_emerge	oddball	n/a	n/a	n/a	n/a	n/a
5128.450	0	2564225	standard_tone	sapo_emerge	standard	n/a	n/a	n/a	n/a	n/a
5129.464	0	2564732	standard_tone	sapo_emerge	standard	n/a	n/a	n/a	n/a	n/a
5130.480	0	2565240	standard_tone	sapo_emerge	standard	n/a	n/a	n/a	n/a	n/a
5131.482	0	2565741	standard_tone	sapo_emerge	standard	n/a	n/a	n/a	n/a	n/a
5132.496	0	2566248	standard_tone	sapo_emerge	standard	n/a	n/a	n/a	n/a	n/a
5133.512	0	2566756	distractor_noise	sapo_emerge	distractor	n/a	n/a	n/a	n/a	n/a
5134.526	0	2567263	standard_tone	sapo_emerge	standard	n/a	n/a	n/a	n/a	n/a
5135.542	0	2567771	standard_tone	sapo_emerge	standard	n/a	n/a	n/a	n/a	n/a
5136.558	0	2568279	standard_tone	sapo_emerge	standard	n/a	n/a	n/a	n/a	n/a
5137.574	0	2568787	distractor_noise	sapo_emerge	distractor	n/a	n/a	n/a	n/a	n/a
5138.590	0	2569295	standard_tone	sapo_emerge	standard	n/a	n/a	n/a	n/a	n/a
5139.606	0	2569803	standard_tone	sapo_emerge	standard	n/a	n/a	n/a	n/a	n/a
5140.606	0	2570303	standard_tone	sapo_emerge	standard	n/a	n/a	n/a	n/a	n/a
5141.620	0	2570810	standard_tone	sapo_emerge	standard	n/a	n/a	n/a	n/a	n/a
5142.636	0	2571318	standard_tone	sapo_emerge	standard	n/a	n/a	n/a	n/a	n/a
5143.652	0	2571826	distractor_noise	sapo_emerge	distractor	n/a	n/a	n/a	n/a	n/a
5144.668	0	2572334	standard_tone	sapo_emerge	standard	n/a	n/a	n/a	n/a	n/a
5145.684	0	2572842	standard_tone	sapo_emerge	standard	n/a	n/a	n/a	n/a	n/a
5146.700	0	2573350	oddball_tone	sapo_emerge	oddball	n/a	n/a	n/a	n/a	n/a
5147.716	0	2573858	standard_tone	sapo_emerge	standard	n/a	n/a	n/a	n/a	n/a
5148.732	0	2574366	oddball_tone	sapo_emerge	oddball	n/a	n/a	n/a	n/a	n/a
5149.748	0	2574874	standard_tone	sapo_emerge	standard	n/a	n/a	n/a	n/a	n/a
5150.764	0	2575382	standard_tone	sapo_emerge	standard	n/a	n/a	n/a	n/a	n/a
5151.778	0	2575889	standard_tone	sapo_emerge	standard	n/a	n/a	n/a	n/a	n/a
5152.796	0	2576398	oddball_tone	sapo_emerge	oddball	n/a	n/a	n/a	n/a	n/a
5153.810	0	2576905	standard_tone	sapo_emerge	standard	n/a	n/a	n/a	n/a	n/a
5154.826	0	2577413	standard_tone	sapo_emerge	standard	n/a	n/a	n/a	n/a	n/a
5155.842	0	2577921	standard_tone	sapo_emerge	standard	n/a	n/a	n/a	n/a	n/a
5156.858	0	2578429	standard_tone	sapo_emerge	standard	n/a	n/a	n/a	n/a	n/a
5157.874	0	2578937	oddball_tone	sapo_emerge	oddball	n/a	n/a	n/a	n/a	n/a
5158.890	0	2579445	standard_tone	sapo_emerge	standard	n/a	n/a	n/a	n/a	n/a
5159.906	0	2579953	standard_tone	sapo_emerge	standard	n/a	n/a	n/a	n/a	n/a
5160.922	0	2580461	standard_tone	sapo_emerge	standard	n/a	n/a	n/a	n/a	n/a
5161.938	0	2580969	standard_tone	sapo_emerge	standard	n/a	n/a	n/a	n/a	n/a
5162.954	0	2581477	standard_tone	sapo_emerge	standard	n/a	n/a	n/a	n/a	n/a
5163.968	0	2581984	standard_tone	sapo_emerge	standard	n/a	n/a	n/a	n/a	n/a
5164.984	0	2582492	standard_tone	sapo_emerge	standard	n/a	n/a	n/a	n/a	n/a
5166.002	0	2583001	standard_tone	sapo_emerge	standard	n/a	n/a	n/a	n/a	n/a
5167.016	0	2583508	distractor_noise	sapo_emerge	distractor	n/a	n/a	n/a	n/a	n/a
5168.032	0	2584016	standard_tone	sapo_emerge	standard	n/a	n/a	n/a	n/a	n/a
5169.048	0	2584524	standard_tone	sapo_emerge	standard	n/a	n/a	n/a	n/a	n/a
5170.064	0	2585032	standard_tone	sapo_emerge	standard	n/a	n/a	n/a	n/a	n/a
5171.080	0	2585540	standard_tone	sapo_emerge	standard	n/a	n/a	n/a	n/a	n/a
5172.096	0	2586048	oddball_tone	sapo_emerge	oddball	n/a	n/a	n/a	n/a	n/a
5173.112	0	2586556	standard_tone	sapo_emerge	standard	n/a	n/a	n/a	n/a	n/a
5174.128	0	2587064	distractor_noise	sapo_emerge	distractor	n/a	n/a	n/a	n/a	n/a
5175.144	0	2587572	standard_tone	sapo_emerge	standard	n/a	n/a	n/a	n/a	n/a
5176.158	0	2588079	distractor_noise	sapo_emerge	distractor	n/a	n/a	n/a	n/a	n/a
5177.174	0	2588587	standard_tone	sapo_emerge	standard	n/a	n/a	n/a	n/a	n/a
5178.190	0	2589095	standard_tone	sapo_emerge	standard	n/a	n/a	n/a	n/a	n/a
5179.206	0	2589603	standard_tone	sapo_emerge	standard	n/a	n/a	n/a	n/a	n/a
5180.222	0	2590111	standard_tone	sapo_emerge	standard	n/a	n/a	n/a	n/a	n/a
5181.238	0	2590619	standard_tone	sapo_emerge	standard	n/a	n/a	n/a	n/a	n/a
5182.254	0	2591127	distractor_noise	sapo_emerge	distractor	n/a	n/a	n/a	n/a	n/a
5183.270	0	2591635	standard_tone	sapo_emerge	standard	n/a	n/a	n/a	n/a	n/a
5184.286	0	2592143	standard_tone	sapo_emerge	standard	n/a	n/a	n/a	n/a	n/a
5185.302	0	2592651	standard_tone	sapo_emerge	standard	n/a	n/a	n/a	n/a	n/a
5186.318	0	2593159	standard_tone	sapo_emerge	standard	n/a	n/a	n/a	n/a	n/a
5187.332	0	2593666	standard_tone	sapo_emerge	standard	n/a	n/a	n/a	n/a	n/a
5188.348	0	2594174	standard_tone	sapo_emerge	standard	n/a	n/a	n/a	n/a	n/a
5189.364	0	2594682	standard_tone	sapo_emerge	standard	n/a	n/a	n/a	n/a	n/a
5190.380	0	2595190	standard_tone	sapo_emerge	standard	n/a	n/a	n/a	n/a	n/a
5191.396	0	2595698	standard_tone	sapo_emerge	standard	n/a	n/a	n/a	n/a	n/a
5192.412	0	2596206	standard_tone	sapo_emerge	standard	n/a	n/a	n/a	n/a	n/a
5193.428	0	2596714	standard_tone	sapo_emerge	standard	n/a	n/a	n/a	n/a	n/a
5194.444	0	2597222	standard_tone	sapo_emerge	standard	n/a	n/a	n/a	n/a	n/a
5195.460	0	2597730	standard_tone	sapo_emerge	standard	n/a	n/a	n/a	n/a	n/a
5196.476	0	2598238	standard_tone	sapo_emerge	standard	n/a	n/a	n/a	n/a	n/a
5197.492	0	2598746	oddball_tone	sapo_emerge	oddball	n/a	n/a	n/a	n/a	n/a
5198.508	0	2599254	standard_tone	sapo_emerge	standard	n/a	n/a	n/a	n/a	n/a
5199.522	0	2599761	standard_tone	sapo_emerge	standard	n/a	n/a	n/a	n/a	n/a
5200.538	0	2600269	standard_tone	sapo_emerge	standard	n/a	n/a	n/a	n/a	n/a
5201.556	0	2600778	standard_tone	sapo_emerge	standard	n/a	n/a	n/a	n/a	n/a
5202.570	0	2601285	distractor_noise	sapo_emerge	distractor	n/a	n/a	n/a	n/a	n/a
5203.586	0	2601793	standard_tone	sapo_emerge	standard	n/a	n/a	n/a	n/a	n/a
5204.602	0	2602301	standard_tone	sapo_emerge	standard	n/a	n/a	n/a	n/a	n/a
5205.618	0	2602809	oddball_tone	sapo_emerge	oddball	n/a	n/a	n/a	n/a	n/a
5206.634	0	2603317	standard_tone	sapo_emerge	standard	n/a	n/a	n/a	n/a	n/a
5207.650	0	2603825	standard_tone	sapo_emerge	standard	n/a	n/a	n/a	n/a	n/a
5208.666	0	2604333	standard_tone	sapo_emerge	standard	n/a	n/a	n/a	n/a	n/a
5209.682	0	2604841	standard_tone	sapo_emerge	standard	n/a	n/a	n/a	n/a	n/a
5210.696	0	2605348	standard_tone	sapo_emerge	standard	n/a	n/a	n/a	n/a	n/a
5211.712	0	2605856	standard_tone	sapo_emerge	standard	n/a	n/a	n/a	n/a	n/a
5212.728	0	2606364	oddball_tone	sapo_emerge	oddball	n/a	n/a	n/a	n/a	n/a
5213.744	0	2606872	standard_tone	sapo_emerge	standard	n/a	n/a	n/a	n/a	n/a
5214.760	0	2607380	standard_tone	sapo_emerge	standard	n/a	n/a	n/a	n/a	n/a
5215.776	0	2607888	standard_tone	sapo_emerge	standard	n/a	n/a	n/a	n/a	n/a
5216.792	0	2608396	standard_tone	sapo_emerge	standard	n/a	n/a	n/a	n/a	n/a
5217.808	0	2608904	distractor_noise	sapo_emerge	distractor	n/a	n/a	n/a	n/a	n/a
5218.824	0	2609412	standard_tone	sapo_emerge	standard	n/a	n/a	n/a	n/a	n/a
5219.840	0	2609920	standard_tone	sapo_emerge	standard	n/a	n/a	n/a	n/a	n/a
5220.856	0	2610428	standard_tone	sapo_emerge	standard	n/a	n/a	n/a	n/a	n/a
5221.856	0	2610928	distractor_noise	sapo_emerge	distractor	n/a	n/a	n/a	n/a	n/a
5222.870	0	2611435	standard_tone	sapo_emerge	standard	n/a	n/a	n/a	n/a	n/a
5223.886	0	2611943	distractor_noise	sapo_emerge	distractor	n/a	n/a	n/a	n/a	n/a
5224.902	0	2612451	standard_tone	sapo_emerge	standard	n/a	n/a	n/a	n/a	n/a
5225.918	0	2612959	standard_tone	sapo_emerge	standard	n/a	n/a	n/a	n/a	n/a
5226.934	0	2613467	standard_tone	sapo_emerge	standard	n/a	n/a	n/a	n/a	n/a
5227.000	0	2613500	silence_end	sapo_emerge	silence-end	n/a	n/a	n/a	n/a	n/a
5227.200	0	2613600	gong_begin	sapo_emerge	gong-begin	n/a	n/a	n/a	n/a	n/a
5227.950	0	2613975	standard_tone	sapo_emerge	standard	n/a	n/a	n/a	n/a	n/a
5228.966	0	2614483	standard_tone	sapo_emerge	standard	n/a	n/a	n/a	n/a	n/a
5229.980	0	2614990	distractor_noise	sapo_emerge	distractor	n/a	n/a	n/a	n/a	n/a
5230.996	0	2615498	standard_tone	sapo_emerge	standard	n/a	n/a	n/a	n/a	n/a
5232.012	0	2616006	distractor_noise	sapo_emerge	distractor	n/a	n/a	n/a	n/a	n/a
5233.028	0	2616514	standard_tone	sapo_emerge	standard	n/a	n/a	n/a	n/a	n/a
5234.044	0	2617022	standard_tone	sapo_emerge	standard	n/a	n/a	n/a	n/a	n/a
5235.060	0	2617530	standard_tone	sapo_emerge	standard	n/a	n/a	n/a	n/a	n/a
5236.076	0	2618038	standard_tone	sapo_emerge	standard	n/a	n/a	n/a	n/a	n/a
5237.042	0	2618521	gong_end	sapo_emerge	gong-end	n/a	n/a	n/a	n/a	n/a
5237.042	0	2618521	subblock_end	sapo_emerge	subblock-end-duration-111.691	n/a	n/a	n/a	111.691	n/a
5237.044	0	2618522	subblock_begin	sapo_emerge	subblock-begin	n/a	n/a	n/a	n/a	n/a
5237.044	0	2618522	silence_begin	sapo_emerge	silence-begin	n/a	n/a	n/a	n/a	n/a
5237.076	0	2618538	standard_tone	sapo_emerge	standard	n/a	n/a	n/a	n/a	n/a
5238.092	0	2619046	oddball_tone	sapo_emerge	oddball	n/a	n/a	n/a	n/a	n/a
5239.108	0	2619554	standard_tone	sapo_emerge	standard	n/a	n/a	n/a	n/a	n/a
5240.122	0	2620061	standard_tone	sapo_emerge	standard	n/a	n/a	n/a	n/a	n/a
5241.138	0	2620569	standard_tone	sapo_emerge	standard	n/a	n/a	n/a	n/a	n/a
5242.154	0	2621077	standard_tone	sapo_emerge	standard	n/a	n/a	n/a	n/a	n/a
5243.170	0	2621585	oddball_tone	sapo_emerge	oddball	n/a	n/a	n/a	n/a	n/a
5244.170	0	2622085	standard_tone	sapo_emerge	standard	n/a	n/a	n/a	n/a	n/a
5245.184	0	2622592	standard_tone	sapo_emerge	standard	n/a	n/a	n/a	n/a	n/a
5246.200	0	2623100	standard_tone	sapo_emerge	standard	n/a	n/a	n/a	n/a	n/a
5247.216	0	2623608	standard_tone	sapo_emerge	standard	n/a	n/a	n/a	n/a	n/a
5248.232	0	2624116	standard_tone	sapo_emerge	standard	n/a	n/a	n/a	n/a	n/a
5249.248	0	2624624	standard_tone	sapo_emerge	standard	n/a	n/a	n/a	n/a	n/a
5250.264	0	2625132	standard_tone	sapo_emerge	standard	n/a	n/a	n/a	n/a	n/a
5251.280	0	2625640	standard_tone	sapo_emerge	standard	n/a	n/a	n/a	n/a	n/a
5252.294	0	2626147	standard_tone	sapo_emerge	standard	n/a	n/a	n/a	n/a	n/a
5253.312	0	2626656	standard_tone	sapo_emerge	standard	n/a	n/a	n/a	n/a	n/a
5254.328	0	2627164	standard_tone	sapo_emerge	standard	n/a	n/a	n/a	n/a	n/a
5255.344	0	2627672	standard_tone	sapo_emerge	standard	n/a	n/a	n/a	n/a	n/a
5256.360	0	2628180	standard_tone	sapo_emerge	standard	n/a	n/a	n/a	n/a	n/a
5257.374	0	2628687	standard_tone	sapo_emerge	standard	n/a	n/a	n/a	n/a	n/a
5258.390	0	2629195	standard_tone	sapo_emerge	standard	n/a	n/a	n/a	n/a	n/a
5259.406	0	2629703	standard_tone	sapo_emerge	standard	n/a	n/a	n/a	n/a	n/a
5260.422	0	2630211	standard_tone	sapo_emerge	standard	n/a	n/a	n/a	n/a	n/a
5261.422	0	2630711	standard_tone	sapo_emerge	standard	n/a	n/a	n/a	n/a	n/a
5262.438	0	2631219	standard_tone	sapo_emerge	standard	n/a	n/a	n/a	n/a	n/a
5263.454	0	2631727	standard_tone	sapo_emerge	standard	n/a	n/a	n/a	n/a	n/a
5264.468	0	2632234	standard_tone	sapo_emerge	standard	n/a	n/a	n/a	n/a	n/a
5265.484	0	2632742	standard_tone	sapo_emerge	standard	n/a	n/a	n/a	n/a	n/a
5266.500	0	2633250	standard_tone	sapo_emerge	standard	n/a	n/a	n/a	n/a	n/a
5267.516	0	2633758	standard_tone	sapo_emerge	standard	n/a	n/a	n/a	n/a	n/a
5268.532	0	2634266	standard_tone	sapo_emerge	standard	n/a	n/a	n/a	n/a	n/a
5269.548	0	2634774	standard_tone	sapo_emerge	standard	n/a	n/a	n/a	n/a	n/a
5270.564	0	2635282	standard_tone	sapo_emerge	standard	n/a	n/a	n/a	n/a	n/a
5271.580	0	2635790	standard_tone	sapo_emerge	standard	n/a	n/a	n/a	n/a	n/a
5272.596	0	2636298	oddball_tone	sapo_emerge	oddball	n/a	n/a	n/a	n/a	n/a
5273.612	0	2636806	standard_tone	sapo_emerge	standard	n/a	n/a	n/a	n/a	n/a
5274.628	0	2637314	distractor_noise	sapo_emerge	distractor	n/a	n/a	n/a	n/a	n/a
5275.628	0	2637814	standard_tone	sapo_emerge	standard	n/a	n/a	n/a	n/a	n/a
5276.642	0	2638321	standard_tone	sapo_emerge	standard	n/a	n/a	n/a	n/a	n/a
5277.658	0	2638829	standard_tone	sapo_emerge	standard	n/a	n/a	n/a	n/a	n/a
5278.674	0	2639337	distractor_noise	sapo_emerge	distractor	n/a	n/a	n/a	n/a	n/a
5279.690	0	2639845	standard_tone	sapo_emerge	standard	n/a	n/a	n/a	n/a	n/a
5280.706	0	2640353	oddball_tone	sapo_emerge	oddball	n/a	n/a	n/a	n/a	n/a
5281.722	0	2640861	standard_tone	sapo_emerge	standard	n/a	n/a	n/a	n/a	n/a
5282.738	0	2641369	standard_tone	sapo_emerge	standard	n/a	n/a	n/a	n/a	n/a
5283.754	0	2641877	oddball_tone	sapo_emerge	oddball	n/a	n/a	n/a	n/a	n/a
5284.768	0	2642384	standard_tone	sapo_emerge	standard	n/a	n/a	n/a	n/a	n/a
5285.770	0	2642885	oddball_tone	sapo_emerge	oddball	n/a	n/a	n/a	n/a	n/a
5286.784	0	2643392	distractor_noise	sapo_emerge	distractor	n/a	n/a	n/a	n/a	n/a
5287.800	0	2643900	standard_tone	sapo_emerge	standard	n/a	n/a	n/a	n/a	n/a
5288.798	0	2644399	standard_tone	sapo_emerge	standard	n/a	n/a	n/a	n/a	n/a
5289.814	0	2644907	standard_tone	sapo_emerge	standard	n/a	n/a	n/a	n/a	n/a
5290.830	0	2645415	standard_tone	sapo_emerge	standard	n/a	n/a	n/a	n/a	n/a
5291.846	0	2645923	standard_tone	sapo_emerge	standard	n/a	n/a	n/a	n/a	n/a
5292.862	0	2646431	standard_tone	sapo_emerge	standard	n/a	n/a	n/a	n/a	n/a
5293.878	0	2646939	oddball_tone	sapo_emerge	oddball	n/a	n/a	n/a	n/a	n/a
5294.894	0	2647447	standard_tone	sapo_emerge	standard	n/a	n/a	n/a	n/a	n/a
5295.910	0	2647955	distractor_noise	sapo_emerge	distractor	n/a	n/a	n/a	n/a	n/a
5296.926	0	2648463	standard_tone	sapo_emerge	standard	n/a	n/a	n/a	n/a	n/a
5297.942	0	2648971	standard_tone	sapo_emerge	standard	n/a	n/a	n/a	n/a	n/a
5298.958	0	2649479	standard_tone	sapo_emerge	standard	n/a	n/a	n/a	n/a	n/a
5299.972	0	2649986	standard_tone	sapo_emerge	standard	n/a	n/a	n/a	n/a	n/a
5300.988	0	2650494	standard_tone	sapo_emerge	standard	n/a	n/a	n/a	n/a	n/a
5302.004	0	2651002	oddball_tone	sapo_emerge	oddball	n/a	n/a	n/a	n/a	n/a
5303.020	0	2651510	standard_tone	sapo_emerge	standard	n/a	n/a	n/a	n/a	n/a
5304.036	0	2652018	standard_tone	sapo_emerge	standard	n/a	n/a	n/a	n/a	n/a
5305.052	0	2652526	standard_tone	sapo_emerge	standard	n/a	n/a	n/a	n/a	n/a
5306.068	0	2653034	standard_tone	sapo_emerge	standard	n/a	n/a	n/a	n/a	n/a
5307.084	0	2653542	oddball_tone	sapo_emerge	oddball	n/a	n/a	n/a	n/a	n/a
5308.100	0	2654050	standard_tone	sapo_emerge	standard	n/a	n/a	n/a	n/a	n/a
5309.116	0	2654558	standard_tone	sapo_emerge	standard	n/a	n/a	n/a	n/a	n/a
5310.132	0	2655066	standard_tone	sapo_emerge	standard	n/a	n/a	n/a	n/a	n/a
5311.148	0	2655574	standard_tone	sapo_emerge	standard	n/a	n/a	n/a	n/a	n/a
5312.162	0	2656081	standard_tone	sapo_emerge	standard	n/a	n/a	n/a	n/a	n/a
5313.162	0	2656581	standard_tone	sapo_emerge	standard	n/a	n/a	n/a	n/a	n/a
5314.178	0	2657089	distractor_noise	sapo_emerge	distractor	n/a	n/a	n/a	n/a	n/a
5315.194	0	2657597	standard_tone	sapo_emerge	standard	n/a	n/a	n/a	n/a	n/a
5316.208	0	2658104	standard_tone	sapo_emerge	standard	n/a	n/a	n/a	n/a	n/a
5317.208	0	2658604	standard_tone	sapo_emerge	standard	n/a	n/a	n/a	n/a	n/a
5318.224	0	2659112	standard_tone	sapo_emerge	standard	n/a	n/a	n/a	n/a	n/a
5319.240	0	2659620	standard_tone	sapo_emerge	standard	n/a	n/a	n/a	n/a	n/a
5320.240	0	2660120	standard_tone	sapo_emerge	standard	n/a	n/a	n/a	n/a	n/a
5321.256	0	2660628	standard_tone	sapo_emerge	standard	n/a	n/a	n/a	n/a	n/a
5322.272	0	2661136	oddball_tone	sapo_emerge	oddball	n/a	n/a	n/a	n/a	n/a
5323.288	0	2661644	standard_tone	sapo_emerge	standard	n/a	n/a	n/a	n/a	n/a
5324.304	0	2662152	standard_tone	sapo_emerge	standard	n/a	n/a	n/a	n/a	n/a
5325.318	0	2662659	standard_tone	sapo_emerge	standard	n/a	n/a	n/a	n/a	n/a
5326.334	0	2663167	standard_tone	sapo_emerge	standard	n/a	n/a	n/a	n/a	n/a
5327.350	0	2663675	standard_tone	sapo_emerge	standard	n/a	n/a	n/a	n/a	n/a
5328.366	0	2664183	distractor_noise	sapo_emerge	distractor	n/a	n/a	n/a	n/a	n/a
5329.382	0	2664691	standard_tone	sapo_emerge	standard	n/a	n/a	n/a	n/a	n/a
5330.398	0	2665199	distractor_noise	sapo_emerge	distractor	n/a	n/a	n/a	n/a	n/a
5331.414	0	2665707	standard_tone	sapo_emerge	standard	n/a	n/a	n/a	n/a	n/a
5332.430	0	2666215	oddball_tone	sapo_emerge	oddball	n/a	n/a	n/a	n/a	n/a
5333.428	0	2666714	standard_tone	sapo_emerge	standard	n/a	n/a	n/a	n/a	n/a
5334.444	0	2667222	standard_tone	sapo_emerge	standard	n/a	n/a	n/a	n/a	n/a
5335.460	0	2667730	standard_tone	sapo_emerge	standard	n/a	n/a	n/a	n/a	n/a
5336.476	0	2668238	standard_tone	sapo_emerge	standard	n/a	n/a	n/a	n/a	n/a
5337.492	0	2668746	standard_tone	sapo_emerge	standard	n/a	n/a	n/a	n/a	n/a
5338.508	0	2669254	standard_tone	sapo_emerge	standard	n/a	n/a	n/a	n/a	n/a
5339.524	0	2669762	standard_tone	sapo_emerge	standard	n/a	n/a	n/a	n/a	n/a
5340.540	0	2670270	standard_tone	sapo_emerge	standard	n/a	n/a	n/a	n/a	n/a
5341.556	0	2670778	standard_tone	sapo_emerge	standard	n/a	n/a	n/a	n/a	n/a
5342.570	0	2671285	oddball_tone	sapo_emerge	oddball	n/a	n/a	n/a	n/a	n/a
5343.586	0	2671793	standard_tone	sapo_emerge	standard	n/a	n/a	n/a	n/a	n/a
5344.586	0	2672293	standard_tone	sapo_emerge	standard	n/a	n/a	n/a	n/a	n/a
5345.586	0	2672793	standard_tone	sapo_emerge	standard	n/a	n/a	n/a	n/a	n/a
5346.602	0	2673301	standard_tone	sapo_emerge	standard	n/a	n/a	n/a	n/a	n/a
5347.616	0	2673808	standard_tone	sapo_emerge	standard	n/a	n/a	n/a	n/a	n/a
5348.634	0	2674317	standard_tone	sapo_emerge	standard	n/a	n/a	n/a	n/a	n/a
5349.648	0	2674824	standard_tone	sapo_emerge	standard	n/a	n/a	n/a	n/a	n/a
5350.664	0	2675332	distractor_noise	sapo_emerge	distractor	n/a	n/a	n/a	n/a	n/a
5351.680	0	2675840	standard_tone	sapo_emerge	standard	n/a	n/a	n/a	n/a	n/a
5352.696	0	2676348	standard_tone	sapo_emerge	standard	n/a	n/a	n/a	n/a	n/a
5353.712	0	2676856	standard_tone	sapo_emerge	standard	n/a	n/a	n/a	n/a	n/a
5354.612	0	2677306	silence_end	sapo_emerge	silence-end	n/a	n/a	n/a	n/a	n/a
5354.612	0	2677306	gong_begin	sapo_emerge	gong-begin	n/a	n/a	n/a	n/a	n/a
5354.720	0	2677360	standard_tone	sapo_emerge	standard	n/a	n/a	n/a	n/a	n/a
5355.726	0	2677863	standard_tone	sapo_emerge	standard	n/a	n/a	n/a	n/a	n/a
5356.742	0	2678371	standard_tone	sapo_emerge	standard	n/a	n/a	n/a	n/a	n/a
5357.758	0	2678879	standard_tone	sapo_emerge	standard	n/a	n/a	n/a	n/a	n/a
5358.774	0	2679387	distractor_noise	sapo_emerge	distractor	n/a	n/a	n/a	n/a	n/a
5359.790	0	2679895	standard_tone	sapo_emerge	standard	n/a	n/a	n/a	n/a	n/a
5360.806	0	2680403	oddball_tone	sapo_emerge	oddball	n/a	n/a	n/a	n/a	n/a
5361.822	0	2680911	standard_tone	sapo_emerge	standard	n/a	n/a	n/a	n/a	n/a
5362.838	0	2681419	distractor_noise	sapo_emerge	distractor	n/a	n/a	n/a	n/a	n/a
5363.852	0	2681926	standard_tone	sapo_emerge	standard	n/a	n/a	n/a	n/a	n/a
5364.720	0	2682360	gong_end	sapo_emerge	gong-end	n/a	n/a	n/a	n/a	n/a
5364.720	0	2682360	subblock_end	sapo_emerge	subblock-end-duration-127.677	n/a	n/a	n/a	127.677	n/a
5364.720	0	2682360	subblock_begin	sapo_emerge	subblock-begin	n/a	n/a	n/a	n/a	n/a
5364.722	0	2682361	silence_begin	sapo_emerge	silence-begin	n/a	n/a	n/a	n/a	n/a
5364.870	0	2682435	distractor_noise	sapo_emerge	distractor	n/a	n/a	n/a	n/a	n/a
5365.886	0	2682943	standard_tone	sapo_emerge	standard	n/a	n/a	n/a	n/a	n/a
5366.900	0	2683450	standard_tone	sapo_emerge	standard	n/a	n/a	n/a	n/a	n/a
5367.902	0	2683951	standard_tone	sapo_emerge	standard	n/a	n/a	n/a	n/a	n/a
5368.916	0	2684458	standard_tone	sapo_emerge	standard	n/a	n/a	n/a	n/a	n/a
5369.932	0	2684966	standard_tone	sapo_emerge	standard	n/a	n/a	n/a	n/a	n/a
5370.948	0	2685474	standard_tone	sapo_emerge	standard	n/a	n/a	n/a	n/a	n/a
5371.962	0	2685981	standard_tone	sapo_emerge	standard	n/a	n/a	n/a	n/a	n/a
5372.980	0	2686490	standard_tone	sapo_emerge	standard	n/a	n/a	n/a	n/a	n/a
5373.994	0	2686997	oddball_tone	sapo_emerge	oddball	n/a	n/a	n/a	n/a	n/a
5375.012	0	2687506	standard_tone	sapo_emerge	standard	n/a	n/a	n/a	n/a	n/a
5376.026	0	2688013	oddball_tone	sapo_emerge	oddball	n/a	n/a	n/a	n/a	n/a
5377.042	0	2688521	standard_tone	sapo_emerge	standard	n/a	n/a	n/a	n/a	n/a
5378.058	0	2689029	standard_tone	sapo_emerge	standard	n/a	n/a	n/a	n/a	n/a
5379.074	0	2689537	standard_tone	sapo_emerge	standard	n/a	n/a	n/a	n/a	n/a
5380.090	0	2690045	standard_tone	sapo_emerge	standard	n/a	n/a	n/a	n/a	n/a
5381.106	0	2690553	distractor_noise	sapo_emerge	distractor	n/a	n/a	n/a	n/a	n/a
5382.122	0	2691061	standard_tone	sapo_emerge	standard	n/a	n/a	n/a	n/a	n/a
5383.138	0	2691569	standard_tone	sapo_emerge	standard	n/a	n/a	n/a	n/a	n/a
5384.154	0	2692077	standard_tone	sapo_emerge	standard	n/a	n/a	n/a	n/a	n/a
5385.168	0	2692584	standard_tone	sapo_emerge	standard	n/a	n/a	n/a	n/a	n/a
5386.168	0	2693084	standard_tone	sapo_emerge	standard	n/a	n/a	n/a	n/a	n/a
5387.184	0	2693592	standard_tone	sapo_emerge	standard	n/a	n/a	n/a	n/a	n/a
5388.200	0	2694100	distractor_noise	sapo_emerge	distractor	n/a	n/a	n/a	n/a	n/a
5389.216	0	2694608	standard_tone	sapo_emerge	standard	n/a	n/a	n/a	n/a	n/a
5390.216	0	2695108	standard_tone	sapo_emerge	standard	n/a	n/a	n/a	n/a	n/a
5391.230	0	2695615	distractor_noise	sapo_emerge	distractor	n/a	n/a	n/a	n/a	n/a
5392.246	0	2696123	standard_tone	sapo_emerge	standard	n/a	n/a	n/a	n/a	n/a
5393.262	0	2696631	standard_tone	sapo_emerge	standard	n/a	n/a	n/a	n/a	n/a
5394.278	0	2697139	standard_tone	sapo_emerge	standard	n/a	n/a	n/a	n/a	n/a
5394.730	0	2697365	clicker_press	sapo_emerge	response-received-page_up	n/a	n/a	n/a	n/a	page_up
5394.796	0	2697398	report_window_begin	sapo_emerge	emerge-sapo-emerge-begin	n/a	n/a	n/a	n/a	n/a
5396.126	0	2698063	clicker_press	sapo_emerge	response-received-page_up	n/a	n/a	n/a	n/a	page_up
5396.508	0	2698254	clicker_press	sapo_emerge	response-received-page_up	n/a	n/a	n/a	n/a	page_up
5396.908	0	2698454	clicker_press	sapo_emerge	response-received-page_up	n/a	n/a	n/a	n/a	page_up
5398.808	0	2699404	depth_rating	sapo_emerge	rating-sapo-emerge-meditation_depth-4	4	n/a	n/a	n/a	n/a
5406.170	0	2703085	clicker_press	sapo_emerge	response-received-page_up	n/a	n/a	n/a	n/a	page_up
5406.586	0	2703293	clicker_press	sapo_emerge	response-received-page_up	n/a	n/a	n/a	n/a	page_up
5408.850	0	2704425	confidence_rating	sapo_emerge	rating-sapo-emerge-confidence_depth-2	n/a	2	n/a	n/a	n/a
5412.346	0	2706173	report_window_end	sapo_emerge	emerge-sapo-emerge-end	n/a	n/a	n/a	n/a	n/a
5412.348	0	2706174	subblock_begin	sapo_emerge	subblock-begin	n/a	n/a	n/a	n/a	n/a
5412.348	0	2706174	silence_begin	sapo_emerge	silence-begin	n/a	n/a	n/a	n/a	n/a
5412.364	0	2706182	standard_tone	sapo_emerge	standard	n/a	n/a	n/a	n/a	n/a
5413.378	0	2706689	standard_tone	sapo_emerge	standard	n/a	n/a	n/a	n/a	n/a
5414.396	0	2707198	standard_tone	sapo_emerge	standard	n/a	n/a	n/a	n/a	n/a
5415.410	0	2707705	standard_tone	sapo_emerge	standard	n/a	n/a	n/a	n/a	n/a
5416.428	0	2708214	standard_tone	sapo_emerge	standard	n/a	n/a	n/a	n/a	n/a
5417.442	0	2708721	standard_tone	sapo_emerge	standard	n/a	n/a	n/a	n/a	n/a
5418.458	0	2709229	standard_tone	sapo_emerge	standard	n/a	n/a	n/a	n/a	n/a
5419.474	0	2709737	standard_tone	sapo_emerge	standard	n/a	n/a	n/a	n/a	n/a
5420.490	0	2710245	standard_tone	sapo_emerge	standard	n/a	n/a	n/a	n/a	n/a
5421.506	0	2710753	oddball_tone	sapo_emerge	oddball	n/a	n/a	n/a	n/a	n/a
5422.522	0	2711261	standard_tone	sapo_emerge	standard	n/a	n/a	n/a	n/a	n/a
5423.538	0	2711769	standard_tone	sapo_emerge	standard	n/a	n/a	n/a	n/a	n/a
5424.554	0	2712277	standard_tone	sapo_emerge	standard	n/a	n/a	n/a	n/a	n/a
5425.568	0	2712784	standard_tone	sapo_emerge	standard	n/a	n/a	n/a	n/a	n/a
5426.568	0	2713284	standard_tone	sapo_emerge	standard	n/a	n/a	n/a	n/a	n/a
5427.584	0	2713792	standard_tone	sapo_emerge	standard	n/a	n/a	n/a	n/a	n/a
5428.582	0	2714291	standard_tone	sapo_emerge	standard	n/a	n/a	n/a	n/a	n/a
5429.598	0	2714799	standard_tone	sapo_emerge	standard	n/a	n/a	n/a	n/a	n/a
5430.614	0	2715307	oddball_tone	sapo_emerge	oddball	n/a	n/a	n/a	n/a	n/a
5431.630	0	2715815	distractor_noise	sapo_emerge	distractor	n/a	n/a	n/a	n/a	n/a
5432.646	0	2716323	standard_tone	sapo_emerge	standard	n/a	n/a	n/a	n/a	n/a
5433.662	0	2716831	standard_tone	sapo_emerge	standard	n/a	n/a	n/a	n/a	n/a
5434.678	0	2717339	standard_tone	sapo_emerge	standard	n/a	n/a	n/a	n/a	n/a
5435.694	0	2717847	standard_tone	sapo_emerge	standard	n/a	n/a	n/a	n/a	n/a
5436.710	0	2718355	standard_tone	sapo_emerge	standard	n/a	n/a	n/a	n/a	n/a
5437.726	0	2718863	standard_tone	sapo_emerge	standard	n/a	n/a	n/a	n/a	n/a
5438.742	0	2719371	standard_tone	sapo_emerge	standard	n/a	n/a	n/a	n/a	n/a
5439.758	0	2719879	standard_tone	sapo_emerge	standard	n/a	n/a	n/a	n/a	n/a
5440.772	0	2720386	oddball_tone	sapo_emerge	oddball	n/a	n/a	n/a	n/a	n/a
5441.788	0	2720894	standard_tone	sapo_emerge	standard	n/a	n/a	n/a	n/a	n/a
5442.804	0	2721402	standard_tone	sapo_emerge	standard	n/a	n/a	n/a	n/a	n/a
5443.820	0	2721910	standard_tone	sapo_emerge	standard	n/a	n/a	n/a	n/a	n/a
5444.836	0	2722418	standard_tone	sapo_emerge	standard	n/a	n/a	n/a	n/a	n/a
5445.852	0	2722926	distractor_noise	sapo_emerge	distractor	n/a	n/a	n/a	n/a	n/a
5446.868	0	2723434	standard_tone	sapo_emerge	standard	n/a	n/a	n/a	n/a	n/a
5447.884	0	2723942	standard_tone	sapo_emerge	standard	n/a	n/a	n/a	n/a	n/a
5448.900	0	2724450	standard_tone	sapo_emerge	standard	n/a	n/a	n/a	n/a	n/a
5449.916	0	2724958	standard_tone	sapo_emerge	standard	n/a	n/a	n/a	n/a	n/a
5450.932	0	2725466	oddball_tone	sapo_emerge	oddball	n/a	n/a	n/a	n/a	n/a
5451.948	0	2725974	standard_tone	sapo_emerge	standard	n/a	n/a	n/a	n/a	n/a
5452.962	0	2726481	oddball_tone	sapo_emerge	oddball	n/a	n/a	n/a	n/a	n/a
5453.978	0	2726989	standard_tone	sapo_emerge	standard	n/a	n/a	n/a	n/a	n/a
5454.994	0	2727497	oddball_tone	sapo_emerge	oddball	n/a	n/a	n/a	n/a	n/a
5456.012	0	2728006	standard_tone	sapo_emerge	standard	n/a	n/a	n/a	n/a	n/a
5457.026	0	2728513	standard_tone	sapo_emerge	standard	n/a	n/a	n/a	n/a	n/a
5458.042	0	2729021	distractor_noise	sapo_emerge	distractor	n/a	n/a	n/a	n/a	n/a
5459.042	0	2729521	standard_tone	sapo_emerge	standard	n/a	n/a	n/a	n/a	n/a
5460.056	0	2730028	standard_tone	sapo_emerge	standard	n/a	n/a	n/a	n/a	n/a
5461.072	0	2730536	standard_tone	sapo_emerge	standard	n/a	n/a	n/a	n/a	n/a
5462.088	0	2731044	standard_tone	sapo_emerge	standard	n/a	n/a	n/a	n/a	n/a
5463.104	0	2731552	standard_tone	sapo_emerge	standard	n/a	n/a	n/a	n/a	n/a
5464.120	0	2732060	standard_tone	sapo_emerge	standard	n/a	n/a	n/a	n/a	n/a
5465.136	0	2732568	standard_tone	sapo_emerge	standard	n/a	n/a	n/a	n/a	n/a
5466.152	0	2733076	standard_tone	sapo_emerge	standard	n/a	n/a	n/a	n/a	n/a
5467.168	0	2733584	standard_tone	sapo_emerge	standard	n/a	n/a	n/a	n/a	n/a
5468.166	0	2734083	standard_tone	sapo_emerge	standard	n/a	n/a	n/a	n/a	n/a
5469.182	0	2734591	standard_tone	sapo_emerge	standard	n/a	n/a	n/a	n/a	n/a
5470.198	0	2735099	standard_tone	sapo_emerge	standard	n/a	n/a	n/a	n/a	n/a
5471.214	0	2735607	standard_tone	sapo_emerge	standard	n/a	n/a	n/a	n/a	n/a
5472.230	0	2736115	distractor_noise	sapo_emerge	distractor	n/a	n/a	n/a	n/a	n/a
5473.246	0	2736623	standard_tone	sapo_emerge	standard	n/a	n/a	n/a	n/a	n/a
5474.262	0	2737131	standard_tone	sapo_emerge	standard	n/a	n/a	n/a	n/a	n/a
5475.278	0	2737639	oddball_tone	sapo_emerge	oddball	n/a	n/a	n/a	n/a	n/a
5476.294	0	2738147	standard_tone	sapo_emerge	standard	n/a	n/a	n/a	n/a	n/a
5477.310	0	2738655	standard_tone	sapo_emerge	standard	n/a	n/a	n/a	n/a	n/a
5478.308	0	2739154	standard_tone	sapo_emerge	standard	n/a	n/a	n/a	n/a	n/a
5479.324	0	2739662	standard_tone	sapo_emerge	standard	n/a	n/a	n/a	n/a	n/a
5480.340	0	2740170	standard_tone	sapo_emerge	standard	n/a	n/a	n/a	n/a	n/a
5481.356	0	2740678	oddball_tone	sapo_emerge	oddball	n/a	n/a	n/a	n/a	n/a
5482.372	0	2741186	standard_tone	sapo_emerge	standard	n/a	n/a	n/a	n/a	n/a
5483.388	0	2741694	standard_tone	sapo_emerge	standard	n/a	n/a	n/a	n/a	n/a
5484.404	0	2742202	standard_tone	sapo_emerge	standard	n/a	n/a	n/a	n/a	n/a
5485.420	0	2742710	standard_tone	sapo_emerge	standard	n/a	n/a	n/a	n/a	n/a
5486.436	0	2743218	distractor_noise	sapo_emerge	distractor	n/a	n/a	n/a	n/a	n/a
5487.450	0	2743725	standard_tone	sapo_emerge	standard	n/a	n/a	n/a	n/a	n/a
5488.466	0	2744233	standard_tone	sapo_emerge	standard	n/a	n/a	n/a	n/a	n/a
5489.466	0	2744733	oddball_tone	sapo_emerge	oddball	n/a	n/a	n/a	n/a	n/a
5490.482	0	2745241	standard_tone	sapo_emerge	standard	n/a	n/a	n/a	n/a	n/a
5491.498	0	2745749	oddball_tone	sapo_emerge	oddball	n/a	n/a	n/a	n/a	n/a
5492.514	0	2746257	standard_tone	sapo_emerge	standard	n/a	n/a	n/a	n/a	n/a
5493.512	0	2746756	standard_tone	sapo_emerge	standard	n/a	n/a	n/a	n/a	n/a
5494.528	0	2747264	standard_tone	sapo_emerge	standard	n/a	n/a	n/a	n/a	n/a
5495.544	0	2747772	standard_tone	sapo_emerge	standard	n/a	n/a	n/a	n/a	n/a
5496.560	0	2748280	standard_tone	sapo_emerge	standard	n/a	n/a	n/a	n/a	n/a
5497.576	0	2748788	standard_tone	sapo_emerge	standard	n/a	n/a	n/a	n/a	n/a
5498.592	0	2749296	standard_tone	sapo_emerge	standard	n/a	n/a	n/a	n/a	n/a
5499.608	0	2749804	standard_tone	sapo_emerge	standard	n/a	n/a	n/a	n/a	n/a
5500.624	0	2750312	oddball_tone	sapo_emerge	oddball	n/a	n/a	n/a	n/a	n/a
5501.640	0	2750820	standard_tone	sapo_emerge	standard	n/a	n/a	n/a	n/a	n/a
5502.640	0	2751320	standard_tone	sapo_emerge	standard	n/a	n/a	n/a	n/a	n/a
5503.654	0	2751827	oddball_tone	sapo_emerge	oddball	n/a	n/a	n/a	n/a	n/a
5504.670	0	2752335	standard_tone	sapo_emerge	standard	n/a	n/a	n/a	n/a	n/a
5504.688	0	2752344	clicker_press	sapo_emerge	response-received-page_up	n/a	n/a	n/a	n/a	page_up
5504.720	0	2752360	report_window_begin	sapo_emerge	emerge-sapo-emerge-begin	n/a	n/a	n/a	n/a	n/a
5506.802	0	2753401	clicker_press	sapo_emerge	response-received-page_up	n/a	n/a	n/a	n/a	page_up
5508.768	0	2754384	depth_rating	sapo_emerge	rating-sapo-emerge-meditation_depth-2	2	n/a	n/a	n/a	n/a
5514.930	0	2757465	clicker_press	sapo_emerge	response-received-page_up	n/a	n/a	n/a	n/a	page_up
5515.312	0	2757656	clicker_press	sapo_emerge	response-received-page_up	n/a	n/a	n/a	n/a	page_up
5515.760	0	2757880	clicker_press	sapo_emerge	response-received-page_up	n/a	n/a	n/a	n/a	page_up
5516.228	0	2758114	clicker_press	sapo_emerge	response-received-page_up	n/a	n/a	n/a	n/a	page_up
5518.858	0	2759429	confidence_rating	sapo_emerge	rating-sapo-emerge-confidence_depth-4	n/a	4	n/a	n/a	n/a
5522.356	0	2761178	report_window_end	sapo_emerge	emerge-sapo-emerge-end	n/a	n/a	n/a	n/a	n/a
5522.356	0	2761178	subblock_begin	sapo_emerge	subblock-begin	n/a	n/a	n/a	n/a	n/a
5522.356	0	2761178	silence_begin	sapo_emerge	silence-begin	n/a	n/a	n/a	n/a	n/a
5522.358	0	2761179	oddball_tone	sapo_emerge	oddball	n/a	n/a	n/a	n/a	n/a
5523.372	0	2761686	standard_tone	sapo_emerge	standard	n/a	n/a	n/a	n/a	n/a
5524.388	0	2762194	standard_tone	sapo_emerge	standard	n/a	n/a	n/a	n/a	n/a
5525.404	0	2762702	standard_tone	sapo_emerge	standard	n/a	n/a	n/a	n/a	n/a
5526.420	0	2763210	distractor_noise	sapo_emerge	distractor	n/a	n/a	n/a	n/a	n/a
5527.434	0	2763717	standard_tone	sapo_emerge	standard	n/a	n/a	n/a	n/a	n/a
5528.450	0	2764225	standard_tone	sapo_emerge	standard	n/a	n/a	n/a	n/a	n/a
5529.466	0	2764733	standard_tone	sapo_emerge	standard	n/a	n/a	n/a	n/a	n/a
5530.482	0	2765241	standard_tone	sapo_emerge	standard	n/a	n/a	n/a	n/a	n/a
5531.498	0	2765749	standard_tone	sapo_emerge	standard	n/a	n/a	n/a	n/a	n/a
5532.514	0	2766257	standard_tone	sapo_emerge	standard	n/a	n/a	n/a	n/a	n/a
5533.530	0	2766765	standard_tone	sapo_emerge	standard	n/a	n/a	n/a	n/a	n/a
5534.546	0	2767273	standard_tone	sapo_emerge	standard	n/a	n/a	n/a	n/a	n/a
5535.562	0	2767781	standard_tone	sapo_emerge	standard	n/a	n/a	n/a	n/a	n/a
5536.576	0	2768288	distractor_noise	sapo_emerge	distractor	n/a	n/a	n/a	n/a	n/a
5537.592	0	2768796	standard_tone	sapo_emerge	standard	n/a	n/a	n/a	n/a	n/a
5538.608	0	2769304	standard_tone	sapo_emerge	standard	n/a	n/a	n/a	n/a	n/a
5539.608	0	2769804	standard_tone	sapo_emerge	standard	n/a	n/a	n/a	n/a	n/a
5540.624	0	2770312	standard_tone	sapo_emerge	standard	n/a	n/a	n/a	n/a	n/a
5541.640	0	2770820	standard_tone	sapo_emerge	standard	n/a	n/a	n/a	n/a	n/a
5542.656	0	2771328	standard_tone	sapo_emerge	standard	n/a	n/a	n/a	n/a	n/a
5543.672	0	2771836	standard_tone	sapo_emerge	standard	n/a	n/a	n/a	n/a	n/a
5544.670	0	2772335	distractor_noise	sapo_emerge	distractor	n/a	n/a	n/a	n/a	n/a
5545.686	0	2772843	standard_tone	sapo_emerge	standard	n/a	n/a	n/a	n/a	n/a
5546.702	0	2773351	standard_tone	sapo_emerge	standard	n/a	n/a	n/a	n/a	n/a
5547.718	0	2773859	standard_tone	sapo_emerge	standard	n/a	n/a	n/a	n/a	n/a
5548.732	0	2774366	distractor_noise	sapo_emerge	distractor	n/a	n/a	n/a	n/a	n/a
5549.750	0	2774875	oddball_tone	sapo_emerge	oddball	n/a	n/a	n/a	n/a	n/a
5550.766	0	2775383	standard_tone	sapo_emerge	standard	n/a	n/a	n/a	n/a	n/a
5551.782	0	2775891	distractor_noise	sapo_emerge	distractor	n/a	n/a	n/a	n/a	n/a
5552.796	0	2776398	standard_tone	sapo_emerge	standard	n/a	n/a	n/a	n/a	n/a
5553.796	0	2776898	distractor_noise	sapo_emerge	distractor	n/a	n/a	n/a	n/a	n/a
5554.812	0	2777406	standard_tone	sapo_emerge	standard	n/a	n/a	n/a	n/a	n/a
5555.828	0	2777914	standard_tone	sapo_emerge	standard	n/a	n/a	n/a	n/a	n/a
5556.844	0	2778422	oddball_tone	sapo_emerge	oddball	n/a	n/a	n/a	n/a	n/a
5557.860	0	2778930	standard_tone	sapo_emerge	standard	n/a	n/a	n/a	n/a	n/a
5558.876	0	2779438	oddball_tone	sapo_emerge	oddball	n/a	n/a	n/a	n/a	n/a
5559.890	0	2779945	standard_tone	sapo_emerge	standard	n/a	n/a	n/a	n/a	n/a
5560.906	0	2780453	standard_tone	sapo_emerge	standard	n/a	n/a	n/a	n/a	n/a
5561.922	0	2780961	oddball_tone	sapo_emerge	oddball	n/a	n/a	n/a	n/a	n/a
5562.938	0	2781469	standard_tone	sapo_emerge	standard	n/a	n/a	n/a	n/a	n/a
5563.954	0	2781977	standard_tone	sapo_emerge	standard	n/a	n/a	n/a	n/a	n/a
5564.970	0	2782485	standard_tone	sapo_emerge	standard	n/a	n/a	n/a	n/a	n/a
5565.986	0	2782993	distractor_noise	sapo_emerge	distractor	n/a	n/a	n/a	n/a	n/a
5567.002	0	2783501	standard_tone	sapo_emerge	standard	n/a	n/a	n/a	n/a	n/a
5568.018	0	2784009	standard_tone	sapo_emerge	standard	n/a	n/a	n/a	n/a	n/a
5569.034	0	2784517	standard_tone	sapo_emerge	standard	n/a	n/a	n/a	n/a	n/a
5570.050	0	2785025	standard_tone	sapo_emerge	standard	n/a	n/a	n/a	n/a	n/a
5571.064	0	2785532	standard_tone	sapo_emerge	standard	n/a	n/a	n/a	n/a	n/a
5572.080	0	2786040	standard_tone	sapo_emerge	standard	n/a	n/a	n/a	n/a	n/a
5573.096	0	2786548	distractor_noise	sapo_emerge	distractor	n/a	n/a	n/a	n/a	n/a
5574.112	0	2787056	standard_tone	sapo_emerge	standard	n/a	n/a	n/a	n/a	n/a
5575.128	0	2787564	standard_tone	sapo_emerge	standard	n/a	n/a	n/a	n/a	n/a
5576.128	0	2788064	standard_tone	sapo_emerge	standard	n/a	n/a	n/a	n/a	n/a
5577.144	0	2788572	standard_tone	sapo_emerge	standard	n/a	n/a	n/a	n/a	n/a
5578.160	0	2789080	standard_tone	sapo_emerge	standard	n/a	n/a	n/a	n/a	n/a
5579.174	0	2789587	oddball_tone	sapo_emerge	oddball	n/a	n/a	n/a	n/a	n/a
5580.190	0	2790095	standard_tone	sapo_emerge	standard	n/a	n/a	n/a	n/a	n/a
5581.206	0	2790603	standard_tone	sapo_emerge	standard	n/a	n/a	n/a	n/a	n/a
5582.222	0	2791111	oddball_tone	sapo_emerge	oddball	n/a	n/a	n/a	n/a	n/a
5583.238	0	2791619	distractor_noise	sapo_emerge	distractor	n/a	n/a	n/a	n/a	n/a
5584.254	0	2792127	standard_tone	sapo_emerge	standard	n/a	n/a	n/a	n/a	n/a
5585.270	0	2792635	standard_tone	sapo_emerge	standard	n/a	n/a	n/a	n/a	n/a
5586.270	0	2793135	oddball_tone	sapo_emerge	oddball	n/a	n/a	n/a	n/a	n/a
5587.286	0	2793643	standard_tone	sapo_emerge	standard	n/a	n/a	n/a	n/a	n/a
5588.300	0	2794150	distractor_noise	sapo_emerge	distractor	n/a	n/a	n/a	n/a	n/a
5589.316	0	2794658	standard_tone	sapo_emerge	standard	n/a	n/a	n/a	n/a	n/a
5590.332	0	2795166	standard_tone	sapo_emerge	standard	n/a	n/a	n/a	n/a	n/a
5591.348	0	2795674	standard_tone	sapo_emerge	standard	n/a	n/a	n/a	n/a	n/a
5592.364	0	2796182	oddball_tone	sapo_emerge	oddball	n/a	n/a	n/a	n/a	n/a
5593.380	0	2796690	standard_tone	sapo_emerge	standard	n/a	n/a	n/a	n/a	n/a
5594.396	0	2797198	oddball_tone	sapo_emerge	oddball	n/a	n/a	n/a	n/a	n/a
5595.410	0	2797705	standard_tone	sapo_emerge	standard	n/a	n/a	n/a	n/a	n/a
5596.428	0	2798214	standard_tone	sapo_emerge	standard	n/a	n/a	n/a	n/a	n/a
5597.444	0	2798722	standard_tone	sapo_emerge	standard	n/a	n/a	n/a	n/a	n/a
5598.442	0	2799221	standard_tone	sapo_emerge	standard	n/a	n/a	n/a	n/a	n/a
5599.458	0	2799729	standard_tone	sapo_emerge	standard	n/a	n/a	n/a	n/a	n/a
5600.474	0	2800237	standard_tone	sapo_emerge	standard	n/a	n/a	n/a	n/a	n/a
5601.490	0	2800745	standard_tone	sapo_emerge	standard	n/a	n/a	n/a	n/a	n/a
5602.506	0	2801253	standard_tone	sapo_emerge	standard	n/a	n/a	n/a	n/a	n/a
5603.522	0	2801761	oddball_tone	sapo_emerge	oddball	n/a	n/a	n/a	n/a	n/a
5604.538	0	2802269	standard_tone	sapo_emerge	standard	n/a	n/a	n/a	n/a	n/a
5605.554	0	2802777	standard_tone	sapo_emerge	standard	n/a	n/a	n/a	n/a	n/a
5606.568	0	2803284	standard_tone	sapo_emerge	standard	n/a	n/a	n/a	n/a	n/a
5607.586	0	2803793	standard_tone	sapo_emerge	standard	n/a	n/a	n/a	n/a	n/a
5608.600	0	2804300	standard_tone	sapo_emerge	standard	n/a	n/a	n/a	n/a	n/a
5609.616	0	2804808	oddball_tone	sapo_emerge	oddball	n/a	n/a	n/a	n/a	n/a
5610.632	0	2805316	standard_tone	sapo_emerge	standard	n/a	n/a	n/a	n/a	n/a
5611.648	0	2805824	standard_tone	sapo_emerge	standard	n/a	n/a	n/a	n/a	n/a
5612.664	0	2806332	standard_tone	sapo_emerge	standard	n/a	n/a	n/a	n/a	n/a
5613.680	0	2806840	standard_tone	sapo_emerge	standard	n/a	n/a	n/a	n/a	n/a
5614.696	0	2807348	distractor_noise	sapo_emerge	distractor	n/a	n/a	n/a	n/a	n/a
5615.712	0	2807856	oddball_tone	sapo_emerge	oddball	n/a	n/a	n/a	n/a	n/a
5616.728	0	2808364	standard_tone	sapo_emerge	standard	n/a	n/a	n/a	n/a	n/a
5617.742	0	2808871	oddball_tone	sapo_emerge	oddball	n/a	n/a	n/a	n/a	n/a
5618.758	0	2809379	standard_tone	sapo_emerge	standard	n/a	n/a	n/a	n/a	n/a
5619.774	0	2809887	standard_tone	sapo_emerge	standard	n/a	n/a	n/a	n/a	n/a
5620.790	0	2810395	oddball_tone	sapo_emerge	oddball	n/a	n/a	n/a	n/a	n/a
5621.806	0	2810903	standard_tone	sapo_emerge	standard	n/a	n/a	n/a	n/a	n/a
5622.822	0	2811411	standard_tone	sapo_emerge	standard	n/a	n/a	n/a	n/a	n/a
5623.838	0	2811919	standard_tone	sapo_emerge	standard	n/a	n/a	n/a	n/a	n/a
5624.854	0	2812427	standard_tone	sapo_emerge	standard	n/a	n/a	n/a	n/a	n/a
5625.870	0	2812935	standard_tone	sapo_emerge	standard	n/a	n/a	n/a	n/a	n/a
5626.886	0	2813443	oddball_tone	sapo_emerge	oddball	n/a	n/a	n/a	n/a	n/a
5627.902	0	2813951	standard_tone	sapo_emerge	standard	n/a	n/a	n/a	n/a	n/a
5628.918	0	2814459	standard_tone	sapo_emerge	standard	n/a	n/a	n/a	n/a	n/a
5629.932	0	2814966	standard_tone	sapo_emerge	standard	n/a	n/a	n/a	n/a	n/a
5630.948	0	2815474	standard_tone	sapo_emerge	standard	n/a	n/a	n/a	n/a	n/a
5631.966	0	2815983	standard_tone	sapo_emerge	standard	n/a	n/a	n/a	n/a	n/a
5632.980	0	2816490	distractor_noise	sapo_emerge	distractor	n/a	n/a	n/a	n/a	n/a
5633.996	0	2816998	standard_tone	sapo_emerge	standard	n/a	n/a	n/a	n/a	n/a
5635.012	0	2817506	distractor_noise	sapo_emerge	distractor	n/a	n/a	n/a	n/a	n/a
5635.312	0	2817656	silence_end	sapo_emerge	silence-end	n/a	n/a	n/a	n/a	n/a
5635.328	0	2817664	gong_begin	sapo_emerge	gong-begin	n/a	n/a	n/a	n/a	n/a
5636.028	0	2818014	standard_tone	sapo_emerge	standard	n/a	n/a	n/a	n/a	n/a
5637.044	0	2818522	distractor_noise	sapo_emerge	distractor	n/a	n/a	n/a	n/a	n/a
5638.060	0	2819030	standard_tone	sapo_emerge	standard	n/a	n/a	n/a	n/a	n/a
5639.076	0	2819538	standard_tone	sapo_emerge	standard	n/a	n/a	n/a	n/a	n/a
5640.092	0	2820046	standard_tone	sapo_emerge	standard	n/a	n/a	n/a	n/a	n/a
5641.108	0	2820554	standard_tone	sapo_emerge	standard	n/a	n/a	n/a	n/a	n/a
5642.124	0	2821062	distractor_noise	sapo_emerge	distractor	n/a	n/a	n/a	n/a	n/a
5643.138	0	2821569	oddball_tone	sapo_emerge	oddball	n/a	n/a	n/a	n/a	n/a
5644.154	0	2822077	standard_tone	sapo_emerge	standard	n/a	n/a	n/a	n/a	n/a
5645.170	0	2822585	distractor_noise	sapo_emerge	distractor	n/a	n/a	n/a	n/a	n/a
5645.320	0	2822660	gong_end	sapo_emerge	gong-end	n/a	n/a	n/a	n/a	n/a
5645.322	0	2822661	subblock_end	sapo_emerge	subblock-end-duration-122.965	n/a	n/a	n/a	122.965	n/a
5645.322	0	2822661	subblock_begin	sapo_emerge	subblock-begin	n/a	n/a	n/a	n/a	n/a
5645.322	0	2822661	silence_begin	sapo_emerge	silence-begin	n/a	n/a	n/a	n/a	n/a
5646.186	0	2823093	standard_tone	sapo_emerge	standard	n/a	n/a	n/a	n/a	n/a
5647.202	0	2823601	standard_tone	sapo_emerge	standard	n/a	n/a	n/a	n/a	n/a
5648.218	0	2824109	oddball_tone	sapo_emerge	oddball	n/a	n/a	n/a	n/a	n/a
5649.234	0	2824617	standard_tone	sapo_emerge	standard	n/a	n/a	n/a	n/a	n/a
5650.232	0	2825116	distractor_noise	sapo_emerge	distractor	n/a	n/a	n/a	n/a	n/a
5651.248	0	2825624	standard_tone	sapo_emerge	standard	n/a	n/a	n/a	n/a	n/a
5652.266	0	2826133	standard_tone	sapo_emerge	standard	n/a	n/a	n/a	n/a	n/a
5653.280	0	2826640	oddball_tone	sapo_emerge	oddball	n/a	n/a	n/a	n/a	n/a
5654.296	0	2827148	standard_tone	sapo_emerge	standard	n/a	n/a	n/a	n/a	n/a
5655.312	0	2827656	oddball_tone	sapo_emerge	oddball	n/a	n/a	n/a	n/a	n/a
5656.312	0	2828156	standard_tone	sapo_emerge	standard	n/a	n/a	n/a	n/a	n/a
5657.326	0	2828663	standard_tone	sapo_emerge	standard	n/a	n/a	n/a	n/a	n/a
5658.342	0	2829171	standard_tone	sapo_emerge	standard	n/a	n/a	n/a	n/a	n/a
5659.358	0	2829679	oddball_tone	sapo_emerge	oddball	n/a	n/a	n/a	n/a	n/a
5660.374	0	2830187	standard_tone	sapo_emerge	standard	n/a	n/a	n/a	n/a	n/a
5661.390	0	2830695	distractor_noise	sapo_emerge	distractor	n/a	n/a	n/a	n/a	n/a
5662.406	0	2831203	standard_tone	sapo_emerge	standard	n/a	n/a	n/a	n/a	n/a
5663.422	0	2831711	standard_tone	sapo_emerge	standard	n/a	n/a	n/a	n/a	n/a
5664.438	0	2832219	standard_tone	sapo_emerge	standard	n/a	n/a	n/a	n/a	n/a
5665.454	0	2832727	standard_tone	sapo_emerge	standard	n/a	n/a	n/a	n/a	n/a
5666.470	0	2833235	standard_tone	sapo_emerge	standard	n/a	n/a	n/a	n/a	n/a
5667.486	0	2833743	standard_tone	sapo_emerge	standard	n/a	n/a	n/a	n/a	n/a
5668.500	0	2834250	distractor_noise	sapo_emerge	distractor	n/a	n/a	n/a	n/a	n/a
5669.500	0	2834750	oddball_tone	sapo_emerge	oddball	n/a	n/a	n/a	n/a	n/a
5670.516	0	2835258	standard_tone	sapo_emerge	standard	n/a	n/a	n/a	n/a	n/a
5671.532	0	2835766	oddball_tone	sapo_emerge	oddball	n/a	n/a	n/a	n/a	n/a
5672.548	0	2836274	distractor_noise	sapo_emerge	distractor	n/a	n/a	n/a	n/a	n/a
5673.564	0	2836782	standard_tone	sapo_emerge	standard	n/a	n/a	n/a	n/a	n/a
5674.580	0	2837290	standard_tone	sapo_emerge	standard	n/a	n/a	n/a	n/a	n/a
5675.596	0	2837798	standard_tone	sapo_emerge	standard	n/a	n/a	n/a	n/a	n/a
5676.610	0	2838305	standard_tone	sapo_emerge	standard	n/a	n/a	n/a	n/a	n/a
5677.626	0	2838813	standard_tone	sapo_emerge	standard	n/a	n/a	n/a	n/a	n/a
5678.642	0	2839321	standard_tone	sapo_emerge	standard	n/a	n/a	n/a	n/a	n/a
5679.642	0	2839821	distractor_noise	sapo_emerge	distractor	n/a	n/a	n/a	n/a	n/a
5680.658	0	2840329	standard_tone	sapo_emerge	standard	n/a	n/a	n/a	n/a	n/a
5681.674	0	2840837	oddball_tone	sapo_emerge	oddball	n/a	n/a	n/a	n/a	n/a
5682.690	0	2841345	standard_tone	sapo_emerge	standard	n/a	n/a	n/a	n/a	n/a
5683.704	0	2841852	distractor_noise	sapo_emerge	distractor	n/a	n/a	n/a	n/a	n/a
5684.704	0	2842352	standard_tone	sapo_emerge	standard	n/a	n/a	n/a	n/a	n/a
5685.720	0	2842860	standard_tone	sapo_emerge	standard	n/a	n/a	n/a	n/a	n/a
5686.736	0	2843368	standard_tone	sapo_emerge	standard	n/a	n/a	n/a	n/a	n/a
5687.750	0	2843875	standard_tone	sapo_emerge	standard	n/a	n/a	n/a	n/a	n/a
5688.752	0	2844376	distractor_noise	sapo_emerge	distractor	n/a	n/a	n/a	n/a	n/a
5689.766	0	2844883	standard_tone	sapo_emerge	standard	n/a	n/a	n/a	n/a	n/a
5690.782	0	2845391	standard_tone	sapo_emerge	standard	n/a	n/a	n/a	n/a	n/a
5691.798	0	2845899	standard_tone	sapo_emerge	standard	n/a	n/a	n/a	n/a	n/a
5692.814	0	2846407	distractor_noise	sapo_emerge	distractor	n/a	n/a	n/a	n/a	n/a
5693.832	0	2846916	standard_tone	sapo_emerge	standard	n/a	n/a	n/a	n/a	n/a
5694.846	0	2847423	standard_tone	sapo_emerge	standard	n/a	n/a	n/a	n/a	n/a
5695.862	0	2847931	standard_tone	sapo_emerge	standard	n/a	n/a	n/a	n/a	n/a
5696.860	0	2848430	standard_tone	sapo_emerge	standard	n/a	n/a	n/a	n/a	n/a
5697.876	0	2848938	standard_tone	sapo_emerge	standard	n/a	n/a	n/a	n/a	n/a
5698.892	0	2849446	standard_tone	sapo_emerge	standard	n/a	n/a	n/a	n/a	n/a
5699.908	0	2849954	standard_tone	sapo_emerge	standard	n/a	n/a	n/a	n/a	n/a
5700.924	0	2850462	standard_tone	sapo_emerge	standard	n/a	n/a	n/a	n/a	n/a
5701.940	0	2850970	distractor_noise	sapo_emerge	distractor	n/a	n/a	n/a	n/a	n/a
5702.956	0	2851478	standard_tone	sapo_emerge	standard	n/a	n/a	n/a	n/a	n/a
5703.972	0	2851986	standard_tone	sapo_emerge	standard	n/a	n/a	n/a	n/a	n/a
5704.988	0	2852494	standard_tone	sapo_emerge	standard	n/a	n/a	n/a	n/a	n/a
5706.004	0	2853002	standard_tone	sapo_emerge	standard	n/a	n/a	n/a	n/a	n/a
5707.020	0	2853510	standard_tone	sapo_emerge	standard	n/a	n/a	n/a	n/a	n/a
5708.034	0	2854017	standard_tone	sapo_emerge	standard	n/a	n/a	n/a	n/a	n/a
5709.052	0	2854526	standard_tone	sapo_emerge	standard	n/a	n/a	n/a	n/a	n/a
5710.066	0	2855033	distractor_noise	sapo_emerge	distractor	n/a	n/a	n/a	n/a	n/a
5711.082	0	2855541	standard_tone	sapo_emerge	standard	n/a	n/a	n/a	n/a	n/a
5712.098	0	2856049	standard_tone	sapo_emerge	standard	n/a	n/a	n/a	n/a	n/a
5713.114	0	2856557	standard_tone	sapo_emerge	standard	n/a	n/a	n/a	n/a	n/a
5714.130	0	2857065	standard_tone	sapo_emerge	standard	n/a	n/a	n/a	n/a	n/a
5715.146	0	2857573	standard_tone	sapo_emerge	standard	n/a	n/a	n/a	n/a	n/a
5716.162	0	2858081	standard_tone	sapo_emerge	standard	n/a	n/a	n/a	n/a	n/a
5717.178	0	2858589	standard_tone	sapo_emerge	standard	n/a	n/a	n/a	n/a	n/a
5718.192	0	2859096	distractor_noise	sapo_emerge	distractor	n/a	n/a	n/a	n/a	n/a
5719.208	0	2859604	standard_tone	sapo_emerge	standard	n/a	n/a	n/a	n/a	n/a
5720.224	0	2860112	standard_tone	sapo_emerge	standard	n/a	n/a	n/a	n/a	n/a
5721.224	0	2860612	standard_tone	sapo_emerge	standard	n/a	n/a	n/a	n/a	n/a
5722.238	0	2861119	oddball_tone	sapo_emerge	oddball	n/a	n/a	n/a	n/a	n/a
5723.240	0	2861620	standard_tone	sapo_emerge	standard	n/a	n/a	n/a	n/a	n/a
5724.254	0	2862127	standard_tone	sapo_emerge	standard	n/a	n/a	n/a	n/a	n/a
5725.270	0	2862635	standard_tone	sapo_emerge	standard	n/a	n/a	n/a	n/a	n/a
5726.286	0	2863143	standard_tone	sapo_emerge	standard	n/a	n/a	n/a	n/a	n/a
5727.302	0	2863651	standard_tone	sapo_emerge	standard	n/a	n/a	n/a	n/a	n/a
5728.318	0	2864159	standard_tone	sapo_emerge	standard	n/a	n/a	n/a	n/a	n/a
5729.334	0	2864667	standard_tone	sapo_emerge	standard	n/a	n/a	n/a	n/a	n/a
5730.350	0	2865175	standard_tone	sapo_emerge	standard	n/a	n/a	n/a	n/a	n/a
5731.366	0	2865683	standard_tone	sapo_emerge	standard	n/a	n/a	n/a	n/a	n/a
5732.382	0	2866191	standard_tone	sapo_emerge	standard	n/a	n/a	n/a	n/a	n/a
5733.398	0	2866699	standard_tone	sapo_emerge	standard	n/a	n/a	n/a	n/a	n/a
5734.412	0	2867206	standard_tone	sapo_emerge	standard	n/a	n/a	n/a	n/a	n/a
5735.430	0	2867715	standard_tone	sapo_emerge	standard	n/a	n/a	n/a	n/a	n/a
5736.444	0	2868222	standard_tone	sapo_emerge	standard	n/a	n/a	n/a	n/a	n/a
5737.460	0	2868730	standard_tone	sapo_emerge	standard	n/a	n/a	n/a	n/a	n/a
5738.476	0	2869238	distractor_noise	sapo_emerge	distractor	n/a	n/a	n/a	n/a	n/a
5739.492	0	2869746	oddball_tone	sapo_emerge	oddball	n/a	n/a	n/a	n/a	n/a
5740.508	0	2870254	standard_tone	sapo_emerge	standard	n/a	n/a	n/a	n/a	n/a
5741.524	0	2870762	distractor_noise	sapo_emerge	distractor	n/a	n/a	n/a	n/a	n/a
5742.540	0	2871270	standard_tone	sapo_emerge	standard	n/a	n/a	n/a	n/a	n/a
5743.556	0	2871778	standard_tone	sapo_emerge	standard	n/a	n/a	n/a	n/a	n/a
5744.570	0	2872285	standard_tone	sapo_emerge	standard	n/a	n/a	n/a	n/a	n/a
5745.570	0	2872785	oddball_tone	sapo_emerge	oddball	n/a	n/a	n/a	n/a	n/a
5746.586	0	2873293	standard_tone	sapo_emerge	standard	n/a	n/a	n/a	n/a	n/a
5747.602	0	2873801	standard_tone	sapo_emerge	standard	n/a	n/a	n/a	n/a	n/a
5748.002	0	2874001	silence_end	sapo_emerge	silence-end	n/a	n/a	n/a	n/a	n/a
5748.004	0	2874002	gong_begin	sapo_emerge	gong-begin	n/a	n/a	n/a	n/a	n/a
5748.618	0	2874309	standard_tone	sapo_emerge	standard	n/a	n/a	n/a	n/a	n/a
5749.634	0	2874817	standard_tone	sapo_emerge	standard	n/a	n/a	n/a	n/a	n/a
5750.650	0	2875325	oddball_tone	sapo_emerge	oddball	n/a	n/a	n/a	n/a	n/a
5751.666	0	2875833	standard_tone	sapo_emerge	standard	n/a	n/a	n/a	n/a	n/a
5752.682	0	2876341	oddball_tone	sapo_emerge	oddball	n/a	n/a	n/a	n/a	n/a
5753.696	0	2876848	standard_tone	sapo_emerge	standard	n/a	n/a	n/a	n/a	n/a
5754.712	0	2877356	standard_tone	sapo_emerge	standard	n/a	n/a	n/a	n/a	n/a
5755.712	0	2877856	standard_tone	sapo_emerge	standard	n/a	n/a	n/a	n/a	n/a
5756.728	0	2878364	standard_tone	sapo_emerge	standard	n/a	n/a	n/a	n/a	n/a
5757.744	0	2878872	standard_tone	sapo_emerge	standard	n/a	n/a	n/a	n/a	n/a
5758.010	0	2879005	gong_end	sapo_emerge	gong-end	n/a	n/a	n/a	n/a	n/a
5758.010	0	2879005	subblock_end	sapo_emerge	subblock-end-duration-112.688	n/a	n/a	n/a	112.688	n/a
5758.010	0	2879005	subblock_begin	sapo_emerge	subblock-begin	n/a	n/a	n/a	n/a	n/a
5758.010	0	2879005	silence_begin	sapo_emerge	silence-begin	n/a	n/a	n/a	n/a	n/a
5758.758	0	2879379	standard_tone	sapo_emerge	standard	n/a	n/a	n/a	n/a	n/a
5759.774	0	2879887	oddball_tone	sapo_emerge	oddball	n/a	n/a	n/a	n/a	n/a
5760.790	0	2880395	standard_tone	sapo_emerge	standard	n/a	n/a	n/a	n/a	n/a
5761.806	0	2880903	oddball_tone	sapo_emerge	oddball	n/a	n/a	n/a	n/a	n/a
5762.824	0	2881412	distractor_noise	sapo_emerge	distractor	n/a	n/a	n/a	n/a	n/a
5763.838	0	2881919	standard_tone	sapo_emerge	standard	n/a	n/a	n/a	n/a	n/a
5764.854	0	2882427	standard_tone	sapo_emerge	standard	n/a	n/a	n/a	n/a	n/a
5765.870	0	2882935	oddball_tone	sapo_emerge	oddball	n/a	n/a	n/a	n/a	n/a
5766.886	0	2883443	standard_tone	sapo_emerge	standard	n/a	n/a	n/a	n/a	n/a
5767.902	0	2883951	oddball_tone	sapo_emerge	oddball	n/a	n/a	n/a	n/a	n/a
5768.918	0	2884459	standard_tone	sapo_emerge	standard	n/a	n/a	n/a	n/a	n/a
5769.934	0	2884967	standard_tone	sapo_emerge	standard	n/a	n/a	n/a	n/a	n/a
5770.950	0	2885475	standard_tone	sapo_emerge	standard	n/a	n/a	n/a	n/a	n/a
5771.966	0	2885983	standard_tone	sapo_emerge	standard	n/a	n/a	n/a	n/a	n/a
5772.982	0	2886491	standard_tone	sapo_emerge	standard	n/a	n/a	n/a	n/a	n/a
5773.996	0	2886998	standard_tone	sapo_emerge	standard	n/a	n/a	n/a	n/a	n/a
5774.996	0	2887498	oddball_tone	sapo_emerge	oddball	n/a	n/a	n/a	n/a	n/a
5776.012	0	2888006	standard_tone	sapo_emerge	standard	n/a	n/a	n/a	n/a	n/a
5777.012	0	2888506	standard_tone	sapo_emerge	standard	n/a	n/a	n/a	n/a	n/a
5778.028	0	2889014	standard_tone	sapo_emerge	standard	n/a	n/a	n/a	n/a	n/a
5779.042	0	2889521	standard_tone	sapo_emerge	standard	n/a	n/a	n/a	n/a	n/a
5780.042	0	2890021	standard_tone	sapo_emerge	standard	n/a	n/a	n/a	n/a	n/a
5781.058	0	2890529	standard_tone	sapo_emerge	standard	n/a	n/a	n/a	n/a	n/a
5782.074	0	2891037	standard_tone	sapo_emerge	standard	n/a	n/a	n/a	n/a	n/a
5783.090	0	2891545	standard_tone	sapo_emerge	standard	n/a	n/a	n/a	n/a	n/a
5784.106	0	2892053	oddball_tone	sapo_emerge	oddball	n/a	n/a	n/a	n/a	n/a
5785.120	0	2892560	standard_tone	sapo_emerge	standard	n/a	n/a	n/a	n/a	n/a
5786.136	0	2893068	standard_tone	sapo_emerge	standard	n/a	n/a	n/a	n/a	n/a
5787.154	0	2893577	standard_tone	sapo_emerge	standard	n/a	n/a	n/a	n/a	n/a
5788.170	0	2894085	standard_tone	sapo_emerge	standard	n/a	n/a	n/a	n/a	n/a
5789.184	0	2894592	distractor_noise	sapo_emerge	distractor	n/a	n/a	n/a	n/a	n/a
5790.200	0	2895100	standard_tone	sapo_emerge	standard	n/a	n/a	n/a	n/a	n/a
5791.216	0	2895608	standard_tone	sapo_emerge	standard	n/a	n/a	n/a	n/a	n/a
5792.232	0	2896116	standard_tone	sapo_emerge	standard	n/a	n/a	n/a	n/a	n/a
5793.248	0	2896624	oddball_tone	sapo_emerge	oddball	n/a	n/a	n/a	n/a	n/a
5794.264	0	2897132	standard_tone	sapo_emerge	standard	n/a	n/a	n/a	n/a	n/a
5795.280	0	2897640	distractor_noise	sapo_emerge	distractor	n/a	n/a	n/a	n/a	n/a
5796.294	0	2898147	standard_tone	sapo_emerge	standard	n/a	n/a	n/a	n/a	n/a
5797.310	0	2898655	distractor_noise	sapo_emerge	distractor	n/a	n/a	n/a	n/a	n/a
5798.326	0	2899163	standard_tone	sapo_emerge	standard	n/a	n/a	n/a	n/a	n/a
5799.344	0	2899672	standard_tone	sapo_emerge	standard	n/a	n/a	n/a	n/a	n/a
5800.358	0	2900179	standard_tone	sapo_emerge	standard	n/a	n/a	n/a	n/a	n/a
5801.374	0	2900687	standard_tone	sapo_emerge	standard	n/a	n/a	n/a	n/a	n/a
5802.390	0	2901195	standard_tone	sapo_emerge	standard	n/a	n/a	n/a	n/a	n/a
5803.406	0	2901703	standard_tone	sapo_emerge	standard	n/a	n/a	n/a	n/a	n/a
5804.422	0	2902211	standard_tone	sapo_emerge	standard	n/a	n/a	n/a	n/a	n/a
5805.440	0	2902720	standard_tone	sapo_emerge	standard	n/a	n/a	n/a	n/a	n/a
5806.454	0	2903227	distractor_noise	sapo_emerge	distractor	n/a	n/a	n/a	n/a	n/a
5807.468	0	2903734	oddball_tone	sapo_emerge	oddball	n/a	n/a	n/a	n/a	n/a
5808.486	0	2904243	standard_tone	sapo_emerge	standard	n/a	n/a	n/a	n/a	n/a
5809.500	0	2904750	standard_tone	sapo_emerge	standard	n/a	n/a	n/a	n/a	n/a
5810.516	0	2905258	standard_tone	sapo_emerge	standard	n/a	n/a	n/a	n/a	n/a
5811.532	0	2905766	standard_tone	sapo_emerge	standard	n/a	n/a	n/a	n/a	n/a
5812.548	0	2906274	standard_tone	sapo_emerge	standard	n/a	n/a	n/a	n/a	n/a
5813.564	0	2906782	standard_tone	sapo_emerge	standard	n/a	n/a	n/a	n/a	n/a
5814.564	0	2907282	standard_tone	sapo_emerge	standard	n/a	n/a	n/a	n/a	n/a
5815.580	0	2907790	standard_tone	sapo_emerge	standard	n/a	n/a	n/a	n/a	n/a
5816.594	0	2908297	oddball_tone	sapo_emerge	oddball	n/a	n/a	n/a	n/a	n/a
5817.612	0	2908806	standard_tone	sapo_emerge	standard	n/a	n/a	n/a	n/a	n/a
5818.626	0	2909313	oddball_tone	sapo_emerge	oddball	n/a	n/a	n/a	n/a	n/a
5819.642	0	2909821	distractor_noise	sapo_emerge	distractor	n/a	n/a	n/a	n/a	n/a
5820.658	0	2910329	standard_tone	sapo_emerge	standard	n/a	n/a	n/a	n/a	n/a
5821.674	0	2910837	standard_tone	sapo_emerge	standard	n/a	n/a	n/a	n/a	n/a
5822.690	0	2911345	standard_tone	sapo_emerge	standard	n/a	n/a	n/a	n/a	n/a
5823.706	0	2911853	oddball_tone	sapo_emerge	oddball	n/a	n/a	n/a	n/a	n/a
5824.722	0	2912361	standard_tone	sapo_emerge	standard	n/a	n/a	n/a	n/a	n/a
5825.738	0	2912869	standard_tone	sapo_emerge	standard	n/a	n/a	n/a	n/a	n/a
5826.754	0	2913377	distractor_noise	sapo_emerge	distractor	n/a	n/a	n/a	n/a	n/a
5827.770	0	2913885	standard_tone	sapo_emerge	standard	n/a	n/a	n/a	n/a	n/a
5828.784	0	2914392	standard_tone	sapo_emerge	standard	n/a	n/a	n/a	n/a	n/a
5829.784	0	2914892	standard_tone	sapo_emerge	standard	n/a	n/a	n/a	n/a	n/a
5830.800	0	2915400	distractor_noise	sapo_emerge	distractor	n/a	n/a	n/a	n/a	n/a
5831.814	0	2915907	standard_tone	sapo_emerge	standard	n/a	n/a	n/a	n/a	n/a
5832.814	0	2916407	standard_tone	sapo_emerge	standard	n/a	n/a	n/a	n/a	n/a
5833.830	0	2916915	oddball_tone	sapo_emerge	oddball	n/a	n/a	n/a	n/a	n/a
5834.846	0	2917423	standard_tone	sapo_emerge	standard	n/a	n/a	n/a	n/a	n/a
5835.862	0	2917931	standard_tone	sapo_emerge	standard	n/a	n/a	n/a	n/a	n/a
5836.878	0	2918439	standard_tone	sapo_emerge	standard	n/a	n/a	n/a	n/a	n/a
5837.894	0	2918947	standard_tone	sapo_emerge	standard	n/a	n/a	n/a	n/a	n/a
5838.910	0	2919455	standard_tone	sapo_emerge	standard	n/a	n/a	n/a	n/a	n/a
5839.926	0	2919963	standard_tone	sapo_emerge	standard	n/a	n/a	n/a	n/a	n/a
5840.942	0	2920471	standard_tone	sapo_emerge	standard	n/a	n/a	n/a	n/a	n/a
5841.958	0	2920979	standard_tone	sapo_emerge	standard	n/a	n/a	n/a	n/a	n/a
5842.974	0	2921487	standard_tone	sapo_emerge	standard	n/a	n/a	n/a	n/a	n/a
5843.990	0	2921995	standard_tone	sapo_emerge	standard	n/a	n/a	n/a	n/a	n/a
5845.004	0	2922502	standard_tone	sapo_emerge	standard	n/a	n/a	n/a	n/a	n/a
5846.020	0	2923010	standard_tone	sapo_emerge	standard	n/a	n/a	n/a	n/a	n/a
5847.036	0	2923518	standard_tone	sapo_emerge	standard	n/a	n/a	n/a	n/a	n/a
5848.052	0	2924026	standard_tone	sapo_emerge	standard	n/a	n/a	n/a	n/a	n/a
5849.068	0	2924534	distractor_noise	sapo_emerge	distractor	n/a	n/a	n/a	n/a	n/a
5850.084	0	2925042	standard_tone	sapo_emerge	standard	n/a	n/a	n/a	n/a	n/a
5851.100	0	2925550	standard_tone	sapo_emerge	standard	n/a	n/a	n/a	n/a	n/a
5852.116	0	2926058	standard_tone	sapo_emerge	standard	n/a	n/a	n/a	n/a	n/a
5853.132	0	2926566	standard_tone	sapo_emerge	standard	n/a	n/a	n/a	n/a	n/a
5854.148	0	2927074	standard_tone	sapo_emerge	standard	n/a	n/a	n/a	n/a	n/a
5855.162	0	2927581	standard_tone	sapo_emerge	standard	n/a	n/a	n/a	n/a	n/a
5856.178	0	2928089	standard_tone	sapo_emerge	standard	n/a	n/a	n/a	n/a	n/a
5857.194	0	2928597	standard_tone	sapo_emerge	standard	n/a	n/a	n/a	n/a	n/a
5858.210	0	2929105	standard_tone	sapo_emerge	standard	n/a	n/a	n/a	n/a	n/a
5859.226	0	2929613	standard_tone	sapo_emerge	standard	n/a	n/a	n/a	n/a	n/a
5860.226	0	2930113	distractor_noise	sapo_emerge	distractor	n/a	n/a	n/a	n/a	n/a
5861.242	0	2930621	standard_tone	sapo_emerge	standard	n/a	n/a	n/a	n/a	n/a
5861.974	0	2930987	silence_end	sapo_emerge	silence-end	n/a	n/a	n/a	n/a	n/a
5861.976	0	2930988	gong_begin	sapo_emerge	gong-begin	n/a	n/a	n/a	n/a	n/a
5862.258	0	2931129	standard_tone	sapo_emerge	standard	n/a	n/a	n/a	n/a	n/a
5863.272	0	2931636	standard_tone	sapo_emerge	standard	n/a	n/a	n/a	n/a	n/a
5864.288	0	2932144	standard_tone	sapo_emerge	standard	n/a	n/a	n/a	n/a	n/a
5865.304	0	2932652	standard_tone	sapo_emerge	standard	n/a	n/a	n/a	n/a	n/a
5866.320	0	2933160	standard_tone	sapo_emerge	standard	n/a	n/a	n/a	n/a	n/a
5867.336	0	2933668	standard_tone	sapo_emerge	standard	n/a	n/a	n/a	n/a	n/a
5868.352	0	2934176	oddball_tone	sapo_emerge	oddball	n/a	n/a	n/a	n/a	n/a
5869.368	0	2934684	standard_tone	sapo_emerge	standard	n/a	n/a	n/a	n/a	n/a
5870.384	0	2935192	standard_tone	sapo_emerge	standard	n/a	n/a	n/a	n/a	n/a
5871.400	0	2935700	standard_tone	sapo_emerge	standard	n/a	n/a	n/a	n/a	n/a
5871.982	0	2935991	gong_end	sapo_emerge	gong-end	n/a	n/a	n/a	n/a	n/a
5871.984	0	2935992	subblock_end	sapo_emerge	subblock-end-duration-113.973	n/a	n/a	n/a	113.973	n/a
5871.984	0	2935992	subblock_begin	sapo_emerge	subblock-begin	n/a	n/a	n/a	n/a	n/a
5871.984	0	2935992	silence_begin	sapo_emerge	silence-begin	n/a	n/a	n/a	n/a	n/a
5872.416	0	2936208	standard_tone	sapo_emerge	standard	n/a	n/a	n/a	n/a	n/a
5873.432	0	2936716	oddball_tone	sapo_emerge	oddball	n/a	n/a	n/a	n/a	n/a
5874.448	0	2937224	distractor_noise	sapo_emerge	distractor	n/a	n/a	n/a	n/a	n/a
5875.462	0	2937731	standard_tone	sapo_emerge	standard	n/a	n/a	n/a	n/a	n/a
5876.478	0	2938239	standard_tone	sapo_emerge	standard	n/a	n/a	n/a	n/a	n/a
5877.494	0	2938747	standard_tone	sapo_emerge	standard	n/a	n/a	n/a	n/a	n/a
5878.510	0	2939255	standard_tone	sapo_emerge	standard	n/a	n/a	n/a	n/a	n/a
5879.526	0	2939763	standard_tone	sapo_emerge	standard	n/a	n/a	n/a	n/a	n/a
5880.542	0	2940271	standard_tone	sapo_emerge	standard	n/a	n/a	n/a	n/a	n/a
5881.558	0	2940779	standard_tone	sapo_emerge	standard	n/a	n/a	n/a	n/a	n/a
5882.574	0	2941287	standard_tone	sapo_emerge	standard	n/a	n/a	n/a	n/a	n/a
5883.590	0	2941795	standard_tone	sapo_emerge	standard	n/a	n/a	n/a	n/a	n/a
5884.606	0	2942303	standard_tone	sapo_emerge	standard	n/a	n/a	n/a	n/a	n/a
5885.622	0	2942811	standard_tone	sapo_emerge	standard	n/a	n/a	n/a	n/a	n/a
5886.636	0	2943318	standard_tone	sapo_emerge	standard	n/a	n/a	n/a	n/a	n/a
5887.636	0	2943818	standard_tone	sapo_emerge	standard	n/a	n/a	n/a	n/a	n/a
5888.652	0	2944326	standard_tone	sapo_emerge	standard	n/a	n/a	n/a	n/a	n/a
5889.668	0	2944834	standard_tone	sapo_emerge	standard	n/a	n/a	n/a	n/a	n/a
5890.684	0	2945342	standard_tone	sapo_emerge	standard	n/a	n/a	n/a	n/a	n/a
5891.700	0	2945850	standard_tone	sapo_emerge	standard	n/a	n/a	n/a	n/a	n/a
5892.714	0	2946357	standard_tone	sapo_emerge	standard	n/a	n/a	n/a	n/a	n/a
5893.714	0	2946857	standard_tone	sapo_emerge	standard	n/a	n/a	n/a	n/a	n/a
5894.730	0	2947365	standard_tone	sapo_emerge	standard	n/a	n/a	n/a	n/a	n/a
5895.746	0	2947873	standard_tone	sapo_emerge	standard	n/a	n/a	n/a	n/a	n/a
5896.762	0	2948381	standard_tone	sapo_emerge	standard	n/a	n/a	n/a	n/a	n/a
5897.762	0	2948881	standard_tone	sapo_emerge	standard	n/a	n/a	n/a	n/a	n/a
5898.778	0	2949389	standard_tone	sapo_emerge	standard	n/a	n/a	n/a	n/a	n/a
5899.792	0	2949896	standard_tone	sapo_emerge	standard	n/a	n/a	n/a	n/a	n/a
5900.808	0	2950404	distractor_noise	sapo_emerge	distractor	n/a	n/a	n/a	n/a	n/a
5901.824	0	2950912	standard_tone	sapo_emerge	standard	n/a	n/a	n/a	n/a	n/a
5902.842	0	2951421	standard_tone	sapo_emerge	standard	n/a	n/a	n/a	n/a	n/a
5903.856	0	2951928	standard_tone	sapo_emerge	standard	n/a	n/a	n/a	n/a	n/a
5904.872	0	2952436	standard_tone	sapo_emerge	standard	n/a	n/a	n/a	n/a	n/a
5905.888	0	2952944	oddball_tone	sapo_emerge	oddball	n/a	n/a	n/a	n/a	n/a
5906.904	0	2953452	standard_tone	sapo_emerge	standard	n/a	n/a	n/a	n/a	n/a
5907.920	0	2953960	standard_tone	sapo_emerge	standard	n/a	n/a	n/a	n/a	n/a
5908.934	0	2954467	standard_tone	sapo_emerge	standard	n/a	n/a	n/a	n/a	n/a
5909.950	0	2954975	standard_tone	sapo_emerge	standard	n/a	n/a	n/a	n/a	n/a
5910.966	0	2955483	standard_tone	sapo_emerge	standard	n/a	n/a	n/a	n/a	n/a
5911.982	0	2955991	standard_tone	sapo_emerge	standard	n/a	n/a	n/a	n/a	n/a
5912.998	0	2956499	distractor_noise	sapo_emerge	distractor	n/a	n/a	n/a	n/a	n/a
5914.014	0	2957007	standard_tone	sapo_emerge	standard	n/a	n/a	n/a	n/a	n/a
5915.030	0	2957515	standard_tone	sapo_emerge	standard	n/a	n/a	n/a	n/a	n/a
5916.046	0	2958023	standard_tone	sapo_emerge	standard	n/a	n/a	n/a	n/a	n/a
5917.062	0	2958531	standard_tone	sapo_emerge	standard	n/a	n/a	n/a	n/a	n/a
5918.078	0	2959039	standard_tone	sapo_emerge	standard	n/a	n/a	n/a	n/a	n/a
5919.094	0	2959547	distractor_noise	sapo_emerge	distractor	n/a	n/a	n/a	n/a	n/a
5920.110	0	2960055	standard_tone	sapo_emerge	standard	n/a	n/a	n/a	n/a	n/a
5921.124	0	2960562	standard_tone	sapo_emerge	standard	n/a	n/a	n/a	n/a	n/a
5922.140	0	2961070	oddball_tone	sapo_emerge	oddball	n/a	n/a	n/a	n/a	n/a
5923.158	0	2961579	standard_tone	sapo_emerge	standard	n/a	n/a	n/a	n/a	n/a
5924.156	0	2962078	standard_tone	sapo_emerge	standard	n/a	n/a	n/a	n/a	n/a
5925.170	0	2962585	oddball_tone	sapo_emerge	oddball	n/a	n/a	n/a	n/a	n/a
5926.170	0	2963085	standard_tone	sapo_emerge	standard	n/a	n/a	n/a	n/a	n/a
5927.186	0	2963593	standard_tone	sapo_emerge	standard	n/a	n/a	n/a	n/a	n/a
5928.202	0	2964101	distractor_noise	sapo_emerge	distractor	n/a	n/a	n/a	n/a	n/a
5929.218	0	2964609	oddball_tone	sapo_emerge	oddball	n/a	n/a	n/a	n/a	n/a
5930.234	0	2965117	standard_tone	sapo_emerge	standard	n/a	n/a	n/a	n/a	n/a
5931.250	0	2965625	standard_tone	sapo_emerge	standard	n/a	n/a	n/a	n/a	n/a
5932.266	0	2966133	standard_tone	sapo_emerge	standard	n/a	n/a	n/a	n/a	n/a
5933.282	0	2966641	standard_tone	sapo_emerge	standard	n/a	n/a	n/a	n/a	n/a
5934.298	0	2967149	standard_tone	sapo_emerge	standard	n/a	n/a	n/a	n/a	n/a
5935.314	0	2967657	standard_tone	sapo_emerge	standard	n/a	n/a	n/a	n/a	n/a
5936.330	0	2968165	standard_tone	sapo_emerge	standard	n/a	n/a	n/a	n/a	n/a
5937.346	0	2968673	standard_tone	sapo_emerge	standard	n/a	n/a	n/a	n/a	n/a
5938.360	0	2969180	distractor_noise	sapo_emerge	distractor	n/a	n/a	n/a	n/a	n/a
5939.376	0	2969688	standard_tone	sapo_emerge	standard	n/a	n/a	n/a	n/a	n/a
5940.376	0	2970188	distractor_noise	sapo_emerge	distractor	n/a	n/a	n/a	n/a	n/a
5941.392	0	2970696	standard_tone	sapo_emerge	standard	n/a	n/a	n/a	n/a	n/a
5942.408	0	2971204	standard_tone	sapo_emerge	standard	n/a	n/a	n/a	n/a	n/a
5943.424	0	2971712	standard_tone	sapo_emerge	standard	n/a	n/a	n/a	n/a	n/a
5944.438	0	2972219	standard_tone	sapo_emerge	standard	n/a	n/a	n/a	n/a	n/a
5945.454	0	2972727	standard_tone	sapo_emerge	standard	n/a	n/a	n/a	n/a	n/a
5946.470	0	2973235	standard_tone	sapo_emerge	standard	n/a	n/a	n/a	n/a	n/a
5947.486	0	2973743	standard_tone	sapo_emerge	standard	n/a	n/a	n/a	n/a	n/a
5948.502	0	2974251	standard_tone	sapo_emerge	standard	n/a	n/a	n/a	n/a	n/a
5949.518	0	2974759	distractor_noise	sapo_emerge	distractor	n/a	n/a	n/a	n/a	n/a
5950.534	0	2975267	standard_tone	sapo_emerge	standard	n/a	n/a	n/a	n/a	n/a
5951.550	0	2975775	oddball_tone	sapo_emerge	oddball	n/a	n/a	n/a	n/a	n/a
5952.566	0	2976283	standard_tone	sapo_emerge	standard	n/a	n/a	n/a	n/a	n/a
5953.582	0	2976791	standard_tone	sapo_emerge	standard	n/a	n/a	n/a	n/a	n/a
5954.598	0	2977299	standard_tone	sapo_emerge	standard	n/a	n/a	n/a	n/a	n/a
5955.614	0	2977807	standard_tone	sapo_emerge	standard	n/a	n/a	n/a	n/a	n/a
5956.628	0	2978314	standard_tone	sapo_emerge	standard	n/a	n/a	n/a	n/a	n/a
5957.644	0	2978822	oddball_tone	sapo_emerge	oddball	n/a	n/a	n/a	n/a	n/a
5958.660	0	2979330	standard_tone	sapo_emerge	standard	n/a	n/a	n/a	n/a	n/a
5959.676	0	2979838	oddball_tone	sapo_emerge	oddball	n/a	n/a	n/a	n/a	n/a
5960.692	0	2980346	standard_tone	sapo_emerge	standard	n/a	n/a	n/a	n/a	n/a
5961.708	0	2980854	standard_tone	sapo_emerge	standard	n/a	n/a	n/a	n/a	n/a
5962.724	0	2981362	oddball_tone	sapo_emerge	oddball	n/a	n/a	n/a	n/a	n/a
5963.740	0	2981870	standard_tone	sapo_emerge	standard	n/a	n/a	n/a	n/a	n/a
5964.756	0	2982378	standard_tone	sapo_emerge	standard	n/a	n/a	n/a	n/a	n/a
5965.772	0	2982886	standard_tone	sapo_emerge	standard	n/a	n/a	n/a	n/a	n/a
5966.788	0	2983394	standard_tone	sapo_emerge	standard	n/a	n/a	n/a	n/a	n/a
5967.802	0	2983901	standard_tone	sapo_emerge	standard	n/a	n/a	n/a	n/a	n/a
5968.818	0	2984409	standard_tone	sapo_emerge	standard	n/a	n/a	n/a	n/a	n/a
5969.834	0	2984917	standard_tone	sapo_emerge	standard	n/a	n/a	n/a	n/a	n/a
5970.850	0	2985425	standard_tone	sapo_emerge	standard	n/a	n/a	n/a	n/a	n/a
5971.866	0	2985933	standard_tone	sapo_emerge	standard	n/a	n/a	n/a	n/a	n/a
5972.882	0	2986441	standard_tone	sapo_emerge	standard	n/a	n/a	n/a	n/a	n/a
5973.898	0	2986949	standard_tone	sapo_emerge	standard	n/a	n/a	n/a	n/a	n/a
5974.914	0	2987457	distractor_noise	sapo_emerge	distractor	n/a	n/a	n/a	n/a	n/a
5975.928	0	2987964	standard_tone	sapo_emerge	standard	n/a	n/a	n/a	n/a	n/a
5976.946	0	2988473	standard_tone	sapo_emerge	standard	n/a	n/a	n/a	n/a	n/a
5977.962	0	2988981	standard_tone	sapo_emerge	standard	n/a	n/a	n/a	n/a	n/a
5978.978	0	2989489	standard_tone	sapo_emerge	standard	n/a	n/a	n/a	n/a	n/a
5979.994	0	2989997	standard_tone	sapo_emerge	standard	n/a	n/a	n/a	n/a	n/a
5981.008	0	2990504	distractor_noise	sapo_emerge	distractor	n/a	n/a	n/a	n/a	n/a
5982.024	0	2991012	oddball_tone	sapo_emerge	oddball	n/a	n/a	n/a	n/a	n/a
5983.040	0	2991520	standard_tone	sapo_emerge	standard	n/a	n/a	n/a	n/a	n/a
5984.038	0	2992019	silence_end	sapo_emerge	silence-end	n/a	n/a	n/a	n/a	n/a
5984.056	0	2992028	standard_tone	sapo_emerge	standard	n/a	n/a	n/a	n/a	n/a
5984.322	0	2992161	gong_begin	sapo_emerge	gong-begin	n/a	n/a	n/a	n/a	n/a
5985.076	0	2992538	oddball_tone	sapo_emerge	oddball	n/a	n/a	n/a	n/a	n/a
5986.088	0	2993044	standard_tone	sapo_emerge	standard	n/a	n/a	n/a	n/a	n/a
5987.104	0	2993552	standard_tone	sapo_emerge	standard	n/a	n/a	n/a	n/a	n/a
5988.118	0	2994059	standard_tone	sapo_emerge	standard	n/a	n/a	n/a	n/a	n/a
5989.118	0	2994559	standard_tone	sapo_emerge	standard	n/a	n/a	n/a	n/a	n/a
5990.134	0	2995067	standard_tone	sapo_emerge	standard	n/a	n/a	n/a	n/a	n/a
5991.134	0	2995567	standard_tone	sapo_emerge	standard	n/a	n/a	n/a	n/a	n/a
5992.148	0	2996074	standard_tone	sapo_emerge	standard	n/a	n/a	n/a	n/a	n/a
5993.166	0	2996583	distractor_noise	sapo_emerge	distractor	n/a	n/a	n/a	n/a	n/a
5994.048	0	2997024	gong_end	sapo_emerge	gong-end	n/a	n/a	n/a	n/a	n/a
5994.048	0	2997024	subblock_end	sapo_emerge	subblock-end-duration-122.065	n/a	n/a	n/a	122.065	n/a
5994.050	0	2997025	subblock_begin	sapo_emerge	subblock-begin	n/a	n/a	n/a	n/a	n/a
5994.050	0	2997025	silence_begin	sapo_emerge	silence-begin	n/a	n/a	n/a	n/a	n/a
5994.182	0	2997091	oddball_tone	sapo_emerge	oddball	n/a	n/a	n/a	n/a	n/a
5995.198	0	2997599	standard_tone	sapo_emerge	standard	n/a	n/a	n/a	n/a	n/a
5996.214	0	2998107	distractor_noise	sapo_emerge	distractor	n/a	n/a	n/a	n/a	n/a
5997.228	0	2998614	standard_tone	sapo_emerge	standard	n/a	n/a	n/a	n/a	n/a
5998.244	0	2999122	standard_tone	sapo_emerge	standard	n/a	n/a	n/a	n/a	n/a
5999.260	0	2999630	distractor_noise	sapo_emerge	distractor	n/a	n/a	n/a	n/a	n/a
