onset	duration	sample	trial_type	block	value	depth	confidence	response_time	logged_duration	key
0.000	0	0	clicker_press	n/a	response-received-page_up	n/a	n/a	n/a	n/a	page_up
6.960	0	3480	clicker_press	n/a	response-received-page_up	n/a	n/a	n/a	n/a	page_up
12.638	0	6319	clicker_press	n/a	response-received-page_up	n/a	n/a	n/a	n/a	page_up
18.416	0	9208	clicker_press	n/a	response-received-page_up	n/a	n/a	n/a	n/a	page_up
22.080	0	11040	clicker_press	n/a	response-received-page_up	n/a	n/a	n/a	n/a	page_up
27.708	0	13854	clicker_press	n/a	response-received-page_up	n/a	n/a	n/a	n/a	page_up
32.888	0	16444	clicker_press	n/a	response-received-page_up	n/a	n/a	n/a	n/a	page_up
40.414	0	20207	clicker_press	n/a	response-received-page_up	n/a	n/a	n/a	n/a	page_up
40.434	0	20217	task_begin	n/a	task-begin	n/a	n/a	n/a	n/a	n/a
88.274	0	44137	clicker_press	n/a	response-received-page_down	n/a	n/a	n/a	n/a	page_down
88.292	0	44146	baseline_begin	baseline	baseline-begin	n/a	n/a	n/a	n/a	n/a
388.344	0	194172	baseline_end	baseline	baseline-end	n/a	n/a	n/a	n/a	n/a
460.584	0	230292	clicker_press	n/a	response-received-page_down	n/a	n/a	n/a	n/a	page_down
460.600	0	230300	pre_meditation_begin	pre_meditation	pre-meditation-begin	n/a	n/a	n/a	n/a	n/a
760.634	0	380317	pre_meditation_end	pre_meditation	pre-meditation-end	n/a	n/a	n/a	n/a	n/a
760.634	0	380317	prompt_window_begin	pre_meditation	probe-pre-meditation-begin	n/a	n/a	n/a	n/a	n/a
766.564	0	383282	clicker_press	n/a	response-received-page_up	n/a	n/a	n/a	n/a	page_up
766.978	0	383489	clicker_press	n/a	response-received-page_up	n/a	n/a	n/a	n/a	page_up
769.676	0	384838	depth_rating	pre_meditation	rating-pre-meditation-meditation_depth-2	2	n/a	n/a	n/a	n/a
775.572	0	387786	clicker_press	n/a	response-received-page_up	n/a	n/a	n/a	n/a	page_up
775.872	0	387936	clicker_press	n/a	response-received-page_up	n/a	n/a	n/a	n/a	page_up
776.270	0	388135	clicker_press	n/a	response-received-page_up	n/a	n/a	n/a	n/a	page_up
776.788	0	388394	clicker_press	n/a	response-received-page_up	n/a	n/a	n/a	n/a	page_up
779.784	0	389892	confidence_rating	pre_meditation	rating-pre-meditation-confidence_depth-4	n/a	4	n/a	n/a	n/a
780.800	0	390400	prompt_window_end	pre_meditation	probe-pre-meditation-end	n/a	n/a	n/a	n/a	n/a
866.580	0	433290	clicker_press	n/a	response-received-page_up	n/a	n/a	n/a	n/a	page_up
866.604	0	433302	silent_emerge_begin	silent_emerge	block-nosapo-emerge-begin	n/a	n/a	n/a	n/a	n/a
866.604	0	433302	subblock_begin	silent_emerge	subblock-begin	n/a	n/a	n/a	n/a	n/a
866.604	0	433302	silence_begin	silent_emerge	silence-begin	n/a	n/a	n/a	n/a	n/a
969.628	0	484814	silence_end	silent_emerge	silence-end	n/a	n/a	n/a	n/a	n/a
969.628	0	484814	gong_begin	silent_emerge	gong-begin	n/a	n/a	n/a	n/a	n/a
979.652	0	489826	gong_end	silent_emerge	gong-end	n/a	n/a	n/a	n/a	n/a
979.654	0	489827	subblock_end	silent_emerge	subblock-end-duration-113.05	n/a	n/a	n/a	113.050	n/a
979.654	0	489827	subblock_begin	silent_emerge	subblock-begin	n/a	n/a	n/a	n/a	n/a
979.654	0	489827	silence_begin	silent_emerge	silence-begin	n/a	n/a	n/a	n/a	n/a
982.700	0	491350	clicker_press	silent_emerge	response-received-page_up	n/a	n/a	n/a	n/a	page_up
982.718	0	491359	report_window_begin	silent_emerge	emerge-nosapo-emerge-begin	n/a	n/a	n/a	n/a	n/a
983.666	0	491833	clicker_press	silent_emerge	response-received-page_up	n/a	n/a	n/a	n/a	page_up
986.764	0	493382	depth_rating	silent_emerge	rating-nosapo-emerge-meditation_depth-2	2	n/a	n/a	n/a	n/a
992.694	0	496347	clicker_press	silent_emerge	response-received-page_up	n/a	n/a	n/a	n/a	page_up
993.076	0	496538	clicker_press	silent_emerge	response-received-page_up	n/a	n/a	n/a	n/a	page_up
993.442	0	496721	clicker_press	silent_emerge	response-received-page_up	n/a	n/a	n/a	n/a	page_up
993.806	0	496903	clicker_press	silent_emerge	response-received-page_up	n/a	n/a	n/a	n/a	page_up
996.854	0	498427	confidence_rating	silent_emerge	rating-nosapo-emerge-confidence_depth-4	n/a	4	n/a	n/a	n/a
1000.318	0	500159	report_window_end	silent_emerge	emerge-nosapo-emerge-end	n/a	n/a	n/a	n/a	n/a
1000.320	0	500160	subblock_begin	silent_emerge	subblock-begin	n/a	n/a	n/a	n/a	n/a
1000.320	0	500160	silence_begin	silent_emerge	silence-begin	n/a	n/a	n/a	n/a	n/a
1034.924	0	517462	clicker_press	silent_emerge	response-received-page_up	n/a	n/a	n/a	n/a	page_up
1034.956	0	517478	report_window_begin	silent_emerge	emerge-nosapo-emerge-begin	n/a	n/a	n/a	n/a	n/a
1035.408	0	517704	clicker_press	silent_emerge	response-received-page_up	n/a	n/a	n/a	n/a	page_up
1039.004	0	519502	depth_rating	silent_emerge	rating-nosapo-emerge-meditation_depth-2	2	n/a	n/a	n/a	n/a
1044.848	0	522424	clicker_press	silent_emerge	response-received-page_up	n/a	n/a	n/a	n/a	page_up
1045.182	0	522591	clicker_press	silent_emerge	response-received-page_up	n/a	n/a	n/a	n/a	page_up
1045.548	0	522774	clicker_press	silent_emerge	response-received-page_up	n/a	n/a	n/a	n/a	page_up
1045.964	0	522982	clicker_press	silent_emerge	response-received-page_up	n/a	n/a	n/a	n/a	page_up
1049.046	0	524523	confidence_rating	silent_emerge	rating-nosapo-emerge-confidence_depth-4	n/a	4	n/a	n/a	n/a
1052.576	0	526288	report_window_end	silent_emerge	emerge-nosapo-emerge-end	n/a	n/a	n/a	n/a	n/a
1052.576	0	526288	subblock_begin	silent_emerge	subblock-begin	n/a	n/a	n/a	n/a	n/a
1052.576	0	526288	silence_begin	silent_emerge	silence-begin	n/a	n/a	n/a	n/a	n/a
1165.932	0	582966	clicker_press	silent_emerge	response-received-page_up	n/a	n/a	n/a	n/a	page_up
1165.998	0	582999	report_window_begin	silent_emerge	emerge-nosapo-emerge-begin	n/a	n/a	n/a	n/a	n/a
1166.632	0	583316	clicker_press	silent_emerge	response-received-page_up	n/a	n/a	n/a	n/a	page_up
1170.028	0	585014	depth_rating	silent_emerge	rating-nosapo-emerge-meditation_depth-2	2	n/a	n/a	n/a	n/a
1176.256	0	588128	clicker_press	silent_emerge	response-received-page_up	n/a	n/a	n/a	n/a	page_up
1176.590	0	588295	clicker_press	silent_emerge	response-received-page_up	n/a	n/a	n/a	n/a	page_up
1176.990	0	588495	clicker_press	silent_emerge	response-received-page_up	n/a	n/a	n/a	n/a	page_up
1180.104	0	590052	confidence_rating	silent_emerge	rating-nosapo-emerge-confidence_depth-3	n/a	3	n/a	n/a	n/a
1183.566	0	591783	report_window_end	silent_emerge	emerge-nosapo-emerge-end	n/a	n/a	n/a	n/a	n/a
1183.568	0	591784	subblock_begin	silent_emerge	subblock-begin	n/a	n/a	n/a	n/a	n/a
1183.568	0	591784	silence_begin	silent_emerge	silence-begin	n/a	n/a	n/a	n/a	n/a
1201.852	0	600926	clicker_press	silent_emerge	response-received-page_up	n/a	n/a	n/a	n/a	page_up
1201.918	0	600959	report_window_begin	silent_emerge	emerge-nosapo-emerge-begin	n/a	n/a	n/a	n/a	n/a
1205.948	0	602974	depth_rating	silent_emerge	rating-nosapo-emerge-meditation_depth-1	1	n/a	n/a	n/a	n/a
1211.810	0	605905	clicker_press	silent_emerge	response-received-page_up	n/a	n/a	n/a	n/a	page_up
1212.044	0	606022	clicker_press	silent_emerge	response-received-page_up	n/a	n/a	n/a	n/a	page_up
1212.294	0	606147	clicker_press	silent_emerge	response-received-page_up	n/a	n/a	n/a	n/a	page_up
1212.610	0	606305	clicker_press	silent_emerge	response-received-page_up	n/a	n/a	n/a	n/a	page_up
1212.860	0	606430	clicker_press	silent_emerge	response-received-page_up	n/a	n/a	n/a	n/a	page_up
1216.006	0	608003	confidence_rating	silent_emerge	rating-nosapo-emerge-confidence_depth-5	n/a	5	n/a	n/a	n/a
1219.454	0	609727	report_window_end	silent_emerge	emerge-nosapo-emerge-end	n/a	n/a	n/a	n/a	n/a
1219.454	0	609727	subblock_begin	silent_emerge	subblock-begin	n/a	n/a	n/a	n/a	n/a
1219.454	0	609727	silence_begin	silent_emerge	silence-begin	n/a	n/a	n/a	n/a	n/a
1240.552	0	620276	clicker_press	silent_emerge	response-received-page_up	n/a	n/a	n/a	n/a	page_up
1240.620	0	620310	report_window_begin	silent_emerge	emerge-nosapo-emerge-begin	n/a	n/a	n/a	n/a	n/a
1244.716	0	622358	depth_rating	silent_emerge	rating-nosapo-emerge-meditation_depth-1	1	n/a	n/a	n/a	n/a
1250.444	0	625222	clicker_press	silent_emerge	response-received-page_up	n/a	n/a	n/a	n/a	page_up
1250.728	0	625364	clicker_press	silent_emerge	response-received-page_up	n/a	n/a	n/a	n/a	page_up
1250.994	0	625497	clicker_press	silent_emerge	response-received-page_up	n/a	n/a	n/a	n/a	page_up
1251.260	0	625630	clicker_press	silent_emerge	response-received-page_up	n/a	n/a	n/a	n/a	page_up
1251.582	0	625791	clicker_press	silent_emerge	response-received-page_up	n/a	n/a	n/a	n/a	page_up
1254.758	0	627379	confidence_rating	silent_emerge	rating-nosapo-emerge-confidence_depth-5	n/a	5	n/a	n/a	n/a
1258.188	0	629094	report_window_end	silent_emerge	emerge-nosapo-emerge-end	n/a	n/a	n/a	n/a	n/a
1258.188	0	629094	subblock_begin	silent_emerge	subblock-begin	n/a	n/a	n/a	n/a	n/a
1258.190	0	629095	silence_begin	silent_emerge	silence-begin	n/a	n/a	n/a	n/a	n/a
1311.610	0	655805	clicker_press	silent_emerge	response-received-page_up	n/a	n/a	n/a	n/a	page_up
1311.676	0	655838	report_window_begin	silent_emerge	emerge-nosapo-emerge-begin	n/a	n/a	n/a	n/a	n/a
1315.724	0	657862	depth_rating	silent_emerge	rating-nosapo-emerge-meditation_depth-1	1	n/a	n/a	n/a	n/a
1321.436	0	660718	clicker_press	silent_emerge	response-received-page_up	n/a	n/a	n/a	n/a	page_up
1321.686	0	660843	clicker_press	silent_emerge	response-received-page_up	n/a	n/a	n/a	n/a	page_up
1322.052	0	661026	clicker_press	silent_emerge	response-received-page_up	n/a	n/a	n/a	n/a	page_up
1322.336	0	661168	clicker_press	silent_emerge	response-received-page_up	n/a	n/a	n/a	n/a	page_up
1325.816	0	662908	confidence_rating	silent_emerge	rating-nosapo-emerge-confidence_depth-4	n/a	4	n/a	n/a	n/a
1329.296	0	664648	report_window_end	silent_emerge	emerge-nosapo-emerge-end	n/a	n/a	n/a	n/a	n/a
1329.296	0	664648	subblock_begin	silent_emerge	subblock-begin	n/a	n/a	n/a	n/a	n/a
1329.296	0	664648	silence_begin	silent_emerge	silence-begin	n/a	n/a	n/a	n/a	n/a
1390.762	0	695381	clicker_press	silent_emerge	response-received-page_up	n/a	n/a	n/a	n/a	page_up
1390.780	0	695390	report_window_begin	silent_emerge	emerge-nosapo-emerge-begin	n/a	n/a	n/a	n/a	n/a
1391.062	0	695531	clicker_press	silent_emerge	response-received-page_up	n/a	n/a	n/a	n/a	page_up
1394.792	0	697396	depth_rating	silent_emerge	rating-nosapo-emerge-meditation_depth-2	2	n/a	n/a	n/a	n/a
1400.636	0	700318	clicker_press	silent_emerge	response-received-page_up	n/a	n/a	n/a	n/a	page_up
1401.054	0	700527	clicker_press	silent_emerge	response-received-page_up	n/a	n/a	n/a	n/a	page_up
1401.520	0	700760	clicker_press	silent_emerge	response-received-page_up	n/a	n/a	n/a	n/a	page_up
1404.834	0	702417	confidence_rating	silent_emerge	rating-nosapo-emerge-confidence_depth-3	n/a	3	n/a	n/a	n/a
1408.414	0	704207	report_window_end	silent_emerge	emerge-nosapo-emerge-end	n/a	n/a	n/a	n/a	n/a
1408.414	0	704207	subblock_begin	silent_emerge	subblock-begin	n/a	n/a	n/a	n/a	n/a
1408.414	0	704207	silence_begin	silent_emerge	silence-begin	n/a	n/a	n/a	n/a	n/a
1447.582	0	723791	clicker_press	silent_emerge	response-received-page_up	n/a	n/a	n/a	n/a	page_up
1447.714	0	723857	report_window_begin	silent_emerge	emerge-nosapo-emerge-begin	n/a	n/a	n/a	n/a	n/a
1451.744	0	725872	depth_rating	silent_emerge	rating-nosapo-emerge-meditation_depth-1	1	n/a	n/a	n/a	n/a
1454.808	0	727404	clicker_press	silent_emerge	response-received-page_up	n/a	n/a	n/a	n/a	page_up
1455.324	0	727662	clicker_press	silent_emerge	response-received-page_up	n/a	n/a	n/a	n/a	page_up
1455.924	0	727962	clicker_press	silent_emerge	response-received-page_up	n/a	n/a	n/a	n/a	page_up
1461.802	0	730901	confidence_rating	silent_emerge	rating-nosapo-emerge-confidence_depth-3	n/a	3	n/a	n/a	n/a
1465.284	0	732642	report_window_end	silent_emerge	emerge-nosapo-emerge-end	n/a	n/a	n/a	n/a	n/a
1465.284	0	732642	subblock_begin	silent_emerge	subblock-begin	n/a	n/a	n/a	n/a	n/a
1465.284	0	732642	silence_begin	silent_emerge	silence-begin	n/a	n/a	n/a	n/a	n/a
1547.264	0	773632	clicker_press	silent_emerge	response-received-page_up	n/a	n/a	n/a	n/a	page_up
1547.298	0	773649	report_window_begin	silent_emerge	emerge-nosapo-emerge-begin	n/a	n/a	n/a	n/a	n/a
1547.732	0	773866	clicker_press	silent_emerge	response-received-page_up	n/a	n/a	n/a	n/a	page_up
1548.298	0	774149	clicker_press	silent_emerge	response-received-page_up	n/a	n/a	n/a	n/a	page_up
1551.312	0	775656	depth_rating	silent_emerge	rating-nosapo-emerge-meditation_depth-3	3	n/a	n/a	n/a	n/a
1557.474	0	778737	clicker_press	silent_emerge	response-received-page_up	n/a	n/a	n/a	n/a	page_up
1557.922	0	778961	clicker_press	silent_emerge	response-received-page_up	n/a	n/a	n/a	n/a	page_up
1558.306	0	779153	clicker_press	silent_emerge	response-received-page_up	n/a	n/a	n/a	n/a	page_up
1561.436	0	780718	confidence_rating	silent_emerge	rating-nosapo-emerge-confidence_depth-3	n/a	3	n/a	n/a	n/a
1564.884	0	782442	report_window_end	silent_emerge	emerge-nosapo-emerge-end	n/a	n/a	n/a	n/a	n/a
1564.884	0	782442	subblock_begin	silent_emerge	subblock-begin	n/a	n/a	n/a	n/a	n/a
1564.884	0	782442	silence_begin	silent_emerge	silence-begin	n/a	n/a	n/a	n/a	n/a
1623.502	0	811751	clicker_press	silent_emerge	response-received-page_up	n/a	n/a	n/a	n/a	page_up
1623.518	0	811759	report_window_begin	silent_emerge	emerge-nosapo-emerge-begin	n/a	n/a	n/a	n/a	n/a
1624.068	0	812034	clicker_press	silent_emerge	response-received-page_up	n/a	n/a	n/a	n/a	page_up
1627.532	0	813766	depth_rating	silent_emerge	rating-nosapo-emerge-meditation_depth-2	2	n/a	n/a	n/a	n/a
1633.410	0	816705	clicker_press	silent_emerge	response-received-page_up	n/a	n/a	n/a	n/a	page_up
1633.744	0	816872	clicker_press	silent_emerge	response-received-page_up	n/a	n/a	n/a	n/a	page_up
1634.210	0	817105	clicker_press	silent_emerge	response-received-page_up	n/a	n/a	n/a	n/a	page_up
1637.674	0	818837	confidence_rating	silent_emerge	rating-nosapo-emerge-confidence_depth-3	n/a	3	n/a	n/a	n/a
1641.120	0	820560	report_window_end	silent_emerge	emerge-nosapo-emerge-end	n/a	n/a	n/a	n/a	n/a
1641.120	0	820560	subblock_begin	silent_emerge	subblock-begin	n/a	n/a	n/a	n/a	n/a
1641.122	0	820561	silence_begin	silent_emerge	silence-begin	n/a	n/a	n/a	n/a	n/a
1745.068	0	872534	silence_end	silent_emerge	silence-end	n/a	n/a	n/a	n/a	n/a
1745.084	0	872542	gong_begin	silent_emerge	gong-begin	n/a	n/a	n/a	n/a	n/a
1749.282	0	874641	clicker_press	silent_emerge	response-received-page_up	n/a	n/a	n/a	n/a	page_up
1749.314	0	874657	gong_end	silent_emerge	gong-end	n/a	n/a	n/a	n/a	n/a
1749.314	0	874657	report_window_begin	silent_emerge	emerge-nosapo-emerge-begin	n/a	n/a	n/a	n/a	n/a
1751.478	0	875739	clicker_press	silent_emerge	response-received-page_up	n/a	n/a	n/a	n/a	page_up
1751.696	0	875848	clicker_press	silent_emerge	response-received-page_up	n/a	n/a	n/a	n/a	page_up
1753.360	0	876680	depth_rating	silent_emerge	rating-nosapo-emerge-meditation_depth-3	3	n/a	n/a	n/a	n/a
1759.406	0	879703	clicker_press	silent_emerge	response-received-page_up	n/a	n/a	n/a	n/a	page_up
1759.822	0	879911	clicker_press	silent_emerge	response-received-page_up	n/a	n/a	n/a	n/a	page_up
1760.206	0	880103	clicker_press	silent_emerge	response-received-page_up	n/a	n/a	n/a	n/a	page_up
1763.402	0	881701	confidence_rating	silent_emerge	rating-nosapo-emerge-confidence_depth-3	n/a	3	n/a	n/a	n/a
1766.866	0	883433	report_window_end	silent_emerge	emerge-nosapo-emerge-end	n/a	n/a	n/a	n/a	n/a
1766.868	0	883434	subblock_end	silent_emerge	subblock-end-duration-125.747	n/a	n/a	n/a	125.747	n/a
1766.868	0	883434	subblock_begin	silent_emerge	subblock-begin	n/a	n/a	n/a	n/a	n/a
1766.868	0	883434	silence_begin	silent_emerge	silence-begin	n/a	n/a	n/a	n/a	n/a
1825.500	0	912750	clicker_press	silent_emerge	response-received-page_up	n/a	n/a	n/a	n/a	page_up
1825.534	0	912767	report_window_begin	silent_emerge	emerge-nosapo-emerge-begin	n/a	n/a	n/a	n/a	n/a
1825.900	0	912950	clicker_press	silent_emerge	response-received-page_up	n/a	n/a	n/a	n/a	page_up
1829.564	0	914782	depth_rating	silent_emerge	rating-nosapo-emerge-meditation_depth-2	2	n/a	n/a	n/a	n/a
1835.676	0	917838	clicker_press	silent_emerge	response-received-page_up	n/a	n/a	n/a	n/a	page_up
1836.026	0	918013	clicker_press	silent_emerge	response-received-page_up	n/a	n/a	n/a	n/a	page_up
1836.408	0	918204	clicker_press	silent_emerge	response-received-page_up	n/a	n/a	n/a	n/a	page_up
1836.842	0	918421	clicker_press	silent_emerge	response-received-page_up	n/a	n/a	n/a	n/a	page_up
1839.656	0	919828	confidence_rating	silent_emerge	rating-nosapo-emerge-confidence_depth-4	n/a	4	n/a	n/a	n/a
1843.102	0	921551	report_window_end	silent_emerge	emerge-nosapo-emerge-end	n/a	n/a	n/a	n/a	n/a
1843.104	0	921552	subblock_begin	silent_emerge	subblock-begin	n/a	n/a	n/a	n/a	n/a
1843.104	0	921552	silence_begin	silent_emerge	silence-begin	n/a	n/a	n/a	n/a	n/a
1913.712	0	956856	clicker_press	silent_emerge	response-received-page_up	n/a	n/a	n/a	n/a	page_up
1913.728	0	956864	report_window_begin	silent_emerge	emerge-nosapo-emerge-begin	n/a	n/a	n/a	n/a	n/a
1914.310	0	957155	clicker_press	silent_emerge	response-received-page_up	n/a	n/a	n/a	n/a	page_up
1917.758	0	958879	depth_rating	silent_emerge	rating-nosapo-emerge-meditation_depth-2	2	n/a	n/a	n/a	n/a
1923.702	0	961851	clicker_press	silent_emerge	response-received-page_up	n/a	n/a	n/a	n/a	page_up
1924.170	0	962085	clicker_press	silent_emerge	response-received-page_up	n/a	n/a	n/a	n/a	page_up
1927.816	0	963908	confidence_rating	silent_emerge	rating-nosapo-emerge-confidence_depth-2	n/a	2	n/a	n/a	n/a
1931.330	0	965665	report_window_end	silent_emerge	emerge-nosapo-emerge-end	n/a	n/a	n/a	n/a	n/a
1931.330	0	965665	subblock_begin	silent_emerge	subblock-begin	n/a	n/a	n/a	n/a	n/a
1931.332	0	965666	silence_begin	silent_emerge	silence-begin	n/a	n/a	n/a	n/a	n/a
1977.474	0	988737	clicker_press	silent_emerge	response-received-page_up	n/a	n/a	n/a	n/a	page_up
1977.542	0	988771	report_window_begin	silent_emerge	emerge-nosapo-emerge-begin	n/a	n/a	n/a	n/a	n/a
1977.824	0	988912	clicker_press	silent_emerge	response-received-page_up	n/a	n/a	n/a	n/a	page_up
1981.572	0	990786	depth_rating	silent_emerge	rating-nosapo-emerge-meditation_depth-2	2	n/a	n/a	n/a	n/a
1987.616	0	993808	clicker_press	silent_emerge	response-received-page_up	n/a	n/a	n/a	n/a	page_up
1987.884	0	993942	clicker_press	silent_emerge	response-received-page_up	n/a	n/a	n/a	n/a	page_up
1991.680	0	995840	confidence_rating	silent_emerge	rating-nosapo-emerge-confidence_depth-2	n/a	2	n/a	n/a	n/a
1995.110	0	997555	report_window_end	silent_emerge	emerge-nosapo-emerge-end	n/a	n/a	n/a	n/a	n/a
1995.110	0	997555	subblock_begin	silent_emerge	subblock-begin	n/a	n/a	n/a	n/a	n/a
1995.112	0	997556	silence_begin	silent_emerge	silence-begin	n/a	n/a	n/a	n/a	n/a
2058.008	0	1029004	clicker_press	silent_emerge	response-received-page_up	n/a	n/a	n/a	n/a	page_up
2058.042	0	1029021	report_window_begin	silent_emerge	emerge-nosapo-emerge-begin	n/a	n/a	n/a	n/a	n/a
2058.558	0	1029279	clicker_press	silent_emerge	response-received-page_up	n/a	n/a	n/a	n/a	page_up
2062.138	0	1031069	depth_rating	silent_emerge	rating-nosapo-emerge-meditation_depth-2	2	n/a	n/a	n/a	n/a
2068.150	0	1034075	clicker_press	silent_emerge	response-received-page_up	n/a	n/a	n/a	n/a	page_up
2068.616	0	1034308	clicker_press	silent_emerge	response-received-page_up	n/a	n/a	n/a	n/a	page_up
2072.180	0	1036090	confidence_rating	silent_emerge	rating-nosapo-emerge-confidence_depth-2	n/a	2	n/a	n/a	n/a
2075.776	0	1037888	report_window_end	silent_emerge	emerge-nosapo-emerge-end	n/a	n/a	n/a	n/a	n/a
2075.778	0	1037889	subblock_begin	silent_emerge	subblock-begin	n/a	n/a	n/a	n/a	n/a
2075.778	0	1037889	silence_begin	silent_emerge	silence-begin	n/a	n/a	n/a	n/a	n/a
2146.168	0	1073084	clicker_press	silent_emerge	response-received-page_up	n/a	n/a	n/a	n/a	page_up
2146.186	0	1073093	report_window_begin	silent_emerge	emerge-nosapo-emerge-begin	n/a	n/a	n/a	n/a	n/a
2146.634	0	1073317	clicker_press	silent_emerge	response-received-page_up	n/a	n/a	n/a	n/a	page_up
2150.198	0	1075099	depth_rating	silent_emerge	rating-nosapo-emerge-meditation_depth-2	2	n/a	n/a	n/a	n/a
2153.330	0	1076665	clicker_press	silent_emerge	response-received-page_up	n/a	n/a	n/a	n/a	page_up
2153.996	0	1076998	clicker_press	silent_emerge	response-received-page_up	n/a	n/a	n/a	n/a	page_up
2160.274	0	1080137	confidence_rating	silent_emerge	rating-nosapo-emerge-confidence_depth-2	n/a	2	n/a	n/a	n/a
2163.720	0	1081860	report_window_end	silent_emerge	emerge-nosapo-emerge-end	n/a	n/a	n/a	n/a	n/a
2163.720	0	1081860	subblock_begin	silent_emerge	subblock-begin	n/a	n/a	n/a	n/a	n/a
2163.722	0	1081861	silence_begin	silent_emerge	silence-begin	n/a	n/a	n/a	n/a	n/a
2191.680	0	1095840	clicker_press	silent_emerge	response-received-page_up	n/a	n/a	n/a	n/a	page_up
2191.698	0	1095849	report_window_begin	silent_emerge	emerge-nosapo-emerge-begin	n/a	n/a	n/a	n/a	n/a
2192.246	0	1096123	clicker_press	silent_emerge	response-received-page_up	n/a	n/a	n/a	n/a	page_up
2192.762	0	1096381	clicker_press	silent_emerge	response-received-page_up	n/a	n/a	n/a	n/a	page_up
2195.728	0	1097864	depth_rating	silent_emerge	rating-nosapo-emerge-meditation_depth-3	3	n/a	n/a	n/a	n/a
2198.976	0	1099488	clicker_press	silent_emerge	response-received-page_up	n/a	n/a	n/a	n/a	page_up
2199.774	0	1099887	clicker_press	silent_emerge	response-received-page_up	n/a	n/a	n/a	n/a	page_up
2200.374	0	1100187	clicker_press	silent_emerge	response-received-page_up	n/a	n/a	n/a	n/a	page_up
2205.818	0	1102909	confidence_rating	silent_emerge	rating-nosapo-emerge-confidence_depth-3	n/a	3	n/a	n/a	n/a
2209.398	0	1104699	report_window_end	silent_emerge	emerge-nosapo-emerge-end	n/a	n/a	n/a	n/a	n/a
2209.400	0	1104700	subblock_begin	silent_emerge	subblock-begin	n/a	n/a	n/a	n/a	n/a
2209.400	0	1104700	silence_begin	silent_emerge	silence-begin	n/a	n/a	n/a	n/a	n/a
2240.224	0	1120112	clicker_press	silent_emerge	response-received-page_up	n/a	n/a	n/a	n/a	page_up
2240.256	0	1120128	report_window_begin	silent_emerge	emerge-nosapo-emerge-begin	n/a	n/a	n/a	n/a	n/a
2244.288	0	1122144	depth_rating	silent_emerge	rating-nosapo-emerge-meditation_depth-1	1	n/a	n/a	n/a	n/a
2247.368	0	1123684	clicker_press	silent_emerge	response-received-page_up	n/a	n/a	n/a	n/a	page_up
2247.918	0	1123959	clicker_press	silent_emerge	response-received-page_up	n/a	n/a	n/a	n/a	page_up
2248.518	0	1124259	clicker_press	silent_emerge	response-received-page_up	n/a	n/a	n/a	n/a	page_up
2249.116	0	1124558	clicker_press	silent_emerge	response-received-page_up	n/a	n/a	n/a	n/a	page_up
2254.378	0	1127189	confidence_rating	silent_emerge	rating-nosapo-emerge-confidence_depth-4	n/a	4	n/a	n/a	n/a
2257.926	0	1128963	report_window_end	silent_emerge	emerge-nosapo-emerge-end	n/a	n/a	n/a	n/a	n/a
2257.926	0	1128963	subblock_begin	silent_emerge	subblock-begin	n/a	n/a	n/a	n/a	n/a
2257.926	0	1128963	silence_begin	silent_emerge	silence-begin	n/a	n/a	n/a	n/a	n/a
2286.120	0	1143060	clicker_press	silent_emerge	response-received-page_up	n/a	n/a	n/a	n/a	page_up
2286.136	0	1143068	report_window_begin	silent_emerge	emerge-nosapo-emerge-begin	n/a	n/a	n/a	n/a	n/a
2290.166	0	1145083	depth_rating	silent_emerge	rating-nosapo-emerge-meditation_depth-1	1	n/a	n/a	n/a	n/a
2294.062	0	1147031	clicker_press	silent_emerge	response-received-page_up	n/a	n/a	n/a	n/a	page_up
2294.528	0	1147264	clicker_press	silent_emerge	response-received-page_up	n/a	n/a	n/a	n/a	page_up
2295.078	0	1147539	clicker_press	silent_emerge	response-received-page_up	n/a	n/a	n/a	n/a	page_up
2295.612	0	1147806	clicker_press	silent_emerge	response-received-page_up	n/a	n/a	n/a	n/a	page_up
2300.224	0	1150112	confidence_rating	silent_emerge	rating-nosapo-emerge-confidence_depth-4	n/a	4	n/a	n/a	n/a
2303.688	0	1151844	report_window_end	silent_emerge	emerge-nosapo-emerge-end	n/a	n/a	n/a	n/a	n/a
2303.688	0	1151844	subblock_begin	silent_emerge	subblock-begin	n/a	n/a	n/a	n/a	n/a
2303.688	0	1151844	silence_begin	silent_emerge	silence-begin	n/a	n/a	n/a	n/a	n/a
2354.378	0	1177189	clicker_press	silent_emerge	response-received-page_up	n/a	n/a	n/a	n/a	page_up
2354.446	0	1177223	report_window_begin	silent_emerge	emerge-nosapo-emerge-begin	n/a	n/a	n/a	n/a	n/a
2354.728	0	1177364	clicker_press	silent_emerge	response-received-page_up	n/a	n/a	n/a	n/a	page_up
2358.476	0	1179238	depth_rating	silent_emerge	rating-nosapo-emerge-meditation_depth-2	2	n/a	n/a	n/a	n/a
2362.472	0	1181236	clicker_press	silent_emerge	response-received-page_up	n/a	n/a	n/a	n/a	page_up
2363.004	0	1181502	clicker_press	silent_emerge	response-received-page_up	n/a	n/a	n/a	n/a	page_up
2363.604	0	1181802	clicker_press	silent_emerge	response-received-page_up	n/a	n/a	n/a	n/a	page_up
2368.734	0	1184367	confidence_rating	silent_emerge	rating-nosapo-emerge-confidence_depth-3	n/a	3	n/a	n/a	n/a
2372.280	0	1186140	report_window_end	silent_emerge	emerge-nosapo-emerge-end	n/a	n/a	n/a	n/a	n/a
2372.282	0	1186141	subblock_begin	silent_emerge	subblock-begin	n/a	n/a	n/a	n/a	n/a
2372.282	0	1186141	silence_begin	silent_emerge	silence-begin	n/a	n/a	n/a	n/a	n/a
2410.448	0	1205224	clicker_press	silent_emerge	response-received-page_up	n/a	n/a	n/a	n/a	page_up
2410.482	0	1205241	report_window_begin	silent_emerge	emerge-nosapo-emerge-begin	n/a	n/a	n/a	n/a	n/a
2410.882	0	1205441	clicker_press	silent_emerge	response-received-page_up	n/a	n/a	n/a	n/a	page_up
2414.528	0	1207264	depth_rating	silent_emerge	rating-nosapo-emerge-meditation_depth-2	2	n/a	n/a	n/a	n/a
2417.244	0	1208622	clicker_press	silent_emerge	response-received-page_up	n/a	n/a	n/a	n/a	page_up
2417.842	0	1208921	clicker_press	silent_emerge	response-received-page_up	n/a	n/a	n/a	n/a	page_up
2424.570	0	1212285	confidence_rating	silent_emerge	rating-nosapo-emerge-confidence_depth-2	n/a	2	n/a	n/a	n/a
2428.118	0	1214059	report_window_end	silent_emerge	emerge-nosapo-emerge-end	n/a	n/a	n/a	n/a	n/a
2428.118	0	1214059	subblock_begin	silent_emerge	subblock-begin	n/a	n/a	n/a	n/a	n/a
2428.118	0	1214059	silence_begin	silent_emerge	silence-begin	n/a	n/a	n/a	n/a	n/a
2452.182	0	1226091	clicker_press	silent_emerge	response-received-page_up	n/a	n/a	n/a	n/a	page_up
2452.198	0	1226099	report_window_begin	silent_emerge	emerge-nosapo-emerge-begin	n/a	n/a	n/a	n/a	n/a
2452.698	0	1226349	clicker_press	silent_emerge	response-received-page_up	n/a	n/a	n/a	n/a	page_up
2456.212	0	1228106	depth_rating	silent_emerge	rating-nosapo-emerge-meditation_depth-2	2	n/a	n/a	n/a	n/a
2458.426	0	1229213	clicker_press	silent_emerge	response-received-page_up	n/a	n/a	n/a	n/a	page_up
2459.126	0	1229563	clicker_press	silent_emerge	response-received-page_up	n/a	n/a	n/a	n/a	page_up
2459.826	0	1229913	clicker_press	silent_emerge	response-received-page_up	n/a	n/a	n/a	n/a	page_up
2460.458	0	1230229	clicker_press	silent_emerge	response-received-page_up	n/a	n/a	n/a	n/a	page_up
2466.302	0	1233151	confidence_rating	silent_emerge	rating-nosapo-emerge-confidence_depth-4	n/a	4	n/a	n/a	n/a
2469.816	0	1234908	report_window_end	silent_emerge	emerge-nosapo-emerge-end	n/a	n/a	n/a	n/a	n/a
2469.818	0	1234909	subblock_begin	silent_emerge	subblock-begin	n/a	n/a	n/a	n/a	n/a
2469.818	0	1234909	silence_begin	silent_emerge	silence-begin	n/a	n/a	n/a	n/a	n/a
2533.580	0	1266790	clicker_press	silent_emerge	response-received-page_up	n/a	n/a	n/a	n/a	page_up
2533.614	0	1266807	report_window_begin	silent_emerge	emerge-nosapo-emerge-begin	n/a	n/a	n/a	n/a	n/a
2534.046	0	1267023	clicker_press	silent_emerge	response-received-page_up	n/a	n/a	n/a	n/a	page_up
2534.464	0	1267232	clicker_press	silent_emerge	response-received-page_up	n/a	n/a	n/a	n/a	page_up
2537.694	0	1268847	depth_rating	silent_emerge	rating-nosapo-emerge-meditation_depth-3	3	n/a	n/a	n/a	n/a
2539.842	0	1269921	clicker_press	silent_emerge	response-received-page_up	n/a	n/a	n/a	n/a	page_up
2540.308	0	1270154	clicker_press	silent_emerge	response-received-page_up	n/a	n/a	n/a	n/a	page_up
2540.808	0	1270404	clicker_press	silent_emerge	response-received-page_up	n/a	n/a	n/a	n/a	page_up
2547.770	0	1273885	confidence_rating	silent_emerge	rating-nosapo-emerge-confidence_depth-3	n/a	3	n/a	n/a	n/a
2551.250	0	1275625	report_window_end	silent_emerge	emerge-nosapo-emerge-end	n/a	n/a	n/a	n/a	n/a
2551.250	0	1275625	subblock_begin	silent_emerge	subblock-begin	n/a	n/a	n/a	n/a	n/a
2551.250	0	1275625	silence_begin	silent_emerge	silence-begin	n/a	n/a	n/a	n/a	n/a
2574.846	0	1287423	clicker_press	silent_emerge	response-received-page_up	n/a	n/a	n/a	n/a	page_up
2574.896	0	1287448	report_window_begin	silent_emerge	emerge-nosapo-emerge-begin	n/a	n/a	n/a	n/a	n/a
2578.926	0	1289463	depth_rating	silent_emerge	rating-nosapo-emerge-meditation_depth-1	1	n/a	n/a	n/a	n/a
2584.738	0	1292369	clicker_press	silent_emerge	response-received-page_up	n/a	n/a	n/a	n/a	page_up
2585.088	0	1292544	clicker_press	silent_emerge	response-received-page_up	n/a	n/a	n/a	n/a	page_up
2585.454	0	1292727	clicker_press	silent_emerge	response-received-page_up	n/a	n/a	n/a	n/a	page_up
2585.836	0	1292918	clicker_press	silent_emerge	response-received-page_up	n/a	n/a	n/a	n/a	page_up
2589.050	0	1294525	confidence_rating	silent_emerge	rating-nosapo-emerge-confidence_depth-4	n/a	4	n/a	n/a	n/a
2592.514	0	1296257	report_window_end	silent_emerge	emerge-nosapo-emerge-end	n/a	n/a	n/a	n/a	n/a
2592.516	0	1296258	subblock_begin	silent_emerge	subblock-begin	n/a	n/a	n/a	n/a	n/a
2592.516	0	1296258	silence_begin	silent_emerge	silence-begin	n/a	n/a	n/a	n/a	n/a
2607.102	0	1303551	clicker_press	silent_emerge	response-received-page_up	n/a	n/a	n/a	n/a	page_up
2607.202	0	1303601	report_window_begin	silent_emerge	emerge-nosapo-emerge-begin	n/a	n/a	n/a	n/a	n/a
2611.248	0	1305624	depth_rating	silent_emerge	rating-nosapo-emerge-meditation_depth-1	1	n/a	n/a	n/a	n/a
2615.362	0	1307681	clicker_press	silent_emerge	response-received-page_up	n/a	n/a	n/a	n/a	page_up
2615.812	0	1307906	clicker_press	silent_emerge	response-received-page_up	n/a	n/a	n/a	n/a	page_up
2616.346	0	1308173	clicker_press	silent_emerge	response-received-page_up	n/a	n/a	n/a	n/a	page_up
2616.810	0	1308405	clicker_press	silent_emerge	response-received-page_up	n/a	n/a	n/a	n/a	page_up
2617.444	0	1308722	clicker_press	silent_emerge	response-received-page_up	n/a	n/a	n/a	n/a	page_up
2621.374	0	1310687	confidence_rating	silent_emerge	rating-nosapo-emerge-confidence_depth-5	n/a	5	n/a	n/a	n/a
2624.854	0	1312427	report_window_end	silent_emerge	emerge-nosapo-emerge-end	n/a	n/a	n/a	n/a	n/a
2624.856	0	1312428	subblock_begin	silent_emerge	subblock-begin	n/a	n/a	n/a	n/a	n/a
2624.856	0	1312428	silence_begin	silent_emerge	silence-begin	n/a	n/a	n/a	n/a	n/a
2660.208	0	1330104	clicker_press	silent_emerge	response-received-page_up	n/a	n/a	n/a	n/a	page_up
2660.226	0	1330113	report_window_begin	silent_emerge	emerge-nosapo-emerge-begin	n/a	n/a	n/a	n/a	n/a
2660.626	0	1330313	clicker_press	silent_emerge	response-received-page_up	n/a	n/a	n/a	n/a	page_up
2664.238	0	1332119	depth_rating	silent_emerge	rating-nosapo-emerge-meditation_depth-2	2	n/a	n/a	n/a	n/a
2667.220	0	1333610	clicker_press	silent_emerge	response-received-page_up	n/a	n/a	n/a	n/a	page_up
2667.786	0	1333893	clicker_press	silent_emerge	response-received-page_up	n/a	n/a	n/a	n/a	page_up
2668.218	0	1334109	clicker_press	silent_emerge	response-received-page_up	n/a	n/a	n/a	n/a	page_up
2668.768	0	1334384	clicker_press	silent_emerge	response-received-page_up	n/a	n/a	n/a	n/a	page_up
2674.330	0	1337165	confidence_rating	silent_emerge	rating-nosapo-emerge-confidence_depth-4	n/a	4	n/a	n/a	n/a
2677.828	0	1338914	report_window_end	silent_emerge	emerge-nosapo-emerge-end	n/a	n/a	n/a	n/a	n/a
2677.828	0	1338914	subblock_begin	silent_emerge	subblock-begin	n/a	n/a	n/a	n/a	n/a
2677.828	0	1338914	silence_begin	silent_emerge	silence-begin	n/a	n/a	n/a	n/a	n/a
2707.818	0	1353909	clicker_press	silent_emerge	response-received-page_up	n/a	n/a	n/a	n/a	page_up
2707.968	0	1353984	report_window_begin	silent_emerge	emerge-nosapo-emerge-begin	n/a	n/a	n/a	n/a	n/a
2712.032	0	1356016	depth_rating	silent_emerge	rating-nosapo-emerge-meditation_depth-1	1	n/a	n/a	n/a	n/a
2714.296	0	1357148	clicker_press	silent_emerge	response-received-page_up	n/a	n/a	n/a	n/a	page_up
2714.796	0	1357398	clicker_press	silent_emerge	response-received-page_up	n/a	n/a	n/a	n/a	page_up
2715.330	0	1357665	clicker_press	silent_emerge	response-received-page_up	n/a	n/a	n/a	n/a	page_up
2715.878	0	1357939	clicker_press	silent_emerge	response-received-page_up	n/a	n/a	n/a	n/a	page_up
2722.124	0	1361062	confidence_rating	silent_emerge	rating-nosapo-emerge-confidence_depth-4	n/a	4	n/a	n/a	n/a
2725.604	0	1362802	report_window_end	silent_emerge	emerge-nosapo-emerge-end	n/a	n/a	n/a	n/a	n/a
2725.604	0	1362802	subblock_begin	silent_emerge	subblock-begin	n/a	n/a	n/a	n/a	n/a
2725.606	0	1362803	silence_begin	silent_emerge	silence-begin	n/a	n/a	n/a	n/a	n/a
2776.296	0	1388148	clicker_press	silent_emerge	response-received-page_up	n/a	n/a	n/a	n/a	page_up
2776.312	0	1388156	report_window_begin	silent_emerge	emerge-nosapo-emerge-begin	n/a	n/a	n/a	n/a	n/a
2776.746	0	1388373	clicker_press	silent_emerge	response-received-page_up	n/a	n/a	n/a	n/a	page_up
2780.392	0	1390196	depth_rating	silent_emerge	rating-nosapo-emerge-meditation_depth-2	2	n/a	n/a	n/a	n/a
2783.440	0	1391720	clicker_press	silent_emerge	response-received-page_up	n/a	n/a	n/a	n/a	page_up
2783.790	0	1391895	clicker_press	silent_emerge	response-received-page_up	n/a	n/a	n/a	n/a	page_up
2790.468	0	1395234	confidence_rating	silent_emerge	rating-nosapo-emerge-confidence_depth-2	n/a	2	n/a	n/a	n/a
2793.914	0	1396957	report_window_end	silent_emerge	emerge-nosapo-emerge-end	n/a	n/a	n/a	n/a	n/a
2793.914	0	1396957	subblock_begin	silent_emerge	subblock-begin	n/a	n/a	n/a	n/a	n/a
2793.916	0	1396958	silence_begin	silent_emerge	silence-begin	n/a	n/a	n/a	n/a	n/a
2815.046	0	1407523	clicker_press	silent_emerge	response-received-page_up	n/a	n/a	n/a	n/a	page_up
2815.064	0	1407532	report_window_begin	silent_emerge	emerge-nosapo-emerge-begin	n/a	n/a	n/a	n/a	n/a
2819.076	0	1409538	depth_rating	silent_emerge	rating-nosapo-emerge-meditation_depth-1	1	n/a	n/a	n/a	n/a
2820.758	0	1410379	clicker_press	silent_emerge	response-received-page_up	n/a	n/a	n/a	n/a	page_up
2821.192	0	1410596	clicker_press	silent_emerge	response-received-page_up	n/a	n/a	n/a	n/a	page_up
2821.624	0	1410812	clicker_press	silent_emerge	response-received-page_up	n/a	n/a	n/a	n/a	page_up
2822.124	0	1411062	clicker_press	silent_emerge	response-received-page_up	n/a	n/a	n/a	n/a	page_up
2822.608	0	1411304	clicker_press	silent_emerge	response-received-page_up	n/a	n/a	n/a	n/a	page_up
2829.118	0	1414559	confidence_rating	silent_emerge	rating-nosapo-emerge-confidence_depth-5	n/a	5	n/a	n/a	n/a
2832.566	0	1416283	report_window_end	silent_emerge	emerge-nosapo-emerge-end	n/a	n/a	n/a	n/a	n/a
2832.566	0	1416283	subblock_begin	silent_emerge	subblock-begin	n/a	n/a	n/a	n/a	n/a
2832.566	0	1416283	silence_begin	silent_emerge	silence-begin	n/a	n/a	n/a	n/a	n/a
2929.202	0	1464601	clicker_press	silent_emerge	response-received-page_up	n/a	n/a	n/a	n/a	page_up
2929.218	0	1464609	report_window_begin	silent_emerge	emerge-nosapo-emerge-begin	n/a	n/a	n/a	n/a	n/a
2929.586	0	1464793	clicker_press	silent_emerge	response-received-page_up	n/a	n/a	n/a	n/a	page_up
2933.266	0	1466633	depth_rating	silent_emerge	rating-nosapo-emerge-meditation_depth-2	2	n/a	n/a	n/a	n/a
2936.396	0	1468198	clicker_press	silent_emerge	response-received-page_up	n/a	n/a	n/a	n/a	page_up
2936.780	0	1468390	clicker_press	silent_emerge	response-received-page_up	n/a	n/a	n/a	n/a	page_up
2937.228	0	1468614	clicker_press	silent_emerge	response-received-page_up	n/a	n/a	n/a	n/a	page_up
2943.340	0	1471670	confidence_rating	silent_emerge	rating-nosapo-emerge-confidence_depth-3	n/a	3	n/a	n/a	n/a
2946.788	0	1473394	report_window_end	silent_emerge	emerge-nosapo-emerge-end	n/a	n/a	n/a	n/a	n/a
2946.788	0	1473394	subblock_begin	silent_emerge	subblock-begin	n/a	n/a	n/a	n/a	n/a
2946.788	0	1473394	silence_begin	silent_emerge	silence-begin	n/a	n/a	n/a	n/a	n/a
2966.788	0	1483394	silent_emerge_end	silent_emerge	block-nosapo-emerge-end	n/a	n/a	n/a	n/a	n/a
2966.788	0	1483394	block_duration	silent_emerge	block-nosapo-emerge-duration-2100	n/a	n/a	n/a	2100.000	n/a
2966.788	0	1483394	break_begin	break	break-begin	n/a	n/a	n/a	n/a	n/a
3111.966	0	1555983	clicker_press	break	response-received-enter	n/a	n/a	n/a	n/a	enter
3112.000	0	1556000	break_end	break	break-end	n/a	n/a	n/a	n/a	n/a
3170.768	0	1585384	clicker_press	n/a	response-received-page_up	n/a	n/a	n/a	n/a	page_up
3170.936	0	1585468	active_oddball_begin	active_oddball	active-oddball-begin	n/a	n/a	n/a	n/a	n/a
3170.944	0	1585472	standard_tone	active_oddball	standard	n/a	n/a	n/a	n/a	n/a
3171.968	0	1585984	oddball_tone	active_oddball	oddball	n/a	n/a	n/a	n/a	n/a
3173.034	0	1586517	standard_tone	active_oddball	standard	n/a	n/a	n/a	n/a	n/a
3174.082	0	1587041	standard_tone	active_oddball	standard	n/a	n/a	n/a	n/a	n/a
3175.098	0	1587549	standard_tone	active_oddball	standard	n/a	n/a	n/a	n/a	n/a
3176.114	0	1588057	distractor_noise	active_oddball	distractor	n/a	n/a	n/a	n/a	n/a
3177.146	0	1588573	oddball_tone	active_oddball	oddball	n/a	n/a	n/a	n/a	n/a
3177.796	0	1588898	clicker_press	active_oddball	response-received-page_up	n/a	n/a	n/a	n/a	page_up
3177.846	0	1588923	oddball_response	active_oddball	active-oddball-button-press-643ms	n/a	n/a	0.643	n/a	n/a
3178.196	0	1589098	standard_tone	active_oddball	standard	n/a	n/a	n/a	n/a	n/a
3179.260	0	1589630	oddball_tone	active_oddball	oddball	n/a	n/a	n/a	n/a	n/a
3180.160	0	1590080	clicker_press	active_oddball	response-received-page_up	n/a	n/a	n/a	n/a	page_up
3180.194	0	1590097	oddball_response	active_oddball	active-oddball-button-press-894ms	n/a	n/a	0.894	n/a	n/a
3180.294	0	1590147	standard_tone	active_oddball	standard	n/a	n/a	n/a	n/a	n/a
3181.342	0	1590671	standard_tone	active_oddball	standard	n/a	n/a	n/a	n/a	n/a
3182.358	0	1591179	standard_tone	active_oddball	standard	n/a	n/a	n/a	n/a	n/a
3183.374	0	1591687	standard_tone	active_oddball	standard	n/a	n/a	n/a	n/a	n/a
3184.408	0	1592204	standard_tone	active_oddball	standard	n/a	n/a	n/a	n/a	n/a
3185.422	0	1592711	distractor_noise	active_oddball	distractor	n/a	n/a	n/a	n/a	n/a
3186.072	0	1593036	clicker_press	active_oddball	response-received-page_up	n/a	n/a	n/a	n/a	page_up
3186.090	0	1593045	oddball_response	active_oddball	active-oddball-button-press-643ms	n/a	n/a	0.643	n/a	n/a
3186.456	0	1593228	standard_tone	active_oddball	standard	n/a	n/a	n/a	n/a	n/a
3187.472	0	1593736	standard_tone	active_oddball	standard	n/a	n/a	n/a	n/a	n/a
3188.586	0	1594293	standard_tone	active_oddball	standard	n/a	n/a	n/a	n/a	n/a
3189.602	0	1594801	standard_tone	active_oddball	standard	n/a	n/a	n/a	n/a	n/a
3190.618	0	1595309	distractor_noise	active_oddball	distractor	n/a	n/a	n/a	n/a	n/a
3191.650	0	1595825	standard_tone	active_oddball	standard	n/a	n/a	n/a	n/a	n/a
3192.734	0	1596367	standard_tone	active_oddball	standard	n/a	n/a	n/a	n/a	n/a
3193.782	0	1596891	standard_tone	active_oddball	standard	n/a	n/a	n/a	n/a	n/a
3194.832	0	1597416	standard_tone	active_oddball	standard	n/a	n/a	n/a	n/a	n/a
3195.930	0	1597965	standard_tone	active_oddball	standard	n/a	n/a	n/a	n/a	n/a
3197.046	0	1598523	standard_tone	active_oddball	standard	n/a	n/a	n/a	n/a	n/a
3198.062	0	1599031	standard_tone	active_oddball	standard	n/a	n/a	n/a	n/a	n/a
3199.128	0	1599564	oddball_tone	active_oddball	oddball	n/a	n/a	n/a	n/a	n/a
3199.944	0	1599972	clicker_press	active_oddball	response-received-page_up	n/a	n/a	n/a	n/a	page_up
3199.960	0	1599980	oddball_response	active_oddball	active-oddball-button-press-808ms	n/a	n/a	0.808	n/a	n/a
3200.144	0	1600072	standard_tone	active_oddball	standard	n/a	n/a	n/a	n/a	n/a
3201.210	0	1600605	standard_tone	active_oddball	standard	n/a	n/a	n/a	n/a	n/a
3202.226	0	1601113	standard_tone	active_oddball	standard	n/a	n/a	n/a	n/a	n/a
3203.242	0	1601621	distractor_noise	active_oddball	distractor	n/a	n/a	n/a	n/a	n/a
3204.256	0	1602128	standard_tone	active_oddball	standard	n/a	n/a	n/a	n/a	n/a
3205.274	0	1602637	standard_tone	active_oddball	standard	n/a	n/a	n/a	n/a	n/a
3206.288	0	1603144	distractor_noise	active_oddball	distractor	n/a	n/a	n/a	n/a	n/a
3207.322	0	1603661	standard_tone	active_oddball	standard	n/a	n/a	n/a	n/a	n/a
3208.336	0	1604168	standard_tone	active_oddball	standard	n/a	n/a	n/a	n/a	n/a
3209.352	0	1604676	standard_tone	active_oddball	standard	n/a	n/a	n/a	n/a	n/a
3210.418	0	1605209	standard_tone	active_oddball	standard	n/a	n/a	n/a	n/a	n/a
3211.452	0	1605726	standard_tone	active_oddball	standard	n/a	n/a	n/a	n/a	n/a
3212.484	0	1606242	standard_tone	active_oddball	standard	n/a	n/a	n/a	n/a	n/a
3213.516	0	1606758	standard_tone	active_oddball	standard	n/a	n/a	n/a	n/a	n/a
3214.532	0	1607266	standard_tone	active_oddball	standard	n/a	n/a	n/a	n/a	n/a
3215.630	0	1607815	standard_tone	active_oddball	standard	n/a	n/a	n/a	n/a	n/a
3216.714	0	1608357	distractor_noise	active_oddball	distractor	n/a	n/a	n/a	n/a	n/a
3217.762	0	1608881	standard_tone	active_oddball	standard	n/a	n/a	n/a	n/a	n/a
3218.778	0	1609389	standard_tone	active_oddball	standard	n/a	n/a	n/a	n/a	n/a
3219.794	0	1609897	standard_tone	active_oddball	standard	n/a	n/a	n/a	n/a	n/a
3220.826	0	1610413	oddball_tone	active_oddball	oddball	n/a	n/a	n/a	n/a	n/a
3221.794	0	1610897	clicker_press	active_oddball	response-received-page_up	n/a	n/a	n/a	n/a	page_up
3221.826	0	1610913	oddball_response	active_oddball	active-oddball-button-press-960ms	n/a	n/a	0.960	n/a	n/a
3221.926	0	1610963	standard_tone	active_oddball	standard	n/a	n/a	n/a	n/a	n/a
3222.992	0	1611496	standard_tone	active_oddball	standard	n/a	n/a	n/a	n/a	n/a
3224.024	0	1612012	standard_tone	active_oddball	standard	n/a	n/a	n/a	n/a	n/a
3225.040	0	1612520	distractor_noise	active_oddball	distractor	n/a	n/a	n/a	n/a	n/a
3226.072	0	1613036	standard_tone	active_oddball	standard	n/a	n/a	n/a	n/a	n/a
3227.122	0	1613561	standard_tone	active_oddball	standard	n/a	n/a	n/a	n/a	n/a
3228.138	0	1614069	standard_tone	active_oddball	standard	n/a	n/a	n/a	n/a	n/a
3229.170	0	1614585	standard_tone	active_oddball	standard	n/a	n/a	n/a	n/a	n/a
3230.236	0	1615118	oddball_tone	active_oddball	oddball	n/a	n/a	n/a	n/a	n/a
3231.284	0	1615642	standard_tone	active_oddball	standard	n/a	n/a	n/a	n/a	n/a
3231.302	0	1615651	clicker_press	active_oddball	response-received-page_up	n/a	n/a	n/a	n/a	page_up
3231.318	0	1615659	oddball_response	active_oddball	active-oddball-button-press-9ms	n/a	n/a	0.009	n/a	n/a
3232.316	0	1616158	standard_tone	active_oddball	standard	n/a	n/a	n/a	n/a	n/a
3233.450	0	1616725	standard_tone	active_oddball	standard	n/a	n/a	n/a	n/a	n/a
3234.466	0	1617233	standard_tone	active_oddball	standard	n/a	n/a	n/a	n/a	n/a
3235.498	0	1617749	oddball_tone	active_oddball	oddball	n/a	n/a	n/a	n/a	n/a
3236.514	0	1618257	standard_tone	active_oddball	standard	n/a	n/a	n/a	n/a	n/a
3236.630	0	1618315	clicker_press	active_oddball	response-received-page_up	n/a	n/a	n/a	n/a	page_up
3236.664	0	1618332	oddball_response	active_oddball	active-oddball-button-press-110ms	n/a	n/a	0.110	n/a	n/a
3237.646	0	1618823	standard_tone	active_oddball	standard	n/a	n/a	n/a	n/a	n/a
3238.696	0	1619348	standard_tone	active_oddball	standard	n/a	n/a	n/a	n/a	n/a
3239.744	0	1619872	standard_tone	active_oddball	standard	n/a	n/a	n/a	n/a	n/a
3240.844	0	1620422	standard_tone	active_oddball	standard	n/a	n/a	n/a	n/a	n/a
3241.858	0	1620929	oddball_tone	active_oddball	oddball	n/a	n/a	n/a	n/a	n/a
3242.908	0	1621454	standard_tone	active_oddball	standard	n/a	n/a	n/a	n/a	n/a
3242.992	0	1621496	clicker_press	active_oddball	response-received-page_up	n/a	n/a	n/a	n/a	page_up
3243.008	0	1621504	oddball_response	active_oddball	active-oddball-button-press-77ms	n/a	n/a	0.077	n/a	n/a
3243.990	0	1621995	oddball_tone	active_oddball	oddball	n/a	n/a	n/a	n/a	n/a
3245.040	0	1622520	standard_tone	active_oddball	standard	n/a	n/a	n/a	n/a	n/a
3245.274	0	1622637	clicker_press	active_oddball	response-received-page_up	n/a	n/a	n/a	n/a	page_up
3245.306	0	1622653	oddball_response	active_oddball	active-oddball-button-press-227ms	n/a	n/a	0.227	n/a	n/a
3246.088	0	1623044	standard_tone	active_oddball	standard	n/a	n/a	n/a	n/a	n/a
3247.138	0	1623569	standard_tone	active_oddball	standard	n/a	n/a	n/a	n/a	n/a
3248.154	0	1624077	oddball_tone	active_oddball	oddball	n/a	n/a	n/a	n/a	n/a
3249.170	0	1624585	standard_tone	active_oddball	standard	n/a	n/a	n/a	n/a	n/a
3249.204	0	1624602	clicker_press	active_oddball	response-received-page_up	n/a	n/a	n/a	n/a	page_up
3249.236	0	1624618	oddball_response	active_oddball	active-oddball-button-press-27ms	n/a	n/a	0.027	n/a	n/a
3250.202	0	1625101	distractor_noise	active_oddball	distractor	n/a	n/a	n/a	n/a	n/a
3251.352	0	1625676	standard_tone	active_oddball	standard	n/a	n/a	n/a	n/a	n/a
3252.368	0	1626184	standard_tone	active_oddball	standard	n/a	n/a	n/a	n/a	n/a
3253.434	0	1626717	standard_tone	active_oddball	standard	n/a	n/a	n/a	n/a	n/a
3254.466	0	1627233	standard_tone	active_oddball	standard	n/a	n/a	n/a	n/a	n/a
3255.498	0	1627749	standard_tone	active_oddball	standard	n/a	n/a	n/a	n/a	n/a
3256.514	0	1628257	standard_tone	active_oddball	standard	n/a	n/a	n/a	n/a	n/a
3257.562	0	1628781	standard_tone	active_oddball	standard	n/a	n/a	n/a	n/a	n/a
3258.596	0	1629298	standard_tone	active_oddball	standard	n/a	n/a	n/a	n/a	n/a
3259.612	0	1629806	standard_tone	active_oddball	standard	n/a	n/a	n/a	n/a	n/a
3260.626	0	1630313	standard_tone	active_oddball	standard	n/a	n/a	n/a	n/a	n/a
3261.660	0	1630830	standard_tone	active_oddball	standard	n/a	n/a	n/a	n/a	n/a
3262.726	0	1631363	standard_tone	active_oddball	standard	n/a	n/a	n/a	n/a	n/a
3263.742	0	1631871	standard_tone	active_oddball	standard	n/a	n/a	n/a	n/a	n/a
3264.756	0	1632378	standard_tone	active_oddball	standard	n/a	n/a	n/a	n/a	n/a
3265.822	0	1632911	oddball_tone	active_oddball	oddball	n/a	n/a	n/a	n/a	n/a
3266.838	0	1633419	standard_tone	active_oddball	standard	n/a	n/a	n/a	n/a	n/a
3266.972	0	1633486	clicker_press	active_oddball	response-received-page_up	n/a	n/a	n/a	n/a	page_up
3267.022	0	1633511	oddball_response	active_oddball	active-oddball-button-press-127ms	n/a	n/a	0.127	n/a	n/a
3267.854	0	1633927	standard_tone	active_oddball	standard	n/a	n/a	n/a	n/a	n/a
3268.920	0	1634460	standard_tone	active_oddball	standard	n/a	n/a	n/a	n/a	n/a
3269.936	0	1634968	standard_tone	active_oddball	standard	n/a	n/a	n/a	n/a	n/a
3270.986	0	1635493	oddball_tone	active_oddball	oddball	n/a	n/a	n/a	n/a	n/a
3271.924	0	1635962	clicker_press	active_oddball	response-received-page_up	n/a	n/a	n/a	n/a	page_up
3271.934	0	1635967	oddball_response	active_oddball	active-oddball-button-press-932ms	n/a	n/a	0.932	n/a	n/a
3272.068	0	1636034	distractor_noise	active_oddball	distractor	n/a	n/a	n/a	n/a	n/a
3273.084	0	1636542	standard_tone	active_oddball	standard	n/a	n/a	n/a	n/a	n/a
3274.148	0	1637074	oddball_tone	active_oddball	oddball	n/a	n/a	n/a	n/a	n/a
3275.182	0	1637591	standard_tone	active_oddball	standard	n/a	n/a	n/a	n/a	n/a
3275.448	0	1637724	clicker_press	active_oddball	response-received-page_up	n/a	n/a	n/a	n/a	page_up
3275.466	0	1637733	oddball_response	active_oddball	active-oddball-button-press-260ms	n/a	n/a	0.260	n/a	n/a
3276.214	0	1638107	distractor_noise	active_oddball	distractor	n/a	n/a	n/a	n/a	n/a
3277.330	0	1638665	standard_tone	active_oddball	standard	n/a	n/a	n/a	n/a	n/a
3278.396	0	1639198	standard_tone	active_oddball	standard	n/a	n/a	n/a	n/a	n/a
3279.444	0	1639722	oddball_tone	active_oddball	oddball	n/a	n/a	n/a	n/a	n/a
3280.328	0	1640164	clicker_press	active_oddball	response-received-page_up	n/a	n/a	n/a	n/a	page_up
3280.378	0	1640189	oddball_response	active_oddball	active-oddball-button-press-876ms	n/a	n/a	0.876	n/a	n/a
3280.460	0	1640230	standard_tone	active_oddball	standard	n/a	n/a	n/a	n/a	n/a
3281.476	0	1640738	oddball_tone	active_oddball	oddball	n/a	n/a	n/a	n/a	n/a
3282.458	0	1641229	clicker_press	active_oddball	response-received-page_up	n/a	n/a	n/a	n/a	page_up
3282.492	0	1641246	oddball_response	active_oddball	active-oddball-button-press-976ms	n/a	n/a	0.976	n/a	n/a
3282.494	0	1641247	standard_tone	active_oddball	standard	n/a	n/a	n/a	n/a	n/a
3283.524	0	1641762	standard_tone	active_oddball	standard	n/a	n/a	n/a	n/a	n/a
3284.590	0	1642295	standard_tone	active_oddball	standard	n/a	n/a	n/a	n/a	n/a
3285.606	0	1642803	standard_tone	active_oddball	standard	n/a	n/a	n/a	n/a	n/a
3286.622	0	1643311	standard_tone	active_oddball	standard	n/a	n/a	n/a	n/a	n/a
3287.688	0	1643844	standard_tone	active_oddball	standard	n/a	n/a	n/a	n/a	n/a
3288.720	0	1644360	distractor_noise	active_oddball	distractor	n/a	n/a	n/a	n/a	n/a
3289.754	0	1644877	oddball_tone	active_oddball	oddball	n/a	n/a	n/a	n/a	n/a
3290.786	0	1645393	clicker_press	active_oddball	response-received-page_up	n/a	n/a	n/a	n/a	page_up
3290.802	0	1645401	oddball_response	active_oddball	active-oddball-button-press-1025ms	n/a	n/a	1.025	n/a	n/a
3290.804	0	1645402	standard_tone	active_oddball	standard	n/a	n/a	n/a	n/a	n/a
3291.902	0	1645951	standard_tone	active_oddball	standard	n/a	n/a	n/a	n/a	n/a
3292.966	0	1646483	standard_tone	active_oddball	standard	n/a	n/a	n/a	n/a	n/a
3294.000	0	1647000	distractor_noise	active_oddball	distractor	n/a	n/a	n/a	n/a	n/a
3295.014	0	1647507	standard_tone	active_oddball	standard	n/a	n/a	n/a	n/a	n/a
3296.080	0	1648040	standard_tone	active_oddball	standard	n/a	n/a	n/a	n/a	n/a
3297.130	0	1648565	standard_tone	active_oddball	standard	n/a	n/a	n/a	n/a	n/a
3298.146	0	1649073	distractor_noise	active_oddball	distractor	n/a	n/a	n/a	n/a	n/a
3299.162	0	1649581	standard_tone	active_oddball	standard	n/a	n/a	n/a	n/a	n/a
3300.178	0	1650089	standard_tone	active_oddball	standard	n/a	n/a	n/a	n/a	n/a
3301.260	0	1650630	standard_tone	active_oddball	standard	n/a	n/a	n/a	n/a	n/a
3302.308	0	1651154	standard_tone	active_oddball	standard	n/a	n/a	n/a	n/a	n/a
3303.424	0	1651712	standard_tone	active_oddball	standard	n/a	n/a	n/a	n/a	n/a
3304.440	0	1652220	standard_tone	active_oddball	standard	n/a	n/a	n/a	n/a	n/a
3305.474	0	1652737	distractor_noise	active_oddball	distractor	n/a	n/a	n/a	n/a	n/a
3306.488	0	1653244	standard_tone	active_oddball	standard	n/a	n/a	n/a	n/a	n/a
3307.522	0	1653761	distractor_noise	active_oddball	distractor	n/a	n/a	n/a	n/a	n/a
3308.570	0	1654285	standard_tone	active_oddball	standard	n/a	n/a	n/a	n/a	n/a
3309.588	0	1654794	standard_tone	active_oddball	standard	n/a	n/a	n/a	n/a	n/a
3310.618	0	1655309	standard_tone	active_oddball	standard	n/a	n/a	n/a	n/a	n/a
3311.652	0	1655826	standard_tone	active_oddball	standard	n/a	n/a	n/a	n/a	n/a
3312.750	0	1656375	standard_tone	active_oddball	standard	n/a	n/a	n/a	n/a	n/a
3313.766	0	1656883	standard_tone	active_oddball	standard	n/a	n/a	n/a	n/a	n/a
3314.782	0	1657391	standard_tone	active_oddball	standard	n/a	n/a	n/a	n/a	n/a
3315.798	0	1657899	oddball_tone	active_oddball	oddball	n/a	n/a	n/a	n/a	n/a
3316.748	0	1658374	clicker_press	active_oddball	response-received-page_up	n/a	n/a	n/a	n/a	page_up
3316.830	0	1658415	oddball_response	active_oddball	active-oddball-button-press-943ms	n/a	n/a	0.943	n/a	n/a
3316.830	0	1658415	standard_tone	active_oddball	standard	n/a	n/a	n/a	n/a	n/a
3317.846	0	1658923	standard_tone	active_oddball	standard	n/a	n/a	n/a	n/a	n/a
3318.996	0	1659498	standard_tone	active_oddball	standard	n/a	n/a	n/a	n/a	n/a
3320.028	0	1660014	standard_tone	active_oddball	standard	n/a	n/a	n/a	n/a	n/a
3321.044	0	1660522	standard_tone	active_oddball	standard	n/a	n/a	n/a	n/a	n/a
3322.192	0	1661096	oddball_tone	active_oddball	oddball	n/a	n/a	n/a	n/a	n/a
3323.076	0	1661538	clicker_press	active_oddball	response-received-page_up	n/a	n/a	n/a	n/a	page_up
3323.142	0	1661571	oddball_response	active_oddball	active-oddball-button-press-875ms	n/a	n/a	0.875	n/a	n/a
3323.208	0	1661604	standard_tone	active_oddball	standard	n/a	n/a	n/a	n/a	n/a
3324.224	0	1662112	standard_tone	active_oddball	standard	n/a	n/a	n/a	n/a	n/a
3325.306	0	1662653	oddball_tone	active_oddball	oddball	n/a	n/a	n/a	n/a	n/a
3326.356	0	1663178	clicker_press	active_oddball	response-received-page_up	n/a	n/a	n/a	n/a	page_up
3326.390	0	1663195	oddball_response	active_oddball	active-oddball-button-press-1043ms	n/a	n/a	1.043	n/a	n/a
3326.390	0	1663195	standard_tone	active_oddball	standard	n/a	n/a	n/a	n/a	n/a
3327.472	0	1663736	standard_tone	active_oddball	standard	n/a	n/a	n/a	n/a	n/a
3328.520	0	1664260	standard_tone	active_oddball	standard	n/a	n/a	n/a	n/a	n/a
3329.536	0	1664768	standard_tone	active_oddball	standard	n/a	n/a	n/a	n/a	n/a
3330.602	0	1665301	oddball_tone	active_oddball	oddball	n/a	n/a	n/a	n/a	n/a
3331.484	0	1665742	clicker_press	active_oddball	response-received-page_up	n/a	n/a	n/a	n/a	page_up
3331.518	0	1665759	oddball_response	active_oddball	active-oddball-button-press-875ms	n/a	n/a	0.875	n/a	n/a
3331.618	0	1665809	standard_tone	active_oddball	standard	n/a	n/a	n/a	n/a	n/a
3332.668	0	1666334	standard_tone	active_oddball	standard	n/a	n/a	n/a	n/a	n/a
3333.700	0	1666850	distractor_noise	active_oddball	distractor	n/a	n/a	n/a	n/a	n/a
3334.798	0	1667399	standard_tone	active_oddball	standard	n/a	n/a	n/a	n/a	n/a
3335.814	0	1667907	distractor_noise	active_oddball	distractor	n/a	n/a	n/a	n/a	n/a
3336.864	0	1668432	standard_tone	active_oddball	standard	n/a	n/a	n/a	n/a	n/a
3337.914	0	1668957	standard_tone	active_oddball	standard	n/a	n/a	n/a	n/a	n/a
3338.962	0	1669481	standard_tone	active_oddball	standard	n/a	n/a	n/a	n/a	n/a
3339.978	0	1669989	standard_tone	active_oddball	standard	n/a	n/a	n/a	n/a	n/a
3341.010	0	1670505	distractor_noise	active_oddball	distractor	n/a	n/a	n/a	n/a	n/a
3342.110	0	1671055	standard_tone	active_oddball	standard	n/a	n/a	n/a	n/a	n/a
3343.126	0	1671563	standard_tone	active_oddball	standard	n/a	n/a	n/a	n/a	n/a
3344.158	0	1672079	oddball_tone	active_oddball	oddball	n/a	n/a	n/a	n/a	n/a
3345.174	0	1672587	clicker_press	active_oddball	response-received-page_up	n/a	n/a	n/a	n/a	page_up
3345.176	0	1672588	oddball_response	active_oddball	active-oddball-button-press-1010ms	n/a	n/a	1.010	n/a	n/a
3345.274	0	1672637	standard_tone	active_oddball	standard	n/a	n/a	n/a	n/a	n/a
3346.306	0	1673153	standard_tone	active_oddball	standard	n/a	n/a	n/a	n/a	n/a
3347.354	0	1673677	standard_tone	active_oddball	standard	n/a	n/a	n/a	n/a	n/a
3348.370	0	1674185	standard_tone	active_oddball	standard	n/a	n/a	n/a	n/a	n/a
3349.386	0	1674693	standard_tone	active_oddball	standard	n/a	n/a	n/a	n/a	n/a
3350.402	0	1675201	standard_tone	active_oddball	standard	n/a	n/a	n/a	n/a	n/a
3351.418	0	1675709	standard_tone	active_oddball	standard	n/a	n/a	n/a	n/a	n/a
3352.434	0	1676217	standard_tone	active_oddball	standard	n/a	n/a	n/a	n/a	n/a
3353.500	0	1676750	standard_tone	active_oddball	standard	n/a	n/a	n/a	n/a	n/a
3354.532	0	1677266	standard_tone	active_oddball	standard	n/a	n/a	n/a	n/a	n/a
3355.548	0	1677774	standard_tone	active_oddball	standard	n/a	n/a	n/a	n/a	n/a
3356.564	0	1678282	distractor_noise	active_oddball	distractor	n/a	n/a	n/a	n/a	n/a
3357.614	0	1678807	standard_tone	active_oddball	standard	n/a	n/a	n/a	n/a	n/a
3358.662	0	1679331	distractor_noise	active_oddball	distractor	n/a	n/a	n/a	n/a	n/a
3359.678	0	1679839	standard_tone	active_oddball	standard	n/a	n/a	n/a	n/a	n/a
3360.710	0	1680355	standard_tone	active_oddball	standard	n/a	n/a	n/a	n/a	n/a
3361.742	0	1680871	standard_tone	active_oddball	standard	n/a	n/a	n/a	n/a	n/a
3362.760	0	1681380	standard_tone	active_oddball	standard	n/a	n/a	n/a	n/a	n/a
3363.824	0	1681912	standard_tone	active_oddball	standard	n/a	n/a	n/a	n/a	n/a
3364.840	0	1682420	oddball_tone	active_oddball	oddball	n/a	n/a	n/a	n/a	n/a
3365.906	0	1682953	standard_tone	active_oddball	standard	n/a	n/a	n/a	n/a	n/a
3366.072	0	1683036	clicker_press	active_oddball	response-received-page_up	n/a	n/a	n/a	n/a	page_up
3366.172	0	1683086	oddball_response	active_oddball	active-oddball-button-press-160ms	n/a	n/a	0.160	n/a	n/a
3366.938	0	1683469	standard_tone	active_oddball	standard	n/a	n/a	n/a	n/a	n/a
3367.972	0	1683986	standard_tone	active_oddball	standard	n/a	n/a	n/a	n/a	n/a
3368.988	0	1684494	distractor_noise	active_oddball	distractor	n/a	n/a	n/a	n/a	n/a
3370.020	0	1685010	standard_tone	active_oddball	standard	n/a	n/a	n/a	n/a	n/a
3371.036	0	1685518	standard_tone	active_oddball	standard	n/a	n/a	n/a	n/a	n/a
3372.068	0	1686034	standard_tone	active_oddball	standard	n/a	n/a	n/a	n/a	n/a
3373.084	0	1686542	standard_tone	active_oddball	standard	n/a	n/a	n/a	n/a	n/a
3374.100	0	1687050	standard_tone	active_oddball	standard	n/a	n/a	n/a	n/a	n/a
3375.116	0	1687558	standard_tone	active_oddball	standard	n/a	n/a	n/a	n/a	n/a
3376.214	0	1688107	distractor_noise	active_oddball	distractor	n/a	n/a	n/a	n/a	n/a
3377.246	0	1688623	standard_tone	active_oddball	standard	n/a	n/a	n/a	n/a	n/a
3378.262	0	1689131	oddball_tone	active_oddball	oddball	n/a	n/a	n/a	n/a	n/a
3379.296	0	1689648	standard_tone	active_oddball	standard	n/a	n/a	n/a	n/a	n/a
3379.362	0	1689681	clicker_press	active_oddball	response-received-page_up	n/a	n/a	n/a	n/a	page_up
3379.396	0	1689698	oddball_response	active_oddball	active-oddball-button-press-61ms	n/a	n/a	0.061	n/a	n/a
3380.328	0	1690164	standard_tone	active_oddball	standard	n/a	n/a	n/a	n/a	n/a
3381.344	0	1690672	distractor_noise	active_oddball	distractor	n/a	n/a	n/a	n/a	n/a
3382.410	0	1691205	standard_tone	active_oddball	standard	n/a	n/a	n/a	n/a	n/a
3383.458	0	1691729	standard_tone	active_oddball	standard	n/a	n/a	n/a	n/a	n/a
3384.508	0	1692254	standard_tone	active_oddball	standard	n/a	n/a	n/a	n/a	n/a
3385.540	0	1692770	standard_tone	active_oddball	standard	n/a	n/a	n/a	n/a	n/a
3386.572	0	1693286	standard_tone	active_oddball	standard	n/a	n/a	n/a	n/a	n/a
3387.588	0	1693794	standard_tone	active_oddball	standard	n/a	n/a	n/a	n/a	n/a
3388.654	0	1694327	standard_tone	active_oddball	standard	n/a	n/a	n/a	n/a	n/a
3389.686	0	1694843	oddball_tone	active_oddball	oddball	n/a	n/a	n/a	n/a	n/a
3390.702	0	1695351	standard_tone	active_oddball	standard	n/a	n/a	n/a	n/a	n/a
3390.770	0	1695385	clicker_press	active_oddball	response-received-page_up	n/a	n/a	n/a	n/a	page_up
3390.852	0	1695426	oddball_response	active_oddball	active-oddball-button-press-60ms	n/a	n/a	0.060	n/a	n/a
3391.768	0	1695884	standard_tone	active_oddball	standard	n/a	n/a	n/a	n/a	n/a
3392.802	0	1696401	standard_tone	active_oddball	standard	n/a	n/a	n/a	n/a	n/a
3393.848	0	1696924	standard_tone	active_oddball	standard	n/a	n/a	n/a	n/a	n/a
3394.882	0	1697441	standard_tone	active_oddball	standard	n/a	n/a	n/a	n/a	n/a
3395.914	0	1697957	standard_tone	active_oddball	standard	n/a	n/a	n/a	n/a	n/a
3396.930	0	1698465	standard_tone	active_oddball	standard	n/a	n/a	n/a	n/a	n/a
3397.980	0	1698990	standard_tone	active_oddball	standard	n/a	n/a	n/a	n/a	n/a
3399.012	0	1699506	distractor_noise	active_oddball	distractor	n/a	n/a	n/a	n/a	n/a
3400.044	0	1700022	standard_tone	active_oddball	standard	n/a	n/a	n/a	n/a	n/a
3401.094	0	1700547	standard_tone	active_oddball	standard	n/a	n/a	n/a	n/a	n/a
3402.126	0	1701063	standard_tone	active_oddball	standard	n/a	n/a	n/a	n/a	n/a
3403.176	0	1701588	oddball_tone	active_oddball	oddball	n/a	n/a	n/a	n/a	n/a
3404.192	0	1702096	standard_tone	active_oddball	standard	n/a	n/a	n/a	n/a	n/a
3404.408	0	1702204	clicker_press	active_oddball	response-received-page_up	n/a	n/a	n/a	n/a	page_up
3404.424	0	1702212	oddball_response	active_oddball	active-oddball-button-press-210ms	n/a	n/a	0.210	n/a	n/a
3405.206	0	1702603	standard_tone	active_oddball	standard	n/a	n/a	n/a	n/a	n/a
3406.222	0	1703111	standard_tone	active_oddball	standard	n/a	n/a	n/a	n/a	n/a
3407.272	0	1703636	standard_tone	active_oddball	standard	n/a	n/a	n/a	n/a	n/a
3408.322	0	1704161	standard_tone	active_oddball	standard	n/a	n/a	n/a	n/a	n/a
3409.386	0	1704693	standard_tone	active_oddball	standard	n/a	n/a	n/a	n/a	n/a
3410.486	0	1705243	standard_tone	active_oddball	standard	n/a	n/a	n/a	n/a	n/a
3411.518	0	1705759	standard_tone	active_oddball	standard	n/a	n/a	n/a	n/a	n/a
3412.568	0	1706284	standard_tone	active_oddball	standard	n/a	n/a	n/a	n/a	n/a
3413.616	0	1706808	standard_tone	active_oddball	standard	n/a	n/a	n/a	n/a	n/a
3414.650	0	1707325	standard_tone	active_oddball	standard	n/a	n/a	n/a	n/a	n/a
3415.666	0	1707833	standard_tone	active_oddball	standard	n/a	n/a	n/a	n/a	n/a
3416.714	0	1708357	standard_tone	active_oddball	standard	n/a	n/a	n/a	n/a	n/a
3417.764	0	1708882	oddball_tone	active_oddball	oddball	n/a	n/a	n/a	n/a	n/a
3418.780	0	1709390	standard_tone	active_oddball	standard	n/a	n/a	n/a	n/a	n/a
3419.378	0	1709689	clicker_press	active_oddball	response-received-page_up	n/a	n/a	n/a	n/a	page_up
3419.396	0	1709698	oddball_response	active_oddball	active-oddball-button-press-593ms	n/a	n/a	0.593	n/a	n/a
3419.844	0	1709922	standard_tone	active_oddball	standard	n/a	n/a	n/a	n/a	n/a
3420.862	0	1710431	standard_tone	active_oddball	standard	n/a	n/a	n/a	n/a	n/a
3421.910	0	1710955	standard_tone	active_oddball	standard	n/a	n/a	n/a	n/a	n/a
3422.926	0	1711463	standard_tone	active_oddball	standard	n/a	n/a	n/a	n/a	n/a
3423.958	0	1711979	standard_tone	active_oddball	standard	n/a	n/a	n/a	n/a	n/a
3425.024	0	1712512	standard_tone	active_oddball	standard	n/a	n/a	n/a	n/a	n/a
3426.040	0	1713020	distractor_noise	active_oddball	distractor	n/a	n/a	n/a	n/a	n/a
3427.138	0	1713569	standard_tone	active_oddball	standard	n/a	n/a	n/a	n/a	n/a
3428.172	0	1714086	standard_tone	active_oddball	standard	n/a	n/a	n/a	n/a	n/a
3429.204	0	1714602	oddball_tone	active_oddball	oddball	n/a	n/a	n/a	n/a	n/a
3430.154	0	1715077	clicker_press	active_oddball	response-received-page_up	n/a	n/a	n/a	n/a	page_up
3430.170	0	1715085	oddball_response	active_oddball	active-oddball-button-press-943ms	n/a	n/a	0.943	n/a	n/a
3430.220	0	1715110	distractor_noise	active_oddball	distractor	n/a	n/a	n/a	n/a	n/a
3431.352	0	1715676	standard_tone	active_oddball	standard	n/a	n/a	n/a	n/a	n/a
3432.368	0	1716184	standard_tone	active_oddball	standard	n/a	n/a	n/a	n/a	n/a
3433.400	0	1716700	standard_tone	active_oddball	standard	n/a	n/a	n/a	n/a	n/a
3434.434	0	1717217	standard_tone	active_oddball	standard	n/a	n/a	n/a	n/a	n/a
3435.466	0	1717733	standard_tone	active_oddball	standard	n/a	n/a	n/a	n/a	n/a
3436.482	0	1718241	standard_tone	active_oddball	standard	n/a	n/a	n/a	n/a	n/a
3437.496	0	1718748	standard_tone	active_oddball	standard	n/a	n/a	n/a	n/a	n/a
3438.530	0	1719265	standard_tone	active_oddball	standard	n/a	n/a	n/a	n/a	n/a
3439.596	0	1719798	distractor_noise	active_oddball	distractor	n/a	n/a	n/a	n/a	n/a
3440.662	0	1720331	standard_tone	active_oddball	standard	n/a	n/a	n/a	n/a	n/a
3441.710	0	1720855	standard_tone	active_oddball	standard	n/a	n/a	n/a	n/a	n/a
3442.726	0	1721363	standard_tone	active_oddball	standard	n/a	n/a	n/a	n/a	n/a
3443.742	0	1721871	standard_tone	active_oddball	standard	n/a	n/a	n/a	n/a	n/a
3444.858	0	1722429	standard_tone	active_oddball	standard	n/a	n/a	n/a	n/a	n/a
3445.874	0	1722937	standard_tone	active_oddball	standard	n/a	n/a	n/a	n/a	n/a
3446.888	0	1723444	standard_tone	active_oddball	standard	n/a	n/a	n/a	n/a	n/a
3447.922	0	1723961	standard_tone	active_oddball	standard	n/a	n/a	n/a	n/a	n/a
3448.938	0	1724469	standard_tone	active_oddball	standard	n/a	n/a	n/a	n/a	n/a
3449.970	0	1724985	standard_tone	active_oddball	standard	n/a	n/a	n/a	n/a	n/a
3451.020	0	1725510	standard_tone	active_oddball	standard	n/a	n/a	n/a	n/a	n/a
3452.086	0	1726043	standard_tone	active_oddball	standard	n/a	n/a	n/a	n/a	n/a
3453.168	0	1726584	standard_tone	active_oddball	standard	n/a	n/a	n/a	n/a	n/a
3454.184	0	1727092	standard_tone	active_oddball	standard	n/a	n/a	n/a	n/a	n/a
3455.216	0	1727608	standard_tone	active_oddball	standard	n/a	n/a	n/a	n/a	n/a
3456.298	0	1728149	standard_tone	active_oddball	standard	n/a	n/a	n/a	n/a	n/a
3457.314	0	1728657	distractor_noise	active_oddball	distractor	n/a	n/a	n/a	n/a	n/a
3458.330	0	1729165	standard_tone	active_oddball	standard	n/a	n/a	n/a	n/a	n/a
3459.346	0	1729673	oddball_tone	active_oddball	oddball	n/a	n/a	n/a	n/a	n/a
3460.444	0	1730222	clicker_press	active_oddball	response-received-page_up	n/a	n/a	n/a	n/a	page_up
3460.462	0	1730231	oddball_response	active_oddball	active-oddball-button-press-1091ms	n/a	n/a	1.091	n/a	n/a
3460.462	0	1730231	standard_tone	active_oddball	standard	n/a	n/a	n/a	n/a	n/a
3461.660	0	1730830	standard_tone	active_oddball	standard	n/a	n/a	n/a	n/a	n/a
3462.710	0	1731355	standard_tone	active_oddball	standard	n/a	n/a	n/a	n/a	n/a
3463.726	0	1731863	standard_tone	active_oddball	standard	n/a	n/a	n/a	n/a	n/a
3464.758	0	1732379	standard_tone	active_oddball	standard	n/a	n/a	n/a	n/a	n/a
3465.790	0	1732895	standard_tone	active_oddball	standard	n/a	n/a	n/a	n/a	n/a
3466.806	0	1733403	distractor_noise	active_oddball	distractor	n/a	n/a	n/a	n/a	n/a
3467.822	0	1733911	standard_tone	active_oddball	standard	n/a	n/a	n/a	n/a	n/a
3468.904	0	1734452	oddball_tone	active_oddball	oddball	n/a	n/a	n/a	n/a	n/a
3469.920	0	1734960	standard_tone	active_oddball	standard	n/a	n/a	n/a	n/a	n/a
3470.418	0	1735209	clicker_press	active_oddball	response-received-page_up	n/a	n/a	n/a	n/a	page_up
3470.436	0	1735218	oddball_response	active_oddball	active-oddball-button-press-492ms	n/a	n/a	0.492	n/a	n/a
3470.952	0	1735476	oddball_tone	active_oddball	oddball	n/a	n/a	n/a	n/a	n/a
3471.968	0	1735984	standard_tone	active_oddball	standard	n/a	n/a	n/a	n/a	n/a
3472.102	0	1736051	clicker_press	active_oddball	response-received-page_up	n/a	n/a	n/a	n/a	page_up
3472.136	0	1736068	oddball_response	active_oddball	active-oddball-button-press-127ms	n/a	n/a	0.127	n/a	n/a
3473.016	0	1736508	standard_tone	active_oddball	standard	n/a	n/a	n/a	n/a	n/a
3474.032	0	1737016	standard_tone	active_oddball	standard	n/a	n/a	n/a	n/a	n/a
3475.048	0	1737524	standard_tone	active_oddball	standard	n/a	n/a	n/a	n/a	n/a
3476.064	0	1738032	standard_tone	active_oddball	standard	n/a	n/a	n/a	n/a	n/a
3477.080	0	1738540	standard_tone	active_oddball	standard	n/a	n/a	n/a	n/a	n/a
3478.096	0	1739048	standard_tone	active_oddball	standard	n/a	n/a	n/a	n/a	n/a
3479.128	0	1739564	standard_tone	active_oddball	standard	n/a	n/a	n/a	n/a	n/a
3480.144	0	1740072	distractor_noise	active_oddball	distractor	n/a	n/a	n/a	n/a	n/a
3481.160	0	1740580	standard_tone	active_oddball	standard	n/a	n/a	n/a	n/a	n/a
3482.176	0	1741088	standard_tone	active_oddball	standard	n/a	n/a	n/a	n/a	n/a
3483.208	0	1741604	active_oddball_end	active_oddball	active-oddball-end	n/a	n/a	n/a	n/a	n/a
3483.210	0	1741605	prompt_window_begin	active_oddball	probe-oddball-begin	n/a	n/a	n/a	n/a	n/a
3487.456	0	1743728	clicker_press	n/a	response-received-page_up	n/a	n/a	n/a	n/a	page_up
3492.236	0	1746118	depth_rating	active_oddball	rating-oddball-meditation_depth-1	1	n/a	n/a	n/a	n/a
3498.030	0	1749015	clicker_press	n/a	response-received-page_up	n/a	n/a	n/a	n/a	page_up
3498.478	0	1749239	clicker_press	n/a	response-received-page_up	n/a	n/a	n/a	n/a	page_up
3502.342	0	1751171	confidence_rating	active_oddball	rating-oddball-confidence_depth-2	n/a	2	n/a	n/a	n/a
3503.408	0	1751704	prompt_window_end	active_oddball	probe-oddball-end	n/a	n/a	n/a	n/a	n/a
3600.694	0	1800347	clicker_press	n/a	response-received-page_down	n/a	n/a	n/a	n/a	page_down
3600.718	0	1800359	sapo_probe_begin	sapo_probe	block-sapo-probe-begin	n/a	n/a	n/a	n/a	n/a
3600.732	0	1800366	subblock_begin	sapo_probe	subblock-begin	n/a	n/a	n/a	n/a	n/a
3600.732	0	1800366	silence_begin	sapo_probe	silence-begin	n/a	n/a	n/a	n/a	n/a
3600.744	0	1800372	standard_tone	sapo_probe	standard	n/a	n/a	n/a	n/a	n/a
3601.760	0	1800880	standard_tone	sapo_probe	standard	n/a	n/a	n/a	n/a	n/a
3602.776	0	1801388	standard_tone	sapo_probe	standard	n/a	n/a	n/a	n/a	n/a
3603.792	0	1801896	standard_tone	sapo_probe	standard	n/a	n/a	n/a	n/a	n/a
3604.808	0	1802404	standard_tone	sapo_probe	standard	n/a	n/a	n/a	n/a	n/a
3605.824	0	1802912	standard_tone	sapo_probe	standard	n/a	n/a	n/a	n/a	n/a
3606.840	0	1803420	standard_tone	sapo_probe	standard	n/a	n/a	n/a	n/a	n/a
3607.856	0	1803928	standard_tone	sapo_probe	standard	n/a	n/a	n/a	n/a	n/a
3608.872	0	1804436	standard_tone	sapo_probe	standard	n/a	n/a	n/a	n/a	n/a
3609.886	0	1804943	standard_tone	sapo_probe	standard	n/a	n/a	n/a	n/a	n/a
3610.902	0	1805451	standard_tone	sapo_probe	standard	n/a	n/a	n/a	n/a	n/a
3611.918	0	1805959	standard_tone	sapo_probe	standard	n/a	n/a	n/a	n/a	n/a
3612.934	0	1806467	standard_tone	sapo_probe	standard	n/a	n/a	n/a	n/a	n/a
3613.950	0	1806975	standard_tone	sapo_probe	standard	n/a	n/a	n/a	n/a	n/a
3614.966	0	1807483	standard_tone	sapo_probe	standard	n/a	n/a	n/a	n/a	n/a
3615.982	0	1807991	standard_tone	sapo_probe	standard	n/a	n/a	n/a	n/a	n/a
3616.998	0	1808499	standard_tone	sapo_probe	standard	n/a	n/a	n/a	n/a	n/a
3618.014	0	1809007	standard_tone	sapo_probe	standard	n/a	n/a	n/a	n/a	n/a
3619.030	0	1809515	standard_tone	sapo_probe	standard	n/a	n/a	n/a	n/a	n/a
3620.046	0	1810023	standard_tone	sapo_probe	standard	n/a	n/a	n/a	n/a	n/a
3621.060	0	1810530	standard_tone	sapo_probe	standard	n/a	n/a	n/a	n/a	n/a
3622.076	0	1811038	standard_tone	sapo_probe	standard	n/a	n/a	n/a	n/a	n/a
3623.092	0	1811546	standard_tone	sapo_probe	standard	n/a	n/a	n/a	n/a	n/a
3624.108	0	1812054	standard_tone	sapo_probe	standard	n/a	n/a	n/a	n/a	n/a
3625.124	0	1812562	standard_tone	sapo_probe	standard	n/a	n/a	n/a	n/a	n/a
3626.140	0	1813070	standard_tone	sapo_probe	standard	n/a	n/a	n/a	n/a	n/a
3627.156	0	1813578	distractor_noise	sapo_probe	distractor	n/a	n/a	n/a	n/a	n/a
3628.172	0	1814086	standard_tone	sapo_probe	standard	n/a	n/a	n/a	n/a	n/a
3629.188	0	1814594	standard_tone	sapo_probe	standard	n/a	n/a	n/a	n/a	n/a
3630.204	0	1815102	oddball_tone	sapo_probe	oddball	n/a	n/a	n/a	n/a	n/a
3631.220	0	1815610	standard_tone	sapo_probe	standard	n/a	n/a	n/a	n/a	n/a
3632.236	0	1816118	standard_tone	sapo_probe	standard	n/a	n/a	n/a	n/a	n/a
3633.250	0	1816625	standard_tone	sapo_probe	standard	n/a	n/a	n/a	n/a	n/a
3634.266	0	1817133	standard_tone	sapo_probe	standard	n/a	n/a	n/a	n/a	n/a
3635.282	0	1817641	standard_tone	sapo_probe	standard	n/a	n/a	n/a	n/a	n/a
3636.298	0	1818149	standard_tone	sapo_probe	standard	n/a	n/a	n/a	n/a	n/a
3637.314	0	1818657	standard_tone	sapo_probe	standard	n/a	n/a	n/a	n/a	n/a
3638.330	0	1819165	standard_tone	sapo_probe	standard	n/a	n/a	n/a	n/a	n/a
3639.346	0	1819673	distractor_noise	sapo_probe	distractor	n/a	n/a	n/a	n/a	n/a
3640.360	0	1820180	standard_tone	sapo_probe	standard	n/a	n/a	n/a	n/a	n/a
3641.378	0	1820689	standard_tone	sapo_probe	standard	n/a	n/a	n/a	n/a	n/a
3642.394	0	1821197	standard_tone	sapo_probe	standard	n/a	n/a	n/a	n/a	n/a
3643.410	0	1821705	standard_tone	sapo_probe	standard	n/a	n/a	n/a	n/a	n/a
3644.424	0	1822212	standard_tone	sapo_probe	standard	n/a	n/a	n/a	n/a	n/a
3645.440	0	1822720	standard_tone	sapo_probe	standard	n/a	n/a	n/a	n/a	n/a
3646.458	0	1823229	standard_tone	sapo_probe	standard	n/a	n/a	n/a	n/a	n/a
3647.472	0	1823736	standard_tone	sapo_probe	standard	n/a	n/a	n/a	n/a	n/a
3648.488	0	1824244	distractor_noise	sapo_probe	distractor	n/a	n/a	n/a	n/a	n/a
3649.504	0	1824752	standard_tone	sapo_probe	standard	n/a	n/a	n/a	n/a	n/a
3650.504	0	1825252	standard_tone	sapo_probe	standard	n/a	n/a	n/a	n/a	n/a
3651.520	0	1825760	oddball_tone	sapo_probe	oddball	n/a	n/a	n/a	n/a	n/a
3652.534	0	1826267	standard_tone	sapo_probe	standard	n/a	n/a	n/a	n/a	n/a
3653.534	0	1826767	distractor_noise	sapo_probe	distractor	n/a	n/a	n/a	n/a	n/a
3654.550	0	1827275	standard_tone	sapo_probe	standard	n/a	n/a	n/a	n/a	n/a
3655.566	0	1827783	standard_tone	sapo_probe	standard	n/a	n/a	n/a	n/a	n/a
3656.582	0	1828291	standard_tone	sapo_probe	standard	n/a	n/a	n/a	n/a	n/a
3657.598	0	1828799	standard_tone	sapo_probe	standard	n/a	n/a	n/a	n/a	n/a
3658.612	0	1829306	standard_tone	sapo_probe	standard	n/a	n/a	n/a	n/a	n/a
3659.630	0	1829815	standard_tone	sapo_probe	standard	n/a	n/a	n/a	n/a	n/a
3660.644	0	1830322	standard_tone	sapo_probe	standard	n/a	n/a	n/a	n/a	n/a
3661.660	0	1830830	standard_tone	sapo_probe	standard	n/a	n/a	n/a	n/a	n/a
3662.676	0	1831338	standard_tone	sapo_probe	standard	n/a	n/a	n/a	n/a	n/a
3663.676	0	1831838	standard_tone	sapo_probe	standard	n/a	n/a	n/a	n/a	n/a
3664.692	0	1832346	standard_tone	sapo_probe	standard	n/a	n/a	n/a	n/a	n/a
3665.708	0	1832854	standard_tone	sapo_probe	standard	n/a	n/a	n/a	n/a	n/a
3666.724	0	1833362	standard_tone	sapo_probe	standard	n/a	n/a	n/a	n/a	n/a
3667.738	0	1833869	oddball_tone	sapo_probe	oddball	n/a	n/a	n/a	n/a	n/a
3668.754	0	1834377	standard_tone	sapo_probe	standard	n/a	n/a	n/a	n/a	n/a
3669.770	0	1834885	distractor_noise	sapo_probe	distractor	n/a	n/a	n/a	n/a	n/a
3670.770	0	1835385	standard_tone	sapo_probe	standard	n/a	n/a	n/a	n/a	n/a
3671.786	0	1835893	standard_tone	sapo_probe	standard	n/a	n/a	n/a	n/a	n/a
3672.802	0	1836401	standard_tone	sapo_probe	standard	n/a	n/a	n/a	n/a	n/a
3673.818	0	1836909	standard_tone	sapo_probe	standard	n/a	n/a	n/a	n/a	n/a
3674.834	0	1837417	standard_tone	sapo_probe	standard	n/a	n/a	n/a	n/a	n/a
3675.848	0	1837924	standard_tone	sapo_probe	standard	n/a	n/a	n/a	n/a	n/a
3676.864	0	1838432	standard_tone	sapo_probe	standard	n/a	n/a	n/a	n/a	n/a
3677.880	0	1838940	standard_tone	sapo_probe	standard	n/a	n/a	n/a	n/a	n/a
3678.880	0	1839440	standard_tone	sapo_probe	standard	n/a	n/a	n/a	n/a	n/a
3679.896	0	1839948	oddball_tone	sapo_probe	oddball	n/a	n/a	n/a	n/a	n/a
3680.912	0	1840456	standard_tone	sapo_probe	standard	n/a	n/a	n/a	n/a	n/a
3681.928	0	1840964	standard_tone	sapo_probe	standard	n/a	n/a	n/a	n/a	n/a
3682.944	0	1841472	standard_tone	sapo_probe	standard	n/a	n/a	n/a	n/a	n/a
3683.960	0	1841980	standard_tone	sapo_probe	standard	n/a	n/a	n/a	n/a	n/a
3684.974	0	1842487	standard_tone	sapo_probe	standard	n/a	n/a	n/a	n/a	n/a
3685.990	0	1842995	distractor_noise	sapo_probe	distractor	n/a	n/a	n/a	n/a	n/a
3687.006	0	1843503	standard_tone	sapo_probe	standard	n/a	n/a	n/a	n/a	n/a
3688.022	0	1844011	standard_tone	sapo_probe	standard	n/a	n/a	n/a	n/a	n/a
3689.038	0	1844519	standard_tone	sapo_probe	standard	n/a	n/a	n/a	n/a	n/a
3690.054	0	1845027	standard_tone	sapo_probe	standard	n/a	n/a	n/a	n/a	n/a
3691.070	0	1845535	standard_tone	sapo_probe	standard	n/a	n/a	n/a	n/a	n/a
3692.086	0	1846043	standard_tone	sapo_probe	standard	n/a	n/a	n/a	n/a	n/a
3693.102	0	1846551	standard_tone	sapo_probe	standard	n/a	n/a	n/a	n/a	n/a
3694.118	0	1847059	standard_tone	sapo_probe	standard	n/a	n/a	n/a	n/a	n/a
3695.116	0	1847558	standard_tone	sapo_probe	standard	n/a	n/a	n/a	n/a	n/a
3696.132	0	1848066	distractor_noise	sapo_probe	distractor	n/a	n/a	n/a	n/a	n/a
3697.148	0	1848574	standard_tone	sapo_probe	standard	n/a	n/a	n/a	n/a	n/a
3698.164	0	1849082	standard_tone	sapo_probe	standard	n/a	n/a	n/a	n/a	n/a
3699.180	0	1849590	standard_tone	sapo_probe	standard	n/a	n/a	n/a	n/a	n/a
3700.196	0	1850098	distractor_noise	sapo_probe	distractor	n/a	n/a	n/a	n/a	n/a
3701.212	0	1850606	standard_tone	sapo_probe	standard	n/a	n/a	n/a	n/a	n/a
3702.228	0	1851114	standard_tone	sapo_probe	standard	n/a	n/a	n/a	n/a	n/a
3703.242	0	1851621	standard_tone	sapo_probe	standard	n/a	n/a	n/a	n/a	n/a
3704.258	0	1852129	standard_tone	sapo_probe	standard	n/a	n/a	n/a	n/a	n/a
3705.274	0	1852637	standard_tone	sapo_probe	standard	n/a	n/a	n/a	n/a	n/a
3706.290	0	1853145	standard_tone	sapo_probe	standard	n/a	n/a	n/a	n/a	n/a
3707.306	0	1853653	standard_tone	sapo_probe	standard	n/a	n/a	n/a	n/a	n/a
3708.322	0	1854161	distractor_noise	sapo_probe	distractor	n/a	n/a	n/a	n/a	n/a
3709.338	0	1854669	standard_tone	sapo_probe	standard	n/a	n/a	n/a	n/a	n/a
3710.354	0	1855177	standard_tone	sapo_probe	standard	n/a	n/a	n/a	n/a	n/a
3711.370	0	1855685	standard_tone	sapo_probe	standard	n/a	n/a	n/a	n/a	n/a
3712.386	0	1856193	oddball_tone	sapo_probe	oddball	n/a	n/a	n/a	n/a	n/a
3713.402	0	1856701	standard_tone	sapo_probe	standard	n/a	n/a	n/a	n/a	n/a
3714.416	0	1857208	oddball_tone	sapo_probe	oddball	n/a	n/a	n/a	n/a	n/a
3715.432	0	1857716	standard_tone	sapo_probe	standard	n/a	n/a	n/a	n/a	n/a
3716.448	0	1858224	distractor_noise	sapo_probe	distractor	n/a	n/a	n/a	n/a	n/a
3717.464	0	1858732	standard_tone	sapo_probe	standard	n/a	n/a	n/a	n/a	n/a
3718.480	0	1859240	oddball_tone	sapo_probe	oddball	n/a	n/a	n/a	n/a	n/a
3719.496	0	1859748	standard_tone	sapo_probe	standard	n/a	n/a	n/a	n/a	n/a
3719.646	0	1859823	silence_end	sapo_probe	silence-end	n/a	n/a	n/a	n/a	n/a
3719.646	0	1859823	gong_begin	sapo_probe	gong-begin	n/a	n/a	n/a	n/a	n/a
3729.788	0	1864894	gong_end	sapo_probe	gong-end	n/a	n/a	n/a	n/a	n/a
3729.788	0	1864894	subblock_end	sapo_probe	subblock-end-duration-129.057	n/a	n/a	n/a	129.057	n/a
3729.790	0	1864895	subblock_begin	sapo_probe	subblock-begin	n/a	n/a	n/a	n/a	n/a
3729.790	0	1864895	silence_begin	sapo_probe	silence-begin	n/a	n/a	n/a	n/a	n/a
3729.790	0	1864895	standard_tone	sapo_probe	standard	n/a	n/a	n/a	n/a	n/a
3730.804	0	1865402	oddball_tone	sapo_probe	oddball	n/a	n/a	n/a	n/a	n/a
3731.820	0	1865910	standard_tone	sapo_probe	standard	n/a	n/a	n/a	n/a	n/a
3732.834	0	1866417	standard_tone	sapo_probe	standard	n/a	n/a	n/a	n/a	n/a
3733.850	0	1866925	distractor_noise	sapo_probe	distractor	n/a	n/a	n/a	n/a	n/a
3734.866	0	1867433	standard_tone	sapo_probe	standard	n/a	n/a	n/a	n/a	n/a
3735.866	0	1867933	oddball_tone	sapo_probe	oddball	n/a	n/a	n/a	n/a	n/a
3736.882	0	1868441	standard_tone	sapo_probe	standard	n/a	n/a	n/a	n/a	n/a
3737.898	0	1868949	oddball_tone	sapo_probe	oddball	n/a	n/a	n/a	n/a	n/a
3738.914	0	1869457	standard_tone	sapo_probe	standard	n/a	n/a	n/a	n/a	n/a
3739.928	0	1869964	standard_tone	sapo_probe	standard	n/a	n/a	n/a	n/a	n/a
3740.944	0	1870472	standard_tone	sapo_probe	standard	n/a	n/a	n/a	n/a	n/a
3741.960	0	1870980	standard_tone	sapo_probe	standard	n/a	n/a	n/a	n/a	n/a
3742.976	0	1871488	standard_tone	sapo_probe	standard	n/a	n/a	n/a	n/a	n/a
3743.992	0	1871996	distractor_noise	sapo_probe	distractor	n/a	n/a	n/a	n/a	n/a
3745.008	0	1872504	standard_tone	sapo_probe	standard	n/a	n/a	n/a	n/a	n/a
3746.024	0	1873012	distractor_noise	sapo_probe	distractor	n/a	n/a	n/a	n/a	n/a
3747.040	0	1873520	standard_tone	sapo_probe	standard	n/a	n/a	n/a	n/a	n/a
3748.056	0	1874028	standard_tone	sapo_probe	standard	n/a	n/a	n/a	n/a	n/a
3749.072	0	1874536	standard_tone	sapo_probe	standard	n/a	n/a	n/a	n/a	n/a
3750.088	0	1875044	standard_tone	sapo_probe	standard	n/a	n/a	n/a	n/a	n/a
3751.104	0	1875552	distractor_noise	sapo_probe	distractor	n/a	n/a	n/a	n/a	n/a
3752.120	0	1876060	standard_tone	sapo_probe	standard	n/a	n/a	n/a	n/a	n/a
3753.134	0	1876567	standard_tone	sapo_probe	standard	n/a	n/a	n/a	n/a	n/a
3754.150	0	1877075	standard_tone	sapo_probe	standard	n/a	n/a	n/a	n/a	n/a
3755.166	0	1877583	standard_tone	sapo_probe	standard	n/a	n/a	n/a	n/a	n/a
3756.182	0	1878091	oddball_tone	sapo_probe	oddball	n/a	n/a	n/a	n/a	n/a
3757.198	0	1878599	standard_tone	sapo_probe	standard	n/a	n/a	n/a	n/a	n/a
3758.214	0	1879107	distractor_noise	sapo_probe	distractor	n/a	n/a	n/a	n/a	n/a
3759.230	0	1879615	standard_tone	sapo_probe	standard	n/a	n/a	n/a	n/a	n/a
3760.246	0	1880123	oddball_tone	sapo_probe	oddball	n/a	n/a	n/a	n/a	n/a
3761.262	0	1880631	standard_tone	sapo_probe	standard	n/a	n/a	n/a	n/a	n/a
3762.278	0	1881139	standard_tone	sapo_probe	standard	n/a	n/a	n/a	n/a	n/a
3763.294	0	1881647	oddball_tone	sapo_probe	oddball	n/a	n/a	n/a	n/a	n/a
3764.310	0	1882155	standard_tone	sapo_probe	standard	n/a	n/a	n/a	n/a	n/a
3765.324	0	1882662	oddball_tone	sapo_probe	oddball	n/a	n/a	n/a	n/a	n/a
3766.340	0	1883170	standard_tone	sapo_probe	standard	n/a	n/a	n/a	n/a	n/a
3767.356	0	1883678	standard_tone	sapo_probe	standard	n/a	n/a	n/a	n/a	n/a
3768.372	0	1884186	distractor_noise	sapo_probe	distractor	n/a	n/a	n/a	n/a	n/a
3769.388	0	1884694	standard_tone	sapo_probe	standard	n/a	n/a	n/a	n/a	n/a
3770.404	0	1885202	standard_tone	sapo_probe	standard	n/a	n/a	n/a	n/a	n/a
3771.420	0	1885710	distractor_noise	sapo_probe	distractor	n/a	n/a	n/a	n/a	n/a
3772.436	0	1886218	standard_tone	sapo_probe	standard	n/a	n/a	n/a	n/a	n/a
3773.452	0	1886726	standard_tone	sapo_probe	standard	n/a	n/a	n/a	n/a	n/a
3774.468	0	1887234	standard_tone	sapo_probe	standard	n/a	n/a	n/a	n/a	n/a
3775.482	0	1887741	standard_tone	sapo_probe	standard	n/a	n/a	n/a	n/a	n/a
3776.498	0	1888249	standard_tone	sapo_probe	standard	n/a	n/a	n/a	n/a	n/a
3777.514	0	1888757	standard_tone	sapo_probe	standard	n/a	n/a	n/a	n/a	n/a
3778.530	0	1889265	standard_tone	sapo_probe	standard	n/a	n/a	n/a	n/a	n/a
3779.546	0	1889773	standard_tone	sapo_probe	standard	n/a	n/a	n/a	n/a	n/a
3780.562	0	1890281	standard_tone	sapo_probe	standard	n/a	n/a	n/a	n/a	n/a
3781.578	0	1890789	standard_tone	sapo_probe	standard	n/a	n/a	n/a	n/a	n/a
3782.594	0	1891297	distractor_noise	sapo_probe	distractor	n/a	n/a	n/a	n/a	n/a
3783.610	0	1891805	standard_tone	sapo_probe	standard	n/a	n/a	n/a	n/a	n/a
3784.626	0	1892313	standard_tone	sapo_probe	standard	n/a	n/a	n/a	n/a	n/a
3785.642	0	1892821	standard_tone	sapo_probe	standard	n/a	n/a	n/a	n/a	n/a
3786.658	0	1893329	standard_tone	sapo_probe	standard	n/a	n/a	n/a	n/a	n/a
3787.672	0	1893836	oddball_tone	sapo_probe	oddball	n/a	n/a	n/a	n/a	n/a
3788.688	0	1894344	standard_tone	sapo_probe	standard	n/a	n/a	n/a	n/a	n/a
3789.704	0	1894852	distractor_noise	sapo_probe	distractor	n/a	n/a	n/a	n/a	n/a
3790.720	0	1895360	standard_tone	sapo_probe	standard	n/a	n/a	n/a	n/a	n/a
3791.736	0	1895868	standard_tone	sapo_probe	standard	n/a	n/a	n/a	n/a	n/a
3792.752	0	1896376	standard_tone	sapo_probe	standard	n/a	n/a	n/a	n/a	n/a
3793.768	0	1896884	oddball_tone	sapo_probe	oddball	n/a	n/a	n/a	n/a	n/a
3794.784	0	1897392	standard_tone	sapo_probe	standard	n/a	n/a	n/a	n/a	n/a
3795.798	0	1897899	standard_tone	sapo_probe	standard	n/a	n/a	n/a	n/a	n/a
3796.816	0	1898408	standard_tone	sapo_probe	standard	n/a	n/a	n/a	n/a	n/a
3797.832	0	1898916	standard_tone	sapo_probe	standard	n/a	n/a	n/a	n/a	n/a
3798.846	0	1899423	distractor_noise	sapo_probe	distractor	n/a	n/a	n/a	n/a	n/a
3799.864	0	1899932	standard_tone	sapo_probe	standard	n/a	n/a	n/a	n/a	n/a
3800.878	0	1900439	standard_tone	sapo_probe	standard	n/a	n/a	n/a	n/a	n/a
3801.894	0	1900947	standard_tone	sapo_probe	standard	n/a	n/a	n/a	n/a	n/a
3802.910	0	1901455	standard_tone	sapo_probe	standard	n/a	n/a	n/a	n/a	n/a
3803.926	0	1901963	standard_tone	sapo_probe	standard	n/a	n/a	n/a	n/a	n/a
3804.942	0	1902471	standard_tone	sapo_probe	standard	n/a	n/a	n/a	n/a	n/a
3805.958	0	1902979	standard_tone	sapo_probe	standard	n/a	n/a	n/a	n/a	n/a
3806.974	0	1903487	distractor_noise	sapo_probe	distractor	n/a	n/a	n/a	n/a	n/a
3807.990	0	1903995	standard_tone	sapo_probe	standard	n/a	n/a	n/a	n/a	n/a
3809.004	0	1904502	standard_tone	sapo_probe	standard	n/a	n/a	n/a	n/a	n/a
3810.004	0	1905002	oddball_tone	sapo_probe	oddball	n/a	n/a	n/a	n/a	n/a
3811.020	0	1905510	standard_tone	sapo_probe	standard	n/a	n/a	n/a	n/a	n/a
3812.036	0	1906018	standard_tone	sapo_probe	standard	n/a	n/a	n/a	n/a	n/a
3813.052	0	1906526	distractor_noise	sapo_probe	distractor	n/a	n/a	n/a	n/a	n/a
3814.068	0	1907034	standard_tone	sapo_probe	standard	n/a	n/a	n/a	n/a	n/a
3815.084	0	1907542	standard_tone	sapo_probe	standard	n/a	n/a	n/a	n/a	n/a
3816.100	0	1908050	standard_tone	sapo_probe	standard	n/a	n/a	n/a	n/a	n/a
3817.116	0	1908558	standard_tone	sapo_probe	standard	n/a	n/a	n/a	n/a	n/a
3818.116	0	1909058	standard_tone	sapo_probe	standard	n/a	n/a	n/a	n/a	n/a
3819.130	0	1909565	standard_tone	sapo_probe	standard	n/a	n/a	n/a	n/a	n/a
3820.146	0	1910073	standard_tone	sapo_probe	standard	n/a	n/a	n/a	n/a	n/a
3821.162	0	1910581	standard_tone	sapo_probe	standard	n/a	n/a	n/a	n/a	n/a
3822.178	0	1911089	standard_tone	sapo_probe	standard	n/a	n/a	n/a	n/a	n/a
3823.194	0	1911597	standard_tone	sapo_probe	standard	n/a	n/a	n/a	n/a	n/a
3824.210	0	1912105	standard_tone	sapo_probe	standard	n/a	n/a	n/a	n/a	n/a
3825.226	0	1912613	distractor_noise	sapo_probe	distractor	n/a	n/a	n/a	n/a	n/a
3826.242	0	1913121	standard_tone	sapo_probe	standard	n/a	n/a	n/a	n/a	n/a
3827.256	0	1913628	standard_tone	sapo_probe	standard	n/a	n/a	n/a	n/a	n/a
3828.272	0	1914136	standard_tone	sapo_probe	standard	n/a	n/a	n/a	n/a	n/a
3829.288	0	1914644	standard_tone	sapo_probe	standard	n/a	n/a	n/a	n/a	n/a
3829.788	0	1914894	prompt_window_begin	sapo_probe	probe-sapo-probe-begin	n/a	n/a	n/a	n/a	n/a
3836.182	0	1918091	clicker_press	sapo_probe	response-received-page_up	n/a	n/a	n/a	n/a	page_up
3836.534	0	1918267	clicker_press	sapo_probe	response-received-page_up	n/a	n/a	n/a	n/a	page_up
3838.848	0	1919424	depth_rating	sapo_probe	rating-sapo-probe-meditation_depth-2	2	n/a	n/a	n/a	n/a
3844.876	0	1922438	clicker_press	sapo_probe	response-received-page_up	n/a	n/a	n/a	n/a	page_up
3845.176	0	1922588	clicker_press	sapo_probe	response-received-page_up	n/a	n/a	n/a	n/a	page_up
3849.022	0	1924511	confidence_rating	sapo_probe	rating-sapo-probe-confidence_depth-2	n/a	2	n/a	n/a	n/a
3852.470	0	1926235	prompt_window_end	sapo_probe	probe-sapo-probe-end	n/a	n/a	n/a	n/a	n/a
3852.470	0	1926235	oddball_tone	sapo_probe	oddball	n/a	n/a	n/a	n/a	n/a
3853.484	0	1926742	standard_tone	sapo_probe	standard	n/a	n/a	n/a	n/a	n/a
3854.500	0	1927250	standard_tone	sapo_probe	standard	n/a	n/a	n/a	n/a	n/a
3855.516	0	1927758	standard_tone	sapo_probe	standard	n/a	n/a	n/a	n/a	n/a
3856.534	0	1928267	standard_tone	sapo_probe	standard	n/a	n/a	n/a	n/a	n/a
3857.548	0	1928774	standard_tone	sapo_probe	standard	n/a	n/a	n/a	n/a	n/a
3858.564	0	1929282	standard_tone	sapo_probe	standard	n/a	n/a	n/a	n/a	n/a
3859.580	0	1929790	distractor_noise	sapo_probe	distractor	n/a	n/a	n/a	n/a	n/a
3860.580	0	1930290	standard_tone	sapo_probe	standard	n/a	n/a	n/a	n/a	n/a
3860.962	0	1930481	silence_end	sapo_probe	silence-end	n/a	n/a	n/a	n/a	n/a
3860.964	0	1930482	subblock_end	sapo_probe	subblock-end-duration-131.174	n/a	n/a	n/a	131.174	n/a
3860.964	0	1930482	subblock_begin	sapo_probe	subblock-begin	n/a	n/a	n/a	n/a	n/a
3860.964	0	1930482	silence_begin	sapo_probe	silence-begin	n/a	n/a	n/a	n/a	n/a
3861.594	0	1930797	standard_tone	sapo_probe	standard	n/a	n/a	n/a	n/a	n/a
3862.610	0	1931305	distractor_noise	sapo_probe	distractor	n/a	n/a	n/a	n/a	n/a
3863.626	0	1931813	standard_tone	sapo_probe	standard	n/a	n/a	n/a	n/a	n/a
3864.642	0	1932321	distractor_noise	sapo_probe	distractor	n/a	n/a	n/a	n/a	n/a
3865.658	0	1932829	standard_tone	sapo_probe	standard	n/a	n/a	n/a	n/a	n/a
3866.674	0	1933337	distractor_noise	sapo_probe	distractor	n/a	n/a	n/a	n/a	n/a
3867.690	0	1933845	standard_tone	sapo_probe	standard	n/a	n/a	n/a	n/a	n/a
3868.706	0	1934353	standard_tone	sapo_probe	standard	n/a	n/a	n/a	n/a	n/a
3869.722	0	1934861	standard_tone	sapo_probe	standard	n/a	n/a	n/a	n/a	n/a
3870.738	0	1935369	standard_tone	sapo_probe	standard	n/a	n/a	n/a	n/a	n/a
3871.752	0	1935876	standard_tone	sapo_probe	standard	n/a	n/a	n/a	n/a	n/a
3872.768	0	1936384	standard_tone	sapo_probe	standard	n/a	n/a	n/a	n/a	n/a
3873.784	0	1936892	distractor_noise	sapo_probe	distractor	n/a	n/a	n/a	n/a	n/a
3874.800	0	1937400	standard_tone	sapo_probe	standard	n/a	n/a	n/a	n/a	n/a
3875.816	0	1937908	standard_tone	sapo_probe	standard	n/a	n/a	n/a	n/a	n/a
3876.832	0	1938416	standard_tone	sapo_probe	standard	n/a	n/a	n/a	n/a	n/a
3877.850	0	1938925	standard_tone	sapo_probe	standard	n/a	n/a	n/a	n/a	n/a
3878.864	0	1939432	standard_tone	sapo_probe	standard	n/a	n/a	n/a	n/a	n/a
3879.880	0	1939940	standard_tone	sapo_probe	standard	n/a	n/a	n/a	n/a	n/a
3880.896	0	1940448	oddball_tone	sapo_probe	oddball	n/a	n/a	n/a	n/a	n/a
3881.912	0	1940956	standard_tone	sapo_probe	standard	n/a	n/a	n/a	n/a	n/a
3882.928	0	1941464	standard_tone	sapo_probe	standard	n/a	n/a	n/a	n/a	n/a
3883.942	0	1941971	standard_tone	sapo_probe	standard	n/a	n/a	n/a	n/a	n/a
3884.958	0	1942479	standard_tone	sapo_probe	standard	n/a	n/a	n/a	n/a	n/a
3885.974	0	1942987	oddball_tone	sapo_probe	oddball	n/a	n/a	n/a	n/a	n/a
3886.990	0	1943495	standard_tone	sapo_probe	standard	n/a	n/a	n/a	n/a	n/a
3888.006	0	1944003	standard_tone	sapo_probe	standard	n/a	n/a	n/a	n/a	n/a
3889.022	0	1944511	standard_tone	sapo_probe	standard	n/a	n/a	n/a	n/a	n/a
3890.038	0	1945019	standard_tone	sapo_probe	standard	n/a	n/a	n/a	n/a	n/a
3891.054	0	1945527	oddball_tone	sapo_probe	oddball	n/a	n/a	n/a	n/a	n/a
3892.070	0	1946035	distractor_noise	sapo_probe	distractor	n/a	n/a	n/a	n/a	n/a
3893.086	0	1946543	standard_tone	sapo_probe	standard	n/a	n/a	n/a	n/a	n/a
3894.102	0	1947051	standard_tone	sapo_probe	standard	n/a	n/a	n/a	n/a	n/a
3895.118	0	1947559	standard_tone	sapo_probe	standard	n/a	n/a	n/a	n/a	n/a
3896.132	0	1948066	standard_tone	sapo_probe	standard	n/a	n/a	n/a	n/a	n/a
3897.132	0	1948566	oddball_tone	sapo_probe	oddball	n/a	n/a	n/a	n/a	n/a
3898.148	0	1949074	standard_tone	sapo_probe	standard	n/a	n/a	n/a	n/a	n/a
3899.164	0	1949582	distractor_noise	sapo_probe	distractor	n/a	n/a	n/a	n/a	n/a
3900.180	0	1950090	standard_tone	sapo_probe	standard	n/a	n/a	n/a	n/a	n/a
3901.180	0	1950590	standard_tone	sapo_probe	standard	n/a	n/a	n/a	n/a	n/a
3902.194	0	1951097	oddball_tone	sapo_probe	oddball	n/a	n/a	n/a	n/a	n/a
3903.210	0	1951605	standard_tone	sapo_probe	standard	n/a	n/a	n/a	n/a	n/a
3904.226	0	1952113	standard_tone	sapo_probe	standard	n/a	n/a	n/a	n/a	n/a
3905.242	0	1952621	distractor_noise	sapo_probe	distractor	n/a	n/a	n/a	n/a	n/a
3906.258	0	1953129	standard_tone	sapo_probe	standard	n/a	n/a	n/a	n/a	n/a
3907.274	0	1953637	standard_tone	sapo_probe	standard	n/a	n/a	n/a	n/a	n/a
3908.290	0	1954145	standard_tone	sapo_probe	standard	n/a	n/a	n/a	n/a	n/a
3909.306	0	1954653	standard_tone	sapo_probe	standard	n/a	n/a	n/a	n/a	n/a
3910.322	0	1955161	standard_tone	sapo_probe	standard	n/a	n/a	n/a	n/a	n/a
3911.336	0	1955668	standard_tone	sapo_probe	standard	n/a	n/a	n/a	n/a	n/a
3912.352	0	1956176	oddball_tone	sapo_probe	oddball	n/a	n/a	n/a	n/a	n/a
3913.368	0	1956684	standard_tone	sapo_probe	standard	n/a	n/a	n/a	n/a	n/a
3914.384	0	1957192	standard_tone	sapo_probe	standard	n/a	n/a	n/a	n/a	n/a
3915.400	0	1957700	standard_tone	sapo_probe	standard	n/a	n/a	n/a	n/a	n/a
3916.416	0	1958208	standard_tone	sapo_probe	standard	n/a	n/a	n/a	n/a	n/a
3917.432	0	1958716	standard_tone	sapo_probe	standard	n/a	n/a	n/a	n/a	n/a
3918.448	0	1959224	standard_tone	sapo_probe	standard	n/a	n/a	n/a	n/a	n/a
3919.448	0	1959724	oddball_tone	sapo_probe	oddball	n/a	n/a	n/a	n/a	n/a
3920.462	0	1960231	standard_tone	sapo_probe	standard	n/a	n/a	n/a	n/a	n/a
3921.478	0	1960739	standard_tone	sapo_probe	standard	n/a	n/a	n/a	n/a	n/a
3922.496	0	1961248	standard_tone	sapo_probe	standard	n/a	n/a	n/a	n/a	n/a
3923.510	0	1961755	standard_tone	sapo_probe	standard	n/a	n/a	n/a	n/a	n/a
3924.526	0	1962263	standard_tone	sapo_probe	standard	n/a	n/a	n/a	n/a	n/a
3925.542	0	1962771	standard_tone	sapo_probe	standard	n/a	n/a	n/a	n/a	n/a
3926.558	0	1963279	standard_tone	sapo_probe	standard	n/a	n/a	n/a	n/a	n/a
3927.574	0	1963787	standard_tone	sapo_probe	standard	n/a	n/a	n/a	n/a	n/a
3928.588	0	1964294	standard_tone	sapo_probe	standard	n/a	n/a	n/a	n/a	n/a
3929.604	0	1964802	standard_tone	sapo_probe	standard	n/a	n/a	n/a	n/a	n/a
3930.620	0	1965310	standard_tone	sapo_probe	standard	n/a	n/a	n/a	n/a	n/a
3931.636	0	1965818	standard_tone	sapo_probe	standard	n/a	n/a	n/a	n/a	n/a
3932.652	0	1966326	standard_tone	sapo_probe	standard	n/a	n/a	n/a	n/a	n/a
3933.668	0	1966834	standard_tone	sapo_probe	standard	n/a	n/a	n/a	n/a	n/a
3934.668	0	1967334	standard_tone	sapo_probe	standard	n/a	n/a	n/a	n/a	n/a
3935.684	0	1967842	standard_tone	sapo_probe	standard	n/a	n/a	n/a	n/a	n/a
3936.700	0	1968350	standard_tone	sapo_probe	standard	n/a	n/a	n/a	n/a	n/a
3937.716	0	1968858	standard_tone	sapo_probe	standard	n/a	n/a	n/a	n/a	n/a
3938.730	0	1969365	standard_tone	sapo_probe	standard	n/a	n/a	n/a	n/a	n/a
3939.748	0	1969874	standard_tone	sapo_probe	standard	n/a	n/a	n/a	n/a	n/a
3940.764	0	1970382	standard_tone	sapo_probe	standard	n/a	n/a	n/a	n/a	n/a
3941.778	0	1970889	standard_tone	sapo_probe	standard	n/a	n/a	n/a	n/a	n/a
3942.778	0	1971389	standard_tone	sapo_probe	standard	n/a	n/a	n/a	n/a	n/a
3943.792	0	1971896	standard_tone	sapo_probe	standard	n/a	n/a	n/a	n/a	n/a
3944.792	0	1972396	oddball_tone	sapo_probe	oddball	n/a	n/a	n/a	n/a	n/a
3945.808	0	1972904	standard_tone	sapo_probe	standard	n/a	n/a	n/a	n/a	n/a
3946.824	0	1973412	oddball_tone	sapo_probe	oddball	n/a	n/a	n/a	n/a	n/a
3947.840	0	1973920	standard_tone	sapo_probe	standard	n/a	n/a	n/a	n/a	n/a
3948.856	0	1974428	standard_tone	sapo_probe	standard	n/a	n/a	n/a	n/a	n/a
3949.872	0	1974936	standard_tone	sapo_probe	standard	n/a	n/a	n/a	n/a	n/a
3950.888	0	1975444	oddball_tone	sapo_probe	oddball	n/a	n/a	n/a	n/a	n/a
3951.904	0	1975952	standard_tone	sapo_probe	standard	n/a	n/a	n/a	n/a	n/a
3952.918	0	1976459	standard_tone	sapo_probe	standard	n/a	n/a	n/a	n/a	n/a
3953.934	0	1976967	oddball_tone	sapo_probe	oddball	n/a	n/a	n/a	n/a	n/a
3954.950	0	1977475	standard_tone	sapo_probe	standard	n/a	n/a	n/a	n/a	n/a
3955.966	0	1977983	standard_tone	sapo_probe	standard	n/a	n/a	n/a	n/a	n/a
3956.982	0	1978491	distractor_noise	sapo_probe	distractor	n/a	n/a	n/a	n/a	n/a
3957.998	0	1978999	standard_tone	sapo_probe	standard	n/a	n/a	n/a	n/a	n/a
3959.014	0	1979507	standard_tone	sapo_probe	standard	n/a	n/a	n/a	n/a	n/a
3960.030	0	1980015	standard_tone	sapo_probe	standard	n/a	n/a	n/a	n/a	n/a
3961.046	0	1980523	standard_tone	sapo_probe	standard	n/a	n/a	n/a	n/a	n/a
3962.062	0	1981031	standard_tone	sapo_probe	standard	n/a	n/a	n/a	n/a	n/a
3963.078	0	1981539	standard_tone	sapo_probe	standard	n/a	n/a	n/a	n/a	n/a
3964.078	0	1982039	standard_tone	sapo_probe	standard	n/a	n/a	n/a	n/a	n/a
3965.092	0	1982546	standard_tone	sapo_probe	standard	n/a	n/a	n/a	n/a	n/a
3966.108	0	1983054	standard_tone	sapo_probe	standard	n/a	n/a	n/a	n/a	n/a
3967.124	0	1983562	standard_tone	sapo_probe	standard	n/a	n/a	n/a	n/a	n/a
3968.124	0	1984062	standard_tone	sapo_probe	standard	n/a	n/a	n/a	n/a	n/a
3969.140	0	1984570	distractor_noise	sapo_probe	distractor	n/a	n/a	n/a	n/a	n/a
3970.154	0	1985077	standard_tone	sapo_probe	standard	n/a	n/a	n/a	n/a	n/a
3971.170	0	1985585	standard_tone	sapo_probe	standard	n/a	n/a	n/a	n/a	n/a
3971.270	0	1985635	silence_end	sapo_probe	silence-end	n/a	n/a	n/a	n/a	n/a
3971.272	0	1985636	subblock_end	sapo_probe	subblock-end-duration-110.308	n/a	n/a	n/a	110.308	n/a
3971.272	0	1985636	subblock_begin	sapo_probe	subblock-begin	n/a	n/a	n/a	n/a	n/a
3971.272	0	1985636	silence_begin	sapo_probe	silence-begin	n/a	n/a	n/a	n/a	n/a
3972.186	0	1986093	standard_tone	sapo_probe	standard	n/a	n/a	n/a	n/a	n/a
3973.202	0	1986601	standard_tone	sapo_probe	standard	n/a	n/a	n/a	n/a	n/a
3974.218	0	1987109	oddball_tone	sapo_probe	oddball	n/a	n/a	n/a	n/a	n/a
3975.234	0	1987617	standard_tone	sapo_probe	standard	n/a	n/a	n/a	n/a	n/a
3976.250	0	1988125	standard_tone	sapo_probe	standard	n/a	n/a	n/a	n/a	n/a
3977.266	0	1988633	standard_tone	sapo_probe	standard	n/a	n/a	n/a	n/a	n/a
3978.282	0	1989141	standard_tone	sapo_probe	standard	n/a	n/a	n/a	n/a	n/a
3979.298	0	1989649	standard_tone	sapo_probe	standard	n/a	n/a	n/a	n/a	n/a
3980.312	0	1990156	distractor_noise	sapo_probe	distractor	n/a	n/a	n/a	n/a	n/a
3981.330	0	1990665	oddball_tone	sapo_probe	oddball	n/a	n/a	n/a	n/a	n/a
3982.344	0	1991172	standard_tone	sapo_probe	standard	n/a	n/a	n/a	n/a	n/a
3983.360	0	1991680	standard_tone	sapo_probe	standard	n/a	n/a	n/a	n/a	n/a
3984.376	0	1992188	standard_tone	sapo_probe	standard	n/a	n/a	n/a	n/a	n/a
3985.392	0	1992696	standard_tone	sapo_probe	standard	n/a	n/a	n/a	n/a	n/a
3986.392	0	1993196	standard_tone	sapo_probe	standard	n/a	n/a	n/a	n/a	n/a
3987.406	0	1993703	standard_tone	sapo_probe	standard	n/a	n/a	n/a	n/a	n/a
3988.422	0	1994211	oddball_tone	sapo_probe	oddball	n/a	n/a	n/a	n/a	n/a
3989.422	0	1994711	standard_tone	sapo_probe	standard	n/a	n/a	n/a	n/a	n/a
3990.438	0	1995219	standard_tone	sapo_probe	standard	n/a	n/a	n/a	n/a	n/a
3991.454	0	1995727	standard_tone	sapo_probe	standard	n/a	n/a	n/a	n/a	n/a
3992.470	0	1996235	standard_tone	sapo_probe	standard	n/a	n/a	n/a	n/a	n/a
3993.486	0	1996743	standard_tone	sapo_probe	standard	n/a	n/a	n/a	n/a	n/a
3994.500	0	1997250	standard_tone	sapo_probe	standard	n/a	n/a	n/a	n/a	n/a
3995.518	0	1997759	standard_tone	sapo_probe	standard	n/a	n/a	n/a	n/a	n/a
3996.534	0	1998267	standard_tone	sapo_probe	standard	n/a	n/a	n/a	n/a	n/a
3997.548	0	1998774	standard_tone	sapo_probe	standard	n/a	n/a	n/a	n/a	n/a
3998.564	0	1999282	standard_tone	sapo_probe	standard	n/a	n/a	n/a	n/a	n/a
3999.580	0	1999790	standard_tone	sapo_probe	standard	n/a	n/a	n/a	n/a	n/a
4000.596	0	2000298	standard_tone	sapo_probe	standard	n/a	n/a	n/a	n/a	n/a
4001.612	0	2000806	standard_tone	sapo_probe	standard	n/a	n/a	n/a	n/a	n/a
4002.628	0	2001314	standard_tone	sapo_probe	standard	n/a	n/a	n/a	n/a	n/a
4003.628	0	2001814	standard_tone	sapo_probe	standard	n/a	n/a	n/a	n/a	n/a
4004.642	0	2002321	standard_tone	sapo_probe	standard	n/a	n/a	n/a	n/a	n/a
4005.658	0	2002829	standard_tone	sapo_probe	standard	n/a	n/a	n/a	n/a	n/a
4006.674	0	2003337	standard_tone	sapo_probe	standard	n/a	n/a	n/a	n/a	n/a
4007.690	0	2003845	standard_tone	sapo_probe	standard	n/a	n/a	n/a	n/a	n/a
4008.706	0	2004353	standard_tone	sapo_probe	standard	n/a	n/a	n/a	n/a	n/a
4009.722	0	2004861	distractor_noise	sapo_probe	distractor	n/a	n/a	n/a	n/a	n/a
4010.738	0	2005369	standard_tone	sapo_probe	standard	n/a	n/a	n/a	n/a	n/a
4011.754	0	2005877	standard_tone	sapo_probe	standard	n/a	n/a	n/a	n/a	n/a
4012.770	0	2006385	standard_tone	sapo_probe	standard	n/a	n/a	n/a	n/a	n/a
4013.784	0	2006892	standard_tone	sapo_probe	standard	n/a	n/a	n/a	n/a	n/a
4014.802	0	2007401	standard_tone	sapo_probe	standard	n/a	n/a	n/a	n/a	n/a
4015.816	0	2007908	standard_tone	sapo_probe	standard	n/a	n/a	n/a	n/a	n/a
4016.832	0	2008416	standard_tone	sapo_probe	standard	n/a	n/a	n/a	n/a	n/a
4017.848	0	2008924	standard_tone	sapo_probe	standard	n/a	n/a	n/a	n/a	n/a
4018.864	0	2009432	oddball_tone	sapo_probe	oddball	n/a	n/a	n/a	n/a	n/a
4019.880	0	2009940	standard_tone	sapo_probe	standard	n/a	n/a	n/a	n/a	n/a
4020.896	0	2010448	standard_tone	sapo_probe	standard	n/a	n/a	n/a	n/a	n/a
4021.912	0	2010956	standard_tone	sapo_probe	standard	n/a	n/a	n/a	n/a	n/a
4022.928	0	2011464	standard_tone	sapo_probe	standard	n/a	n/a	n/a	n/a	n/a
4023.944	0	2011972	standard_tone	sapo_probe	standard	n/a	n/a	n/a	n/a	n/a
4024.960	0	2012480	standard_tone	sapo_probe	standard	n/a	n/a	n/a	n/a	n/a
4025.976	0	2012988	standard_tone	sapo_probe	standard	n/a	n/a	n/a	n/a	n/a
4026.990	0	2013495	standard_tone	sapo_probe	standard	n/a	n/a	n/a	n/a	n/a
4028.006	0	2014003	standard_tone	sapo_probe	standard	n/a	n/a	n/a	n/a	n/a
4029.024	0	2014512	standard_tone	sapo_probe	standard	n/a	n/a	n/a	n/a	n/a
4030.038	0	2015019	standard_tone	sapo_probe	standard	n/a	n/a	n/a	n/a	n/a
4031.054	0	2015527	standard_tone	sapo_probe	standard	n/a	n/a	n/a	n/a	n/a
4032.070	0	2016035	oddball_tone	sapo_probe	oddball	n/a	n/a	n/a	n/a	n/a
4033.086	0	2016543	standard_tone	sapo_probe	standard	n/a	n/a	n/a	n/a	n/a
4034.102	0	2017051	standard_tone	sapo_probe	standard	n/a	n/a	n/a	n/a	n/a
4035.118	0	2017559	standard_tone	sapo_probe	standard	n/a	n/a	n/a	n/a	n/a
4036.134	0	2018067	standard_tone	sapo_probe	standard	n/a	n/a	n/a	n/a	n/a
4037.150	0	2018575	standard_tone	sapo_probe	standard	n/a	n/a	n/a	n/a	n/a
4038.166	0	2019083	standard_tone	sapo_probe	standard	n/a	n/a	n/a	n/a	n/a
4039.182	0	2019591	distractor_noise	sapo_probe	distractor	n/a	n/a	n/a	n/a	n/a
4040.196	0	2020098	standard_tone	sapo_probe	standard	n/a	n/a	n/a	n/a	n/a
4041.212	0	2020606	oddball_tone	sapo_probe	oddball	n/a	n/a	n/a	n/a	n/a
4042.228	0	2021114	standard_tone	sapo_probe	standard	n/a	n/a	n/a	n/a	n/a
4043.244	0	2021622	standard_tone	sapo_probe	standard	n/a	n/a	n/a	n/a	n/a
4044.244	0	2022122	standard_tone	sapo_probe	standard	n/a	n/a	n/a	n/a	n/a
4045.246	0	2022623	standard_tone	sapo_probe	standard	n/a	n/a	n/a	n/a	n/a
4046.258	0	2023129	distractor_noise	sapo_probe	distractor	n/a	n/a	n/a	n/a	n/a
4047.274	0	2023637	standard_tone	sapo_probe	standard	n/a	n/a	n/a	n/a	n/a
4048.290	0	2024145	distractor_noise	sapo_probe	distractor	n/a	n/a	n/a	n/a	n/a
4049.290	0	2024645	standard_tone	sapo_probe	standard	n/a	n/a	n/a	n/a	n/a
4050.304	0	2025152	standard_tone	sapo_probe	standard	n/a	n/a	n/a	n/a	n/a
4051.320	0	2025660	distractor_noise	sapo_probe	distractor	n/a	n/a	n/a	n/a	n/a
4052.336	0	2026168	standard_tone	sapo_probe	standard	n/a	n/a	n/a	n/a	n/a
4053.352	0	2026676	standard_tone	sapo_probe	standard	n/a	n/a	n/a	n/a	n/a
4054.368	0	2027184	standard_tone	sapo_probe	standard	n/a	n/a	n/a	n/a	n/a
4055.384	0	2027692	standard_tone	sapo_probe	standard	n/a	n/a	n/a	n/a	n/a
4056.384	0	2028192	standard_tone	sapo_probe	standard	n/a	n/a	n/a	n/a	n/a
4057.398	0	2028699	standard_tone	sapo_probe	standard	n/a	n/a	n/a	n/a	n/a
4058.416	0	2029208	standard_tone	sapo_probe	standard	n/a	n/a	n/a	n/a	n/a
4059.430	0	2029715	standard_tone	sapo_probe	standard	n/a	n/a	n/a	n/a	n/a
4060.446	0	2030223	standard_tone	sapo_probe	standard	n/a	n/a	n/a	n/a	n/a
4061.462	0	2030731	standard_tone	sapo_probe	standard	n/a	n/a	n/a	n/a	n/a
4062.478	0	2031239	standard_tone	sapo_probe	standard	n/a	n/a	n/a	n/a	n/a
4063.494	0	2031747	standard_tone	sapo_probe	standard	n/a	n/a	n/a	n/a	n/a
4064.510	0	2032255	standard_tone	sapo_probe	standard	n/a	n/a	n/a	n/a	n/a
4065.526	0	2032763	standard_tone	sapo_probe	standard	n/a	n/a	n/a	n/a	n/a
4066.542	0	2033271	standard_tone	sapo_probe	standard	n/a	n/a	n/a	n/a	n/a
4067.558	0	2033779	standard_tone	sapo_probe	standard	n/a	n/a	n/a	n/a	n/a
4068.574	0	2034287	standard_tone	sapo_probe	standard	n/a	n/a	n/a	n/a	n/a
4069.588	0	2034794	standard_tone	sapo_probe	standard	n/a	n/a	n/a	n/a	n/a
4070.604	0	2035302	standard_tone	sapo_probe	standard	n/a	n/a	n/a	n/a	n/a
4071.620	0	2035810	standard_tone	sapo_probe	standard	n/a	n/a	n/a	n/a	n/a
4072.636	0	2036318	standard_tone	sapo_probe	standard	n/a	n/a	n/a	n/a	n/a
4073.652	0	2036826	standard_tone	sapo_probe	standard	n/a	n/a	n/a	n/a	n/a
4074.668	0	2037334	standard_tone	sapo_probe	standard	n/a	n/a	n/a	n/a	n/a
4075.684	0	2037842	distractor_noise	sapo_probe	distractor	n/a	n/a	n/a	n/a	n/a
4076.700	0	2038350	standard_tone	sapo_probe	standard	n/a	n/a	n/a	n/a	n/a
4077.716	0	2038858	standard_tone	sapo_probe	standard	n/a	n/a	n/a	n/a	n/a
4078.732	0	2039366	standard_tone	sapo_probe	standard	n/a	n/a	n/a	n/a	n/a
4079.514	0	2039757	prompt_window_begin	sapo_probe	probe-sapo-probe-begin	n/a	n/a	n/a	n/a	n/a
4085.726	0	2042863	clicker_press	sapo_probe	response-received-page_up	n/a	n/a	n/a	n/a	page_up
4086.192	0	2043096	clicker_press	sapo_probe	response-received-page_up	n/a	n/a	n/a	n/a	page_up
4088.656	0	2044328	depth_rating	sapo_probe	rating-sapo-probe-meditation_depth-2	2	n/a	n/a	n/a	n/a
4092.754	0	2046377	clicker_press	sapo_probe	response-received-page_up	n/a	n/a	n/a	n/a	page_up
4093.302	0	2046651	clicker_press	sapo_probe	response-received-page_up	n/a	n/a	n/a	n/a	page_up
4093.836	0	2046918	clicker_press	sapo_probe	response-received-page_up	n/a	n/a	n/a	n/a	page_up
4098.748	0	2049374	confidence_rating	sapo_probe	rating-sapo-probe-confidence_depth-3	n/a	3	n/a	n/a	n/a
4102.246	0	2051123	prompt_window_end	sapo_probe	probe-sapo-probe-end	n/a	n/a	n/a	n/a	n/a
4102.262	0	2051131	standard_tone	sapo_probe	standard	n/a	n/a	n/a	n/a	n/a
4103.278	0	2051639	standard_tone	sapo_probe	standard	n/a	n/a	n/a	n/a	n/a
4104.294	0	2052147	standard_tone	sapo_probe	standard	n/a	n/a	n/a	n/a	n/a
4105.310	0	2052655	standard_tone	sapo_probe	standard	n/a	n/a	n/a	n/a	n/a
4106.326	0	2053163	standard_tone	sapo_probe	standard	n/a	n/a	n/a	n/a	n/a
4107.340	0	2053670	distractor_noise	sapo_probe	distractor	n/a	n/a	n/a	n/a	n/a
4108.358	0	2054179	standard_tone	sapo_probe	standard	n/a	n/a	n/a	n/a	n/a
4109.372	0	2054686	oddball_tone	sapo_probe	oddball	n/a	n/a	n/a	n/a	n/a
4110.388	0	2055194	standard_tone	sapo_probe	standard	n/a	n/a	n/a	n/a	n/a
4111.404	0	2055702	standard_tone	sapo_probe	standard	n/a	n/a	n/a	n/a	n/a
4112.420	0	2056210	standard_tone	sapo_probe	standard	n/a	n/a	n/a	n/a	n/a
4113.436	0	2056718	standard_tone	sapo_probe	standard	n/a	n/a	n/a	n/a	n/a
4113.620	0	2056810	silence_end	sapo_probe	silence-end	n/a	n/a	n/a	n/a	n/a
4113.620	0	2056810	subblock_end	sapo_probe	subblock-end-duration-142.348	n/a	n/a	n/a	142.348	n/a
4113.620	0	2056810	subblock_begin	sapo_probe	subblock-begin	n/a	n/a	n/a	n/a	n/a
4113.622	0	2056811	silence_begin	sapo_probe	silence-begin	n/a	n/a	n/a	n/a	n/a
4114.452	0	2057226	standard_tone	sapo_probe	standard	n/a	n/a	n/a	n/a	n/a
4115.468	0	2057734	standard_tone	sapo_probe	standard	n/a	n/a	n/a	n/a	n/a
4116.484	0	2058242	standard_tone	sapo_probe	standard	n/a	n/a	n/a	n/a	n/a
4117.500	0	2058750	standard_tone	sapo_probe	standard	n/a	n/a	n/a	n/a	n/a
4118.514	0	2059257	standard_tone	sapo_probe	standard	n/a	n/a	n/a	n/a	n/a
4119.532	0	2059766	standard_tone	sapo_probe	standard	n/a	n/a	n/a	n/a	n/a
4120.546	0	2060273	oddball_tone	sapo_probe	oddball	n/a	n/a	n/a	n/a	n/a
4121.562	0	2060781	standard_tone	sapo_probe	standard	n/a	n/a	n/a	n/a	n/a
4122.578	0	2061289	standard_tone	sapo_probe	standard	n/a	n/a	n/a	n/a	n/a
4123.594	0	2061797	standard_tone	sapo_probe	standard	n/a	n/a	n/a	n/a	n/a
4124.610	0	2062305	standard_tone	sapo_probe	standard	n/a	n/a	n/a	n/a	n/a
4125.610	0	2062805	standard_tone	sapo_probe	standard	n/a	n/a	n/a	n/a	n/a
4126.626	0	2063313	standard_tone	sapo_probe	standard	n/a	n/a	n/a	n/a	n/a
4127.640	0	2063820	standard_tone	sapo_probe	standard	n/a	n/a	n/a	n/a	n/a
4128.656	0	2064328	standard_tone	sapo_probe	standard	n/a	n/a	n/a	n/a	n/a
4129.672	0	2064836	standard_tone	sapo_probe	standard	n/a	n/a	n/a	n/a	n/a
4130.688	0	2065344	standard_tone	sapo_probe	standard	n/a	n/a	n/a	n/a	n/a
4131.704	0	2065852	standard_tone	sapo_probe	standard	n/a	n/a	n/a	n/a	n/a
4132.720	0	2066360	standard_tone	sapo_probe	standard	n/a	n/a	n/a	n/a	n/a
4133.736	0	2066868	standard_tone	sapo_probe	standard	n/a	n/a	n/a	n/a	n/a
4134.752	0	2067376	standard_tone	sapo_probe	standard	n/a	n/a	n/a	n/a	n/a
4135.768	0	2067884	distractor_noise	sapo_probe	distractor	n/a	n/a	n/a	n/a	n/a
4136.784	0	2068392	standard_tone	sapo_probe	standard	n/a	n/a	n/a	n/a	n/a
4137.800	0	2068900	standard_tone	sapo_probe	standard	n/a	n/a	n/a	n/a	n/a
4138.816	0	2069408	distractor_noise	sapo_probe	distractor	n/a	n/a	n/a	n/a	n/a
4139.830	0	2069915	standard_tone	sapo_probe	standard	n/a	n/a	n/a	n/a	n/a
4140.846	0	2070423	standard_tone	sapo_probe	standard	n/a	n/a	n/a	n/a	n/a
4141.862	0	2070931	standard_tone	sapo_probe	standard	n/a	n/a	n/a	n/a	n/a
4142.878	0	2071439	standard_tone	sapo_probe	standard	n/a	n/a	n/a	n/a	n/a
4143.878	0	2071939	standard_tone	sapo_probe	standard	n/a	n/a	n/a	n/a	n/a
4144.892	0	2072446	standard_tone	sapo_probe	standard	n/a	n/a	n/a	n/a	n/a
4145.910	0	2072955	oddball_tone	sapo_probe	oddball	n/a	n/a	n/a	n/a	n/a
4146.924	0	2073462	distractor_noise	sapo_probe	distractor	n/a	n/a	n/a	n/a	n/a
4147.940	0	2073970	standard_tone	sapo_probe	standard	n/a	n/a	n/a	n/a	n/a
4148.956	0	2074478	standard_tone	sapo_probe	standard	n/a	n/a	n/a	n/a	n/a
4149.972	0	2074986	standard_tone	sapo_probe	standard	n/a	n/a	n/a	n/a	n/a
4150.988	0	2075494	standard_tone	sapo_probe	standard	n/a	n/a	n/a	n/a	n/a
4152.004	0	2076002	distractor_noise	sapo_probe	distractor	n/a	n/a	n/a	n/a	n/a
4153.020	0	2076510	standard_tone	sapo_probe	standard	n/a	n/a	n/a	n/a	n/a
4154.036	0	2077018	distractor_noise	sapo_probe	distractor	n/a	n/a	n/a	n/a	n/a
4155.052	0	2077526	oddball_tone	sapo_probe	oddball	n/a	n/a	n/a	n/a	n/a
4156.068	0	2078034	distractor_noise	sapo_probe	distractor	n/a	n/a	n/a	n/a	n/a
4157.066	0	2078533	standard_tone	sapo_probe	standard	n/a	n/a	n/a	n/a	n/a
4158.082	0	2079041	standard_tone	sapo_probe	standard	n/a	n/a	n/a	n/a	n/a
4159.098	0	2079549	standard_tone	sapo_probe	standard	n/a	n/a	n/a	n/a	n/a
4160.114	0	2080057	oddball_tone	sapo_probe	oddball	n/a	n/a	n/a	n/a	n/a
4161.130	0	2080565	standard_tone	sapo_probe	standard	n/a	n/a	n/a	n/a	n/a
4162.146	0	2081073	standard_tone	sapo_probe	standard	n/a	n/a	n/a	n/a	n/a
4163.162	0	2081581	standard_tone	sapo_probe	standard	n/a	n/a	n/a	n/a	n/a
4164.178	0	2082089	standard_tone	sapo_probe	standard	n/a	n/a	n/a	n/a	n/a
4165.176	0	2082588	standard_tone	sapo_probe	standard	n/a	n/a	n/a	n/a	n/a
4166.192	0	2083096	distractor_noise	sapo_probe	distractor	n/a	n/a	n/a	n/a	n/a
4167.208	0	2083604	standard_tone	sapo_probe	standard	n/a	n/a	n/a	n/a	n/a
4168.224	0	2084112	standard_tone	sapo_probe	standard	n/a	n/a	n/a	n/a	n/a
4169.240	0	2084620	standard_tone	sapo_probe	standard	n/a	n/a	n/a	n/a	n/a
4170.256	0	2085128	standard_tone	sapo_probe	standard	n/a	n/a	n/a	n/a	n/a
4171.270	0	2085635	standard_tone	sapo_probe	standard	n/a	n/a	n/a	n/a	n/a
4172.286	0	2086143	standard_tone	sapo_probe	standard	n/a	n/a	n/a	n/a	n/a
4173.302	0	2086651	standard_tone	sapo_probe	standard	n/a	n/a	n/a	n/a	n/a
4174.318	0	2087159	standard_tone	sapo_probe	standard	n/a	n/a	n/a	n/a	n/a
4175.334	0	2087667	standard_tone	sapo_probe	standard	n/a	n/a	n/a	n/a	n/a
4176.350	0	2088175	oddball_tone	sapo_probe	oddball	n/a	n/a	n/a	n/a	n/a
4177.366	0	2088683	standard_tone	sapo_probe	standard	n/a	n/a	n/a	n/a	n/a
4178.382	0	2089191	oddball_tone	sapo_probe	oddball	n/a	n/a	n/a	n/a	n/a
4179.398	0	2089699	standard_tone	sapo_probe	standard	n/a	n/a	n/a	n/a	n/a
4180.398	0	2090199	distractor_noise	sapo_probe	distractor	n/a	n/a	n/a	n/a	n/a
4181.414	0	2090707	standard_tone	sapo_probe	standard	n/a	n/a	n/a	n/a	n/a
4182.428	0	2091214	standard_tone	sapo_probe	standard	n/a	n/a	n/a	n/a	n/a
4183.444	0	2091722	oddball_tone	sapo_probe	oddball	n/a	n/a	n/a	n/a	n/a
4184.460	0	2092230	standard_tone	sapo_probe	standard	n/a	n/a	n/a	n/a	n/a
4185.476	0	2092738	distractor_noise	sapo_probe	distractor	n/a	n/a	n/a	n/a	n/a
4186.492	0	2093246	standard_tone	sapo_probe	standard	n/a	n/a	n/a	n/a	n/a
4187.508	0	2093754	standard_tone	sapo_probe	standard	n/a	n/a	n/a	n/a	n/a
4188.524	0	2094262	standard_tone	sapo_probe	standard	n/a	n/a	n/a	n/a	n/a
4189.540	0	2094770	standard_tone	sapo_probe	standard	n/a	n/a	n/a	n/a	n/a
4190.556	0	2095278	standard_tone	sapo_probe	standard	n/a	n/a	n/a	n/a	n/a
4191.570	0	2095785	distractor_noise	sapo_probe	distractor	n/a	n/a	n/a	n/a	n/a
4192.586	0	2096293	standard_tone	sapo_probe	standard	n/a	n/a	n/a	n/a	n/a
4193.602	0	2096801	standard_tone	sapo_probe	standard	n/a	n/a	n/a	n/a	n/a
4194.618	0	2097309	standard_tone	sapo_probe	standard	n/a	n/a	n/a	n/a	n/a
4195.634	0	2097817	standard_tone	sapo_probe	standard	n/a	n/a	n/a	n/a	n/a
4196.650	0	2098325	standard_tone	sapo_probe	standard	n/a	n/a	n/a	n/a	n/a
4197.666	0	2098833	standard_tone	sapo_probe	standard	n/a	n/a	n/a	n/a	n/a
4198.682	0	2099341	standard_tone	sapo_probe	standard	n/a	n/a	n/a	n/a	n/a
4199.698	0	2099849	standard_tone	sapo_probe	standard	n/a	n/a	n/a	n/a	n/a
4200.714	0	2100357	standard_tone	sapo_probe	standard	n/a	n/a	n/a	n/a	n/a
4201.730	0	2100865	standard_tone	sapo_probe	standard	n/a	n/a	n/a	n/a	n/a
4202.746	0	2101373	standard_tone	sapo_probe	standard	n/a	n/a	n/a	n/a	n/a
4203.762	0	2101881	standard_tone	sapo_probe	standard	n/a	n/a	n/a	n/a	n/a
4204.776	0	2102388	standard_tone	sapo_probe	standard	n/a	n/a	n/a	n/a	n/a
4205.792	0	2102896	standard_tone	sapo_probe	standard	n/a	n/a	n/a	n/a	n/a
4206.808	0	2103404	standard_tone	sapo_probe	standard	n/a	n/a	n/a	n/a	n/a
4207.824	0	2103912	oddball_tone	sapo_probe	oddball	n/a	n/a	n/a	n/a	n/a
4208.840	0	2104420	standard_tone	sapo_probe	standard	n/a	n/a	n/a	n/a	n/a
4209.856	0	2104928	standard_tone	sapo_probe	standard	n/a	n/a	n/a	n/a	n/a
4210.872	0	2105436	oddball_tone	sapo_probe	oddball	n/a	n/a	n/a	n/a	n/a
4211.888	0	2105944	standard_tone	sapo_probe	standard	n/a	n/a	n/a	n/a	n/a
4212.904	0	2106452	distractor_noise	sapo_probe	distractor	n/a	n/a	n/a	n/a	n/a
4213.920	0	2106960	standard_tone	sapo_probe	standard	n/a	n/a	n/a	n/a	n/a
4214.934	0	2107467	standard_tone	sapo_probe	standard	n/a	n/a	n/a	n/a	n/a
4215.950	0	2107975	standard_tone	sapo_probe	standard	n/a	n/a	n/a	n/a	n/a
4216.966	0	2108483	oddball_tone	sapo_probe	oddball	n/a	n/a	n/a	n/a	n/a
4217.982	0	2108991	standard_tone	sapo_probe	standard	n/a	n/a	n/a	n/a	n/a
4218.998	0	2109499	standard_tone	sapo_probe	standard	n/a	n/a	n/a	n/a	n/a
4220.014	0	2110007	standard_tone	sapo_probe	standard	n/a	n/a	n/a	n/a	n/a
4221.030	0	2110515	distractor_noise	sapo_probe	distractor	n/a	n/a	n/a	n/a	n/a
4222.046	0	2111023	standard_tone	sapo_probe	standard	n/a	n/a	n/a	n/a	n/a
4223.062	0	2111531	distractor_noise	sapo_probe	distractor	n/a	n/a	n/a	n/a	n/a
4224.078	0	2112039	standard_tone	sapo_probe	standard	n/a	n/a	n/a	n/a	n/a
4225.094	0	2112547	standard_tone	sapo_probe	standard	n/a	n/a	n/a	n/a	n/a
4226.110	0	2113055	standard_tone	sapo_probe	standard	n/a	n/a	n/a	n/a	n/a
4226.558	0	2113279	silence_end	sapo_probe	silence-end	n/a	n/a	n/a	n/a	n/a
4226.560	0	2113280	gong_begin	sapo_probe	gong-begin	n/a	n/a	n/a	n/a	n/a
4236.700	0	2118350	gong_end	sapo_probe	gong-end	n/a	n/a	n/a	n/a	n/a
4236.702	0	2118351	subblock_end	sapo_probe	subblock-end-duration-123.081	n/a	n/a	n/a	123.081	n/a
4236.702	0	2118351	subblock_begin	sapo_probe	subblock-begin	n/a	n/a	n/a	n/a	n/a
4236.702	0	2118351	silence_begin	sapo_probe	silence-begin	n/a	n/a	n/a	n/a	n/a
4236.716	0	2118358	standard_tone	sapo_probe	standard	n/a	n/a	n/a	n/a	n/a
4237.732	0	2118866	standard_tone	sapo_probe	standard	n/a	n/a	n/a	n/a	n/a
4238.748	0	2119374	standard_tone	sapo_probe	standard	n/a	n/a	n/a	n/a	n/a
4239.764	0	2119882	distractor_noise	sapo_probe	distractor	n/a	n/a	n/a	n/a	n/a
4240.780	0	2120390	standard_tone	sapo_probe	standard	n/a	n/a	n/a	n/a	n/a
4241.796	0	2120898	standard_tone	sapo_probe	standard	n/a	n/a	n/a	n/a	n/a
4242.812	0	2121406	standard_tone	sapo_probe	standard	n/a	n/a	n/a	n/a	n/a
4243.828	0	2121914	standard_tone	sapo_probe	standard	n/a	n/a	n/a	n/a	n/a
4244.844	0	2122422	oddball_tone	sapo_probe	oddball	n/a	n/a	n/a	n/a	n/a
4245.860	0	2122930	standard_tone	sapo_probe	standard	n/a	n/a	n/a	n/a	n/a
4246.876	0	2123438	standard_tone	sapo_probe	standard	n/a	n/a	n/a	n/a	n/a
4247.892	0	2123946	standard_tone	sapo_probe	standard	n/a	n/a	n/a	n/a	n/a
4248.908	0	2124454	oddball_tone	sapo_probe	oddball	n/a	n/a	n/a	n/a	n/a
4249.922	0	2124961	standard_tone	sapo_probe	standard	n/a	n/a	n/a	n/a	n/a
4250.938	0	2125469	standard_tone	sapo_probe	standard	n/a	n/a	n/a	n/a	n/a
4251.938	0	2125969	standard_tone	sapo_probe	standard	n/a	n/a	n/a	n/a	n/a
4252.954	0	2126477	standard_tone	sapo_probe	standard	n/a	n/a	n/a	n/a	n/a
4253.970	0	2126985	standard_tone	sapo_probe	standard	n/a	n/a	n/a	n/a	n/a
4254.986	0	2127493	standard_tone	sapo_probe	standard	n/a	n/a	n/a	n/a	n/a
4256.000	0	2128000	standard_tone	sapo_probe	standard	n/a	n/a	n/a	n/a	n/a
4257.016	0	2128508	standard_tone	sapo_probe	standard	n/a	n/a	n/a	n/a	n/a
4258.032	0	2129016	standard_tone	sapo_probe	standard	n/a	n/a	n/a	n/a	n/a
4259.048	0	2129524	standard_tone	sapo_probe	standard	n/a	n/a	n/a	n/a	n/a
4260.064	0	2130032	standard_tone	sapo_probe	standard	n/a	n/a	n/a	n/a	n/a
4261.080	0	2130540	oddball_tone	sapo_probe	oddball	n/a	n/a	n/a	n/a	n/a
4262.096	0	2131048	standard_tone	sapo_probe	standard	n/a	n/a	n/a	n/a	n/a
4263.112	0	2131556	distractor_noise	sapo_probe	distractor	n/a	n/a	n/a	n/a	n/a
4264.128	0	2132064	standard_tone	sapo_probe	standard	n/a	n/a	n/a	n/a	n/a
4265.144	0	2132572	oddball_tone	sapo_probe	oddball	n/a	n/a	n/a	n/a	n/a
4266.144	0	2133072	standard_tone	sapo_probe	standard	n/a	n/a	n/a	n/a	n/a
4267.158	0	2133579	standard_tone	sapo_probe	standard	n/a	n/a	n/a	n/a	n/a
4268.174	0	2134087	standard_tone	sapo_probe	standard	n/a	n/a	n/a	n/a	n/a
4269.190	0	2134595	standard_tone	sapo_probe	standard	n/a	n/a	n/a	n/a	n/a
4270.206	0	2135103	standard_tone	sapo_probe	standard	n/a	n/a	n/a	n/a	n/a
4271.222	0	2135611	oddball_tone	sapo_probe	oddball	n/a	n/a	n/a	n/a	n/a
4272.238	0	2136119	standard_tone	sapo_probe	standard	n/a	n/a	n/a	n/a	n/a
4273.254	0	2136627	oddball_tone	sapo_probe	oddball	n/a	n/a	n/a	n/a	n/a
4274.270	0	2137135	standard_tone	sapo_probe	standard	n/a	n/a	n/a	n/a	n/a
4275.284	0	2137642	distractor_noise	sapo_probe	distractor	n/a	n/a	n/a	n/a	n/a
4276.300	0	2138150	standard_tone	sapo_probe	standard	n/a	n/a	n/a	n/a	n/a
4277.318	0	2138659	standard_tone	sapo_probe	standard	n/a	n/a	n/a	n/a	n/a
4278.332	0	2139166	standard_tone	sapo_probe	standard	n/a	n/a	n/a	n/a	n/a
4279.348	0	2139674	standard_tone	sapo_probe	standard	n/a	n/a	n/a	n/a	n/a
4280.364	0	2140182	standard_tone	sapo_probe	standard	n/a	n/a	n/a	n/a	n/a
4281.380	0	2140690	standard_tone	sapo_probe	standard	n/a	n/a	n/a	n/a	n/a
4282.396	0	2141198	standard_tone	sapo_probe	standard	n/a	n/a	n/a	n/a	n/a
4283.412	0	2141706	standard_tone	sapo_probe	standard	n/a	n/a	n/a	n/a	n/a
4284.428	0	2142214	standard_tone	sapo_probe	standard	n/a	n/a	n/a	n/a	n/a
4285.442	0	2142721	standard_tone	sapo_probe	standard	n/a	n/a	n/a	n/a	n/a
4286.460	0	2143230	standard_tone	sapo_probe	standard	n/a	n/a	n/a	n/a	n/a
4287.474	0	2143737	standard_tone	sapo_probe	standard	n/a	n/a	n/a	n/a	n/a
4288.490	0	2144245	standard_tone	sapo_probe	standard	n/a	n/a	n/a	n/a	n/a
4289.490	0	2144745	standard_tone	sapo_probe	standard	n/a	n/a	n/a	n/a	n/a
4290.506	0	2145253	standard_tone	sapo_probe	standard	n/a	n/a	n/a	n/a	n/a
4291.522	0	2145761	oddball_tone	sapo_probe	oddball	n/a	n/a	n/a	n/a	n/a
4292.538	0	2146269	standard_tone	sapo_probe	standard	n/a	n/a	n/a	n/a	n/a
4293.554	0	2146777	distractor_noise	sapo_probe	distractor	n/a	n/a	n/a	n/a	n/a
4294.568	0	2147284	standard_tone	sapo_probe	standard	n/a	n/a	n/a	n/a	n/a
4295.584	0	2147792	standard_tone	sapo_probe	standard	n/a	n/a	n/a	n/a	n/a
4296.600	0	2148300	standard_tone	sapo_probe	standard	n/a	n/a	n/a	n/a	n/a
4297.616	0	2148808	oddball_tone	sapo_probe	oddball	n/a	n/a	n/a	n/a	n/a
4298.632	0	2149316	standard_tone	sapo_probe	standard	n/a	n/a	n/a	n/a	n/a
4299.648	0	2149824	standard_tone	sapo_probe	standard	n/a	n/a	n/a	n/a	n/a
4300.664	0	2150332	distractor_noise	sapo_probe	distractor	n/a	n/a	n/a	n/a	n/a
4301.680	0	2150840	standard_tone	sapo_probe	standard	n/a	n/a	n/a	n/a	n/a
4302.696	0	2151348	standard_tone	sapo_probe	standard	n/a	n/a	n/a	n/a	n/a
4303.712	0	2151856	standard_tone	sapo_probe	standard	n/a	n/a	n/a	n/a	n/a
4304.728	0	2152364	oddball_tone	sapo_probe	oddball	n/a	n/a	n/a	n/a	n/a
4305.744	0	2152872	standard_tone	sapo_probe	standard	n/a	n/a	n/a	n/a	n/a
4306.758	0	2153379	oddball_tone	sapo_probe	oddball	n/a	n/a	n/a	n/a	n/a
4307.758	0	2153879	distractor_noise	sapo_probe	distractor	n/a	n/a	n/a	n/a	n/a
4308.774	0	2154387	standard_tone	sapo_probe	standard	n/a	n/a	n/a	n/a	n/a
4309.790	0	2154895	standard_tone	sapo_probe	standard	n/a	n/a	n/a	n/a	n/a
4310.806	0	2155403	standard_tone	sapo_probe	standard	n/a	n/a	n/a	n/a	n/a
4311.822	0	2155911	distractor_noise	sapo_probe	distractor	n/a	n/a	n/a	n/a	n/a
4312.838	0	2156419	standard_tone	sapo_probe	standard	n/a	n/a	n/a	n/a	n/a
4313.852	0	2156926	standard_tone	sapo_probe	standard	n/a	n/a	n/a	n/a	n/a
4314.868	0	2157434	standard_tone	sapo_probe	standard	n/a	n/a	n/a	n/a	n/a
4315.884	0	2157942	standard_tone	sapo_probe	standard	n/a	n/a	n/a	n/a	n/a
4316.900	0	2158450	standard_tone	sapo_probe	standard	n/a	n/a	n/a	n/a	n/a
4317.916	0	2158958	standard_tone	sapo_probe	standard	n/a	n/a	n/a	n/a	n/a
4318.932	0	2159466	standard_tone	sapo_probe	standard	n/a	n/a	n/a	n/a	n/a
4319.948	0	2159974	standard_tone	sapo_probe	standard	n/a	n/a	n/a	n/a	n/a
4320.964	0	2160482	standard_tone	sapo_probe	standard	n/a	n/a	n/a	n/a	n/a
4321.964	0	2160982	distractor_noise	sapo_probe	distractor	n/a	n/a	n/a	n/a	n/a
4322.978	0	2161489	standard_tone	sapo_probe	standard	n/a	n/a	n/a	n/a	n/a
4323.994	0	2161997	oddball_tone	sapo_probe	oddball	n/a	n/a	n/a	n/a	n/a
4325.010	0	2162505	standard_tone	sapo_probe	standard	n/a	n/a	n/a	n/a	n/a
4326.026	0	2163013	standard_tone	sapo_probe	standard	n/a	n/a	n/a	n/a	n/a
4327.042	0	2163521	standard_tone	sapo_probe	standard	n/a	n/a	n/a	n/a	n/a
4328.058	0	2164029	standard_tone	sapo_probe	standard	n/a	n/a	n/a	n/a	n/a
4329.058	0	2164529	standard_tone	sapo_probe	standard	n/a	n/a	n/a	n/a	n/a
4330.074	0	2165037	standard_tone	sapo_probe	standard	n/a	n/a	n/a	n/a	n/a
4331.088	0	2165544	standard_tone	sapo_probe	standard	n/a	n/a	n/a	n/a	n/a
4332.104	0	2166052	standard_tone	sapo_probe	standard	n/a	n/a	n/a	n/a	n/a
4333.120	0	2166560	standard_tone	sapo_probe	standard	n/a	n/a	n/a	n/a	n/a
4334.136	0	2167068	standard_tone	sapo_probe	standard	n/a	n/a	n/a	n/a	n/a
4334.270	0	2167135	prompt_window_begin	sapo_probe	probe-sapo-probe-begin	n/a	n/a	n/a	n/a	n/a
4340.400	0	2170200	clicker_press	sapo_probe	response-received-page_up	n/a	n/a	n/a	n/a	page_up
4340.930	0	2170465	clicker_press	sapo_probe	response-received-page_up	n/a	n/a	n/a	n/a	page_up
4343.296	0	2171648	depth_rating	sapo_probe	rating-sapo-probe-meditation_depth-2	2	n/a	n/a	n/a	n/a
4348.974	0	2174487	clicker_press	sapo_probe	response-received-page_up	n/a	n/a	n/a	n/a	page_up
4349.508	0	2174754	clicker_press	sapo_probe	response-received-page_up	n/a	n/a	n/a	n/a	page_up
4349.990	0	2174995	clicker_press	sapo_probe	response-received-page_up	n/a	n/a	n/a	n/a	page_up
4353.338	0	2176669	confidence_rating	sapo_probe	rating-sapo-probe-confidence_depth-3	n/a	3	n/a	n/a	n/a
4356.818	0	2178409	prompt_window_end	sapo_probe	probe-sapo-probe-end	n/a	n/a	n/a	n/a	n/a
4356.818	0	2178409	standard_tone	sapo_probe	standard	n/a	n/a	n/a	n/a	n/a
4357.834	0	2178917	oddball_tone	sapo_probe	oddball	n/a	n/a	n/a	n/a	n/a
4358.850	0	2179425	standard_tone	sapo_probe	standard	n/a	n/a	n/a	n/a	n/a
4359.866	0	2179933	standard_tone	sapo_probe	standard	n/a	n/a	n/a	n/a	n/a
4360.880	0	2180440	standard_tone	sapo_probe	standard	n/a	n/a	n/a	n/a	n/a
4361.698	0	2180849	silence_end	sapo_probe	silence-end	n/a	n/a	n/a	n/a	n/a
4361.698	0	2180849	subblock_end	sapo_probe	subblock-end-duration-124.997	n/a	n/a	n/a	124.997	n/a
4361.698	0	2180849	subblock_begin	sapo_probe	subblock-begin	n/a	n/a	n/a	n/a	n/a
4361.700	0	2180850	silence_begin	sapo_probe	silence-begin	n/a	n/a	n/a	n/a	n/a
4361.896	0	2180948	standard_tone	sapo_probe	standard	n/a	n/a	n/a	n/a	n/a
4362.912	0	2181456	standard_tone	sapo_probe	standard	n/a	n/a	n/a	n/a	n/a
4363.928	0	2181964	standard_tone	sapo_probe	standard	n/a	n/a	n/a	n/a	n/a
4364.944	0	2182472	standard_tone	sapo_probe	standard	n/a	n/a	n/a	n/a	n/a
4365.960	0	2182980	standard_tone	sapo_probe	standard	n/a	n/a	n/a	n/a	n/a
4366.976	0	2183488	standard_tone	sapo_probe	standard	n/a	n/a	n/a	n/a	n/a
4367.992	0	2183996	standard_tone	sapo_probe	standard	n/a	n/a	n/a	n/a	n/a
4368.990	0	2184495	oddball_tone	sapo_probe	oddball	n/a	n/a	n/a	n/a	n/a
4370.006	0	2185003	distractor_noise	sapo_probe	distractor	n/a	n/a	n/a	n/a	n/a
4371.022	0	2185511	standard_tone	sapo_probe	standard	n/a	n/a	n/a	n/a	n/a
4372.038	0	2186019	standard_tone	sapo_probe	standard	n/a	n/a	n/a	n/a	n/a
4373.054	0	2186527	standard_tone	sapo_probe	standard	n/a	n/a	n/a	n/a	n/a
4374.070	0	2187035	oddball_tone	sapo_probe	oddball	n/a	n/a	n/a	n/a	n/a
4375.086	0	2187543	standard_tone	sapo_probe	standard	n/a	n/a	n/a	n/a	n/a
4376.102	0	2188051	standard_tone	sapo_probe	standard	n/a	n/a	n/a	n/a	n/a
4377.100	0	2188550	standard_tone	sapo_probe	standard	n/a	n/a	n/a	n/a	n/a
4378.116	0	2189058	standard_tone	sapo_probe	standard	n/a	n/a	n/a	n/a	n/a
4379.116	0	2189558	oddball_tone	sapo_probe	oddball	n/a	n/a	n/a	n/a	n/a
4380.132	0	2190066	standard_tone	sapo_probe	standard	n/a	n/a	n/a	n/a	n/a
4381.148	0	2190574	distractor_noise	sapo_probe	distractor	n/a	n/a	n/a	n/a	n/a
4382.164	0	2191082	standard_tone	sapo_probe	standard	n/a	n/a	n/a	n/a	n/a
4383.178	0	2191589	standard_tone	sapo_probe	standard	n/a	n/a	n/a	n/a	n/a
4384.194	0	2192097	standard_tone	sapo_probe	standard	n/a	n/a	n/a	n/a	n/a
4385.210	0	2192605	oddball_tone	sapo_probe	oddball	n/a	n/a	n/a	n/a	n/a
4386.226	0	2193113	standard_tone	sapo_probe	standard	n/a	n/a	n/a	n/a	n/a
4387.242	0	2193621	standard_tone	sapo_probe	standard	n/a	n/a	n/a	n/a	n/a
4388.258	0	2194129	oddball_tone	sapo_probe	oddball	n/a	n/a	n/a	n/a	n/a
4389.274	0	2194637	distractor_noise	sapo_probe	distractor	n/a	n/a	n/a	n/a	n/a
4390.290	0	2195145	standard_tone	sapo_probe	standard	n/a	n/a	n/a	n/a	n/a
4391.306	0	2195653	standard_tone	sapo_probe	standard	n/a	n/a	n/a	n/a	n/a
4392.322	0	2196161	standard_tone	sapo_probe	standard	n/a	n/a	n/a	n/a	n/a
4393.336	0	2196668	standard_tone	sapo_probe	standard	n/a	n/a	n/a	n/a	n/a
4394.352	0	2197176	standard_tone	sapo_probe	standard	n/a	n/a	n/a	n/a	n/a
4395.368	0	2197684	standard_tone	sapo_probe	standard	n/a	n/a	n/a	n/a	n/a
4396.384	0	2198192	standard_tone	sapo_probe	standard	n/a	n/a	n/a	n/a	n/a
4397.384	0	2198692	standard_tone	sapo_probe	standard	n/a	n/a	n/a	n/a	n/a
4398.400	0	2199200	standard_tone	sapo_probe	standard	n/a	n/a	n/a	n/a	n/a
4399.416	0	2199708	standard_tone	sapo_probe	standard	n/a	n/a	n/a	n/a	n/a
4400.432	0	2200216	standard_tone	sapo_probe	standard	n/a	n/a	n/a	n/a	n/a
4401.446	0	2200723	standard_tone	sapo_probe	standard	n/a	n/a	n/a	n/a	n/a
4402.464	0	2201232	standard_tone	sapo_probe	standard	n/a	n/a	n/a	n/a	n/a
4403.478	0	2201739	oddball_tone	sapo_probe	oddball	n/a	n/a	n/a	n/a	n/a
4404.494	0	2202247	standard_tone	sapo_probe	standard	n/a	n/a	n/a	n/a	n/a
4405.510	0	2202755	standard_tone	sapo_probe	standard	n/a	n/a	n/a	n/a	n/a
4406.526	0	2203263	standard_tone	sapo_probe	standard	n/a	n/a	n/a	n/a	n/a
4407.542	0	2203771	standard_tone	sapo_probe	standard	n/a	n/a	n/a	n/a	n/a
4408.558	0	2204279	standard_tone	sapo_probe	standard	n/a	n/a	n/a	n/a	n/a
4409.574	0	2204787	standard_tone	sapo_probe	standard	n/a	n/a	n/a	n/a	n/a
4410.590	0	2205295	standard_tone	sapo_probe	standard	n/a	n/a	n/a	n/a	n/a
4411.606	0	2205803	standard_tone	sapo_probe	standard	n/a	n/a	n/a	n/a	n/a
4412.622	0	2206311	standard_tone	sapo_probe	standard	n/a	n/a	n/a	n/a	n/a
4413.620	0	2206810	oddball_tone	sapo_probe	oddball	n/a	n/a	n/a	n/a	n/a
4414.636	0	2207318	standard_tone	sapo_probe	standard	n/a	n/a	n/a	n/a	n/a
4415.652	0	2207826	standard_tone	sapo_probe	standard	n/a	n/a	n/a	n/a	n/a
4416.668	0	2208334	standard_tone	sapo_probe	standard	n/a	n/a	n/a	n/a	n/a
4417.684	0	2208842	standard_tone	sapo_probe	standard	n/a	n/a	n/a	n/a	n/a
4418.700	0	2209350	standard_tone	sapo_probe	standard	n/a	n/a	n/a	n/a	n/a
4419.716	0	2209858	standard_tone	sapo_probe	standard	n/a	n/a	n/a	n/a	n/a
4420.730	0	2210365	standard_tone	sapo_probe	standard	n/a	n/a	n/a	n/a	n/a
4421.746	0	2210873	standard_tone	sapo_probe	standard	n/a	n/a	n/a	n/a	n/a
4422.762	0	2211381	standard_tone	sapo_probe	standard	n/a	n/a	n/a	n/a	n/a
4423.778	0	2211889	standard_tone	sapo_probe	standard	n/a	n/a	n/a	n/a	n/a
4424.794	0	2212397	oddball_tone	sapo_probe	oddball	n/a	n/a	n/a	n/a	n/a
4425.810	0	2212905	standard_tone	sapo_probe	standard	n/a	n/a	n/a	n/a	n/a
4426.826	0	2213413	distractor_noise	sapo_probe	distractor	n/a	n/a	n/a	n/a	n/a
4427.842	0	2213921	standard_tone	sapo_probe	standard	n/a	n/a	n/a	n/a	n/a
4428.858	0	2214429	standard_tone	sapo_probe	standard	n/a	n/a	n/a	n/a	n/a
4429.874	0	2214937	standard_tone	sapo_probe	standard	n/a	n/a	n/a	n/a	n/a
4430.890	0	2215445	distractor_noise	sapo_probe	distractor	n/a	n/a	n/a	n/a	n/a
4431.906	0	2215953	oddball_tone	sapo_probe	oddball	n/a	n/a	n/a	n/a	n/a
4432.922	0	2216461	standard_tone	sapo_probe	standard	n/a	n/a	n/a	n/a	n/a
4433.936	0	2216968	standard_tone	sapo_probe	standard	n/a	n/a	n/a	n/a	n/a
4434.952	0	2217476	standard_tone	sapo_probe	standard	n/a	n/a	n/a	n/a	n/a
4435.968	0	2217984	oddball_tone	sapo_probe	oddball	n/a	n/a	n/a	n/a	n/a
4436.984	0	2218492	standard_tone	sapo_probe	standard	n/a	n/a	n/a	n/a	n/a
4438.000	0	2219000	standard_tone	sapo_probe	standard	n/a	n/a	n/a	n/a	n/a
4439.016	0	2219508	standard_tone	sapo_probe	standard	n/a	n/a	n/a	n/a	n/a
4440.032	0	2220016	standard_tone	sapo_probe	standard	n/a	n/a	n/a	n/a	n/a
4441.048	0	2220524	standard_tone	sapo_probe	standard	n/a	n/a	n/a	n/a	n/a
4442.064	0	2221032	oddball_tone	sapo_probe	oddball	n/a	n/a	n/a	n/a	n/a
4443.078	0	2221539	standard_tone	sapo_probe	standard	n/a	n/a	n/a	n/a	n/a
4444.096	0	2222048	standard_tone	sapo_probe	standard	n/a	n/a	n/a	n/a	n/a
4445.110	0	2222555	standard_tone	sapo_probe	standard	n/a	n/a	n/a	n/a	n/a
4446.126	0	2223063	standard_tone	sapo_probe	standard	n/a	n/a	n/a	n/a	n/a
4447.142	0	2223571	standard_tone	sapo_probe	standard	n/a	n/a	n/a	n/a	n/a
4448.158	0	2224079	standard_tone	sapo_probe	standard	n/a	n/a	n/a	n/a	n/a
4449.174	0	2224587	standard_tone	sapo_probe	standard	n/a	n/a	n/a	n/a	n/a
4450.190	0	2225095	standard_tone	sapo_probe	standard	n/a	n/a	n/a	n/a	n/a
4451.206	0	2225603	standard_tone	sapo_probe	standard	n/a	n/a	n/a	n/a	n/a
4452.222	0	2226111	standard_tone	sapo_probe	standard	n/a	n/a	n/a	n/a	n/a
4453.238	0	2226619	distractor_noise	sapo_probe	distractor	n/a	n/a	n/a	n/a	n/a
4454.254	0	2227127	oddball_tone	sapo_probe	oddball	n/a	n/a	n/a	n/a	n/a
4455.270	0	2227635	standard_tone	sapo_probe	standard	n/a	n/a	n/a	n/a	n/a
4456.284	0	2228142	standard_tone	sapo_probe	standard	n/a	n/a	n/a	n/a	n/a
4457.300	0	2228650	standard_tone	sapo_probe	standard	n/a	n/a	n/a	n/a	n/a
4458.316	0	2229158	standard_tone	sapo_probe	standard	n/a	n/a	n/a	n/a	n/a
4459.332	0	2229666	standard_tone	sapo_probe	standard	n/a	n/a	n/a	n/a	n/a
4460.348	0	2230174	standard_tone	sapo_probe	standard	n/a	n/a	n/a	n/a	n/a
4461.364	0	2230682	standard_tone	sapo_probe	standard	n/a	n/a	n/a	n/a	n/a
4462.380	0	2231190	standard_tone	sapo_probe	standard	n/a	n/a	n/a	n/a	n/a
4463.396	0	2231698	standard_tone	sapo_probe	standard	n/a	n/a	n/a	n/a	n/a
4464.394	0	2232197	standard_tone	sapo_probe	standard	n/a	n/a	n/a	n/a	n/a
4465.410	0	2232705	standard_tone	sapo_probe	standard	n/a	n/a	n/a	n/a	n/a
4466.426	0	2233213	standard_tone	sapo_probe	standard	n/a	n/a	n/a	n/a	n/a
4467.442	0	2233721	distractor_noise	sapo_probe	distractor	n/a	n/a	n/a	n/a	n/a
4468.458	0	2234229	standard_tone	sapo_probe	standard	n/a	n/a	n/a	n/a	n/a
4469.474	0	2234737	standard_tone	sapo_probe	standard	n/a	n/a	n/a	n/a	n/a
4470.490	0	2235245	distractor_noise	sapo_probe	distractor	n/a	n/a	n/a	n/a	n/a
4471.506	0	2235753	standard_tone	sapo_probe	standard	n/a	n/a	n/a	n/a	n/a
4472.522	0	2236261	standard_tone	sapo_probe	standard	n/a	n/a	n/a	n/a	n/a
4473.238	0	2236619	silence_end	sapo_probe	silence-end	n/a	n/a	n/a	n/a	n/a
4473.240	0	2236620	subblock_end	sapo_probe	subblock-end-duration-111.541	n/a	n/a	n/a	111.541	n/a
4473.240	0	2236620	subblock_begin	sapo_probe	subblock-begin	n/a	n/a	n/a	n/a	n/a
4473.240	0	2236620	silence_begin	sapo_probe	silence-begin	n/a	n/a	n/a	n/a	n/a
4473.538	0	2236769	standard_tone	sapo_probe	standard	n/a	n/a	n/a	n/a	n/a
4474.552	0	2237276	standard_tone	sapo_probe	standard	n/a	n/a	n/a	n/a	n/a
4475.568	0	2237784	oddball_tone	sapo_probe	oddball	n/a	n/a	n/a	n/a	n/a
4476.584	0	2238292	standard_tone	sapo_probe	standard	n/a	n/a	n/a	n/a	n/a
4477.600	0	2238800	standard_tone	sapo_probe	standard	n/a	n/a	n/a	n/a	n/a
4478.616	0	2239308	standard_tone	sapo_probe	standard	n/a	n/a	n/a	n/a	n/a
4479.632	0	2239816	standard_tone	sapo_probe	standard	n/a	n/a	n/a	n/a	n/a
4480.648	0	2240324	standard_tone	sapo_probe	standard	n/a	n/a	n/a	n/a	n/a
4481.664	0	2240832	standard_tone	sapo_probe	standard	n/a	n/a	n/a	n/a	n/a
4482.680	0	2241340	standard_tone	sapo_probe	standard	n/a	n/a	n/a	n/a	n/a
4483.696	0	2241848	standard_tone	sapo_probe	standard	n/a	n/a	n/a	n/a	n/a
4484.712	0	2242356	standard_tone	sapo_probe	standard	n/a	n/a	n/a	n/a	n/a
4485.728	0	2242864	standard_tone	sapo_probe	standard	n/a	n/a	n/a	n/a	n/a
4486.742	0	2243371	standard_tone	sapo_probe	standard	n/a	n/a	n/a	n/a	n/a
4487.758	0	2243879	standard_tone	sapo_probe	standard	n/a	n/a	n/a	n/a	n/a
4488.774	0	2244387	distractor_noise	sapo_probe	distractor	n/a	n/a	n/a	n/a	n/a
4489.790	0	2244895	oddball_tone	sapo_probe	oddball	n/a	n/a	n/a	n/a	n/a
4490.806	0	2245403	standard_tone	sapo_probe	standard	n/a	n/a	n/a	n/a	n/a
4491.822	0	2245911	standard_tone	sapo_probe	standard	n/a	n/a	n/a	n/a	n/a
4492.838	0	2246419	standard_tone	sapo_probe	standard	n/a	n/a	n/a	n/a	n/a
4493.854	0	2246927	standard_tone	sapo_probe	standard	n/a	n/a	n/a	n/a	n/a
4494.870	0	2247435	standard_tone	sapo_probe	standard	n/a	n/a	n/a	n/a	n/a
4495.886	0	2247943	standard_tone	sapo_probe	standard	n/a	n/a	n/a	n/a	n/a
4496.902	0	2248451	standard_tone	sapo_probe	standard	n/a	n/a	n/a	n/a	n/a
4497.916	0	2248958	standard_tone	sapo_probe	standard	n/a	n/a	n/a	n/a	n/a
4498.916	0	2249458	standard_tone	sapo_probe	standard	n/a	n/a	n/a	n/a	n/a
4499.932	0	2249966	distractor_noise	sapo_probe	distractor	n/a	n/a	n/a	n/a	n/a
4500.948	0	2250474	standard_tone	sapo_probe	standard	n/a	n/a	n/a	n/a	n/a
4501.946	0	2250973	standard_tone	sapo_probe	standard	n/a	n/a	n/a	n/a	n/a
4502.964	0	2251482	standard_tone	sapo_probe	standard	n/a	n/a	n/a	n/a	n/a
4503.978	0	2251989	standard_tone	sapo_probe	standard	n/a	n/a	n/a	n/a	n/a
4504.994	0	2252497	standard_tone	sapo_probe	standard	n/a	n/a	n/a	n/a	n/a
4506.010	0	2253005	standard_tone	sapo_probe	standard	n/a	n/a	n/a	n/a	n/a
4507.026	0	2253513	standard_tone	sapo_probe	standard	n/a	n/a	n/a	n/a	n/a
4508.042	0	2254021	standard_tone	sapo_probe	standard	n/a	n/a	n/a	n/a	n/a
4509.058	0	2254529	standard_tone	sapo_probe	standard	n/a	n/a	n/a	n/a	n/a
4510.074	0	2255037	oddball_tone	sapo_probe	oddball	n/a	n/a	n/a	n/a	n/a
4511.072	0	2255536	standard_tone	sapo_probe	standard	n/a	n/a	n/a	n/a	n/a
4512.088	0	2256044	distractor_noise	sapo_probe	distractor	n/a	n/a	n/a	n/a	n/a
4513.104	0	2256552	standard_tone	sapo_probe	standard	n/a	n/a	n/a	n/a	n/a
4514.120	0	2257060	standard_tone	sapo_probe	standard	n/a	n/a	n/a	n/a	n/a
4515.136	0	2257568	standard_tone	sapo_probe	standard	n/a	n/a	n/a	n/a	n/a
4516.152	0	2258076	standard_tone	sapo_probe	standard	n/a	n/a	n/a	n/a	n/a
4517.168	0	2258584	oddball_tone	sapo_probe	oddball	n/a	n/a	n/a	n/a	n/a
4518.184	0	2259092	standard_tone	sapo_probe	standard	n/a	n/a	n/a	n/a	n/a
4519.200	0	2259600	distractor_noise	sapo_probe	distractor	n/a	n/a	n/a	n/a	n/a
4520.216	0	2260108	standard_tone	sapo_probe	standard	n/a	n/a	n/a	n/a	n/a
4521.232	0	2260616	standard_tone	sapo_probe	standard	n/a	n/a	n/a	n/a	n/a
4522.246	0	2261123	standard_tone	sapo_probe	standard	n/a	n/a	n/a	n/a	n/a
4523.262	0	2261631	distractor_noise	sapo_probe	distractor	n/a	n/a	n/a	n/a	n/a
4524.280	0	2262140	standard_tone	sapo_probe	standard	n/a	n/a	n/a	n/a	n/a
4525.294	0	2262647	standard_tone	sapo_probe	standard	n/a	n/a	n/a	n/a	n/a
4526.310	0	2263155	oddball_tone	sapo_probe	oddball	n/a	n/a	n/a	n/a	n/a
4527.326	0	2263663	standard_tone	sapo_probe	standard	n/a	n/a	n/a	n/a	n/a
4528.342	0	2264171	standard_tone	sapo_probe	standard	n/a	n/a	n/a	n/a	n/a
4529.358	0	2264679	standard_tone	sapo_probe	standard	n/a	n/a	n/a	n/a	n/a
4530.374	0	2265187	standard_tone	sapo_probe	standard	n/a	n/a	n/a	n/a	n/a
4531.390	0	2265695	standard_tone	sapo_probe	standard	n/a	n/a	n/a	n/a	n/a
4532.404	0	2266202	standard_tone	sapo_probe	standard	n/a	n/a	n/a	n/a	n/a
4533.422	0	2266711	standard_tone	sapo_probe	standard	n/a	n/a	n/a	n/a	n/a
4534.436	0	2267218	oddball_tone	sapo_probe	oddball	n/a	n/a	n/a	n/a	n/a
4535.452	0	2267726	standard_tone	sapo_probe	standard	n/a	n/a	n/a	n/a	n/a
4536.468	0	2268234	standard_tone	sapo_probe	standard	n/a	n/a	n/a	n/a	n/a
4537.484	0	2268742	standard_tone	sapo_probe	standard	n/a	n/a	n/a	n/a	n/a
4538.500	0	2269250	standard_tone	sapo_probe	standard	n/a	n/a	n/a	n/a	n/a
4539.516	0	2269758	distractor_noise	sapo_probe	distractor	n/a	n/a	n/a	n/a	n/a
4540.532	0	2270266	oddball_tone	sapo_probe	oddball	n/a	n/a	n/a	n/a	n/a
4541.548	0	2270774	standard_tone	sapo_probe	standard	n/a	n/a	n/a	n/a	n/a
4542.546	0	2271273	oddball_tone	sapo_probe	oddball	n/a	n/a	n/a	n/a	n/a
4543.562	0	2271781	standard_tone	sapo_probe	standard	n/a	n/a	n/a	n/a	n/a
4544.562	0	2272281	standard_tone	sapo_probe	standard	n/a	n/a	n/a	n/a	n/a
4545.578	0	2272789	standard_tone	sapo_probe	standard	n/a	n/a	n/a	n/a	n/a
4546.594	0	2273297	standard_tone	sapo_probe	standard	n/a	n/a	n/a	n/a	n/a
4547.614	0	2273807	standard_tone	sapo_probe	standard	n/a	n/a	n/a	n/a	n/a
4548.624	0	2274312	oddball_tone	sapo_probe	oddball	n/a	n/a	n/a	n/a	n/a
4549.640	0	2274820	standard_tone	sapo_probe	standard	n/a	n/a	n/a	n/a	n/a
4550.656	0	2275328	standard_tone	sapo_probe	standard	n/a	n/a	n/a	n/a	n/a
4551.672	0	2275836	standard_tone	sapo_probe	standard	n/a	n/a	n/a	n/a	n/a
4552.672	0	2276336	standard_tone	sapo_probe	standard	n/a	n/a	n/a	n/a	n/a
4553.688	0	2276844	oddball_tone	sapo_probe	oddball	n/a	n/a	n/a	n/a	n/a
4554.704	0	2277352	standard_tone	sapo_probe	standard	n/a	n/a	n/a	n/a	n/a
4555.720	0	2277860	standard_tone	sapo_probe	standard	n/a	n/a	n/a	n/a	n/a
4556.734	0	2278367	standard_tone	sapo_probe	standard	n/a	n/a	n/a	n/a	n/a
4557.750	0	2278875	oddball_tone	sapo_probe	oddball	n/a	n/a	n/a	n/a	n/a
4558.766	0	2279383	distractor_noise	sapo_probe	distractor	n/a	n/a	n/a	n/a	n/a
4559.782	0	2279891	oddball_tone	sapo_probe	oddball	n/a	n/a	n/a	n/a	n/a
4560.798	0	2280399	standard_tone	sapo_probe	standard	n/a	n/a	n/a	n/a	n/a
4561.814	0	2280907	standard_tone	sapo_probe	standard	n/a	n/a	n/a	n/a	n/a
4562.830	0	2281415	standard_tone	sapo_probe	standard	n/a	n/a	n/a	n/a	n/a
4563.846	0	2281923	standard_tone	sapo_probe	standard	n/a	n/a	n/a	n/a	n/a
4564.862	0	2282431	standard_tone	sapo_probe	standard	n/a	n/a	n/a	n/a	n/a
4565.878	0	2282939	standard_tone	sapo_probe	standard	n/a	n/a	n/a	n/a	n/a
4566.894	0	2283447	standard_tone	sapo_probe	standard	n/a	n/a	n/a	n/a	n/a
4567.908	0	2283954	distractor_noise	sapo_probe	distractor	n/a	n/a	n/a	n/a	n/a
4568.926	0	2284463	standard_tone	sapo_probe	standard	n/a	n/a	n/a	n/a	n/a
4569.940	0	2284970	distractor_noise	sapo_probe	distractor	n/a	n/a	n/a	n/a	n/a
4570.956	0	2285478	standard_tone	sapo_probe	standard	n/a	n/a	n/a	n/a	n/a
4571.972	0	2285986	standard_tone	sapo_probe	standard	n/a	n/a	n/a	n/a	n/a
4572.988	0	2286494	standard_tone	sapo_probe	standard	n/a	n/a	n/a	n/a	n/a
4574.004	0	2287002	oddball_tone	sapo_probe	oddball	n/a	n/a	n/a	n/a	n/a
4575.020	0	2287510	standard_tone	sapo_probe	standard	n/a	n/a	n/a	n/a	n/a
4576.036	0	2288018	standard_tone	sapo_probe	standard	n/a	n/a	n/a	n/a	n/a
4577.052	0	2288526	standard_tone	sapo_probe	standard	n/a	n/a	n/a	n/a	n/a
4578.068	0	2289034	standard_tone	sapo_probe	standard	n/a	n/a	n/a	n/a	n/a
4579.084	0	2289542	standard_tone	sapo_probe	standard	n/a	n/a	n/a	n/a	n/a
4579.666	0	2289833	silence_end	sapo_probe	silence-end	n/a	n/a	n/a	n/a	n/a
4579.666	0	2289833	gong_begin	sapo_probe	gong-begin	n/a	n/a	n/a	n/a	n/a
4589.808	0	2294904	gong_end	sapo_probe	gong-end	n/a	n/a	n/a	n/a	n/a
4589.808	0	2294904	subblock_end	sapo_probe	subblock-end-duration-116.569	n/a	n/a	n/a	116.569	n/a
4589.810	0	2294905	subblock_begin	sapo_probe	subblock-begin	n/a	n/a	n/a	n/a	n/a
4589.810	0	2294905	silence_begin	sapo_probe	silence-begin	n/a	n/a	n/a	n/a	n/a
4589.810	0	2294905	prompt_window_begin	sapo_probe	probe-sapo-probe-begin	n/a	n/a	n/a	n/a	n/a
4595.836	0	2297918	clicker_press	sapo_probe	response-received-page_up	n/a	n/a	n/a	n/a	page_up
4596.452	0	2298226	clicker_press	sapo_probe	response-received-page_up	n/a	n/a	n/a	n/a	page_up
4598.868	0	2299434	depth_rating	sapo_probe	rating-sapo-probe-meditation_depth-2	2	n/a	n/a	n/a	n/a
4604.646	0	2302323	clicker_press	sapo_probe	response-received-page_up	n/a	n/a	n/a	n/a	page_up
4605.178	0	2302589	clicker_press	sapo_probe	response-received-page_up	n/a	n/a	n/a	n/a	page_up
4608.926	0	2304463	confidence_rating	sapo_probe	rating-sapo-probe-confidence_depth-2	n/a	2	n/a	n/a	n/a
4612.406	0	2306203	prompt_window_end	sapo_probe	probe-sapo-probe-end	n/a	n/a	n/a	n/a	n/a
4612.406	0	2306203	standard_tone	sapo_probe	standard	n/a	n/a	n/a	n/a	n/a
4613.422	0	2306711	standard_tone	sapo_probe	standard	n/a	n/a	n/a	n/a	n/a
4614.436	0	2307218	standard_tone	sapo_probe	standard	n/a	n/a	n/a	n/a	n/a
4615.452	0	2307726	standard_tone	sapo_probe	standard	n/a	n/a	n/a	n/a	n/a
4616.468	0	2308234	standard_tone	sapo_probe	standard	n/a	n/a	n/a	n/a	n/a
4617.484	0	2308742	standard_tone	sapo_probe	standard	n/a	n/a	n/a	n/a	n/a
4618.500	0	2309250	standard_tone	sapo_probe	standard	n/a	n/a	n/a	n/a	n/a
4619.516	0	2309758	standard_tone	sapo_probe	standard	n/a	n/a	n/a	n/a	n/a
4620.532	0	2310266	standard_tone	sapo_probe	standard	n/a	n/a	n/a	n/a	n/a
4621.548	0	2310774	standard_tone	sapo_probe	standard	n/a	n/a	n/a	n/a	n/a
4622.564	0	2311282	standard_tone	sapo_probe	standard	n/a	n/a	n/a	n/a	n/a
4623.580	0	2311790	distractor_noise	sapo_probe	distractor	n/a	n/a	n/a	n/a	n/a
4624.596	0	2312298	standard_tone	sapo_probe	standard	n/a	n/a	n/a	n/a	n/a
4625.612	0	2312806	standard_tone	sapo_probe	standard	n/a	n/a	n/a	n/a	n/a
4626.626	0	2313313	standard_tone	sapo_probe	standard	n/a	n/a	n/a	n/a	n/a
4627.642	0	2313821	standard_tone	sapo_probe	standard	n/a	n/a	n/a	n/a	n/a
4628.658	0	2314329	standard_tone	sapo_probe	standard	n/a	n/a	n/a	n/a	n/a
4629.674	0	2314837	standard_tone	sapo_probe	standard	n/a	n/a	n/a	n/a	n/a
4630.690	0	2315345	standard_tone	sapo_probe	standard	n/a	n/a	n/a	n/a	n/a
4631.706	0	2315853	standard_tone	sapo_probe	standard	n/a	n/a	n/a	n/a	n/a
4632.722	0	2316361	oddball_tone	sapo_probe	oddball	n/a	n/a	n/a	n/a	n/a
4633.738	0	2316869	distractor_noise	sapo_probe	distractor	n/a	n/a	n/a	n/a	n/a
4634.754	0	2317377	standard_tone	sapo_probe	standard	n/a	n/a	n/a	n/a	n/a
4635.770	0	2317885	standard_tone	sapo_probe	standard	n/a	n/a	n/a	n/a	n/a
4636.786	0	2318393	distractor_noise	sapo_probe	distractor	n/a	n/a	n/a	n/a	n/a
4637.802	0	2318901	standard_tone	sapo_probe	standard	n/a	n/a	n/a	n/a	n/a
4638.816	0	2319408	standard_tone	sapo_probe	standard	n/a	n/a	n/a	n/a	n/a
4639.832	0	2319916	standard_tone	sapo_probe	standard	n/a	n/a	n/a	n/a	n/a
4640.848	0	2320424	standard_tone	sapo_probe	standard	n/a	n/a	n/a	n/a	n/a
4641.864	0	2320932	standard_tone	sapo_probe	standard	n/a	n/a	n/a	n/a	n/a
4642.880	0	2321440	standard_tone	sapo_probe	standard	n/a	n/a	n/a	n/a	n/a
4643.896	0	2321948	standard_tone	sapo_probe	standard	n/a	n/a	n/a	n/a	n/a
4644.912	0	2322456	standard_tone	sapo_probe	standard	n/a	n/a	n/a	n/a	n/a
4645.928	0	2322964	standard_tone	sapo_probe	standard	n/a	n/a	n/a	n/a	n/a
4646.944	0	2323472	distractor_noise	sapo_probe	distractor	n/a	n/a	n/a	n/a	n/a
4647.960	0	2323980	standard_tone	sapo_probe	standard	n/a	n/a	n/a	n/a	n/a
4648.974	0	2324487	standard_tone	sapo_probe	standard	n/a	n/a	n/a	n/a	n/a
4649.990	0	2324995	standard_tone	sapo_probe	standard	n/a	n/a	n/a	n/a	n/a
4651.006	0	2325503	standard_tone	sapo_probe	standard	n/a	n/a	n/a	n/a	n/a
4652.006	0	2326003	standard_tone	sapo_probe	standard	n/a	n/a	n/a	n/a	n/a
4653.022	0	2326511	standard_tone	sapo_probe	standard	n/a	n/a	n/a	n/a	n/a
4654.038	0	2327019	distractor_noise	sapo_probe	distractor	n/a	n/a	n/a	n/a	n/a
4655.054	0	2327527	standard_tone	sapo_probe	standard	n/a	n/a	n/a	n/a	n/a
4656.070	0	2328035	oddball_tone	sapo_probe	oddball	n/a	n/a	n/a	n/a	n/a
4657.086	0	2328543	standard_tone	sapo_probe	standard	n/a	n/a	n/a	n/a	n/a
4658.100	0	2329050	standard_tone	sapo_probe	standard	n/a	n/a	n/a	n/a	n/a
4659.116	0	2329558	standard_tone	sapo_probe	standard	n/a	n/a	n/a	n/a	n/a
4660.134	0	2330067	standard_tone	sapo_probe	standard	n/a	n/a	n/a	n/a	n/a
4661.148	0	2330574	distractor_noise	sapo_probe	distractor	n/a	n/a	n/a	n/a	n/a
4662.164	0	2331082	standard_tone	sapo_probe	standard	n/a	n/a	n/a	n/a	n/a
4663.180	0	2331590	oddball_tone	sapo_probe	oddball	n/a	n/a	n/a	n/a	n/a
4664.196	0	2332098	standard_tone	sapo_probe	standard	n/a	n/a	n/a	n/a	n/a
4665.212	0	2332606	standard_tone	sapo_probe	standard	n/a	n/a	n/a	n/a	n/a
4666.228	0	2333114	standard_tone	sapo_probe	standard	n/a	n/a	n/a	n/a	n/a
4667.244	0	2333622	standard_tone	sapo_probe	standard	n/a	n/a	n/a	n/a	n/a
4668.258	0	2334129	standard_tone	sapo_probe	standard	n/a	n/a	n/a	n/a	n/a
4669.274	0	2334637	standard_tone	sapo_probe	standard	n/a	n/a	n/a	n/a	n/a
4670.290	0	2335145	standard_tone	sapo_probe	standard	n/a	n/a	n/a	n/a	n/a
4671.306	0	2335653	standard_tone	sapo_probe	standard	n/a	n/a	n/a	n/a	n/a
4672.322	0	2336161	standard_tone	sapo_probe	standard	n/a	n/a	n/a	n/a	n/a
4673.338	0	2336669	standard_tone	sapo_probe	standard	n/a	n/a	n/a	n/a	n/a
4674.354	0	2337177	standard_tone	sapo_probe	standard	n/a	n/a	n/a	n/a	n/a
4675.370	0	2337685	standard_tone	sapo_probe	standard	n/a	n/a	n/a	n/a	n/a
4676.386	0	2338193	standard_tone	sapo_probe	standard	n/a	n/a	n/a	n/a	n/a
4677.402	0	2338701	standard_tone	sapo_probe	standard	n/a	n/a	n/a	n/a	n/a
4678.418	0	2339209	standard_tone	sapo_probe	standard	n/a	n/a	n/a	n/a	n/a
4679.434	0	2339717	oddball_tone	sapo_probe	oddball	n/a	n/a	n/a	n/a	n/a
4680.448	0	2340224	standard_tone	sapo_probe	standard	n/a	n/a	n/a	n/a	n/a
4681.464	0	2340732	oddball_tone	sapo_probe	oddball	n/a	n/a	n/a	n/a	n/a
4682.480	0	2341240	standard_tone	sapo_probe	standard	n/a	n/a	n/a	n/a	n/a
4683.496	0	2341748	standard_tone	sapo_probe	standard	n/a	n/a	n/a	n/a	n/a
4684.512	0	2342256	standard_tone	sapo_probe	standard	n/a	n/a	n/a	n/a	n/a
4685.528	0	2342764	standard_tone	sapo_probe	standard	n/a	n/a	n/a	n/a	n/a
4686.544	0	2343272	standard_tone	sapo_probe	standard	n/a	n/a	n/a	n/a	n/a
4687.560	0	2343780	standard_tone	sapo_probe	standard	n/a	n/a	n/a	n/a	n/a
4688.576	0	2344288	standard_tone	sapo_probe	standard	n/a	n/a	n/a	n/a	n/a
4689.592	0	2344796	standard_tone	sapo_probe	standard	n/a	n/a	n/a	n/a	n/a
4690.606	0	2345303	standard_tone	sapo_probe	standard	n/a	n/a	n/a	n/a	n/a
4691.606	0	2345803	standard_tone	sapo_probe	standard	n/a	n/a	n/a	n/a	n/a
4692.622	0	2346311	standard_tone	sapo_probe	standard	n/a	n/a	n/a	n/a	n/a
4693.638	0	2346819	standard_tone	sapo_probe	standard	n/a	n/a	n/a	n/a	n/a
4694.654	0	2347327	standard_tone	sapo_probe	standard	n/a	n/a	n/a	n/a	n/a
4695.670	0	2347835	standard_tone	sapo_probe	standard	n/a	n/a	n/a	n/a	n/a
4696.686	0	2348343	standard_tone	sapo_probe	standard	n/a	n/a	n/a	n/a	n/a
4697.702	0	2348851	standard_tone	sapo_probe	standard	n/a	n/a	n/a	n/a	n/a
4698.718	0	2349359	standard_tone	sapo_probe	standard	n/a	n/a	n/a	n/a	n/a
4699.734	0	2349867	standard_tone	sapo_probe	standard	n/a	n/a	n/a	n/a	n/a
4700.748	0	2350374	standard_tone	sapo_probe	standard	n/a	n/a	n/a	n/a	n/a
4701.764	0	2350882	standard_tone	sapo_probe	standard	n/a	n/a	n/a	n/a	n/a
4702.780	0	2351390	standard_tone	sapo_probe	standard	n/a	n/a	n/a	n/a	n/a
4703.796	0	2351898	standard_tone	sapo_probe	standard	n/a	n/a	n/a	n/a	n/a
4704.812	0	2352406	standard_tone	sapo_probe	standard	n/a	n/a	n/a	n/a	n/a
4705.828	0	2352914	oddball_tone	sapo_probe	oddball	n/a	n/a	n/a	n/a	n/a
4706.844	0	2353422	standard_tone	sapo_probe	standard	n/a	n/a	n/a	n/a	n/a
4707.860	0	2353930	standard_tone	sapo_probe	standard	n/a	n/a	n/a	n/a	n/a
4708.876	0	2354438	standard_tone	sapo_probe	standard	n/a	n/a	n/a	n/a	n/a
4709.892	0	2354946	standard_tone	sapo_probe	standard	n/a	n/a	n/a	n/a	n/a
4710.906	0	2355453	standard_tone	sapo_probe	standard	n/a	n/a	n/a	n/a	n/a
4711.922	0	2355961	standard_tone	sapo_probe	standard	n/a	n/a	n/a	n/a	n/a
4712.938	0	2356469	distractor_noise	sapo_probe	distractor	n/a	n/a	n/a	n/a	n/a
4713.954	0	2356977	standard_tone	sapo_probe	standard	n/a	n/a	n/a	n/a	n/a
4714.970	0	2357485	standard_tone	sapo_probe	standard	n/a	n/a	n/a	n/a	n/a
4715.986	0	2357993	standard_tone	sapo_probe	standard	n/a	n/a	n/a	n/a	n/a
4717.002	0	2358501	standard_tone	sapo_probe	standard	n/a	n/a	n/a	n/a	n/a
4718.018	0	2359009	oddball_tone	sapo_probe	oddball	n/a	n/a	n/a	n/a	n/a
4719.034	0	2359517	distractor_noise	sapo_probe	distractor	n/a	n/a	n/a	n/a	n/a
4720.050	0	2360025	standard_tone	sapo_probe	standard	n/a	n/a	n/a	n/a	n/a
4721.066	0	2360533	standard_tone	sapo_probe	standard	n/a	n/a	n/a	n/a	n/a
4722.080	0	2361040	standard_tone	sapo_probe	standard	n/a	n/a	n/a	n/a	n/a
4723.096	0	2361548	standard_tone	sapo_probe	standard	n/a	n/a	n/a	n/a	n/a
4724.112	0	2362056	standard_tone	sapo_probe	standard	n/a	n/a	n/a	n/a	n/a
4725.128	0	2362564	oddball_tone	sapo_probe	oddball	n/a	n/a	n/a	n/a	n/a
4726.144	0	2363072	standard_tone	sapo_probe	standard	n/a	n/a	n/a	n/a	n/a
4727.160	0	2363580	standard_tone	sapo_probe	standard	n/a	n/a	n/a	n/a	n/a
4728.176	0	2364088	distractor_noise	sapo_probe	distractor	n/a	n/a	n/a	n/a	n/a
4729.192	0	2364596	standard_tone	sapo_probe	standard	n/a	n/a	n/a	n/a	n/a
4730.208	0	2365104	standard_tone	sapo_probe	standard	n/a	n/a	n/a	n/a	n/a
4731.224	0	2365612	standard_tone	sapo_probe	standard	n/a	n/a	n/a	n/a	n/a
4732.240	0	2366120	oddball_tone	sapo_probe	oddball	n/a	n/a	n/a	n/a	n/a
4733.254	0	2366627	standard_tone	sapo_probe	standard	n/a	n/a	n/a	n/a	n/a
4734.270	0	2367135	standard_tone	sapo_probe	standard	n/a	n/a	n/a	n/a	n/a
4735.286	0	2367643	standard_tone	sapo_probe	standard	n/a	n/a	n/a	n/a	n/a
4736.302	0	2368151	standard_tone	sapo_probe	standard	n/a	n/a	n/a	n/a	n/a
4737.318	0	2368659	standard_tone	sapo_probe	standard	n/a	n/a	n/a	n/a	n/a
4738.334	0	2369167	standard_tone	sapo_probe	standard	n/a	n/a	n/a	n/a	n/a
4739.350	0	2369675	standard_tone	sapo_probe	standard	n/a	n/a	n/a	n/a	n/a
4740.366	0	2370183	standard_tone	sapo_probe	standard	n/a	n/a	n/a	n/a	n/a
4741.382	0	2370691	standard_tone	sapo_probe	standard	n/a	n/a	n/a	n/a	n/a
4742.398	0	2371199	distractor_noise	sapo_probe	distractor	n/a	n/a	n/a	n/a	n/a
4743.414	0	2371707	standard_tone	sapo_probe	standard	n/a	n/a	n/a	n/a	n/a
4744.430	0	2372215	standard_tone	sapo_probe	standard	n/a	n/a	n/a	n/a	n/a
4745.446	0	2372723	distractor_noise	sapo_probe	distractor	n/a	n/a	n/a	n/a	n/a
4746.460	0	2373230	standard_tone	sapo_probe	standard	n/a	n/a	n/a	n/a	n/a
4747.476	0	2373738	oddball_tone	sapo_probe	oddball	n/a	n/a	n/a	n/a	n/a
4748.492	0	2374246	standard_tone	sapo_probe	standard	n/a	n/a	n/a	n/a	n/a
4749.508	0	2374754	standard_tone	sapo_probe	standard	n/a	n/a	n/a	n/a	n/a
4750.524	0	2375262	oddball_tone	sapo_probe	oddball	n/a	n/a	n/a	n/a	n/a
4751.540	0	2375770	standard_tone	sapo_probe	standard	n/a	n/a	n/a	n/a	n/a
4752.556	0	2376278	standard_tone	sapo_probe	standard	n/a	n/a	n/a	n/a	n/a
4753.556	0	2376778	standard_tone	sapo_probe	standard	n/a	n/a	n/a	n/a	n/a
4754.572	0	2377286	standard_tone	sapo_probe	standard	n/a	n/a	n/a	n/a	n/a
4755.586	0	2377793	oddball_tone	sapo_probe	oddball	n/a	n/a	n/a	n/a	n/a
4756.602	0	2378301	standard_tone	sapo_probe	standard	n/a	n/a	n/a	n/a	n/a
4757.618	0	2378809	standard_tone	sapo_probe	standard	n/a	n/a	n/a	n/a	n/a
4758.634	0	2379317	oddball_tone	sapo_probe	oddball	n/a	n/a	n/a	n/a	n/a
4759.650	0	2379825	standard_tone	sapo_probe	standard	n/a	n/a	n/a	n/a	n/a
4760.482	0	2380241	silence_end	sapo_probe	silence-end	n/a	n/a	n/a	n/a	n/a
4760.484	0	2380242	subblock_end	sapo_probe	subblock-end-duration-170.674	n/a	n/a	n/a	170.674	n/a
4760.484	0	2380242	subblock_begin	sapo_probe	subblock-begin	n/a	n/a	n/a	n/a	n/a
4760.484	0	2380242	silence_begin	sapo_probe	silence-begin	n/a	n/a	n/a	n/a	n/a
4760.666	0	2380333	standard_tone	sapo_probe	standard	n/a	n/a	n/a	n/a	n/a
4761.682	0	2380841	oddball_tone	sapo_probe	oddball	n/a	n/a	n/a	n/a	n/a
4762.698	0	2381349	standard_tone	sapo_probe	standard	n/a	n/a	n/a	n/a	n/a
4763.714	0	2381857	standard_tone	sapo_probe	standard	n/a	n/a	n/a	n/a	n/a
4764.730	0	2382365	standard_tone	sapo_probe	standard	n/a	n/a	n/a	n/a	n/a
4765.744	0	2382872	standard_tone	sapo_probe	standard	n/a	n/a	n/a	n/a	n/a
4766.744	0	2383372	oddball_tone	sapo_probe	oddball	n/a	n/a	n/a	n/a	n/a
4767.760	0	2383880	standard_tone	sapo_probe	standard	n/a	n/a	n/a	n/a	n/a
4768.758	0	2384379	standard_tone	sapo_probe	standard	n/a	n/a	n/a	n/a	n/a
4769.774	0	2384887	standard_tone	sapo_probe	standard	n/a	n/a	n/a	n/a	n/a
4770.790	0	2385395	standard_tone	sapo_probe	standard	n/a	n/a	n/a	n/a	n/a
4771.806	0	2385903	standard_tone	sapo_probe	standard	n/a	n/a	n/a	n/a	n/a
4772.822	0	2386411	standard_tone	sapo_probe	standard	n/a	n/a	n/a	n/a	n/a
4773.838	0	2386919	standard_tone	sapo_probe	standard	n/a	n/a	n/a	n/a	n/a
4774.854	0	2387427	standard_tone	sapo_probe	standard	n/a	n/a	n/a	n/a	n/a
4775.870	0	2387935	standard_tone	sapo_probe	standard	n/a	n/a	n/a	n/a	n/a
4776.886	0	2388443	standard_tone	sapo_probe	standard	n/a	n/a	n/a	n/a	n/a
4777.902	0	2388951	distractor_noise	sapo_probe	distractor	n/a	n/a	n/a	n/a	n/a
4778.918	0	2389459	standard_tone	sapo_probe	standard	n/a	n/a	n/a	n/a	n/a
4779.932	0	2389966	standard_tone	sapo_probe	standard	n/a	n/a	n/a	n/a	n/a
4780.948	0	2390474	standard_tone	sapo_probe	standard	n/a	n/a	n/a	n/a	n/a
4781.964	0	2390982	standard_tone	sapo_probe	standard	n/a	n/a	n/a	n/a	n/a
4782.980	0	2391490	standard_tone	sapo_probe	standard	n/a	n/a	n/a	n/a	n/a
4783.996	0	2391998	standard_tone	sapo_probe	standard	n/a	n/a	n/a	n/a	n/a
4785.012	0	2392506	standard_tone	sapo_probe	standard	n/a	n/a	n/a	n/a	n/a
4786.028	0	2393014	standard_tone	sapo_probe	standard	n/a	n/a	n/a	n/a	n/a
4787.044	0	2393522	standard_tone	sapo_probe	standard	n/a	n/a	n/a	n/a	n/a
4788.060	0	2394030	standard_tone	sapo_probe	standard	n/a	n/a	n/a	n/a	n/a
4789.076	0	2394538	standard_tone	sapo_probe	standard	n/a	n/a	n/a	n/a	n/a
4790.092	0	2395046	standard_tone	sapo_probe	standard	n/a	n/a	n/a	n/a	n/a
4791.108	0	2395554	standard_tone	sapo_probe	standard	n/a	n/a	n/a	n/a	n/a
4792.124	0	2396062	standard_tone	sapo_probe	standard	n/a	n/a	n/a	n/a	n/a
4793.138	0	2396569	distractor_noise	sapo_probe	distractor	n/a	n/a	n/a	n/a	n/a
4794.154	0	2397077	standard_tone	sapo_probe	standard	n/a	n/a	n/a	n/a	n/a
4795.170	0	2397585	standard_tone	sapo_probe	standard	n/a	n/a	n/a	n/a	n/a
4796.186	0	2398093	standard_tone	sapo_probe	standard	n/a	n/a	n/a	n/a	n/a
4797.202	0	2398601	standard_tone	sapo_probe	standard	n/a	n/a	n/a	n/a	n/a
4798.202	0	2399101	distractor_noise	sapo_probe	distractor	n/a	n/a	n/a	n/a	n/a
4799.218	0	2399609	oddball_tone	sapo_probe	oddball	n/a	n/a	n/a	n/a	n/a
4800.232	0	2400116	standard_tone	sapo_probe	standard	n/a	n/a	n/a	n/a	n/a
4801.248	0	2400624	oddball_tone	sapo_probe	oddball	n/a	n/a	n/a	n/a	n/a
4802.264	0	2401132	distractor_noise	sapo_probe	distractor	n/a	n/a	n/a	n/a	n/a
4803.280	0	2401640	standard_tone	sapo_probe	standard	n/a	n/a	n/a	n/a	n/a
4804.296	0	2402148	oddball_tone	sapo_probe	oddball	n/a	n/a	n/a	n/a	n/a
4805.312	0	2402656	standard_tone	sapo_probe	standard	n/a	n/a	n/a	n/a	n/a
4806.328	0	2403164	standard_tone	sapo_probe	standard	n/a	n/a	n/a	n/a	n/a
4807.344	0	2403672	standard_tone	sapo_probe	standard	n/a	n/a	n/a	n/a	n/a
4808.360	0	2404180	distractor_noise	sapo_probe	distractor	n/a	n/a	n/a	n/a	n/a
4809.376	0	2404688	standard_tone	sapo_probe	standard	n/a	n/a	n/a	n/a	n/a
4810.392	0	2405196	distractor_noise	sapo_probe	distractor	n/a	n/a	n/a	n/a	n/a
4811.406	0	2405703	standard_tone	sapo_probe	standard	n/a	n/a	n/a	n/a	n/a
4812.422	0	2406211	standard_tone	sapo_probe	standard	n/a	n/a	n/a	n/a	n/a
4813.438	0	2406719	standard_tone	sapo_probe	standard	n/a	n/a	n/a	n/a	n/a
4814.454	0	2407227	standard_tone	sapo_probe	standard	n/a	n/a	n/a	n/a	n/a
4815.470	0	2407735	oddball_tone	sapo_probe	oddball	n/a	n/a	n/a	n/a	n/a
4816.486	0	2408243	standard_tone	sapo_probe	standard	n/a	n/a	n/a	n/a	n/a
4817.502	0	2408751	standard_tone	sapo_probe	standard	n/a	n/a	n/a	n/a	n/a
4818.518	0	2409259	oddball_tone	sapo_probe	oddball	n/a	n/a	n/a	n/a	n/a
4819.534	0	2409767	standard_tone	sapo_probe	standard	n/a	n/a	n/a	n/a	n/a
4820.532	0	2410266	standard_tone	sapo_probe	standard	n/a	n/a	n/a	n/a	n/a
4821.548	0	2410774	standard_tone	sapo_probe	standard	n/a	n/a	n/a	n/a	n/a
4822.566	0	2411283	standard_tone	sapo_probe	standard	n/a	n/a	n/a	n/a	n/a
4823.580	0	2411790	standard_tone	sapo_probe	standard	n/a	n/a	n/a	n/a	n/a
4824.596	0	2412298	standard_tone	sapo_probe	standard	n/a	n/a	n/a	n/a	n/a
4825.612	0	2412806	standard_tone	sapo_probe	standard	n/a	n/a	n/a	n/a	n/a
4826.628	0	2413314	distractor_noise	sapo_probe	distractor	n/a	n/a	n/a	n/a	n/a
4827.644	0	2413822	standard_tone	sapo_probe	standard	n/a	n/a	n/a	n/a	n/a
4828.660	0	2414330	oddball_tone	sapo_probe	oddball	n/a	n/a	n/a	n/a	n/a
4829.660	0	2414830	standard_tone	sapo_probe	standard	n/a	n/a	n/a	n/a	n/a
4830.674	0	2415337	standard_tone	sapo_probe	standard	n/a	n/a	n/a	n/a	n/a
4831.690	0	2415845	oddball_tone	sapo_probe	oddball	n/a	n/a	n/a	n/a	n/a
4832.706	0	2416353	standard_tone	sapo_probe	standard	n/a	n/a	n/a	n/a	n/a
4833.720	0	2416860	standard_tone	sapo_probe	standard	n/a	n/a	n/a	n/a	n/a
4834.720	0	2417360	standard_tone	sapo_probe	standard	n/a	n/a	n/a	n/a	n/a
4835.738	0	2417869	standard_tone	sapo_probe	standard	n/a	n/a	n/a	n/a	n/a
4836.752	0	2418376	oddball_tone	sapo_probe	oddball	n/a	n/a	n/a	n/a	n/a
4837.752	0	2418876	distractor_noise	sapo_probe	distractor	n/a	n/a	n/a	n/a	n/a
4838.768	0	2419384	standard_tone	sapo_probe	standard	n/a	n/a	n/a	n/a	n/a
4839.766	0	2419883	standard_tone	sapo_probe	standard	n/a	n/a	n/a	n/a	n/a
4840.782	0	2420391	standard_tone	sapo_probe	standard	n/a	n/a	n/a	n/a	n/a
4841.798	0	2420899	distractor_noise	sapo_probe	distractor	n/a	n/a	n/a	n/a	n/a
4842.798	0	2421399	standard_tone	sapo_probe	standard	n/a	n/a	n/a	n/a	n/a
4843.812	0	2421906	standard_tone	sapo_probe	standard	n/a	n/a	n/a	n/a	n/a
4844.812	0	2422406	standard_tone	sapo_probe	standard	n/a	n/a	n/a	n/a	n/a
4845.830	0	2422915	standard_tone	sapo_probe	standard	n/a	n/a	n/a	n/a	n/a
4846.844	0	2423422	standard_tone	sapo_probe	standard	n/a	n/a	n/a	n/a	n/a
4847.860	0	2423930	standard_tone	sapo_probe	standard	n/a	n/a	n/a	n/a	n/a
4848.426	0	2424213	prompt_window_begin	sapo_probe	probe-sapo-probe-begin	n/a	n/a	n/a	n/a	n/a
4854.456	0	2427228	clicker_press	sapo_probe	response-received-page_up	n/a	n/a	n/a	n/a	page_up
4857.452	0	2428726	depth_rating	sapo_probe	rating-sapo-probe-meditation_depth-1	1	n/a	n/a	n/a	n/a
4863.232	0	2431616	clicker_press	sapo_probe	response-received-page_up	n/a	n/a	n/a	n/a	page_up
4863.880	0	2431940	clicker_press	sapo_probe	response-received-page_up	n/a	n/a	n/a	n/a	page_up
4867.528	0	2433764	confidence_rating	sapo_probe	rating-sapo-probe-confidence_depth-2	n/a	2	n/a	n/a	n/a
4870.958	0	2435479	prompt_window_end	sapo_probe	probe-sapo-probe-end	n/a	n/a	n/a	n/a	n/a
4870.960	0	2435480	standard_tone	sapo_probe	standard	n/a	n/a	n/a	n/a	n/a
4871.974	0	2435987	standard_tone	sapo_probe	standard	n/a	n/a	n/a	n/a	n/a
4872.990	0	2436495	standard_tone	sapo_probe	standard	n/a	n/a	n/a	n/a	n/a
4874.006	0	2437003	standard_tone	sapo_probe	standard	n/a	n/a	n/a	n/a	n/a
4875.020	0	2437510	distractor_noise	sapo_probe	distractor	n/a	n/a	n/a	n/a	n/a
4876.036	0	2438018	standard_tone	sapo_probe	standard	n/a	n/a	n/a	n/a	n/a
4877.052	0	2438526	standard_tone	sapo_probe	standard	n/a	n/a	n/a	n/a	n/a
4878.068	0	2439034	standard_tone	sapo_probe	standard	n/a	n/a	n/a	n/a	n/a
4879.084	0	2439542	standard_tone	sapo_probe	standard	n/a	n/a	n/a	n/a	n/a
4880.100	0	2440050	standard_tone	sapo_probe	standard	n/a	n/a	n/a	n/a	n/a
4881.116	0	2440558	standard_tone	sapo_probe	standard	n/a	n/a	n/a	n/a	n/a
4882.132	0	2441066	standard_tone	sapo_probe	standard	n/a	n/a	n/a	n/a	n/a
4883.148	0	2441574	standard_tone	sapo_probe	standard	n/a	n/a	n/a	n/a	n/a
4884.164	0	2442082	standard_tone	sapo_probe	standard	n/a	n/a	n/a	n/a	n/a
4885.180	0	2442590	standard_tone	sapo_probe	standard	n/a	n/a	n/a	n/a	n/a
4886.194	0	2443097	standard_tone	sapo_probe	standard	n/a	n/a	n/a	n/a	n/a
4887.210	0	2443605	standard_tone	sapo_probe	standard	n/a	n/a	n/a	n/a	n/a
4888.026	0	2444013	silence_end	sapo_probe	silence-end	n/a	n/a	n/a	n/a	n/a
4888.028	0	2444014	subblock_end	sapo_probe	subblock-end-duration-127.545	n/a	n/a	n/a	127.545	n/a
4888.028	0	2444014	subblock_begin	sapo_probe	subblock-begin	n/a	n/a	n/a	n/a	n/a
4888.030	0	2444015	silence_begin	sapo_probe	silence-begin	n/a	n/a	n/a	n/a	n/a
4888.226	0	2444113	standard_tone	sapo_probe	standard	n/a	n/a	n/a	n/a	n/a
4889.242	0	2444621	standard_tone	sapo_probe	standard	n/a	n/a	n/a	n/a	n/a
4890.258	0	2445129	standard_tone	sapo_probe	standard	n/a	n/a	n/a	n/a	n/a
4891.274	0	2445637	standard_tone	sapo_probe	standard	n/a	n/a	n/a	n/a	n/a
4892.290	0	2446145	standard_tone	sapo_probe	standard	n/a	n/a	n/a	n/a	n/a
4893.306	0	2446653	distractor_noise	sapo_probe	distractor	n/a	n/a	n/a	n/a	n/a
4894.322	0	2447161	standard_tone	sapo_probe	standard	n/a	n/a	n/a	n/a	n/a
4895.338	0	2447669	standard_tone	sapo_probe	standard	n/a	n/a	n/a	n/a	n/a
4896.352	0	2448176	standard_tone	sapo_probe	standard	n/a	n/a	n/a	n/a	n/a
4897.354	0	2448677	standard_tone	sapo_probe	standard	n/a	n/a	n/a	n/a	n/a
4898.368	0	2449184	standard_tone	sapo_probe	standard	n/a	n/a	n/a	n/a	n/a
4899.428	0	2449714	standard_tone	sapo_probe	standard	n/a	n/a	n/a	n/a	n/a
4900.434	0	2450217	standard_tone	sapo_probe	standard	n/a	n/a	n/a	n/a	n/a
4901.450	0	2450725	standard_tone	sapo_probe	standard	n/a	n/a	n/a	n/a	n/a
4902.466	0	2451233	standard_tone	sapo_probe	standard	n/a	n/a	n/a	n/a	n/a
4903.480	0	2451740	standard_tone	sapo_probe	standard	n/a	n/a	n/a	n/a	n/a
4904.496	0	2452248	standard_tone	sapo_probe	standard	n/a	n/a	n/a	n/a	n/a
4905.512	0	2452756	distractor_noise	sapo_probe	distractor	n/a	n/a	n/a	n/a	n/a
4906.528	0	2453264	standard_tone	sapo_probe	standard	n/a	n/a	n/a	n/a	n/a
4907.544	0	2453772	standard_tone	sapo_probe	standard	n/a	n/a	n/a	n/a	n/a
4908.560	0	2454280	oddball_tone	sapo_probe	oddball	n/a	n/a	n/a	n/a	n/a
4909.576	0	2454788	standard_tone	sapo_probe	standard	n/a	n/a	n/a	n/a	n/a
4910.592	0	2455296	standard_tone	sapo_probe	standard	n/a	n/a	n/a	n/a	n/a
4911.608	0	2455804	standard_tone	sapo_probe	standard	n/a	n/a	n/a	n/a	n/a
4912.624	0	2456312	standard_tone	sapo_probe	standard	n/a	n/a	n/a	n/a	n/a
4913.638	0	2456819	oddball_tone	sapo_probe	oddball	n/a	n/a	n/a	n/a	n/a
4914.654	0	2457327	standard_tone	sapo_probe	standard	n/a	n/a	n/a	n/a	n/a
4915.670	0	2457835	standard_tone	sapo_probe	standard	n/a	n/a	n/a	n/a	n/a
4916.686	0	2458343	standard_tone	sapo_probe	standard	n/a	n/a	n/a	n/a	n/a
4917.702	0	2458851	standard_tone	sapo_probe	standard	n/a	n/a	n/a	n/a	n/a
4918.718	0	2459359	standard_tone	sapo_probe	standard	n/a	n/a	n/a	n/a	n/a
4919.734	0	2459867	oddball_tone	sapo_probe	oddball	n/a	n/a	n/a	n/a	n/a
4920.732	0	2460366	standard_tone	sapo_probe	standard	n/a	n/a	n/a	n/a	n/a
4921.748	0	2460874	standard_tone	sapo_probe	standard	n/a	n/a	n/a	n/a	n/a
4922.764	0	2461382	standard_tone	sapo_probe	standard	n/a	n/a	n/a	n/a	n/a
4923.780	0	2461890	standard_tone	sapo_probe	standard	n/a	n/a	n/a	n/a	n/a
4924.796	0	2462398	standard_tone	sapo_probe	standard	n/a	n/a	n/a	n/a	n/a
4925.812	0	2462906	standard_tone	sapo_probe	standard	n/a	n/a	n/a	n/a	n/a
4926.828	0	2463414	standard_tone	sapo_probe	standard	n/a	n/a	n/a	n/a	n/a
4927.844	0	2463922	oddball_tone	sapo_probe	oddball	n/a	n/a	n/a	n/a	n/a
4928.860	0	2464430	standard_tone	sapo_probe	standard	n/a	n/a	n/a	n/a	n/a
4929.876	0	2464938	standard_tone	sapo_probe	standard	n/a	n/a	n/a	n/a	n/a
4930.892	0	2465446	distractor_noise	sapo_probe	distractor	n/a	n/a	n/a	n/a	n/a
4931.908	0	2465954	standard_tone	sapo_probe	standard	n/a	n/a	n/a	n/a	n/a
4932.922	0	2466461	standard_tone	sapo_probe	standard	n/a	n/a	n/a	n/a	n/a
4933.938	0	2466969	standard_tone	sapo_probe	standard	n/a	n/a	n/a	n/a	n/a
4934.954	0	2467477	standard_tone	sapo_probe	standard	n/a	n/a	n/a	n/a	n/a
4935.970	0	2467985	oddball_tone	sapo_probe	oddball	n/a	n/a	n/a	n/a	n/a
4936.986	0	2468493	standard_tone	sapo_probe	standard	n/a	n/a	n/a	n/a	n/a
4938.002	0	2469001	standard_tone	sapo_probe	standard	n/a	n/a	n/a	n/a	n/a
4939.018	0	2469509	oddball_tone	sapo_probe	oddball	n/a	n/a	n/a	n/a	n/a
4940.034	0	2470017	standard_tone	sapo_probe	standard	n/a	n/a	n/a	n/a	n/a
4941.050	0	2470525	standard_tone	sapo_probe	standard	n/a	n/a	n/a	n/a	n/a
4942.066	0	2471033	distractor_noise	sapo_probe	distractor	n/a	n/a	n/a	n/a	n/a
4943.082	0	2471541	standard_tone	sapo_probe	standard	n/a	n/a	n/a	n/a	n/a
4944.096	0	2472048	standard_tone	sapo_probe	standard	n/a	n/a	n/a	n/a	n/a
4945.112	0	2472556	oddball_tone	sapo_probe	oddball	n/a	n/a	n/a	n/a	n/a
4946.128	0	2473064	distractor_noise	sapo_probe	distractor	n/a	n/a	n/a	n/a	n/a
4947.144	0	2473572	standard_tone	sapo_probe	standard	n/a	n/a	n/a	n/a	n/a
4948.146	0	2474073	standard_tone	sapo_probe	standard	n/a	n/a	n/a	n/a	n/a
4949.160	0	2474580	standard_tone	sapo_probe	standard	n/a	n/a	n/a	n/a	n/a
4950.176	0	2475088	standard_tone	sapo_probe	standard	n/a	n/a	n/a	n/a	n/a
4951.192	0	2475596	standard_tone	sapo_probe	standard	n/a	n/a	n/a	n/a	n/a
4952.206	0	2476103	standard_tone	sapo_probe	standard	n/a	n/a	n/a	n/a	n/a
4953.206	0	2476603	standard_tone	sapo_probe	standard	n/a	n/a	n/a	n/a	n/a
4954.222	0	2477111	standard_tone	sapo_probe	standard	n/a	n/a	n/a	n/a	n/a
4955.238	0	2477619	standard_tone	sapo_probe	standard	n/a	n/a	n/a	n/a	n/a
4956.254	0	2478127	standard_tone	sapo_probe	standard	n/a	n/a	n/a	n/a	n/a
4957.270	0	2478635	standard_tone	sapo_probe	standard	n/a	n/a	n/a	n/a	n/a
4958.286	0	2479143	standard_tone	sapo_probe	standard	n/a	n/a	n/a	n/a	n/a
4959.302	0	2479651	standard_tone	sapo_probe	standard	n/a	n/a	n/a	n/a	n/a
4960.316	0	2480158	standard_tone	sapo_probe	standard	n/a	n/a	n/a	n/a	n/a
4961.332	0	2480666	standard_tone	sapo_probe	standard	n/a	n/a	n/a	n/a	n/a
4962.348	0	2481174	standard_tone	sapo_probe	standard	n/a	n/a	n/a	n/a	n/a
4963.364	0	2481682	standard_tone	sapo_probe	standard	n/a	n/a	n/a	n/a	n/a
4964.380	0	2482190	oddball_tone	sapo_probe	oddball	n/a	n/a	n/a	n/a	n/a
4965.396	0	2482698	standard_tone	sapo_probe	standard	n/a	n/a	n/a	n/a	n/a
4966.412	0	2483206	standard_tone	sapo_probe	standard	n/a	n/a	n/a	n/a	n/a
4967.428	0	2483714	oddball_tone	sapo_probe	oddball	n/a	n/a	n/a	n/a	n/a
4968.444	0	2484222	standard_tone	sapo_probe	standard	n/a	n/a	n/a	n/a	n/a
4969.462	0	2484731	oddball_tone	sapo_probe	oddball	n/a	n/a	n/a	n/a	n/a
4970.474	0	2485237	standard_tone	sapo_probe	standard	n/a	n/a	n/a	n/a	n/a
4971.490	0	2485745	standard_tone	sapo_probe	standard	n/a	n/a	n/a	n/a	n/a
4972.508	0	2486254	standard_tone	sapo_probe	standard	n/a	n/a	n/a	n/a	n/a
4973.522	0	2486761	standard_tone	sapo_probe	standard	n/a	n/a	n/a	n/a	n/a
4974.538	0	2487269	standard_tone	sapo_probe	standard	n/a	n/a	n/a	n/a	n/a
4975.554	0	2487777	oddball_tone	sapo_probe	oddball	n/a	n/a	n/a	n/a	n/a
4976.570	0	2488285	standard_tone	sapo_probe	standard	n/a	n/a	n/a	n/a	n/a
4977.586	0	2488793	standard_tone	sapo_probe	standard	n/a	n/a	n/a	n/a	n/a
4978.602	0	2489301	standard_tone	sapo_probe	standard	n/a	n/a	n/a	n/a	n/a
4979.618	0	2489809	standard_tone	sapo_probe	standard	n/a	n/a	n/a	n/a	n/a
4980.634	0	2490317	standard_tone	sapo_probe	standard	n/a	n/a	n/a	n/a	n/a
4981.648	0	2490824	standard_tone	sapo_probe	standard	n/a	n/a	n/a	n/a	n/a
4982.664	0	2491332	standard_tone	sapo_probe	standard	n/a	n/a	n/a	n/a	n/a
4983.680	0	2491840	standard_tone	sapo_probe	standard	n/a	n/a	n/a	n/a	n/a
4984.696	0	2492348	standard_tone	sapo_probe	standard	n/a	n/a	n/a	n/a	n/a
4985.712	0	2492856	oddball_tone	sapo_probe	oddball	n/a	n/a	n/a	n/a	n/a
4986.728	0	2493364	distractor_noise	sapo_probe	distractor	n/a	n/a	n/a	n/a	n/a
4987.744	0	2493872	standard_tone	sapo_probe	standard	n/a	n/a	n/a	n/a	n/a
4988.760	0	2494380	distractor_noise	sapo_probe	distractor	n/a	n/a	n/a	n/a	n/a
4989.776	0	2494888	oddball_tone	sapo_probe	oddball	n/a	n/a	n/a	n/a	n/a
4990.792	0	2495396	distractor_noise	sapo_probe	distractor	n/a	n/a	n/a	n/a	n/a
4991.808	0	2495904	standard_tone	sapo_probe	standard	n/a	n/a	n/a	n/a	n/a
4992.824	0	2496412	distractor_noise	sapo_probe	distractor	n/a	n/a	n/a	n/a	n/a
4993.838	0	2496919	standard_tone	sapo_probe	standard	n/a	n/a	n/a	n/a	n/a
4994.854	0	2497427	standard_tone	sapo_probe	standard	n/a	n/a	n/a	n/a	n/a
4995.870	0	2497935	standard_tone	sapo_probe	standard	n/a	n/a	n/a	n/a	n/a
4996.870	0	2498435	standard_tone	sapo_probe	standard	n/a	n/a	n/a	n/a	n/a
4997.886	0	2498943	standard_tone	sapo_probe	standard	n/a	n/a	n/a	n/a	n/a
4998.902	0	2499451	standard_tone	sapo_probe	standard	n/a	n/a	n/a	n/a	n/a
4999.018	0	2499509	silence_end	sapo_probe	silence-end	n/a	n/a	n/a	n/a	n/a
4999.018	0	2499509	gong_begin	sapo_probe	gong-begin	n/a	n/a	n/a	n/a	n/a
5009.126	0	2504563	gong_end	sapo_probe	gong-end	n/a	n/a	n/a	n/a	n/a
5009.128	0	2504564	subblock_end	sapo_probe	subblock-end-duration-121.099	n/a	n/a	n/a	121.099	n/a
5009.128	0	2504564	subblock_begin	sapo_probe	subblock-begin	n/a	n/a	n/a	n/a	n/a
5009.128	0	2504564	silence_begin	sapo_probe	silence-begin	n/a	n/a	n/a	n/a	n/a
5009.142	0	2504571	oddball_tone	sapo_probe	oddball	n/a	n/a	n/a	n/a	n/a
5010.142	0	2505071	standard_tone	sapo_probe	standard	n/a	n/a	n/a	n/a	n/a
5011.158	0	2505579	oddball_tone	sapo_probe	oddball	n/a	n/a	n/a	n/a	n/a
5012.174	0	2506087	standard_tone	sapo_probe	standard	n/a	n/a	n/a	n/a	n/a
5013.190	0	2506595	standard_tone	sapo_probe	standard	n/a	n/a	n/a	n/a	n/a
5014.206	0	2507103	standard_tone	sapo_probe	standard	n/a	n/a	n/a	n/a	n/a
5015.222	0	2507611	standard_tone	sapo_probe	standard	n/a	n/a	n/a	n/a	n/a
5016.236	0	2508118	oddball_tone	sapo_probe	oddball	n/a	n/a	n/a	n/a	n/a
5017.252	0	2508626	standard_tone	sapo_probe	standard	n/a	n/a	n/a	n/a	n/a
5018.268	0	2509134	standard_tone	sapo_probe	standard	n/a	n/a	n/a	n/a	n/a
5019.284	0	2509642	standard_tone	sapo_probe	standard	n/a	n/a	n/a	n/a	n/a
5020.300	0	2510150	oddball_tone	sapo_probe	oddball	n/a	n/a	n/a	n/a	n/a
5021.316	0	2510658	standard_tone	sapo_probe	standard	n/a	n/a	n/a	n/a	n/a
5022.332	0	2511166	standard_tone	sapo_probe	standard	n/a	n/a	n/a	n/a	n/a
5023.348	0	2511674	oddball_tone	sapo_probe	oddball	n/a	n/a	n/a	n/a	n/a
5024.364	0	2512182	standard_tone	sapo_probe	standard	n/a	n/a	n/a	n/a	n/a
5025.380	0	2512690	standard_tone	sapo_probe	standard	n/a	n/a	n/a	n/a	n/a
5026.396	0	2513198	standard_tone	sapo_probe	standard	n/a	n/a	n/a	n/a	n/a
5027.412	0	2513706	standard_tone	sapo_probe	standard	n/a	n/a	n/a	n/a	n/a
5028.426	0	2514213	standard_tone	sapo_probe	standard	n/a	n/a	n/a	n/a	n/a
5029.442	0	2514721	standard_tone	sapo_probe	standard	n/a	n/a	n/a	n/a	n/a
5030.458	0	2515229	oddball_tone	sapo_probe	oddball	n/a	n/a	n/a	n/a	n/a
5031.458	0	2515729	standard_tone	sapo_probe	standard	n/a	n/a	n/a	n/a	n/a
5032.474	0	2516237	standard_tone	sapo_probe	standard	n/a	n/a	n/a	n/a	n/a
5033.490	0	2516745	oddball_tone	sapo_probe	oddball	n/a	n/a	n/a	n/a	n/a
5034.488	0	2517244	standard_tone	sapo_probe	standard	n/a	n/a	n/a	n/a	n/a
5035.504	0	2517752	standard_tone	sapo_probe	standard	n/a	n/a	n/a	n/a	n/a
5036.504	0	2518252	standard_tone	sapo_probe	standard	n/a	n/a	n/a	n/a	n/a
5037.520	0	2518760	standard_tone	sapo_probe	standard	n/a	n/a	n/a	n/a	n/a
5038.536	0	2519268	standard_tone	sapo_probe	standard	n/a	n/a	n/a	n/a	n/a
5039.550	0	2519775	standard_tone	sapo_probe	standard	n/a	n/a	n/a	n/a	n/a
5040.550	0	2520275	standard_tone	sapo_probe	standard	n/a	n/a	n/a	n/a	n/a
5041.566	0	2520783	oddball_tone	sapo_probe	oddball	n/a	n/a	n/a	n/a	n/a
5042.582	0	2521291	distractor_noise	sapo_probe	distractor	n/a	n/a	n/a	n/a	n/a
5043.598	0	2521799	standard_tone	sapo_probe	standard	n/a	n/a	n/a	n/a	n/a
5044.614	0	2522307	standard_tone	sapo_probe	standard	n/a	n/a	n/a	n/a	n/a
5045.630	0	2522815	standard_tone	sapo_probe	standard	n/a	n/a	n/a	n/a	n/a
5046.646	0	2523323	standard_tone	sapo_probe	standard	n/a	n/a	n/a	n/a	n/a
5047.662	0	2523831	oddball_tone	sapo_probe	oddball	n/a	n/a	n/a	n/a	n/a
5048.662	0	2524331	standard_tone	sapo_probe	standard	n/a	n/a	n/a	n/a	n/a
5049.676	0	2524838	standard_tone	sapo_probe	standard	n/a	n/a	n/a	n/a	n/a
5050.692	0	2525346	standard_tone	sapo_probe	standard	n/a	n/a	n/a	n/a	n/a
5051.708	0	2525854	standard_tone	sapo_probe	standard	n/a	n/a	n/a	n/a	n/a
5052.724	0	2526362	distractor_noise	sapo_probe	distractor	n/a	n/a	n/a	n/a	n/a
5053.740	0	2526870	standard_tone	sapo_probe	standard	n/a	n/a	n/a	n/a	n/a
5054.754	0	2527377	standard_tone	sapo_probe	standard	n/a	n/a	n/a	n/a	n/a
5055.770	0	2527885	oddball_tone	sapo_probe	oddball	n/a	n/a	n/a	n/a	n/a
5056.788	0	2528394	standard_tone	sapo_probe	standard	n/a	n/a	n/a	n/a	n/a
5057.802	0	2528901	distractor_noise	sapo_probe	distractor	n/a	n/a	n/a	n/a	n/a
5058.818	0	2529409	standard_tone	sapo_probe	standard	n/a	n/a	n/a	n/a	n/a
5059.834	0	2529917	standard_tone	sapo_probe	standard	n/a	n/a	n/a	n/a	n/a
5060.850	0	2530425	standard_tone	sapo_probe	standard	n/a	n/a	n/a	n/a	n/a
5061.866	0	2530933	standard_tone	sapo_probe	standard	n/a	n/a	n/a	n/a	n/a
5062.882	0	2531441	standard_tone	sapo_probe	standard	n/a	n/a	n/a	n/a	n/a
5063.898	0	2531949	distractor_noise	sapo_probe	distractor	n/a	n/a	n/a	n/a	n/a
5064.914	0	2532457	standard_tone	sapo_probe	standard	n/a	n/a	n/a	n/a	n/a
5065.930	0	2532965	standard_tone	sapo_probe	standard	n/a	n/a	n/a	n/a	n/a
5066.944	0	2533472	standard_tone	sapo_probe	standard	n/a	n/a	n/a	n/a	n/a
5067.960	0	2533980	standard_tone	sapo_probe	standard	n/a	n/a	n/a	n/a	n/a
5068.976	0	2534488	standard_tone	sapo_probe	standard	n/a	n/a	n/a	n/a	n/a
5069.992	0	2534996	standard_tone	sapo_probe	standard	n/a	n/a	n/a	n/a	n/a
5071.008	0	2535504	standard_tone	sapo_probe	standard	n/a	n/a	n/a	n/a	n/a
5072.024	0	2536012	oddball_tone	sapo_probe	oddball	n/a	n/a	n/a	n/a	n/a
5073.040	0	2536520	standard_tone	sapo_probe	standard	n/a	n/a	n/a	n/a	n/a
5074.056	0	2537028	standard_tone	sapo_probe	standard	n/a	n/a	n/a	n/a	n/a
5075.072	0	2537536	standard_tone	sapo_probe	standard	n/a	n/a	n/a	n/a	n/a
5076.088	0	2538044	standard_tone	sapo_probe	standard	n/a	n/a	n/a	n/a	n/a
5077.104	0	2538552	standard_tone	sapo_probe	standard	n/a	n/a	n/a	n/a	n/a
5078.120	0	2539060	standard_tone	sapo_probe	standard	n/a	n/a	n/a	n/a	n/a
5079.134	0	2539567	standard_tone	sapo_probe	standard	n/a	n/a	n/a	n/a	n/a
5080.150	0	2540075	standard_tone	sapo_probe	standard	n/a	n/a	n/a	n/a	n/a
5081.166	0	2540583	distractor_noise	sapo_probe	distractor	n/a	n/a	n/a	n/a	n/a
5082.182	0	2541091	standard_tone	sapo_probe	standard	n/a	n/a	n/a	n/a	n/a
5083.198	0	2541599	standard_tone	sapo_probe	standard	n/a	n/a	n/a	n/a	n/a
5084.214	0	2542107	standard_tone	sapo_probe	standard	n/a	n/a	n/a	n/a	n/a
5085.230	0	2542615	oddball_tone	sapo_probe	oddball	n/a	n/a	n/a	n/a	n/a
5086.246	0	2543123	standard_tone	sapo_probe	standard	n/a	n/a	n/a	n/a	n/a
5087.262	0	2543631	standard_tone	sapo_probe	standard	n/a	n/a	n/a	n/a	n/a
5088.278	0	2544139	standard_tone	sapo_probe	standard	n/a	n/a	n/a	n/a	n/a
5089.292	0	2544646	standard_tone	sapo_probe	standard	n/a	n/a	n/a	n/a	n/a
5090.308	0	2545154	standard_tone	sapo_probe	standard	n/a	n/a	n/a	n/a	n/a
5091.324	0	2545662	standard_tone	sapo_probe	standard	n/a	n/a	n/a	n/a	n/a
5092.340	0	2546170	standard_tone	sapo_probe	standard	n/a	n/a	n/a	n/a	n/a
5093.356	0	2546678	standard_tone	sapo_probe	standard	n/a	n/a	n/a	n/a	n/a
5094.372	0	2547186	standard_tone	sapo_probe	standard	n/a	n/a	n/a	n/a	n/a
5095.388	0	2547694	oddball_tone	sapo_probe	oddball	n/a	n/a	n/a	n/a	n/a
5096.404	0	2548202	standard_tone	sapo_probe	standard	n/a	n/a	n/a	n/a	n/a
5097.420	0	2548710	oddball_tone	sapo_probe	oddball	n/a	n/a	n/a	n/a	n/a
5098.436	0	2549218	standard_tone	sapo_probe	standard	n/a	n/a	n/a	n/a	n/a
5099.450	0	2549725	standard_tone	sapo_probe	standard	n/a	n/a	n/a	n/a	n/a
5100.450	0	2550225	standard_tone	sapo_probe	standard	n/a	n/a	n/a	n/a	n/a
5101.466	0	2550733	standard_tone	sapo_probe	standard	n/a	n/a	n/a	n/a	n/a
5102.482	0	2551241	oddball_tone	sapo_probe	oddball	n/a	n/a	n/a	n/a	n/a
5103.498	0	2551749	standard_tone	sapo_probe	standard	n/a	n/a	n/a	n/a	n/a
5104.512	0	2552256	distractor_noise	sapo_probe	distractor	n/a	n/a	n/a	n/a	n/a
5105.530	0	2552765	oddball_tone	sapo_probe	oddball	n/a	n/a	n/a	n/a	n/a
5106.546	0	2553273	standard_tone	sapo_probe	standard	n/a	n/a	n/a	n/a	n/a
5107.562	0	2553781	standard_tone	sapo_probe	standard	n/a	n/a	n/a	n/a	n/a
5108.578	0	2554289	oddball_tone	sapo_probe	oddball	n/a	n/a	n/a	n/a	n/a
5108.976	0	2554488	prompt_window_begin	sapo_probe	probe-sapo-probe-begin	n/a	n/a	n/a	n/a	n/a
5114.856	0	2557428	clicker_press	sapo_probe	response-received-page_up	n/a	n/a	n/a	n/a	page_up
5118.002	0	2559001	depth_rating	sapo_probe	rating-sapo-probe-meditation_depth-1	1	n/a	n/a	n/a	n/a
5121.266	0	2560633	clicker_press	sapo_probe	response-received-page_up	n/a	n/a	n/a	n/a	page_up
5121.750	0	2560875	clicker_press	sapo_probe	response-received-page_up	n/a	n/a	n/a	n/a	page_up
5122.282	0	2561141	clicker_press	sapo_probe	response-received-page_up	n/a	n/a	n/a	n/a	page_up
5123.732	0	2561866	clicker_press	sapo_probe	response-received-page_up	n/a	n/a	n/a	n/a	page_up
5128.044	0	2564022	confidence_rating	sapo_probe	rating-sapo-probe-confidence_depth-4	n/a	4	n/a	n/a	n/a
5131.542	0	2565771	prompt_window_end	sapo_probe	probe-sapo-probe-end	n/a	n/a	n/a	n/a	n/a
5131.558	0	2565779	standard_tone	sapo_probe	standard	n/a	n/a	n/a	n/a	n/a
5132.574	0	2566287	distractor_noise	sapo_probe	distractor	n/a	n/a	n/a	n/a	n/a
5133.590	0	2566795	oddball_tone	sapo_probe	oddball	n/a	n/a	n/a	n/a	n/a
5134.590	0	2567295	distractor_noise	sapo_probe	distractor	n/a	n/a	n/a	n/a	n/a
5135.604	0	2567802	standard_tone	sapo_probe	standard	n/a	n/a	n/a	n/a	n/a
5136.620	0	2568310	standard_tone	sapo_probe	standard	n/a	n/a	n/a	n/a	n/a
5137.636	0	2568818	standard_tone	sapo_probe	standard	n/a	n/a	n/a	n/a	n/a
5138.652	0	2569326	standard_tone	sapo_probe	standard	n/a	n/a	n/a	n/a	n/a
5139.668	0	2569834	standard_tone	sapo_probe	standard	n/a	n/a	n/a	n/a	n/a
5140.684	0	2570342	standard_tone	sapo_probe	standard	n/a	n/a	n/a	n/a	n/a
5141.700	0	2570850	standard_tone	sapo_probe	standard	n/a	n/a	n/a	n/a	n/a
5142.716	0	2571358	standard_tone	sapo_probe	standard	n/a	n/a	n/a	n/a	n/a
5143.732	0	2571866	standard_tone	sapo_probe	standard	n/a	n/a	n/a	n/a	n/a
5144.748	0	2572374	standard_tone	sapo_probe	standard	n/a	n/a	n/a	n/a	n/a
5145.764	0	2572882	standard_tone	sapo_probe	standard	n/a	n/a	n/a	n/a	n/a
5146.778	0	2573389	standard_tone	sapo_probe	standard	n/a	n/a	n/a	n/a	n/a
5147.794	0	2573897	standard_tone	sapo_probe	standard	n/a	n/a	n/a	n/a	n/a
5148.844	0	2574422	silence_end	sapo_probe	silence-end	n/a	n/a	n/a	n/a	n/a
5148.844	0	2574422	subblock_end	sapo_probe	subblock-end-duration-139.717	n/a	n/a	n/a	139.717	n/a
5148.846	0	2574423	subblock_begin	sapo_probe	subblock-begin	n/a	n/a	n/a	n/a	n/a
5148.846	0	2574423	silence_begin	sapo_probe	silence-begin	n/a	n/a	n/a	n/a	n/a
5148.860	0	2574430	distractor_noise	sapo_probe	distractor	n/a	n/a	n/a	n/a	n/a
5149.876	0	2574938	standard_tone	sapo_probe	standard	n/a	n/a	n/a	n/a	n/a
5150.892	0	2575446	standard_tone	sapo_probe	standard	n/a	n/a	n/a	n/a	n/a
5151.908	0	2575954	oddball_tone	sapo_probe	oddball	n/a	n/a	n/a	n/a	n/a
5152.908	0	2576454	standard_tone	sapo_probe	standard	n/a	n/a	n/a	n/a	n/a
5153.924	0	2576962	standard_tone	sapo_probe	standard	n/a	n/a	n/a	n/a	n/a
5154.938	0	2577469	standard_tone	sapo_probe	standard	n/a	n/a	n/a	n/a	n/a
5155.954	0	2577977	standard_tone	sapo_probe	standard	n/a	n/a	n/a	n/a	n/a
5156.970	0	2578485	standard_tone	sapo_probe	standard	n/a	n/a	n/a	n/a	n/a
5157.986	0	2578993	standard_tone	sapo_probe	standard	n/a	n/a	n/a	n/a	n/a
5159.002	0	2579501	standard_tone	sapo_probe	standard	n/a	n/a	n/a	n/a	n/a
5160.018	0	2580009	standard_tone	sapo_probe	standard	n/a	n/a	n/a	n/a	n/a
5161.034	0	2580517	standard_tone	sapo_probe	standard	n/a	n/a	n/a	n/a	n/a
5162.050	0	2581025	standard_tone	sapo_probe	standard	n/a	n/a	n/a	n/a	n/a
5163.050	0	2581525	standard_tone	sapo_probe	standard	n/a	n/a	n/a	n/a	n/a
5164.064	0	2582032	distractor_noise	sapo_probe	distractor	n/a	n/a	n/a	n/a	n/a
5165.080	0	2582540	standard_tone	sapo_probe	standard	n/a	n/a	n/a	n/a	n/a
5166.096	0	2583048	standard_tone	sapo_probe	standard	n/a	n/a	n/a	n/a	n/a
5167.096	0	2583548	distractor_noise	sapo_probe	distractor	n/a	n/a	n/a	n/a	n/a
5168.110	0	2584055	standard_tone	sapo_probe	standard	n/a	n/a	n/a	n/a	n/a
5169.126	0	2584563	oddball_tone	sapo_probe	oddball	n/a	n/a	n/a	n/a	n/a
5170.142	0	2585071	standard_tone	sapo_probe	standard	n/a	n/a	n/a	n/a	n/a
5171.142	0	2585571	standard_tone	sapo_probe	standard	n/a	n/a	n/a	n/a	n/a
5172.158	0	2586079	oddball_tone	sapo_probe	oddball	n/a	n/a	n/a	n/a	n/a
5173.174	0	2586587	standard_tone	sapo_probe	standard	n/a	n/a	n/a	n/a	n/a
5174.190	0	2587095	standard_tone	sapo_probe	standard	n/a	n/a	n/a	n/a	n/a
5175.204	0	2587602	standard_tone	sapo_probe	standard	n/a	n/a	n/a	n/a	n/a
5176.220	0	2588110	distractor_noise	sapo_probe	distractor	n/a	n/a	n/a	n/a	n/a
5177.236	0	2588618	standard_tone	sapo_probe	standard	n/a	n/a	n/a	n/a	n/a
5178.252	0	2589126	standard_tone	sapo_probe	standard	n/a	n/a	n/a	n/a	n/a
5179.268	0	2589634	oddball_tone	sapo_probe	oddball	n/a	n/a	n/a	n/a	n/a
5180.284	0	2590142	standard_tone	sapo_probe	standard	n/a	n/a	n/a	n/a	n/a
5181.300	0	2590650	standard_tone	sapo_probe	standard	n/a	n/a	n/a	n/a	n/a
5182.316	0	2591158	distractor_noise	sapo_probe	distractor	n/a	n/a	n/a	n/a	n/a
5183.332	0	2591666	standard_tone	sapo_probe	standard	n/a	n/a	n/a	n/a	n/a
5184.348	0	2592174	standard_tone	sapo_probe	standard	n/a	n/a	n/a	n/a	n/a
5185.364	0	2592682	standard_tone	sapo_probe	standard	n/a	n/a	n/a	n/a	n/a
5186.380	0	2593190	distractor_noise	sapo_probe	distractor	n/a	n/a	n/a	n/a	n/a
5187.394	0	2593697	standard_tone	sapo_probe	standard	n/a	n/a	n/a	n/a	n/a
5188.410	0	2594205	standard_tone	sapo_probe	standard	n/a	n/a	n/a	n/a	n/a
5189.426	0	2594713	standard_tone	sapo_probe	standard	n/a	n/a	n/a	n/a	n/a
5190.442	0	2595221	standard_tone	sapo_probe	standard	n/a	n/a	n/a	n/a	n/a
5191.458	0	2595729	standard_tone	sapo_probe	standard	n/a	n/a	n/a	n/a	n/a
5192.474	0	2596237	standard_tone	sapo_probe	standard	n/a	n/a	n/a	n/a	n/a
5193.490	0	2596745	standard_tone	sapo_probe	standard	n/a	n/a	n/a	n/a	n/a
5194.506	0	2597253	standard_tone	sapo_probe	standard	n/a	n/a	n/a	n/a	n/a
5195.522	0	2597761	oddball_tone	sapo_probe	oddball	n/a	n/a	n/a	n/a	n/a
5196.538	0	2598269	standard_tone	sapo_probe	standard	n/a	n/a	n/a	n/a	n/a
5197.554	0	2598777	distractor_noise	sapo_probe	distractor	n/a	n/a	n/a	n/a	n/a
5198.570	0	2599285	standard_tone	sapo_probe	standard	n/a	n/a	n/a	n/a	n/a
5199.584	0	2599792	oddball_tone	sapo_probe	oddball	n/a	n/a	n/a	n/a	n/a
5200.600	0	2600300	standard_tone	sapo_probe	standard	n/a	n/a	n/a	n/a	n/a
5201.616	0	2600808	standard_tone	sapo_probe	standard	n/a	n/a	n/a	n/a	n/a
5202.616	0	2601308	standard_tone	sapo_probe	standard	n/a	n/a	n/a	n/a	n/a
5203.632	0	2601816	standard_tone	sapo_probe	standard	n/a	n/a	n/a	n/a	n/a
5204.648	0	2602324	standard_tone	sapo_probe	standard	n/a	n/a	n/a	n/a	n/a
5205.646	0	2602823	standard_tone	sapo_probe	standard	n/a	n/a	n/a	n/a	n/a
5206.662	0	2603331	standard_tone	sapo_probe	standard	n/a	n/a	n/a	n/a	n/a
5207.678	0	2603839	standard_tone	sapo_probe	standard	n/a	n/a	n/a	n/a	n/a
5208.694	0	2604347	distractor_noise	sapo_probe	distractor	n/a	n/a	n/a	n/a	n/a
5209.710	0	2604855	standard_tone	sapo_probe	standard	n/a	n/a	n/a	n/a	n/a
5210.726	0	2605363	standard_tone	sapo_probe	standard	n/a	n/a	n/a	n/a	n/a
5211.742	0	2605871	standard_tone	sapo_probe	standard	n/a	n/a	n/a	n/a	n/a
5212.758	0	2606379	standard_tone	sapo_probe	standard	n/a	n/a	n/a	n/a	n/a
5213.774	0	2606887	standard_tone	sapo_probe	standard	n/a	n/a	n/a	n/a	n/a
5214.788	0	2607394	distractor_noise	sapo_probe	distractor	n/a	n/a	n/a	n/a	n/a
5215.790	0	2607895	standard_tone	sapo_probe	standard	n/a	n/a	n/a	n/a	n/a
5216.804	0	2608402	standard_tone	sapo_probe	standard	n/a	n/a	n/a	n/a	n/a
5217.820	0	2608910	standard_tone	sapo_probe	standard	n/a	n/a	n/a	n/a	n/a
5218.836	0	2609418	standard_tone	sapo_probe	standard	n/a	n/a	n/a	n/a	n/a
5219.852	0	2609926	standard_tone	sapo_probe	standard	n/a	n/a	n/a	n/a	n/a
5220.868	0	2610434	standard_tone	sapo_probe	standard	n/a	n/a	n/a	n/a	n/a
5221.884	0	2610942	standard_tone	sapo_probe	standard	n/a	n/a	n/a	n/a	n/a
5222.898	0	2611449	oddball_tone	sapo_probe	oddball	n/a	n/a	n/a	n/a	n/a
5223.914	0	2611957	standard_tone	sapo_probe	standard	n/a	n/a	n/a	n/a	n/a
5224.930	0	2612465	standard_tone	sapo_probe	standard	n/a	n/a	n/a	n/a	n/a
5225.946	0	2612973	standard_tone	sapo_probe	standard	n/a	n/a	n/a	n/a	n/a
5226.962	0	2613481	standard_tone	sapo_probe	standard	n/a	n/a	n/a	n/a	n/a
5227.978	0	2613989	standard_tone	sapo_probe	standard	n/a	n/a	n/a	n/a	n/a
5228.978	0	2614489	standard_tone	sapo_probe	standard	n/a	n/a	n/a	n/a	n/a
5229.992	0	2614996	standard_tone	sapo_probe	standard	n/a	n/a	n/a	n/a	n/a
5231.002	0	2615501	standard_tone	sapo_probe	standard	n/a	n/a	n/a	n/a	n/a
5232.008	0	2616004	standard_tone	sapo_probe	standard	n/a	n/a	n/a	n/a	n/a
5233.024	0	2616512	standard_tone	sapo_probe	standard	n/a	n/a	n/a	n/a	n/a
5234.040	0	2617020	standard_tone	sapo_probe	standard	n/a	n/a	n/a	n/a	n/a
5235.056	0	2617528	standard_tone	sapo_probe	standard	n/a	n/a	n/a	n/a	n/a
5236.072	0	2618036	standard_tone	sapo_probe	standard	n/a	n/a	n/a	n/a	n/a
5237.088	0	2618544	standard_tone	sapo_probe	standard	n/a	n/a	n/a	n/a	n/a
5238.104	0	2619052	standard_tone	sapo_probe	standard	n/a	n/a	n/a	n/a	n/a
5239.118	0	2619559	standard_tone	sapo_probe	standard	n/a	n/a	n/a	n/a	n/a
5240.134	0	2620067	standard_tone	sapo_probe	standard	n/a	n/a	n/a	n/a	n/a
5241.150	0	2620575	distractor_noise	sapo_probe	distractor	n/a	n/a	n/a	n/a	n/a
5242.166	0	2621083	standard_tone	sapo_probe	standard	n/a	n/a	n/a	n/a	n/a
5243.182	0	2621591	distractor_noise	sapo_probe	distractor	n/a	n/a	n/a	n/a	n/a
5244.198	0	2622099	standard_tone	sapo_probe	standard	n/a	n/a	n/a	n/a	n/a
5245.214	0	2622607	standard_tone	sapo_probe	standard	n/a	n/a	n/a	n/a	n/a
5246.230	0	2623115	standard_tone	sapo_probe	standard	n/a	n/a	n/a	n/a	n/a
5247.230	0	2623615	distractor_noise	sapo_probe	distractor	n/a	n/a	n/a	n/a	n/a
5248.244	0	2624122	standard_tone	sapo_probe	standard	n/a	n/a	n/a	n/a	n/a
5249.260	0	2624630	standard_tone	sapo_probe	standard	n/a	n/a	n/a	n/a	n/a
5250.176	0	2625088	silence_end	sapo_probe	silence-end	n/a	n/a	n/a	n/a	n/a
5250.178	0	2625089	gong_begin	sapo_probe	gong-begin	n/a	n/a	n/a	n/a	n/a
5260.284	0	2630142	gong_end	sapo_probe	gong-end	n/a	n/a	n/a	n/a	n/a
5260.286	0	2630143	subblock_end	sapo_probe	subblock-end-duration-111.44	n/a	n/a	n/a	111.440	n/a
5260.286	0	2630143	subblock_begin	sapo_probe	subblock-begin	n/a	n/a	n/a	n/a	n/a
5260.286	0	2630143	silence_begin	sapo_probe	silence-begin	n/a	n/a	n/a	n/a	n/a
5260.288	0	2630144	standard_tone	sapo_probe	standard	n/a	n/a	n/a	n/a	n/a
5261.300	0	2630650	distractor_noise	sapo_probe	distractor	n/a	n/a	n/a	n/a	n/a
5262.316	0	2631158	standard_tone	sapo_probe	standard	n/a	n/a	n/a	n/a	n/a
5263.332	0	2631666	standard_tone	sapo_probe	standard	n/a	n/a	n/a	n/a	n/a
5264.348	0	2632174	standard_tone	sapo_probe	standard	n/a	n/a	n/a	n/a	n/a
5265.348	0	2632674	distractor_noise	sapo_probe	distractor	n/a	n/a	n/a	n/a	n/a
5266.362	0	2633181	standard_tone	sapo_probe	standard	n/a	n/a	n/a	n/a	n/a
5267.362	0	2633681	oddball_tone	sapo_probe	oddball	n/a	n/a	n/a	n/a	n/a
5268.378	0	2634189	standard_tone	sapo_probe	standard	n/a	n/a	n/a	n/a	n/a
5269.394	0	2634697	standard_tone	sapo_probe	standard	n/a	n/a	n/a	n/a	n/a
5270.410	0	2635205	standard_tone	sapo_probe	standard	n/a	n/a	n/a	n/a	n/a
5271.426	0	2635713	standard_tone	sapo_probe	standard	n/a	n/a	n/a	n/a	n/a
5272.442	0	2636221	standard_tone	sapo_probe	standard	n/a	n/a	n/a	n/a	n/a
5273.456	0	2636728	distractor_noise	sapo_probe	distractor	n/a	n/a	n/a	n/a	n/a
5274.472	0	2637236	oddball_tone	sapo_probe	oddball	n/a	n/a	n/a	n/a	n/a
5275.488	0	2637744	standard_tone	sapo_probe	standard	n/a	n/a	n/a	n/a	n/a
5276.504	0	2638252	standard_tone	sapo_probe	standard	n/a	n/a	n/a	n/a	n/a
5277.520	0	2638760	standard_tone	sapo_probe	standard	n/a	n/a	n/a	n/a	n/a
5278.536	0	2639268	standard_tone	sapo_probe	standard	n/a	n/a	n/a	n/a	n/a
5279.552	0	2639776	oddball_tone	sapo_probe	oddball	n/a	n/a	n/a	n/a	n/a
5280.568	0	2640284	standard_tone	sapo_probe	standard	n/a	n/a	n/a	n/a	n/a
5281.584	0	2640792	standard_tone	sapo_probe	standard	n/a	n/a	n/a	n/a	n/a
5282.600	0	2641300	standard_tone	sapo_probe	standard	n/a	n/a	n/a	n/a	n/a
5283.616	0	2641808	standard_tone	sapo_probe	standard	n/a	n/a	n/a	n/a	n/a
5284.630	0	2642315	standard_tone	sapo_probe	standard	n/a	n/a	n/a	n/a	n/a
5285.646	0	2642823	oddball_tone	sapo_probe	oddball	n/a	n/a	n/a	n/a	n/a
5286.662	0	2643331	distractor_noise	sapo_probe	distractor	n/a	n/a	n/a	n/a	n/a
5287.678	0	2643839	standard_tone	sapo_probe	standard	n/a	n/a	n/a	n/a	n/a
5288.694	0	2644347	standard_tone	sapo_probe	standard	n/a	n/a	n/a	n/a	n/a
5289.710	0	2644855	distractor_noise	sapo_probe	distractor	n/a	n/a	n/a	n/a	n/a
5290.726	0	2645363	standard_tone	sapo_probe	standard	n/a	n/a	n/a	n/a	n/a
5291.742	0	2645871	standard_tone	sapo_probe	standard	n/a	n/a	n/a	n/a	n/a
5292.758	0	2646379	oddball_tone	sapo_probe	oddball	n/a	n/a	n/a	n/a	n/a
5293.774	0	2646887	standard_tone	sapo_probe	standard	n/a	n/a	n/a	n/a	n/a
5294.790	0	2647395	distractor_noise	sapo_probe	distractor	n/a	n/a	n/a	n/a	n/a
5295.804	0	2647902	standard_tone	sapo_probe	standard	n/a	n/a	n/a	n/a	n/a
5296.820	0	2648410	distractor_noise	sapo_probe	distractor	n/a	n/a	n/a	n/a	n/a
5297.836	0	2648918	standard_tone	sapo_probe	standard	n/a	n/a	n/a	n/a	n/a
5298.852	0	2649426	standard_tone	sapo_probe	standard	n/a	n/a	n/a	n/a	n/a
5299.852	0	2649926	standard_tone	sapo_probe	standard	n/a	n/a	n/a	n/a	n/a
5300.868	0	2650434	distractor_noise	sapo_probe	distractor	n/a	n/a	n/a	n/a	n/a
5301.884	0	2650942	standard_tone	sapo_probe	standard	n/a	n/a	n/a	n/a	n/a
5302.900	0	2651450	oddball_tone	sapo_probe	oddball	n/a	n/a	n/a	n/a	n/a
5303.916	0	2651958	standard_tone	sapo_probe	standard	n/a	n/a	n/a	n/a	n/a
5304.930	0	2652465	standard_tone	sapo_probe	standard	n/a	n/a	n/a	n/a	n/a
5305.948	0	2652974	standard_tone	sapo_probe	standard	n/a	n/a	n/a	n/a	n/a
5306.962	0	2653481	standard_tone	sapo_probe	standard	n/a	n/a	n/a	n/a	n/a
5307.978	0	2653989	standard_tone	sapo_probe	standard	n/a	n/a	n/a	n/a	n/a
5308.994	0	2654497	standard_tone	sapo_probe	standard	n/a	n/a	n/a	n/a	n/a
5310.010	0	2655005	standard_tone	sapo_probe	standard	n/a	n/a	n/a	n/a	n/a
5311.026	0	2655513	oddball_tone	sapo_probe	oddball	n/a	n/a	n/a	n/a	n/a
5312.042	0	2656021	distractor_noise	sapo_probe	distractor	n/a	n/a	n/a	n/a	n/a
5313.058	0	2656529	standard_tone	sapo_probe	standard	n/a	n/a	n/a	n/a	n/a
5314.074	0	2657037	standard_tone	sapo_probe	standard	n/a	n/a	n/a	n/a	n/a
5315.090	0	2657545	standard_tone	sapo_probe	standard	n/a	n/a	n/a	n/a	n/a
5316.104	0	2658052	standard_tone	sapo_probe	standard	n/a	n/a	n/a	n/a	n/a
5317.120	0	2658560	standard_tone	sapo_probe	standard	n/a	n/a	n/a	n/a	n/a
5318.136	0	2659068	oddball_tone	sapo_probe	oddball	n/a	n/a	n/a	n/a	n/a
5319.152	0	2659576	standard_tone	sapo_probe	standard	n/a	n/a	n/a	n/a	n/a
5320.168	0	2660084	standard_tone	sapo_probe	standard	n/a	n/a	n/a	n/a	n/a
5321.184	0	2660592	standard_tone	sapo_probe	standard	n/a	n/a	n/a	n/a	n/a
5322.200	0	2661100	standard_tone	sapo_probe	standard	n/a	n/a	n/a	n/a	n/a
5323.216	0	2661608	standard_tone	sapo_probe	standard	n/a	n/a	n/a	n/a	n/a
5324.232	0	2662116	standard_tone	sapo_probe	standard	n/a	n/a	n/a	n/a	n/a
5325.248	0	2662624	standard_tone	sapo_probe	standard	n/a	n/a	n/a	n/a	n/a
5326.246	0	2663123	standard_tone	sapo_probe	standard	n/a	n/a	n/a	n/a	n/a
5327.262	0	2663631	standard_tone	sapo_probe	standard	n/a	n/a	n/a	n/a	n/a
5328.278	0	2664139	standard_tone	sapo_probe	standard	n/a	n/a	n/a	n/a	n/a
5329.294	0	2664647	standard_tone	sapo_probe	standard	n/a	n/a	n/a	n/a	n/a
5330.310	0	2665155	standard_tone	sapo_probe	standard	n/a	n/a	n/a	n/a	n/a
5331.326	0	2665663	standard_tone	sapo_probe	standard	n/a	n/a	n/a	n/a	n/a
5332.342	0	2666171	distractor_noise	sapo_probe	distractor	n/a	n/a	n/a	n/a	n/a
5333.358	0	2666679	standard_tone	sapo_probe	standard	n/a	n/a	n/a	n/a	n/a
5334.374	0	2667187	standard_tone	sapo_probe	standard	n/a	n/a	n/a	n/a	n/a
5335.374	0	2667687	standard_tone	sapo_probe	standard	n/a	n/a	n/a	n/a	n/a
5336.388	0	2668194	distractor_noise	sapo_probe	distractor	n/a	n/a	n/a	n/a	n/a
5337.404	0	2668702	oddball_tone	sapo_probe	oddball	n/a	n/a	n/a	n/a	n/a
5338.420	0	2669210	standard_tone	sapo_probe	standard	n/a	n/a	n/a	n/a	n/a
5339.436	0	2669718	standard_tone	sapo_probe	standard	n/a	n/a	n/a	n/a	n/a
5340.452	0	2670226	standard_tone	sapo_probe	standard	n/a	n/a	n/a	n/a	n/a
5341.468	0	2670734	standard_tone	sapo_probe	standard	n/a	n/a	n/a	n/a	n/a
5342.484	0	2671242	distractor_noise	sapo_probe	distractor	n/a	n/a	n/a	n/a	n/a
5343.498	0	2671749	standard_tone	sapo_probe	standard	n/a	n/a	n/a	n/a	n/a
5344.514	0	2672257	distractor_noise	sapo_probe	distractor	n/a	n/a	n/a	n/a	n/a
5345.530	0	2672765	standard_tone	sapo_probe	standard	n/a	n/a	n/a	n/a	n/a
5346.546	0	2673273	distractor_noise	sapo_probe	distractor	n/a	n/a	n/a	n/a	n/a
5347.562	0	2673781	oddball_tone	sapo_probe	oddball	n/a	n/a	n/a	n/a	n/a
5348.578	0	2674289	standard_tone	sapo_probe	standard	n/a	n/a	n/a	n/a	n/a
5349.594	0	2674797	standard_tone	sapo_probe	standard	n/a	n/a	n/a	n/a	n/a
5350.610	0	2675305	standard_tone	sapo_probe	standard	n/a	n/a	n/a	n/a	n/a
5351.626	0	2675813	standard_tone	sapo_probe	standard	n/a	n/a	n/a	n/a	n/a
5352.642	0	2676321	standard_tone	sapo_probe	standard	n/a	n/a	n/a	n/a	n/a
5353.658	0	2676829	distractor_noise	sapo_probe	distractor	n/a	n/a	n/a	n/a	n/a
5354.674	0	2677337	standard_tone	sapo_probe	standard	n/a	n/a	n/a	n/a	n/a
5355.688	0	2677844	oddball_tone	sapo_probe	oddball	n/a	n/a	n/a	n/a	n/a
5356.704	0	2678352	standard_tone	sapo_probe	standard	n/a	n/a	n/a	n/a	n/a
5357.720	0	2678860	standard_tone	sapo_probe	standard	n/a	n/a	n/a	n/a	n/a
5358.736	0	2679368	oddball_tone	sapo_probe	oddball	n/a	n/a	n/a	n/a	n/a
5359.752	0	2679876	standard_tone	sapo_probe	standard	n/a	n/a	n/a	n/a	n/a
5360.752	0	2680376	standard_tone	sapo_probe	standard	n/a	n/a	n/a	n/a	n/a
5361.768	0	2680884	standard_tone	sapo_probe	standard	n/a	n/a	n/a	n/a	n/a
5362.782	0	2681391	standard_tone	sapo_probe	standard	n/a	n/a	n/a	n/a	n/a
5363.582	0	2681791	prompt_window_begin	sapo_probe	probe-sapo-probe-begin	n/a	n/a	n/a	n/a	n/a
5369.630	0	2684815	clicker_press	sapo_probe	response-received-page_up	n/a	n/a	n/a	n/a	page_up
5372.674	0	2686337	depth_rating	sapo_probe	rating-sapo-probe-meditation_depth-1	1	n/a	n/a	n/a	n/a
5378.420	0	2689210	clicker_press	sapo_probe	response-received-page_up	n/a	n/a	n/a	n/a	page_up
5378.970	0	2689485	clicker_press	sapo_probe	response-received-page_up	n/a	n/a	n/a	n/a	page_up
5379.502	0	2689751	clicker_press	sapo_probe	response-received-page_up	n/a	n/a	n/a	n/a	page_up
5382.832	0	2691416	confidence_rating	sapo_probe	rating-sapo-probe-confidence_depth-3	n/a	3	n/a	n/a	n/a
5386.264	0	2693132	prompt_window_end	sapo_probe	probe-sapo-probe-end	n/a	n/a	n/a	n/a	n/a
5386.280	0	2693140	standard_tone	sapo_probe	standard	n/a	n/a	n/a	n/a	n/a
5387.296	0	2693648	standard_tone	sapo_probe	standard	n/a	n/a	n/a	n/a	n/a
5388.312	0	2694156	standard_tone	sapo_probe	standard	n/a	n/a	n/a	n/a	n/a
5389.328	0	2694664	standard_tone	sapo_probe	standard	n/a	n/a	n/a	n/a	n/a
5390.344	0	2695172	standard_tone	sapo_probe	standard	n/a	n/a	n/a	n/a	n/a
5391.360	0	2695680	standard_tone	sapo_probe	standard	n/a	n/a	n/a	n/a	n/a
5392.374	0	2696187	standard_tone	sapo_probe	standard	n/a	n/a	n/a	n/a	n/a
5393.390	0	2696695	standard_tone	sapo_probe	standard	n/a	n/a	n/a	n/a	n/a
5394.008	0	2697004	silence_end	sapo_probe	silence-end	n/a	n/a	n/a	n/a	n/a
5394.008	0	2697004	gong_begin	sapo_probe	gong-begin	n/a	n/a	n/a	n/a	n/a
5404.116	0	2702058	gong_end	sapo_probe	gong-end	n/a	n/a	n/a	n/a	n/a
5404.116	0	2702058	subblock_end	sapo_probe	subblock-end-duration-143.831	n/a	n/a	n/a	143.831	n/a
5404.118	0	2702059	subblock_begin	sapo_probe	subblock-begin	n/a	n/a	n/a	n/a	n/a
5404.118	0	2702059	silence_begin	sapo_probe	silence-begin	n/a	n/a	n/a	n/a	n/a
5404.118	0	2702059	standard_tone	sapo_probe	standard	n/a	n/a	n/a	n/a	n/a
5405.132	0	2702566	standard_tone	sapo_probe	standard	n/a	n/a	n/a	n/a	n/a
5406.146	0	2703073	standard_tone	sapo_probe	standard	n/a	n/a	n/a	n/a	n/a
5407.162	0	2703581	oddball_tone	sapo_probe	oddball	n/a	n/a	n/a	n/a	n/a
5408.178	0	2704089	distractor_noise	sapo_probe	distractor	n/a	n/a	n/a	n/a	n/a
5409.194	0	2704597	standard_tone	sapo_probe	standard	n/a	n/a	n/a	n/a	n/a
5410.210	0	2705105	standard_tone	sapo_probe	standard	n/a	n/a	n/a	n/a	n/a
5411.226	0	2705613	oddball_tone	sapo_probe	oddball	n/a	n/a	n/a	n/a	n/a
5412.242	0	2706121	standard_tone	sapo_probe	standard	n/a	n/a	n/a	n/a	n/a
5413.258	0	2706629	standard_tone	sapo_probe	standard	n/a	n/a	n/a	n/a	n/a
5414.274	0	2707137	standard_tone	sapo_probe	standard	n/a	n/a	n/a	n/a	n/a
5415.290	0	2707645	standard_tone	sapo_probe	standard	n/a	n/a	n/a	n/a	n/a
5416.306	0	2708153	distractor_noise	sapo_probe	distractor	n/a	n/a	n/a	n/a	n/a
5417.320	0	2708660	standard_tone	sapo_probe	standard	n/a	n/a	n/a	n/a	n/a
5418.320	0	2709160	distractor_noise	sapo_probe	distractor	n/a	n/a	n/a	n/a	n/a
5419.336	0	2709668	standard_tone	sapo_probe	standard	n/a	n/a	n/a	n/a	n/a
5420.352	0	2710176	standard_tone	sapo_probe	standard	n/a	n/a	n/a	n/a	n/a
5421.368	0	2710684	distractor_noise	sapo_probe	distractor	n/a	n/a	n/a	n/a	n/a
5422.384	0	2711192	standard_tone	sapo_probe	standard	n/a	n/a	n/a	n/a	n/a
5423.384	0	2711692	standard_tone	sapo_probe	standard	n/a	n/a	n/a	n/a	n/a
5424.400	0	2712200	standard_tone	sapo_probe	standard	n/a	n/a	n/a	n/a	n/a
5425.414	0	2712707	standard_tone	sapo_probe	standard	n/a	n/a	n/a	n/a	n/a
5426.430	0	2713215	standard_tone	sapo_probe	standard	n/a	n/a	n/a	n/a	n/a
5427.446	0	2713723	standard_tone	sapo_probe	standard	n/a	n/a	n/a	n/a	n/a
5428.462	0	2714231	distractor_noise	sapo_probe	distractor	n/a	n/a	n/a	n/a	n/a
5429.478	0	2714739	standard_tone	sapo_probe	standard	n/a	n/a	n/a	n/a	n/a
5430.494	0	2715247	distractor_noise	sapo_probe	distractor	n/a	n/a	n/a	n/a	n/a
5431.510	0	2715755	oddball_tone	sapo_probe	oddball	n/a	n/a	n/a	n/a	n/a
5432.524	0	2716262	standard_tone	sapo_probe	standard	n/a	n/a	n/a	n/a	n/a
5433.540	0	2716770	standard_tone	sapo_probe	standard	n/a	n/a	n/a	n/a	n/a
5434.556	0	2717278	standard_tone	sapo_probe	standard	n/a	n/a	n/a	n/a	n/a
5435.572	0	2717786	standard_tone	sapo_probe	standard	n/a	n/a	n/a	n/a	n/a
5436.588	0	2718294	distractor_noise	sapo_probe	distractor	n/a	n/a	n/a	n/a	n/a
5437.604	0	2718802	oddball_tone	sapo_probe	oddball	n/a	n/a	n/a	n/a	n/a
5438.620	0	2719310	standard_tone	sapo_probe	standard	n/a	n/a	n/a	n/a	n/a
5439.636	0	2719818	oddball_tone	sapo_probe	oddball	n/a	n/a	n/a	n/a	n/a
5440.652	0	2720326	standard_tone	sapo_probe	standard	n/a	n/a	n/a	n/a	n/a
5441.668	0	2720834	standard_tone	sapo_probe	standard	n/a	n/a	n/a	n/a	n/a
5442.684	0	2721342	standard_tone	sapo_probe	standard	n/a	n/a	n/a	n/a	n/a
5443.700	0	2721850	standard_tone	sapo_probe	standard	n/a	n/a	n/a	n/a	n/a
5444.714	0	2722357	standard_tone	sapo_probe	standard	n/a	n/a	n/a	n/a	n/a
5445.730	0	2722865	standard_tone	sapo_probe	standard	n/a	n/a	n/a	n/a	n/a
5446.730	0	2723365	standard_tone	sapo_probe	standard	n/a	n/a	n/a	n/a	n/a
5447.746	0	2723873	distractor_noise	sapo_probe	distractor	n/a	n/a	n/a	n/a	n/a
5448.744	0	2724372	oddball_tone	sapo_probe	oddball	n/a	n/a	n/a	n/a	n/a
5449.760	0	2724880	standard_tone	sapo_probe	standard	n/a	n/a	n/a	n/a	n/a
5450.776	0	2725388	standard_tone	sapo_probe	standard	n/a	n/a	n/a	n/a	n/a
5451.792	0	2725896	standard_tone	sapo_probe	standard	n/a	n/a	n/a	n/a	n/a
5452.808	0	2726404	standard_tone	sapo_probe	standard	n/a	n/a	n/a	n/a	n/a
5453.824	0	2726912	standard_tone	sapo_probe	standard	n/a	n/a	n/a	n/a	n/a
5454.840	0	2727420	standard_tone	sapo_probe	standard	n/a	n/a	n/a	n/a	n/a
5455.856	0	2727928	oddball_tone	sapo_probe	oddball	n/a	n/a	n/a	n/a	n/a
5456.872	0	2728436	standard_tone	sapo_probe	standard	n/a	n/a	n/a	n/a	n/a
5457.888	0	2728944	standard_tone	sapo_probe	standard	n/a	n/a	n/a	n/a	n/a
5458.904	0	2729452	standard_tone	sapo_probe	standard	n/a	n/a	n/a	n/a	n/a
5459.918	0	2729959	standard_tone	sapo_probe	standard	n/a	n/a	n/a	n/a	n/a
5460.934	0	2730467	standard_tone	sapo_probe	standard	n/a	n/a	n/a	n/a	n/a
5461.950	0	2730975	standard_tone	sapo_probe	standard	n/a	n/a	n/a	n/a	n/a
5462.966	0	2731483	standard_tone	sapo_probe	standard	n/a	n/a	n/a	n/a	n/a
5463.982	0	2731991	standard_tone	sapo_probe	standard	n/a	n/a	n/a	n/a	n/a
5464.998	0	2732499	oddball_tone	sapo_probe	oddball	n/a	n/a	n/a	n/a	n/a
5466.014	0	2733007	standard_tone	sapo_probe	standard	n/a	n/a	n/a	n/a	n/a
5467.030	0	2733515	standard_tone	sapo_probe	standard	n/a	n/a	n/a	n/a	n/a
5468.046	0	2734023	standard_tone	sapo_probe	standard	n/a	n/a	n/a	n/a	n/a
5469.062	0	2734531	standard_tone	sapo_probe	standard	n/a	n/a	n/a	n/a	n/a
5470.060	0	2735030	standard_tone	sapo_probe	standard	n/a	n/a	n/a	n/a	n/a
5471.076	0	2735538	standard_tone	sapo_probe	standard	n/a	n/a	n/a	n/a	n/a
5472.092	0	2736046	standard_tone	sapo_probe	standard	n/a	n/a	n/a	n/a	n/a
5473.108	0	2736554	standard_tone	sapo_probe	standard	n/a	n/a	n/a	n/a	n/a
5474.124	0	2737062	standard_tone	sapo_probe	standard	n/a	n/a	n/a	n/a	n/a
5475.140	0	2737570	standard_tone	sapo_probe	standard	n/a	n/a	n/a	n/a	n/a
5476.156	0	2738078	standard_tone	sapo_probe	standard	n/a	n/a	n/a	n/a	n/a
5477.154	0	2738577	standard_tone	sapo_probe	standard	n/a	n/a	n/a	n/a	n/a
5478.170	0	2739085	standard_tone	sapo_probe	standard	n/a	n/a	n/a	n/a	n/a
5479.186	0	2739593	oddball_tone	sapo_probe	oddball	n/a	n/a	n/a	n/a	n/a
5480.202	0	2740101	standard_tone	sapo_probe	standard	n/a	n/a	n/a	n/a	n/a
5481.218	0	2740609	standard_tone	sapo_probe	standard	n/a	n/a	n/a	n/a	n/a
5482.234	0	2741117	standard_tone	sapo_probe	standard	n/a	n/a	n/a	n/a	n/a
5483.250	0	2741625	oddball_tone	sapo_probe	oddball	n/a	n/a	n/a	n/a	n/a
5484.266	0	2742133	standard_tone	sapo_probe	standard	n/a	n/a	n/a	n/a	n/a
5485.264	0	2742632	distractor_noise	sapo_probe	distractor	n/a	n/a	n/a	n/a	n/a
5486.280	0	2743140	standard_tone	sapo_probe	standard	n/a	n/a	n/a	n/a	n/a
5487.280	0	2743640	standard_tone	sapo_probe	standard	n/a	n/a	n/a	n/a	n/a
5488.296	0	2744148	standard_tone	sapo_probe	standard	n/a	n/a	n/a	n/a	n/a
5489.312	0	2744656	distractor_noise	sapo_probe	distractor	n/a	n/a	n/a	n/a	n/a
5490.326	0	2745163	standard_tone	sapo_probe	standard	n/a	n/a	n/a	n/a	n/a
5491.344	0	2745672	standard_tone	sapo_probe	standard	n/a	n/a	n/a	n/a	n/a
5492.366	0	2746183	distractor_noise	sapo_probe	distractor	n/a	n/a	n/a	n/a	n/a
5493.374	0	2746687	standard_tone	sapo_probe	standard	n/a	n/a	n/a	n/a	n/a
5494.390	0	2747195	oddball_tone	sapo_probe	oddball	n/a	n/a	n/a	n/a	n/a
5495.390	0	2747695	distractor_noise	sapo_probe	distractor	n/a	n/a	n/a	n/a	n/a
5496.406	0	2748203	standard_tone	sapo_probe	standard	n/a	n/a	n/a	n/a	n/a
5497.422	0	2748711	standard_tone	sapo_probe	standard	n/a	n/a	n/a	n/a	n/a
5498.438	0	2749219	standard_tone	sapo_probe	standard	n/a	n/a	n/a	n/a	n/a
5499.452	0	2749726	standard_tone	sapo_probe	standard	n/a	n/a	n/a	n/a	n/a
5500.468	0	2750234	standard_tone	sapo_probe	standard	n/a	n/a	n/a	n/a	n/a
5501.484	0	2750742	standard_tone	sapo_probe	standard	n/a	n/a	n/a	n/a	n/a
5502.500	0	2751250	standard_tone	sapo_probe	standard	n/a	n/a	n/a	n/a	n/a
5503.516	0	2751758	standard_tone	sapo_probe	standard	n/a	n/a	n/a	n/a	n/a
5504.532	0	2752266	standard_tone	sapo_probe	standard	n/a	n/a	n/a	n/a	n/a
5505.532	0	2752766	silence_end	sapo_probe	silence-end	n/a	n/a	n/a	n/a	n/a
5505.532	0	2752766	gong_begin	sapo_probe	gong-begin	n/a	n/a	n/a	n/a	n/a
5515.640	0	2757820	gong_end	sapo_probe	gong-end	n/a	n/a	n/a	n/a	n/a
5515.640	0	2757820	subblock_end	sapo_probe	subblock-end-duration-111.523	n/a	n/a	n/a	111.523	n/a
5515.640	0	2757820	subblock_begin	sapo_probe	subblock-begin	n/a	n/a	n/a	n/a	n/a
5515.642	0	2757821	silence_begin	sapo_probe	silence-begin	n/a	n/a	n/a	n/a	n/a
5515.656	0	2757828	standard_tone	sapo_probe	standard	n/a	n/a	n/a	n/a	n/a
5516.672	0	2758336	standard_tone	sapo_probe	standard	n/a	n/a	n/a	n/a	n/a
5517.688	0	2758844	standard_tone	sapo_probe	standard	n/a	n/a	n/a	n/a	n/a
5518.704	0	2759352	standard_tone	sapo_probe	standard	n/a	n/a	n/a	n/a	n/a
5519.720	0	2759860	oddball_tone	sapo_probe	oddball	n/a	n/a	n/a	n/a	n/a
5520.736	0	2760368	standard_tone	sapo_probe	standard	n/a	n/a	n/a	n/a	n/a
5521.750	0	2760875	standard_tone	sapo_probe	standard	n/a	n/a	n/a	n/a	n/a
5522.766	0	2761383	standard_tone	sapo_probe	standard	n/a	n/a	n/a	n/a	n/a
5523.782	0	2761891	standard_tone	sapo_probe	standard	n/a	n/a	n/a	n/a	n/a
5524.798	0	2762399	oddball_tone	sapo_probe	oddball	n/a	n/a	n/a	n/a	n/a
5525.814	0	2762907	standard_tone	sapo_probe	standard	n/a	n/a	n/a	n/a	n/a
5526.830	0	2763415	standard_tone	sapo_probe	standard	n/a	n/a	n/a	n/a	n/a
5527.846	0	2763923	standard_tone	sapo_probe	standard	n/a	n/a	n/a	n/a	n/a
5528.862	0	2764431	distractor_noise	sapo_probe	distractor	n/a	n/a	n/a	n/a	n/a
5529.878	0	2764939	standard_tone	sapo_probe	standard	n/a	n/a	n/a	n/a	n/a
5530.894	0	2765447	distractor_noise	sapo_probe	distractor	n/a	n/a	n/a	n/a	n/a
5531.910	0	2765955	standard_tone	sapo_probe	standard	n/a	n/a	n/a	n/a	n/a
5532.926	0	2766463	standard_tone	sapo_probe	standard	n/a	n/a	n/a	n/a	n/a
5533.940	0	2766970	standard_tone	sapo_probe	standard	n/a	n/a	n/a	n/a	n/a
5534.958	0	2767479	standard_tone	sapo_probe	standard	n/a	n/a	n/a	n/a	n/a
5535.972	0	2767986	oddball_tone	sapo_probe	oddball	n/a	n/a	n/a	n/a	n/a
5536.988	0	2768494	standard_tone	sapo_probe	standard	n/a	n/a	n/a	n/a	n/a
5538.004	0	2769002	standard_tone	sapo_probe	standard	n/a	n/a	n/a	n/a	n/a
5539.004	0	2769502	standard_tone	sapo_probe	standard	n/a	n/a	n/a	n/a	n/a
5540.020	0	2770010	standard_tone	sapo_probe	standard	n/a	n/a	n/a	n/a	n/a
5541.034	0	2770517	standard_tone	sapo_probe	standard	n/a	n/a	n/a	n/a	n/a
5542.052	0	2771026	standard_tone	sapo_probe	standard	n/a	n/a	n/a	n/a	n/a
5543.066	0	2771533	standard_tone	sapo_probe	standard	n/a	n/a	n/a	n/a	n/a
5544.082	0	2772041	oddball_tone	sapo_probe	oddball	n/a	n/a	n/a	n/a	n/a
5545.098	0	2772549	standard_tone	sapo_probe	standard	n/a	n/a	n/a	n/a	n/a
5546.114	0	2773057	standard_tone	sapo_probe	standard	n/a	n/a	n/a	n/a	n/a
5547.130	0	2773565	distractor_noise	sapo_probe	distractor	n/a	n/a	n/a	n/a	n/a
5548.146	0	2774073	standard_tone	sapo_probe	standard	n/a	n/a	n/a	n/a	n/a
5549.162	0	2774581	oddball_tone	sapo_probe	oddball	n/a	n/a	n/a	n/a	n/a
5550.178	0	2775089	standard_tone	sapo_probe	standard	n/a	n/a	n/a	n/a	n/a
5551.194	0	2775597	standard_tone	sapo_probe	standard	n/a	n/a	n/a	n/a	n/a
5552.210	0	2776105	distractor_noise	sapo_probe	distractor	n/a	n/a	n/a	n/a	n/a
5553.224	0	2776612	standard_tone	sapo_probe	standard	n/a	n/a	n/a	n/a	n/a
5554.240	0	2777120	oddball_tone	sapo_probe	oddball	n/a	n/a	n/a	n/a	n/a
5555.256	0	2777628	standard_tone	sapo_probe	standard	n/a	n/a	n/a	n/a	n/a
5556.272	0	2778136	standard_tone	sapo_probe	standard	n/a	n/a	n/a	n/a	n/a
5557.288	0	2778644	standard_tone	sapo_probe	standard	n/a	n/a	n/a	n/a	n/a
5558.304	0	2779152	standard_tone	sapo_probe	standard	n/a	n/a	n/a	n/a	n/a
5559.320	0	2779660	standard_tone	sapo_probe	standard	n/a	n/a	n/a	n/a	n/a
5560.336	0	2780168	standard_tone	sapo_probe	standard	n/a	n/a	n/a	n/a	n/a
5561.352	0	2780676	standard_tone	sapo_probe	standard	n/a	n/a	n/a	n/a	n/a
5562.352	0	2781176	standard_tone	sapo_probe	standard	n/a	n/a	n/a	n/a	n/a
5563.366	0	2781683	standard_tone	sapo_probe	standard	n/a	n/a	n/a	n/a	n/a
5564.382	0	2782191	standard_tone	sapo_probe	standard	n/a	n/a	n/a	n/a	n/a
5565.398	0	2782699	standard_tone	sapo_probe	standard	n/a	n/a	n/a	n/a	n/a
5566.414	0	2783207	standard_tone	sapo_probe	standard	n/a	n/a	n/a	n/a	n/a
5567.430	0	2783715	oddball_tone	sapo_probe	oddball	n/a	n/a	n/a	n/a	n/a
5568.446	0	2784223	standard_tone	sapo_probe	standard	n/a	n/a	n/a	n/a	n/a
5569.462	0	2784731	distractor_noise	sapo_probe	distractor	n/a	n/a	n/a	n/a	n/a
5570.478	0	2785239	standard_tone	sapo_probe	standard	n/a	n/a	n/a	n/a	n/a
5571.494	0	2785747	standard_tone	sapo_probe	standard	n/a	n/a	n/a	n/a	n/a
5572.510	0	2786255	oddball_tone	sapo_probe	oddball	n/a	n/a	n/a	n/a	n/a
5573.524	0	2786762	standard_tone	sapo_probe	standard	n/a	n/a	n/a	n/a	n/a
5574.540	0	2787270	standard_tone	sapo_probe	standard	n/a	n/a	n/a	n/a	n/a
5575.556	0	2787778	distractor_noise	sapo_probe	distractor	n/a	n/a	n/a	n/a	n/a
5576.572	0	2788286	standard_tone	sapo_probe	standard	n/a	n/a	n/a	n/a	n/a
5577.588	0	2788794	standard_tone	sapo_probe	standard	n/a	n/a	n/a	n/a	n/a
5578.604	0	2789302	distractor_noise	sapo_probe	distractor	n/a	n/a	n/a	n/a	n/a
5579.620	0	2789810	standard_tone	sapo_probe	standard	n/a	n/a	n/a	n/a	n/a
5580.636	0	2790318	standard_tone	sapo_probe	standard	n/a	n/a	n/a	n/a	n/a
5581.636	0	2790818	standard_tone	sapo_probe	standard	n/a	n/a	n/a	n/a	n/a
5582.650	0	2791325	standard_tone	sapo_probe	standard	n/a	n/a	n/a	n/a	n/a
5583.668	0	2791834	standard_tone	sapo_probe	standard	n/a	n/a	n/a	n/a	n/a
5584.682	0	2792341	standard_tone	sapo_probe	standard	n/a	n/a	n/a	n/a	n/a
5585.682	0	2792841	standard_tone	sapo_probe	standard	n/a	n/a	n/a	n/a	n/a
5586.696	0	2793348	standard_tone	sapo_probe	standard	n/a	n/a	n/a	n/a	n/a
5587.714	0	2793857	standard_tone	sapo_probe	standard	n/a	n/a	n/a	n/a	n/a
5588.728	0	2794364	distractor_noise	sapo_probe	distractor	n/a	n/a	n/a	n/a	n/a
5589.744	0	2794872	standard_tone	sapo_probe	standard	n/a	n/a	n/a	n/a	n/a
5590.760	0	2795380	standard_tone	sapo_probe	standard	n/a	n/a	n/a	n/a	n/a
5591.776	0	2795888	standard_tone	sapo_probe	standard	n/a	n/a	n/a	n/a	n/a
5592.792	0	2796396	standard_tone	sapo_probe	standard	n/a	n/a	n/a	n/a	n/a
5593.808	0	2796904	standard_tone	sapo_probe	standard	n/a	n/a	n/a	n/a	n/a
5594.824	0	2797412	standard_tone	sapo_probe	standard	n/a	n/a	n/a	n/a	n/a
5595.840	0	2797920	standard_tone	sapo_probe	standard	n/a	n/a	n/a	n/a	n/a
5596.856	0	2798428	oddball_tone	sapo_probe	oddball	n/a	n/a	n/a	n/a	n/a
5597.872	0	2798936	standard_tone	sapo_probe	standard	n/a	n/a	n/a	n/a	n/a
5598.888	0	2799444	standard_tone	sapo_probe	standard	n/a	n/a	n/a	n/a	n/a
5599.902	0	2799951	standard_tone	sapo_probe	standard	n/a	n/a	n/a	n/a	n/a
5600.918	0	2800459	standard_tone	sapo_probe	standard	n/a	n/a	n/a	n/a	n/a
5601.934	0	2800967	standard_tone	sapo_probe	standard	n/a	n/a	n/a	n/a	n/a
5602.934	0	2801467	standard_tone	sapo_probe	standard	n/a	n/a	n/a	n/a	n/a
5603.950	0	2801975	standard_tone	sapo_probe	standard	n/a	n/a	n/a	n/a	n/a
5604.966	0	2802483	standard_tone	sapo_probe	standard	n/a	n/a	n/a	n/a	n/a
5605.982	0	2802991	standard_tone	sapo_probe	standard	n/a	n/a	n/a	n/a	n/a
5606.264	0	2803132	prompt_window_begin	sapo_probe	probe-sapo-probe-begin	n/a	n/a	n/a	n/a	n/a
5612.592	0	2806296	clicker_press	sapo_probe	response-received-page_up	n/a	n/a	n/a	n/a	page_up
5615.290	0	2807645	depth_rating	sapo_probe	rating-sapo-probe-meditation_depth-1	1	n/a	n/a	n/a	n/a
5618.438	0	2809219	clicker_press	sapo_probe	response-received-page_up	n/a	n/a	n/a	n/a	page_up
5618.988	0	2809494	clicker_press	sapo_probe	response-received-page_up	n/a	n/a	n/a	n/a	page_up
5619.538	0	2809769	clicker_press	sapo_probe	response-received-page_up	n/a	n/a	n/a	n/a	page_up
5625.366	0	2812683	confidence_rating	sapo_probe	rating-sapo-probe-confidence_depth-3	n/a	3	n/a	n/a	n/a
5628.946	0	2814473	prompt_window_end	sapo_probe	probe-sapo-probe-end	n/a	n/a	n/a	n/a	n/a
5628.946	0	2814473	standard_tone	sapo_probe	standard	n/a	n/a	n/a	n/a	n/a
5629.962	0	2814981	distractor_noise	sapo_probe	distractor	n/a	n/a	n/a	n/a	n/a
5630.978	0	2815489	standard_tone	sapo_probe	standard	n/a	n/a	n/a	n/a	n/a
5631.992	0	2815996	standard_tone	sapo_probe	standard	n/a	n/a	n/a	n/a	n/a
5633.008	0	2816504	standard_tone	sapo_probe	standard	n/a	n/a	n/a	n/a	n/a
5634.026	0	2817013	standard_tone	sapo_probe	standard	n/a	n/a	n/a	n/a	n/a
5635.040	0	2817520	standard_tone	sapo_probe	standard	n/a	n/a	n/a	n/a	n/a
5636.040	0	2818020	distractor_noise	sapo_probe	distractor	n/a	n/a	n/a	n/a	n/a
5637.056	0	2818528	standard_tone	sapo_probe	standard	n/a	n/a	n/a	n/a	n/a
5638.072	0	2819036	distractor_noise	sapo_probe	distractor	n/a	n/a	n/a	n/a	n/a
5639.088	0	2819544	standard_tone	sapo_probe	standard	n/a	n/a	n/a	n/a	n/a
5640.102	0	2820051	distractor_noise	sapo_probe	distractor	n/a	n/a	n/a	n/a	n/a
5641.118	0	2820559	standard_tone	sapo_probe	standard	n/a	n/a	n/a	n/a	n/a
5642.134	0	2821067	distractor_noise	sapo_probe	distractor	n/a	n/a	n/a	n/a	n/a
5643.146	0	2821573	standard_tone	sapo_probe	standard	n/a	n/a	n/a	n/a	n/a
5644.150	0	2822075	standard_tone	sapo_probe	standard	n/a	n/a	n/a	n/a	n/a
5645.166	0	2822583	distractor_noise	sapo_probe	distractor	n/a	n/a	n/a	n/a	n/a
5646.182	0	2823091	standard_tone	sapo_probe	standard	n/a	n/a	n/a	n/a	n/a
5647.164	0	2823582	silence_end	sapo_probe	silence-end	n/a	n/a	n/a	n/a	n/a
5647.164	0	2823582	subblock_end	sapo_probe	subblock-end-duration-131.524	n/a	n/a	n/a	131.524	n/a
5647.166	0	2823583	subblock_begin	sapo_probe	subblock-begin	n/a	n/a	n/a	n/a	n/a
5647.166	0	2823583	silence_begin	sapo_probe	silence-begin	n/a	n/a	n/a	n/a	n/a
5647.198	0	2823599	oddball_tone	sapo_probe	oddball	n/a	n/a	n/a	n/a	n/a
5648.212	0	2824106	standard_tone	sapo_probe	standard	n/a	n/a	n/a	n/a	n/a
5649.228	0	2824614	distractor_noise	sapo_probe	distractor	n/a	n/a	n/a	n/a	n/a
5650.244	0	2825122	oddball_tone	sapo_probe	oddball	n/a	n/a	n/a	n/a	n/a
5651.260	0	2825630	standard_tone	sapo_probe	standard	n/a	n/a	n/a	n/a	n/a
5652.276	0	2826138	distractor_noise	sapo_probe	distractor	n/a	n/a	n/a	n/a	n/a
5653.292	0	2826646	standard_tone	sapo_probe	standard	n/a	n/a	n/a	n/a	n/a
5654.292	0	2827146	standard_tone	sapo_probe	standard	n/a	n/a	n/a	n/a	n/a
5655.306	0	2827653	standard_tone	sapo_probe	standard	n/a	n/a	n/a	n/a	n/a
5656.322	0	2828161	standard_tone	sapo_probe	standard	n/a	n/a	n/a	n/a	n/a
5657.338	0	2828669	standard_tone	sapo_probe	standard	n/a	n/a	n/a	n/a	n/a
5658.354	0	2829177	standard_tone	sapo_probe	standard	n/a	n/a	n/a	n/a	n/a
5659.370	0	2829685	distractor_noise	sapo_probe	distractor	n/a	n/a	n/a	n/a	n/a
5660.386	0	2830193	oddball_tone	sapo_probe	oddball	n/a	n/a	n/a	n/a	n/a
5661.402	0	2830701	standard_tone	sapo_probe	standard	n/a	n/a	n/a	n/a	n/a
5662.418	0	2831209	standard_tone	sapo_probe	standard	n/a	n/a	n/a	n/a	n/a
5663.434	0	2831717	standard_tone	sapo_probe	standard	n/a	n/a	n/a	n/a	n/a
5664.450	0	2832225	standard_tone	sapo_probe	standard	n/a	n/a	n/a	n/a	n/a
5665.464	0	2832732	standard_tone	sapo_probe	standard	n/a	n/a	n/a	n/a	n/a
5666.480	0	2833240	standard_tone	sapo_probe	standard	n/a	n/a	n/a	n/a	n/a
5667.496	0	2833748	standard_tone	sapo_probe	standard	n/a	n/a	n/a	n/a	n/a
5668.512	0	2834256	standard_tone	sapo_probe	standard	n/a	n/a	n/a	n/a	n/a
5669.528	0	2834764	oddball_tone	sapo_probe	oddball	n/a	n/a	n/a	n/a	n/a
5670.544	0	2835272	standard_tone	sapo_probe	standard	n/a	n/a	n/a	n/a	n/a
5671.562	0	2835781	standard_tone	sapo_probe	standard	n/a	n/a	n/a	n/a	n/a
5672.576	0	2836288	standard_tone	sapo_probe	standard	n/a	n/a	n/a	n/a	n/a
5673.592	0	2836796	standard_tone	sapo_probe	standard	n/a	n/a	n/a	n/a	n/a
5674.608	0	2837304	standard_tone	sapo_probe	standard	n/a	n/a	n/a	n/a	n/a
5675.608	0	2837804	standard_tone	sapo_probe	standard	n/a	n/a	n/a	n/a	n/a
5676.622	0	2838311	oddball_tone	sapo_probe	oddball	n/a	n/a	n/a	n/a	n/a
5677.638	0	2838819	standard_tone	sapo_probe	standard	n/a	n/a	n/a	n/a	n/a
5678.654	0	2839327	oddball_tone	sapo_probe	oddball	n/a	n/a	n/a	n/a	n/a
5679.670	0	2839835	standard_tone	sapo_probe	standard	n/a	n/a	n/a	n/a	n/a
5680.686	0	2840343	standard_tone	sapo_probe	standard	n/a	n/a	n/a	n/a	n/a
5681.702	0	2840851	standard_tone	sapo_probe	standard	n/a	n/a	n/a	n/a	n/a
5682.718	0	2841359	standard_tone	sapo_probe	standard	n/a	n/a	n/a	n/a	n/a
5683.734	0	2841867	distractor_noise	sapo_probe	distractor	n/a	n/a	n/a	n/a	n/a
5684.748	0	2842374	standard_tone	sapo_probe	standard	n/a	n/a	n/a	n/a	n/a
5685.766	0	2842883	standard_tone	sapo_probe	standard	n/a	n/a	n/a	n/a	n/a
5686.780	0	2843390	distractor_noise	sapo_probe	distractor	n/a	n/a	n/a	n/a	n/a
5687.796	0	2843898	standard_tone	sapo_probe	standard	n/a	n/a	n/a	n/a	n/a
5688.812	0	2844406	distractor_noise	sapo_probe	distractor	n/a	n/a	n/a	n/a	n/a
5689.828	0	2844914	standard_tone	sapo_probe	standard	n/a	n/a	n/a	n/a	n/a
5690.844	0	2845422	standard_tone	sapo_probe	standard	n/a	n/a	n/a	n/a	n/a
5691.860	0	2845930	standard_tone	sapo_probe	standard	n/a	n/a	n/a	n/a	n/a
5692.876	0	2846438	standard_tone	sapo_probe	standard	n/a	n/a	n/a	n/a	n/a
5693.892	0	2846946	standard_tone	sapo_probe	standard	n/a	n/a	n/a	n/a	n/a
5694.908	0	2847454	standard_tone	sapo_probe	standard	n/a	n/a	n/a	n/a	n/a
5695.924	0	2847962	standard_tone	sapo_probe	standard	n/a	n/a	n/a	n/a	n/a
5696.940	0	2848470	standard_tone	sapo_probe	standard	n/a	n/a	n/a	n/a	n/a
5697.954	0	2848977	standard_tone	sapo_probe	standard	n/a	n/a	n/a	n/a	n/a
5698.970	0	2849485	standard_tone	sapo_probe	standard	n/a	n/a	n/a	n/a	n/a
5699.986	0	2849993	standard_tone	sapo_probe	standard	n/a	n/a	n/a	n/a	n/a
5700.770	0	2850385	sapo_probe_end	sapo_probe	block-sapo-probe-end	n/a	n/a	n/a	n/a	n/a
5700.770	0	2850385	block_duration	sapo_probe	block-sapo-probe-duration-2100	n/a	n/a	n/a	2100.000	n/a
5700.770	0	2850385	prompt_window_begin	sapo_probe	probe-sapo-probe-begin	n/a	n/a	n/a	n/a	n/a
5706.598	0	2853299	clicker_press	n/a	response-received-page_up	n/a	n/a	n/a	n/a	page_up
5707.598	0	2853799	clicker_press	n/a	response-received-page_up	n/a	n/a	n/a	n/a	page_up
5709.828	0	2854914	depth_rating	sapo_probe	rating-sapo-probe-meditation_depth-2	2	n/a	n/a	n/a	n/a
5712.708	0	2856354	clicker_press	n/a	response-received-page_up	n/a	n/a	n/a	n/a	page_up
5713.506	0	2856753	clicker_press	n/a	response-received-page_up	n/a	n/a	n/a	n/a	page_up
5719.870	0	2859935	confidence_rating	sapo_probe	rating-sapo-probe-confidence_depth-2	n/a	2	n/a	n/a	n/a
5720.886	0	2860443	prompt_window_end	sapo_probe	probe-sapo-probe-end	n/a	n/a	n/a	n/a	n/a
5720.888	0	2860444	break_begin	break	break-begin	n/a	n/a	n/a	n/a	n/a
5870.944	0	2935472	clicker_press	break	response-received-enter	n/a	n/a	n/a	n/a	enter
5870.960	0	2935480	break_end	break	break-end	n/a	n/a	n/a	n/a	n/a
5904.634	0	2952317	clicker_press	n/a	response-received-page_down	n/a	n/a	n/a	n/a	page_down
5904.652	0	2952326	post_meditation_begin	post_meditation	post-meditation-begin	n/a	n/a	n/a	n/a	n/a
6204.668	0	3102334	post_meditation_end	post_meditation	post-meditation-end	n/a	n/a	n/a	n/a	n/a
6204.670	0	3102335	prompt_window_begin	post_meditation	probe-post-meditation-begin	n/a	n/a	n/a	n/a	n/a
6210.746	0	3105373	clicker_press	n/a	response-received-page_up	n/a	n/a	n/a	n/a	page_up
6213.710	0	3106855	depth_rating	post_meditation	rating-post-meditation-meditation_depth-1	1	n/a	n/a	n/a	n/a
6219.606	0	3109803	clicker_press	n/a	response-received-page_up	n/a	n/a	n/a	n/a	page_up
6219.988	0	3109994	clicker_press	n/a	response-received-page_up	n/a	n/a	n/a	n/a	page_up
6220.522	0	3110261	clicker_press	n/a	response-received-page_up	n/a	n/a	n/a	n/a	page_up
6220.922	0	3110461	clicker_press	n/a	response-received-page_up	n/a	n/a	n/a	n/a	page_up
6223.786	0	3111893	confidence_rating	post_meditation	rating-post-meditation-confidence_depth-4	n/a	4	n/a	n/a	n/a
6224.802	0	3112401	prompt_window_end	post_meditation	probe-post-meditation-end	n/a	n/a	n/a	n/a	n/a
6233.926	0	3116963	task_end	n/a	task-end	n/a	n/a	n/a	n/a	n/a
