onset	duration	sample	trial_type	block	value	depth	confidence	response_time	logged_duration	key
0.000	0	0	clicker_press	n/a	response-received-arrow_up	n/a	n/a	n/a	n/a	arrow_up
9.474	0	4737	clicker_press	n/a	response-received-arrow_up	n/a	n/a	n/a	n/a	arrow_up
17.450	0	8725	clicker_press	n/a	response-received-arrow_up	n/a	n/a	n/a	n/a	arrow_up
25.178	0	12589	clicker_press	n/a	response-received-arrow_up	n/a	n/a	n/a	n/a	arrow_up
32.472	0	16236	clicker_press	n/a	response-received-arrow_up	n/a	n/a	n/a	n/a	arrow_up
38.832	0	19416	clicker_press	n/a	response-received-arrow_up	n/a	n/a	n/a	n/a	arrow_up
51.372	0	25686	clicker_press	n/a	response-received-arrow_up	n/a	n/a	n/a	n/a	arrow_up
56.922	0	28461	clicker_press	n/a	response-received-arrow_up	n/a	n/a	n/a	n/a	arrow_up
57.020	0	28510	task_begin	n/a	task-begin	n/a	n/a	n/a	n/a	n/a
133.754	0	66877	clicker_press	n/a	response-received-arrow_up	n/a	n/a	n/a	n/a	arrow_up
133.804	0	66902	baseline_begin	baseline	baseline-begin	n/a	n/a	n/a	n/a	n/a
433.856	0	216928	baseline_end	baseline	baseline-end	n/a	n/a	n/a	n/a	n/a
509.644	0	254822	clicker_press	n/a	response-received-arrow_up	n/a	n/a	n/a	n/a	arrow_up
509.726	0	254863	pre_meditation_begin	pre_meditation	pre-meditation-begin	n/a	n/a	n/a	n/a	n/a
809.778	0	404889	pre_meditation_end	pre_meditation	pre-meditation-end	n/a	n/a	n/a	n/a	n/a
809.778	0	404889	prompt_window_begin	pre_meditation	probe-pre-meditation-begin	n/a	n/a	n/a	n/a	n/a
816.904	0	408452	clicker_press	n/a	response-received-arrow_up	n/a	n/a	n/a	n/a	arrow_up
817.422	0	408711	clicker_press	n/a	response-received-arrow_up	n/a	n/a	n/a	n/a	arrow_up
817.938	0	408969	clicker_press	n/a	response-received-arrow_up	n/a	n/a	n/a	n/a	arrow_up
818.388	0	409194	clicker_press	n/a	response-received-arrow_up	n/a	n/a	n/a	n/a	arrow_up
818.836	0	409418	depth_rating	pre_meditation	rating-pre-meditation-meditation_depth-4	4	n/a	n/a	n/a	n/a
825.064	0	412532	clicker_press	n/a	response-received-arrow_up	n/a	n/a	n/a	n/a	arrow_up
825.914	0	412957	clicker_press	n/a	response-received-arrow_up	n/a	n/a	n/a	n/a	arrow_up
826.148	0	413074	clicker_press	n/a	response-received-arrow_up	n/a	n/a	n/a	n/a	arrow_up
826.330	0	413165	clicker_press	n/a	response-received-arrow_up	n/a	n/a	n/a	n/a	arrow_up
828.978	0	414489	confidence_rating	pre_meditation	rating-pre-meditation-confidence_depth-4	n/a	4	n/a	n/a	n/a
830.010	0	415005	prompt_window_end	pre_meditation	probe-pre-meditation-end	n/a	n/a	n/a	n/a	n/a
886.014	0	443007	clicker_press	n/a	response-received-arrow_up	n/a	n/a	n/a	n/a	arrow_up
886.038	0	443019	sapo_probe_begin	sapo_probe	block-sapo-probe-begin	n/a	n/a	n/a	n/a	n/a
886.050	0	443025	subblock_begin	sapo_probe	subblock-begin	n/a	n/a	n/a	n/a	n/a
886.050	0	443025	silence_begin	sapo_probe	silence-begin	n/a	n/a	n/a	n/a	n/a
886.052	0	443026	distractor_noise	sapo_probe	distractor	n/a	n/a	n/a	n/a	n/a
887.064	0	443532	standard_tone	sapo_probe	standard	n/a	n/a	n/a	n/a	n/a
888.080	0	444040	standard_tone	sapo_probe	standard	n/a	n/a	n/a	n/a	n/a
889.096	0	444548	standard_tone	sapo_probe	standard	n/a	n/a	n/a	n/a	n/a
890.112	0	445056	distractor_noise	sapo_probe	distractor	n/a	n/a	n/a	n/a	n/a
891.110	0	445555	standard_tone	sapo_probe	standard	n/a	n/a	n/a	n/a	n/a
892.126	0	446063	standard_tone	sapo_probe	standard	n/a	n/a	n/a	n/a	n/a
893.142	0	446571	standard_tone	sapo_probe	standard	n/a	n/a	n/a	n/a	n/a
894.158	0	447079	standard_tone	sapo_probe	standard	n/a	n/a	n/a	n/a	n/a
895.174	0	447587	standard_tone	sapo_probe	standard	n/a	n/a	n/a	n/a	n/a
896.190	0	448095	standard_tone	sapo_probe	standard	n/a	n/a	n/a	n/a	n/a
897.206	0	448603	standard_tone	sapo_probe	standard	n/a	n/a	n/a	n/a	n/a
898.222	0	449111	standard_tone	sapo_probe	standard	n/a	n/a	n/a	n/a	n/a
899.236	0	449618	standard_tone	sapo_probe	standard	n/a	n/a	n/a	n/a	n/a
900.252	0	450126	standard_tone	sapo_probe	standard	n/a	n/a	n/a	n/a	n/a
901.268	0	450634	standard_tone	sapo_probe	standard	n/a	n/a	n/a	n/a	n/a
902.268	0	451134	standard_tone	sapo_probe	standard	n/a	n/a	n/a	n/a	n/a
903.284	0	451642	standard_tone	sapo_probe	standard	n/a	n/a	n/a	n/a	n/a
904.300	0	452150	standard_tone	sapo_probe	standard	n/a	n/a	n/a	n/a	n/a
905.314	0	452657	standard_tone	sapo_probe	standard	n/a	n/a	n/a	n/a	n/a
906.330	0	453165	standard_tone	sapo_probe	standard	n/a	n/a	n/a	n/a	n/a
907.346	0	453673	standard_tone	sapo_probe	standard	n/a	n/a	n/a	n/a	n/a
908.362	0	454181	standard_tone	sapo_probe	standard	n/a	n/a	n/a	n/a	n/a
909.378	0	454689	standard_tone	sapo_probe	standard	n/a	n/a	n/a	n/a	n/a
910.394	0	455197	standard_tone	sapo_probe	standard	n/a	n/a	n/a	n/a	n/a
911.410	0	455705	standard_tone	sapo_probe	standard	n/a	n/a	n/a	n/a	n/a
912.426	0	456213	standard_tone	sapo_probe	standard	n/a	n/a	n/a	n/a	n/a
913.426	0	456713	oddball_tone	sapo_probe	oddball	n/a	n/a	n/a	n/a	n/a
914.442	0	457221	standard_tone	sapo_probe	standard	n/a	n/a	n/a	n/a	n/a
915.456	0	457728	standard_tone	sapo_probe	standard	n/a	n/a	n/a	n/a	n/a
916.472	0	458236	standard_tone	sapo_probe	standard	n/a	n/a	n/a	n/a	n/a
917.488	0	458744	oddball_tone	sapo_probe	oddball	n/a	n/a	n/a	n/a	n/a
918.504	0	459252	standard_tone	sapo_probe	standard	n/a	n/a	n/a	n/a	n/a
919.520	0	459760	standard_tone	sapo_probe	standard	n/a	n/a	n/a	n/a	n/a
920.536	0	460268	oddball_tone	sapo_probe	oddball	n/a	n/a	n/a	n/a	n/a
921.552	0	460776	distractor_noise	sapo_probe	distractor	n/a	n/a	n/a	n/a	n/a
922.568	0	461284	standard_tone	sapo_probe	standard	n/a	n/a	n/a	n/a	n/a
923.584	0	461792	standard_tone	sapo_probe	standard	n/a	n/a	n/a	n/a	n/a
924.598	0	462299	standard_tone	sapo_probe	standard	n/a	n/a	n/a	n/a	n/a
925.616	0	462808	standard_tone	sapo_probe	standard	n/a	n/a	n/a	n/a	n/a
926.630	0	463315	standard_tone	sapo_probe	standard	n/a	n/a	n/a	n/a	n/a
927.646	0	463823	oddball_tone	sapo_probe	oddball	n/a	n/a	n/a	n/a	n/a
928.662	0	464331	standard_tone	sapo_probe	standard	n/a	n/a	n/a	n/a	n/a
929.678	0	464839	standard_tone	sapo_probe	standard	n/a	n/a	n/a	n/a	n/a
930.694	0	465347	standard_tone	sapo_probe	standard	n/a	n/a	n/a	n/a	n/a
931.710	0	465855	standard_tone	sapo_probe	standard	n/a	n/a	n/a	n/a	n/a
932.710	0	466355	standard_tone	sapo_probe	standard	n/a	n/a	n/a	n/a	n/a
933.724	0	466862	standard_tone	sapo_probe	standard	n/a	n/a	n/a	n/a	n/a
934.724	0	467362	standard_tone	sapo_probe	standard	n/a	n/a	n/a	n/a	n/a
935.740	0	467870	standard_tone	sapo_probe	standard	n/a	n/a	n/a	n/a	n/a
936.756	0	468378	oddball_tone	sapo_probe	oddball	n/a	n/a	n/a	n/a	n/a
937.772	0	468886	standard_tone	sapo_probe	standard	n/a	n/a	n/a	n/a	n/a
938.772	0	469386	distractor_noise	sapo_probe	distractor	n/a	n/a	n/a	n/a	n/a
939.788	0	469894	standard_tone	sapo_probe	standard	n/a	n/a	n/a	n/a	n/a
940.802	0	470401	standard_tone	sapo_probe	standard	n/a	n/a	n/a	n/a	n/a
941.802	0	470901	oddball_tone	sapo_probe	oddball	n/a	n/a	n/a	n/a	n/a
942.818	0	471409	standard_tone	sapo_probe	standard	n/a	n/a	n/a	n/a	n/a
943.832	0	471916	standard_tone	sapo_probe	standard	n/a	n/a	n/a	n/a	n/a
944.850	0	472425	standard_tone	sapo_probe	standard	n/a	n/a	n/a	n/a	n/a
945.864	0	472932	standard_tone	sapo_probe	standard	n/a	n/a	n/a	n/a	n/a
946.864	0	473432	standard_tone	sapo_probe	standard	n/a	n/a	n/a	n/a	n/a
947.880	0	473940	oddball_tone	sapo_probe	oddball	n/a	n/a	n/a	n/a	n/a
948.896	0	474448	standard_tone	sapo_probe	standard	n/a	n/a	n/a	n/a	n/a
949.914	0	474957	distractor_noise	sapo_probe	distractor	n/a	n/a	n/a	n/a	n/a
950.928	0	475464	standard_tone	sapo_probe	standard	n/a	n/a	n/a	n/a	n/a
951.942	0	475971	standard_tone	sapo_probe	standard	n/a	n/a	n/a	n/a	n/a
952.942	0	476471	standard_tone	sapo_probe	standard	n/a	n/a	n/a	n/a	n/a
953.958	0	476979	standard_tone	sapo_probe	standard	n/a	n/a	n/a	n/a	n/a
954.958	0	477479	standard_tone	sapo_probe	standard	n/a	n/a	n/a	n/a	n/a
955.974	0	477987	standard_tone	sapo_probe	standard	n/a	n/a	n/a	n/a	n/a
956.988	0	478494	oddball_tone	sapo_probe	oddball	n/a	n/a	n/a	n/a	n/a
958.004	0	479002	standard_tone	sapo_probe	standard	n/a	n/a	n/a	n/a	n/a
959.020	0	479510	standard_tone	sapo_probe	standard	n/a	n/a	n/a	n/a	n/a
960.036	0	480018	standard_tone	sapo_probe	standard	n/a	n/a	n/a	n/a	n/a
961.052	0	480526	standard_tone	sapo_probe	standard	n/a	n/a	n/a	n/a	n/a
962.068	0	481034	standard_tone	sapo_probe	standard	n/a	n/a	n/a	n/a	n/a
963.084	0	481542	oddball_tone	sapo_probe	oddball	n/a	n/a	n/a	n/a	n/a
964.100	0	482050	standard_tone	sapo_probe	standard	n/a	n/a	n/a	n/a	n/a
965.116	0	482558	standard_tone	sapo_probe	standard	n/a	n/a	n/a	n/a	n/a
966.130	0	483065	standard_tone	sapo_probe	standard	n/a	n/a	n/a	n/a	n/a
967.132	0	483566	standard_tone	sapo_probe	standard	n/a	n/a	n/a	n/a	n/a
968.146	0	484073	oddball_tone	sapo_probe	oddball	n/a	n/a	n/a	n/a	n/a
969.162	0	484581	standard_tone	sapo_probe	standard	n/a	n/a	n/a	n/a	n/a
970.176	0	485088	standard_tone	sapo_probe	standard	n/a	n/a	n/a	n/a	n/a
971.178	0	485589	standard_tone	sapo_probe	standard	n/a	n/a	n/a	n/a	n/a
972.194	0	486097	distractor_noise	sapo_probe	distractor	n/a	n/a	n/a	n/a	n/a
973.208	0	486604	standard_tone	sapo_probe	standard	n/a	n/a	n/a	n/a	n/a
974.224	0	487112	standard_tone	sapo_probe	standard	n/a	n/a	n/a	n/a	n/a
975.240	0	487620	standard_tone	sapo_probe	standard	n/a	n/a	n/a	n/a	n/a
976.240	0	488120	standard_tone	sapo_probe	standard	n/a	n/a	n/a	n/a	n/a
977.256	0	488628	standard_tone	sapo_probe	standard	n/a	n/a	n/a	n/a	n/a
978.304	0	489152	standard_tone	sapo_probe	standard	n/a	n/a	n/a	n/a	n/a
979.320	0	489660	standard_tone	sapo_probe	standard	n/a	n/a	n/a	n/a	n/a
980.336	0	490168	standard_tone	sapo_probe	standard	n/a	n/a	n/a	n/a	n/a
981.352	0	490676	standard_tone	sapo_probe	standard	n/a	n/a	n/a	n/a	n/a
982.352	0	491176	standard_tone	sapo_probe	standard	n/a	n/a	n/a	n/a	n/a
983.368	0	491684	standard_tone	sapo_probe	standard	n/a	n/a	n/a	n/a	n/a
984.384	0	492192	standard_tone	sapo_probe	standard	n/a	n/a	n/a	n/a	n/a
985.398	0	492699	oddball_tone	sapo_probe	oddball	n/a	n/a	n/a	n/a	n/a
986.414	0	493207	standard_tone	sapo_probe	standard	n/a	n/a	n/a	n/a	n/a
987.430	0	493715	standard_tone	sapo_probe	standard	n/a	n/a	n/a	n/a	n/a
988.446	0	494223	oddball_tone	sapo_probe	oddball	n/a	n/a	n/a	n/a	n/a
989.462	0	494731	standard_tone	sapo_probe	standard	n/a	n/a	n/a	n/a	n/a
990.478	0	495239	standard_tone	sapo_probe	standard	n/a	n/a	n/a	n/a	n/a
991.494	0	495747	standard_tone	sapo_probe	standard	n/a	n/a	n/a	n/a	n/a
992.510	0	496255	standard_tone	sapo_probe	standard	n/a	n/a	n/a	n/a	n/a
993.526	0	496763	standard_tone	sapo_probe	standard	n/a	n/a	n/a	n/a	n/a
994.524	0	497262	standard_tone	sapo_probe	standard	n/a	n/a	n/a	n/a	n/a
995.058	0	497529	silence_end	sapo_probe	silence-end	n/a	n/a	n/a	n/a	n/a
995.060	0	497530	subblock_end	sapo_probe	subblock-end-duration-109.01	n/a	n/a	n/a	109.010	n/a
995.060	0	497530	subblock_begin	sapo_probe	subblock-begin	n/a	n/a	n/a	n/a	n/a
995.060	0	497530	silence_begin	sapo_probe	silence-begin	n/a	n/a	n/a	n/a	n/a
995.542	0	497771	standard_tone	sapo_probe	standard	n/a	n/a	n/a	n/a	n/a
996.556	0	498278	standard_tone	sapo_probe	standard	n/a	n/a	n/a	n/a	n/a
997.572	0	498786	standard_tone	sapo_probe	standard	n/a	n/a	n/a	n/a	n/a
998.588	0	499294	standard_tone	sapo_probe	standard	n/a	n/a	n/a	n/a	n/a
999.604	0	499802	standard_tone	sapo_probe	standard	n/a	n/a	n/a	n/a	n/a
1000.620	0	500310	oddball_tone	sapo_probe	oddball	n/a	n/a	n/a	n/a	n/a
1001.636	0	500818	standard_tone	sapo_probe	standard	n/a	n/a	n/a	n/a	n/a
1002.650	0	501325	standard_tone	sapo_probe	standard	n/a	n/a	n/a	n/a	n/a
1003.666	0	501833	standard_tone	sapo_probe	standard	n/a	n/a	n/a	n/a	n/a
1004.682	0	502341	standard_tone	sapo_probe	standard	n/a	n/a	n/a	n/a	n/a
1005.698	0	502849	oddball_tone	sapo_probe	oddball	n/a	n/a	n/a	n/a	n/a
1006.714	0	503357	standard_tone	sapo_probe	standard	n/a	n/a	n/a	n/a	n/a
1007.730	0	503865	distractor_noise	sapo_probe	distractor	n/a	n/a	n/a	n/a	n/a
1008.746	0	504373	standard_tone	sapo_probe	standard	n/a	n/a	n/a	n/a	n/a
1009.762	0	504881	standard_tone	sapo_probe	standard	n/a	n/a	n/a	n/a	n/a
1010.778	0	505389	distractor_noise	sapo_probe	distractor	n/a	n/a	n/a	n/a	n/a
1011.794	0	505897	standard_tone	sapo_probe	standard	n/a	n/a	n/a	n/a	n/a
1012.792	0	506396	standard_tone	sapo_probe	standard	n/a	n/a	n/a	n/a	n/a
1013.808	0	506904	standard_tone	sapo_probe	standard	n/a	n/a	n/a	n/a	n/a
1014.824	0	507412	distractor_noise	sapo_probe	distractor	n/a	n/a	n/a	n/a	n/a
1015.840	0	507920	standard_tone	sapo_probe	standard	n/a	n/a	n/a	n/a	n/a
1016.856	0	508428	standard_tone	sapo_probe	standard	n/a	n/a	n/a	n/a	n/a
1017.872	0	508936	distractor_noise	sapo_probe	distractor	n/a	n/a	n/a	n/a	n/a
1018.888	0	509444	oddball_tone	sapo_probe	oddball	n/a	n/a	n/a	n/a	n/a
1019.904	0	509952	standard_tone	sapo_probe	standard	n/a	n/a	n/a	n/a	n/a
1020.920	0	510460	standard_tone	sapo_probe	standard	n/a	n/a	n/a	n/a	n/a
1021.936	0	510968	standard_tone	sapo_probe	standard	n/a	n/a	n/a	n/a	n/a
1022.952	0	511476	standard_tone	sapo_probe	standard	n/a	n/a	n/a	n/a	n/a
1023.966	0	511983	oddball_tone	sapo_probe	oddball	n/a	n/a	n/a	n/a	n/a
1024.966	0	512483	standard_tone	sapo_probe	standard	n/a	n/a	n/a	n/a	n/a
1025.982	0	512991	oddball_tone	sapo_probe	oddball	n/a	n/a	n/a	n/a	n/a
1026.998	0	513499	standard_tone	sapo_probe	standard	n/a	n/a	n/a	n/a	n/a
1028.014	0	514007	standard_tone	sapo_probe	standard	n/a	n/a	n/a	n/a	n/a
1029.030	0	514515	standard_tone	sapo_probe	standard	n/a	n/a	n/a	n/a	n/a
1030.044	0	515022	distractor_noise	sapo_probe	distractor	n/a	n/a	n/a	n/a	n/a
1031.044	0	515522	standard_tone	sapo_probe	standard	n/a	n/a	n/a	n/a	n/a
1032.060	0	516030	distractor_noise	sapo_probe	distractor	n/a	n/a	n/a	n/a	n/a
1033.076	0	516538	standard_tone	sapo_probe	standard	n/a	n/a	n/a	n/a	n/a
1034.092	0	517046	standard_tone	sapo_probe	standard	n/a	n/a	n/a	n/a	n/a
1035.108	0	517554	standard_tone	sapo_probe	standard	n/a	n/a	n/a	n/a	n/a
1036.124	0	518062	standard_tone	sapo_probe	standard	n/a	n/a	n/a	n/a	n/a
1037.124	0	518562	standard_tone	sapo_probe	standard	n/a	n/a	n/a	n/a	n/a
1038.138	0	519069	standard_tone	sapo_probe	standard	n/a	n/a	n/a	n/a	n/a
1039.154	0	519577	standard_tone	sapo_probe	standard	n/a	n/a	n/a	n/a	n/a
1040.170	0	520085	standard_tone	sapo_probe	standard	n/a	n/a	n/a	n/a	n/a
1041.186	0	520593	standard_tone	sapo_probe	standard	n/a	n/a	n/a	n/a	n/a
1042.186	0	521093	standard_tone	sapo_probe	standard	n/a	n/a	n/a	n/a	n/a
1043.202	0	521601	standard_tone	sapo_probe	standard	n/a	n/a	n/a	n/a	n/a
1044.216	0	522108	standard_tone	sapo_probe	standard	n/a	n/a	n/a	n/a	n/a
1045.216	0	522608	standard_tone	sapo_probe	standard	n/a	n/a	n/a	n/a	n/a
1046.230	0	523115	standard_tone	sapo_probe	standard	n/a	n/a	n/a	n/a	n/a
1047.248	0	523624	standard_tone	sapo_probe	standard	n/a	n/a	n/a	n/a	n/a
1048.264	0	524132	standard_tone	sapo_probe	standard	n/a	n/a	n/a	n/a	n/a
1049.280	0	524640	standard_tone	sapo_probe	standard	n/a	n/a	n/a	n/a	n/a
1050.294	0	525147	standard_tone	sapo_probe	standard	n/a	n/a	n/a	n/a	n/a
1051.294	0	525647	standard_tone	sapo_probe	standard	n/a	n/a	n/a	n/a	n/a
1052.310	0	526155	standard_tone	sapo_probe	standard	n/a	n/a	n/a	n/a	n/a
1053.326	0	526663	standard_tone	sapo_probe	standard	n/a	n/a	n/a	n/a	n/a
1054.342	0	527171	standard_tone	sapo_probe	standard	n/a	n/a	n/a	n/a	n/a
1055.358	0	527679	standard_tone	sapo_probe	standard	n/a	n/a	n/a	n/a	n/a
1056.374	0	528187	standard_tone	sapo_probe	standard	n/a	n/a	n/a	n/a	n/a
1057.390	0	528695	distractor_noise	sapo_probe	distractor	n/a	n/a	n/a	n/a	n/a
1058.404	0	529202	standard_tone	sapo_probe	standard	n/a	n/a	n/a	n/a	n/a
1059.404	0	529702	standard_tone	sapo_probe	standard	n/a	n/a	n/a	n/a	n/a
1060.420	0	530210	standard_tone	sapo_probe	standard	n/a	n/a	n/a	n/a	n/a
1061.436	0	530718	standard_tone	sapo_probe	standard	n/a	n/a	n/a	n/a	n/a
1062.434	0	531217	oddball_tone	sapo_probe	oddball	n/a	n/a	n/a	n/a	n/a
1063.450	0	531725	standard_tone	sapo_probe	standard	n/a	n/a	n/a	n/a	n/a
1064.466	0	532233	standard_tone	sapo_probe	standard	n/a	n/a	n/a	n/a	n/a
1065.466	0	532733	standard_tone	sapo_probe	standard	n/a	n/a	n/a	n/a	n/a
1066.482	0	533241	distractor_noise	sapo_probe	distractor	n/a	n/a	n/a	n/a	n/a
1067.498	0	533749	standard_tone	sapo_probe	standard	n/a	n/a	n/a	n/a	n/a
1068.514	0	534257	oddball_tone	sapo_probe	oddball	n/a	n/a	n/a	n/a	n/a
1069.530	0	534765	standard_tone	sapo_probe	standard	n/a	n/a	n/a	n/a	n/a
1070.546	0	535273	oddball_tone	sapo_probe	oddball	n/a	n/a	n/a	n/a	n/a
1071.562	0	535781	distractor_noise	sapo_probe	distractor	n/a	n/a	n/a	n/a	n/a
1072.576	0	536288	standard_tone	sapo_probe	standard	n/a	n/a	n/a	n/a	n/a
1073.592	0	536796	standard_tone	sapo_probe	standard	n/a	n/a	n/a	n/a	n/a
1074.592	0	537296	distractor_noise	sapo_probe	distractor	n/a	n/a	n/a	n/a	n/a
1075.608	0	537804	standard_tone	sapo_probe	standard	n/a	n/a	n/a	n/a	n/a
1076.624	0	538312	standard_tone	sapo_probe	standard	n/a	n/a	n/a	n/a	n/a
1077.640	0	538820	standard_tone	sapo_probe	standard	n/a	n/a	n/a	n/a	n/a
1078.654	0	539327	standard_tone	sapo_probe	standard	n/a	n/a	n/a	n/a	n/a
1079.670	0	539835	standard_tone	sapo_probe	standard	n/a	n/a	n/a	n/a	n/a
1080.686	0	540343	standard_tone	sapo_probe	standard	n/a	n/a	n/a	n/a	n/a
1081.702	0	540851	standard_tone	sapo_probe	standard	n/a	n/a	n/a	n/a	n/a
1082.718	0	541359	standard_tone	sapo_probe	standard	n/a	n/a	n/a	n/a	n/a
1083.734	0	541867	standard_tone	sapo_probe	standard	n/a	n/a	n/a	n/a	n/a
1084.750	0	542375	standard_tone	sapo_probe	standard	n/a	n/a	n/a	n/a	n/a
1085.766	0	542883	oddball_tone	sapo_probe	oddball	n/a	n/a	n/a	n/a	n/a
1086.782	0	543391	standard_tone	sapo_probe	standard	n/a	n/a	n/a	n/a	n/a
1087.798	0	543899	standard_tone	sapo_probe	standard	n/a	n/a	n/a	n/a	n/a
1088.820	0	544410	standard_tone	sapo_probe	standard	n/a	n/a	n/a	n/a	n/a
1089.828	0	544914	oddball_tone	sapo_probe	oddball	n/a	n/a	n/a	n/a	n/a
1090.844	0	545422	standard_tone	sapo_probe	standard	n/a	n/a	n/a	n/a	n/a
1091.862	0	545931	standard_tone	sapo_probe	standard	n/a	n/a	n/a	n/a	n/a
1092.876	0	546438	standard_tone	sapo_probe	standard	n/a	n/a	n/a	n/a	n/a
1093.892	0	546946	standard_tone	sapo_probe	standard	n/a	n/a	n/a	n/a	n/a
1094.908	0	547454	standard_tone	sapo_probe	standard	n/a	n/a	n/a	n/a	n/a
1095.924	0	547962	standard_tone	sapo_probe	standard	n/a	n/a	n/a	n/a	n/a
1096.940	0	548470	standard_tone	sapo_probe	standard	n/a	n/a	n/a	n/a	n/a
1097.956	0	548978	standard_tone	sapo_probe	standard	n/a	n/a	n/a	n/a	n/a
1098.972	0	549486	standard_tone	sapo_probe	standard	n/a	n/a	n/a	n/a	n/a
1099.538	0	549769	silence_end	sapo_probe	silence-end	n/a	n/a	n/a	n/a	n/a
1099.538	0	549769	subblock_end	sapo_probe	subblock-end-duration-104.478	n/a	n/a	n/a	104.478	n/a
1099.540	0	549770	subblock_begin	sapo_probe	subblock-begin	n/a	n/a	n/a	n/a	n/a
1099.540	0	549770	silence_begin	sapo_probe	silence-begin	n/a	n/a	n/a	n/a	n/a
1099.988	0	549994	standard_tone	sapo_probe	standard	n/a	n/a	n/a	n/a	n/a
1101.002	0	550501	standard_tone	sapo_probe	standard	n/a	n/a	n/a	n/a	n/a
1102.020	0	551010	distractor_noise	sapo_probe	distractor	n/a	n/a	n/a	n/a	n/a
1103.034	0	551517	standard_tone	sapo_probe	standard	n/a	n/a	n/a	n/a	n/a
1104.050	0	552025	standard_tone	sapo_probe	standard	n/a	n/a	n/a	n/a	n/a
1105.066	0	552533	standard_tone	sapo_probe	standard	n/a	n/a	n/a	n/a	n/a
1106.066	0	553033	standard_tone	sapo_probe	standard	n/a	n/a	n/a	n/a	n/a
1107.082	0	553541	standard_tone	sapo_probe	standard	n/a	n/a	n/a	n/a	n/a
1108.098	0	554049	standard_tone	sapo_probe	standard	n/a	n/a	n/a	n/a	n/a
1109.112	0	554556	standard_tone	sapo_probe	standard	n/a	n/a	n/a	n/a	n/a
1110.112	0	555056	oddball_tone	sapo_probe	oddball	n/a	n/a	n/a	n/a	n/a
1111.128	0	555564	standard_tone	sapo_probe	standard	n/a	n/a	n/a	n/a	n/a
1112.144	0	556072	standard_tone	sapo_probe	standard	n/a	n/a	n/a	n/a	n/a
1113.160	0	556580	standard_tone	sapo_probe	standard	n/a	n/a	n/a	n/a	n/a
1114.176	0	557088	standard_tone	sapo_probe	standard	n/a	n/a	n/a	n/a	n/a
1115.192	0	557596	standard_tone	sapo_probe	standard	n/a	n/a	n/a	n/a	n/a
1116.208	0	558104	distractor_noise	sapo_probe	distractor	n/a	n/a	n/a	n/a	n/a
1117.222	0	558611	standard_tone	sapo_probe	standard	n/a	n/a	n/a	n/a	n/a
1118.238	0	559119	standard_tone	sapo_probe	standard	n/a	n/a	n/a	n/a	n/a
1119.238	0	559619	standard_tone	sapo_probe	standard	n/a	n/a	n/a	n/a	n/a
1120.254	0	560127	standard_tone	sapo_probe	standard	n/a	n/a	n/a	n/a	n/a
1121.254	0	560627	standard_tone	sapo_probe	standard	n/a	n/a	n/a	n/a	n/a
1122.102	0	561051	prompt_window_begin	sapo_probe	probe-sapo-probe-begin	n/a	n/a	n/a	n/a	n/a
1126.466	0	563233	clicker_press	sapo_probe	response-received-arrow_up	n/a	n/a	n/a	n/a	arrow_up
1126.932	0	563466	clicker_press	sapo_probe	response-received-arrow_up	n/a	n/a	n/a	n/a	arrow_up
1127.332	0	563666	clicker_press	sapo_probe	response-received-arrow_up	n/a	n/a	n/a	n/a	arrow_up
1127.716	0	563858	clicker_press	sapo_probe	response-received-arrow_up	n/a	n/a	n/a	n/a	arrow_up
1131.162	0	565581	depth_rating	sapo_probe	rating-sapo-probe-meditation_depth-4	4	n/a	n/a	n/a	n/a
1137.490	0	568745	clicker_press	sapo_probe	response-received-arrow_up	n/a	n/a	n/a	n/a	arrow_up
1137.824	0	568912	clicker_press	sapo_probe	response-received-arrow_up	n/a	n/a	n/a	n/a	arrow_up
1138.190	0	569095	clicker_press	sapo_probe	response-received-arrow_up	n/a	n/a	n/a	n/a	arrow_up
1138.506	0	569253	clicker_press	sapo_probe	response-received-arrow_up	n/a	n/a	n/a	n/a	arrow_up
1138.822	0	569411	clicker_press	sapo_probe	response-received-arrow_up	n/a	n/a	n/a	n/a	arrow_up
1141.236	0	570618	confidence_rating	sapo_probe	rating-sapo-probe-confidence_depth-5	n/a	5	n/a	n/a	n/a
1144.684	0	572342	prompt_window_end	sapo_probe	probe-sapo-probe-end	n/a	n/a	n/a	n/a	n/a
1144.700	0	572350	distractor_noise	sapo_probe	distractor	n/a	n/a	n/a	n/a	n/a
1145.716	0	572858	standard_tone	sapo_probe	standard	n/a	n/a	n/a	n/a	n/a
1146.732	0	573366	oddball_tone	sapo_probe	oddball	n/a	n/a	n/a	n/a	n/a
1147.748	0	573874	standard_tone	sapo_probe	standard	n/a	n/a	n/a	n/a	n/a
1148.764	0	574382	oddball_tone	sapo_probe	oddball	n/a	n/a	n/a	n/a	n/a
1149.778	0	574889	standard_tone	sapo_probe	standard	n/a	n/a	n/a	n/a	n/a
1150.794	0	575397	standard_tone	sapo_probe	standard	n/a	n/a	n/a	n/a	n/a
1151.810	0	575905	standard_tone	sapo_probe	standard	n/a	n/a	n/a	n/a	n/a
1152.826	0	576413	standard_tone	sapo_probe	standard	n/a	n/a	n/a	n/a	n/a
1153.842	0	576921	standard_tone	sapo_probe	standard	n/a	n/a	n/a	n/a	n/a
1154.858	0	577429	oddball_tone	sapo_probe	oddball	n/a	n/a	n/a	n/a	n/a
1155.874	0	577937	standard_tone	sapo_probe	standard	n/a	n/a	n/a	n/a	n/a
1156.890	0	578445	standard_tone	sapo_probe	standard	n/a	n/a	n/a	n/a	n/a
1157.906	0	578953	standard_tone	sapo_probe	standard	n/a	n/a	n/a	n/a	n/a
1158.922	0	579461	standard_tone	sapo_probe	standard	n/a	n/a	n/a	n/a	n/a
1159.938	0	579969	standard_tone	sapo_probe	standard	n/a	n/a	n/a	n/a	n/a
1160.954	0	580477	distractor_noise	sapo_probe	distractor	n/a	n/a	n/a	n/a	n/a
1161.970	0	580985	standard_tone	sapo_probe	standard	n/a	n/a	n/a	n/a	n/a
1162.984	0	581492	distractor_noise	sapo_probe	distractor	n/a	n/a	n/a	n/a	n/a
1164.000	0	582000	standard_tone	sapo_probe	standard	n/a	n/a	n/a	n/a	n/a
1165.016	0	582508	distractor_noise	sapo_probe	distractor	n/a	n/a	n/a	n/a	n/a
1166.032	0	583016	standard_tone	sapo_probe	standard	n/a	n/a	n/a	n/a	n/a
1167.048	0	583524	oddball_tone	sapo_probe	oddball	n/a	n/a	n/a	n/a	n/a
1168.064	0	584032	standard_tone	sapo_probe	standard	n/a	n/a	n/a	n/a	n/a
1169.080	0	584540	standard_tone	sapo_probe	standard	n/a	n/a	n/a	n/a	n/a
1170.096	0	585048	standard_tone	sapo_probe	standard	n/a	n/a	n/a	n/a	n/a
1171.112	0	585556	standard_tone	sapo_probe	standard	n/a	n/a	n/a	n/a	n/a
1172.128	0	586064	distractor_noise	sapo_probe	distractor	n/a	n/a	n/a	n/a	n/a
1173.144	0	586572	standard_tone	sapo_probe	standard	n/a	n/a	n/a	n/a	n/a
1174.158	0	587079	standard_tone	sapo_probe	standard	n/a	n/a	n/a	n/a	n/a
1175.174	0	587587	standard_tone	sapo_probe	standard	n/a	n/a	n/a	n/a	n/a
1176.190	0	588095	standard_tone	sapo_probe	standard	n/a	n/a	n/a	n/a	n/a
1177.208	0	588604	standard_tone	sapo_probe	standard	n/a	n/a	n/a	n/a	n/a
1178.222	0	589111	standard_tone	sapo_probe	standard	n/a	n/a	n/a	n/a	n/a
1179.246	0	589623	standard_tone	sapo_probe	standard	n/a	n/a	n/a	n/a	n/a
1180.254	0	590127	standard_tone	sapo_probe	standard	n/a	n/a	n/a	n/a	n/a
1181.270	0	590635	standard_tone	sapo_probe	standard	n/a	n/a	n/a	n/a	n/a
1182.286	0	591143	standard_tone	sapo_probe	standard	n/a	n/a	n/a	n/a	n/a
1183.286	0	591643	standard_tone	sapo_probe	standard	n/a	n/a	n/a	n/a	n/a
1184.300	0	592150	standard_tone	sapo_probe	standard	n/a	n/a	n/a	n/a	n/a
1185.316	0	592658	standard_tone	sapo_probe	standard	n/a	n/a	n/a	n/a	n/a
1186.332	0	593166	standard_tone	sapo_probe	standard	n/a	n/a	n/a	n/a	n/a
1187.348	0	593674	standard_tone	sapo_probe	standard	n/a	n/a	n/a	n/a	n/a
1188.364	0	594182	standard_tone	sapo_probe	standard	n/a	n/a	n/a	n/a	n/a
1189.380	0	594690	standard_tone	sapo_probe	standard	n/a	n/a	n/a	n/a	n/a
1190.396	0	595198	standard_tone	sapo_probe	standard	n/a	n/a	n/a	n/a	n/a
1191.412	0	595706	oddball_tone	sapo_probe	oddball	n/a	n/a	n/a	n/a	n/a
1192.428	0	596214	standard_tone	sapo_probe	standard	n/a	n/a	n/a	n/a	n/a
1193.428	0	596714	standard_tone	sapo_probe	standard	n/a	n/a	n/a	n/a	n/a
1194.442	0	597221	standard_tone	sapo_probe	standard	n/a	n/a	n/a	n/a	n/a
1195.458	0	597729	standard_tone	sapo_probe	standard	n/a	n/a	n/a	n/a	n/a
1196.458	0	598229	standard_tone	sapo_probe	standard	n/a	n/a	n/a	n/a	n/a
1197.474	0	598737	standard_tone	sapo_probe	standard	n/a	n/a	n/a	n/a	n/a
1198.488	0	599244	standard_tone	sapo_probe	standard	n/a	n/a	n/a	n/a	n/a
1199.504	0	599752	standard_tone	sapo_probe	standard	n/a	n/a	n/a	n/a	n/a
1200.520	0	600260	distractor_noise	sapo_probe	distractor	n/a	n/a	n/a	n/a	n/a
1201.538	0	600769	oddball_tone	sapo_probe	oddball	n/a	n/a	n/a	n/a	n/a
1202.552	0	601276	standard_tone	sapo_probe	standard	n/a	n/a	n/a	n/a	n/a
1203.568	0	601784	oddball_tone	sapo_probe	oddball	n/a	n/a	n/a	n/a	n/a
1204.568	0	602284	standard_tone	sapo_probe	standard	n/a	n/a	n/a	n/a	n/a
1205.582	0	602791	distractor_noise	sapo_probe	distractor	n/a	n/a	n/a	n/a	n/a
1206.598	0	603299	oddball_tone	sapo_probe	oddball	n/a	n/a	n/a	n/a	n/a
1207.614	0	603807	standard_tone	sapo_probe	standard	n/a	n/a	n/a	n/a	n/a
1208.630	0	604315	standard_tone	sapo_probe	standard	n/a	n/a	n/a	n/a	n/a
1209.648	0	604824	oddball_tone	sapo_probe	oddball	n/a	n/a	n/a	n/a	n/a
1210.662	0	605331	standard_tone	sapo_probe	standard	n/a	n/a	n/a	n/a	n/a
1211.678	0	605839	oddball_tone	sapo_probe	oddball	n/a	n/a	n/a	n/a	n/a
1212.694	0	606347	standard_tone	sapo_probe	standard	n/a	n/a	n/a	n/a	n/a
1213.710	0	606855	standard_tone	sapo_probe	standard	n/a	n/a	n/a	n/a	n/a
1214.710	0	607355	oddball_tone	sapo_probe	oddball	n/a	n/a	n/a	n/a	n/a
1215.724	0	607862	standard_tone	sapo_probe	standard	n/a	n/a	n/a	n/a	n/a
1216.724	0	608362	standard_tone	sapo_probe	standard	n/a	n/a	n/a	n/a	n/a
1217.740	0	608870	standard_tone	sapo_probe	standard	n/a	n/a	n/a	n/a	n/a
1218.756	0	609378	standard_tone	sapo_probe	standard	n/a	n/a	n/a	n/a	n/a
1219.772	0	609886	standard_tone	sapo_probe	standard	n/a	n/a	n/a	n/a	n/a
1220.788	0	610394	standard_tone	sapo_probe	standard	n/a	n/a	n/a	n/a	n/a
1221.788	0	610894	standard_tone	sapo_probe	standard	n/a	n/a	n/a	n/a	n/a
1222.804	0	611402	standard_tone	sapo_probe	standard	n/a	n/a	n/a	n/a	n/a
1223.818	0	611909	standard_tone	sapo_probe	standard	n/a	n/a	n/a	n/a	n/a
1224.834	0	612417	standard_tone	sapo_probe	standard	n/a	n/a	n/a	n/a	n/a
1225.850	0	612925	standard_tone	sapo_probe	standard	n/a	n/a	n/a	n/a	n/a
1226.866	0	613433	oddball_tone	sapo_probe	oddball	n/a	n/a	n/a	n/a	n/a
1227.882	0	613941	standard_tone	sapo_probe	standard	n/a	n/a	n/a	n/a	n/a
1228.880	0	614440	standard_tone	sapo_probe	standard	n/a	n/a	n/a	n/a	n/a
1229.896	0	614948	oddball_tone	sapo_probe	oddball	n/a	n/a	n/a	n/a	n/a
1230.912	0	615456	standard_tone	sapo_probe	standard	n/a	n/a	n/a	n/a	n/a
1231.928	0	615964	standard_tone	sapo_probe	standard	n/a	n/a	n/a	n/a	n/a
1232.944	0	616472	standard_tone	sapo_probe	standard	n/a	n/a	n/a	n/a	n/a
1233.944	0	616972	standard_tone	sapo_probe	standard	n/a	n/a	n/a	n/a	n/a
1234.776	0	617388	silence_end	sapo_probe	silence-end	n/a	n/a	n/a	n/a	n/a
1234.776	0	617388	subblock_end	sapo_probe	subblock-end-duration-135.237	n/a	n/a	n/a	135.237	n/a
1234.778	0	617389	subblock_begin	sapo_probe	subblock-begin	n/a	n/a	n/a	n/a	n/a
1234.778	0	617389	silence_begin	sapo_probe	silence-begin	n/a	n/a	n/a	n/a	n/a
1234.960	0	617480	standard_tone	sapo_probe	standard	n/a	n/a	n/a	n/a	n/a
1235.974	0	617987	standard_tone	sapo_probe	standard	n/a	n/a	n/a	n/a	n/a
1236.990	0	618495	standard_tone	sapo_probe	standard	n/a	n/a	n/a	n/a	n/a
1237.990	0	618995	standard_tone	sapo_probe	standard	n/a	n/a	n/a	n/a	n/a
1239.006	0	619503	standard_tone	sapo_probe	standard	n/a	n/a	n/a	n/a	n/a
1240.022	0	620011	standard_tone	sapo_probe	standard	n/a	n/a	n/a	n/a	n/a
1241.038	0	620519	distractor_noise	sapo_probe	distractor	n/a	n/a	n/a	n/a	n/a
1242.036	0	621018	standard_tone	sapo_probe	standard	n/a	n/a	n/a	n/a	n/a
1243.052	0	621526	standard_tone	sapo_probe	standard	n/a	n/a	n/a	n/a	n/a
1244.068	0	622034	standard_tone	sapo_probe	standard	n/a	n/a	n/a	n/a	n/a
1245.084	0	622542	standard_tone	sapo_probe	standard	n/a	n/a	n/a	n/a	n/a
1246.100	0	623050	standard_tone	sapo_probe	standard	n/a	n/a	n/a	n/a	n/a
1247.116	0	623558	standard_tone	sapo_probe	standard	n/a	n/a	n/a	n/a	n/a
1248.132	0	624066	standard_tone	sapo_probe	standard	n/a	n/a	n/a	n/a	n/a
1249.146	0	624573	distractor_noise	sapo_probe	distractor	n/a	n/a	n/a	n/a	n/a
1250.162	0	625081	standard_tone	sapo_probe	standard	n/a	n/a	n/a	n/a	n/a
1251.178	0	625589	standard_tone	sapo_probe	standard	n/a	n/a	n/a	n/a	n/a
1252.196	0	626098	standard_tone	sapo_probe	standard	n/a	n/a	n/a	n/a	n/a
1253.210	0	626605	standard_tone	sapo_probe	standard	n/a	n/a	n/a	n/a	n/a
1254.226	0	627113	oddball_tone	sapo_probe	oddball	n/a	n/a	n/a	n/a	n/a
1255.242	0	627621	standard_tone	sapo_probe	standard	n/a	n/a	n/a	n/a	n/a
1256.258	0	628129	standard_tone	sapo_probe	standard	n/a	n/a	n/a	n/a	n/a
1257.274	0	628637	standard_tone	sapo_probe	standard	n/a	n/a	n/a	n/a	n/a
1258.290	0	629145	standard_tone	sapo_probe	standard	n/a	n/a	n/a	n/a	n/a
1259.306	0	629653	standard_tone	sapo_probe	standard	n/a	n/a	n/a	n/a	n/a
1260.320	0	630160	oddball_tone	sapo_probe	oddball	n/a	n/a	n/a	n/a	n/a
1261.338	0	630669	standard_tone	sapo_probe	standard	n/a	n/a	n/a	n/a	n/a
1262.352	0	631176	standard_tone	sapo_probe	standard	n/a	n/a	n/a	n/a	n/a
1263.368	0	631684	standard_tone	sapo_probe	standard	n/a	n/a	n/a	n/a	n/a
1264.384	0	632192	standard_tone	sapo_probe	standard	n/a	n/a	n/a	n/a	n/a
1265.400	0	632700	standard_tone	sapo_probe	standard	n/a	n/a	n/a	n/a	n/a
1266.416	0	633208	standard_tone	sapo_probe	standard	n/a	n/a	n/a	n/a	n/a
1267.432	0	633716	standard_tone	sapo_probe	standard	n/a	n/a	n/a	n/a	n/a
1268.448	0	634224	standard_tone	sapo_probe	standard	n/a	n/a	n/a	n/a	n/a
1269.464	0	634732	standard_tone	sapo_probe	standard	n/a	n/a	n/a	n/a	n/a
1270.480	0	635240	standard_tone	sapo_probe	standard	n/a	n/a	n/a	n/a	n/a
1271.494	0	635747	standard_tone	sapo_probe	standard	n/a	n/a	n/a	n/a	n/a
1272.510	0	636255	distractor_noise	sapo_probe	distractor	n/a	n/a	n/a	n/a	n/a
1273.512	0	636756	standard_tone	sapo_probe	standard	n/a	n/a	n/a	n/a	n/a
1274.526	0	637263	standard_tone	sapo_probe	standard	n/a	n/a	n/a	n/a	n/a
1275.542	0	637771	standard_tone	sapo_probe	standard	n/a	n/a	n/a	n/a	n/a
1276.558	0	638279	standard_tone	sapo_probe	standard	n/a	n/a	n/a	n/a	n/a
1277.574	0	638787	standard_tone	sapo_probe	standard	n/a	n/a	n/a	n/a	n/a
1278.590	0	639295	standard_tone	sapo_probe	standard	n/a	n/a	n/a	n/a	n/a
1279.606	0	639803	standard_tone	sapo_probe	standard	n/a	n/a	n/a	n/a	n/a
1280.622	0	640311	standard_tone	sapo_probe	standard	n/a	n/a	n/a	n/a	n/a
1281.636	0	640818	standard_tone	sapo_probe	standard	n/a	n/a	n/a	n/a	n/a
1282.652	0	641326	standard_tone	sapo_probe	standard	n/a	n/a	n/a	n/a	n/a
1283.668	0	641834	distractor_noise	sapo_probe	distractor	n/a	n/a	n/a	n/a	n/a
1284.686	0	642343	standard_tone	sapo_probe	standard	n/a	n/a	n/a	n/a	n/a
1285.700	0	642850	oddball_tone	sapo_probe	oddball	n/a	n/a	n/a	n/a	n/a
1286.716	0	643358	standard_tone	sapo_probe	standard	n/a	n/a	n/a	n/a	n/a
1287.732	0	643866	standard_tone	sapo_probe	standard	n/a	n/a	n/a	n/a	n/a
1288.748	0	644374	standard_tone	sapo_probe	standard	n/a	n/a	n/a	n/a	n/a
1289.774	0	644887	distractor_noise	sapo_probe	distractor	n/a	n/a	n/a	n/a	n/a
1290.780	0	645390	standard_tone	sapo_probe	standard	n/a	n/a	n/a	n/a	n/a
1291.794	0	645897	standard_tone	sapo_probe	standard	n/a	n/a	n/a	n/a	n/a
1292.794	0	646397	standard_tone	sapo_probe	standard	n/a	n/a	n/a	n/a	n/a
1293.810	0	646905	standard_tone	sapo_probe	standard	n/a	n/a	n/a	n/a	n/a
1294.826	0	647413	standard_tone	sapo_probe	standard	n/a	n/a	n/a	n/a	n/a
1295.842	0	647921	oddball_tone	sapo_probe	oddball	n/a	n/a	n/a	n/a	n/a
1296.858	0	648429	distractor_noise	sapo_probe	distractor	n/a	n/a	n/a	n/a	n/a
1297.874	0	648937	standard_tone	sapo_probe	standard	n/a	n/a	n/a	n/a	n/a
1298.890	0	649445	standard_tone	sapo_probe	standard	n/a	n/a	n/a	n/a	n/a
1299.904	0	649952	standard_tone	sapo_probe	standard	n/a	n/a	n/a	n/a	n/a
1300.920	0	650460	oddball_tone	sapo_probe	oddball	n/a	n/a	n/a	n/a	n/a
1301.936	0	650968	standard_tone	sapo_probe	standard	n/a	n/a	n/a	n/a	n/a
1302.936	0	651468	standard_tone	sapo_probe	standard	n/a	n/a	n/a	n/a	n/a
1303.952	0	651976	oddball_tone	sapo_probe	oddball	n/a	n/a	n/a	n/a	n/a
1304.968	0	652484	standard_tone	sapo_probe	standard	n/a	n/a	n/a	n/a	n/a
1305.982	0	652991	standard_tone	sapo_probe	standard	n/a	n/a	n/a	n/a	n/a
1307.000	0	653500	standard_tone	sapo_probe	standard	n/a	n/a	n/a	n/a	n/a
1308.016	0	654008	distractor_noise	sapo_probe	distractor	n/a	n/a	n/a	n/a	n/a
1309.030	0	654515	standard_tone	sapo_probe	standard	n/a	n/a	n/a	n/a	n/a
1310.030	0	655015	standard_tone	sapo_probe	standard	n/a	n/a	n/a	n/a	n/a
1311.046	0	655523	standard_tone	sapo_probe	standard	n/a	n/a	n/a	n/a	n/a
1312.062	0	656031	distractor_noise	sapo_probe	distractor	n/a	n/a	n/a	n/a	n/a
1313.078	0	656539	standard_tone	sapo_probe	standard	n/a	n/a	n/a	n/a	n/a
1314.094	0	657047	standard_tone	sapo_probe	standard	n/a	n/a	n/a	n/a	n/a
1315.108	0	657554	standard_tone	sapo_probe	standard	n/a	n/a	n/a	n/a	n/a
1316.124	0	658062	standard_tone	sapo_probe	standard	n/a	n/a	n/a	n/a	n/a
1317.140	0	658570	oddball_tone	sapo_probe	oddball	n/a	n/a	n/a	n/a	n/a
1318.156	0	659078	standard_tone	sapo_probe	standard	n/a	n/a	n/a	n/a	n/a
1319.172	0	659586	standard_tone	sapo_probe	standard	n/a	n/a	n/a	n/a	n/a
1320.188	0	660094	standard_tone	sapo_probe	standard	n/a	n/a	n/a	n/a	n/a
1321.204	0	660602	standard_tone	sapo_probe	standard	n/a	n/a	n/a	n/a	n/a
1322.220	0	661110	standard_tone	sapo_probe	standard	n/a	n/a	n/a	n/a	n/a
1323.220	0	661610	standard_tone	sapo_probe	standard	n/a	n/a	n/a	n/a	n/a
1324.234	0	662117	standard_tone	sapo_probe	standard	n/a	n/a	n/a	n/a	n/a
1325.252	0	662626	oddball_tone	sapo_probe	oddball	n/a	n/a	n/a	n/a	n/a
1326.266	0	663133	standard_tone	sapo_probe	standard	n/a	n/a	n/a	n/a	n/a
1327.282	0	663641	standard_tone	sapo_probe	standard	n/a	n/a	n/a	n/a	n/a
1328.298	0	664149	standard_tone	sapo_probe	standard	n/a	n/a	n/a	n/a	n/a
1329.314	0	664657	standard_tone	sapo_probe	standard	n/a	n/a	n/a	n/a	n/a
1330.330	0	665165	standard_tone	sapo_probe	standard	n/a	n/a	n/a	n/a	n/a
1331.346	0	665673	distractor_noise	sapo_probe	distractor	n/a	n/a	n/a	n/a	n/a
1332.362	0	666181	standard_tone	sapo_probe	standard	n/a	n/a	n/a	n/a	n/a
1333.378	0	666689	standard_tone	sapo_probe	standard	n/a	n/a	n/a	n/a	n/a
1334.392	0	667196	standard_tone	sapo_probe	standard	n/a	n/a	n/a	n/a	n/a
1335.410	0	667705	standard_tone	sapo_probe	standard	n/a	n/a	n/a	n/a	n/a
1336.424	0	668212	standard_tone	sapo_probe	standard	n/a	n/a	n/a	n/a	n/a
1337.440	0	668720	standard_tone	sapo_probe	standard	n/a	n/a	n/a	n/a	n/a
1338.456	0	669228	standard_tone	sapo_probe	standard	n/a	n/a	n/a	n/a	n/a
1339.472	0	669736	standard_tone	sapo_probe	standard	n/a	n/a	n/a	n/a	n/a
1340.488	0	670244	oddball_tone	sapo_probe	oddball	n/a	n/a	n/a	n/a	n/a
1341.504	0	670752	distractor_noise	sapo_probe	distractor	n/a	n/a	n/a	n/a	n/a
1342.520	0	671260	standard_tone	sapo_probe	standard	n/a	n/a	n/a	n/a	n/a
1343.536	0	671768	standard_tone	sapo_probe	standard	n/a	n/a	n/a	n/a	n/a
1344.552	0	672276	oddball_tone	sapo_probe	oddball	n/a	n/a	n/a	n/a	n/a
1345.568	0	672784	standard_tone	sapo_probe	standard	n/a	n/a	n/a	n/a	n/a
1346.582	0	673291	standard_tone	sapo_probe	standard	n/a	n/a	n/a	n/a	n/a
1347.600	0	673800	standard_tone	sapo_probe	standard	n/a	n/a	n/a	n/a	n/a
1348.614	0	674307	standard_tone	sapo_probe	standard	n/a	n/a	n/a	n/a	n/a
1349.630	0	674815	distractor_noise	sapo_probe	distractor	n/a	n/a	n/a	n/a	n/a
1350.646	0	675323	standard_tone	sapo_probe	standard	n/a	n/a	n/a	n/a	n/a
1351.662	0	675831	standard_tone	sapo_probe	standard	n/a	n/a	n/a	n/a	n/a
1352.678	0	676339	standard_tone	sapo_probe	standard	n/a	n/a	n/a	n/a	n/a
1353.678	0	676839	standard_tone	sapo_probe	standard	n/a	n/a	n/a	n/a	n/a
1353.960	0	676980	silence_end	sapo_probe	silence-end	n/a	n/a	n/a	n/a	n/a
1353.960	0	676980	subblock_end	sapo_probe	subblock-end-duration-119.182	n/a	n/a	n/a	119.182	n/a
1353.960	0	676980	subblock_begin	sapo_probe	subblock-begin	n/a	n/a	n/a	n/a	n/a
1353.962	0	676981	silence_begin	sapo_probe	silence-begin	n/a	n/a	n/a	n/a	n/a
1353.962	0	676981	prompt_window_begin	sapo_probe	probe-sapo-probe-begin	n/a	n/a	n/a	n/a	n/a
1360.222	0	680111	clicker_press	sapo_probe	response-received-arrow_up	n/a	n/a	n/a	n/a	arrow_up
1360.656	0	680328	clicker_press	sapo_probe	response-received-arrow_up	n/a	n/a	n/a	n/a	arrow_up
1361.022	0	680511	clicker_press	sapo_probe	response-received-arrow_up	n/a	n/a	n/a	n/a	arrow_up
1363.036	0	681518	depth_rating	sapo_probe	rating-sapo-probe-meditation_depth-3	3	n/a	n/a	n/a	n/a
1369.100	0	684550	clicker_press	sapo_probe	response-received-arrow_up	n/a	n/a	n/a	n/a	arrow_up
1369.482	0	684741	clicker_press	sapo_probe	response-received-arrow_up	n/a	n/a	n/a	n/a	arrow_up
1369.864	0	684932	clicker_press	sapo_probe	response-received-arrow_up	n/a	n/a	n/a	n/a	arrow_up
1370.214	0	685107	clicker_press	sapo_probe	response-received-arrow_up	n/a	n/a	n/a	n/a	arrow_up
1370.548	0	685274	clicker_press	sapo_probe	response-received-arrow_up	n/a	n/a	n/a	n/a	arrow_up
1373.278	0	686639	confidence_rating	sapo_probe	rating-sapo-probe-confidence_depth-5	n/a	5	n/a	n/a	n/a
1376.842	0	688421	prompt_window_end	sapo_probe	probe-sapo-probe-end	n/a	n/a	n/a	n/a	n/a
1376.842	0	688421	distractor_noise	sapo_probe	distractor	n/a	n/a	n/a	n/a	n/a
1377.858	0	688929	standard_tone	sapo_probe	standard	n/a	n/a	n/a	n/a	n/a
1378.872	0	689436	standard_tone	sapo_probe	standard	n/a	n/a	n/a	n/a	n/a
1379.888	0	689944	standard_tone	sapo_probe	standard	n/a	n/a	n/a	n/a	n/a
1380.904	0	690452	standard_tone	sapo_probe	standard	n/a	n/a	n/a	n/a	n/a
1381.920	0	690960	standard_tone	sapo_probe	standard	n/a	n/a	n/a	n/a	n/a
1382.936	0	691468	standard_tone	sapo_probe	standard	n/a	n/a	n/a	n/a	n/a
1383.936	0	691968	standard_tone	sapo_probe	standard	n/a	n/a	n/a	n/a	n/a
1384.952	0	692476	standard_tone	sapo_probe	standard	n/a	n/a	n/a	n/a	n/a
1385.968	0	692984	standard_tone	sapo_probe	standard	n/a	n/a	n/a	n/a	n/a
1386.982	0	693491	standard_tone	sapo_probe	standard	n/a	n/a	n/a	n/a	n/a
1387.998	0	693999	oddball_tone	sapo_probe	oddball	n/a	n/a	n/a	n/a	n/a
1388.998	0	694499	distractor_noise	sapo_probe	distractor	n/a	n/a	n/a	n/a	n/a
1390.014	0	695007	standard_tone	sapo_probe	standard	n/a	n/a	n/a	n/a	n/a
1391.030	0	695515	standard_tone	sapo_probe	standard	n/a	n/a	n/a	n/a	n/a
1392.046	0	696023	standard_tone	sapo_probe	standard	n/a	n/a	n/a	n/a	n/a
1393.060	0	696530	distractor_noise	sapo_probe	distractor	n/a	n/a	n/a	n/a	n/a
1394.078	0	697039	standard_tone	sapo_probe	standard	n/a	n/a	n/a	n/a	n/a
1395.092	0	697546	standard_tone	sapo_probe	standard	n/a	n/a	n/a	n/a	n/a
1396.108	0	698054	standard_tone	sapo_probe	standard	n/a	n/a	n/a	n/a	n/a
1397.108	0	698554	standard_tone	sapo_probe	standard	n/a	n/a	n/a	n/a	n/a
1398.124	0	699062	standard_tone	sapo_probe	standard	n/a	n/a	n/a	n/a	n/a
1399.140	0	699570	standard_tone	sapo_probe	standard	n/a	n/a	n/a	n/a	n/a
1400.156	0	700078	distractor_noise	sapo_probe	distractor	n/a	n/a	n/a	n/a	n/a
1401.172	0	700586	standard_tone	sapo_probe	standard	n/a	n/a	n/a	n/a	n/a
1402.186	0	701093	standard_tone	sapo_probe	standard	n/a	n/a	n/a	n/a	n/a
1403.202	0	701601	distractor_noise	sapo_probe	distractor	n/a	n/a	n/a	n/a	n/a
1404.218	0	702109	standard_tone	sapo_probe	standard	n/a	n/a	n/a	n/a	n/a
1405.234	0	702617	standard_tone	sapo_probe	standard	n/a	n/a	n/a	n/a	n/a
1406.250	0	703125	standard_tone	sapo_probe	standard	n/a	n/a	n/a	n/a	n/a
1407.266	0	703633	oddball_tone	sapo_probe	oddball	n/a	n/a	n/a	n/a	n/a
1408.282	0	704141	standard_tone	sapo_probe	standard	n/a	n/a	n/a	n/a	n/a
1409.282	0	704641	standard_tone	sapo_probe	standard	n/a	n/a	n/a	n/a	n/a
1410.296	0	705148	standard_tone	sapo_probe	standard	n/a	n/a	n/a	n/a	n/a
1411.312	0	705656	standard_tone	sapo_probe	standard	n/a	n/a	n/a	n/a	n/a
1412.328	0	706164	standard_tone	sapo_probe	standard	n/a	n/a	n/a	n/a	n/a
1413.328	0	706664	standard_tone	sapo_probe	standard	n/a	n/a	n/a	n/a	n/a
1414.344	0	707172	distractor_noise	sapo_probe	distractor	n/a	n/a	n/a	n/a	n/a
1415.360	0	707680	standard_tone	sapo_probe	standard	n/a	n/a	n/a	n/a	n/a
1416.376	0	708188	standard_tone	sapo_probe	standard	n/a	n/a	n/a	n/a	n/a
1417.392	0	708696	distractor_noise	sapo_probe	distractor	n/a	n/a	n/a	n/a	n/a
1418.408	0	709204	standard_tone	sapo_probe	standard	n/a	n/a	n/a	n/a	n/a
1419.422	0	709711	standard_tone	sapo_probe	standard	n/a	n/a	n/a	n/a	n/a
1420.438	0	710219	standard_tone	sapo_probe	standard	n/a	n/a	n/a	n/a	n/a
1421.454	0	710727	standard_tone	sapo_probe	standard	n/a	n/a	n/a	n/a	n/a
1422.470	0	711235	standard_tone	sapo_probe	standard	n/a	n/a	n/a	n/a	n/a
1423.470	0	711735	standard_tone	sapo_probe	standard	n/a	n/a	n/a	n/a	n/a
1424.486	0	712243	standard_tone	sapo_probe	standard	n/a	n/a	n/a	n/a	n/a
1425.502	0	712751	standard_tone	sapo_probe	standard	n/a	n/a	n/a	n/a	n/a
1426.516	0	713258	standard_tone	sapo_probe	standard	n/a	n/a	n/a	n/a	n/a
1427.532	0	713766	distractor_noise	sapo_probe	distractor	n/a	n/a	n/a	n/a	n/a
1428.548	0	714274	standard_tone	sapo_probe	standard	n/a	n/a	n/a	n/a	n/a
1429.566	0	714783	standard_tone	sapo_probe	standard	n/a	n/a	n/a	n/a	n/a
1430.580	0	715290	standard_tone	sapo_probe	standard	n/a	n/a	n/a	n/a	n/a
1431.596	0	715798	standard_tone	sapo_probe	standard	n/a	n/a	n/a	n/a	n/a
1432.612	0	716306	distractor_noise	sapo_probe	distractor	n/a	n/a	n/a	n/a	n/a
1433.626	0	716813	standard_tone	sapo_probe	standard	n/a	n/a	n/a	n/a	n/a
1434.626	0	717313	standard_tone	sapo_probe	standard	n/a	n/a	n/a	n/a	n/a
1435.642	0	717821	standard_tone	sapo_probe	standard	n/a	n/a	n/a	n/a	n/a
1436.658	0	718329	standard_tone	sapo_probe	standard	n/a	n/a	n/a	n/a	n/a
1437.674	0	718837	standard_tone	sapo_probe	standard	n/a	n/a	n/a	n/a	n/a
1438.690	0	719345	standard_tone	sapo_probe	standard	n/a	n/a	n/a	n/a	n/a
1439.706	0	719853	standard_tone	sapo_probe	standard	n/a	n/a	n/a	n/a	n/a
1440.722	0	720361	oddball_tone	sapo_probe	oddball	n/a	n/a	n/a	n/a	n/a
1441.738	0	720869	standard_tone	sapo_probe	standard	n/a	n/a	n/a	n/a	n/a
1442.754	0	721377	oddball_tone	sapo_probe	oddball	n/a	n/a	n/a	n/a	n/a
1443.770	0	721885	standard_tone	sapo_probe	standard	n/a	n/a	n/a	n/a	n/a
1444.784	0	722392	standard_tone	sapo_probe	standard	n/a	n/a	n/a	n/a	n/a
1445.800	0	722900	distractor_noise	sapo_probe	distractor	n/a	n/a	n/a	n/a	n/a
1446.816	0	723408	standard_tone	sapo_probe	standard	n/a	n/a	n/a	n/a	n/a
1447.832	0	723916	standard_tone	sapo_probe	standard	n/a	n/a	n/a	n/a	n/a
1448.848	0	724424	standard_tone	sapo_probe	standard	n/a	n/a	n/a	n/a	n/a
1449.864	0	724932	standard_tone	sapo_probe	standard	n/a	n/a	n/a	n/a	n/a
1450.880	0	725440	standard_tone	sapo_probe	standard	n/a	n/a	n/a	n/a	n/a
1451.896	0	725948	distractor_noise	sapo_probe	distractor	n/a	n/a	n/a	n/a	n/a
1452.912	0	726456	standard_tone	sapo_probe	standard	n/a	n/a	n/a	n/a	n/a
1453.928	0	726964	standard_tone	sapo_probe	standard	n/a	n/a	n/a	n/a	n/a
1454.942	0	727471	distractor_noise	sapo_probe	distractor	n/a	n/a	n/a	n/a	n/a
1455.958	0	727979	standard_tone	sapo_probe	standard	n/a	n/a	n/a	n/a	n/a
1456.974	0	728487	standard_tone	sapo_probe	standard	n/a	n/a	n/a	n/a	n/a
1457.990	0	728995	standard_tone	sapo_probe	standard	n/a	n/a	n/a	n/a	n/a
1459.006	0	729503	standard_tone	sapo_probe	standard	n/a	n/a	n/a	n/a	n/a
1460.022	0	730011	oddball_tone	sapo_probe	oddball	n/a	n/a	n/a	n/a	n/a
1461.040	0	730520	standard_tone	sapo_probe	standard	n/a	n/a	n/a	n/a	n/a
1462.054	0	731027	standard_tone	sapo_probe	standard	n/a	n/a	n/a	n/a	n/a
1463.070	0	731535	standard_tone	sapo_probe	standard	n/a	n/a	n/a	n/a	n/a
1464.086	0	732043	standard_tone	sapo_probe	standard	n/a	n/a	n/a	n/a	n/a
1465.102	0	732551	standard_tone	sapo_probe	standard	n/a	n/a	n/a	n/a	n/a
1466.118	0	733059	distractor_noise	sapo_probe	distractor	n/a	n/a	n/a	n/a	n/a
1467.116	0	733558	standard_tone	sapo_probe	standard	n/a	n/a	n/a	n/a	n/a
1468.132	0	734066	standard_tone	sapo_probe	standard	n/a	n/a	n/a	n/a	n/a
1469.132	0	734566	standard_tone	sapo_probe	standard	n/a	n/a	n/a	n/a	n/a
1470.148	0	735074	standard_tone	sapo_probe	standard	n/a	n/a	n/a	n/a	n/a
1471.162	0	735581	standard_tone	sapo_probe	standard	n/a	n/a	n/a	n/a	n/a
1472.180	0	736090	standard_tone	sapo_probe	standard	n/a	n/a	n/a	n/a	n/a
1473.196	0	736598	standard_tone	sapo_probe	standard	n/a	n/a	n/a	n/a	n/a
1474.210	0	737105	standard_tone	sapo_probe	standard	n/a	n/a	n/a	n/a	n/a
1475.226	0	737613	distractor_noise	sapo_probe	distractor	n/a	n/a	n/a	n/a	n/a
1476.242	0	738121	standard_tone	sapo_probe	standard	n/a	n/a	n/a	n/a	n/a
1477.258	0	738629	standard_tone	sapo_probe	standard	n/a	n/a	n/a	n/a	n/a
1478.274	0	739137	standard_tone	sapo_probe	standard	n/a	n/a	n/a	n/a	n/a
1479.290	0	739645	standard_tone	sapo_probe	standard	n/a	n/a	n/a	n/a	n/a
1480.306	0	740153	standard_tone	sapo_probe	standard	n/a	n/a	n/a	n/a	n/a
1481.322	0	740661	standard_tone	sapo_probe	standard	n/a	n/a	n/a	n/a	n/a
1482.338	0	741169	standard_tone	sapo_probe	standard	n/a	n/a	n/a	n/a	n/a
1483.352	0	741676	standard_tone	sapo_probe	standard	n/a	n/a	n/a	n/a	n/a
1484.368	0	742184	standard_tone	sapo_probe	standard	n/a	n/a	n/a	n/a	n/a
1485.384	0	742692	standard_tone	sapo_probe	standard	n/a	n/a	n/a	n/a	n/a
1486.400	0	743200	standard_tone	sapo_probe	standard	n/a	n/a	n/a	n/a	n/a
1487.416	0	743708	oddball_tone	sapo_probe	oddball	n/a	n/a	n/a	n/a	n/a
1488.432	0	744216	standard_tone	sapo_probe	standard	n/a	n/a	n/a	n/a	n/a
1489.448	0	744724	standard_tone	sapo_probe	standard	n/a	n/a	n/a	n/a	n/a
1490.464	0	745232	standard_tone	sapo_probe	standard	n/a	n/a	n/a	n/a	n/a
1491.480	0	745740	standard_tone	sapo_probe	standard	n/a	n/a	n/a	n/a	n/a
1492.496	0	746248	distractor_noise	sapo_probe	distractor	n/a	n/a	n/a	n/a	n/a
1493.512	0	746756	standard_tone	sapo_probe	standard	n/a	n/a	n/a	n/a	n/a
1494.528	0	747264	standard_tone	sapo_probe	standard	n/a	n/a	n/a	n/a	n/a
1495.542	0	747771	standard_tone	sapo_probe	standard	n/a	n/a	n/a	n/a	n/a
1496.558	0	748279	standard_tone	sapo_probe	standard	n/a	n/a	n/a	n/a	n/a
1497.558	0	748779	standard_tone	sapo_probe	standard	n/a	n/a	n/a	n/a	n/a
1498.574	0	749287	standard_tone	sapo_probe	standard	n/a	n/a	n/a	n/a	n/a
1499.590	0	749795	standard_tone	sapo_probe	standard	n/a	n/a	n/a	n/a	n/a
1500.606	0	750303	distractor_noise	sapo_probe	distractor	n/a	n/a	n/a	n/a	n/a
1501.622	0	750811	standard_tone	sapo_probe	standard	n/a	n/a	n/a	n/a	n/a
1502.638	0	751319	standard_tone	sapo_probe	standard	n/a	n/a	n/a	n/a	n/a
1503.652	0	751826	standard_tone	sapo_probe	standard	n/a	n/a	n/a	n/a	n/a
1504.668	0	752334	standard_tone	sapo_probe	standard	n/a	n/a	n/a	n/a	n/a
1505.684	0	752842	standard_tone	sapo_probe	standard	n/a	n/a	n/a	n/a	n/a
1506.700	0	753350	standard_tone	sapo_probe	standard	n/a	n/a	n/a	n/a	n/a
1507.716	0	753858	standard_tone	sapo_probe	standard	n/a	n/a	n/a	n/a	n/a
1508.732	0	754366	distractor_noise	sapo_probe	distractor	n/a	n/a	n/a	n/a	n/a
1509.748	0	754874	standard_tone	sapo_probe	standard	n/a	n/a	n/a	n/a	n/a
1510.764	0	755382	standard_tone	sapo_probe	standard	n/a	n/a	n/a	n/a	n/a
1511.780	0	755890	standard_tone	sapo_probe	standard	n/a	n/a	n/a	n/a	n/a
1512.346	0	756173	silence_end	sapo_probe	silence-end	n/a	n/a	n/a	n/a	n/a
1512.346	0	756173	gong_begin	sapo_probe	gong-begin	n/a	n/a	n/a	n/a	n/a
1522.438	0	761219	gong_end	sapo_probe	gong-end	n/a	n/a	n/a	n/a	n/a
1522.440	0	761220	subblock_end	sapo_probe	subblock-end-duration-168.479	n/a	n/a	n/a	168.479	n/a
1522.440	0	761220	subblock_begin	sapo_probe	subblock-begin	n/a	n/a	n/a	n/a	n/a
1522.440	0	761220	silence_begin	sapo_probe	silence-begin	n/a	n/a	n/a	n/a	n/a
1522.454	0	761227	standard_tone	sapo_probe	standard	n/a	n/a	n/a	n/a	n/a
1523.470	0	761735	standard_tone	sapo_probe	standard	n/a	n/a	n/a	n/a	n/a
1524.486	0	762243	standard_tone	sapo_probe	standard	n/a	n/a	n/a	n/a	n/a
1525.486	0	762743	standard_tone	sapo_probe	standard	n/a	n/a	n/a	n/a	n/a
1526.500	0	763250	standard_tone	sapo_probe	standard	n/a	n/a	n/a	n/a	n/a
1527.516	0	763758	standard_tone	sapo_probe	standard	n/a	n/a	n/a	n/a	n/a
1528.532	0	764266	standard_tone	sapo_probe	standard	n/a	n/a	n/a	n/a	n/a
1529.548	0	764774	standard_tone	sapo_probe	standard	n/a	n/a	n/a	n/a	n/a
1530.548	0	765274	standard_tone	sapo_probe	standard	n/a	n/a	n/a	n/a	n/a
1531.564	0	765782	standard_tone	sapo_probe	standard	n/a	n/a	n/a	n/a	n/a
1532.562	0	766281	standard_tone	sapo_probe	standard	n/a	n/a	n/a	n/a	n/a
1533.578	0	766789	standard_tone	sapo_probe	standard	n/a	n/a	n/a	n/a	n/a
1534.594	0	767297	standard_tone	sapo_probe	standard	n/a	n/a	n/a	n/a	n/a
1535.610	0	767805	standard_tone	sapo_probe	standard	n/a	n/a	n/a	n/a	n/a
1536.610	0	768305	standard_tone	sapo_probe	standard	n/a	n/a	n/a	n/a	n/a
1537.624	0	768812	distractor_noise	sapo_probe	distractor	n/a	n/a	n/a	n/a	n/a
1538.640	0	769320	standard_tone	sapo_probe	standard	n/a	n/a	n/a	n/a	n/a
1539.656	0	769828	standard_tone	sapo_probe	standard	n/a	n/a	n/a	n/a	n/a
1540.672	0	770336	standard_tone	sapo_probe	standard	n/a	n/a	n/a	n/a	n/a
1541.688	0	770844	standard_tone	sapo_probe	standard	n/a	n/a	n/a	n/a	n/a
1542.704	0	771352	oddball_tone	sapo_probe	oddball	n/a	n/a	n/a	n/a	n/a
1543.720	0	771860	distractor_noise	sapo_probe	distractor	n/a	n/a	n/a	n/a	n/a
1544.736	0	772368	standard_tone	sapo_probe	standard	n/a	n/a	n/a	n/a	n/a
1545.752	0	772876	standard_tone	sapo_probe	standard	n/a	n/a	n/a	n/a	n/a
1546.768	0	773384	standard_tone	sapo_probe	standard	n/a	n/a	n/a	n/a	n/a
1547.784	0	773892	standard_tone	sapo_probe	standard	n/a	n/a	n/a	n/a	n/a
1548.798	0	774399	distractor_noise	sapo_probe	distractor	n/a	n/a	n/a	n/a	n/a
1549.814	0	774907	standard_tone	sapo_probe	standard	n/a	n/a	n/a	n/a	n/a
1550.830	0	775415	standard_tone	sapo_probe	standard	n/a	n/a	n/a	n/a	n/a
1551.846	0	775923	oddball_tone	sapo_probe	oddball	n/a	n/a	n/a	n/a	n/a
1552.862	0	776431	standard_tone	sapo_probe	standard	n/a	n/a	n/a	n/a	n/a
1553.878	0	776939	standard_tone	sapo_probe	standard	n/a	n/a	n/a	n/a	n/a
1554.894	0	777447	standard_tone	sapo_probe	standard	n/a	n/a	n/a	n/a	n/a
1555.894	0	777947	standard_tone	sapo_probe	standard	n/a	n/a	n/a	n/a	n/a
1556.876	0	778438	prompt_window_begin	sapo_probe	probe-sapo-probe-begin	n/a	n/a	n/a	n/a	n/a
1563.736	0	781868	clicker_press	sapo_probe	response-received-arrow_up	n/a	n/a	n/a	n/a	arrow_up
1564.036	0	782018	clicker_press	sapo_probe	response-received-arrow_up	n/a	n/a	n/a	n/a	arrow_up
1566.002	0	783001	depth_rating	sapo_probe	rating-sapo-probe-meditation_depth-2	2	n/a	n/a	n/a	n/a
1572.114	0	786057	clicker_press	sapo_probe	response-received-arrow_up	n/a	n/a	n/a	n/a	arrow_up
1572.530	0	786265	clicker_press	sapo_probe	response-received-arrow_up	n/a	n/a	n/a	n/a	arrow_up
1572.896	0	786448	clicker_press	sapo_probe	response-received-arrow_up	n/a	n/a	n/a	n/a	arrow_up
1573.246	0	786623	clicker_press	sapo_probe	response-received-arrow_up	n/a	n/a	n/a	n/a	arrow_up
1573.578	0	786789	clicker_press	sapo_probe	response-received-arrow_up	n/a	n/a	n/a	n/a	arrow_up
1576.094	0	788047	confidence_rating	sapo_probe	rating-sapo-probe-confidence_depth-5	n/a	5	n/a	n/a	n/a
1579.624	0	789812	prompt_window_end	sapo_probe	probe-sapo-probe-end	n/a	n/a	n/a	n/a	n/a
1579.624	0	789812	standard_tone	sapo_probe	standard	n/a	n/a	n/a	n/a	n/a
1580.640	0	790320	distractor_noise	sapo_probe	distractor	n/a	n/a	n/a	n/a	n/a
1581.654	0	790827	standard_tone	sapo_probe	standard	n/a	n/a	n/a	n/a	n/a
1582.672	0	791336	standard_tone	sapo_probe	standard	n/a	n/a	n/a	n/a	n/a
1583.686	0	791843	standard_tone	sapo_probe	standard	n/a	n/a	n/a	n/a	n/a
1584.686	0	792343	standard_tone	sapo_probe	standard	n/a	n/a	n/a	n/a	n/a
1585.702	0	792851	standard_tone	sapo_probe	standard	n/a	n/a	n/a	n/a	n/a
1586.718	0	793359	standard_tone	sapo_probe	standard	n/a	n/a	n/a	n/a	n/a
1587.734	0	793867	standard_tone	sapo_probe	standard	n/a	n/a	n/a	n/a	n/a
1588.732	0	794366	standard_tone	sapo_probe	standard	n/a	n/a	n/a	n/a	n/a
1589.748	0	794874	standard_tone	sapo_probe	standard	n/a	n/a	n/a	n/a	n/a
1590.748	0	795374	standard_tone	sapo_probe	standard	n/a	n/a	n/a	n/a	n/a
1591.764	0	795882	standard_tone	sapo_probe	standard	n/a	n/a	n/a	n/a	n/a
1592.780	0	796390	standard_tone	sapo_probe	standard	n/a	n/a	n/a	n/a	n/a
1593.794	0	796897	distractor_noise	sapo_probe	distractor	n/a	n/a	n/a	n/a	n/a
1594.810	0	797405	standard_tone	sapo_probe	standard	n/a	n/a	n/a	n/a	n/a
1595.826	0	797913	standard_tone	sapo_probe	standard	n/a	n/a	n/a	n/a	n/a
1596.842	0	798421	standard_tone	sapo_probe	standard	n/a	n/a	n/a	n/a	n/a
1597.858	0	798929	standard_tone	sapo_probe	standard	n/a	n/a	n/a	n/a	n/a
1598.874	0	799437	standard_tone	sapo_probe	standard	n/a	n/a	n/a	n/a	n/a
1599.890	0	799945	standard_tone	sapo_probe	standard	n/a	n/a	n/a	n/a	n/a
1600.906	0	800453	distractor_noise	sapo_probe	distractor	n/a	n/a	n/a	n/a	n/a
1601.922	0	800961	standard_tone	sapo_probe	standard	n/a	n/a	n/a	n/a	n/a
1602.938	0	801469	standard_tone	sapo_probe	standard	n/a	n/a	n/a	n/a	n/a
1603.952	0	801976	standard_tone	sapo_probe	standard	n/a	n/a	n/a	n/a	n/a
1604.954	0	802477	oddball_tone	sapo_probe	oddball	n/a	n/a	n/a	n/a	n/a
1605.968	0	802984	standard_tone	sapo_probe	standard	n/a	n/a	n/a	n/a	n/a
1606.984	0	803492	distractor_noise	sapo_probe	distractor	n/a	n/a	n/a	n/a	n/a
1608.000	0	804000	standard_tone	sapo_probe	standard	n/a	n/a	n/a	n/a	n/a
1609.016	0	804508	standard_tone	sapo_probe	standard	n/a	n/a	n/a	n/a	n/a
1610.016	0	805008	oddball_tone	sapo_probe	oddball	n/a	n/a	n/a	n/a	n/a
1611.030	0	805515	distractor_noise	sapo_probe	distractor	n/a	n/a	n/a	n/a	n/a
1612.046	0	806023	oddball_tone	sapo_probe	oddball	n/a	n/a	n/a	n/a	n/a
1613.062	0	806531	standard_tone	sapo_probe	standard	n/a	n/a	n/a	n/a	n/a
1614.078	0	807039	standard_tone	sapo_probe	standard	n/a	n/a	n/a	n/a	n/a
1615.094	0	807547	standard_tone	sapo_probe	standard	n/a	n/a	n/a	n/a	n/a
1616.110	0	808055	distractor_noise	sapo_probe	distractor	n/a	n/a	n/a	n/a	n/a
1617.126	0	808563	standard_tone	sapo_probe	standard	n/a	n/a	n/a	n/a	n/a
1618.142	0	809071	standard_tone	sapo_probe	standard	n/a	n/a	n/a	n/a	n/a
1619.158	0	809579	distractor_noise	sapo_probe	distractor	n/a	n/a	n/a	n/a	n/a
1620.172	0	810086	standard_tone	sapo_probe	standard	n/a	n/a	n/a	n/a	n/a
1621.190	0	810595	oddball_tone	sapo_probe	oddball	n/a	n/a	n/a	n/a	n/a
1622.204	0	811102	standard_tone	sapo_probe	standard	n/a	n/a	n/a	n/a	n/a
1623.220	0	811610	standard_tone	sapo_probe	standard	n/a	n/a	n/a	n/a	n/a
1624.236	0	812118	standard_tone	sapo_probe	standard	n/a	n/a	n/a	n/a	n/a
1625.252	0	812626	standard_tone	sapo_probe	standard	n/a	n/a	n/a	n/a	n/a
1626.268	0	813134	standard_tone	sapo_probe	standard	n/a	n/a	n/a	n/a	n/a
1627.284	0	813642	standard_tone	sapo_probe	standard	n/a	n/a	n/a	n/a	n/a
1628.300	0	814150	standard_tone	sapo_probe	standard	n/a	n/a	n/a	n/a	n/a
1629.316	0	814658	standard_tone	sapo_probe	standard	n/a	n/a	n/a	n/a	n/a
1630.332	0	815166	standard_tone	sapo_probe	standard	n/a	n/a	n/a	n/a	n/a
1631.348	0	815674	standard_tone	sapo_probe	standard	n/a	n/a	n/a	n/a	n/a
1632.362	0	816181	standard_tone	sapo_probe	standard	n/a	n/a	n/a	n/a	n/a
1633.378	0	816689	standard_tone	sapo_probe	standard	n/a	n/a	n/a	n/a	n/a
1634.394	0	817197	oddball_tone	sapo_probe	oddball	n/a	n/a	n/a	n/a	n/a
1635.410	0	817705	standard_tone	sapo_probe	standard	n/a	n/a	n/a	n/a	n/a
1636.426	0	818213	standard_tone	sapo_probe	standard	n/a	n/a	n/a	n/a	n/a
1637.442	0	818721	standard_tone	sapo_probe	standard	n/a	n/a	n/a	n/a	n/a
1638.458	0	819229	standard_tone	sapo_probe	standard	n/a	n/a	n/a	n/a	n/a
1639.458	0	819729	standard_tone	sapo_probe	standard	n/a	n/a	n/a	n/a	n/a
1640.472	0	820236	oddball_tone	sapo_probe	oddball	n/a	n/a	n/a	n/a	n/a
1641.494	0	820747	standard_tone	sapo_probe	standard	n/a	n/a	n/a	n/a	n/a
1642.504	0	821252	standard_tone	sapo_probe	standard	n/a	n/a	n/a	n/a	n/a
1643.520	0	821760	distractor_noise	sapo_probe	distractor	n/a	n/a	n/a	n/a	n/a
1644.520	0	822260	standard_tone	sapo_probe	standard	n/a	n/a	n/a	n/a	n/a
1645.536	0	822768	standard_tone	sapo_probe	standard	n/a	n/a	n/a	n/a	n/a
1646.550	0	823275	standard_tone	sapo_probe	standard	n/a	n/a	n/a	n/a	n/a
1647.568	0	823784	distractor_noise	sapo_probe	distractor	n/a	n/a	n/a	n/a	n/a
1648.584	0	824292	standard_tone	sapo_probe	standard	n/a	n/a	n/a	n/a	n/a
1649.598	0	824799	standard_tone	sapo_probe	standard	n/a	n/a	n/a	n/a	n/a
1650.598	0	825299	distractor_noise	sapo_probe	distractor	n/a	n/a	n/a	n/a	n/a
1651.614	0	825807	oddball_tone	sapo_probe	oddball	n/a	n/a	n/a	n/a	n/a
1652.630	0	826315	distractor_noise	sapo_probe	distractor	n/a	n/a	n/a	n/a	n/a
1653.646	0	826823	standard_tone	sapo_probe	standard	n/a	n/a	n/a	n/a	n/a
1654.662	0	827331	standard_tone	sapo_probe	standard	n/a	n/a	n/a	n/a	n/a
1655.678	0	827839	standard_tone	sapo_probe	standard	n/a	n/a	n/a	n/a	n/a
1656.692	0	828346	standard_tone	sapo_probe	standard	n/a	n/a	n/a	n/a	n/a
1657.708	0	828854	standard_tone	sapo_probe	standard	n/a	n/a	n/a	n/a	n/a
1658.708	0	829354	standard_tone	sapo_probe	standard	n/a	n/a	n/a	n/a	n/a
1659.724	0	829862	oddball_tone	sapo_probe	oddball	n/a	n/a	n/a	n/a	n/a
1660.506	0	830253	silence_end	sapo_probe	silence-end	n/a	n/a	n/a	n/a	n/a
1660.506	0	830253	subblock_end	sapo_probe	subblock-end-duration-138.066	n/a	n/a	n/a	138.066	n/a
1660.506	0	830253	subblock_begin	sapo_probe	subblock-begin	n/a	n/a	n/a	n/a	n/a
1660.506	0	830253	silence_begin	sapo_probe	silence-begin	n/a	n/a	n/a	n/a	n/a
1660.740	0	830370	distractor_noise	sapo_probe	distractor	n/a	n/a	n/a	n/a	n/a
1661.756	0	830878	standard_tone	sapo_probe	standard	n/a	n/a	n/a	n/a	n/a
1662.770	0	831385	standard_tone	sapo_probe	standard	n/a	n/a	n/a	n/a	n/a
1663.786	0	831893	standard_tone	sapo_probe	standard	n/a	n/a	n/a	n/a	n/a
1664.802	0	832401	standard_tone	sapo_probe	standard	n/a	n/a	n/a	n/a	n/a
1665.818	0	832909	standard_tone	sapo_probe	standard	n/a	n/a	n/a	n/a	n/a
1666.834	0	833417	standard_tone	sapo_probe	standard	n/a	n/a	n/a	n/a	n/a
1667.850	0	833925	distractor_noise	sapo_probe	distractor	n/a	n/a	n/a	n/a	n/a
1668.866	0	834433	standard_tone	sapo_probe	standard	n/a	n/a	n/a	n/a	n/a
1669.882	0	834941	standard_tone	sapo_probe	standard	n/a	n/a	n/a	n/a	n/a
1670.898	0	835449	standard_tone	sapo_probe	standard	n/a	n/a	n/a	n/a	n/a
1671.898	0	835949	standard_tone	sapo_probe	standard	n/a	n/a	n/a	n/a	n/a
1672.912	0	836456	standard_tone	sapo_probe	standard	n/a	n/a	n/a	n/a	n/a
1673.930	0	836965	standard_tone	sapo_probe	standard	n/a	n/a	n/a	n/a	n/a
1674.944	0	837472	standard_tone	sapo_probe	standard	n/a	n/a	n/a	n/a	n/a
1675.960	0	837980	standard_tone	sapo_probe	standard	n/a	n/a	n/a	n/a	n/a
1676.976	0	838488	standard_tone	sapo_probe	standard	n/a	n/a	n/a	n/a	n/a
1677.992	0	838996	standard_tone	sapo_probe	standard	n/a	n/a	n/a	n/a	n/a
1679.008	0	839504	distractor_noise	sapo_probe	distractor	n/a	n/a	n/a	n/a	n/a
1680.024	0	840012	standard_tone	sapo_probe	standard	n/a	n/a	n/a	n/a	n/a
1681.040	0	840520	standard_tone	sapo_probe	standard	n/a	n/a	n/a	n/a	n/a
1682.056	0	841028	distractor_noise	sapo_probe	distractor	n/a	n/a	n/a	n/a	n/a
1683.070	0	841535	standard_tone	sapo_probe	standard	n/a	n/a	n/a	n/a	n/a
1684.088	0	842044	distractor_noise	sapo_probe	distractor	n/a	n/a	n/a	n/a	n/a
1685.102	0	842551	standard_tone	sapo_probe	standard	n/a	n/a	n/a	n/a	n/a
1686.118	0	843059	standard_tone	sapo_probe	standard	n/a	n/a	n/a	n/a	n/a
1687.134	0	843567	oddball_tone	sapo_probe	oddball	n/a	n/a	n/a	n/a	n/a
1688.134	0	844067	standard_tone	sapo_probe	standard	n/a	n/a	n/a	n/a	n/a
1689.150	0	844575	standard_tone	sapo_probe	standard	n/a	n/a	n/a	n/a	n/a
1690.166	0	845083	standard_tone	sapo_probe	standard	n/a	n/a	n/a	n/a	n/a
1691.180	0	845590	distractor_noise	sapo_probe	distractor	n/a	n/a	n/a	n/a	n/a
1692.198	0	846099	standard_tone	sapo_probe	standard	n/a	n/a	n/a	n/a	n/a
1693.212	0	846606	standard_tone	sapo_probe	standard	n/a	n/a	n/a	n/a	n/a
1694.228	0	847114	standard_tone	sapo_probe	standard	n/a	n/a	n/a	n/a	n/a
1695.244	0	847622	standard_tone	sapo_probe	standard	n/a	n/a	n/a	n/a	n/a
1696.260	0	848130	standard_tone	sapo_probe	standard	n/a	n/a	n/a	n/a	n/a
1697.276	0	848638	standard_tone	sapo_probe	standard	n/a	n/a	n/a	n/a	n/a
1698.292	0	849146	oddball_tone	sapo_probe	oddball	n/a	n/a	n/a	n/a	n/a
1699.308	0	849654	standard_tone	sapo_probe	standard	n/a	n/a	n/a	n/a	n/a
1700.324	0	850162	standard_tone	sapo_probe	standard	n/a	n/a	n/a	n/a	n/a
1701.338	0	850669	standard_tone	sapo_probe	standard	n/a	n/a	n/a	n/a	n/a
1702.338	0	851169	standard_tone	sapo_probe	standard	n/a	n/a	n/a	n/a	n/a
1703.354	0	851677	standard_tone	sapo_probe	standard	n/a	n/a	n/a	n/a	n/a
1704.370	0	852185	standard_tone	sapo_probe	standard	n/a	n/a	n/a	n/a	n/a
1705.386	0	852693	standard_tone	sapo_probe	standard	n/a	n/a	n/a	n/a	n/a
1706.402	0	853201	standard_tone	sapo_probe	standard	n/a	n/a	n/a	n/a	n/a
1707.418	0	853709	distractor_noise	sapo_probe	distractor	n/a	n/a	n/a	n/a	n/a
1708.434	0	854217	standard_tone	sapo_probe	standard	n/a	n/a	n/a	n/a	n/a
1709.448	0	854724	distractor_noise	sapo_probe	distractor	n/a	n/a	n/a	n/a	n/a
1710.464	0	855232	standard_tone	sapo_probe	standard	n/a	n/a	n/a	n/a	n/a
1711.480	0	855740	standard_tone	sapo_probe	standard	n/a	n/a	n/a	n/a	n/a
1712.496	0	856248	standard_tone	sapo_probe	standard	n/a	n/a	n/a	n/a	n/a
1713.512	0	856756	standard_tone	sapo_probe	standard	n/a	n/a	n/a	n/a	n/a
1714.528	0	857264	oddball_tone	sapo_probe	oddball	n/a	n/a	n/a	n/a	n/a
1715.544	0	857772	standard_tone	sapo_probe	standard	n/a	n/a	n/a	n/a	n/a
1716.560	0	858280	standard_tone	sapo_probe	standard	n/a	n/a	n/a	n/a	n/a
1717.576	0	858788	standard_tone	sapo_probe	standard	n/a	n/a	n/a	n/a	n/a
1718.574	0	859287	standard_tone	sapo_probe	standard	n/a	n/a	n/a	n/a	n/a
1719.590	0	859795	standard_tone	sapo_probe	standard	n/a	n/a	n/a	n/a	n/a
1720.606	0	860303	standard_tone	sapo_probe	standard	n/a	n/a	n/a	n/a	n/a
1721.606	0	860803	standard_tone	sapo_probe	standard	n/a	n/a	n/a	n/a	n/a
1722.622	0	861311	distractor_noise	sapo_probe	distractor	n/a	n/a	n/a	n/a	n/a
1723.638	0	861819	standard_tone	sapo_probe	standard	n/a	n/a	n/a	n/a	n/a
1724.654	0	862327	distractor_noise	sapo_probe	distractor	n/a	n/a	n/a	n/a	n/a
1725.668	0	862834	standard_tone	sapo_probe	standard	n/a	n/a	n/a	n/a	n/a
1726.668	0	863334	standard_tone	sapo_probe	standard	n/a	n/a	n/a	n/a	n/a
1727.684	0	863842	standard_tone	sapo_probe	standard	n/a	n/a	n/a	n/a	n/a
1728.700	0	864350	standard_tone	sapo_probe	standard	n/a	n/a	n/a	n/a	n/a
1729.716	0	864858	standard_tone	sapo_probe	standard	n/a	n/a	n/a	n/a	n/a
1730.732	0	865366	distractor_noise	sapo_probe	distractor	n/a	n/a	n/a	n/a	n/a
1731.748	0	865874	standard_tone	sapo_probe	standard	n/a	n/a	n/a	n/a	n/a
1732.764	0	866382	oddball_tone	sapo_probe	oddball	n/a	n/a	n/a	n/a	n/a
1733.778	0	866889	standard_tone	sapo_probe	standard	n/a	n/a	n/a	n/a	n/a
1734.796	0	867398	standard_tone	sapo_probe	standard	n/a	n/a	n/a	n/a	n/a
1735.810	0	867905	standard_tone	sapo_probe	standard	n/a	n/a	n/a	n/a	n/a
1736.810	0	868405	standard_tone	sapo_probe	standard	n/a	n/a	n/a	n/a	n/a
1737.826	0	868913	standard_tone	sapo_probe	standard	n/a	n/a	n/a	n/a	n/a
1738.842	0	869421	standard_tone	sapo_probe	standard	n/a	n/a	n/a	n/a	n/a
1739.858	0	869929	distractor_noise	sapo_probe	distractor	n/a	n/a	n/a	n/a	n/a
1740.874	0	870437	standard_tone	sapo_probe	standard	n/a	n/a	n/a	n/a	n/a
1741.888	0	870944	standard_tone	sapo_probe	standard	n/a	n/a	n/a	n/a	n/a
1742.904	0	871452	standard_tone	sapo_probe	standard	n/a	n/a	n/a	n/a	n/a
1743.920	0	871960	standard_tone	sapo_probe	standard	n/a	n/a	n/a	n/a	n/a
1744.936	0	872468	oddball_tone	sapo_probe	oddball	n/a	n/a	n/a	n/a	n/a
1745.952	0	872976	standard_tone	sapo_probe	standard	n/a	n/a	n/a	n/a	n/a
1746.968	0	873484	standard_tone	sapo_probe	standard	n/a	n/a	n/a	n/a	n/a
1747.984	0	873992	oddball_tone	sapo_probe	oddball	n/a	n/a	n/a	n/a	n/a
1749.000	0	874500	standard_tone	sapo_probe	standard	n/a	n/a	n/a	n/a	n/a
1750.016	0	875008	standard_tone	sapo_probe	standard	n/a	n/a	n/a	n/a	n/a
1751.032	0	875516	standard_tone	sapo_probe	standard	n/a	n/a	n/a	n/a	n/a
1752.046	0	876023	standard_tone	sapo_probe	standard	n/a	n/a	n/a	n/a	n/a
1753.064	0	876532	standard_tone	sapo_probe	standard	n/a	n/a	n/a	n/a	n/a
1754.080	0	877040	standard_tone	sapo_probe	standard	n/a	n/a	n/a	n/a	n/a
1755.094	0	877547	distractor_noise	sapo_probe	distractor	n/a	n/a	n/a	n/a	n/a
1756.110	0	878055	standard_tone	sapo_probe	standard	n/a	n/a	n/a	n/a	n/a
1757.126	0	878563	standard_tone	sapo_probe	standard	n/a	n/a	n/a	n/a	n/a
1758.142	0	879071	standard_tone	sapo_probe	standard	n/a	n/a	n/a	n/a	n/a
1759.158	0	879579	distractor_noise	sapo_probe	distractor	n/a	n/a	n/a	n/a	n/a
1760.174	0	880087	standard_tone	sapo_probe	standard	n/a	n/a	n/a	n/a	n/a
1761.190	0	880595	standard_tone	sapo_probe	standard	n/a	n/a	n/a	n/a	n/a
1762.188	0	881094	standard_tone	sapo_probe	standard	n/a	n/a	n/a	n/a	n/a
1763.206	0	881603	standard_tone	sapo_probe	standard	n/a	n/a	n/a	n/a	n/a
1764.204	0	882102	oddball_tone	sapo_probe	oddball	n/a	n/a	n/a	n/a	n/a
1765.220	0	882610	standard_tone	sapo_probe	standard	n/a	n/a	n/a	n/a	n/a
1766.236	0	883118	standard_tone	sapo_probe	standard	n/a	n/a	n/a	n/a	n/a
1767.234	0	883617	standard_tone	sapo_probe	standard	n/a	n/a	n/a	n/a	n/a
1767.368	0	883684	silence_end	sapo_probe	silence-end	n/a	n/a	n/a	n/a	n/a
1767.368	0	883684	gong_begin	sapo_probe	gong-begin	n/a	n/a	n/a	n/a	n/a
1777.560	0	888780	gong_end	sapo_probe	gong-end	n/a	n/a	n/a	n/a	n/a
1777.562	0	888781	subblock_end	sapo_probe	subblock-end-duration-117.055	n/a	n/a	n/a	117.055	n/a
1777.562	0	888781	subblock_begin	sapo_probe	subblock-begin	n/a	n/a	n/a	n/a	n/a
1777.562	0	888781	silence_begin	sapo_probe	silence-begin	n/a	n/a	n/a	n/a	n/a
1777.562	0	888781	distractor_noise	sapo_probe	distractor	n/a	n/a	n/a	n/a	n/a
1778.576	0	889288	standard_tone	sapo_probe	standard	n/a	n/a	n/a	n/a	n/a
1779.592	0	889796	standard_tone	sapo_probe	standard	n/a	n/a	n/a	n/a	n/a
1780.606	0	890303	standard_tone	sapo_probe	standard	n/a	n/a	n/a	n/a	n/a
1781.622	0	890811	standard_tone	sapo_probe	standard	n/a	n/a	n/a	n/a	n/a
1782.638	0	891319	standard_tone	sapo_probe	standard	n/a	n/a	n/a	n/a	n/a
1783.654	0	891827	standard_tone	sapo_probe	standard	n/a	n/a	n/a	n/a	n/a
1784.670	0	892335	distractor_noise	sapo_probe	distractor	n/a	n/a	n/a	n/a	n/a
1785.670	0	892835	standard_tone	sapo_probe	standard	n/a	n/a	n/a	n/a	n/a
1786.686	0	893343	standard_tone	sapo_probe	standard	n/a	n/a	n/a	n/a	n/a
1787.702	0	893851	oddball_tone	sapo_probe	oddball	n/a	n/a	n/a	n/a	n/a
1788.716	0	894358	standard_tone	sapo_probe	standard	n/a	n/a	n/a	n/a	n/a
1789.732	0	894866	standard_tone	sapo_probe	standard	n/a	n/a	n/a	n/a	n/a
1790.748	0	895374	standard_tone	sapo_probe	standard	n/a	n/a	n/a	n/a	n/a
1791.764	0	895882	standard_tone	sapo_probe	standard	n/a	n/a	n/a	n/a	n/a
1792.780	0	896390	standard_tone	sapo_probe	standard	n/a	n/a	n/a	n/a	n/a
1793.796	0	896898	distractor_noise	sapo_probe	distractor	n/a	n/a	n/a	n/a	n/a
1794.812	0	897406	standard_tone	sapo_probe	standard	n/a	n/a	n/a	n/a	n/a
1795.828	0	897914	standard_tone	sapo_probe	standard	n/a	n/a	n/a	n/a	n/a
1796.828	0	898414	standard_tone	sapo_probe	standard	n/a	n/a	n/a	n/a	n/a
1797.842	0	898921	standard_tone	sapo_probe	standard	n/a	n/a	n/a	n/a	n/a
1798.858	0	899429	standard_tone	sapo_probe	standard	n/a	n/a	n/a	n/a	n/a
1799.874	0	899937	standard_tone	sapo_probe	standard	n/a	n/a	n/a	n/a	n/a
1800.874	0	900437	standard_tone	sapo_probe	standard	n/a	n/a	n/a	n/a	n/a
1801.890	0	900945	oddball_tone	sapo_probe	oddball	n/a	n/a	n/a	n/a	n/a
1802.890	0	901445	standard_tone	sapo_probe	standard	n/a	n/a	n/a	n/a	n/a
1803.904	0	901952	oddball_tone	sapo_probe	oddball	n/a	n/a	n/a	n/a	n/a
1804.920	0	902460	distractor_noise	sapo_probe	distractor	n/a	n/a	n/a	n/a	n/a
1805.936	0	902968	standard_tone	sapo_probe	standard	n/a	n/a	n/a	n/a	n/a
1806.952	0	903476	standard_tone	sapo_probe	standard	n/a	n/a	n/a	n/a	n/a
1807.968	0	903984	standard_tone	sapo_probe	standard	n/a	n/a	n/a	n/a	n/a
1808.984	0	904492	distractor_noise	sapo_probe	distractor	n/a	n/a	n/a	n/a	n/a
1809.998	0	904999	standard_tone	sapo_probe	standard	n/a	n/a	n/a	n/a	n/a
1811.000	0	905500	standard_tone	sapo_probe	standard	n/a	n/a	n/a	n/a	n/a
1812.014	0	906007	oddball_tone	sapo_probe	oddball	n/a	n/a	n/a	n/a	n/a
1813.030	0	906515	standard_tone	sapo_probe	standard	n/a	n/a	n/a	n/a	n/a
1814.046	0	907023	distractor_noise	sapo_probe	distractor	n/a	n/a	n/a	n/a	n/a
1815.062	0	907531	standard_tone	sapo_probe	standard	n/a	n/a	n/a	n/a	n/a
1816.078	0	908039	standard_tone	sapo_probe	standard	n/a	n/a	n/a	n/a	n/a
1817.094	0	908547	standard_tone	sapo_probe	standard	n/a	n/a	n/a	n/a	n/a
1818.110	0	909055	standard_tone	sapo_probe	standard	n/a	n/a	n/a	n/a	n/a
1818.810	0	909405	prompt_window_begin	sapo_probe	probe-sapo-probe-begin	n/a	n/a	n/a	n/a	n/a
1826.102	0	913051	clicker_press	sapo_probe	response-received-arrow_up	n/a	n/a	n/a	n/a	arrow_up
1826.668	0	913334	clicker_press	sapo_probe	response-received-arrow_up	n/a	n/a	n/a	n/a	arrow_up
1827.168	0	913584	clicker_press	sapo_probe	response-received-arrow_up	n/a	n/a	n/a	n/a	arrow_up
1827.836	0	913918	depth_rating	sapo_probe	rating-sapo-probe-meditation_depth-3	3	n/a	n/a	n/a	n/a
1834.714	0	917357	clicker_press	sapo_probe	response-received-arrow_up	n/a	n/a	n/a	n/a	arrow_up
1835.362	0	917681	clicker_press	sapo_probe	response-received-arrow_up	n/a	n/a	n/a	n/a	arrow_up
1835.930	0	917965	clicker_press	sapo_probe	response-received-arrow_up	n/a	n/a	n/a	n/a	arrow_up
1837.878	0	918939	confidence_rating	sapo_probe	rating-sapo-probe-confidence_depth-3	n/a	3	n/a	n/a	n/a
1841.374	0	920687	prompt_window_end	sapo_probe	probe-sapo-probe-end	n/a	n/a	n/a	n/a	n/a
1841.374	0	920687	standard_tone	sapo_probe	standard	n/a	n/a	n/a	n/a	n/a
1842.424	0	921212	distractor_noise	sapo_probe	distractor	n/a	n/a	n/a	n/a	n/a
1843.438	0	921719	oddball_tone	sapo_probe	oddball	n/a	n/a	n/a	n/a	n/a
1844.454	0	922227	standard_tone	sapo_probe	standard	n/a	n/a	n/a	n/a	n/a
1845.470	0	922735	standard_tone	sapo_probe	standard	n/a	n/a	n/a	n/a	n/a
1846.486	0	923243	standard_tone	sapo_probe	standard	n/a	n/a	n/a	n/a	n/a
1847.502	0	923751	standard_tone	sapo_probe	standard	n/a	n/a	n/a	n/a	n/a
1848.518	0	924259	standard_tone	sapo_probe	standard	n/a	n/a	n/a	n/a	n/a
1849.534	0	924767	standard_tone	sapo_probe	standard	n/a	n/a	n/a	n/a	n/a
1850.548	0	925274	distractor_noise	sapo_probe	distractor	n/a	n/a	n/a	n/a	n/a
1851.564	0	925782	standard_tone	sapo_probe	standard	n/a	n/a	n/a	n/a	n/a
1852.564	0	926282	oddball_tone	sapo_probe	oddball	n/a	n/a	n/a	n/a	n/a
1853.580	0	926790	standard_tone	sapo_probe	standard	n/a	n/a	n/a	n/a	n/a
1854.596	0	927298	standard_tone	sapo_probe	standard	n/a	n/a	n/a	n/a	n/a
1855.612	0	927806	standard_tone	sapo_probe	standard	n/a	n/a	n/a	n/a	n/a
1856.628	0	928314	standard_tone	sapo_probe	standard	n/a	n/a	n/a	n/a	n/a
1857.626	0	928813	standard_tone	sapo_probe	standard	n/a	n/a	n/a	n/a	n/a
1858.642	0	929321	standard_tone	sapo_probe	standard	n/a	n/a	n/a	n/a	n/a
1859.658	0	929829	standard_tone	sapo_probe	standard	n/a	n/a	n/a	n/a	n/a
1860.674	0	930337	standard_tone	sapo_probe	standard	n/a	n/a	n/a	n/a	n/a
1861.690	0	930845	standard_tone	sapo_probe	standard	n/a	n/a	n/a	n/a	n/a
1862.706	0	931353	standard_tone	sapo_probe	standard	n/a	n/a	n/a	n/a	n/a
1863.722	0	931861	standard_tone	sapo_probe	standard	n/a	n/a	n/a	n/a	n/a
1864.738	0	932369	distractor_noise	sapo_probe	distractor	n/a	n/a	n/a	n/a	n/a
1865.752	0	932876	standard_tone	sapo_probe	standard	n/a	n/a	n/a	n/a	n/a
1866.768	0	933384	oddball_tone	sapo_probe	oddball	n/a	n/a	n/a	n/a	n/a
1867.768	0	933884	standard_tone	sapo_probe	standard	n/a	n/a	n/a	n/a	n/a
1868.784	0	934392	standard_tone	sapo_probe	standard	n/a	n/a	n/a	n/a	n/a
1869.800	0	934900	standard_tone	sapo_probe	standard	n/a	n/a	n/a	n/a	n/a
1870.816	0	935408	standard_tone	sapo_probe	standard	n/a	n/a	n/a	n/a	n/a
1871.832	0	935916	standard_tone	sapo_probe	standard	n/a	n/a	n/a	n/a	n/a
1872.848	0	936424	standard_tone	sapo_probe	standard	n/a	n/a	n/a	n/a	n/a
1873.862	0	936931	standard_tone	sapo_probe	standard	n/a	n/a	n/a	n/a	n/a
1874.878	0	937439	distractor_noise	sapo_probe	distractor	n/a	n/a	n/a	n/a	n/a
1875.894	0	937947	standard_tone	sapo_probe	standard	n/a	n/a	n/a	n/a	n/a
1876.910	0	938455	standard_tone	sapo_probe	standard	n/a	n/a	n/a	n/a	n/a
1877.926	0	938963	oddball_tone	sapo_probe	oddball	n/a	n/a	n/a	n/a	n/a
1878.942	0	939471	standard_tone	sapo_probe	standard	n/a	n/a	n/a	n/a	n/a
1879.958	0	939979	standard_tone	sapo_probe	standard	n/a	n/a	n/a	n/a	n/a
1880.974	0	940487	standard_tone	sapo_probe	standard	n/a	n/a	n/a	n/a	n/a
1881.990	0	940995	distractor_noise	sapo_probe	distractor	n/a	n/a	n/a	n/a	n/a
1882.988	0	941494	standard_tone	sapo_probe	standard	n/a	n/a	n/a	n/a	n/a
1884.004	0	942002	standard_tone	sapo_probe	standard	n/a	n/a	n/a	n/a	n/a
1885.020	0	942510	standard_tone	sapo_probe	standard	n/a	n/a	n/a	n/a	n/a
1886.036	0	943018	standard_tone	sapo_probe	standard	n/a	n/a	n/a	n/a	n/a
1887.052	0	943526	standard_tone	sapo_probe	standard	n/a	n/a	n/a	n/a	n/a
1888.068	0	944034	standard_tone	sapo_probe	standard	n/a	n/a	n/a	n/a	n/a
1889.084	0	944542	standard_tone	sapo_probe	standard	n/a	n/a	n/a	n/a	n/a
1890.100	0	945050	standard_tone	sapo_probe	standard	n/a	n/a	n/a	n/a	n/a
1891.116	0	945558	standard_tone	sapo_probe	standard	n/a	n/a	n/a	n/a	n/a
1892.132	0	946066	standard_tone	sapo_probe	standard	n/a	n/a	n/a	n/a	n/a
1893.130	0	946565	standard_tone	sapo_probe	standard	n/a	n/a	n/a	n/a	n/a
1894.146	0	947073	standard_tone	sapo_probe	standard	n/a	n/a	n/a	n/a	n/a
1895.162	0	947581	standard_tone	sapo_probe	standard	n/a	n/a	n/a	n/a	n/a
1896.178	0	948089	standard_tone	sapo_probe	standard	n/a	n/a	n/a	n/a	n/a
1897.194	0	948597	distractor_noise	sapo_probe	distractor	n/a	n/a	n/a	n/a	n/a
1898.210	0	949105	standard_tone	sapo_probe	standard	n/a	n/a	n/a	n/a	n/a
1899.226	0	949613	standard_tone	sapo_probe	standard	n/a	n/a	n/a	n/a	n/a
1900.242	0	950121	oddball_tone	sapo_probe	oddball	n/a	n/a	n/a	n/a	n/a
1901.258	0	950629	standard_tone	sapo_probe	standard	n/a	n/a	n/a	n/a	n/a
1902.272	0	951136	standard_tone	sapo_probe	standard	n/a	n/a	n/a	n/a	n/a
1903.288	0	951644	standard_tone	sapo_probe	standard	n/a	n/a	n/a	n/a	n/a
1904.288	0	952144	standard_tone	sapo_probe	standard	n/a	n/a	n/a	n/a	n/a
1905.304	0	952652	standard_tone	sapo_probe	standard	n/a	n/a	n/a	n/a	n/a
1906.320	0	953160	oddball_tone	sapo_probe	oddball	n/a	n/a	n/a	n/a	n/a
1907.336	0	953668	standard_tone	sapo_probe	standard	n/a	n/a	n/a	n/a	n/a
1908.352	0	954176	standard_tone	sapo_probe	standard	n/a	n/a	n/a	n/a	n/a
1909.366	0	954683	distractor_noise	sapo_probe	distractor	n/a	n/a	n/a	n/a	n/a
1910.382	0	955191	standard_tone	sapo_probe	standard	n/a	n/a	n/a	n/a	n/a
1911.398	0	955699	standard_tone	sapo_probe	standard	n/a	n/a	n/a	n/a	n/a
1912.414	0	956207	oddball_tone	sapo_probe	oddball	n/a	n/a	n/a	n/a	n/a
1913.230	0	956615	silence_end	sapo_probe	silence-end	n/a	n/a	n/a	n/a	n/a
1913.232	0	956616	gong_begin	sapo_probe	gong-begin	n/a	n/a	n/a	n/a	n/a
1923.322	0	961661	gong_end	sapo_probe	gong-end	n/a	n/a	n/a	n/a	n/a
1923.324	0	961662	subblock_end	sapo_probe	subblock-end-duration-145.763	n/a	n/a	n/a	145.763	n/a
1923.324	0	961662	subblock_begin	sapo_probe	subblock-begin	n/a	n/a	n/a	n/a	n/a
1923.324	0	961662	silence_begin	sapo_probe	silence-begin	n/a	n/a	n/a	n/a	n/a
1923.326	0	961663	standard_tone	sapo_probe	standard	n/a	n/a	n/a	n/a	n/a
1924.338	0	962169	standard_tone	sapo_probe	standard	n/a	n/a	n/a	n/a	n/a
1925.354	0	962677	standard_tone	sapo_probe	standard	n/a	n/a	n/a	n/a	n/a
1926.354	0	963177	standard_tone	sapo_probe	standard	n/a	n/a	n/a	n/a	n/a
1927.368	0	963684	standard_tone	sapo_probe	standard	n/a	n/a	n/a	n/a	n/a
1928.384	0	964192	standard_tone	sapo_probe	standard	n/a	n/a	n/a	n/a	n/a
1929.400	0	964700	standard_tone	sapo_probe	standard	n/a	n/a	n/a	n/a	n/a
1930.400	0	965200	standard_tone	sapo_probe	standard	n/a	n/a	n/a	n/a	n/a
1931.416	0	965708	standard_tone	sapo_probe	standard	n/a	n/a	n/a	n/a	n/a
1932.432	0	966216	standard_tone	sapo_probe	standard	n/a	n/a	n/a	n/a	n/a
1933.448	0	966724	standard_tone	sapo_probe	standard	n/a	n/a	n/a	n/a	n/a
1934.462	0	967231	standard_tone	sapo_probe	standard	n/a	n/a	n/a	n/a	n/a
1935.478	0	967739	standard_tone	sapo_probe	standard	n/a	n/a	n/a	n/a	n/a
1936.496	0	968248	standard_tone	sapo_probe	standard	n/a	n/a	n/a	n/a	n/a
1937.510	0	968755	standard_tone	sapo_probe	standard	n/a	n/a	n/a	n/a	n/a
1938.526	0	969263	standard_tone	sapo_probe	standard	n/a	n/a	n/a	n/a	n/a
1939.542	0	969771	standard_tone	sapo_probe	standard	n/a	n/a	n/a	n/a	n/a
1940.558	0	970279	standard_tone	sapo_probe	standard	n/a	n/a	n/a	n/a	n/a
1941.574	0	970787	standard_tone	sapo_probe	standard	n/a	n/a	n/a	n/a	n/a
1942.590	0	971295	standard_tone	sapo_probe	standard	n/a	n/a	n/a	n/a	n/a
1943.606	0	971803	standard_tone	sapo_probe	standard	n/a	n/a	n/a	n/a	n/a
1944.604	0	972302	standard_tone	sapo_probe	standard	n/a	n/a	n/a	n/a	n/a
1945.620	0	972810	standard_tone	sapo_probe	standard	n/a	n/a	n/a	n/a	n/a
1946.636	0	973318	standard_tone	sapo_probe	standard	n/a	n/a	n/a	n/a	n/a
1947.652	0	973826	standard_tone	sapo_probe	standard	n/a	n/a	n/a	n/a	n/a
1948.668	0	974334	oddball_tone	sapo_probe	oddball	n/a	n/a	n/a	n/a	n/a
1949.668	0	974834	standard_tone	sapo_probe	standard	n/a	n/a	n/a	n/a	n/a
1950.682	0	975341	standard_tone	sapo_probe	standard	n/a	n/a	n/a	n/a	n/a
1951.698	0	975849	standard_tone	sapo_probe	standard	n/a	n/a	n/a	n/a	n/a
1952.714	0	976357	standard_tone	sapo_probe	standard	n/a	n/a	n/a	n/a	n/a
1953.730	0	976865	distractor_noise	sapo_probe	distractor	n/a	n/a	n/a	n/a	n/a
1954.746	0	977373	standard_tone	sapo_probe	standard	n/a	n/a	n/a	n/a	n/a
1955.762	0	977881	standard_tone	sapo_probe	standard	n/a	n/a	n/a	n/a	n/a
1956.778	0	978389	standard_tone	sapo_probe	standard	n/a	n/a	n/a	n/a	n/a
1957.794	0	978897	standard_tone	sapo_probe	standard	n/a	n/a	n/a	n/a	n/a
1958.810	0	979405	standard_tone	sapo_probe	standard	n/a	n/a	n/a	n/a	n/a
1959.826	0	979913	standard_tone	sapo_probe	standard	n/a	n/a	n/a	n/a	n/a
1960.840	0	980420	standard_tone	sapo_probe	standard	n/a	n/a	n/a	n/a	n/a
1961.856	0	980928	standard_tone	sapo_probe	standard	n/a	n/a	n/a	n/a	n/a
1962.856	0	981428	standard_tone	sapo_probe	standard	n/a	n/a	n/a	n/a	n/a
1963.872	0	981936	standard_tone	sapo_probe	standard	n/a	n/a	n/a	n/a	n/a
1964.888	0	982444	oddball_tone	sapo_probe	oddball	n/a	n/a	n/a	n/a	n/a
1965.904	0	982952	standard_tone	sapo_probe	standard	n/a	n/a	n/a	n/a	n/a
1966.920	0	983460	standard_tone	sapo_probe	standard	n/a	n/a	n/a	n/a	n/a
1967.934	0	983967	oddball_tone	sapo_probe	oddball	n/a	n/a	n/a	n/a	n/a
1968.950	0	984475	standard_tone	sapo_probe	standard	n/a	n/a	n/a	n/a	n/a
1969.966	0	984983	standard_tone	sapo_probe	standard	n/a	n/a	n/a	n/a	n/a
1970.982	0	985491	standard_tone	sapo_probe	standard	n/a	n/a	n/a	n/a	n/a
1971.998	0	985999	standard_tone	sapo_probe	standard	n/a	n/a	n/a	n/a	n/a
1973.028	0	986514	standard_tone	sapo_probe	standard	n/a	n/a	n/a	n/a	n/a
1974.030	0	987015	standard_tone	sapo_probe	standard	n/a	n/a	n/a	n/a	n/a
1975.046	0	987523	standard_tone	sapo_probe	standard	n/a	n/a	n/a	n/a	n/a
1976.062	0	988031	standard_tone	sapo_probe	standard	n/a	n/a	n/a	n/a	n/a
1977.078	0	988539	distractor_noise	sapo_probe	distractor	n/a	n/a	n/a	n/a	n/a
1978.094	0	989047	standard_tone	sapo_probe	standard	n/a	n/a	n/a	n/a	n/a
1979.108	0	989554	standard_tone	sapo_probe	standard	n/a	n/a	n/a	n/a	n/a
1980.108	0	990054	oddball_tone	sapo_probe	oddball	n/a	n/a	n/a	n/a	n/a
1981.124	0	990562	distractor_noise	sapo_probe	distractor	n/a	n/a	n/a	n/a	n/a
1982.140	0	991070	oddball_tone	sapo_probe	oddball	n/a	n/a	n/a	n/a	n/a
1983.156	0	991578	standard_tone	sapo_probe	standard	n/a	n/a	n/a	n/a	n/a
1984.172	0	992086	standard_tone	sapo_probe	standard	n/a	n/a	n/a	n/a	n/a
1985.188	0	992594	standard_tone	sapo_probe	standard	n/a	n/a	n/a	n/a	n/a
1986.204	0	993102	standard_tone	sapo_probe	standard	n/a	n/a	n/a	n/a	n/a
1987.220	0	993610	oddball_tone	sapo_probe	oddball	n/a	n/a	n/a	n/a	n/a
1988.234	0	994117	standard_tone	sapo_probe	standard	n/a	n/a	n/a	n/a	n/a
1989.250	0	994625	standard_tone	sapo_probe	standard	n/a	n/a	n/a	n/a	n/a
1990.266	0	995133	standard_tone	sapo_probe	standard	n/a	n/a	n/a	n/a	n/a
1991.282	0	995641	oddball_tone	sapo_probe	oddball	n/a	n/a	n/a	n/a	n/a
1992.298	0	996149	standard_tone	sapo_probe	standard	n/a	n/a	n/a	n/a	n/a
1993.314	0	996657	standard_tone	sapo_probe	standard	n/a	n/a	n/a	n/a	n/a
1994.330	0	997165	distractor_noise	sapo_probe	distractor	n/a	n/a	n/a	n/a	n/a
1995.346	0	997673	standard_tone	sapo_probe	standard	n/a	n/a	n/a	n/a	n/a
1996.362	0	998181	standard_tone	sapo_probe	standard	n/a	n/a	n/a	n/a	n/a
1997.378	0	998689	standard_tone	sapo_probe	standard	n/a	n/a	n/a	n/a	n/a
1998.376	0	999188	standard_tone	sapo_probe	standard	n/a	n/a	n/a	n/a	n/a
1999.392	0	999696	standard_tone	sapo_probe	standard	n/a	n/a	n/a	n/a	n/a
2000.408	0	1000204	standard_tone	sapo_probe	standard	n/a	n/a	n/a	n/a	n/a
2001.424	0	1000712	standard_tone	sapo_probe	standard	n/a	n/a	n/a	n/a	n/a
2002.440	0	1001220	standard_tone	sapo_probe	standard	n/a	n/a	n/a	n/a	n/a
2003.456	0	1001728	standard_tone	sapo_probe	standard	n/a	n/a	n/a	n/a	n/a
2004.472	0	1002236	standard_tone	sapo_probe	standard	n/a	n/a	n/a	n/a	n/a
2005.488	0	1002744	standard_tone	sapo_probe	standard	n/a	n/a	n/a	n/a	n/a
2006.486	0	1003243	standard_tone	sapo_probe	standard	n/a	n/a	n/a	n/a	n/a
2007.502	0	1003751	standard_tone	sapo_probe	standard	n/a	n/a	n/a	n/a	n/a
2008.502	0	1004251	standard_tone	sapo_probe	standard	n/a	n/a	n/a	n/a	n/a
2009.518	0	1004759	standard_tone	sapo_probe	standard	n/a	n/a	n/a	n/a	n/a
2010.518	0	1005259	standard_tone	sapo_probe	standard	n/a	n/a	n/a	n/a	n/a
2011.532	0	1005766	standard_tone	sapo_probe	standard	n/a	n/a	n/a	n/a	n/a
2012.548	0	1006274	oddball_tone	sapo_probe	oddball	n/a	n/a	n/a	n/a	n/a
2013.564	0	1006782	distractor_noise	sapo_probe	distractor	n/a	n/a	n/a	n/a	n/a
2014.580	0	1007290	oddball_tone	sapo_probe	oddball	n/a	n/a	n/a	n/a	n/a
2015.596	0	1007798	distractor_noise	sapo_probe	distractor	n/a	n/a	n/a	n/a	n/a
2016.612	0	1008306	standard_tone	sapo_probe	standard	n/a	n/a	n/a	n/a	n/a
2017.628	0	1008814	standard_tone	sapo_probe	standard	n/a	n/a	n/a	n/a	n/a
2018.644	0	1009322	standard_tone	sapo_probe	standard	n/a	n/a	n/a	n/a	n/a
2019.658	0	1009829	standard_tone	sapo_probe	standard	n/a	n/a	n/a	n/a	n/a
2020.658	0	1010329	oddball_tone	sapo_probe	oddball	n/a	n/a	n/a	n/a	n/a
2021.674	0	1010837	standard_tone	sapo_probe	standard	n/a	n/a	n/a	n/a	n/a
2022.690	0	1011345	distractor_noise	sapo_probe	distractor	n/a	n/a	n/a	n/a	n/a
2023.706	0	1011853	standard_tone	sapo_probe	standard	n/a	n/a	n/a	n/a	n/a
2024.720	0	1012360	oddball_tone	sapo_probe	oddball	n/a	n/a	n/a	n/a	n/a
2024.956	0	1012478	silence_end	sapo_probe	silence-end	n/a	n/a	n/a	n/a	n/a
2024.956	0	1012478	gong_begin	sapo_probe	gong-begin	n/a	n/a	n/a	n/a	n/a
2035.130	0	1017565	gong_end	sapo_probe	gong-end	n/a	n/a	n/a	n/a	n/a
2035.130	0	1017565	subblock_end	sapo_probe	subblock-end-duration-111.806	n/a	n/a	n/a	111.806	n/a
2035.132	0	1017566	subblock_begin	sapo_probe	subblock-begin	n/a	n/a	n/a	n/a	n/a
2035.132	0	1017566	silence_begin	sapo_probe	silence-begin	n/a	n/a	n/a	n/a	n/a
2035.132	0	1017566	prompt_window_begin	sapo_probe	probe-sapo-probe-begin	n/a	n/a	n/a	n/a	n/a
2041.608	0	1020804	clicker_press	sapo_probe	response-received-arrow_up	n/a	n/a	n/a	n/a	arrow_up
2042.140	0	1021070	clicker_press	sapo_probe	response-received-arrow_up	n/a	n/a	n/a	n/a	arrow_up
2042.708	0	1021354	clicker_press	sapo_probe	response-received-arrow_up	n/a	n/a	n/a	n/a	arrow_up
2044.156	0	1022078	depth_rating	sapo_probe	rating-sapo-probe-meditation_depth-3	3	n/a	n/a	n/a	n/a
2047.286	0	1023643	clicker_press	sapo_probe	response-received-arrow_up	n/a	n/a	n/a	n/a	arrow_up
2047.786	0	1023893	clicker_press	sapo_probe	response-received-arrow_up	n/a	n/a	n/a	n/a	arrow_up
2048.218	0	1024109	clicker_press	sapo_probe	response-received-arrow_up	n/a	n/a	n/a	n/a	arrow_up
2048.620	0	1024310	clicker_press	sapo_probe	response-received-arrow_up	n/a	n/a	n/a	n/a	arrow_up
2048.918	0	1024459	clicker_press	sapo_probe	response-received-arrow_up	n/a	n/a	n/a	n/a	arrow_up
2054.198	0	1027099	confidence_rating	sapo_probe	rating-sapo-probe-confidence_depth-5	n/a	5	n/a	n/a	n/a
2057.778	0	1028889	prompt_window_end	sapo_probe	probe-sapo-probe-end	n/a	n/a	n/a	n/a	n/a
2057.780	0	1028890	standard_tone	sapo_probe	standard	n/a	n/a	n/a	n/a	n/a
2058.794	0	1029397	standard_tone	sapo_probe	standard	n/a	n/a	n/a	n/a	n/a
2059.810	0	1029905	oddball_tone	sapo_probe	oddball	n/a	n/a	n/a	n/a	n/a
2060.826	0	1030413	standard_tone	sapo_probe	standard	n/a	n/a	n/a	n/a	n/a
2061.842	0	1030921	oddball_tone	sapo_probe	oddball	n/a	n/a	n/a	n/a	n/a
2062.856	0	1031428	standard_tone	sapo_probe	standard	n/a	n/a	n/a	n/a	n/a
2063.872	0	1031936	oddball_tone	sapo_probe	oddball	n/a	n/a	n/a	n/a	n/a
2064.888	0	1032444	standard_tone	sapo_probe	standard	n/a	n/a	n/a	n/a	n/a
2065.904	0	1032952	standard_tone	sapo_probe	standard	n/a	n/a	n/a	n/a	n/a
2066.920	0	1033460	standard_tone	sapo_probe	standard	n/a	n/a	n/a	n/a	n/a
2067.936	0	1033968	standard_tone	sapo_probe	standard	n/a	n/a	n/a	n/a	n/a
2068.952	0	1034476	standard_tone	sapo_probe	standard	n/a	n/a	n/a	n/a	n/a
2069.968	0	1034984	oddball_tone	sapo_probe	oddball	n/a	n/a	n/a	n/a	n/a
2070.984	0	1035492	standard_tone	sapo_probe	standard	n/a	n/a	n/a	n/a	n/a
2072.000	0	1036000	standard_tone	sapo_probe	standard	n/a	n/a	n/a	n/a	n/a
2073.016	0	1036508	distractor_noise	sapo_probe	distractor	n/a	n/a	n/a	n/a	n/a
2074.030	0	1037015	standard_tone	sapo_probe	standard	n/a	n/a	n/a	n/a	n/a
2075.046	0	1037523	standard_tone	sapo_probe	standard	n/a	n/a	n/a	n/a	n/a
2076.062	0	1038031	oddball_tone	sapo_probe	oddball	n/a	n/a	n/a	n/a	n/a
2077.078	0	1038539	standard_tone	sapo_probe	standard	n/a	n/a	n/a	n/a	n/a
2078.094	0	1039047	standard_tone	sapo_probe	standard	n/a	n/a	n/a	n/a	n/a
2079.110	0	1039555	standard_tone	sapo_probe	standard	n/a	n/a	n/a	n/a	n/a
2080.126	0	1040063	oddball_tone	sapo_probe	oddball	n/a	n/a	n/a	n/a	n/a
2081.142	0	1040571	distractor_noise	sapo_probe	distractor	n/a	n/a	n/a	n/a	n/a
2082.158	0	1041079	standard_tone	sapo_probe	standard	n/a	n/a	n/a	n/a	n/a
2083.172	0	1041586	standard_tone	sapo_probe	standard	n/a	n/a	n/a	n/a	n/a
2084.188	0	1042094	standard_tone	sapo_probe	standard	n/a	n/a	n/a	n/a	n/a
2085.204	0	1042602	standard_tone	sapo_probe	standard	n/a	n/a	n/a	n/a	n/a
2086.220	0	1043110	standard_tone	sapo_probe	standard	n/a	n/a	n/a	n/a	n/a
2087.236	0	1043618	standard_tone	sapo_probe	standard	n/a	n/a	n/a	n/a	n/a
2088.252	0	1044126	standard_tone	sapo_probe	standard	n/a	n/a	n/a	n/a	n/a
2089.268	0	1044634	standard_tone	sapo_probe	standard	n/a	n/a	n/a	n/a	n/a
2090.284	0	1045142	standard_tone	sapo_probe	standard	n/a	n/a	n/a	n/a	n/a
2091.300	0	1045650	standard_tone	sapo_probe	standard	n/a	n/a	n/a	n/a	n/a
2092.316	0	1046158	standard_tone	sapo_probe	standard	n/a	n/a	n/a	n/a	n/a
2093.332	0	1046666	standard_tone	sapo_probe	standard	n/a	n/a	n/a	n/a	n/a
2094.348	0	1047174	standard_tone	sapo_probe	standard	n/a	n/a	n/a	n/a	n/a
2095.364	0	1047682	standard_tone	sapo_probe	standard	n/a	n/a	n/a	n/a	n/a
2096.378	0	1048189	standard_tone	sapo_probe	standard	n/a	n/a	n/a	n/a	n/a
2097.394	0	1048697	standard_tone	sapo_probe	standard	n/a	n/a	n/a	n/a	n/a
2098.410	0	1049205	standard_tone	sapo_probe	standard	n/a	n/a	n/a	n/a	n/a
2099.426	0	1049713	standard_tone	sapo_probe	standard	n/a	n/a	n/a	n/a	n/a
2100.442	0	1050221	standard_tone	sapo_probe	standard	n/a	n/a	n/a	n/a	n/a
2101.458	0	1050729	standard_tone	sapo_probe	standard	n/a	n/a	n/a	n/a	n/a
2102.456	0	1051228	standard_tone	sapo_probe	standard	n/a	n/a	n/a	n/a	n/a
2103.474	0	1051737	distractor_noise	sapo_probe	distractor	n/a	n/a	n/a	n/a	n/a
2104.488	0	1052244	standard_tone	sapo_probe	standard	n/a	n/a	n/a	n/a	n/a
2105.504	0	1052752	standard_tone	sapo_probe	standard	n/a	n/a	n/a	n/a	n/a
2106.520	0	1053260	standard_tone	sapo_probe	standard	n/a	n/a	n/a	n/a	n/a
2107.536	0	1053768	standard_tone	sapo_probe	standard	n/a	n/a	n/a	n/a	n/a
2108.552	0	1054276	standard_tone	sapo_probe	standard	n/a	n/a	n/a	n/a	n/a
2109.568	0	1054784	distractor_noise	sapo_probe	distractor	n/a	n/a	n/a	n/a	n/a
2110.584	0	1055292	standard_tone	sapo_probe	standard	n/a	n/a	n/a	n/a	n/a
2111.600	0	1055800	standard_tone	sapo_probe	standard	n/a	n/a	n/a	n/a	n/a
2112.598	0	1056299	standard_tone	sapo_probe	standard	n/a	n/a	n/a	n/a	n/a
2113.630	0	1056815	standard_tone	sapo_probe	standard	n/a	n/a	n/a	n/a	n/a
2114.646	0	1057323	standard_tone	sapo_probe	standard	n/a	n/a	n/a	n/a	n/a
2115.662	0	1057831	oddball_tone	sapo_probe	oddball	n/a	n/a	n/a	n/a	n/a
2116.678	0	1058339	standard_tone	sapo_probe	standard	n/a	n/a	n/a	n/a	n/a
2117.694	0	1058847	standard_tone	sapo_probe	standard	n/a	n/a	n/a	n/a	n/a
2118.710	0	1059355	standard_tone	sapo_probe	standard	n/a	n/a	n/a	n/a	n/a
2119.726	0	1059863	standard_tone	sapo_probe	standard	n/a	n/a	n/a	n/a	n/a
2120.742	0	1060371	distractor_noise	sapo_probe	distractor	n/a	n/a	n/a	n/a	n/a
2121.758	0	1060879	standard_tone	sapo_probe	standard	n/a	n/a	n/a	n/a	n/a
2122.774	0	1061387	standard_tone	sapo_probe	standard	n/a	n/a	n/a	n/a	n/a
2123.772	0	1061886	standard_tone	sapo_probe	standard	n/a	n/a	n/a	n/a	n/a
2124.788	0	1062394	distractor_noise	sapo_probe	distractor	n/a	n/a	n/a	n/a	n/a
2125.804	0	1062902	standard_tone	sapo_probe	standard	n/a	n/a	n/a	n/a	n/a
2126.820	0	1063410	standard_tone	sapo_probe	standard	n/a	n/a	n/a	n/a	n/a
2127.836	0	1063918	oddball_tone	sapo_probe	oddball	n/a	n/a	n/a	n/a	n/a
2128.852	0	1064426	standard_tone	sapo_probe	standard	n/a	n/a	n/a	n/a	n/a
2129.868	0	1064934	standard_tone	sapo_probe	standard	n/a	n/a	n/a	n/a	n/a
2130.884	0	1065442	standard_tone	sapo_probe	standard	n/a	n/a	n/a	n/a	n/a
2131.900	0	1065950	standard_tone	sapo_probe	standard	n/a	n/a	n/a	n/a	n/a
2132.916	0	1066458	oddball_tone	sapo_probe	oddball	n/a	n/a	n/a	n/a	n/a
2133.932	0	1066966	distractor_noise	sapo_probe	distractor	n/a	n/a	n/a	n/a	n/a
2134.948	0	1067474	oddball_tone	sapo_probe	oddball	n/a	n/a	n/a	n/a	n/a
2135.962	0	1067981	standard_tone	sapo_probe	standard	n/a	n/a	n/a	n/a	n/a
2136.978	0	1068489	standard_tone	sapo_probe	standard	n/a	n/a	n/a	n/a	n/a
2137.994	0	1068997	standard_tone	sapo_probe	standard	n/a	n/a	n/a	n/a	n/a
2139.010	0	1069505	standard_tone	sapo_probe	standard	n/a	n/a	n/a	n/a	n/a
2140.026	0	1070013	oddball_tone	sapo_probe	oddball	n/a	n/a	n/a	n/a	n/a
2141.042	0	1070521	distractor_noise	sapo_probe	distractor	n/a	n/a	n/a	n/a	n/a
2142.058	0	1071029	standard_tone	sapo_probe	standard	n/a	n/a	n/a	n/a	n/a
2143.074	0	1071537	oddball_tone	sapo_probe	oddball	n/a	n/a	n/a	n/a	n/a
2144.090	0	1072045	standard_tone	sapo_probe	standard	n/a	n/a	n/a	n/a	n/a
2145.106	0	1072553	standard_tone	sapo_probe	standard	n/a	n/a	n/a	n/a	n/a
2146.122	0	1073061	oddball_tone	sapo_probe	oddball	n/a	n/a	n/a	n/a	n/a
2147.138	0	1073569	distractor_noise	sapo_probe	distractor	n/a	n/a	n/a	n/a	n/a
2148.152	0	1074076	standard_tone	sapo_probe	standard	n/a	n/a	n/a	n/a	n/a
2149.168	0	1074584	standard_tone	sapo_probe	standard	n/a	n/a	n/a	n/a	n/a
2150.184	0	1075092	standard_tone	sapo_probe	standard	n/a	n/a	n/a	n/a	n/a
2151.200	0	1075600	standard_tone	sapo_probe	standard	n/a	n/a	n/a	n/a	n/a
2152.216	0	1076108	standard_tone	sapo_probe	standard	n/a	n/a	n/a	n/a	n/a
2153.216	0	1076608	standard_tone	sapo_probe	standard	n/a	n/a	n/a	n/a	n/a
2154.230	0	1077115	standard_tone	sapo_probe	standard	n/a	n/a	n/a	n/a	n/a
2155.246	0	1077623	oddball_tone	sapo_probe	oddball	n/a	n/a	n/a	n/a	n/a
2156.262	0	1078131	standard_tone	sapo_probe	standard	n/a	n/a	n/a	n/a	n/a
2157.262	0	1078631	standard_tone	sapo_probe	standard	n/a	n/a	n/a	n/a	n/a
2158.278	0	1079139	distractor_noise	sapo_probe	distractor	n/a	n/a	n/a	n/a	n/a
2159.294	0	1079647	standard_tone	sapo_probe	standard	n/a	n/a	n/a	n/a	n/a
2160.310	0	1080155	oddball_tone	sapo_probe	oddball	n/a	n/a	n/a	n/a	n/a
2161.324	0	1080662	standard_tone	sapo_probe	standard	n/a	n/a	n/a	n/a	n/a
2162.340	0	1081170	standard_tone	sapo_probe	standard	n/a	n/a	n/a	n/a	n/a
2163.356	0	1081678	standard_tone	sapo_probe	standard	n/a	n/a	n/a	n/a	n/a
2164.372	0	1082186	standard_tone	sapo_probe	standard	n/a	n/a	n/a	n/a	n/a
2165.388	0	1082694	distractor_noise	sapo_probe	distractor	n/a	n/a	n/a	n/a	n/a
2166.404	0	1083202	standard_tone	sapo_probe	standard	n/a	n/a	n/a	n/a	n/a
2167.404	0	1083702	standard_tone	sapo_probe	standard	n/a	n/a	n/a	n/a	n/a
2168.418	0	1084209	standard_tone	sapo_probe	standard	n/a	n/a	n/a	n/a	n/a
2169.434	0	1084717	distractor_noise	sapo_probe	distractor	n/a	n/a	n/a	n/a	n/a
2170.434	0	1085217	standard_tone	sapo_probe	standard	n/a	n/a	n/a	n/a	n/a
2171.450	0	1085725	standard_tone	sapo_probe	standard	n/a	n/a	n/a	n/a	n/a
2172.466	0	1086233	standard_tone	sapo_probe	standard	n/a	n/a	n/a	n/a	n/a
2173.482	0	1086741	standard_tone	sapo_probe	standard	n/a	n/a	n/a	n/a	n/a
2174.498	0	1087249	distractor_noise	sapo_probe	distractor	n/a	n/a	n/a	n/a	n/a
2175.514	0	1087757	standard_tone	sapo_probe	standard	n/a	n/a	n/a	n/a	n/a
2176.530	0	1088265	standard_tone	sapo_probe	standard	n/a	n/a	n/a	n/a	n/a
2177.544	0	1088772	standard_tone	sapo_probe	standard	n/a	n/a	n/a	n/a	n/a
2178.560	0	1089280	distractor_noise	sapo_probe	distractor	n/a	n/a	n/a	n/a	n/a
2179.576	0	1089788	standard_tone	sapo_probe	standard	n/a	n/a	n/a	n/a	n/a
2180.592	0	1090296	standard_tone	sapo_probe	standard	n/a	n/a	n/a	n/a	n/a
2181.608	0	1090804	distractor_noise	sapo_probe	distractor	n/a	n/a	n/a	n/a	n/a
2182.624	0	1091312	standard_tone	sapo_probe	standard	n/a	n/a	n/a	n/a	n/a
2183.640	0	1091820	standard_tone	sapo_probe	standard	n/a	n/a	n/a	n/a	n/a
2184.656	0	1092328	standard_tone	sapo_probe	standard	n/a	n/a	n/a	n/a	n/a
2185.672	0	1092836	standard_tone	sapo_probe	standard	n/a	n/a	n/a	n/a	n/a
2186.686	0	1093343	standard_tone	sapo_probe	standard	n/a	n/a	n/a	n/a	n/a
2187.186	0	1093593	silence_end	sapo_probe	silence-end	n/a	n/a	n/a	n/a	n/a
2187.188	0	1093594	gong_begin	sapo_probe	gong-begin	n/a	n/a	n/a	n/a	n/a
2197.312	0	1098656	gong_end	sapo_probe	gong-end	n/a	n/a	n/a	n/a	n/a
2197.314	0	1098657	subblock_end	sapo_probe	subblock-end-duration-162.183	n/a	n/a	n/a	162.183	n/a
2197.314	0	1098657	subblock_begin	sapo_probe	subblock-begin	n/a	n/a	n/a	n/a	n/a
2197.314	0	1098657	silence_begin	sapo_probe	silence-begin	n/a	n/a	n/a	n/a	n/a
2197.314	0	1098657	standard_tone	sapo_probe	standard	n/a	n/a	n/a	n/a	n/a
2198.328	0	1099164	standard_tone	sapo_probe	standard	n/a	n/a	n/a	n/a	n/a
2199.344	0	1099672	standard_tone	sapo_probe	standard	n/a	n/a	n/a	n/a	n/a
2200.342	0	1100171	standard_tone	sapo_probe	standard	n/a	n/a	n/a	n/a	n/a
2201.358	0	1100679	standard_tone	sapo_probe	standard	n/a	n/a	n/a	n/a	n/a
2202.374	0	1101187	standard_tone	sapo_probe	standard	n/a	n/a	n/a	n/a	n/a
2203.390	0	1101695	standard_tone	sapo_probe	standard	n/a	n/a	n/a	n/a	n/a
2204.406	0	1102203	oddball_tone	sapo_probe	oddball	n/a	n/a	n/a	n/a	n/a
2205.406	0	1102703	standard_tone	sapo_probe	standard	n/a	n/a	n/a	n/a	n/a
2206.420	0	1103210	oddball_tone	sapo_probe	oddball	n/a	n/a	n/a	n/a	n/a
2207.436	0	1103718	standard_tone	sapo_probe	standard	n/a	n/a	n/a	n/a	n/a
2208.452	0	1104226	standard_tone	sapo_probe	standard	n/a	n/a	n/a	n/a	n/a
2209.468	0	1104734	standard_tone	sapo_probe	standard	n/a	n/a	n/a	n/a	n/a
2210.484	0	1105242	standard_tone	sapo_probe	standard	n/a	n/a	n/a	n/a	n/a
2211.500	0	1105750	standard_tone	sapo_probe	standard	n/a	n/a	n/a	n/a	n/a
2212.516	0	1106258	standard_tone	sapo_probe	standard	n/a	n/a	n/a	n/a	n/a
2213.532	0	1106766	standard_tone	sapo_probe	standard	n/a	n/a	n/a	n/a	n/a
2214.548	0	1107274	standard_tone	sapo_probe	standard	n/a	n/a	n/a	n/a	n/a
2215.562	0	1107781	standard_tone	sapo_probe	standard	n/a	n/a	n/a	n/a	n/a
2216.580	0	1108290	standard_tone	sapo_probe	standard	n/a	n/a	n/a	n/a	n/a
2217.594	0	1108797	standard_tone	sapo_probe	standard	n/a	n/a	n/a	n/a	n/a
2218.610	0	1109305	oddball_tone	sapo_probe	oddball	n/a	n/a	n/a	n/a	n/a
2219.628	0	1109814	standard_tone	sapo_probe	standard	n/a	n/a	n/a	n/a	n/a
2220.642	0	1110321	standard_tone	sapo_probe	standard	n/a	n/a	n/a	n/a	n/a
2221.658	0	1110829	standard_tone	sapo_probe	standard	n/a	n/a	n/a	n/a	n/a
2222.674	0	1111337	distractor_noise	sapo_probe	distractor	n/a	n/a	n/a	n/a	n/a
2223.690	0	1111845	standard_tone	sapo_probe	standard	n/a	n/a	n/a	n/a	n/a
2224.706	0	1112353	standard_tone	sapo_probe	standard	n/a	n/a	n/a	n/a	n/a
2225.722	0	1112861	standard_tone	sapo_probe	standard	n/a	n/a	n/a	n/a	n/a
2226.738	0	1113369	oddball_tone	sapo_probe	oddball	n/a	n/a	n/a	n/a	n/a
2227.754	0	1113877	standard_tone	sapo_probe	standard	n/a	n/a	n/a	n/a	n/a
2228.768	0	1114384	standard_tone	sapo_probe	standard	n/a	n/a	n/a	n/a	n/a
2229.784	0	1114892	standard_tone	sapo_probe	standard	n/a	n/a	n/a	n/a	n/a
2230.800	0	1115400	standard_tone	sapo_probe	standard	n/a	n/a	n/a	n/a	n/a
2231.816	0	1115908	standard_tone	sapo_probe	standard	n/a	n/a	n/a	n/a	n/a
2232.816	0	1116408	standard_tone	sapo_probe	standard	n/a	n/a	n/a	n/a	n/a
2233.832	0	1116916	distractor_noise	sapo_probe	distractor	n/a	n/a	n/a	n/a	n/a
2234.848	0	1117424	oddball_tone	sapo_probe	oddball	n/a	n/a	n/a	n/a	n/a
2235.864	0	1117932	standard_tone	sapo_probe	standard	n/a	n/a	n/a	n/a	n/a
2236.880	0	1118440	oddball_tone	sapo_probe	oddball	n/a	n/a	n/a	n/a	n/a
2237.894	0	1118947	standard_tone	sapo_probe	standard	n/a	n/a	n/a	n/a	n/a
2238.896	0	1119448	standard_tone	sapo_probe	standard	n/a	n/a	n/a	n/a	n/a
2239.910	0	1119955	standard_tone	sapo_probe	standard	n/a	n/a	n/a	n/a	n/a
2240.926	0	1120463	standard_tone	sapo_probe	standard	n/a	n/a	n/a	n/a	n/a
2241.942	0	1120971	oddball_tone	sapo_probe	oddball	n/a	n/a	n/a	n/a	n/a
2242.958	0	1121479	standard_tone	sapo_probe	standard	n/a	n/a	n/a	n/a	n/a
2243.974	0	1121987	oddball_tone	sapo_probe	oddball	n/a	n/a	n/a	n/a	n/a
2244.990	0	1122495	standard_tone	sapo_probe	standard	n/a	n/a	n/a	n/a	n/a
2246.004	0	1123002	standard_tone	sapo_probe	standard	n/a	n/a	n/a	n/a	n/a
2247.020	0	1123510	standard_tone	sapo_probe	standard	n/a	n/a	n/a	n/a	n/a
2248.036	0	1124018	standard_tone	sapo_probe	standard	n/a	n/a	n/a	n/a	n/a
2249.052	0	1124526	standard_tone	sapo_probe	standard	n/a	n/a	n/a	n/a	n/a
2250.068	0	1125034	standard_tone	sapo_probe	standard	n/a	n/a	n/a	n/a	n/a
2251.084	0	1125542	distractor_noise	sapo_probe	distractor	n/a	n/a	n/a	n/a	n/a
2252.100	0	1126050	standard_tone	sapo_probe	standard	n/a	n/a	n/a	n/a	n/a
2253.116	0	1126558	standard_tone	sapo_probe	standard	n/a	n/a	n/a	n/a	n/a
2254.132	0	1127066	standard_tone	sapo_probe	standard	n/a	n/a	n/a	n/a	n/a
2255.148	0	1127574	oddball_tone	sapo_probe	oddball	n/a	n/a	n/a	n/a	n/a
2256.162	0	1128081	distractor_noise	sapo_probe	distractor	n/a	n/a	n/a	n/a	n/a
2257.178	0	1128589	standard_tone	sapo_probe	standard	n/a	n/a	n/a	n/a	n/a
2258.194	0	1129097	distractor_noise	sapo_probe	distractor	n/a	n/a	n/a	n/a	n/a
2259.210	0	1129605	standard_tone	sapo_probe	standard	n/a	n/a	n/a	n/a	n/a
2260.226	0	1130113	standard_tone	sapo_probe	standard	n/a	n/a	n/a	n/a	n/a
2261.242	0	1130621	standard_tone	sapo_probe	standard	n/a	n/a	n/a	n/a	n/a
2262.258	0	1131129	standard_tone	sapo_probe	standard	n/a	n/a	n/a	n/a	n/a
2263.258	0	1131629	standard_tone	sapo_probe	standard	n/a	n/a	n/a	n/a	n/a
2264.272	0	1132136	distractor_noise	sapo_probe	distractor	n/a	n/a	n/a	n/a	n/a
2265.272	0	1132636	oddball_tone	sapo_probe	oddball	n/a	n/a	n/a	n/a	n/a
2266.288	0	1133144	distractor_noise	sapo_probe	distractor	n/a	n/a	n/a	n/a	n/a
2267.304	0	1133652	standard_tone	sapo_probe	standard	n/a	n/a	n/a	n/a	n/a
2268.320	0	1134160	standard_tone	sapo_probe	standard	n/a	n/a	n/a	n/a	n/a
2269.336	0	1134668	standard_tone	sapo_probe	standard	n/a	n/a	n/a	n/a	n/a
2270.350	0	1135175	distractor_noise	sapo_probe	distractor	n/a	n/a	n/a	n/a	n/a
2271.368	0	1135684	standard_tone	sapo_probe	standard	n/a	n/a	n/a	n/a	n/a
2272.384	0	1136192	standard_tone	sapo_probe	standard	n/a	n/a	n/a	n/a	n/a
2273.398	0	1136699	standard_tone	sapo_probe	standard	n/a	n/a	n/a	n/a	n/a
2274.414	0	1137207	oddball_tone	sapo_probe	oddball	n/a	n/a	n/a	n/a	n/a
2275.414	0	1137707	distractor_noise	sapo_probe	distractor	n/a	n/a	n/a	n/a	n/a
2276.430	0	1138215	standard_tone	sapo_probe	standard	n/a	n/a	n/a	n/a	n/a
2277.446	0	1138723	standard_tone	sapo_probe	standard	n/a	n/a	n/a	n/a	n/a
2278.462	0	1139231	distractor_noise	sapo_probe	distractor	n/a	n/a	n/a	n/a	n/a
2279.476	0	1139738	standard_tone	sapo_probe	standard	n/a	n/a	n/a	n/a	n/a
2280.476	0	1140238	oddball_tone	sapo_probe	oddball	n/a	n/a	n/a	n/a	n/a
2281.492	0	1140746	standard_tone	sapo_probe	standard	n/a	n/a	n/a	n/a	n/a
2282.508	0	1141254	standard_tone	sapo_probe	standard	n/a	n/a	n/a	n/a	n/a
2283.524	0	1141762	standard_tone	sapo_probe	standard	n/a	n/a	n/a	n/a	n/a
2284.540	0	1142270	standard_tone	sapo_probe	standard	n/a	n/a	n/a	n/a	n/a
2285.558	0	1142779	standard_tone	sapo_probe	standard	n/a	n/a	n/a	n/a	n/a
2286.572	0	1143286	standard_tone	sapo_probe	standard	n/a	n/a	n/a	n/a	n/a
2287.588	0	1143794	standard_tone	sapo_probe	standard	n/a	n/a	n/a	n/a	n/a
2288.602	0	1144301	standard_tone	sapo_probe	standard	n/a	n/a	n/a	n/a	n/a
2289.620	0	1144810	standard_tone	sapo_probe	standard	n/a	n/a	n/a	n/a	n/a
2290.634	0	1145317	distractor_noise	sapo_probe	distractor	n/a	n/a	n/a	n/a	n/a
2290.834	0	1145417	prompt_window_begin	sapo_probe	probe-sapo-probe-begin	n/a	n/a	n/a	n/a	n/a
2295.814	0	1147907	clicker_press	sapo_probe	response-received-arrow_up	n/a	n/a	n/a	n/a	arrow_up
2296.062	0	1148031	clicker_press	sapo_probe	response-received-arrow_up	n/a	n/a	n/a	n/a	arrow_up
2299.844	0	1149922	depth_rating	sapo_probe	rating-sapo-probe-meditation_depth-2	2	n/a	n/a	n/a	n/a
2304.058	0	1152029	clicker_press	sapo_probe	response-received-arrow_up	n/a	n/a	n/a	n/a	arrow_up
2304.290	0	1152145	clicker_press	sapo_probe	response-received-arrow_up	n/a	n/a	n/a	n/a	arrow_up
2304.540	0	1152270	clicker_press	sapo_probe	response-received-arrow_up	n/a	n/a	n/a	n/a	arrow_up
2309.918	0	1154959	confidence_rating	sapo_probe	rating-sapo-probe-confidence_depth-3	n/a	3	n/a	n/a	n/a
2313.450	0	1156725	prompt_window_end	sapo_probe	probe-sapo-probe-end	n/a	n/a	n/a	n/a	n/a
2313.466	0	1156733	standard_tone	sapo_probe	standard	n/a	n/a	n/a	n/a	n/a
2314.510	0	1157255	standard_tone	sapo_probe	standard	n/a	n/a	n/a	n/a	n/a
2315.514	0	1157757	oddball_tone	sapo_probe	oddball	n/a	n/a	n/a	n/a	n/a
2316.530	0	1158265	standard_tone	sapo_probe	standard	n/a	n/a	n/a	n/a	n/a
2317.544	0	1158772	standard_tone	sapo_probe	standard	n/a	n/a	n/a	n/a	n/a
2318.562	0	1159281	standard_tone	sapo_probe	standard	n/a	n/a	n/a	n/a	n/a
2319.578	0	1159789	standard_tone	sapo_probe	standard	n/a	n/a	n/a	n/a	n/a
2320.596	0	1160298	standard_tone	sapo_probe	standard	n/a	n/a	n/a	n/a	n/a
2321.608	0	1160804	standard_tone	sapo_probe	standard	n/a	n/a	n/a	n/a	n/a
2322.608	0	1161304	standard_tone	sapo_probe	standard	n/a	n/a	n/a	n/a	n/a
2323.624	0	1161812	oddball_tone	sapo_probe	oddball	n/a	n/a	n/a	n/a	n/a
2324.640	0	1162320	standard_tone	sapo_probe	standard	n/a	n/a	n/a	n/a	n/a
2325.656	0	1162828	standard_tone	sapo_probe	standard	n/a	n/a	n/a	n/a	n/a
2326.672	0	1163336	standard_tone	sapo_probe	standard	n/a	n/a	n/a	n/a	n/a
2326.888	0	1163444	silence_end	sapo_probe	silence-end	n/a	n/a	n/a	n/a	n/a
2326.890	0	1163445	subblock_end	sapo_probe	subblock-end-duration-129.576	n/a	n/a	n/a	129.576	n/a
2326.890	0	1163445	subblock_begin	sapo_probe	subblock-begin	n/a	n/a	n/a	n/a	n/a
2326.892	0	1163446	silence_begin	sapo_probe	silence-begin	n/a	n/a	n/a	n/a	n/a
2327.688	0	1163844	standard_tone	sapo_probe	standard	n/a	n/a	n/a	n/a	n/a
2328.704	0	1164352	standard_tone	sapo_probe	standard	n/a	n/a	n/a	n/a	n/a
2329.718	0	1164859	standard_tone	sapo_probe	standard	n/a	n/a	n/a	n/a	n/a
2330.734	0	1165367	standard_tone	sapo_probe	standard	n/a	n/a	n/a	n/a	n/a
2331.750	0	1165875	standard_tone	sapo_probe	standard	n/a	n/a	n/a	n/a	n/a
2332.766	0	1166383	standard_tone	sapo_probe	standard	n/a	n/a	n/a	n/a	n/a
2333.782	0	1166891	standard_tone	sapo_probe	standard	n/a	n/a	n/a	n/a	n/a
2334.798	0	1167399	distractor_noise	sapo_probe	distractor	n/a	n/a	n/a	n/a	n/a
2335.814	0	1167907	standard_tone	sapo_probe	standard	n/a	n/a	n/a	n/a	n/a
2336.830	0	1168415	standard_tone	sapo_probe	standard	n/a	n/a	n/a	n/a	n/a
2337.846	0	1168923	standard_tone	sapo_probe	standard	n/a	n/a	n/a	n/a	n/a
2338.844	0	1169422	oddball_tone	sapo_probe	oddball	n/a	n/a	n/a	n/a	n/a
2339.860	0	1169930	standard_tone	sapo_probe	standard	n/a	n/a	n/a	n/a	n/a
2340.876	0	1170438	standard_tone	sapo_probe	standard	n/a	n/a	n/a	n/a	n/a
2341.892	0	1170946	standard_tone	sapo_probe	standard	n/a	n/a	n/a	n/a	n/a
2342.908	0	1171454	standard_tone	sapo_probe	standard	n/a	n/a	n/a	n/a	n/a
2343.924	0	1171962	standard_tone	sapo_probe	standard	n/a	n/a	n/a	n/a	n/a
2344.940	0	1172470	standard_tone	sapo_probe	standard	n/a	n/a	n/a	n/a	n/a
2345.956	0	1172978	standard_tone	sapo_probe	standard	n/a	n/a	n/a	n/a	n/a
2346.972	0	1173486	standard_tone	sapo_probe	standard	n/a	n/a	n/a	n/a	n/a
2347.988	0	1173994	standard_tone	sapo_probe	standard	n/a	n/a	n/a	n/a	n/a
2349.002	0	1174501	standard_tone	sapo_probe	standard	n/a	n/a	n/a	n/a	n/a
2350.002	0	1175001	standard_tone	sapo_probe	standard	n/a	n/a	n/a	n/a	n/a
2351.018	0	1175509	standard_tone	sapo_probe	standard	n/a	n/a	n/a	n/a	n/a
2352.034	0	1176017	standard_tone	sapo_probe	standard	n/a	n/a	n/a	n/a	n/a
2353.050	0	1176525	standard_tone	sapo_probe	standard	n/a	n/a	n/a	n/a	n/a
2354.066	0	1177033	distractor_noise	sapo_probe	distractor	n/a	n/a	n/a	n/a	n/a
2355.080	0	1177540	standard_tone	sapo_probe	standard	n/a	n/a	n/a	n/a	n/a
2356.080	0	1178040	standard_tone	sapo_probe	standard	n/a	n/a	n/a	n/a	n/a
2357.096	0	1178548	standard_tone	sapo_probe	standard	n/a	n/a	n/a	n/a	n/a
2358.112	0	1179056	standard_tone	sapo_probe	standard	n/a	n/a	n/a	n/a	n/a
2359.128	0	1179564	oddball_tone	sapo_probe	oddball	n/a	n/a	n/a	n/a	n/a
2360.144	0	1180072	standard_tone	sapo_probe	standard	n/a	n/a	n/a	n/a	n/a
2361.160	0	1180580	standard_tone	sapo_probe	standard	n/a	n/a	n/a	n/a	n/a
2362.176	0	1181088	standard_tone	sapo_probe	standard	n/a	n/a	n/a	n/a	n/a
2363.192	0	1181596	distractor_noise	sapo_probe	distractor	n/a	n/a	n/a	n/a	n/a
2364.206	0	1182103	standard_tone	sapo_probe	standard	n/a	n/a	n/a	n/a	n/a
2365.224	0	1182612	standard_tone	sapo_probe	standard	n/a	n/a	n/a	n/a	n/a
2366.224	0	1183112	oddball_tone	sapo_probe	oddball	n/a	n/a	n/a	n/a	n/a
2367.238	0	1183619	distractor_noise	sapo_probe	distractor	n/a	n/a	n/a	n/a	n/a
2368.252	0	1184126	standard_tone	sapo_probe	standard	n/a	n/a	n/a	n/a	n/a
2369.270	0	1184635	oddball_tone	sapo_probe	oddball	n/a	n/a	n/a	n/a	n/a
2370.268	0	1185134	standard_tone	sapo_probe	standard	n/a	n/a	n/a	n/a	n/a
2371.284	0	1185642	standard_tone	sapo_probe	standard	n/a	n/a	n/a	n/a	n/a
2372.300	0	1186150	standard_tone	sapo_probe	standard	n/a	n/a	n/a	n/a	n/a
2373.316	0	1186658	standard_tone	sapo_probe	standard	n/a	n/a	n/a	n/a	n/a
2374.332	0	1187166	standard_tone	sapo_probe	standard	n/a	n/a	n/a	n/a	n/a
2375.348	0	1187674	standard_tone	sapo_probe	standard	n/a	n/a	n/a	n/a	n/a
2376.364	0	1188182	standard_tone	sapo_probe	standard	n/a	n/a	n/a	n/a	n/a
2377.380	0	1188690	standard_tone	sapo_probe	standard	n/a	n/a	n/a	n/a	n/a
2378.394	0	1189197	standard_tone	sapo_probe	standard	n/a	n/a	n/a	n/a	n/a
2379.410	0	1189705	standard_tone	sapo_probe	standard	n/a	n/a	n/a	n/a	n/a
2380.426	0	1190213	oddball_tone	sapo_probe	oddball	n/a	n/a	n/a	n/a	n/a
2381.442	0	1190721	distractor_noise	sapo_probe	distractor	n/a	n/a	n/a	n/a	n/a
2382.458	0	1191229	standard_tone	sapo_probe	standard	n/a	n/a	n/a	n/a	n/a
2383.474	0	1191737	standard_tone	sapo_probe	standard	n/a	n/a	n/a	n/a	n/a
2384.490	0	1192245	standard_tone	sapo_probe	standard	n/a	n/a	n/a	n/a	n/a
2385.506	0	1192753	standard_tone	sapo_probe	standard	n/a	n/a	n/a	n/a	n/a
2386.522	0	1193261	standard_tone	sapo_probe	standard	n/a	n/a	n/a	n/a	n/a
2387.538	0	1193769	standard_tone	sapo_probe	standard	n/a	n/a	n/a	n/a	n/a
2388.554	0	1194277	standard_tone	sapo_probe	standard	n/a	n/a	n/a	n/a	n/a
2389.570	0	1194785	standard_tone	sapo_probe	standard	n/a	n/a	n/a	n/a	n/a
2390.584	0	1195292	oddball_tone	sapo_probe	oddball	n/a	n/a	n/a	n/a	n/a
2391.600	0	1195800	distractor_noise	sapo_probe	distractor	n/a	n/a	n/a	n/a	n/a
2392.616	0	1196308	standard_tone	sapo_probe	standard	n/a	n/a	n/a	n/a	n/a
2393.632	0	1196816	standard_tone	sapo_probe	standard	n/a	n/a	n/a	n/a	n/a
2394.648	0	1197324	standard_tone	sapo_probe	standard	n/a	n/a	n/a	n/a	n/a
2395.664	0	1197832	standard_tone	sapo_probe	standard	n/a	n/a	n/a	n/a	n/a
2396.664	0	1198332	standard_tone	sapo_probe	standard	n/a	n/a	n/a	n/a	n/a
2397.678	0	1198839	distractor_noise	sapo_probe	distractor	n/a	n/a	n/a	n/a	n/a
2398.696	0	1199348	standard_tone	sapo_probe	standard	n/a	n/a	n/a	n/a	n/a
2399.710	0	1199855	standard_tone	sapo_probe	standard	n/a	n/a	n/a	n/a	n/a
2400.726	0	1200363	standard_tone	sapo_probe	standard	n/a	n/a	n/a	n/a	n/a
2401.742	0	1200871	oddball_tone	sapo_probe	oddball	n/a	n/a	n/a	n/a	n/a
2402.758	0	1201379	standard_tone	sapo_probe	standard	n/a	n/a	n/a	n/a	n/a
2403.774	0	1201887	oddball_tone	sapo_probe	oddball	n/a	n/a	n/a	n/a	n/a
2404.774	0	1202387	standard_tone	sapo_probe	standard	n/a	n/a	n/a	n/a	n/a
2405.788	0	1202894	standard_tone	sapo_probe	standard	n/a	n/a	n/a	n/a	n/a
2406.790	0	1203395	standard_tone	sapo_probe	standard	n/a	n/a	n/a	n/a	n/a
2407.804	0	1203902	standard_tone	sapo_probe	standard	n/a	n/a	n/a	n/a	n/a
2408.820	0	1204410	standard_tone	sapo_probe	standard	n/a	n/a	n/a	n/a	n/a
2409.836	0	1204918	standard_tone	sapo_probe	standard	n/a	n/a	n/a	n/a	n/a
2410.852	0	1205426	standard_tone	sapo_probe	standard	n/a	n/a	n/a	n/a	n/a
2411.868	0	1205934	distractor_noise	sapo_probe	distractor	n/a	n/a	n/a	n/a	n/a
2412.884	0	1206442	standard_tone	sapo_probe	standard	n/a	n/a	n/a	n/a	n/a
2413.900	0	1206950	standard_tone	sapo_probe	standard	n/a	n/a	n/a	n/a	n/a
2414.916	0	1207458	standard_tone	sapo_probe	standard	n/a	n/a	n/a	n/a	n/a
2415.930	0	1207965	standard_tone	sapo_probe	standard	n/a	n/a	n/a	n/a	n/a
2416.946	0	1208473	standard_tone	sapo_probe	standard	n/a	n/a	n/a	n/a	n/a
2417.962	0	1208981	oddball_tone	sapo_probe	oddball	n/a	n/a	n/a	n/a	n/a
2418.978	0	1209489	standard_tone	sapo_probe	standard	n/a	n/a	n/a	n/a	n/a
2419.994	0	1209997	standard_tone	sapo_probe	standard	n/a	n/a	n/a	n/a	n/a
2421.010	0	1210505	distractor_noise	sapo_probe	distractor	n/a	n/a	n/a	n/a	n/a
2422.026	0	1211013	standard_tone	sapo_probe	standard	n/a	n/a	n/a	n/a	n/a
2423.040	0	1211520	standard_tone	sapo_probe	standard	n/a	n/a	n/a	n/a	n/a
2424.040	0	1212020	standard_tone	sapo_probe	standard	n/a	n/a	n/a	n/a	n/a
2425.042	0	1212521	oddball_tone	sapo_probe	oddball	n/a	n/a	n/a	n/a	n/a
2426.056	0	1213028	standard_tone	sapo_probe	standard	n/a	n/a	n/a	n/a	n/a
2427.072	0	1213536	standard_tone	sapo_probe	standard	n/a	n/a	n/a	n/a	n/a
2428.088	0	1214044	oddball_tone	sapo_probe	oddball	n/a	n/a	n/a	n/a	n/a
2429.104	0	1214552	standard_tone	sapo_probe	standard	n/a	n/a	n/a	n/a	n/a
2429.836	0	1214918	silence_end	sapo_probe	silence-end	n/a	n/a	n/a	n/a	n/a
2429.836	0	1214918	gong_begin	sapo_probe	gong-begin	n/a	n/a	n/a	n/a	n/a
2440.128	0	1220064	gong_end	sapo_probe	gong-end	n/a	n/a	n/a	n/a	n/a
2440.130	0	1220065	subblock_end	sapo_probe	subblock-end-duration-113.238	n/a	n/a	n/a	113.238	n/a
2440.130	0	1220065	subblock_begin	sapo_probe	subblock-begin	n/a	n/a	n/a	n/a	n/a
2440.130	0	1220065	silence_begin	sapo_probe	silence-begin	n/a	n/a	n/a	n/a	n/a
2440.130	0	1220065	standard_tone	sapo_probe	standard	n/a	n/a	n/a	n/a	n/a
2441.144	0	1220572	standard_tone	sapo_probe	standard	n/a	n/a	n/a	n/a	n/a
2442.160	0	1221080	standard_tone	sapo_probe	standard	n/a	n/a	n/a	n/a	n/a
2443.176	0	1221588	standard_tone	sapo_probe	standard	n/a	n/a	n/a	n/a	n/a
2444.190	0	1222095	distractor_noise	sapo_probe	distractor	n/a	n/a	n/a	n/a	n/a
2445.190	0	1222595	standard_tone	sapo_probe	standard	n/a	n/a	n/a	n/a	n/a
2446.206	0	1223103	standard_tone	sapo_probe	standard	n/a	n/a	n/a	n/a	n/a
2447.222	0	1223611	standard_tone	sapo_probe	standard	n/a	n/a	n/a	n/a	n/a
2448.238	0	1224119	standard_tone	sapo_probe	standard	n/a	n/a	n/a	n/a	n/a
2449.254	0	1224627	oddball_tone	sapo_probe	oddball	n/a	n/a	n/a	n/a	n/a
2450.268	0	1225134	standard_tone	sapo_probe	standard	n/a	n/a	n/a	n/a	n/a
2451.284	0	1225642	standard_tone	sapo_probe	standard	n/a	n/a	n/a	n/a	n/a
2452.300	0	1226150	standard_tone	sapo_probe	standard	n/a	n/a	n/a	n/a	n/a
2453.316	0	1226658	standard_tone	sapo_probe	standard	n/a	n/a	n/a	n/a	n/a
2454.316	0	1227158	standard_tone	sapo_probe	standard	n/a	n/a	n/a	n/a	n/a
2455.332	0	1227666	standard_tone	sapo_probe	standard	n/a	n/a	n/a	n/a	n/a
2456.348	0	1228174	standard_tone	sapo_probe	standard	n/a	n/a	n/a	n/a	n/a
2457.364	0	1228682	standard_tone	sapo_probe	standard	n/a	n/a	n/a	n/a	n/a
2458.380	0	1229190	oddball_tone	sapo_probe	oddball	n/a	n/a	n/a	n/a	n/a
2459.394	0	1229697	standard_tone	sapo_probe	standard	n/a	n/a	n/a	n/a	n/a
2460.412	0	1230206	standard_tone	sapo_probe	standard	n/a	n/a	n/a	n/a	n/a
2461.426	0	1230713	standard_tone	sapo_probe	standard	n/a	n/a	n/a	n/a	n/a
2462.442	0	1231221	standard_tone	sapo_probe	standard	n/a	n/a	n/a	n/a	n/a
2463.458	0	1231729	distractor_noise	sapo_probe	distractor	n/a	n/a	n/a	n/a	n/a
2464.474	0	1232237	standard_tone	sapo_probe	standard	n/a	n/a	n/a	n/a	n/a
2465.490	0	1232745	standard_tone	sapo_probe	standard	n/a	n/a	n/a	n/a	n/a
2466.506	0	1233253	standard_tone	sapo_probe	standard	n/a	n/a	n/a	n/a	n/a
2467.522	0	1233761	distractor_noise	sapo_probe	distractor	n/a	n/a	n/a	n/a	n/a
2468.538	0	1234269	standard_tone	sapo_probe	standard	n/a	n/a	n/a	n/a	n/a
2469.554	0	1234777	standard_tone	sapo_probe	standard	n/a	n/a	n/a	n/a	n/a
2470.570	0	1235285	standard_tone	sapo_probe	standard	n/a	n/a	n/a	n/a	n/a
2471.584	0	1235792	standard_tone	sapo_probe	standard	n/a	n/a	n/a	n/a	n/a
2472.584	0	1236292	standard_tone	sapo_probe	standard	n/a	n/a	n/a	n/a	n/a
2473.600	0	1236800	distractor_noise	sapo_probe	distractor	n/a	n/a	n/a	n/a	n/a
2474.616	0	1237308	standard_tone	sapo_probe	standard	n/a	n/a	n/a	n/a	n/a
2475.632	0	1237816	standard_tone	sapo_probe	standard	n/a	n/a	n/a	n/a	n/a
2476.648	0	1238324	standard_tone	sapo_probe	standard	n/a	n/a	n/a	n/a	n/a
2477.664	0	1238832	standard_tone	sapo_probe	standard	n/a	n/a	n/a	n/a	n/a
2478.680	0	1239340	standard_tone	sapo_probe	standard	n/a	n/a	n/a	n/a	n/a
2479.694	0	1239847	standard_tone	sapo_probe	standard	n/a	n/a	n/a	n/a	n/a
2480.694	0	1240347	standard_tone	sapo_probe	standard	n/a	n/a	n/a	n/a	n/a
2481.710	0	1240855	oddball_tone	sapo_probe	oddball	n/a	n/a	n/a	n/a	n/a
2482.726	0	1241363	standard_tone	sapo_probe	standard	n/a	n/a	n/a	n/a	n/a
2483.742	0	1241871	oddball_tone	sapo_probe	oddball	n/a	n/a	n/a	n/a	n/a
2484.758	0	1242379	standard_tone	sapo_probe	standard	n/a	n/a	n/a	n/a	n/a
2485.772	0	1242886	standard_tone	sapo_probe	standard	n/a	n/a	n/a	n/a	n/a
2486.790	0	1243395	standard_tone	sapo_probe	standard	n/a	n/a	n/a	n/a	n/a
2487.804	0	1243902	standard_tone	sapo_probe	standard	n/a	n/a	n/a	n/a	n/a
2488.820	0	1244410	standard_tone	sapo_probe	standard	n/a	n/a	n/a	n/a	n/a
2489.836	0	1244918	standard_tone	sapo_probe	standard	n/a	n/a	n/a	n/a	n/a
2490.852	0	1245426	standard_tone	sapo_probe	standard	n/a	n/a	n/a	n/a	n/a
2491.868	0	1245934	standard_tone	sapo_probe	standard	n/a	n/a	n/a	n/a	n/a
2492.884	0	1246442	standard_tone	sapo_probe	standard	n/a	n/a	n/a	n/a	n/a
2493.900	0	1246950	standard_tone	sapo_probe	standard	n/a	n/a	n/a	n/a	n/a
2494.916	0	1247458	distractor_noise	sapo_probe	distractor	n/a	n/a	n/a	n/a	n/a
2495.932	0	1247966	standard_tone	sapo_probe	standard	n/a	n/a	n/a	n/a	n/a
2496.946	0	1248473	oddball_tone	sapo_probe	oddball	n/a	n/a	n/a	n/a	n/a
2497.962	0	1248981	standard_tone	sapo_probe	standard	n/a	n/a	n/a	n/a	n/a
2498.978	0	1249489	standard_tone	sapo_probe	standard	n/a	n/a	n/a	n/a	n/a
2499.994	0	1249997	oddball_tone	sapo_probe	oddball	n/a	n/a	n/a	n/a	n/a
2501.010	0	1250505	standard_tone	sapo_probe	standard	n/a	n/a	n/a	n/a	n/a
2502.026	0	1251013	standard_tone	sapo_probe	standard	n/a	n/a	n/a	n/a	n/a
2503.042	0	1251521	distractor_noise	sapo_probe	distractor	n/a	n/a	n/a	n/a	n/a
2504.058	0	1252029	standard_tone	sapo_probe	standard	n/a	n/a	n/a	n/a	n/a
2505.074	0	1252537	standard_tone	sapo_probe	standard	n/a	n/a	n/a	n/a	n/a
2506.090	0	1253045	standard_tone	sapo_probe	standard	n/a	n/a	n/a	n/a	n/a
2507.106	0	1253553	standard_tone	sapo_probe	standard	n/a	n/a	n/a	n/a	n/a
2508.122	0	1254061	standard_tone	sapo_probe	standard	n/a	n/a	n/a	n/a	n/a
2509.138	0	1254569	standard_tone	sapo_probe	standard	n/a	n/a	n/a	n/a	n/a
2510.152	0	1255076	standard_tone	sapo_probe	standard	n/a	n/a	n/a	n/a	n/a
2511.168	0	1255584	distractor_noise	sapo_probe	distractor	n/a	n/a	n/a	n/a	n/a
2512.184	0	1256092	oddball_tone	sapo_probe	oddball	n/a	n/a	n/a	n/a	n/a
2513.200	0	1256600	standard_tone	sapo_probe	standard	n/a	n/a	n/a	n/a	n/a
2514.216	0	1257108	standard_tone	sapo_probe	standard	n/a	n/a	n/a	n/a	n/a
2515.232	0	1257616	standard_tone	sapo_probe	standard	n/a	n/a	n/a	n/a	n/a
2516.248	0	1258124	standard_tone	sapo_probe	standard	n/a	n/a	n/a	n/a	n/a
2517.264	0	1258632	standard_tone	sapo_probe	standard	n/a	n/a	n/a	n/a	n/a
2518.264	0	1259132	standard_tone	sapo_probe	standard	n/a	n/a	n/a	n/a	n/a
2519.278	0	1259639	standard_tone	sapo_probe	standard	n/a	n/a	n/a	n/a	n/a
2520.294	0	1260147	standard_tone	sapo_probe	standard	n/a	n/a	n/a	n/a	n/a
2521.310	0	1260655	standard_tone	sapo_probe	standard	n/a	n/a	n/a	n/a	n/a
2522.326	0	1261163	standard_tone	sapo_probe	standard	n/a	n/a	n/a	n/a	n/a
2523.326	0	1261663	standard_tone	sapo_probe	standard	n/a	n/a	n/a	n/a	n/a
2524.340	0	1262170	standard_tone	sapo_probe	standard	n/a	n/a	n/a	n/a	n/a
2525.340	0	1262670	standard_tone	sapo_probe	standard	n/a	n/a	n/a	n/a	n/a
2526.356	0	1263178	standard_tone	sapo_probe	standard	n/a	n/a	n/a	n/a	n/a
2527.372	0	1263686	standard_tone	sapo_probe	standard	n/a	n/a	n/a	n/a	n/a
2528.388	0	1264194	standard_tone	sapo_probe	standard	n/a	n/a	n/a	n/a	n/a
2529.404	0	1264702	standard_tone	sapo_probe	standard	n/a	n/a	n/a	n/a	n/a
2530.420	0	1265210	standard_tone	sapo_probe	standard	n/a	n/a	n/a	n/a	n/a
2531.434	0	1265717	oddball_tone	sapo_probe	oddball	n/a	n/a	n/a	n/a	n/a
2532.452	0	1266226	standard_tone	sapo_probe	standard	n/a	n/a	n/a	n/a	n/a
2533.468	0	1266734	oddball_tone	sapo_probe	oddball	n/a	n/a	n/a	n/a	n/a
2534.484	0	1267242	standard_tone	sapo_probe	standard	n/a	n/a	n/a	n/a	n/a
2535.498	0	1267749	distractor_noise	sapo_probe	distractor	n/a	n/a	n/a	n/a	n/a
2536.482	0	1268241	prompt_window_begin	sapo_probe	probe-sapo-probe-begin	n/a	n/a	n/a	n/a	n/a
2542.578	0	1271289	clicker_press	sapo_probe	response-received-arrow_up	n/a	n/a	n/a	n/a	arrow_up
2542.992	0	1271496	clicker_press	sapo_probe	response-received-arrow_up	n/a	n/a	n/a	n/a	arrow_up
2543.276	0	1271638	clicker_press	sapo_probe	response-received-arrow_up	n/a	n/a	n/a	n/a	arrow_up
2545.592	0	1272796	depth_rating	sapo_probe	rating-sapo-probe-meditation_depth-3	3	n/a	n/a	n/a	n/a
2548.072	0	1274036	clicker_press	sapo_probe	response-received-arrow_up	n/a	n/a	n/a	n/a	arrow_up
2548.538	0	1274269	clicker_press	sapo_probe	response-received-arrow_up	n/a	n/a	n/a	n/a	arrow_up
2549.020	0	1274510	clicker_press	sapo_probe	response-received-arrow_up	n/a	n/a	n/a	n/a	arrow_up
2549.404	0	1274702	clicker_press	sapo_probe	response-received-arrow_up	n/a	n/a	n/a	n/a	arrow_up
2555.650	0	1277825	confidence_rating	sapo_probe	rating-sapo-probe-confidence_depth-4	n/a	4	n/a	n/a	n/a
2559.162	0	1279581	prompt_window_end	sapo_probe	probe-sapo-probe-end	n/a	n/a	n/a	n/a	n/a
2559.164	0	1279582	standard_tone	sapo_probe	standard	n/a	n/a	n/a	n/a	n/a
2560.178	0	1280089	standard_tone	sapo_probe	standard	n/a	n/a	n/a	n/a	n/a
2561.194	0	1280597	standard_tone	sapo_probe	standard	n/a	n/a	n/a	n/a	n/a
2562.210	0	1281105	distractor_noise	sapo_probe	distractor	n/a	n/a	n/a	n/a	n/a
2563.226	0	1281613	standard_tone	sapo_probe	standard	n/a	n/a	n/a	n/a	n/a
2564.242	0	1282121	oddball_tone	sapo_probe	oddball	n/a	n/a	n/a	n/a	n/a
2565.256	0	1282628	standard_tone	sapo_probe	standard	n/a	n/a	n/a	n/a	n/a
2566.274	0	1283137	standard_tone	sapo_probe	standard	n/a	n/a	n/a	n/a	n/a
2567.288	0	1283644	standard_tone	sapo_probe	standard	n/a	n/a	n/a	n/a	n/a
2568.304	0	1284152	standard_tone	sapo_probe	standard	n/a	n/a	n/a	n/a	n/a
2569.304	0	1284652	distractor_noise	sapo_probe	distractor	n/a	n/a	n/a	n/a	n/a
2570.320	0	1285160	oddball_tone	sapo_probe	oddball	n/a	n/a	n/a	n/a	n/a
2571.336	0	1285668	standard_tone	sapo_probe	standard	n/a	n/a	n/a	n/a	n/a
2572.352	0	1286176	standard_tone	sapo_probe	standard	n/a	n/a	n/a	n/a	n/a
2572.584	0	1286292	silence_end	sapo_probe	silence-end	n/a	n/a	n/a	n/a	n/a
2572.584	0	1286292	subblock_end	sapo_probe	subblock-end-duration-132.454	n/a	n/a	n/a	132.454	n/a
2572.584	0	1286292	subblock_begin	sapo_probe	subblock-begin	n/a	n/a	n/a	n/a	n/a
2572.584	0	1286292	silence_begin	sapo_probe	silence-begin	n/a	n/a	n/a	n/a	n/a
2573.368	0	1286684	standard_tone	sapo_probe	standard	n/a	n/a	n/a	n/a	n/a
2574.384	0	1287192	oddball_tone	sapo_probe	oddball	n/a	n/a	n/a	n/a	n/a
2575.398	0	1287699	standard_tone	sapo_probe	standard	n/a	n/a	n/a	n/a	n/a
2576.398	0	1288199	standard_tone	sapo_probe	standard	n/a	n/a	n/a	n/a	n/a
2577.414	0	1288707	standard_tone	sapo_probe	standard	n/a	n/a	n/a	n/a	n/a
2578.412	0	1289206	standard_tone	sapo_probe	standard	n/a	n/a	n/a	n/a	n/a
2579.428	0	1289714	standard_tone	sapo_probe	standard	n/a	n/a	n/a	n/a	n/a
2580.444	0	1290222	standard_tone	sapo_probe	standard	n/a	n/a	n/a	n/a	n/a
2581.460	0	1290730	distractor_noise	sapo_probe	distractor	n/a	n/a	n/a	n/a	n/a
2582.476	0	1291238	standard_tone	sapo_probe	standard	n/a	n/a	n/a	n/a	n/a
2583.492	0	1291746	standard_tone	sapo_probe	standard	n/a	n/a	n/a	n/a	n/a
2584.492	0	1292246	standard_tone	sapo_probe	standard	n/a	n/a	n/a	n/a	n/a
2585.506	0	1292753	standard_tone	sapo_probe	standard	n/a	n/a	n/a	n/a	n/a
2586.524	0	1293262	standard_tone	sapo_probe	standard	n/a	n/a	n/a	n/a	n/a
2587.538	0	1293769	standard_tone	sapo_probe	standard	n/a	n/a	n/a	n/a	n/a
2588.554	0	1294277	oddball_tone	sapo_probe	oddball	n/a	n/a	n/a	n/a	n/a
2589.570	0	1294785	standard_tone	sapo_probe	standard	n/a	n/a	n/a	n/a	n/a
2590.586	0	1295293	standard_tone	sapo_probe	standard	n/a	n/a	n/a	n/a	n/a
2591.602	0	1295801	standard_tone	sapo_probe	standard	n/a	n/a	n/a	n/a	n/a
2592.618	0	1296309	standard_tone	sapo_probe	standard	n/a	n/a	n/a	n/a	n/a
2593.634	0	1296817	standard_tone	sapo_probe	standard	n/a	n/a	n/a	n/a	n/a
2594.634	0	1297317	standard_tone	sapo_probe	standard	n/a	n/a	n/a	n/a	n/a
2595.648	0	1297824	standard_tone	sapo_probe	standard	n/a	n/a	n/a	n/a	n/a
2596.664	0	1298332	standard_tone	sapo_probe	standard	n/a	n/a	n/a	n/a	n/a
2597.680	0	1298840	standard_tone	sapo_probe	standard	n/a	n/a	n/a	n/a	n/a
2598.696	0	1299348	standard_tone	sapo_probe	standard	n/a	n/a	n/a	n/a	n/a
2599.712	0	1299856	standard_tone	sapo_probe	standard	n/a	n/a	n/a	n/a	n/a
2600.728	0	1300364	standard_tone	sapo_probe	standard	n/a	n/a	n/a	n/a	n/a
2601.728	0	1300864	standard_tone	sapo_probe	standard	n/a	n/a	n/a	n/a	n/a
2602.742	0	1301371	standard_tone	sapo_probe	standard	n/a	n/a	n/a	n/a	n/a
2603.758	0	1301879	standard_tone	sapo_probe	standard	n/a	n/a	n/a	n/a	n/a
2604.774	0	1302387	standard_tone	sapo_probe	standard	n/a	n/a	n/a	n/a	n/a
2605.790	0	1302895	standard_tone	sapo_probe	standard	n/a	n/a	n/a	n/a	n/a
2606.790	0	1303395	standard_tone	sapo_probe	standard	n/a	n/a	n/a	n/a	n/a
2607.806	0	1303903	standard_tone	sapo_probe	standard	n/a	n/a	n/a	n/a	n/a
2608.822	0	1304411	standard_tone	sapo_probe	standard	n/a	n/a	n/a	n/a	n/a
2609.836	0	1304918	oddball_tone	sapo_probe	oddball	n/a	n/a	n/a	n/a	n/a
2610.854	0	1305427	standard_tone	sapo_probe	standard	n/a	n/a	n/a	n/a	n/a
2611.868	0	1305934	standard_tone	sapo_probe	standard	n/a	n/a	n/a	n/a	n/a
2612.868	0	1306434	standard_tone	sapo_probe	standard	n/a	n/a	n/a	n/a	n/a
2613.884	0	1306942	standard_tone	sapo_probe	standard	n/a	n/a	n/a	n/a	n/a
2614.900	0	1307450	standard_tone	sapo_probe	standard	n/a	n/a	n/a	n/a	n/a
2615.932	0	1307966	oddball_tone	sapo_probe	oddball	n/a	n/a	n/a	n/a	n/a
2616.948	0	1308474	standard_tone	sapo_probe	standard	n/a	n/a	n/a	n/a	n/a
2617.964	0	1308982	standard_tone	sapo_probe	standard	n/a	n/a	n/a	n/a	n/a
2618.980	0	1309490	standard_tone	sapo_probe	standard	n/a	n/a	n/a	n/a	n/a
2619.994	0	1309997	standard_tone	sapo_probe	standard	n/a	n/a	n/a	n/a	n/a
2621.012	0	1310506	standard_tone	sapo_probe	standard	n/a	n/a	n/a	n/a	n/a
2622.026	0	1311013	standard_tone	sapo_probe	standard	n/a	n/a	n/a	n/a	n/a
2623.026	0	1311513	standard_tone	sapo_probe	standard	n/a	n/a	n/a	n/a	n/a
2624.042	0	1312021	distractor_noise	sapo_probe	distractor	n/a	n/a	n/a	n/a	n/a
2625.058	0	1312529	oddball_tone	sapo_probe	oddball	n/a	n/a	n/a	n/a	n/a
2626.074	0	1313037	distractor_noise	sapo_probe	distractor	n/a	n/a	n/a	n/a	n/a
2627.088	0	1313544	standard_tone	sapo_probe	standard	n/a	n/a	n/a	n/a	n/a
2628.106	0	1314053	standard_tone	sapo_probe	standard	n/a	n/a	n/a	n/a	n/a
2629.122	0	1314561	standard_tone	sapo_probe	standard	n/a	n/a	n/a	n/a	n/a
2630.136	0	1315068	standard_tone	sapo_probe	standard	n/a	n/a	n/a	n/a	n/a
2631.136	0	1315568	standard_tone	sapo_probe	standard	n/a	n/a	n/a	n/a	n/a
2632.152	0	1316076	distractor_noise	sapo_probe	distractor	n/a	n/a	n/a	n/a	n/a
2633.168	0	1316584	standard_tone	sapo_probe	standard	n/a	n/a	n/a	n/a	n/a
2634.168	0	1317084	standard_tone	sapo_probe	standard	n/a	n/a	n/a	n/a	n/a
2635.182	0	1317591	standard_tone	sapo_probe	standard	n/a	n/a	n/a	n/a	n/a
2636.198	0	1318099	standard_tone	sapo_probe	standard	n/a	n/a	n/a	n/a	n/a
2637.214	0	1318607	oddball_tone	sapo_probe	oddball	n/a	n/a	n/a	n/a	n/a
2638.230	0	1319115	standard_tone	sapo_probe	standard	n/a	n/a	n/a	n/a	n/a
2639.230	0	1319615	standard_tone	sapo_probe	standard	n/a	n/a	n/a	n/a	n/a
2640.246	0	1320123	distractor_noise	sapo_probe	distractor	n/a	n/a	n/a	n/a	n/a
2641.260	0	1320630	standard_tone	sapo_probe	standard	n/a	n/a	n/a	n/a	n/a
2642.276	0	1321138	distractor_noise	sapo_probe	distractor	n/a	n/a	n/a	n/a	n/a
2643.292	0	1321646	standard_tone	sapo_probe	standard	n/a	n/a	n/a	n/a	n/a
2644.308	0	1322154	standard_tone	sapo_probe	standard	n/a	n/a	n/a	n/a	n/a
2645.324	0	1322662	standard_tone	sapo_probe	standard	n/a	n/a	n/a	n/a	n/a
2646.340	0	1323170	standard_tone	sapo_probe	standard	n/a	n/a	n/a	n/a	n/a
2647.356	0	1323678	oddball_tone	sapo_probe	oddball	n/a	n/a	n/a	n/a	n/a
2648.356	0	1324178	distractor_noise	sapo_probe	distractor	n/a	n/a	n/a	n/a	n/a
2649.370	0	1324685	standard_tone	sapo_probe	standard	n/a	n/a	n/a	n/a	n/a
2650.388	0	1325194	standard_tone	sapo_probe	standard	n/a	n/a	n/a	n/a	n/a
2651.402	0	1325701	standard_tone	sapo_probe	standard	n/a	n/a	n/a	n/a	n/a
2652.418	0	1326209	standard_tone	sapo_probe	standard	n/a	n/a	n/a	n/a	n/a
2653.434	0	1326717	standard_tone	sapo_probe	standard	n/a	n/a	n/a	n/a	n/a
2654.450	0	1327225	oddball_tone	sapo_probe	oddball	n/a	n/a	n/a	n/a	n/a
2655.466	0	1327733	standard_tone	sapo_probe	standard	n/a	n/a	n/a	n/a	n/a
2656.464	0	1328232	standard_tone	sapo_probe	standard	n/a	n/a	n/a	n/a	n/a
2657.480	0	1328740	oddball_tone	sapo_probe	oddball	n/a	n/a	n/a	n/a	n/a
2658.496	0	1329248	standard_tone	sapo_probe	standard	n/a	n/a	n/a	n/a	n/a
2659.512	0	1329756	standard_tone	sapo_probe	standard	n/a	n/a	n/a	n/a	n/a
2660.528	0	1330264	standard_tone	sapo_probe	standard	n/a	n/a	n/a	n/a	n/a
2661.544	0	1330772	standard_tone	sapo_probe	standard	n/a	n/a	n/a	n/a	n/a
2662.560	0	1331280	standard_tone	sapo_probe	standard	n/a	n/a	n/a	n/a	n/a
2663.560	0	1331780	distractor_noise	sapo_probe	distractor	n/a	n/a	n/a	n/a	n/a
2664.574	0	1332287	standard_tone	sapo_probe	standard	n/a	n/a	n/a	n/a	n/a
2665.590	0	1332795	distractor_noise	sapo_probe	distractor	n/a	n/a	n/a	n/a	n/a
2666.606	0	1333303	standard_tone	sapo_probe	standard	n/a	n/a	n/a	n/a	n/a
2667.622	0	1333811	standard_tone	sapo_probe	standard	n/a	n/a	n/a	n/a	n/a
2668.638	0	1334319	standard_tone	sapo_probe	standard	n/a	n/a	n/a	n/a	n/a
2669.654	0	1334827	standard_tone	sapo_probe	standard	n/a	n/a	n/a	n/a	n/a
2670.670	0	1335335	distractor_noise	sapo_probe	distractor	n/a	n/a	n/a	n/a	n/a
2671.686	0	1335843	standard_tone	sapo_probe	standard	n/a	n/a	n/a	n/a	n/a
2672.702	0	1336351	standard_tone	sapo_probe	standard	n/a	n/a	n/a	n/a	n/a
2673.718	0	1336859	standard_tone	sapo_probe	standard	n/a	n/a	n/a	n/a	n/a
2674.734	0	1337367	oddball_tone	sapo_probe	oddball	n/a	n/a	n/a	n/a	n/a
2675.750	0	1337875	standard_tone	sapo_probe	standard	n/a	n/a	n/a	n/a	n/a
2676.764	0	1338382	standard_tone	sapo_probe	standard	n/a	n/a	n/a	n/a	n/a
2677.764	0	1338882	distractor_noise	sapo_probe	distractor	n/a	n/a	n/a	n/a	n/a
2678.780	0	1339390	standard_tone	sapo_probe	standard	n/a	n/a	n/a	n/a	n/a
2679.780	0	1339890	standard_tone	sapo_probe	standard	n/a	n/a	n/a	n/a	n/a
2680.794	0	1340397	oddball_tone	sapo_probe	oddball	n/a	n/a	n/a	n/a	n/a
2681.810	0	1340905	standard_tone	sapo_probe	standard	n/a	n/a	n/a	n/a	n/a
2682.826	0	1341413	standard_tone	sapo_probe	standard	n/a	n/a	n/a	n/a	n/a
2683.842	0	1341921	standard_tone	sapo_probe	standard	n/a	n/a	n/a	n/a	n/a
2684.858	0	1342429	standard_tone	sapo_probe	standard	n/a	n/a	n/a	n/a	n/a
2685.874	0	1342937	distractor_noise	sapo_probe	distractor	n/a	n/a	n/a	n/a	n/a
2686.890	0	1343445	standard_tone	sapo_probe	standard	n/a	n/a	n/a	n/a	n/a
2687.322	0	1343661	silence_end	sapo_probe	silence-end	n/a	n/a	n/a	n/a	n/a
2687.324	0	1343662	gong_begin	sapo_probe	gong-begin	n/a	n/a	n/a	n/a	n/a
2697.482	0	1348741	gong_end	sapo_probe	gong-end	n/a	n/a	n/a	n/a	n/a
2697.482	0	1348741	subblock_end	sapo_probe	subblock-end-duration-124.898	n/a	n/a	n/a	124.898	n/a
2697.482	0	1348741	subblock_begin	sapo_probe	subblock-begin	n/a	n/a	n/a	n/a	n/a
2697.482	0	1348741	silence_begin	sapo_probe	silence-begin	n/a	n/a	n/a	n/a	n/a
2697.484	0	1348742	standard_tone	sapo_probe	standard	n/a	n/a	n/a	n/a	n/a
2698.498	0	1349249	standard_tone	sapo_probe	standard	n/a	n/a	n/a	n/a	n/a
2699.512	0	1349756	standard_tone	sapo_probe	standard	n/a	n/a	n/a	n/a	n/a
2700.512	0	1350256	distractor_noise	sapo_probe	distractor	n/a	n/a	n/a	n/a	n/a
2701.528	0	1350764	standard_tone	sapo_probe	standard	n/a	n/a	n/a	n/a	n/a
2702.544	0	1351272	oddball_tone	sapo_probe	oddball	n/a	n/a	n/a	n/a	n/a
2703.560	0	1351780	standard_tone	sapo_probe	standard	n/a	n/a	n/a	n/a	n/a
2704.558	0	1352279	standard_tone	sapo_probe	standard	n/a	n/a	n/a	n/a	n/a
2705.574	0	1352787	standard_tone	sapo_probe	standard	n/a	n/a	n/a	n/a	n/a
2706.590	0	1353295	standard_tone	sapo_probe	standard	n/a	n/a	n/a	n/a	n/a
2707.606	0	1353803	standard_tone	sapo_probe	standard	n/a	n/a	n/a	n/a	n/a
2708.622	0	1354311	standard_tone	sapo_probe	standard	n/a	n/a	n/a	n/a	n/a
2709.638	0	1354819	distractor_noise	sapo_probe	distractor	n/a	n/a	n/a	n/a	n/a
2710.654	0	1355327	standard_tone	sapo_probe	standard	n/a	n/a	n/a	n/a	n/a
2711.670	0	1355835	standard_tone	sapo_probe	standard	n/a	n/a	n/a	n/a	n/a
2712.668	0	1356334	standard_tone	sapo_probe	standard	n/a	n/a	n/a	n/a	n/a
2713.684	0	1356842	standard_tone	sapo_probe	standard	n/a	n/a	n/a	n/a	n/a
2714.700	0	1357350	standard_tone	sapo_probe	standard	n/a	n/a	n/a	n/a	n/a
2715.716	0	1357858	standard_tone	sapo_probe	standard	n/a	n/a	n/a	n/a	n/a
2716.732	0	1358366	standard_tone	sapo_probe	standard	n/a	n/a	n/a	n/a	n/a
2717.748	0	1358874	oddball_tone	sapo_probe	oddball	n/a	n/a	n/a	n/a	n/a
2718.764	0	1359382	distractor_noise	sapo_probe	distractor	n/a	n/a	n/a	n/a	n/a
2719.778	0	1359889	standard_tone	sapo_probe	standard	n/a	n/a	n/a	n/a	n/a
2720.794	0	1360397	standard_tone	sapo_probe	standard	n/a	n/a	n/a	n/a	n/a
2721.812	0	1360906	distractor_noise	sapo_probe	distractor	n/a	n/a	n/a	n/a	n/a
2722.826	0	1361413	standard_tone	sapo_probe	standard	n/a	n/a	n/a	n/a	n/a
2723.842	0	1361921	distractor_noise	sapo_probe	distractor	n/a	n/a	n/a	n/a	n/a
2724.858	0	1362429	standard_tone	sapo_probe	standard	n/a	n/a	n/a	n/a	n/a
2725.874	0	1362937	oddball_tone	sapo_probe	oddball	n/a	n/a	n/a	n/a	n/a
2726.874	0	1363437	standard_tone	sapo_probe	standard	n/a	n/a	n/a	n/a	n/a
2727.890	0	1363945	standard_tone	sapo_probe	standard	n/a	n/a	n/a	n/a	n/a
2728.904	0	1364452	standard_tone	sapo_probe	standard	n/a	n/a	n/a	n/a	n/a
2729.922	0	1364961	standard_tone	sapo_probe	standard	n/a	n/a	n/a	n/a	n/a
2730.936	0	1365468	standard_tone	sapo_probe	standard	n/a	n/a	n/a	n/a	n/a
2731.936	0	1365968	standard_tone	sapo_probe	standard	n/a	n/a	n/a	n/a	n/a
2732.952	0	1366476	standard_tone	sapo_probe	standard	n/a	n/a	n/a	n/a	n/a
2733.952	0	1366976	distractor_noise	sapo_probe	distractor	n/a	n/a	n/a	n/a	n/a
2734.966	0	1367483	standard_tone	sapo_probe	standard	n/a	n/a	n/a	n/a	n/a
2735.982	0	1367991	standard_tone	sapo_probe	standard	n/a	n/a	n/a	n/a	n/a
2736.998	0	1368499	standard_tone	sapo_probe	standard	n/a	n/a	n/a	n/a	n/a
2737.998	0	1368999	standard_tone	sapo_probe	standard	n/a	n/a	n/a	n/a	n/a
2739.014	0	1369507	standard_tone	sapo_probe	standard	n/a	n/a	n/a	n/a	n/a
2740.028	0	1370014	standard_tone	sapo_probe	standard	n/a	n/a	n/a	n/a	n/a
2741.044	0	1370522	distractor_noise	sapo_probe	distractor	n/a	n/a	n/a	n/a	n/a
2742.060	0	1371030	standard_tone	sapo_probe	standard	n/a	n/a	n/a	n/a	n/a
2743.076	0	1371538	standard_tone	sapo_probe	standard	n/a	n/a	n/a	n/a	n/a
2744.092	0	1372046	distractor_noise	sapo_probe	distractor	n/a	n/a	n/a	n/a	n/a
2745.092	0	1372546	standard_tone	sapo_probe	standard	n/a	n/a	n/a	n/a	n/a
2746.108	0	1373054	standard_tone	sapo_probe	standard	n/a	n/a	n/a	n/a	n/a
2747.124	0	1373562	standard_tone	sapo_probe	standard	n/a	n/a	n/a	n/a	n/a
2748.140	0	1374070	standard_tone	sapo_probe	standard	n/a	n/a	n/a	n/a	n/a
2749.156	0	1374578	standard_tone	sapo_probe	standard	n/a	n/a	n/a	n/a	n/a
2750.172	0	1375086	standard_tone	sapo_probe	standard	n/a	n/a	n/a	n/a	n/a
2751.186	0	1375593	standard_tone	sapo_probe	standard	n/a	n/a	n/a	n/a	n/a
2752.202	0	1376101	standard_tone	sapo_probe	standard	n/a	n/a	n/a	n/a	n/a
2753.218	0	1376609	standard_tone	sapo_probe	standard	n/a	n/a	n/a	n/a	n/a
2754.234	0	1377117	standard_tone	sapo_probe	standard	n/a	n/a	n/a	n/a	n/a
2755.250	0	1377625	standard_tone	sapo_probe	standard	n/a	n/a	n/a	n/a	n/a
2756.266	0	1378133	oddball_tone	sapo_probe	oddball	n/a	n/a	n/a	n/a	n/a
2757.282	0	1378641	standard_tone	sapo_probe	standard	n/a	n/a	n/a	n/a	n/a
2758.298	0	1379149	standard_tone	sapo_probe	standard	n/a	n/a	n/a	n/a	n/a
2759.312	0	1379656	standard_tone	sapo_probe	standard	n/a	n/a	n/a	n/a	n/a
2760.328	0	1380164	standard_tone	sapo_probe	standard	n/a	n/a	n/a	n/a	n/a
2761.346	0	1380673	standard_tone	sapo_probe	standard	n/a	n/a	n/a	n/a	n/a
2762.360	0	1381180	standard_tone	sapo_probe	standard	n/a	n/a	n/a	n/a	n/a
2763.360	0	1381680	distractor_noise	sapo_probe	distractor	n/a	n/a	n/a	n/a	n/a
2764.376	0	1382188	standard_tone	sapo_probe	standard	n/a	n/a	n/a	n/a	n/a
2765.392	0	1382696	standard_tone	sapo_probe	standard	n/a	n/a	n/a	n/a	n/a
2766.408	0	1383204	standard_tone	sapo_probe	standard	n/a	n/a	n/a	n/a	n/a
2767.422	0	1383711	standard_tone	sapo_probe	standard	n/a	n/a	n/a	n/a	n/a
2768.438	0	1384219	standard_tone	sapo_probe	standard	n/a	n/a	n/a	n/a	n/a
2769.438	0	1384719	standard_tone	sapo_probe	standard	n/a	n/a	n/a	n/a	n/a
2770.454	0	1385227	standard_tone	sapo_probe	standard	n/a	n/a	n/a	n/a	n/a
2771.470	0	1385735	oddball_tone	sapo_probe	oddball	n/a	n/a	n/a	n/a	n/a
2772.486	0	1386243	standard_tone	sapo_probe	standard	n/a	n/a	n/a	n/a	n/a
2773.502	0	1386751	standard_tone	sapo_probe	standard	n/a	n/a	n/a	n/a	n/a
2774.518	0	1387259	standard_tone	sapo_probe	standard	n/a	n/a	n/a	n/a	n/a
2775.532	0	1387766	distractor_noise	sapo_probe	distractor	n/a	n/a	n/a	n/a	n/a
2776.548	0	1388274	standard_tone	sapo_probe	standard	n/a	n/a	n/a	n/a	n/a
2777.566	0	1388783	distractor_noise	sapo_probe	distractor	n/a	n/a	n/a	n/a	n/a
2778.580	0	1389290	standard_tone	sapo_probe	standard	n/a	n/a	n/a	n/a	n/a
2779.596	0	1389798	standard_tone	sapo_probe	standard	n/a	n/a	n/a	n/a	n/a
2780.596	0	1390298	standard_tone	sapo_probe	standard	n/a	n/a	n/a	n/a	n/a
2781.612	0	1390806	oddball_tone	sapo_probe	oddball	n/a	n/a	n/a	n/a	n/a
2782.628	0	1391314	standard_tone	sapo_probe	standard	n/a	n/a	n/a	n/a	n/a
2783.642	0	1391821	oddball_tone	sapo_probe	oddball	n/a	n/a	n/a	n/a	n/a
2784.658	0	1392329	standard_tone	sapo_probe	standard	n/a	n/a	n/a	n/a	n/a
2785.674	0	1392837	standard_tone	sapo_probe	standard	n/a	n/a	n/a	n/a	n/a
2786.674	0	1393337	oddball_tone	sapo_probe	oddball	n/a	n/a	n/a	n/a	n/a
2787.690	0	1393845	standard_tone	sapo_probe	standard	n/a	n/a	n/a	n/a	n/a
2788.706	0	1394353	standard_tone	sapo_probe	standard	n/a	n/a	n/a	n/a	n/a
2789.722	0	1394861	standard_tone	sapo_probe	standard	n/a	n/a	n/a	n/a	n/a
2790.736	0	1395368	standard_tone	sapo_probe	standard	n/a	n/a	n/a	n/a	n/a
2791.752	0	1395876	distractor_noise	sapo_probe	distractor	n/a	n/a	n/a	n/a	n/a
2792.768	0	1396384	standard_tone	sapo_probe	standard	n/a	n/a	n/a	n/a	n/a
2793.252	0	1396626	prompt_window_begin	sapo_probe	probe-sapo-probe-begin	n/a	n/a	n/a	n/a	n/a
2799.748	0	1399874	clicker_press	sapo_probe	response-received-arrow_up	n/a	n/a	n/a	n/a	arrow_up
2800.364	0	1400182	clicker_press	sapo_probe	response-received-arrow_up	n/a	n/a	n/a	n/a	arrow_up
2800.896	0	1400448	clicker_press	sapo_probe	response-received-arrow_up	n/a	n/a	n/a	n/a	arrow_up
2801.312	0	1400656	clicker_press	sapo_probe	response-received-arrow_up	n/a	n/a	n/a	n/a	arrow_up
2802.294	0	1401147	depth_rating	sapo_probe	rating-sapo-probe-meditation_depth-4	4	n/a	n/a	n/a	n/a
2805.858	0	1402929	clicker_press	sapo_probe	response-received-arrow_up	n/a	n/a	n/a	n/a	arrow_up
2806.850	0	1403425	clicker_press	sapo_probe	response-received-arrow_up	n/a	n/a	n/a	n/a	arrow_up
2812.420	0	1406210	confidence_rating	sapo_probe	rating-sapo-probe-confidence_depth-2	n/a	2	n/a	n/a	n/a
2815.884	0	1407942	prompt_window_end	sapo_probe	probe-sapo-probe-end	n/a	n/a	n/a	n/a	n/a
2815.884	0	1407942	standard_tone	sapo_probe	standard	n/a	n/a	n/a	n/a	n/a
2816.900	0	1408450	oddball_tone	sapo_probe	oddball	n/a	n/a	n/a	n/a	n/a
2817.914	0	1408957	standard_tone	sapo_probe	standard	n/a	n/a	n/a	n/a	n/a
2818.930	0	1409465	standard_tone	sapo_probe	standard	n/a	n/a	n/a	n/a	n/a
2819.948	0	1409974	oddball_tone	sapo_probe	oddball	n/a	n/a	n/a	n/a	n/a
2820.962	0	1410481	standard_tone	sapo_probe	standard	n/a	n/a	n/a	n/a	n/a
2821.296	0	1410648	silence_end	sapo_probe	silence-end	n/a	n/a	n/a	n/a	n/a
2821.296	0	1410648	gong_begin	sapo_probe	gong-begin	n/a	n/a	n/a	n/a	n/a
2831.620	0	1415810	gong_end	sapo_probe	gong-end	n/a	n/a	n/a	n/a	n/a
2831.622	0	1415811	subblock_end	sapo_probe	subblock-end-duration-134.139	n/a	n/a	n/a	134.139	n/a
2831.622	0	1415811	subblock_begin	sapo_probe	subblock-begin	n/a	n/a	n/a	n/a	n/a
2831.622	0	1415811	silence_begin	sapo_probe	silence-begin	n/a	n/a	n/a	n/a	n/a
2831.624	0	1415812	oddball_tone	sapo_probe	oddball	n/a	n/a	n/a	n/a	n/a
2832.636	0	1416318	distractor_noise	sapo_probe	distractor	n/a	n/a	n/a	n/a	n/a
2833.636	0	1416818	standard_tone	sapo_probe	standard	n/a	n/a	n/a	n/a	n/a
2834.650	0	1417325	standard_tone	sapo_probe	standard	n/a	n/a	n/a	n/a	n/a
2835.666	0	1417833	oddball_tone	sapo_probe	oddball	n/a	n/a	n/a	n/a	n/a
2836.682	0	1418341	standard_tone	sapo_probe	standard	n/a	n/a	n/a	n/a	n/a
2837.682	0	1418841	oddball_tone	sapo_probe	oddball	n/a	n/a	n/a	n/a	n/a
2838.698	0	1419349	standard_tone	sapo_probe	standard	n/a	n/a	n/a	n/a	n/a
2839.714	0	1419857	standard_tone	sapo_probe	standard	n/a	n/a	n/a	n/a	n/a
2840.728	0	1420364	standard_tone	sapo_probe	standard	n/a	n/a	n/a	n/a	n/a
2841.728	0	1420864	standard_tone	sapo_probe	standard	n/a	n/a	n/a	n/a	n/a
2842.744	0	1421372	standard_tone	sapo_probe	standard	n/a	n/a	n/a	n/a	n/a
2843.760	0	1421880	standard_tone	sapo_probe	standard	n/a	n/a	n/a	n/a	n/a
2844.776	0	1422388	standard_tone	sapo_probe	standard	n/a	n/a	n/a	n/a	n/a
2845.792	0	1422896	standard_tone	sapo_probe	standard	n/a	n/a	n/a	n/a	n/a
2846.808	0	1423404	distractor_noise	sapo_probe	distractor	n/a	n/a	n/a	n/a	n/a
2847.822	0	1423911	standard_tone	sapo_probe	standard	n/a	n/a	n/a	n/a	n/a
2848.822	0	1424411	standard_tone	sapo_probe	standard	n/a	n/a	n/a	n/a	n/a
2849.838	0	1424919	oddball_tone	sapo_probe	oddball	n/a	n/a	n/a	n/a	n/a
2850.854	0	1425427	standard_tone	sapo_probe	standard	n/a	n/a	n/a	n/a	n/a
2851.870	0	1425935	standard_tone	sapo_probe	standard	n/a	n/a	n/a	n/a	n/a
2852.886	0	1426443	standard_tone	sapo_probe	standard	n/a	n/a	n/a	n/a	n/a
2853.902	0	1426951	standard_tone	sapo_probe	standard	n/a	n/a	n/a	n/a	n/a
2854.918	0	1427459	oddball_tone	sapo_probe	oddball	n/a	n/a	n/a	n/a	n/a
2855.932	0	1427966	standard_tone	sapo_probe	standard	n/a	n/a	n/a	n/a	n/a
2856.948	0	1428474	standard_tone	sapo_probe	standard	n/a	n/a	n/a	n/a	n/a
2857.964	0	1428982	standard_tone	sapo_probe	standard	n/a	n/a	n/a	n/a	n/a
2858.980	0	1429490	oddball_tone	sapo_probe	oddball	n/a	n/a	n/a	n/a	n/a
2859.996	0	1429998	standard_tone	sapo_probe	standard	n/a	n/a	n/a	n/a	n/a
2861.012	0	1430506	standard_tone	sapo_probe	standard	n/a	n/a	n/a	n/a	n/a
2862.028	0	1431014	standard_tone	sapo_probe	standard	n/a	n/a	n/a	n/a	n/a
2863.044	0	1431522	oddball_tone	sapo_probe	oddball	n/a	n/a	n/a	n/a	n/a
2864.060	0	1432030	standard_tone	sapo_probe	standard	n/a	n/a	n/a	n/a	n/a
2865.076	0	1432538	standard_tone	sapo_probe	standard	n/a	n/a	n/a	n/a	n/a
2866.092	0	1433046	standard_tone	sapo_probe	standard	n/a	n/a	n/a	n/a	n/a
2867.108	0	1433554	standard_tone	sapo_probe	standard	n/a	n/a	n/a	n/a	n/a
2868.124	0	1434062	oddball_tone	sapo_probe	oddball	n/a	n/a	n/a	n/a	n/a
2869.138	0	1434569	standard_tone	sapo_probe	standard	n/a	n/a	n/a	n/a	n/a
2870.138	0	1435069	standard_tone	sapo_probe	standard	n/a	n/a	n/a	n/a	n/a
2871.154	0	1435577	standard_tone	sapo_probe	standard	n/a	n/a	n/a	n/a	n/a
2872.170	0	1436085	standard_tone	sapo_probe	standard	n/a	n/a	n/a	n/a	n/a
2873.186	0	1436593	standard_tone	sapo_probe	standard	n/a	n/a	n/a	n/a	n/a
2874.202	0	1437101	standard_tone	sapo_probe	standard	n/a	n/a	n/a	n/a	n/a
2875.218	0	1437609	standard_tone	sapo_probe	standard	n/a	n/a	n/a	n/a	n/a
2876.232	0	1438116	standard_tone	sapo_probe	standard	n/a	n/a	n/a	n/a	n/a
2877.250	0	1438625	standard_tone	sapo_probe	standard	n/a	n/a	n/a	n/a	n/a
2878.264	0	1439132	standard_tone	sapo_probe	standard	n/a	n/a	n/a	n/a	n/a
2879.280	0	1439640	distractor_noise	sapo_probe	distractor	n/a	n/a	n/a	n/a	n/a
2880.296	0	1440148	standard_tone	sapo_probe	standard	n/a	n/a	n/a	n/a	n/a
2881.312	0	1440656	standard_tone	sapo_probe	standard	n/a	n/a	n/a	n/a	n/a
2882.328	0	1441164	standard_tone	sapo_probe	standard	n/a	n/a	n/a	n/a	n/a
2883.344	0	1441672	distractor_noise	sapo_probe	distractor	n/a	n/a	n/a	n/a	n/a
2884.358	0	1442179	standard_tone	sapo_probe	standard	n/a	n/a	n/a	n/a	n/a
2885.376	0	1442688	distractor_noise	sapo_probe	distractor	n/a	n/a	n/a	n/a	n/a
2886.392	0	1443196	standard_tone	sapo_probe	standard	n/a	n/a	n/a	n/a	n/a
2887.408	0	1443704	standard_tone	sapo_probe	standard	n/a	n/a	n/a	n/a	n/a
2888.422	0	1444211	standard_tone	sapo_probe	standard	n/a	n/a	n/a	n/a	n/a
2889.438	0	1444719	oddball_tone	sapo_probe	oddball	n/a	n/a	n/a	n/a	n/a
2890.454	0	1445227	standard_tone	sapo_probe	standard	n/a	n/a	n/a	n/a	n/a
2891.470	0	1445735	standard_tone	sapo_probe	standard	n/a	n/a	n/a	n/a	n/a
2892.486	0	1446243	standard_tone	sapo_probe	standard	n/a	n/a	n/a	n/a	n/a
2893.502	0	1446751	standard_tone	sapo_probe	standard	n/a	n/a	n/a	n/a	n/a
2894.502	0	1447251	standard_tone	sapo_probe	standard	n/a	n/a	n/a	n/a	n/a
2895.516	0	1447758	standard_tone	sapo_probe	standard	n/a	n/a	n/a	n/a	n/a
2896.532	0	1448266	standard_tone	sapo_probe	standard	n/a	n/a	n/a	n/a	n/a
2897.532	0	1448766	oddball_tone	sapo_probe	oddball	n/a	n/a	n/a	n/a	n/a
2898.548	0	1449274	standard_tone	sapo_probe	standard	n/a	n/a	n/a	n/a	n/a
2899.564	0	1449782	standard_tone	sapo_probe	standard	n/a	n/a	n/a	n/a	n/a
2900.578	0	1450289	standard_tone	sapo_probe	standard	n/a	n/a	n/a	n/a	n/a
2901.578	0	1450789	standard_tone	sapo_probe	standard	n/a	n/a	n/a	n/a	n/a
2902.594	0	1451297	standard_tone	sapo_probe	standard	n/a	n/a	n/a	n/a	n/a
2903.610	0	1451805	standard_tone	sapo_probe	standard	n/a	n/a	n/a	n/a	n/a
2904.626	0	1452313	standard_tone	sapo_probe	standard	n/a	n/a	n/a	n/a	n/a
2905.642	0	1452821	distractor_noise	sapo_probe	distractor	n/a	n/a	n/a	n/a	n/a
2906.658	0	1453329	standard_tone	sapo_probe	standard	n/a	n/a	n/a	n/a	n/a
2907.674	0	1453837	standard_tone	sapo_probe	standard	n/a	n/a	n/a	n/a	n/a
2908.690	0	1454345	standard_tone	sapo_probe	standard	n/a	n/a	n/a	n/a	n/a
2909.706	0	1454853	standard_tone	sapo_probe	standard	n/a	n/a	n/a	n/a	n/a
2910.720	0	1455360	standard_tone	sapo_probe	standard	n/a	n/a	n/a	n/a	n/a
2911.736	0	1455868	standard_tone	sapo_probe	standard	n/a	n/a	n/a	n/a	n/a
2912.752	0	1456376	oddball_tone	sapo_probe	oddball	n/a	n/a	n/a	n/a	n/a
2913.768	0	1456884	standard_tone	sapo_probe	standard	n/a	n/a	n/a	n/a	n/a
2914.784	0	1457392	standard_tone	sapo_probe	standard	n/a	n/a	n/a	n/a	n/a
2915.800	0	1457900	standard_tone	sapo_probe	standard	n/a	n/a	n/a	n/a	n/a
2916.816	0	1458408	standard_tone	sapo_probe	standard	n/a	n/a	n/a	n/a	n/a
2917.832	0	1458916	oddball_tone	sapo_probe	oddball	n/a	n/a	n/a	n/a	n/a
2918.848	0	1459424	standard_tone	sapo_probe	standard	n/a	n/a	n/a	n/a	n/a
2919.864	0	1459932	standard_tone	sapo_probe	standard	n/a	n/a	n/a	n/a	n/a
2920.880	0	1460440	standard_tone	sapo_probe	standard	n/a	n/a	n/a	n/a	n/a
2921.896	0	1460948	standard_tone	sapo_probe	standard	n/a	n/a	n/a	n/a	n/a
2922.912	0	1461456	distractor_noise	sapo_probe	distractor	n/a	n/a	n/a	n/a	n/a
2923.926	0	1461963	standard_tone	sapo_probe	standard	n/a	n/a	n/a	n/a	n/a
2924.942	0	1462471	oddball_tone	sapo_probe	oddball	n/a	n/a	n/a	n/a	n/a
2925.960	0	1462980	standard_tone	sapo_probe	standard	n/a	n/a	n/a	n/a	n/a
2926.974	0	1463487	standard_tone	sapo_probe	standard	n/a	n/a	n/a	n/a	n/a
2927.974	0	1463987	standard_tone	sapo_probe	standard	n/a	n/a	n/a	n/a	n/a
2928.988	0	1464494	oddball_tone	sapo_probe	oddball	n/a	n/a	n/a	n/a	n/a
2930.004	0	1465002	standard_tone	sapo_probe	standard	n/a	n/a	n/a	n/a	n/a
2931.004	0	1465502	distractor_noise	sapo_probe	distractor	n/a	n/a	n/a	n/a	n/a
2932.020	0	1466010	standard_tone	sapo_probe	standard	n/a	n/a	n/a	n/a	n/a
2933.036	0	1466518	standard_tone	sapo_probe	standard	n/a	n/a	n/a	n/a	n/a
2934.052	0	1467026	oddball_tone	sapo_probe	oddball	n/a	n/a	n/a	n/a	n/a
2935.052	0	1467526	standard_tone	sapo_probe	standard	n/a	n/a	n/a	n/a	n/a
2936.066	0	1468033	standard_tone	sapo_probe	standard	n/a	n/a	n/a	n/a	n/a
2937.082	0	1468541	standard_tone	sapo_probe	standard	n/a	n/a	n/a	n/a	n/a
2938.100	0	1469050	distractor_noise	sapo_probe	distractor	n/a	n/a	n/a	n/a	n/a
2939.114	0	1469557	standard_tone	sapo_probe	standard	n/a	n/a	n/a	n/a	n/a
2940.130	0	1470065	standard_tone	sapo_probe	standard	n/a	n/a	n/a	n/a	n/a
2941.146	0	1470573	standard_tone	sapo_probe	standard	n/a	n/a	n/a	n/a	n/a
2942.144	0	1471072	standard_tone	sapo_probe	standard	n/a	n/a	n/a	n/a	n/a
2943.160	0	1471580	standard_tone	sapo_probe	standard	n/a	n/a	n/a	n/a	n/a
2944.176	0	1472088	standard_tone	sapo_probe	standard	n/a	n/a	n/a	n/a	n/a
2945.176	0	1472588	standard_tone	sapo_probe	standard	n/a	n/a	n/a	n/a	n/a
2946.192	0	1473096	standard_tone	sapo_probe	standard	n/a	n/a	n/a	n/a	n/a
2946.624	0	1473312	silence_end	sapo_probe	silence-end	n/a	n/a	n/a	n/a	n/a
2946.626	0	1473313	gong_begin	sapo_probe	gong-begin	n/a	n/a	n/a	n/a	n/a
2956.784	0	1478392	gong_end	sapo_probe	gong-end	n/a	n/a	n/a	n/a	n/a
2956.784	0	1478392	subblock_end	sapo_probe	subblock-end-duration-125.162	n/a	n/a	n/a	125.162	n/a
2956.784	0	1478392	subblock_begin	sapo_probe	subblock-begin	n/a	n/a	n/a	n/a	n/a
2956.786	0	1478393	silence_begin	sapo_probe	silence-begin	n/a	n/a	n/a	n/a	n/a
2956.800	0	1478400	standard_tone	sapo_probe	standard	n/a	n/a	n/a	n/a	n/a
2957.816	0	1478908	standard_tone	sapo_probe	standard	n/a	n/a	n/a	n/a	n/a
2958.814	0	1479407	distractor_noise	sapo_probe	distractor	n/a	n/a	n/a	n/a	n/a
2959.830	0	1479915	standard_tone	sapo_probe	standard	n/a	n/a	n/a	n/a	n/a
2960.846	0	1480423	standard_tone	sapo_probe	standard	n/a	n/a	n/a	n/a	n/a
2961.862	0	1480931	standard_tone	sapo_probe	standard	n/a	n/a	n/a	n/a	n/a
2962.878	0	1481439	standard_tone	sapo_probe	standard	n/a	n/a	n/a	n/a	n/a
2963.894	0	1481947	standard_tone	sapo_probe	standard	n/a	n/a	n/a	n/a	n/a
2964.910	0	1482455	standard_tone	sapo_probe	standard	n/a	n/a	n/a	n/a	n/a
2965.926	0	1482963	standard_tone	sapo_probe	standard	n/a	n/a	n/a	n/a	n/a
2966.940	0	1483470	standard_tone	sapo_probe	standard	n/a	n/a	n/a	n/a	n/a
2967.956	0	1483978	standard_tone	sapo_probe	standard	n/a	n/a	n/a	n/a	n/a
2968.972	0	1484486	standard_tone	sapo_probe	standard	n/a	n/a	n/a	n/a	n/a
2969.988	0	1484994	standard_tone	sapo_probe	standard	n/a	n/a	n/a	n/a	n/a
2971.004	0	1485502	standard_tone	sapo_probe	standard	n/a	n/a	n/a	n/a	n/a
2972.020	0	1486010	standard_tone	sapo_probe	standard	n/a	n/a	n/a	n/a	n/a
2973.022	0	1486511	oddball_tone	sapo_probe	oddball	n/a	n/a	n/a	n/a	n/a
2974.036	0	1487018	standard_tone	sapo_probe	standard	n/a	n/a	n/a	n/a	n/a
2975.052	0	1487526	standard_tone	sapo_probe	standard	n/a	n/a	n/a	n/a	n/a
2976.068	0	1488034	standard_tone	sapo_probe	standard	n/a	n/a	n/a	n/a	n/a
2977.082	0	1488541	standard_tone	sapo_probe	standard	n/a	n/a	n/a	n/a	n/a
2978.098	0	1489049	standard_tone	sapo_probe	standard	n/a	n/a	n/a	n/a	n/a
2979.114	0	1489557	standard_tone	sapo_probe	standard	n/a	n/a	n/a	n/a	n/a
2980.130	0	1490065	standard_tone	sapo_probe	standard	n/a	n/a	n/a	n/a	n/a
2981.146	0	1490573	standard_tone	sapo_probe	standard	n/a	n/a	n/a	n/a	n/a
2982.162	0	1491081	standard_tone	sapo_probe	standard	n/a	n/a	n/a	n/a	n/a
2983.178	0	1491589	standard_tone	sapo_probe	standard	n/a	n/a	n/a	n/a	n/a
2984.194	0	1492097	standard_tone	sapo_probe	standard	n/a	n/a	n/a	n/a	n/a
2985.208	0	1492604	standard_tone	sapo_probe	standard	n/a	n/a	n/a	n/a	n/a
2986.108	0	1493054	sapo_probe_end	sapo_probe	block-sapo-probe-end	n/a	n/a	n/a	n/a	n/a
2986.110	0	1493055	block_duration	sapo_probe	block-sapo-probe-duration-2100	n/a	n/a	n/a	2100.000	n/a
2986.110	0	1493055	prompt_window_begin	sapo_probe	probe-sapo-probe-begin	n/a	n/a	n/a	n/a	n/a
2994.786	0	1497393	clicker_press	n/a	response-received-arrow_up	n/a	n/a	n/a	n/a	arrow_up
2995.152	0	1497576	depth_rating	sapo_probe	rating-sapo-probe-meditation_depth-1	1	n/a	n/a	n/a	n/a
2999.798	0	1499899	clicker_press	n/a	response-received-arrow_up	n/a	n/a	n/a	n/a	arrow_up
3000.080	0	1500040	clicker_press	n/a	response-received-arrow_up	n/a	n/a	n/a	n/a	arrow_up
3000.364	0	1500182	clicker_press	n/a	response-received-arrow_up	n/a	n/a	n/a	n/a	arrow_up
3000.596	0	1500298	clicker_press	n/a	response-received-arrow_up	n/a	n/a	n/a	n/a	arrow_up
3005.244	0	1502622	confidence_rating	sapo_probe	rating-sapo-probe-confidence_depth-4	n/a	4	n/a	n/a	n/a
3006.260	0	1503130	prompt_window_end	sapo_probe	probe-sapo-probe-end	n/a	n/a	n/a	n/a	n/a
3006.260	0	1503130	break_begin	break	break-begin	n/a	n/a	n/a	n/a	n/a
3148.474	0	1574237	clicker_press	break	response-received-enter	n/a	n/a	n/a	n/a	enter
3148.474	0	1574237	break_end	break	break-end	n/a	n/a	n/a	n/a	n/a
3185.928	0	1592964	clicker_press	n/a	response-received-arrow_up	n/a	n/a	n/a	n/a	arrow_up
3186.094	0	1593047	active_oddball_begin	active_oddball	active-oddball-begin	n/a	n/a	n/a	n/a	n/a
3186.102	0	1593051	standard_tone	active_oddball	standard	n/a	n/a	n/a	n/a	n/a
3187.110	0	1593555	standard_tone	active_oddball	standard	n/a	n/a	n/a	n/a	n/a
3188.124	0	1594062	standard_tone	active_oddball	standard	n/a	n/a	n/a	n/a	n/a
3189.142	0	1594571	standard_tone	active_oddball	standard	n/a	n/a	n/a	n/a	n/a
3190.206	0	1595103	standard_tone	active_oddball	standard	n/a	n/a	n/a	n/a	n/a
3191.656	0	1595828	standard_tone	active_oddball	standard	n/a	n/a	n/a	n/a	n/a
3192.688	0	1596344	standard_tone	active_oddball	standard	n/a	n/a	n/a	n/a	n/a
3193.720	0	1596860	distractor_noise	active_oddball	distractor	n/a	n/a	n/a	n/a	n/a
3194.820	0	1597410	standard_tone	active_oddball	standard	n/a	n/a	n/a	n/a	n/a
3195.918	0	1597959	distractor_noise	active_oddball	distractor	n/a	n/a	n/a	n/a	n/a
3196.968	0	1598484	standard_tone	active_oddball	standard	n/a	n/a	n/a	n/a	n/a
3198.034	0	1599017	standard_tone	active_oddball	standard	n/a	n/a	n/a	n/a	n/a
3199.084	0	1599542	standard_tone	active_oddball	standard	n/a	n/a	n/a	n/a	n/a
3200.150	0	1600075	standard_tone	active_oddball	standard	n/a	n/a	n/a	n/a	n/a
3201.214	0	1600607	standard_tone	active_oddball	standard	n/a	n/a	n/a	n/a	n/a
3202.296	0	1601148	standard_tone	active_oddball	standard	n/a	n/a	n/a	n/a	n/a
3203.346	0	1601673	standard_tone	active_oddball	standard	n/a	n/a	n/a	n/a	n/a
3204.360	0	1602180	standard_tone	active_oddball	standard	n/a	n/a	n/a	n/a	n/a
3205.460	0	1602730	standard_tone	active_oddball	standard	n/a	n/a	n/a	n/a	n/a
3206.510	0	1603255	standard_tone	active_oddball	standard	n/a	n/a	n/a	n/a	n/a
3207.608	0	1603804	oddball_tone	active_oddball	oddball	n/a	n/a	n/a	n/a	n/a
3208.292	0	1604146	clicker_press	active_oddball	response-received-arrow_up	n/a	n/a	n/a	n/a	arrow_up
3208.324	0	1604162	oddball_response	active_oddball	active-oddball-button-press-678ms	n/a	n/a	0.678	n/a	n/a
3208.642	0	1604321	standard_tone	active_oddball	standard	n/a	n/a	n/a	n/a	n/a
3209.724	0	1604862	standard_tone	active_oddball	standard	n/a	n/a	n/a	n/a	n/a
3210.756	0	1605378	standard_tone	active_oddball	standard	n/a	n/a	n/a	n/a	n/a
3211.822	0	1605911	distractor_noise	active_oddball	distractor	n/a	n/a	n/a	n/a	n/a
3212.888	0	1606444	oddball_tone	active_oddball	oddball	n/a	n/a	n/a	n/a	n/a
3213.586	0	1606793	clicker_press	active_oddball	response-received-arrow_up	n/a	n/a	n/a	n/a	arrow_up
3213.654	0	1606827	oddball_response	active_oddball	active-oddball-button-press-694ms	n/a	n/a	0.694	n/a	n/a
3213.918	0	1606959	standard_tone	active_oddball	standard	n/a	n/a	n/a	n/a	n/a
3214.952	0	1607476	standard_tone	active_oddball	standard	n/a	n/a	n/a	n/a	n/a
3215.968	0	1607984	standard_tone	active_oddball	standard	n/a	n/a	n/a	n/a	n/a
3217.050	0	1608525	standard_tone	active_oddball	standard	n/a	n/a	n/a	n/a	n/a
3218.084	0	1609042	standard_tone	active_oddball	standard	n/a	n/a	n/a	n/a	n/a
3219.132	0	1609566	standard_tone	active_oddball	standard	n/a	n/a	n/a	n/a	n/a
3220.148	0	1610074	standard_tone	active_oddball	standard	n/a	n/a	n/a	n/a	n/a
3221.180	0	1610590	standard_tone	active_oddball	standard	n/a	n/a	n/a	n/a	n/a
3222.246	0	1611123	standard_tone	active_oddball	standard	n/a	n/a	n/a	n/a	n/a
3223.262	0	1611631	standard_tone	active_oddball	standard	n/a	n/a	n/a	n/a	n/a
3224.294	0	1612147	standard_tone	active_oddball	standard	n/a	n/a	n/a	n/a	n/a
3225.378	0	1612689	distractor_noise	active_oddball	distractor	n/a	n/a	n/a	n/a	n/a
3226.392	0	1613196	standard_tone	active_oddball	standard	n/a	n/a	n/a	n/a	n/a
3227.410	0	1613705	standard_tone	active_oddball	standard	n/a	n/a	n/a	n/a	n/a
3228.442	0	1614221	standard_tone	active_oddball	standard	n/a	n/a	n/a	n/a	n/a
3229.456	0	1614728	standard_tone	active_oddball	standard	n/a	n/a	n/a	n/a	n/a
3230.540	0	1615270	standard_tone	active_oddball	standard	n/a	n/a	n/a	n/a	n/a
3231.588	0	1615794	standard_tone	active_oddball	standard	n/a	n/a	n/a	n/a	n/a
3232.688	0	1616344	standard_tone	active_oddball	standard	n/a	n/a	n/a	n/a	n/a
3233.720	0	1616860	standard_tone	active_oddball	standard	n/a	n/a	n/a	n/a	n/a
3234.786	0	1617393	oddball_tone	active_oddball	oddball	n/a	n/a	n/a	n/a	n/a
3235.406	0	1617703	clicker_press	active_oddball	response-received-arrow_up	n/a	n/a	n/a	n/a	arrow_up
3235.436	0	1617718	oddball_response	active_oddball	active-oddball-button-press-614ms	n/a	n/a	0.614	n/a	n/a
3235.818	0	1617909	standard_tone	active_oddball	standard	n/a	n/a	n/a	n/a	n/a
3236.834	0	1618417	standard_tone	active_oddball	standard	n/a	n/a	n/a	n/a	n/a
3237.884	0	1618942	standard_tone	active_oddball	standard	n/a	n/a	n/a	n/a	n/a
3238.900	0	1619450	standard_tone	active_oddball	standard	n/a	n/a	n/a	n/a	n/a
3239.964	0	1619982	standard_tone	active_oddball	standard	n/a	n/a	n/a	n/a	n/a
3241.032	0	1620516	standard_tone	active_oddball	standard	n/a	n/a	n/a	n/a	n/a
3242.130	0	1621065	standard_tone	active_oddball	standard	n/a	n/a	n/a	n/a	n/a
3243.212	0	1621606	standard_tone	active_oddball	standard	n/a	n/a	n/a	n/a	n/a
3244.228	0	1622114	standard_tone	active_oddball	standard	n/a	n/a	n/a	n/a	n/a
3245.378	0	1622689	standard_tone	active_oddball	standard	n/a	n/a	n/a	n/a	n/a
3246.494	0	1623247	standard_tone	active_oddball	standard	n/a	n/a	n/a	n/a	n/a
3247.526	0	1623763	standard_tone	active_oddball	standard	n/a	n/a	n/a	n/a	n/a
3248.742	0	1624371	standard_tone	active_oddball	standard	n/a	n/a	n/a	n/a	n/a
3249.756	0	1624878	standard_tone	active_oddball	standard	n/a	n/a	n/a	n/a	n/a
3250.790	0	1625395	standard_tone	active_oddball	standard	n/a	n/a	n/a	n/a	n/a
3251.838	0	1625919	oddball_tone	active_oddball	oddball	n/a	n/a	n/a	n/a	n/a
3252.438	0	1626219	clicker_press	active_oddball	response-received-arrow_up	n/a	n/a	n/a	n/a	arrow_up
3252.454	0	1626227	oddball_response	active_oddball	active-oddball-button-press-594ms	n/a	n/a	0.594	n/a	n/a
3252.904	0	1626452	standard_tone	active_oddball	standard	n/a	n/a	n/a	n/a	n/a
3253.954	0	1626977	standard_tone	active_oddball	standard	n/a	n/a	n/a	n/a	n/a
3254.970	0	1627485	standard_tone	active_oddball	standard	n/a	n/a	n/a	n/a	n/a
3255.986	0	1627993	standard_tone	active_oddball	standard	n/a	n/a	n/a	n/a	n/a
3257.000	0	1628500	oddball_tone	active_oddball	oddball	n/a	n/a	n/a	n/a	n/a
3257.634	0	1628817	clicker_press	active_oddball	response-received-arrow_up	n/a	n/a	n/a	n/a	arrow_up
3257.768	0	1628884	oddball_response	active_oddball	active-oddball-button-press-627ms	n/a	n/a	0.627	n/a	n/a
3258.016	0	1629008	standard_tone	active_oddball	standard	n/a	n/a	n/a	n/a	n/a
3259.024	0	1629512	standard_tone	active_oddball	standard	n/a	n/a	n/a	n/a	n/a
3260.066	0	1630033	standard_tone	active_oddball	standard	n/a	n/a	n/a	n/a	n/a
3261.148	0	1630574	standard_tone	active_oddball	standard	n/a	n/a	n/a	n/a	n/a
3262.230	0	1631115	standard_tone	active_oddball	standard	n/a	n/a	n/a	n/a	n/a
3263.280	0	1631640	standard_tone	active_oddball	standard	n/a	n/a	n/a	n/a	n/a
3264.378	0	1632189	standard_tone	active_oddball	standard	n/a	n/a	n/a	n/a	n/a
3265.494	0	1632747	standard_tone	active_oddball	standard	n/a	n/a	n/a	n/a	n/a
3266.510	0	1633255	standard_tone	active_oddball	standard	n/a	n/a	n/a	n/a	n/a
3267.560	0	1633780	distractor_noise	active_oddball	distractor	n/a	n/a	n/a	n/a	n/a
3268.592	0	1634296	standard_tone	active_oddball	standard	n/a	n/a	n/a	n/a	n/a
3269.624	0	1634812	standard_tone	active_oddball	standard	n/a	n/a	n/a	n/a	n/a
3270.756	0	1635378	standard_tone	active_oddball	standard	n/a	n/a	n/a	n/a	n/a
3271.772	0	1635886	oddball_tone	active_oddball	oddball	n/a	n/a	n/a	n/a	n/a
3272.388	0	1636194	clicker_press	active_oddball	response-received-arrow_up	n/a	n/a	n/a	n/a	arrow_up
3272.408	0	1636204	oddball_response	active_oddball	active-oddball-button-press-611ms	n/a	n/a	0.611	n/a	n/a
3272.838	0	1636419	standard_tone	active_oddball	standard	n/a	n/a	n/a	n/a	n/a
3273.854	0	1636927	standard_tone	active_oddball	standard	n/a	n/a	n/a	n/a	n/a
3275.036	0	1637518	standard_tone	active_oddball	standard	n/a	n/a	n/a	n/a	n/a
3276.136	0	1638068	standard_tone	active_oddball	standard	n/a	n/a	n/a	n/a	n/a
3277.152	0	1638576	distractor_noise	active_oddball	distractor	n/a	n/a	n/a	n/a	n/a
3278.166	0	1639083	standard_tone	active_oddball	standard	n/a	n/a	n/a	n/a	n/a
3279.184	0	1639592	distractor_noise	active_oddball	distractor	n/a	n/a	n/a	n/a	n/a
3280.232	0	1640116	standard_tone	active_oddball	standard	n/a	n/a	n/a	n/a	n/a
3281.364	0	1640682	standard_tone	active_oddball	standard	n/a	n/a	n/a	n/a	n/a
3282.414	0	1641207	standard_tone	active_oddball	standard	n/a	n/a	n/a	n/a	n/a
3283.430	0	1641715	standard_tone	active_oddball	standard	n/a	n/a	n/a	n/a	n/a
3284.512	0	1642256	standard_tone	active_oddball	standard	n/a	n/a	n/a	n/a	n/a
3285.528	0	1642764	distractor_noise	active_oddball	distractor	n/a	n/a	n/a	n/a	n/a
3286.610	0	1643305	standard_tone	active_oddball	standard	n/a	n/a	n/a	n/a	n/a
3287.626	0	1643813	oddball_tone	active_oddball	oddball	n/a	n/a	n/a	n/a	n/a
3288.324	0	1644162	clicker_press	active_oddball	response-received-arrow_up	n/a	n/a	n/a	n/a	arrow_up
3288.442	0	1644221	oddball_response	active_oddball	active-oddball-button-press-694ms	n/a	n/a	0.694	n/a	n/a
3288.674	0	1644337	standard_tone	active_oddball	standard	n/a	n/a	n/a	n/a	n/a
3289.724	0	1644862	standard_tone	active_oddball	standard	n/a	n/a	n/a	n/a	n/a
3290.740	0	1645370	standard_tone	active_oddball	standard	n/a	n/a	n/a	n/a	n/a
3291.756	0	1645878	standard_tone	active_oddball	standard	n/a	n/a	n/a	n/a	n/a
3292.806	0	1646403	standard_tone	active_oddball	standard	n/a	n/a	n/a	n/a	n/a
3293.820	0	1646910	standard_tone	active_oddball	standard	n/a	n/a	n/a	n/a	n/a
3294.904	0	1647452	standard_tone	active_oddball	standard	n/a	n/a	n/a	n/a	n/a
3296.070	0	1648035	oddball_tone	active_oddball	oddball	n/a	n/a	n/a	n/a	n/a
3296.668	0	1648334	clicker_press	active_oddball	response-received-arrow_up	n/a	n/a	n/a	n/a	arrow_up
3297.002	0	1648501	oddball_response	active_oddball	active-oddball-button-press-594ms	n/a	n/a	0.594	n/a	n/a
3297.084	0	1648542	standard_tone	active_oddball	standard	n/a	n/a	n/a	n/a	n/a
3298.150	0	1649075	standard_tone	active_oddball	standard	n/a	n/a	n/a	n/a	n/a
3299.166	0	1649583	standard_tone	active_oddball	standard	n/a	n/a	n/a	n/a	n/a
3300.232	0	1650116	distractor_noise	active_oddball	distractor	n/a	n/a	n/a	n/a	n/a
3301.248	0	1650624	standard_tone	active_oddball	standard	n/a	n/a	n/a	n/a	n/a
3302.280	0	1651140	standard_tone	active_oddball	standard	n/a	n/a	n/a	n/a	n/a
3303.330	0	1651665	standard_tone	active_oddball	standard	n/a	n/a	n/a	n/a	n/a
3304.428	0	1652214	standard_tone	active_oddball	standard	n/a	n/a	n/a	n/a	n/a
3305.478	0	1652739	standard_tone	active_oddball	standard	n/a	n/a	n/a	n/a	n/a
3306.510	0	1653255	distractor_noise	active_oddball	distractor	n/a	n/a	n/a	n/a	n/a
3307.544	0	1653772	standard_tone	active_oddball	standard	n/a	n/a	n/a	n/a	n/a
3308.558	0	1654279	standard_tone	active_oddball	standard	n/a	n/a	n/a	n/a	n/a
3309.624	0	1654812	standard_tone	active_oddball	standard	n/a	n/a	n/a	n/a	n/a
3310.674	0	1655337	standard_tone	active_oddball	standard	n/a	n/a	n/a	n/a	n/a
3311.690	0	1655845	standard_tone	active_oddball	standard	n/a	n/a	n/a	n/a	n/a
3312.754	0	1656377	standard_tone	active_oddball	standard	n/a	n/a	n/a	n/a	n/a
3313.820	0	1656910	oddball_tone	active_oddball	oddball	n/a	n/a	n/a	n/a	n/a
3314.454	0	1657227	clicker_press	active_oddball	response-received-arrow_up	n/a	n/a	n/a	n/a	arrow_up
3314.522	0	1657261	oddball_response	active_oddball	active-oddball-button-press-627ms	n/a	n/a	0.627	n/a	n/a
3314.886	0	1657443	standard_tone	active_oddball	standard	n/a	n/a	n/a	n/a	n/a
3315.954	0	1657977	standard_tone	active_oddball	standard	n/a	n/a	n/a	n/a	n/a
3317.034	0	1658517	standard_tone	active_oddball	standard	n/a	n/a	n/a	n/a	n/a
3318.068	0	1659034	standard_tone	active_oddball	standard	n/a	n/a	n/a	n/a	n/a
3319.116	0	1659558	oddball_tone	active_oddball	oddball	n/a	n/a	n/a	n/a	n/a
3319.782	0	1659891	clicker_press	active_oddball	response-received-arrow_up	n/a	n/a	n/a	n/a	arrow_up
3319.816	0	1659908	oddball_response	active_oddball	active-oddball-button-press-659ms	n/a	n/a	0.659	n/a	n/a
3320.182	0	1660091	standard_tone	active_oddball	standard	n/a	n/a	n/a	n/a	n/a
3321.198	0	1660599	standard_tone	active_oddball	standard	n/a	n/a	n/a	n/a	n/a
3322.214	0	1661107	distractor_noise	active_oddball	distractor	n/a	n/a	n/a	n/a	n/a
3323.246	0	1661623	standard_tone	active_oddball	standard	n/a	n/a	n/a	n/a	n/a
3324.262	0	1662131	standard_tone	active_oddball	standard	n/a	n/a	n/a	n/a	n/a
3325.278	0	1662639	standard_tone	active_oddball	standard	n/a	n/a	n/a	n/a	n/a
3326.294	0	1663147	oddball_tone	active_oddball	oddball	n/a	n/a	n/a	n/a	n/a
3326.910	0	1663455	clicker_press	active_oddball	response-received-arrow_up	n/a	n/a	n/a	n/a	arrow_up
3326.944	0	1663472	oddball_response	active_oddball	active-oddball-button-press-609ms	n/a	n/a	0.609	n/a	n/a
3327.326	0	1663663	standard_tone	active_oddball	standard	n/a	n/a	n/a	n/a	n/a
3328.442	0	1664221	oddball_tone	active_oddball	oddball	n/a	n/a	n/a	n/a	n/a
3329.156	0	1664578	clicker_press	active_oddball	response-received-arrow_up	n/a	n/a	n/a	n/a	arrow_up
3329.190	0	1664595	oddball_response	active_oddball	active-oddball-button-press-707ms	n/a	n/a	0.707	n/a	n/a
3329.590	0	1664795	standard_tone	active_oddball	standard	n/a	n/a	n/a	n/a	n/a
3330.624	0	1665312	standard_tone	active_oddball	standard	n/a	n/a	n/a	n/a	n/a
3331.640	0	1665820	standard_tone	active_oddball	standard	n/a	n/a	n/a	n/a	n/a
3332.788	0	1666394	standard_tone	active_oddball	standard	n/a	n/a	n/a	n/a	n/a
3333.904	0	1666952	standard_tone	active_oddball	standard	n/a	n/a	n/a	n/a	n/a
3334.920	0	1667460	standard_tone	active_oddball	standard	n/a	n/a	n/a	n/a	n/a
3335.936	0	1667968	standard_tone	active_oddball	standard	n/a	n/a	n/a	n/a	n/a
3337.020	0	1668510	standard_tone	active_oddball	standard	n/a	n/a	n/a	n/a	n/a
3338.102	0	1669051	standard_tone	active_oddball	standard	n/a	n/a	n/a	n/a	n/a
3339.166	0	1669583	standard_tone	active_oddball	standard	n/a	n/a	n/a	n/a	n/a
3340.200	0	1670100	standard_tone	active_oddball	standard	n/a	n/a	n/a	n/a	n/a
3341.248	0	1670624	standard_tone	active_oddball	standard	n/a	n/a	n/a	n/a	n/a
3342.280	0	1671140	standard_tone	active_oddball	standard	n/a	n/a	n/a	n/a	n/a
3343.312	0	1671656	standard_tone	active_oddball	standard	n/a	n/a	n/a	n/a	n/a
3344.378	0	1672189	standard_tone	active_oddball	standard	n/a	n/a	n/a	n/a	n/a
3345.412	0	1672706	standard_tone	active_oddball	standard	n/a	n/a	n/a	n/a	n/a
3346.426	0	1673213	standard_tone	active_oddball	standard	n/a	n/a	n/a	n/a	n/a
3347.526	0	1673763	standard_tone	active_oddball	standard	n/a	n/a	n/a	n/a	n/a
3348.542	0	1674271	standard_tone	active_oddball	standard	n/a	n/a	n/a	n/a	n/a
3349.558	0	1674779	standard_tone	active_oddball	standard	n/a	n/a	n/a	n/a	n/a
3350.574	0	1675287	standard_tone	active_oddball	standard	n/a	n/a	n/a	n/a	n/a
3351.640	0	1675820	standard_tone	active_oddball	standard	n/a	n/a	n/a	n/a	n/a
3352.654	0	1676327	standard_tone	active_oddball	standard	n/a	n/a	n/a	n/a	n/a
3353.706	0	1676853	standard_tone	active_oddball	standard	n/a	n/a	n/a	n/a	n/a
3354.720	0	1677360	standard_tone	active_oddball	standard	n/a	n/a	n/a	n/a	n/a
3355.770	0	1677885	standard_tone	active_oddball	standard	n/a	n/a	n/a	n/a	n/a
3356.884	0	1678442	standard_tone	active_oddball	standard	n/a	n/a	n/a	n/a	n/a
3357.950	0	1678975	standard_tone	active_oddball	standard	n/a	n/a	n/a	n/a	n/a
3359.034	0	1679517	oddball_tone	active_oddball	oddball	n/a	n/a	n/a	n/a	n/a
3359.682	0	1679841	clicker_press	active_oddball	response-received-arrow_up	n/a	n/a	n/a	n/a	arrow_up
3359.734	0	1679867	oddball_response	active_oddball	active-oddball-button-press-642ms	n/a	n/a	0.642	n/a	n/a
3360.080	0	1680040	standard_tone	active_oddball	standard	n/a	n/a	n/a	n/a	n/a
3361.114	0	1680557	standard_tone	active_oddball	standard	n/a	n/a	n/a	n/a	n/a
3362.148	0	1681074	standard_tone	active_oddball	standard	n/a	n/a	n/a	n/a	n/a
3363.164	0	1681582	standard_tone	active_oddball	standard	n/a	n/a	n/a	n/a	n/a
3364.230	0	1682115	standard_tone	active_oddball	standard	n/a	n/a	n/a	n/a	n/a
3365.246	0	1682623	oddball_tone	active_oddball	oddball	n/a	n/a	n/a	n/a	n/a
3365.962	0	1682981	clicker_press	active_oddball	response-received-arrow_up	n/a	n/a	n/a	n/a	arrow_up
3366.044	0	1683022	oddball_response	active_oddball	active-oddball-button-press-709ms	n/a	n/a	0.709	n/a	n/a
3366.360	0	1683180	standard_tone	active_oddball	standard	n/a	n/a	n/a	n/a	n/a
3367.394	0	1683697	distractor_noise	active_oddball	distractor	n/a	n/a	n/a	n/a	n/a
3368.492	0	1684246	standard_tone	active_oddball	standard	n/a	n/a	n/a	n/a	n/a
3369.542	0	1684771	standard_tone	active_oddball	standard	n/a	n/a	n/a	n/a	n/a
3370.608	0	1685304	standard_tone	active_oddball	standard	n/a	n/a	n/a	n/a	n/a
3371.822	0	1685911	standard_tone	active_oddball	standard	n/a	n/a	n/a	n/a	n/a
3372.856	0	1686428	standard_tone	active_oddball	standard	n/a	n/a	n/a	n/a	n/a
3374.070	0	1687035	standard_tone	active_oddball	standard	n/a	n/a	n/a	n/a	n/a
3375.186	0	1687593	distractor_noise	active_oddball	distractor	n/a	n/a	n/a	n/a	n/a
3376.218	0	1688109	standard_tone	active_oddball	standard	n/a	n/a	n/a	n/a	n/a
3377.286	0	1688643	standard_tone	active_oddball	standard	n/a	n/a	n/a	n/a	n/a
3378.368	0	1689184	oddball_tone	active_oddball	oddball	n/a	n/a	n/a	n/a	n/a
3379.066	0	1689533	clicker_press	active_oddball	response-received-arrow_up	n/a	n/a	n/a	n/a	arrow_up
3379.100	0	1689550	oddball_response	active_oddball	active-oddball-button-press-693ms	n/a	n/a	0.693	n/a	n/a
3379.384	0	1689692	standard_tone	active_oddball	standard	n/a	n/a	n/a	n/a	n/a
3380.482	0	1690241	distractor_noise	active_oddball	distractor	n/a	n/a	n/a	n/a	n/a
3381.798	0	1690899	standard_tone	active_oddball	standard	n/a	n/a	n/a	n/a	n/a
3383.014	0	1691507	standard_tone	active_oddball	standard	n/a	n/a	n/a	n/a	n/a
3384.062	0	1692031	standard_tone	active_oddball	standard	n/a	n/a	n/a	n/a	n/a
3385.078	0	1692539	standard_tone	active_oddball	standard	n/a	n/a	n/a	n/a	n/a
3386.262	0	1693131	standard_tone	active_oddball	standard	n/a	n/a	n/a	n/a	n/a
3387.326	0	1693663	standard_tone	active_oddball	standard	n/a	n/a	n/a	n/a	n/a
3388.392	0	1694196	standard_tone	active_oddball	standard	n/a	n/a	n/a	n/a	n/a
3389.624	0	1694812	standard_tone	active_oddball	standard	n/a	n/a	n/a	n/a	n/a
3390.672	0	1695336	distractor_noise	active_oddball	distractor	n/a	n/a	n/a	n/a	n/a
3391.722	0	1695861	oddball_tone	active_oddball	oddball	n/a	n/a	n/a	n/a	n/a
3392.372	0	1696186	clicker_press	active_oddball	response-received-arrow_up	n/a	n/a	n/a	n/a	arrow_up
3392.390	0	1696195	oddball_response	active_oddball	active-oddball-button-press-644ms	n/a	n/a	0.644	n/a	n/a
3392.806	0	1696403	standard_tone	active_oddball	standard	n/a	n/a	n/a	n/a	n/a
3394.038	0	1697019	standard_tone	active_oddball	standard	n/a	n/a	n/a	n/a	n/a
3395.086	0	1697543	standard_tone	active_oddball	standard	n/a	n/a	n/a	n/a	n/a
3396.152	0	1698076	distractor_noise	active_oddball	distractor	n/a	n/a	n/a	n/a	n/a
3397.168	0	1698584	standard_tone	active_oddball	standard	n/a	n/a	n/a	n/a	n/a
3398.234	0	1699117	standard_tone	active_oddball	standard	n/a	n/a	n/a	n/a	n/a
3399.266	0	1699633	standard_tone	active_oddball	standard	n/a	n/a	n/a	n/a	n/a
3400.350	0	1700175	standard_tone	active_oddball	standard	n/a	n/a	n/a	n/a	n/a
3401.398	0	1700699	distractor_noise	active_oddball	distractor	n/a	n/a	n/a	n/a	n/a
3402.514	0	1701257	oddball_tone	active_oddball	oddball	n/a	n/a	n/a	n/a	n/a
3403.580	0	1701790	standard_tone	active_oddball	standard	n/a	n/a	n/a	n/a	n/a
3404.612	0	1702306	standard_tone	active_oddball	standard	n/a	n/a	n/a	n/a	n/a
3405.146	0	1702573	clicker_press	active_oddball	response-received-arrow_up	n/a	n/a	n/a	n/a	arrow_up
3405.428	0	1702714	oddball_response	active_oddball	active-oddball-button-press-527ms	n/a	n/a	0.527	n/a	n/a
3405.744	0	1702872	standard_tone	active_oddball	standard	n/a	n/a	n/a	n/a	n/a
3406.778	0	1703389	standard_tone	active_oddball	standard	n/a	n/a	n/a	n/a	n/a
3407.876	0	1703938	standard_tone	active_oddball	standard	n/a	n/a	n/a	n/a	n/a
3409.076	0	1704538	standard_tone	active_oddball	standard	n/a	n/a	n/a	n/a	n/a
3410.108	0	1705054	standard_tone	active_oddball	standard	n/a	n/a	n/a	n/a	n/a
3411.206	0	1705603	standard_tone	active_oddball	standard	n/a	n/a	n/a	n/a	n/a
3412.222	0	1706111	standard_tone	active_oddball	standard	n/a	n/a	n/a	n/a	n/a
3413.306	0	1706653	oddball_tone	active_oddball	oddball	n/a	n/a	n/a	n/a	n/a
3413.888	0	1706944	clicker_press	active_oddball	response-received-arrow_up	n/a	n/a	n/a	n/a	arrow_up
3413.920	0	1706960	oddball_response	active_oddball	active-oddball-button-press-576ms	n/a	n/a	0.576	n/a	n/a
3414.338	0	1707169	distractor_noise	active_oddball	distractor	n/a	n/a	n/a	n/a	n/a
3415.436	0	1707718	standard_tone	active_oddball	standard	n/a	n/a	n/a	n/a	n/a
3416.470	0	1708235	standard_tone	active_oddball	standard	n/a	n/a	n/a	n/a	n/a
3417.484	0	1708742	standard_tone	active_oddball	standard	n/a	n/a	n/a	n/a	n/a
3418.568	0	1709284	standard_tone	active_oddball	standard	n/a	n/a	n/a	n/a	n/a
3419.634	0	1709817	distractor_noise	active_oddball	distractor	n/a	n/a	n/a	n/a	n/a
3420.766	0	1710383	standard_tone	active_oddball	standard	n/a	n/a	n/a	n/a	n/a
3421.848	0	1710924	distractor_noise	active_oddball	distractor	n/a	n/a	n/a	n/a	n/a
3422.864	0	1711432	standard_tone	active_oddball	standard	n/a	n/a	n/a	n/a	n/a
3423.880	0	1711940	standard_tone	active_oddball	standard	n/a	n/a	n/a	n/a	n/a
3424.896	0	1712448	standard_tone	active_oddball	standard	n/a	n/a	n/a	n/a	n/a
3425.994	0	1712997	distractor_noise	active_oddball	distractor	n/a	n/a	n/a	n/a	n/a
3427.028	0	1713514	standard_tone	active_oddball	standard	n/a	n/a	n/a	n/a	n/a
3428.092	0	1714046	distractor_noise	active_oddball	distractor	n/a	n/a	n/a	n/a	n/a
3429.126	0	1714563	oddball_tone	active_oddball	oddball	n/a	n/a	n/a	n/a	n/a
3429.724	0	1714862	clicker_press	active_oddball	response-received-arrow_up	n/a	n/a	n/a	n/a	arrow_up
3429.824	0	1714912	oddball_response	active_oddball	active-oddball-button-press-594ms	n/a	n/a	0.594	n/a	n/a
3430.140	0	1715070	standard_tone	active_oddball	standard	n/a	n/a	n/a	n/a	n/a
3431.174	0	1715587	standard_tone	active_oddball	standard	n/a	n/a	n/a	n/a	n/a
3432.256	0	1716128	standard_tone	active_oddball	standard	n/a	n/a	n/a	n/a	n/a
3433.272	0	1716636	standard_tone	active_oddball	standard	n/a	n/a	n/a	n/a	n/a
3434.288	0	1717144	oddball_tone	active_oddball	oddball	n/a	n/a	n/a	n/a	n/a
3434.938	0	1717469	clicker_press	active_oddball	response-received-arrow_up	n/a	n/a	n/a	n/a	arrow_up
3434.954	0	1717477	oddball_response	active_oddball	active-oddball-button-press-642ms	n/a	n/a	0.642	n/a	n/a
3435.438	0	1717719	standard_tone	active_oddball	standard	n/a	n/a	n/a	n/a	n/a
3436.470	0	1718235	oddball_tone	active_oddball	oddball	n/a	n/a	n/a	n/a	n/a
3437.120	0	1718560	clicker_press	active_oddball	response-received-arrow_up	n/a	n/a	n/a	n/a	arrow_up
3437.270	0	1718635	oddball_response	active_oddball	active-oddball-button-press-643ms	n/a	n/a	0.643	n/a	n/a
3437.552	0	1718776	standard_tone	active_oddball	standard	n/a	n/a	n/a	n/a	n/a
3438.650	0	1719325	standard_tone	active_oddball	standard	n/a	n/a	n/a	n/a	n/a
3439.734	0	1719867	standard_tone	active_oddball	standard	n/a	n/a	n/a	n/a	n/a
3440.966	0	1720483	standard_tone	active_oddball	standard	n/a	n/a	n/a	n/a	n/a
3442.098	0	1721049	oddball_tone	active_oddball	oddball	n/a	n/a	n/a	n/a	n/a
3442.650	0	1721325	clicker_press	active_oddball	response-received-arrow_up	n/a	n/a	n/a	n/a	arrow_up
3442.680	0	1721340	oddball_response	active_oddball	active-oddball-button-press-546ms	n/a	n/a	0.546	n/a	n/a
3443.180	0	1721590	standard_tone	active_oddball	standard	n/a	n/a	n/a	n/a	n/a
3444.228	0	1722114	standard_tone	active_oddball	standard	n/a	n/a	n/a	n/a	n/a
3445.246	0	1722623	standard_tone	active_oddball	standard	n/a	n/a	n/a	n/a	n/a
3446.262	0	1723131	standard_tone	active_oddball	standard	n/a	n/a	n/a	n/a	n/a
3447.426	0	1723713	standard_tone	active_oddball	standard	n/a	n/a	n/a	n/a	n/a
3448.492	0	1724246	standard_tone	active_oddball	standard	n/a	n/a	n/a	n/a	n/a
3449.542	0	1724771	oddball_tone	active_oddball	oddball	n/a	n/a	n/a	n/a	n/a
3450.208	0	1725104	clicker_press	active_oddball	response-received-arrow_up	n/a	n/a	n/a	n/a	arrow_up
3450.274	0	1725137	oddball_response	active_oddball	active-oddball-button-press-660ms	n/a	n/a	0.660	n/a	n/a
3450.590	0	1725295	distractor_noise	active_oddball	distractor	n/a	n/a	n/a	n/a	n/a
3451.706	0	1725853	standard_tone	active_oddball	standard	n/a	n/a	n/a	n/a	n/a
3452.722	0	1726361	standard_tone	active_oddball	standard	n/a	n/a	n/a	n/a	n/a
3453.772	0	1726886	standard_tone	active_oddball	standard	n/a	n/a	n/a	n/a	n/a
3454.788	0	1727394	standard_tone	active_oddball	standard	n/a	n/a	n/a	n/a	n/a
3455.886	0	1727943	standard_tone	active_oddball	standard	n/a	n/a	n/a	n/a	n/a
3457.168	0	1728584	oddball_tone	active_oddball	oddball	n/a	n/a	n/a	n/a	n/a
3457.770	0	1728885	clicker_press	active_oddball	response-received-arrow_up	n/a	n/a	n/a	n/a	arrow_up
3457.784	0	1728892	oddball_response	active_oddball	active-oddball-button-press-594ms	n/a	n/a	0.594	n/a	n/a
3458.184	0	1729092	standard_tone	active_oddball	standard	n/a	n/a	n/a	n/a	n/a
3459.202	0	1729601	distractor_noise	active_oddball	distractor	n/a	n/a	n/a	n/a	n/a
3460.266	0	1730133	standard_tone	active_oddball	standard	n/a	n/a	n/a	n/a	n/a
3461.332	0	1730666	oddball_tone	active_oddball	oddball	n/a	n/a	n/a	n/a	n/a
3461.966	0	1730983	clicker_press	active_oddball	response-received-arrow_up	n/a	n/a	n/a	n/a	arrow_up
3462.314	0	1731157	oddball_response	active_oddball	active-oddball-button-press-629ms	n/a	n/a	0.629	n/a	n/a
3462.382	0	1731191	distractor_noise	active_oddball	distractor	n/a	n/a	n/a	n/a	n/a
3463.398	0	1731699	standard_tone	active_oddball	standard	n/a	n/a	n/a	n/a	n/a
3464.446	0	1732223	distractor_noise	active_oddball	distractor	n/a	n/a	n/a	n/a	n/a
3465.462	0	1732731	standard_tone	active_oddball	standard	n/a	n/a	n/a	n/a	n/a
3466.494	0	1733247	standard_tone	active_oddball	standard	n/a	n/a	n/a	n/a	n/a
3467.576	0	1733788	standard_tone	active_oddball	standard	n/a	n/a	n/a	n/a	n/a
3468.660	0	1734330	standard_tone	active_oddball	standard	n/a	n/a	n/a	n/a	n/a
3469.774	0	1734887	standard_tone	active_oddball	standard	n/a	n/a	n/a	n/a	n/a
3470.840	0	1735420	standard_tone	active_oddball	standard	n/a	n/a	n/a	n/a	n/a
3471.956	0	1735978	standard_tone	active_oddball	standard	n/a	n/a	n/a	n/a	n/a
3473.006	0	1736503	oddball_tone	active_oddball	oddball	n/a	n/a	n/a	n/a	n/a
3473.572	0	1736786	clicker_press	active_oddball	response-received-arrow_up	n/a	n/a	n/a	n/a	arrow_up
3473.590	0	1736795	oddball_response	active_oddball	active-oddball-button-press-558ms	n/a	n/a	0.558	n/a	n/a
3474.038	0	1737019	standard_tone	active_oddball	standard	n/a	n/a	n/a	n/a	n/a
3475.170	0	1737585	oddball_tone	active_oddball	oddball	n/a	n/a	n/a	n/a	n/a
3475.770	0	1737885	clicker_press	active_oddball	response-received-arrow_up	n/a	n/a	n/a	n/a	arrow_up
3475.786	0	1737893	oddball_response	active_oddball	active-oddball-button-press-593ms	n/a	n/a	0.593	n/a	n/a
3476.320	0	1738160	standard_tone	active_oddball	standard	n/a	n/a	n/a	n/a	n/a
3477.386	0	1738693	distractor_noise	active_oddball	distractor	n/a	n/a	n/a	n/a	n/a
3478.418	0	1739209	standard_tone	active_oddball	standard	n/a	n/a	n/a	n/a	n/a
3479.434	0	1739717	standard_tone	active_oddball	standard	n/a	n/a	n/a	n/a	n/a
3480.500	0	1740250	standard_tone	active_oddball	standard	n/a	n/a	n/a	n/a	n/a
3481.598	0	1740799	standard_tone	active_oddball	standard	n/a	n/a	n/a	n/a	n/a
3482.632	0	1741316	standard_tone	active_oddball	standard	n/a	n/a	n/a	n/a	n/a
3483.680	0	1741840	oddball_tone	active_oddball	oddball	n/a	n/a	n/a	n/a	n/a
3484.396	0	1742198	clicker_press	active_oddball	response-received-arrow_up	n/a	n/a	n/a	n/a	arrow_up
3484.414	0	1742207	oddball_response	active_oddball	active-oddball-button-press-710ms	n/a	n/a	0.710	n/a	n/a
3484.712	0	1742356	standard_tone	active_oddball	standard	n/a	n/a	n/a	n/a	n/a
3485.728	0	1742864	oddball_tone	active_oddball	oddball	n/a	n/a	n/a	n/a	n/a
3486.294	0	1743147	clicker_press	active_oddball	response-received-arrow_up	n/a	n/a	n/a	n/a	arrow_up
3486.312	0	1743156	oddball_response	active_oddball	active-oddball-button-press-559ms	n/a	n/a	0.559	n/a	n/a
3486.760	0	1743380	standard_tone	active_oddball	standard	n/a	n/a	n/a	n/a	n/a
3487.810	0	1743905	standard_tone	active_oddball	standard	n/a	n/a	n/a	n/a	n/a
3488.842	0	1744421	standard_tone	active_oddball	standard	n/a	n/a	n/a	n/a	n/a
3489.876	0	1744938	distractor_noise	active_oddball	distractor	n/a	n/a	n/a	n/a	n/a
3490.890	0	1745445	oddball_tone	active_oddball	oddball	n/a	n/a	n/a	n/a	n/a
3491.522	0	1745761	clicker_press	active_oddball	response-received-arrow_up	n/a	n/a	n/a	n/a	arrow_up
3491.606	0	1745803	oddball_response	active_oddball	active-oddball-button-press-626ms	n/a	n/a	0.626	n/a	n/a
3491.906	0	1745953	distractor_noise	active_oddball	distractor	n/a	n/a	n/a	n/a	n/a
3492.922	0	1746461	standard_tone	active_oddball	standard	n/a	n/a	n/a	n/a	n/a
3493.938	0	1746969	standard_tone	active_oddball	standard	n/a	n/a	n/a	n/a	n/a
3494.970	0	1747485	standard_tone	active_oddball	standard	n/a	n/a	n/a	n/a	n/a
3496.002	0	1748001	standard_tone	active_oddball	standard	n/a	n/a	n/a	n/a	n/a
3497.052	0	1748526	standard_tone	active_oddball	standard	n/a	n/a	n/a	n/a	n/a
3498.118	0	1749059	standard_tone	active_oddball	standard	n/a	n/a	n/a	n/a	n/a
3499.184	0	1749592	distractor_noise	active_oddball	distractor	n/a	n/a	n/a	n/a	n/a
3500.182	0	1750091	standard_tone	active_oddball	standard	n/a	n/a	n/a	n/a	n/a
3501.248	0	1750624	standard_tone	active_oddball	standard	n/a	n/a	n/a	n/a	n/a
3502.264	0	1751132	standard_tone	active_oddball	standard	n/a	n/a	n/a	n/a	n/a
3503.296	0	1751648	standard_tone	active_oddball	standard	n/a	n/a	n/a	n/a	n/a
3504.362	0	1752181	active_oddball_end	active_oddball	active-oddball-end	n/a	n/a	n/a	n/a	n/a
3504.364	0	1752182	prompt_window_begin	active_oddball	probe-oddball-begin	n/a	n/a	n/a	n/a	n/a
3512.456	0	1756228	clicker_press	n/a	response-received-arrow_up	n/a	n/a	n/a	n/a	arrow_up
3513.024	0	1756512	clicker_press	n/a	response-received-arrow_up	n/a	n/a	n/a	n/a	arrow_up
3513.406	0	1756703	depth_rating	active_oddball	rating-oddball-meditation_depth-2	2	n/a	n/a	n/a	n/a
3519.800	0	1759900	clicker_press	n/a	response-received-arrow_up	n/a	n/a	n/a	n/a	arrow_up
3520.200	0	1760100	clicker_press	n/a	response-received-arrow_up	n/a	n/a	n/a	n/a	arrow_up
3520.566	0	1760283	clicker_press	n/a	response-received-arrow_up	n/a	n/a	n/a	n/a	arrow_up
3520.800	0	1760400	clicker_press	n/a	response-received-arrow_up	n/a	n/a	n/a	n/a	arrow_up
3523.580	0	1761790	confidence_rating	active_oddball	rating-oddball-confidence_depth-4	n/a	4	n/a	n/a	n/a
3524.746	0	1762373	prompt_window_end	active_oddball	probe-oddball-end	n/a	n/a	n/a	n/a	n/a
3589.960	0	1794980	clicker_press	n/a	response-received-arrow_up	n/a	n/a	n/a	n/a	arrow_up
3589.982	0	1794991	silent_emerge_begin	silent_emerge	block-nosapo-emerge-begin	n/a	n/a	n/a	n/a	n/a
3589.982	0	1794991	subblock_begin	silent_emerge	subblock-begin	n/a	n/a	n/a	n/a	n/a
3589.984	0	1794992	silence_begin	silent_emerge	silence-begin	n/a	n/a	n/a	n/a	n/a
3690.142	0	1845071	silence_end	silent_emerge	silence-end	n/a	n/a	n/a	n/a	n/a
3690.144	0	1845072	gong_begin	silent_emerge	gong-begin	n/a	n/a	n/a	n/a	n/a
3700.184	0	1850092	gong_end	silent_emerge	gong-end	n/a	n/a	n/a	n/a	n/a
3700.186	0	1850093	subblock_end	silent_emerge	subblock-end-duration-110.204	n/a	n/a	n/a	110.204	n/a
3700.186	0	1850093	subblock_begin	silent_emerge	subblock-begin	n/a	n/a	n/a	n/a	n/a
3700.186	0	1850093	silence_begin	silent_emerge	silence-begin	n/a	n/a	n/a	n/a	n/a
3708.628	0	1854314	clicker_press	silent_emerge	response-received-arrow_up	n/a	n/a	n/a	n/a	arrow_up
3708.644	0	1854322	report_window_begin	silent_emerge	emerge-nosapo-emerge-begin	n/a	n/a	n/a	n/a	n/a
3709.144	0	1854572	clicker_press	silent_emerge	response-received-arrow_up	n/a	n/a	n/a	n/a	arrow_up
3709.594	0	1854797	clicker_press	silent_emerge	response-received-arrow_up	n/a	n/a	n/a	n/a	arrow_up
3712.690	0	1856345	depth_rating	silent_emerge	rating-nosapo-emerge-meditation_depth-3	3	n/a	n/a	n/a	n/a
3716.120	0	1858060	clicker_press	silent_emerge	response-received-arrow_up	n/a	n/a	n/a	n/a	arrow_up
3716.570	0	1858285	clicker_press	silent_emerge	response-received-arrow_up	n/a	n/a	n/a	n/a	arrow_up
3716.988	0	1858494	clicker_press	silent_emerge	response-received-arrow_up	n/a	n/a	n/a	n/a	arrow_up
3717.354	0	1858677	clicker_press	silent_emerge	response-received-arrow_up	n/a	n/a	n/a	n/a	arrow_up
3717.636	0	1858818	clicker_press	silent_emerge	response-received-arrow_up	n/a	n/a	n/a	n/a	arrow_up
3722.750	0	1861375	confidence_rating	silent_emerge	rating-nosapo-emerge-confidence_depth-5	n/a	5	n/a	n/a	n/a
3726.180	0	1863090	report_window_end	silent_emerge	emerge-nosapo-emerge-end	n/a	n/a	n/a	n/a	n/a
3726.180	0	1863090	subblock_begin	silent_emerge	subblock-begin	n/a	n/a	n/a	n/a	n/a
3726.180	0	1863090	silence_begin	silent_emerge	silence-begin	n/a	n/a	n/a	n/a	n/a
3832.958	0	1916479	silence_end	silent_emerge	silence-end	n/a	n/a	n/a	n/a	n/a
3832.990	0	1916495	gong_begin	silent_emerge	gong-begin	n/a	n/a	n/a	n/a	n/a
3843.084	0	1921542	gong_end	silent_emerge	gong-end	n/a	n/a	n/a	n/a	n/a
3843.084	0	1921542	subblock_end	silent_emerge	subblock-end-duration-116.905	n/a	n/a	n/a	116.905	n/a
3843.084	0	1921542	subblock_begin	silent_emerge	subblock-begin	n/a	n/a	n/a	n/a	n/a
3843.086	0	1921543	silence_begin	silent_emerge	silence-begin	n/a	n/a	n/a	n/a	n/a
3843.532	0	1921766	clicker_press	silent_emerge	response-received-arrow_up	n/a	n/a	n/a	n/a	arrow_up
3843.550	0	1921775	report_window_begin	silent_emerge	emerge-nosapo-emerge-begin	n/a	n/a	n/a	n/a	n/a
3843.966	0	1921983	clicker_press	silent_emerge	response-received-arrow_up	n/a	n/a	n/a	n/a	arrow_up
3844.366	0	1922183	clicker_press	silent_emerge	response-received-arrow_up	n/a	n/a	n/a	n/a	arrow_up
3844.782	0	1922391	clicker_press	silent_emerge	response-received-arrow_up	n/a	n/a	n/a	n/a	arrow_up
3845.114	0	1922557	clicker_press	silent_emerge	response-received-arrow_up	n/a	n/a	n/a	n/a	arrow_up
3847.562	0	1923781	depth_rating	silent_emerge	rating-nosapo-emerge-meditation_depth-5	5	n/a	n/a	n/a	n/a
3852.524	0	1926262	clicker_press	silent_emerge	response-received-arrow_up	n/a	n/a	n/a	n/a	arrow_up
3852.908	0	1926454	clicker_press	silent_emerge	response-received-arrow_up	n/a	n/a	n/a	n/a	arrow_up
3853.274	0	1926637	clicker_press	silent_emerge	response-received-arrow_up	n/a	n/a	n/a	n/a	arrow_up
3853.558	0	1926779	clicker_press	silent_emerge	response-received-arrow_up	n/a	n/a	n/a	n/a	arrow_up
3857.604	0	1928802	confidence_rating	silent_emerge	rating-nosapo-emerge-confidence_depth-4	n/a	4	n/a	n/a	n/a
3861.134	0	1930567	report_window_end	silent_emerge	emerge-nosapo-emerge-end	n/a	n/a	n/a	n/a	n/a
3861.136	0	1930568	subblock_begin	silent_emerge	subblock-begin	n/a	n/a	n/a	n/a	n/a
3861.136	0	1930568	silence_begin	silent_emerge	silence-begin	n/a	n/a	n/a	n/a	n/a
3975.856	0	1987928	silence_end	silent_emerge	silence-end	n/a	n/a	n/a	n/a	n/a
3976.122	0	1988061	gong_begin	silent_emerge	gong-begin	n/a	n/a	n/a	n/a	n/a
3985.898	0	1992949	gong_end	silent_emerge	gong-end	n/a	n/a	n/a	n/a	n/a
3985.898	0	1992949	subblock_end	silent_emerge	subblock-end-duration-124.763	n/a	n/a	n/a	124.763	n/a
3985.898	0	1992949	subblock_begin	silent_emerge	subblock-begin	n/a	n/a	n/a	n/a	n/a
3985.900	0	1992950	silence_begin	silent_emerge	silence-begin	n/a	n/a	n/a	n/a	n/a
3986.898	0	1993449	clicker_press	silent_emerge	response-received-arrow_up	n/a	n/a	n/a	n/a	arrow_up
3987.064	0	1993532	report_window_begin	silent_emerge	emerge-nosapo-emerge-begin	n/a	n/a	n/a	n/a	n/a
3987.412	0	1993706	clicker_press	silent_emerge	response-received-arrow_up	n/a	n/a	n/a	n/a	arrow_up
3987.896	0	1993948	clicker_press	silent_emerge	response-received-arrow_up	n/a	n/a	n/a	n/a	arrow_up
3988.330	0	1994165	clicker_press	silent_emerge	response-received-arrow_up	n/a	n/a	n/a	n/a	arrow_up
3991.076	0	1995538	depth_rating	silent_emerge	rating-nosapo-emerge-meditation_depth-4	4	n/a	n/a	n/a	n/a
3993.774	0	1996887	clicker_press	silent_emerge	response-received-arrow_up	n/a	n/a	n/a	n/a	arrow_up
3994.276	0	1997138	clicker_press	silent_emerge	response-received-arrow_up	n/a	n/a	n/a	n/a	arrow_up
3994.640	0	1997320	clicker_press	silent_emerge	response-received-arrow_up	n/a	n/a	n/a	n/a	arrow_up
3994.976	0	1997488	clicker_press	silent_emerge	response-received-arrow_up	n/a	n/a	n/a	n/a	arrow_up
4001.120	0	2000560	confidence_rating	silent_emerge	rating-nosapo-emerge-confidence_depth-4	n/a	4	n/a	n/a	n/a
4004.582	0	2002291	report_window_end	silent_emerge	emerge-nosapo-emerge-end	n/a	n/a	n/a	n/a	n/a
4004.584	0	2002292	subblock_begin	silent_emerge	subblock-begin	n/a	n/a	n/a	n/a	n/a
4004.584	0	2002292	silence_begin	silent_emerge	silence-begin	n/a	n/a	n/a	n/a	n/a
4111.444	0	2055722	clicker_press	silent_emerge	response-received-arrow_up	n/a	n/a	n/a	n/a	arrow_up
4111.610	0	2055805	report_window_begin	silent_emerge	emerge-nosapo-emerge-begin	n/a	n/a	n/a	n/a	n/a
4111.760	0	2055880	clicker_press	silent_emerge	response-received-arrow_up	n/a	n/a	n/a	n/a	arrow_up
4115.624	0	2057812	depth_rating	silent_emerge	rating-nosapo-emerge-meditation_depth-2	2	n/a	n/a	n/a	n/a
4118.788	0	2059394	clicker_press	silent_emerge	response-received-arrow_up	n/a	n/a	n/a	n/a	arrow_up
4119.138	0	2059569	clicker_press	silent_emerge	response-received-arrow_up	n/a	n/a	n/a	n/a	arrow_up
4119.470	0	2059735	clicker_press	silent_emerge	response-received-arrow_up	n/a	n/a	n/a	n/a	arrow_up
4119.720	0	2059860	clicker_press	silent_emerge	response-received-arrow_up	n/a	n/a	n/a	n/a	arrow_up
4119.988	0	2059994	clicker_press	silent_emerge	response-received-arrow_up	n/a	n/a	n/a	n/a	arrow_up
4125.682	0	2062841	confidence_rating	silent_emerge	rating-nosapo-emerge-confidence_depth-5	n/a	5	n/a	n/a	n/a
4129.112	0	2064556	report_window_end	silent_emerge	emerge-nosapo-emerge-end	n/a	n/a	n/a	n/a	n/a
4129.114	0	2064557	subblock_begin	silent_emerge	subblock-begin	n/a	n/a	n/a	n/a	n/a
4129.114	0	2064557	silence_begin	silent_emerge	silence-begin	n/a	n/a	n/a	n/a	n/a
4239.988	0	2119994	silence_end	silent_emerge	silence-end	n/a	n/a	n/a	n/a	n/a
4239.990	0	2119995	gong_begin	silent_emerge	gong-begin	n/a	n/a	n/a	n/a	n/a
4246.048	0	2123024	clicker_press	silent_emerge	response-received-arrow_up	n/a	n/a	n/a	n/a	arrow_up
4246.132	0	2123066	gong_end	silent_emerge	gong-end	n/a	n/a	n/a	n/a	n/a
4246.132	0	2123066	report_window_begin	silent_emerge	emerge-nosapo-emerge-begin	n/a	n/a	n/a	n/a	n/a
4246.348	0	2123174	clicker_press	silent_emerge	response-received-arrow_up	n/a	n/a	n/a	n/a	arrow_up
4246.566	0	2123283	clicker_press	silent_emerge	response-received-arrow_up	n/a	n/a	n/a	n/a	arrow_up
4250.178	0	2125089	depth_rating	silent_emerge	rating-nosapo-emerge-meditation_depth-3	3	n/a	n/a	n/a	n/a
4253.078	0	2126539	clicker_press	silent_emerge	response-received-arrow_up	n/a	n/a	n/a	n/a	arrow_up
4253.394	0	2126697	clicker_press	silent_emerge	response-received-arrow_up	n/a	n/a	n/a	n/a	arrow_up
4253.742	0	2126871	clicker_press	silent_emerge	response-received-arrow_up	n/a	n/a	n/a	n/a	arrow_up
4254.042	0	2127021	clicker_press	silent_emerge	response-received-arrow_up	n/a	n/a	n/a	n/a	arrow_up
4254.276	0	2127138	clicker_press	silent_emerge	response-received-arrow_up	n/a	n/a	n/a	n/a	arrow_up
4260.304	0	2130152	confidence_rating	silent_emerge	rating-nosapo-emerge-confidence_depth-5	n/a	5	n/a	n/a	n/a
4263.850	0	2131925	report_window_end	silent_emerge	emerge-nosapo-emerge-end	n/a	n/a	n/a	n/a	n/a
4263.852	0	2131926	subblock_end	silent_emerge	subblock-end-duration-134.739	n/a	n/a	n/a	134.739	n/a
4263.852	0	2131926	subblock_begin	silent_emerge	subblock-begin	n/a	n/a	n/a	n/a	n/a
4263.852	0	2131926	silence_begin	silent_emerge	silence-begin	n/a	n/a	n/a	n/a	n/a
4373.544	0	2186772	silence_end	silent_emerge	silence-end	n/a	n/a	n/a	n/a	n/a
4373.708	0	2186854	gong_begin	silent_emerge	gong-begin	n/a	n/a	n/a	n/a	n/a
4383.602	0	2191801	gong_end	silent_emerge	gong-end	n/a	n/a	n/a	n/a	n/a
4383.602	0	2191801	subblock_end	silent_emerge	subblock-end-duration-119.751	n/a	n/a	n/a	119.751	n/a
4383.602	0	2191801	subblock_begin	silent_emerge	subblock-begin	n/a	n/a	n/a	n/a	n/a
4383.604	0	2191802	silence_begin	silent_emerge	silence-begin	n/a	n/a	n/a	n/a	n/a
4386.100	0	2193050	clicker_press	silent_emerge	response-received-arrow_up	n/a	n/a	n/a	n/a	arrow_up
4386.266	0	2193133	report_window_begin	silent_emerge	emerge-nosapo-emerge-begin	n/a	n/a	n/a	n/a	n/a
4386.400	0	2193200	clicker_press	silent_emerge	response-received-arrow_up	n/a	n/a	n/a	n/a	arrow_up
4386.784	0	2193392	clicker_press	silent_emerge	response-received-arrow_up	n/a	n/a	n/a	n/a	arrow_up
4390.280	0	2195140	depth_rating	silent_emerge	rating-nosapo-emerge-meditation_depth-3	3	n/a	n/a	n/a	n/a
4394.508	0	2197254	clicker_press	silent_emerge	response-received-arrow_up	n/a	n/a	n/a	n/a	arrow_up
4394.776	0	2197388	clicker_press	silent_emerge	response-received-arrow_up	n/a	n/a	n/a	n/a	arrow_up
4395.094	0	2197547	clicker_press	silent_emerge	response-received-arrow_up	n/a	n/a	n/a	n/a	arrow_up
4395.342	0	2197671	clicker_press	silent_emerge	response-received-arrow_up	n/a	n/a	n/a	n/a	arrow_up
4395.560	0	2197780	clicker_press	silent_emerge	response-received-arrow_up	n/a	n/a	n/a	n/a	arrow_up
4400.404	0	2200202	confidence_rating	silent_emerge	rating-nosapo-emerge-confidence_depth-5	n/a	5	n/a	n/a	n/a
4403.852	0	2201926	report_window_end	silent_emerge	emerge-nosapo-emerge-end	n/a	n/a	n/a	n/a	n/a
4403.854	0	2201927	subblock_begin	silent_emerge	subblock-begin	n/a	n/a	n/a	n/a	n/a
4403.854	0	2201927	silence_begin	silent_emerge	silence-begin	n/a	n/a	n/a	n/a	n/a
4514.126	0	2257063	silence_end	silent_emerge	silence-end	n/a	n/a	n/a	n/a	n/a
4514.128	0	2257064	gong_begin	silent_emerge	gong-begin	n/a	n/a	n/a	n/a	n/a
4524.202	0	2262101	gong_end	silent_emerge	gong-end	n/a	n/a	n/a	n/a	n/a
4524.202	0	2262101	subblock_end	silent_emerge	subblock-end-duration-120.35	n/a	n/a	n/a	120.350	n/a
4524.204	0	2262102	subblock_begin	silent_emerge	subblock-begin	n/a	n/a	n/a	n/a	n/a
4524.204	0	2262102	silence_begin	silent_emerge	silence-begin	n/a	n/a	n/a	n/a	n/a
4525.866	0	2262933	clicker_press	silent_emerge	response-received-arrow_up	n/a	n/a	n/a	n/a	arrow_up
4525.900	0	2262950	report_window_begin	silent_emerge	emerge-nosapo-emerge-begin	n/a	n/a	n/a	n/a	n/a
4526.116	0	2263058	clicker_press	silent_emerge	response-received-arrow_up	n/a	n/a	n/a	n/a	arrow_up
4527.016	0	2263508	clicker_press	silent_emerge	response-received-arrow_up	n/a	n/a	n/a	n/a	arrow_up
4527.166	0	2263583	clicker_press	silent_emerge	response-received-arrow_up	n/a	n/a	n/a	n/a	arrow_up
4529.914	0	2264957	depth_rating	silent_emerge	rating-nosapo-emerge-meditation_depth-4	4	n/a	n/a	n/a	n/a
4531.662	0	2265831	clicker_press	silent_emerge	response-received-arrow_up	n/a	n/a	n/a	n/a	arrow_up
4531.982	0	2265991	clicker_press	silent_emerge	response-received-arrow_up	n/a	n/a	n/a	n/a	arrow_up
4532.828	0	2266414	clicker_press	silent_emerge	response-received-arrow_up	n/a	n/a	n/a	n/a	arrow_up
4533.060	0	2266530	clicker_press	silent_emerge	response-received-arrow_up	n/a	n/a	n/a	n/a	arrow_up
4539.956	0	2269978	confidence_rating	silent_emerge	rating-nosapo-emerge-confidence_depth-4	n/a	4	n/a	n/a	n/a
4543.470	0	2271735	report_window_end	silent_emerge	emerge-nosapo-emerge-end	n/a	n/a	n/a	n/a	n/a
4543.470	0	2271735	subblock_begin	silent_emerge	subblock-begin	n/a	n/a	n/a	n/a	n/a
4543.470	0	2271735	silence_begin	silent_emerge	silence-begin	n/a	n/a	n/a	n/a	n/a
4660.206	0	2330103	silence_end	silent_emerge	silence-end	n/a	n/a	n/a	n/a	n/a
4660.472	0	2330236	gong_begin	silent_emerge	gong-begin	n/a	n/a	n/a	n/a	n/a
4670.214	0	2335107	gong_end	silent_emerge	gong-end	n/a	n/a	n/a	n/a	n/a
4670.214	0	2335107	subblock_end	silent_emerge	subblock-end-duration-126.745	n/a	n/a	n/a	126.745	n/a
4670.216	0	2335108	subblock_begin	silent_emerge	subblock-begin	n/a	n/a	n/a	n/a	n/a
4670.216	0	2335108	silence_begin	silent_emerge	silence-begin	n/a	n/a	n/a	n/a	n/a
4671.330	0	2335665	clicker_press	silent_emerge	response-received-arrow_up	n/a	n/a	n/a	n/a	arrow_up
4671.362	0	2335681	report_window_begin	silent_emerge	emerge-nosapo-emerge-begin	n/a	n/a	n/a	n/a	n/a
4671.546	0	2335773	clicker_press	silent_emerge	response-received-arrow_up	n/a	n/a	n/a	n/a	arrow_up
4675.378	0	2337689	depth_rating	silent_emerge	rating-nosapo-emerge-meditation_depth-2	2	n/a	n/a	n/a	n/a
4677.676	0	2338838	clicker_press	silent_emerge	response-received-arrow_up	n/a	n/a	n/a	n/a	arrow_up
4677.874	0	2338937	clicker_press	silent_emerge	response-received-arrow_up	n/a	n/a	n/a	n/a	arrow_up
4678.324	0	2339162	clicker_press	silent_emerge	response-received-arrow_up	n/a	n/a	n/a	n/a	arrow_up
4678.556	0	2339278	clicker_press	silent_emerge	response-received-arrow_up	n/a	n/a	n/a	n/a	arrow_up
4685.536	0	2342768	confidence_rating	silent_emerge	rating-nosapo-emerge-confidence_depth-4	n/a	4	n/a	n/a	n/a
4689.000	0	2344500	report_window_end	silent_emerge	emerge-nosapo-emerge-end	n/a	n/a	n/a	n/a	n/a
4689.000	0	2344500	subblock_begin	silent_emerge	subblock-begin	n/a	n/a	n/a	n/a	n/a
4689.000	0	2344500	silence_begin	silent_emerge	silence-begin	n/a	n/a	n/a	n/a	n/a
4804.336	0	2402168	silence_end	silent_emerge	silence-end	n/a	n/a	n/a	n/a	n/a
4804.338	0	2402169	gong_begin	silent_emerge	gong-begin	n/a	n/a	n/a	n/a	n/a
4814.394	0	2407197	gong_end	silent_emerge	gong-end	n/a	n/a	n/a	n/a	n/a
4814.396	0	2407198	subblock_end	silent_emerge	subblock-end-duration-125.396	n/a	n/a	n/a	125.396	n/a
4814.396	0	2407198	subblock_begin	silent_emerge	subblock-begin	n/a	n/a	n/a	n/a	n/a
4814.396	0	2407198	silence_begin	silent_emerge	silence-begin	n/a	n/a	n/a	n/a	n/a
4814.928	0	2407464	clicker_press	silent_emerge	response-received-arrow_up	n/a	n/a	n/a	n/a	arrow_up
4814.994	0	2407497	report_window_begin	silent_emerge	emerge-nosapo-emerge-begin	n/a	n/a	n/a	n/a	n/a
4815.378	0	2407689	clicker_press	silent_emerge	response-received-arrow_up	n/a	n/a	n/a	n/a	arrow_up
4815.762	0	2407881	clicker_press	silent_emerge	response-received-arrow_up	n/a	n/a	n/a	n/a	arrow_up
4819.024	0	2409512	depth_rating	silent_emerge	rating-nosapo-emerge-meditation_depth-3	3	n/a	n/a	n/a	n/a
4820.940	0	2410470	clicker_press	silent_emerge	response-received-arrow_up	n/a	n/a	n/a	n/a	arrow_up
4821.272	0	2410636	clicker_press	silent_emerge	response-received-arrow_up	n/a	n/a	n/a	n/a	arrow_up
4821.440	0	2410720	clicker_press	silent_emerge	response-received-arrow_up	n/a	n/a	n/a	n/a	arrow_up
4821.740	0	2410870	clicker_press	silent_emerge	response-received-arrow_up	n/a	n/a	n/a	n/a	arrow_up
4822.006	0	2411003	clicker_press	silent_emerge	response-received-arrow_up	n/a	n/a	n/a	n/a	arrow_up
4829.066	0	2414533	confidence_rating	silent_emerge	rating-nosapo-emerge-confidence_depth-5	n/a	5	n/a	n/a	n/a
4832.562	0	2416281	report_window_end	silent_emerge	emerge-nosapo-emerge-end	n/a	n/a	n/a	n/a	n/a
4832.564	0	2416282	subblock_begin	silent_emerge	subblock-begin	n/a	n/a	n/a	n/a	n/a
4832.564	0	2416282	silence_begin	silent_emerge	silence-begin	n/a	n/a	n/a	n/a	n/a
4943.172	0	2471586	silence_end	silent_emerge	silence-end	n/a	n/a	n/a	n/a	n/a
4943.438	0	2471719	gong_begin	silent_emerge	gong-begin	n/a	n/a	n/a	n/a	n/a
4948.502	0	2474251	clicker_press	silent_emerge	response-received-arrow_up	n/a	n/a	n/a	n/a	arrow_up
4948.568	0	2474284	gong_end	silent_emerge	gong-end	n/a	n/a	n/a	n/a	n/a
4948.568	0	2474284	report_window_begin	silent_emerge	emerge-nosapo-emerge-begin	n/a	n/a	n/a	n/a	n/a
4948.718	0	2474359	clicker_press	silent_emerge	response-received-arrow_up	n/a	n/a	n/a	n/a	arrow_up
4952.614	0	2476307	depth_rating	silent_emerge	rating-nosapo-emerge-meditation_depth-2	2	n/a	n/a	n/a	n/a
4954.480	0	2477240	clicker_press	silent_emerge	response-received-arrow_up	n/a	n/a	n/a	n/a	arrow_up
4954.646	0	2477323	clicker_press	silent_emerge	response-received-arrow_up	n/a	n/a	n/a	n/a	arrow_up
4954.846	0	2477423	clicker_press	silent_emerge	response-received-arrow_up	n/a	n/a	n/a	n/a	arrow_up
4954.996	0	2477498	clicker_press	silent_emerge	response-received-arrow_up	n/a	n/a	n/a	n/a	arrow_up
4955.162	0	2477581	clicker_press	silent_emerge	response-received-arrow_up	n/a	n/a	n/a	n/a	arrow_up
4962.688	0	2481344	confidence_rating	silent_emerge	rating-nosapo-emerge-confidence_depth-5	n/a	5	n/a	n/a	n/a
4966.220	0	2483110	report_window_end	silent_emerge	emerge-nosapo-emerge-end	n/a	n/a	n/a	n/a	n/a
4966.220	0	2483110	subblock_end	silent_emerge	subblock-end-duration-133.656	n/a	n/a	n/a	133.656	n/a
4966.220	0	2483110	subblock_begin	silent_emerge	subblock-begin	n/a	n/a	n/a	n/a	n/a
4966.222	0	2483111	silence_begin	silent_emerge	silence-begin	n/a	n/a	n/a	n/a	n/a
5076.594	0	2538297	silence_end	silent_emerge	silence-end	n/a	n/a	n/a	n/a	n/a
5076.596	0	2538298	gong_begin	silent_emerge	gong-begin	n/a	n/a	n/a	n/a	n/a
5079.592	0	2539796	clicker_press	silent_emerge	response-received-arrow_up	n/a	n/a	n/a	n/a	arrow_up
5079.610	0	2539805	gong_end	silent_emerge	gong-end	n/a	n/a	n/a	n/a	n/a
5079.610	0	2539805	report_window_begin	silent_emerge	emerge-nosapo-emerge-begin	n/a	n/a	n/a	n/a	n/a
5079.874	0	2539937	clicker_press	silent_emerge	response-received-arrow_up	n/a	n/a	n/a	n/a	arrow_up
5080.092	0	2540046	clicker_press	silent_emerge	response-received-arrow_up	n/a	n/a	n/a	n/a	arrow_up
5083.672	0	2541836	depth_rating	silent_emerge	rating-nosapo-emerge-meditation_depth-3	3	n/a	n/a	n/a	n/a
5085.570	0	2542785	clicker_press	silent_emerge	response-received-arrow_up	n/a	n/a	n/a	n/a	arrow_up
5085.788	0	2542894	clicker_press	silent_emerge	response-received-arrow_up	n/a	n/a	n/a	n/a	arrow_up
5086.038	0	2543019	clicker_press	silent_emerge	response-received-arrow_up	n/a	n/a	n/a	n/a	arrow_up
5086.220	0	2543110	clicker_press	silent_emerge	response-received-arrow_up	n/a	n/a	n/a	n/a	arrow_up
5093.782	0	2546891	confidence_rating	silent_emerge	rating-nosapo-emerge-confidence_depth-4	n/a	4	n/a	n/a	n/a
5097.394	0	2548697	report_window_end	silent_emerge	emerge-nosapo-emerge-end	n/a	n/a	n/a	n/a	n/a
5097.396	0	2548698	subblock_end	silent_emerge	subblock-end-duration-131.174	n/a	n/a	n/a	131.174	n/a
5097.396	0	2548698	subblock_begin	silent_emerge	subblock-begin	n/a	n/a	n/a	n/a	n/a
5097.396	0	2548698	silence_begin	silent_emerge	silence-begin	n/a	n/a	n/a	n/a	n/a
5201.524	0	2600762	silence_end	silent_emerge	silence-end	n/a	n/a	n/a	n/a	n/a
5201.526	0	2600763	gong_begin	silent_emerge	gong-begin	n/a	n/a	n/a	n/a	n/a
5211.566	0	2605783	gong_end	silent_emerge	gong-end	n/a	n/a	n/a	n/a	n/a
5211.566	0	2605783	subblock_end	silent_emerge	subblock-end-duration-114.171	n/a	n/a	n/a	114.171	n/a
5211.568	0	2605784	subblock_begin	silent_emerge	subblock-begin	n/a	n/a	n/a	n/a	n/a
5211.568	0	2605784	silence_begin	silent_emerge	silence-begin	n/a	n/a	n/a	n/a	n/a
5300.192	0	2650096	clicker_press	silent_emerge	response-received-arrow_up	n/a	n/a	n/a	n/a	arrow_up
5300.242	0	2650121	report_window_begin	silent_emerge	emerge-nosapo-emerge-begin	n/a	n/a	n/a	n/a	n/a
5300.592	0	2650296	clicker_press	silent_emerge	response-received-arrow_up	n/a	n/a	n/a	n/a	arrow_up
5300.908	0	2650454	clicker_press	silent_emerge	response-received-arrow_up	n/a	n/a	n/a	n/a	arrow_up
5304.306	0	2652153	depth_rating	silent_emerge	rating-nosapo-emerge-meditation_depth-3	3	n/a	n/a	n/a	n/a
5305.956	0	2652978	clicker_press	silent_emerge	response-received-arrow_up	n/a	n/a	n/a	n/a	arrow_up
5306.204	0	2653102	clicker_press	silent_emerge	response-received-arrow_up	n/a	n/a	n/a	n/a	arrow_up
5306.404	0	2653202	clicker_press	silent_emerge	response-received-arrow_up	n/a	n/a	n/a	n/a	arrow_up
5314.448	0	2657224	confidence_rating	silent_emerge	rating-nosapo-emerge-confidence_depth-3	n/a	3	n/a	n/a	n/a
5317.994	0	2658997	report_window_end	silent_emerge	emerge-nosapo-emerge-end	n/a	n/a	n/a	n/a	n/a
5317.996	0	2658998	subblock_begin	silent_emerge	subblock-begin	n/a	n/a	n/a	n/a	n/a
5317.996	0	2658998	silence_begin	silent_emerge	silence-begin	n/a	n/a	n/a	n/a	n/a
5425.256	0	2712628	silence_end	silent_emerge	silence-end	n/a	n/a	n/a	n/a	n/a
5425.256	0	2712628	gong_begin	silent_emerge	gong-begin	n/a	n/a	n/a	n/a	n/a
5435.264	0	2717632	gong_end	silent_emerge	gong-end	n/a	n/a	n/a	n/a	n/a
5435.264	0	2717632	subblock_end	silent_emerge	subblock-end-duration-117.269	n/a	n/a	n/a	117.269	n/a
5435.266	0	2717633	subblock_begin	silent_emerge	subblock-begin	n/a	n/a	n/a	n/a	n/a
5435.266	0	2717633	silence_begin	silent_emerge	silence-begin	n/a	n/a	n/a	n/a	n/a
5548.438	0	2774219	silence_end	silent_emerge	silence-end	n/a	n/a	n/a	n/a	n/a
5548.604	0	2774302	gong_begin	silent_emerge	gong-begin	n/a	n/a	n/a	n/a	n/a
5552.968	0	2776484	clicker_press	silent_emerge	response-received-arrow_up	n/a	n/a	n/a	n/a	arrow_up
5553.084	0	2776542	gong_end	silent_emerge	gong-end	n/a	n/a	n/a	n/a	n/a
5553.084	0	2776542	report_window_begin	silent_emerge	emerge-nosapo-emerge-begin	n/a	n/a	n/a	n/a	n/a
5553.266	0	2776633	clicker_press	silent_emerge	response-received-arrow_up	n/a	n/a	n/a	n/a	arrow_up
5553.550	0	2776775	clicker_press	silent_emerge	response-received-arrow_up	n/a	n/a	n/a	n/a	arrow_up
5553.734	0	2776867	clicker_press	silent_emerge	response-received-arrow_up	n/a	n/a	n/a	n/a	arrow_up
5557.096	0	2778548	depth_rating	silent_emerge	rating-nosapo-emerge-meditation_depth-4	4	n/a	n/a	n/a	n/a
5558.728	0	2779364	clicker_press	silent_emerge	response-received-arrow_up	n/a	n/a	n/a	n/a	arrow_up
5558.914	0	2779457	clicker_press	silent_emerge	response-received-arrow_up	n/a	n/a	n/a	n/a	arrow_up
5559.078	0	2779539	clicker_press	silent_emerge	response-received-arrow_up	n/a	n/a	n/a	n/a	arrow_up
5559.244	0	2779622	clicker_press	silent_emerge	response-received-arrow_up	n/a	n/a	n/a	n/a	arrow_up
5567.188	0	2783594	confidence_rating	silent_emerge	rating-nosapo-emerge-confidence_depth-4	n/a	4	n/a	n/a	n/a
5570.702	0	2785351	report_window_end	silent_emerge	emerge-nosapo-emerge-end	n/a	n/a	n/a	n/a	n/a
5570.702	0	2785351	subblock_end	silent_emerge	subblock-end-duration-135.436	n/a	n/a	n/a	135.436	n/a
5570.702	0	2785351	subblock_begin	silent_emerge	subblock-begin	n/a	n/a	n/a	n/a	n/a
5570.704	0	2785352	silence_begin	silent_emerge	silence-begin	n/a	n/a	n/a	n/a	n/a
5672.552	0	2836276	silence_end	silent_emerge	silence-end	n/a	n/a	n/a	n/a	n/a
5672.552	0	2836276	gong_begin	silent_emerge	gong-begin	n/a	n/a	n/a	n/a	n/a
5682.592	0	2841296	gong_end	silent_emerge	gong-end	n/a	n/a	n/a	n/a	n/a
5682.594	0	2841297	subblock_end	silent_emerge	subblock-end-duration-111.89	n/a	n/a	n/a	111.890	n/a
5682.594	0	2841297	subblock_begin	silent_emerge	subblock-begin	n/a	n/a	n/a	n/a	n/a
5682.594	0	2841297	silence_begin	silent_emerge	silence-begin	n/a	n/a	n/a	n/a	n/a
5690.052	0	2845026	silent_emerge_end	silent_emerge	block-nosapo-emerge-end	n/a	n/a	n/a	n/a	n/a
5690.054	0	2845027	block_duration	silent_emerge	block-nosapo-emerge-duration-2100	n/a	n/a	n/a	2100.000	n/a
5690.054	0	2845027	prompt_window_begin	silent_emerge	probe-nosapo-emerge-begin	n/a	n/a	n/a	n/a	n/a
5699.078	0	2849539	depth_rating	silent_emerge	rating-nosapo-emerge-meditation_depth-0	0	n/a	n/a	n/a	n/a
5706.888	0	2853444	clicker_press	n/a	response-received-arrow_up	n/a	n/a	n/a	n/a	arrow_up
5707.256	0	2853628	clicker_press	n/a	response-received-arrow_up	n/a	n/a	n/a	n/a	arrow_up
5707.556	0	2853778	clicker_press	n/a	response-received-arrow_up	n/a	n/a	n/a	n/a	arrow_up
5707.856	0	2853928	clicker_press	n/a	response-received-arrow_up	n/a	n/a	n/a	n/a	arrow_up
5708.104	0	2854052	clicker_press	n/a	response-received-arrow_up	n/a	n/a	n/a	n/a	arrow_up
5709.220	0	2854610	confidence_rating	silent_emerge	rating-nosapo-emerge-confidence_depth-5	n/a	5	n/a	n/a	n/a
5710.270	0	2855135	prompt_window_end	silent_emerge	probe-nosapo-emerge-end	n/a	n/a	n/a	n/a	n/a
5710.272	0	2855136	break_begin	break	break-begin	n/a	n/a	n/a	n/a	n/a
5783.774	0	2891887	clicker_press	break	response-received-enter	n/a	n/a	n/a	n/a	enter
5783.842	0	2891921	break_end	break	break-end	n/a	n/a	n/a	n/a	n/a
5806.872	0	2903436	clicker_press	n/a	response-received-arrow_up	n/a	n/a	n/a	n/a	arrow_up
5806.974	0	2903487	post_meditation_begin	post_meditation	post-meditation-begin	n/a	n/a	n/a	n/a	n/a
6106.992	0	3053496	post_meditation_end	post_meditation	post-meditation-end	n/a	n/a	n/a	n/a	n/a
6106.992	0	3053496	prompt_window_begin	post_meditation	probe-post-meditation-begin	n/a	n/a	n/a	n/a	n/a
6110.156	0	3055078	clicker_press	n/a	response-received-arrow_up	n/a	n/a	n/a	n/a	arrow_up
6110.670	0	3055335	clicker_press	n/a	response-received-arrow_up	n/a	n/a	n/a	n/a	arrow_up
6111.354	0	3055677	clicker_press	n/a	response-received-arrow_up	n/a	n/a	n/a	n/a	arrow_up
6112.054	0	3056027	clicker_press	n/a	response-received-arrow_up	n/a	n/a	n/a	n/a	arrow_up
6116.134	0	3058067	depth_rating	post_meditation	rating-post-meditation-meditation_depth-4	4	n/a	n/a	n/a	n/a
6118.398	0	3059199	clicker_press	n/a	response-received-arrow_up	n/a	n/a	n/a	n/a	arrow_up
6118.748	0	3059374	clicker_press	n/a	response-received-arrow_up	n/a	n/a	n/a	n/a	arrow_up
6119.298	0	3059649	clicker_press	n/a	response-received-arrow_up	n/a	n/a	n/a	n/a	arrow_up
6120.166	0	3060083	clicker_press	n/a	response-received-arrow_up	n/a	n/a	n/a	n/a	arrow_up
6126.308	0	3063154	confidence_rating	post_meditation	rating-post-meditation-confidence_depth-4	n/a	4	n/a	n/a	n/a
6127.324	0	3063662	prompt_window_end	post_meditation	probe-post-meditation-end	n/a	n/a	n/a	n/a	n/a
6136.666	0	3068333	task_end	n/a	task-end	n/a	n/a	n/a	n/a	n/a
