onset	duration	sample	trial_type	block	value	depth	confidence	response_time	logged_duration	key
0.000	0	0	clicker_press	n/a	response-received-arrow_down	n/a	n/a	n/a	n/a	arrow_down
14.358	0	7179	clicker_press	n/a	response-received-arrow_up	n/a	n/a	n/a	n/a	arrow_up
38.338	0	19169	clicker_press	n/a	response-received-arrow_down	n/a	n/a	n/a	n/a	arrow_down
52.460	0	26230	clicker_press	n/a	response-received-arrow_down	n/a	n/a	n/a	n/a	arrow_down
105.982	0	52991	clicker_press	n/a	response-received-arrow_up	n/a	n/a	n/a	n/a	arrow_up
164.918	0	82459	clicker_press	n/a	response-received-arrow_up	n/a	n/a	n/a	n/a	arrow_up
205.116	0	102558	clicker_press	n/a	response-received-arrow_up	n/a	n/a	n/a	n/a	arrow_up
223.086	0	111543	clicker_press	n/a	response-received-arrow_up	n/a	n/a	n/a	n/a	arrow_up
223.186	0	111593	task_begin	n/a	task-begin	n/a	n/a	n/a	n/a	n/a
321.798	0	160899	clicker_press	n/a	response-received-arrow_up	n/a	n/a	n/a	n/a	arrow_up
321.802	0	160901	baseline_begin	baseline	baseline-begin	n/a	n/a	n/a	n/a	n/a
621.806	0	310903	baseline_end	baseline	baseline-end	n/a	n/a	n/a	n/a	n/a
711.208	0	355604	clicker_press	n/a	response-received-arrow_up	n/a	n/a	n/a	n/a	arrow_up
711.212	0	355606	pre_meditation_begin	pre_meditation	pre-meditation-begin	n/a	n/a	n/a	n/a	n/a
1011.216	0	505608	pre_meditation_end	pre_meditation	pre-meditation-end	n/a	n/a	n/a	n/a	n/a
1011.216	0	505608	prompt_window_begin	pre_meditation	probe-pre-meditation-begin	n/a	n/a	n/a	n/a	n/a
1018.790	0	509395	clicker_press	n/a	response-received-arrow_up	n/a	n/a	n/a	n/a	arrow_up
1019.226	0	509613	clicker_press	n/a	response-received-arrow_up	n/a	n/a	n/a	n/a	arrow_up
1019.658	0	509829	clicker_press	n/a	response-received-arrow_up	n/a	n/a	n/a	n/a	arrow_up
1020.008	0	510004	clicker_press	n/a	response-received-arrow_up	n/a	n/a	n/a	n/a	arrow_up
1020.240	0	510120	depth_rating	pre_meditation	rating-pre-meditation-meditation_depth-4	4	n/a	n/a	n/a	n/a
1027.486	0	513743	clicker_press	n/a	response-received-arrow_up	n/a	n/a	n/a	n/a	arrow_up
1027.836	0	513918	clicker_press	n/a	response-received-arrow_up	n/a	n/a	n/a	n/a	arrow_up
1028.184	0	514092	clicker_press	n/a	response-received-arrow_up	n/a	n/a	n/a	n/a	arrow_up
1028.552	0	514276	clicker_press	n/a	response-received-arrow_up	n/a	n/a	n/a	n/a	arrow_up
1030.350	0	515175	confidence_rating	pre_meditation	rating-pre-meditation-confidence_depth-4	n/a	4	n/a	n/a	n/a
1031.432	0	515716	prompt_window_end	pre_meditation	probe-pre-meditation-end	n/a	n/a	n/a	n/a	n/a
1136.200	0	568100	clicker_press	n/a	response-received-arrow_up	n/a	n/a	n/a	n/a	arrow_up
1136.248	0	568124	sapo_probe_begin	sapo_probe	block-sapo-probe-begin	n/a	n/a	n/a	n/a	n/a
1136.258	0	568129	subblock_begin	sapo_probe	subblock-begin	n/a	n/a	n/a	n/a	n/a
1136.258	0	568129	silence_begin	sapo_probe	silence-begin	n/a	n/a	n/a	n/a	n/a
1136.258	0	568129	standard_tone	sapo_probe	standard	n/a	n/a	n/a	n/a	n/a
1137.262	0	568631	distractor_noise	sapo_probe	distractor	n/a	n/a	n/a	n/a	n/a
1138.276	0	569138	standard_tone	sapo_probe	standard	n/a	n/a	n/a	n/a	n/a
1139.292	0	569646	distractor_noise	sapo_probe	distractor	n/a	n/a	n/a	n/a	n/a
1140.308	0	570154	oddball_tone	sapo_probe	oddball	n/a	n/a	n/a	n/a	n/a
1141.324	0	570662	standard_tone	sapo_probe	standard	n/a	n/a	n/a	n/a	n/a
1142.340	0	571170	standard_tone	sapo_probe	standard	n/a	n/a	n/a	n/a	n/a
1143.356	0	571678	standard_tone	sapo_probe	standard	n/a	n/a	n/a	n/a	n/a
1144.372	0	572186	oddball_tone	sapo_probe	oddball	n/a	n/a	n/a	n/a	n/a
1145.388	0	572694	distractor_noise	sapo_probe	distractor	n/a	n/a	n/a	n/a	n/a
1146.404	0	573202	standard_tone	sapo_probe	standard	n/a	n/a	n/a	n/a	n/a
1147.420	0	573710	standard_tone	sapo_probe	standard	n/a	n/a	n/a	n/a	n/a
1148.436	0	574218	standard_tone	sapo_probe	standard	n/a	n/a	n/a	n/a	n/a
1149.452	0	574726	standard_tone	sapo_probe	standard	n/a	n/a	n/a	n/a	n/a
1150.466	0	575233	standard_tone	sapo_probe	standard	n/a	n/a	n/a	n/a	n/a
1151.466	0	575733	standard_tone	sapo_probe	standard	n/a	n/a	n/a	n/a	n/a
1152.482	0	576241	standard_tone	sapo_probe	standard	n/a	n/a	n/a	n/a	n/a
1153.498	0	576749	standard_tone	sapo_probe	standard	n/a	n/a	n/a	n/a	n/a
1154.514	0	577257	standard_tone	sapo_probe	standard	n/a	n/a	n/a	n/a	n/a
1155.530	0	577765	standard_tone	sapo_probe	standard	n/a	n/a	n/a	n/a	n/a
1156.544	0	578272	standard_tone	sapo_probe	standard	n/a	n/a	n/a	n/a	n/a
1157.562	0	578781	distractor_noise	sapo_probe	distractor	n/a	n/a	n/a	n/a	n/a
1158.576	0	579288	standard_tone	sapo_probe	standard	n/a	n/a	n/a	n/a	n/a
1159.592	0	579796	standard_tone	sapo_probe	standard	n/a	n/a	n/a	n/a	n/a
1160.592	0	580296	standard_tone	sapo_probe	standard	n/a	n/a	n/a	n/a	n/a
1161.608	0	580804	standard_tone	sapo_probe	standard	n/a	n/a	n/a	n/a	n/a
1162.624	0	581312	standard_tone	sapo_probe	standard	n/a	n/a	n/a	n/a	n/a
1163.640	0	581820	standard_tone	sapo_probe	standard	n/a	n/a	n/a	n/a	n/a
1164.654	0	582327	oddball_tone	sapo_probe	oddball	n/a	n/a	n/a	n/a	n/a
1165.672	0	582836	standard_tone	sapo_probe	standard	n/a	n/a	n/a	n/a	n/a
1166.686	0	583343	standard_tone	sapo_probe	standard	n/a	n/a	n/a	n/a	n/a
1167.702	0	583851	standard_tone	sapo_probe	standard	n/a	n/a	n/a	n/a	n/a
1168.702	0	584351	standard_tone	sapo_probe	standard	n/a	n/a	n/a	n/a	n/a
1169.718	0	584859	standard_tone	sapo_probe	standard	n/a	n/a	n/a	n/a	n/a
1170.734	0	585367	standard_tone	sapo_probe	standard	n/a	n/a	n/a	n/a	n/a
1171.750	0	585875	standard_tone	sapo_probe	standard	n/a	n/a	n/a	n/a	n/a
1172.766	0	586383	standard_tone	sapo_probe	standard	n/a	n/a	n/a	n/a	n/a
1173.782	0	586891	standard_tone	sapo_probe	standard	n/a	n/a	n/a	n/a	n/a
1174.798	0	587399	standard_tone	sapo_probe	standard	n/a	n/a	n/a	n/a	n/a
1175.812	0	587906	standard_tone	sapo_probe	standard	n/a	n/a	n/a	n/a	n/a
1176.828	0	588414	standard_tone	sapo_probe	standard	n/a	n/a	n/a	n/a	n/a
1177.828	0	588914	standard_tone	sapo_probe	standard	n/a	n/a	n/a	n/a	n/a
1178.844	0	589422	standard_tone	sapo_probe	standard	n/a	n/a	n/a	n/a	n/a
1179.860	0	589930	standard_tone	sapo_probe	standard	n/a	n/a	n/a	n/a	n/a
1180.874	0	590437	oddball_tone	sapo_probe	oddball	n/a	n/a	n/a	n/a	n/a
1181.874	0	590937	standard_tone	sapo_probe	standard	n/a	n/a	n/a	n/a	n/a
1182.890	0	591445	standard_tone	sapo_probe	standard	n/a	n/a	n/a	n/a	n/a
1183.906	0	591953	oddball_tone	sapo_probe	oddball	n/a	n/a	n/a	n/a	n/a
1184.922	0	592461	standard_tone	sapo_probe	standard	n/a	n/a	n/a	n/a	n/a
1185.938	0	592969	standard_tone	sapo_probe	standard	n/a	n/a	n/a	n/a	n/a
1186.954	0	593477	oddball_tone	sapo_probe	oddball	n/a	n/a	n/a	n/a	n/a
1187.970	0	593985	standard_tone	sapo_probe	standard	n/a	n/a	n/a	n/a	n/a
1188.984	0	594492	standard_tone	sapo_probe	standard	n/a	n/a	n/a	n/a	n/a
1189.984	0	594992	standard_tone	sapo_probe	standard	n/a	n/a	n/a	n/a	n/a
1191.000	0	595500	standard_tone	sapo_probe	standard	n/a	n/a	n/a	n/a	n/a
1192.000	0	596000	standard_tone	sapo_probe	standard	n/a	n/a	n/a	n/a	n/a
1193.014	0	596507	standard_tone	sapo_probe	standard	n/a	n/a	n/a	n/a	n/a
1194.014	0	597007	distractor_noise	sapo_probe	distractor	n/a	n/a	n/a	n/a	n/a
1195.030	0	597515	standard_tone	sapo_probe	standard	n/a	n/a	n/a	n/a	n/a
1196.046	0	598023	standard_tone	sapo_probe	standard	n/a	n/a	n/a	n/a	n/a
1197.062	0	598531	standard_tone	sapo_probe	standard	n/a	n/a	n/a	n/a	n/a
1198.078	0	599039	distractor_noise	sapo_probe	distractor	n/a	n/a	n/a	n/a	n/a
1199.094	0	599547	standard_tone	sapo_probe	standard	n/a	n/a	n/a	n/a	n/a
1200.110	0	600055	standard_tone	sapo_probe	standard	n/a	n/a	n/a	n/a	n/a
1201.108	0	600554	standard_tone	sapo_probe	standard	n/a	n/a	n/a	n/a	n/a
1202.124	0	601062	standard_tone	sapo_probe	standard	n/a	n/a	n/a	n/a	n/a
1203.140	0	601570	standard_tone	sapo_probe	standard	n/a	n/a	n/a	n/a	n/a
1204.156	0	602078	standard_tone	sapo_probe	standard	n/a	n/a	n/a	n/a	n/a
1205.172	0	602586	oddball_tone	sapo_probe	oddball	n/a	n/a	n/a	n/a	n/a
1206.188	0	603094	standard_tone	sapo_probe	standard	n/a	n/a	n/a	n/a	n/a
1207.204	0	603602	standard_tone	sapo_probe	standard	n/a	n/a	n/a	n/a	n/a
1208.218	0	604109	standard_tone	sapo_probe	standard	n/a	n/a	n/a	n/a	n/a
1209.234	0	604617	distractor_noise	sapo_probe	distractor	n/a	n/a	n/a	n/a	n/a
1210.250	0	605125	standard_tone	sapo_probe	standard	n/a	n/a	n/a	n/a	n/a
1211.266	0	605633	standard_tone	sapo_probe	standard	n/a	n/a	n/a	n/a	n/a
1212.284	0	606142	standard_tone	sapo_probe	standard	n/a	n/a	n/a	n/a	n/a
1213.298	0	606649	distractor_noise	sapo_probe	distractor	n/a	n/a	n/a	n/a	n/a
1214.298	0	607149	standard_tone	sapo_probe	standard	n/a	n/a	n/a	n/a	n/a
1215.314	0	607657	standard_tone	sapo_probe	standard	n/a	n/a	n/a	n/a	n/a
1216.328	0	608164	standard_tone	sapo_probe	standard	n/a	n/a	n/a	n/a	n/a
1217.344	0	608672	standard_tone	sapo_probe	standard	n/a	n/a	n/a	n/a	n/a
1218.344	0	609172	standard_tone	sapo_probe	standard	n/a	n/a	n/a	n/a	n/a
1219.360	0	609680	standard_tone	sapo_probe	standard	n/a	n/a	n/a	n/a	n/a
1220.360	0	610180	standard_tone	sapo_probe	standard	n/a	n/a	n/a	n/a	n/a
1221.376	0	610688	distractor_noise	sapo_probe	distractor	n/a	n/a	n/a	n/a	n/a
1222.374	0	611187	standard_tone	sapo_probe	standard	n/a	n/a	n/a	n/a	n/a
1223.390	0	611695	standard_tone	sapo_probe	standard	n/a	n/a	n/a	n/a	n/a
1224.406	0	612203	distractor_noise	sapo_probe	distractor	n/a	n/a	n/a	n/a	n/a
1225.422	0	612711	standard_tone	sapo_probe	standard	n/a	n/a	n/a	n/a	n/a
1226.438	0	613219	standard_tone	sapo_probe	standard	n/a	n/a	n/a	n/a	n/a
1227.454	0	613727	standard_tone	sapo_probe	standard	n/a	n/a	n/a	n/a	n/a
1228.454	0	614227	standard_tone	sapo_probe	standard	n/a	n/a	n/a	n/a	n/a
1229.468	0	614734	standard_tone	sapo_probe	standard	n/a	n/a	n/a	n/a	n/a
1230.484	0	615242	standard_tone	sapo_probe	standard	n/a	n/a	n/a	n/a	n/a
1231.500	0	615750	oddball_tone	sapo_probe	oddball	n/a	n/a	n/a	n/a	n/a
1232.516	0	616258	standard_tone	sapo_probe	standard	n/a	n/a	n/a	n/a	n/a
1233.532	0	616766	standard_tone	sapo_probe	standard	n/a	n/a	n/a	n/a	n/a
1234.546	0	617273	standard_tone	sapo_probe	standard	n/a	n/a	n/a	n/a	n/a
1235.546	0	617773	standard_tone	sapo_probe	standard	n/a	n/a	n/a	n/a	n/a
1236.562	0	618281	standard_tone	sapo_probe	standard	n/a	n/a	n/a	n/a	n/a
1237.578	0	618789	standard_tone	sapo_probe	standard	n/a	n/a	n/a	n/a	n/a
1238.594	0	619297	oddball_tone	sapo_probe	oddball	n/a	n/a	n/a	n/a	n/a
1239.610	0	619805	standard_tone	sapo_probe	standard	n/a	n/a	n/a	n/a	n/a
1240.626	0	620313	standard_tone	sapo_probe	standard	n/a	n/a	n/a	n/a	n/a
1241.642	0	620821	standard_tone	sapo_probe	standard	n/a	n/a	n/a	n/a	n/a
1242.656	0	621328	standard_tone	sapo_probe	standard	n/a	n/a	n/a	n/a	n/a
1243.674	0	621837	standard_tone	sapo_probe	standard	n/a	n/a	n/a	n/a	n/a
1244.690	0	622345	standard_tone	sapo_probe	standard	n/a	n/a	n/a	n/a	n/a
1245.704	0	622852	standard_tone	sapo_probe	standard	n/a	n/a	n/a	n/a	n/a
1246.720	0	623360	standard_tone	sapo_probe	standard	n/a	n/a	n/a	n/a	n/a
1247.736	0	623868	distractor_noise	sapo_probe	distractor	n/a	n/a	n/a	n/a	n/a
1248.752	0	624376	standard_tone	sapo_probe	standard	n/a	n/a	n/a	n/a	n/a
1249.752	0	624876	oddball_tone	sapo_probe	oddball	n/a	n/a	n/a	n/a	n/a
1249.868	0	624934	silence_end	sapo_probe	silence-end	n/a	n/a	n/a	n/a	n/a
1249.868	0	624934	gong_begin	sapo_probe	gong-begin	n/a	n/a	n/a	n/a	n/a
1259.994	0	629997	gong_end	sapo_probe	gong-end	n/a	n/a	n/a	n/a	n/a
1259.994	0	629997	subblock_end	sapo_probe	subblock-end-duration-123.736	n/a	n/a	n/a	123.736	n/a
1259.994	0	629997	subblock_begin	sapo_probe	subblock-begin	n/a	n/a	n/a	n/a	n/a
1259.996	0	629998	silence_begin	sapo_probe	silence-begin	n/a	n/a	n/a	n/a	n/a
1259.996	0	629998	standard_tone	sapo_probe	standard	n/a	n/a	n/a	n/a	n/a
1261.008	0	630504	standard_tone	sapo_probe	standard	n/a	n/a	n/a	n/a	n/a
1262.024	0	631012	standard_tone	sapo_probe	standard	n/a	n/a	n/a	n/a	n/a
1263.040	0	631520	standard_tone	sapo_probe	standard	n/a	n/a	n/a	n/a	n/a
1264.056	0	632028	standard_tone	sapo_probe	standard	n/a	n/a	n/a	n/a	n/a
1265.056	0	632528	oddball_tone	sapo_probe	oddball	n/a	n/a	n/a	n/a	n/a
1266.070	0	633035	standard_tone	sapo_probe	standard	n/a	n/a	n/a	n/a	n/a
1267.088	0	633544	oddball_tone	sapo_probe	oddball	n/a	n/a	n/a	n/a	n/a
1268.102	0	634051	standard_tone	sapo_probe	standard	n/a	n/a	n/a	n/a	n/a
1269.118	0	634559	standard_tone	sapo_probe	standard	n/a	n/a	n/a	n/a	n/a
1270.134	0	635067	standard_tone	sapo_probe	standard	n/a	n/a	n/a	n/a	n/a
1271.150	0	635575	standard_tone	sapo_probe	standard	n/a	n/a	n/a	n/a	n/a
1272.166	0	636083	standard_tone	sapo_probe	standard	n/a	n/a	n/a	n/a	n/a
1273.182	0	636591	standard_tone	sapo_probe	standard	n/a	n/a	n/a	n/a	n/a
1274.198	0	637099	standard_tone	sapo_probe	standard	n/a	n/a	n/a	n/a	n/a
1275.214	0	637607	distractor_noise	sapo_probe	distractor	n/a	n/a	n/a	n/a	n/a
1276.230	0	638115	standard_tone	sapo_probe	standard	n/a	n/a	n/a	n/a	n/a
1277.246	0	638623	standard_tone	sapo_probe	standard	n/a	n/a	n/a	n/a	n/a
1278.244	0	639122	standard_tone	sapo_probe	standard	n/a	n/a	n/a	n/a	n/a
1279.260	0	639630	standard_tone	sapo_probe	standard	n/a	n/a	n/a	n/a	n/a
1280.260	0	640130	standard_tone	sapo_probe	standard	n/a	n/a	n/a	n/a	n/a
1281.276	0	640638	oddball_tone	sapo_probe	oddball	n/a	n/a	n/a	n/a	n/a
1282.292	0	641146	standard_tone	sapo_probe	standard	n/a	n/a	n/a	n/a	n/a
1283.308	0	641654	standard_tone	sapo_probe	standard	n/a	n/a	n/a	n/a	n/a
1284.322	0	642161	standard_tone	sapo_probe	standard	n/a	n/a	n/a	n/a	n/a
1285.338	0	642669	standard_tone	sapo_probe	standard	n/a	n/a	n/a	n/a	n/a
1286.354	0	643177	standard_tone	sapo_probe	standard	n/a	n/a	n/a	n/a	n/a
1287.370	0	643685	oddball_tone	sapo_probe	oddball	n/a	n/a	n/a	n/a	n/a
1288.386	0	644193	standard_tone	sapo_probe	standard	n/a	n/a	n/a	n/a	n/a
1289.402	0	644701	oddball_tone	sapo_probe	oddball	n/a	n/a	n/a	n/a	n/a
1290.418	0	645209	standard_tone	sapo_probe	standard	n/a	n/a	n/a	n/a	n/a
1291.416	0	645708	standard_tone	sapo_probe	standard	n/a	n/a	n/a	n/a	n/a
1292.432	0	646216	oddball_tone	sapo_probe	oddball	n/a	n/a	n/a	n/a	n/a
1293.448	0	646724	standard_tone	sapo_probe	standard	n/a	n/a	n/a	n/a	n/a
1294.464	0	647232	standard_tone	sapo_probe	standard	n/a	n/a	n/a	n/a	n/a
1295.480	0	647740	standard_tone	sapo_probe	standard	n/a	n/a	n/a	n/a	n/a
1296.480	0	648240	oddball_tone	sapo_probe	oddball	n/a	n/a	n/a	n/a	n/a
1297.496	0	648748	standard_tone	sapo_probe	standard	n/a	n/a	n/a	n/a	n/a
1298.512	0	649256	standard_tone	sapo_probe	standard	n/a	n/a	n/a	n/a	n/a
1299.526	0	649763	oddball_tone	sapo_probe	oddball	n/a	n/a	n/a	n/a	n/a
1300.542	0	650271	standard_tone	sapo_probe	standard	n/a	n/a	n/a	n/a	n/a
1301.558	0	650779	oddball_tone	sapo_probe	oddball	n/a	n/a	n/a	n/a	n/a
1302.574	0	651287	standard_tone	sapo_probe	standard	n/a	n/a	n/a	n/a	n/a
1303.590	0	651795	standard_tone	sapo_probe	standard	n/a	n/a	n/a	n/a	n/a
1304.606	0	652303	oddball_tone	sapo_probe	oddball	n/a	n/a	n/a	n/a	n/a
1305.622	0	652811	distractor_noise	sapo_probe	distractor	n/a	n/a	n/a	n/a	n/a
1306.638	0	653319	standard_tone	sapo_probe	standard	n/a	n/a	n/a	n/a	n/a
1307.654	0	653827	standard_tone	sapo_probe	standard	n/a	n/a	n/a	n/a	n/a
1308.652	0	654326	standard_tone	sapo_probe	standard	n/a	n/a	n/a	n/a	n/a
1309.668	0	654834	standard_tone	sapo_probe	standard	n/a	n/a	n/a	n/a	n/a
1310.684	0	655342	standard_tone	sapo_probe	standard	n/a	n/a	n/a	n/a	n/a
1311.700	0	655850	standard_tone	sapo_probe	standard	n/a	n/a	n/a	n/a	n/a
1312.716	0	656358	standard_tone	sapo_probe	standard	n/a	n/a	n/a	n/a	n/a
1313.716	0	656858	standard_tone	sapo_probe	standard	n/a	n/a	n/a	n/a	n/a
1314.732	0	657366	standard_tone	sapo_probe	standard	n/a	n/a	n/a	n/a	n/a
1315.746	0	657873	standard_tone	sapo_probe	standard	n/a	n/a	n/a	n/a	n/a
1316.762	0	658381	standard_tone	sapo_probe	standard	n/a	n/a	n/a	n/a	n/a
1317.778	0	658889	oddball_tone	sapo_probe	oddball	n/a	n/a	n/a	n/a	n/a
1318.794	0	659397	standard_tone	sapo_probe	standard	n/a	n/a	n/a	n/a	n/a
1319.810	0	659905	standard_tone	sapo_probe	standard	n/a	n/a	n/a	n/a	n/a
1320.826	0	660413	standard_tone	sapo_probe	standard	n/a	n/a	n/a	n/a	n/a
1321.842	0	660921	standard_tone	sapo_probe	standard	n/a	n/a	n/a	n/a	n/a
1322.858	0	661429	standard_tone	sapo_probe	standard	n/a	n/a	n/a	n/a	n/a
1323.874	0	661937	standard_tone	sapo_probe	standard	n/a	n/a	n/a	n/a	n/a
1324.872	0	662436	standard_tone	sapo_probe	standard	n/a	n/a	n/a	n/a	n/a
1325.888	0	662944	standard_tone	sapo_probe	standard	n/a	n/a	n/a	n/a	n/a
1326.904	0	663452	standard_tone	sapo_probe	standard	n/a	n/a	n/a	n/a	n/a
1327.920	0	663960	standard_tone	sapo_probe	standard	n/a	n/a	n/a	n/a	n/a
1328.936	0	664468	standard_tone	sapo_probe	standard	n/a	n/a	n/a	n/a	n/a
1329.934	0	664967	standard_tone	sapo_probe	standard	n/a	n/a	n/a	n/a	n/a
1330.950	0	665475	standard_tone	sapo_probe	standard	n/a	n/a	n/a	n/a	n/a
1331.966	0	665983	standard_tone	sapo_probe	standard	n/a	n/a	n/a	n/a	n/a
1332.982	0	666491	standard_tone	sapo_probe	standard	n/a	n/a	n/a	n/a	n/a
1333.998	0	666999	distractor_noise	sapo_probe	distractor	n/a	n/a	n/a	n/a	n/a
1335.014	0	667507	standard_tone	sapo_probe	standard	n/a	n/a	n/a	n/a	n/a
1336.030	0	668015	standard_tone	sapo_probe	standard	n/a	n/a	n/a	n/a	n/a
1337.046	0	668523	oddball_tone	sapo_probe	oddball	n/a	n/a	n/a	n/a	n/a
1338.062	0	669031	standard_tone	sapo_probe	standard	n/a	n/a	n/a	n/a	n/a
1339.078	0	669539	standard_tone	sapo_probe	standard	n/a	n/a	n/a	n/a	n/a
1340.094	0	670047	standard_tone	sapo_probe	standard	n/a	n/a	n/a	n/a	n/a
1341.110	0	670555	standard_tone	sapo_probe	standard	n/a	n/a	n/a	n/a	n/a
1342.124	0	671062	standard_tone	sapo_probe	standard	n/a	n/a	n/a	n/a	n/a
1343.142	0	671571	standard_tone	sapo_probe	standard	n/a	n/a	n/a	n/a	n/a
1344.156	0	672078	standard_tone	sapo_probe	standard	n/a	n/a	n/a	n/a	n/a
1345.172	0	672586	distractor_noise	sapo_probe	distractor	n/a	n/a	n/a	n/a	n/a
1346.188	0	673094	standard_tone	sapo_probe	standard	n/a	n/a	n/a	n/a	n/a
1347.204	0	673602	standard_tone	sapo_probe	standard	n/a	n/a	n/a	n/a	n/a
1348.204	0	674102	standard_tone	sapo_probe	standard	n/a	n/a	n/a	n/a	n/a
1349.220	0	674610	standard_tone	sapo_probe	standard	n/a	n/a	n/a	n/a	n/a
1350.234	0	675117	standard_tone	sapo_probe	standard	n/a	n/a	n/a	n/a	n/a
1351.250	0	675625	distractor_noise	sapo_probe	distractor	n/a	n/a	n/a	n/a	n/a
1352.250	0	676125	standard_tone	sapo_probe	standard	n/a	n/a	n/a	n/a	n/a
1353.266	0	676633	standard_tone	sapo_probe	standard	n/a	n/a	n/a	n/a	n/a
1354.264	0	677132	prompt_window_begin	sapo_probe	probe-sapo-probe-begin	n/a	n/a	n/a	n/a	n/a
1363.458	0	681729	depth_rating	sapo_probe	rating-sapo-probe-meditation_depth-0	0	n/a	n/a	n/a	n/a
1364.740	0	682370	clicker_press	sapo_probe	response-received-arrow_up	n/a	n/a	n/a	n/a	arrow_up
1371.168	0	685584	clicker_press	sapo_probe	response-received-arrow_up	n/a	n/a	n/a	n/a	arrow_up
1371.452	0	685726	clicker_press	sapo_probe	response-received-arrow_up	n/a	n/a	n/a	n/a	arrow_up
1371.768	0	685884	clicker_press	sapo_probe	response-received-arrow_up	n/a	n/a	n/a	n/a	arrow_up
1372.052	0	686026	clicker_press	sapo_probe	response-received-arrow_up	n/a	n/a	n/a	n/a	arrow_up
1373.532	0	686766	confidence_rating	sapo_probe	rating-sapo-probe-confidence_depth-5	n/a	5	n/a	n/a	n/a
1377.246	0	688623	prompt_window_end	sapo_probe	probe-sapo-probe-end	n/a	n/a	n/a	n/a	n/a
1377.246	0	688623	oddball_tone	sapo_probe	oddball	n/a	n/a	n/a	n/a	n/a
1378.262	0	689131	standard_tone	sapo_probe	standard	n/a	n/a	n/a	n/a	n/a
1379.278	0	689639	standard_tone	sapo_probe	standard	n/a	n/a	n/a	n/a	n/a
1380.294	0	690147	distractor_noise	sapo_probe	distractor	n/a	n/a	n/a	n/a	n/a
1381.310	0	690655	standard_tone	sapo_probe	standard	n/a	n/a	n/a	n/a	n/a
1382.326	0	691163	standard_tone	sapo_probe	standard	n/a	n/a	n/a	n/a	n/a
1383.342	0	691671	standard_tone	sapo_probe	standard	n/a	n/a	n/a	n/a	n/a
1384.356	0	692178	standard_tone	sapo_probe	standard	n/a	n/a	n/a	n/a	n/a
1385.372	0	692686	standard_tone	sapo_probe	standard	n/a	n/a	n/a	n/a	n/a
1386.388	0	693194	standard_tone	sapo_probe	standard	n/a	n/a	n/a	n/a	n/a
1387.404	0	693702	standard_tone	sapo_probe	standard	n/a	n/a	n/a	n/a	n/a
1388.420	0	694210	standard_tone	sapo_probe	standard	n/a	n/a	n/a	n/a	n/a
1389.436	0	694718	standard_tone	sapo_probe	standard	n/a	n/a	n/a	n/a	n/a
1390.452	0	695226	standard_tone	sapo_probe	standard	n/a	n/a	n/a	n/a	n/a
1391.468	0	695734	distractor_noise	sapo_probe	distractor	n/a	n/a	n/a	n/a	n/a
1392.482	0	696241	standard_tone	sapo_probe	standard	n/a	n/a	n/a	n/a	n/a
1392.650	0	696325	silence_end	sapo_probe	silence-end	n/a	n/a	n/a	n/a	n/a
1392.652	0	696326	subblock_end	sapo_probe	subblock-end-duration-132.657	n/a	n/a	n/a	132.657	n/a
1392.652	0	696326	subblock_begin	sapo_probe	subblock-begin	n/a	n/a	n/a	n/a	n/a
1392.652	0	696326	silence_begin	sapo_probe	silence-begin	n/a	n/a	n/a	n/a	n/a
1393.500	0	696750	standard_tone	sapo_probe	standard	n/a	n/a	n/a	n/a	n/a
1394.514	0	697257	standard_tone	sapo_probe	standard	n/a	n/a	n/a	n/a	n/a
1395.530	0	697765	oddball_tone	sapo_probe	oddball	n/a	n/a	n/a	n/a	n/a
1396.546	0	698273	standard_tone	sapo_probe	standard	n/a	n/a	n/a	n/a	n/a
1397.562	0	698781	standard_tone	sapo_probe	standard	n/a	n/a	n/a	n/a	n/a
1398.578	0	699289	oddball_tone	sapo_probe	oddball	n/a	n/a	n/a	n/a	n/a
1399.594	0	699797	standard_tone	sapo_probe	standard	n/a	n/a	n/a	n/a	n/a
1400.610	0	700305	standard_tone	sapo_probe	standard	n/a	n/a	n/a	n/a	n/a
1401.626	0	700813	standard_tone	sapo_probe	standard	n/a	n/a	n/a	n/a	n/a
1402.642	0	701321	standard_tone	sapo_probe	standard	n/a	n/a	n/a	n/a	n/a
1403.658	0	701829	distractor_noise	sapo_probe	distractor	n/a	n/a	n/a	n/a	n/a
1404.674	0	702337	standard_tone	sapo_probe	standard	n/a	n/a	n/a	n/a	n/a
1405.688	0	702844	standard_tone	sapo_probe	standard	n/a	n/a	n/a	n/a	n/a
1406.704	0	703352	standard_tone	sapo_probe	standard	n/a	n/a	n/a	n/a	n/a
1407.722	0	703861	standard_tone	sapo_probe	standard	n/a	n/a	n/a	n/a	n/a
1408.736	0	704368	distractor_noise	sapo_probe	distractor	n/a	n/a	n/a	n/a	n/a
1409.752	0	704876	standard_tone	sapo_probe	standard	n/a	n/a	n/a	n/a	n/a
1410.768	0	705384	standard_tone	sapo_probe	standard	n/a	n/a	n/a	n/a	n/a
1411.768	0	705884	standard_tone	sapo_probe	standard	n/a	n/a	n/a	n/a	n/a
1412.784	0	706392	standard_tone	sapo_probe	standard	n/a	n/a	n/a	n/a	n/a
1413.798	0	706899	standard_tone	sapo_probe	standard	n/a	n/a	n/a	n/a	n/a
1414.814	0	707407	standard_tone	sapo_probe	standard	n/a	n/a	n/a	n/a	n/a
1415.830	0	707915	distractor_noise	sapo_probe	distractor	n/a	n/a	n/a	n/a	n/a
1416.846	0	708423	standard_tone	sapo_probe	standard	n/a	n/a	n/a	n/a	n/a
1417.862	0	708931	distractor_noise	sapo_probe	distractor	n/a	n/a	n/a	n/a	n/a
1418.862	0	709431	standard_tone	sapo_probe	standard	n/a	n/a	n/a	n/a	n/a
1419.878	0	709939	standard_tone	sapo_probe	standard	n/a	n/a	n/a	n/a	n/a
1420.892	0	710446	distractor_noise	sapo_probe	distractor	n/a	n/a	n/a	n/a	n/a
1421.908	0	710954	standard_tone	sapo_probe	standard	n/a	n/a	n/a	n/a	n/a
1422.926	0	711463	standard_tone	sapo_probe	standard	n/a	n/a	n/a	n/a	n/a
1423.940	0	711970	oddball_tone	sapo_probe	oddball	n/a	n/a	n/a	n/a	n/a
1424.956	0	712478	standard_tone	sapo_probe	standard	n/a	n/a	n/a	n/a	n/a
1425.972	0	712986	standard_tone	sapo_probe	standard	n/a	n/a	n/a	n/a	n/a
1426.988	0	713494	standard_tone	sapo_probe	standard	n/a	n/a	n/a	n/a	n/a
1428.004	0	714002	standard_tone	sapo_probe	standard	n/a	n/a	n/a	n/a	n/a
1429.020	0	714510	standard_tone	sapo_probe	standard	n/a	n/a	n/a	n/a	n/a
1430.036	0	715018	standard_tone	sapo_probe	standard	n/a	n/a	n/a	n/a	n/a
1431.052	0	715526	oddball_tone	sapo_probe	oddball	n/a	n/a	n/a	n/a	n/a
1432.068	0	716034	distractor_noise	sapo_probe	distractor	n/a	n/a	n/a	n/a	n/a
1433.082	0	716541	standard_tone	sapo_probe	standard	n/a	n/a	n/a	n/a	n/a
1434.098	0	717049	standard_tone	sapo_probe	standard	n/a	n/a	n/a	n/a	n/a
1435.114	0	717557	standard_tone	sapo_probe	standard	n/a	n/a	n/a	n/a	n/a
1436.130	0	718065	standard_tone	sapo_probe	standard	n/a	n/a	n/a	n/a	n/a
1437.146	0	718573	standard_tone	sapo_probe	standard	n/a	n/a	n/a	n/a	n/a
1438.162	0	719081	standard_tone	sapo_probe	standard	n/a	n/a	n/a	n/a	n/a
1439.178	0	719589	standard_tone	sapo_probe	standard	n/a	n/a	n/a	n/a	n/a
1440.194	0	720097	standard_tone	sapo_probe	standard	n/a	n/a	n/a	n/a	n/a
1441.210	0	720605	standard_tone	sapo_probe	standard	n/a	n/a	n/a	n/a	n/a
1442.226	0	721113	oddball_tone	sapo_probe	oddball	n/a	n/a	n/a	n/a	n/a
1443.242	0	721621	standard_tone	sapo_probe	standard	n/a	n/a	n/a	n/a	n/a
1444.256	0	722128	standard_tone	sapo_probe	standard	n/a	n/a	n/a	n/a	n/a
1445.272	0	722636	distractor_noise	sapo_probe	distractor	n/a	n/a	n/a	n/a	n/a
1446.288	0	723144	standard_tone	sapo_probe	standard	n/a	n/a	n/a	n/a	n/a
1447.304	0	723652	standard_tone	sapo_probe	standard	n/a	n/a	n/a	n/a	n/a
1448.320	0	724160	standard_tone	sapo_probe	standard	n/a	n/a	n/a	n/a	n/a
1449.376	0	724688	standard_tone	sapo_probe	standard	n/a	n/a	n/a	n/a	n/a
1450.386	0	725193	standard_tone	sapo_probe	standard	n/a	n/a	n/a	n/a	n/a
1451.400	0	725700	standard_tone	sapo_probe	standard	n/a	n/a	n/a	n/a	n/a
1452.416	0	726208	standard_tone	sapo_probe	standard	n/a	n/a	n/a	n/a	n/a
1453.432	0	726716	standard_tone	sapo_probe	standard	n/a	n/a	n/a	n/a	n/a
1454.432	0	727216	standard_tone	sapo_probe	standard	n/a	n/a	n/a	n/a	n/a
1455.448	0	727724	standard_tone	sapo_probe	standard	n/a	n/a	n/a	n/a	n/a
1456.464	0	728232	standard_tone	sapo_probe	standard	n/a	n/a	n/a	n/a	n/a
1457.480	0	728740	standard_tone	sapo_probe	standard	n/a	n/a	n/a	n/a	n/a
1458.478	0	729239	standard_tone	sapo_probe	standard	n/a	n/a	n/a	n/a	n/a
1459.494	0	729747	distractor_noise	sapo_probe	distractor	n/a	n/a	n/a	n/a	n/a
1460.510	0	730255	standard_tone	sapo_probe	standard	n/a	n/a	n/a	n/a	n/a
1461.526	0	730763	standard_tone	sapo_probe	standard	n/a	n/a	n/a	n/a	n/a
1462.542	0	731271	standard_tone	sapo_probe	standard	n/a	n/a	n/a	n/a	n/a
1463.558	0	731779	oddball_tone	sapo_probe	oddball	n/a	n/a	n/a	n/a	n/a
1464.574	0	732287	standard_tone	sapo_probe	standard	n/a	n/a	n/a	n/a	n/a
1465.590	0	732795	standard_tone	sapo_probe	standard	n/a	n/a	n/a	n/a	n/a
1466.606	0	733303	standard_tone	sapo_probe	standard	n/a	n/a	n/a	n/a	n/a
1467.622	0	733811	standard_tone	sapo_probe	standard	n/a	n/a	n/a	n/a	n/a
1468.636	0	734318	standard_tone	sapo_probe	standard	n/a	n/a	n/a	n/a	n/a
1469.652	0	734826	standard_tone	sapo_probe	standard	n/a	n/a	n/a	n/a	n/a
1470.668	0	735334	oddball_tone	sapo_probe	oddball	n/a	n/a	n/a	n/a	n/a
1471.684	0	735842	standard_tone	sapo_probe	standard	n/a	n/a	n/a	n/a	n/a
1472.700	0	736350	standard_tone	sapo_probe	standard	n/a	n/a	n/a	n/a	n/a
1473.700	0	736850	oddball_tone	sapo_probe	oddball	n/a	n/a	n/a	n/a	n/a
1474.716	0	737358	standard_tone	sapo_probe	standard	n/a	n/a	n/a	n/a	n/a
1475.732	0	737866	standard_tone	sapo_probe	standard	n/a	n/a	n/a	n/a	n/a
1476.748	0	738374	standard_tone	sapo_probe	standard	n/a	n/a	n/a	n/a	n/a
1477.762	0	738881	standard_tone	sapo_probe	standard	n/a	n/a	n/a	n/a	n/a
1478.778	0	739389	standard_tone	sapo_probe	standard	n/a	n/a	n/a	n/a	n/a
1479.794	0	739897	standard_tone	sapo_probe	standard	n/a	n/a	n/a	n/a	n/a
1480.810	0	740405	standard_tone	sapo_probe	standard	n/a	n/a	n/a	n/a	n/a
1481.826	0	740913	standard_tone	sapo_probe	standard	n/a	n/a	n/a	n/a	n/a
1482.842	0	741421	oddball_tone	sapo_probe	oddball	n/a	n/a	n/a	n/a	n/a
1483.858	0	741929	standard_tone	sapo_probe	standard	n/a	n/a	n/a	n/a	n/a
1484.874	0	742437	standard_tone	sapo_probe	standard	n/a	n/a	n/a	n/a	n/a
1485.890	0	742945	standard_tone	sapo_probe	standard	n/a	n/a	n/a	n/a	n/a
1486.904	0	743452	distractor_noise	sapo_probe	distractor	n/a	n/a	n/a	n/a	n/a
1487.920	0	743960	standard_tone	sapo_probe	standard	n/a	n/a	n/a	n/a	n/a
1488.936	0	744468	standard_tone	sapo_probe	standard	n/a	n/a	n/a	n/a	n/a
1489.952	0	744976	standard_tone	sapo_probe	standard	n/a	n/a	n/a	n/a	n/a
1490.952	0	745476	standard_tone	sapo_probe	standard	n/a	n/a	n/a	n/a	n/a
1491.968	0	745984	standard_tone	sapo_probe	standard	n/a	n/a	n/a	n/a	n/a
1492.984	0	746492	distractor_noise	sapo_probe	distractor	n/a	n/a	n/a	n/a	n/a
1494.000	0	747000	standard_tone	sapo_probe	standard	n/a	n/a	n/a	n/a	n/a
1495.016	0	747508	oddball_tone	sapo_probe	oddball	n/a	n/a	n/a	n/a	n/a
1496.030	0	748015	distractor_noise	sapo_probe	distractor	n/a	n/a	n/a	n/a	n/a
1497.048	0	748524	standard_tone	sapo_probe	standard	n/a	n/a	n/a	n/a	n/a
1498.062	0	749031	standard_tone	sapo_probe	standard	n/a	n/a	n/a	n/a	n/a
1499.078	0	749539	standard_tone	sapo_probe	standard	n/a	n/a	n/a	n/a	n/a
1500.094	0	750047	standard_tone	sapo_probe	standard	n/a	n/a	n/a	n/a	n/a
1501.094	0	750547	standard_tone	sapo_probe	standard	n/a	n/a	n/a	n/a	n/a
1502.110	0	751055	distractor_noise	sapo_probe	distractor	n/a	n/a	n/a	n/a	n/a
1503.124	0	751562	standard_tone	sapo_probe	standard	n/a	n/a	n/a	n/a	n/a
1504.142	0	752071	standard_tone	sapo_probe	standard	n/a	n/a	n/a	n/a	n/a
1505.156	0	752578	oddball_tone	sapo_probe	oddball	n/a	n/a	n/a	n/a	n/a
1506.172	0	753086	standard_tone	sapo_probe	standard	n/a	n/a	n/a	n/a	n/a
1506.506	0	753253	silence_end	sapo_probe	silence-end	n/a	n/a	n/a	n/a	n/a
1506.508	0	753254	subblock_end	sapo_probe	subblock-end-duration-113.855	n/a	n/a	n/a	113.855	n/a
1506.508	0	753254	subblock_begin	sapo_probe	subblock-begin	n/a	n/a	n/a	n/a	n/a
1506.508	0	753254	silence_begin	sapo_probe	silence-begin	n/a	n/a	n/a	n/a	n/a
1507.188	0	753594	oddball_tone	sapo_probe	oddball	n/a	n/a	n/a	n/a	n/a
1508.188	0	754094	standard_tone	sapo_probe	standard	n/a	n/a	n/a	n/a	n/a
1509.204	0	754602	standard_tone	sapo_probe	standard	n/a	n/a	n/a	n/a	n/a
1510.220	0	755110	standard_tone	sapo_probe	standard	n/a	n/a	n/a	n/a	n/a
1511.234	0	755617	distractor_noise	sapo_probe	distractor	n/a	n/a	n/a	n/a	n/a
1512.234	0	756117	standard_tone	sapo_probe	standard	n/a	n/a	n/a	n/a	n/a
1513.250	0	756625	standard_tone	sapo_probe	standard	n/a	n/a	n/a	n/a	n/a
1514.266	0	757133	standard_tone	sapo_probe	standard	n/a	n/a	n/a	n/a	n/a
1515.282	0	757641	oddball_tone	sapo_probe	oddball	n/a	n/a	n/a	n/a	n/a
1516.298	0	758149	standard_tone	sapo_probe	standard	n/a	n/a	n/a	n/a	n/a
1517.314	0	758657	standard_tone	sapo_probe	standard	n/a	n/a	n/a	n/a	n/a
1518.328	0	759164	standard_tone	sapo_probe	standard	n/a	n/a	n/a	n/a	n/a
1519.344	0	759672	standard_tone	sapo_probe	standard	n/a	n/a	n/a	n/a	n/a
1520.360	0	760180	standard_tone	sapo_probe	standard	n/a	n/a	n/a	n/a	n/a
1521.378	0	760689	standard_tone	sapo_probe	standard	n/a	n/a	n/a	n/a	n/a
1522.392	0	761196	standard_tone	sapo_probe	standard	n/a	n/a	n/a	n/a	n/a
1523.408	0	761704	distractor_noise	sapo_probe	distractor	n/a	n/a	n/a	n/a	n/a
1524.424	0	762212	standard_tone	sapo_probe	standard	n/a	n/a	n/a	n/a	n/a
1525.440	0	762720	standard_tone	sapo_probe	standard	n/a	n/a	n/a	n/a	n/a
1526.456	0	763228	standard_tone	sapo_probe	standard	n/a	n/a	n/a	n/a	n/a
1527.472	0	763736	oddball_tone	sapo_probe	oddball	n/a	n/a	n/a	n/a	n/a
1528.488	0	764244	standard_tone	sapo_probe	standard	n/a	n/a	n/a	n/a	n/a
1529.502	0	764751	oddball_tone	sapo_probe	oddball	n/a	n/a	n/a	n/a	n/a
1530.518	0	765259	standard_tone	sapo_probe	standard	n/a	n/a	n/a	n/a	n/a
1531.534	0	765767	standard_tone	sapo_probe	standard	n/a	n/a	n/a	n/a	n/a
1532.550	0	766275	standard_tone	sapo_probe	standard	n/a	n/a	n/a	n/a	n/a
1533.566	0	766783	standard_tone	sapo_probe	standard	n/a	n/a	n/a	n/a	n/a
1534.582	0	767291	oddball_tone	sapo_probe	oddball	n/a	n/a	n/a	n/a	n/a
1535.598	0	767799	distractor_noise	sapo_probe	distractor	n/a	n/a	n/a	n/a	n/a
1536.614	0	768307	standard_tone	sapo_probe	standard	n/a	n/a	n/a	n/a	n/a
1537.630	0	768815	standard_tone	sapo_probe	standard	n/a	n/a	n/a	n/a	n/a
1538.630	0	769315	standard_tone	sapo_probe	standard	n/a	n/a	n/a	n/a	n/a
1539.644	0	769822	oddball_tone	sapo_probe	oddball	n/a	n/a	n/a	n/a	n/a
1540.660	0	770330	standard_tone	sapo_probe	standard	n/a	n/a	n/a	n/a	n/a
1541.676	0	770838	standard_tone	sapo_probe	standard	n/a	n/a	n/a	n/a	n/a
1542.692	0	771346	standard_tone	sapo_probe	standard	n/a	n/a	n/a	n/a	n/a
1543.708	0	771854	standard_tone	sapo_probe	standard	n/a	n/a	n/a	n/a	n/a
1544.724	0	772362	standard_tone	sapo_probe	standard	n/a	n/a	n/a	n/a	n/a
1545.740	0	772870	standard_tone	sapo_probe	standard	n/a	n/a	n/a	n/a	n/a
1546.756	0	773378	oddball_tone	sapo_probe	oddball	n/a	n/a	n/a	n/a	n/a
1547.772	0	773886	standard_tone	sapo_probe	standard	n/a	n/a	n/a	n/a	n/a
1548.788	0	774394	standard_tone	sapo_probe	standard	n/a	n/a	n/a	n/a	n/a
1549.802	0	774901	distractor_noise	sapo_probe	distractor	n/a	n/a	n/a	n/a	n/a
1550.818	0	775409	standard_tone	sapo_probe	standard	n/a	n/a	n/a	n/a	n/a
1551.834	0	775917	standard_tone	sapo_probe	standard	n/a	n/a	n/a	n/a	n/a
1552.834	0	776417	oddball_tone	sapo_probe	oddball	n/a	n/a	n/a	n/a	n/a
1553.850	0	776925	standard_tone	sapo_probe	standard	n/a	n/a	n/a	n/a	n/a
1554.866	0	777433	standard_tone	sapo_probe	standard	n/a	n/a	n/a	n/a	n/a
1555.882	0	777941	distractor_noise	sapo_probe	distractor	n/a	n/a	n/a	n/a	n/a
1556.880	0	778440	standard_tone	sapo_probe	standard	n/a	n/a	n/a	n/a	n/a
1557.896	0	778948	standard_tone	sapo_probe	standard	n/a	n/a	n/a	n/a	n/a
1558.912	0	779456	oddball_tone	sapo_probe	oddball	n/a	n/a	n/a	n/a	n/a
1559.928	0	779964	distractor_noise	sapo_probe	distractor	n/a	n/a	n/a	n/a	n/a
1560.928	0	780464	standard_tone	sapo_probe	standard	n/a	n/a	n/a	n/a	n/a
1561.942	0	780971	standard_tone	sapo_probe	standard	n/a	n/a	n/a	n/a	n/a
1562.392	0	781196	prompt_window_begin	sapo_probe	probe-sapo-probe-begin	n/a	n/a	n/a	n/a	n/a
1569.356	0	784678	clicker_press	sapo_probe	response-received-arrow_up	n/a	n/a	n/a	n/a	arrow_up
1569.638	0	784819	clicker_press	sapo_probe	response-received-arrow_up	n/a	n/a	n/a	n/a	arrow_up
1569.970	0	784985	clicker_press	sapo_probe	response-received-arrow_up	n/a	n/a	n/a	n/a	arrow_up
1571.418	0	785709	depth_rating	sapo_probe	rating-sapo-probe-meditation_depth-3	3	n/a	n/a	n/a	n/a
1577.764	0	788882	clicker_press	sapo_probe	response-received-arrow_up	n/a	n/a	n/a	n/a	arrow_up
1578.046	0	789023	clicker_press	sapo_probe	response-received-arrow_up	n/a	n/a	n/a	n/a	arrow_up
1578.346	0	789173	clicker_press	sapo_probe	response-received-arrow_up	n/a	n/a	n/a	n/a	arrow_up
1578.614	0	789307	clicker_press	sapo_probe	response-received-arrow_up	n/a	n/a	n/a	n/a	arrow_up
1578.930	0	789465	clicker_press	sapo_probe	response-received-arrow_up	n/a	n/a	n/a	n/a	arrow_up
1581.494	0	790747	confidence_rating	sapo_probe	rating-sapo-probe-confidence_depth-5	n/a	5	n/a	n/a	n/a
1584.990	0	792495	prompt_window_end	sapo_probe	probe-sapo-probe-end	n/a	n/a	n/a	n/a	n/a
1585.008	0	792504	standard_tone	sapo_probe	standard	n/a	n/a	n/a	n/a	n/a
1586.006	0	793003	standard_tone	sapo_probe	standard	n/a	n/a	n/a	n/a	n/a
1587.022	0	793511	standard_tone	sapo_probe	standard	n/a	n/a	n/a	n/a	n/a
1588.038	0	794019	standard_tone	sapo_probe	standard	n/a	n/a	n/a	n/a	n/a
1589.054	0	794527	standard_tone	sapo_probe	standard	n/a	n/a	n/a	n/a	n/a
1590.070	0	795035	standard_tone	sapo_probe	standard	n/a	n/a	n/a	n/a	n/a
1591.070	0	795535	distractor_noise	sapo_probe	distractor	n/a	n/a	n/a	n/a	n/a
1592.084	0	796042	standard_tone	sapo_probe	standard	n/a	n/a	n/a	n/a	n/a
1593.100	0	796550	standard_tone	sapo_probe	standard	n/a	n/a	n/a	n/a	n/a
1594.100	0	797050	standard_tone	sapo_probe	standard	n/a	n/a	n/a	n/a	n/a
1595.116	0	797558	standard_tone	sapo_probe	standard	n/a	n/a	n/a	n/a	n/a
1596.132	0	798066	standard_tone	sapo_probe	standard	n/a	n/a	n/a	n/a	n/a
1597.146	0	798573	standard_tone	sapo_probe	standard	n/a	n/a	n/a	n/a	n/a
1598.162	0	799081	standard_tone	sapo_probe	standard	n/a	n/a	n/a	n/a	n/a
1599.178	0	799589	distractor_noise	sapo_probe	distractor	n/a	n/a	n/a	n/a	n/a
1600.194	0	800097	standard_tone	sapo_probe	standard	n/a	n/a	n/a	n/a	n/a
1601.210	0	800605	standard_tone	sapo_probe	standard	n/a	n/a	n/a	n/a	n/a
1602.226	0	801113	standard_tone	sapo_probe	standard	n/a	n/a	n/a	n/a	n/a
1603.242	0	801621	standard_tone	sapo_probe	standard	n/a	n/a	n/a	n/a	n/a
1604.258	0	802129	standard_tone	sapo_probe	standard	n/a	n/a	n/a	n/a	n/a
1605.274	0	802637	standard_tone	sapo_probe	standard	n/a	n/a	n/a	n/a	n/a
1606.290	0	803145	standard_tone	sapo_probe	standard	n/a	n/a	n/a	n/a	n/a
1607.304	0	803652	standard_tone	sapo_probe	standard	n/a	n/a	n/a	n/a	n/a
1608.304	0	804152	distractor_noise	sapo_probe	distractor	n/a	n/a	n/a	n/a	n/a
1609.320	0	804660	standard_tone	sapo_probe	standard	n/a	n/a	n/a	n/a	n/a
1610.336	0	805168	standard_tone	sapo_probe	standard	n/a	n/a	n/a	n/a	n/a
1611.352	0	805676	standard_tone	sapo_probe	standard	n/a	n/a	n/a	n/a	n/a
1612.368	0	806184	standard_tone	sapo_probe	standard	n/a	n/a	n/a	n/a	n/a
1613.384	0	806692	standard_tone	sapo_probe	standard	n/a	n/a	n/a	n/a	n/a
1614.400	0	807200	standard_tone	sapo_probe	standard	n/a	n/a	n/a	n/a	n/a
1615.416	0	807708	distractor_noise	sapo_probe	distractor	n/a	n/a	n/a	n/a	n/a
1616.430	0	808215	standard_tone	sapo_probe	standard	n/a	n/a	n/a	n/a	n/a
1617.446	0	808723	standard_tone	sapo_probe	standard	n/a	n/a	n/a	n/a	n/a
1618.462	0	809231	standard_tone	sapo_probe	standard	n/a	n/a	n/a	n/a	n/a
1619.478	0	809739	standard_tone	sapo_probe	standard	n/a	n/a	n/a	n/a	n/a
1620.494	0	810247	distractor_noise	sapo_probe	distractor	n/a	n/a	n/a	n/a	n/a
1621.510	0	810755	standard_tone	sapo_probe	standard	n/a	n/a	n/a	n/a	n/a
1622.526	0	811263	standard_tone	sapo_probe	standard	n/a	n/a	n/a	n/a	n/a
1623.542	0	811771	standard_tone	sapo_probe	standard	n/a	n/a	n/a	n/a	n/a
1624.542	0	812271	standard_tone	sapo_probe	standard	n/a	n/a	n/a	n/a	n/a
1625.558	0	812779	standard_tone	sapo_probe	standard	n/a	n/a	n/a	n/a	n/a
1626.572	0	813286	standard_tone	sapo_probe	standard	n/a	n/a	n/a	n/a	n/a
1627.588	0	813794	standard_tone	sapo_probe	standard	n/a	n/a	n/a	n/a	n/a
1628.604	0	814302	standard_tone	sapo_probe	standard	n/a	n/a	n/a	n/a	n/a
1629.620	0	814810	distractor_noise	sapo_probe	distractor	n/a	n/a	n/a	n/a	n/a
1630.636	0	815318	standard_tone	sapo_probe	standard	n/a	n/a	n/a	n/a	n/a
1631.652	0	815826	standard_tone	sapo_probe	standard	n/a	n/a	n/a	n/a	n/a
1632.668	0	816334	standard_tone	sapo_probe	standard	n/a	n/a	n/a	n/a	n/a
1633.684	0	816842	standard_tone	sapo_probe	standard	n/a	n/a	n/a	n/a	n/a
1634.700	0	817350	standard_tone	sapo_probe	standard	n/a	n/a	n/a	n/a	n/a
1635.716	0	817858	standard_tone	sapo_probe	standard	n/a	n/a	n/a	n/a	n/a
1636.698	0	818349	silence_end	sapo_probe	silence-end	n/a	n/a	n/a	n/a	n/a
1636.698	0	818349	gong_begin	sapo_probe	gong-begin	n/a	n/a	n/a	n/a	n/a
1646.872	0	823436	gong_end	sapo_probe	gong-end	n/a	n/a	n/a	n/a	n/a
1646.874	0	823437	subblock_end	sapo_probe	subblock-end-duration-140.366	n/a	n/a	n/a	140.366	n/a
1646.876	0	823438	subblock_begin	sapo_probe	subblock-begin	n/a	n/a	n/a	n/a	n/a
1646.876	0	823438	silence_begin	sapo_probe	silence-begin	n/a	n/a	n/a	n/a	n/a
1646.878	0	823439	distractor_noise	sapo_probe	distractor	n/a	n/a	n/a	n/a	n/a
1647.888	0	823944	standard_tone	sapo_probe	standard	n/a	n/a	n/a	n/a	n/a
1648.888	0	824444	oddball_tone	sapo_probe	oddball	n/a	n/a	n/a	n/a	n/a
1649.904	0	824952	distractor_noise	sapo_probe	distractor	n/a	n/a	n/a	n/a	n/a
1650.920	0	825460	standard_tone	sapo_probe	standard	n/a	n/a	n/a	n/a	n/a
1651.936	0	825968	standard_tone	sapo_probe	standard	n/a	n/a	n/a	n/a	n/a
1652.950	0	826475	standard_tone	sapo_probe	standard	n/a	n/a	n/a	n/a	n/a
1653.966	0	826983	standard_tone	sapo_probe	standard	n/a	n/a	n/a	n/a	n/a
1654.982	0	827491	standard_tone	sapo_probe	standard	n/a	n/a	n/a	n/a	n/a
1655.998	0	827999	standard_tone	sapo_probe	standard	n/a	n/a	n/a	n/a	n/a
1656.998	0	828499	standard_tone	sapo_probe	standard	n/a	n/a	n/a	n/a	n/a
1658.014	0	829007	standard_tone	sapo_probe	standard	n/a	n/a	n/a	n/a	n/a
1659.030	0	829515	standard_tone	sapo_probe	standard	n/a	n/a	n/a	n/a	n/a
1660.046	0	830023	standard_tone	sapo_probe	standard	n/a	n/a	n/a	n/a	n/a
1661.060	0	830530	standard_tone	sapo_probe	standard	n/a	n/a	n/a	n/a	n/a
1662.076	0	831038	oddball_tone	sapo_probe	oddball	n/a	n/a	n/a	n/a	n/a
1663.092	0	831546	standard_tone	sapo_probe	standard	n/a	n/a	n/a	n/a	n/a
1664.108	0	832054	standard_tone	sapo_probe	standard	n/a	n/a	n/a	n/a	n/a
1665.124	0	832562	standard_tone	sapo_probe	standard	n/a	n/a	n/a	n/a	n/a
1666.140	0	833070	standard_tone	sapo_probe	standard	n/a	n/a	n/a	n/a	n/a
1667.156	0	833578	standard_tone	sapo_probe	standard	n/a	n/a	n/a	n/a	n/a
1668.172	0	834086	standard_tone	sapo_probe	standard	n/a	n/a	n/a	n/a	n/a
1669.188	0	834594	standard_tone	sapo_probe	standard	n/a	n/a	n/a	n/a	n/a
1670.204	0	835102	standard_tone	sapo_probe	standard	n/a	n/a	n/a	n/a	n/a
1671.218	0	835609	standard_tone	sapo_probe	standard	n/a	n/a	n/a	n/a	n/a
1672.218	0	836109	standard_tone	sapo_probe	standard	n/a	n/a	n/a	n/a	n/a
1673.234	0	836617	distractor_noise	sapo_probe	distractor	n/a	n/a	n/a	n/a	n/a
1674.250	0	837125	standard_tone	sapo_probe	standard	n/a	n/a	n/a	n/a	n/a
1675.266	0	837633	standard_tone	sapo_probe	standard	n/a	n/a	n/a	n/a	n/a
1676.282	0	838141	standard_tone	sapo_probe	standard	n/a	n/a	n/a	n/a	n/a
1677.298	0	838649	standard_tone	sapo_probe	standard	n/a	n/a	n/a	n/a	n/a
1678.314	0	839157	standard_tone	sapo_probe	standard	n/a	n/a	n/a	n/a	n/a
1679.328	0	839664	standard_tone	sapo_probe	standard	n/a	n/a	n/a	n/a	n/a
1680.344	0	840172	standard_tone	sapo_probe	standard	n/a	n/a	n/a	n/a	n/a
1681.360	0	840680	standard_tone	sapo_probe	standard	n/a	n/a	n/a	n/a	n/a
1682.376	0	841188	standard_tone	sapo_probe	standard	n/a	n/a	n/a	n/a	n/a
1683.392	0	841696	oddball_tone	sapo_probe	oddball	n/a	n/a	n/a	n/a	n/a
1684.408	0	842204	standard_tone	sapo_probe	standard	n/a	n/a	n/a	n/a	n/a
1685.424	0	842712	standard_tone	sapo_probe	standard	n/a	n/a	n/a	n/a	n/a
1686.440	0	843220	distractor_noise	sapo_probe	distractor	n/a	n/a	n/a	n/a	n/a
1687.440	0	843720	standard_tone	sapo_probe	standard	n/a	n/a	n/a	n/a	n/a
1688.454	0	844227	standard_tone	sapo_probe	standard	n/a	n/a	n/a	n/a	n/a
1689.470	0	844735	oddball_tone	sapo_probe	oddball	n/a	n/a	n/a	n/a	n/a
1690.486	0	845243	standard_tone	sapo_probe	standard	n/a	n/a	n/a	n/a	n/a
1691.502	0	845751	standard_tone	sapo_probe	standard	n/a	n/a	n/a	n/a	n/a
1692.518	0	846259	standard_tone	sapo_probe	standard	n/a	n/a	n/a	n/a	n/a
1693.534	0	846767	standard_tone	sapo_probe	standard	n/a	n/a	n/a	n/a	n/a
1694.550	0	847275	standard_tone	sapo_probe	standard	n/a	n/a	n/a	n/a	n/a
1695.566	0	847783	standard_tone	sapo_probe	standard	n/a	n/a	n/a	n/a	n/a
1696.582	0	848291	standard_tone	sapo_probe	standard	n/a	n/a	n/a	n/a	n/a
1697.598	0	848799	standard_tone	sapo_probe	standard	n/a	n/a	n/a	n/a	n/a
1698.614	0	849307	distractor_noise	sapo_probe	distractor	n/a	n/a	n/a	n/a	n/a
1699.628	0	849814	standard_tone	sapo_probe	standard	n/a	n/a	n/a	n/a	n/a
1700.644	0	850322	standard_tone	sapo_probe	standard	n/a	n/a	n/a	n/a	n/a
1701.660	0	850830	oddball_tone	sapo_probe	oddball	n/a	n/a	n/a	n/a	n/a
1702.676	0	851338	distractor_noise	sapo_probe	distractor	n/a	n/a	n/a	n/a	n/a
1703.692	0	851846	standard_tone	sapo_probe	standard	n/a	n/a	n/a	n/a	n/a
1704.708	0	852354	standard_tone	sapo_probe	standard	n/a	n/a	n/a	n/a	n/a
1705.724	0	852862	distractor_noise	sapo_probe	distractor	n/a	n/a	n/a	n/a	n/a
1706.740	0	853370	standard_tone	sapo_probe	standard	n/a	n/a	n/a	n/a	n/a
1707.756	0	853878	standard_tone	sapo_probe	standard	n/a	n/a	n/a	n/a	n/a
1708.770	0	854385	standard_tone	sapo_probe	standard	n/a	n/a	n/a	n/a	n/a
1709.788	0	854894	distractor_noise	sapo_probe	distractor	n/a	n/a	n/a	n/a	n/a
1710.802	0	855401	standard_tone	sapo_probe	standard	n/a	n/a	n/a	n/a	n/a
1711.802	0	855901	distractor_noise	sapo_probe	distractor	n/a	n/a	n/a	n/a	n/a
1712.818	0	856409	standard_tone	sapo_probe	standard	n/a	n/a	n/a	n/a	n/a
1713.834	0	856917	distractor_noise	sapo_probe	distractor	n/a	n/a	n/a	n/a	n/a
1714.850	0	857425	standard_tone	sapo_probe	standard	n/a	n/a	n/a	n/a	n/a
1715.866	0	857933	standard_tone	sapo_probe	standard	n/a	n/a	n/a	n/a	n/a
1716.882	0	858441	standard_tone	sapo_probe	standard	n/a	n/a	n/a	n/a	n/a
1717.898	0	858949	standard_tone	sapo_probe	standard	n/a	n/a	n/a	n/a	n/a
1718.912	0	859456	standard_tone	sapo_probe	standard	n/a	n/a	n/a	n/a	n/a
1719.928	0	859964	standard_tone	sapo_probe	standard	n/a	n/a	n/a	n/a	n/a
1720.944	0	860472	standard_tone	sapo_probe	standard	n/a	n/a	n/a	n/a	n/a
1721.960	0	860980	standard_tone	sapo_probe	standard	n/a	n/a	n/a	n/a	n/a
1722.976	0	861488	standard_tone	sapo_probe	standard	n/a	n/a	n/a	n/a	n/a
1723.992	0	861996	standard_tone	sapo_probe	standard	n/a	n/a	n/a	n/a	n/a
1724.992	0	862496	oddball_tone	sapo_probe	oddball	n/a	n/a	n/a	n/a	n/a
1726.008	0	863004	standard_tone	sapo_probe	standard	n/a	n/a	n/a	n/a	n/a
1727.006	0	863503	distractor_noise	sapo_probe	distractor	n/a	n/a	n/a	n/a	n/a
1728.022	0	864011	standard_tone	sapo_probe	standard	n/a	n/a	n/a	n/a	n/a
1729.038	0	864519	standard_tone	sapo_probe	standard	n/a	n/a	n/a	n/a	n/a
1730.054	0	865027	standard_tone	sapo_probe	standard	n/a	n/a	n/a	n/a	n/a
1731.070	0	865535	standard_tone	sapo_probe	standard	n/a	n/a	n/a	n/a	n/a
1732.086	0	866043	standard_tone	sapo_probe	standard	n/a	n/a	n/a	n/a	n/a
1733.102	0	866551	oddball_tone	sapo_probe	oddball	n/a	n/a	n/a	n/a	n/a
1734.118	0	867059	standard_tone	sapo_probe	standard	n/a	n/a	n/a	n/a	n/a
1735.132	0	867566	standard_tone	sapo_probe	standard	n/a	n/a	n/a	n/a	n/a
1736.148	0	868074	oddball_tone	sapo_probe	oddball	n/a	n/a	n/a	n/a	n/a
1737.148	0	868574	standard_tone	sapo_probe	standard	n/a	n/a	n/a	n/a	n/a
1738.164	0	869082	standard_tone	sapo_probe	standard	n/a	n/a	n/a	n/a	n/a
1739.180	0	869590	standard_tone	sapo_probe	standard	n/a	n/a	n/a	n/a	n/a
1740.196	0	870098	standard_tone	sapo_probe	standard	n/a	n/a	n/a	n/a	n/a
1741.212	0	870606	distractor_noise	sapo_probe	distractor	n/a	n/a	n/a	n/a	n/a
1742.228	0	871114	oddball_tone	sapo_probe	oddball	n/a	n/a	n/a	n/a	n/a
1743.242	0	871621	standard_tone	sapo_probe	standard	n/a	n/a	n/a	n/a	n/a
1744.258	0	872129	standard_tone	sapo_probe	standard	n/a	n/a	n/a	n/a	n/a
1745.274	0	872637	standard_tone	sapo_probe	standard	n/a	n/a	n/a	n/a	n/a
1746.290	0	873145	standard_tone	sapo_probe	standard	n/a	n/a	n/a	n/a	n/a
1747.306	0	873653	distractor_noise	sapo_probe	distractor	n/a	n/a	n/a	n/a	n/a
1748.322	0	874161	oddball_tone	sapo_probe	oddball	n/a	n/a	n/a	n/a	n/a
1749.338	0	874669	standard_tone	sapo_probe	standard	n/a	n/a	n/a	n/a	n/a
1750.354	0	875177	standard_tone	sapo_probe	standard	n/a	n/a	n/a	n/a	n/a
1751.370	0	875685	standard_tone	sapo_probe	standard	n/a	n/a	n/a	n/a	n/a
1752.386	0	876193	standard_tone	sapo_probe	standard	n/a	n/a	n/a	n/a	n/a
1753.400	0	876700	standard_tone	sapo_probe	standard	n/a	n/a	n/a	n/a	n/a
1754.368	0	877184	silence_end	sapo_probe	silence-end	n/a	n/a	n/a	n/a	n/a
1754.368	0	877184	gong_begin	sapo_probe	gong-begin	n/a	n/a	n/a	n/a	n/a
1764.626	0	882313	gong_end	sapo_probe	gong-end	n/a	n/a	n/a	n/a	n/a
1764.626	0	882313	subblock_end	sapo_probe	subblock-end-duration-117.751	n/a	n/a	n/a	117.751	n/a
1764.628	0	882314	subblock_begin	sapo_probe	subblock-begin	n/a	n/a	n/a	n/a	n/a
1764.628	0	882314	silence_begin	sapo_probe	silence-begin	n/a	n/a	n/a	n/a	n/a
1764.628	0	882314	oddball_tone	sapo_probe	oddball	n/a	n/a	n/a	n/a	n/a
1765.640	0	882820	standard_tone	sapo_probe	standard	n/a	n/a	n/a	n/a	n/a
1766.656	0	883328	standard_tone	sapo_probe	standard	n/a	n/a	n/a	n/a	n/a
1767.672	0	883836	standard_tone	sapo_probe	standard	n/a	n/a	n/a	n/a	n/a
1768.688	0	884344	standard_tone	sapo_probe	standard	n/a	n/a	n/a	n/a	n/a
1769.704	0	884852	standard_tone	sapo_probe	standard	n/a	n/a	n/a	n/a	n/a
1770.720	0	885360	standard_tone	sapo_probe	standard	n/a	n/a	n/a	n/a	n/a
1771.736	0	885868	standard_tone	sapo_probe	standard	n/a	n/a	n/a	n/a	n/a
1772.752	0	886376	standard_tone	sapo_probe	standard	n/a	n/a	n/a	n/a	n/a
1773.068	0	886534	prompt_window_begin	sapo_probe	probe-sapo-probe-begin	n/a	n/a	n/a	n/a	n/a
1780.680	0	890340	clicker_press	sapo_probe	response-received-arrow_up	n/a	n/a	n/a	n/a	arrow_up
1780.962	0	890481	clicker_press	sapo_probe	response-received-arrow_up	n/a	n/a	n/a	n/a	arrow_up
1781.362	0	890681	clicker_press	sapo_probe	response-received-arrow_up	n/a	n/a	n/a	n/a	arrow_up
1782.094	0	891047	depth_rating	sapo_probe	rating-sapo-probe-meditation_depth-3	3	n/a	n/a	n/a	n/a
1788.206	0	894103	clicker_press	sapo_probe	response-received-arrow_up	n/a	n/a	n/a	n/a	arrow_up
1788.506	0	894253	clicker_press	sapo_probe	response-received-arrow_up	n/a	n/a	n/a	n/a	arrow_up
1788.822	0	894411	clicker_press	sapo_probe	response-received-arrow_up	n/a	n/a	n/a	n/a	arrow_up
1789.106	0	894553	clicker_press	sapo_probe	response-received-arrow_up	n/a	n/a	n/a	n/a	arrow_up
1792.136	0	896068	confidence_rating	sapo_probe	rating-sapo-probe-confidence_depth-4	n/a	4	n/a	n/a	n/a
1795.768	0	897884	prompt_window_end	sapo_probe	probe-sapo-probe-end	n/a	n/a	n/a	n/a	n/a
1795.768	0	897884	standard_tone	sapo_probe	standard	n/a	n/a	n/a	n/a	n/a
1796.782	0	898391	standard_tone	sapo_probe	standard	n/a	n/a	n/a	n/a	n/a
1797.798	0	898899	standard_tone	sapo_probe	standard	n/a	n/a	n/a	n/a	n/a
1798.814	0	899407	standard_tone	sapo_probe	standard	n/a	n/a	n/a	n/a	n/a
1799.814	0	899907	standard_tone	sapo_probe	standard	n/a	n/a	n/a	n/a	n/a
1800.828	0	900414	standard_tone	sapo_probe	standard	n/a	n/a	n/a	n/a	n/a
1801.844	0	900922	standard_tone	sapo_probe	standard	n/a	n/a	n/a	n/a	n/a
1802.860	0	901430	oddball_tone	sapo_probe	oddball	n/a	n/a	n/a	n/a	n/a
1803.876	0	901938	standard_tone	sapo_probe	standard	n/a	n/a	n/a	n/a	n/a
1804.892	0	902446	standard_tone	sapo_probe	standard	n/a	n/a	n/a	n/a	n/a
1805.908	0	902954	distractor_noise	sapo_probe	distractor	n/a	n/a	n/a	n/a	n/a
1806.924	0	903462	standard_tone	sapo_probe	standard	n/a	n/a	n/a	n/a	n/a
1807.940	0	903970	standard_tone	sapo_probe	standard	n/a	n/a	n/a	n/a	n/a
1808.956	0	904478	standard_tone	sapo_probe	standard	n/a	n/a	n/a	n/a	n/a
1809.970	0	904985	standard_tone	sapo_probe	standard	n/a	n/a	n/a	n/a	n/a
1810.986	0	905493	standard_tone	sapo_probe	standard	n/a	n/a	n/a	n/a	n/a
1812.002	0	906001	standard_tone	sapo_probe	standard	n/a	n/a	n/a	n/a	n/a
1813.018	0	906509	standard_tone	sapo_probe	standard	n/a	n/a	n/a	n/a	n/a
1814.018	0	907009	standard_tone	sapo_probe	standard	n/a	n/a	n/a	n/a	n/a
1815.034	0	907517	oddball_tone	sapo_probe	oddball	n/a	n/a	n/a	n/a	n/a
1816.050	0	908025	standard_tone	sapo_probe	standard	n/a	n/a	n/a	n/a	n/a
1817.066	0	908533	standard_tone	sapo_probe	standard	n/a	n/a	n/a	n/a	n/a
1818.064	0	909032	standard_tone	sapo_probe	standard	n/a	n/a	n/a	n/a	n/a
1819.080	0	909540	distractor_noise	sapo_probe	distractor	n/a	n/a	n/a	n/a	n/a
1820.096	0	910048	standard_tone	sapo_probe	standard	n/a	n/a	n/a	n/a	n/a
1821.112	0	910556	standard_tone	sapo_probe	standard	n/a	n/a	n/a	n/a	n/a
1822.128	0	911064	standard_tone	sapo_probe	standard	n/a	n/a	n/a	n/a	n/a
1823.144	0	911572	standard_tone	sapo_probe	standard	n/a	n/a	n/a	n/a	n/a
1824.142	0	912071	distractor_noise	sapo_probe	distractor	n/a	n/a	n/a	n/a	n/a
1825.158	0	912579	standard_tone	sapo_probe	standard	n/a	n/a	n/a	n/a	n/a
1826.174	0	913087	distractor_noise	sapo_probe	distractor	n/a	n/a	n/a	n/a	n/a
1827.190	0	913595	standard_tone	sapo_probe	standard	n/a	n/a	n/a	n/a	n/a
1828.206	0	914103	standard_tone	sapo_probe	standard	n/a	n/a	n/a	n/a	n/a
1829.222	0	914611	standard_tone	sapo_probe	standard	n/a	n/a	n/a	n/a	n/a
1830.220	0	915110	standard_tone	sapo_probe	standard	n/a	n/a	n/a	n/a	n/a
1831.222	0	915611	standard_tone	sapo_probe	standard	n/a	n/a	n/a	n/a	n/a
1832.236	0	916118	standard_tone	sapo_probe	standard	n/a	n/a	n/a	n/a	n/a
1833.252	0	916626	standard_tone	sapo_probe	standard	n/a	n/a	n/a	n/a	n/a
1834.268	0	917134	distractor_noise	sapo_probe	distractor	n/a	n/a	n/a	n/a	n/a
1835.284	0	917642	standard_tone	sapo_probe	standard	n/a	n/a	n/a	n/a	n/a
1836.300	0	918150	standard_tone	sapo_probe	standard	n/a	n/a	n/a	n/a	n/a
1837.314	0	918657	standard_tone	sapo_probe	standard	n/a	n/a	n/a	n/a	n/a
1838.332	0	919166	standard_tone	sapo_probe	standard	n/a	n/a	n/a	n/a	n/a
1839.346	0	919673	standard_tone	sapo_probe	standard	n/a	n/a	n/a	n/a	n/a
1840.362	0	920181	oddball_tone	sapo_probe	oddball	n/a	n/a	n/a	n/a	n/a
1841.378	0	920689	standard_tone	sapo_probe	standard	n/a	n/a	n/a	n/a	n/a
1842.394	0	921197	standard_tone	sapo_probe	standard	n/a	n/a	n/a	n/a	n/a
1843.410	0	921705	standard_tone	sapo_probe	standard	n/a	n/a	n/a	n/a	n/a
1844.426	0	922213	standard_tone	sapo_probe	standard	n/a	n/a	n/a	n/a	n/a
1845.442	0	922721	standard_tone	sapo_probe	standard	n/a	n/a	n/a	n/a	n/a
1846.458	0	923229	standard_tone	sapo_probe	standard	n/a	n/a	n/a	n/a	n/a
1847.472	0	923736	standard_tone	sapo_probe	standard	n/a	n/a	n/a	n/a	n/a
1848.490	0	924245	standard_tone	sapo_probe	standard	n/a	n/a	n/a	n/a	n/a
1849.504	0	924752	standard_tone	sapo_probe	standard	n/a	n/a	n/a	n/a	n/a
1850.520	0	925260	standard_tone	sapo_probe	standard	n/a	n/a	n/a	n/a	n/a
1851.520	0	925760	standard_tone	sapo_probe	standard	n/a	n/a	n/a	n/a	n/a
1852.536	0	926268	standard_tone	sapo_probe	standard	n/a	n/a	n/a	n/a	n/a
1853.552	0	926776	standard_tone	sapo_probe	standard	n/a	n/a	n/a	n/a	n/a
1854.568	0	927284	standard_tone	sapo_probe	standard	n/a	n/a	n/a	n/a	n/a
1855.584	0	927792	standard_tone	sapo_probe	standard	n/a	n/a	n/a	n/a	n/a
1856.598	0	928299	oddball_tone	sapo_probe	oddball	n/a	n/a	n/a	n/a	n/a
1857.614	0	928807	standard_tone	sapo_probe	standard	n/a	n/a	n/a	n/a	n/a
1858.630	0	929315	standard_tone	sapo_probe	standard	n/a	n/a	n/a	n/a	n/a
1859.646	0	929823	standard_tone	sapo_probe	standard	n/a	n/a	n/a	n/a	n/a
1860.662	0	930331	standard_tone	sapo_probe	standard	n/a	n/a	n/a	n/a	n/a
1861.662	0	930831	distractor_noise	sapo_probe	distractor	n/a	n/a	n/a	n/a	n/a
1862.678	0	931339	standard_tone	sapo_probe	standard	n/a	n/a	n/a	n/a	n/a
1863.692	0	931846	standard_tone	sapo_probe	standard	n/a	n/a	n/a	n/a	n/a
1864.708	0	932354	standard_tone	sapo_probe	standard	n/a	n/a	n/a	n/a	n/a
1865.724	0	932862	oddball_tone	sapo_probe	oddball	n/a	n/a	n/a	n/a	n/a
1866.724	0	933362	standard_tone	sapo_probe	standard	n/a	n/a	n/a	n/a	n/a
1867.740	0	933870	oddball_tone	sapo_probe	oddball	n/a	n/a	n/a	n/a	n/a
1868.756	0	934378	standard_tone	sapo_probe	standard	n/a	n/a	n/a	n/a	n/a
1869.772	0	934886	standard_tone	sapo_probe	standard	n/a	n/a	n/a	n/a	n/a
1870.788	0	935394	standard_tone	sapo_probe	standard	n/a	n/a	n/a	n/a	n/a
1871.804	0	935902	standard_tone	sapo_probe	standard	n/a	n/a	n/a	n/a	n/a
1872.820	0	936410	standard_tone	sapo_probe	standard	n/a	n/a	n/a	n/a	n/a
1873.834	0	936917	standard_tone	sapo_probe	standard	n/a	n/a	n/a	n/a	n/a
1874.850	0	937425	standard_tone	sapo_probe	standard	n/a	n/a	n/a	n/a	n/a
1875.866	0	937933	standard_tone	sapo_probe	standard	n/a	n/a	n/a	n/a	n/a
1876.882	0	938441	standard_tone	sapo_probe	standard	n/a	n/a	n/a	n/a	n/a
1877.898	0	938949	standard_tone	sapo_probe	standard	n/a	n/a	n/a	n/a	n/a
1878.914	0	939457	standard_tone	sapo_probe	standard	n/a	n/a	n/a	n/a	n/a
1879.930	0	939965	oddball_tone	sapo_probe	oddball	n/a	n/a	n/a	n/a	n/a
1880.946	0	940473	standard_tone	sapo_probe	standard	n/a	n/a	n/a	n/a	n/a
1881.962	0	940981	standard_tone	sapo_probe	standard	n/a	n/a	n/a	n/a	n/a
1882.978	0	941489	standard_tone	sapo_probe	standard	n/a	n/a	n/a	n/a	n/a
1883.992	0	941996	standard_tone	sapo_probe	standard	n/a	n/a	n/a	n/a	n/a
1885.008	0	942504	standard_tone	sapo_probe	standard	n/a	n/a	n/a	n/a	n/a
1886.024	0	943012	standard_tone	sapo_probe	standard	n/a	n/a	n/a	n/a	n/a
1887.040	0	943520	oddball_tone	sapo_probe	oddball	n/a	n/a	n/a	n/a	n/a
1888.040	0	944020	standard_tone	sapo_probe	standard	n/a	n/a	n/a	n/a	n/a
1889.056	0	944528	standard_tone	sapo_probe	standard	n/a	n/a	n/a	n/a	n/a
1890.072	0	945036	standard_tone	sapo_probe	standard	n/a	n/a	n/a	n/a	n/a
1891.088	0	945544	standard_tone	sapo_probe	standard	n/a	n/a	n/a	n/a	n/a
1891.304	0	945652	silence_end	sapo_probe	silence-end	n/a	n/a	n/a	n/a	n/a
1891.304	0	945652	gong_begin	sapo_probe	gong-begin	n/a	n/a	n/a	n/a	n/a
1901.462	0	950731	gong_end	sapo_probe	gong-end	n/a	n/a	n/a	n/a	n/a
1901.464	0	950732	subblock_end	sapo_probe	subblock-end-duration-136.837	n/a	n/a	n/a	136.837	n/a
1901.464	0	950732	subblock_begin	sapo_probe	subblock-begin	n/a	n/a	n/a	n/a	n/a
1901.470	0	950735	silence_begin	sapo_probe	silence-begin	n/a	n/a	n/a	n/a	n/a
1901.502	0	950751	oddball_tone	sapo_probe	oddball	n/a	n/a	n/a	n/a	n/a
1902.512	0	951256	standard_tone	sapo_probe	standard	n/a	n/a	n/a	n/a	n/a
1903.526	0	951763	distractor_noise	sapo_probe	distractor	n/a	n/a	n/a	n/a	n/a
1904.542	0	952271	standard_tone	sapo_probe	standard	n/a	n/a	n/a	n/a	n/a
1905.558	0	952779	standard_tone	sapo_probe	standard	n/a	n/a	n/a	n/a	n/a
1906.574	0	953287	standard_tone	sapo_probe	standard	n/a	n/a	n/a	n/a	n/a
1907.574	0	953787	standard_tone	sapo_probe	standard	n/a	n/a	n/a	n/a	n/a
1908.590	0	954295	standard_tone	sapo_probe	standard	n/a	n/a	n/a	n/a	n/a
1909.606	0	954803	standard_tone	sapo_probe	standard	n/a	n/a	n/a	n/a	n/a
1910.620	0	955310	standard_tone	sapo_probe	standard	n/a	n/a	n/a	n/a	n/a
1911.620	0	955810	standard_tone	sapo_probe	standard	n/a	n/a	n/a	n/a	n/a
1912.636	0	956318	standard_tone	sapo_probe	standard	n/a	n/a	n/a	n/a	n/a
1913.652	0	956826	standard_tone	sapo_probe	standard	n/a	n/a	n/a	n/a	n/a
1914.668	0	957334	standard_tone	sapo_probe	standard	n/a	n/a	n/a	n/a	n/a
1915.684	0	957842	standard_tone	sapo_probe	standard	n/a	n/a	n/a	n/a	n/a
1916.700	0	958350	standard_tone	sapo_probe	standard	n/a	n/a	n/a	n/a	n/a
1917.714	0	958857	standard_tone	sapo_probe	standard	n/a	n/a	n/a	n/a	n/a
1918.730	0	959365	oddball_tone	sapo_probe	oddball	n/a	n/a	n/a	n/a	n/a
1919.746	0	959873	standard_tone	sapo_probe	standard	n/a	n/a	n/a	n/a	n/a
1920.762	0	960381	distractor_noise	sapo_probe	distractor	n/a	n/a	n/a	n/a	n/a
1921.778	0	960889	standard_tone	sapo_probe	standard	n/a	n/a	n/a	n/a	n/a
1922.794	0	961397	distractor_noise	sapo_probe	distractor	n/a	n/a	n/a	n/a	n/a
1923.810	0	961905	standard_tone	sapo_probe	standard	n/a	n/a	n/a	n/a	n/a
1924.826	0	962413	distractor_noise	sapo_probe	distractor	n/a	n/a	n/a	n/a	n/a
1925.826	0	962913	oddball_tone	sapo_probe	oddball	n/a	n/a	n/a	n/a	n/a
1926.840	0	963420	standard_tone	sapo_probe	standard	n/a	n/a	n/a	n/a	n/a
1927.856	0	963928	standard_tone	sapo_probe	standard	n/a	n/a	n/a	n/a	n/a
1928.872	0	964436	standard_tone	sapo_probe	standard	n/a	n/a	n/a	n/a	n/a
1929.888	0	964944	standard_tone	sapo_probe	standard	n/a	n/a	n/a	n/a	n/a
1930.904	0	965452	standard_tone	sapo_probe	standard	n/a	n/a	n/a	n/a	n/a
1931.920	0	965960	standard_tone	sapo_probe	standard	n/a	n/a	n/a	n/a	n/a
1932.936	0	966468	standard_tone	sapo_probe	standard	n/a	n/a	n/a	n/a	n/a
1933.952	0	966976	standard_tone	sapo_probe	standard	n/a	n/a	n/a	n/a	n/a
1934.968	0	967484	standard_tone	sapo_probe	standard	n/a	n/a	n/a	n/a	n/a
1935.984	0	967992	standard_tone	sapo_probe	standard	n/a	n/a	n/a	n/a	n/a
1937.000	0	968500	oddball_tone	sapo_probe	oddball	n/a	n/a	n/a	n/a	n/a
1938.000	0	969000	standard_tone	sapo_probe	standard	n/a	n/a	n/a	n/a	n/a
1939.014	0	969507	standard_tone	sapo_probe	standard	n/a	n/a	n/a	n/a	n/a
1940.030	0	970015	standard_tone	sapo_probe	standard	n/a	n/a	n/a	n/a	n/a
1941.030	0	970515	standard_tone	sapo_probe	standard	n/a	n/a	n/a	n/a	n/a
1942.044	0	971022	standard_tone	sapo_probe	standard	n/a	n/a	n/a	n/a	n/a
1943.060	0	971530	standard_tone	sapo_probe	standard	n/a	n/a	n/a	n/a	n/a
1944.076	0	972038	standard_tone	sapo_probe	standard	n/a	n/a	n/a	n/a	n/a
1945.092	0	972546	standard_tone	sapo_probe	standard	n/a	n/a	n/a	n/a	n/a
1946.108	0	973054	standard_tone	sapo_probe	standard	n/a	n/a	n/a	n/a	n/a
1947.124	0	973562	standard_tone	sapo_probe	standard	n/a	n/a	n/a	n/a	n/a
1948.124	0	974062	standard_tone	sapo_probe	standard	n/a	n/a	n/a	n/a	n/a
1949.140	0	974570	standard_tone	sapo_probe	standard	n/a	n/a	n/a	n/a	n/a
1950.154	0	975077	standard_tone	sapo_probe	standard	n/a	n/a	n/a	n/a	n/a
1951.170	0	975585	oddball_tone	sapo_probe	oddball	n/a	n/a	n/a	n/a	n/a
1952.170	0	976085	standard_tone	sapo_probe	standard	n/a	n/a	n/a	n/a	n/a
1953.186	0	976593	standard_tone	sapo_probe	standard	n/a	n/a	n/a	n/a	n/a
1954.202	0	977101	standard_tone	sapo_probe	standard	n/a	n/a	n/a	n/a	n/a
1955.218	0	977609	oddball_tone	sapo_probe	oddball	n/a	n/a	n/a	n/a	n/a
1956.232	0	978116	standard_tone	sapo_probe	standard	n/a	n/a	n/a	n/a	n/a
1957.250	0	978625	distractor_noise	sapo_probe	distractor	n/a	n/a	n/a	n/a	n/a
1958.264	0	979132	standard_tone	sapo_probe	standard	n/a	n/a	n/a	n/a	n/a
1959.280	0	979640	standard_tone	sapo_probe	standard	n/a	n/a	n/a	n/a	n/a
1960.296	0	980148	standard_tone	sapo_probe	standard	n/a	n/a	n/a	n/a	n/a
1961.312	0	980656	standard_tone	sapo_probe	standard	n/a	n/a	n/a	n/a	n/a
1962.328	0	981164	standard_tone	sapo_probe	standard	n/a	n/a	n/a	n/a	n/a
1963.344	0	981672	distractor_noise	sapo_probe	distractor	n/a	n/a	n/a	n/a	n/a
1964.360	0	982180	standard_tone	sapo_probe	standard	n/a	n/a	n/a	n/a	n/a
1965.376	0	982688	standard_tone	sapo_probe	standard	n/a	n/a	n/a	n/a	n/a
1966.392	0	983196	standard_tone	sapo_probe	standard	n/a	n/a	n/a	n/a	n/a
1967.408	0	983704	standard_tone	sapo_probe	standard	n/a	n/a	n/a	n/a	n/a
1968.422	0	984211	standard_tone	sapo_probe	standard	n/a	n/a	n/a	n/a	n/a
1969.438	0	984719	standard_tone	sapo_probe	standard	n/a	n/a	n/a	n/a	n/a
1970.454	0	985227	standard_tone	sapo_probe	standard	n/a	n/a	n/a	n/a	n/a
1971.470	0	985735	oddball_tone	sapo_probe	oddball	n/a	n/a	n/a	n/a	n/a
1972.486	0	986243	standard_tone	sapo_probe	standard	n/a	n/a	n/a	n/a	n/a
1973.502	0	986751	standard_tone	sapo_probe	standard	n/a	n/a	n/a	n/a	n/a
1974.518	0	987259	standard_tone	sapo_probe	standard	n/a	n/a	n/a	n/a	n/a
1975.534	0	987767	standard_tone	sapo_probe	standard	n/a	n/a	n/a	n/a	n/a
1976.550	0	988275	standard_tone	sapo_probe	standard	n/a	n/a	n/a	n/a	n/a
1977.566	0	988783	standard_tone	sapo_probe	standard	n/a	n/a	n/a	n/a	n/a
1978.564	0	989282	distractor_noise	sapo_probe	distractor	n/a	n/a	n/a	n/a	n/a
1979.580	0	989790	standard_tone	sapo_probe	standard	n/a	n/a	n/a	n/a	n/a
1980.596	0	990298	standard_tone	sapo_probe	standard	n/a	n/a	n/a	n/a	n/a
1981.612	0	990806	standard_tone	sapo_probe	standard	n/a	n/a	n/a	n/a	n/a
1982.628	0	991314	standard_tone	sapo_probe	standard	n/a	n/a	n/a	n/a	n/a
1983.644	0	991822	standard_tone	sapo_probe	standard	n/a	n/a	n/a	n/a	n/a
1984.660	0	992330	standard_tone	sapo_probe	standard	n/a	n/a	n/a	n/a	n/a
1985.676	0	992838	standard_tone	sapo_probe	standard	n/a	n/a	n/a	n/a	n/a
1986.692	0	993346	standard_tone	sapo_probe	standard	n/a	n/a	n/a	n/a	n/a
1987.708	0	993854	oddball_tone	sapo_probe	oddball	n/a	n/a	n/a	n/a	n/a
1988.722	0	994361	standard_tone	sapo_probe	standard	n/a	n/a	n/a	n/a	n/a
1989.738	0	994869	standard_tone	sapo_probe	standard	n/a	n/a	n/a	n/a	n/a
1990.754	0	995377	distractor_noise	sapo_probe	distractor	n/a	n/a	n/a	n/a	n/a
1991.754	0	995877	oddball_tone	sapo_probe	oddball	n/a	n/a	n/a	n/a	n/a
1992.770	0	996385	standard_tone	sapo_probe	standard	n/a	n/a	n/a	n/a	n/a
1993.786	0	996893	standard_tone	sapo_probe	standard	n/a	n/a	n/a	n/a	n/a
1994.802	0	997401	standard_tone	sapo_probe	standard	n/a	n/a	n/a	n/a	n/a
1995.816	0	997908	standard_tone	sapo_probe	standard	n/a	n/a	n/a	n/a	n/a
1996.816	0	998408	standard_tone	sapo_probe	standard	n/a	n/a	n/a	n/a	n/a
1997.832	0	998916	standard_tone	sapo_probe	standard	n/a	n/a	n/a	n/a	n/a
1998.848	0	999424	oddball_tone	sapo_probe	oddball	n/a	n/a	n/a	n/a	n/a
1999.864	0	999932	standard_tone	sapo_probe	standard	n/a	n/a	n/a	n/a	n/a
2000.880	0	1000440	standard_tone	sapo_probe	standard	n/a	n/a	n/a	n/a	n/a
2001.896	0	1000948	standard_tone	sapo_probe	standard	n/a	n/a	n/a	n/a	n/a
2002.912	0	1001456	distractor_noise	sapo_probe	distractor	n/a	n/a	n/a	n/a	n/a
2003.926	0	1001963	standard_tone	sapo_probe	standard	n/a	n/a	n/a	n/a	n/a
2004.942	0	1002471	standard_tone	sapo_probe	standard	n/a	n/a	n/a	n/a	n/a
2005.958	0	1002979	standard_tone	sapo_probe	standard	n/a	n/a	n/a	n/a	n/a
2006.974	0	1003487	standard_tone	sapo_probe	standard	n/a	n/a	n/a	n/a	n/a
2007.974	0	1003987	standard_tone	sapo_probe	standard	n/a	n/a	n/a	n/a	n/a
2008.990	0	1004495	standard_tone	sapo_probe	standard	n/a	n/a	n/a	n/a	n/a
2009.990	0	1004995	standard_tone	sapo_probe	standard	n/a	n/a	n/a	n/a	n/a
2011.004	0	1005502	standard_tone	sapo_probe	standard	n/a	n/a	n/a	n/a	n/a
2011.338	0	1005669	silence_end	sapo_probe	silence-end	n/a	n/a	n/a	n/a	n/a
2011.338	0	1005669	gong_begin	sapo_probe	gong-begin	n/a	n/a	n/a	n/a	n/a
2021.446	0	1010723	gong_end	sapo_probe	gong-end	n/a	n/a	n/a	n/a	n/a
2021.446	0	1010723	subblock_end	sapo_probe	subblock-end-duration-119.978	n/a	n/a	n/a	119.978	n/a
2021.448	0	1010724	subblock_begin	sapo_probe	subblock-begin	n/a	n/a	n/a	n/a	n/a
2021.448	0	1010724	silence_begin	sapo_probe	silence-begin	n/a	n/a	n/a	n/a	n/a
2021.448	0	1010724	prompt_window_begin	sapo_probe	probe-sapo-probe-begin	n/a	n/a	n/a	n/a	n/a
2028.616	0	1014308	clicker_press	sapo_probe	response-received-arrow_up	n/a	n/a	n/a	n/a	arrow_up
2028.924	0	1014462	clicker_press	sapo_probe	response-received-arrow_up	n/a	n/a	n/a	n/a	arrow_up
2029.256	0	1014628	clicker_press	sapo_probe	response-received-arrow_up	n/a	n/a	n/a	n/a	arrow_up
2029.574	0	1014787	clicker_press	sapo_probe	response-received-arrow_up	n/a	n/a	n/a	n/a	arrow_up
2030.488	0	1015244	depth_rating	sapo_probe	rating-sapo-probe-meditation_depth-4	4	n/a	n/a	n/a	n/a
2036.884	0	1018442	clicker_press	sapo_probe	response-received-arrow_up	n/a	n/a	n/a	n/a	arrow_up
2037.184	0	1018592	clicker_press	sapo_probe	response-received-arrow_up	n/a	n/a	n/a	n/a	arrow_up
2037.468	0	1018734	clicker_press	sapo_probe	response-received-arrow_up	n/a	n/a	n/a	n/a	arrow_up
2037.816	0	1018908	clicker_press	sapo_probe	response-received-arrow_up	n/a	n/a	n/a	n/a	arrow_up
2040.630	0	1020315	confidence_rating	sapo_probe	rating-sapo-probe-confidence_depth-4	n/a	4	n/a	n/a	n/a
2044.210	0	1022105	prompt_window_end	sapo_probe	probe-sapo-probe-end	n/a	n/a	n/a	n/a	n/a
2044.212	0	1022106	standard_tone	sapo_probe	standard	n/a	n/a	n/a	n/a	n/a
2045.226	0	1022613	oddball_tone	sapo_probe	oddball	n/a	n/a	n/a	n/a	n/a
2046.242	0	1023121	standard_tone	sapo_probe	standard	n/a	n/a	n/a	n/a	n/a
2047.242	0	1023621	standard_tone	sapo_probe	standard	n/a	n/a	n/a	n/a	n/a
2048.256	0	1024128	standard_tone	sapo_probe	standard	n/a	n/a	n/a	n/a	n/a
2049.272	0	1024636	standard_tone	sapo_probe	standard	n/a	n/a	n/a	n/a	n/a
2050.288	0	1025144	standard_tone	sapo_probe	standard	n/a	n/a	n/a	n/a	n/a
2051.304	0	1025652	oddball_tone	sapo_probe	oddball	n/a	n/a	n/a	n/a	n/a
2052.320	0	1026160	standard_tone	sapo_probe	standard	n/a	n/a	n/a	n/a	n/a
2053.320	0	1026660	standard_tone	sapo_probe	standard	n/a	n/a	n/a	n/a	n/a
2054.336	0	1027168	standard_tone	sapo_probe	standard	n/a	n/a	n/a	n/a	n/a
2055.352	0	1027676	standard_tone	sapo_probe	standard	n/a	n/a	n/a	n/a	n/a
2056.366	0	1028183	standard_tone	sapo_probe	standard	n/a	n/a	n/a	n/a	n/a
2057.382	0	1028691	standard_tone	sapo_probe	standard	n/a	n/a	n/a	n/a	n/a
2058.398	0	1029199	distractor_noise	sapo_probe	distractor	n/a	n/a	n/a	n/a	n/a
2059.414	0	1029707	standard_tone	sapo_probe	standard	n/a	n/a	n/a	n/a	n/a
2060.430	0	1030215	standard_tone	sapo_probe	standard	n/a	n/a	n/a	n/a	n/a
2061.446	0	1030723	standard_tone	sapo_probe	standard	n/a	n/a	n/a	n/a	n/a
2062.462	0	1031231	standard_tone	sapo_probe	standard	n/a	n/a	n/a	n/a	n/a
2063.478	0	1031739	distractor_noise	sapo_probe	distractor	n/a	n/a	n/a	n/a	n/a
2064.494	0	1032247	standard_tone	sapo_probe	standard	n/a	n/a	n/a	n/a	n/a
2065.510	0	1032755	standard_tone	sapo_probe	standard	n/a	n/a	n/a	n/a	n/a
2066.524	0	1033262	distractor_noise	sapo_probe	distractor	n/a	n/a	n/a	n/a	n/a
2067.540	0	1033770	standard_tone	sapo_probe	standard	n/a	n/a	n/a	n/a	n/a
2068.556	0	1034278	standard_tone	sapo_probe	standard	n/a	n/a	n/a	n/a	n/a
2069.572	0	1034786	standard_tone	sapo_probe	standard	n/a	n/a	n/a	n/a	n/a
2070.588	0	1035294	standard_tone	sapo_probe	standard	n/a	n/a	n/a	n/a	n/a
2071.604	0	1035802	standard_tone	sapo_probe	standard	n/a	n/a	n/a	n/a	n/a
2072.620	0	1036310	standard_tone	sapo_probe	standard	n/a	n/a	n/a	n/a	n/a
2073.636	0	1036818	standard_tone	sapo_probe	standard	n/a	n/a	n/a	n/a	n/a
2074.652	0	1037326	standard_tone	sapo_probe	standard	n/a	n/a	n/a	n/a	n/a
2075.668	0	1037834	standard_tone	sapo_probe	standard	n/a	n/a	n/a	n/a	n/a
2076.684	0	1038342	standard_tone	sapo_probe	standard	n/a	n/a	n/a	n/a	n/a
2077.700	0	1038850	oddball_tone	sapo_probe	oddball	n/a	n/a	n/a	n/a	n/a
2078.716	0	1039358	standard_tone	sapo_probe	standard	n/a	n/a	n/a	n/a	n/a
2079.732	0	1039866	standard_tone	sapo_probe	standard	n/a	n/a	n/a	n/a	n/a
2080.746	0	1040373	standard_tone	sapo_probe	standard	n/a	n/a	n/a	n/a	n/a
2081.762	0	1040881	standard_tone	sapo_probe	standard	n/a	n/a	n/a	n/a	n/a
2082.778	0	1041389	standard_tone	sapo_probe	standard	n/a	n/a	n/a	n/a	n/a
2083.794	0	1041897	standard_tone	sapo_probe	standard	n/a	n/a	n/a	n/a	n/a
2084.794	0	1042397	standard_tone	sapo_probe	standard	n/a	n/a	n/a	n/a	n/a
2085.810	0	1042905	oddball_tone	sapo_probe	oddball	n/a	n/a	n/a	n/a	n/a
2086.808	0	1043404	standard_tone	sapo_probe	standard	n/a	n/a	n/a	n/a	n/a
2087.824	0	1043912	standard_tone	sapo_probe	standard	n/a	n/a	n/a	n/a	n/a
2088.840	0	1044420	standard_tone	sapo_probe	standard	n/a	n/a	n/a	n/a	n/a
2089.856	0	1044928	standard_tone	sapo_probe	standard	n/a	n/a	n/a	n/a	n/a
2090.854	0	1045427	standard_tone	sapo_probe	standard	n/a	n/a	n/a	n/a	n/a
2091.870	0	1045935	standard_tone	sapo_probe	standard	n/a	n/a	n/a	n/a	n/a
2092.870	0	1046435	standard_tone	sapo_probe	standard	n/a	n/a	n/a	n/a	n/a
2093.886	0	1046943	standard_tone	sapo_probe	standard	n/a	n/a	n/a	n/a	n/a
2094.902	0	1047451	distractor_noise	sapo_probe	distractor	n/a	n/a	n/a	n/a	n/a
2095.918	0	1047959	oddball_tone	sapo_probe	oddball	n/a	n/a	n/a	n/a	n/a
2096.934	0	1048467	standard_tone	sapo_probe	standard	n/a	n/a	n/a	n/a	n/a
2097.950	0	1048975	standard_tone	sapo_probe	standard	n/a	n/a	n/a	n/a	n/a
2098.964	0	1049482	standard_tone	sapo_probe	standard	n/a	n/a	n/a	n/a	n/a
2099.980	0	1049990	standard_tone	sapo_probe	standard	n/a	n/a	n/a	n/a	n/a
2100.996	0	1050498	distractor_noise	sapo_probe	distractor	n/a	n/a	n/a	n/a	n/a
2102.012	0	1051006	standard_tone	sapo_probe	standard	n/a	n/a	n/a	n/a	n/a
2103.028	0	1051514	standard_tone	sapo_probe	standard	n/a	n/a	n/a	n/a	n/a
2104.044	0	1052022	distractor_noise	sapo_probe	distractor	n/a	n/a	n/a	n/a	n/a
2105.060	0	1052530	standard_tone	sapo_probe	standard	n/a	n/a	n/a	n/a	n/a
2106.076	0	1053038	standard_tone	sapo_probe	standard	n/a	n/a	n/a	n/a	n/a
2107.092	0	1053546	standard_tone	sapo_probe	standard	n/a	n/a	n/a	n/a	n/a
2108.108	0	1054054	standard_tone	sapo_probe	standard	n/a	n/a	n/a	n/a	n/a
2109.124	0	1054562	standard_tone	sapo_probe	standard	n/a	n/a	n/a	n/a	n/a
2110.140	0	1055070	standard_tone	sapo_probe	standard	n/a	n/a	n/a	n/a	n/a
2111.156	0	1055578	standard_tone	sapo_probe	standard	n/a	n/a	n/a	n/a	n/a
2112.172	0	1056086	standard_tone	sapo_probe	standard	n/a	n/a	n/a	n/a	n/a
2113.186	0	1056593	standard_tone	sapo_probe	standard	n/a	n/a	n/a	n/a	n/a
2114.202	0	1057101	standard_tone	sapo_probe	standard	n/a	n/a	n/a	n/a	n/a
2115.202	0	1057601	distractor_noise	sapo_probe	distractor	n/a	n/a	n/a	n/a	n/a
2116.218	0	1058109	standard_tone	sapo_probe	standard	n/a	n/a	n/a	n/a	n/a
2117.234	0	1058617	distractor_noise	sapo_probe	distractor	n/a	n/a	n/a	n/a	n/a
2118.250	0	1059125	standard_tone	sapo_probe	standard	n/a	n/a	n/a	n/a	n/a
2119.266	0	1059633	distractor_noise	sapo_probe	distractor	n/a	n/a	n/a	n/a	n/a
2120.280	0	1060140	standard_tone	sapo_probe	standard	n/a	n/a	n/a	n/a	n/a
2121.296	0	1060648	standard_tone	sapo_probe	standard	n/a	n/a	n/a	n/a	n/a
2122.312	0	1061156	standard_tone	sapo_probe	standard	n/a	n/a	n/a	n/a	n/a
2123.328	0	1061664	standard_tone	sapo_probe	standard	n/a	n/a	n/a	n/a	n/a
2124.344	0	1062172	standard_tone	sapo_probe	standard	n/a	n/a	n/a	n/a	n/a
2125.360	0	1062680	standard_tone	sapo_probe	standard	n/a	n/a	n/a	n/a	n/a
2126.360	0	1063180	standard_tone	sapo_probe	standard	n/a	n/a	n/a	n/a	n/a
2127.376	0	1063688	standard_tone	sapo_probe	standard	n/a	n/a	n/a	n/a	n/a
2128.390	0	1064195	standard_tone	sapo_probe	standard	n/a	n/a	n/a	n/a	n/a
2129.406	0	1064703	oddball_tone	sapo_probe	oddball	n/a	n/a	n/a	n/a	n/a
2130.422	0	1065211	distractor_noise	sapo_probe	distractor	n/a	n/a	n/a	n/a	n/a
2131.438	0	1065719	standard_tone	sapo_probe	standard	n/a	n/a	n/a	n/a	n/a
2132.438	0	1066219	standard_tone	sapo_probe	standard	n/a	n/a	n/a	n/a	n/a
2133.452	0	1066726	standard_tone	sapo_probe	standard	n/a	n/a	n/a	n/a	n/a
2134.470	0	1067235	oddball_tone	sapo_probe	oddball	n/a	n/a	n/a	n/a	n/a
2135.484	0	1067742	standard_tone	sapo_probe	standard	n/a	n/a	n/a	n/a	n/a
2136.500	0	1068250	standard_tone	sapo_probe	standard	n/a	n/a	n/a	n/a	n/a
2137.516	0	1068758	standard_tone	sapo_probe	standard	n/a	n/a	n/a	n/a	n/a
2138.532	0	1069266	distractor_noise	sapo_probe	distractor	n/a	n/a	n/a	n/a	n/a
2139.548	0	1069774	standard_tone	sapo_probe	standard	n/a	n/a	n/a	n/a	n/a
2140.564	0	1070282	standard_tone	sapo_probe	standard	n/a	n/a	n/a	n/a	n/a
2141.580	0	1070790	standard_tone	sapo_probe	standard	n/a	n/a	n/a	n/a	n/a
2142.596	0	1071298	standard_tone	sapo_probe	standard	n/a	n/a	n/a	n/a	n/a
2143.612	0	1071806	standard_tone	sapo_probe	standard	n/a	n/a	n/a	n/a	n/a
2144.628	0	1072314	distractor_noise	sapo_probe	distractor	n/a	n/a	n/a	n/a	n/a
2145.642	0	1072821	oddball_tone	sapo_probe	oddball	n/a	n/a	n/a	n/a	n/a
2146.658	0	1073329	standard_tone	sapo_probe	standard	n/a	n/a	n/a	n/a	n/a
2147.674	0	1073837	oddball_tone	sapo_probe	oddball	n/a	n/a	n/a	n/a	n/a
2148.690	0	1074345	standard_tone	sapo_probe	standard	n/a	n/a	n/a	n/a	n/a
2149.706	0	1074853	standard_tone	sapo_probe	standard	n/a	n/a	n/a	n/a	n/a
2150.722	0	1075361	standard_tone	sapo_probe	standard	n/a	n/a	n/a	n/a	n/a
2151.738	0	1075869	standard_tone	sapo_probe	standard	n/a	n/a	n/a	n/a	n/a
2152.756	0	1076378	standard_tone	sapo_probe	standard	n/a	n/a	n/a	n/a	n/a
2153.770	0	1076885	distractor_noise	sapo_probe	distractor	n/a	n/a	n/a	n/a	n/a
2154.786	0	1077393	standard_tone	sapo_probe	standard	n/a	n/a	n/a	n/a	n/a
2155.802	0	1077901	standard_tone	sapo_probe	standard	n/a	n/a	n/a	n/a	n/a
2156.816	0	1078408	standard_tone	sapo_probe	standard	n/a	n/a	n/a	n/a	n/a
2157.832	0	1078916	standard_tone	sapo_probe	standard	n/a	n/a	n/a	n/a	n/a
2158.848	0	1079424	oddball_tone	sapo_probe	oddball	n/a	n/a	n/a	n/a	n/a
2159.864	0	1079932	standard_tone	sapo_probe	standard	n/a	n/a	n/a	n/a	n/a
2160.880	0	1080440	standard_tone	sapo_probe	standard	n/a	n/a	n/a	n/a	n/a
2161.896	0	1080948	standard_tone	sapo_probe	standard	n/a	n/a	n/a	n/a	n/a
2162.912	0	1081456	oddball_tone	sapo_probe	oddball	n/a	n/a	n/a	n/a	n/a
2163.928	0	1081964	standard_tone	sapo_probe	standard	n/a	n/a	n/a	n/a	n/a
2164.944	0	1082472	standard_tone	sapo_probe	standard	n/a	n/a	n/a	n/a	n/a
2165.958	0	1082979	standard_tone	sapo_probe	standard	n/a	n/a	n/a	n/a	n/a
2166.958	0	1083479	oddball_tone	sapo_probe	oddball	n/a	n/a	n/a	n/a	n/a
2167.974	0	1083987	distractor_noise	sapo_probe	distractor	n/a	n/a	n/a	n/a	n/a
2168.990	0	1084495	standard_tone	sapo_probe	standard	n/a	n/a	n/a	n/a	n/a
2170.006	0	1085003	standard_tone	sapo_probe	standard	n/a	n/a	n/a	n/a	n/a
2170.606	0	1085303	silence_end	sapo_probe	silence-end	n/a	n/a	n/a	n/a	n/a
2170.608	0	1085304	subblock_end	sapo_probe	subblock-end-duration-149.159	n/a	n/a	n/a	149.159	n/a
2170.608	0	1085304	subblock_begin	sapo_probe	subblock-begin	n/a	n/a	n/a	n/a	n/a
2170.608	0	1085304	silence_begin	sapo_probe	silence-begin	n/a	n/a	n/a	n/a	n/a
2171.022	0	1085511	standard_tone	sapo_probe	standard	n/a	n/a	n/a	n/a	n/a
2172.038	0	1086019	distractor_noise	sapo_probe	distractor	n/a	n/a	n/a	n/a	n/a
2173.038	0	1086519	standard_tone	sapo_probe	standard	n/a	n/a	n/a	n/a	n/a
2174.052	0	1087026	standard_tone	sapo_probe	standard	n/a	n/a	n/a	n/a	n/a
2175.068	0	1087534	standard_tone	sapo_probe	standard	n/a	n/a	n/a	n/a	n/a
2176.084	0	1088042	standard_tone	sapo_probe	standard	n/a	n/a	n/a	n/a	n/a
2177.084	0	1088542	standard_tone	sapo_probe	standard	n/a	n/a	n/a	n/a	n/a
2178.098	0	1089049	oddball_tone	sapo_probe	oddball	n/a	n/a	n/a	n/a	n/a
2179.116	0	1089558	standard_tone	sapo_probe	standard	n/a	n/a	n/a	n/a	n/a
2180.132	0	1090066	standard_tone	sapo_probe	standard	n/a	n/a	n/a	n/a	n/a
2181.146	0	1090573	oddball_tone	sapo_probe	oddball	n/a	n/a	n/a	n/a	n/a
2182.164	0	1091082	standard_tone	sapo_probe	standard	n/a	n/a	n/a	n/a	n/a
2183.178	0	1091589	standard_tone	sapo_probe	standard	n/a	n/a	n/a	n/a	n/a
2184.194	0	1092097	standard_tone	sapo_probe	standard	n/a	n/a	n/a	n/a	n/a
2185.210	0	1092605	oddball_tone	sapo_probe	oddball	n/a	n/a	n/a	n/a	n/a
2186.226	0	1093113	standard_tone	sapo_probe	standard	n/a	n/a	n/a	n/a	n/a
2187.242	0	1093621	standard_tone	sapo_probe	standard	n/a	n/a	n/a	n/a	n/a
2188.258	0	1094129	oddball_tone	sapo_probe	oddball	n/a	n/a	n/a	n/a	n/a
2189.272	0	1094636	standard_tone	sapo_probe	standard	n/a	n/a	n/a	n/a	n/a
2190.290	0	1095145	standard_tone	sapo_probe	standard	n/a	n/a	n/a	n/a	n/a
2191.306	0	1095653	standard_tone	sapo_probe	standard	n/a	n/a	n/a	n/a	n/a
2192.322	0	1096161	standard_tone	sapo_probe	standard	n/a	n/a	n/a	n/a	n/a
2193.320	0	1096660	standard_tone	sapo_probe	standard	n/a	n/a	n/a	n/a	n/a
2194.336	0	1097168	standard_tone	sapo_probe	standard	n/a	n/a	n/a	n/a	n/a
2195.352	0	1097676	distractor_noise	sapo_probe	distractor	n/a	n/a	n/a	n/a	n/a
2196.368	0	1098184	standard_tone	sapo_probe	standard	n/a	n/a	n/a	n/a	n/a
2197.384	0	1098692	standard_tone	sapo_probe	standard	n/a	n/a	n/a	n/a	n/a
2198.382	0	1099191	standard_tone	sapo_probe	standard	n/a	n/a	n/a	n/a	n/a
2199.398	0	1099699	distractor_noise	sapo_probe	distractor	n/a	n/a	n/a	n/a	n/a
2200.414	0	1100207	oddball_tone	sapo_probe	oddball	n/a	n/a	n/a	n/a	n/a
2201.430	0	1100715	standard_tone	sapo_probe	standard	n/a	n/a	n/a	n/a	n/a
2202.446	0	1101223	distractor_noise	sapo_probe	distractor	n/a	n/a	n/a	n/a	n/a
2203.462	0	1101731	standard_tone	sapo_probe	standard	n/a	n/a	n/a	n/a	n/a
2204.478	0	1102239	standard_tone	sapo_probe	standard	n/a	n/a	n/a	n/a	n/a
2205.494	0	1102747	standard_tone	sapo_probe	standard	n/a	n/a	n/a	n/a	n/a
2206.508	0	1103254	standard_tone	sapo_probe	standard	n/a	n/a	n/a	n/a	n/a
2207.526	0	1103763	standard_tone	sapo_probe	standard	n/a	n/a	n/a	n/a	n/a
2208.540	0	1104270	standard_tone	sapo_probe	standard	n/a	n/a	n/a	n/a	n/a
2209.556	0	1104778	standard_tone	sapo_probe	standard	n/a	n/a	n/a	n/a	n/a
2210.572	0	1105286	standard_tone	sapo_probe	standard	n/a	n/a	n/a	n/a	n/a
2211.588	0	1105794	standard_tone	sapo_probe	standard	n/a	n/a	n/a	n/a	n/a
2212.588	0	1106294	standard_tone	sapo_probe	standard	n/a	n/a	n/a	n/a	n/a
2213.602	0	1106801	standard_tone	sapo_probe	standard	n/a	n/a	n/a	n/a	n/a
2214.618	0	1107309	standard_tone	sapo_probe	standard	n/a	n/a	n/a	n/a	n/a
2215.620	0	1107810	standard_tone	sapo_probe	standard	n/a	n/a	n/a	n/a	n/a
2216.634	0	1108317	standard_tone	sapo_probe	standard	n/a	n/a	n/a	n/a	n/a
2217.650	0	1108825	standard_tone	sapo_probe	standard	n/a	n/a	n/a	n/a	n/a
2218.666	0	1109333	standard_tone	sapo_probe	standard	n/a	n/a	n/a	n/a	n/a
2219.682	0	1109841	oddball_tone	sapo_probe	oddball	n/a	n/a	n/a	n/a	n/a
2220.698	0	1110349	standard_tone	sapo_probe	standard	n/a	n/a	n/a	n/a	n/a
2221.714	0	1110857	distractor_noise	sapo_probe	distractor	n/a	n/a	n/a	n/a	n/a
2222.730	0	1111365	oddball_tone	sapo_probe	oddball	n/a	n/a	n/a	n/a	n/a
2223.746	0	1111873	standard_tone	sapo_probe	standard	n/a	n/a	n/a	n/a	n/a
2224.762	0	1112381	standard_tone	sapo_probe	standard	n/a	n/a	n/a	n/a	n/a
2225.778	0	1112889	standard_tone	sapo_probe	standard	n/a	n/a	n/a	n/a	n/a
2226.792	0	1113396	distractor_noise	sapo_probe	distractor	n/a	n/a	n/a	n/a	n/a
2227.808	0	1113904	standard_tone	sapo_probe	standard	n/a	n/a	n/a	n/a	n/a
2228.824	0	1114412	standard_tone	sapo_probe	standard	n/a	n/a	n/a	n/a	n/a
2229.840	0	1114920	standard_tone	sapo_probe	standard	n/a	n/a	n/a	n/a	n/a
2230.856	0	1115428	oddball_tone	sapo_probe	oddball	n/a	n/a	n/a	n/a	n/a
2231.870	0	1115935	standard_tone	sapo_probe	standard	n/a	n/a	n/a	n/a	n/a
2232.888	0	1116444	standard_tone	sapo_probe	standard	n/a	n/a	n/a	n/a	n/a
2233.904	0	1116952	standard_tone	sapo_probe	standard	n/a	n/a	n/a	n/a	n/a
2234.918	0	1117459	standard_tone	sapo_probe	standard	n/a	n/a	n/a	n/a	n/a
2235.936	0	1117968	standard_tone	sapo_probe	standard	n/a	n/a	n/a	n/a	n/a
2236.950	0	1118475	standard_tone	sapo_probe	standard	n/a	n/a	n/a	n/a	n/a
2237.966	0	1118983	standard_tone	sapo_probe	standard	n/a	n/a	n/a	n/a	n/a
2238.982	0	1119491	standard_tone	sapo_probe	standard	n/a	n/a	n/a	n/a	n/a
2239.998	0	1119999	oddball_tone	sapo_probe	oddball	n/a	n/a	n/a	n/a	n/a
2241.014	0	1120507	standard_tone	sapo_probe	standard	n/a	n/a	n/a	n/a	n/a
2242.030	0	1121015	standard_tone	sapo_probe	standard	n/a	n/a	n/a	n/a	n/a
2243.046	0	1121523	standard_tone	sapo_probe	standard	n/a	n/a	n/a	n/a	n/a
2244.062	0	1122031	standard_tone	sapo_probe	standard	n/a	n/a	n/a	n/a	n/a
2245.076	0	1122538	standard_tone	sapo_probe	standard	n/a	n/a	n/a	n/a	n/a
2246.094	0	1123047	standard_tone	sapo_probe	standard	n/a	n/a	n/a	n/a	n/a
2247.108	0	1123554	standard_tone	sapo_probe	standard	n/a	n/a	n/a	n/a	n/a
2248.124	0	1124062	standard_tone	sapo_probe	standard	n/a	n/a	n/a	n/a	n/a
2249.140	0	1124570	standard_tone	sapo_probe	standard	n/a	n/a	n/a	n/a	n/a
2250.158	0	1125079	standard_tone	sapo_probe	standard	n/a	n/a	n/a	n/a	n/a
2251.172	0	1125586	standard_tone	sapo_probe	standard	n/a	n/a	n/a	n/a	n/a
2252.188	0	1126094	standard_tone	sapo_probe	standard	n/a	n/a	n/a	n/a	n/a
2253.204	0	1126602	standard_tone	sapo_probe	standard	n/a	n/a	n/a	n/a	n/a
2254.220	0	1127110	standard_tone	sapo_probe	standard	n/a	n/a	n/a	n/a	n/a
2255.236	0	1127618	standard_tone	sapo_probe	standard	n/a	n/a	n/a	n/a	n/a
2256.252	0	1128126	distractor_noise	sapo_probe	distractor	n/a	n/a	n/a	n/a	n/a
2257.268	0	1128634	standard_tone	sapo_probe	standard	n/a	n/a	n/a	n/a	n/a
2258.282	0	1129141	standard_tone	sapo_probe	standard	n/a	n/a	n/a	n/a	n/a
2259.298	0	1129649	standard_tone	sapo_probe	standard	n/a	n/a	n/a	n/a	n/a
2260.298	0	1130149	standard_tone	sapo_probe	standard	n/a	n/a	n/a	n/a	n/a
2261.314	0	1130657	standard_tone	sapo_probe	standard	n/a	n/a	n/a	n/a	n/a
2262.330	0	1131165	distractor_noise	sapo_probe	distractor	n/a	n/a	n/a	n/a	n/a
2263.348	0	1131674	standard_tone	sapo_probe	standard	n/a	n/a	n/a	n/a	n/a
2264.360	0	1132180	standard_tone	sapo_probe	standard	n/a	n/a	n/a	n/a	n/a
2265.378	0	1132689	standard_tone	sapo_probe	standard	n/a	n/a	n/a	n/a	n/a
2266.394	0	1133197	standard_tone	sapo_probe	standard	n/a	n/a	n/a	n/a	n/a
2267.410	0	1133705	distractor_noise	sapo_probe	distractor	n/a	n/a	n/a	n/a	n/a
2268.426	0	1134213	standard_tone	sapo_probe	standard	n/a	n/a	n/a	n/a	n/a
2269.440	0	1134720	standard_tone	sapo_probe	standard	n/a	n/a	n/a	n/a	n/a
2270.456	0	1135228	standard_tone	sapo_probe	standard	n/a	n/a	n/a	n/a	n/a
2271.472	0	1135736	standard_tone	sapo_probe	standard	n/a	n/a	n/a	n/a	n/a
2272.488	0	1136244	standard_tone	sapo_probe	standard	n/a	n/a	n/a	n/a	n/a
2273.504	0	1136752	standard_tone	sapo_probe	standard	n/a	n/a	n/a	n/a	n/a
2274.520	0	1137260	distractor_noise	sapo_probe	distractor	n/a	n/a	n/a	n/a	n/a
2275.536	0	1137768	standard_tone	sapo_probe	standard	n/a	n/a	n/a	n/a	n/a
2276.552	0	1138276	oddball_tone	sapo_probe	oddball	n/a	n/a	n/a	n/a	n/a
2277.566	0	1138783	standard_tone	sapo_probe	standard	n/a	n/a	n/a	n/a	n/a
2278.582	0	1139291	distractor_noise	sapo_probe	distractor	n/a	n/a	n/a	n/a	n/a
2279.248	0	1139624	silence_end	sapo_probe	silence-end	n/a	n/a	n/a	n/a	n/a
2279.248	0	1139624	gong_begin	sapo_probe	gong-begin	n/a	n/a	n/a	n/a	n/a
2289.342	0	1144671	gong_end	sapo_probe	gong-end	n/a	n/a	n/a	n/a	n/a
2289.342	0	1144671	subblock_end	sapo_probe	subblock-end-duration-118.733	n/a	n/a	n/a	118.733	n/a
2289.342	0	1144671	subblock_begin	sapo_probe	subblock-begin	n/a	n/a	n/a	n/a	n/a
2289.344	0	1144672	silence_begin	sapo_probe	silence-begin	n/a	n/a	n/a	n/a	n/a
2289.344	0	1144672	prompt_window_begin	sapo_probe	probe-sapo-probe-begin	n/a	n/a	n/a	n/a	n/a
2296.122	0	1148061	clicker_press	sapo_probe	response-received-arrow_up	n/a	n/a	n/a	n/a	arrow_up
2296.434	0	1148217	clicker_press	sapo_probe	response-received-arrow_up	n/a	n/a	n/a	n/a	arrow_up
2298.368	0	1149184	depth_rating	sapo_probe	rating-sapo-probe-meditation_depth-2	2	n/a	n/a	n/a	n/a
2304.878	0	1152439	clicker_press	sapo_probe	response-received-arrow_up	n/a	n/a	n/a	n/a	arrow_up
2305.176	0	1152588	clicker_press	sapo_probe	response-received-arrow_up	n/a	n/a	n/a	n/a	arrow_up
2305.510	0	1152755	clicker_press	sapo_probe	response-received-arrow_up	n/a	n/a	n/a	n/a	arrow_up
2308.476	0	1154238	confidence_rating	sapo_probe	rating-sapo-probe-confidence_depth-3	n/a	3	n/a	n/a	n/a
2312.006	0	1156003	prompt_window_end	sapo_probe	probe-sapo-probe-end	n/a	n/a	n/a	n/a	n/a
2312.008	0	1156004	standard_tone	sapo_probe	standard	n/a	n/a	n/a	n/a	n/a
2313.022	0	1156511	standard_tone	sapo_probe	standard	n/a	n/a	n/a	n/a	n/a
2314.036	0	1157018	standard_tone	sapo_probe	standard	n/a	n/a	n/a	n/a	n/a
2315.052	0	1157526	standard_tone	sapo_probe	standard	n/a	n/a	n/a	n/a	n/a
2316.068	0	1158034	standard_tone	sapo_probe	standard	n/a	n/a	n/a	n/a	n/a
2317.086	0	1158543	standard_tone	sapo_probe	standard	n/a	n/a	n/a	n/a	n/a
2318.100	0	1159050	standard_tone	sapo_probe	standard	n/a	n/a	n/a	n/a	n/a
2319.116	0	1159558	standard_tone	sapo_probe	standard	n/a	n/a	n/a	n/a	n/a
2320.132	0	1160066	standard_tone	sapo_probe	standard	n/a	n/a	n/a	n/a	n/a
2321.148	0	1160574	standard_tone	sapo_probe	standard	n/a	n/a	n/a	n/a	n/a
2322.164	0	1161082	oddball_tone	sapo_probe	oddball	n/a	n/a	n/a	n/a	n/a
2323.178	0	1161589	standard_tone	sapo_probe	standard	n/a	n/a	n/a	n/a	n/a
2324.196	0	1162098	standard_tone	sapo_probe	standard	n/a	n/a	n/a	n/a	n/a
2325.212	0	1162606	standard_tone	sapo_probe	standard	n/a	n/a	n/a	n/a	n/a
2326.228	0	1163114	oddball_tone	sapo_probe	oddball	n/a	n/a	n/a	n/a	n/a
2327.244	0	1163622	standard_tone	sapo_probe	standard	n/a	n/a	n/a	n/a	n/a
2328.258	0	1164129	standard_tone	sapo_probe	standard	n/a	n/a	n/a	n/a	n/a
2329.274	0	1164637	standard_tone	sapo_probe	standard	n/a	n/a	n/a	n/a	n/a
2330.290	0	1165145	oddball_tone	sapo_probe	oddball	n/a	n/a	n/a	n/a	n/a
2331.306	0	1165653	standard_tone	sapo_probe	standard	n/a	n/a	n/a	n/a	n/a
2332.322	0	1166161	standard_tone	sapo_probe	standard	n/a	n/a	n/a	n/a	n/a
2333.338	0	1166669	distractor_noise	sapo_probe	distractor	n/a	n/a	n/a	n/a	n/a
2334.354	0	1167177	standard_tone	sapo_probe	standard	n/a	n/a	n/a	n/a	n/a
2335.370	0	1167685	standard_tone	sapo_probe	standard	n/a	n/a	n/a	n/a	n/a
2336.386	0	1168193	standard_tone	sapo_probe	standard	n/a	n/a	n/a	n/a	n/a
2337.400	0	1168700	standard_tone	sapo_probe	standard	n/a	n/a	n/a	n/a	n/a
2338.400	0	1169200	standard_tone	sapo_probe	standard	n/a	n/a	n/a	n/a	n/a
2339.416	0	1169708	standard_tone	sapo_probe	standard	n/a	n/a	n/a	n/a	n/a
2340.432	0	1170216	standard_tone	sapo_probe	standard	n/a	n/a	n/a	n/a	n/a
2341.448	0	1170724	standard_tone	sapo_probe	standard	n/a	n/a	n/a	n/a	n/a
2342.464	0	1171232	standard_tone	sapo_probe	standard	n/a	n/a	n/a	n/a	n/a
2343.478	0	1171739	standard_tone	sapo_probe	standard	n/a	n/a	n/a	n/a	n/a
2344.496	0	1172248	standard_tone	sapo_probe	standard	n/a	n/a	n/a	n/a	n/a
2345.510	0	1172755	oddball_tone	sapo_probe	oddball	n/a	n/a	n/a	n/a	n/a
2346.526	0	1173263	standard_tone	sapo_probe	standard	n/a	n/a	n/a	n/a	n/a
2347.542	0	1173771	standard_tone	sapo_probe	standard	n/a	n/a	n/a	n/a	n/a
2348.558	0	1174279	standard_tone	sapo_probe	standard	n/a	n/a	n/a	n/a	n/a
2349.558	0	1174779	standard_tone	sapo_probe	standard	n/a	n/a	n/a	n/a	n/a
2350.574	0	1175287	standard_tone	sapo_probe	standard	n/a	n/a	n/a	n/a	n/a
2351.572	0	1175786	distractor_noise	sapo_probe	distractor	n/a	n/a	n/a	n/a	n/a
2352.588	0	1176294	standard_tone	sapo_probe	standard	n/a	n/a	n/a	n/a	n/a
2353.604	0	1176802	standard_tone	sapo_probe	standard	n/a	n/a	n/a	n/a	n/a
2354.620	0	1177310	distractor_noise	sapo_probe	distractor	n/a	n/a	n/a	n/a	n/a
2355.620	0	1177810	standard_tone	sapo_probe	standard	n/a	n/a	n/a	n/a	n/a
2356.636	0	1178318	standard_tone	sapo_probe	standard	n/a	n/a	n/a	n/a	n/a
2357.650	0	1178825	standard_tone	sapo_probe	standard	n/a	n/a	n/a	n/a	n/a
2358.666	0	1179333	standard_tone	sapo_probe	standard	n/a	n/a	n/a	n/a	n/a
2359.682	0	1179841	standard_tone	sapo_probe	standard	n/a	n/a	n/a	n/a	n/a
2360.682	0	1180341	standard_tone	sapo_probe	standard	n/a	n/a	n/a	n/a	n/a
2361.698	0	1180849	standard_tone	sapo_probe	standard	n/a	n/a	n/a	n/a	n/a
2362.714	0	1181357	standard_tone	sapo_probe	standard	n/a	n/a	n/a	n/a	n/a
2363.730	0	1181865	standard_tone	sapo_probe	standard	n/a	n/a	n/a	n/a	n/a
2364.744	0	1182372	standard_tone	sapo_probe	standard	n/a	n/a	n/a	n/a	n/a
2365.744	0	1182872	standard_tone	sapo_probe	standard	n/a	n/a	n/a	n/a	n/a
2366.760	0	1183380	standard_tone	sapo_probe	standard	n/a	n/a	n/a	n/a	n/a
2367.776	0	1183888	standard_tone	sapo_probe	standard	n/a	n/a	n/a	n/a	n/a
2368.792	0	1184396	standard_tone	sapo_probe	standard	n/a	n/a	n/a	n/a	n/a
2369.808	0	1184904	standard_tone	sapo_probe	standard	n/a	n/a	n/a	n/a	n/a
2370.822	0	1185411	standard_tone	sapo_probe	standard	n/a	n/a	n/a	n/a	n/a
2371.840	0	1185920	standard_tone	sapo_probe	standard	n/a	n/a	n/a	n/a	n/a
2372.838	0	1186419	oddball_tone	sapo_probe	oddball	n/a	n/a	n/a	n/a	n/a
2373.846	0	1186923	standard_tone	sapo_probe	standard	n/a	n/a	n/a	n/a	n/a
2374.854	0	1187427	standard_tone	sapo_probe	standard	n/a	n/a	n/a	n/a	n/a
2375.870	0	1187935	standard_tone	sapo_probe	standard	n/a	n/a	n/a	n/a	n/a
2376.884	0	1188442	standard_tone	sapo_probe	standard	n/a	n/a	n/a	n/a	n/a
2377.900	0	1188950	standard_tone	sapo_probe	standard	n/a	n/a	n/a	n/a	n/a
2378.916	0	1189458	standard_tone	sapo_probe	standard	n/a	n/a	n/a	n/a	n/a
2379.932	0	1189966	standard_tone	sapo_probe	standard	n/a	n/a	n/a	n/a	n/a
2380.948	0	1190474	standard_tone	sapo_probe	standard	n/a	n/a	n/a	n/a	n/a
2381.964	0	1190982	standard_tone	sapo_probe	standard	n/a	n/a	n/a	n/a	n/a
2382.980	0	1191490	standard_tone	sapo_probe	standard	n/a	n/a	n/a	n/a	n/a
2383.996	0	1191998	distractor_noise	sapo_probe	distractor	n/a	n/a	n/a	n/a	n/a
2385.012	0	1192506	standard_tone	sapo_probe	standard	n/a	n/a	n/a	n/a	n/a
2386.028	0	1193014	standard_tone	sapo_probe	standard	n/a	n/a	n/a	n/a	n/a
2387.044	0	1193522	oddball_tone	sapo_probe	oddball	n/a	n/a	n/a	n/a	n/a
2388.042	0	1194021	standard_tone	sapo_probe	standard	n/a	n/a	n/a	n/a	n/a
2389.058	0	1194529	standard_tone	sapo_probe	standard	n/a	n/a	n/a	n/a	n/a
2390.074	0	1195037	standard_tone	sapo_probe	standard	n/a	n/a	n/a	n/a	n/a
2391.090	0	1195545	standard_tone	sapo_probe	standard	n/a	n/a	n/a	n/a	n/a
2392.106	0	1196053	oddball_tone	sapo_probe	oddball	n/a	n/a	n/a	n/a	n/a
2393.122	0	1196561	standard_tone	sapo_probe	standard	n/a	n/a	n/a	n/a	n/a
2394.138	0	1197069	standard_tone	sapo_probe	standard	n/a	n/a	n/a	n/a	n/a
2395.152	0	1197576	standard_tone	sapo_probe	standard	n/a	n/a	n/a	n/a	n/a
2396.168	0	1198084	standard_tone	sapo_probe	standard	n/a	n/a	n/a	n/a	n/a
2397.184	0	1198592	standard_tone	sapo_probe	standard	n/a	n/a	n/a	n/a	n/a
2398.200	0	1199100	oddball_tone	sapo_probe	oddball	n/a	n/a	n/a	n/a	n/a
2399.216	0	1199608	standard_tone	sapo_probe	standard	n/a	n/a	n/a	n/a	n/a
2400.232	0	1200116	standard_tone	sapo_probe	standard	n/a	n/a	n/a	n/a	n/a
2401.248	0	1200624	standard_tone	sapo_probe	standard	n/a	n/a	n/a	n/a	n/a
2402.248	0	1201124	standard_tone	sapo_probe	standard	n/a	n/a	n/a	n/a	n/a
2403.262	0	1201631	distractor_noise	sapo_probe	distractor	n/a	n/a	n/a	n/a	n/a
2404.278	0	1202139	standard_tone	sapo_probe	standard	n/a	n/a	n/a	n/a	n/a
2405.294	0	1202647	standard_tone	sapo_probe	standard	n/a	n/a	n/a	n/a	n/a
2406.310	0	1203155	standard_tone	sapo_probe	standard	n/a	n/a	n/a	n/a	n/a
2407.326	0	1203663	oddball_tone	sapo_probe	oddball	n/a	n/a	n/a	n/a	n/a
2408.342	0	1204171	standard_tone	sapo_probe	standard	n/a	n/a	n/a	n/a	n/a
2409.342	0	1204671	standard_tone	sapo_probe	standard	n/a	n/a	n/a	n/a	n/a
2410.358	0	1205179	standard_tone	sapo_probe	standard	n/a	n/a	n/a	n/a	n/a
2411.372	0	1205686	standard_tone	sapo_probe	standard	n/a	n/a	n/a	n/a	n/a
2412.388	0	1206194	standard_tone	sapo_probe	standard	n/a	n/a	n/a	n/a	n/a
2413.406	0	1206703	oddball_tone	sapo_probe	oddball	n/a	n/a	n/a	n/a	n/a
2414.420	0	1207210	standard_tone	sapo_probe	standard	n/a	n/a	n/a	n/a	n/a
2415.436	0	1207718	standard_tone	sapo_probe	standard	n/a	n/a	n/a	n/a	n/a
2416.436	0	1208218	standard_tone	sapo_probe	standard	n/a	n/a	n/a	n/a	n/a
2417.452	0	1208726	standard_tone	sapo_probe	standard	n/a	n/a	n/a	n/a	n/a
2418.468	0	1209234	oddball_tone	sapo_probe	oddball	n/a	n/a	n/a	n/a	n/a
2419.482	0	1209741	standard_tone	sapo_probe	standard	n/a	n/a	n/a	n/a	n/a
2420.498	0	1210249	standard_tone	sapo_probe	standard	n/a	n/a	n/a	n/a	n/a
2421.514	0	1210757	standard_tone	sapo_probe	standard	n/a	n/a	n/a	n/a	n/a
2422.530	0	1211265	oddball_tone	sapo_probe	oddball	n/a	n/a	n/a	n/a	n/a
2423.546	0	1211773	standard_tone	sapo_probe	standard	n/a	n/a	n/a	n/a	n/a
2424.562	0	1212281	standard_tone	sapo_probe	standard	n/a	n/a	n/a	n/a	n/a
2425.578	0	1212789	standard_tone	sapo_probe	standard	n/a	n/a	n/a	n/a	n/a
2426.594	0	1213297	standard_tone	sapo_probe	standard	n/a	n/a	n/a	n/a	n/a
2427.610	0	1213805	standard_tone	sapo_probe	standard	n/a	n/a	n/a	n/a	n/a
2428.626	0	1214313	standard_tone	sapo_probe	standard	n/a	n/a	n/a	n/a	n/a
2429.642	0	1214821	oddball_tone	sapo_probe	oddball	n/a	n/a	n/a	n/a	n/a
2430.656	0	1215328	standard_tone	sapo_probe	standard	n/a	n/a	n/a	n/a	n/a
2431.672	0	1215836	standard_tone	sapo_probe	standard	n/a	n/a	n/a	n/a	n/a
2432.688	0	1216344	standard_tone	sapo_probe	standard	n/a	n/a	n/a	n/a	n/a
2433.704	0	1216852	standard_tone	sapo_probe	standard	n/a	n/a	n/a	n/a	n/a
2434.720	0	1217360	standard_tone	sapo_probe	standard	n/a	n/a	n/a	n/a	n/a
2435.736	0	1217868	standard_tone	sapo_probe	standard	n/a	n/a	n/a	n/a	n/a
2436.752	0	1218376	oddball_tone	sapo_probe	oddball	n/a	n/a	n/a	n/a	n/a
2437.768	0	1218884	standard_tone	sapo_probe	standard	n/a	n/a	n/a	n/a	n/a
2438.784	0	1219392	standard_tone	sapo_probe	standard	n/a	n/a	n/a	n/a	n/a
2439.800	0	1219900	standard_tone	sapo_probe	standard	n/a	n/a	n/a	n/a	n/a
2440.816	0	1220408	standard_tone	sapo_probe	standard	n/a	n/a	n/a	n/a	n/a
2441.830	0	1220915	distractor_noise	sapo_probe	distractor	n/a	n/a	n/a	n/a	n/a
2442.848	0	1221424	oddball_tone	sapo_probe	oddball	n/a	n/a	n/a	n/a	n/a
2443.862	0	1221931	standard_tone	sapo_probe	standard	n/a	n/a	n/a	n/a	n/a
2444.878	0	1222439	standard_tone	sapo_probe	standard	n/a	n/a	n/a	n/a	n/a
2445.894	0	1222947	standard_tone	sapo_probe	standard	n/a	n/a	n/a	n/a	n/a
2446.910	0	1223455	standard_tone	sapo_probe	standard	n/a	n/a	n/a	n/a	n/a
2447.910	0	1223955	standard_tone	sapo_probe	standard	n/a	n/a	n/a	n/a	n/a
2448.926	0	1224463	standard_tone	sapo_probe	standard	n/a	n/a	n/a	n/a	n/a
2449.940	0	1224970	distractor_noise	sapo_probe	distractor	n/a	n/a	n/a	n/a	n/a
2450.958	0	1225479	oddball_tone	sapo_probe	oddball	n/a	n/a	n/a	n/a	n/a
2451.972	0	1225986	standard_tone	sapo_probe	standard	n/a	n/a	n/a	n/a	n/a
2452.988	0	1226494	standard_tone	sapo_probe	standard	n/a	n/a	n/a	n/a	n/a
2454.004	0	1227002	oddball_tone	sapo_probe	oddball	n/a	n/a	n/a	n/a	n/a
2455.020	0	1227510	standard_tone	sapo_probe	standard	n/a	n/a	n/a	n/a	n/a
2456.036	0	1228018	standard_tone	sapo_probe	standard	n/a	n/a	n/a	n/a	n/a
2457.052	0	1228526	standard_tone	sapo_probe	standard	n/a	n/a	n/a	n/a	n/a
2458.068	0	1229034	standard_tone	sapo_probe	standard	n/a	n/a	n/a	n/a	n/a
2459.084	0	1229542	standard_tone	sapo_probe	standard	n/a	n/a	n/a	n/a	n/a
2460.100	0	1230050	standard_tone	sapo_probe	standard	n/a	n/a	n/a	n/a	n/a
2461.116	0	1230558	standard_tone	sapo_probe	standard	n/a	n/a	n/a	n/a	n/a
2462.130	0	1231065	standard_tone	sapo_probe	standard	n/a	n/a	n/a	n/a	n/a
2463.146	0	1231573	standard_tone	sapo_probe	standard	n/a	n/a	n/a	n/a	n/a
2464.162	0	1232081	standard_tone	sapo_probe	standard	n/a	n/a	n/a	n/a	n/a
2465.178	0	1232589	standard_tone	sapo_probe	standard	n/a	n/a	n/a	n/a	n/a
2466.194	0	1233097	standard_tone	sapo_probe	standard	n/a	n/a	n/a	n/a	n/a
2466.560	0	1233280	silence_end	sapo_probe	silence-end	n/a	n/a	n/a	n/a	n/a
2466.562	0	1233281	gong_begin	sapo_probe	gong-begin	n/a	n/a	n/a	n/a	n/a
2476.702	0	1238351	gong_end	sapo_probe	gong-end	n/a	n/a	n/a	n/a	n/a
2476.704	0	1238352	subblock_end	sapo_probe	subblock-end-duration-187.36	n/a	n/a	n/a	187.360	n/a
2476.704	0	1238352	subblock_begin	sapo_probe	subblock-begin	n/a	n/a	n/a	n/a	n/a
2476.704	0	1238352	silence_begin	sapo_probe	silence-begin	n/a	n/a	n/a	n/a	n/a
2476.704	0	1238352	standard_tone	sapo_probe	standard	n/a	n/a	n/a	n/a	n/a
2477.718	0	1238859	standard_tone	sapo_probe	standard	n/a	n/a	n/a	n/a	n/a
2478.734	0	1239367	standard_tone	sapo_probe	standard	n/a	n/a	n/a	n/a	n/a
2479.750	0	1239875	standard_tone	sapo_probe	standard	n/a	n/a	n/a	n/a	n/a
2480.766	0	1240383	standard_tone	sapo_probe	standard	n/a	n/a	n/a	n/a	n/a
2481.782	0	1240891	standard_tone	sapo_probe	standard	n/a	n/a	n/a	n/a	n/a
2482.798	0	1241399	standard_tone	sapo_probe	standard	n/a	n/a	n/a	n/a	n/a
2483.814	0	1241907	oddball_tone	sapo_probe	oddball	n/a	n/a	n/a	n/a	n/a
2484.830	0	1242415	standard_tone	sapo_probe	standard	n/a	n/a	n/a	n/a	n/a
2485.844	0	1242922	standard_tone	sapo_probe	standard	n/a	n/a	n/a	n/a	n/a
2486.860	0	1243430	standard_tone	sapo_probe	standard	n/a	n/a	n/a	n/a	n/a
2487.876	0	1243938	standard_tone	sapo_probe	standard	n/a	n/a	n/a	n/a	n/a
2488.892	0	1244446	standard_tone	sapo_probe	standard	n/a	n/a	n/a	n/a	n/a
2489.908	0	1244954	standard_tone	sapo_probe	standard	n/a	n/a	n/a	n/a	n/a
2490.924	0	1245462	standard_tone	sapo_probe	standard	n/a	n/a	n/a	n/a	n/a
2491.940	0	1245970	oddball_tone	sapo_probe	oddball	n/a	n/a	n/a	n/a	n/a
2492.956	0	1246478	standard_tone	sapo_probe	standard	n/a	n/a	n/a	n/a	n/a
2493.972	0	1246986	standard_tone	sapo_probe	standard	n/a	n/a	n/a	n/a	n/a
2494.988	0	1247494	standard_tone	sapo_probe	standard	n/a	n/a	n/a	n/a	n/a
2496.004	0	1248002	standard_tone	sapo_probe	standard	n/a	n/a	n/a	n/a	n/a
2497.018	0	1248509	standard_tone	sapo_probe	standard	n/a	n/a	n/a	n/a	n/a
2498.034	0	1249017	standard_tone	sapo_probe	standard	n/a	n/a	n/a	n/a	n/a
2499.050	0	1249525	standard_tone	sapo_probe	standard	n/a	n/a	n/a	n/a	n/a
2500.066	0	1250033	standard_tone	sapo_probe	standard	n/a	n/a	n/a	n/a	n/a
2501.082	0	1250541	standard_tone	sapo_probe	standard	n/a	n/a	n/a	n/a	n/a
2502.098	0	1251049	standard_tone	sapo_probe	standard	n/a	n/a	n/a	n/a	n/a
2503.114	0	1251557	standard_tone	sapo_probe	standard	n/a	n/a	n/a	n/a	n/a
2504.114	0	1252057	distractor_noise	sapo_probe	distractor	n/a	n/a	n/a	n/a	n/a
2505.128	0	1252564	standard_tone	sapo_probe	standard	n/a	n/a	n/a	n/a	n/a
2506.144	0	1253072	standard_tone	sapo_probe	standard	n/a	n/a	n/a	n/a	n/a
2507.160	0	1253580	distractor_noise	sapo_probe	distractor	n/a	n/a	n/a	n/a	n/a
2508.176	0	1254088	standard_tone	sapo_probe	standard	n/a	n/a	n/a	n/a	n/a
2509.192	0	1254596	standard_tone	sapo_probe	standard	n/a	n/a	n/a	n/a	n/a
2510.208	0	1255104	standard_tone	sapo_probe	standard	n/a	n/a	n/a	n/a	n/a
2511.224	0	1255612	standard_tone	sapo_probe	standard	n/a	n/a	n/a	n/a	n/a
2512.240	0	1256120	standard_tone	sapo_probe	standard	n/a	n/a	n/a	n/a	n/a
2513.254	0	1256627	standard_tone	sapo_probe	standard	n/a	n/a	n/a	n/a	n/a
2514.254	0	1257127	distractor_noise	sapo_probe	distractor	n/a	n/a	n/a	n/a	n/a
2515.270	0	1257635	standard_tone	sapo_probe	standard	n/a	n/a	n/a	n/a	n/a
2516.286	0	1258143	distractor_noise	sapo_probe	distractor	n/a	n/a	n/a	n/a	n/a
2517.302	0	1258651	standard_tone	sapo_probe	standard	n/a	n/a	n/a	n/a	n/a
2518.318	0	1259159	standard_tone	sapo_probe	standard	n/a	n/a	n/a	n/a	n/a
2519.334	0	1259667	standard_tone	sapo_probe	standard	n/a	n/a	n/a	n/a	n/a
2520.350	0	1260175	standard_tone	sapo_probe	standard	n/a	n/a	n/a	n/a	n/a
2521.366	0	1260683	distractor_noise	sapo_probe	distractor	n/a	n/a	n/a	n/a	n/a
2522.264	0	1261132	prompt_window_begin	sapo_probe	probe-sapo-probe-begin	n/a	n/a	n/a	n/a	n/a
2529.508	0	1264754	clicker_press	sapo_probe	response-received-arrow_up	n/a	n/a	n/a	n/a	arrow_up
2529.792	0	1264896	clicker_press	sapo_probe	response-received-arrow_up	n/a	n/a	n/a	n/a	arrow_up
2530.142	0	1265071	clicker_press	sapo_probe	response-received-arrow_up	n/a	n/a	n/a	n/a	arrow_up
2531.308	0	1265654	depth_rating	sapo_probe	rating-sapo-probe-meditation_depth-3	3	n/a	n/a	n/a	n/a
2537.584	0	1268792	clicker_press	sapo_probe	response-received-arrow_up	n/a	n/a	n/a	n/a	arrow_up
2537.902	0	1268951	clicker_press	sapo_probe	response-received-arrow_up	n/a	n/a	n/a	n/a	arrow_up
2538.184	0	1269092	clicker_press	sapo_probe	response-received-arrow_up	n/a	n/a	n/a	n/a	arrow_up
2538.550	0	1269275	clicker_press	sapo_probe	response-received-arrow_up	n/a	n/a	n/a	n/a	arrow_up
2538.902	0	1269451	clicker_press	sapo_probe	response-received-arrow_up	n/a	n/a	n/a	n/a	arrow_up
2541.332	0	1270666	confidence_rating	sapo_probe	rating-sapo-probe-confidence_depth-5	n/a	5	n/a	n/a	n/a
2544.780	0	1272390	prompt_window_end	sapo_probe	probe-sapo-probe-end	n/a	n/a	n/a	n/a	n/a
2544.782	0	1272391	standard_tone	sapo_probe	standard	n/a	n/a	n/a	n/a	n/a
2545.796	0	1272898	oddball_tone	sapo_probe	oddball	n/a	n/a	n/a	n/a	n/a
2546.810	0	1273405	standard_tone	sapo_probe	standard	n/a	n/a	n/a	n/a	n/a
2547.826	0	1273913	standard_tone	sapo_probe	standard	n/a	n/a	n/a	n/a	n/a
2548.842	0	1274421	standard_tone	sapo_probe	standard	n/a	n/a	n/a	n/a	n/a
2549.858	0	1274929	distractor_noise	sapo_probe	distractor	n/a	n/a	n/a	n/a	n/a
2550.874	0	1275437	standard_tone	sapo_probe	standard	n/a	n/a	n/a	n/a	n/a
2551.890	0	1275945	standard_tone	sapo_probe	standard	n/a	n/a	n/a	n/a	n/a
2552.906	0	1276453	standard_tone	sapo_probe	standard	n/a	n/a	n/a	n/a	n/a
2553.922	0	1276961	standard_tone	sapo_probe	standard	n/a	n/a	n/a	n/a	n/a
2554.938	0	1277469	standard_tone	sapo_probe	standard	n/a	n/a	n/a	n/a	n/a
2555.936	0	1277968	standard_tone	sapo_probe	standard	n/a	n/a	n/a	n/a	n/a
2556.952	0	1278476	standard_tone	sapo_probe	standard	n/a	n/a	n/a	n/a	n/a
2557.968	0	1278984	standard_tone	sapo_probe	standard	n/a	n/a	n/a	n/a	n/a
2558.984	0	1279492	standard_tone	sapo_probe	standard	n/a	n/a	n/a	n/a	n/a
2560.000	0	1280000	standard_tone	sapo_probe	standard	n/a	n/a	n/a	n/a	n/a
2561.016	0	1280508	standard_tone	sapo_probe	standard	n/a	n/a	n/a	n/a	n/a
2562.032	0	1281016	standard_tone	sapo_probe	standard	n/a	n/a	n/a	n/a	n/a
2563.048	0	1281524	oddball_tone	sapo_probe	oddball	n/a	n/a	n/a	n/a	n/a
2564.046	0	1282023	standard_tone	sapo_probe	standard	n/a	n/a	n/a	n/a	n/a
2565.062	0	1282531	standard_tone	sapo_probe	standard	n/a	n/a	n/a	n/a	n/a
2566.078	0	1283039	standard_tone	sapo_probe	standard	n/a	n/a	n/a	n/a	n/a
2567.094	0	1283547	standard_tone	sapo_probe	standard	n/a	n/a	n/a	n/a	n/a
2568.094	0	1284047	standard_tone	sapo_probe	standard	n/a	n/a	n/a	n/a	n/a
2569.108	0	1284554	oddball_tone	sapo_probe	oddball	n/a	n/a	n/a	n/a	n/a
2570.124	0	1285062	standard_tone	sapo_probe	standard	n/a	n/a	n/a	n/a	n/a
2571.140	0	1285570	oddball_tone	sapo_probe	oddball	n/a	n/a	n/a	n/a	n/a
2572.158	0	1286079	standard_tone	sapo_probe	standard	n/a	n/a	n/a	n/a	n/a
2573.172	0	1286586	standard_tone	sapo_probe	standard	n/a	n/a	n/a	n/a	n/a
2574.172	0	1287086	standard_tone	sapo_probe	standard	n/a	n/a	n/a	n/a	n/a
2575.188	0	1287594	oddball_tone	sapo_probe	oddball	n/a	n/a	n/a	n/a	n/a
2576.204	0	1288102	standard_tone	sapo_probe	standard	n/a	n/a	n/a	n/a	n/a
2577.218	0	1288609	oddball_tone	sapo_probe	oddball	n/a	n/a	n/a	n/a	n/a
2578.234	0	1289117	standard_tone	sapo_probe	standard	n/a	n/a	n/a	n/a	n/a
2579.250	0	1289625	standard_tone	sapo_probe	standard	n/a	n/a	n/a	n/a	n/a
2580.268	0	1290134	standard_tone	sapo_probe	standard	n/a	n/a	n/a	n/a	n/a
2581.282	0	1290641	standard_tone	sapo_probe	standard	n/a	n/a	n/a	n/a	n/a
2582.282	0	1291141	standard_tone	sapo_probe	standard	n/a	n/a	n/a	n/a	n/a
2583.298	0	1291649	standard_tone	sapo_probe	standard	n/a	n/a	n/a	n/a	n/a
2584.314	0	1292157	standard_tone	sapo_probe	standard	n/a	n/a	n/a	n/a	n/a
2585.328	0	1292664	standard_tone	sapo_probe	standard	n/a	n/a	n/a	n/a	n/a
2586.344	0	1293172	standard_tone	sapo_probe	standard	n/a	n/a	n/a	n/a	n/a
2587.360	0	1293680	standard_tone	sapo_probe	standard	n/a	n/a	n/a	n/a	n/a
2588.376	0	1294188	standard_tone	sapo_probe	standard	n/a	n/a	n/a	n/a	n/a
2589.392	0	1294696	standard_tone	sapo_probe	standard	n/a	n/a	n/a	n/a	n/a
2590.408	0	1295204	standard_tone	sapo_probe	standard	n/a	n/a	n/a	n/a	n/a
2591.424	0	1295712	standard_tone	sapo_probe	standard	n/a	n/a	n/a	n/a	n/a
2592.440	0	1296220	standard_tone	sapo_probe	standard	n/a	n/a	n/a	n/a	n/a
2593.456	0	1296728	oddball_tone	sapo_probe	oddball	n/a	n/a	n/a	n/a	n/a
2594.472	0	1297236	distractor_noise	sapo_probe	distractor	n/a	n/a	n/a	n/a	n/a
2595.488	0	1297744	standard_tone	sapo_probe	standard	n/a	n/a	n/a	n/a	n/a
2596.504	0	1298252	standard_tone	sapo_probe	standard	n/a	n/a	n/a	n/a	n/a
2597.518	0	1298759	distractor_noise	sapo_probe	distractor	n/a	n/a	n/a	n/a	n/a
2598.534	0	1299267	standard_tone	sapo_probe	standard	n/a	n/a	n/a	n/a	n/a
2599.534	0	1299767	standard_tone	sapo_probe	standard	n/a	n/a	n/a	n/a	n/a
2600.550	0	1300275	distractor_noise	sapo_probe	distractor	n/a	n/a	n/a	n/a	n/a
2601.566	0	1300783	standard_tone	sapo_probe	standard	n/a	n/a	n/a	n/a	n/a
2602.248	0	1301124	silence_end	sapo_probe	silence-end	n/a	n/a	n/a	n/a	n/a
2602.248	0	1301124	subblock_end	sapo_probe	subblock-end-duration-125.545	n/a	n/a	n/a	125.545	n/a
2602.248	0	1301124	subblock_begin	sapo_probe	subblock-begin	n/a	n/a	n/a	n/a	n/a
2602.250	0	1301125	silence_begin	sapo_probe	silence-begin	n/a	n/a	n/a	n/a	n/a
2602.580	0	1301290	standard_tone	sapo_probe	standard	n/a	n/a	n/a	n/a	n/a
2603.580	0	1301790	standard_tone	sapo_probe	standard	n/a	n/a	n/a	n/a	n/a
2604.596	0	1302298	standard_tone	sapo_probe	standard	n/a	n/a	n/a	n/a	n/a
2605.596	0	1302798	oddball_tone	sapo_probe	oddball	n/a	n/a	n/a	n/a	n/a
2606.612	0	1303306	standard_tone	sapo_probe	standard	n/a	n/a	n/a	n/a	n/a
2607.628	0	1303814	standard_tone	sapo_probe	standard	n/a	n/a	n/a	n/a	n/a
2608.642	0	1304321	standard_tone	sapo_probe	standard	n/a	n/a	n/a	n/a	n/a
2609.658	0	1304829	standard_tone	sapo_probe	standard	n/a	n/a	n/a	n/a	n/a
2610.674	0	1305337	standard_tone	sapo_probe	standard	n/a	n/a	n/a	n/a	n/a
2611.690	0	1305845	oddball_tone	sapo_probe	oddball	n/a	n/a	n/a	n/a	n/a
2612.706	0	1306353	standard_tone	sapo_probe	standard	n/a	n/a	n/a	n/a	n/a
2613.724	0	1306862	standard_tone	sapo_probe	standard	n/a	n/a	n/a	n/a	n/a
2614.738	0	1307369	standard_tone	sapo_probe	standard	n/a	n/a	n/a	n/a	n/a
2615.738	0	1307869	standard_tone	sapo_probe	standard	n/a	n/a	n/a	n/a	n/a
2616.754	0	1308377	standard_tone	sapo_probe	standard	n/a	n/a	n/a	n/a	n/a
2617.770	0	1308885	standard_tone	sapo_probe	standard	n/a	n/a	n/a	n/a	n/a
2618.784	0	1309392	distractor_noise	sapo_probe	distractor	n/a	n/a	n/a	n/a	n/a
2619.800	0	1309900	standard_tone	sapo_probe	standard	n/a	n/a	n/a	n/a	n/a
2620.816	0	1310408	oddball_tone	sapo_probe	oddball	n/a	n/a	n/a	n/a	n/a
2621.832	0	1310916	standard_tone	sapo_probe	standard	n/a	n/a	n/a	n/a	n/a
2622.832	0	1311416	oddball_tone	sapo_probe	oddball	n/a	n/a	n/a	n/a	n/a
2623.846	0	1311923	standard_tone	sapo_probe	standard	n/a	n/a	n/a	n/a	n/a
2624.862	0	1312431	oddball_tone	sapo_probe	oddball	n/a	n/a	n/a	n/a	n/a
2625.878	0	1312939	distractor_noise	sapo_probe	distractor	n/a	n/a	n/a	n/a	n/a
2626.894	0	1313447	standard_tone	sapo_probe	standard	n/a	n/a	n/a	n/a	n/a
2627.894	0	1313947	oddball_tone	sapo_probe	oddball	n/a	n/a	n/a	n/a	n/a
2628.910	0	1314455	distractor_noise	sapo_probe	distractor	n/a	n/a	n/a	n/a	n/a
2629.908	0	1314954	oddball_tone	sapo_probe	oddball	n/a	n/a	n/a	n/a	n/a
2630.924	0	1315462	standard_tone	sapo_probe	standard	n/a	n/a	n/a	n/a	n/a
2631.940	0	1315970	standard_tone	sapo_probe	standard	n/a	n/a	n/a	n/a	n/a
2632.956	0	1316478	standard_tone	sapo_probe	standard	n/a	n/a	n/a	n/a	n/a
2633.972	0	1316986	standard_tone	sapo_probe	standard	n/a	n/a	n/a	n/a	n/a
2634.988	0	1317494	distractor_noise	sapo_probe	distractor	n/a	n/a	n/a	n/a	n/a
2636.004	0	1318002	standard_tone	sapo_probe	standard	n/a	n/a	n/a	n/a	n/a
2637.004	0	1318502	standard_tone	sapo_probe	standard	n/a	n/a	n/a	n/a	n/a
2638.018	0	1319009	standard_tone	sapo_probe	standard	n/a	n/a	n/a	n/a	n/a
2639.034	0	1319517	standard_tone	sapo_probe	standard	n/a	n/a	n/a	n/a	n/a
2640.050	0	1320025	standard_tone	sapo_probe	standard	n/a	n/a	n/a	n/a	n/a
2641.066	0	1320533	standard_tone	sapo_probe	standard	n/a	n/a	n/a	n/a	n/a
2642.082	0	1321041	standard_tone	sapo_probe	standard	n/a	n/a	n/a	n/a	n/a
2643.082	0	1321541	distractor_noise	sapo_probe	distractor	n/a	n/a	n/a	n/a	n/a
2644.098	0	1322049	standard_tone	sapo_probe	standard	n/a	n/a	n/a	n/a	n/a
2645.126	0	1322563	standard_tone	sapo_probe	standard	n/a	n/a	n/a	n/a	n/a
2646.128	0	1323064	standard_tone	sapo_probe	standard	n/a	n/a	n/a	n/a	n/a
2647.144	0	1323572	standard_tone	sapo_probe	standard	n/a	n/a	n/a	n/a	n/a
2648.160	0	1324080	standard_tone	sapo_probe	standard	n/a	n/a	n/a	n/a	n/a
2649.176	0	1324588	distractor_noise	sapo_probe	distractor	n/a	n/a	n/a	n/a	n/a
2650.192	0	1325096	standard_tone	sapo_probe	standard	n/a	n/a	n/a	n/a	n/a
2651.208	0	1325604	standard_tone	sapo_probe	standard	n/a	n/a	n/a	n/a	n/a
2652.224	0	1326112	standard_tone	sapo_probe	standard	n/a	n/a	n/a	n/a	n/a
2653.240	0	1326620	standard_tone	sapo_probe	standard	n/a	n/a	n/a	n/a	n/a
2654.254	0	1327127	standard_tone	sapo_probe	standard	n/a	n/a	n/a	n/a	n/a
2655.254	0	1327627	standard_tone	sapo_probe	standard	n/a	n/a	n/a	n/a	n/a
2656.270	0	1328135	standard_tone	sapo_probe	standard	n/a	n/a	n/a	n/a	n/a
2657.286	0	1328643	standard_tone	sapo_probe	standard	n/a	n/a	n/a	n/a	n/a
2658.302	0	1329151	oddball_tone	sapo_probe	oddball	n/a	n/a	n/a	n/a	n/a
2659.318	0	1329659	standard_tone	sapo_probe	standard	n/a	n/a	n/a	n/a	n/a
2660.334	0	1330167	standard_tone	sapo_probe	standard	n/a	n/a	n/a	n/a	n/a
2661.350	0	1330675	standard_tone	sapo_probe	standard	n/a	n/a	n/a	n/a	n/a
2662.364	0	1331182	standard_tone	sapo_probe	standard	n/a	n/a	n/a	n/a	n/a
2663.364	0	1331682	standard_tone	sapo_probe	standard	n/a	n/a	n/a	n/a	n/a
2664.380	0	1332190	standard_tone	sapo_probe	standard	n/a	n/a	n/a	n/a	n/a
2665.396	0	1332698	standard_tone	sapo_probe	standard	n/a	n/a	n/a	n/a	n/a
2666.412	0	1333206	standard_tone	sapo_probe	standard	n/a	n/a	n/a	n/a	n/a
2667.428	0	1333714	standard_tone	sapo_probe	standard	n/a	n/a	n/a	n/a	n/a
2668.444	0	1334222	standard_tone	sapo_probe	standard	n/a	n/a	n/a	n/a	n/a
2669.460	0	1334730	standard_tone	sapo_probe	standard	n/a	n/a	n/a	n/a	n/a
2670.458	0	1335229	standard_tone	sapo_probe	standard	n/a	n/a	n/a	n/a	n/a
2671.474	0	1335737	standard_tone	sapo_probe	standard	n/a	n/a	n/a	n/a	n/a
2672.490	0	1336245	distractor_noise	sapo_probe	distractor	n/a	n/a	n/a	n/a	n/a
2673.506	0	1336753	standard_tone	sapo_probe	standard	n/a	n/a	n/a	n/a	n/a
2674.522	0	1337261	distractor_noise	sapo_probe	distractor	n/a	n/a	n/a	n/a	n/a
2675.538	0	1337769	standard_tone	sapo_probe	standard	n/a	n/a	n/a	n/a	n/a
2676.554	0	1338277	standard_tone	sapo_probe	standard	n/a	n/a	n/a	n/a	n/a
2677.570	0	1338785	standard_tone	sapo_probe	standard	n/a	n/a	n/a	n/a	n/a
2678.586	0	1339293	standard_tone	sapo_probe	standard	n/a	n/a	n/a	n/a	n/a
2679.600	0	1339800	standard_tone	sapo_probe	standard	n/a	n/a	n/a	n/a	n/a
2680.616	0	1340308	oddball_tone	sapo_probe	oddball	n/a	n/a	n/a	n/a	n/a
2681.632	0	1340816	distractor_noise	sapo_probe	distractor	n/a	n/a	n/a	n/a	n/a
2682.648	0	1341324	standard_tone	sapo_probe	standard	n/a	n/a	n/a	n/a	n/a
2683.664	0	1341832	oddball_tone	sapo_probe	oddball	n/a	n/a	n/a	n/a	n/a
2684.680	0	1342340	standard_tone	sapo_probe	standard	n/a	n/a	n/a	n/a	n/a
2685.696	0	1342848	standard_tone	sapo_probe	standard	n/a	n/a	n/a	n/a	n/a
2686.712	0	1343356	standard_tone	sapo_probe	standard	n/a	n/a	n/a	n/a	n/a
2687.728	0	1343864	standard_tone	sapo_probe	standard	n/a	n/a	n/a	n/a	n/a
2688.744	0	1344372	standard_tone	sapo_probe	standard	n/a	n/a	n/a	n/a	n/a
2689.760	0	1344880	standard_tone	sapo_probe	standard	n/a	n/a	n/a	n/a	n/a
2690.774	0	1345387	standard_tone	sapo_probe	standard	n/a	n/a	n/a	n/a	n/a
2691.790	0	1345895	oddball_tone	sapo_probe	oddball	n/a	n/a	n/a	n/a	n/a
2692.806	0	1346403	standard_tone	sapo_probe	standard	n/a	n/a	n/a	n/a	n/a
2693.822	0	1346911	distractor_noise	sapo_probe	distractor	n/a	n/a	n/a	n/a	n/a
2694.838	0	1347419	standard_tone	sapo_probe	standard	n/a	n/a	n/a	n/a	n/a
2695.854	0	1347927	standard_tone	sapo_probe	standard	n/a	n/a	n/a	n/a	n/a
2696.870	0	1348435	distractor_noise	sapo_probe	distractor	n/a	n/a	n/a	n/a	n/a
2697.886	0	1348943	standard_tone	sapo_probe	standard	n/a	n/a	n/a	n/a	n/a
2698.902	0	1349451	standard_tone	sapo_probe	standard	n/a	n/a	n/a	n/a	n/a
2699.918	0	1349959	standard_tone	sapo_probe	standard	n/a	n/a	n/a	n/a	n/a
2700.932	0	1350466	standard_tone	sapo_probe	standard	n/a	n/a	n/a	n/a	n/a
2701.932	0	1350966	standard_tone	sapo_probe	standard	n/a	n/a	n/a	n/a	n/a
2702.948	0	1351474	standard_tone	sapo_probe	standard	n/a	n/a	n/a	n/a	n/a
2703.964	0	1351982	oddball_tone	sapo_probe	oddball	n/a	n/a	n/a	n/a	n/a
2704.980	0	1352490	standard_tone	sapo_probe	standard	n/a	n/a	n/a	n/a	n/a
2705.996	0	1352998	standard_tone	sapo_probe	standard	n/a	n/a	n/a	n/a	n/a
2707.012	0	1353506	standard_tone	sapo_probe	standard	n/a	n/a	n/a	n/a	n/a
2708.028	0	1354014	standard_tone	sapo_probe	standard	n/a	n/a	n/a	n/a	n/a
2709.044	0	1354522	standard_tone	sapo_probe	standard	n/a	n/a	n/a	n/a	n/a
2710.060	0	1355030	standard_tone	sapo_probe	standard	n/a	n/a	n/a	n/a	n/a
2711.076	0	1355538	standard_tone	sapo_probe	standard	n/a	n/a	n/a	n/a	n/a
2712.092	0	1356046	standard_tone	sapo_probe	standard	n/a	n/a	n/a	n/a	n/a
2713.106	0	1356553	standard_tone	sapo_probe	standard	n/a	n/a	n/a	n/a	n/a
2714.122	0	1357061	distractor_noise	sapo_probe	distractor	n/a	n/a	n/a	n/a	n/a
2715.138	0	1357569	standard_tone	sapo_probe	standard	n/a	n/a	n/a	n/a	n/a
2716.138	0	1358069	standard_tone	sapo_probe	standard	n/a	n/a	n/a	n/a	n/a
2716.788	0	1358394	silence_end	sapo_probe	silence-end	n/a	n/a	n/a	n/a	n/a
2716.788	0	1358394	gong_begin	sapo_probe	gong-begin	n/a	n/a	n/a	n/a	n/a
2726.896	0	1363448	gong_end	sapo_probe	gong-end	n/a	n/a	n/a	n/a	n/a
2726.896	0	1363448	subblock_end	sapo_probe	subblock-end-duration-124.647	n/a	n/a	n/a	124.647	n/a
2726.896	0	1363448	subblock_begin	sapo_probe	subblock-begin	n/a	n/a	n/a	n/a	n/a
2726.898	0	1363449	silence_begin	sapo_probe	silence-begin	n/a	n/a	n/a	n/a	n/a
2726.912	0	1363456	standard_tone	sapo_probe	standard	n/a	n/a	n/a	n/a	n/a
2727.928	0	1363964	standard_tone	sapo_probe	standard	n/a	n/a	n/a	n/a	n/a
2728.944	0	1364472	standard_tone	sapo_probe	standard	n/a	n/a	n/a	n/a	n/a
2729.958	0	1364979	standard_tone	sapo_probe	standard	n/a	n/a	n/a	n/a	n/a
2730.976	0	1365488	standard_tone	sapo_probe	standard	n/a	n/a	n/a	n/a	n/a
2731.974	0	1365987	distractor_noise	sapo_probe	distractor	n/a	n/a	n/a	n/a	n/a
2732.990	0	1366495	standard_tone	sapo_probe	standard	n/a	n/a	n/a	n/a	n/a
2734.006	0	1367003	standard_tone	sapo_probe	standard	n/a	n/a	n/a	n/a	n/a
2735.022	0	1367511	oddball_tone	sapo_probe	oddball	n/a	n/a	n/a	n/a	n/a
2736.038	0	1368019	standard_tone	sapo_probe	standard	n/a	n/a	n/a	n/a	n/a
2737.052	0	1368526	standard_tone	sapo_probe	standard	n/a	n/a	n/a	n/a	n/a
2738.068	0	1369034	standard_tone	sapo_probe	standard	n/a	n/a	n/a	n/a	n/a
2739.084	0	1369542	oddball_tone	sapo_probe	oddball	n/a	n/a	n/a	n/a	n/a
2740.102	0	1370051	standard_tone	sapo_probe	standard	n/a	n/a	n/a	n/a	n/a
2740.816	0	1370408	prompt_window_begin	sapo_probe	probe-sapo-probe-begin	n/a	n/a	n/a	n/a	n/a
2748.218	0	1374109	clicker_press	sapo_probe	response-received-arrow_up	n/a	n/a	n/a	n/a	arrow_up
2748.478	0	1374239	clicker_press	sapo_probe	response-received-arrow_up	n/a	n/a	n/a	n/a	arrow_up
2748.794	0	1374397	clicker_press	sapo_probe	response-received-arrow_up	n/a	n/a	n/a	n/a	arrow_up
2749.094	0	1374547	clicker_press	sapo_probe	response-received-arrow_up	n/a	n/a	n/a	n/a	arrow_up
2749.860	0	1374930	depth_rating	sapo_probe	rating-sapo-probe-meditation_depth-4	4	n/a	n/a	n/a	n/a
2759.986	0	1379993	confidence_rating	sapo_probe	rating-sapo-probe-confidence_depth-0	n/a	0	n/a	n/a	n/a
2763.448	0	1381724	prompt_window_end	sapo_probe	probe-sapo-probe-end	n/a	n/a	n/a	n/a	n/a
2763.464	0	1381732	standard_tone	sapo_probe	standard	n/a	n/a	n/a	n/a	n/a
2764.480	0	1382240	standard_tone	sapo_probe	standard	n/a	n/a	n/a	n/a	n/a
2765.496	0	1382748	standard_tone	sapo_probe	standard	n/a	n/a	n/a	n/a	n/a
2766.512	0	1383256	standard_tone	sapo_probe	standard	n/a	n/a	n/a	n/a	n/a
2767.528	0	1383764	standard_tone	sapo_probe	standard	n/a	n/a	n/a	n/a	n/a
2768.544	0	1384272	standard_tone	sapo_probe	standard	n/a	n/a	n/a	n/a	n/a
2769.544	0	1384772	standard_tone	sapo_probe	standard	n/a	n/a	n/a	n/a	n/a
2770.558	0	1385279	standard_tone	sapo_probe	standard	n/a	n/a	n/a	n/a	n/a
2771.574	0	1385787	standard_tone	sapo_probe	standard	n/a	n/a	n/a	n/a	n/a
2772.590	0	1386295	standard_tone	sapo_probe	standard	n/a	n/a	n/a	n/a	n/a
2773.606	0	1386803	distractor_noise	sapo_probe	distractor	n/a	n/a	n/a	n/a	n/a
2774.622	0	1387311	standard_tone	sapo_probe	standard	n/a	n/a	n/a	n/a	n/a
2775.622	0	1387811	standard_tone	sapo_probe	standard	n/a	n/a	n/a	n/a	n/a
2776.638	0	1388319	standard_tone	sapo_probe	standard	n/a	n/a	n/a	n/a	n/a
2777.654	0	1388827	standard_tone	sapo_probe	standard	n/a	n/a	n/a	n/a	n/a
2778.668	0	1389334	standard_tone	sapo_probe	standard	n/a	n/a	n/a	n/a	n/a
2779.684	0	1389842	standard_tone	sapo_probe	standard	n/a	n/a	n/a	n/a	n/a
2780.700	0	1390350	oddball_tone	sapo_probe	oddball	n/a	n/a	n/a	n/a	n/a
2781.716	0	1390858	standard_tone	sapo_probe	standard	n/a	n/a	n/a	n/a	n/a
2782.732	0	1391366	oddball_tone	sapo_probe	oddball	n/a	n/a	n/a	n/a	n/a
2783.748	0	1391874	distractor_noise	sapo_probe	distractor	n/a	n/a	n/a	n/a	n/a
2784.764	0	1392382	standard_tone	sapo_probe	standard	n/a	n/a	n/a	n/a	n/a
2785.774	0	1392887	standard_tone	sapo_probe	standard	n/a	n/a	n/a	n/a	n/a
2786.778	0	1393389	standard_tone	sapo_probe	standard	n/a	n/a	n/a	n/a	n/a
2787.794	0	1393897	standard_tone	sapo_probe	standard	n/a	n/a	n/a	n/a	n/a
2788.810	0	1394405	standard_tone	sapo_probe	standard	n/a	n/a	n/a	n/a	n/a
2789.826	0	1394913	standard_tone	sapo_probe	standard	n/a	n/a	n/a	n/a	n/a
2790.842	0	1395421	standard_tone	sapo_probe	standard	n/a	n/a	n/a	n/a	n/a
2791.858	0	1395929	standard_tone	sapo_probe	standard	n/a	n/a	n/a	n/a	n/a
2792.874	0	1396437	standard_tone	sapo_probe	standard	n/a	n/a	n/a	n/a	n/a
2793.890	0	1396945	standard_tone	sapo_probe	standard	n/a	n/a	n/a	n/a	n/a
2794.906	0	1397453	standard_tone	sapo_probe	standard	n/a	n/a	n/a	n/a	n/a
2795.922	0	1397961	standard_tone	sapo_probe	standard	n/a	n/a	n/a	n/a	n/a
2796.920	0	1398460	standard_tone	sapo_probe	standard	n/a	n/a	n/a	n/a	n/a
2797.936	0	1398968	standard_tone	sapo_probe	standard	n/a	n/a	n/a	n/a	n/a
2798.936	0	1399468	distractor_noise	sapo_probe	distractor	n/a	n/a	n/a	n/a	n/a
2799.952	0	1399976	standard_tone	sapo_probe	standard	n/a	n/a	n/a	n/a	n/a
2800.966	0	1400483	standard_tone	sapo_probe	standard	n/a	n/a	n/a	n/a	n/a
2801.982	0	1400991	standard_tone	sapo_probe	standard	n/a	n/a	n/a	n/a	n/a
2802.998	0	1401499	standard_tone	sapo_probe	standard	n/a	n/a	n/a	n/a	n/a
2804.014	0	1402007	standard_tone	sapo_probe	standard	n/a	n/a	n/a	n/a	n/a
2805.030	0	1402515	standard_tone	sapo_probe	standard	n/a	n/a	n/a	n/a	n/a
2806.046	0	1403023	standard_tone	sapo_probe	standard	n/a	n/a	n/a	n/a	n/a
2807.062	0	1403531	distractor_noise	sapo_probe	distractor	n/a	n/a	n/a	n/a	n/a
2808.078	0	1404039	standard_tone	sapo_probe	standard	n/a	n/a	n/a	n/a	n/a
2809.094	0	1404547	standard_tone	sapo_probe	standard	n/a	n/a	n/a	n/a	n/a
2810.110	0	1405055	standard_tone	sapo_probe	standard	n/a	n/a	n/a	n/a	n/a
2811.126	0	1405563	standard_tone	sapo_probe	standard	n/a	n/a	n/a	n/a	n/a
2812.140	0	1406070	standard_tone	sapo_probe	standard	n/a	n/a	n/a	n/a	n/a
2813.158	0	1406579	standard_tone	sapo_probe	standard	n/a	n/a	n/a	n/a	n/a
2814.172	0	1407086	standard_tone	sapo_probe	standard	n/a	n/a	n/a	n/a	n/a
2815.188	0	1407594	standard_tone	sapo_probe	standard	n/a	n/a	n/a	n/a	n/a
2816.204	0	1408102	distractor_noise	sapo_probe	distractor	n/a	n/a	n/a	n/a	n/a
2817.220	0	1408610	standard_tone	sapo_probe	standard	n/a	n/a	n/a	n/a	n/a
2818.236	0	1409118	standard_tone	sapo_probe	standard	n/a	n/a	n/a	n/a	n/a
2819.252	0	1409626	standard_tone	sapo_probe	standard	n/a	n/a	n/a	n/a	n/a
2820.268	0	1410134	standard_tone	sapo_probe	standard	n/a	n/a	n/a	n/a	n/a
2821.284	0	1410642	standard_tone	sapo_probe	standard	n/a	n/a	n/a	n/a	n/a
2822.298	0	1411149	standard_tone	sapo_probe	standard	n/a	n/a	n/a	n/a	n/a
2823.298	0	1411649	oddball_tone	sapo_probe	oddball	n/a	n/a	n/a	n/a	n/a
2824.314	0	1412157	standard_tone	sapo_probe	standard	n/a	n/a	n/a	n/a	n/a
2825.314	0	1412657	oddball_tone	sapo_probe	oddball	n/a	n/a	n/a	n/a	n/a
2826.330	0	1413165	standard_tone	sapo_probe	standard	n/a	n/a	n/a	n/a	n/a
2827.346	0	1413673	oddball_tone	sapo_probe	oddball	n/a	n/a	n/a	n/a	n/a
2828.360	0	1414180	standard_tone	sapo_probe	standard	n/a	n/a	n/a	n/a	n/a
2829.376	0	1414688	standard_tone	sapo_probe	standard	n/a	n/a	n/a	n/a	n/a
2830.394	0	1415197	standard_tone	sapo_probe	standard	n/a	n/a	n/a	n/a	n/a
2831.408	0	1415704	distractor_noise	sapo_probe	distractor	n/a	n/a	n/a	n/a	n/a
2832.424	0	1416212	standard_tone	sapo_probe	standard	n/a	n/a	n/a	n/a	n/a
2833.424	0	1416712	standard_tone	sapo_probe	standard	n/a	n/a	n/a	n/a	n/a
2834.440	0	1417220	standard_tone	sapo_probe	standard	n/a	n/a	n/a	n/a	n/a
2835.454	0	1417727	standard_tone	sapo_probe	standard	n/a	n/a	n/a	n/a	n/a
2836.470	0	1418235	standard_tone	sapo_probe	standard	n/a	n/a	n/a	n/a	n/a
2837.486	0	1418743	standard_tone	sapo_probe	standard	n/a	n/a	n/a	n/a	n/a
2838.502	0	1419251	standard_tone	sapo_probe	standard	n/a	n/a	n/a	n/a	n/a
2839.518	0	1419759	distractor_noise	sapo_probe	distractor	n/a	n/a	n/a	n/a	n/a
2840.534	0	1420267	standard_tone	sapo_probe	standard	n/a	n/a	n/a	n/a	n/a
2841.550	0	1420775	standard_tone	sapo_probe	standard	n/a	n/a	n/a	n/a	n/a
2842.550	0	1421275	standard_tone	sapo_probe	standard	n/a	n/a	n/a	n/a	n/a
2843.566	0	1421783	distractor_noise	sapo_probe	distractor	n/a	n/a	n/a	n/a	n/a
2844.580	0	1422290	standard_tone	sapo_probe	standard	n/a	n/a	n/a	n/a	n/a
2845.598	0	1422799	standard_tone	sapo_probe	standard	n/a	n/a	n/a	n/a	n/a
2846.612	0	1423306	standard_tone	sapo_probe	standard	n/a	n/a	n/a	n/a	n/a
2847.628	0	1423814	standard_tone	sapo_probe	standard	n/a	n/a	n/a	n/a	n/a
2848.644	0	1424322	standard_tone	sapo_probe	standard	n/a	n/a	n/a	n/a	n/a
2849.660	0	1424830	standard_tone	sapo_probe	standard	n/a	n/a	n/a	n/a	n/a
2850.676	0	1425338	standard_tone	sapo_probe	standard	n/a	n/a	n/a	n/a	n/a
2851.692	0	1425846	standard_tone	sapo_probe	standard	n/a	n/a	n/a	n/a	n/a
2852.708	0	1426354	standard_tone	sapo_probe	standard	n/a	n/a	n/a	n/a	n/a
2853.724	0	1426862	standard_tone	sapo_probe	standard	n/a	n/a	n/a	n/a	n/a
2854.740	0	1427370	standard_tone	sapo_probe	standard	n/a	n/a	n/a	n/a	n/a
2855.756	0	1427878	standard_tone	sapo_probe	standard	n/a	n/a	n/a	n/a	n/a
2856.770	0	1428385	standard_tone	sapo_probe	standard	n/a	n/a	n/a	n/a	n/a
2857.786	0	1428893	oddball_tone	sapo_probe	oddball	n/a	n/a	n/a	n/a	n/a
2858.802	0	1429401	standard_tone	sapo_probe	standard	n/a	n/a	n/a	n/a	n/a
2859.818	0	1429909	standard_tone	sapo_probe	standard	n/a	n/a	n/a	n/a	n/a
2860.834	0	1430417	standard_tone	sapo_probe	standard	n/a	n/a	n/a	n/a	n/a
2861.850	0	1430925	standard_tone	sapo_probe	standard	n/a	n/a	n/a	n/a	n/a
2862.850	0	1431425	standard_tone	sapo_probe	standard	n/a	n/a	n/a	n/a	n/a
2863.864	0	1431932	standard_tone	sapo_probe	standard	n/a	n/a	n/a	n/a	n/a
2864.880	0	1432440	standard_tone	sapo_probe	standard	n/a	n/a	n/a	n/a	n/a
2865.896	0	1432948	standard_tone	sapo_probe	standard	n/a	n/a	n/a	n/a	n/a
2866.780	0	1433390	silence_end	sapo_probe	silence-end	n/a	n/a	n/a	n/a	n/a
2866.780	0	1433390	gong_begin	sapo_probe	gong-begin	n/a	n/a	n/a	n/a	n/a
2876.888	0	1438444	gong_end	sapo_probe	gong-end	n/a	n/a	n/a	n/a	n/a
2876.888	0	1438444	subblock_end	sapo_probe	subblock-end-duration-149.992	n/a	n/a	n/a	149.992	n/a
2876.890	0	1438445	subblock_begin	sapo_probe	subblock-begin	n/a	n/a	n/a	n/a	n/a
2876.890	0	1438445	silence_begin	sapo_probe	silence-begin	n/a	n/a	n/a	n/a	n/a
2876.904	0	1438452	oddball_tone	sapo_probe	oddball	n/a	n/a	n/a	n/a	n/a
2877.920	0	1438960	standard_tone	sapo_probe	standard	n/a	n/a	n/a	n/a	n/a
2878.936	0	1439468	standard_tone	sapo_probe	standard	n/a	n/a	n/a	n/a	n/a
2879.952	0	1439976	standard_tone	sapo_probe	standard	n/a	n/a	n/a	n/a	n/a
2880.968	0	1440484	standard_tone	sapo_probe	standard	n/a	n/a	n/a	n/a	n/a
2881.984	0	1440992	standard_tone	sapo_probe	standard	n/a	n/a	n/a	n/a	n/a
2883.000	0	1441500	standard_tone	sapo_probe	standard	n/a	n/a	n/a	n/a	n/a
2884.014	0	1442007	standard_tone	sapo_probe	standard	n/a	n/a	n/a	n/a	n/a
2885.030	0	1442515	oddball_tone	sapo_probe	oddball	n/a	n/a	n/a	n/a	n/a
2886.046	0	1443023	standard_tone	sapo_probe	standard	n/a	n/a	n/a	n/a	n/a
2887.062	0	1443531	standard_tone	sapo_probe	standard	n/a	n/a	n/a	n/a	n/a
2888.078	0	1444039	standard_tone	sapo_probe	standard	n/a	n/a	n/a	n/a	n/a
2889.094	0	1444547	standard_tone	sapo_probe	standard	n/a	n/a	n/a	n/a	n/a
2890.110	0	1445055	standard_tone	sapo_probe	standard	n/a	n/a	n/a	n/a	n/a
2891.108	0	1445554	standard_tone	sapo_probe	standard	n/a	n/a	n/a	n/a	n/a
2892.124	0	1446062	standard_tone	sapo_probe	standard	n/a	n/a	n/a	n/a	n/a
2893.142	0	1446571	standard_tone	sapo_probe	standard	n/a	n/a	n/a	n/a	n/a
2894.156	0	1447078	standard_tone	sapo_probe	standard	n/a	n/a	n/a	n/a	n/a
2895.174	0	1447587	standard_tone	sapo_probe	standard	n/a	n/a	n/a	n/a	n/a
2896.188	0	1448094	distractor_noise	sapo_probe	distractor	n/a	n/a	n/a	n/a	n/a
2897.188	0	1448594	standard_tone	sapo_probe	standard	n/a	n/a	n/a	n/a	n/a
2898.204	0	1449102	standard_tone	sapo_probe	standard	n/a	n/a	n/a	n/a	n/a
2899.220	0	1449610	standard_tone	sapo_probe	standard	n/a	n/a	n/a	n/a	n/a
2900.234	0	1450117	oddball_tone	sapo_probe	oddball	n/a	n/a	n/a	n/a	n/a
2901.234	0	1450617	standard_tone	sapo_probe	standard	n/a	n/a	n/a	n/a	n/a
2902.250	0	1451125	standard_tone	sapo_probe	standard	n/a	n/a	n/a	n/a	n/a
2903.266	0	1451633	standard_tone	sapo_probe	standard	n/a	n/a	n/a	n/a	n/a
2904.282	0	1452141	standard_tone	sapo_probe	standard	n/a	n/a	n/a	n/a	n/a
2905.298	0	1452649	oddball_tone	sapo_probe	oddball	n/a	n/a	n/a	n/a	n/a
2906.314	0	1453157	standard_tone	sapo_probe	standard	n/a	n/a	n/a	n/a	n/a
2907.328	0	1453664	standard_tone	sapo_probe	standard	n/a	n/a	n/a	n/a	n/a
2908.344	0	1454172	standard_tone	sapo_probe	standard	n/a	n/a	n/a	n/a	n/a
2909.362	0	1454681	standard_tone	sapo_probe	standard	n/a	n/a	n/a	n/a	n/a
2910.376	0	1455188	standard_tone	sapo_probe	standard	n/a	n/a	n/a	n/a	n/a
2911.392	0	1455696	standard_tone	sapo_probe	standard	n/a	n/a	n/a	n/a	n/a
2912.408	0	1456204	standard_tone	sapo_probe	standard	n/a	n/a	n/a	n/a	n/a
2913.424	0	1456712	standard_tone	sapo_probe	standard	n/a	n/a	n/a	n/a	n/a
2914.438	0	1457219	standard_tone	sapo_probe	standard	n/a	n/a	n/a	n/a	n/a
2915.438	0	1457719	oddball_tone	sapo_probe	oddball	n/a	n/a	n/a	n/a	n/a
2916.444	0	1458222	standard_tone	sapo_probe	standard	n/a	n/a	n/a	n/a	n/a
2917.454	0	1458727	standard_tone	sapo_probe	standard	n/a	n/a	n/a	n/a	n/a
2918.470	0	1459235	standard_tone	sapo_probe	standard	n/a	n/a	n/a	n/a	n/a
2919.486	0	1459743	standard_tone	sapo_probe	standard	n/a	n/a	n/a	n/a	n/a
2920.502	0	1460251	standard_tone	sapo_probe	standard	n/a	n/a	n/a	n/a	n/a
2921.500	0	1460750	standard_tone	sapo_probe	standard	n/a	n/a	n/a	n/a	n/a
2922.516	0	1461258	standard_tone	sapo_probe	standard	n/a	n/a	n/a	n/a	n/a
2923.532	0	1461766	distractor_noise	sapo_probe	distractor	n/a	n/a	n/a	n/a	n/a
2924.548	0	1462274	oddball_tone	sapo_probe	oddball	n/a	n/a	n/a	n/a	n/a
2925.564	0	1462782	distractor_noise	sapo_probe	distractor	n/a	n/a	n/a	n/a	n/a
2926.580	0	1463290	standard_tone	sapo_probe	standard	n/a	n/a	n/a	n/a	n/a
2927.580	0	1463790	oddball_tone	sapo_probe	oddball	n/a	n/a	n/a	n/a	n/a
2928.594	0	1464297	standard_tone	sapo_probe	standard	n/a	n/a	n/a	n/a	n/a
2929.610	0	1464805	distractor_noise	sapo_probe	distractor	n/a	n/a	n/a	n/a	n/a
2930.626	0	1465313	standard_tone	sapo_probe	standard	n/a	n/a	n/a	n/a	n/a
2931.626	0	1465813	standard_tone	sapo_probe	standard	n/a	n/a	n/a	n/a	n/a
2932.642	0	1466321	distractor_noise	sapo_probe	distractor	n/a	n/a	n/a	n/a	n/a
2933.658	0	1466829	standard_tone	sapo_probe	standard	n/a	n/a	n/a	n/a	n/a
2934.672	0	1467336	standard_tone	sapo_probe	standard	n/a	n/a	n/a	n/a	n/a
2935.688	0	1467844	standard_tone	sapo_probe	standard	n/a	n/a	n/a	n/a	n/a
2936.704	0	1468352	standard_tone	sapo_probe	standard	n/a	n/a	n/a	n/a	n/a
2937.720	0	1468860	standard_tone	sapo_probe	standard	n/a	n/a	n/a	n/a	n/a
2938.736	0	1469368	standard_tone	sapo_probe	standard	n/a	n/a	n/a	n/a	n/a
2939.752	0	1469876	standard_tone	sapo_probe	standard	n/a	n/a	n/a	n/a	n/a
2940.768	0	1470384	standard_tone	sapo_probe	standard	n/a	n/a	n/a	n/a	n/a
2941.784	0	1470892	standard_tone	sapo_probe	standard	n/a	n/a	n/a	n/a	n/a
2942.800	0	1471400	standard_tone	sapo_probe	standard	n/a	n/a	n/a	n/a	n/a
2943.816	0	1471908	distractor_noise	sapo_probe	distractor	n/a	n/a	n/a	n/a	n/a
2944.832	0	1472416	standard_tone	sapo_probe	standard	n/a	n/a	n/a	n/a	n/a
2945.846	0	1472923	oddball_tone	sapo_probe	oddball	n/a	n/a	n/a	n/a	n/a
2946.862	0	1473431	distractor_noise	sapo_probe	distractor	n/a	n/a	n/a	n/a	n/a
2947.878	0	1473939	standard_tone	sapo_probe	standard	n/a	n/a	n/a	n/a	n/a
2948.894	0	1474447	standard_tone	sapo_probe	standard	n/a	n/a	n/a	n/a	n/a
2949.894	0	1474947	distractor_noise	sapo_probe	distractor	n/a	n/a	n/a	n/a	n/a
2950.910	0	1475455	standard_tone	sapo_probe	standard	n/a	n/a	n/a	n/a	n/a
2951.926	0	1475963	distractor_noise	sapo_probe	distractor	n/a	n/a	n/a	n/a	n/a
2952.942	0	1476471	standard_tone	sapo_probe	standard	n/a	n/a	n/a	n/a	n/a
2953.956	0	1476978	standard_tone	sapo_probe	standard	n/a	n/a	n/a	n/a	n/a
2954.972	0	1477486	distractor_noise	sapo_probe	distractor	n/a	n/a	n/a	n/a	n/a
2955.972	0	1477986	standard_tone	sapo_probe	standard	n/a	n/a	n/a	n/a	n/a
2956.988	0	1478494	standard_tone	sapo_probe	standard	n/a	n/a	n/a	n/a	n/a
2958.004	0	1479002	standard_tone	sapo_probe	standard	n/a	n/a	n/a	n/a	n/a
2959.020	0	1479510	standard_tone	sapo_probe	standard	n/a	n/a	n/a	n/a	n/a
2960.036	0	1480018	standard_tone	sapo_probe	standard	n/a	n/a	n/a	n/a	n/a
2961.052	0	1480526	distractor_noise	sapo_probe	distractor	n/a	n/a	n/a	n/a	n/a
2962.066	0	1481033	standard_tone	sapo_probe	standard	n/a	n/a	n/a	n/a	n/a
2963.082	0	1481541	distractor_noise	sapo_probe	distractor	n/a	n/a	n/a	n/a	n/a
2964.082	0	1482041	standard_tone	sapo_probe	standard	n/a	n/a	n/a	n/a	n/a
2965.098	0	1482549	distractor_noise	sapo_probe	distractor	n/a	n/a	n/a	n/a	n/a
2966.114	0	1483057	oddball_tone	sapo_probe	oddball	n/a	n/a	n/a	n/a	n/a
2967.130	0	1483565	distractor_noise	sapo_probe	distractor	n/a	n/a	n/a	n/a	n/a
2968.146	0	1484073	standard_tone	sapo_probe	standard	n/a	n/a	n/a	n/a	n/a
2969.162	0	1484581	standard_tone	sapo_probe	standard	n/a	n/a	n/a	n/a	n/a
2970.176	0	1485088	standard_tone	sapo_probe	standard	n/a	n/a	n/a	n/a	n/a
2971.194	0	1485597	standard_tone	sapo_probe	standard	n/a	n/a	n/a	n/a	n/a
2972.208	0	1486104	standard_tone	sapo_probe	standard	n/a	n/a	n/a	n/a	n/a
2973.224	0	1486612	standard_tone	sapo_probe	standard	n/a	n/a	n/a	n/a	n/a
2974.240	0	1487120	standard_tone	sapo_probe	standard	n/a	n/a	n/a	n/a	n/a
2975.256	0	1487628	standard_tone	sapo_probe	standard	n/a	n/a	n/a	n/a	n/a
2976.256	0	1488128	oddball_tone	sapo_probe	oddball	n/a	n/a	n/a	n/a	n/a
2977.272	0	1488636	standard_tone	sapo_probe	standard	n/a	n/a	n/a	n/a	n/a
2978.286	0	1489143	standard_tone	sapo_probe	standard	n/a	n/a	n/a	n/a	n/a
2979.304	0	1489652	standard_tone	sapo_probe	standard	n/a	n/a	n/a	n/a	n/a
2980.318	0	1490159	distractor_noise	sapo_probe	distractor	n/a	n/a	n/a	n/a	n/a
2981.334	0	1490667	standard_tone	sapo_probe	standard	n/a	n/a	n/a	n/a	n/a
2982.350	0	1491175	standard_tone	sapo_probe	standard	n/a	n/a	n/a	n/a	n/a
2982.484	0	1491242	prompt_window_begin	sapo_probe	probe-sapo-probe-begin	n/a	n/a	n/a	n/a	n/a
2989.566	0	1494783	clicker_press	sapo_probe	response-received-arrow_up	n/a	n/a	n/a	n/a	arrow_up
2989.828	0	1494914	clicker_press	sapo_probe	response-received-arrow_up	n/a	n/a	n/a	n/a	arrow_up
2990.160	0	1495080	clicker_press	sapo_probe	response-received-arrow_up	n/a	n/a	n/a	n/a	arrow_up
2991.510	0	1495755	depth_rating	sapo_probe	rating-sapo-probe-meditation_depth-3	3	n/a	n/a	n/a	n/a
2998.870	0	1499435	clicker_press	sapo_probe	response-received-arrow_up	n/a	n/a	n/a	n/a	arrow_up
2999.204	0	1499602	clicker_press	sapo_probe	response-received-arrow_up	n/a	n/a	n/a	n/a	arrow_up
2999.502	0	1499751	clicker_press	sapo_probe	response-received-arrow_up	n/a	n/a	n/a	n/a	arrow_up
2999.868	0	1499934	clicker_press	sapo_probe	response-received-arrow_up	n/a	n/a	n/a	n/a	arrow_up
3000.202	0	1500101	clicker_press	sapo_probe	response-received-arrow_up	n/a	n/a	n/a	n/a	arrow_up
3001.668	0	1500834	confidence_rating	sapo_probe	rating-sapo-probe-confidence_depth-5	n/a	5	n/a	n/a	n/a
3005.098	0	1502549	prompt_window_end	sapo_probe	probe-sapo-probe-end	n/a	n/a	n/a	n/a	n/a
3005.114	0	1502557	oddball_tone	sapo_probe	oddball	n/a	n/a	n/a	n/a	n/a
3006.130	0	1503065	standard_tone	sapo_probe	standard	n/a	n/a	n/a	n/a	n/a
3007.146	0	1503573	oddball_tone	sapo_probe	oddball	n/a	n/a	n/a	n/a	n/a
3008.146	0	1504073	standard_tone	sapo_probe	standard	n/a	n/a	n/a	n/a	n/a
3009.162	0	1504581	distractor_noise	sapo_probe	distractor	n/a	n/a	n/a	n/a	n/a
3010.178	0	1505089	standard_tone	sapo_probe	standard	n/a	n/a	n/a	n/a	n/a
3011.192	0	1505596	standard_tone	sapo_probe	standard	n/a	n/a	n/a	n/a	n/a
3012.208	0	1506104	distractor_noise	sapo_probe	distractor	n/a	n/a	n/a	n/a	n/a
3013.224	0	1506612	standard_tone	sapo_probe	standard	n/a	n/a	n/a	n/a	n/a
3014.224	0	1507112	standard_tone	sapo_probe	standard	n/a	n/a	n/a	n/a	n/a
3015.238	0	1507619	oddball_tone	sapo_probe	oddball	n/a	n/a	n/a	n/a	n/a
3016.256	0	1508128	standard_tone	sapo_probe	standard	n/a	n/a	n/a	n/a	n/a
3017.272	0	1508636	oddball_tone	sapo_probe	oddball	n/a	n/a	n/a	n/a	n/a
3018.288	0	1509144	standard_tone	sapo_probe	standard	n/a	n/a	n/a	n/a	n/a
3019.286	0	1509643	silence_end	sapo_probe	silence-end	n/a	n/a	n/a	n/a	n/a
3019.286	0	1509643	gong_begin	sapo_probe	gong-begin	n/a	n/a	n/a	n/a	n/a
3029.478	0	1514739	gong_end	sapo_probe	gong-end	n/a	n/a	n/a	n/a	n/a
3029.478	0	1514739	subblock_end	sapo_probe	subblock-end-duration-152.589	n/a	n/a	n/a	152.589	n/a
3029.478	0	1514739	subblock_begin	sapo_probe	subblock-begin	n/a	n/a	n/a	n/a	n/a
3029.478	0	1514739	silence_begin	sapo_probe	silence-begin	n/a	n/a	n/a	n/a	n/a
3029.494	0	1514747	standard_tone	sapo_probe	standard	n/a	n/a	n/a	n/a	n/a
3030.510	0	1515255	oddball_tone	sapo_probe	oddball	n/a	n/a	n/a	n/a	n/a
3031.526	0	1515763	distractor_noise	sapo_probe	distractor	n/a	n/a	n/a	n/a	n/a
3032.526	0	1516263	standard_tone	sapo_probe	standard	n/a	n/a	n/a	n/a	n/a
3033.540	0	1516770	standard_tone	sapo_probe	standard	n/a	n/a	n/a	n/a	n/a
3034.540	0	1517270	standard_tone	sapo_probe	standard	n/a	n/a	n/a	n/a	n/a
3035.556	0	1517778	standard_tone	sapo_probe	standard	n/a	n/a	n/a	n/a	n/a
3036.572	0	1518286	standard_tone	sapo_probe	standard	n/a	n/a	n/a	n/a	n/a
3037.572	0	1518786	standard_tone	sapo_probe	standard	n/a	n/a	n/a	n/a	n/a
3038.586	0	1519293	standard_tone	sapo_probe	standard	n/a	n/a	n/a	n/a	n/a
3039.602	0	1519801	distractor_noise	sapo_probe	distractor	n/a	n/a	n/a	n/a	n/a
3040.618	0	1520309	standard_tone	sapo_probe	standard	n/a	n/a	n/a	n/a	n/a
3041.634	0	1520817	standard_tone	sapo_probe	standard	n/a	n/a	n/a	n/a	n/a
3042.650	0	1521325	standard_tone	sapo_probe	standard	n/a	n/a	n/a	n/a	n/a
3043.666	0	1521833	distractor_noise	sapo_probe	distractor	n/a	n/a	n/a	n/a	n/a
3044.682	0	1522341	standard_tone	sapo_probe	standard	n/a	n/a	n/a	n/a	n/a
3045.698	0	1522849	standard_tone	sapo_probe	standard	n/a	n/a	n/a	n/a	n/a
3046.714	0	1523357	standard_tone	sapo_probe	standard	n/a	n/a	n/a	n/a	n/a
3047.730	0	1523865	standard_tone	sapo_probe	standard	n/a	n/a	n/a	n/a	n/a
3048.746	0	1524373	distractor_noise	sapo_probe	distractor	n/a	n/a	n/a	n/a	n/a
3049.762	0	1524881	oddball_tone	sapo_probe	oddball	n/a	n/a	n/a	n/a	n/a
3050.776	0	1525388	standard_tone	sapo_probe	standard	n/a	n/a	n/a	n/a	n/a
3051.792	0	1525896	oddball_tone	sapo_probe	oddball	n/a	n/a	n/a	n/a	n/a
3052.810	0	1526405	standard_tone	sapo_probe	standard	n/a	n/a	n/a	n/a	n/a
3053.824	0	1526912	standard_tone	sapo_probe	standard	n/a	n/a	n/a	n/a	n/a
3054.840	0	1527420	standard_tone	sapo_probe	standard	n/a	n/a	n/a	n/a	n/a
3055.856	0	1527928	standard_tone	sapo_probe	standard	n/a	n/a	n/a	n/a	n/a
3056.872	0	1528436	distractor_noise	sapo_probe	distractor	n/a	n/a	n/a	n/a	n/a
3057.888	0	1528944	oddball_tone	sapo_probe	oddball	n/a	n/a	n/a	n/a	n/a
3058.904	0	1529452	standard_tone	sapo_probe	standard	n/a	n/a	n/a	n/a	n/a
3059.920	0	1529960	oddball_tone	sapo_probe	oddball	n/a	n/a	n/a	n/a	n/a
3060.934	0	1530467	standard_tone	sapo_probe	standard	n/a	n/a	n/a	n/a	n/a
3061.950	0	1530975	oddball_tone	sapo_probe	oddball	n/a	n/a	n/a	n/a	n/a
3062.966	0	1531483	standard_tone	sapo_probe	standard	n/a	n/a	n/a	n/a	n/a
3063.982	0	1531991	oddball_tone	sapo_probe	oddball	n/a	n/a	n/a	n/a	n/a
3064.998	0	1532499	distractor_noise	sapo_probe	distractor	n/a	n/a	n/a	n/a	n/a
3066.014	0	1533007	standard_tone	sapo_probe	standard	n/a	n/a	n/a	n/a	n/a
3067.030	0	1533515	standard_tone	sapo_probe	standard	n/a	n/a	n/a	n/a	n/a
3068.030	0	1534015	distractor_noise	sapo_probe	distractor	n/a	n/a	n/a	n/a	n/a
3069.046	0	1534523	standard_tone	sapo_probe	standard	n/a	n/a	n/a	n/a	n/a
3070.044	0	1535022	standard_tone	sapo_probe	standard	n/a	n/a	n/a	n/a	n/a
3071.060	0	1535530	oddball_tone	sapo_probe	oddball	n/a	n/a	n/a	n/a	n/a
3072.076	0	1536038	standard_tone	sapo_probe	standard	n/a	n/a	n/a	n/a	n/a
3073.092	0	1536546	standard_tone	sapo_probe	standard	n/a	n/a	n/a	n/a	n/a
3074.108	0	1537054	standard_tone	sapo_probe	standard	n/a	n/a	n/a	n/a	n/a
3075.124	0	1537562	standard_tone	sapo_probe	standard	n/a	n/a	n/a	n/a	n/a
3076.140	0	1538070	standard_tone	sapo_probe	standard	n/a	n/a	n/a	n/a	n/a
3077.154	0	1538577	oddball_tone	sapo_probe	oddball	n/a	n/a	n/a	n/a	n/a
3078.170	0	1539085	standard_tone	sapo_probe	standard	n/a	n/a	n/a	n/a	n/a
3079.186	0	1539593	standard_tone	sapo_probe	standard	n/a	n/a	n/a	n/a	n/a
3080.202	0	1540101	standard_tone	sapo_probe	standard	n/a	n/a	n/a	n/a	n/a
3081.218	0	1540609	distractor_noise	sapo_probe	distractor	n/a	n/a	n/a	n/a	n/a
3082.234	0	1541117	standard_tone	sapo_probe	standard	n/a	n/a	n/a	n/a	n/a
3083.250	0	1541625	standard_tone	sapo_probe	standard	n/a	n/a	n/a	n/a	n/a
3084.266	0	1542133	standard_tone	sapo_probe	standard	n/a	n/a	n/a	n/a	n/a
3085.282	0	1542641	standard_tone	sapo_probe	standard	n/a	n/a	n/a	n/a	n/a
3086.298	0	1543149	standard_tone	sapo_probe	standard	n/a	n/a	n/a	n/a	n/a
3087.300	0	1543650	standard_tone	sapo_probe	standard	n/a	n/a	n/a	n/a	n/a
3088.312	0	1544156	standard_tone	sapo_probe	standard	n/a	n/a	n/a	n/a	n/a
3089.328	0	1544664	standard_tone	sapo_probe	standard	n/a	n/a	n/a	n/a	n/a
3090.344	0	1545172	standard_tone	sapo_probe	standard	n/a	n/a	n/a	n/a	n/a
3091.360	0	1545680	standard_tone	sapo_probe	standard	n/a	n/a	n/a	n/a	n/a
3092.376	0	1546188	standard_tone	sapo_probe	standard	n/a	n/a	n/a	n/a	n/a
3093.392	0	1546696	oddball_tone	sapo_probe	oddball	n/a	n/a	n/a	n/a	n/a
3094.408	0	1547204	standard_tone	sapo_probe	standard	n/a	n/a	n/a	n/a	n/a
3095.424	0	1547712	standard_tone	sapo_probe	standard	n/a	n/a	n/a	n/a	n/a
3096.440	0	1548220	standard_tone	sapo_probe	standard	n/a	n/a	n/a	n/a	n/a
3097.438	0	1548719	oddball_tone	sapo_probe	oddball	n/a	n/a	n/a	n/a	n/a
3098.454	0	1549227	standard_tone	sapo_probe	standard	n/a	n/a	n/a	n/a	n/a
3099.470	0	1549735	standard_tone	sapo_probe	standard	n/a	n/a	n/a	n/a	n/a
3100.486	0	1550243	standard_tone	sapo_probe	standard	n/a	n/a	n/a	n/a	n/a
3101.502	0	1550751	standard_tone	sapo_probe	standard	n/a	n/a	n/a	n/a	n/a
3102.518	0	1551259	distractor_noise	sapo_probe	distractor	n/a	n/a	n/a	n/a	n/a
3103.532	0	1551766	standard_tone	sapo_probe	standard	n/a	n/a	n/a	n/a	n/a
3104.550	0	1552275	standard_tone	sapo_probe	standard	n/a	n/a	n/a	n/a	n/a
3105.566	0	1552783	distractor_noise	sapo_probe	distractor	n/a	n/a	n/a	n/a	n/a
3106.580	0	1553290	standard_tone	sapo_probe	standard	n/a	n/a	n/a	n/a	n/a
3107.596	0	1553798	standard_tone	sapo_probe	standard	n/a	n/a	n/a	n/a	n/a
3108.612	0	1554306	standard_tone	sapo_probe	standard	n/a	n/a	n/a	n/a	n/a
3109.628	0	1554814	standard_tone	sapo_probe	standard	n/a	n/a	n/a	n/a	n/a
3110.644	0	1555322	standard_tone	sapo_probe	standard	n/a	n/a	n/a	n/a	n/a
3111.644	0	1555822	standard_tone	sapo_probe	standard	n/a	n/a	n/a	n/a	n/a
3112.660	0	1556330	standard_tone	sapo_probe	standard	n/a	n/a	n/a	n/a	n/a
3113.674	0	1556837	standard_tone	sapo_probe	standard	n/a	n/a	n/a	n/a	n/a
3114.690	0	1557345	distractor_noise	sapo_probe	distractor	n/a	n/a	n/a	n/a	n/a
3115.706	0	1557853	standard_tone	sapo_probe	standard	n/a	n/a	n/a	n/a	n/a
3116.706	0	1558353	standard_tone	sapo_probe	standard	n/a	n/a	n/a	n/a	n/a
3117.722	0	1558861	distractor_noise	sapo_probe	distractor	n/a	n/a	n/a	n/a	n/a
3118.736	0	1559368	standard_tone	sapo_probe	standard	n/a	n/a	n/a	n/a	n/a
3119.754	0	1559877	standard_tone	sapo_probe	standard	n/a	n/a	n/a	n/a	n/a
3120.770	0	1560385	standard_tone	sapo_probe	standard	n/a	n/a	n/a	n/a	n/a
3121.786	0	1560893	standard_tone	sapo_probe	standard	n/a	n/a	n/a	n/a	n/a
3122.800	0	1561400	standard_tone	sapo_probe	standard	n/a	n/a	n/a	n/a	n/a
3123.816	0	1561908	standard_tone	sapo_probe	standard	n/a	n/a	n/a	n/a	n/a
3124.832	0	1562416	standard_tone	sapo_probe	standard	n/a	n/a	n/a	n/a	n/a
3125.848	0	1562924	standard_tone	sapo_probe	standard	n/a	n/a	n/a	n/a	n/a
3126.864	0	1563432	distractor_noise	sapo_probe	distractor	n/a	n/a	n/a	n/a	n/a
3127.880	0	1563940	standard_tone	sapo_probe	standard	n/a	n/a	n/a	n/a	n/a
3128.896	0	1564448	standard_tone	sapo_probe	standard	n/a	n/a	n/a	n/a	n/a
3129.546	0	1564773	silence_end	sapo_probe	silence-end	n/a	n/a	n/a	n/a	n/a
3129.546	0	1564773	gong_begin	sapo_probe	gong-begin	n/a	n/a	n/a	n/a	n/a
3139.620	0	1569810	gong_end	sapo_probe	gong-end	n/a	n/a	n/a	n/a	n/a
3139.622	0	1569811	subblock_end	sapo_probe	subblock-end-duration-110.144	n/a	n/a	n/a	110.144	n/a
3139.622	0	1569811	subblock_begin	sapo_probe	subblock-begin	n/a	n/a	n/a	n/a	n/a
3139.624	0	1569812	silence_begin	sapo_probe	silence-begin	n/a	n/a	n/a	n/a	n/a
3139.624	0	1569812	standard_tone	sapo_probe	standard	n/a	n/a	n/a	n/a	n/a
3140.636	0	1570318	distractor_noise	sapo_probe	distractor	n/a	n/a	n/a	n/a	n/a
3141.652	0	1570826	standard_tone	sapo_probe	standard	n/a	n/a	n/a	n/a	n/a
3142.668	0	1571334	standard_tone	sapo_probe	standard	n/a	n/a	n/a	n/a	n/a
3143.684	0	1571842	standard_tone	sapo_probe	standard	n/a	n/a	n/a	n/a	n/a
3144.700	0	1572350	standard_tone	sapo_probe	standard	n/a	n/a	n/a	n/a	n/a
3145.714	0	1572857	standard_tone	sapo_probe	standard	n/a	n/a	n/a	n/a	n/a
3146.730	0	1573365	distractor_noise	sapo_probe	distractor	n/a	n/a	n/a	n/a	n/a
3147.746	0	1573873	standard_tone	sapo_probe	standard	n/a	n/a	n/a	n/a	n/a
3148.762	0	1574381	standard_tone	sapo_probe	standard	n/a	n/a	n/a	n/a	n/a
3149.778	0	1574889	standard_tone	sapo_probe	standard	n/a	n/a	n/a	n/a	n/a
3150.794	0	1575397	standard_tone	sapo_probe	standard	n/a	n/a	n/a	n/a	n/a
3151.810	0	1575905	standard_tone	sapo_probe	standard	n/a	n/a	n/a	n/a	n/a
3152.826	0	1576413	standard_tone	sapo_probe	standard	n/a	n/a	n/a	n/a	n/a
3153.842	0	1576921	standard_tone	sapo_probe	standard	n/a	n/a	n/a	n/a	n/a
3154.858	0	1577429	standard_tone	sapo_probe	standard	n/a	n/a	n/a	n/a	n/a
3155.874	0	1577937	standard_tone	sapo_probe	standard	n/a	n/a	n/a	n/a	n/a
3156.872	0	1578436	standard_tone	sapo_probe	standard	n/a	n/a	n/a	n/a	n/a
3157.888	0	1578944	standard_tone	sapo_probe	standard	n/a	n/a	n/a	n/a	n/a
3158.904	0	1579452	standard_tone	sapo_probe	standard	n/a	n/a	n/a	n/a	n/a
3159.902	0	1579951	distractor_noise	sapo_probe	distractor	n/a	n/a	n/a	n/a	n/a
3160.918	0	1580459	standard_tone	sapo_probe	standard	n/a	n/a	n/a	n/a	n/a
3161.934	0	1580967	standard_tone	sapo_probe	standard	n/a	n/a	n/a	n/a	n/a
3162.950	0	1581475	standard_tone	sapo_probe	standard	n/a	n/a	n/a	n/a	n/a
3163.966	0	1581983	standard_tone	sapo_probe	standard	n/a	n/a	n/a	n/a	n/a
3164.982	0	1582491	standard_tone	sapo_probe	standard	n/a	n/a	n/a	n/a	n/a
3165.998	0	1582999	standard_tone	sapo_probe	standard	n/a	n/a	n/a	n/a	n/a
3167.014	0	1583507	standard_tone	sapo_probe	standard	n/a	n/a	n/a	n/a	n/a
3168.030	0	1584015	standard_tone	sapo_probe	standard	n/a	n/a	n/a	n/a	n/a
3169.046	0	1584523	standard_tone	sapo_probe	standard	n/a	n/a	n/a	n/a	n/a
3170.062	0	1585031	standard_tone	sapo_probe	standard	n/a	n/a	n/a	n/a	n/a
3171.076	0	1585538	standard_tone	sapo_probe	standard	n/a	n/a	n/a	n/a	n/a
3172.092	0	1586046	standard_tone	sapo_probe	standard	n/a	n/a	n/a	n/a	n/a
3173.110	0	1586555	standard_tone	sapo_probe	standard	n/a	n/a	n/a	n/a	n/a
3174.124	0	1587062	standard_tone	sapo_probe	standard	n/a	n/a	n/a	n/a	n/a
3175.142	0	1587571	distractor_noise	sapo_probe	distractor	n/a	n/a	n/a	n/a	n/a
3176.156	0	1588078	oddball_tone	sapo_probe	oddball	n/a	n/a	n/a	n/a	n/a
3177.172	0	1588586	standard_tone	sapo_probe	standard	n/a	n/a	n/a	n/a	n/a
3178.188	0	1589094	standard_tone	sapo_probe	standard	n/a	n/a	n/a	n/a	n/a
3179.204	0	1589602	distractor_noise	sapo_probe	distractor	n/a	n/a	n/a	n/a	n/a
3180.220	0	1590110	standard_tone	sapo_probe	standard	n/a	n/a	n/a	n/a	n/a
3181.236	0	1590618	oddball_tone	sapo_probe	oddball	n/a	n/a	n/a	n/a	n/a
3182.252	0	1591126	standard_tone	sapo_probe	standard	n/a	n/a	n/a	n/a	n/a
3183.268	0	1591634	standard_tone	sapo_probe	standard	n/a	n/a	n/a	n/a	n/a
3184.282	0	1592141	distractor_noise	sapo_probe	distractor	n/a	n/a	n/a	n/a	n/a
3185.298	0	1592649	standard_tone	sapo_probe	standard	n/a	n/a	n/a	n/a	n/a
3186.314	0	1593157	standard_tone	sapo_probe	standard	n/a	n/a	n/a	n/a	n/a
3187.330	0	1593665	standard_tone	sapo_probe	standard	n/a	n/a	n/a	n/a	n/a
3188.346	0	1594173	standard_tone	sapo_probe	standard	n/a	n/a	n/a	n/a	n/a
3189.362	0	1594681	standard_tone	sapo_probe	standard	n/a	n/a	n/a	n/a	n/a
3190.378	0	1595189	standard_tone	sapo_probe	standard	n/a	n/a	n/a	n/a	n/a
3191.394	0	1595697	distractor_noise	sapo_probe	distractor	n/a	n/a	n/a	n/a	n/a
3192.410	0	1596205	standard_tone	sapo_probe	standard	n/a	n/a	n/a	n/a	n/a
3193.410	0	1596705	oddball_tone	sapo_probe	oddball	n/a	n/a	n/a	n/a	n/a
3194.424	0	1597212	standard_tone	sapo_probe	standard	n/a	n/a	n/a	n/a	n/a
3195.440	0	1597720	standard_tone	sapo_probe	standard	n/a	n/a	n/a	n/a	n/a
3196.440	0	1598220	standard_tone	sapo_probe	standard	n/a	n/a	n/a	n/a	n/a
3197.456	0	1598728	standard_tone	sapo_probe	standard	n/a	n/a	n/a	n/a	n/a
3198.470	0	1599235	standard_tone	sapo_probe	standard	n/a	n/a	n/a	n/a	n/a
3199.488	0	1599744	standard_tone	sapo_probe	standard	n/a	n/a	n/a	n/a	n/a
3200.502	0	1600251	distractor_noise	sapo_probe	distractor	n/a	n/a	n/a	n/a	n/a
3201.518	0	1600759	standard_tone	sapo_probe	standard	n/a	n/a	n/a	n/a	n/a
3202.534	0	1601267	standard_tone	sapo_probe	standard	n/a	n/a	n/a	n/a	n/a
3203.550	0	1601775	standard_tone	sapo_probe	standard	n/a	n/a	n/a	n/a	n/a
3204.566	0	1602283	standard_tone	sapo_probe	standard	n/a	n/a	n/a	n/a	n/a
3205.582	0	1602791	standard_tone	sapo_probe	standard	n/a	n/a	n/a	n/a	n/a
3206.598	0	1603299	standard_tone	sapo_probe	standard	n/a	n/a	n/a	n/a	n/a
3207.614	0	1603807	standard_tone	sapo_probe	standard	n/a	n/a	n/a	n/a	n/a
3208.630	0	1604315	standard_tone	sapo_probe	standard	n/a	n/a	n/a	n/a	n/a
3209.646	0	1604823	standard_tone	sapo_probe	standard	n/a	n/a	n/a	n/a	n/a
3210.660	0	1605330	standard_tone	sapo_probe	standard	n/a	n/a	n/a	n/a	n/a
3211.676	0	1605838	distractor_noise	sapo_probe	distractor	n/a	n/a	n/a	n/a	n/a
3212.692	0	1606346	standard_tone	sapo_probe	standard	n/a	n/a	n/a	n/a	n/a
3213.692	0	1606846	distractor_noise	sapo_probe	distractor	n/a	n/a	n/a	n/a	n/a
3214.708	0	1607354	oddball_tone	sapo_probe	oddball	n/a	n/a	n/a	n/a	n/a
3215.724	0	1607862	standard_tone	sapo_probe	standard	n/a	n/a	n/a	n/a	n/a
3216.740	0	1608370	standard_tone	sapo_probe	standard	n/a	n/a	n/a	n/a	n/a
3217.738	0	1608869	oddball_tone	sapo_probe	oddball	n/a	n/a	n/a	n/a	n/a
3218.754	0	1609377	standard_tone	sapo_probe	standard	n/a	n/a	n/a	n/a	n/a
3219.770	0	1609885	oddball_tone	sapo_probe	oddball	n/a	n/a	n/a	n/a	n/a
3220.786	0	1610393	standard_tone	sapo_probe	standard	n/a	n/a	n/a	n/a	n/a
3221.802	0	1610901	standard_tone	sapo_probe	standard	n/a	n/a	n/a	n/a	n/a
3222.818	0	1611409	oddball_tone	sapo_probe	oddball	n/a	n/a	n/a	n/a	n/a
3223.834	0	1611917	standard_tone	sapo_probe	standard	n/a	n/a	n/a	n/a	n/a
3224.850	0	1612425	distractor_noise	sapo_probe	distractor	n/a	n/a	n/a	n/a	n/a
3225.848	0	1612924	standard_tone	sapo_probe	standard	n/a	n/a	n/a	n/a	n/a
3226.864	0	1613432	standard_tone	sapo_probe	standard	n/a	n/a	n/a	n/a	n/a
3227.880	0	1613940	standard_tone	sapo_probe	standard	n/a	n/a	n/a	n/a	n/a
3228.896	0	1614448	standard_tone	sapo_probe	standard	n/a	n/a	n/a	n/a	n/a
3229.912	0	1614956	standard_tone	sapo_probe	standard	n/a	n/a	n/a	n/a	n/a
3230.928	0	1615464	standard_tone	sapo_probe	standard	n/a	n/a	n/a	n/a	n/a
3231.944	0	1615972	oddball_tone	sapo_probe	oddball	n/a	n/a	n/a	n/a	n/a
3232.960	0	1616480	standard_tone	sapo_probe	standard	n/a	n/a	n/a	n/a	n/a
3233.976	0	1616988	standard_tone	sapo_probe	standard	n/a	n/a	n/a	n/a	n/a
3234.990	0	1617495	standard_tone	sapo_probe	standard	n/a	n/a	n/a	n/a	n/a
3236.006	0	1618003	distractor_noise	sapo_probe	distractor	n/a	n/a	n/a	n/a	n/a
3236.290	0	1618145	sapo_probe_end	sapo_probe	block-sapo-probe-end	n/a	n/a	n/a	n/a	n/a
3236.290	0	1618145	block_duration	sapo_probe	block-sapo-probe-duration-2100	n/a	n/a	n/a	2100.000	n/a
3236.292	0	1618146	prompt_window_begin	sapo_probe	probe-sapo-probe-begin	n/a	n/a	n/a	n/a	n/a
3242.706	0	1621353	clicker_press	n/a	response-received-arrow_up	n/a	n/a	n/a	n/a	arrow_up
3242.984	0	1621492	clicker_press	n/a	response-received-arrow_up	n/a	n/a	n/a	n/a	arrow_up
3243.300	0	1621650	clicker_press	n/a	response-received-arrow_up	n/a	n/a	n/a	n/a	arrow_up
3245.350	0	1622675	depth_rating	sapo_probe	rating-sapo-probe-meditation_depth-3	3	n/a	n/a	n/a	n/a
3251.644	0	1625822	clicker_press	n/a	response-received-arrow_up	n/a	n/a	n/a	n/a	arrow_up
3251.928	0	1625964	clicker_press	n/a	response-received-arrow_up	n/a	n/a	n/a	n/a	arrow_up
3252.228	0	1626114	clicker_press	n/a	response-received-arrow_up	n/a	n/a	n/a	n/a	arrow_up
3252.494	0	1626247	clicker_press	n/a	response-received-arrow_up	n/a	n/a	n/a	n/a	arrow_up
3252.810	0	1626405	clicker_press	n/a	response-received-arrow_up	n/a	n/a	n/a	n/a	arrow_up
3255.458	0	1627729	confidence_rating	sapo_probe	rating-sapo-probe-confidence_depth-5	n/a	5	n/a	n/a	n/a
3256.474	0	1628237	prompt_window_end	sapo_probe	probe-sapo-probe-end	n/a	n/a	n/a	n/a	n/a
3256.474	0	1628237	break_begin	break	break-begin	n/a	n/a	n/a	n/a	n/a
3467.580	0	1733790	clicker_press	break	response-received-enter	n/a	n/a	n/a	n/a	enter
3467.598	0	1733799	break_end	break	break-end	n/a	n/a	n/a	n/a	n/a
3558.696	0	1779348	clicker_press	n/a	response-received-arrow_up	n/a	n/a	n/a	n/a	arrow_up
3558.722	0	1779361	active_oddball_begin	active_oddball	active-oddball-begin	n/a	n/a	n/a	n/a	n/a
3558.724	0	1779362	standard_tone	active_oddball	standard	n/a	n/a	n/a	n/a	n/a
3559.940	0	1779970	standard_tone	active_oddball	standard	n/a	n/a	n/a	n/a	n/a
3560.988	0	1780494	oddball_tone	active_oddball	oddball	n/a	n/a	n/a	n/a	n/a
3562.036	0	1781018	standard_tone	active_oddball	standard	n/a	n/a	n/a	n/a	n/a
3562.104	0	1781052	clicker_press	active_oddball	response-received-arrow_up	n/a	n/a	n/a	n/a	arrow_up
3562.270	0	1781135	oddball_response	active_oddball	active-oddball-button-press-60ms	n/a	n/a	0.060	n/a	n/a
3563.086	0	1781543	distractor_noise	active_oddball	distractor	n/a	n/a	n/a	n/a	n/a
3564.102	0	1782051	standard_tone	active_oddball	standard	n/a	n/a	n/a	n/a	n/a
3565.134	0	1782567	standard_tone	active_oddball	standard	n/a	n/a	n/a	n/a	n/a
3566.150	0	1783075	standard_tone	active_oddball	standard	n/a	n/a	n/a	n/a	n/a
3567.166	0	1783583	standard_tone	active_oddball	standard	n/a	n/a	n/a	n/a	n/a
3568.216	0	1784108	standard_tone	active_oddball	standard	n/a	n/a	n/a	n/a	n/a
3569.232	0	1784616	standard_tone	active_oddball	standard	n/a	n/a	n/a	n/a	n/a
3570.264	0	1785132	standard_tone	active_oddball	standard	n/a	n/a	n/a	n/a	n/a
3571.312	0	1785656	standard_tone	active_oddball	standard	n/a	n/a	n/a	n/a	n/a
3572.360	0	1786180	standard_tone	active_oddball	standard	n/a	n/a	n/a	n/a	n/a
3573.494	0	1786747	oddball_tone	active_oddball	oddball	n/a	n/a	n/a	n/a	n/a
3574.278	0	1787139	clicker_press	active_oddball	response-received-arrow_up	n/a	n/a	n/a	n/a	arrow_up
3574.326	0	1787163	oddball_response	active_oddball	active-oddball-button-press-776ms	n/a	n/a	0.776	n/a	n/a
3574.510	0	1787255	standard_tone	active_oddball	standard	n/a	n/a	n/a	n/a	n/a
3575.558	0	1787779	standard_tone	active_oddball	standard	n/a	n/a	n/a	n/a	n/a
3576.592	0	1788296	standard_tone	active_oddball	standard	n/a	n/a	n/a	n/a	n/a
3577.624	0	1788812	standard_tone	active_oddball	standard	n/a	n/a	n/a	n/a	n/a
3578.724	0	1789362	distractor_noise	active_oddball	distractor	n/a	n/a	n/a	n/a	n/a
3579.756	0	1789878	standard_tone	active_oddball	standard	n/a	n/a	n/a	n/a	n/a
3580.822	0	1790411	standard_tone	active_oddball	standard	n/a	n/a	n/a	n/a	n/a
3581.838	0	1790919	standard_tone	active_oddball	standard	n/a	n/a	n/a	n/a	n/a
3582.854	0	1791427	standard_tone	active_oddball	standard	n/a	n/a	n/a	n/a	n/a
3583.902	0	1791951	standard_tone	active_oddball	standard	n/a	n/a	n/a	n/a	n/a
3584.952	0	1792476	standard_tone	active_oddball	standard	n/a	n/a	n/a	n/a	n/a
3585.984	0	1792992	distractor_noise	active_oddball	distractor	n/a	n/a	n/a	n/a	n/a
3587.100	0	1793550	standard_tone	active_oddball	standard	n/a	n/a	n/a	n/a	n/a
3588.266	0	1794133	standard_tone	active_oddball	standard	n/a	n/a	n/a	n/a	n/a
3589.280	0	1794640	standard_tone	active_oddball	standard	n/a	n/a	n/a	n/a	n/a
3590.330	0	1795165	oddball_tone	active_oddball	oddball	n/a	n/a	n/a	n/a	n/a
3591.346	0	1795673	standard_tone	active_oddball	standard	n/a	n/a	n/a	n/a	n/a
3591.362	0	1795681	clicker_press	active_oddball	response-received-arrow_up	n/a	n/a	n/a	n/a	arrow_up
3591.412	0	1795706	oddball_response	active_oddball	active-oddball-button-press-10ms	n/a	n/a	0.010	n/a	n/a
3592.428	0	1796214	distractor_noise	active_oddball	distractor	n/a	n/a	n/a	n/a	n/a
3593.628	0	1796814	standard_tone	active_oddball	standard	n/a	n/a	n/a	n/a	n/a
3594.644	0	1797322	standard_tone	active_oddball	standard	n/a	n/a	n/a	n/a	n/a
3595.660	0	1797830	oddball_tone	active_oddball	oddball	n/a	n/a	n/a	n/a	n/a
3596.492	0	1798246	clicker_press	active_oddball	response-received-arrow_up	n/a	n/a	n/a	n/a	arrow_up
3596.608	0	1798304	oddball_response	active_oddball	active-oddball-button-press-827ms	n/a	n/a	0.827	n/a	n/a
3596.676	0	1798338	standard_tone	active_oddball	standard	n/a	n/a	n/a	n/a	n/a
3597.724	0	1798862	standard_tone	active_oddball	standard	n/a	n/a	n/a	n/a	n/a
3598.790	0	1799395	standard_tone	active_oddball	standard	n/a	n/a	n/a	n/a	n/a
3599.874	0	1799937	standard_tone	active_oddball	standard	n/a	n/a	n/a	n/a	n/a
3600.972	0	1800486	standard_tone	active_oddball	standard	n/a	n/a	n/a	n/a	n/a
3601.988	0	1800994	standard_tone	active_oddball	standard	n/a	n/a	n/a	n/a	n/a
3603.086	0	1801543	standard_tone	active_oddball	standard	n/a	n/a	n/a	n/a	n/a
3604.168	0	1802084	distractor_noise	active_oddball	distractor	n/a	n/a	n/a	n/a	n/a
3605.202	0	1802601	standard_tone	active_oddball	standard	n/a	n/a	n/a	n/a	n/a
3606.268	0	1803134	standard_tone	active_oddball	standard	n/a	n/a	n/a	n/a	n/a
3607.366	0	1803683	oddball_tone	active_oddball	oddball	n/a	n/a	n/a	n/a	n/a
3608.132	0	1804066	clicker_press	active_oddball	response-received-arrow_up	n/a	n/a	n/a	n/a	arrow_up
3608.266	0	1804133	oddball_response	active_oddball	active-oddball-button-press-760ms	n/a	n/a	0.760	n/a	n/a
3608.598	0	1804299	standard_tone	active_oddball	standard	n/a	n/a	n/a	n/a	n/a
3609.832	0	1804916	standard_tone	active_oddball	standard	n/a	n/a	n/a	n/a	n/a
3610.898	0	1805449	standard_tone	active_oddball	standard	n/a	n/a	n/a	n/a	n/a
3611.946	0	1805973	standard_tone	active_oddball	standard	n/a	n/a	n/a	n/a	n/a
3613.044	0	1806522	standard_tone	active_oddball	standard	n/a	n/a	n/a	n/a	n/a
3614.060	0	1807030	standard_tone	active_oddball	standard	n/a	n/a	n/a	n/a	n/a
3615.110	0	1807555	standard_tone	active_oddball	standard	n/a	n/a	n/a	n/a	n/a
3616.242	0	1808121	standard_tone	active_oddball	standard	n/a	n/a	n/a	n/a	n/a
3617.258	0	1808629	oddball_tone	active_oddball	oddball	n/a	n/a	n/a	n/a	n/a
3618.274	0	1809137	standard_tone	active_oddball	standard	n/a	n/a	n/a	n/a	n/a
3618.308	0	1809154	clicker_press	active_oddball	response-received-arrow_up	n/a	n/a	n/a	n/a	arrow_up
3618.324	0	1809162	oddball_response	active_oddball	active-oddball-button-press-27ms	n/a	n/a	0.027	n/a	n/a
3619.290	0	1809645	standard_tone	active_oddball	standard	n/a	n/a	n/a	n/a	n/a
3620.322	0	1810161	distractor_noise	active_oddball	distractor	n/a	n/a	n/a	n/a	n/a
3621.372	0	1810686	standard_tone	active_oddball	standard	n/a	n/a	n/a	n/a	n/a
3622.436	0	1811218	standard_tone	active_oddball	standard	n/a	n/a	n/a	n/a	n/a
3623.504	0	1811752	standard_tone	active_oddball	standard	n/a	n/a	n/a	n/a	n/a
3624.570	0	1812285	standard_tone	active_oddball	standard	n/a	n/a	n/a	n/a	n/a
3625.868	0	1812934	standard_tone	active_oddball	standard	n/a	n/a	n/a	n/a	n/a
3626.966	0	1813483	standard_tone	active_oddball	standard	n/a	n/a	n/a	n/a	n/a
3627.982	0	1813991	standard_tone	active_oddball	standard	n/a	n/a	n/a	n/a	n/a
3629.016	0	1814508	distractor_noise	active_oddball	distractor	n/a	n/a	n/a	n/a	n/a
3630.030	0	1815015	oddball_tone	active_oddball	oddball	n/a	n/a	n/a	n/a	n/a
3630.814	0	1815407	clicker_press	active_oddball	response-received-arrow_up	n/a	n/a	n/a	n/a	arrow_up
3630.830	0	1815415	oddball_response	active_oddball	active-oddball-button-press-776ms	n/a	n/a	0.776	n/a	n/a
3631.096	0	1815548	standard_tone	active_oddball	standard	n/a	n/a	n/a	n/a	n/a
3632.112	0	1816056	distractor_noise	active_oddball	distractor	n/a	n/a	n/a	n/a	n/a
3633.262	0	1816631	standard_tone	active_oddball	standard	n/a	n/a	n/a	n/a	n/a
3634.310	0	1817155	standard_tone	active_oddball	standard	n/a	n/a	n/a	n/a	n/a
3635.326	0	1817663	standard_tone	active_oddball	standard	n/a	n/a	n/a	n/a	n/a
3636.392	0	1818196	oddball_tone	active_oddball	oddball	n/a	n/a	n/a	n/a	n/a
3637.076	0	1818538	clicker_press	active_oddball	response-received-arrow_up	n/a	n/a	n/a	n/a	arrow_up
3637.192	0	1818596	oddball_response	active_oddball	active-oddball-button-press-678ms	n/a	n/a	0.678	n/a	n/a
3637.408	0	1818704	standard_tone	active_oddball	standard	n/a	n/a	n/a	n/a	n/a
3638.424	0	1819212	standard_tone	active_oddball	standard	n/a	n/a	n/a	n/a	n/a
3639.524	0	1819762	distractor_noise	active_oddball	distractor	n/a	n/a	n/a	n/a	n/a
3640.538	0	1820269	standard_tone	active_oddball	standard	n/a	n/a	n/a	n/a	n/a
3641.588	0	1820794	standard_tone	active_oddball	standard	n/a	n/a	n/a	n/a	n/a
3642.654	0	1821327	standard_tone	active_oddball	standard	n/a	n/a	n/a	n/a	n/a
3643.720	0	1821860	standard_tone	active_oddball	standard	n/a	n/a	n/a	n/a	n/a
3644.770	0	1822385	distractor_noise	active_oddball	distractor	n/a	n/a	n/a	n/a	n/a
3645.884	0	1822942	standard_tone	active_oddball	standard	n/a	n/a	n/a	n/a	n/a
3646.966	0	1823483	standard_tone	active_oddball	standard	n/a	n/a	n/a	n/a	n/a
3647.982	0	1823991	standard_tone	active_oddball	standard	n/a	n/a	n/a	n/a	n/a
3649.082	0	1824541	standard_tone	active_oddball	standard	n/a	n/a	n/a	n/a	n/a
3650.098	0	1825049	distractor_noise	active_oddball	distractor	n/a	n/a	n/a	n/a	n/a
3651.130	0	1825565	standard_tone	active_oddball	standard	n/a	n/a	n/a	n/a	n/a
3652.146	0	1826073	standard_tone	active_oddball	standard	n/a	n/a	n/a	n/a	n/a
3653.262	0	1826631	standard_tone	active_oddball	standard	n/a	n/a	n/a	n/a	n/a
3654.428	0	1827214	standard_tone	active_oddball	standard	n/a	n/a	n/a	n/a	n/a
3655.494	0	1827747	oddball_tone	active_oddball	oddball	n/a	n/a	n/a	n/a	n/a
3656.460	0	1828230	clicker_press	active_oddball	response-received-arrow_up	n/a	n/a	n/a	n/a	arrow_up
3656.476	0	1828238	oddball_response	active_oddball	active-oddball-button-press-958ms	n/a	n/a	0.958	n/a	n/a
3656.526	0	1828263	standard_tone	active_oddball	standard	n/a	n/a	n/a	n/a	n/a
3657.624	0	1828812	standard_tone	active_oddball	standard	n/a	n/a	n/a	n/a	n/a
3658.856	0	1829428	standard_tone	active_oddball	standard	n/a	n/a	n/a	n/a	n/a
3659.906	0	1829953	standard_tone	active_oddball	standard	n/a	n/a	n/a	n/a	n/a
3660.954	0	1830477	standard_tone	active_oddball	standard	n/a	n/a	n/a	n/a	n/a
3661.988	0	1830994	standard_tone	active_oddball	standard	n/a	n/a	n/a	n/a	n/a
3663.086	0	1831543	standard_tone	active_oddball	standard	n/a	n/a	n/a	n/a	n/a
3664.118	0	1832059	standard_tone	active_oddball	standard	n/a	n/a	n/a	n/a	n/a
3665.268	0	1832634	standard_tone	active_oddball	standard	n/a	n/a	n/a	n/a	n/a
3666.300	0	1833150	standard_tone	active_oddball	standard	n/a	n/a	n/a	n/a	n/a
3667.432	0	1833716	standard_tone	active_oddball	standard	n/a	n/a	n/a	n/a	n/a
3668.548	0	1834274	standard_tone	active_oddball	standard	n/a	n/a	n/a	n/a	n/a
3669.664	0	1834832	standard_tone	active_oddball	standard	n/a	n/a	n/a	n/a	n/a
3670.680	0	1835340	standard_tone	active_oddball	standard	n/a	n/a	n/a	n/a	n/a
3671.746	0	1835873	oddball_tone	active_oddball	oddball	n/a	n/a	n/a	n/a	n/a
3672.580	0	1836290	clicker_press	active_oddball	response-received-arrow_up	n/a	n/a	n/a	n/a	arrow_up
3672.630	0	1836315	oddball_response	active_oddball	active-oddball-button-press-828ms	n/a	n/a	0.828	n/a	n/a
3672.762	0	1836381	standard_tone	active_oddball	standard	n/a	n/a	n/a	n/a	n/a
3673.794	0	1836897	standard_tone	active_oddball	standard	n/a	n/a	n/a	n/a	n/a
3674.810	0	1837405	oddball_tone	active_oddball	oddball	n/a	n/a	n/a	n/a	n/a
3675.826	0	1837913	standard_tone	active_oddball	standard	n/a	n/a	n/a	n/a	n/a
3675.892	0	1837946	clicker_press	active_oddball	response-received-arrow_up	n/a	n/a	n/a	n/a	arrow_up
3675.942	0	1837971	oddball_response	active_oddball	active-oddball-button-press-60ms	n/a	n/a	0.060	n/a	n/a
3676.842	0	1838421	standard_tone	active_oddball	standard	n/a	n/a	n/a	n/a	n/a
3677.908	0	1838954	distractor_noise	active_oddball	distractor	n/a	n/a	n/a	n/a	n/a
3678.974	0	1839487	standard_tone	active_oddball	standard	n/a	n/a	n/a	n/a	n/a
3679.990	0	1839995	standard_tone	active_oddball	standard	n/a	n/a	n/a	n/a	n/a
3681.056	0	1840528	standard_tone	active_oddball	standard	n/a	n/a	n/a	n/a	n/a
3682.070	0	1841035	standard_tone	active_oddball	standard	n/a	n/a	n/a	n/a	n/a
3683.086	0	1841543	standard_tone	active_oddball	standard	n/a	n/a	n/a	n/a	n/a
3684.102	0	1842051	oddball_tone	active_oddball	oddball	n/a	n/a	n/a	n/a	n/a
3684.856	0	1842428	clicker_press	active_oddball	response-received-arrow_up	n/a	n/a	n/a	n/a	arrow_up
3684.870	0	1842435	oddball_response	active_oddball	active-oddball-button-press-747ms	n/a	n/a	0.747	n/a	n/a
3685.118	0	1842559	standard_tone	active_oddball	standard	n/a	n/a	n/a	n/a	n/a
3686.218	0	1843109	oddball_tone	active_oddball	oddball	n/a	n/a	n/a	n/a	n/a
3687.000	0	1843500	clicker_press	active_oddball	response-received-arrow_up	n/a	n/a	n/a	n/a	arrow_up
3687.034	0	1843517	oddball_response	active_oddball	active-oddball-button-press-776ms	n/a	n/a	0.776	n/a	n/a
3687.234	0	1843617	standard_tone	active_oddball	standard	n/a	n/a	n/a	n/a	n/a
3688.250	0	1844125	standard_tone	active_oddball	standard	n/a	n/a	n/a	n/a	n/a
3689.282	0	1844641	oddball_tone	active_oddball	oddball	n/a	n/a	n/a	n/a	n/a
3689.998	0	1844999	clicker_press	active_oddball	response-received-arrow_up	n/a	n/a	n/a	n/a	arrow_up
3690.014	0	1845007	oddball_response	active_oddball	active-oddball-button-press-710ms	n/a	n/a	0.710	n/a	n/a
3690.298	0	1845149	standard_tone	active_oddball	standard	n/a	n/a	n/a	n/a	n/a
3691.330	0	1845665	standard_tone	active_oddball	standard	n/a	n/a	n/a	n/a	n/a
3692.346	0	1846173	standard_tone	active_oddball	standard	n/a	n/a	n/a	n/a	n/a
3693.362	0	1846681	standard_tone	active_oddball	standard	n/a	n/a	n/a	n/a	n/a
3694.510	0	1847255	oddball_tone	active_oddball	oddball	n/a	n/a	n/a	n/a	n/a
3695.360	0	1847680	clicker_press	active_oddball	response-received-arrow_up	n/a	n/a	n/a	n/a	arrow_up
3695.378	0	1847689	oddball_response	active_oddball	active-oddball-button-press-843ms	n/a	n/a	0.843	n/a	n/a
3695.610	0	1847805	standard_tone	active_oddball	standard	n/a	n/a	n/a	n/a	n/a
3696.792	0	1848396	standard_tone	active_oddball	standard	n/a	n/a	n/a	n/a	n/a
3697.892	0	1848946	distractor_noise	active_oddball	distractor	n/a	n/a	n/a	n/a	n/a
3698.974	0	1849487	standard_tone	active_oddball	standard	n/a	n/a	n/a	n/a	n/a
3700.056	0	1850028	oddball_tone	active_oddball	oddball	n/a	n/a	n/a	n/a	n/a
3700.890	0	1850445	clicker_press	active_oddball	response-received-arrow_up	n/a	n/a	n/a	n/a	arrow_up
3700.956	0	1850478	oddball_response	active_oddball	active-oddball-button-press-827ms	n/a	n/a	0.827	n/a	n/a
3701.238	0	1850619	standard_tone	active_oddball	standard	n/a	n/a	n/a	n/a	n/a
3702.254	0	1851127	standard_tone	active_oddball	standard	n/a	n/a	n/a	n/a	n/a
3703.386	0	1851693	standard_tone	active_oddball	standard	n/a	n/a	n/a	n/a	n/a
3704.402	0	1852201	standard_tone	active_oddball	standard	n/a	n/a	n/a	n/a	n/a
3705.452	0	1852726	standard_tone	active_oddball	standard	n/a	n/a	n/a	n/a	n/a
3706.468	0	1853234	standard_tone	active_oddball	standard	n/a	n/a	n/a	n/a	n/a
3707.534	0	1853767	distractor_noise	active_oddball	distractor	n/a	n/a	n/a	n/a	n/a
3708.550	0	1854275	standard_tone	active_oddball	standard	n/a	n/a	n/a	n/a	n/a
3709.650	0	1854825	standard_tone	active_oddball	standard	n/a	n/a	n/a	n/a	n/a
3710.682	0	1855341	standard_tone	active_oddball	standard	n/a	n/a	n/a	n/a	n/a
3711.698	0	1855849	standard_tone	active_oddball	standard	n/a	n/a	n/a	n/a	n/a
3712.778	0	1856389	standard_tone	active_oddball	standard	n/a	n/a	n/a	n/a	n/a
3713.962	0	1856981	distractor_noise	active_oddball	distractor	n/a	n/a	n/a	n/a	n/a
3715.094	0	1857547	standard_tone	active_oddball	standard	n/a	n/a	n/a	n/a	n/a
3716.126	0	1858063	standard_tone	active_oddball	standard	n/a	n/a	n/a	n/a	n/a
3717.158	0	1858579	distractor_noise	active_oddball	distractor	n/a	n/a	n/a	n/a	n/a
3718.192	0	1859096	standard_tone	active_oddball	standard	n/a	n/a	n/a	n/a	n/a
3719.224	0	1859612	standard_tone	active_oddball	standard	n/a	n/a	n/a	n/a	n/a
3720.356	0	1860178	standard_tone	active_oddball	standard	n/a	n/a	n/a	n/a	n/a
3721.406	0	1860703	standard_tone	active_oddball	standard	n/a	n/a	n/a	n/a	n/a
3722.488	0	1861244	oddball_tone	active_oddball	oddball	n/a	n/a	n/a	n/a	n/a
3723.402	0	1861701	clicker_press	active_oddball	response-received-arrow_up	n/a	n/a	n/a	n/a	arrow_up
3723.436	0	1861718	oddball_response	active_oddball	active-oddball-button-press-907ms	n/a	n/a	0.907	n/a	n/a
3723.536	0	1861768	standard_tone	active_oddball	standard	n/a	n/a	n/a	n/a	n/a
3724.634	0	1862317	standard_tone	active_oddball	standard	n/a	n/a	n/a	n/a	n/a
3725.668	0	1862834	standard_tone	active_oddball	standard	n/a	n/a	n/a	n/a	n/a
3726.682	0	1863341	standard_tone	active_oddball	standard	n/a	n/a	n/a	n/a	n/a
3727.700	0	1863850	standard_tone	active_oddball	standard	n/a	n/a	n/a	n/a	n/a
3728.750	0	1864375	oddball_tone	active_oddball	oddball	n/a	n/a	n/a	n/a	n/a
3729.600	0	1864800	clicker_press	active_oddball	response-received-arrow_up	n/a	n/a	n/a	n/a	arrow_up
3729.632	0	1864816	oddball_response	active_oddball	active-oddball-button-press-844ms	n/a	n/a	0.844	n/a	n/a
3729.814	0	1864907	distractor_noise	active_oddball	distractor	n/a	n/a	n/a	n/a	n/a
3730.880	0	1865440	standard_tone	active_oddball	standard	n/a	n/a	n/a	n/a	n/a
3731.964	0	1865982	standard_tone	active_oddball	standard	n/a	n/a	n/a	n/a	n/a
3733.046	0	1866523	standard_tone	active_oddball	standard	n/a	n/a	n/a	n/a	n/a
3734.128	0	1867064	oddball_tone	active_oddball	oddball	n/a	n/a	n/a	n/a	n/a
3734.928	0	1867464	clicker_press	active_oddball	response-received-arrow_up	n/a	n/a	n/a	n/a	arrow_up
3734.962	0	1867481	oddball_response	active_oddball	active-oddball-button-press-793ms	n/a	n/a	0.793	n/a	n/a
3735.176	0	1867588	standard_tone	active_oddball	standard	n/a	n/a	n/a	n/a	n/a
3736.210	0	1868105	distractor_noise	active_oddball	distractor	n/a	n/a	n/a	n/a	n/a
3737.324	0	1868662	standard_tone	active_oddball	standard	n/a	n/a	n/a	n/a	n/a
3738.440	0	1869220	standard_tone	active_oddball	standard	n/a	n/a	n/a	n/a	n/a
3739.506	0	1869753	standard_tone	active_oddball	standard	n/a	n/a	n/a	n/a	n/a
3740.556	0	1870278	standard_tone	active_oddball	standard	n/a	n/a	n/a	n/a	n/a
3741.622	0	1870811	standard_tone	active_oddball	standard	n/a	n/a	n/a	n/a	n/a
3742.738	0	1871369	distractor_noise	active_oddball	distractor	n/a	n/a	n/a	n/a	n/a
3743.770	0	1871885	standard_tone	active_oddball	standard	n/a	n/a	n/a	n/a	n/a
3744.836	0	1872418	standard_tone	active_oddball	standard	n/a	n/a	n/a	n/a	n/a
3745.884	0	1872942	standard_tone	active_oddball	standard	n/a	n/a	n/a	n/a	n/a
3746.984	0	1873492	standard_tone	active_oddball	standard	n/a	n/a	n/a	n/a	n/a
3748.050	0	1874025	standard_tone	active_oddball	standard	n/a	n/a	n/a	n/a	n/a
3749.066	0	1874533	standard_tone	active_oddball	standard	n/a	n/a	n/a	n/a	n/a
3750.098	0	1875049	standard_tone	active_oddball	standard	n/a	n/a	n/a	n/a	n/a
3751.114	0	1875557	standard_tone	active_oddball	standard	n/a	n/a	n/a	n/a	n/a
3752.196	0	1876098	standard_tone	active_oddball	standard	n/a	n/a	n/a	n/a	n/a
3753.214	0	1876607	standard_tone	active_oddball	standard	n/a	n/a	n/a	n/a	n/a
3754.294	0	1877147	standard_tone	active_oddball	standard	n/a	n/a	n/a	n/a	n/a
3755.394	0	1877697	standard_tone	active_oddball	standard	n/a	n/a	n/a	n/a	n/a
3756.492	0	1878246	oddball_tone	active_oddball	oddball	n/a	n/a	n/a	n/a	n/a
3757.508	0	1878754	standard_tone	active_oddball	standard	n/a	n/a	n/a	n/a	n/a
3757.758	0	1878879	clicker_press	active_oddball	response-received-arrow_up	n/a	n/a	n/a	n/a	arrow_up
3757.792	0	1878896	oddball_response	active_oddball	active-oddball-button-press-244ms	n/a	n/a	0.244	n/a	n/a
3758.540	0	1879270	standard_tone	active_oddball	standard	n/a	n/a	n/a	n/a	n/a
3759.574	0	1879787	standard_tone	active_oddball	standard	n/a	n/a	n/a	n/a	n/a
3760.590	0	1880295	standard_tone	active_oddball	standard	n/a	n/a	n/a	n/a	n/a
3761.722	0	1880861	standard_tone	active_oddball	standard	n/a	n/a	n/a	n/a	n/a
3762.738	0	1881369	standard_tone	active_oddball	standard	n/a	n/a	n/a	n/a	n/a
3763.754	0	1881877	standard_tone	active_oddball	standard	n/a	n/a	n/a	n/a	n/a
3764.770	0	1882385	standard_tone	active_oddball	standard	n/a	n/a	n/a	n/a	n/a
3765.786	0	1882893	standard_tone	active_oddball	standard	n/a	n/a	n/a	n/a	n/a
3766.818	0	1883409	standard_tone	active_oddball	standard	n/a	n/a	n/a	n/a	n/a
3767.834	0	1883917	standard_tone	active_oddball	standard	n/a	n/a	n/a	n/a	n/a
3768.850	0	1884425	standard_tone	active_oddball	standard	n/a	n/a	n/a	n/a	n/a
3769.932	0	1884966	distractor_noise	active_oddball	distractor	n/a	n/a	n/a	n/a	n/a
3770.964	0	1885482	standard_tone	active_oddball	standard	n/a	n/a	n/a	n/a	n/a
3771.980	0	1885990	oddball_tone	active_oddball	oddball	n/a	n/a	n/a	n/a	n/a
3772.696	0	1886348	clicker_press	active_oddball	response-received-arrow_up	n/a	n/a	n/a	n/a	arrow_up
3772.730	0	1886365	oddball_response	active_oddball	active-oddball-button-press-710ms	n/a	n/a	0.710	n/a	n/a
3773.012	0	1886506	standard_tone	active_oddball	standard	n/a	n/a	n/a	n/a	n/a
3774.028	0	1887014	standard_tone	active_oddball	standard	n/a	n/a	n/a	n/a	n/a
3775.128	0	1887564	standard_tone	active_oddball	standard	n/a	n/a	n/a	n/a	n/a
3776.144	0	1888072	standard_tone	active_oddball	standard	n/a	n/a	n/a	n/a	n/a
3777.176	0	1888588	oddball_tone	active_oddball	oddball	n/a	n/a	n/a	n/a	n/a
3778.058	0	1889029	clicker_press	active_oddball	response-received-arrow_up	n/a	n/a	n/a	n/a	arrow_up
3778.076	0	1889038	oddball_response	active_oddball	active-oddball-button-press-877ms	n/a	n/a	0.877	n/a	n/a
3778.224	0	1889112	standard_tone	active_oddball	standard	n/a	n/a	n/a	n/a	n/a
3779.240	0	1889620	standard_tone	active_oddball	standard	n/a	n/a	n/a	n/a	n/a
3780.340	0	1890170	oddball_tone	active_oddball	oddball	n/a	n/a	n/a	n/a	n/a
3781.356	0	1890678	clicker_press	active_oddball	response-received-arrow_up	n/a	n/a	n/a	n/a	arrow_up
3781.356	0	1890678	oddball_response	active_oddball	active-oddball-button-press-1010ms	n/a	n/a	1.010	n/a	n/a
3781.358	0	1890679	standard_tone	active_oddball	standard	n/a	n/a	n/a	n/a	n/a
3782.422	0	1891211	standard_tone	active_oddball	standard	n/a	n/a	n/a	n/a	n/a
3783.486	0	1891743	distractor_noise	active_oddball	distractor	n/a	n/a	n/a	n/a	n/a
3784.536	0	1892268	standard_tone	active_oddball	standard	n/a	n/a	n/a	n/a	n/a
3785.720	0	1892860	standard_tone	active_oddball	standard	n/a	n/a	n/a	n/a	n/a
3786.734	0	1893367	standard_tone	active_oddball	standard	n/a	n/a	n/a	n/a	n/a
3787.784	0	1893892	standard_tone	active_oddball	standard	n/a	n/a	n/a	n/a	n/a
3788.800	0	1894400	standard_tone	active_oddball	standard	n/a	n/a	n/a	n/a	n/a
3789.898	0	1894949	standard_tone	active_oddball	standard	n/a	n/a	n/a	n/a	n/a
3790.964	0	1895482	distractor_noise	active_oddball	distractor	n/a	n/a	n/a	n/a	n/a
3791.996	0	1895998	standard_tone	active_oddball	standard	n/a	n/a	n/a	n/a	n/a
3793.096	0	1896548	oddball_tone	active_oddball	oddball	n/a	n/a	n/a	n/a	n/a
3793.912	0	1896956	clicker_press	active_oddball	response-received-arrow_up	n/a	n/a	n/a	n/a	arrow_up
3793.962	0	1896981	oddball_response	active_oddball	active-oddball-button-press-810ms	n/a	n/a	0.810	n/a	n/a
3794.128	0	1897064	standard_tone	active_oddball	standard	n/a	n/a	n/a	n/a	n/a
3795.210	0	1897605	oddball_tone	active_oddball	oddball	n/a	n/a	n/a	n/a	n/a
3796.194	0	1898097	clicker_press	active_oddball	response-received-arrow_up	n/a	n/a	n/a	n/a	arrow_up
3796.226	0	1898113	oddball_response	active_oddball	active-oddball-button-press-975ms	n/a	n/a	0.975	n/a	n/a
3796.228	0	1898114	standard_tone	active_oddball	standard	n/a	n/a	n/a	n/a	n/a
3797.276	0	1898638	standard_tone	active_oddball	standard	n/a	n/a	n/a	n/a	n/a
3798.292	0	1899146	standard_tone	active_oddball	standard	n/a	n/a	n/a	n/a	n/a
3799.358	0	1899679	standard_tone	active_oddball	standard	n/a	n/a	n/a	n/a	n/a
3800.406	0	1900203	standard_tone	active_oddball	standard	n/a	n/a	n/a	n/a	n/a
3801.556	0	1900778	distractor_noise	active_oddball	distractor	n/a	n/a	n/a	n/a	n/a
3802.590	0	1901295	standard_tone	active_oddball	standard	n/a	n/a	n/a	n/a	n/a
3803.604	0	1901802	standard_tone	active_oddball	standard	n/a	n/a	n/a	n/a	n/a
3804.652	0	1902326	standard_tone	active_oddball	standard	n/a	n/a	n/a	n/a	n/a
3805.752	0	1902876	standard_tone	active_oddball	standard	n/a	n/a	n/a	n/a	n/a
3806.768	0	1903384	distractor_noise	active_oddball	distractor	n/a	n/a	n/a	n/a	n/a
3807.800	0	1903900	standard_tone	active_oddball	standard	n/a	n/a	n/a	n/a	n/a
3808.850	0	1904425	standard_tone	active_oddball	standard	n/a	n/a	n/a	n/a	n/a
3809.882	0	1904941	standard_tone	active_oddball	standard	n/a	n/a	n/a	n/a	n/a
3810.916	0	1905458	standard_tone	active_oddball	standard	n/a	n/a	n/a	n/a	n/a
3811.946	0	1905973	standard_tone	active_oddball	standard	n/a	n/a	n/a	n/a	n/a
3812.980	0	1906490	oddball_tone	active_oddball	oddball	n/a	n/a	n/a	n/a	n/a
3813.912	0	1906956	clicker_press	active_oddball	response-received-arrow_up	n/a	n/a	n/a	n/a	arrow_up
3813.928	0	1906964	oddball_response	active_oddball	active-oddball-button-press-926ms	n/a	n/a	0.926	n/a	n/a
3813.996	0	1906998	standard_tone	active_oddball	standard	n/a	n/a	n/a	n/a	n/a
3815.044	0	1907522	distractor_noise	active_oddball	distractor	n/a	n/a	n/a	n/a	n/a
3816.092	0	1908046	standard_tone	active_oddball	standard	n/a	n/a	n/a	n/a	n/a
3817.126	0	1908563	standard_tone	active_oddball	standard	n/a	n/a	n/a	n/a	n/a
3818.142	0	1909071	standard_tone	active_oddball	standard	n/a	n/a	n/a	n/a	n/a
3819.308	0	1909654	distractor_noise	active_oddball	distractor	n/a	n/a	n/a	n/a	n/a
3820.324	0	1910162	standard_tone	active_oddball	standard	n/a	n/a	n/a	n/a	n/a
3821.372	0	1910686	standard_tone	active_oddball	standard	n/a	n/a	n/a	n/a	n/a
3822.388	0	1911194	oddball_tone	active_oddball	oddball	n/a	n/a	n/a	n/a	n/a
3823.156	0	1911578	clicker_press	active_oddball	response-received-arrow_up	n/a	n/a	n/a	n/a	arrow_up
3823.338	0	1911669	oddball_response	active_oddball	active-oddball-button-press-760ms	n/a	n/a	0.760	n/a	n/a
3823.438	0	1911719	standard_tone	active_oddball	standard	n/a	n/a	n/a	n/a	n/a
3824.470	0	1912235	standard_tone	active_oddball	standard	n/a	n/a	n/a	n/a	n/a
3825.520	0	1912760	standard_tone	active_oddball	standard	n/a	n/a	n/a	n/a	n/a
3826.618	0	1913309	standard_tone	active_oddball	standard	n/a	n/a	n/a	n/a	n/a
3827.668	0	1913834	standard_tone	active_oddball	standard	n/a	n/a	n/a	n/a	n/a
3828.682	0	1914341	standard_tone	active_oddball	standard	n/a	n/a	n/a	n/a	n/a
3829.698	0	1914849	standard_tone	active_oddball	standard	n/a	n/a	n/a	n/a	n/a
3830.714	0	1915357	standard_tone	active_oddball	standard	n/a	n/a	n/a	n/a	n/a
3831.764	0	1915882	standard_tone	active_oddball	standard	n/a	n/a	n/a	n/a	n/a
3832.846	0	1916423	standard_tone	active_oddball	standard	n/a	n/a	n/a	n/a	n/a
3833.978	0	1916989	distractor_noise	active_oddball	distractor	n/a	n/a	n/a	n/a	n/a
3835.010	0	1917505	standard_tone	active_oddball	standard	n/a	n/a	n/a	n/a	n/a
3836.026	0	1918013	distractor_noise	active_oddball	distractor	n/a	n/a	n/a	n/a	n/a
3837.076	0	1918538	standard_tone	active_oddball	standard	n/a	n/a	n/a	n/a	n/a
3838.108	0	1919054	standard_tone	active_oddball	standard	n/a	n/a	n/a	n/a	n/a
3839.126	0	1919563	standard_tone	active_oddball	standard	n/a	n/a	n/a	n/a	n/a
3840.174	0	1920087	standard_tone	active_oddball	standard	n/a	n/a	n/a	n/a	n/a
3841.206	0	1920603	standard_tone	active_oddball	standard	n/a	n/a	n/a	n/a	n/a
3842.272	0	1921136	standard_tone	active_oddball	standard	n/a	n/a	n/a	n/a	n/a
3843.304	0	1921652	standard_tone	active_oddball	standard	n/a	n/a	n/a	n/a	n/a
3844.386	0	1922193	standard_tone	active_oddball	standard	n/a	n/a	n/a	n/a	n/a
3845.436	0	1922718	standard_tone	active_oddball	standard	n/a	n/a	n/a	n/a	n/a
3846.484	0	1923242	standard_tone	active_oddball	standard	n/a	n/a	n/a	n/a	n/a
3847.550	0	1923775	distractor_noise	active_oddball	distractor	n/a	n/a	n/a	n/a	n/a
3848.566	0	1924283	standard_tone	active_oddball	standard	n/a	n/a	n/a	n/a	n/a
3849.582	0	1924791	standard_tone	active_oddball	standard	n/a	n/a	n/a	n/a	n/a
3850.714	0	1925357	standard_tone	active_oddball	standard	n/a	n/a	n/a	n/a	n/a
3851.748	0	1925874	standard_tone	active_oddball	standard	n/a	n/a	n/a	n/a	n/a
3852.796	0	1926398	standard_tone	active_oddball	standard	n/a	n/a	n/a	n/a	n/a
3853.812	0	1926906	standard_tone	active_oddball	standard	n/a	n/a	n/a	n/a	n/a
3854.862	0	1927431	standard_tone	active_oddball	standard	n/a	n/a	n/a	n/a	n/a
3855.894	0	1927947	standard_tone	active_oddball	standard	n/a	n/a	n/a	n/a	n/a
3856.926	0	1928463	standard_tone	active_oddball	standard	n/a	n/a	n/a	n/a	n/a
3857.976	0	1928988	standard_tone	active_oddball	standard	n/a	n/a	n/a	n/a	n/a
3859.024	0	1929512	standard_tone	active_oddball	standard	n/a	n/a	n/a	n/a	n/a
3860.056	0	1930028	standard_tone	active_oddball	standard	n/a	n/a	n/a	n/a	n/a
3861.138	0	1930569	oddball_tone	active_oddball	oddball	n/a	n/a	n/a	n/a	n/a
3862.104	0	1931052	clicker_press	active_oddball	response-received-arrow_up	n/a	n/a	n/a	n/a	arrow_up
3862.188	0	1931094	oddball_response	active_oddball	active-oddball-button-press-960ms	n/a	n/a	0.960	n/a	n/a
3862.188	0	1931094	standard_tone	active_oddball	standard	n/a	n/a	n/a	n/a	n/a
3863.204	0	1931602	standard_tone	active_oddball	standard	n/a	n/a	n/a	n/a	n/a
3864.302	0	1932151	oddball_tone	active_oddball	oddball	n/a	n/a	n/a	n/a	n/a
3865.170	0	1932585	clicker_press	active_oddball	response-received-arrow_up	n/a	n/a	n/a	n/a	arrow_up
3865.236	0	1932618	oddball_response	active_oddball	active-oddball-button-press-861ms	n/a	n/a	0.861	n/a	n/a
3865.318	0	1932659	standard_tone	active_oddball	standard	n/a	n/a	n/a	n/a	n/a
3866.334	0	1933167	oddball_tone	active_oddball	oddball	n/a	n/a	n/a	n/a	n/a
3867.184	0	1933592	clicker_press	active_oddball	response-received-arrow_up	n/a	n/a	n/a	n/a	arrow_up
3867.216	0	1933608	oddball_response	active_oddball	active-oddball-button-press-844ms	n/a	n/a	0.844	n/a	n/a
3867.400	0	1933700	standard_tone	active_oddball	standard	n/a	n/a	n/a	n/a	n/a
3868.432	0	1934216	standard_tone	active_oddball	standard	n/a	n/a	n/a	n/a	n/a
3869.450	0	1934725	distractor_noise	active_oddball	distractor	n/a	n/a	n/a	n/a	n/a
3870.514	0	1935257	standard_tone	active_oddball	standard	n/a	n/a	n/a	n/a	n/a
3871.530	0	1935765	standard_tone	active_oddball	standard	n/a	n/a	n/a	n/a	n/a
3872.546	0	1936273	standard_tone	active_oddball	standard	n/a	n/a	n/a	n/a	n/a
3873.562	0	1936781	standard_tone	active_oddball	standard	n/a	n/a	n/a	n/a	n/a
3874.578	0	1937289	standard_tone	active_oddball	standard	n/a	n/a	n/a	n/a	n/a
3875.676	0	1937838	active_oddball_end	active_oddball	active-oddball-end	n/a	n/a	n/a	n/a	n/a
3875.678	0	1937839	prompt_window_begin	active_oddball	probe-oddball-begin	n/a	n/a	n/a	n/a	n/a
3883.188	0	1941594	clicker_press	n/a	response-received-arrow_up	n/a	n/a	n/a	n/a	arrow_up
3883.490	0	1941745	clicker_press	n/a	response-received-arrow_up	n/a	n/a	n/a	n/a	arrow_up
3884.738	0	1942369	depth_rating	active_oddball	rating-oddball-meditation_depth-2	2	n/a	n/a	n/a	n/a
3891.114	0	1945557	clicker_press	n/a	response-received-arrow_up	n/a	n/a	n/a	n/a	arrow_up
3891.414	0	1945707	clicker_press	n/a	response-received-arrow_up	n/a	n/a	n/a	n/a	arrow_up
3891.730	0	1945865	clicker_press	n/a	response-received-arrow_up	n/a	n/a	n/a	n/a	arrow_up
3891.998	0	1945999	clicker_press	n/a	response-received-arrow_up	n/a	n/a	n/a	n/a	arrow_up
3894.862	0	1947431	confidence_rating	active_oddball	rating-oddball-confidence_depth-4	n/a	4	n/a	n/a	n/a
3895.910	0	1947955	prompt_window_end	active_oddball	probe-oddball-end	n/a	n/a	n/a	n/a	n/a
3974.636	0	1987318	clicker_press	n/a	response-received-arrow_up	n/a	n/a	n/a	n/a	arrow_up
3974.784	0	1987392	silent_emerge_begin	silent_emerge	block-nosapo-emerge-begin	n/a	n/a	n/a	n/a	n/a
3974.786	0	1987393	subblock_begin	silent_emerge	subblock-begin	n/a	n/a	n/a	n/a	n/a
3974.786	0	1987393	silence_begin	silent_emerge	silence-begin	n/a	n/a	n/a	n/a	n/a
4082.402	0	2041201	clicker_press	silent_emerge	response-received-arrow_up	n/a	n/a	n/a	n/a	arrow_up
4082.422	0	2041211	report_window_begin	silent_emerge	emerge-nosapo-emerge-begin	n/a	n/a	n/a	n/a	n/a
4082.706	0	2041353	clicker_press	silent_emerge	response-received-arrow_up	n/a	n/a	n/a	n/a	arrow_up
4086.454	0	2043227	depth_rating	silent_emerge	rating-nosapo-emerge-meditation_depth-2	2	n/a	n/a	n/a	n/a
4093.148	0	2046574	clicker_press	silent_emerge	response-received-arrow_up	n/a	n/a	n/a	n/a	arrow_up
4093.464	0	2046732	clicker_press	silent_emerge	response-received-arrow_up	n/a	n/a	n/a	n/a	arrow_up
4093.764	0	2046882	clicker_press	silent_emerge	response-received-arrow_up	n/a	n/a	n/a	n/a	arrow_up
4094.098	0	2047049	clicker_press	silent_emerge	response-received-arrow_up	n/a	n/a	n/a	n/a	arrow_up
4094.714	0	2047357	clicker_press	silent_emerge	response-received-arrow_up	n/a	n/a	n/a	n/a	arrow_up
4096.562	0	2048281	confidence_rating	silent_emerge	rating-nosapo-emerge-confidence_depth-5	n/a	5	n/a	n/a	n/a
4100.076	0	2050038	report_window_end	silent_emerge	emerge-nosapo-emerge-end	n/a	n/a	n/a	n/a	n/a
4100.076	0	2050038	subblock_begin	silent_emerge	subblock-begin	n/a	n/a	n/a	n/a	n/a
4100.076	0	2050038	silence_begin	silent_emerge	silence-begin	n/a	n/a	n/a	n/a	n/a
4212.616	0	2106308	silence_end	silent_emerge	silence-end	n/a	n/a	n/a	n/a	n/a
4212.616	0	2106308	gong_begin	silent_emerge	gong-begin	n/a	n/a	n/a	n/a	n/a
4220.442	0	2110221	clicker_press	silent_emerge	response-received-arrow_up	n/a	n/a	n/a	n/a	arrow_up
4220.476	0	2110238	gong_end	silent_emerge	gong-end	n/a	n/a	n/a	n/a	n/a
4220.476	0	2110238	report_window_begin	silent_emerge	emerge-nosapo-emerge-begin	n/a	n/a	n/a	n/a	n/a
4220.726	0	2110363	clicker_press	silent_emerge	response-received-arrow_up	n/a	n/a	n/a	n/a	arrow_up
4221.076	0	2110538	clicker_press	silent_emerge	response-received-arrow_up	n/a	n/a	n/a	n/a	arrow_up
4224.538	0	2112269	depth_rating	silent_emerge	rating-nosapo-emerge-meditation_depth-3	3	n/a	n/a	n/a	n/a
4231.516	0	2115758	clicker_press	silent_emerge	response-received-arrow_up	n/a	n/a	n/a	n/a	arrow_up
4231.784	0	2115892	clicker_press	silent_emerge	response-received-arrow_up	n/a	n/a	n/a	n/a	arrow_up
4232.066	0	2116033	clicker_press	silent_emerge	response-received-arrow_up	n/a	n/a	n/a	n/a	arrow_up
4232.282	0	2116141	clicker_press	silent_emerge	response-received-arrow_up	n/a	n/a	n/a	n/a	arrow_up
4232.566	0	2116283	clicker_press	silent_emerge	response-received-arrow_up	n/a	n/a	n/a	n/a	arrow_up
4234.780	0	2117390	confidence_rating	silent_emerge	rating-nosapo-emerge-confidence_depth-5	n/a	5	n/a	n/a	n/a
4238.278	0	2119139	report_window_end	silent_emerge	emerge-nosapo-emerge-end	n/a	n/a	n/a	n/a	n/a
4238.278	0	2119139	subblock_end	silent_emerge	subblock-end-duration-138.202	n/a	n/a	n/a	138.202	n/a
4238.278	0	2119139	subblock_begin	silent_emerge	subblock-begin	n/a	n/a	n/a	n/a	n/a
4238.278	0	2119139	silence_begin	silent_emerge	silence-begin	n/a	n/a	n/a	n/a	n/a
4350.818	0	2175409	silence_end	silent_emerge	silence-end	n/a	n/a	n/a	n/a	n/a
4350.834	0	2175417	gong_begin	silent_emerge	gong-begin	n/a	n/a	n/a	n/a	n/a
4360.826	0	2180413	gong_end	silent_emerge	gong-end	n/a	n/a	n/a	n/a	n/a
4360.826	0	2180413	subblock_end	silent_emerge	subblock-end-duration-122.548	n/a	n/a	n/a	122.548	n/a
4360.828	0	2180414	subblock_begin	silent_emerge	subblock-begin	n/a	n/a	n/a	n/a	n/a
4360.828	0	2180414	silence_begin	silent_emerge	silence-begin	n/a	n/a	n/a	n/a	n/a
4432.042	0	2216021	clicker_press	silent_emerge	response-received-arrow_up	n/a	n/a	n/a	n/a	arrow_up
4432.084	0	2216042	report_window_begin	silent_emerge	emerge-nosapo-emerge-begin	n/a	n/a	n/a	n/a	n/a
4432.318	0	2216159	clicker_press	silent_emerge	response-received-arrow_up	n/a	n/a	n/a	n/a	arrow_up
4432.716	0	2216358	clicker_press	silent_emerge	response-received-arrow_up	n/a	n/a	n/a	n/a	arrow_up
4433.182	0	2216591	clicker_press	silent_emerge	response-received-arrow_up	n/a	n/a	n/a	n/a	arrow_up
4436.098	0	2218049	depth_rating	silent_emerge	rating-nosapo-emerge-meditation_depth-4	4	n/a	n/a	n/a	n/a
4442.908	0	2221454	clicker_press	silent_emerge	response-received-arrow_up	n/a	n/a	n/a	n/a	arrow_up
4443.192	0	2221596	clicker_press	silent_emerge	response-received-arrow_up	n/a	n/a	n/a	n/a	arrow_up
4443.542	0	2221771	clicker_press	silent_emerge	response-received-arrow_up	n/a	n/a	n/a	n/a	arrow_up
4443.874	0	2221937	clicker_press	silent_emerge	response-received-arrow_up	n/a	n/a	n/a	n/a	arrow_up
4446.338	0	2223169	confidence_rating	silent_emerge	rating-nosapo-emerge-confidence_depth-4	n/a	4	n/a	n/a	n/a
4449.852	0	2224926	report_window_end	silent_emerge	emerge-nosapo-emerge-end	n/a	n/a	n/a	n/a	n/a
4449.854	0	2224927	subblock_begin	silent_emerge	subblock-begin	n/a	n/a	n/a	n/a	n/a
4449.854	0	2224927	silence_begin	silent_emerge	silence-begin	n/a	n/a	n/a	n/a	n/a
4566.056	0	2283028	silence_end	silent_emerge	silence-end	n/a	n/a	n/a	n/a	n/a
4566.056	0	2283028	gong_begin	silent_emerge	gong-begin	n/a	n/a	n/a	n/a	n/a
4576.114	0	2288057	gong_end	silent_emerge	gong-end	n/a	n/a	n/a	n/a	n/a
4576.114	0	2288057	subblock_end	silent_emerge	subblock-end-duration-126.262	n/a	n/a	n/a	126.262	n/a
4576.116	0	2288058	subblock_begin	silent_emerge	subblock-begin	n/a	n/a	n/a	n/a	n/a
4576.116	0	2288058	silence_begin	silent_emerge	silence-begin	n/a	n/a	n/a	n/a	n/a
4578.838	0	2289419	clicker_press	silent_emerge	response-received-arrow_up	n/a	n/a	n/a	n/a	arrow_up
4578.862	0	2289431	report_window_begin	silent_emerge	emerge-nosapo-emerge-begin	n/a	n/a	n/a	n/a	n/a
4579.144	0	2289572	clicker_press	silent_emerge	response-received-arrow_up	n/a	n/a	n/a	n/a	arrow_up
4579.478	0	2289739	clicker_press	silent_emerge	response-received-arrow_up	n/a	n/a	n/a	n/a	arrow_up
4582.892	0	2291446	depth_rating	silent_emerge	rating-nosapo-emerge-meditation_depth-3	3	n/a	n/a	n/a	n/a
4589.270	0	2294635	clicker_press	silent_emerge	response-received-arrow_up	n/a	n/a	n/a	n/a	arrow_up
4589.536	0	2294768	clicker_press	silent_emerge	response-received-arrow_up	n/a	n/a	n/a	n/a	arrow_up
4589.804	0	2294902	clicker_press	silent_emerge	response-received-arrow_up	n/a	n/a	n/a	n/a	arrow_up
4590.102	0	2295051	clicker_press	silent_emerge	response-received-arrow_up	n/a	n/a	n/a	n/a	arrow_up
4590.370	0	2295185	clicker_press	silent_emerge	response-received-arrow_up	n/a	n/a	n/a	n/a	arrow_up
4593.100	0	2296550	confidence_rating	silent_emerge	rating-nosapo-emerge-confidence_depth-5	n/a	5	n/a	n/a	n/a
4596.630	0	2298315	report_window_end	silent_emerge	emerge-nosapo-emerge-end	n/a	n/a	n/a	n/a	n/a
4596.632	0	2298316	subblock_begin	silent_emerge	subblock-begin	n/a	n/a	n/a	n/a	n/a
4596.632	0	2298316	silence_begin	silent_emerge	silence-begin	n/a	n/a	n/a	n/a	n/a
4699.228	0	2349614	silence_end	silent_emerge	silence-end	n/a	n/a	n/a	n/a	n/a
4699.328	0	2349664	gong_begin	silent_emerge	gong-begin	n/a	n/a	n/a	n/a	n/a
4709.288	0	2354644	gong_end	silent_emerge	gong-end	n/a	n/a	n/a	n/a	n/a
4709.288	0	2354644	subblock_end	silent_emerge	subblock-end-duration-112.655	n/a	n/a	n/a	112.655	n/a
4709.288	0	2354644	subblock_begin	silent_emerge	subblock-begin	n/a	n/a	n/a	n/a	n/a
4709.288	0	2354644	silence_begin	silent_emerge	silence-begin	n/a	n/a	n/a	n/a	n/a
4811.818	0	2405909	silence_end	silent_emerge	silence-end	n/a	n/a	n/a	n/a	n/a
4812.036	0	2406018	gong_begin	silent_emerge	gong-begin	n/a	n/a	n/a	n/a	n/a
4821.928	0	2410964	gong_end	silent_emerge	gong-end	n/a	n/a	n/a	n/a	n/a
4821.928	0	2410964	subblock_end	silent_emerge	subblock-end-duration-112.639	n/a	n/a	n/a	112.639	n/a
4821.928	0	2410964	subblock_begin	silent_emerge	subblock-begin	n/a	n/a	n/a	n/a	n/a
4821.930	0	2410965	silence_begin	silent_emerge	silence-begin	n/a	n/a	n/a	n/a	n/a
4933.268	0	2466634	silence_end	silent_emerge	silence-end	n/a	n/a	n/a	n/a	n/a
4933.270	0	2466635	gong_begin	silent_emerge	gong-begin	n/a	n/a	n/a	n/a	n/a
4943.310	0	2471655	gong_end	silent_emerge	gong-end	n/a	n/a	n/a	n/a	n/a
4943.312	0	2471656	subblock_end	silent_emerge	subblock-end-duration-121.383	n/a	n/a	n/a	121.383	n/a
4943.312	0	2471656	subblock_begin	silent_emerge	subblock-begin	n/a	n/a	n/a	n/a	n/a
4943.312	0	2471656	silence_begin	silent_emerge	silence-begin	n/a	n/a	n/a	n/a	n/a
4949.676	0	2474838	clicker_press	silent_emerge	response-received-arrow_up	n/a	n/a	n/a	n/a	arrow_up
4949.772	0	2474886	report_window_begin	silent_emerge	emerge-nosapo-emerge-begin	n/a	n/a	n/a	n/a	n/a
4949.938	0	2474969	clicker_press	silent_emerge	response-received-arrow_up	n/a	n/a	n/a	n/a	arrow_up
4950.204	0	2475102	clicker_press	silent_emerge	response-received-arrow_up	n/a	n/a	n/a	n/a	arrow_up
4950.504	0	2475252	clicker_press	silent_emerge	response-received-arrow_up	n/a	n/a	n/a	n/a	arrow_up
4953.784	0	2476892	depth_rating	silent_emerge	rating-nosapo-emerge-meditation_depth-4	4	n/a	n/a	n/a	n/a
4961.412	0	2480706	clicker_press	silent_emerge	response-received-arrow_up	n/a	n/a	n/a	n/a	arrow_up
4961.662	0	2480831	clicker_press	silent_emerge	response-received-arrow_up	n/a	n/a	n/a	n/a	arrow_up
4961.928	0	2480964	clicker_press	silent_emerge	response-received-arrow_up	n/a	n/a	n/a	n/a	arrow_up
4962.212	0	2481106	clicker_press	silent_emerge	response-received-arrow_up	n/a	n/a	n/a	n/a	arrow_up
4962.462	0	2481231	clicker_press	silent_emerge	response-received-arrow_up	n/a	n/a	n/a	n/a	arrow_up
4963.910	0	2481955	confidence_rating	silent_emerge	rating-nosapo-emerge-confidence_depth-5	n/a	5	n/a	n/a	n/a
4967.392	0	2483696	report_window_end	silent_emerge	emerge-nosapo-emerge-end	n/a	n/a	n/a	n/a	n/a
4967.392	0	2483696	subblock_begin	silent_emerge	subblock-begin	n/a	n/a	n/a	n/a	n/a
4967.392	0	2483696	silence_begin	silent_emerge	silence-begin	n/a	n/a	n/a	n/a	n/a
5075.484	0	2537742	silence_end	silent_emerge	silence-end	n/a	n/a	n/a	n/a	n/a
5075.500	0	2537750	gong_begin	silent_emerge	gong-begin	n/a	n/a	n/a	n/a	n/a
5085.510	0	2542755	gong_end	silent_emerge	gong-end	n/a	n/a	n/a	n/a	n/a
5085.510	0	2542755	subblock_end	silent_emerge	subblock-end-duration-118.117	n/a	n/a	n/a	118.117	n/a
5085.510	0	2542755	subblock_begin	silent_emerge	subblock-begin	n/a	n/a	n/a	n/a	n/a
5085.510	0	2542755	silence_begin	silent_emerge	silence-begin	n/a	n/a	n/a	n/a	n/a
5086.496	0	2543248	clicker_press	silent_emerge	response-received-arrow_up	n/a	n/a	n/a	n/a	arrow_up
5086.540	0	2543270	report_window_begin	silent_emerge	emerge-nosapo-emerge-begin	n/a	n/a	n/a	n/a	n/a
5086.826	0	2543413	clicker_press	silent_emerge	response-received-arrow_up	n/a	n/a	n/a	n/a	arrow_up
5087.124	0	2543562	clicker_press	silent_emerge	response-received-arrow_up	n/a	n/a	n/a	n/a	arrow_up
5090.588	0	2545294	depth_rating	silent_emerge	rating-nosapo-emerge-meditation_depth-3	3	n/a	n/a	n/a	n/a
5096.984	0	2548492	clicker_press	silent_emerge	response-received-arrow_up	n/a	n/a	n/a	n/a	arrow_up
5097.266	0	2548633	clicker_press	silent_emerge	response-received-arrow_up	n/a	n/a	n/a	n/a	arrow_up
5097.532	0	2548766	clicker_press	silent_emerge	response-received-arrow_up	n/a	n/a	n/a	n/a	arrow_up
5097.866	0	2548933	clicker_press	silent_emerge	response-received-arrow_up	n/a	n/a	n/a	n/a	arrow_up
5100.614	0	2550307	confidence_rating	silent_emerge	rating-nosapo-emerge-confidence_depth-4	n/a	4	n/a	n/a	n/a
5104.044	0	2552022	report_window_end	silent_emerge	emerge-nosapo-emerge-end	n/a	n/a	n/a	n/a	n/a
5104.044	0	2552022	subblock_begin	silent_emerge	subblock-begin	n/a	n/a	n/a	n/a	n/a
5104.044	0	2552022	silence_begin	silent_emerge	silence-begin	n/a	n/a	n/a	n/a	n/a
5220.054	0	2610027	clicker_press	silent_emerge	response-received-arrow_up	n/a	n/a	n/a	n/a	arrow_up
5220.214	0	2610107	report_window_begin	silent_emerge	emerge-nosapo-emerge-begin	n/a	n/a	n/a	n/a	n/a
5220.380	0	2610190	clicker_press	silent_emerge	response-received-arrow_up	n/a	n/a	n/a	n/a	arrow_up
5224.228	0	2612114	depth_rating	silent_emerge	rating-nosapo-emerge-meditation_depth-2	2	n/a	n/a	n/a	n/a
5230.556	0	2615278	clicker_press	silent_emerge	response-received-arrow_up	n/a	n/a	n/a	n/a	arrow_up
5230.856	0	2615428	clicker_press	silent_emerge	response-received-arrow_up	n/a	n/a	n/a	n/a	arrow_up
5231.138	0	2615569	clicker_press	silent_emerge	response-received-arrow_up	n/a	n/a	n/a	n/a	arrow_up
5231.506	0	2615753	clicker_press	silent_emerge	response-received-arrow_up	n/a	n/a	n/a	n/a	arrow_up
5234.352	0	2617176	confidence_rating	silent_emerge	rating-nosapo-emerge-confidence_depth-4	n/a	4	n/a	n/a	n/a
5237.866	0	2618933	report_window_end	silent_emerge	emerge-nosapo-emerge-end	n/a	n/a	n/a	n/a	n/a
5237.868	0	2618934	subblock_begin	silent_emerge	subblock-begin	n/a	n/a	n/a	n/a	n/a
5237.868	0	2618934	silence_begin	silent_emerge	silence-begin	n/a	n/a	n/a	n/a	n/a
5329.790	0	2664895	clicker_press	silent_emerge	response-received-arrow_up	n/a	n/a	n/a	n/a	arrow_up
5329.806	0	2664903	report_window_begin	silent_emerge	emerge-nosapo-emerge-begin	n/a	n/a	n/a	n/a	n/a
5330.090	0	2665045	clicker_press	silent_emerge	response-received-arrow_up	n/a	n/a	n/a	n/a	arrow_up
5330.372	0	2665186	clicker_press	silent_emerge	response-received-arrow_up	n/a	n/a	n/a	n/a	arrow_up
5333.820	0	2666910	depth_rating	silent_emerge	rating-nosapo-emerge-meditation_depth-3	3	n/a	n/a	n/a	n/a
5340.280	0	2670140	clicker_press	silent_emerge	response-received-arrow_up	n/a	n/a	n/a	n/a	arrow_up
5340.582	0	2670291	clicker_press	silent_emerge	response-received-arrow_up	n/a	n/a	n/a	n/a	arrow_up
5340.882	0	2670441	clicker_press	silent_emerge	response-received-arrow_up	n/a	n/a	n/a	n/a	arrow_up
5341.182	0	2670591	clicker_press	silent_emerge	response-received-arrow_up	n/a	n/a	n/a	n/a	arrow_up
5341.480	0	2670740	clicker_press	silent_emerge	response-received-arrow_up	n/a	n/a	n/a	n/a	arrow_up
5343.878	0	2671939	confidence_rating	silent_emerge	rating-nosapo-emerge-confidence_depth-5	n/a	5	n/a	n/a	n/a
5347.376	0	2673688	report_window_end	silent_emerge	emerge-nosapo-emerge-end	n/a	n/a	n/a	n/a	n/a
5347.376	0	2673688	subblock_begin	silent_emerge	subblock-begin	n/a	n/a	n/a	n/a	n/a
5347.376	0	2673688	silence_begin	silent_emerge	silence-begin	n/a	n/a	n/a	n/a	n/a
5462.730	0	2731365	silence_end	silent_emerge	silence-end	n/a	n/a	n/a	n/a	n/a
5462.732	0	2731366	gong_begin	silent_emerge	gong-begin	n/a	n/a	n/a	n/a	n/a
5472.738	0	2736369	gong_end	silent_emerge	gong-end	n/a	n/a	n/a	n/a	n/a
5472.740	0	2736370	subblock_end	silent_emerge	subblock-end-duration-125.362	n/a	n/a	n/a	125.362	n/a
5472.740	0	2736370	subblock_begin	silent_emerge	subblock-begin	n/a	n/a	n/a	n/a	n/a
5472.740	0	2736370	silence_begin	silent_emerge	silence-begin	n/a	n/a	n/a	n/a	n/a
5576.486	0	2788243	silence_end	silent_emerge	silence-end	n/a	n/a	n/a	n/a	n/a
5576.488	0	2788244	gong_begin	silent_emerge	gong-begin	n/a	n/a	n/a	n/a	n/a
5586.494	0	2793247	gong_end	silent_emerge	gong-end	n/a	n/a	n/a	n/a	n/a
5586.494	0	2793247	subblock_end	silent_emerge	subblock-end-duration-113.756	n/a	n/a	n/a	113.756	n/a
5586.496	0	2793248	subblock_begin	silent_emerge	subblock-begin	n/a	n/a	n/a	n/a	n/a
5586.496	0	2793248	silence_begin	silent_emerge	silence-begin	n/a	n/a	n/a	n/a	n/a
5689.192	0	2844596	silence_end	silent_emerge	silence-end	n/a	n/a	n/a	n/a	n/a
5689.460	0	2844730	gong_begin	silent_emerge	gong-begin	n/a	n/a	n/a	n/a	n/a
5699.234	0	2849617	gong_end	silent_emerge	gong-end	n/a	n/a	n/a	n/a	n/a
5699.234	0	2849617	subblock_end	silent_emerge	subblock-end-duration-112.739	n/a	n/a	n/a	112.739	n/a
5699.236	0	2849618	subblock_begin	silent_emerge	subblock-begin	n/a	n/a	n/a	n/a	n/a
5699.236	0	2849618	silence_begin	silent_emerge	silence-begin	n/a	n/a	n/a	n/a	n/a
5706.628	0	2853314	clicker_press	silent_emerge	response-received-arrow_up	n/a	n/a	n/a	n/a	arrow_up
5706.694	0	2853347	report_window_begin	silent_emerge	emerge-nosapo-emerge-begin	n/a	n/a	n/a	n/a	n/a
5706.928	0	2853464	clicker_press	silent_emerge	response-received-arrow_up	n/a	n/a	n/a	n/a	arrow_up
5707.246	0	2853623	clicker_press	silent_emerge	response-received-arrow_up	n/a	n/a	n/a	n/a	arrow_up
5707.560	0	2853780	clicker_press	silent_emerge	response-received-arrow_up	n/a	n/a	n/a	n/a	arrow_up
5710.726	0	2855363	depth_rating	silent_emerge	rating-nosapo-emerge-meditation_depth-4	4	n/a	n/a	n/a	n/a
5717.152	0	2858576	clicker_press	silent_emerge	response-received-arrow_up	n/a	n/a	n/a	n/a	arrow_up
5717.718	0	2858859	clicker_press	silent_emerge	response-received-arrow_up	n/a	n/a	n/a	n/a	arrow_up
5718.118	0	2859059	clicker_press	silent_emerge	response-received-arrow_up	n/a	n/a	n/a	n/a	arrow_up
5718.418	0	2859209	clicker_press	silent_emerge	response-received-arrow_up	n/a	n/a	n/a	n/a	arrow_up
5720.784	0	2860392	confidence_rating	silent_emerge	rating-nosapo-emerge-confidence_depth-4	n/a	4	n/a	n/a	n/a
5724.346	0	2862173	report_window_end	silent_emerge	emerge-nosapo-emerge-end	n/a	n/a	n/a	n/a	n/a
5724.348	0	2862174	subblock_begin	silent_emerge	subblock-begin	n/a	n/a	n/a	n/a	n/a
5724.348	0	2862174	silence_begin	silent_emerge	silence-begin	n/a	n/a	n/a	n/a	n/a
5836.588	0	2918294	silence_end	silent_emerge	silence-end	n/a	n/a	n/a	n/a	n/a
5836.588	0	2918294	gong_begin	silent_emerge	gong-begin	n/a	n/a	n/a	n/a	n/a
5846.446	0	2923223	clicker_press	silent_emerge	response-received-arrow_up	n/a	n/a	n/a	n/a	arrow_up
5846.480	0	2923240	gong_end	silent_emerge	gong-end	n/a	n/a	n/a	n/a	n/a
5846.480	0	2923240	report_window_begin	silent_emerge	emerge-nosapo-emerge-begin	n/a	n/a	n/a	n/a	n/a
5846.746	0	2923373	clicker_press	silent_emerge	response-received-arrow_up	n/a	n/a	n/a	n/a	arrow_up
5847.046	0	2923523	clicker_press	silent_emerge	response-received-arrow_up	n/a	n/a	n/a	n/a	arrow_up
5850.492	0	2925246	depth_rating	silent_emerge	rating-nosapo-emerge-meditation_depth-3	3	n/a	n/a	n/a	n/a
5856.970	0	2928485	clicker_press	silent_emerge	response-received-arrow_up	n/a	n/a	n/a	n/a	arrow_up
5857.270	0	2928635	clicker_press	silent_emerge	response-received-arrow_up	n/a	n/a	n/a	n/a	arrow_up
5857.554	0	2928777	clicker_press	silent_emerge	response-received-arrow_up	n/a	n/a	n/a	n/a	arrow_up
5857.854	0	2928927	clicker_press	silent_emerge	response-received-arrow_up	n/a	n/a	n/a	n/a	arrow_up
5858.186	0	2929093	clicker_press	silent_emerge	response-received-arrow_up	n/a	n/a	n/a	n/a	arrow_up
5860.600	0	2930300	confidence_rating	silent_emerge	rating-nosapo-emerge-confidence_depth-5	n/a	5	n/a	n/a	n/a
5864.032	0	2932016	report_window_end	silent_emerge	emerge-nosapo-emerge-end	n/a	n/a	n/a	n/a	n/a
5864.032	0	2932016	subblock_end	silent_emerge	subblock-end-duration-139.684	n/a	n/a	n/a	139.684	n/a
5864.032	0	2932016	subblock_begin	silent_emerge	subblock-begin	n/a	n/a	n/a	n/a	n/a
5864.032	0	2932016	silence_begin	silent_emerge	silence-begin	n/a	n/a	n/a	n/a	n/a
5979.386	0	2989693	silence_end	silent_emerge	silence-end	n/a	n/a	n/a	n/a	n/a
5979.402	0	2989701	gong_begin	silent_emerge	gong-begin	n/a	n/a	n/a	n/a	n/a
5989.410	0	2994705	gong_end	silent_emerge	gong-end	n/a	n/a	n/a	n/a	n/a
5989.412	0	2994706	subblock_end	silent_emerge	subblock-end-duration-125.378	n/a	n/a	n/a	125.378	n/a
5989.412	0	2994706	subblock_begin	silent_emerge	subblock-begin	n/a	n/a	n/a	n/a	n/a
5989.412	0	2994706	silence_begin	silent_emerge	silence-begin	n/a	n/a	n/a	n/a	n/a
6068.212	0	3034106	clicker_press	silent_emerge	response-received-arrow_up	n/a	n/a	n/a	n/a	arrow_up
6068.230	0	3034115	report_window_begin	silent_emerge	emerge-nosapo-emerge-begin	n/a	n/a	n/a	n/a	n/a
6068.512	0	3034256	clicker_press	silent_emerge	response-received-arrow_up	n/a	n/a	n/a	n/a	arrow_up
6068.812	0	3034406	clicker_press	silent_emerge	response-received-arrow_up	n/a	n/a	n/a	n/a	arrow_up
6069.112	0	3034556	clicker_press	silent_emerge	response-received-arrow_up	n/a	n/a	n/a	n/a	arrow_up
6072.310	0	3036155	depth_rating	silent_emerge	rating-nosapo-emerge-meditation_depth-4	4	n/a	n/a	n/a	n/a
6078.504	0	3039252	clicker_press	silent_emerge	response-received-arrow_up	n/a	n/a	n/a	n/a	arrow_up
6078.820	0	3039410	clicker_press	silent_emerge	response-received-arrow_up	n/a	n/a	n/a	n/a	arrow_up
6079.054	0	3039527	clicker_press	silent_emerge	response-received-arrow_up	n/a	n/a	n/a	n/a	arrow_up
6079.404	0	3039702	clicker_press	silent_emerge	response-received-arrow_up	n/a	n/a	n/a	n/a	arrow_up
6082.468	0	3041234	confidence_rating	silent_emerge	rating-nosapo-emerge-confidence_depth-4	n/a	4	n/a	n/a	n/a
6086.030	0	3043015	report_window_end	silent_emerge	emerge-nosapo-emerge-end	n/a	n/a	n/a	n/a	n/a
6086.032	0	3043016	subblock_begin	silent_emerge	subblock-begin	n/a	n/a	n/a	n/a	n/a
6086.032	0	3043016	silence_begin	silent_emerge	silence-begin	n/a	n/a	n/a	n/a	n/a
6086.146	0	3043073	silent_emerge_end	silent_emerge	block-nosapo-emerge-end	n/a	n/a	n/a	n/a	n/a
6086.148	0	3043074	block_duration	silent_emerge	block-nosapo-emerge-duration-2111	n/a	n/a	n/a	2111.000	n/a
6086.148	0	3043074	break_begin	break	break-begin	n/a	n/a	n/a	n/a	n/a
6237.638	0	3118819	clicker_press	break	response-received-enter	n/a	n/a	n/a	n/a	enter
6237.654	0	3118827	break_end	break	break-end	n/a	n/a	n/a	n/a	n/a
6270.328	0	3135164	clicker_press	n/a	response-received-arrow_up	n/a	n/a	n/a	n/a	arrow_up
6270.346	0	3135173	post_meditation_begin	post_meditation	post-meditation-begin	n/a	n/a	n/a	n/a	n/a
6570.464	0	3285232	post_meditation_end	post_meditation	post-meditation-end	n/a	n/a	n/a	n/a	n/a
6570.464	0	3285232	prompt_window_begin	post_meditation	probe-post-meditation-begin	n/a	n/a	n/a	n/a	n/a
6578.258	0	3289129	clicker_press	n/a	response-received-arrow_up	n/a	n/a	n/a	n/a	arrow_up
6578.656	0	3289328	clicker_press	n/a	response-received-arrow_up	n/a	n/a	n/a	n/a	arrow_up
6579.072	0	3289536	clicker_press	n/a	response-received-arrow_up	n/a	n/a	n/a	n/a	arrow_up
6579.488	0	3289744	depth_rating	post_meditation	rating-post-meditation-meditation_depth-3	3	n/a	n/a	n/a	n/a
6585.882	0	3292941	clicker_press	n/a	response-received-arrow_up	n/a	n/a	n/a	n/a	arrow_up
6586.234	0	3293117	clicker_press	n/a	response-received-arrow_up	n/a	n/a	n/a	n/a	arrow_up
6586.550	0	3293275	clicker_press	n/a	response-received-arrow_up	n/a	n/a	n/a	n/a	arrow_up
6586.916	0	3293458	clicker_press	n/a	response-received-arrow_up	n/a	n/a	n/a	n/a	arrow_up
6587.250	0	3293625	clicker_press	n/a	response-received-arrow_up	n/a	n/a	n/a	n/a	arrow_up
6589.580	0	3294790	confidence_rating	post_meditation	rating-post-meditation-confidence_depth-5	n/a	5	n/a	n/a	n/a
6590.612	0	3295306	prompt_window_end	post_meditation	probe-post-meditation-end	n/a	n/a	n/a	n/a	n/a
6599.872	0	3299936	task_end	n/a	task-end	n/a	n/a	n/a	n/a	n/a
