onset	duration	sample	trial_type	block	value	depth	confidence	response_time	logged_duration	key
0.000	0	0	clicker_press	n/a	response-received-arrow_up	n/a	n/a	n/a	n/a	arrow_up
7.210	0	3605	clicker_press	n/a	response-received-arrow_up	n/a	n/a	n/a	n/a	arrow_up
14.436	0	7218	clicker_press	n/a	response-received-arrow_up	n/a	n/a	n/a	n/a	arrow_up
21.432	0	10716	clicker_press	n/a	response-received-arrow_up	n/a	n/a	n/a	n/a	arrow_up
30.806	0	15403	clicker_press	n/a	response-received-arrow_up	n/a	n/a	n/a	n/a	arrow_up
47.542	0	23771	clicker_press	n/a	response-received-arrow_up	n/a	n/a	n/a	n/a	arrow_up
61.116	0	30558	clicker_press	n/a	response-received-arrow_up	n/a	n/a	n/a	n/a	arrow_up
72.122	0	36061	clicker_press	n/a	response-received-arrow_up	n/a	n/a	n/a	n/a	arrow_up
72.142	0	36071	task_begin	n/a	task-begin	n/a	n/a	n/a	n/a	n/a
171.940	0	85970	clicker_press	n/a	response-received-arrow_up	n/a	n/a	n/a	n/a	arrow_up
171.956	0	85978	baseline_begin	baseline	baseline-begin	n/a	n/a	n/a	n/a	n/a
471.958	0	235979	baseline_end	baseline	baseline-end	n/a	n/a	n/a	n/a	n/a
510.548	0	255274	clicker_press	n/a	response-received-arrow_up	n/a	n/a	n/a	n/a	arrow_up
510.560	0	255280	pre_meditation_begin	pre_meditation	pre-meditation-begin	n/a	n/a	n/a	n/a	n/a
810.594	0	405297	pre_meditation_end	pre_meditation	pre-meditation-end	n/a	n/a	n/a	n/a	n/a
810.596	0	405298	prompt_window_begin	pre_meditation	probe-pre-meditation-begin	n/a	n/a	n/a	n/a	n/a
818.004	0	409002	clicker_press	n/a	response-received-arrow_up	n/a	n/a	n/a	n/a	arrow_up
818.438	0	409219	clicker_press	n/a	response-received-arrow_up	n/a	n/a	n/a	n/a	arrow_up
818.838	0	409419	clicker_press	n/a	response-received-arrow_up	n/a	n/a	n/a	n/a	arrow_up
819.638	0	409819	depth_rating	pre_meditation	rating-pre-meditation-meditation_depth-3	3	n/a	n/a	n/a	n/a
825.582	0	412791	clicker_press	n/a	response-received-arrow_up	n/a	n/a	n/a	n/a	arrow_up
825.982	0	412991	clicker_press	n/a	response-received-arrow_up	n/a	n/a	n/a	n/a	arrow_up
826.382	0	413191	clicker_press	n/a	response-received-arrow_up	n/a	n/a	n/a	n/a	arrow_up
826.780	0	413390	clicker_press	n/a	response-received-arrow_up	n/a	n/a	n/a	n/a	arrow_up
827.280	0	413640	clicker_press	n/a	response-received-arrow_up	n/a	n/a	n/a	n/a	arrow_up
829.894	0	414947	confidence_rating	pre_meditation	rating-pre-meditation-confidence_depth-5	n/a	5	n/a	n/a	n/a
830.928	0	415464	prompt_window_end	pre_meditation	probe-pre-meditation-end	n/a	n/a	n/a	n/a	n/a
899.336	0	449668	clicker_press	n/a	response-received-arrow_up	n/a	n/a	n/a	n/a	arrow_up
899.354	0	449677	sapo_probe_begin	sapo_probe	block-sapo-probe-begin	n/a	n/a	n/a	n/a	n/a
899.358	0	449679	subblock_begin	sapo_probe	subblock-begin	n/a	n/a	n/a	n/a	n/a
899.358	0	449679	silence_begin	sapo_probe	silence-begin	n/a	n/a	n/a	n/a	n/a
899.358	0	449679	standard_tone	sapo_probe	standard	n/a	n/a	n/a	n/a	n/a
900.370	0	450185	standard_tone	sapo_probe	standard	n/a	n/a	n/a	n/a	n/a
901.386	0	450693	standard_tone	sapo_probe	standard	n/a	n/a	n/a	n/a	n/a
902.402	0	451201	standard_tone	sapo_probe	standard	n/a	n/a	n/a	n/a	n/a
903.418	0	451709	standard_tone	sapo_probe	standard	n/a	n/a	n/a	n/a	n/a
904.434	0	452217	standard_tone	sapo_probe	standard	n/a	n/a	n/a	n/a	n/a
905.448	0	452724	standard_tone	sapo_probe	standard	n/a	n/a	n/a	n/a	n/a
906.448	0	453224	standard_tone	sapo_probe	standard	n/a	n/a	n/a	n/a	n/a
907.464	0	453732	standard_tone	sapo_probe	standard	n/a	n/a	n/a	n/a	n/a
908.480	0	454240	distractor_noise	sapo_probe	distractor	n/a	n/a	n/a	n/a	n/a
909.496	0	454748	oddball_tone	sapo_probe	oddball	n/a	n/a	n/a	n/a	n/a
910.512	0	455256	standard_tone	sapo_probe	standard	n/a	n/a	n/a	n/a	n/a
911.528	0	455764	standard_tone	sapo_probe	standard	n/a	n/a	n/a	n/a	n/a
912.544	0	456272	distractor_noise	sapo_probe	distractor	n/a	n/a	n/a	n/a	n/a
913.558	0	456779	standard_tone	sapo_probe	standard	n/a	n/a	n/a	n/a	n/a
914.576	0	457288	standard_tone	sapo_probe	standard	n/a	n/a	n/a	n/a	n/a
915.590	0	457795	standard_tone	sapo_probe	standard	n/a	n/a	n/a	n/a	n/a
916.606	0	458303	standard_tone	sapo_probe	standard	n/a	n/a	n/a	n/a	n/a
917.622	0	458811	standard_tone	sapo_probe	standard	n/a	n/a	n/a	n/a	n/a
918.638	0	459319	standard_tone	sapo_probe	standard	n/a	n/a	n/a	n/a	n/a
919.654	0	459827	standard_tone	sapo_probe	standard	n/a	n/a	n/a	n/a	n/a
920.670	0	460335	standard_tone	sapo_probe	standard	n/a	n/a	n/a	n/a	n/a
921.686	0	460843	standard_tone	sapo_probe	standard	n/a	n/a	n/a	n/a	n/a
922.702	0	461351	standard_tone	sapo_probe	standard	n/a	n/a	n/a	n/a	n/a
923.716	0	461858	standard_tone	sapo_probe	standard	n/a	n/a	n/a	n/a	n/a
924.732	0	462366	standard_tone	sapo_probe	standard	n/a	n/a	n/a	n/a	n/a
925.748	0	462874	standard_tone	sapo_probe	standard	n/a	n/a	n/a	n/a	n/a
926.764	0	463382	standard_tone	sapo_probe	standard	n/a	n/a	n/a	n/a	n/a
927.780	0	463890	standard_tone	sapo_probe	standard	n/a	n/a	n/a	n/a	n/a
928.798	0	464399	standard_tone	sapo_probe	standard	n/a	n/a	n/a	n/a	n/a
929.812	0	464906	distractor_noise	sapo_probe	distractor	n/a	n/a	n/a	n/a	n/a
930.828	0	465414	standard_tone	sapo_probe	standard	n/a	n/a	n/a	n/a	n/a
931.844	0	465922	standard_tone	sapo_probe	standard	n/a	n/a	n/a	n/a	n/a
932.860	0	466430	oddball_tone	sapo_probe	oddball	n/a	n/a	n/a	n/a	n/a
933.876	0	466938	standard_tone	sapo_probe	standard	n/a	n/a	n/a	n/a	n/a
934.892	0	467446	standard_tone	sapo_probe	standard	n/a	n/a	n/a	n/a	n/a
935.908	0	467954	oddball_tone	sapo_probe	oddball	n/a	n/a	n/a	n/a	n/a
936.924	0	468462	distractor_noise	sapo_probe	distractor	n/a	n/a	n/a	n/a	n/a
937.924	0	468962	standard_tone	sapo_probe	standard	n/a	n/a	n/a	n/a	n/a
938.938	0	469469	standard_tone	sapo_probe	standard	n/a	n/a	n/a	n/a	n/a
939.954	0	469977	standard_tone	sapo_probe	standard	n/a	n/a	n/a	n/a	n/a
940.970	0	470485	oddball_tone	sapo_probe	oddball	n/a	n/a	n/a	n/a	n/a
941.986	0	470993	standard_tone	sapo_probe	standard	n/a	n/a	n/a	n/a	n/a
943.002	0	471501	standard_tone	sapo_probe	standard	n/a	n/a	n/a	n/a	n/a
944.018	0	472009	standard_tone	sapo_probe	standard	n/a	n/a	n/a	n/a	n/a
945.034	0	472517	distractor_noise	sapo_probe	distractor	n/a	n/a	n/a	n/a	n/a
946.050	0	473025	standard_tone	sapo_probe	standard	n/a	n/a	n/a	n/a	n/a
947.064	0	473532	standard_tone	sapo_probe	standard	n/a	n/a	n/a	n/a	n/a
948.082	0	474041	oddball_tone	sapo_probe	oddball	n/a	n/a	n/a	n/a	n/a
949.096	0	474548	standard_tone	sapo_probe	standard	n/a	n/a	n/a	n/a	n/a
950.112	0	475056	standard_tone	sapo_probe	standard	n/a	n/a	n/a	n/a	n/a
951.128	0	475564	distractor_noise	sapo_probe	distractor	n/a	n/a	n/a	n/a	n/a
952.144	0	476072	standard_tone	sapo_probe	standard	n/a	n/a	n/a	n/a	n/a
953.160	0	476580	standard_tone	sapo_probe	standard	n/a	n/a	n/a	n/a	n/a
954.176	0	477088	standard_tone	sapo_probe	standard	n/a	n/a	n/a	n/a	n/a
955.192	0	477596	standard_tone	sapo_probe	standard	n/a	n/a	n/a	n/a	n/a
956.206	0	478103	standard_tone	sapo_probe	standard	n/a	n/a	n/a	n/a	n/a
957.224	0	478612	standard_tone	sapo_probe	standard	n/a	n/a	n/a	n/a	n/a
958.238	0	479119	standard_tone	sapo_probe	standard	n/a	n/a	n/a	n/a	n/a
959.254	0	479627	standard_tone	sapo_probe	standard	n/a	n/a	n/a	n/a	n/a
960.270	0	480135	standard_tone	sapo_probe	standard	n/a	n/a	n/a	n/a	n/a
961.286	0	480643	standard_tone	sapo_probe	standard	n/a	n/a	n/a	n/a	n/a
962.302	0	481151	standard_tone	sapo_probe	standard	n/a	n/a	n/a	n/a	n/a
963.318	0	481659	standard_tone	sapo_probe	standard	n/a	n/a	n/a	n/a	n/a
964.334	0	482167	standard_tone	sapo_probe	standard	n/a	n/a	n/a	n/a	n/a
965.350	0	482675	standard_tone	sapo_probe	standard	n/a	n/a	n/a	n/a	n/a
966.348	0	483174	standard_tone	sapo_probe	standard	n/a	n/a	n/a	n/a	n/a
967.364	0	483682	standard_tone	sapo_probe	standard	n/a	n/a	n/a	n/a	n/a
968.380	0	484190	oddball_tone	sapo_probe	oddball	n/a	n/a	n/a	n/a	n/a
969.396	0	484698	standard_tone	sapo_probe	standard	n/a	n/a	n/a	n/a	n/a
970.412	0	485206	distractor_noise	sapo_probe	distractor	n/a	n/a	n/a	n/a	n/a
971.428	0	485714	standard_tone	sapo_probe	standard	n/a	n/a	n/a	n/a	n/a
972.446	0	486223	standard_tone	sapo_probe	standard	n/a	n/a	n/a	n/a	n/a
973.460	0	486730	standard_tone	sapo_probe	standard	n/a	n/a	n/a	n/a	n/a
974.476	0	487238	standard_tone	sapo_probe	standard	n/a	n/a	n/a	n/a	n/a
975.490	0	487745	distractor_noise	sapo_probe	distractor	n/a	n/a	n/a	n/a	n/a
976.508	0	488254	standard_tone	sapo_probe	standard	n/a	n/a	n/a	n/a	n/a
977.522	0	488761	standard_tone	sapo_probe	standard	n/a	n/a	n/a	n/a	n/a
978.538	0	489269	standard_tone	sapo_probe	standard	n/a	n/a	n/a	n/a	n/a
979.578	0	489789	standard_tone	sapo_probe	standard	n/a	n/a	n/a	n/a	n/a
980.586	0	490293	standard_tone	sapo_probe	standard	n/a	n/a	n/a	n/a	n/a
981.602	0	490801	standard_tone	sapo_probe	standard	n/a	n/a	n/a	n/a	n/a
982.618	0	491309	standard_tone	sapo_probe	standard	n/a	n/a	n/a	n/a	n/a
983.634	0	491817	standard_tone	sapo_probe	standard	n/a	n/a	n/a	n/a	n/a
984.650	0	492325	standard_tone	sapo_probe	standard	n/a	n/a	n/a	n/a	n/a
985.666	0	492833	standard_tone	sapo_probe	standard	n/a	n/a	n/a	n/a	n/a
986.682	0	493341	oddball_tone	sapo_probe	oddball	n/a	n/a	n/a	n/a	n/a
987.698	0	493849	standard_tone	sapo_probe	standard	n/a	n/a	n/a	n/a	n/a
988.696	0	494348	standard_tone	sapo_probe	standard	n/a	n/a	n/a	n/a	n/a
989.712	0	494856	standard_tone	sapo_probe	standard	n/a	n/a	n/a	n/a	n/a
990.728	0	495364	standard_tone	sapo_probe	standard	n/a	n/a	n/a	n/a	n/a
991.744	0	495872	standard_tone	sapo_probe	standard	n/a	n/a	n/a	n/a	n/a
992.760	0	496380	distractor_noise	sapo_probe	distractor	n/a	n/a	n/a	n/a	n/a
993.776	0	496888	standard_tone	sapo_probe	standard	n/a	n/a	n/a	n/a	n/a
994.792	0	497396	standard_tone	sapo_probe	standard	n/a	n/a	n/a	n/a	n/a
995.808	0	497904	standard_tone	sapo_probe	standard	n/a	n/a	n/a	n/a	n/a
996.824	0	498412	standard_tone	sapo_probe	standard	n/a	n/a	n/a	n/a	n/a
997.840	0	498920	standard_tone	sapo_probe	standard	n/a	n/a	n/a	n/a	n/a
998.854	0	499427	standard_tone	sapo_probe	standard	n/a	n/a	n/a	n/a	n/a
999.870	0	499935	standard_tone	sapo_probe	standard	n/a	n/a	n/a	n/a	n/a
1000.886	0	500443	standard_tone	sapo_probe	standard	n/a	n/a	n/a	n/a	n/a
1001.902	0	500951	distractor_noise	sapo_probe	distractor	n/a	n/a	n/a	n/a	n/a
1002.918	0	501459	standard_tone	sapo_probe	standard	n/a	n/a	n/a	n/a	n/a
1003.934	0	501967	oddball_tone	sapo_probe	oddball	n/a	n/a	n/a	n/a	n/a
1004.950	0	502475	standard_tone	sapo_probe	standard	n/a	n/a	n/a	n/a	n/a
1005.966	0	502983	standard_tone	sapo_probe	standard	n/a	n/a	n/a	n/a	n/a
1006.982	0	503491	standard_tone	sapo_probe	standard	n/a	n/a	n/a	n/a	n/a
1007.980	0	503990	standard_tone	sapo_probe	standard	n/a	n/a	n/a	n/a	n/a
1008.996	0	504498	standard_tone	sapo_probe	standard	n/a	n/a	n/a	n/a	n/a
1010.012	0	505006	standard_tone	sapo_probe	standard	n/a	n/a	n/a	n/a	n/a
1011.028	0	505514	standard_tone	sapo_probe	standard	n/a	n/a	n/a	n/a	n/a
1012.044	0	506022	standard_tone	sapo_probe	standard	n/a	n/a	n/a	n/a	n/a
1013.060	0	506530	standard_tone	sapo_probe	standard	n/a	n/a	n/a	n/a	n/a
1014.076	0	507038	standard_tone	sapo_probe	standard	n/a	n/a	n/a	n/a	n/a
1015.092	0	507546	standard_tone	sapo_probe	standard	n/a	n/a	n/a	n/a	n/a
1016.090	0	508045	standard_tone	sapo_probe	standard	n/a	n/a	n/a	n/a	n/a
1017.106	0	508553	standard_tone	sapo_probe	standard	n/a	n/a	n/a	n/a	n/a
1017.822	0	508911	silence_end	sapo_probe	silence-end	n/a	n/a	n/a	n/a	n/a
1017.824	0	508912	subblock_end	sapo_probe	subblock-end-duration-118.467	n/a	n/a	n/a	118.467	n/a
1017.824	0	508912	subblock_begin	sapo_probe	subblock-begin	n/a	n/a	n/a	n/a	n/a
1017.826	0	508913	silence_begin	sapo_probe	silence-begin	n/a	n/a	n/a	n/a	n/a
1018.106	0	509053	oddball_tone	sapo_probe	oddball	n/a	n/a	n/a	n/a	n/a
1019.122	0	509561	standard_tone	sapo_probe	standard	n/a	n/a	n/a	n/a	n/a
1020.138	0	510069	standard_tone	sapo_probe	standard	n/a	n/a	n/a	n/a	n/a
1021.154	0	510577	standard_tone	sapo_probe	standard	n/a	n/a	n/a	n/a	n/a
1022.168	0	511084	standard_tone	sapo_probe	standard	n/a	n/a	n/a	n/a	n/a
1023.184	0	511592	standard_tone	sapo_probe	standard	n/a	n/a	n/a	n/a	n/a
1024.200	0	512100	standard_tone	sapo_probe	standard	n/a	n/a	n/a	n/a	n/a
1025.218	0	512609	oddball_tone	sapo_probe	oddball	n/a	n/a	n/a	n/a	n/a
1026.232	0	513116	standard_tone	sapo_probe	standard	n/a	n/a	n/a	n/a	n/a
1027.248	0	513624	standard_tone	sapo_probe	standard	n/a	n/a	n/a	n/a	n/a
1028.264	0	514132	standard_tone	sapo_probe	standard	n/a	n/a	n/a	n/a	n/a
1029.280	0	514640	standard_tone	sapo_probe	standard	n/a	n/a	n/a	n/a	n/a
1030.296	0	515148	distractor_noise	sapo_probe	distractor	n/a	n/a	n/a	n/a	n/a
1031.312	0	515656	standard_tone	sapo_probe	standard	n/a	n/a	n/a	n/a	n/a
1032.328	0	516164	standard_tone	sapo_probe	standard	n/a	n/a	n/a	n/a	n/a
1033.342	0	516671	standard_tone	sapo_probe	standard	n/a	n/a	n/a	n/a	n/a
1034.342	0	517171	standard_tone	sapo_probe	standard	n/a	n/a	n/a	n/a	n/a
1035.358	0	517679	standard_tone	sapo_probe	standard	n/a	n/a	n/a	n/a	n/a
1036.374	0	518187	standard_tone	sapo_probe	standard	n/a	n/a	n/a	n/a	n/a
1037.390	0	518695	standard_tone	sapo_probe	standard	n/a	n/a	n/a	n/a	n/a
1038.406	0	519203	standard_tone	sapo_probe	standard	n/a	n/a	n/a	n/a	n/a
1039.422	0	519711	standard_tone	sapo_probe	standard	n/a	n/a	n/a	n/a	n/a
1040.438	0	520219	oddball_tone	sapo_probe	oddball	n/a	n/a	n/a	n/a	n/a
1041.454	0	520727	standard_tone	sapo_probe	standard	n/a	n/a	n/a	n/a	n/a
1042.468	0	521234	oddball_tone	sapo_probe	oddball	n/a	n/a	n/a	n/a	n/a
1043.484	0	521742	distractor_noise	sapo_probe	distractor	n/a	n/a	n/a	n/a	n/a
1044.500	0	522250	standard_tone	sapo_probe	standard	n/a	n/a	n/a	n/a	n/a
1045.516	0	522758	standard_tone	sapo_probe	standard	n/a	n/a	n/a	n/a	n/a
1046.532	0	523266	standard_tone	sapo_probe	standard	n/a	n/a	n/a	n/a	n/a
1047.548	0	523774	standard_tone	sapo_probe	standard	n/a	n/a	n/a	n/a	n/a
1048.564	0	524282	standard_tone	sapo_probe	standard	n/a	n/a	n/a	n/a	n/a
1049.562	0	524781	standard_tone	sapo_probe	standard	n/a	n/a	n/a	n/a	n/a
1050.578	0	525289	standard_tone	sapo_probe	standard	n/a	n/a	n/a	n/a	n/a
1051.594	0	525797	standard_tone	sapo_probe	standard	n/a	n/a	n/a	n/a	n/a
1052.610	0	526305	distractor_noise	sapo_probe	distractor	n/a	n/a	n/a	n/a	n/a
1053.626	0	526813	standard_tone	sapo_probe	standard	n/a	n/a	n/a	n/a	n/a
1054.642	0	527321	standard_tone	sapo_probe	standard	n/a	n/a	n/a	n/a	n/a
1055.658	0	527829	standard_tone	sapo_probe	standard	n/a	n/a	n/a	n/a	n/a
1056.674	0	528337	standard_tone	sapo_probe	standard	n/a	n/a	n/a	n/a	n/a
1057.690	0	528845	oddball_tone	sapo_probe	oddball	n/a	n/a	n/a	n/a	n/a
1058.706	0	529353	standard_tone	sapo_probe	standard	n/a	n/a	n/a	n/a	n/a
1059.720	0	529860	standard_tone	sapo_probe	standard	n/a	n/a	n/a	n/a	n/a
1060.738	0	530369	standard_tone	sapo_probe	standard	n/a	n/a	n/a	n/a	n/a
1061.752	0	530876	standard_tone	sapo_probe	standard	n/a	n/a	n/a	n/a	n/a
1062.768	0	531384	standard_tone	sapo_probe	standard	n/a	n/a	n/a	n/a	n/a
1063.784	0	531892	standard_tone	sapo_probe	standard	n/a	n/a	n/a	n/a	n/a
1064.800	0	532400	standard_tone	sapo_probe	standard	n/a	n/a	n/a	n/a	n/a
1065.816	0	532908	oddball_tone	sapo_probe	oddball	n/a	n/a	n/a	n/a	n/a
1066.816	0	533408	standard_tone	sapo_probe	standard	n/a	n/a	n/a	n/a	n/a
1067.832	0	533916	standard_tone	sapo_probe	standard	n/a	n/a	n/a	n/a	n/a
1068.848	0	534424	standard_tone	sapo_probe	standard	n/a	n/a	n/a	n/a	n/a
1069.862	0	534931	standard_tone	sapo_probe	standard	n/a	n/a	n/a	n/a	n/a
1070.862	0	535431	standard_tone	sapo_probe	standard	n/a	n/a	n/a	n/a	n/a
1071.878	0	535939	standard_tone	sapo_probe	standard	n/a	n/a	n/a	n/a	n/a
1072.894	0	536447	oddball_tone	sapo_probe	oddball	n/a	n/a	n/a	n/a	n/a
1073.910	0	536955	standard_tone	sapo_probe	standard	n/a	n/a	n/a	n/a	n/a
1074.926	0	537463	standard_tone	sapo_probe	standard	n/a	n/a	n/a	n/a	n/a
1075.942	0	537971	standard_tone	sapo_probe	standard	n/a	n/a	n/a	n/a	n/a
1076.958	0	538479	standard_tone	sapo_probe	standard	n/a	n/a	n/a	n/a	n/a
1077.972	0	538986	standard_tone	sapo_probe	standard	n/a	n/a	n/a	n/a	n/a
1078.988	0	539494	standard_tone	sapo_probe	standard	n/a	n/a	n/a	n/a	n/a
1079.988	0	539994	standard_tone	sapo_probe	standard	n/a	n/a	n/a	n/a	n/a
1081.004	0	540502	distractor_noise	sapo_probe	distractor	n/a	n/a	n/a	n/a	n/a
1082.018	0	541009	standard_tone	sapo_probe	standard	n/a	n/a	n/a	n/a	n/a
1083.036	0	541518	standard_tone	sapo_probe	standard	n/a	n/a	n/a	n/a	n/a
1084.052	0	542026	distractor_noise	sapo_probe	distractor	n/a	n/a	n/a	n/a	n/a
1085.068	0	542534	oddball_tone	sapo_probe	oddball	n/a	n/a	n/a	n/a	n/a
1085.366	0	542683	prompt_window_begin	sapo_probe	probe-sapo-probe-begin	n/a	n/a	n/a	n/a	n/a
1091.394	0	545697	clicker_press	sapo_probe	response-received-arrow_up	n/a	n/a	n/a	n/a	arrow_up
1094.410	0	547205	depth_rating	sapo_probe	rating-sapo-probe-meditation_depth-1	1	n/a	n/a	n/a	n/a
1097.324	0	548662	clicker_press	sapo_probe	response-received-arrow_up	n/a	n/a	n/a	n/a	arrow_up
1098.006	0	549003	clicker_press	sapo_probe	response-received-arrow_up	n/a	n/a	n/a	n/a	arrow_up
1098.640	0	549320	clicker_press	sapo_probe	response-received-arrow_up	n/a	n/a	n/a	n/a	arrow_up
1099.406	0	549703	clicker_press	sapo_probe	response-received-arrow_up	n/a	n/a	n/a	n/a	arrow_up
1100.106	0	550053	clicker_press	sapo_probe	response-received-arrow_up	n/a	n/a	n/a	n/a	arrow_up
1104.502	0	552251	confidence_rating	sapo_probe	rating-sapo-probe-confidence_depth-5	n/a	5	n/a	n/a	n/a
1107.966	0	553983	prompt_window_end	sapo_probe	probe-sapo-probe-end	n/a	n/a	n/a	n/a	n/a
1107.966	0	553983	standard_tone	sapo_probe	standard	n/a	n/a	n/a	n/a	n/a
1108.982	0	554491	standard_tone	sapo_probe	standard	n/a	n/a	n/a	n/a	n/a
1109.996	0	554998	standard_tone	sapo_probe	standard	n/a	n/a	n/a	n/a	n/a
1111.012	0	555506	standard_tone	sapo_probe	standard	n/a	n/a	n/a	n/a	n/a
1112.028	0	556014	oddball_tone	sapo_probe	oddball	n/a	n/a	n/a	n/a	n/a
1113.044	0	556522	standard_tone	sapo_probe	standard	n/a	n/a	n/a	n/a	n/a
1114.060	0	557030	standard_tone	sapo_probe	standard	n/a	n/a	n/a	n/a	n/a
1115.076	0	557538	standard_tone	sapo_probe	standard	n/a	n/a	n/a	n/a	n/a
1116.092	0	558046	standard_tone	sapo_probe	standard	n/a	n/a	n/a	n/a	n/a
1117.108	0	558554	standard_tone	sapo_probe	standard	n/a	n/a	n/a	n/a	n/a
1118.122	0	559061	standard_tone	sapo_probe	standard	n/a	n/a	n/a	n/a	n/a
1119.138	0	559569	standard_tone	sapo_probe	standard	n/a	n/a	n/a	n/a	n/a
1120.154	0	560077	distractor_noise	sapo_probe	distractor	n/a	n/a	n/a	n/a	n/a
1121.170	0	560585	standard_tone	sapo_probe	standard	n/a	n/a	n/a	n/a	n/a
1122.186	0	561093	standard_tone	sapo_probe	standard	n/a	n/a	n/a	n/a	n/a
1123.186	0	561593	standard_tone	sapo_probe	standard	n/a	n/a	n/a	n/a	n/a
1124.202	0	562101	standard_tone	sapo_probe	standard	n/a	n/a	n/a	n/a	n/a
1125.218	0	562609	standard_tone	sapo_probe	standard	n/a	n/a	n/a	n/a	n/a
1126.232	0	563116	standard_tone	sapo_probe	standard	n/a	n/a	n/a	n/a	n/a
1127.248	0	563624	standard_tone	sapo_probe	standard	n/a	n/a	n/a	n/a	n/a
1128.264	0	564132	distractor_noise	sapo_probe	distractor	n/a	n/a	n/a	n/a	n/a
1129.280	0	564640	standard_tone	sapo_probe	standard	n/a	n/a	n/a	n/a	n/a
1130.316	0	565158	standard_tone	sapo_probe	standard	n/a	n/a	n/a	n/a	n/a
1131.328	0	565664	oddball_tone	sapo_probe	oddball	n/a	n/a	n/a	n/a	n/a
1132.344	0	566172	standard_tone	sapo_probe	standard	n/a	n/a	n/a	n/a	n/a
1133.360	0	566680	standard_tone	sapo_probe	standard	n/a	n/a	n/a	n/a	n/a
1134.376	0	567188	standard_tone	sapo_probe	standard	n/a	n/a	n/a	n/a	n/a
1135.392	0	567696	standard_tone	sapo_probe	standard	n/a	n/a	n/a	n/a	n/a
1136.408	0	568204	standard_tone	sapo_probe	standard	n/a	n/a	n/a	n/a	n/a
1137.424	0	568712	oddball_tone	sapo_probe	oddball	n/a	n/a	n/a	n/a	n/a
1138.440	0	569220	standard_tone	sapo_probe	standard	n/a	n/a	n/a	n/a	n/a
1139.456	0	569728	standard_tone	sapo_probe	standard	n/a	n/a	n/a	n/a	n/a
1140.470	0	570235	standard_tone	sapo_probe	standard	n/a	n/a	n/a	n/a	n/a
1141.488	0	570744	standard_tone	sapo_probe	standard	n/a	n/a	n/a	n/a	n/a
1142.502	0	571251	standard_tone	sapo_probe	standard	n/a	n/a	n/a	n/a	n/a
1143.518	0	571759	standard_tone	sapo_probe	standard	n/a	n/a	n/a	n/a	n/a
1144.534	0	572267	standard_tone	sapo_probe	standard	n/a	n/a	n/a	n/a	n/a
1145.550	0	572775	standard_tone	sapo_probe	standard	n/a	n/a	n/a	n/a	n/a
1146.566	0	573283	distractor_noise	sapo_probe	distractor	n/a	n/a	n/a	n/a	n/a
1147.566	0	573783	standard_tone	sapo_probe	standard	n/a	n/a	n/a	n/a	n/a
1148.582	0	574291	standard_tone	sapo_probe	standard	n/a	n/a	n/a	n/a	n/a
1149.598	0	574799	standard_tone	sapo_probe	standard	n/a	n/a	n/a	n/a	n/a
1150.612	0	575306	standard_tone	sapo_probe	standard	n/a	n/a	n/a	n/a	n/a
1151.628	0	575814	standard_tone	sapo_probe	standard	n/a	n/a	n/a	n/a	n/a
1152.646	0	576323	standard_tone	sapo_probe	standard	n/a	n/a	n/a	n/a	n/a
1153.660	0	576830	oddball_tone	sapo_probe	oddball	n/a	n/a	n/a	n/a	n/a
1153.976	0	576988	silence_end	sapo_probe	silence-end	n/a	n/a	n/a	n/a	n/a
1153.978	0	576989	subblock_end	sapo_probe	subblock-end-duration-136.153	n/a	n/a	n/a	136.153	n/a
1153.978	0	576989	subblock_begin	sapo_probe	subblock-begin	n/a	n/a	n/a	n/a	n/a
1153.978	0	576989	silence_begin	sapo_probe	silence-begin	n/a	n/a	n/a	n/a	n/a
1154.676	0	577338	standard_tone	sapo_probe	standard	n/a	n/a	n/a	n/a	n/a
1155.692	0	577846	standard_tone	sapo_probe	standard	n/a	n/a	n/a	n/a	n/a
1156.692	0	578346	standard_tone	sapo_probe	standard	n/a	n/a	n/a	n/a	n/a
1157.708	0	578854	standard_tone	sapo_probe	standard	n/a	n/a	n/a	n/a	n/a
1158.722	0	579361	standard_tone	sapo_probe	standard	n/a	n/a	n/a	n/a	n/a
1159.722	0	579861	oddball_tone	sapo_probe	oddball	n/a	n/a	n/a	n/a	n/a
1160.738	0	580369	standard_tone	sapo_probe	standard	n/a	n/a	n/a	n/a	n/a
1161.738	0	580869	standard_tone	sapo_probe	standard	n/a	n/a	n/a	n/a	n/a
1162.752	0	581376	standard_tone	sapo_probe	standard	n/a	n/a	n/a	n/a	n/a
1163.754	0	581877	distractor_noise	sapo_probe	distractor	n/a	n/a	n/a	n/a	n/a
1164.768	0	582384	standard_tone	sapo_probe	standard	n/a	n/a	n/a	n/a	n/a
1165.784	0	582892	standard_tone	sapo_probe	standard	n/a	n/a	n/a	n/a	n/a
1166.784	0	583392	standard_tone	sapo_probe	standard	n/a	n/a	n/a	n/a	n/a
1167.798	0	583899	standard_tone	sapo_probe	standard	n/a	n/a	n/a	n/a	n/a
1168.814	0	584407	standard_tone	sapo_probe	standard	n/a	n/a	n/a	n/a	n/a
1169.830	0	584915	standard_tone	sapo_probe	standard	n/a	n/a	n/a	n/a	n/a
1170.846	0	585423	standard_tone	sapo_probe	standard	n/a	n/a	n/a	n/a	n/a
1171.862	0	585931	oddball_tone	sapo_probe	oddball	n/a	n/a	n/a	n/a	n/a
1172.878	0	586439	standard_tone	sapo_probe	standard	n/a	n/a	n/a	n/a	n/a
1173.894	0	586947	standard_tone	sapo_probe	standard	n/a	n/a	n/a	n/a	n/a
1174.910	0	587455	standard_tone	sapo_probe	standard	n/a	n/a	n/a	n/a	n/a
1175.924	0	587962	standard_tone	sapo_probe	standard	n/a	n/a	n/a	n/a	n/a
1176.940	0	588470	oddball_tone	sapo_probe	oddball	n/a	n/a	n/a	n/a	n/a
1177.958	0	588979	standard_tone	sapo_probe	standard	n/a	n/a	n/a	n/a	n/a
1178.972	0	589486	standard_tone	sapo_probe	standard	n/a	n/a	n/a	n/a	n/a
1179.988	0	589994	standard_tone	sapo_probe	standard	n/a	n/a	n/a	n/a	n/a
1181.004	0	590502	distractor_noise	sapo_probe	distractor	n/a	n/a	n/a	n/a	n/a
1182.020	0	591010	standard_tone	sapo_probe	standard	n/a	n/a	n/a	n/a	n/a
1183.036	0	591518	standard_tone	sapo_probe	standard	n/a	n/a	n/a	n/a	n/a
1184.036	0	592018	standard_tone	sapo_probe	standard	n/a	n/a	n/a	n/a	n/a
1185.050	0	592525	standard_tone	sapo_probe	standard	n/a	n/a	n/a	n/a	n/a
1186.050	0	593025	distractor_noise	sapo_probe	distractor	n/a	n/a	n/a	n/a	n/a
1187.066	0	593533	standard_tone	sapo_probe	standard	n/a	n/a	n/a	n/a	n/a
1188.082	0	594041	standard_tone	sapo_probe	standard	n/a	n/a	n/a	n/a	n/a
1189.098	0	594549	distractor_noise	sapo_probe	distractor	n/a	n/a	n/a	n/a	n/a
1190.114	0	595057	standard_tone	sapo_probe	standard	n/a	n/a	n/a	n/a	n/a
1191.130	0	595565	standard_tone	sapo_probe	standard	n/a	n/a	n/a	n/a	n/a
1192.146	0	596073	standard_tone	sapo_probe	standard	n/a	n/a	n/a	n/a	n/a
1193.160	0	596580	standard_tone	sapo_probe	standard	n/a	n/a	n/a	n/a	n/a
1194.176	0	597088	standard_tone	sapo_probe	standard	n/a	n/a	n/a	n/a	n/a
1195.192	0	597596	standard_tone	sapo_probe	standard	n/a	n/a	n/a	n/a	n/a
1196.208	0	598104	standard_tone	sapo_probe	standard	n/a	n/a	n/a	n/a	n/a
1197.224	0	598612	standard_tone	sapo_probe	standard	n/a	n/a	n/a	n/a	n/a
1198.224	0	599112	standard_tone	sapo_probe	standard	n/a	n/a	n/a	n/a	n/a
1199.240	0	599620	oddball_tone	sapo_probe	oddball	n/a	n/a	n/a	n/a	n/a
1200.254	0	600127	standard_tone	sapo_probe	standard	n/a	n/a	n/a	n/a	n/a
1201.270	0	600635	standard_tone	sapo_probe	standard	n/a	n/a	n/a	n/a	n/a
1202.286	0	601143	standard_tone	sapo_probe	standard	n/a	n/a	n/a	n/a	n/a
1203.286	0	601643	distractor_noise	sapo_probe	distractor	n/a	n/a	n/a	n/a	n/a
1204.302	0	602151	standard_tone	sapo_probe	standard	n/a	n/a	n/a	n/a	n/a
1205.318	0	602659	distractor_noise	sapo_probe	distractor	n/a	n/a	n/a	n/a	n/a
1206.334	0	603167	standard_tone	sapo_probe	standard	n/a	n/a	n/a	n/a	n/a
1207.350	0	603675	standard_tone	sapo_probe	standard	n/a	n/a	n/a	n/a	n/a
1208.364	0	604182	standard_tone	sapo_probe	standard	n/a	n/a	n/a	n/a	n/a
1209.380	0	604690	standard_tone	sapo_probe	standard	n/a	n/a	n/a	n/a	n/a
1210.396	0	605198	standard_tone	sapo_probe	standard	n/a	n/a	n/a	n/a	n/a
1211.412	0	605706	standard_tone	sapo_probe	standard	n/a	n/a	n/a	n/a	n/a
1212.428	0	606214	standard_tone	sapo_probe	standard	n/a	n/a	n/a	n/a	n/a
1213.444	0	606722	standard_tone	sapo_probe	standard	n/a	n/a	n/a	n/a	n/a
1214.460	0	607230	standard_tone	sapo_probe	standard	n/a	n/a	n/a	n/a	n/a
1215.460	0	607730	standard_tone	sapo_probe	standard	n/a	n/a	n/a	n/a	n/a
1216.474	0	608237	oddball_tone	sapo_probe	oddball	n/a	n/a	n/a	n/a	n/a
1217.490	0	608745	standard_tone	sapo_probe	standard	n/a	n/a	n/a	n/a	n/a
1218.490	0	609245	standard_tone	sapo_probe	standard	n/a	n/a	n/a	n/a	n/a
1219.506	0	609753	standard_tone	sapo_probe	standard	n/a	n/a	n/a	n/a	n/a
1220.522	0	610261	standard_tone	sapo_probe	standard	n/a	n/a	n/a	n/a	n/a
1221.538	0	610769	oddball_tone	sapo_probe	oddball	n/a	n/a	n/a	n/a	n/a
1222.554	0	611277	standard_tone	sapo_probe	standard	n/a	n/a	n/a	n/a	n/a
1223.568	0	611784	standard_tone	sapo_probe	standard	n/a	n/a	n/a	n/a	n/a
1224.586	0	612293	standard_tone	sapo_probe	standard	n/a	n/a	n/a	n/a	n/a
1225.600	0	612800	distractor_noise	sapo_probe	distractor	n/a	n/a	n/a	n/a	n/a
1226.616	0	613308	standard_tone	sapo_probe	standard	n/a	n/a	n/a	n/a	n/a
1227.616	0	613808	standard_tone	sapo_probe	standard	n/a	n/a	n/a	n/a	n/a
1228.632	0	614316	oddball_tone	sapo_probe	oddball	n/a	n/a	n/a	n/a	n/a
1229.648	0	614824	standard_tone	sapo_probe	standard	n/a	n/a	n/a	n/a	n/a
1230.662	0	615331	standard_tone	sapo_probe	standard	n/a	n/a	n/a	n/a	n/a
1231.678	0	615839	standard_tone	sapo_probe	standard	n/a	n/a	n/a	n/a	n/a
1232.694	0	616347	standard_tone	sapo_probe	standard	n/a	n/a	n/a	n/a	n/a
1233.710	0	616855	standard_tone	sapo_probe	standard	n/a	n/a	n/a	n/a	n/a
1234.726	0	617363	standard_tone	sapo_probe	standard	n/a	n/a	n/a	n/a	n/a
1235.742	0	617871	standard_tone	sapo_probe	standard	n/a	n/a	n/a	n/a	n/a
1236.758	0	618379	standard_tone	sapo_probe	standard	n/a	n/a	n/a	n/a	n/a
1237.774	0	618887	standard_tone	sapo_probe	standard	n/a	n/a	n/a	n/a	n/a
1238.790	0	619395	oddball_tone	sapo_probe	oddball	n/a	n/a	n/a	n/a	n/a
1239.790	0	619895	standard_tone	sapo_probe	standard	n/a	n/a	n/a	n/a	n/a
1240.804	0	620402	distractor_noise	sapo_probe	distractor	n/a	n/a	n/a	n/a	n/a
1241.820	0	620910	standard_tone	sapo_probe	standard	n/a	n/a	n/a	n/a	n/a
1242.838	0	621419	standard_tone	sapo_probe	standard	n/a	n/a	n/a	n/a	n/a
1243.852	0	621926	standard_tone	sapo_probe	standard	n/a	n/a	n/a	n/a	n/a
1244.868	0	622434	standard_tone	sapo_probe	standard	n/a	n/a	n/a	n/a	n/a
1245.884	0	622942	standard_tone	sapo_probe	standard	n/a	n/a	n/a	n/a	n/a
1246.900	0	623450	standard_tone	sapo_probe	standard	n/a	n/a	n/a	n/a	n/a
1247.916	0	623958	standard_tone	sapo_probe	standard	n/a	n/a	n/a	n/a	n/a
1248.932	0	624466	standard_tone	sapo_probe	standard	n/a	n/a	n/a	n/a	n/a
1249.948	0	624974	standard_tone	sapo_probe	standard	n/a	n/a	n/a	n/a	n/a
1250.962	0	625481	standard_tone	sapo_probe	standard	n/a	n/a	n/a	n/a	n/a
1251.980	0	625990	standard_tone	sapo_probe	standard	n/a	n/a	n/a	n/a	n/a
1252.996	0	626498	standard_tone	sapo_probe	standard	n/a	n/a	n/a	n/a	n/a
1254.010	0	627005	standard_tone	sapo_probe	standard	n/a	n/a	n/a	n/a	n/a
1255.026	0	627513	standard_tone	sapo_probe	standard	n/a	n/a	n/a	n/a	n/a
1256.042	0	628021	standard_tone	sapo_probe	standard	n/a	n/a	n/a	n/a	n/a
1257.058	0	628529	oddball_tone	sapo_probe	oddball	n/a	n/a	n/a	n/a	n/a
1258.074	0	629037	standard_tone	sapo_probe	standard	n/a	n/a	n/a	n/a	n/a
1259.090	0	629545	standard_tone	sapo_probe	standard	n/a	n/a	n/a	n/a	n/a
1260.106	0	630053	standard_tone	sapo_probe	standard	n/a	n/a	n/a	n/a	n/a
1261.122	0	630561	standard_tone	sapo_probe	standard	n/a	n/a	n/a	n/a	n/a
1262.138	0	631069	standard_tone	sapo_probe	standard	n/a	n/a	n/a	n/a	n/a
1263.154	0	631577	oddball_tone	sapo_probe	oddball	n/a	n/a	n/a	n/a	n/a
1264.170	0	632085	standard_tone	sapo_probe	standard	n/a	n/a	n/a	n/a	n/a
1265.186	0	632593	standard_tone	sapo_probe	standard	n/a	n/a	n/a	n/a	n/a
1266.200	0	633100	standard_tone	sapo_probe	standard	n/a	n/a	n/a	n/a	n/a
1267.216	0	633608	oddball_tone	sapo_probe	oddball	n/a	n/a	n/a	n/a	n/a
1268.232	0	634116	standard_tone	sapo_probe	standard	n/a	n/a	n/a	n/a	n/a
1268.316	0	634158	silence_end	sapo_probe	silence-end	n/a	n/a	n/a	n/a	n/a
1268.316	0	634158	gong_begin	sapo_probe	gong-begin	n/a	n/a	n/a	n/a	n/a
1278.374	0	639187	gong_end	sapo_probe	gong-end	n/a	n/a	n/a	n/a	n/a
1278.374	0	639187	subblock_end	sapo_probe	subblock-end-duration-124.396	n/a	n/a	n/a	124.396	n/a
1278.376	0	639188	subblock_begin	sapo_probe	subblock-begin	n/a	n/a	n/a	n/a	n/a
1278.376	0	639188	silence_begin	sapo_probe	silence-begin	n/a	n/a	n/a	n/a	n/a
1278.376	0	639188	oddball_tone	sapo_probe	oddball	n/a	n/a	n/a	n/a	n/a
1279.390	0	639695	standard_tone	sapo_probe	standard	n/a	n/a	n/a	n/a	n/a
1280.406	0	640203	standard_tone	sapo_probe	standard	n/a	n/a	n/a	n/a	n/a
1281.422	0	640711	standard_tone	sapo_probe	standard	n/a	n/a	n/a	n/a	n/a
1282.438	0	641219	distractor_noise	sapo_probe	distractor	n/a	n/a	n/a	n/a	n/a
1283.452	0	641726	standard_tone	sapo_probe	standard	n/a	n/a	n/a	n/a	n/a
1284.468	0	642234	standard_tone	sapo_probe	standard	n/a	n/a	n/a	n/a	n/a
1285.484	0	642742	oddball_tone	sapo_probe	oddball	n/a	n/a	n/a	n/a	n/a
1286.500	0	643250	standard_tone	sapo_probe	standard	n/a	n/a	n/a	n/a	n/a
1287.516	0	643758	standard_tone	sapo_probe	standard	n/a	n/a	n/a	n/a	n/a
1288.532	0	644266	standard_tone	sapo_probe	standard	n/a	n/a	n/a	n/a	n/a
1289.548	0	644774	standard_tone	sapo_probe	standard	n/a	n/a	n/a	n/a	n/a
1290.564	0	645282	standard_tone	sapo_probe	standard	n/a	n/a	n/a	n/a	n/a
1291.580	0	645790	standard_tone	sapo_probe	standard	n/a	n/a	n/a	n/a	n/a
1292.596	0	646298	distractor_noise	sapo_probe	distractor	n/a	n/a	n/a	n/a	n/a
1293.610	0	646805	standard_tone	sapo_probe	standard	n/a	n/a	n/a	n/a	n/a
1294.626	0	647313	standard_tone	sapo_probe	standard	n/a	n/a	n/a	n/a	n/a
1295.642	0	647821	oddball_tone	sapo_probe	oddball	n/a	n/a	n/a	n/a	n/a
1296.658	0	648329	standard_tone	sapo_probe	standard	n/a	n/a	n/a	n/a	n/a
1297.674	0	648837	standard_tone	sapo_probe	standard	n/a	n/a	n/a	n/a	n/a
1298.690	0	649345	standard_tone	sapo_probe	standard	n/a	n/a	n/a	n/a	n/a
1299.706	0	649853	standard_tone	sapo_probe	standard	n/a	n/a	n/a	n/a	n/a
1300.722	0	650361	standard_tone	sapo_probe	standard	n/a	n/a	n/a	n/a	n/a
1301.738	0	650869	standard_tone	sapo_probe	standard	n/a	n/a	n/a	n/a	n/a
1302.736	0	651368	standard_tone	sapo_probe	standard	n/a	n/a	n/a	n/a	n/a
1303.752	0	651876	oddball_tone	sapo_probe	oddball	n/a	n/a	n/a	n/a	n/a
1304.768	0	652384	standard_tone	sapo_probe	standard	n/a	n/a	n/a	n/a	n/a
1305.784	0	652892	standard_tone	sapo_probe	standard	n/a	n/a	n/a	n/a	n/a
1306.800	0	653400	standard_tone	sapo_probe	standard	n/a	n/a	n/a	n/a	n/a
1307.816	0	653908	standard_tone	sapo_probe	standard	n/a	n/a	n/a	n/a	n/a
1308.832	0	654416	standard_tone	sapo_probe	standard	n/a	n/a	n/a	n/a	n/a
1309.848	0	654924	standard_tone	sapo_probe	standard	n/a	n/a	n/a	n/a	n/a
1310.864	0	655432	standard_tone	sapo_probe	standard	n/a	n/a	n/a	n/a	n/a
1311.880	0	655940	standard_tone	sapo_probe	standard	n/a	n/a	n/a	n/a	n/a
1312.896	0	656448	standard_tone	sapo_probe	standard	n/a	n/a	n/a	n/a	n/a
1313.910	0	656955	standard_tone	sapo_probe	standard	n/a	n/a	n/a	n/a	n/a
1314.926	0	657463	standard_tone	sapo_probe	standard	n/a	n/a	n/a	n/a	n/a
1315.942	0	657971	standard_tone	sapo_probe	standard	n/a	n/a	n/a	n/a	n/a
1316.958	0	658479	oddball_tone	sapo_probe	oddball	n/a	n/a	n/a	n/a	n/a
1317.974	0	658987	standard_tone	sapo_probe	standard	n/a	n/a	n/a	n/a	n/a
1318.990	0	659495	standard_tone	sapo_probe	standard	n/a	n/a	n/a	n/a	n/a
1320.006	0	660003	standard_tone	sapo_probe	standard	n/a	n/a	n/a	n/a	n/a
1321.022	0	660511	standard_tone	sapo_probe	standard	n/a	n/a	n/a	n/a	n/a
1322.038	0	661019	standard_tone	sapo_probe	standard	n/a	n/a	n/a	n/a	n/a
1323.036	0	661518	standard_tone	sapo_probe	standard	n/a	n/a	n/a	n/a	n/a
1324.052	0	662026	standard_tone	sapo_probe	standard	n/a	n/a	n/a	n/a	n/a
1325.070	0	662535	distractor_noise	sapo_probe	distractor	n/a	n/a	n/a	n/a	n/a
1326.084	0	663042	standard_tone	sapo_probe	standard	n/a	n/a	n/a	n/a	n/a
1327.100	0	663550	standard_tone	sapo_probe	standard	n/a	n/a	n/a	n/a	n/a
1328.100	0	664050	standard_tone	sapo_probe	standard	n/a	n/a	n/a	n/a	n/a
1329.116	0	664558	standard_tone	sapo_probe	standard	n/a	n/a	n/a	n/a	n/a
1330.130	0	665065	standard_tone	sapo_probe	standard	n/a	n/a	n/a	n/a	n/a
1331.146	0	665573	standard_tone	sapo_probe	standard	n/a	n/a	n/a	n/a	n/a
1332.162	0	666081	distractor_noise	sapo_probe	distractor	n/a	n/a	n/a	n/a	n/a
1333.178	0	666589	standard_tone	sapo_probe	standard	n/a	n/a	n/a	n/a	n/a
1334.194	0	667097	standard_tone	sapo_probe	standard	n/a	n/a	n/a	n/a	n/a
1335.210	0	667605	oddball_tone	sapo_probe	oddball	n/a	n/a	n/a	n/a	n/a
1336.226	0	668113	standard_tone	sapo_probe	standard	n/a	n/a	n/a	n/a	n/a
1337.242	0	668621	standard_tone	sapo_probe	standard	n/a	n/a	n/a	n/a	n/a
1338.258	0	669129	standard_tone	sapo_probe	standard	n/a	n/a	n/a	n/a	n/a
1339.274	0	669637	standard_tone	sapo_probe	standard	n/a	n/a	n/a	n/a	n/a
1340.290	0	670145	standard_tone	sapo_probe	standard	n/a	n/a	n/a	n/a	n/a
1341.304	0	670652	standard_tone	sapo_probe	standard	n/a	n/a	n/a	n/a	n/a
1342.004	0	671002	prompt_window_begin	sapo_probe	probe-sapo-probe-begin	n/a	n/a	n/a	n/a	n/a
1346.592	0	673296	clicker_press	sapo_probe	response-received-arrow_up	n/a	n/a	n/a	n/a	arrow_up
1351.248	0	675624	depth_rating	sapo_probe	rating-sapo-probe-meditation_depth-1	1	n/a	n/a	n/a	n/a
1354.194	0	677097	clicker_press	sapo_probe	response-received-arrow_up	n/a	n/a	n/a	n/a	arrow_up
1354.728	0	677364	clicker_press	sapo_probe	response-received-arrow_up	n/a	n/a	n/a	n/a	arrow_up
1355.378	0	677689	clicker_press	sapo_probe	response-received-arrow_up	n/a	n/a	n/a	n/a	arrow_up
1355.926	0	677963	clicker_press	sapo_probe	response-received-arrow_up	n/a	n/a	n/a	n/a	arrow_up
1356.642	0	678321	clicker_press	sapo_probe	response-received-arrow_up	n/a	n/a	n/a	n/a	arrow_up
1361.390	0	680695	confidence_rating	sapo_probe	rating-sapo-probe-confidence_depth-5	n/a	5	n/a	n/a	n/a
1364.868	0	682434	prompt_window_end	sapo_probe	probe-sapo-probe-end	n/a	n/a	n/a	n/a	n/a
1364.870	0	682435	distractor_noise	sapo_probe	distractor	n/a	n/a	n/a	n/a	n/a
1365.884	0	682942	standard_tone	sapo_probe	standard	n/a	n/a	n/a	n/a	n/a
1366.884	0	683442	standard_tone	sapo_probe	standard	n/a	n/a	n/a	n/a	n/a
1367.900	0	683950	standard_tone	sapo_probe	standard	n/a	n/a	n/a	n/a	n/a
1368.900	0	684450	standard_tone	sapo_probe	standard	n/a	n/a	n/a	n/a	n/a
1369.914	0	684957	standard_tone	sapo_probe	standard	n/a	n/a	n/a	n/a	n/a
1370.930	0	685465	oddball_tone	sapo_probe	oddball	n/a	n/a	n/a	n/a	n/a
1371.946	0	685973	standard_tone	sapo_probe	standard	n/a	n/a	n/a	n/a	n/a
1372.962	0	686481	standard_tone	sapo_probe	standard	n/a	n/a	n/a	n/a	n/a
1373.978	0	686989	standard_tone	sapo_probe	standard	n/a	n/a	n/a	n/a	n/a
1374.994	0	687497	standard_tone	sapo_probe	standard	n/a	n/a	n/a	n/a	n/a
1376.010	0	688005	standard_tone	sapo_probe	standard	n/a	n/a	n/a	n/a	n/a
1377.010	0	688505	standard_tone	sapo_probe	standard	n/a	n/a	n/a	n/a	n/a
1378.024	0	689012	oddball_tone	sapo_probe	oddball	n/a	n/a	n/a	n/a	n/a
1379.040	0	689520	standard_tone	sapo_probe	standard	n/a	n/a	n/a	n/a	n/a
1380.056	0	690028	standard_tone	sapo_probe	standard	n/a	n/a	n/a	n/a	n/a
1381.056	0	690528	oddball_tone	sapo_probe	oddball	n/a	n/a	n/a	n/a	n/a
1382.072	0	691036	standard_tone	sapo_probe	standard	n/a	n/a	n/a	n/a	n/a
1383.086	0	691543	oddball_tone	sapo_probe	oddball	n/a	n/a	n/a	n/a	n/a
1384.086	0	692043	standard_tone	sapo_probe	standard	n/a	n/a	n/a	n/a	n/a
1385.102	0	692551	standard_tone	sapo_probe	standard	n/a	n/a	n/a	n/a	n/a
1386.118	0	693059	standard_tone	sapo_probe	standard	n/a	n/a	n/a	n/a	n/a
1387.134	0	693567	standard_tone	sapo_probe	standard	n/a	n/a	n/a	n/a	n/a
1388.150	0	694075	standard_tone	sapo_probe	standard	n/a	n/a	n/a	n/a	n/a
1389.166	0	694583	standard_tone	sapo_probe	standard	n/a	n/a	n/a	n/a	n/a
1390.182	0	695091	standard_tone	sapo_probe	standard	n/a	n/a	n/a	n/a	n/a
1391.196	0	695598	standard_tone	sapo_probe	standard	n/a	n/a	n/a	n/a	n/a
1392.212	0	696106	oddball_tone	sapo_probe	oddball	n/a	n/a	n/a	n/a	n/a
1393.228	0	696614	standard_tone	sapo_probe	standard	n/a	n/a	n/a	n/a	n/a
1394.244	0	697122	standard_tone	sapo_probe	standard	n/a	n/a	n/a	n/a	n/a
1395.260	0	697630	standard_tone	sapo_probe	standard	n/a	n/a	n/a	n/a	n/a
1396.276	0	698138	standard_tone	sapo_probe	standard	n/a	n/a	n/a	n/a	n/a
1397.292	0	698646	distractor_noise	sapo_probe	distractor	n/a	n/a	n/a	n/a	n/a
1398.292	0	699146	standard_tone	sapo_probe	standard	n/a	n/a	n/a	n/a	n/a
1399.308	0	699654	standard_tone	sapo_probe	standard	n/a	n/a	n/a	n/a	n/a
1400.324	0	700162	oddball_tone	sapo_probe	oddball	n/a	n/a	n/a	n/a	n/a
1401.338	0	700669	standard_tone	sapo_probe	standard	n/a	n/a	n/a	n/a	n/a
1402.354	0	701177	standard_tone	sapo_probe	standard	n/a	n/a	n/a	n/a	n/a
1403.354	0	701677	standard_tone	sapo_probe	standard	n/a	n/a	n/a	n/a	n/a
1404.370	0	702185	standard_tone	sapo_probe	standard	n/a	n/a	n/a	n/a	n/a
1405.386	0	702693	standard_tone	sapo_probe	standard	n/a	n/a	n/a	n/a	n/a
1406.400	0	703200	standard_tone	sapo_probe	standard	n/a	n/a	n/a	n/a	n/a
1407.416	0	703708	oddball_tone	sapo_probe	oddball	n/a	n/a	n/a	n/a	n/a
1408.434	0	704217	standard_tone	sapo_probe	standard	n/a	n/a	n/a	n/a	n/a
1409.448	0	704724	standard_tone	sapo_probe	standard	n/a	n/a	n/a	n/a	n/a
1410.464	0	705232	standard_tone	sapo_probe	standard	n/a	n/a	n/a	n/a	n/a
1411.480	0	705740	standard_tone	sapo_probe	standard	n/a	n/a	n/a	n/a	n/a
1412.496	0	706248	oddball_tone	sapo_probe	oddball	n/a	n/a	n/a	n/a	n/a
1413.512	0	706756	standard_tone	sapo_probe	standard	n/a	n/a	n/a	n/a	n/a
1414.512	0	707256	standard_tone	sapo_probe	standard	n/a	n/a	n/a	n/a	n/a
1415.528	0	707764	standard_tone	sapo_probe	standard	n/a	n/a	n/a	n/a	n/a
1416.544	0	708272	standard_tone	sapo_probe	standard	n/a	n/a	n/a	n/a	n/a
1416.842	0	708421	silence_end	sapo_probe	silence-end	n/a	n/a	n/a	n/a	n/a
1416.846	0	708423	gong_begin	sapo_probe	gong-begin	n/a	n/a	n/a	n/a	n/a
1426.950	0	713475	gong_end	sapo_probe	gong-end	n/a	n/a	n/a	n/a	n/a
1426.952	0	713476	subblock_end	sapo_probe	subblock-end-duration-148.576	n/a	n/a	n/a	148.576	n/a
1426.952	0	713476	subblock_begin	sapo_probe	subblock-begin	n/a	n/a	n/a	n/a	n/a
1426.952	0	713476	silence_begin	sapo_probe	silence-begin	n/a	n/a	n/a	n/a	n/a
1426.954	0	713477	standard_tone	sapo_probe	standard	n/a	n/a	n/a	n/a	n/a
1427.966	0	713983	standard_tone	sapo_probe	standard	n/a	n/a	n/a	n/a	n/a
1428.982	0	714491	standard_tone	sapo_probe	standard	n/a	n/a	n/a	n/a	n/a
1429.998	0	714999	oddball_tone	sapo_probe	oddball	n/a	n/a	n/a	n/a	n/a
1431.014	0	715507	standard_tone	sapo_probe	standard	n/a	n/a	n/a	n/a	n/a
1432.030	0	716015	standard_tone	sapo_probe	standard	n/a	n/a	n/a	n/a	n/a
1433.046	0	716523	standard_tone	sapo_probe	standard	n/a	n/a	n/a	n/a	n/a
1434.062	0	717031	standard_tone	sapo_probe	standard	n/a	n/a	n/a	n/a	n/a
1435.078	0	717539	standard_tone	sapo_probe	standard	n/a	n/a	n/a	n/a	n/a
1436.094	0	718047	distractor_noise	sapo_probe	distractor	n/a	n/a	n/a	n/a	n/a
1437.092	0	718546	standard_tone	sapo_probe	standard	n/a	n/a	n/a	n/a	n/a
1438.108	0	719054	standard_tone	sapo_probe	standard	n/a	n/a	n/a	n/a	n/a
1439.124	0	719562	standard_tone	sapo_probe	standard	n/a	n/a	n/a	n/a	n/a
1440.140	0	720070	standard_tone	sapo_probe	standard	n/a	n/a	n/a	n/a	n/a
1441.156	0	720578	standard_tone	sapo_probe	standard	n/a	n/a	n/a	n/a	n/a
1442.172	0	721086	standard_tone	sapo_probe	standard	n/a	n/a	n/a	n/a	n/a
1443.188	0	721594	oddball_tone	sapo_probe	oddball	n/a	n/a	n/a	n/a	n/a
1444.204	0	722102	standard_tone	sapo_probe	standard	n/a	n/a	n/a	n/a	n/a
1445.220	0	722610	standard_tone	sapo_probe	standard	n/a	n/a	n/a	n/a	n/a
1446.234	0	723117	standard_tone	sapo_probe	standard	n/a	n/a	n/a	n/a	n/a
1447.250	0	723625	standard_tone	sapo_probe	standard	n/a	n/a	n/a	n/a	n/a
1448.266	0	724133	standard_tone	sapo_probe	standard	n/a	n/a	n/a	n/a	n/a
1449.282	0	724641	distractor_noise	sapo_probe	distractor	n/a	n/a	n/a	n/a	n/a
1450.298	0	725149	standard_tone	sapo_probe	standard	n/a	n/a	n/a	n/a	n/a
1451.314	0	725657	standard_tone	sapo_probe	standard	n/a	n/a	n/a	n/a	n/a
1452.314	0	726157	distractor_noise	sapo_probe	distractor	n/a	n/a	n/a	n/a	n/a
1453.328	0	726664	oddball_tone	sapo_probe	oddball	n/a	n/a	n/a	n/a	n/a
1454.328	0	727164	standard_tone	sapo_probe	standard	n/a	n/a	n/a	n/a	n/a
1455.344	0	727672	standard_tone	sapo_probe	standard	n/a	n/a	n/a	n/a	n/a
1456.360	0	728180	standard_tone	sapo_probe	standard	n/a	n/a	n/a	n/a	n/a
1457.376	0	728688	standard_tone	sapo_probe	standard	n/a	n/a	n/a	n/a	n/a
1458.392	0	729196	standard_tone	sapo_probe	standard	n/a	n/a	n/a	n/a	n/a
1459.408	0	729704	distractor_noise	sapo_probe	distractor	n/a	n/a	n/a	n/a	n/a
1460.422	0	730211	standard_tone	sapo_probe	standard	n/a	n/a	n/a	n/a	n/a
1461.438	0	730719	distractor_noise	sapo_probe	distractor	n/a	n/a	n/a	n/a	n/a
1462.454	0	731227	standard_tone	sapo_probe	standard	n/a	n/a	n/a	n/a	n/a
1463.470	0	731735	standard_tone	sapo_probe	standard	n/a	n/a	n/a	n/a	n/a
1464.486	0	732243	standard_tone	sapo_probe	standard	n/a	n/a	n/a	n/a	n/a
1465.502	0	732751	standard_tone	sapo_probe	standard	n/a	n/a	n/a	n/a	n/a
1466.518	0	733259	standard_tone	sapo_probe	standard	n/a	n/a	n/a	n/a	n/a
1467.534	0	733767	standard_tone	sapo_probe	standard	n/a	n/a	n/a	n/a	n/a
1468.550	0	734275	standard_tone	sapo_probe	standard	n/a	n/a	n/a	n/a	n/a
1469.566	0	734783	standard_tone	sapo_probe	standard	n/a	n/a	n/a	n/a	n/a
1470.582	0	735291	oddball_tone	sapo_probe	oddball	n/a	n/a	n/a	n/a	n/a
1471.598	0	735799	standard_tone	sapo_probe	standard	n/a	n/a	n/a	n/a	n/a
1472.614	0	736307	standard_tone	sapo_probe	standard	n/a	n/a	n/a	n/a	n/a
1473.628	0	736814	standard_tone	sapo_probe	standard	n/a	n/a	n/a	n/a	n/a
1474.644	0	737322	standard_tone	sapo_probe	standard	n/a	n/a	n/a	n/a	n/a
1475.660	0	737830	standard_tone	sapo_probe	standard	n/a	n/a	n/a	n/a	n/a
1476.676	0	738338	standard_tone	sapo_probe	standard	n/a	n/a	n/a	n/a	n/a
1477.692	0	738846	standard_tone	sapo_probe	standard	n/a	n/a	n/a	n/a	n/a
1478.692	0	739346	standard_tone	sapo_probe	standard	n/a	n/a	n/a	n/a	n/a
1479.708	0	739854	standard_tone	sapo_probe	standard	n/a	n/a	n/a	n/a	n/a
1480.722	0	740361	distractor_noise	sapo_probe	distractor	n/a	n/a	n/a	n/a	n/a
1481.738	0	740869	standard_tone	sapo_probe	standard	n/a	n/a	n/a	n/a	n/a
1482.754	0	741377	standard_tone	sapo_probe	standard	n/a	n/a	n/a	n/a	n/a
1483.770	0	741885	standard_tone	sapo_probe	standard	n/a	n/a	n/a	n/a	n/a
1484.786	0	742393	standard_tone	sapo_probe	standard	n/a	n/a	n/a	n/a	n/a
1485.802	0	742901	standard_tone	sapo_probe	standard	n/a	n/a	n/a	n/a	n/a
1486.818	0	743409	standard_tone	sapo_probe	standard	n/a	n/a	n/a	n/a	n/a
1487.836	0	743918	oddball_tone	sapo_probe	oddball	n/a	n/a	n/a	n/a	n/a
1488.850	0	744425	standard_tone	sapo_probe	standard	n/a	n/a	n/a	n/a	n/a
1489.866	0	744933	standard_tone	sapo_probe	standard	n/a	n/a	n/a	n/a	n/a
1490.880	0	745440	standard_tone	sapo_probe	standard	n/a	n/a	n/a	n/a	n/a
1491.898	0	745949	distractor_noise	sapo_probe	distractor	n/a	n/a	n/a	n/a	n/a
1492.914	0	746457	standard_tone	sapo_probe	standard	n/a	n/a	n/a	n/a	n/a
1493.928	0	746964	standard_tone	sapo_probe	standard	n/a	n/a	n/a	n/a	n/a
1494.928	0	747464	standard_tone	sapo_probe	standard	n/a	n/a	n/a	n/a	n/a
1495.944	0	747972	standard_tone	sapo_probe	standard	n/a	n/a	n/a	n/a	n/a
1496.960	0	748480	standard_tone	sapo_probe	standard	n/a	n/a	n/a	n/a	n/a
1497.976	0	748988	standard_tone	sapo_probe	standard	n/a	n/a	n/a	n/a	n/a
1498.974	0	749487	standard_tone	sapo_probe	standard	n/a	n/a	n/a	n/a	n/a
1499.990	0	749995	standard_tone	sapo_probe	standard	n/a	n/a	n/a	n/a	n/a
1501.006	0	750503	standard_tone	sapo_probe	standard	n/a	n/a	n/a	n/a	n/a
1502.022	0	751011	standard_tone	sapo_probe	standard	n/a	n/a	n/a	n/a	n/a
1503.038	0	751519	standard_tone	sapo_probe	standard	n/a	n/a	n/a	n/a	n/a
1504.054	0	752027	standard_tone	sapo_probe	standard	n/a	n/a	n/a	n/a	n/a
1505.070	0	752535	standard_tone	sapo_probe	standard	n/a	n/a	n/a	n/a	n/a
1506.086	0	753043	standard_tone	sapo_probe	standard	n/a	n/a	n/a	n/a	n/a
1507.100	0	753550	standard_tone	sapo_probe	standard	n/a	n/a	n/a	n/a	n/a
1508.116	0	754058	standard_tone	sapo_probe	standard	n/a	n/a	n/a	n/a	n/a
1509.132	0	754566	standard_tone	sapo_probe	standard	n/a	n/a	n/a	n/a	n/a
1510.148	0	755074	standard_tone	sapo_probe	standard	n/a	n/a	n/a	n/a	n/a
1511.148	0	755574	distractor_noise	sapo_probe	distractor	n/a	n/a	n/a	n/a	n/a
1512.164	0	756082	standard_tone	sapo_probe	standard	n/a	n/a	n/a	n/a	n/a
1513.180	0	756590	standard_tone	sapo_probe	standard	n/a	n/a	n/a	n/a	n/a
1514.196	0	757098	standard_tone	sapo_probe	standard	n/a	n/a	n/a	n/a	n/a
1515.210	0	757605	standard_tone	sapo_probe	standard	n/a	n/a	n/a	n/a	n/a
1516.226	0	758113	standard_tone	sapo_probe	standard	n/a	n/a	n/a	n/a	n/a
1517.242	0	758621	standard_tone	sapo_probe	standard	n/a	n/a	n/a	n/a	n/a
1518.258	0	759129	standard_tone	sapo_probe	standard	n/a	n/a	n/a	n/a	n/a
1519.274	0	759637	standard_tone	sapo_probe	standard	n/a	n/a	n/a	n/a	n/a
1520.290	0	760145	standard_tone	sapo_probe	standard	n/a	n/a	n/a	n/a	n/a
1521.306	0	760653	standard_tone	sapo_probe	standard	n/a	n/a	n/a	n/a	n/a
1522.322	0	761161	standard_tone	sapo_probe	standard	n/a	n/a	n/a	n/a	n/a
1523.338	0	761669	standard_tone	sapo_probe	standard	n/a	n/a	n/a	n/a	n/a
1524.356	0	762178	standard_tone	sapo_probe	standard	n/a	n/a	n/a	n/a	n/a
1525.370	0	762685	standard_tone	sapo_probe	standard	n/a	n/a	n/a	n/a	n/a
1526.386	0	763193	distractor_noise	sapo_probe	distractor	n/a	n/a	n/a	n/a	n/a
1527.384	0	763692	silence_end	sapo_probe	silence-end	n/a	n/a	n/a	n/a	n/a
1527.386	0	763693	gong_begin	sapo_probe	gong-begin	n/a	n/a	n/a	n/a	n/a
1537.492	0	768746	gong_end	sapo_probe	gong-end	n/a	n/a	n/a	n/a	n/a
1537.494	0	768747	subblock_end	sapo_probe	subblock-end-duration-110.541	n/a	n/a	n/a	110.541	n/a
1537.494	0	768747	subblock_begin	sapo_probe	subblock-begin	n/a	n/a	n/a	n/a	n/a
1537.494	0	768747	silence_begin	sapo_probe	silence-begin	n/a	n/a	n/a	n/a	n/a
1537.494	0	768747	standard_tone	sapo_probe	standard	n/a	n/a	n/a	n/a	n/a
1538.508	0	769254	standard_tone	sapo_probe	standard	n/a	n/a	n/a	n/a	n/a
1539.524	0	769762	standard_tone	sapo_probe	standard	n/a	n/a	n/a	n/a	n/a
1540.540	0	770270	standard_tone	sapo_probe	standard	n/a	n/a	n/a	n/a	n/a
1541.556	0	770778	standard_tone	sapo_probe	standard	n/a	n/a	n/a	n/a	n/a
1542.572	0	771286	distractor_noise	sapo_probe	distractor	n/a	n/a	n/a	n/a	n/a
1543.588	0	771794	standard_tone	sapo_probe	standard	n/a	n/a	n/a	n/a	n/a
1544.604	0	772302	standard_tone	sapo_probe	standard	n/a	n/a	n/a	n/a	n/a
1545.618	0	772809	standard_tone	sapo_probe	standard	n/a	n/a	n/a	n/a	n/a
1546.634	0	773317	distractor_noise	sapo_probe	distractor	n/a	n/a	n/a	n/a	n/a
1547.652	0	773826	standard_tone	sapo_probe	standard	n/a	n/a	n/a	n/a	n/a
1548.666	0	774333	distractor_noise	sapo_probe	distractor	n/a	n/a	n/a	n/a	n/a
1549.682	0	774841	standard_tone	sapo_probe	standard	n/a	n/a	n/a	n/a	n/a
1550.698	0	775349	standard_tone	sapo_probe	standard	n/a	n/a	n/a	n/a	n/a
1551.714	0	775857	standard_tone	sapo_probe	standard	n/a	n/a	n/a	n/a	n/a
1552.730	0	776365	oddball_tone	sapo_probe	oddball	n/a	n/a	n/a	n/a	n/a
1553.730	0	776865	standard_tone	sapo_probe	standard	n/a	n/a	n/a	n/a	n/a
1554.746	0	777373	oddball_tone	sapo_probe	oddball	n/a	n/a	n/a	n/a	n/a
1555.760	0	777880	standard_tone	sapo_probe	standard	n/a	n/a	n/a	n/a	n/a
1556.760	0	778380	standard_tone	sapo_probe	standard	n/a	n/a	n/a	n/a	n/a
1557.776	0	778888	standard_tone	sapo_probe	standard	n/a	n/a	n/a	n/a	n/a
1558.792	0	779396	standard_tone	sapo_probe	standard	n/a	n/a	n/a	n/a	n/a
1559.792	0	779896	standard_tone	sapo_probe	standard	n/a	n/a	n/a	n/a	n/a
1560.806	0	780403	standard_tone	sapo_probe	standard	n/a	n/a	n/a	n/a	n/a
1561.822	0	780911	standard_tone	sapo_probe	standard	n/a	n/a	n/a	n/a	n/a
1562.822	0	781411	oddball_tone	sapo_probe	oddball	n/a	n/a	n/a	n/a	n/a
1563.838	0	781919	standard_tone	sapo_probe	standard	n/a	n/a	n/a	n/a	n/a
1564.854	0	782427	standard_tone	sapo_probe	standard	n/a	n/a	n/a	n/a	n/a
1565.870	0	782935	oddball_tone	sapo_probe	oddball	n/a	n/a	n/a	n/a	n/a
1566.884	0	783442	standard_tone	sapo_probe	standard	n/a	n/a	n/a	n/a	n/a
1567.900	0	783950	standard_tone	sapo_probe	standard	n/a	n/a	n/a	n/a	n/a
1568.916	0	784458	standard_tone	sapo_probe	standard	n/a	n/a	n/a	n/a	n/a
1569.932	0	784966	standard_tone	sapo_probe	standard	n/a	n/a	n/a	n/a	n/a
1570.948	0	785474	oddball_tone	sapo_probe	oddball	n/a	n/a	n/a	n/a	n/a
1571.964	0	785982	standard_tone	sapo_probe	standard	n/a	n/a	n/a	n/a	n/a
1572.980	0	786490	standard_tone	sapo_probe	standard	n/a	n/a	n/a	n/a	n/a
1573.996	0	786998	standard_tone	sapo_probe	standard	n/a	n/a	n/a	n/a	n/a
1575.012	0	787506	standard_tone	sapo_probe	standard	n/a	n/a	n/a	n/a	n/a
1576.028	0	788014	standard_tone	sapo_probe	standard	n/a	n/a	n/a	n/a	n/a
1577.044	0	788522	standard_tone	sapo_probe	standard	n/a	n/a	n/a	n/a	n/a
1578.060	0	789030	standard_tone	sapo_probe	standard	n/a	n/a	n/a	n/a	n/a
1579.076	0	789538	standard_tone	sapo_probe	standard	n/a	n/a	n/a	n/a	n/a
1580.090	0	790045	standard_tone	sapo_probe	standard	n/a	n/a	n/a	n/a	n/a
1581.106	0	790553	standard_tone	sapo_probe	standard	n/a	n/a	n/a	n/a	n/a
1582.106	0	791053	standard_tone	sapo_probe	standard	n/a	n/a	n/a	n/a	n/a
1583.122	0	791561	standard_tone	sapo_probe	standard	n/a	n/a	n/a	n/a	n/a
1584.136	0	792068	standard_tone	sapo_probe	standard	n/a	n/a	n/a	n/a	n/a
1585.154	0	792577	standard_tone	sapo_probe	standard	n/a	n/a	n/a	n/a	n/a
1586.170	0	793085	distractor_noise	sapo_probe	distractor	n/a	n/a	n/a	n/a	n/a
1587.184	0	793592	standard_tone	sapo_probe	standard	n/a	n/a	n/a	n/a	n/a
1588.200	0	794100	distractor_noise	sapo_probe	distractor	n/a	n/a	n/a	n/a	n/a
1589.216	0	794608	oddball_tone	sapo_probe	oddball	n/a	n/a	n/a	n/a	n/a
1590.232	0	795116	standard_tone	sapo_probe	standard	n/a	n/a	n/a	n/a	n/a
1591.248	0	795624	standard_tone	sapo_probe	standard	n/a	n/a	n/a	n/a	n/a
1592.264	0	796132	standard_tone	sapo_probe	standard	n/a	n/a	n/a	n/a	n/a
1593.280	0	796640	standard_tone	sapo_probe	standard	n/a	n/a	n/a	n/a	n/a
1594.296	0	797148	standard_tone	sapo_probe	standard	n/a	n/a	n/a	n/a	n/a
1594.896	0	797448	prompt_window_begin	sapo_probe	probe-sapo-probe-begin	n/a	n/a	n/a	n/a	n/a
1601.344	0	800672	clicker_press	sapo_probe	response-received-arrow_up	n/a	n/a	n/a	n/a	arrow_up
1601.838	0	800919	clicker_press	sapo_probe	response-received-arrow_up	n/a	n/a	n/a	n/a	arrow_up
1603.922	0	801961	depth_rating	sapo_probe	rating-sapo-probe-meditation_depth-2	2	n/a	n/a	n/a	n/a
1607.552	0	803776	clicker_press	sapo_probe	response-received-arrow_up	n/a	n/a	n/a	n/a	arrow_up
1608.334	0	804167	clicker_press	sapo_probe	response-received-arrow_up	n/a	n/a	n/a	n/a	arrow_up
1609.084	0	804542	clicker_press	sapo_probe	response-received-arrow_up	n/a	n/a	n/a	n/a	arrow_up
1609.750	0	804875	clicker_press	sapo_probe	response-received-arrow_up	n/a	n/a	n/a	n/a	arrow_up
1610.516	0	805258	clicker_press	sapo_probe	response-received-arrow_up	n/a	n/a	n/a	n/a	arrow_up
1614.046	0	807023	confidence_rating	sapo_probe	rating-sapo-probe-confidence_depth-5	n/a	5	n/a	n/a	n/a
1617.660	0	808830	prompt_window_end	sapo_probe	probe-sapo-probe-end	n/a	n/a	n/a	n/a	n/a
1617.662	0	808831	standard_tone	sapo_probe	standard	n/a	n/a	n/a	n/a	n/a
1618.676	0	809338	standard_tone	sapo_probe	standard	n/a	n/a	n/a	n/a	n/a
1619.692	0	809846	standard_tone	sapo_probe	standard	n/a	n/a	n/a	n/a	n/a
1620.708	0	810354	distractor_noise	sapo_probe	distractor	n/a	n/a	n/a	n/a	n/a
1621.722	0	810861	standard_tone	sapo_probe	standard	n/a	n/a	n/a	n/a	n/a
1622.738	0	811369	standard_tone	sapo_probe	standard	n/a	n/a	n/a	n/a	n/a
1623.754	0	811877	standard_tone	sapo_probe	standard	n/a	n/a	n/a	n/a	n/a
1624.770	0	812385	standard_tone	sapo_probe	standard	n/a	n/a	n/a	n/a	n/a
1625.786	0	812893	oddball_tone	sapo_probe	oddball	n/a	n/a	n/a	n/a	n/a
1626.802	0	813401	standard_tone	sapo_probe	standard	n/a	n/a	n/a	n/a	n/a
1627.818	0	813909	standard_tone	sapo_probe	standard	n/a	n/a	n/a	n/a	n/a
1628.834	0	814417	standard_tone	sapo_probe	standard	n/a	n/a	n/a	n/a	n/a
1629.832	0	814916	distractor_noise	sapo_probe	distractor	n/a	n/a	n/a	n/a	n/a
1630.848	0	815424	standard_tone	sapo_probe	standard	n/a	n/a	n/a	n/a	n/a
1631.864	0	815932	standard_tone	sapo_probe	standard	n/a	n/a	n/a	n/a	n/a
1632.880	0	816440	standard_tone	sapo_probe	standard	n/a	n/a	n/a	n/a	n/a
1633.896	0	816948	standard_tone	sapo_probe	standard	n/a	n/a	n/a	n/a	n/a
1634.912	0	817456	standard_tone	sapo_probe	standard	n/a	n/a	n/a	n/a	n/a
1635.928	0	817964	standard_tone	sapo_probe	standard	n/a	n/a	n/a	n/a	n/a
1636.944	0	818472	oddball_tone	sapo_probe	oddball	n/a	n/a	n/a	n/a	n/a
1637.960	0	818980	standard_tone	sapo_probe	standard	n/a	n/a	n/a	n/a	n/a
1638.976	0	819488	distractor_noise	sapo_probe	distractor	n/a	n/a	n/a	n/a	n/a
1639.990	0	819995	standard_tone	sapo_probe	standard	n/a	n/a	n/a	n/a	n/a
1641.006	0	820503	standard_tone	sapo_probe	standard	n/a	n/a	n/a	n/a	n/a
1642.022	0	821011	standard_tone	sapo_probe	standard	n/a	n/a	n/a	n/a	n/a
1643.022	0	821511	standard_tone	sapo_probe	standard	n/a	n/a	n/a	n/a	n/a
1644.038	0	822019	standard_tone	sapo_probe	standard	n/a	n/a	n/a	n/a	n/a
1645.054	0	822527	standard_tone	sapo_probe	standard	n/a	n/a	n/a	n/a	n/a
1646.070	0	823035	distractor_noise	sapo_probe	distractor	n/a	n/a	n/a	n/a	n/a
1647.086	0	823543	standard_tone	sapo_probe	standard	n/a	n/a	n/a	n/a	n/a
1648.100	0	824050	standard_tone	sapo_probe	standard	n/a	n/a	n/a	n/a	n/a
1649.118	0	824559	distractor_noise	sapo_probe	distractor	n/a	n/a	n/a	n/a	n/a
1650.132	0	825066	standard_tone	sapo_probe	standard	n/a	n/a	n/a	n/a	n/a
1651.148	0	825574	standard_tone	sapo_probe	standard	n/a	n/a	n/a	n/a	n/a
1652.164	0	826082	standard_tone	sapo_probe	standard	n/a	n/a	n/a	n/a	n/a
1653.180	0	826590	standard_tone	sapo_probe	standard	n/a	n/a	n/a	n/a	n/a
1654.196	0	827098	standard_tone	sapo_probe	standard	n/a	n/a	n/a	n/a	n/a
1655.212	0	827606	oddball_tone	sapo_probe	oddball	n/a	n/a	n/a	n/a	n/a
1656.228	0	828114	standard_tone	sapo_probe	standard	n/a	n/a	n/a	n/a	n/a
1657.244	0	828622	oddball_tone	sapo_probe	oddball	n/a	n/a	n/a	n/a	n/a
1658.260	0	829130	standard_tone	sapo_probe	standard	n/a	n/a	n/a	n/a	n/a
1659.276	0	829638	standard_tone	sapo_probe	standard	n/a	n/a	n/a	n/a	n/a
1660.292	0	830146	standard_tone	sapo_probe	standard	n/a	n/a	n/a	n/a	n/a
1661.306	0	830653	distractor_noise	sapo_probe	distractor	n/a	n/a	n/a	n/a	n/a
1662.322	0	831161	standard_tone	sapo_probe	standard	n/a	n/a	n/a	n/a	n/a
1663.338	0	831669	standard_tone	sapo_probe	standard	n/a	n/a	n/a	n/a	n/a
1664.354	0	832177	standard_tone	sapo_probe	standard	n/a	n/a	n/a	n/a	n/a
1665.370	0	832685	standard_tone	sapo_probe	standard	n/a	n/a	n/a	n/a	n/a
1666.386	0	833193	standard_tone	sapo_probe	standard	n/a	n/a	n/a	n/a	n/a
1667.402	0	833701	standard_tone	sapo_probe	standard	n/a	n/a	n/a	n/a	n/a
1668.418	0	834209	standard_tone	sapo_probe	standard	n/a	n/a	n/a	n/a	n/a
1669.434	0	834717	distractor_noise	sapo_probe	distractor	n/a	n/a	n/a	n/a	n/a
1670.432	0	835216	standard_tone	sapo_probe	standard	n/a	n/a	n/a	n/a	n/a
1671.448	0	835724	distractor_noise	sapo_probe	distractor	n/a	n/a	n/a	n/a	n/a
1672.464	0	836232	standard_tone	sapo_probe	standard	n/a	n/a	n/a	n/a	n/a
1673.480	0	836740	standard_tone	sapo_probe	standard	n/a	n/a	n/a	n/a	n/a
1674.496	0	837248	standard_tone	sapo_probe	standard	n/a	n/a	n/a	n/a	n/a
1675.512	0	837756	standard_tone	sapo_probe	standard	n/a	n/a	n/a	n/a	n/a
1676.528	0	838264	standard_tone	sapo_probe	standard	n/a	n/a	n/a	n/a	n/a
1677.544	0	838772	oddball_tone	sapo_probe	oddball	n/a	n/a	n/a	n/a	n/a
1678.560	0	839280	standard_tone	sapo_probe	standard	n/a	n/a	n/a	n/a	n/a
1679.574	0	839787	standard_tone	sapo_probe	standard	n/a	n/a	n/a	n/a	n/a
1679.692	0	839846	silence_end	sapo_probe	silence-end	n/a	n/a	n/a	n/a	n/a
1679.692	0	839846	subblock_end	sapo_probe	subblock-end-duration-142.198	n/a	n/a	n/a	142.198	n/a
1679.692	0	839846	subblock_begin	sapo_probe	subblock-begin	n/a	n/a	n/a	n/a	n/a
1679.694	0	839847	silence_begin	sapo_probe	silence-begin	n/a	n/a	n/a	n/a	n/a
1680.590	0	840295	oddball_tone	sapo_probe	oddball	n/a	n/a	n/a	n/a	n/a
1681.606	0	840803	standard_tone	sapo_probe	standard	n/a	n/a	n/a	n/a	n/a
1682.622	0	841311	standard_tone	sapo_probe	standard	n/a	n/a	n/a	n/a	n/a
1683.622	0	841811	oddball_tone	sapo_probe	oddball	n/a	n/a	n/a	n/a	n/a
1684.638	0	842319	distractor_noise	sapo_probe	distractor	n/a	n/a	n/a	n/a	n/a
1685.654	0	842827	standard_tone	sapo_probe	standard	n/a	n/a	n/a	n/a	n/a
1686.670	0	843335	oddball_tone	sapo_probe	oddball	n/a	n/a	n/a	n/a	n/a
1687.686	0	843843	standard_tone	sapo_probe	standard	n/a	n/a	n/a	n/a	n/a
1688.700	0	844350	distractor_noise	sapo_probe	distractor	n/a	n/a	n/a	n/a	n/a
1689.716	0	844858	oddball_tone	sapo_probe	oddball	n/a	n/a	n/a	n/a	n/a
1690.734	0	845367	standard_tone	sapo_probe	standard	n/a	n/a	n/a	n/a	n/a
1691.748	0	845874	standard_tone	sapo_probe	standard	n/a	n/a	n/a	n/a	n/a
1692.764	0	846382	standard_tone	sapo_probe	standard	n/a	n/a	n/a	n/a	n/a
1693.780	0	846890	standard_tone	sapo_probe	standard	n/a	n/a	n/a	n/a	n/a
1694.796	0	847398	standard_tone	sapo_probe	standard	n/a	n/a	n/a	n/a	n/a
1695.812	0	847906	standard_tone	sapo_probe	standard	n/a	n/a	n/a	n/a	n/a
1696.810	0	848405	distractor_noise	sapo_probe	distractor	n/a	n/a	n/a	n/a	n/a
1697.826	0	848913	oddball_tone	sapo_probe	oddball	n/a	n/a	n/a	n/a	n/a
1698.842	0	849421	standard_tone	sapo_probe	standard	n/a	n/a	n/a	n/a	n/a
1699.858	0	849929	standard_tone	sapo_probe	standard	n/a	n/a	n/a	n/a	n/a
1700.874	0	850437	standard_tone	sapo_probe	standard	n/a	n/a	n/a	n/a	n/a
1701.890	0	850945	standard_tone	sapo_probe	standard	n/a	n/a	n/a	n/a	n/a
1702.906	0	851453	oddball_tone	sapo_probe	oddball	n/a	n/a	n/a	n/a	n/a
1703.922	0	851961	distractor_noise	sapo_probe	distractor	n/a	n/a	n/a	n/a	n/a
1704.938	0	852469	standard_tone	sapo_probe	standard	n/a	n/a	n/a	n/a	n/a
1705.954	0	852977	distractor_noise	sapo_probe	distractor	n/a	n/a	n/a	n/a	n/a
1706.968	0	853484	standard_tone	sapo_probe	standard	n/a	n/a	n/a	n/a	n/a
1707.968	0	853984	standard_tone	sapo_probe	standard	n/a	n/a	n/a	n/a	n/a
1708.984	0	854492	standard_tone	sapo_probe	standard	n/a	n/a	n/a	n/a	n/a
1710.000	0	855000	standard_tone	sapo_probe	standard	n/a	n/a	n/a	n/a	n/a
1711.016	0	855508	standard_tone	sapo_probe	standard	n/a	n/a	n/a	n/a	n/a
1712.016	0	856008	standard_tone	sapo_probe	standard	n/a	n/a	n/a	n/a	n/a
1713.052	0	856526	standard_tone	sapo_probe	standard	n/a	n/a	n/a	n/a	n/a
1714.064	0	857032	standard_tone	sapo_probe	standard	n/a	n/a	n/a	n/a	n/a
1715.078	0	857539	standard_tone	sapo_probe	standard	n/a	n/a	n/a	n/a	n/a
1716.094	0	858047	standard_tone	sapo_probe	standard	n/a	n/a	n/a	n/a	n/a
1717.110	0	858555	standard_tone	sapo_probe	standard	n/a	n/a	n/a	n/a	n/a
1718.126	0	859063	standard_tone	sapo_probe	standard	n/a	n/a	n/a	n/a	n/a
1719.126	0	859563	standard_tone	sapo_probe	standard	n/a	n/a	n/a	n/a	n/a
1720.142	0	860071	standard_tone	sapo_probe	standard	n/a	n/a	n/a	n/a	n/a
1721.158	0	860579	standard_tone	sapo_probe	standard	n/a	n/a	n/a	n/a	n/a
1722.172	0	861086	distractor_noise	sapo_probe	distractor	n/a	n/a	n/a	n/a	n/a
1723.188	0	861594	standard_tone	sapo_probe	standard	n/a	n/a	n/a	n/a	n/a
1724.204	0	862102	standard_tone	sapo_probe	standard	n/a	n/a	n/a	n/a	n/a
1725.220	0	862610	standard_tone	sapo_probe	standard	n/a	n/a	n/a	n/a	n/a
1726.236	0	863118	standard_tone	sapo_probe	standard	n/a	n/a	n/a	n/a	n/a
1727.252	0	863626	oddball_tone	sapo_probe	oddball	n/a	n/a	n/a	n/a	n/a
1728.268	0	864134	standard_tone	sapo_probe	standard	n/a	n/a	n/a	n/a	n/a
1729.284	0	864642	standard_tone	sapo_probe	standard	n/a	n/a	n/a	n/a	n/a
1730.300	0	865150	standard_tone	sapo_probe	standard	n/a	n/a	n/a	n/a	n/a
1731.316	0	865658	standard_tone	sapo_probe	standard	n/a	n/a	n/a	n/a	n/a
1732.332	0	866166	standard_tone	sapo_probe	standard	n/a	n/a	n/a	n/a	n/a
1733.348	0	866674	oddball_tone	sapo_probe	oddball	n/a	n/a	n/a	n/a	n/a
1734.362	0	867181	standard_tone	sapo_probe	standard	n/a	n/a	n/a	n/a	n/a
1735.378	0	867689	distractor_noise	sapo_probe	distractor	n/a	n/a	n/a	n/a	n/a
1736.396	0	868198	standard_tone	sapo_probe	standard	n/a	n/a	n/a	n/a	n/a
1737.410	0	868705	standard_tone	sapo_probe	standard	n/a	n/a	n/a	n/a	n/a
1738.426	0	869213	standard_tone	sapo_probe	standard	n/a	n/a	n/a	n/a	n/a
1739.426	0	869713	oddball_tone	sapo_probe	oddball	n/a	n/a	n/a	n/a	n/a
1740.442	0	870221	standard_tone	sapo_probe	standard	n/a	n/a	n/a	n/a	n/a
1741.458	0	870729	distractor_noise	sapo_probe	distractor	n/a	n/a	n/a	n/a	n/a
1742.474	0	871237	standard_tone	sapo_probe	standard	n/a	n/a	n/a	n/a	n/a
1743.488	0	871744	standard_tone	sapo_probe	standard	n/a	n/a	n/a	n/a	n/a
1744.504	0	872252	standard_tone	sapo_probe	standard	n/a	n/a	n/a	n/a	n/a
1745.522	0	872761	standard_tone	sapo_probe	standard	n/a	n/a	n/a	n/a	n/a
1746.536	0	873268	standard_tone	sapo_probe	standard	n/a	n/a	n/a	n/a	n/a
1747.552	0	873776	standard_tone	sapo_probe	standard	n/a	n/a	n/a	n/a	n/a
1748.568	0	874284	standard_tone	sapo_probe	standard	n/a	n/a	n/a	n/a	n/a
1749.584	0	874792	oddball_tone	sapo_probe	oddball	n/a	n/a	n/a	n/a	n/a
1750.600	0	875300	distractor_noise	sapo_probe	distractor	n/a	n/a	n/a	n/a	n/a
1751.600	0	875800	oddball_tone	sapo_probe	oddball	n/a	n/a	n/a	n/a	n/a
1752.614	0	876307	standard_tone	sapo_probe	standard	n/a	n/a	n/a	n/a	n/a
1753.630	0	876815	standard_tone	sapo_probe	standard	n/a	n/a	n/a	n/a	n/a
1754.646	0	877323	oddball_tone	sapo_probe	oddball	n/a	n/a	n/a	n/a	n/a
1755.662	0	877831	standard_tone	sapo_probe	standard	n/a	n/a	n/a	n/a	n/a
1756.678	0	878339	standard_tone	sapo_probe	standard	n/a	n/a	n/a	n/a	n/a
1757.694	0	878847	standard_tone	sapo_probe	standard	n/a	n/a	n/a	n/a	n/a
1758.710	0	879355	standard_tone	sapo_probe	standard	n/a	n/a	n/a	n/a	n/a
1759.726	0	879863	standard_tone	sapo_probe	standard	n/a	n/a	n/a	n/a	n/a
1760.742	0	880371	standard_tone	sapo_probe	standard	n/a	n/a	n/a	n/a	n/a
1761.758	0	880879	standard_tone	sapo_probe	standard	n/a	n/a	n/a	n/a	n/a
1762.772	0	881386	standard_tone	sapo_probe	standard	n/a	n/a	n/a	n/a	n/a
1763.788	0	881894	standard_tone	sapo_probe	standard	n/a	n/a	n/a	n/a	n/a
1764.804	0	882402	standard_tone	sapo_probe	standard	n/a	n/a	n/a	n/a	n/a
1765.820	0	882910	standard_tone	sapo_probe	standard	n/a	n/a	n/a	n/a	n/a
1766.836	0	883418	standard_tone	sapo_probe	standard	n/a	n/a	n/a	n/a	n/a
1767.852	0	883926	standard_tone	sapo_probe	standard	n/a	n/a	n/a	n/a	n/a
1768.868	0	884434	standard_tone	sapo_probe	standard	n/a	n/a	n/a	n/a	n/a
1769.884	0	884942	standard_tone	sapo_probe	standard	n/a	n/a	n/a	n/a	n/a
1770.900	0	885450	standard_tone	sapo_probe	standard	n/a	n/a	n/a	n/a	n/a
1771.916	0	885958	standard_tone	sapo_probe	standard	n/a	n/a	n/a	n/a	n/a
1772.930	0	886465	standard_tone	sapo_probe	standard	n/a	n/a	n/a	n/a	n/a
1773.946	0	886973	distractor_noise	sapo_probe	distractor	n/a	n/a	n/a	n/a	n/a
1774.962	0	887481	standard_tone	sapo_probe	standard	n/a	n/a	n/a	n/a	n/a
1775.978	0	887989	standard_tone	sapo_probe	standard	n/a	n/a	n/a	n/a	n/a
1776.994	0	888497	standard_tone	sapo_probe	standard	n/a	n/a	n/a	n/a	n/a
1777.994	0	888997	standard_tone	sapo_probe	standard	n/a	n/a	n/a	n/a	n/a
1779.010	0	889505	oddball_tone	sapo_probe	oddball	n/a	n/a	n/a	n/a	n/a
1780.026	0	890013	standard_tone	sapo_probe	standard	n/a	n/a	n/a	n/a	n/a
1781.024	0	890512	standard_tone	sapo_probe	standard	n/a	n/a	n/a	n/a	n/a
1782.040	0	891020	oddball_tone	sapo_probe	oddball	n/a	n/a	n/a	n/a	n/a
1783.056	0	891528	standard_tone	sapo_probe	standard	n/a	n/a	n/a	n/a	n/a
1784.072	0	892036	standard_tone	sapo_probe	standard	n/a	n/a	n/a	n/a	n/a
1785.088	0	892544	standard_tone	sapo_probe	standard	n/a	n/a	n/a	n/a	n/a
1786.104	0	893052	standard_tone	sapo_probe	standard	n/a	n/a	n/a	n/a	n/a
1787.120	0	893560	standard_tone	sapo_probe	standard	n/a	n/a	n/a	n/a	n/a
1788.136	0	894068	standard_tone	sapo_probe	standard	n/a	n/a	n/a	n/a	n/a
1789.150	0	894575	distractor_noise	sapo_probe	distractor	n/a	n/a	n/a	n/a	n/a
1790.016	0	895008	silence_end	sapo_probe	silence-end	n/a	n/a	n/a	n/a	n/a
1790.018	0	895009	gong_begin	sapo_probe	gong-begin	n/a	n/a	n/a	n/a	n/a
1800.176	0	900088	gong_end	sapo_probe	gong-end	n/a	n/a	n/a	n/a	n/a
1800.176	0	900088	subblock_end	sapo_probe	subblock-end-duration-120.483	n/a	n/a	n/a	120.483	n/a
1800.176	0	900088	subblock_begin	sapo_probe	subblock-begin	n/a	n/a	n/a	n/a	n/a
1800.176	0	900088	silence_begin	sapo_probe	silence-begin	n/a	n/a	n/a	n/a	n/a
1800.178	0	900089	standard_tone	sapo_probe	standard	n/a	n/a	n/a	n/a	n/a
1801.192	0	900596	standard_tone	sapo_probe	standard	n/a	n/a	n/a	n/a	n/a
1802.206	0	901103	standard_tone	sapo_probe	standard	n/a	n/a	n/a	n/a	n/a
1803.222	0	901611	distractor_noise	sapo_probe	distractor	n/a	n/a	n/a	n/a	n/a
1804.238	0	902119	standard_tone	sapo_probe	standard	n/a	n/a	n/a	n/a	n/a
1805.254	0	902627	standard_tone	sapo_probe	standard	n/a	n/a	n/a	n/a	n/a
1806.270	0	903135	standard_tone	sapo_probe	standard	n/a	n/a	n/a	n/a	n/a
1807.270	0	903635	standard_tone	sapo_probe	standard	n/a	n/a	n/a	n/a	n/a
1808.286	0	904143	standard_tone	sapo_probe	standard	n/a	n/a	n/a	n/a	n/a
1809.300	0	904650	standard_tone	sapo_probe	standard	n/a	n/a	n/a	n/a	n/a
1810.318	0	905159	standard_tone	sapo_probe	standard	n/a	n/a	n/a	n/a	n/a
1811.332	0	905666	standard_tone	sapo_probe	standard	n/a	n/a	n/a	n/a	n/a
1812.348	0	906174	standard_tone	sapo_probe	standard	n/a	n/a	n/a	n/a	n/a
1813.364	0	906682	standard_tone	sapo_probe	standard	n/a	n/a	n/a	n/a	n/a
1814.364	0	907182	standard_tone	sapo_probe	standard	n/a	n/a	n/a	n/a	n/a
1815.380	0	907690	standard_tone	sapo_probe	standard	n/a	n/a	n/a	n/a	n/a
1816.396	0	908198	standard_tone	sapo_probe	standard	n/a	n/a	n/a	n/a	n/a
1817.410	0	908705	standard_tone	sapo_probe	standard	n/a	n/a	n/a	n/a	n/a
1818.426	0	909213	standard_tone	sapo_probe	standard	n/a	n/a	n/a	n/a	n/a
1819.442	0	909721	oddball_tone	sapo_probe	oddball	n/a	n/a	n/a	n/a	n/a
1820.458	0	910229	standard_tone	sapo_probe	standard	n/a	n/a	n/a	n/a	n/a
1821.474	0	910737	distractor_noise	sapo_probe	distractor	n/a	n/a	n/a	n/a	n/a
1822.490	0	911245	oddball_tone	sapo_probe	oddball	n/a	n/a	n/a	n/a	n/a
1823.506	0	911753	distractor_noise	sapo_probe	distractor	n/a	n/a	n/a	n/a	n/a
1824.522	0	912261	standard_tone	sapo_probe	standard	n/a	n/a	n/a	n/a	n/a
1825.538	0	912769	standard_tone	sapo_probe	standard	n/a	n/a	n/a	n/a	n/a
1826.554	0	913277	standard_tone	sapo_probe	standard	n/a	n/a	n/a	n/a	n/a
1827.570	0	913785	standard_tone	sapo_probe	standard	n/a	n/a	n/a	n/a	n/a
1828.584	0	914292	standard_tone	sapo_probe	standard	n/a	n/a	n/a	n/a	n/a
1829.600	0	914800	standard_tone	sapo_probe	standard	n/a	n/a	n/a	n/a	n/a
1830.616	0	915308	standard_tone	sapo_probe	standard	n/a	n/a	n/a	n/a	n/a
1831.632	0	915816	standard_tone	sapo_probe	standard	n/a	n/a	n/a	n/a	n/a
1832.648	0	916324	distractor_noise	sapo_probe	distractor	n/a	n/a	n/a	n/a	n/a
1832.698	0	916349	prompt_window_begin	sapo_probe	probe-sapo-probe-begin	n/a	n/a	n/a	n/a	n/a
1837.088	0	918544	clicker_press	sapo_probe	response-received-arrow_up	n/a	n/a	n/a	n/a	arrow_up
1838.094	0	919047	clicker_press	sapo_probe	response-received-arrow_up	n/a	n/a	n/a	n/a	arrow_up
1841.726	0	920863	depth_rating	sapo_probe	rating-sapo-probe-meditation_depth-2	2	n/a	n/a	n/a	n/a
1844.656	0	922328	clicker_press	sapo_probe	response-received-arrow_up	n/a	n/a	n/a	n/a	arrow_up
1845.288	0	922644	clicker_press	sapo_probe	response-received-arrow_up	n/a	n/a	n/a	n/a	arrow_up
1845.854	0	922927	clicker_press	sapo_probe	response-received-arrow_up	n/a	n/a	n/a	n/a	arrow_up
1846.488	0	923244	clicker_press	sapo_probe	response-received-arrow_up	n/a	n/a	n/a	n/a	arrow_up
1847.186	0	923593	clicker_press	sapo_probe	response-received-arrow_up	n/a	n/a	n/a	n/a	arrow_up
1851.950	0	925975	confidence_rating	sapo_probe	rating-sapo-probe-confidence_depth-5	n/a	5	n/a	n/a	n/a
1855.464	0	927732	prompt_window_end	sapo_probe	probe-sapo-probe-end	n/a	n/a	n/a	n/a	n/a
1855.480	0	927740	oddball_tone	sapo_probe	oddball	n/a	n/a	n/a	n/a	n/a
1856.496	0	928248	standard_tone	sapo_probe	standard	n/a	n/a	n/a	n/a	n/a
1857.510	0	928755	standard_tone	sapo_probe	standard	n/a	n/a	n/a	n/a	n/a
1858.528	0	929264	oddball_tone	sapo_probe	oddball	n/a	n/a	n/a	n/a	n/a
1859.542	0	929771	standard_tone	sapo_probe	standard	n/a	n/a	n/a	n/a	n/a
1860.558	0	930279	standard_tone	sapo_probe	standard	n/a	n/a	n/a	n/a	n/a
1861.574	0	930787	standard_tone	sapo_probe	standard	n/a	n/a	n/a	n/a	n/a
1862.590	0	931295	standard_tone	sapo_probe	standard	n/a	n/a	n/a	n/a	n/a
1863.606	0	931803	standard_tone	sapo_probe	standard	n/a	n/a	n/a	n/a	n/a
1864.622	0	932311	standard_tone	sapo_probe	standard	n/a	n/a	n/a	n/a	n/a
1865.622	0	932811	oddball_tone	sapo_probe	oddball	n/a	n/a	n/a	n/a	n/a
1866.636	0	933318	standard_tone	sapo_probe	standard	n/a	n/a	n/a	n/a	n/a
1867.652	0	933826	standard_tone	sapo_probe	standard	n/a	n/a	n/a	n/a	n/a
1868.668	0	934334	standard_tone	sapo_probe	standard	n/a	n/a	n/a	n/a	n/a
1869.684	0	934842	standard_tone	sapo_probe	standard	n/a	n/a	n/a	n/a	n/a
1870.700	0	935350	standard_tone	sapo_probe	standard	n/a	n/a	n/a	n/a	n/a
1871.716	0	935858	standard_tone	sapo_probe	standard	n/a	n/a	n/a	n/a	n/a
1872.732	0	936366	standard_tone	sapo_probe	standard	n/a	n/a	n/a	n/a	n/a
1873.748	0	936874	distractor_noise	sapo_probe	distractor	n/a	n/a	n/a	n/a	n/a
1874.764	0	937382	standard_tone	sapo_probe	standard	n/a	n/a	n/a	n/a	n/a
1875.780	0	937890	distractor_noise	sapo_probe	distractor	n/a	n/a	n/a	n/a	n/a
1876.796	0	938398	standard_tone	sapo_probe	standard	n/a	n/a	n/a	n/a	n/a
1877.810	0	938905	distractor_noise	sapo_probe	distractor	n/a	n/a	n/a	n/a	n/a
1878.826	0	939413	oddball_tone	sapo_probe	oddball	n/a	n/a	n/a	n/a	n/a
1879.844	0	939922	standard_tone	sapo_probe	standard	n/a	n/a	n/a	n/a	n/a
1880.858	0	940429	standard_tone	sapo_probe	standard	n/a	n/a	n/a	n/a	n/a
1881.874	0	940937	oddball_tone	sapo_probe	oddball	n/a	n/a	n/a	n/a	n/a
1882.890	0	941445	standard_tone	sapo_probe	standard	n/a	n/a	n/a	n/a	n/a
1883.906	0	941953	oddball_tone	sapo_probe	oddball	n/a	n/a	n/a	n/a	n/a
1884.904	0	942452	distractor_noise	sapo_probe	distractor	n/a	n/a	n/a	n/a	n/a
1885.920	0	942960	standard_tone	sapo_probe	standard	n/a	n/a	n/a	n/a	n/a
1886.936	0	943468	standard_tone	sapo_probe	standard	n/a	n/a	n/a	n/a	n/a
1887.936	0	943968	oddball_tone	sapo_probe	oddball	n/a	n/a	n/a	n/a	n/a
1888.952	0	944476	standard_tone	sapo_probe	standard	n/a	n/a	n/a	n/a	n/a
1889.968	0	944984	standard_tone	sapo_probe	standard	n/a	n/a	n/a	n/a	n/a
1890.984	0	945492	standard_tone	sapo_probe	standard	n/a	n/a	n/a	n/a	n/a
1891.998	0	945999	standard_tone	sapo_probe	standard	n/a	n/a	n/a	n/a	n/a
1892.998	0	946499	standard_tone	sapo_probe	standard	n/a	n/a	n/a	n/a	n/a
1894.014	0	947007	standard_tone	sapo_probe	standard	n/a	n/a	n/a	n/a	n/a
1895.030	0	947515	standard_tone	sapo_probe	standard	n/a	n/a	n/a	n/a	n/a
1896.046	0	948023	standard_tone	sapo_probe	standard	n/a	n/a	n/a	n/a	n/a
1897.062	0	948531	standard_tone	sapo_probe	standard	n/a	n/a	n/a	n/a	n/a
1898.060	0	949030	standard_tone	sapo_probe	standard	n/a	n/a	n/a	n/a	n/a
1899.076	0	949538	standard_tone	sapo_probe	standard	n/a	n/a	n/a	n/a	n/a
1900.092	0	950046	standard_tone	sapo_probe	standard	n/a	n/a	n/a	n/a	n/a
1901.108	0	950554	oddball_tone	sapo_probe	oddball	n/a	n/a	n/a	n/a	n/a
1902.124	0	951062	standard_tone	sapo_probe	standard	n/a	n/a	n/a	n/a	n/a
1903.140	0	951570	standard_tone	sapo_probe	standard	n/a	n/a	n/a	n/a	n/a
1904.156	0	952078	standard_tone	sapo_probe	standard	n/a	n/a	n/a	n/a	n/a
1905.172	0	952586	standard_tone	sapo_probe	standard	n/a	n/a	n/a	n/a	n/a
1906.188	0	953094	standard_tone	sapo_probe	standard	n/a	n/a	n/a	n/a	n/a
1907.204	0	953602	standard_tone	sapo_probe	standard	n/a	n/a	n/a	n/a	n/a
1908.218	0	954109	distractor_noise	sapo_probe	distractor	n/a	n/a	n/a	n/a	n/a
1909.234	0	954617	standard_tone	sapo_probe	standard	n/a	n/a	n/a	n/a	n/a
1910.250	0	955125	standard_tone	sapo_probe	standard	n/a	n/a	n/a	n/a	n/a
1911.250	0	955625	standard_tone	sapo_probe	standard	n/a	n/a	n/a	n/a	n/a
1912.266	0	956133	oddball_tone	sapo_probe	oddball	n/a	n/a	n/a	n/a	n/a
1913.282	0	956641	standard_tone	sapo_probe	standard	n/a	n/a	n/a	n/a	n/a
1914.298	0	957149	standard_tone	sapo_probe	standard	n/a	n/a	n/a	n/a	n/a
1915.314	0	957657	standard_tone	sapo_probe	standard	n/a	n/a	n/a	n/a	n/a
1916.328	0	958164	standard_tone	sapo_probe	standard	n/a	n/a	n/a	n/a	n/a
1917.344	0	958672	standard_tone	sapo_probe	standard	n/a	n/a	n/a	n/a	n/a
1918.360	0	959180	standard_tone	sapo_probe	standard	n/a	n/a	n/a	n/a	n/a
1919.376	0	959688	standard_tone	sapo_probe	standard	n/a	n/a	n/a	n/a	n/a
1920.392	0	960196	standard_tone	sapo_probe	standard	n/a	n/a	n/a	n/a	n/a
1921.408	0	960704	distractor_noise	sapo_probe	distractor	n/a	n/a	n/a	n/a	n/a
1922.424	0	961212	standard_tone	sapo_probe	standard	n/a	n/a	n/a	n/a	n/a
1923.440	0	961720	standard_tone	sapo_probe	standard	n/a	n/a	n/a	n/a	n/a
1924.456	0	962228	standard_tone	sapo_probe	standard	n/a	n/a	n/a	n/a	n/a
1925.472	0	962736	standard_tone	sapo_probe	standard	n/a	n/a	n/a	n/a	n/a
1926.488	0	963244	standard_tone	sapo_probe	standard	n/a	n/a	n/a	n/a	n/a
1927.504	0	963752	standard_tone	sapo_probe	standard	n/a	n/a	n/a	n/a	n/a
1928.518	0	964259	distractor_noise	sapo_probe	distractor	n/a	n/a	n/a	n/a	n/a
1929.534	0	964767	standard_tone	sapo_probe	standard	n/a	n/a	n/a	n/a	n/a
1930.550	0	965275	standard_tone	sapo_probe	standard	n/a	n/a	n/a	n/a	n/a
1931.566	0	965783	standard_tone	sapo_probe	standard	n/a	n/a	n/a	n/a	n/a
1932.582	0	966291	distractor_noise	sapo_probe	distractor	n/a	n/a	n/a	n/a	n/a
1933.582	0	966791	standard_tone	sapo_probe	standard	n/a	n/a	n/a	n/a	n/a
1933.782	0	966891	silence_end	sapo_probe	silence-end	n/a	n/a	n/a	n/a	n/a
1933.782	0	966891	subblock_end	sapo_probe	subblock-end-duration-133.606	n/a	n/a	n/a	133.606	n/a
1933.782	0	966891	subblock_begin	sapo_probe	subblock-begin	n/a	n/a	n/a	n/a	n/a
1933.784	0	966892	silence_begin	sapo_probe	silence-begin	n/a	n/a	n/a	n/a	n/a
1934.598	0	967299	distractor_noise	sapo_probe	distractor	n/a	n/a	n/a	n/a	n/a
1935.614	0	967807	standard_tone	sapo_probe	standard	n/a	n/a	n/a	n/a	n/a
1936.628	0	968314	oddball_tone	sapo_probe	oddball	n/a	n/a	n/a	n/a	n/a
1937.644	0	968822	standard_tone	sapo_probe	standard	n/a	n/a	n/a	n/a	n/a
1938.660	0	969330	standard_tone	sapo_probe	standard	n/a	n/a	n/a	n/a	n/a
1939.676	0	969838	distractor_noise	sapo_probe	distractor	n/a	n/a	n/a	n/a	n/a
1940.676	0	970338	standard_tone	sapo_probe	standard	n/a	n/a	n/a	n/a	n/a
1941.692	0	970846	distractor_noise	sapo_probe	distractor	n/a	n/a	n/a	n/a	n/a
1942.708	0	971354	standard_tone	sapo_probe	standard	n/a	n/a	n/a	n/a	n/a
1943.724	0	971862	standard_tone	sapo_probe	standard	n/a	n/a	n/a	n/a	n/a
1944.738	0	972369	standard_tone	sapo_probe	standard	n/a	n/a	n/a	n/a	n/a
1945.754	0	972877	standard_tone	sapo_probe	standard	n/a	n/a	n/a	n/a	n/a
1946.770	0	973385	standard_tone	sapo_probe	standard	n/a	n/a	n/a	n/a	n/a
1947.786	0	973893	standard_tone	sapo_probe	standard	n/a	n/a	n/a	n/a	n/a
1948.802	0	974401	standard_tone	sapo_probe	standard	n/a	n/a	n/a	n/a	n/a
1949.818	0	974909	standard_tone	sapo_probe	standard	n/a	n/a	n/a	n/a	n/a
1950.834	0	975417	standard_tone	sapo_probe	standard	n/a	n/a	n/a	n/a	n/a
1951.850	0	975925	standard_tone	sapo_probe	standard	n/a	n/a	n/a	n/a	n/a
1952.848	0	976424	oddball_tone	sapo_probe	oddball	n/a	n/a	n/a	n/a	n/a
1953.866	0	976933	standard_tone	sapo_probe	standard	n/a	n/a	n/a	n/a	n/a
1954.880	0	977440	standard_tone	sapo_probe	standard	n/a	n/a	n/a	n/a	n/a
1955.896	0	977948	standard_tone	sapo_probe	standard	n/a	n/a	n/a	n/a	n/a
1956.912	0	978456	standard_tone	sapo_probe	standard	n/a	n/a	n/a	n/a	n/a
1957.928	0	978964	standard_tone	sapo_probe	standard	n/a	n/a	n/a	n/a	n/a
1958.944	0	979472	standard_tone	sapo_probe	standard	n/a	n/a	n/a	n/a	n/a
1959.960	0	979980	standard_tone	sapo_probe	standard	n/a	n/a	n/a	n/a	n/a
1960.976	0	980488	oddball_tone	sapo_probe	oddball	n/a	n/a	n/a	n/a	n/a
1961.992	0	980996	standard_tone	sapo_probe	standard	n/a	n/a	n/a	n/a	n/a
1963.008	0	981504	standard_tone	sapo_probe	standard	n/a	n/a	n/a	n/a	n/a
1964.022	0	982011	standard_tone	sapo_probe	standard	n/a	n/a	n/a	n/a	n/a
1965.038	0	982519	standard_tone	sapo_probe	standard	n/a	n/a	n/a	n/a	n/a
1966.054	0	983027	distractor_noise	sapo_probe	distractor	n/a	n/a	n/a	n/a	n/a
1967.070	0	983535	standard_tone	sapo_probe	standard	n/a	n/a	n/a	n/a	n/a
1968.086	0	984043	standard_tone	sapo_probe	standard	n/a	n/a	n/a	n/a	n/a
1969.102	0	984551	standard_tone	sapo_probe	standard	n/a	n/a	n/a	n/a	n/a
1970.118	0	985059	oddball_tone	sapo_probe	oddball	n/a	n/a	n/a	n/a	n/a
1971.134	0	985567	standard_tone	sapo_probe	standard	n/a	n/a	n/a	n/a	n/a
1972.150	0	986075	standard_tone	sapo_probe	standard	n/a	n/a	n/a	n/a	n/a
1973.166	0	986583	standard_tone	sapo_probe	standard	n/a	n/a	n/a	n/a	n/a
1974.182	0	987091	standard_tone	sapo_probe	standard	n/a	n/a	n/a	n/a	n/a
1975.198	0	987599	standard_tone	sapo_probe	standard	n/a	n/a	n/a	n/a	n/a
1976.212	0	988106	oddball_tone	sapo_probe	oddball	n/a	n/a	n/a	n/a	n/a
1977.228	0	988614	standard_tone	sapo_probe	standard	n/a	n/a	n/a	n/a	n/a
1978.228	0	989114	distractor_noise	sapo_probe	distractor	n/a	n/a	n/a	n/a	n/a
1979.244	0	989622	standard_tone	sapo_probe	standard	n/a	n/a	n/a	n/a	n/a
1980.260	0	990130	standard_tone	sapo_probe	standard	n/a	n/a	n/a	n/a	n/a
1981.276	0	990638	standard_tone	sapo_probe	standard	n/a	n/a	n/a	n/a	n/a
1982.292	0	991146	standard_tone	sapo_probe	standard	n/a	n/a	n/a	n/a	n/a
1983.306	0	991653	standard_tone	sapo_probe	standard	n/a	n/a	n/a	n/a	n/a
1984.322	0	992161	standard_tone	sapo_probe	standard	n/a	n/a	n/a	n/a	n/a
1985.338	0	992669	standard_tone	sapo_probe	standard	n/a	n/a	n/a	n/a	n/a
1986.354	0	993177	standard_tone	sapo_probe	standard	n/a	n/a	n/a	n/a	n/a
1987.370	0	993685	standard_tone	sapo_probe	standard	n/a	n/a	n/a	n/a	n/a
1988.386	0	994193	standard_tone	sapo_probe	standard	n/a	n/a	n/a	n/a	n/a
1989.402	0	994701	standard_tone	sapo_probe	standard	n/a	n/a	n/a	n/a	n/a
1990.418	0	995209	standard_tone	sapo_probe	standard	n/a	n/a	n/a	n/a	n/a
1991.416	0	995708	distractor_noise	sapo_probe	distractor	n/a	n/a	n/a	n/a	n/a
1992.432	0	996216	standard_tone	sapo_probe	standard	n/a	n/a	n/a	n/a	n/a
1993.448	0	996724	distractor_noise	sapo_probe	distractor	n/a	n/a	n/a	n/a	n/a
1994.448	0	997224	standard_tone	sapo_probe	standard	n/a	n/a	n/a	n/a	n/a
1995.464	0	997732	standard_tone	sapo_probe	standard	n/a	n/a	n/a	n/a	n/a
1996.480	0	998240	standard_tone	sapo_probe	standard	n/a	n/a	n/a	n/a	n/a
1997.496	0	998748	standard_tone	sapo_probe	standard	n/a	n/a	n/a	n/a	n/a
1998.512	0	999256	standard_tone	sapo_probe	standard	n/a	n/a	n/a	n/a	n/a
1999.526	0	999763	standard_tone	sapo_probe	standard	n/a	n/a	n/a	n/a	n/a
2000.542	0	1000271	standard_tone	sapo_probe	standard	n/a	n/a	n/a	n/a	n/a
2001.542	0	1000771	standard_tone	sapo_probe	standard	n/a	n/a	n/a	n/a	n/a
2002.558	0	1001279	standard_tone	sapo_probe	standard	n/a	n/a	n/a	n/a	n/a
2003.574	0	1001787	standard_tone	sapo_probe	standard	n/a	n/a	n/a	n/a	n/a
2004.590	0	1002295	standard_tone	sapo_probe	standard	n/a	n/a	n/a	n/a	n/a
2005.606	0	1002803	standard_tone	sapo_probe	standard	n/a	n/a	n/a	n/a	n/a
2006.620	0	1003310	standard_tone	sapo_probe	standard	n/a	n/a	n/a	n/a	n/a
2007.638	0	1003819	standard_tone	sapo_probe	standard	n/a	n/a	n/a	n/a	n/a
2008.654	0	1004327	standard_tone	sapo_probe	standard	n/a	n/a	n/a	n/a	n/a
2009.668	0	1004834	standard_tone	sapo_probe	standard	n/a	n/a	n/a	n/a	n/a
2010.684	0	1005342	distractor_noise	sapo_probe	distractor	n/a	n/a	n/a	n/a	n/a
2011.700	0	1005850	standard_tone	sapo_probe	standard	n/a	n/a	n/a	n/a	n/a
2012.716	0	1006358	standard_tone	sapo_probe	standard	n/a	n/a	n/a	n/a	n/a
2013.732	0	1006866	standard_tone	sapo_probe	standard	n/a	n/a	n/a	n/a	n/a
2014.748	0	1007374	standard_tone	sapo_probe	standard	n/a	n/a	n/a	n/a	n/a
2015.764	0	1007882	standard_tone	sapo_probe	standard	n/a	n/a	n/a	n/a	n/a
2016.780	0	1008390	standard_tone	sapo_probe	standard	n/a	n/a	n/a	n/a	n/a
2017.796	0	1008898	standard_tone	sapo_probe	standard	n/a	n/a	n/a	n/a	n/a
2018.810	0	1009405	standard_tone	sapo_probe	standard	n/a	n/a	n/a	n/a	n/a
2019.826	0	1009913	standard_tone	sapo_probe	standard	n/a	n/a	n/a	n/a	n/a
2020.842	0	1010421	standard_tone	sapo_probe	standard	n/a	n/a	n/a	n/a	n/a
2021.858	0	1010929	standard_tone	sapo_probe	standard	n/a	n/a	n/a	n/a	n/a
2022.874	0	1011437	standard_tone	sapo_probe	standard	n/a	n/a	n/a	n/a	n/a
2023.890	0	1011945	distractor_noise	sapo_probe	distractor	n/a	n/a	n/a	n/a	n/a
2024.906	0	1012453	standard_tone	sapo_probe	standard	n/a	n/a	n/a	n/a	n/a
2025.922	0	1012961	oddball_tone	sapo_probe	oddball	n/a	n/a	n/a	n/a	n/a
2026.938	0	1013469	standard_tone	sapo_probe	standard	n/a	n/a	n/a	n/a	n/a
2027.954	0	1013977	standard_tone	sapo_probe	standard	n/a	n/a	n/a	n/a	n/a
2028.968	0	1014484	standard_tone	sapo_probe	standard	n/a	n/a	n/a	n/a	n/a
2029.984	0	1014992	oddball_tone	sapo_probe	oddball	n/a	n/a	n/a	n/a	n/a
2031.000	0	1015500	standard_tone	sapo_probe	standard	n/a	n/a	n/a	n/a	n/a
2032.016	0	1016008	standard_tone	sapo_probe	standard	n/a	n/a	n/a	n/a	n/a
2033.034	0	1016517	standard_tone	sapo_probe	standard	n/a	n/a	n/a	n/a	n/a
2034.048	0	1017024	standard_tone	sapo_probe	standard	n/a	n/a	n/a	n/a	n/a
2035.064	0	1017532	oddball_tone	sapo_probe	oddball	n/a	n/a	n/a	n/a	n/a
2036.064	0	1018032	standard_tone	sapo_probe	standard	n/a	n/a	n/a	n/a	n/a
2036.496	0	1018248	silence_end	sapo_probe	silence-end	n/a	n/a	n/a	n/a	n/a
2036.498	0	1018249	gong_begin	sapo_probe	gong-begin	n/a	n/a	n/a	n/a	n/a
2046.604	0	1023302	gong_end	sapo_probe	gong-end	n/a	n/a	n/a	n/a	n/a
2046.606	0	1023303	subblock_end	sapo_probe	subblock-end-duration-112.823	n/a	n/a	n/a	112.823	n/a
2046.606	0	1023303	subblock_begin	sapo_probe	subblock-begin	n/a	n/a	n/a	n/a	n/a
2046.606	0	1023303	silence_begin	sapo_probe	silence-begin	n/a	n/a	n/a	n/a	n/a
2046.608	0	1023304	standard_tone	sapo_probe	standard	n/a	n/a	n/a	n/a	n/a
2047.620	0	1023810	standard_tone	sapo_probe	standard	n/a	n/a	n/a	n/a	n/a
2048.636	0	1024318	standard_tone	sapo_probe	standard	n/a	n/a	n/a	n/a	n/a
2049.652	0	1024826	oddball_tone	sapo_probe	oddball	n/a	n/a	n/a	n/a	n/a
2050.668	0	1025334	standard_tone	sapo_probe	standard	n/a	n/a	n/a	n/a	n/a
2051.684	0	1025842	standard_tone	sapo_probe	standard	n/a	n/a	n/a	n/a	n/a
2052.684	0	1026342	oddball_tone	sapo_probe	oddball	n/a	n/a	n/a	n/a	n/a
2053.698	0	1026849	standard_tone	sapo_probe	standard	n/a	n/a	n/a	n/a	n/a
2054.698	0	1027349	standard_tone	sapo_probe	standard	n/a	n/a	n/a	n/a	n/a
2055.714	0	1027857	standard_tone	sapo_probe	standard	n/a	n/a	n/a	n/a	n/a
2056.712	0	1028356	standard_tone	sapo_probe	standard	n/a	n/a	n/a	n/a	n/a
2057.730	0	1028865	distractor_noise	sapo_probe	distractor	n/a	n/a	n/a	n/a	n/a
2058.746	0	1029373	oddball_tone	sapo_probe	oddball	n/a	n/a	n/a	n/a	n/a
2059.760	0	1029880	standard_tone	sapo_probe	standard	n/a	n/a	n/a	n/a	n/a
2060.776	0	1030388	distractor_noise	sapo_probe	distractor	n/a	n/a	n/a	n/a	n/a
2061.776	0	1030888	standard_tone	sapo_probe	standard	n/a	n/a	n/a	n/a	n/a
2062.792	0	1031396	standard_tone	sapo_probe	standard	n/a	n/a	n/a	n/a	n/a
2063.808	0	1031904	standard_tone	sapo_probe	standard	n/a	n/a	n/a	n/a	n/a
2064.824	0	1032412	standard_tone	sapo_probe	standard	n/a	n/a	n/a	n/a	n/a
2065.838	0	1032919	standard_tone	sapo_probe	standard	n/a	n/a	n/a	n/a	n/a
2066.838	0	1033419	standard_tone	sapo_probe	standard	n/a	n/a	n/a	n/a	n/a
2067.854	0	1033927	standard_tone	sapo_probe	standard	n/a	n/a	n/a	n/a	n/a
2068.870	0	1034435	standard_tone	sapo_probe	standard	n/a	n/a	n/a	n/a	n/a
2069.886	0	1034943	standard_tone	sapo_probe	standard	n/a	n/a	n/a	n/a	n/a
2070.902	0	1035451	standard_tone	sapo_probe	standard	n/a	n/a	n/a	n/a	n/a
2071.918	0	1035959	standard_tone	sapo_probe	standard	n/a	n/a	n/a	n/a	n/a
2072.934	0	1036467	distractor_noise	sapo_probe	distractor	n/a	n/a	n/a	n/a	n/a
2073.948	0	1036974	oddball_tone	sapo_probe	oddball	n/a	n/a	n/a	n/a	n/a
2074.964	0	1037482	standard_tone	sapo_probe	standard	n/a	n/a	n/a	n/a	n/a
2075.980	0	1037990	standard_tone	sapo_probe	standard	n/a	n/a	n/a	n/a	n/a
2076.996	0	1038498	standard_tone	sapo_probe	standard	n/a	n/a	n/a	n/a	n/a
2078.012	0	1039006	standard_tone	sapo_probe	standard	n/a	n/a	n/a	n/a	n/a
2079.028	0	1039514	standard_tone	sapo_probe	standard	n/a	n/a	n/a	n/a	n/a
2080.044	0	1040022	standard_tone	sapo_probe	standard	n/a	n/a	n/a	n/a	n/a
2081.060	0	1040530	standard_tone	sapo_probe	standard	n/a	n/a	n/a	n/a	n/a
2082.076	0	1041038	standard_tone	sapo_probe	standard	n/a	n/a	n/a	n/a	n/a
2082.526	0	1041263	prompt_window_begin	sapo_probe	probe-sapo-probe-begin	n/a	n/a	n/a	n/a	n/a
2086.808	0	1043404	clicker_press	sapo_probe	response-received-arrow_up	n/a	n/a	n/a	n/a	arrow_up
2087.688	0	1043844	clicker_press	sapo_probe	response-received-arrow_up	n/a	n/a	n/a	n/a	arrow_up
2091.768	0	1045884	depth_rating	sapo_probe	rating-sapo-probe-meditation_depth-2	2	n/a	n/a	n/a	n/a
2094.182	0	1047091	clicker_press	sapo_probe	response-received-arrow_up	n/a	n/a	n/a	n/a	arrow_up
2094.666	0	1047333	clicker_press	sapo_probe	response-received-arrow_up	n/a	n/a	n/a	n/a	arrow_up
2095.214	0	1047607	clicker_press	sapo_probe	response-received-arrow_up	n/a	n/a	n/a	n/a	arrow_up
2095.814	0	1047907	clicker_press	sapo_probe	response-received-arrow_up	n/a	n/a	n/a	n/a	arrow_up
2096.348	0	1048174	clicker_press	sapo_probe	response-received-arrow_up	n/a	n/a	n/a	n/a	arrow_up
2101.860	0	1050930	confidence_rating	sapo_probe	rating-sapo-probe-confidence_depth-5	n/a	5	n/a	n/a	n/a
2105.324	0	1052662	prompt_window_end	sapo_probe	probe-sapo-probe-end	n/a	n/a	n/a	n/a	n/a
2105.324	0	1052662	standard_tone	sapo_probe	standard	n/a	n/a	n/a	n/a	n/a
2106.338	0	1053169	standard_tone	sapo_probe	standard	n/a	n/a	n/a	n/a	n/a
2107.354	0	1053677	standard_tone	sapo_probe	standard	n/a	n/a	n/a	n/a	n/a
2108.370	0	1054185	standard_tone	sapo_probe	standard	n/a	n/a	n/a	n/a	n/a
2109.386	0	1054693	standard_tone	sapo_probe	standard	n/a	n/a	n/a	n/a	n/a
2110.402	0	1055201	distractor_noise	sapo_probe	distractor	n/a	n/a	n/a	n/a	n/a
2111.418	0	1055709	standard_tone	sapo_probe	standard	n/a	n/a	n/a	n/a	n/a
2112.434	0	1056217	standard_tone	sapo_probe	standard	n/a	n/a	n/a	n/a	n/a
2113.450	0	1056725	standard_tone	sapo_probe	standard	n/a	n/a	n/a	n/a	n/a
2114.450	0	1057225	oddball_tone	sapo_probe	oddball	n/a	n/a	n/a	n/a	n/a
2115.464	0	1057732	distractor_noise	sapo_probe	distractor	n/a	n/a	n/a	n/a	n/a
2116.480	0	1058240	oddball_tone	sapo_probe	oddball	n/a	n/a	n/a	n/a	n/a
2117.480	0	1058740	standard_tone	sapo_probe	standard	n/a	n/a	n/a	n/a	n/a
2118.494	0	1059247	standard_tone	sapo_probe	standard	n/a	n/a	n/a	n/a	n/a
2119.510	0	1059755	distractor_noise	sapo_probe	distractor	n/a	n/a	n/a	n/a	n/a
2120.526	0	1060263	standard_tone	sapo_probe	standard	n/a	n/a	n/a	n/a	n/a
2121.542	0	1060771	standard_tone	sapo_probe	standard	n/a	n/a	n/a	n/a	n/a
2122.558	0	1061279	standard_tone	sapo_probe	standard	n/a	n/a	n/a	n/a	n/a
2123.574	0	1061787	standard_tone	sapo_probe	standard	n/a	n/a	n/a	n/a	n/a
2124.574	0	1062287	standard_tone	sapo_probe	standard	n/a	n/a	n/a	n/a	n/a
2125.590	0	1062795	standard_tone	sapo_probe	standard	n/a	n/a	n/a	n/a	n/a
2126.606	0	1063303	standard_tone	sapo_probe	standard	n/a	n/a	n/a	n/a	n/a
2127.620	0	1063810	standard_tone	sapo_probe	standard	n/a	n/a	n/a	n/a	n/a
2128.636	0	1064318	standard_tone	sapo_probe	standard	n/a	n/a	n/a	n/a	n/a
2129.652	0	1064826	standard_tone	sapo_probe	standard	n/a	n/a	n/a	n/a	n/a
2130.668	0	1065334	standard_tone	sapo_probe	standard	n/a	n/a	n/a	n/a	n/a
2131.684	0	1065842	standard_tone	sapo_probe	standard	n/a	n/a	n/a	n/a	n/a
2132.684	0	1066342	standard_tone	sapo_probe	standard	n/a	n/a	n/a	n/a	n/a
2133.698	0	1066849	standard_tone	sapo_probe	standard	n/a	n/a	n/a	n/a	n/a
2134.714	0	1067357	distractor_noise	sapo_probe	distractor	n/a	n/a	n/a	n/a	n/a
2135.730	0	1067865	standard_tone	sapo_probe	standard	n/a	n/a	n/a	n/a	n/a
2136.746	0	1068373	standard_tone	sapo_probe	standard	n/a	n/a	n/a	n/a	n/a
2137.762	0	1068881	standard_tone	sapo_probe	standard	n/a	n/a	n/a	n/a	n/a
2138.778	0	1069389	standard_tone	sapo_probe	standard	n/a	n/a	n/a	n/a	n/a
2139.794	0	1069897	standard_tone	sapo_probe	standard	n/a	n/a	n/a	n/a	n/a
2140.810	0	1070405	standard_tone	sapo_probe	standard	n/a	n/a	n/a	n/a	n/a
2141.826	0	1070913	standard_tone	sapo_probe	standard	n/a	n/a	n/a	n/a	n/a
2142.842	0	1071421	standard_tone	sapo_probe	standard	n/a	n/a	n/a	n/a	n/a
2143.858	0	1071929	standard_tone	sapo_probe	standard	n/a	n/a	n/a	n/a	n/a
2144.874	0	1072437	standard_tone	sapo_probe	standard	n/a	n/a	n/a	n/a	n/a
2145.888	0	1072944	standard_tone	sapo_probe	standard	n/a	n/a	n/a	n/a	n/a
2146.904	0	1073452	distractor_noise	sapo_probe	distractor	n/a	n/a	n/a	n/a	n/a
2147.904	0	1073952	standard_tone	sapo_probe	standard	n/a	n/a	n/a	n/a	n/a
2148.920	0	1074460	standard_tone	sapo_probe	standard	n/a	n/a	n/a	n/a	n/a
2149.936	0	1074968	standard_tone	sapo_probe	standard	n/a	n/a	n/a	n/a	n/a
2150.952	0	1075476	distractor_noise	sapo_probe	distractor	n/a	n/a	n/a	n/a	n/a
2151.950	0	1075975	standard_tone	sapo_probe	standard	n/a	n/a	n/a	n/a	n/a
2152.966	0	1076483	standard_tone	sapo_probe	standard	n/a	n/a	n/a	n/a	n/a
2153.982	0	1076991	oddball_tone	sapo_probe	oddball	n/a	n/a	n/a	n/a	n/a
2154.998	0	1077499	distractor_noise	sapo_probe	distractor	n/a	n/a	n/a	n/a	n/a
2156.014	0	1078007	standard_tone	sapo_probe	standard	n/a	n/a	n/a	n/a	n/a
2157.030	0	1078515	standard_tone	sapo_probe	standard	n/a	n/a	n/a	n/a	n/a
2158.046	0	1079023	standard_tone	sapo_probe	standard	n/a	n/a	n/a	n/a	n/a
2159.062	0	1079531	standard_tone	sapo_probe	standard	n/a	n/a	n/a	n/a	n/a
2160.078	0	1080039	oddball_tone	sapo_probe	oddball	n/a	n/a	n/a	n/a	n/a
2161.094	0	1080547	standard_tone	sapo_probe	standard	n/a	n/a	n/a	n/a	n/a
2162.108	0	1081054	standard_tone	sapo_probe	standard	n/a	n/a	n/a	n/a	n/a
2163.124	0	1081562	standard_tone	sapo_probe	standard	n/a	n/a	n/a	n/a	n/a
2164.140	0	1082070	standard_tone	sapo_probe	standard	n/a	n/a	n/a	n/a	n/a
2165.152	0	1082576	standard_tone	sapo_probe	standard	n/a	n/a	n/a	n/a	n/a
2166.156	0	1083078	oddball_tone	sapo_probe	oddball	n/a	n/a	n/a	n/a	n/a
2167.172	0	1083586	standard_tone	sapo_probe	standard	n/a	n/a	n/a	n/a	n/a
2168.186	0	1084093	standard_tone	sapo_probe	standard	n/a	n/a	n/a	n/a	n/a
2169.204	0	1084602	standard_tone	sapo_probe	standard	n/a	n/a	n/a	n/a	n/a
2170.204	0	1085102	oddball_tone	sapo_probe	oddball	n/a	n/a	n/a	n/a	n/a
2171.218	0	1085609	standard_tone	sapo_probe	standard	n/a	n/a	n/a	n/a	n/a
2172.234	0	1086117	standard_tone	sapo_probe	standard	n/a	n/a	n/a	n/a	n/a
2173.250	0	1086625	standard_tone	sapo_probe	standard	n/a	n/a	n/a	n/a	n/a
2174.266	0	1087133	oddball_tone	sapo_probe	oddball	n/a	n/a	n/a	n/a	n/a
2175.282	0	1087641	standard_tone	sapo_probe	standard	n/a	n/a	n/a	n/a	n/a
2176.298	0	1088149	distractor_noise	sapo_probe	distractor	n/a	n/a	n/a	n/a	n/a
2177.312	0	1088656	standard_tone	sapo_probe	standard	n/a	n/a	n/a	n/a	n/a
2178.328	0	1089164	standard_tone	sapo_probe	standard	n/a	n/a	n/a	n/a	n/a
2179.344	0	1089672	standard_tone	sapo_probe	standard	n/a	n/a	n/a	n/a	n/a
2180.360	0	1090180	standard_tone	sapo_probe	standard	n/a	n/a	n/a	n/a	n/a
2181.376	0	1090688	oddball_tone	sapo_probe	oddball	n/a	n/a	n/a	n/a	n/a
2182.392	0	1091196	standard_tone	sapo_probe	standard	n/a	n/a	n/a	n/a	n/a
2183.408	0	1091704	standard_tone	sapo_probe	standard	n/a	n/a	n/a	n/a	n/a
2184.440	0	1092220	silence_end	sapo_probe	silence-end	n/a	n/a	n/a	n/a	n/a
2184.442	0	1092221	gong_begin	sapo_probe	gong-begin	n/a	n/a	n/a	n/a	n/a
2194.532	0	1097266	gong_end	sapo_probe	gong-end	n/a	n/a	n/a	n/a	n/a
2194.534	0	1097267	subblock_end	sapo_probe	subblock-end-duration-147.927	n/a	n/a	n/a	147.927	n/a
2194.534	0	1097267	subblock_begin	sapo_probe	subblock-begin	n/a	n/a	n/a	n/a	n/a
2194.534	0	1097267	silence_begin	sapo_probe	silence-begin	n/a	n/a	n/a	n/a	n/a
2194.534	0	1097267	standard_tone	sapo_probe	standard	n/a	n/a	n/a	n/a	n/a
2195.548	0	1097774	distractor_noise	sapo_probe	distractor	n/a	n/a	n/a	n/a	n/a
2196.564	0	1098282	standard_tone	sapo_probe	standard	n/a	n/a	n/a	n/a	n/a
2197.564	0	1098782	standard_tone	sapo_probe	standard	n/a	n/a	n/a	n/a	n/a
2198.580	0	1099290	standard_tone	sapo_probe	standard	n/a	n/a	n/a	n/a	n/a
2199.594	0	1099797	standard_tone	sapo_probe	standard	n/a	n/a	n/a	n/a	n/a
2200.610	0	1100305	standard_tone	sapo_probe	standard	n/a	n/a	n/a	n/a	n/a
2201.626	0	1100813	standard_tone	sapo_probe	standard	n/a	n/a	n/a	n/a	n/a
2202.642	0	1101321	oddball_tone	sapo_probe	oddball	n/a	n/a	n/a	n/a	n/a
2203.658	0	1101829	standard_tone	sapo_probe	standard	n/a	n/a	n/a	n/a	n/a
2204.674	0	1102337	standard_tone	sapo_probe	standard	n/a	n/a	n/a	n/a	n/a
2205.690	0	1102845	distractor_noise	sapo_probe	distractor	n/a	n/a	n/a	n/a	n/a
2206.706	0	1103353	standard_tone	sapo_probe	standard	n/a	n/a	n/a	n/a	n/a
2207.706	0	1103853	standard_tone	sapo_probe	standard	n/a	n/a	n/a	n/a	n/a
2208.720	0	1104360	oddball_tone	sapo_probe	oddball	n/a	n/a	n/a	n/a	n/a
2209.720	0	1104860	standard_tone	sapo_probe	standard	n/a	n/a	n/a	n/a	n/a
2210.736	0	1105368	standard_tone	sapo_probe	standard	n/a	n/a	n/a	n/a	n/a
2211.752	0	1105876	standard_tone	sapo_probe	standard	n/a	n/a	n/a	n/a	n/a
2212.768	0	1106384	oddball_tone	sapo_probe	oddball	n/a	n/a	n/a	n/a	n/a
2213.766	0	1106883	standard_tone	sapo_probe	standard	n/a	n/a	n/a	n/a	n/a
2214.782	0	1107391	distractor_noise	sapo_probe	distractor	n/a	n/a	n/a	n/a	n/a
2215.798	0	1107899	oddball_tone	sapo_probe	oddball	n/a	n/a	n/a	n/a	n/a
2216.814	0	1108407	standard_tone	sapo_probe	standard	n/a	n/a	n/a	n/a	n/a
2217.830	0	1108915	standard_tone	sapo_probe	standard	n/a	n/a	n/a	n/a	n/a
2218.846	0	1109423	standard_tone	sapo_probe	standard	n/a	n/a	n/a	n/a	n/a
2219.862	0	1109931	standard_tone	sapo_probe	standard	n/a	n/a	n/a	n/a	n/a
2220.878	0	1110439	standard_tone	sapo_probe	standard	n/a	n/a	n/a	n/a	n/a
2221.876	0	1110938	standard_tone	sapo_probe	standard	n/a	n/a	n/a	n/a	n/a
2222.892	0	1111446	standard_tone	sapo_probe	standard	n/a	n/a	n/a	n/a	n/a
2223.908	0	1111954	standard_tone	sapo_probe	standard	n/a	n/a	n/a	n/a	n/a
2224.924	0	1112462	distractor_noise	sapo_probe	distractor	n/a	n/a	n/a	n/a	n/a
2225.940	0	1112970	oddball_tone	sapo_probe	oddball	n/a	n/a	n/a	n/a	n/a
2226.956	0	1113478	standard_tone	sapo_probe	standard	n/a	n/a	n/a	n/a	n/a
2227.972	0	1113986	standard_tone	sapo_probe	standard	n/a	n/a	n/a	n/a	n/a
2228.988	0	1114494	standard_tone	sapo_probe	standard	n/a	n/a	n/a	n/a	n/a
2230.002	0	1115001	oddball_tone	sapo_probe	oddball	n/a	n/a	n/a	n/a	n/a
2231.018	0	1115509	standard_tone	sapo_probe	standard	n/a	n/a	n/a	n/a	n/a
2232.034	0	1116017	standard_tone	sapo_probe	standard	n/a	n/a	n/a	n/a	n/a
2233.050	0	1116525	standard_tone	sapo_probe	standard	n/a	n/a	n/a	n/a	n/a
2234.066	0	1117033	standard_tone	sapo_probe	standard	n/a	n/a	n/a	n/a	n/a
2235.082	0	1117541	oddball_tone	sapo_probe	oddball	n/a	n/a	n/a	n/a	n/a
2236.098	0	1118049	standard_tone	sapo_probe	standard	n/a	n/a	n/a	n/a	n/a
2237.114	0	1118557	distractor_noise	sapo_probe	distractor	n/a	n/a	n/a	n/a	n/a
2238.130	0	1119065	standard_tone	sapo_probe	standard	n/a	n/a	n/a	n/a	n/a
2239.146	0	1119573	standard_tone	sapo_probe	standard	n/a	n/a	n/a	n/a	n/a
2240.160	0	1120080	standard_tone	sapo_probe	standard	n/a	n/a	n/a	n/a	n/a
2241.176	0	1120588	standard_tone	sapo_probe	standard	n/a	n/a	n/a	n/a	n/a
2242.192	0	1121096	standard_tone	sapo_probe	standard	n/a	n/a	n/a	n/a	n/a
2243.208	0	1121604	standard_tone	sapo_probe	standard	n/a	n/a	n/a	n/a	n/a
2244.208	0	1122104	distractor_noise	sapo_probe	distractor	n/a	n/a	n/a	n/a	n/a
2245.224	0	1122612	oddball_tone	sapo_probe	oddball	n/a	n/a	n/a	n/a	n/a
2246.238	0	1123119	standard_tone	sapo_probe	standard	n/a	n/a	n/a	n/a	n/a
2247.254	0	1123627	standard_tone	sapo_probe	standard	n/a	n/a	n/a	n/a	n/a
2248.272	0	1124136	standard_tone	sapo_probe	standard	n/a	n/a	n/a	n/a	n/a
2249.286	0	1124643	distractor_noise	sapo_probe	distractor	n/a	n/a	n/a	n/a	n/a
2250.302	0	1125151	standard_tone	sapo_probe	standard	n/a	n/a	n/a	n/a	n/a
2251.318	0	1125659	standard_tone	sapo_probe	standard	n/a	n/a	n/a	n/a	n/a
2252.334	0	1126167	standard_tone	sapo_probe	standard	n/a	n/a	n/a	n/a	n/a
2253.350	0	1126675	standard_tone	sapo_probe	standard	n/a	n/a	n/a	n/a	n/a
2254.366	0	1127183	standard_tone	sapo_probe	standard	n/a	n/a	n/a	n/a	n/a
2255.382	0	1127691	standard_tone	sapo_probe	standard	n/a	n/a	n/a	n/a	n/a
2256.398	0	1128199	standard_tone	sapo_probe	standard	n/a	n/a	n/a	n/a	n/a
2257.414	0	1128707	standard_tone	sapo_probe	standard	n/a	n/a	n/a	n/a	n/a
2258.430	0	1129215	standard_tone	sapo_probe	standard	n/a	n/a	n/a	n/a	n/a
2259.446	0	1129723	distractor_noise	sapo_probe	distractor	n/a	n/a	n/a	n/a	n/a
2260.462	0	1130231	standard_tone	sapo_probe	standard	n/a	n/a	n/a	n/a	n/a
2261.476	0	1130738	standard_tone	sapo_probe	standard	n/a	n/a	n/a	n/a	n/a
2262.492	0	1131246	standard_tone	sapo_probe	standard	n/a	n/a	n/a	n/a	n/a
2263.492	0	1131746	distractor_noise	sapo_probe	distractor	n/a	n/a	n/a	n/a	n/a
2264.508	0	1132254	standard_tone	sapo_probe	standard	n/a	n/a	n/a	n/a	n/a
2265.524	0	1132762	oddball_tone	sapo_probe	oddball	n/a	n/a	n/a	n/a	n/a
2266.540	0	1133270	standard_tone	sapo_probe	standard	n/a	n/a	n/a	n/a	n/a
2267.554	0	1133777	standard_tone	sapo_probe	standard	n/a	n/a	n/a	n/a	n/a
2268.570	0	1134285	standard_tone	sapo_probe	standard	n/a	n/a	n/a	n/a	n/a
2269.586	0	1134793	standard_tone	sapo_probe	standard	n/a	n/a	n/a	n/a	n/a
2270.602	0	1135301	standard_tone	sapo_probe	standard	n/a	n/a	n/a	n/a	n/a
2271.618	0	1135809	standard_tone	sapo_probe	standard	n/a	n/a	n/a	n/a	n/a
2272.634	0	1136317	standard_tone	sapo_probe	standard	n/a	n/a	n/a	n/a	n/a
2273.650	0	1136825	standard_tone	sapo_probe	standard	n/a	n/a	n/a	n/a	n/a
2274.666	0	1137333	distractor_noise	sapo_probe	distractor	n/a	n/a	n/a	n/a	n/a
2275.682	0	1137841	standard_tone	sapo_probe	standard	n/a	n/a	n/a	n/a	n/a
2276.698	0	1138349	standard_tone	sapo_probe	standard	n/a	n/a	n/a	n/a	n/a
2277.714	0	1138857	distractor_noise	sapo_probe	distractor	n/a	n/a	n/a	n/a	n/a
2278.730	0	1139365	standard_tone	sapo_probe	standard	n/a	n/a	n/a	n/a	n/a
2279.744	0	1139872	standard_tone	sapo_probe	standard	n/a	n/a	n/a	n/a	n/a
2280.760	0	1140380	standard_tone	sapo_probe	standard	n/a	n/a	n/a	n/a	n/a
2281.776	0	1140888	standard_tone	sapo_probe	standard	n/a	n/a	n/a	n/a	n/a
2282.792	0	1141396	standard_tone	sapo_probe	standard	n/a	n/a	n/a	n/a	n/a
2283.808	0	1141904	standard_tone	sapo_probe	standard	n/a	n/a	n/a	n/a	n/a
2284.824	0	1142412	standard_tone	sapo_probe	standard	n/a	n/a	n/a	n/a	n/a
2285.840	0	1142920	standard_tone	sapo_probe	standard	n/a	n/a	n/a	n/a	n/a
2286.856	0	1143428	standard_tone	sapo_probe	standard	n/a	n/a	n/a	n/a	n/a
2287.872	0	1143936	standard_tone	sapo_probe	standard	n/a	n/a	n/a	n/a	n/a
2288.888	0	1144444	standard_tone	sapo_probe	standard	n/a	n/a	n/a	n/a	n/a
2289.904	0	1144952	standard_tone	sapo_probe	standard	n/a	n/a	n/a	n/a	n/a
2290.918	0	1145459	standard_tone	sapo_probe	standard	n/a	n/a	n/a	n/a	n/a
2291.934	0	1145967	standard_tone	sapo_probe	standard	n/a	n/a	n/a	n/a	n/a
2292.950	0	1146475	standard_tone	sapo_probe	standard	n/a	n/a	n/a	n/a	n/a
2293.966	0	1146983	standard_tone	sapo_probe	standard	n/a	n/a	n/a	n/a	n/a
2294.982	0	1147491	standard_tone	sapo_probe	standard	n/a	n/a	n/a	n/a	n/a
2295.998	0	1147999	standard_tone	sapo_probe	standard	n/a	n/a	n/a	n/a	n/a
2296.998	0	1148499	standard_tone	sapo_probe	standard	n/a	n/a	n/a	n/a	n/a
2298.014	0	1149007	standard_tone	sapo_probe	standard	n/a	n/a	n/a	n/a	n/a
2299.028	0	1149514	distractor_noise	sapo_probe	distractor	n/a	n/a	n/a	n/a	n/a
2300.044	0	1150022	standard_tone	sapo_probe	standard	n/a	n/a	n/a	n/a	n/a
2301.046	0	1150523	standard_tone	sapo_probe	standard	n/a	n/a	n/a	n/a	n/a
2302.060	0	1151030	standard_tone	sapo_probe	standard	n/a	n/a	n/a	n/a	n/a
2303.076	0	1151538	standard_tone	sapo_probe	standard	n/a	n/a	n/a	n/a	n/a
2304.092	0	1152046	distractor_noise	sapo_probe	distractor	n/a	n/a	n/a	n/a	n/a
2305.108	0	1152554	standard_tone	sapo_probe	standard	n/a	n/a	n/a	n/a	n/a
2306.122	0	1153061	oddball_tone	sapo_probe	oddball	n/a	n/a	n/a	n/a	n/a
2307.140	0	1153570	standard_tone	sapo_probe	standard	n/a	n/a	n/a	n/a	n/a
2308.154	0	1154077	standard_tone	sapo_probe	standard	n/a	n/a	n/a	n/a	n/a
2309.170	0	1154585	distractor_noise	sapo_probe	distractor	n/a	n/a	n/a	n/a	n/a
2310.186	0	1155093	standard_tone	sapo_probe	standard	n/a	n/a	n/a	n/a	n/a
2311.202	0	1155601	standard_tone	sapo_probe	standard	n/a	n/a	n/a	n/a	n/a
2312.202	0	1156101	standard_tone	sapo_probe	standard	n/a	n/a	n/a	n/a	n/a
2312.334	0	1156167	prompt_window_begin	sapo_probe	probe-sapo-probe-begin	n/a	n/a	n/a	n/a	n/a
2316.774	0	1158387	clicker_press	sapo_probe	response-received-arrow_up	n/a	n/a	n/a	n/a	arrow_up
2317.614	0	1158807	clicker_press	sapo_probe	response-received-arrow_up	n/a	n/a	n/a	n/a	arrow_up
2318.296	0	1159148	clicker_press	sapo_probe	response-received-arrow_up	n/a	n/a	n/a	n/a	arrow_up
2321.410	0	1160705	depth_rating	sapo_probe	rating-sapo-probe-meditation_depth-3	3	n/a	n/a	n/a	n/a
2323.526	0	1161763	clicker_press	sapo_probe	response-received-arrow_up	n/a	n/a	n/a	n/a	arrow_up
2324.176	0	1162088	clicker_press	sapo_probe	response-received-arrow_up	n/a	n/a	n/a	n/a	arrow_up
2324.824	0	1162412	clicker_press	sapo_probe	response-received-arrow_up	n/a	n/a	n/a	n/a	arrow_up
2325.524	0	1162762	clicker_press	sapo_probe	response-received-arrow_up	n/a	n/a	n/a	n/a	arrow_up
2326.240	0	1163120	clicker_press	sapo_probe	response-received-arrow_up	n/a	n/a	n/a	n/a	arrow_up
2331.520	0	1165760	confidence_rating	sapo_probe	rating-sapo-probe-confidence_depth-5	n/a	5	n/a	n/a	n/a
2335.100	0	1167550	prompt_window_end	sapo_probe	probe-sapo-probe-end	n/a	n/a	n/a	n/a	n/a
2335.100	0	1167550	standard_tone	sapo_probe	standard	n/a	n/a	n/a	n/a	n/a
2336.114	0	1168057	standard_tone	sapo_probe	standard	n/a	n/a	n/a	n/a	n/a
2336.632	0	1168316	silence_end	sapo_probe	silence-end	n/a	n/a	n/a	n/a	n/a
2336.632	0	1168316	subblock_end	sapo_probe	subblock-end-duration-142.099	n/a	n/a	n/a	142.099	n/a
2336.634	0	1168317	subblock_begin	sapo_probe	subblock-begin	n/a	n/a	n/a	n/a	n/a
2336.634	0	1168317	silence_begin	sapo_probe	silence-begin	n/a	n/a	n/a	n/a	n/a
2337.114	0	1168557	oddball_tone	sapo_probe	oddball	n/a	n/a	n/a	n/a	n/a
2338.130	0	1169065	standard_tone	sapo_probe	standard	n/a	n/a	n/a	n/a	n/a
2339.146	0	1169573	standard_tone	sapo_probe	standard	n/a	n/a	n/a	n/a	n/a
2340.162	0	1170081	standard_tone	sapo_probe	standard	n/a	n/a	n/a	n/a	n/a
2341.178	0	1170589	standard_tone	sapo_probe	standard	n/a	n/a	n/a	n/a	n/a
2342.194	0	1171097	standard_tone	sapo_probe	standard	n/a	n/a	n/a	n/a	n/a
2343.208	0	1171604	standard_tone	sapo_probe	standard	n/a	n/a	n/a	n/a	n/a
2344.224	0	1172112	standard_tone	sapo_probe	standard	n/a	n/a	n/a	n/a	n/a
2345.242	0	1172621	oddball_tone	sapo_probe	oddball	n/a	n/a	n/a	n/a	n/a
2346.258	0	1173129	standard_tone	sapo_probe	standard	n/a	n/a	n/a	n/a	n/a
2347.272	0	1173636	standard_tone	sapo_probe	standard	n/a	n/a	n/a	n/a	n/a
2348.288	0	1174144	standard_tone	sapo_probe	standard	n/a	n/a	n/a	n/a	n/a
2349.304	0	1174652	standard_tone	sapo_probe	standard	n/a	n/a	n/a	n/a	n/a
2350.320	0	1175160	standard_tone	sapo_probe	standard	n/a	n/a	n/a	n/a	n/a
2351.336	0	1175668	oddball_tone	sapo_probe	oddball	n/a	n/a	n/a	n/a	n/a
2352.352	0	1176176	standard_tone	sapo_probe	standard	n/a	n/a	n/a	n/a	n/a
2353.352	0	1176676	standard_tone	sapo_probe	standard	n/a	n/a	n/a	n/a	n/a
2354.366	0	1177183	standard_tone	sapo_probe	standard	n/a	n/a	n/a	n/a	n/a
2355.382	0	1177691	standard_tone	sapo_probe	standard	n/a	n/a	n/a	n/a	n/a
2356.398	0	1178199	standard_tone	sapo_probe	standard	n/a	n/a	n/a	n/a	n/a
2357.414	0	1178707	oddball_tone	sapo_probe	oddball	n/a	n/a	n/a	n/a	n/a
2358.430	0	1179215	standard_tone	sapo_probe	standard	n/a	n/a	n/a	n/a	n/a
2359.446	0	1179723	standard_tone	sapo_probe	standard	n/a	n/a	n/a	n/a	n/a
2360.462	0	1180231	standard_tone	sapo_probe	standard	n/a	n/a	n/a	n/a	n/a
2361.478	0	1180739	standard_tone	sapo_probe	standard	n/a	n/a	n/a	n/a	n/a
2362.494	0	1181247	standard_tone	sapo_probe	standard	n/a	n/a	n/a	n/a	n/a
2363.510	0	1181755	oddball_tone	sapo_probe	oddball	n/a	n/a	n/a	n/a	n/a
2364.524	0	1182262	standard_tone	sapo_probe	standard	n/a	n/a	n/a	n/a	n/a
2365.524	0	1182762	standard_tone	sapo_probe	standard	n/a	n/a	n/a	n/a	n/a
2366.540	0	1183270	oddball_tone	sapo_probe	oddball	n/a	n/a	n/a	n/a	n/a
2367.556	0	1183778	standard_tone	sapo_probe	standard	n/a	n/a	n/a	n/a	n/a
2368.572	0	1184286	standard_tone	sapo_probe	standard	n/a	n/a	n/a	n/a	n/a
2369.588	0	1184794	standard_tone	sapo_probe	standard	n/a	n/a	n/a	n/a	n/a
2370.602	0	1185301	oddball_tone	sapo_probe	oddball	n/a	n/a	n/a	n/a	n/a
2371.618	0	1185809	standard_tone	sapo_probe	standard	n/a	n/a	n/a	n/a	n/a
2372.618	0	1186309	standard_tone	sapo_probe	standard	n/a	n/a	n/a	n/a	n/a
2373.634	0	1186817	standard_tone	sapo_probe	standard	n/a	n/a	n/a	n/a	n/a
2374.650	0	1187325	standard_tone	sapo_probe	standard	n/a	n/a	n/a	n/a	n/a
2375.666	0	1187833	distractor_noise	sapo_probe	distractor	n/a	n/a	n/a	n/a	n/a
2376.682	0	1188341	standard_tone	sapo_probe	standard	n/a	n/a	n/a	n/a	n/a
2377.696	0	1188848	standard_tone	sapo_probe	standard	n/a	n/a	n/a	n/a	n/a
2378.712	0	1189356	standard_tone	sapo_probe	standard	n/a	n/a	n/a	n/a	n/a
2379.728	0	1189864	standard_tone	sapo_probe	standard	n/a	n/a	n/a	n/a	n/a
2380.744	0	1190372	standard_tone	sapo_probe	standard	n/a	n/a	n/a	n/a	n/a
2381.760	0	1190880	distractor_noise	sapo_probe	distractor	n/a	n/a	n/a	n/a	n/a
2382.776	0	1191388	standard_tone	sapo_probe	standard	n/a	n/a	n/a	n/a	n/a
2383.792	0	1191896	standard_tone	sapo_probe	standard	n/a	n/a	n/a	n/a	n/a
2384.808	0	1192404	standard_tone	sapo_probe	standard	n/a	n/a	n/a	n/a	n/a
2385.824	0	1192912	distractor_noise	sapo_probe	distractor	n/a	n/a	n/a	n/a	n/a
2386.840	0	1193420	standard_tone	sapo_probe	standard	n/a	n/a	n/a	n/a	n/a
2387.840	0	1193920	distractor_noise	sapo_probe	distractor	n/a	n/a	n/a	n/a	n/a
2388.854	0	1194427	standard_tone	sapo_probe	standard	n/a	n/a	n/a	n/a	n/a
2389.870	0	1194935	distractor_noise	sapo_probe	distractor	n/a	n/a	n/a	n/a	n/a
2390.886	0	1195443	standard_tone	sapo_probe	standard	n/a	n/a	n/a	n/a	n/a
2391.902	0	1195951	standard_tone	sapo_probe	standard	n/a	n/a	n/a	n/a	n/a
2392.918	0	1196459	standard_tone	sapo_probe	standard	n/a	n/a	n/a	n/a	n/a
2393.934	0	1196967	standard_tone	sapo_probe	standard	n/a	n/a	n/a	n/a	n/a
2394.950	0	1197475	standard_tone	sapo_probe	standard	n/a	n/a	n/a	n/a	n/a
2395.966	0	1197983	standard_tone	sapo_probe	standard	n/a	n/a	n/a	n/a	n/a
2396.982	0	1198491	standard_tone	sapo_probe	standard	n/a	n/a	n/a	n/a	n/a
2397.996	0	1198998	standard_tone	sapo_probe	standard	n/a	n/a	n/a	n/a	n/a
2399.012	0	1199506	standard_tone	sapo_probe	standard	n/a	n/a	n/a	n/a	n/a
2400.028	0	1200014	standard_tone	sapo_probe	standard	n/a	n/a	n/a	n/a	n/a
2401.044	0	1200522	standard_tone	sapo_probe	standard	n/a	n/a	n/a	n/a	n/a
2402.060	0	1201030	standard_tone	sapo_probe	standard	n/a	n/a	n/a	n/a	n/a
2403.076	0	1201538	distractor_noise	sapo_probe	distractor	n/a	n/a	n/a	n/a	n/a
2404.092	0	1202046	standard_tone	sapo_probe	standard	n/a	n/a	n/a	n/a	n/a
2405.108	0	1202554	standard_tone	sapo_probe	standard	n/a	n/a	n/a	n/a	n/a
2406.124	0	1203062	standard_tone	sapo_probe	standard	n/a	n/a	n/a	n/a	n/a
2407.140	0	1203570	standard_tone	sapo_probe	standard	n/a	n/a	n/a	n/a	n/a
2408.156	0	1204078	standard_tone	sapo_probe	standard	n/a	n/a	n/a	n/a	n/a
2409.172	0	1204586	standard_tone	sapo_probe	standard	n/a	n/a	n/a	n/a	n/a
2410.186	0	1205093	oddball_tone	sapo_probe	oddball	n/a	n/a	n/a	n/a	n/a
2411.204	0	1205602	standard_tone	sapo_probe	standard	n/a	n/a	n/a	n/a	n/a
2412.218	0	1206109	standard_tone	sapo_probe	standard	n/a	n/a	n/a	n/a	n/a
2413.234	0	1206617	distractor_noise	sapo_probe	distractor	n/a	n/a	n/a	n/a	n/a
2414.250	0	1207125	oddball_tone	sapo_probe	oddball	n/a	n/a	n/a	n/a	n/a
2415.266	0	1207633	standard_tone	sapo_probe	standard	n/a	n/a	n/a	n/a	n/a
2416.282	0	1208141	standard_tone	sapo_probe	standard	n/a	n/a	n/a	n/a	n/a
2417.298	0	1208649	oddball_tone	sapo_probe	oddball	n/a	n/a	n/a	n/a	n/a
2418.314	0	1209157	standard_tone	sapo_probe	standard	n/a	n/a	n/a	n/a	n/a
2419.330	0	1209665	distractor_noise	sapo_probe	distractor	n/a	n/a	n/a	n/a	n/a
2420.346	0	1210173	standard_tone	sapo_probe	standard	n/a	n/a	n/a	n/a	n/a
2421.362	0	1210681	standard_tone	sapo_probe	standard	n/a	n/a	n/a	n/a	n/a
2422.376	0	1211188	standard_tone	sapo_probe	standard	n/a	n/a	n/a	n/a	n/a
2423.392	0	1211696	standard_tone	sapo_probe	standard	n/a	n/a	n/a	n/a	n/a
2424.408	0	1212204	standard_tone	sapo_probe	standard	n/a	n/a	n/a	n/a	n/a
2425.424	0	1212712	standard_tone	sapo_probe	standard	n/a	n/a	n/a	n/a	n/a
2426.440	0	1213220	distractor_noise	sapo_probe	distractor	n/a	n/a	n/a	n/a	n/a
2427.456	0	1213728	standard_tone	sapo_probe	standard	n/a	n/a	n/a	n/a	n/a
2428.472	0	1214236	standard_tone	sapo_probe	standard	n/a	n/a	n/a	n/a	n/a
2429.488	0	1214744	oddball_tone	sapo_probe	oddball	n/a	n/a	n/a	n/a	n/a
2430.504	0	1215252	standard_tone	sapo_probe	standard	n/a	n/a	n/a	n/a	n/a
2431.520	0	1215760	distractor_noise	sapo_probe	distractor	n/a	n/a	n/a	n/a	n/a
2432.536	0	1216268	standard_tone	sapo_probe	standard	n/a	n/a	n/a	n/a	n/a
2433.552	0	1216776	standard_tone	sapo_probe	standard	n/a	n/a	n/a	n/a	n/a
2434.568	0	1217284	standard_tone	sapo_probe	standard	n/a	n/a	n/a	n/a	n/a
2435.582	0	1217791	standard_tone	sapo_probe	standard	n/a	n/a	n/a	n/a	n/a
2436.598	0	1218299	standard_tone	sapo_probe	standard	n/a	n/a	n/a	n/a	n/a
2437.598	0	1218799	standard_tone	sapo_probe	standard	n/a	n/a	n/a	n/a	n/a
2438.614	0	1219307	distractor_noise	sapo_probe	distractor	n/a	n/a	n/a	n/a	n/a
2439.630	0	1219815	standard_tone	sapo_probe	standard	n/a	n/a	n/a	n/a	n/a
2440.646	0	1220323	standard_tone	sapo_probe	standard	n/a	n/a	n/a	n/a	n/a
2441.312	0	1220656	silence_end	sapo_probe	silence-end	n/a	n/a	n/a	n/a	n/a
2441.312	0	1220656	gong_begin	sapo_probe	gong-begin	n/a	n/a	n/a	n/a	n/a
2451.420	0	1225710	gong_end	sapo_probe	gong-end	n/a	n/a	n/a	n/a	n/a
2451.422	0	1225711	subblock_end	sapo_probe	subblock-end-duration-114.788	n/a	n/a	n/a	114.788	n/a
2451.422	0	1225711	subblock_begin	sapo_probe	subblock-begin	n/a	n/a	n/a	n/a	n/a
2451.422	0	1225711	silence_begin	sapo_probe	silence-begin	n/a	n/a	n/a	n/a	n/a
2451.422	0	1225711	standard_tone	sapo_probe	standard	n/a	n/a	n/a	n/a	n/a
2452.436	0	1226218	standard_tone	sapo_probe	standard	n/a	n/a	n/a	n/a	n/a
2453.450	0	1226725	standard_tone	sapo_probe	standard	n/a	n/a	n/a	n/a	n/a
2454.466	0	1227233	standard_tone	sapo_probe	standard	n/a	n/a	n/a	n/a	n/a
2455.482	0	1227741	standard_tone	sapo_probe	standard	n/a	n/a	n/a	n/a	n/a
2456.482	0	1228241	standard_tone	sapo_probe	standard	n/a	n/a	n/a	n/a	n/a
2457.498	0	1228749	standard_tone	sapo_probe	standard	n/a	n/a	n/a	n/a	n/a
2458.514	0	1229257	standard_tone	sapo_probe	standard	n/a	n/a	n/a	n/a	n/a
2459.530	0	1229765	standard_tone	sapo_probe	standard	n/a	n/a	n/a	n/a	n/a
2460.546	0	1230273	distractor_noise	sapo_probe	distractor	n/a	n/a	n/a	n/a	n/a
2461.562	0	1230781	standard_tone	sapo_probe	standard	n/a	n/a	n/a	n/a	n/a
2462.576	0	1231288	standard_tone	sapo_probe	standard	n/a	n/a	n/a	n/a	n/a
2463.592	0	1231796	standard_tone	sapo_probe	standard	n/a	n/a	n/a	n/a	n/a
2464.610	0	1232305	oddball_tone	sapo_probe	oddball	n/a	n/a	n/a	n/a	n/a
2465.624	0	1232812	standard_tone	sapo_probe	standard	n/a	n/a	n/a	n/a	n/a
2466.640	0	1233320	standard_tone	sapo_probe	standard	n/a	n/a	n/a	n/a	n/a
2467.656	0	1233828	standard_tone	sapo_probe	standard	n/a	n/a	n/a	n/a	n/a
2468.656	0	1234328	oddball_tone	sapo_probe	oddball	n/a	n/a	n/a	n/a	n/a
2469.672	0	1234836	standard_tone	sapo_probe	standard	n/a	n/a	n/a	n/a	n/a
2470.688	0	1235344	standard_tone	sapo_probe	standard	n/a	n/a	n/a	n/a	n/a
2471.702	0	1235851	standard_tone	sapo_probe	standard	n/a	n/a	n/a	n/a	n/a
2472.718	0	1236359	standard_tone	sapo_probe	standard	n/a	n/a	n/a	n/a	n/a
2473.734	0	1236867	standard_tone	sapo_probe	standard	n/a	n/a	n/a	n/a	n/a
2474.750	0	1237375	standard_tone	sapo_probe	standard	n/a	n/a	n/a	n/a	n/a
2475.766	0	1237883	distractor_noise	sapo_probe	distractor	n/a	n/a	n/a	n/a	n/a
2476.782	0	1238391	standard_tone	sapo_probe	standard	n/a	n/a	n/a	n/a	n/a
2477.798	0	1238899	standard_tone	sapo_probe	standard	n/a	n/a	n/a	n/a	n/a
2478.814	0	1239407	standard_tone	sapo_probe	standard	n/a	n/a	n/a	n/a	n/a
2479.814	0	1239907	distractor_noise	sapo_probe	distractor	n/a	n/a	n/a	n/a	n/a
2480.828	0	1240414	standard_tone	sapo_probe	standard	n/a	n/a	n/a	n/a	n/a
2481.844	0	1240922	standard_tone	sapo_probe	standard	n/a	n/a	n/a	n/a	n/a
2482.860	0	1241430	standard_tone	sapo_probe	standard	n/a	n/a	n/a	n/a	n/a
2483.876	0	1241938	standard_tone	sapo_probe	standard	n/a	n/a	n/a	n/a	n/a
2484.892	0	1242446	oddball_tone	sapo_probe	oddball	n/a	n/a	n/a	n/a	n/a
2485.908	0	1242954	standard_tone	sapo_probe	standard	n/a	n/a	n/a	n/a	n/a
2486.924	0	1243462	oddball_tone	sapo_probe	oddball	n/a	n/a	n/a	n/a	n/a
2487.940	0	1243970	standard_tone	sapo_probe	standard	n/a	n/a	n/a	n/a	n/a
2488.956	0	1244478	standard_tone	sapo_probe	standard	n/a	n/a	n/a	n/a	n/a
2489.972	0	1244986	standard_tone	sapo_probe	standard	n/a	n/a	n/a	n/a	n/a
2490.986	0	1245493	standard_tone	sapo_probe	standard	n/a	n/a	n/a	n/a	n/a
2492.002	0	1246001	standard_tone	sapo_probe	standard	n/a	n/a	n/a	n/a	n/a
2493.018	0	1246509	standard_tone	sapo_probe	standard	n/a	n/a	n/a	n/a	n/a
2494.034	0	1247017	standard_tone	sapo_probe	standard	n/a	n/a	n/a	n/a	n/a
2495.034	0	1247517	standard_tone	sapo_probe	standard	n/a	n/a	n/a	n/a	n/a
2496.050	0	1248025	standard_tone	sapo_probe	standard	n/a	n/a	n/a	n/a	n/a
2497.064	0	1248532	standard_tone	sapo_probe	standard	n/a	n/a	n/a	n/a	n/a
2498.080	0	1249040	standard_tone	sapo_probe	standard	n/a	n/a	n/a	n/a	n/a
2499.098	0	1249549	standard_tone	sapo_probe	standard	n/a	n/a	n/a	n/a	n/a
2500.112	0	1250056	distractor_noise	sapo_probe	distractor	n/a	n/a	n/a	n/a	n/a
2501.128	0	1250564	standard_tone	sapo_probe	standard	n/a	n/a	n/a	n/a	n/a
2502.128	0	1251064	standard_tone	sapo_probe	standard	n/a	n/a	n/a	n/a	n/a
2503.144	0	1251572	standard_tone	sapo_probe	standard	n/a	n/a	n/a	n/a	n/a
2504.160	0	1252080	standard_tone	sapo_probe	standard	n/a	n/a	n/a	n/a	n/a
2505.176	0	1252588	standard_tone	sapo_probe	standard	n/a	n/a	n/a	n/a	n/a
2506.190	0	1253095	standard_tone	sapo_probe	standard	n/a	n/a	n/a	n/a	n/a
2507.206	0	1253603	standard_tone	sapo_probe	standard	n/a	n/a	n/a	n/a	n/a
2508.222	0	1254111	standard_tone	sapo_probe	standard	n/a	n/a	n/a	n/a	n/a
2509.238	0	1254619	standard_tone	sapo_probe	standard	n/a	n/a	n/a	n/a	n/a
2510.254	0	1255127	standard_tone	sapo_probe	standard	n/a	n/a	n/a	n/a	n/a
2511.270	0	1255635	standard_tone	sapo_probe	standard	n/a	n/a	n/a	n/a	n/a
2512.286	0	1256143	standard_tone	sapo_probe	standard	n/a	n/a	n/a	n/a	n/a
2513.302	0	1256651	standard_tone	sapo_probe	standard	n/a	n/a	n/a	n/a	n/a
2514.318	0	1257159	standard_tone	sapo_probe	standard	n/a	n/a	n/a	n/a	n/a
2515.334	0	1257667	distractor_noise	sapo_probe	distractor	n/a	n/a	n/a	n/a	n/a
2516.350	0	1258175	standard_tone	sapo_probe	standard	n/a	n/a	n/a	n/a	n/a
2517.132	0	1258566	prompt_window_begin	sapo_probe	probe-sapo-probe-begin	n/a	n/a	n/a	n/a	n/a
2521.468	0	1260734	clicker_press	sapo_probe	response-received-arrow_up	n/a	n/a	n/a	n/a	arrow_up
2522.844	0	1261422	clicker_press	sapo_probe	response-received-arrow_up	n/a	n/a	n/a	n/a	arrow_up
2526.158	0	1263079	depth_rating	sapo_probe	rating-sapo-probe-meditation_depth-2	2	n/a	n/a	n/a	n/a
2528.822	0	1264411	clicker_press	sapo_probe	response-received-arrow_up	n/a	n/a	n/a	n/a	arrow_up
2529.438	0	1264719	clicker_press	sapo_probe	response-received-arrow_up	n/a	n/a	n/a	n/a	arrow_up
2530.038	0	1265019	clicker_press	sapo_probe	response-received-arrow_up	n/a	n/a	n/a	n/a	arrow_up
2530.654	0	1265327	clicker_press	sapo_probe	response-received-arrow_up	n/a	n/a	n/a	n/a	arrow_up
2531.270	0	1265635	clicker_press	sapo_probe	response-received-arrow_up	n/a	n/a	n/a	n/a	arrow_up
2536.268	0	1268134	confidence_rating	sapo_probe	rating-sapo-probe-confidence_depth-5	n/a	5	n/a	n/a	n/a
2539.780	0	1269890	prompt_window_end	sapo_probe	probe-sapo-probe-end	n/a	n/a	n/a	n/a	n/a
2539.780	0	1269890	oddball_tone	sapo_probe	oddball	n/a	n/a	n/a	n/a	n/a
2540.796	0	1270398	standard_tone	sapo_probe	standard	n/a	n/a	n/a	n/a	n/a
2541.812	0	1270906	standard_tone	sapo_probe	standard	n/a	n/a	n/a	n/a	n/a
2542.828	0	1271414	standard_tone	sapo_probe	standard	n/a	n/a	n/a	n/a	n/a
2543.844	0	1271922	standard_tone	sapo_probe	standard	n/a	n/a	n/a	n/a	n/a
2544.860	0	1272430	standard_tone	sapo_probe	standard	n/a	n/a	n/a	n/a	n/a
2545.874	0	1272937	standard_tone	sapo_probe	standard	n/a	n/a	n/a	n/a	n/a
2546.890	0	1273445	distractor_noise	sapo_probe	distractor	n/a	n/a	n/a	n/a	n/a
2547.906	0	1273953	standard_tone	sapo_probe	standard	n/a	n/a	n/a	n/a	n/a
2548.922	0	1274461	standard_tone	sapo_probe	standard	n/a	n/a	n/a	n/a	n/a
2549.938	0	1274969	oddball_tone	sapo_probe	oddball	n/a	n/a	n/a	n/a	n/a
2550.954	0	1275477	standard_tone	sapo_probe	standard	n/a	n/a	n/a	n/a	n/a
2551.970	0	1275985	standard_tone	sapo_probe	standard	n/a	n/a	n/a	n/a	n/a
2552.986	0	1276493	standard_tone	sapo_probe	standard	n/a	n/a	n/a	n/a	n/a
2554.002	0	1277001	distractor_noise	sapo_probe	distractor	n/a	n/a	n/a	n/a	n/a
2555.000	0	1277500	standard_tone	sapo_probe	standard	n/a	n/a	n/a	n/a	n/a
2556.000	0	1278000	standard_tone	sapo_probe	standard	n/a	n/a	n/a	n/a	n/a
2557.016	0	1278508	standard_tone	sapo_probe	standard	n/a	n/a	n/a	n/a	n/a
2558.032	0	1279016	standard_tone	sapo_probe	standard	n/a	n/a	n/a	n/a	n/a
2559.048	0	1279524	standard_tone	sapo_probe	standard	n/a	n/a	n/a	n/a	n/a
2560.064	0	1280032	standard_tone	sapo_probe	standard	n/a	n/a	n/a	n/a	n/a
2561.078	0	1280539	standard_tone	sapo_probe	standard	n/a	n/a	n/a	n/a	n/a
2562.094	0	1281047	oddball_tone	sapo_probe	oddball	n/a	n/a	n/a	n/a	n/a
2563.110	0	1281555	standard_tone	sapo_probe	standard	n/a	n/a	n/a	n/a	n/a
2564.126	0	1282063	standard_tone	sapo_probe	standard	n/a	n/a	n/a	n/a	n/a
2565.142	0	1282571	standard_tone	sapo_probe	standard	n/a	n/a	n/a	n/a	n/a
2566.158	0	1283079	standard_tone	sapo_probe	standard	n/a	n/a	n/a	n/a	n/a
2567.174	0	1283587	standard_tone	sapo_probe	standard	n/a	n/a	n/a	n/a	n/a
2568.174	0	1284087	standard_tone	sapo_probe	standard	n/a	n/a	n/a	n/a	n/a
2569.188	0	1284594	distractor_noise	sapo_probe	distractor	n/a	n/a	n/a	n/a	n/a
2570.204	0	1285102	standard_tone	sapo_probe	standard	n/a	n/a	n/a	n/a	n/a
2571.220	0	1285610	standard_tone	sapo_probe	standard	n/a	n/a	n/a	n/a	n/a
2572.236	0	1286118	standard_tone	sapo_probe	standard	n/a	n/a	n/a	n/a	n/a
2573.252	0	1286626	standard_tone	sapo_probe	standard	n/a	n/a	n/a	n/a	n/a
2574.268	0	1287134	standard_tone	sapo_probe	standard	n/a	n/a	n/a	n/a	n/a
2575.284	0	1287642	oddball_tone	sapo_probe	oddball	n/a	n/a	n/a	n/a	n/a
2576.300	0	1288150	standard_tone	sapo_probe	standard	n/a	n/a	n/a	n/a	n/a
2577.044	0	1288522	silence_end	sapo_probe	silence-end	n/a	n/a	n/a	n/a	n/a
2577.046	0	1288523	subblock_end	sapo_probe	subblock-end-duration-125.624	n/a	n/a	n/a	125.624	n/a
2577.046	0	1288523	subblock_begin	sapo_probe	subblock-begin	n/a	n/a	n/a	n/a	n/a
2577.046	0	1288523	silence_begin	sapo_probe	silence-begin	n/a	n/a	n/a	n/a	n/a
2577.316	0	1288658	standard_tone	sapo_probe	standard	n/a	n/a	n/a	n/a	n/a
2578.332	0	1289166	standard_tone	sapo_probe	standard	n/a	n/a	n/a	n/a	n/a
2579.346	0	1289673	standard_tone	sapo_probe	standard	n/a	n/a	n/a	n/a	n/a
2580.362	0	1290181	oddball_tone	sapo_probe	oddball	n/a	n/a	n/a	n/a	n/a
2581.378	0	1290689	standard_tone	sapo_probe	standard	n/a	n/a	n/a	n/a	n/a
2582.394	0	1291197	standard_tone	sapo_probe	standard	n/a	n/a	n/a	n/a	n/a
2583.410	0	1291705	standard_tone	sapo_probe	standard	n/a	n/a	n/a	n/a	n/a
2584.426	0	1292213	standard_tone	sapo_probe	standard	n/a	n/a	n/a	n/a	n/a
2585.426	0	1292713	standard_tone	sapo_probe	standard	n/a	n/a	n/a	n/a	n/a
2586.442	0	1293221	standard_tone	sapo_probe	standard	n/a	n/a	n/a	n/a	n/a
2587.456	0	1293728	standard_tone	sapo_probe	standard	n/a	n/a	n/a	n/a	n/a
2588.472	0	1294236	distractor_noise	sapo_probe	distractor	n/a	n/a	n/a	n/a	n/a
2589.488	0	1294744	standard_tone	sapo_probe	standard	n/a	n/a	n/a	n/a	n/a
2590.504	0	1295252	standard_tone	sapo_probe	standard	n/a	n/a	n/a	n/a	n/a
2591.520	0	1295760	standard_tone	sapo_probe	standard	n/a	n/a	n/a	n/a	n/a
2592.520	0	1296260	standard_tone	sapo_probe	standard	n/a	n/a	n/a	n/a	n/a
2593.536	0	1296768	standard_tone	sapo_probe	standard	n/a	n/a	n/a	n/a	n/a
2594.552	0	1297276	standard_tone	sapo_probe	standard	n/a	n/a	n/a	n/a	n/a
2595.566	0	1297783	distractor_noise	sapo_probe	distractor	n/a	n/a	n/a	n/a	n/a
2596.566	0	1298283	standard_tone	sapo_probe	standard	n/a	n/a	n/a	n/a	n/a
2597.580	0	1298790	standard_tone	sapo_probe	standard	n/a	n/a	n/a	n/a	n/a
2598.598	0	1299299	oddball_tone	sapo_probe	oddball	n/a	n/a	n/a	n/a	n/a
2599.614	0	1299807	standard_tone	sapo_probe	standard	n/a	n/a	n/a	n/a	n/a
2600.630	0	1300315	standard_tone	sapo_probe	standard	n/a	n/a	n/a	n/a	n/a
2601.646	0	1300823	standard_tone	sapo_probe	standard	n/a	n/a	n/a	n/a	n/a
2602.660	0	1301330	standard_tone	sapo_probe	standard	n/a	n/a	n/a	n/a	n/a
2603.676	0	1301838	oddball_tone	sapo_probe	oddball	n/a	n/a	n/a	n/a	n/a
2604.692	0	1302346	standard_tone	sapo_probe	standard	n/a	n/a	n/a	n/a	n/a
2605.708	0	1302854	standard_tone	sapo_probe	standard	n/a	n/a	n/a	n/a	n/a
2606.724	0	1303362	distractor_noise	sapo_probe	distractor	n/a	n/a	n/a	n/a	n/a
2607.740	0	1303870	standard_tone	sapo_probe	standard	n/a	n/a	n/a	n/a	n/a
2608.756	0	1304378	standard_tone	sapo_probe	standard	n/a	n/a	n/a	n/a	n/a
2609.772	0	1304886	standard_tone	sapo_probe	standard	n/a	n/a	n/a	n/a	n/a
2610.788	0	1305394	distractor_noise	sapo_probe	distractor	n/a	n/a	n/a	n/a	n/a
2611.804	0	1305902	standard_tone	sapo_probe	standard	n/a	n/a	n/a	n/a	n/a
2612.820	0	1306410	standard_tone	sapo_probe	standard	n/a	n/a	n/a	n/a	n/a
2613.836	0	1306918	standard_tone	sapo_probe	standard	n/a	n/a	n/a	n/a	n/a
2614.834	0	1307417	standard_tone	sapo_probe	standard	n/a	n/a	n/a	n/a	n/a
2615.850	0	1307925	standard_tone	sapo_probe	standard	n/a	n/a	n/a	n/a	n/a
2616.850	0	1308425	standard_tone	sapo_probe	standard	n/a	n/a	n/a	n/a	n/a
2617.866	0	1308933	standard_tone	sapo_probe	standard	n/a	n/a	n/a	n/a	n/a
2618.880	0	1309440	standard_tone	sapo_probe	standard	n/a	n/a	n/a	n/a	n/a
2619.896	0	1309948	standard_tone	sapo_probe	standard	n/a	n/a	n/a	n/a	n/a
2620.912	0	1310456	standard_tone	sapo_probe	standard	n/a	n/a	n/a	n/a	n/a
2621.928	0	1310964	standard_tone	sapo_probe	standard	n/a	n/a	n/a	n/a	n/a
2622.944	0	1311472	standard_tone	sapo_probe	standard	n/a	n/a	n/a	n/a	n/a
2623.960	0	1311980	standard_tone	sapo_probe	standard	n/a	n/a	n/a	n/a	n/a
2624.976	0	1312488	standard_tone	sapo_probe	standard	n/a	n/a	n/a	n/a	n/a
2625.992	0	1312996	standard_tone	sapo_probe	standard	n/a	n/a	n/a	n/a	n/a
2626.990	0	1313495	standard_tone	sapo_probe	standard	n/a	n/a	n/a	n/a	n/a
2628.006	0	1314003	standard_tone	sapo_probe	standard	n/a	n/a	n/a	n/a	n/a
2629.022	0	1314511	distractor_noise	sapo_probe	distractor	n/a	n/a	n/a	n/a	n/a
2630.038	0	1315019	standard_tone	sapo_probe	standard	n/a	n/a	n/a	n/a	n/a
2631.054	0	1315527	oddball_tone	sapo_probe	oddball	n/a	n/a	n/a	n/a	n/a
2632.070	0	1316035	standard_tone	sapo_probe	standard	n/a	n/a	n/a	n/a	n/a
2633.086	0	1316543	distractor_noise	sapo_probe	distractor	n/a	n/a	n/a	n/a	n/a
2634.102	0	1317051	standard_tone	sapo_probe	standard	n/a	n/a	n/a	n/a	n/a
2635.118	0	1317559	standard_tone	sapo_probe	standard	n/a	n/a	n/a	n/a	n/a
2636.134	0	1318067	distractor_noise	sapo_probe	distractor	n/a	n/a	n/a	n/a	n/a
2637.150	0	1318575	oddball_tone	sapo_probe	oddball	n/a	n/a	n/a	n/a	n/a
2638.164	0	1319082	standard_tone	sapo_probe	standard	n/a	n/a	n/a	n/a	n/a
2639.180	0	1319590	standard_tone	sapo_probe	standard	n/a	n/a	n/a	n/a	n/a
2640.180	0	1320090	standard_tone	sapo_probe	standard	n/a	n/a	n/a	n/a	n/a
2641.196	0	1320598	standard_tone	sapo_probe	standard	n/a	n/a	n/a	n/a	n/a
2642.212	0	1321106	standard_tone	sapo_probe	standard	n/a	n/a	n/a	n/a	n/a
2643.228	0	1321614	oddball_tone	sapo_probe	oddball	n/a	n/a	n/a	n/a	n/a
2644.244	0	1322122	standard_tone	sapo_probe	standard	n/a	n/a	n/a	n/a	n/a
2645.260	0	1322630	standard_tone	sapo_probe	standard	n/a	n/a	n/a	n/a	n/a
2646.276	0	1323138	standard_tone	sapo_probe	standard	n/a	n/a	n/a	n/a	n/a
2647.290	0	1323645	standard_tone	sapo_probe	standard	n/a	n/a	n/a	n/a	n/a
2648.306	0	1324153	standard_tone	sapo_probe	standard	n/a	n/a	n/a	n/a	n/a
2649.306	0	1324653	standard_tone	sapo_probe	standard	n/a	n/a	n/a	n/a	n/a
2650.322	0	1325161	oddball_tone	sapo_probe	oddball	n/a	n/a	n/a	n/a	n/a
2651.338	0	1325669	standard_tone	sapo_probe	standard	n/a	n/a	n/a	n/a	n/a
2652.354	0	1326177	standard_tone	sapo_probe	standard	n/a	n/a	n/a	n/a	n/a
2653.370	0	1326685	standard_tone	sapo_probe	standard	n/a	n/a	n/a	n/a	n/a
2654.384	0	1327192	standard_tone	sapo_probe	standard	n/a	n/a	n/a	n/a	n/a
2655.384	0	1327692	standard_tone	sapo_probe	standard	n/a	n/a	n/a	n/a	n/a
2656.400	0	1328200	standard_tone	sapo_probe	standard	n/a	n/a	n/a	n/a	n/a
2657.416	0	1328708	oddball_tone	sapo_probe	oddball	n/a	n/a	n/a	n/a	n/a
2658.432	0	1329216	standard_tone	sapo_probe	standard	n/a	n/a	n/a	n/a	n/a
2659.448	0	1329724	standard_tone	sapo_probe	standard	n/a	n/a	n/a	n/a	n/a
2660.464	0	1330232	distractor_noise	sapo_probe	distractor	n/a	n/a	n/a	n/a	n/a
2661.478	0	1330739	standard_tone	sapo_probe	standard	n/a	n/a	n/a	n/a	n/a
2662.494	0	1331247	oddball_tone	sapo_probe	oddball	n/a	n/a	n/a	n/a	n/a
2663.510	0	1331755	standard_tone	sapo_probe	standard	n/a	n/a	n/a	n/a	n/a
2664.528	0	1332264	oddball_tone	sapo_probe	oddball	n/a	n/a	n/a	n/a	n/a
2665.542	0	1332771	standard_tone	sapo_probe	standard	n/a	n/a	n/a	n/a	n/a
2666.558	0	1333279	standard_tone	sapo_probe	standard	n/a	n/a	n/a	n/a	n/a
2667.558	0	1333779	standard_tone	sapo_probe	standard	n/a	n/a	n/a	n/a	n/a
2668.574	0	1334287	standard_tone	sapo_probe	standard	n/a	n/a	n/a	n/a	n/a
2669.588	0	1334794	distractor_noise	sapo_probe	distractor	n/a	n/a	n/a	n/a	n/a
2670.604	0	1335302	standard_tone	sapo_probe	standard	n/a	n/a	n/a	n/a	n/a
2671.620	0	1335810	distractor_noise	sapo_probe	distractor	n/a	n/a	n/a	n/a	n/a
2672.620	0	1336310	standard_tone	sapo_probe	standard	n/a	n/a	n/a	n/a	n/a
2673.636	0	1336818	standard_tone	sapo_probe	standard	n/a	n/a	n/a	n/a	n/a
2674.652	0	1337326	distractor_noise	sapo_probe	distractor	n/a	n/a	n/a	n/a	n/a
2675.668	0	1337834	standard_tone	sapo_probe	standard	n/a	n/a	n/a	n/a	n/a
2676.684	0	1338342	standard_tone	sapo_probe	standard	n/a	n/a	n/a	n/a	n/a
2677.698	0	1338849	standard_tone	sapo_probe	standard	n/a	n/a	n/a	n/a	n/a
2678.714	0	1339357	standard_tone	sapo_probe	standard	n/a	n/a	n/a	n/a	n/a
2679.730	0	1339865	standard_tone	sapo_probe	standard	n/a	n/a	n/a	n/a	n/a
2680.730	0	1340365	standard_tone	sapo_probe	standard	n/a	n/a	n/a	n/a	n/a
2681.746	0	1340873	standard_tone	sapo_probe	standard	n/a	n/a	n/a	n/a	n/a
2682.762	0	1341381	standard_tone	sapo_probe	standard	n/a	n/a	n/a	n/a	n/a
2683.778	0	1341889	standard_tone	sapo_probe	standard	n/a	n/a	n/a	n/a	n/a
2684.794	0	1342397	standard_tone	sapo_probe	standard	n/a	n/a	n/a	n/a	n/a
2685.808	0	1342904	standard_tone	sapo_probe	standard	n/a	n/a	n/a	n/a	n/a
2686.824	0	1343412	standard_tone	sapo_probe	standard	n/a	n/a	n/a	n/a	n/a
2687.840	0	1343920	standard_tone	sapo_probe	standard	n/a	n/a	n/a	n/a	n/a
2688.840	0	1344420	standard_tone	sapo_probe	standard	n/a	n/a	n/a	n/a	n/a
2689.740	0	1344870	silence_end	sapo_probe	silence-end	n/a	n/a	n/a	n/a	n/a
2689.740	0	1344870	gong_begin	sapo_probe	gong-begin	n/a	n/a	n/a	n/a	n/a
2699.848	0	1349924	gong_end	sapo_probe	gong-end	n/a	n/a	n/a	n/a	n/a
2699.848	0	1349924	subblock_end	sapo_probe	subblock-end-duration-122.804	n/a	n/a	n/a	122.804	n/a
2699.848	0	1349924	subblock_begin	sapo_probe	subblock-begin	n/a	n/a	n/a	n/a	n/a
2699.850	0	1349925	silence_begin	sapo_probe	silence-begin	n/a	n/a	n/a	n/a	n/a
2699.850	0	1349925	standard_tone	sapo_probe	standard	n/a	n/a	n/a	n/a	n/a
2700.864	0	1350432	standard_tone	sapo_probe	standard	n/a	n/a	n/a	n/a	n/a
2701.878	0	1350939	distractor_noise	sapo_probe	distractor	n/a	n/a	n/a	n/a	n/a
2702.894	0	1351447	standard_tone	sapo_probe	standard	n/a	n/a	n/a	n/a	n/a
2703.910	0	1351955	standard_tone	sapo_probe	standard	n/a	n/a	n/a	n/a	n/a
2704.926	0	1352463	standard_tone	sapo_probe	standard	n/a	n/a	n/a	n/a	n/a
2705.942	0	1352971	standard_tone	sapo_probe	standard	n/a	n/a	n/a	n/a	n/a
2706.958	0	1353479	standard_tone	sapo_probe	standard	n/a	n/a	n/a	n/a	n/a
2707.958	0	1353979	standard_tone	sapo_probe	standard	n/a	n/a	n/a	n/a	n/a
2708.974	0	1354487	standard_tone	sapo_probe	standard	n/a	n/a	n/a	n/a	n/a
2709.988	0	1354994	standard_tone	sapo_probe	standard	n/a	n/a	n/a	n/a	n/a
2711.004	0	1355502	distractor_noise	sapo_probe	distractor	n/a	n/a	n/a	n/a	n/a
2712.020	0	1356010	standard_tone	sapo_probe	standard	n/a	n/a	n/a	n/a	n/a
2713.036	0	1356518	standard_tone	sapo_probe	standard	n/a	n/a	n/a	n/a	n/a
2714.052	0	1357026	standard_tone	sapo_probe	standard	n/a	n/a	n/a	n/a	n/a
2715.068	0	1357534	standard_tone	sapo_probe	standard	n/a	n/a	n/a	n/a	n/a
2716.084	0	1358042	standard_tone	sapo_probe	standard	n/a	n/a	n/a	n/a	n/a
2717.100	0	1358550	standard_tone	sapo_probe	standard	n/a	n/a	n/a	n/a	n/a
2718.116	0	1359058	standard_tone	sapo_probe	standard	n/a	n/a	n/a	n/a	n/a
2719.132	0	1359566	standard_tone	sapo_probe	standard	n/a	n/a	n/a	n/a	n/a
2720.146	0	1360073	standard_tone	sapo_probe	standard	n/a	n/a	n/a	n/a	n/a
2721.162	0	1360581	distractor_noise	sapo_probe	distractor	n/a	n/a	n/a	n/a	n/a
2722.178	0	1361089	standard_tone	sapo_probe	standard	n/a	n/a	n/a	n/a	n/a
2723.194	0	1361597	standard_tone	sapo_probe	standard	n/a	n/a	n/a	n/a	n/a
2724.194	0	1362097	oddball_tone	sapo_probe	oddball	n/a	n/a	n/a	n/a	n/a
2725.210	0	1362605	distractor_noise	sapo_probe	distractor	n/a	n/a	n/a	n/a	n/a
2726.226	0	1363113	standard_tone	sapo_probe	standard	n/a	n/a	n/a	n/a	n/a
2727.242	0	1363621	standard_tone	sapo_probe	standard	n/a	n/a	n/a	n/a	n/a
2728.258	0	1364129	standard_tone	sapo_probe	standard	n/a	n/a	n/a	n/a	n/a
2729.272	0	1364636	standard_tone	sapo_probe	standard	n/a	n/a	n/a	n/a	n/a
2730.288	0	1365144	standard_tone	sapo_probe	standard	n/a	n/a	n/a	n/a	n/a
2730.788	0	1365394	prompt_window_begin	sapo_probe	probe-sapo-probe-begin	n/a	n/a	n/a	n/a	n/a
2735.036	0	1367518	clicker_press	sapo_probe	response-received-arrow_up	n/a	n/a	n/a	n/a	arrow_up
2735.718	0	1367859	clicker_press	sapo_probe	response-received-arrow_up	n/a	n/a	n/a	n/a	arrow_up
2739.814	0	1369907	depth_rating	sapo_probe	rating-sapo-probe-meditation_depth-2	2	n/a	n/a	n/a	n/a
2741.980	0	1370990	clicker_press	sapo_probe	response-received-arrow_up	n/a	n/a	n/a	n/a	arrow_up
2742.530	0	1371265	clicker_press	sapo_probe	response-received-arrow_up	n/a	n/a	n/a	n/a	arrow_up
2743.046	0	1371523	clicker_press	sapo_probe	response-received-arrow_up	n/a	n/a	n/a	n/a	arrow_up
2743.512	0	1371756	clicker_press	sapo_probe	response-received-arrow_up	n/a	n/a	n/a	n/a	arrow_up
2744.028	0	1372014	clicker_press	sapo_probe	response-received-arrow_up	n/a	n/a	n/a	n/a	arrow_up
2749.856	0	1374928	confidence_rating	sapo_probe	rating-sapo-probe-confidence_depth-5	n/a	5	n/a	n/a	n/a
2753.286	0	1376643	prompt_window_end	sapo_probe	probe-sapo-probe-end	n/a	n/a	n/a	n/a	n/a
2753.288	0	1376644	distractor_noise	sapo_probe	distractor	n/a	n/a	n/a	n/a	n/a
2754.302	0	1377151	standard_tone	sapo_probe	standard	n/a	n/a	n/a	n/a	n/a
2755.318	0	1377659	standard_tone	sapo_probe	standard	n/a	n/a	n/a	n/a	n/a
2756.334	0	1378167	standard_tone	sapo_probe	standard	n/a	n/a	n/a	n/a	n/a
2757.350	0	1378675	standard_tone	sapo_probe	standard	n/a	n/a	n/a	n/a	n/a
2758.366	0	1379183	distractor_noise	sapo_probe	distractor	n/a	n/a	n/a	n/a	n/a
2759.382	0	1379691	standard_tone	sapo_probe	standard	n/a	n/a	n/a	n/a	n/a
2760.380	0	1380190	standard_tone	sapo_probe	standard	n/a	n/a	n/a	n/a	n/a
2761.396	0	1380698	standard_tone	sapo_probe	standard	n/a	n/a	n/a	n/a	n/a
2762.412	0	1381206	standard_tone	sapo_probe	standard	n/a	n/a	n/a	n/a	n/a
2763.428	0	1381714	distractor_noise	sapo_probe	distractor	n/a	n/a	n/a	n/a	n/a
2764.444	0	1382222	oddball_tone	sapo_probe	oddball	n/a	n/a	n/a	n/a	n/a
2765.460	0	1382730	standard_tone	sapo_probe	standard	n/a	n/a	n/a	n/a	n/a
2766.476	0	1383238	standard_tone	sapo_probe	standard	n/a	n/a	n/a	n/a	n/a
2767.476	0	1383738	standard_tone	sapo_probe	standard	n/a	n/a	n/a	n/a	n/a
2768.490	0	1384245	standard_tone	sapo_probe	standard	n/a	n/a	n/a	n/a	n/a
2769.506	0	1384753	distractor_noise	sapo_probe	distractor	n/a	n/a	n/a	n/a	n/a
2770.522	0	1385261	standard_tone	sapo_probe	standard	n/a	n/a	n/a	n/a	n/a
2771.538	0	1385769	standard_tone	sapo_probe	standard	n/a	n/a	n/a	n/a	n/a
2772.538	0	1386269	standard_tone	sapo_probe	standard	n/a	n/a	n/a	n/a	n/a
2773.552	0	1386776	standard_tone	sapo_probe	standard	n/a	n/a	n/a	n/a	n/a
2774.568	0	1387284	standard_tone	sapo_probe	standard	n/a	n/a	n/a	n/a	n/a
2775.584	0	1387792	standard_tone	sapo_probe	standard	n/a	n/a	n/a	n/a	n/a
2776.600	0	1388300	standard_tone	sapo_probe	standard	n/a	n/a	n/a	n/a	n/a
2777.616	0	1388808	standard_tone	sapo_probe	standard	n/a	n/a	n/a	n/a	n/a
2778.632	0	1389316	oddball_tone	sapo_probe	oddball	n/a	n/a	n/a	n/a	n/a
2779.648	0	1389824	standard_tone	sapo_probe	standard	n/a	n/a	n/a	n/a	n/a
2780.664	0	1390332	standard_tone	sapo_probe	standard	n/a	n/a	n/a	n/a	n/a
2781.680	0	1390840	standard_tone	sapo_probe	standard	n/a	n/a	n/a	n/a	n/a
2782.696	0	1391348	standard_tone	sapo_probe	standard	n/a	n/a	n/a	n/a	n/a
2783.712	0	1391856	standard_tone	sapo_probe	standard	n/a	n/a	n/a	n/a	n/a
2784.726	0	1392363	standard_tone	sapo_probe	standard	n/a	n/a	n/a	n/a	n/a
2785.742	0	1392871	standard_tone	sapo_probe	standard	n/a	n/a	n/a	n/a	n/a
2786.742	0	1393371	standard_tone	sapo_probe	standard	n/a	n/a	n/a	n/a	n/a
2787.758	0	1393879	standard_tone	sapo_probe	standard	n/a	n/a	n/a	n/a	n/a
2788.774	0	1394387	distractor_noise	sapo_probe	distractor	n/a	n/a	n/a	n/a	n/a
2789.790	0	1394895	standard_tone	sapo_probe	standard	n/a	n/a	n/a	n/a	n/a
2790.806	0	1395403	standard_tone	sapo_probe	standard	n/a	n/a	n/a	n/a	n/a
2791.822	0	1395911	standard_tone	sapo_probe	standard	n/a	n/a	n/a	n/a	n/a
2792.836	0	1396418	standard_tone	sapo_probe	standard	n/a	n/a	n/a	n/a	n/a
2793.852	0	1396926	oddball_tone	sapo_probe	oddball	n/a	n/a	n/a	n/a	n/a
2794.868	0	1397434	standard_tone	sapo_probe	standard	n/a	n/a	n/a	n/a	n/a
2795.868	0	1397934	standard_tone	sapo_probe	standard	n/a	n/a	n/a	n/a	n/a
2796.884	0	1398442	oddball_tone	sapo_probe	oddball	n/a	n/a	n/a	n/a	n/a
2797.900	0	1398950	standard_tone	sapo_probe	standard	n/a	n/a	n/a	n/a	n/a
2798.916	0	1399458	standard_tone	sapo_probe	standard	n/a	n/a	n/a	n/a	n/a
2799.930	0	1399965	standard_tone	sapo_probe	standard	n/a	n/a	n/a	n/a	n/a
2800.946	0	1400473	standard_tone	sapo_probe	standard	n/a	n/a	n/a	n/a	n/a
2801.962	0	1400981	standard_tone	sapo_probe	standard	n/a	n/a	n/a	n/a	n/a
2802.978	0	1401489	standard_tone	sapo_probe	standard	n/a	n/a	n/a	n/a	n/a
2803.994	0	1401997	standard_tone	sapo_probe	standard	n/a	n/a	n/a	n/a	n/a
2805.010	0	1402505	standard_tone	sapo_probe	standard	n/a	n/a	n/a	n/a	n/a
2806.026	0	1403013	standard_tone	sapo_probe	standard	n/a	n/a	n/a	n/a	n/a
2807.042	0	1403521	standard_tone	sapo_probe	standard	n/a	n/a	n/a	n/a	n/a
2808.058	0	1404029	standard_tone	sapo_probe	standard	n/a	n/a	n/a	n/a	n/a
2809.074	0	1404537	standard_tone	sapo_probe	standard	n/a	n/a	n/a	n/a	n/a
2810.074	0	1405037	standard_tone	sapo_probe	standard	n/a	n/a	n/a	n/a	n/a
2811.088	0	1405544	standard_tone	sapo_probe	standard	n/a	n/a	n/a	n/a	n/a
2812.104	0	1406052	oddball_tone	sapo_probe	oddball	n/a	n/a	n/a	n/a	n/a
2813.120	0	1406560	standard_tone	sapo_probe	standard	n/a	n/a	n/a	n/a	n/a
2814.136	0	1407068	distractor_noise	sapo_probe	distractor	n/a	n/a	n/a	n/a	n/a
2815.152	0	1407576	standard_tone	sapo_probe	standard	n/a	n/a	n/a	n/a	n/a
2816.168	0	1408084	oddball_tone	sapo_probe	oddball	n/a	n/a	n/a	n/a	n/a
2817.184	0	1408592	standard_tone	sapo_probe	standard	n/a	n/a	n/a	n/a	n/a
2818.200	0	1409100	standard_tone	sapo_probe	standard	n/a	n/a	n/a	n/a	n/a
2819.214	0	1409607	standard_tone	sapo_probe	standard	n/a	n/a	n/a	n/a	n/a
2820.230	0	1410115	standard_tone	sapo_probe	standard	n/a	n/a	n/a	n/a	n/a
2821.246	0	1410623	standard_tone	sapo_probe	standard	n/a	n/a	n/a	n/a	n/a
2822.262	0	1411131	standard_tone	sapo_probe	standard	n/a	n/a	n/a	n/a	n/a
2823.264	0	1411632	standard_tone	sapo_probe	standard	n/a	n/a	n/a	n/a	n/a
2824.278	0	1412139	standard_tone	sapo_probe	standard	n/a	n/a	n/a	n/a	n/a
2825.294	0	1412647	standard_tone	sapo_probe	standard	n/a	n/a	n/a	n/a	n/a
2826.310	0	1413155	standard_tone	sapo_probe	standard	n/a	n/a	n/a	n/a	n/a
2827.326	0	1413663	standard_tone	sapo_probe	standard	n/a	n/a	n/a	n/a	n/a
2828.342	0	1414171	standard_tone	sapo_probe	standard	n/a	n/a	n/a	n/a	n/a
2829.358	0	1414679	oddball_tone	sapo_probe	oddball	n/a	n/a	n/a	n/a	n/a
2830.372	0	1415186	standard_tone	sapo_probe	standard	n/a	n/a	n/a	n/a	n/a
2830.422	0	1415211	silence_end	sapo_probe	silence-end	n/a	n/a	n/a	n/a	n/a
2830.426	0	1415213	subblock_end	sapo_probe	subblock-end-duration-130.579	n/a	n/a	n/a	130.579	n/a
2830.428	0	1415214	subblock_begin	sapo_probe	subblock-begin	n/a	n/a	n/a	n/a	n/a
2830.428	0	1415214	silence_begin	sapo_probe	silence-begin	n/a	n/a	n/a	n/a	n/a
2831.388	0	1415694	standard_tone	sapo_probe	standard	n/a	n/a	n/a	n/a	n/a
2832.404	0	1416202	distractor_noise	sapo_probe	distractor	n/a	n/a	n/a	n/a	n/a
2833.420	0	1416710	standard_tone	sapo_probe	standard	n/a	n/a	n/a	n/a	n/a
2834.436	0	1417218	distractor_noise	sapo_probe	distractor	n/a	n/a	n/a	n/a	n/a
2835.452	0	1417726	standard_tone	sapo_probe	standard	n/a	n/a	n/a	n/a	n/a
2836.468	0	1418234	distractor_noise	sapo_probe	distractor	n/a	n/a	n/a	n/a	n/a
2837.484	0	1418742	oddball_tone	sapo_probe	oddball	n/a	n/a	n/a	n/a	n/a
2838.500	0	1419250	standard_tone	sapo_probe	standard	n/a	n/a	n/a	n/a	n/a
2839.516	0	1419758	standard_tone	sapo_probe	standard	n/a	n/a	n/a	n/a	n/a
2840.530	0	1420265	distractor_noise	sapo_probe	distractor	n/a	n/a	n/a	n/a	n/a
2841.546	0	1420773	standard_tone	sapo_probe	standard	n/a	n/a	n/a	n/a	n/a
2842.562	0	1421281	standard_tone	sapo_probe	standard	n/a	n/a	n/a	n/a	n/a
2843.578	0	1421789	standard_tone	sapo_probe	standard	n/a	n/a	n/a	n/a	n/a
2844.594	0	1422297	standard_tone	sapo_probe	standard	n/a	n/a	n/a	n/a	n/a
2845.610	0	1422805	standard_tone	sapo_probe	standard	n/a	n/a	n/a	n/a	n/a
2846.626	0	1423313	standard_tone	sapo_probe	standard	n/a	n/a	n/a	n/a	n/a
2847.642	0	1423821	oddball_tone	sapo_probe	oddball	n/a	n/a	n/a	n/a	n/a
2848.658	0	1424329	standard_tone	sapo_probe	standard	n/a	n/a	n/a	n/a	n/a
2849.674	0	1424837	oddball_tone	sapo_probe	oddball	n/a	n/a	n/a	n/a	n/a
2850.688	0	1425344	standard_tone	sapo_probe	standard	n/a	n/a	n/a	n/a	n/a
2851.704	0	1425852	distractor_noise	sapo_probe	distractor	n/a	n/a	n/a	n/a	n/a
2852.720	0	1426360	oddball_tone	sapo_probe	oddball	n/a	n/a	n/a	n/a	n/a
2853.720	0	1426860	standard_tone	sapo_probe	standard	n/a	n/a	n/a	n/a	n/a
2854.736	0	1427368	standard_tone	sapo_probe	standard	n/a	n/a	n/a	n/a	n/a
2855.752	0	1427876	standard_tone	sapo_probe	standard	n/a	n/a	n/a	n/a	n/a
2856.768	0	1428384	standard_tone	sapo_probe	standard	n/a	n/a	n/a	n/a	n/a
2857.784	0	1428892	standard_tone	sapo_probe	standard	n/a	n/a	n/a	n/a	n/a
2858.798	0	1429399	standard_tone	sapo_probe	standard	n/a	n/a	n/a	n/a	n/a
2859.814	0	1429907	standard_tone	sapo_probe	standard	n/a	n/a	n/a	n/a	n/a
2860.830	0	1430415	standard_tone	sapo_probe	standard	n/a	n/a	n/a	n/a	n/a
2861.846	0	1430923	standard_tone	sapo_probe	standard	n/a	n/a	n/a	n/a	n/a
2862.862	0	1431431	standard_tone	sapo_probe	standard	n/a	n/a	n/a	n/a	n/a
2863.878	0	1431939	standard_tone	sapo_probe	standard	n/a	n/a	n/a	n/a	n/a
2864.894	0	1432447	standard_tone	sapo_probe	standard	n/a	n/a	n/a	n/a	n/a
2865.910	0	1432955	standard_tone	sapo_probe	standard	n/a	n/a	n/a	n/a	n/a
2866.926	0	1433463	standard_tone	sapo_probe	standard	n/a	n/a	n/a	n/a	n/a
2867.942	0	1433971	standard_tone	sapo_probe	standard	n/a	n/a	n/a	n/a	n/a
2868.958	0	1434479	oddball_tone	sapo_probe	oddball	n/a	n/a	n/a	n/a	n/a
2869.974	0	1434987	standard_tone	sapo_probe	standard	n/a	n/a	n/a	n/a	n/a
2870.988	0	1435494	standard_tone	sapo_probe	standard	n/a	n/a	n/a	n/a	n/a
2872.004	0	1436002	standard_tone	sapo_probe	standard	n/a	n/a	n/a	n/a	n/a
2873.020	0	1436510	standard_tone	sapo_probe	standard	n/a	n/a	n/a	n/a	n/a
2874.036	0	1437018	standard_tone	sapo_probe	standard	n/a	n/a	n/a	n/a	n/a
2875.052	0	1437526	oddball_tone	sapo_probe	oddball	n/a	n/a	n/a	n/a	n/a
2876.068	0	1438034	standard_tone	sapo_probe	standard	n/a	n/a	n/a	n/a	n/a
2877.068	0	1438534	standard_tone	sapo_probe	standard	n/a	n/a	n/a	n/a	n/a
2878.084	0	1439042	distractor_noise	sapo_probe	distractor	n/a	n/a	n/a	n/a	n/a
2879.098	0	1439549	standard_tone	sapo_probe	standard	n/a	n/a	n/a	n/a	n/a
2880.114	0	1440057	distractor_noise	sapo_probe	distractor	n/a	n/a	n/a	n/a	n/a
2881.114	0	1440557	standard_tone	sapo_probe	standard	n/a	n/a	n/a	n/a	n/a
2882.130	0	1441065	oddball_tone	sapo_probe	oddball	n/a	n/a	n/a	n/a	n/a
2883.146	0	1441573	standard_tone	sapo_probe	standard	n/a	n/a	n/a	n/a	n/a
2884.162	0	1442081	oddball_tone	sapo_probe	oddball	n/a	n/a	n/a	n/a	n/a
2885.162	0	1442581	standard_tone	sapo_probe	standard	n/a	n/a	n/a	n/a	n/a
2886.176	0	1443088	standard_tone	sapo_probe	standard	n/a	n/a	n/a	n/a	n/a
2887.192	0	1443596	oddball_tone	sapo_probe	oddball	n/a	n/a	n/a	n/a	n/a
2888.208	0	1444104	standard_tone	sapo_probe	standard	n/a	n/a	n/a	n/a	n/a
2889.208	0	1444604	standard_tone	sapo_probe	standard	n/a	n/a	n/a	n/a	n/a
2890.222	0	1445111	standard_tone	sapo_probe	standard	n/a	n/a	n/a	n/a	n/a
2891.222	0	1445611	oddball_tone	sapo_probe	oddball	n/a	n/a	n/a	n/a	n/a
2892.238	0	1446119	standard_tone	sapo_probe	standard	n/a	n/a	n/a	n/a	n/a
2893.254	0	1446627	standard_tone	sapo_probe	standard	n/a	n/a	n/a	n/a	n/a
2894.270	0	1447135	standard_tone	sapo_probe	standard	n/a	n/a	n/a	n/a	n/a
2895.286	0	1447643	standard_tone	sapo_probe	standard	n/a	n/a	n/a	n/a	n/a
2896.302	0	1448151	distractor_noise	sapo_probe	distractor	n/a	n/a	n/a	n/a	n/a
2897.318	0	1448659	standard_tone	sapo_probe	standard	n/a	n/a	n/a	n/a	n/a
2898.334	0	1449167	standard_tone	sapo_probe	standard	n/a	n/a	n/a	n/a	n/a
2899.348	0	1449674	oddball_tone	sapo_probe	oddball	n/a	n/a	n/a	n/a	n/a
2900.364	0	1450182	standard_tone	sapo_probe	standard	n/a	n/a	n/a	n/a	n/a
2901.380	0	1450690	standard_tone	sapo_probe	standard	n/a	n/a	n/a	n/a	n/a
2902.396	0	1451198	standard_tone	sapo_probe	standard	n/a	n/a	n/a	n/a	n/a
2903.412	0	1451706	distractor_noise	sapo_probe	distractor	n/a	n/a	n/a	n/a	n/a
2904.412	0	1452206	standard_tone	sapo_probe	standard	n/a	n/a	n/a	n/a	n/a
2905.428	0	1452714	standard_tone	sapo_probe	standard	n/a	n/a	n/a	n/a	n/a
2906.442	0	1453221	standard_tone	sapo_probe	standard	n/a	n/a	n/a	n/a	n/a
2907.458	0	1453729	standard_tone	sapo_probe	standard	n/a	n/a	n/a	n/a	n/a
2908.474	0	1454237	standard_tone	sapo_probe	standard	n/a	n/a	n/a	n/a	n/a
2909.490	0	1454745	oddball_tone	sapo_probe	oddball	n/a	n/a	n/a	n/a	n/a
2910.506	0	1455253	distractor_noise	sapo_probe	distractor	n/a	n/a	n/a	n/a	n/a
2911.522	0	1455761	standard_tone	sapo_probe	standard	n/a	n/a	n/a	n/a	n/a
2912.538	0	1456269	standard_tone	sapo_probe	standard	n/a	n/a	n/a	n/a	n/a
2913.554	0	1456777	standard_tone	sapo_probe	standard	n/a	n/a	n/a	n/a	n/a
2914.570	0	1457285	standard_tone	sapo_probe	standard	n/a	n/a	n/a	n/a	n/a
2915.586	0	1457793	standard_tone	sapo_probe	standard	n/a	n/a	n/a	n/a	n/a
2916.602	0	1458301	standard_tone	sapo_probe	standard	n/a	n/a	n/a	n/a	n/a
2917.618	0	1458809	standard_tone	sapo_probe	standard	n/a	n/a	n/a	n/a	n/a
2918.630	0	1459315	distractor_noise	sapo_probe	distractor	n/a	n/a	n/a	n/a	n/a
2919.632	0	1459816	oddball_tone	sapo_probe	oddball	n/a	n/a	n/a	n/a	n/a
2920.648	0	1460324	standard_tone	sapo_probe	standard	n/a	n/a	n/a	n/a	n/a
2921.664	0	1460832	standard_tone	sapo_probe	standard	n/a	n/a	n/a	n/a	n/a
2922.680	0	1461340	distractor_noise	sapo_probe	distractor	n/a	n/a	n/a	n/a	n/a
2923.696	0	1461848	oddball_tone	sapo_probe	oddball	n/a	n/a	n/a	n/a	n/a
2924.712	0	1462356	distractor_noise	sapo_probe	distractor	n/a	n/a	n/a	n/a	n/a
2925.726	0	1462863	standard_tone	sapo_probe	standard	n/a	n/a	n/a	n/a	n/a
2926.742	0	1463371	standard_tone	sapo_probe	standard	n/a	n/a	n/a	n/a	n/a
2927.758	0	1463879	distractor_noise	sapo_probe	distractor	n/a	n/a	n/a	n/a	n/a
2928.774	0	1464387	oddball_tone	sapo_probe	oddball	n/a	n/a	n/a	n/a	n/a
2929.790	0	1464895	standard_tone	sapo_probe	standard	n/a	n/a	n/a	n/a	n/a
2930.806	0	1465403	distractor_noise	sapo_probe	distractor	n/a	n/a	n/a	n/a	n/a
2931.856	0	1465928	silence_end	sapo_probe	silence-end	n/a	n/a	n/a	n/a	n/a
2931.856	0	1465928	gong_begin	sapo_probe	gong-begin	n/a	n/a	n/a	n/a	n/a
2942.030	0	1471015	gong_end	sapo_probe	gong-end	n/a	n/a	n/a	n/a	n/a
2942.032	0	1471016	subblock_end	sapo_probe	subblock-end-duration-111.604	n/a	n/a	n/a	111.604	n/a
2942.032	0	1471016	subblock_begin	sapo_probe	subblock-begin	n/a	n/a	n/a	n/a	n/a
2942.032	0	1471016	silence_begin	sapo_probe	silence-begin	n/a	n/a	n/a	n/a	n/a
2942.034	0	1471017	standard_tone	sapo_probe	standard	n/a	n/a	n/a	n/a	n/a
2943.046	0	1471523	standard_tone	sapo_probe	standard	n/a	n/a	n/a	n/a	n/a
2944.062	0	1472031	standard_tone	sapo_probe	standard	n/a	n/a	n/a	n/a	n/a
2945.078	0	1472539	standard_tone	sapo_probe	standard	n/a	n/a	n/a	n/a	n/a
2946.094	0	1473047	oddball_tone	sapo_probe	oddball	n/a	n/a	n/a	n/a	n/a
2947.108	0	1473554	standard_tone	sapo_probe	standard	n/a	n/a	n/a	n/a	n/a
2948.108	0	1474054	standard_tone	sapo_probe	standard	n/a	n/a	n/a	n/a	n/a
2949.124	0	1474562	standard_tone	sapo_probe	standard	n/a	n/a	n/a	n/a	n/a
2950.140	0	1475070	distractor_noise	sapo_probe	distractor	n/a	n/a	n/a	n/a	n/a
2951.156	0	1475578	standard_tone	sapo_probe	standard	n/a	n/a	n/a	n/a	n/a
2952.172	0	1476086	standard_tone	sapo_probe	standard	n/a	n/a	n/a	n/a	n/a
2953.188	0	1476594	standard_tone	sapo_probe	standard	n/a	n/a	n/a	n/a	n/a
2954.204	0	1477102	standard_tone	sapo_probe	standard	n/a	n/a	n/a	n/a	n/a
2955.220	0	1477610	standard_tone	sapo_probe	standard	n/a	n/a	n/a	n/a	n/a
2956.236	0	1478118	distractor_noise	sapo_probe	distractor	n/a	n/a	n/a	n/a	n/a
2957.250	0	1478625	standard_tone	sapo_probe	standard	n/a	n/a	n/a	n/a	n/a
2958.266	0	1479133	standard_tone	sapo_probe	standard	n/a	n/a	n/a	n/a	n/a
2959.282	0	1479641	standard_tone	sapo_probe	standard	n/a	n/a	n/a	n/a	n/a
2960.298	0	1480149	distractor_noise	sapo_probe	distractor	n/a	n/a	n/a	n/a	n/a
2961.314	0	1480657	standard_tone	sapo_probe	standard	n/a	n/a	n/a	n/a	n/a
2962.330	0	1481165	standard_tone	sapo_probe	standard	n/a	n/a	n/a	n/a	n/a
2963.346	0	1481673	standard_tone	sapo_probe	standard	n/a	n/a	n/a	n/a	n/a
2964.362	0	1482181	oddball_tone	sapo_probe	oddball	n/a	n/a	n/a	n/a	n/a
2965.378	0	1482689	standard_tone	sapo_probe	standard	n/a	n/a	n/a	n/a	n/a
2966.394	0	1483197	standard_tone	sapo_probe	standard	n/a	n/a	n/a	n/a	n/a
2967.408	0	1483704	standard_tone	sapo_probe	standard	n/a	n/a	n/a	n/a	n/a
2968.424	0	1484212	standard_tone	sapo_probe	standard	n/a	n/a	n/a	n/a	n/a
2969.440	0	1484720	standard_tone	sapo_probe	standard	n/a	n/a	n/a	n/a	n/a
2970.458	0	1485229	standard_tone	sapo_probe	standard	n/a	n/a	n/a	n/a	n/a
2971.472	0	1485736	standard_tone	sapo_probe	standard	n/a	n/a	n/a	n/a	n/a
2972.472	0	1486236	oddball_tone	sapo_probe	oddball	n/a	n/a	n/a	n/a	n/a
2973.488	0	1486744	distractor_noise	sapo_probe	distractor	n/a	n/a	n/a	n/a	n/a
2974.504	0	1487252	standard_tone	sapo_probe	standard	n/a	n/a	n/a	n/a	n/a
2975.520	0	1487760	standard_tone	sapo_probe	standard	n/a	n/a	n/a	n/a	n/a
2976.536	0	1488268	standard_tone	sapo_probe	standard	n/a	n/a	n/a	n/a	n/a
2977.550	0	1488775	standard_tone	sapo_probe	standard	n/a	n/a	n/a	n/a	n/a
2978.566	0	1489283	standard_tone	sapo_probe	standard	n/a	n/a	n/a	n/a	n/a
2979.582	0	1489791	standard_tone	sapo_probe	standard	n/a	n/a	n/a	n/a	n/a
2980.598	0	1490299	distractor_noise	sapo_probe	distractor	n/a	n/a	n/a	n/a	n/a
2981.614	0	1490807	standard_tone	sapo_probe	standard	n/a	n/a	n/a	n/a	n/a
2982.630	0	1491315	standard_tone	sapo_probe	standard	n/a	n/a	n/a	n/a	n/a
2983.396	0	1491698	prompt_window_begin	sapo_probe	probe-sapo-probe-begin	n/a	n/a	n/a	n/a	n/a
2987.826	0	1493913	clicker_press	sapo_probe	response-received-arrow_up	n/a	n/a	n/a	n/a	arrow_up
2988.974	0	1494487	clicker_press	sapo_probe	response-received-arrow_up	n/a	n/a	n/a	n/a	arrow_up
2990.292	0	1495146	clicker_press	sapo_probe	response-received-arrow_up	n/a	n/a	n/a	n/a	arrow_up
2992.440	0	1496220	depth_rating	sapo_probe	rating-sapo-probe-meditation_depth-3	3	n/a	n/a	n/a	n/a
2997.384	0	1498692	clicker_press	sapo_probe	response-received-arrow_up	n/a	n/a	n/a	n/a	arrow_up
2998.084	0	1499042	clicker_press	sapo_probe	response-received-arrow_up	n/a	n/a	n/a	n/a	arrow_up
2998.816	0	1499408	clicker_press	sapo_probe	response-received-arrow_up	n/a	n/a	n/a	n/a	arrow_up
2999.516	0	1499758	clicker_press	sapo_probe	response-received-arrow_up	n/a	n/a	n/a	n/a	arrow_up
3000.366	0	1500183	clicker_press	sapo_probe	response-received-arrow_up	n/a	n/a	n/a	n/a	arrow_up
3002.480	0	1501240	confidence_rating	sapo_probe	rating-sapo-probe-confidence_depth-5	n/a	5	n/a	n/a	n/a
3005.944	0	1502972	prompt_window_end	sapo_probe	probe-sapo-probe-end	n/a	n/a	n/a	n/a	n/a
3005.946	0	1502973	standard_tone	sapo_probe	standard	n/a	n/a	n/a	n/a	n/a
3006.044	0	1503022	silence_end	sapo_probe	silence-end	n/a	n/a	n/a	n/a	n/a
3006.044	0	1503022	gong_begin	sapo_probe	gong-begin	n/a	n/a	n/a	n/a	n/a
3016.286	0	1508143	gong_end	sapo_probe	gong-end	n/a	n/a	n/a	n/a	n/a
3016.286	0	1508143	subblock_end	sapo_probe	subblock-end-duration-74.255	n/a	n/a	n/a	74.255	n/a
3016.288	0	1508144	subblock_begin	sapo_probe	subblock-begin	n/a	n/a	n/a	n/a	n/a
3016.288	0	1508144	silence_begin	sapo_probe	silence-begin	n/a	n/a	n/a	n/a	n/a
3016.288	0	1508144	standard_tone	sapo_probe	standard	n/a	n/a	n/a	n/a	n/a
3016.336	0	1508168	sapo_probe_end	sapo_probe	block-sapo-probe-end	n/a	n/a	n/a	n/a	n/a
3016.336	0	1508168	block_duration	sapo_probe	block-sapo-probe-duration-2116	n/a	n/a	n/a	2116.000	n/a
3016.336	0	1508168	break_begin	break	break-begin	n/a	n/a	n/a	n/a	n/a
3203.146	0	1601573	clicker_press	break	response-received-enter	n/a	n/a	n/a	n/a	enter
3203.164	0	1601582	break_end	break	break-end	n/a	n/a	n/a	n/a	n/a
3251.092	0	1625546	clicker_press	n/a	response-received-arrow_up	n/a	n/a	n/a	n/a	arrow_up
3251.142	0	1625571	active_oddball_begin	active_oddball	active-oddball-begin	n/a	n/a	n/a	n/a	n/a
3251.150	0	1625575	standard_tone	active_oddball	standard	n/a	n/a	n/a	n/a	n/a
3252.158	0	1626079	distractor_noise	active_oddball	distractor	n/a	n/a	n/a	n/a	n/a
3253.172	0	1626586	standard_tone	active_oddball	standard	n/a	n/a	n/a	n/a	n/a
3254.188	0	1627094	standard_tone	active_oddball	standard	n/a	n/a	n/a	n/a	n/a
3255.238	0	1627619	oddball_tone	active_oddball	oddball	n/a	n/a	n/a	n/a	n/a
3256.270	0	1628135	standard_tone	active_oddball	standard	n/a	n/a	n/a	n/a	n/a
3257.104	0	1628552	clicker_press	active_oddball	response-received-arrow_up	n/a	n/a	n/a	n/a	arrow_up
3257.152	0	1628576	oddball_response	active_oddball	active-oddball-button-press-827ms	n/a	n/a	0.827	n/a	n/a
3257.302	0	1628651	standard_tone	active_oddball	standard	n/a	n/a	n/a	n/a	n/a
3258.318	0	1629159	standard_tone	active_oddball	standard	n/a	n/a	n/a	n/a	n/a
3259.334	0	1629667	standard_tone	active_oddball	standard	n/a	n/a	n/a	n/a	n/a
3260.416	0	1630208	standard_tone	active_oddball	standard	n/a	n/a	n/a	n/a	n/a
3261.452	0	1630726	standard_tone	active_oddball	standard	n/a	n/a	n/a	n/a	n/a
3262.482	0	1631241	standard_tone	active_oddball	standard	n/a	n/a	n/a	n/a	n/a
3263.498	0	1631749	standard_tone	active_oddball	standard	n/a	n/a	n/a	n/a	n/a
3264.664	0	1632332	standard_tone	active_oddball	standard	n/a	n/a	n/a	n/a	n/a
3265.680	0	1632840	standard_tone	active_oddball	standard	n/a	n/a	n/a	n/a	n/a
3266.694	0	1633347	standard_tone	active_oddball	standard	n/a	n/a	n/a	n/a	n/a
3267.762	0	1633881	standard_tone	active_oddball	standard	n/a	n/a	n/a	n/a	n/a
3268.828	0	1634414	distractor_noise	active_oddball	distractor	n/a	n/a	n/a	n/a	n/a
3269.842	0	1634921	standard_tone	active_oddball	standard	n/a	n/a	n/a	n/a	n/a
3270.892	0	1635446	standard_tone	active_oddball	standard	n/a	n/a	n/a	n/a	n/a
3271.942	0	1635971	standard_tone	active_oddball	standard	n/a	n/a	n/a	n/a	n/a
3272.974	0	1636487	standard_tone	active_oddball	standard	n/a	n/a	n/a	n/a	n/a
3273.988	0	1636994	distractor_noise	active_oddball	distractor	n/a	n/a	n/a	n/a	n/a
3275.054	0	1637527	oddball_tone	active_oddball	oddball	n/a	n/a	n/a	n/a	n/a
3275.954	0	1637977	clicker_press	active_oddball	response-received-arrow_up	n/a	n/a	n/a	n/a	arrow_up
3276.104	0	1638052	oddball_response	active_oddball	active-oddball-button-press-892ms	n/a	n/a	0.892	n/a	n/a
3276.104	0	1638052	standard_tone	active_oddball	standard	n/a	n/a	n/a	n/a	n/a
3277.170	0	1638585	standard_tone	active_oddball	standard	n/a	n/a	n/a	n/a	n/a
3278.220	0	1639110	standard_tone	active_oddball	standard	n/a	n/a	n/a	n/a	n/a
3279.500	0	1639750	standard_tone	active_oddball	standard	n/a	n/a	n/a	n/a	n/a
3280.600	0	1640300	standard_tone	active_oddball	standard	n/a	n/a	n/a	n/a	n/a
3281.700	0	1640850	standard_tone	active_oddball	standard	n/a	n/a	n/a	n/a	n/a
3282.716	0	1641358	distractor_noise	active_oddball	distractor	n/a	n/a	n/a	n/a	n/a
3283.730	0	1641865	standard_tone	active_oddball	standard	n/a	n/a	n/a	n/a	n/a
3284.830	0	1642415	standard_tone	active_oddball	standard	n/a	n/a	n/a	n/a	n/a
3285.862	0	1642931	oddball_tone	active_oddball	oddball	n/a	n/a	n/a	n/a	n/a
3286.828	0	1643414	clicker_press	active_oddball	response-received-arrow_up	n/a	n/a	n/a	n/a	arrow_up
3286.846	0	1643423	oddball_response	active_oddball	active-oddball-button-press-959ms	n/a	n/a	0.959	n/a	n/a
3286.880	0	1643440	standard_tone	active_oddball	standard	n/a	n/a	n/a	n/a	n/a
3287.912	0	1643956	standard_tone	active_oddball	standard	n/a	n/a	n/a	n/a	n/a
3288.960	0	1644480	standard_tone	active_oddball	standard	n/a	n/a	n/a	n/a	n/a
3289.976	0	1644988	standard_tone	active_oddball	standard	n/a	n/a	n/a	n/a	n/a
3291.074	0	1645537	standard_tone	active_oddball	standard	n/a	n/a	n/a	n/a	n/a
3292.108	0	1646054	standard_tone	active_oddball	standard	n/a	n/a	n/a	n/a	n/a
3293.140	0	1646570	standard_tone	active_oddball	standard	n/a	n/a	n/a	n/a	n/a
3294.172	0	1647086	distractor_noise	active_oddball	distractor	n/a	n/a	n/a	n/a	n/a
3295.254	0	1647627	standard_tone	active_oddball	standard	n/a	n/a	n/a	n/a	n/a
3296.288	0	1648144	standard_tone	active_oddball	standard	n/a	n/a	n/a	n/a	n/a
3297.336	0	1648668	standard_tone	active_oddball	standard	n/a	n/a	n/a	n/a	n/a
3298.352	0	1649176	distractor_noise	active_oddball	distractor	n/a	n/a	n/a	n/a	n/a
3299.368	0	1649684	standard_tone	active_oddball	standard	n/a	n/a	n/a	n/a	n/a
3300.370	0	1650185	standard_tone	active_oddball	standard	n/a	n/a	n/a	n/a	n/a
3301.384	0	1650692	standard_tone	active_oddball	standard	n/a	n/a	n/a	n/a	n/a
3302.398	0	1651199	oddball_tone	active_oddball	oddball	n/a	n/a	n/a	n/a	n/a
3303.232	0	1651616	clicker_press	active_oddball	response-received-arrow_up	n/a	n/a	n/a	n/a	arrow_up
3303.414	0	1651707	oddball_response	active_oddball	active-oddball-button-press-827ms	n/a	n/a	0.827	n/a	n/a
3303.416	0	1651708	standard_tone	active_oddball	standard	n/a	n/a	n/a	n/a	n/a
3304.448	0	1652224	standard_tone	active_oddball	standard	n/a	n/a	n/a	n/a	n/a
3305.496	0	1652748	standard_tone	active_oddball	standard	n/a	n/a	n/a	n/a	n/a
3306.528	0	1653264	standard_tone	active_oddball	standard	n/a	n/a	n/a	n/a	n/a
3307.544	0	1653772	standard_tone	active_oddball	standard	n/a	n/a	n/a	n/a	n/a
3308.560	0	1654280	standard_tone	active_oddball	standard	n/a	n/a	n/a	n/a	n/a
3309.576	0	1654788	standard_tone	active_oddball	standard	n/a	n/a	n/a	n/a	n/a
3310.610	0	1655305	standard_tone	active_oddball	standard	n/a	n/a	n/a	n/a	n/a
3311.624	0	1655812	standard_tone	active_oddball	standard	n/a	n/a	n/a	n/a	n/a
3312.706	0	1656353	standard_tone	active_oddball	standard	n/a	n/a	n/a	n/a	n/a
3313.756	0	1656878	oddball_tone	active_oddball	oddball	n/a	n/a	n/a	n/a	n/a
3314.638	0	1657319	clicker_press	active_oddball	response-received-arrow_up	n/a	n/a	n/a	n/a	arrow_up
3314.656	0	1657328	oddball_response	active_oddball	active-oddball-button-press-877ms	n/a	n/a	0.877	n/a	n/a
3314.806	0	1657403	standard_tone	active_oddball	standard	n/a	n/a	n/a	n/a	n/a
3315.922	0	1657961	standard_tone	active_oddball	standard	n/a	n/a	n/a	n/a	n/a
3316.936	0	1658468	standard_tone	active_oddball	standard	n/a	n/a	n/a	n/a	n/a
3317.970	0	1658985	standard_tone	active_oddball	standard	n/a	n/a	n/a	n/a	n/a
3318.984	0	1659492	standard_tone	active_oddball	standard	n/a	n/a	n/a	n/a	n/a
3320.000	0	1660000	standard_tone	active_oddball	standard	n/a	n/a	n/a	n/a	n/a
3321.034	0	1660517	standard_tone	active_oddball	standard	n/a	n/a	n/a	n/a	n/a
3322.066	0	1661033	standard_tone	active_oddball	standard	n/a	n/a	n/a	n/a	n/a
3323.198	0	1661599	standard_tone	active_oddball	standard	n/a	n/a	n/a	n/a	n/a
3324.216	0	1662108	standard_tone	active_oddball	standard	n/a	n/a	n/a	n/a	n/a
3325.246	0	1662623	standard_tone	active_oddball	standard	n/a	n/a	n/a	n/a	n/a
3326.362	0	1663181	standard_tone	active_oddball	standard	n/a	n/a	n/a	n/a	n/a
3327.412	0	1663706	standard_tone	active_oddball	standard	n/a	n/a	n/a	n/a	n/a
3328.460	0	1664230	standard_tone	active_oddball	standard	n/a	n/a	n/a	n/a	n/a
3329.510	0	1664755	distractor_noise	active_oddball	distractor	n/a	n/a	n/a	n/a	n/a
3330.516	0	1665258	standard_tone	active_oddball	standard	n/a	n/a	n/a	n/a	n/a
3331.542	0	1665771	standard_tone	active_oddball	standard	n/a	n/a	n/a	n/a	n/a
3332.558	0	1666279	distractor_noise	active_oddball	distractor	n/a	n/a	n/a	n/a	n/a
3333.656	0	1666828	standard_tone	active_oddball	standard	n/a	n/a	n/a	n/a	n/a
3334.672	0	1667336	standard_tone	active_oddball	standard	n/a	n/a	n/a	n/a	n/a
3335.688	0	1667844	standard_tone	active_oddball	standard	n/a	n/a	n/a	n/a	n/a
3336.720	0	1668360	standard_tone	active_oddball	standard	n/a	n/a	n/a	n/a	n/a
3337.770	0	1668885	standard_tone	active_oddball	standard	n/a	n/a	n/a	n/a	n/a
3338.818	0	1669409	standard_tone	active_oddball	standard	n/a	n/a	n/a	n/a	n/a
3339.834	0	1669917	standard_tone	active_oddball	standard	n/a	n/a	n/a	n/a	n/a
3340.866	0	1670433	standard_tone	active_oddball	standard	n/a	n/a	n/a	n/a	n/a
3341.900	0	1670950	standard_tone	active_oddball	standard	n/a	n/a	n/a	n/a	n/a
3342.932	0	1671466	standard_tone	active_oddball	standard	n/a	n/a	n/a	n/a	n/a
3343.964	0	1671982	oddball_tone	active_oddball	oddball	n/a	n/a	n/a	n/a	n/a
3344.680	0	1672340	clicker_press	active_oddball	response-received-arrow_up	n/a	n/a	n/a	n/a	arrow_up
3344.730	0	1672365	oddball_response	active_oddball	active-oddball-button-press-711ms	n/a	n/a	0.711	n/a	n/a
3344.980	0	1672490	standard_tone	active_oddball	standard	n/a	n/a	n/a	n/a	n/a
3346.046	0	1673023	oddball_tone	active_oddball	oddball	n/a	n/a	n/a	n/a	n/a
3347.028	0	1673514	clicker_press	active_oddball	response-received-arrow_up	n/a	n/a	n/a	n/a	arrow_up
3347.094	0	1673547	oddball_response	active_oddball	active-oddball-button-press-976ms	n/a	n/a	0.976	n/a	n/a
3347.096	0	1673548	distractor_noise	active_oddball	distractor	n/a	n/a	n/a	n/a	n/a
3348.144	0	1674072	standard_tone	active_oddball	standard	n/a	n/a	n/a	n/a	n/a
3349.194	0	1674597	standard_tone	active_oddball	standard	n/a	n/a	n/a	n/a	n/a
3350.226	0	1675113	standard_tone	active_oddball	standard	n/a	n/a	n/a	n/a	n/a
3351.242	0	1675621	standard_tone	active_oddball	standard	n/a	n/a	n/a	n/a	n/a
3352.258	0	1676129	standard_tone	active_oddball	standard	n/a	n/a	n/a	n/a	n/a
3353.324	0	1676662	oddball_tone	active_oddball	oddball	n/a	n/a	n/a	n/a	n/a
3354.156	0	1677078	clicker_press	active_oddball	response-received-arrow_up	n/a	n/a	n/a	n/a	arrow_up
3354.174	0	1677087	oddball_response	active_oddball	active-oddball-button-press-827ms	n/a	n/a	0.827	n/a	n/a
3354.388	0	1677194	standard_tone	active_oddball	standard	n/a	n/a	n/a	n/a	n/a
3355.404	0	1677702	standard_tone	active_oddball	standard	n/a	n/a	n/a	n/a	n/a
3356.470	0	1678235	standard_tone	active_oddball	standard	n/a	n/a	n/a	n/a	n/a
3357.504	0	1678752	standard_tone	active_oddball	standard	n/a	n/a	n/a	n/a	n/a
3358.536	0	1679268	distractor_noise	active_oddball	distractor	n/a	n/a	n/a	n/a	n/a
3359.568	0	1679784	standard_tone	active_oddball	standard	n/a	n/a	n/a	n/a	n/a
3360.584	0	1680292	standard_tone	active_oddball	standard	n/a	n/a	n/a	n/a	n/a
3361.632	0	1680816	standard_tone	active_oddball	standard	n/a	n/a	n/a	n/a	n/a
3362.666	0	1681333	standard_tone	active_oddball	standard	n/a	n/a	n/a	n/a	n/a
3363.682	0	1681841	standard_tone	active_oddball	standard	n/a	n/a	n/a	n/a	n/a
3364.748	0	1682374	distractor_noise	active_oddball	distractor	n/a	n/a	n/a	n/a	n/a
3365.814	0	1682907	standard_tone	active_oddball	standard	n/a	n/a	n/a	n/a	n/a
3366.912	0	1683456	standard_tone	active_oddball	standard	n/a	n/a	n/a	n/a	n/a
3367.994	0	1683997	standard_tone	active_oddball	standard	n/a	n/a	n/a	n/a	n/a
3369.012	0	1684506	oddball_tone	active_oddball	oddball	n/a	n/a	n/a	n/a	n/a
3369.844	0	1684922	clicker_press	active_oddball	response-received-arrow_up	n/a	n/a	n/a	n/a	arrow_up
3369.862	0	1684931	oddball_response	active_oddball	active-oddball-button-press-826ms	n/a	n/a	0.826	n/a	n/a
3370.092	0	1685046	standard_tone	active_oddball	standard	n/a	n/a	n/a	n/a	n/a
3371.108	0	1685554	standard_tone	active_oddball	standard	n/a	n/a	n/a	n/a	n/a
3372.124	0	1686062	standard_tone	active_oddball	standard	n/a	n/a	n/a	n/a	n/a
3373.190	0	1686595	distractor_noise	active_oddball	distractor	n/a	n/a	n/a	n/a	n/a
3374.206	0	1687103	oddball_tone	active_oddball	oddball	n/a	n/a	n/a	n/a	n/a
3375.138	0	1687569	clicker_press	active_oddball	response-received-arrow_up	n/a	n/a	n/a	n/a	arrow_up
3375.156	0	1687578	oddball_response	active_oddball	active-oddball-button-press-927ms	n/a	n/a	0.927	n/a	n/a
3375.322	0	1687661	standard_tone	active_oddball	standard	n/a	n/a	n/a	n/a	n/a
3376.338	0	1688169	standard_tone	active_oddball	standard	n/a	n/a	n/a	n/a	n/a
3377.386	0	1688693	oddball_tone	active_oddball	oddball	n/a	n/a	n/a	n/a	n/a
3378.188	0	1689094	clicker_press	active_oddball	response-received-arrow_up	n/a	n/a	n/a	n/a	arrow_up
3378.204	0	1689102	oddball_response	active_oddball	active-oddball-button-press-794ms	n/a	n/a	0.794	n/a	n/a
3378.420	0	1689210	standard_tone	active_oddball	standard	n/a	n/a	n/a	n/a	n/a
3379.602	0	1689801	standard_tone	active_oddball	standard	n/a	n/a	n/a	n/a	n/a
3380.634	0	1690317	standard_tone	active_oddball	standard	n/a	n/a	n/a	n/a	n/a
3381.684	0	1690842	standard_tone	active_oddball	standard	n/a	n/a	n/a	n/a	n/a
3382.700	0	1691350	distractor_noise	active_oddball	distractor	n/a	n/a	n/a	n/a	n/a
3383.732	0	1691866	standard_tone	active_oddball	standard	n/a	n/a	n/a	n/a	n/a
3384.748	0	1692374	standard_tone	active_oddball	standard	n/a	n/a	n/a	n/a	n/a
3385.798	0	1692899	standard_tone	active_oddball	standard	n/a	n/a	n/a	n/a	n/a
3386.814	0	1693407	standard_tone	active_oddball	standard	n/a	n/a	n/a	n/a	n/a
3387.844	0	1693922	standard_tone	active_oddball	standard	n/a	n/a	n/a	n/a	n/a
3388.894	0	1694447	standard_tone	active_oddball	standard	n/a	n/a	n/a	n/a	n/a
3389.910	0	1694955	oddball_tone	active_oddball	oddball	n/a	n/a	n/a	n/a	n/a
3390.762	0	1695381	clicker_press	active_oddball	response-received-arrow_up	n/a	n/a	n/a	n/a	arrow_up
3390.764	0	1695382	oddball_response	active_oddball	active-oddball-button-press-846ms	n/a	n/a	0.846	n/a	n/a
3390.958	0	1695479	standard_tone	active_oddball	standard	n/a	n/a	n/a	n/a	n/a
3392.092	0	1696046	distractor_noise	active_oddball	distractor	n/a	n/a	n/a	n/a	n/a
3393.140	0	1696570	standard_tone	active_oddball	standard	n/a	n/a	n/a	n/a	n/a
3394.190	0	1697095	standard_tone	active_oddball	standard	n/a	n/a	n/a	n/a	n/a
3395.222	0	1697611	standard_tone	active_oddball	standard	n/a	n/a	n/a	n/a	n/a
3396.420	0	1698210	standard_tone	active_oddball	standard	n/a	n/a	n/a	n/a	n/a
3397.470	0	1698735	standard_tone	active_oddball	standard	n/a	n/a	n/a	n/a	n/a
3398.486	0	1699243	oddball_tone	active_oddball	oddball	n/a	n/a	n/a	n/a	n/a
3399.268	0	1699634	clicker_press	active_oddball	response-received-arrow_up	n/a	n/a	n/a	n/a	arrow_up
3399.302	0	1699651	oddball_response	active_oddball	active-oddball-button-press-779ms	n/a	n/a	0.779	n/a	n/a
3399.502	0	1699751	standard_tone	active_oddball	standard	n/a	n/a	n/a	n/a	n/a
3400.518	0	1700259	oddball_tone	active_oddball	oddball	n/a	n/a	n/a	n/a	n/a
3401.284	0	1700642	clicker_press	active_oddball	response-received-arrow_up	n/a	n/a	n/a	n/a	arrow_up
3401.300	0	1700650	oddball_response	active_oddball	active-oddball-button-press-761ms	n/a	n/a	0.761	n/a	n/a
3401.550	0	1700775	standard_tone	active_oddball	standard	n/a	n/a	n/a	n/a	n/a
3402.582	0	1701291	standard_tone	active_oddball	standard	n/a	n/a	n/a	n/a	n/a
3403.598	0	1701799	standard_tone	active_oddball	standard	n/a	n/a	n/a	n/a	n/a
3404.630	0	1702315	standard_tone	active_oddball	standard	n/a	n/a	n/a	n/a	n/a
3405.748	0	1702874	standard_tone	active_oddball	standard	n/a	n/a	n/a	n/a	n/a
3406.762	0	1703381	standard_tone	active_oddball	standard	n/a	n/a	n/a	n/a	n/a
3407.778	0	1703889	standard_tone	active_oddball	standard	n/a	n/a	n/a	n/a	n/a
3408.794	0	1704397	standard_tone	active_oddball	standard	n/a	n/a	n/a	n/a	n/a
3409.810	0	1704905	distractor_noise	active_oddball	distractor	n/a	n/a	n/a	n/a	n/a
3410.824	0	1705412	standard_tone	active_oddball	standard	n/a	n/a	n/a	n/a	n/a
3411.874	0	1705937	distractor_noise	active_oddball	distractor	n/a	n/a	n/a	n/a	n/a
3412.892	0	1706446	standard_tone	active_oddball	standard	n/a	n/a	n/a	n/a	n/a
3413.908	0	1706954	oddball_tone	active_oddball	oddball	n/a	n/a	n/a	n/a	n/a
3414.806	0	1707403	clicker_press	active_oddball	response-received-arrow_up	n/a	n/a	n/a	n/a	arrow_up
3414.838	0	1707419	oddball_response	active_oddball	active-oddball-button-press-892ms	n/a	n/a	0.892	n/a	n/a
3414.938	0	1707469	distractor_noise	active_oddball	distractor	n/a	n/a	n/a	n/a	n/a
3415.954	0	1707977	standard_tone	active_oddball	standard	n/a	n/a	n/a	n/a	n/a
3417.054	0	1708527	standard_tone	active_oddball	standard	n/a	n/a	n/a	n/a	n/a
3418.086	0	1709043	standard_tone	active_oddball	standard	n/a	n/a	n/a	n/a	n/a
3419.136	0	1709568	distractor_noise	active_oddball	distractor	n/a	n/a	n/a	n/a	n/a
3420.252	0	1710126	oddball_tone	active_oddball	oddball	n/a	n/a	n/a	n/a	n/a
3421.168	0	1710584	clicker_press	active_oddball	response-received-arrow_up	n/a	n/a	n/a	n/a	arrow_up
3421.300	0	1710650	oddball_response	active_oddball	active-oddball-button-press-910ms	n/a	n/a	0.910	n/a	n/a
3421.302	0	1710651	standard_tone	active_oddball	standard	n/a	n/a	n/a	n/a	n/a
3422.316	0	1711158	oddball_tone	active_oddball	oddball	n/a	n/a	n/a	n/a	n/a
3423.198	0	1711599	clicker_press	active_oddball	response-received-arrow_up	n/a	n/a	n/a	n/a	arrow_up
3423.216	0	1711608	oddball_response	active_oddball	active-oddball-button-press-876ms	n/a	n/a	0.876	n/a	n/a
3423.348	0	1711674	standard_tone	active_oddball	standard	n/a	n/a	n/a	n/a	n/a
3424.364	0	1712182	standard_tone	active_oddball	standard	n/a	n/a	n/a	n/a	n/a
3425.430	0	1712715	standard_tone	active_oddball	standard	n/a	n/a	n/a	n/a	n/a
3426.462	0	1713231	standard_tone	active_oddball	standard	n/a	n/a	n/a	n/a	n/a
3427.478	0	1713739	standard_tone	active_oddball	standard	n/a	n/a	n/a	n/a	n/a
3428.494	0	1714247	standard_tone	active_oddball	standard	n/a	n/a	n/a	n/a	n/a
3429.510	0	1714755	standard_tone	active_oddball	standard	n/a	n/a	n/a	n/a	n/a
3430.526	0	1715263	standard_tone	active_oddball	standard	n/a	n/a	n/a	n/a	n/a
3431.558	0	1715779	oddball_tone	active_oddball	oddball	n/a	n/a	n/a	n/a	n/a
3432.424	0	1716212	clicker_press	active_oddball	response-received-arrow_up	n/a	n/a	n/a	n/a	arrow_up
3432.440	0	1716220	oddball_response	active_oddball	active-oddball-button-press-858ms	n/a	n/a	0.858	n/a	n/a
3432.574	0	1716287	standard_tone	active_oddball	standard	n/a	n/a	n/a	n/a	n/a
3433.590	0	1716795	standard_tone	active_oddball	standard	n/a	n/a	n/a	n/a	n/a
3434.622	0	1717311	standard_tone	active_oddball	standard	n/a	n/a	n/a	n/a	n/a
3435.638	0	1717819	standard_tone	active_oddball	standard	n/a	n/a	n/a	n/a	n/a
3436.654	0	1718327	standard_tone	active_oddball	standard	n/a	n/a	n/a	n/a	n/a
3437.704	0	1718852	oddball_tone	active_oddball	oddball	n/a	n/a	n/a	n/a	n/a
3438.554	0	1719277	clicker_press	active_oddball	response-received-arrow_up	n/a	n/a	n/a	n/a	arrow_up
3438.570	0	1719285	oddball_response	active_oddball	active-oddball-button-press-842ms	n/a	n/a	0.842	n/a	n/a
3438.886	0	1719443	standard_tone	active_oddball	standard	n/a	n/a	n/a	n/a	n/a
3439.902	0	1719951	standard_tone	active_oddball	standard	n/a	n/a	n/a	n/a	n/a
3440.968	0	1720484	standard_tone	active_oddball	standard	n/a	n/a	n/a	n/a	n/a
3441.984	0	1720992	standard_tone	active_oddball	standard	n/a	n/a	n/a	n/a	n/a
3443.066	0	1721533	standard_tone	active_oddball	standard	n/a	n/a	n/a	n/a	n/a
3444.082	0	1722041	standard_tone	active_oddball	standard	n/a	n/a	n/a	n/a	n/a
3445.098	0	1722549	oddball_tone	active_oddball	oddball	n/a	n/a	n/a	n/a	n/a
3445.964	0	1722982	clicker_press	active_oddball	response-received-arrow_up	n/a	n/a	n/a	n/a	arrow_up
3446.064	0	1723032	oddball_response	active_oddball	active-oddball-button-press-859ms	n/a	n/a	0.859	n/a	n/a
3446.162	0	1723081	standard_tone	active_oddball	standard	n/a	n/a	n/a	n/a	n/a
3447.180	0	1723590	oddball_tone	active_oddball	oddball	n/a	n/a	n/a	n/a	n/a
3448.028	0	1724014	clicker_press	active_oddball	response-received-arrow_up	n/a	n/a	n/a	n/a	arrow_up
3448.062	0	1724031	oddball_response	active_oddball	active-oddball-button-press-842ms	n/a	n/a	0.842	n/a	n/a
3448.212	0	1724106	standard_tone	active_oddball	standard	n/a	n/a	n/a	n/a	n/a
3449.244	0	1724622	standard_tone	active_oddball	standard	n/a	n/a	n/a	n/a	n/a
3450.276	0	1725138	oddball_tone	active_oddball	oddball	n/a	n/a	n/a	n/a	n/a
3451.070	0	1725535	clicker_press	active_oddball	response-received-arrow_up	n/a	n/a	n/a	n/a	arrow_up
3451.080	0	1725540	oddball_response	active_oddball	active-oddball-button-press-787ms	n/a	n/a	0.787	n/a	n/a
3451.392	0	1725696	distractor_noise	active_oddball	distractor	n/a	n/a	n/a	n/a	n/a
3452.458	0	1726229	oddball_tone	active_oddball	oddball	n/a	n/a	n/a	n/a	n/a
3453.390	0	1726695	clicker_press	active_oddball	response-received-arrow_up	n/a	n/a	n/a	n/a	arrow_up
3453.458	0	1726729	oddball_response	active_oddball	active-oddball-button-press-926ms	n/a	n/a	0.926	n/a	n/a
3453.474	0	1726737	distractor_noise	active_oddball	distractor	n/a	n/a	n/a	n/a	n/a
3454.490	0	1727245	standard_tone	active_oddball	standard	n/a	n/a	n/a	n/a	n/a
3455.506	0	1727753	standard_tone	active_oddball	standard	n/a	n/a	n/a	n/a	n/a
3456.554	0	1728277	standard_tone	active_oddball	standard	n/a	n/a	n/a	n/a	n/a
3457.604	0	1728802	standard_tone	active_oddball	standard	n/a	n/a	n/a	n/a	n/a
3458.620	0	1729310	oddball_tone	active_oddball	oddball	n/a	n/a	n/a	n/a	n/a
3459.420	0	1729710	clicker_press	active_oddball	response-received-arrow_up	n/a	n/a	n/a	n/a	arrow_up
3459.436	0	1729718	oddball_response	active_oddball	active-oddball-button-press-794ms	n/a	n/a	0.794	n/a	n/a
3459.652	0	1729826	standard_tone	active_oddball	standard	n/a	n/a	n/a	n/a	n/a
3460.718	0	1730359	standard_tone	active_oddball	standard	n/a	n/a	n/a	n/a	n/a
3461.734	0	1730867	standard_tone	active_oddball	standard	n/a	n/a	n/a	n/a	n/a
3462.882	0	1731441	standard_tone	active_oddball	standard	n/a	n/a	n/a	n/a	n/a
3463.916	0	1731958	standard_tone	active_oddball	standard	n/a	n/a	n/a	n/a	n/a
3464.982	0	1732491	standard_tone	active_oddball	standard	n/a	n/a	n/a	n/a	n/a
3466.146	0	1733073	standard_tone	active_oddball	standard	n/a	n/a	n/a	n/a	n/a
3467.162	0	1733581	oddball_tone	active_oddball	oddball	n/a	n/a	n/a	n/a	n/a
3467.912	0	1733956	clicker_press	active_oddball	response-received-arrow_up	n/a	n/a	n/a	n/a	arrow_up
3467.978	0	1733989	oddball_response	active_oddball	active-oddball-button-press-745ms	n/a	n/a	0.745	n/a	n/a
3468.262	0	1734131	distractor_noise	active_oddball	distractor	n/a	n/a	n/a	n/a	n/a
3469.310	0	1734655	standard_tone	active_oddball	standard	n/a	n/a	n/a	n/a	n/a
3470.328	0	1735164	standard_tone	active_oddball	standard	n/a	n/a	n/a	n/a	n/a
3471.360	0	1735680	standard_tone	active_oddball	standard	n/a	n/a	n/a	n/a	n/a
3472.374	0	1736187	standard_tone	active_oddball	standard	n/a	n/a	n/a	n/a	n/a
3473.408	0	1736704	standard_tone	active_oddball	standard	n/a	n/a	n/a	n/a	n/a
3474.490	0	1737245	standard_tone	active_oddball	standard	n/a	n/a	n/a	n/a	n/a
3475.522	0	1737761	standard_tone	active_oddball	standard	n/a	n/a	n/a	n/a	n/a
3476.604	0	1738302	standard_tone	active_oddball	standard	n/a	n/a	n/a	n/a	n/a
3477.638	0	1738819	standard_tone	active_oddball	standard	n/a	n/a	n/a	n/a	n/a
3478.652	0	1739326	standard_tone	active_oddball	standard	n/a	n/a	n/a	n/a	n/a
3479.668	0	1739834	oddball_tone	active_oddball	oddball	n/a	n/a	n/a	n/a	n/a
3480.452	0	1740226	clicker_press	active_oddball	response-received-arrow_up	n/a	n/a	n/a	n/a	arrow_up
3480.486	0	1740243	oddball_response	active_oddball	active-oddball-button-press-777ms	n/a	n/a	0.777	n/a	n/a
3480.750	0	1740375	standard_tone	active_oddball	standard	n/a	n/a	n/a	n/a	n/a
3481.784	0	1740892	standard_tone	active_oddball	standard	n/a	n/a	n/a	n/a	n/a
3482.800	0	1741400	standard_tone	active_oddball	standard	n/a	n/a	n/a	n/a	n/a
3483.832	0	1741916	standard_tone	active_oddball	standard	n/a	n/a	n/a	n/a	n/a
3484.864	0	1742432	standard_tone	active_oddball	standard	n/a	n/a	n/a	n/a	n/a
3485.880	0	1742940	standard_tone	active_oddball	standard	n/a	n/a	n/a	n/a	n/a
3486.930	0	1743465	oddball_tone	active_oddball	oddball	n/a	n/a	n/a	n/a	n/a
3487.696	0	1743848	clicker_press	active_oddball	response-received-arrow_up	n/a	n/a	n/a	n/a	arrow_up
3487.730	0	1743865	oddball_response	active_oddball	active-oddball-button-press-759ms	n/a	n/a	0.759	n/a	n/a
3487.946	0	1743973	standard_tone	active_oddball	standard	n/a	n/a	n/a	n/a	n/a
3488.960	0	1744480	standard_tone	active_oddball	standard	n/a	n/a	n/a	n/a	n/a
3489.978	0	1744989	standard_tone	active_oddball	standard	n/a	n/a	n/a	n/a	n/a
3491.010	0	1745505	standard_tone	active_oddball	standard	n/a	n/a	n/a	n/a	n/a
3492.060	0	1746030	standard_tone	active_oddball	standard	n/a	n/a	n/a	n/a	n/a
3493.076	0	1746538	standard_tone	active_oddball	standard	n/a	n/a	n/a	n/a	n/a
3494.090	0	1747045	standard_tone	active_oddball	standard	n/a	n/a	n/a	n/a	n/a
3495.122	0	1747561	standard_tone	active_oddball	standard	n/a	n/a	n/a	n/a	n/a
3496.188	0	1748094	standard_tone	active_oddball	standard	n/a	n/a	n/a	n/a	n/a
3497.222	0	1748611	oddball_tone	active_oddball	oddball	n/a	n/a	n/a	n/a	n/a
3497.904	0	1748952	clicker_press	active_oddball	response-received-arrow_up	n/a	n/a	n/a	n/a	arrow_up
3498.004	0	1749002	oddball_response	active_oddball	active-oddball-button-press-675ms	n/a	n/a	0.675	n/a	n/a
3498.236	0	1749118	distractor_noise	active_oddball	distractor	n/a	n/a	n/a	n/a	n/a
3499.252	0	1749626	standard_tone	active_oddball	standard	n/a	n/a	n/a	n/a	n/a
3500.352	0	1750176	standard_tone	active_oddball	standard	n/a	n/a	n/a	n/a	n/a
3501.384	0	1750692	standard_tone	active_oddball	standard	n/a	n/a	n/a	n/a	n/a
3502.398	0	1751199	standard_tone	active_oddball	standard	n/a	n/a	n/a	n/a	n/a
3503.548	0	1751774	standard_tone	active_oddball	standard	n/a	n/a	n/a	n/a	n/a
3504.648	0	1752324	oddball_tone	active_oddball	oddball	n/a	n/a	n/a	n/a	n/a
3505.464	0	1752732	clicker_press	active_oddball	response-received-arrow_up	n/a	n/a	n/a	n/a	arrow_up
3505.514	0	1752757	oddball_response	active_oddball	active-oddball-button-press-811ms	n/a	n/a	0.811	n/a	n/a
3505.680	0	1752840	standard_tone	active_oddball	standard	n/a	n/a	n/a	n/a	n/a
3506.730	0	1753365	standard_tone	active_oddball	standard	n/a	n/a	n/a	n/a	n/a
3507.796	0	1753898	standard_tone	active_oddball	standard	n/a	n/a	n/a	n/a	n/a
3508.844	0	1754422	distractor_noise	active_oddball	distractor	n/a	n/a	n/a	n/a	n/a
3509.894	0	1754947	standard_tone	active_oddball	standard	n/a	n/a	n/a	n/a	n/a
3510.910	0	1755455	standard_tone	active_oddball	standard	n/a	n/a	n/a	n/a	n/a
3511.976	0	1755988	oddball_tone	active_oddball	oddball	n/a	n/a	n/a	n/a	n/a
3512.842	0	1756421	clicker_press	active_oddball	response-received-arrow_up	n/a	n/a	n/a	n/a	arrow_up
3512.976	0	1756488	oddball_response	active_oddball	active-oddball-button-press-859ms	n/a	n/a	0.859	n/a	n/a
3512.976	0	1756488	standard_tone	active_oddball	standard	n/a	n/a	n/a	n/a	n/a
3513.990	0	1756995	standard_tone	active_oddball	standard	n/a	n/a	n/a	n/a	n/a
3515.006	0	1757503	standard_tone	active_oddball	standard	n/a	n/a	n/a	n/a	n/a
3516.022	0	1758011	standard_tone	active_oddball	standard	n/a	n/a	n/a	n/a	n/a
3517.054	0	1758527	standard_tone	active_oddball	standard	n/a	n/a	n/a	n/a	n/a
3518.104	0	1759052	standard_tone	active_oddball	standard	n/a	n/a	n/a	n/a	n/a
3519.170	0	1759585	standard_tone	active_oddball	standard	n/a	n/a	n/a	n/a	n/a
3520.186	0	1760093	distractor_noise	active_oddball	distractor	n/a	n/a	n/a	n/a	n/a
3521.234	0	1760617	standard_tone	active_oddball	standard	n/a	n/a	n/a	n/a	n/a
3522.250	0	1761125	standard_tone	active_oddball	standard	n/a	n/a	n/a	n/a	n/a
3523.332	0	1761666	standard_tone	active_oddball	standard	n/a	n/a	n/a	n/a	n/a
3524.366	0	1762183	standard_tone	active_oddball	standard	n/a	n/a	n/a	n/a	n/a
3525.464	0	1762732	distractor_noise	active_oddball	distractor	n/a	n/a	n/a	n/a	n/a
3526.546	0	1763273	standard_tone	active_oddball	standard	n/a	n/a	n/a	n/a	n/a
3527.578	0	1763789	distractor_noise	active_oddball	distractor	n/a	n/a	n/a	n/a	n/a
3528.594	0	1764297	standard_tone	active_oddball	standard	n/a	n/a	n/a	n/a	n/a
3529.628	0	1764814	standard_tone	active_oddball	standard	n/a	n/a	n/a	n/a	n/a
3530.644	0	1765322	standard_tone	active_oddball	standard	n/a	n/a	n/a	n/a	n/a
3531.676	0	1765838	standard_tone	active_oddball	standard	n/a	n/a	n/a	n/a	n/a
3532.742	0	1766371	standard_tone	active_oddball	standard	n/a	n/a	n/a	n/a	n/a
3533.808	0	1766904	standard_tone	active_oddball	standard	n/a	n/a	n/a	n/a	n/a
3534.840	0	1767420	standard_tone	active_oddball	standard	n/a	n/a	n/a	n/a	n/a
3535.856	0	1767928	standard_tone	active_oddball	standard	n/a	n/a	n/a	n/a	n/a
3536.872	0	1768436	standard_tone	active_oddball	standard	n/a	n/a	n/a	n/a	n/a
3537.988	0	1768994	standard_tone	active_oddball	standard	n/a	n/a	n/a	n/a	n/a
3539.036	0	1769518	standard_tone	active_oddball	standard	n/a	n/a	n/a	n/a	n/a
3540.086	0	1770043	standard_tone	active_oddball	standard	n/a	n/a	n/a	n/a	n/a
3541.118	0	1770559	distractor_noise	active_oddball	distractor	n/a	n/a	n/a	n/a	n/a
3542.152	0	1771076	standard_tone	active_oddball	standard	n/a	n/a	n/a	n/a	n/a
3543.250	0	1771625	standard_tone	active_oddball	standard	n/a	n/a	n/a	n/a	n/a
3544.266	0	1772133	standard_tone	active_oddball	standard	n/a	n/a	n/a	n/a	n/a
3545.280	0	1772640	standard_tone	active_oddball	standard	n/a	n/a	n/a	n/a	n/a
3546.330	0	1773165	standard_tone	active_oddball	standard	n/a	n/a	n/a	n/a	n/a
3547.362	0	1773681	standard_tone	active_oddball	standard	n/a	n/a	n/a	n/a	n/a
3548.396	0	1774198	standard_tone	active_oddball	standard	n/a	n/a	n/a	n/a	n/a
3549.444	0	1774722	standard_tone	active_oddball	standard	n/a	n/a	n/a	n/a	n/a
3550.460	0	1775230	standard_tone	active_oddball	standard	n/a	n/a	n/a	n/a	n/a
3551.476	0	1775738	standard_tone	active_oddball	standard	n/a	n/a	n/a	n/a	n/a
3552.542	0	1776271	standard_tone	active_oddball	standard	n/a	n/a	n/a	n/a	n/a
3553.558	0	1776779	distractor_noise	active_oddball	distractor	n/a	n/a	n/a	n/a	n/a
3554.572	0	1777286	standard_tone	active_oddball	standard	n/a	n/a	n/a	n/a	n/a
3555.606	0	1777803	standard_tone	active_oddball	standard	n/a	n/a	n/a	n/a	n/a
3556.654	0	1778327	distractor_noise	active_oddball	distractor	n/a	n/a	n/a	n/a	n/a
3557.704	0	1778852	standard_tone	active_oddball	standard	n/a	n/a	n/a	n/a	n/a
3558.720	0	1779360	standard_tone	active_oddball	standard	n/a	n/a	n/a	n/a	n/a
3559.736	0	1779868	standard_tone	active_oddball	standard	n/a	n/a	n/a	n/a	n/a
3560.750	0	1780375	standard_tone	active_oddball	standard	n/a	n/a	n/a	n/a	n/a
3561.768	0	1780884	standard_tone	active_oddball	standard	n/a	n/a	n/a	n/a	n/a
3562.832	0	1781416	distractor_noise	active_oddball	distractor	n/a	n/a	n/a	n/a	n/a
3563.848	0	1781924	active_oddball_end	active_oddball	active-oddball-end	n/a	n/a	n/a	n/a	n/a
3563.850	0	1781925	prompt_window_begin	active_oddball	probe-oddball-begin	n/a	n/a	n/a	n/a	n/a
3571.526	0	1785763	clicker_press	n/a	response-received-arrow_up	n/a	n/a	n/a	n/a	arrow_up
3572.892	0	1786446	depth_rating	active_oddball	rating-oddball-meditation_depth-1	1	n/a	n/a	n/a	n/a
3578.806	0	1789403	clicker_press	n/a	response-received-arrow_up	n/a	n/a	n/a	n/a	arrow_up
3579.302	0	1789651	clicker_press	n/a	response-received-arrow_up	n/a	n/a	n/a	n/a	arrow_up
3579.686	0	1789843	clicker_press	n/a	response-received-arrow_up	n/a	n/a	n/a	n/a	arrow_up
3580.118	0	1790059	clicker_press	n/a	response-received-arrow_up	n/a	n/a	n/a	n/a	arrow_up
3580.602	0	1790301	clicker_press	n/a	response-received-arrow_up	n/a	n/a	n/a	n/a	arrow_up
3582.950	0	1791475	confidence_rating	active_oddball	rating-oddball-confidence_depth-5	n/a	5	n/a	n/a	n/a
3584.082	0	1792041	prompt_window_end	active_oddball	probe-oddball-end	n/a	n/a	n/a	n/a	n/a
3708.698	0	1854349	clicker_press	n/a	response-received-arrow_up	n/a	n/a	n/a	n/a	arrow_up
3708.718	0	1854359	silent_emerge_begin	silent_emerge	block-nosapo-emerge-begin	n/a	n/a	n/a	n/a	n/a
3708.720	0	1854360	subblock_begin	silent_emerge	subblock-begin	n/a	n/a	n/a	n/a	n/a
3708.720	0	1854360	silence_begin	silent_emerge	silence-begin	n/a	n/a	n/a	n/a	n/a
3824.766	0	1912383	silence_end	silent_emerge	silence-end	n/a	n/a	n/a	n/a	n/a
3824.768	0	1912384	gong_begin	silent_emerge	gong-begin	n/a	n/a	n/a	n/a	n/a
3834.774	0	1917387	gong_end	silent_emerge	gong-end	n/a	n/a	n/a	n/a	n/a
3834.776	0	1917388	subblock_end	silent_emerge	subblock-end-duration-126.056	n/a	n/a	n/a	126.056	n/a
3834.776	0	1917388	subblock_begin	silent_emerge	subblock-begin	n/a	n/a	n/a	n/a	n/a
3834.776	0	1917388	silence_begin	silent_emerge	silence-begin	n/a	n/a	n/a	n/a	n/a
3943.936	0	1971968	silence_end	silent_emerge	silence-end	n/a	n/a	n/a	n/a	n/a
3943.936	0	1971968	gong_begin	silent_emerge	gong-begin	n/a	n/a	n/a	n/a	n/a
3949.214	0	1974607	clicker_press	silent_emerge	response-received-arrow_up	n/a	n/a	n/a	n/a	arrow_up
3949.232	0	1974616	gong_end	silent_emerge	gong-end	n/a	n/a	n/a	n/a	n/a
3949.232	0	1974616	report_window_begin	silent_emerge	emerge-nosapo-emerge-begin	n/a	n/a	n/a	n/a	n/a
3953.244	0	1976622	depth_rating	silent_emerge	rating-nosapo-emerge-meditation_depth-1	1	n/a	n/a	n/a	n/a
3956.474	0	1978237	clicker_press	silent_emerge	response-received-arrow_up	n/a	n/a	n/a	n/a	arrow_up
3956.592	0	1978296	clicker_press	silent_emerge	response-received-arrow_up	n/a	n/a	n/a	n/a	arrow_up
3957.140	0	1978570	clicker_press	silent_emerge	response-received-arrow_up	n/a	n/a	n/a	n/a	arrow_up
3957.774	0	1978887	clicker_press	silent_emerge	response-received-arrow_up	n/a	n/a	n/a	n/a	arrow_up
3958.306	0	1979153	clicker_press	silent_emerge	response-received-arrow_up	n/a	n/a	n/a	n/a	arrow_up
3958.890	0	1979445	clicker_press	silent_emerge	response-received-arrow_up	n/a	n/a	n/a	n/a	arrow_up
3963.368	0	1981684	confidence_rating	silent_emerge	rating-nosapo-emerge-confidence_depth-6	n/a	6	n/a	n/a	n/a
3966.898	0	1983449	report_window_end	silent_emerge	emerge-nosapo-emerge-end	n/a	n/a	n/a	n/a	n/a
3966.900	0	1983450	subblock_end	silent_emerge	subblock-end-duration-132.124	n/a	n/a	n/a	132.124	n/a
3966.900	0	1983450	subblock_begin	silent_emerge	subblock-begin	n/a	n/a	n/a	n/a	n/a
3966.900	0	1983450	silence_begin	silent_emerge	silence-begin	n/a	n/a	n/a	n/a	n/a
4076.940	0	2038470	silence_end	silent_emerge	silence-end	n/a	n/a	n/a	n/a	n/a
4076.958	0	2038479	gong_begin	silent_emerge	gong-begin	n/a	n/a	n/a	n/a	n/a
4086.982	0	2043491	gong_end	silent_emerge	gong-end	n/a	n/a	n/a	n/a	n/a
4086.984	0	2043492	subblock_end	silent_emerge	subblock-end-duration-120.083	n/a	n/a	n/a	120.083	n/a
4086.984	0	2043492	subblock_begin	silent_emerge	subblock-begin	n/a	n/a	n/a	n/a	n/a
4086.984	0	2043492	silence_begin	silent_emerge	silence-begin	n/a	n/a	n/a	n/a	n/a
4179.040	0	2089520	clicker_press	silent_emerge	response-received-arrow_up	n/a	n/a	n/a	n/a	arrow_up
4179.074	0	2089537	report_window_begin	silent_emerge	emerge-nosapo-emerge-begin	n/a	n/a	n/a	n/a	n/a
4179.972	0	2089986	clicker_press	silent_emerge	response-received-arrow_up	n/a	n/a	n/a	n/a	arrow_up
4183.222	0	2091611	depth_rating	silent_emerge	rating-nosapo-emerge-meditation_depth-2	2	n/a	n/a	n/a	n/a
4186.600	0	2093300	clicker_press	silent_emerge	response-received-arrow_up	n/a	n/a	n/a	n/a	arrow_up
4187.168	0	2093584	clicker_press	silent_emerge	response-received-arrow_up	n/a	n/a	n/a	n/a	arrow_up
4187.716	0	2093858	clicker_press	silent_emerge	response-received-arrow_up	n/a	n/a	n/a	n/a	arrow_up
4188.266	0	2094133	clicker_press	silent_emerge	response-received-arrow_up	n/a	n/a	n/a	n/a	arrow_up
4188.882	0	2094441	clicker_press	silent_emerge	response-received-arrow_up	n/a	n/a	n/a	n/a	arrow_up
4193.278	0	2096639	confidence_rating	silent_emerge	rating-nosapo-emerge-confidence_depth-5	n/a	5	n/a	n/a	n/a
4196.776	0	2098388	report_window_end	silent_emerge	emerge-nosapo-emerge-end	n/a	n/a	n/a	n/a	n/a
4196.776	0	2098388	subblock_begin	silent_emerge	subblock-begin	n/a	n/a	n/a	n/a	n/a
4196.776	0	2098388	silence_begin	silent_emerge	silence-begin	n/a	n/a	n/a	n/a	n/a
4246.984	0	2123492	clicker_press	silent_emerge	response-received-arrow_up	n/a	n/a	n/a	n/a	arrow_up
4247.000	0	2123500	report_window_begin	silent_emerge	emerge-nosapo-emerge-begin	n/a	n/a	n/a	n/a	n/a
4247.766	0	2123883	clicker_press	silent_emerge	response-received-arrow_up	n/a	n/a	n/a	n/a	arrow_up
4248.550	0	2124275	clicker_press	silent_emerge	response-received-arrow_up	n/a	n/a	n/a	n/a	arrow_up
4251.214	0	2125607	depth_rating	silent_emerge	rating-nosapo-emerge-meditation_depth-3	3	n/a	n/a	n/a	n/a
4253.928	0	2126964	clicker_press	silent_emerge	response-received-arrow_up	n/a	n/a	n/a	n/a	arrow_up
4254.544	0	2127272	clicker_press	silent_emerge	response-received-arrow_up	n/a	n/a	n/a	n/a	arrow_up
4255.060	0	2127530	clicker_press	silent_emerge	response-received-arrow_up	n/a	n/a	n/a	n/a	arrow_up
4255.610	0	2127805	clicker_press	silent_emerge	response-received-arrow_up	n/a	n/a	n/a	n/a	arrow_up
4256.260	0	2128130	clicker_press	silent_emerge	response-received-arrow_up	n/a	n/a	n/a	n/a	arrow_up
4261.472	0	2130736	confidence_rating	silent_emerge	rating-nosapo-emerge-confidence_depth-5	n/a	5	n/a	n/a	n/a
4264.970	0	2132485	report_window_end	silent_emerge	emerge-nosapo-emerge-end	n/a	n/a	n/a	n/a	n/a
4264.970	0	2132485	subblock_begin	silent_emerge	subblock-begin	n/a	n/a	n/a	n/a	n/a
4264.970	0	2132485	silence_begin	silent_emerge	silence-begin	n/a	n/a	n/a	n/a	n/a
4376.294	0	2188147	silence_end	silent_emerge	silence-end	n/a	n/a	n/a	n/a	n/a
4376.294	0	2188147	gong_begin	silent_emerge	gong-begin	n/a	n/a	n/a	n/a	n/a
4386.352	0	2193176	gong_end	silent_emerge	gong-end	n/a	n/a	n/a	n/a	n/a
4386.352	0	2193176	subblock_end	silent_emerge	subblock-end-duration-121.383	n/a	n/a	n/a	121.383	n/a
4386.352	0	2193176	subblock_begin	silent_emerge	subblock-begin	n/a	n/a	n/a	n/a	n/a
4386.354	0	2193177	silence_begin	silent_emerge	silence-begin	n/a	n/a	n/a	n/a	n/a
4500.140	0	2250070	silence_end	silent_emerge	silence-end	n/a	n/a	n/a	n/a	n/a
4500.142	0	2250071	gong_begin	silent_emerge	gong-begin	n/a	n/a	n/a	n/a	n/a
4510.150	0	2255075	gong_end	silent_emerge	gong-end	n/a	n/a	n/a	n/a	n/a
4510.150	0	2255075	subblock_end	silent_emerge	subblock-end-duration-123.797	n/a	n/a	n/a	123.797	n/a
4510.152	0	2255076	subblock_begin	silent_emerge	subblock-begin	n/a	n/a	n/a	n/a	n/a
4510.152	0	2255076	silence_begin	silent_emerge	silence-begin	n/a	n/a	n/a	n/a	n/a
4547.920	0	2273960	clicker_press	silent_emerge	response-received-arrow_up	n/a	n/a	n/a	n/a	arrow_up
4547.970	0	2273985	report_window_begin	silent_emerge	emerge-nosapo-emerge-begin	n/a	n/a	n/a	n/a	n/a
4548.766	0	2274383	clicker_press	silent_emerge	response-received-arrow_up	n/a	n/a	n/a	n/a	arrow_up
4549.634	0	2274817	clicker_press	silent_emerge	response-received-arrow_up	n/a	n/a	n/a	n/a	arrow_up
4552.064	0	2276032	depth_rating	silent_emerge	rating-nosapo-emerge-meditation_depth-3	3	n/a	n/a	n/a	n/a
4554.146	0	2277073	clicker_press	silent_emerge	response-received-arrow_up	n/a	n/a	n/a	n/a	arrow_up
4554.946	0	2277473	clicker_press	silent_emerge	response-received-arrow_up	n/a	n/a	n/a	n/a	arrow_up
4555.712	0	2277856	clicker_press	silent_emerge	response-received-arrow_up	n/a	n/a	n/a	n/a	arrow_up
4556.462	0	2278231	clicker_press	silent_emerge	response-received-arrow_up	n/a	n/a	n/a	n/a	arrow_up
4557.560	0	2278780	clicker_press	silent_emerge	response-received-arrow_up	n/a	n/a	n/a	n/a	arrow_up
4562.172	0	2281086	confidence_rating	silent_emerge	rating-nosapo-emerge-confidence_depth-5	n/a	5	n/a	n/a	n/a
4565.620	0	2282810	report_window_end	silent_emerge	emerge-nosapo-emerge-end	n/a	n/a	n/a	n/a	n/a
4565.622	0	2282811	subblock_begin	silent_emerge	subblock-begin	n/a	n/a	n/a	n/a	n/a
4565.622	0	2282811	silence_begin	silent_emerge	silence-begin	n/a	n/a	n/a	n/a	n/a
4676.062	0	2338031	clicker_press	silent_emerge	response-received-arrow_up	n/a	n/a	n/a	n/a	arrow_up
4676.128	0	2338064	report_window_begin	silent_emerge	emerge-nosapo-emerge-begin	n/a	n/a	n/a	n/a	n/a
4676.544	0	2338272	clicker_press	silent_emerge	response-received-arrow_up	n/a	n/a	n/a	n/a	arrow_up
4677.312	0	2338656	clicker_press	silent_emerge	response-received-arrow_up	n/a	n/a	n/a	n/a	arrow_up
4680.226	0	2340113	depth_rating	silent_emerge	rating-nosapo-emerge-meditation_depth-3	3	n/a	n/a	n/a	n/a
4682.190	0	2341095	clicker_press	silent_emerge	response-received-arrow_up	n/a	n/a	n/a	n/a	arrow_up
4682.658	0	2341329	clicker_press	silent_emerge	response-received-arrow_up	n/a	n/a	n/a	n/a	arrow_up
4683.156	0	2341578	clicker_press	silent_emerge	response-received-arrow_up	n/a	n/a	n/a	n/a	arrow_up
4683.656	0	2341828	clicker_press	silent_emerge	response-received-arrow_up	n/a	n/a	n/a	n/a	arrow_up
4684.322	0	2342161	clicker_press	silent_emerge	response-received-arrow_up	n/a	n/a	n/a	n/a	arrow_up
4690.266	0	2345133	confidence_rating	silent_emerge	rating-nosapo-emerge-confidence_depth-5	n/a	5	n/a	n/a	n/a
4693.698	0	2346849	report_window_end	silent_emerge	emerge-nosapo-emerge-end	n/a	n/a	n/a	n/a	n/a
4693.698	0	2346849	subblock_begin	silent_emerge	subblock-begin	n/a	n/a	n/a	n/a	n/a
4693.698	0	2346849	silence_begin	silent_emerge	silence-begin	n/a	n/a	n/a	n/a	n/a
4782.442	0	2391221	clicker_press	silent_emerge	response-received-arrow_up	n/a	n/a	n/a	n/a	arrow_up
4782.524	0	2391262	report_window_begin	silent_emerge	emerge-nosapo-emerge-begin	n/a	n/a	n/a	n/a	n/a
4782.940	0	2391470	clicker_press	silent_emerge	response-received-arrow_up	n/a	n/a	n/a	n/a	arrow_up
4783.806	0	2391903	clicker_press	silent_emerge	response-received-arrow_up	n/a	n/a	n/a	n/a	arrow_up
4786.604	0	2393302	depth_rating	silent_emerge	rating-nosapo-emerge-meditation_depth-3	3	n/a	n/a	n/a	n/a
4789.186	0	2394593	clicker_press	silent_emerge	response-received-arrow_up	n/a	n/a	n/a	n/a	arrow_up
4789.718	0	2394859	clicker_press	silent_emerge	response-received-arrow_up	n/a	n/a	n/a	n/a	arrow_up
4790.118	0	2395059	clicker_press	silent_emerge	response-received-arrow_up	n/a	n/a	n/a	n/a	arrow_up
4790.568	0	2395284	clicker_press	silent_emerge	response-received-arrow_up	n/a	n/a	n/a	n/a	arrow_up
4791.084	0	2395542	clicker_press	silent_emerge	response-received-arrow_up	n/a	n/a	n/a	n/a	arrow_up
4796.746	0	2398373	confidence_rating	silent_emerge	rating-nosapo-emerge-confidence_depth-5	n/a	5	n/a	n/a	n/a
4800.210	0	2400105	report_window_end	silent_emerge	emerge-nosapo-emerge-end	n/a	n/a	n/a	n/a	n/a
4800.210	0	2400105	subblock_begin	silent_emerge	subblock-begin	n/a	n/a	n/a	n/a	n/a
4800.210	0	2400105	silence_begin	silent_emerge	silence-begin	n/a	n/a	n/a	n/a	n/a
4890.302	0	2445151	clicker_press	silent_emerge	response-received-arrow_up	n/a	n/a	n/a	n/a	arrow_up
4890.318	0	2445159	report_window_begin	silent_emerge	emerge-nosapo-emerge-begin	n/a	n/a	n/a	n/a	n/a
4890.784	0	2445392	clicker_press	silent_emerge	response-received-arrow_up	n/a	n/a	n/a	n/a	arrow_up
4891.268	0	2445634	clicker_press	silent_emerge	response-received-arrow_up	n/a	n/a	n/a	n/a	arrow_up
4894.366	0	2447183	depth_rating	silent_emerge	rating-nosapo-emerge-meditation_depth-3	3	n/a	n/a	n/a	n/a
4896.498	0	2448249	clicker_press	silent_emerge	response-received-arrow_up	n/a	n/a	n/a	n/a	arrow_up
4897.012	0	2448506	clicker_press	silent_emerge	response-received-arrow_up	n/a	n/a	n/a	n/a	arrow_up
4897.480	0	2448740	clicker_press	silent_emerge	response-received-arrow_up	n/a	n/a	n/a	n/a	arrow_up
4897.946	0	2448973	clicker_press	silent_emerge	response-received-arrow_up	n/a	n/a	n/a	n/a	arrow_up
4898.594	0	2449297	clicker_press	silent_emerge	response-received-arrow_up	n/a	n/a	n/a	n/a	arrow_up
4904.424	0	2452212	confidence_rating	silent_emerge	rating-nosapo-emerge-confidence_depth-5	n/a	5	n/a	n/a	n/a
4907.870	0	2453935	report_window_end	silent_emerge	emerge-nosapo-emerge-end	n/a	n/a	n/a	n/a	n/a
4907.872	0	2453936	subblock_begin	silent_emerge	subblock-begin	n/a	n/a	n/a	n/a	n/a
4907.872	0	2453936	silence_begin	silent_emerge	silence-begin	n/a	n/a	n/a	n/a	n/a
5010.102	0	2505051	silence_end	silent_emerge	silence-end	n/a	n/a	n/a	n/a	n/a
5010.104	0	2505052	gong_begin	silent_emerge	gong-begin	n/a	n/a	n/a	n/a	n/a
5020.112	0	2510056	gong_end	silent_emerge	gong-end	n/a	n/a	n/a	n/a	n/a
5020.112	0	2510056	subblock_end	silent_emerge	subblock-end-duration-112.24	n/a	n/a	n/a	112.240	n/a
5020.112	0	2510056	subblock_begin	silent_emerge	subblock-begin	n/a	n/a	n/a	n/a	n/a
5020.114	0	2510057	silence_begin	silent_emerge	silence-begin	n/a	n/a	n/a	n/a	n/a
5059.878	0	2529939	clicker_press	silent_emerge	response-received-arrow_up	n/a	n/a	n/a	n/a	arrow_up
5059.910	0	2529955	report_window_begin	silent_emerge	emerge-nosapo-emerge-begin	n/a	n/a	n/a	n/a	n/a
5061.044	0	2530522	clicker_press	silent_emerge	response-received-arrow_up	n/a	n/a	n/a	n/a	arrow_up
5063.976	0	2531988	depth_rating	silent_emerge	rating-nosapo-emerge-meditation_depth-2	2	n/a	n/a	n/a	n/a
5066.322	0	2533161	clicker_press	silent_emerge	response-received-arrow_up	n/a	n/a	n/a	n/a	arrow_up
5066.856	0	2533428	clicker_press	silent_emerge	response-received-arrow_up	n/a	n/a	n/a	n/a	arrow_up
5067.372	0	2533686	clicker_press	silent_emerge	response-received-arrow_up	n/a	n/a	n/a	n/a	arrow_up
5067.954	0	2533977	clicker_press	silent_emerge	response-received-arrow_up	n/a	n/a	n/a	n/a	arrow_up
5068.638	0	2534319	clicker_press	silent_emerge	response-received-arrow_up	n/a	n/a	n/a	n/a	arrow_up
5074.034	0	2537017	confidence_rating	silent_emerge	rating-nosapo-emerge-confidence_depth-5	n/a	5	n/a	n/a	n/a
5077.730	0	2538865	report_window_end	silent_emerge	emerge-nosapo-emerge-end	n/a	n/a	n/a	n/a	n/a
5077.730	0	2538865	subblock_begin	silent_emerge	subblock-begin	n/a	n/a	n/a	n/a	n/a
5077.732	0	2538866	silence_begin	silent_emerge	silence-begin	n/a	n/a	n/a	n/a	n/a
5127.854	0	2563927	clicker_press	silent_emerge	response-received-arrow_up	n/a	n/a	n/a	n/a	arrow_up
5127.872	0	2563936	report_window_begin	silent_emerge	emerge-nosapo-emerge-begin	n/a	n/a	n/a	n/a	n/a
5128.422	0	2564211	clicker_press	silent_emerge	response-received-arrow_up	n/a	n/a	n/a	n/a	arrow_up
5129.038	0	2564519	clicker_press	silent_emerge	response-received-arrow_up	n/a	n/a	n/a	n/a	arrow_up
5131.884	0	2565942	depth_rating	silent_emerge	rating-nosapo-emerge-meditation_depth-3	3	n/a	n/a	n/a	n/a
5134.350	0	2567175	clicker_press	silent_emerge	response-received-arrow_up	n/a	n/a	n/a	n/a	arrow_up
5135.100	0	2567550	clicker_press	silent_emerge	response-received-arrow_up	n/a	n/a	n/a	n/a	arrow_up
5135.766	0	2567883	clicker_press	silent_emerge	response-received-arrow_up	n/a	n/a	n/a	n/a	arrow_up
5136.382	0	2568191	clicker_press	silent_emerge	response-received-arrow_up	n/a	n/a	n/a	n/a	arrow_up
5137.130	0	2568565	clicker_press	silent_emerge	response-received-arrow_up	n/a	n/a	n/a	n/a	arrow_up
5142.026	0	2571013	confidence_rating	silent_emerge	rating-nosapo-emerge-confidence_depth-5	n/a	5	n/a	n/a	n/a
5145.674	0	2572837	report_window_end	silent_emerge	emerge-nosapo-emerge-end	n/a	n/a	n/a	n/a	n/a
5145.674	0	2572837	subblock_begin	silent_emerge	subblock-begin	n/a	n/a	n/a	n/a	n/a
5145.674	0	2572837	silence_begin	silent_emerge	silence-begin	n/a	n/a	n/a	n/a	n/a
5254.532	0	2627266	silence_end	silent_emerge	silence-end	n/a	n/a	n/a	n/a	n/a
5254.534	0	2627267	gong_begin	silent_emerge	gong-begin	n/a	n/a	n/a	n/a	n/a
5264.542	0	2632271	gong_end	silent_emerge	gong-end	n/a	n/a	n/a	n/a	n/a
5264.542	0	2632271	subblock_end	silent_emerge	subblock-end-duration-118.867	n/a	n/a	n/a	118.867	n/a
5264.542	0	2632271	subblock_begin	silent_emerge	subblock-begin	n/a	n/a	n/a	n/a	n/a
5264.542	0	2632271	silence_begin	silent_emerge	silence-begin	n/a	n/a	n/a	n/a	n/a
5310.488	0	2655244	clicker_press	silent_emerge	response-received-arrow_up	n/a	n/a	n/a	n/a	arrow_up
5310.520	0	2655260	report_window_begin	silent_emerge	emerge-nosapo-emerge-begin	n/a	n/a	n/a	n/a	n/a
5314.534	0	2657267	depth_rating	silent_emerge	rating-nosapo-emerge-meditation_depth-1	1	n/a	n/a	n/a	n/a
5317.732	0	2658866	clicker_press	silent_emerge	response-received-arrow_up	n/a	n/a	n/a	n/a	arrow_up
5318.132	0	2659066	clicker_press	silent_emerge	response-received-arrow_up	n/a	n/a	n/a	n/a	arrow_up
5318.580	0	2659290	clicker_press	silent_emerge	response-received-arrow_up	n/a	n/a	n/a	n/a	arrow_up
5318.998	0	2659499	clicker_press	silent_emerge	response-received-arrow_up	n/a	n/a	n/a	n/a	arrow_up
5319.530	0	2659765	clicker_press	silent_emerge	response-received-arrow_up	n/a	n/a	n/a	n/a	arrow_up
5324.658	0	2662329	confidence_rating	silent_emerge	rating-nosapo-emerge-confidence_depth-5	n/a	5	n/a	n/a	n/a
5328.122	0	2664061	report_window_end	silent_emerge	emerge-nosapo-emerge-end	n/a	n/a	n/a	n/a	n/a
5328.124	0	2664062	subblock_begin	silent_emerge	subblock-begin	n/a	n/a	n/a	n/a	n/a
5328.124	0	2664062	silence_begin	silent_emerge	silence-begin	n/a	n/a	n/a	n/a	n/a
5444.526	0	2722263	silence_end	silent_emerge	silence-end	n/a	n/a	n/a	n/a	n/a
5444.528	0	2722264	gong_begin	silent_emerge	gong-begin	n/a	n/a	n/a	n/a	n/a
5454.534	0	2727267	gong_end	silent_emerge	gong-end	n/a	n/a	n/a	n/a	n/a
5454.536	0	2727268	subblock_end	silent_emerge	subblock-end-duration-126.412	n/a	n/a	n/a	126.412	n/a
5454.536	0	2727268	subblock_begin	silent_emerge	subblock-begin	n/a	n/a	n/a	n/a	n/a
5454.536	0	2727268	silence_begin	silent_emerge	silence-begin	n/a	n/a	n/a	n/a	n/a
5498.482	0	2749241	clicker_press	silent_emerge	response-received-arrow_up	n/a	n/a	n/a	n/a	arrow_up
5498.498	0	2749249	report_window_begin	silent_emerge	emerge-nosapo-emerge-begin	n/a	n/a	n/a	n/a	n/a
5502.528	0	2751264	depth_rating	silent_emerge	rating-nosapo-emerge-meditation_depth-1	1	n/a	n/a	n/a	n/a
5504.628	0	2752314	clicker_press	silent_emerge	response-received-arrow_up	n/a	n/a	n/a	n/a	arrow_up
5505.176	0	2752588	clicker_press	silent_emerge	response-received-arrow_up	n/a	n/a	n/a	n/a	arrow_up
5505.676	0	2752838	clicker_press	silent_emerge	response-received-arrow_up	n/a	n/a	n/a	n/a	arrow_up
5506.176	0	2753088	clicker_press	silent_emerge	response-received-arrow_up	n/a	n/a	n/a	n/a	arrow_up
5506.792	0	2753396	clicker_press	silent_emerge	response-received-arrow_up	n/a	n/a	n/a	n/a	arrow_up
5512.654	0	2756327	confidence_rating	silent_emerge	rating-nosapo-emerge-confidence_depth-5	n/a	5	n/a	n/a	n/a
5516.118	0	2758059	report_window_end	silent_emerge	emerge-nosapo-emerge-end	n/a	n/a	n/a	n/a	n/a
5516.118	0	2758059	subblock_begin	silent_emerge	subblock-begin	n/a	n/a	n/a	n/a	n/a
5516.118	0	2758059	silence_begin	silent_emerge	silence-begin	n/a	n/a	n/a	n/a	n/a
5626.942	0	2813471	silence_end	silent_emerge	silence-end	n/a	n/a	n/a	n/a	n/a
5626.974	0	2813487	gong_begin	silent_emerge	gong-begin	n/a	n/a	n/a	n/a	n/a
5636.984	0	2818492	gong_end	silent_emerge	gong-end	n/a	n/a	n/a	n/a	n/a
5636.984	0	2818492	subblock_end	silent_emerge	subblock-end-duration-120.866	n/a	n/a	n/a	120.866	n/a
5636.984	0	2818492	subblock_begin	silent_emerge	subblock-begin	n/a	n/a	n/a	n/a	n/a
5636.984	0	2818492	silence_begin	silent_emerge	silence-begin	n/a	n/a	n/a	n/a	n/a
5747.294	0	2873647	silence_end	silent_emerge	silence-end	n/a	n/a	n/a	n/a	n/a
5747.294	0	2873647	gong_begin	silent_emerge	gong-begin	n/a	n/a	n/a	n/a	n/a
5757.334	0	2878667	gong_end	silent_emerge	gong-end	n/a	n/a	n/a	n/a	n/a
5757.334	0	2878667	subblock_end	silent_emerge	subblock-end-duration-120.35	n/a	n/a	n/a	120.350	n/a
5757.334	0	2878667	subblock_begin	silent_emerge	subblock-begin	n/a	n/a	n/a	n/a	n/a
5757.336	0	2878668	silence_begin	silent_emerge	silence-begin	n/a	n/a	n/a	n/a	n/a
5767.860	0	2883930	clicker_press	silent_emerge	response-received-arrow_up	n/a	n/a	n/a	n/a	arrow_up
5767.876	0	2883938	report_window_begin	silent_emerge	emerge-nosapo-emerge-begin	n/a	n/a	n/a	n/a	n/a
5771.956	0	2885978	depth_rating	silent_emerge	rating-nosapo-emerge-meditation_depth-1	1	n/a	n/a	n/a	n/a
5774.204	0	2887102	clicker_press	silent_emerge	response-received-arrow_up	n/a	n/a	n/a	n/a	arrow_up
5774.636	0	2887318	clicker_press	silent_emerge	response-received-arrow_up	n/a	n/a	n/a	n/a	arrow_up
5775.170	0	2887585	clicker_press	silent_emerge	response-received-arrow_up	n/a	n/a	n/a	n/a	arrow_up
5775.618	0	2887809	clicker_press	silent_emerge	response-received-arrow_up	n/a	n/a	n/a	n/a	arrow_up
5776.084	0	2888042	clicker_press	silent_emerge	response-received-arrow_up	n/a	n/a	n/a	n/a	arrow_up
5782.164	0	2891082	confidence_rating	silent_emerge	rating-nosapo-emerge-confidence_depth-5	n/a	5	n/a	n/a	n/a
5785.694	0	2892847	report_window_end	silent_emerge	emerge-nosapo-emerge-end	n/a	n/a	n/a	n/a	n/a
5785.694	0	2892847	subblock_begin	silent_emerge	subblock-begin	n/a	n/a	n/a	n/a	n/a
5785.694	0	2892847	silence_begin	silent_emerge	silence-begin	n/a	n/a	n/a	n/a	n/a
5808.808	0	2904404	silent_emerge_end	silent_emerge	block-nosapo-emerge-end	n/a	n/a	n/a	n/a	n/a
5808.808	0	2904404	block_duration	silent_emerge	block-nosapo-emerge-duration-2100	n/a	n/a	n/a	2100.000	n/a
5808.810	0	2904405	break_begin	break	break-begin	n/a	n/a	n/a	n/a	n/a
5934.270	0	2967135	clicker_press	break	response-received-enter	n/a	n/a	n/a	n/a	enter
5934.286	0	2967143	break_end	break	break-end	n/a	n/a	n/a	n/a	n/a
5986.844	0	2993422	clicker_press	n/a	response-received-arrow_up	n/a	n/a	n/a	n/a	arrow_up
5986.894	0	2993447	post_meditation_begin	post_meditation	post-meditation-begin	n/a	n/a	n/a	n/a	n/a
6286.912	0	3143456	post_meditation_end	post_meditation	post-meditation-end	n/a	n/a	n/a	n/a	n/a
6286.914	0	3143457	prompt_window_begin	post_meditation	probe-post-meditation-begin	n/a	n/a	n/a	n/a	n/a
6295.806	0	3147903	clicker_press	n/a	response-received-arrow_up	n/a	n/a	n/a	n/a	arrow_up
6295.938	0	3147969	depth_rating	post_meditation	rating-post-meditation-meditation_depth-1	1	n/a	n/a	n/a	n/a
6297.304	0	3148652	clicker_press	n/a	response-received-arrow_up	n/a	n/a	n/a	n/a	arrow_up
6298.552	0	3149276	clicker_press	n/a	response-received-arrow_up	n/a	n/a	n/a	n/a	arrow_up
6299.052	0	3149526	clicker_press	n/a	response-received-arrow_up	n/a	n/a	n/a	n/a	arrow_up
6299.584	0	3149792	clicker_press	n/a	response-received-arrow_up	n/a	n/a	n/a	n/a	arrow_up
6300.102	0	3150051	clicker_press	n/a	response-received-arrow_up	n/a	n/a	n/a	n/a	arrow_up
6300.850	0	3150425	clicker_press	n/a	response-received-arrow_up	n/a	n/a	n/a	n/a	arrow_up
6306.146	0	3153073	confidence_rating	post_meditation	rating-post-meditation-confidence_depth-6	n/a	6	n/a	n/a	n/a
6307.212	0	3153606	prompt_window_end	post_meditation	probe-post-meditation-end	n/a	n/a	n/a	n/a	n/a
6316.604	0	3158302	task_end	n/a	task-end	n/a	n/a	n/a	n/a	n/a
