onset	duration	sample	trial_type	block	value	depth	confidence	response_time	logged_duration	key
0.000	0	0	clicker_press	n/a	response-received-arrow_up	n/a	n/a	n/a	n/a	arrow_up
12.406	0	6203	clicker_press	n/a	response-received-arrow_up	n/a	n/a	n/a	n/a	arrow_up
29.208	0	14604	clicker_press	n/a	response-received-arrow_up	n/a	n/a	n/a	n/a	arrow_up
41.880	0	20940	clicker_press	n/a	response-received-arrow_up	n/a	n/a	n/a	n/a	arrow_up
65.894	0	32947	clicker_press	n/a	response-received-arrow_up	n/a	n/a	n/a	n/a	arrow_up
83.278	0	41639	clicker_press	n/a	response-received-arrow_up	n/a	n/a	n/a	n/a	arrow_up
103.332	0	51666	clicker_press	n/a	response-received-arrow_up	n/a	n/a	n/a	n/a	arrow_up
133.472	0	66736	clicker_press	n/a	response-received-arrow_up	n/a	n/a	n/a	n/a	arrow_up
133.488	0	66744	task_begin	n/a	task-begin	n/a	n/a	n/a	n/a	n/a
207.260	0	103630	clicker_press	n/a	response-received-arrow_up	n/a	n/a	n/a	n/a	arrow_up
207.278	0	103639	baseline_begin	baseline	baseline-begin	n/a	n/a	n/a	n/a	n/a
507.344	0	253672	baseline_end	baseline	baseline-end	n/a	n/a	n/a	n/a	n/a
584.798	0	292399	clicker_press	n/a	response-received-arrow_up	n/a	n/a	n/a	n/a	arrow_up
584.814	0	292407	pre_meditation_begin	pre_meditation	pre-meditation-begin	n/a	n/a	n/a	n/a	n/a
884.866	0	442433	pre_meditation_end	pre_meditation	pre-meditation-end	n/a	n/a	n/a	n/a	n/a
884.866	0	442433	prompt_window_begin	pre_meditation	probe-pre-meditation-begin	n/a	n/a	n/a	n/a	n/a
891.294	0	445647	clicker_press	n/a	response-received-arrow_up	n/a	n/a	n/a	n/a	arrow_up
892.092	0	446046	clicker_press	n/a	response-received-arrow_up	n/a	n/a	n/a	n/a	arrow_up
893.158	0	446579	clicker_press	n/a	response-received-arrow_up	n/a	n/a	n/a	n/a	arrow_up
893.908	0	446954	depth_rating	pre_meditation	rating-pre-meditation-meditation_depth-3	3	n/a	n/a	n/a	n/a
900.320	0	450160	clicker_press	n/a	response-received-arrow_up	n/a	n/a	n/a	n/a	arrow_up
900.986	0	450493	clicker_press	n/a	response-received-arrow_up	n/a	n/a	n/a	n/a	arrow_up
901.502	0	450751	clicker_press	n/a	response-received-arrow_up	n/a	n/a	n/a	n/a	arrow_up
901.984	0	450992	clicker_press	n/a	response-received-arrow_up	n/a	n/a	n/a	n/a	arrow_up
902.402	0	451201	clicker_press	n/a	response-received-arrow_up	n/a	n/a	n/a	n/a	arrow_up
904.016	0	452008	confidence_rating	pre_meditation	rating-pre-meditation-confidence_depth-5	n/a	5	n/a	n/a	n/a
905.032	0	452516	prompt_window_end	pre_meditation	probe-pre-meditation-end	n/a	n/a	n/a	n/a	n/a
1000.154	0	500077	clicker_press	n/a	response-received-arrow_up	n/a	n/a	n/a	n/a	arrow_up
1000.194	0	500097	sapo_emerge_begin	sapo_emerge	block-sapo-emerge-begin	n/a	n/a	n/a	n/a	n/a
1000.206	0	500103	subblock_begin	sapo_emerge	subblock-begin	n/a	n/a	n/a	n/a	n/a
1000.208	0	500104	silence_begin	sapo_emerge	silence-begin	n/a	n/a	n/a	n/a	n/a
1000.208	0	500104	standard_tone	sapo_emerge	standard	n/a	n/a	n/a	n/a	n/a
1001.218	0	500609	standard_tone	sapo_emerge	standard	n/a	n/a	n/a	n/a	n/a
1002.234	0	501117	standard_tone	sapo_emerge	standard	n/a	n/a	n/a	n/a	n/a
1003.250	0	501625	oddball_tone	sapo_emerge	oddball	n/a	n/a	n/a	n/a	n/a
1004.268	0	502134	standard_tone	sapo_emerge	standard	n/a	n/a	n/a	n/a	n/a
1005.282	0	502641	standard_tone	sapo_emerge	standard	n/a	n/a	n/a	n/a	n/a
1006.298	0	503149	standard_tone	sapo_emerge	standard	n/a	n/a	n/a	n/a	n/a
1007.298	0	503649	standard_tone	sapo_emerge	standard	n/a	n/a	n/a	n/a	n/a
1008.312	0	504156	standard_tone	sapo_emerge	standard	n/a	n/a	n/a	n/a	n/a
1009.328	0	504664	standard_tone	sapo_emerge	standard	n/a	n/a	n/a	n/a	n/a
1010.344	0	505172	distractor_noise	sapo_emerge	distractor	n/a	n/a	n/a	n/a	n/a
1011.360	0	505680	standard_tone	sapo_emerge	standard	n/a	n/a	n/a	n/a	n/a
1012.376	0	506188	standard_tone	sapo_emerge	standard	n/a	n/a	n/a	n/a	n/a
1013.392	0	506696	standard_tone	sapo_emerge	standard	n/a	n/a	n/a	n/a	n/a
1014.408	0	507204	standard_tone	sapo_emerge	standard	n/a	n/a	n/a	n/a	n/a
1015.424	0	507712	standard_tone	sapo_emerge	standard	n/a	n/a	n/a	n/a	n/a
1016.440	0	508220	oddball_tone	sapo_emerge	oddball	n/a	n/a	n/a	n/a	n/a
1017.456	0	508728	standard_tone	sapo_emerge	standard	n/a	n/a	n/a	n/a	n/a
1018.472	0	509236	standard_tone	sapo_emerge	standard	n/a	n/a	n/a	n/a	n/a
1019.486	0	509743	standard_tone	sapo_emerge	standard	n/a	n/a	n/a	n/a	n/a
1020.502	0	510251	standard_tone	sapo_emerge	standard	n/a	n/a	n/a	n/a	n/a
1021.518	0	510759	standard_tone	sapo_emerge	standard	n/a	n/a	n/a	n/a	n/a
1022.536	0	511268	oddball_tone	sapo_emerge	oddball	n/a	n/a	n/a	n/a	n/a
1023.550	0	511775	standard_tone	sapo_emerge	standard	n/a	n/a	n/a	n/a	n/a
1024.566	0	512283	standard_tone	sapo_emerge	standard	n/a	n/a	n/a	n/a	n/a
1025.566	0	512783	standard_tone	sapo_emerge	standard	n/a	n/a	n/a	n/a	n/a
1026.580	0	513290	standard_tone	sapo_emerge	standard	n/a	n/a	n/a	n/a	n/a
1027.596	0	513798	standard_tone	sapo_emerge	standard	n/a	n/a	n/a	n/a	n/a
1028.612	0	514306	standard_tone	sapo_emerge	standard	n/a	n/a	n/a	n/a	n/a
1029.628	0	514814	standard_tone	sapo_emerge	standard	n/a	n/a	n/a	n/a	n/a
1030.644	0	515322	standard_tone	sapo_emerge	standard	n/a	n/a	n/a	n/a	n/a
1031.660	0	515830	standard_tone	sapo_emerge	standard	n/a	n/a	n/a	n/a	n/a
1032.676	0	516338	standard_tone	sapo_emerge	standard	n/a	n/a	n/a	n/a	n/a
1033.692	0	516846	distractor_noise	sapo_emerge	distractor	n/a	n/a	n/a	n/a	n/a
1034.708	0	517354	standard_tone	sapo_emerge	standard	n/a	n/a	n/a	n/a	n/a
1035.724	0	517862	standard_tone	sapo_emerge	standard	n/a	n/a	n/a	n/a	n/a
1036.740	0	518370	standard_tone	sapo_emerge	standard	n/a	n/a	n/a	n/a	n/a
1037.756	0	518878	distractor_noise	sapo_emerge	distractor	n/a	n/a	n/a	n/a	n/a
1038.772	0	519386	oddball_tone	sapo_emerge	oddball	n/a	n/a	n/a	n/a	n/a
1039.788	0	519894	standard_tone	sapo_emerge	standard	n/a	n/a	n/a	n/a	n/a
1040.802	0	520401	standard_tone	sapo_emerge	standard	n/a	n/a	n/a	n/a	n/a
1041.818	0	520909	standard_tone	sapo_emerge	standard	n/a	n/a	n/a	n/a	n/a
1042.834	0	521417	standard_tone	sapo_emerge	standard	n/a	n/a	n/a	n/a	n/a
1043.834	0	521917	standard_tone	sapo_emerge	standard	n/a	n/a	n/a	n/a	n/a
1044.850	0	522425	standard_tone	sapo_emerge	standard	n/a	n/a	n/a	n/a	n/a
1045.866	0	522933	standard_tone	sapo_emerge	standard	n/a	n/a	n/a	n/a	n/a
1046.880	0	523440	oddball_tone	sapo_emerge	oddball	n/a	n/a	n/a	n/a	n/a
1047.896	0	523948	standard_tone	sapo_emerge	standard	n/a	n/a	n/a	n/a	n/a
1048.896	0	524448	standard_tone	sapo_emerge	standard	n/a	n/a	n/a	n/a	n/a
1049.912	0	524956	standard_tone	sapo_emerge	standard	n/a	n/a	n/a	n/a	n/a
1050.928	0	525464	oddball_tone	sapo_emerge	oddball	n/a	n/a	n/a	n/a	n/a
1051.944	0	525972	standard_tone	sapo_emerge	standard	n/a	n/a	n/a	n/a	n/a
1052.942	0	526471	standard_tone	sapo_emerge	standard	n/a	n/a	n/a	n/a	n/a
1053.958	0	526979	standard_tone	sapo_emerge	standard	n/a	n/a	n/a	n/a	n/a
1054.974	0	527487	standard_tone	sapo_emerge	standard	n/a	n/a	n/a	n/a	n/a
1055.974	0	527987	standard_tone	sapo_emerge	standard	n/a	n/a	n/a	n/a	n/a
1056.990	0	528495	standard_tone	sapo_emerge	standard	n/a	n/a	n/a	n/a	n/a
1058.004	0	529002	standard_tone	sapo_emerge	standard	n/a	n/a	n/a	n/a	n/a
1059.022	0	529511	standard_tone	sapo_emerge	standard	n/a	n/a	n/a	n/a	n/a
1060.036	0	530018	standard_tone	sapo_emerge	standard	n/a	n/a	n/a	n/a	n/a
1061.052	0	530526	distractor_noise	sapo_emerge	distractor	n/a	n/a	n/a	n/a	n/a
1062.068	0	531034	standard_tone	sapo_emerge	standard	n/a	n/a	n/a	n/a	n/a
1063.084	0	531542	standard_tone	sapo_emerge	standard	n/a	n/a	n/a	n/a	n/a
1064.100	0	532050	standard_tone	sapo_emerge	standard	n/a	n/a	n/a	n/a	n/a
1065.114	0	532557	standard_tone	sapo_emerge	standard	n/a	n/a	n/a	n/a	n/a
1066.114	0	533057	standard_tone	sapo_emerge	standard	n/a	n/a	n/a	n/a	n/a
1067.132	0	533566	standard_tone	sapo_emerge	standard	n/a	n/a	n/a	n/a	n/a
1068.146	0	534073	standard_tone	sapo_emerge	standard	n/a	n/a	n/a	n/a	n/a
1069.146	0	534573	standard_tone	sapo_emerge	standard	n/a	n/a	n/a	n/a	n/a
1070.162	0	535081	standard_tone	sapo_emerge	standard	n/a	n/a	n/a	n/a	n/a
1071.178	0	535589	distractor_noise	sapo_emerge	distractor	n/a	n/a	n/a	n/a	n/a
1072.194	0	536097	standard_tone	sapo_emerge	standard	n/a	n/a	n/a	n/a	n/a
1073.210	0	536605	standard_tone	sapo_emerge	standard	n/a	n/a	n/a	n/a	n/a
1074.224	0	537112	standard_tone	sapo_emerge	standard	n/a	n/a	n/a	n/a	n/a
1075.242	0	537621	standard_tone	sapo_emerge	standard	n/a	n/a	n/a	n/a	n/a
1076.256	0	538128	standard_tone	sapo_emerge	standard	n/a	n/a	n/a	n/a	n/a
1077.272	0	538636	standard_tone	sapo_emerge	standard	n/a	n/a	n/a	n/a	n/a
1078.288	0	539144	oddball_tone	sapo_emerge	oddball	n/a	n/a	n/a	n/a	n/a
1079.304	0	539652	standard_tone	sapo_emerge	standard	n/a	n/a	n/a	n/a	n/a
1080.320	0	540160	standard_tone	sapo_emerge	standard	n/a	n/a	n/a	n/a	n/a
1081.336	0	540668	oddball_tone	sapo_emerge	oddball	n/a	n/a	n/a	n/a	n/a
1082.352	0	541176	standard_tone	sapo_emerge	standard	n/a	n/a	n/a	n/a	n/a
1083.368	0	541684	standard_tone	sapo_emerge	standard	n/a	n/a	n/a	n/a	n/a
1084.384	0	542192	standard_tone	sapo_emerge	standard	n/a	n/a	n/a	n/a	n/a
1085.400	0	542700	standard_tone	sapo_emerge	standard	n/a	n/a	n/a	n/a	n/a
1086.416	0	543208	standard_tone	sapo_emerge	standard	n/a	n/a	n/a	n/a	n/a
1087.430	0	543715	standard_tone	sapo_emerge	standard	n/a	n/a	n/a	n/a	n/a
1088.446	0	544223	standard_tone	sapo_emerge	standard	n/a	n/a	n/a	n/a	n/a
1089.462	0	544731	standard_tone	sapo_emerge	standard	n/a	n/a	n/a	n/a	n/a
1090.478	0	545239	standard_tone	sapo_emerge	standard	n/a	n/a	n/a	n/a	n/a
1091.494	0	545747	standard_tone	sapo_emerge	standard	n/a	n/a	n/a	n/a	n/a
1091.612	0	545806	clicker_press	sapo_emerge	response-received-arrow_up	n/a	n/a	n/a	n/a	arrow_up
1091.662	0	545831	report_window_begin	sapo_emerge	emerge-sapo-emerge-begin	n/a	n/a	n/a	n/a	n/a
1092.760	0	546380	clicker_press	sapo_emerge	response-received-arrow_up	n/a	n/a	n/a	n/a	arrow_up
1093.742	0	546871	clicker_press	sapo_emerge	response-received-arrow_up	n/a	n/a	n/a	n/a	arrow_up
1095.708	0	547854	depth_rating	sapo_emerge	rating-sapo-emerge-meditation_depth-3	3	n/a	n/a	n/a	n/a
1102.320	0	551160	clicker_press	sapo_emerge	response-received-arrow_up	n/a	n/a	n/a	n/a	arrow_up
1103.002	0	551501	clicker_press	sapo_emerge	response-received-arrow_up	n/a	n/a	n/a	n/a	arrow_up
1103.718	0	551859	clicker_press	sapo_emerge	response-received-arrow_up	n/a	n/a	n/a	n/a	arrow_up
1104.368	0	552184	clicker_press	sapo_emerge	response-received-arrow_up	n/a	n/a	n/a	n/a	arrow_up
1105.750	0	552875	confidence_rating	sapo_emerge	rating-sapo-emerge-confidence_depth-4	n/a	4	n/a	n/a	n/a
1109.196	0	554598	report_window_end	sapo_emerge	emerge-sapo-emerge-end	n/a	n/a	n/a	n/a	n/a
1109.196	0	554598	subblock_begin	sapo_emerge	subblock-begin	n/a	n/a	n/a	n/a	n/a
1109.198	0	554599	silence_begin	sapo_emerge	silence-begin	n/a	n/a	n/a	n/a	n/a
1109.212	0	554606	standard_tone	sapo_emerge	standard	n/a	n/a	n/a	n/a	n/a
1110.230	0	555115	standard_tone	sapo_emerge	standard	n/a	n/a	n/a	n/a	n/a
1111.244	0	555622	distractor_noise	sapo_emerge	distractor	n/a	n/a	n/a	n/a	n/a
1112.260	0	556130	standard_tone	sapo_emerge	standard	n/a	n/a	n/a	n/a	n/a
1113.276	0	556638	standard_tone	sapo_emerge	standard	n/a	n/a	n/a	n/a	n/a
1114.292	0	557146	standard_tone	sapo_emerge	standard	n/a	n/a	n/a	n/a	n/a
1115.308	0	557654	oddball_tone	sapo_emerge	oddball	n/a	n/a	n/a	n/a	n/a
1116.324	0	558162	standard_tone	sapo_emerge	standard	n/a	n/a	n/a	n/a	n/a
1117.340	0	558670	standard_tone	sapo_emerge	standard	n/a	n/a	n/a	n/a	n/a
1118.338	0	559169	oddball_tone	sapo_emerge	oddball	n/a	n/a	n/a	n/a	n/a
1119.354	0	559677	standard_tone	sapo_emerge	standard	n/a	n/a	n/a	n/a	n/a
1120.370	0	560185	standard_tone	sapo_emerge	standard	n/a	n/a	n/a	n/a	n/a
1121.386	0	560693	standard_tone	sapo_emerge	standard	n/a	n/a	n/a	n/a	n/a
1122.386	0	561193	standard_tone	sapo_emerge	standard	n/a	n/a	n/a	n/a	n/a
1123.400	0	561700	distractor_noise	sapo_emerge	distractor	n/a	n/a	n/a	n/a	n/a
1124.400	0	562200	standard_tone	sapo_emerge	standard	n/a	n/a	n/a	n/a	n/a
1125.416	0	562708	standard_tone	sapo_emerge	standard	n/a	n/a	n/a	n/a	n/a
1126.416	0	563208	standard_tone	sapo_emerge	standard	n/a	n/a	n/a	n/a	n/a
1127.430	0	563715	standard_tone	sapo_emerge	standard	n/a	n/a	n/a	n/a	n/a
1128.446	0	564223	standard_tone	sapo_emerge	standard	n/a	n/a	n/a	n/a	n/a
1129.462	0	564731	standard_tone	sapo_emerge	standard	n/a	n/a	n/a	n/a	n/a
1130.478	0	565239	standard_tone	sapo_emerge	standard	n/a	n/a	n/a	n/a	n/a
1131.494	0	565747	standard_tone	sapo_emerge	standard	n/a	n/a	n/a	n/a	n/a
1132.494	0	566247	standard_tone	sapo_emerge	standard	n/a	n/a	n/a	n/a	n/a
1133.510	0	566755	standard_tone	sapo_emerge	standard	n/a	n/a	n/a	n/a	n/a
1134.526	0	567263	standard_tone	sapo_emerge	standard	n/a	n/a	n/a	n/a	n/a
1135.542	0	567771	standard_tone	sapo_emerge	standard	n/a	n/a	n/a	n/a	n/a
1136.556	0	568278	distractor_noise	sapo_emerge	distractor	n/a	n/a	n/a	n/a	n/a
1137.572	0	568786	standard_tone	sapo_emerge	standard	n/a	n/a	n/a	n/a	n/a
1138.588	0	569294	standard_tone	sapo_emerge	standard	n/a	n/a	n/a	n/a	n/a
1139.604	0	569802	standard_tone	sapo_emerge	standard	n/a	n/a	n/a	n/a	n/a
1140.620	0	570310	distractor_noise	sapo_emerge	distractor	n/a	n/a	n/a	n/a	n/a
1141.636	0	570818	standard_tone	sapo_emerge	standard	n/a	n/a	n/a	n/a	n/a
1142.652	0	571326	standard_tone	sapo_emerge	standard	n/a	n/a	n/a	n/a	n/a
1143.668	0	571834	standard_tone	sapo_emerge	standard	n/a	n/a	n/a	n/a	n/a
1144.684	0	572342	standard_tone	sapo_emerge	standard	n/a	n/a	n/a	n/a	n/a
1145.700	0	572850	standard_tone	sapo_emerge	standard	n/a	n/a	n/a	n/a	n/a
1146.714	0	573357	standard_tone	sapo_emerge	standard	n/a	n/a	n/a	n/a	n/a
1147.714	0	573857	standard_tone	sapo_emerge	standard	n/a	n/a	n/a	n/a	n/a
1148.730	0	574365	distractor_noise	sapo_emerge	distractor	n/a	n/a	n/a	n/a	n/a
1149.746	0	574873	standard_tone	sapo_emerge	standard	n/a	n/a	n/a	n/a	n/a
1150.762	0	575381	standard_tone	sapo_emerge	standard	n/a	n/a	n/a	n/a	n/a
1151.778	0	575889	standard_tone	sapo_emerge	standard	n/a	n/a	n/a	n/a	n/a
1152.794	0	576397	standard_tone	sapo_emerge	standard	n/a	n/a	n/a	n/a	n/a
1153.810	0	576905	standard_tone	sapo_emerge	standard	n/a	n/a	n/a	n/a	n/a
1154.826	0	577413	standard_tone	sapo_emerge	standard	n/a	n/a	n/a	n/a	n/a
1155.840	0	577920	standard_tone	sapo_emerge	standard	n/a	n/a	n/a	n/a	n/a
1156.856	0	578428	standard_tone	sapo_emerge	standard	n/a	n/a	n/a	n/a	n/a
1157.872	0	578936	standard_tone	sapo_emerge	standard	n/a	n/a	n/a	n/a	n/a
1158.888	0	579444	standard_tone	sapo_emerge	standard	n/a	n/a	n/a	n/a	n/a
1159.904	0	579952	standard_tone	sapo_emerge	standard	n/a	n/a	n/a	n/a	n/a
1160.920	0	580460	standard_tone	sapo_emerge	standard	n/a	n/a	n/a	n/a	n/a
1161.936	0	580968	distractor_noise	sapo_emerge	distractor	n/a	n/a	n/a	n/a	n/a
1162.950	0	581475	standard_tone	sapo_emerge	standard	n/a	n/a	n/a	n/a	n/a
1163.968	0	581984	standard_tone	sapo_emerge	standard	n/a	n/a	n/a	n/a	n/a
1164.984	0	582492	standard_tone	sapo_emerge	standard	n/a	n/a	n/a	n/a	n/a
1165.998	0	582999	distractor_noise	sapo_emerge	distractor	n/a	n/a	n/a	n/a	n/a
1167.014	0	583507	standard_tone	sapo_emerge	standard	n/a	n/a	n/a	n/a	n/a
1168.030	0	584015	standard_tone	sapo_emerge	standard	n/a	n/a	n/a	n/a	n/a
1169.046	0	584523	standard_tone	sapo_emerge	standard	n/a	n/a	n/a	n/a	n/a
1170.062	0	585031	standard_tone	sapo_emerge	standard	n/a	n/a	n/a	n/a	n/a
1171.078	0	585539	standard_tone	sapo_emerge	standard	n/a	n/a	n/a	n/a	n/a
1172.094	0	586047	standard_tone	sapo_emerge	standard	n/a	n/a	n/a	n/a	n/a
1173.094	0	586547	oddball_tone	sapo_emerge	oddball	n/a	n/a	n/a	n/a	n/a
1174.110	0	587055	standard_tone	sapo_emerge	standard	n/a	n/a	n/a	n/a	n/a
1175.124	0	587562	standard_tone	sapo_emerge	standard	n/a	n/a	n/a	n/a	n/a
1176.140	0	588070	standard_tone	sapo_emerge	standard	n/a	n/a	n/a	n/a	n/a
1177.156	0	588578	standard_tone	sapo_emerge	standard	n/a	n/a	n/a	n/a	n/a
1178.172	0	589086	standard_tone	sapo_emerge	standard	n/a	n/a	n/a	n/a	n/a
1179.188	0	589594	standard_tone	sapo_emerge	standard	n/a	n/a	n/a	n/a	n/a
1180.204	0	590102	standard_tone	sapo_emerge	standard	n/a	n/a	n/a	n/a	n/a
1181.220	0	590610	oddball_tone	sapo_emerge	oddball	n/a	n/a	n/a	n/a	n/a
1182.236	0	591118	standard_tone	sapo_emerge	standard	n/a	n/a	n/a	n/a	n/a
1183.252	0	591626	oddball_tone	sapo_emerge	oddball	n/a	n/a	n/a	n/a	n/a
1184.268	0	592134	standard_tone	sapo_emerge	standard	n/a	n/a	n/a	n/a	n/a
1185.284	0	592642	standard_tone	sapo_emerge	standard	n/a	n/a	n/a	n/a	n/a
1186.300	0	593150	standard_tone	sapo_emerge	standard	n/a	n/a	n/a	n/a	n/a
1187.316	0	593658	standard_tone	sapo_emerge	standard	n/a	n/a	n/a	n/a	n/a
1188.332	0	594166	standard_tone	sapo_emerge	standard	n/a	n/a	n/a	n/a	n/a
1189.348	0	594674	standard_tone	sapo_emerge	standard	n/a	n/a	n/a	n/a	n/a
1190.362	0	595181	standard_tone	sapo_emerge	standard	n/a	n/a	n/a	n/a	n/a
1191.378	0	595689	distractor_noise	sapo_emerge	distractor	n/a	n/a	n/a	n/a	n/a
1192.394	0	596197	standard_tone	sapo_emerge	standard	n/a	n/a	n/a	n/a	n/a
1193.410	0	596705	distractor_noise	sapo_emerge	distractor	n/a	n/a	n/a	n/a	n/a
1194.426	0	597213	standard_tone	sapo_emerge	standard	n/a	n/a	n/a	n/a	n/a
1195.442	0	597721	distractor_noise	sapo_emerge	distractor	n/a	n/a	n/a	n/a	n/a
1196.458	0	598229	standard_tone	sapo_emerge	standard	n/a	n/a	n/a	n/a	n/a
1197.474	0	598737	standard_tone	sapo_emerge	standard	n/a	n/a	n/a	n/a	n/a
1198.488	0	599244	standard_tone	sapo_emerge	standard	n/a	n/a	n/a	n/a	n/a
1199.504	0	599752	standard_tone	sapo_emerge	standard	n/a	n/a	n/a	n/a	n/a
1200.504	0	600252	standard_tone	sapo_emerge	standard	n/a	n/a	n/a	n/a	n/a
1201.520	0	600760	standard_tone	sapo_emerge	standard	n/a	n/a	n/a	n/a	n/a
1202.536	0	601268	standard_tone	sapo_emerge	standard	n/a	n/a	n/a	n/a	n/a
1203.552	0	601776	standard_tone	sapo_emerge	standard	n/a	n/a	n/a	n/a	n/a
1204.568	0	602284	standard_tone	sapo_emerge	standard	n/a	n/a	n/a	n/a	n/a
1205.584	0	602792	standard_tone	sapo_emerge	standard	n/a	n/a	n/a	n/a	n/a
1206.600	0	603300	standard_tone	sapo_emerge	standard	n/a	n/a	n/a	n/a	n/a
1207.616	0	603808	standard_tone	sapo_emerge	standard	n/a	n/a	n/a	n/a	n/a
1208.630	0	604315	standard_tone	sapo_emerge	standard	n/a	n/a	n/a	n/a	n/a
1209.630	0	604815	standard_tone	sapo_emerge	standard	n/a	n/a	n/a	n/a	n/a
1210.646	0	605323	standard_tone	sapo_emerge	standard	n/a	n/a	n/a	n/a	n/a
1211.662	0	605831	standard_tone	sapo_emerge	standard	n/a	n/a	n/a	n/a	n/a
1212.676	0	606338	oddball_tone	sapo_emerge	oddball	n/a	n/a	n/a	n/a	n/a
1213.692	0	606846	standard_tone	sapo_emerge	standard	n/a	n/a	n/a	n/a	n/a
1214.708	0	607354	standard_tone	sapo_emerge	standard	n/a	n/a	n/a	n/a	n/a
1215.740	0	607870	standard_tone	sapo_emerge	standard	n/a	n/a	n/a	n/a	n/a
1216.740	0	608370	oddball_tone	sapo_emerge	oddball	n/a	n/a	n/a	n/a	n/a
1217.756	0	608878	standard_tone	sapo_emerge	standard	n/a	n/a	n/a	n/a	n/a
1218.756	0	609378	standard_tone	sapo_emerge	standard	n/a	n/a	n/a	n/a	n/a
1219.770	0	609885	standard_tone	sapo_emerge	standard	n/a	n/a	n/a	n/a	n/a
1220.770	0	610385	standard_tone	sapo_emerge	standard	n/a	n/a	n/a	n/a	n/a
1221.786	0	610893	standard_tone	sapo_emerge	standard	n/a	n/a	n/a	n/a	n/a
1222.802	0	611401	distractor_noise	sapo_emerge	distractor	n/a	n/a	n/a	n/a	n/a
1223.818	0	611909	standard_tone	sapo_emerge	standard	n/a	n/a	n/a	n/a	n/a
1224.834	0	612417	distractor_noise	sapo_emerge	distractor	n/a	n/a	n/a	n/a	n/a
1225.850	0	612925	standard_tone	sapo_emerge	standard	n/a	n/a	n/a	n/a	n/a
1226.400	0	613200	silence_end	sapo_emerge	silence-end	n/a	n/a	n/a	n/a	n/a
1226.416	0	613208	gong_begin	sapo_emerge	gong-begin	n/a	n/a	n/a	n/a	n/a
1226.866	0	613433	standard_tone	sapo_emerge	standard	n/a	n/a	n/a	n/a	n/a
1227.882	0	613941	standard_tone	sapo_emerge	standard	n/a	n/a	n/a	n/a	n/a
1228.898	0	614449	standard_tone	sapo_emerge	standard	n/a	n/a	n/a	n/a	n/a
1229.912	0	614956	standard_tone	sapo_emerge	standard	n/a	n/a	n/a	n/a	n/a
1230.928	0	615464	standard_tone	sapo_emerge	standard	n/a	n/a	n/a	n/a	n/a
1231.944	0	615972	oddball_tone	sapo_emerge	oddball	n/a	n/a	n/a	n/a	n/a
1232.960	0	616480	distractor_noise	sapo_emerge	distractor	n/a	n/a	n/a	n/a	n/a
1233.976	0	616988	standard_tone	sapo_emerge	standard	n/a	n/a	n/a	n/a	n/a
1234.992	0	617496	oddball_tone	sapo_emerge	oddball	n/a	n/a	n/a	n/a	n/a
1236.008	0	618004	standard_tone	sapo_emerge	standard	n/a	n/a	n/a	n/a	n/a
1236.408	0	618204	gong_end	sapo_emerge	gong-end	n/a	n/a	n/a	n/a	n/a
1236.408	0	618204	subblock_end	sapo_emerge	subblock-end-duration-127.212	n/a	n/a	n/a	127.212	n/a
1236.410	0	618205	subblock_begin	sapo_emerge	subblock-begin	n/a	n/a	n/a	n/a	n/a
1236.410	0	618205	silence_begin	sapo_emerge	silence-begin	n/a	n/a	n/a	n/a	n/a
1237.024	0	618512	standard_tone	sapo_emerge	standard	n/a	n/a	n/a	n/a	n/a
1238.040	0	619020	standard_tone	sapo_emerge	standard	n/a	n/a	n/a	n/a	n/a
1239.056	0	619528	standard_tone	sapo_emerge	standard	n/a	n/a	n/a	n/a	n/a
1240.070	0	620035	standard_tone	sapo_emerge	standard	n/a	n/a	n/a	n/a	n/a
1241.070	0	620535	standard_tone	sapo_emerge	standard	n/a	n/a	n/a	n/a	n/a
1242.086	0	621043	distractor_noise	sapo_emerge	distractor	n/a	n/a	n/a	n/a	n/a
1243.102	0	621551	standard_tone	sapo_emerge	standard	n/a	n/a	n/a	n/a	n/a
1244.118	0	622059	oddball_tone	sapo_emerge	oddball	n/a	n/a	n/a	n/a	n/a
1245.134	0	622567	standard_tone	sapo_emerge	standard	n/a	n/a	n/a	n/a	n/a
1246.150	0	623075	standard_tone	sapo_emerge	standard	n/a	n/a	n/a	n/a	n/a
1247.166	0	623583	standard_tone	sapo_emerge	standard	n/a	n/a	n/a	n/a	n/a
1248.182	0	624091	oddball_tone	sapo_emerge	oddball	n/a	n/a	n/a	n/a	n/a
1249.196	0	624598	standard_tone	sapo_emerge	standard	n/a	n/a	n/a	n/a	n/a
1250.212	0	625106	standard_tone	sapo_emerge	standard	n/a	n/a	n/a	n/a	n/a
1251.228	0	625614	standard_tone	sapo_emerge	standard	n/a	n/a	n/a	n/a	n/a
1252.246	0	626123	standard_tone	sapo_emerge	standard	n/a	n/a	n/a	n/a	n/a
1253.260	0	626630	standard_tone	sapo_emerge	standard	n/a	n/a	n/a	n/a	n/a
1254.276	0	627138	standard_tone	sapo_emerge	standard	n/a	n/a	n/a	n/a	n/a
1255.292	0	627646	standard_tone	sapo_emerge	standard	n/a	n/a	n/a	n/a	n/a
1256.308	0	628154	standard_tone	sapo_emerge	standard	n/a	n/a	n/a	n/a	n/a
1257.324	0	628662	distractor_noise	sapo_emerge	distractor	n/a	n/a	n/a	n/a	n/a
1258.340	0	629170	standard_tone	sapo_emerge	standard	n/a	n/a	n/a	n/a	n/a
1259.356	0	629678	standard_tone	sapo_emerge	standard	n/a	n/a	n/a	n/a	n/a
1260.354	0	630177	standard_tone	sapo_emerge	standard	n/a	n/a	n/a	n/a	n/a
1261.370	0	630685	standard_tone	sapo_emerge	standard	n/a	n/a	n/a	n/a	n/a
1262.386	0	631193	standard_tone	sapo_emerge	standard	n/a	n/a	n/a	n/a	n/a
1263.386	0	631693	standard_tone	sapo_emerge	standard	n/a	n/a	n/a	n/a	n/a
1264.400	0	632200	standard_tone	sapo_emerge	standard	n/a	n/a	n/a	n/a	n/a
1265.400	0	632700	standard_tone	sapo_emerge	standard	n/a	n/a	n/a	n/a	n/a
1266.416	0	633208	standard_tone	sapo_emerge	standard	n/a	n/a	n/a	n/a	n/a
1267.432	0	633716	standard_tone	sapo_emerge	standard	n/a	n/a	n/a	n/a	n/a
1268.448	0	634224	standard_tone	sapo_emerge	standard	n/a	n/a	n/a	n/a	n/a
1269.464	0	634732	standard_tone	sapo_emerge	standard	n/a	n/a	n/a	n/a	n/a
1270.480	0	635240	standard_tone	sapo_emerge	standard	n/a	n/a	n/a	n/a	n/a
1271.496	0	635748	oddball_tone	sapo_emerge	oddball	n/a	n/a	n/a	n/a	n/a
1272.510	0	636255	standard_tone	sapo_emerge	standard	n/a	n/a	n/a	n/a	n/a
1273.526	0	636763	standard_tone	sapo_emerge	standard	n/a	n/a	n/a	n/a	n/a
1274.542	0	637271	standard_tone	sapo_emerge	standard	n/a	n/a	n/a	n/a	n/a
1275.558	0	637779	distractor_noise	sapo_emerge	distractor	n/a	n/a	n/a	n/a	n/a
1276.576	0	638288	standard_tone	sapo_emerge	standard	n/a	n/a	n/a	n/a	n/a
1277.590	0	638795	standard_tone	sapo_emerge	standard	n/a	n/a	n/a	n/a	n/a
1278.606	0	639303	standard_tone	sapo_emerge	standard	n/a	n/a	n/a	n/a	n/a
1279.622	0	639811	standard_tone	sapo_emerge	standard	n/a	n/a	n/a	n/a	n/a
1280.638	0	640319	standard_tone	sapo_emerge	standard	n/a	n/a	n/a	n/a	n/a
1281.654	0	640827	standard_tone	sapo_emerge	standard	n/a	n/a	n/a	n/a	n/a
1282.670	0	641335	standard_tone	sapo_emerge	standard	n/a	n/a	n/a	n/a	n/a
1283.686	0	641843	distractor_noise	sapo_emerge	distractor	n/a	n/a	n/a	n/a	n/a
1284.700	0	642350	standard_tone	sapo_emerge	standard	n/a	n/a	n/a	n/a	n/a
1285.716	0	642858	standard_tone	sapo_emerge	standard	n/a	n/a	n/a	n/a	n/a
1286.732	0	643366	distractor_noise	sapo_emerge	distractor	n/a	n/a	n/a	n/a	n/a
1287.748	0	643874	standard_tone	sapo_emerge	standard	n/a	n/a	n/a	n/a	n/a
1288.748	0	644374	standard_tone	sapo_emerge	standard	n/a	n/a	n/a	n/a	n/a
1289.764	0	644882	standard_tone	sapo_emerge	standard	n/a	n/a	n/a	n/a	n/a
1290.780	0	645390	distractor_noise	sapo_emerge	distractor	n/a	n/a	n/a	n/a	n/a
1291.794	0	645897	standard_tone	sapo_emerge	standard	n/a	n/a	n/a	n/a	n/a
1292.810	0	646405	standard_tone	sapo_emerge	standard	n/a	n/a	n/a	n/a	n/a
1293.810	0	646905	oddball_tone	sapo_emerge	oddball	n/a	n/a	n/a	n/a	n/a
1294.826	0	647413	standard_tone	sapo_emerge	standard	n/a	n/a	n/a	n/a	n/a
1295.842	0	647921	oddball_tone	sapo_emerge	oddball	n/a	n/a	n/a	n/a	n/a
1296.858	0	648429	standard_tone	sapo_emerge	standard	n/a	n/a	n/a	n/a	n/a
1297.874	0	648937	standard_tone	sapo_emerge	standard	n/a	n/a	n/a	n/a	n/a
1298.890	0	649445	standard_tone	sapo_emerge	standard	n/a	n/a	n/a	n/a	n/a
1299.904	0	649952	standard_tone	sapo_emerge	standard	n/a	n/a	n/a	n/a	n/a
1300.920	0	650460	standard_tone	sapo_emerge	standard	n/a	n/a	n/a	n/a	n/a
1301.936	0	650968	standard_tone	sapo_emerge	standard	n/a	n/a	n/a	n/a	n/a
1302.952	0	651476	distractor_noise	sapo_emerge	distractor	n/a	n/a	n/a	n/a	n/a
1303.968	0	651984	standard_tone	sapo_emerge	standard	n/a	n/a	n/a	n/a	n/a
1304.984	0	652492	standard_tone	sapo_emerge	standard	n/a	n/a	n/a	n/a	n/a
1306.000	0	653000	standard_tone	sapo_emerge	standard	n/a	n/a	n/a	n/a	n/a
1307.016	0	653508	standard_tone	sapo_emerge	standard	n/a	n/a	n/a	n/a	n/a
1308.032	0	654016	standard_tone	sapo_emerge	standard	n/a	n/a	n/a	n/a	n/a
1309.048	0	654524	distractor_noise	sapo_emerge	distractor	n/a	n/a	n/a	n/a	n/a
1310.062	0	655031	standard_tone	sapo_emerge	standard	n/a	n/a	n/a	n/a	n/a
1311.062	0	655531	standard_tone	sapo_emerge	standard	n/a	n/a	n/a	n/a	n/a
1312.078	0	656039	standard_tone	sapo_emerge	standard	n/a	n/a	n/a	n/a	n/a
1313.094	0	656547	standard_tone	sapo_emerge	standard	n/a	n/a	n/a	n/a	n/a
1314.110	0	657055	standard_tone	sapo_emerge	standard	n/a	n/a	n/a	n/a	n/a
1315.126	0	657563	standard_tone	sapo_emerge	standard	n/a	n/a	n/a	n/a	n/a
1316.142	0	658071	standard_tone	sapo_emerge	standard	n/a	n/a	n/a	n/a	n/a
1317.140	0	658570	standard_tone	sapo_emerge	standard	n/a	n/a	n/a	n/a	n/a
1318.156	0	659078	standard_tone	sapo_emerge	standard	n/a	n/a	n/a	n/a	n/a
1319.172	0	659586	standard_tone	sapo_emerge	standard	n/a	n/a	n/a	n/a	n/a
1320.188	0	660094	oddball_tone	sapo_emerge	oddball	n/a	n/a	n/a	n/a	n/a
1321.204	0	660602	standard_tone	sapo_emerge	standard	n/a	n/a	n/a	n/a	n/a
1322.220	0	661110	standard_tone	sapo_emerge	standard	n/a	n/a	n/a	n/a	n/a
1323.236	0	661618	standard_tone	sapo_emerge	standard	n/a	n/a	n/a	n/a	n/a
1324.252	0	662126	standard_tone	sapo_emerge	standard	n/a	n/a	n/a	n/a	n/a
1325.268	0	662634	distractor_noise	sapo_emerge	distractor	n/a	n/a	n/a	n/a	n/a
1326.284	0	663142	standard_tone	sapo_emerge	standard	n/a	n/a	n/a	n/a	n/a
1327.298	0	663649	standard_tone	sapo_emerge	standard	n/a	n/a	n/a	n/a	n/a
1328.314	0	664157	standard_tone	sapo_emerge	standard	n/a	n/a	n/a	n/a	n/a
1329.330	0	664665	standard_tone	sapo_emerge	standard	n/a	n/a	n/a	n/a	n/a
1330.346	0	665173	standard_tone	sapo_emerge	standard	n/a	n/a	n/a	n/a	n/a
1331.362	0	665681	standard_tone	sapo_emerge	standard	n/a	n/a	n/a	n/a	n/a
1332.378	0	666189	standard_tone	sapo_emerge	standard	n/a	n/a	n/a	n/a	n/a
1333.378	0	666689	distractor_noise	sapo_emerge	distractor	n/a	n/a	n/a	n/a	n/a
1334.392	0	667196	standard_tone	sapo_emerge	standard	n/a	n/a	n/a	n/a	n/a
1335.408	0	667704	standard_tone	sapo_emerge	standard	n/a	n/a	n/a	n/a	n/a
1336.424	0	668212	standard_tone	sapo_emerge	standard	n/a	n/a	n/a	n/a	n/a
1337.024	0	668512	silence_end	sapo_emerge	silence-end	n/a	n/a	n/a	n/a	n/a
1337.040	0	668520	gong_begin	sapo_emerge	gong-begin	n/a	n/a	n/a	n/a	n/a
1337.440	0	668720	standard_tone	sapo_emerge	standard	n/a	n/a	n/a	n/a	n/a
1338.456	0	669228	standard_tone	sapo_emerge	standard	n/a	n/a	n/a	n/a	n/a
1339.472	0	669736	distractor_noise	sapo_emerge	distractor	n/a	n/a	n/a	n/a	n/a
1340.488	0	670244	standard_tone	sapo_emerge	standard	n/a	n/a	n/a	n/a	n/a
1341.504	0	670752	standard_tone	sapo_emerge	standard	n/a	n/a	n/a	n/a	n/a
1342.520	0	671260	standard_tone	sapo_emerge	standard	n/a	n/a	n/a	n/a	n/a
1343.536	0	671768	standard_tone	sapo_emerge	standard	n/a	n/a	n/a	n/a	n/a
1344.550	0	672275	standard_tone	sapo_emerge	standard	n/a	n/a	n/a	n/a	n/a
1345.568	0	672784	standard_tone	sapo_emerge	standard	n/a	n/a	n/a	n/a	n/a
1346.582	0	673291	standard_tone	sapo_emerge	standard	n/a	n/a	n/a	n/a	n/a
1347.032	0	673516	gong_end	sapo_emerge	gong-end	n/a	n/a	n/a	n/a	n/a
1347.034	0	673517	subblock_end	sapo_emerge	subblock-end-duration-110.624	n/a	n/a	n/a	110.624	n/a
1347.034	0	673517	subblock_begin	sapo_emerge	subblock-begin	n/a	n/a	n/a	n/a	n/a
1347.034	0	673517	silence_begin	sapo_emerge	silence-begin	n/a	n/a	n/a	n/a	n/a
1347.598	0	673799	standard_tone	sapo_emerge	standard	n/a	n/a	n/a	n/a	n/a
1348.598	0	674299	oddball_tone	sapo_emerge	oddball	n/a	n/a	n/a	n/a	n/a
1349.614	0	674807	standard_tone	sapo_emerge	standard	n/a	n/a	n/a	n/a	n/a
1350.630	0	675315	standard_tone	sapo_emerge	standard	n/a	n/a	n/a	n/a	n/a
1351.646	0	675823	distractor_noise	sapo_emerge	distractor	n/a	n/a	n/a	n/a	n/a
1352.644	0	676322	standard_tone	sapo_emerge	standard	n/a	n/a	n/a	n/a	n/a
1353.660	0	676830	standard_tone	sapo_emerge	standard	n/a	n/a	n/a	n/a	n/a
1354.676	0	677338	standard_tone	sapo_emerge	standard	n/a	n/a	n/a	n/a	n/a
1355.692	0	677846	distractor_noise	sapo_emerge	distractor	n/a	n/a	n/a	n/a	n/a
1356.706	0	678353	standard_tone	sapo_emerge	standard	n/a	n/a	n/a	n/a	n/a
1357.706	0	678853	distractor_noise	sapo_emerge	distractor	n/a	n/a	n/a	n/a	n/a
1358.724	0	679362	standard_tone	sapo_emerge	standard	n/a	n/a	n/a	n/a	n/a
1359.738	0	679869	standard_tone	sapo_emerge	standard	n/a	n/a	n/a	n/a	n/a
1360.736	0	680368	standard_tone	sapo_emerge	standard	n/a	n/a	n/a	n/a	n/a
1361.754	0	680877	standard_tone	sapo_emerge	standard	n/a	n/a	n/a	n/a	n/a
1362.770	0	681385	standard_tone	sapo_emerge	standard	n/a	n/a	n/a	n/a	n/a
1363.786	0	681893	standard_tone	sapo_emerge	standard	n/a	n/a	n/a	n/a	n/a
1364.802	0	682401	standard_tone	sapo_emerge	standard	n/a	n/a	n/a	n/a	n/a
1365.818	0	682909	standard_tone	sapo_emerge	standard	n/a	n/a	n/a	n/a	n/a
1366.834	0	683417	standard_tone	sapo_emerge	standard	n/a	n/a	n/a	n/a	n/a
1367.848	0	683924	standard_tone	sapo_emerge	standard	n/a	n/a	n/a	n/a	n/a
1368.848	0	684424	standard_tone	sapo_emerge	standard	n/a	n/a	n/a	n/a	n/a
1369.864	0	684932	standard_tone	sapo_emerge	standard	n/a	n/a	n/a	n/a	n/a
1370.880	0	685440	standard_tone	sapo_emerge	standard	n/a	n/a	n/a	n/a	n/a
1371.880	0	685940	standard_tone	sapo_emerge	standard	n/a	n/a	n/a	n/a	n/a
1372.894	0	686447	distractor_noise	sapo_emerge	distractor	n/a	n/a	n/a	n/a	n/a
1373.910	0	686955	standard_tone	sapo_emerge	standard	n/a	n/a	n/a	n/a	n/a
1374.926	0	687463	standard_tone	sapo_emerge	standard	n/a	n/a	n/a	n/a	n/a
1375.942	0	687971	standard_tone	sapo_emerge	standard	n/a	n/a	n/a	n/a	n/a
1376.958	0	688479	oddball_tone	sapo_emerge	oddball	n/a	n/a	n/a	n/a	n/a
1377.974	0	688987	standard_tone	sapo_emerge	standard	n/a	n/a	n/a	n/a	n/a
1378.990	0	689495	standard_tone	sapo_emerge	standard	n/a	n/a	n/a	n/a	n/a
1380.006	0	690003	standard_tone	sapo_emerge	standard	n/a	n/a	n/a	n/a	n/a
1381.004	0	690502	standard_tone	sapo_emerge	standard	n/a	n/a	n/a	n/a	n/a
1382.020	0	691010	standard_tone	sapo_emerge	standard	n/a	n/a	n/a	n/a	n/a
1383.036	0	691518	standard_tone	sapo_emerge	standard	n/a	n/a	n/a	n/a	n/a
1384.052	0	692026	standard_tone	sapo_emerge	standard	n/a	n/a	n/a	n/a	n/a
1385.068	0	692534	distractor_noise	sapo_emerge	distractor	n/a	n/a	n/a	n/a	n/a
1386.068	0	693034	standard_tone	sapo_emerge	standard	n/a	n/a	n/a	n/a	n/a
1387.084	0	693542	standard_tone	sapo_emerge	standard	n/a	n/a	n/a	n/a	n/a
1388.098	0	694049	standard_tone	sapo_emerge	standard	n/a	n/a	n/a	n/a	n/a
1389.114	0	694557	distractor_noise	sapo_emerge	distractor	n/a	n/a	n/a	n/a	n/a
1390.130	0	695065	standard_tone	sapo_emerge	standard	n/a	n/a	n/a	n/a	n/a
1391.146	0	695573	distractor_noise	sapo_emerge	distractor	n/a	n/a	n/a	n/a	n/a
1392.146	0	696073	standard_tone	sapo_emerge	standard	n/a	n/a	n/a	n/a	n/a
1393.160	0	696580	oddball_tone	sapo_emerge	oddball	n/a	n/a	n/a	n/a	n/a
1394.176	0	697088	standard_tone	sapo_emerge	standard	n/a	n/a	n/a	n/a	n/a
1395.192	0	697596	standard_tone	sapo_emerge	standard	n/a	n/a	n/a	n/a	n/a
1396.192	0	698096	standard_tone	sapo_emerge	standard	n/a	n/a	n/a	n/a	n/a
1397.208	0	698604	standard_tone	sapo_emerge	standard	n/a	n/a	n/a	n/a	n/a
1398.222	0	699111	standard_tone	sapo_emerge	standard	n/a	n/a	n/a	n/a	n/a
1399.240	0	699620	standard_tone	sapo_emerge	standard	n/a	n/a	n/a	n/a	n/a
1400.256	0	700128	standard_tone	sapo_emerge	standard	n/a	n/a	n/a	n/a	n/a
1401.270	0	700635	standard_tone	sapo_emerge	standard	n/a	n/a	n/a	n/a	n/a
1402.270	0	701135	standard_tone	sapo_emerge	standard	n/a	n/a	n/a	n/a	n/a
1403.286	0	701643	standard_tone	sapo_emerge	standard	n/a	n/a	n/a	n/a	n/a
1404.286	0	702143	standard_tone	sapo_emerge	standard	n/a	n/a	n/a	n/a	n/a
1405.302	0	702651	oddball_tone	sapo_emerge	oddball	n/a	n/a	n/a	n/a	n/a
1406.316	0	703158	standard_tone	sapo_emerge	standard	n/a	n/a	n/a	n/a	n/a
1407.332	0	703666	standard_tone	sapo_emerge	standard	n/a	n/a	n/a	n/a	n/a
1408.348	0	704174	standard_tone	sapo_emerge	standard	n/a	n/a	n/a	n/a	n/a
1409.364	0	704682	distractor_noise	sapo_emerge	distractor	n/a	n/a	n/a	n/a	n/a
1410.380	0	705190	standard_tone	sapo_emerge	standard	n/a	n/a	n/a	n/a	n/a
1411.396	0	705698	standard_tone	sapo_emerge	standard	n/a	n/a	n/a	n/a	n/a
1411.480	0	705740	clicker_press	sapo_emerge	response-received-arrow_up	n/a	n/a	n/a	n/a	arrow_up
1411.530	0	705765	report_window_begin	sapo_emerge	emerge-sapo-emerge-begin	n/a	n/a	n/a	n/a	n/a
1413.046	0	706523	clicker_press	sapo_emerge	response-received-arrow_up	n/a	n/a	n/a	n/a	arrow_up
1414.312	0	707156	clicker_press	sapo_emerge	response-received-arrow_up	n/a	n/a	n/a	n/a	arrow_up
1415.576	0	707788	clicker_press	sapo_emerge	response-received-arrow_up	n/a	n/a	n/a	n/a	arrow_up
1415.578	0	707789	depth_rating	sapo_emerge	rating-sapo-emerge-meditation_depth-4	4	n/a	n/a	n/a	n/a
1422.722	0	711361	clicker_press	sapo_emerge	response-received-arrow_up	n/a	n/a	n/a	n/a	arrow_up
1423.820	0	711910	clicker_press	sapo_emerge	response-received-arrow_up	n/a	n/a	n/a	n/a	arrow_up
1424.886	0	712443	clicker_press	sapo_emerge	response-received-arrow_up	n/a	n/a	n/a	n/a	arrow_up
1425.634	0	712817	confidence_rating	sapo_emerge	rating-sapo-emerge-confidence_depth-3	n/a	3	n/a	n/a	n/a
1429.132	0	714566	report_window_end	sapo_emerge	emerge-sapo-emerge-end	n/a	n/a	n/a	n/a	n/a
1429.132	0	714566	subblock_begin	sapo_emerge	subblock-begin	n/a	n/a	n/a	n/a	n/a
1429.132	0	714566	silence_begin	sapo_emerge	silence-begin	n/a	n/a	n/a	n/a	n/a
1429.134	0	714567	standard_tone	sapo_emerge	standard	n/a	n/a	n/a	n/a	n/a
1430.148	0	715074	standard_tone	sapo_emerge	standard	n/a	n/a	n/a	n/a	n/a
1431.162	0	715581	standard_tone	sapo_emerge	standard	n/a	n/a	n/a	n/a	n/a
1432.178	0	716089	standard_tone	sapo_emerge	standard	n/a	n/a	n/a	n/a	n/a
1433.194	0	716597	standard_tone	sapo_emerge	standard	n/a	n/a	n/a	n/a	n/a
1434.194	0	717097	standard_tone	sapo_emerge	standard	n/a	n/a	n/a	n/a	n/a
1435.210	0	717605	standard_tone	sapo_emerge	standard	n/a	n/a	n/a	n/a	n/a
1436.226	0	718113	standard_tone	sapo_emerge	standard	n/a	n/a	n/a	n/a	n/a
1437.242	0	718621	distractor_noise	sapo_emerge	distractor	n/a	n/a	n/a	n/a	n/a
1438.258	0	719129	standard_tone	sapo_emerge	standard	n/a	n/a	n/a	n/a	n/a
1439.272	0	719636	standard_tone	sapo_emerge	standard	n/a	n/a	n/a	n/a	n/a
1440.288	0	720144	standard_tone	sapo_emerge	standard	n/a	n/a	n/a	n/a	n/a
1441.304	0	720652	standard_tone	sapo_emerge	standard	n/a	n/a	n/a	n/a	n/a
1442.320	0	721160	standard_tone	sapo_emerge	standard	n/a	n/a	n/a	n/a	n/a
1443.336	0	721668	standard_tone	sapo_emerge	standard	n/a	n/a	n/a	n/a	n/a
1444.352	0	722176	standard_tone	sapo_emerge	standard	n/a	n/a	n/a	n/a	n/a
1445.368	0	722684	standard_tone	sapo_emerge	standard	n/a	n/a	n/a	n/a	n/a
1446.384	0	723192	oddball_tone	sapo_emerge	oddball	n/a	n/a	n/a	n/a	n/a
1447.400	0	723700	standard_tone	sapo_emerge	standard	n/a	n/a	n/a	n/a	n/a
1448.416	0	724208	standard_tone	sapo_emerge	standard	n/a	n/a	n/a	n/a	n/a
1449.432	0	724716	standard_tone	sapo_emerge	standard	n/a	n/a	n/a	n/a	n/a
1450.448	0	725224	standard_tone	sapo_emerge	standard	n/a	n/a	n/a	n/a	n/a
1451.462	0	725731	standard_tone	sapo_emerge	standard	n/a	n/a	n/a	n/a	n/a
1452.478	0	726239	standard_tone	sapo_emerge	standard	n/a	n/a	n/a	n/a	n/a
1453.494	0	726747	standard_tone	sapo_emerge	standard	n/a	n/a	n/a	n/a	n/a
1454.510	0	727255	standard_tone	sapo_emerge	standard	n/a	n/a	n/a	n/a	n/a
1455.526	0	727763	standard_tone	sapo_emerge	standard	n/a	n/a	n/a	n/a	n/a
1456.542	0	728271	oddball_tone	sapo_emerge	oddball	n/a	n/a	n/a	n/a	n/a
1457.558	0	728779	standard_tone	sapo_emerge	standard	n/a	n/a	n/a	n/a	n/a
1458.574	0	729287	standard_tone	sapo_emerge	standard	n/a	n/a	n/a	n/a	n/a
1459.590	0	729795	standard_tone	sapo_emerge	standard	n/a	n/a	n/a	n/a	n/a
1460.606	0	730303	standard_tone	sapo_emerge	standard	n/a	n/a	n/a	n/a	n/a
1461.622	0	730811	standard_tone	sapo_emerge	standard	n/a	n/a	n/a	n/a	n/a
1462.638	0	731319	standard_tone	sapo_emerge	standard	n/a	n/a	n/a	n/a	n/a
1463.654	0	731827	distractor_noise	sapo_emerge	distractor	n/a	n/a	n/a	n/a	n/a
1464.668	0	732334	standard_tone	sapo_emerge	standard	n/a	n/a	n/a	n/a	n/a
1465.668	0	732834	standard_tone	sapo_emerge	standard	n/a	n/a	n/a	n/a	n/a
1466.684	0	733342	standard_tone	sapo_emerge	standard	n/a	n/a	n/a	n/a	n/a
1467.684	0	733842	standard_tone	sapo_emerge	standard	n/a	n/a	n/a	n/a	n/a
1468.698	0	734349	standard_tone	sapo_emerge	standard	n/a	n/a	n/a	n/a	n/a
1469.698	0	734849	standard_tone	sapo_emerge	standard	n/a	n/a	n/a	n/a	n/a
1470.714	0	735357	standard_tone	sapo_emerge	standard	n/a	n/a	n/a	n/a	n/a
1471.730	0	735865	standard_tone	sapo_emerge	standard	n/a	n/a	n/a	n/a	n/a
1472.746	0	736373	standard_tone	sapo_emerge	standard	n/a	n/a	n/a	n/a	n/a
1473.760	0	736880	standard_tone	sapo_emerge	standard	n/a	n/a	n/a	n/a	n/a
1474.760	0	737380	standard_tone	sapo_emerge	standard	n/a	n/a	n/a	n/a	n/a
1475.776	0	737888	standard_tone	sapo_emerge	standard	n/a	n/a	n/a	n/a	n/a
1476.792	0	738396	distractor_noise	sapo_emerge	distractor	n/a	n/a	n/a	n/a	n/a
1477.806	0	738903	standard_tone	sapo_emerge	standard	n/a	n/a	n/a	n/a	n/a
1478.824	0	739412	distractor_noise	sapo_emerge	distractor	n/a	n/a	n/a	n/a	n/a
1479.838	0	739919	standard_tone	sapo_emerge	standard	n/a	n/a	n/a	n/a	n/a
1480.854	0	740427	standard_tone	sapo_emerge	standard	n/a	n/a	n/a	n/a	n/a
1481.870	0	740935	standard_tone	sapo_emerge	standard	n/a	n/a	n/a	n/a	n/a
1482.886	0	741443	standard_tone	sapo_emerge	standard	n/a	n/a	n/a	n/a	n/a
1483.902	0	741951	standard_tone	sapo_emerge	standard	n/a	n/a	n/a	n/a	n/a
1484.918	0	742459	distractor_noise	sapo_emerge	distractor	n/a	n/a	n/a	n/a	n/a
1485.934	0	742967	oddball_tone	sapo_emerge	oddball	n/a	n/a	n/a	n/a	n/a
1486.966	0	743483	standard_tone	sapo_emerge	standard	n/a	n/a	n/a	n/a	n/a
1487.966	0	743983	standard_tone	sapo_emerge	standard	n/a	n/a	n/a	n/a	n/a
1488.982	0	744491	standard_tone	sapo_emerge	standard	n/a	n/a	n/a	n/a	n/a
1489.998	0	744999	standard_tone	sapo_emerge	standard	n/a	n/a	n/a	n/a	n/a
1491.014	0	745507	distractor_noise	sapo_emerge	distractor	n/a	n/a	n/a	n/a	n/a
1492.030	0	746015	standard_tone	sapo_emerge	standard	n/a	n/a	n/a	n/a	n/a
1493.028	0	746514	standard_tone	sapo_emerge	standard	n/a	n/a	n/a	n/a	n/a
1494.044	0	747022	standard_tone	sapo_emerge	standard	n/a	n/a	n/a	n/a	n/a
1495.060	0	747530	oddball_tone	sapo_emerge	oddball	n/a	n/a	n/a	n/a	n/a
1496.076	0	748038	distractor_noise	sapo_emerge	distractor	n/a	n/a	n/a	n/a	n/a
1497.092	0	748546	standard_tone	sapo_emerge	standard	n/a	n/a	n/a	n/a	n/a
1498.108	0	749054	standard_tone	sapo_emerge	standard	n/a	n/a	n/a	n/a	n/a
1499.124	0	749562	standard_tone	sapo_emerge	standard	n/a	n/a	n/a	n/a	n/a
1500.140	0	750070	oddball_tone	sapo_emerge	oddball	n/a	n/a	n/a	n/a	n/a
1501.154	0	750577	standard_tone	sapo_emerge	standard	n/a	n/a	n/a	n/a	n/a
1502.154	0	751077	standard_tone	sapo_emerge	standard	n/a	n/a	n/a	n/a	n/a
1503.170	0	751585	standard_tone	sapo_emerge	standard	n/a	n/a	n/a	n/a	n/a
1504.186	0	752093	oddball_tone	sapo_emerge	oddball	n/a	n/a	n/a	n/a	n/a
1505.202	0	752601	standard_tone	sapo_emerge	standard	n/a	n/a	n/a	n/a	n/a
1506.218	0	753109	standard_tone	sapo_emerge	standard	n/a	n/a	n/a	n/a	n/a
1507.234	0	753617	standard_tone	sapo_emerge	standard	n/a	n/a	n/a	n/a	n/a
1508.250	0	754125	standard_tone	sapo_emerge	standard	n/a	n/a	n/a	n/a	n/a
1509.264	0	754632	standard_tone	sapo_emerge	standard	n/a	n/a	n/a	n/a	n/a
1510.280	0	755140	standard_tone	sapo_emerge	standard	n/a	n/a	n/a	n/a	n/a
1511.296	0	755648	standard_tone	sapo_emerge	standard	n/a	n/a	n/a	n/a	n/a
1512.312	0	756156	standard_tone	sapo_emerge	standard	n/a	n/a	n/a	n/a	n/a
1513.328	0	756664	standard_tone	sapo_emerge	standard	n/a	n/a	n/a	n/a	n/a
1514.344	0	757172	standard_tone	sapo_emerge	standard	n/a	n/a	n/a	n/a	n/a
1515.360	0	757680	standard_tone	sapo_emerge	standard	n/a	n/a	n/a	n/a	n/a
1516.376	0	758188	standard_tone	sapo_emerge	standard	n/a	n/a	n/a	n/a	n/a
1517.390	0	758695	standard_tone	sapo_emerge	standard	n/a	n/a	n/a	n/a	n/a
1518.390	0	759195	standard_tone	sapo_emerge	standard	n/a	n/a	n/a	n/a	n/a
1519.406	0	759703	standard_tone	sapo_emerge	standard	n/a	n/a	n/a	n/a	n/a
1520.422	0	760211	standard_tone	sapo_emerge	standard	n/a	n/a	n/a	n/a	n/a
1521.438	0	760719	standard_tone	sapo_emerge	standard	n/a	n/a	n/a	n/a	n/a
1522.454	0	761227	standard_tone	sapo_emerge	standard	n/a	n/a	n/a	n/a	n/a
1523.470	0	761735	standard_tone	sapo_emerge	standard	n/a	n/a	n/a	n/a	n/a
1524.486	0	762243	standard_tone	sapo_emerge	standard	n/a	n/a	n/a	n/a	n/a
1525.502	0	762751	distractor_noise	sapo_emerge	distractor	n/a	n/a	n/a	n/a	n/a
1526.502	0	763251	standard_tone	sapo_emerge	standard	n/a	n/a	n/a	n/a	n/a
1527.516	0	763758	standard_tone	sapo_emerge	standard	n/a	n/a	n/a	n/a	n/a
1528.532	0	764266	standard_tone	sapo_emerge	standard	n/a	n/a	n/a	n/a	n/a
1529.548	0	764774	oddball_tone	sapo_emerge	oddball	n/a	n/a	n/a	n/a	n/a
1530.564	0	765282	standard_tone	sapo_emerge	standard	n/a	n/a	n/a	n/a	n/a
1531.580	0	765790	distractor_noise	sapo_emerge	distractor	n/a	n/a	n/a	n/a	n/a
1532.596	0	766298	standard_tone	sapo_emerge	standard	n/a	n/a	n/a	n/a	n/a
1533.612	0	766806	distractor_noise	sapo_emerge	distractor	n/a	n/a	n/a	n/a	n/a
1534.628	0	767314	standard_tone	sapo_emerge	standard	n/a	n/a	n/a	n/a	n/a
1535.644	0	767822	oddball_tone	sapo_emerge	oddball	n/a	n/a	n/a	n/a	n/a
1536.658	0	768329	standard_tone	sapo_emerge	standard	n/a	n/a	n/a	n/a	n/a
1537.674	0	768837	standard_tone	sapo_emerge	standard	n/a	n/a	n/a	n/a	n/a
1538.692	0	769346	standard_tone	sapo_emerge	standard	n/a	n/a	n/a	n/a	n/a
1539.706	0	769853	standard_tone	sapo_emerge	standard	n/a	n/a	n/a	n/a	n/a
1540.722	0	770361	standard_tone	sapo_emerge	standard	n/a	n/a	n/a	n/a	n/a
1541.738	0	770869	standard_tone	sapo_emerge	standard	n/a	n/a	n/a	n/a	n/a
1542.754	0	771377	standard_tone	sapo_emerge	standard	n/a	n/a	n/a	n/a	n/a
1543.770	0	771885	standard_tone	sapo_emerge	standard	n/a	n/a	n/a	n/a	n/a
1544.786	0	772393	standard_tone	sapo_emerge	standard	n/a	n/a	n/a	n/a	n/a
1545.802	0	772901	standard_tone	sapo_emerge	standard	n/a	n/a	n/a	n/a	n/a
1546.816	0	773408	standard_tone	sapo_emerge	standard	n/a	n/a	n/a	n/a	n/a
1547.034	0	773517	silence_end	sapo_emerge	silence-end	n/a	n/a	n/a	n/a	n/a
1547.084	0	773542	gong_begin	sapo_emerge	gong-begin	n/a	n/a	n/a	n/a	n/a
1547.832	0	773916	standard_tone	sapo_emerge	standard	n/a	n/a	n/a	n/a	n/a
1548.832	0	774416	standard_tone	sapo_emerge	standard	n/a	n/a	n/a	n/a	n/a
1549.848	0	774924	standard_tone	sapo_emerge	standard	n/a	n/a	n/a	n/a	n/a
1550.864	0	775432	oddball_tone	sapo_emerge	oddball	n/a	n/a	n/a	n/a	n/a
1551.880	0	775940	standard_tone	sapo_emerge	standard	n/a	n/a	n/a	n/a	n/a
1552.896	0	776448	standard_tone	sapo_emerge	standard	n/a	n/a	n/a	n/a	n/a
1553.912	0	776956	distractor_noise	sapo_emerge	distractor	n/a	n/a	n/a	n/a	n/a
1554.928	0	777464	standard_tone	sapo_emerge	standard	n/a	n/a	n/a	n/a	n/a
1555.942	0	777971	standard_tone	sapo_emerge	standard	n/a	n/a	n/a	n/a	n/a
1556.942	0	778471	oddball_tone	sapo_emerge	oddball	n/a	n/a	n/a	n/a	n/a
1557.060	0	778530	gong_end	sapo_emerge	gong-end	n/a	n/a	n/a	n/a	n/a
1557.060	0	778530	subblock_end	sapo_emerge	subblock-end-duration-127.929	n/a	n/a	n/a	127.929	n/a
1557.060	0	778530	subblock_begin	sapo_emerge	subblock-begin	n/a	n/a	n/a	n/a	n/a
1557.062	0	778531	silence_begin	sapo_emerge	silence-begin	n/a	n/a	n/a	n/a	n/a
1557.958	0	778979	standard_tone	sapo_emerge	standard	n/a	n/a	n/a	n/a	n/a
1558.974	0	779487	standard_tone	sapo_emerge	standard	n/a	n/a	n/a	n/a	n/a
1559.990	0	779995	oddball_tone	sapo_emerge	oddball	n/a	n/a	n/a	n/a	n/a
1561.006	0	780503	standard_tone	sapo_emerge	standard	n/a	n/a	n/a	n/a	n/a
1562.022	0	781011	distractor_noise	sapo_emerge	distractor	n/a	n/a	n/a	n/a	n/a
1563.036	0	781518	standard_tone	sapo_emerge	standard	n/a	n/a	n/a	n/a	n/a
1564.052	0	782026	distractor_noise	sapo_emerge	distractor	n/a	n/a	n/a	n/a	n/a
1565.068	0	782534	standard_tone	sapo_emerge	standard	n/a	n/a	n/a	n/a	n/a
1566.084	0	783042	standard_tone	sapo_emerge	standard	n/a	n/a	n/a	n/a	n/a
1567.100	0	783550	standard_tone	sapo_emerge	standard	n/a	n/a	n/a	n/a	n/a
1568.116	0	784058	standard_tone	sapo_emerge	standard	n/a	n/a	n/a	n/a	n/a
1569.132	0	784566	standard_tone	sapo_emerge	standard	n/a	n/a	n/a	n/a	n/a
1570.148	0	785074	distractor_noise	sapo_emerge	distractor	n/a	n/a	n/a	n/a	n/a
1571.164	0	785582	standard_tone	sapo_emerge	standard	n/a	n/a	n/a	n/a	n/a
1572.180	0	786090	standard_tone	sapo_emerge	standard	n/a	n/a	n/a	n/a	n/a
1573.196	0	786598	distractor_noise	sapo_emerge	distractor	n/a	n/a	n/a	n/a	n/a
1574.194	0	787097	standard_tone	sapo_emerge	standard	n/a	n/a	n/a	n/a	n/a
1575.210	0	787605	distractor_noise	sapo_emerge	distractor	n/a	n/a	n/a	n/a	n/a
1576.226	0	788113	standard_tone	sapo_emerge	standard	n/a	n/a	n/a	n/a	n/a
1577.242	0	788621	standard_tone	sapo_emerge	standard	n/a	n/a	n/a	n/a	n/a
1578.242	0	789121	standard_tone	sapo_emerge	standard	n/a	n/a	n/a	n/a	n/a
1579.256	0	789628	standard_tone	sapo_emerge	standard	n/a	n/a	n/a	n/a	n/a
1580.272	0	790136	standard_tone	sapo_emerge	standard	n/a	n/a	n/a	n/a	n/a
1581.288	0	790644	standard_tone	sapo_emerge	standard	n/a	n/a	n/a	n/a	n/a
1582.288	0	791144	standard_tone	sapo_emerge	standard	n/a	n/a	n/a	n/a	n/a
1583.304	0	791652	oddball_tone	sapo_emerge	oddball	n/a	n/a	n/a	n/a	n/a
1584.320	0	792160	standard_tone	sapo_emerge	standard	n/a	n/a	n/a	n/a	n/a
1585.336	0	792668	standard_tone	sapo_emerge	standard	n/a	n/a	n/a	n/a	n/a
1586.352	0	793176	standard_tone	sapo_emerge	standard	n/a	n/a	n/a	n/a	n/a
1587.366	0	793683	standard_tone	sapo_emerge	standard	n/a	n/a	n/a	n/a	n/a
1588.366	0	794183	distractor_noise	sapo_emerge	distractor	n/a	n/a	n/a	n/a	n/a
1589.382	0	794691	standard_tone	sapo_emerge	standard	n/a	n/a	n/a	n/a	n/a
1590.398	0	795199	standard_tone	sapo_emerge	standard	n/a	n/a	n/a	n/a	n/a
1591.414	0	795707	standard_tone	sapo_emerge	standard	n/a	n/a	n/a	n/a	n/a
1592.430	0	796215	standard_tone	sapo_emerge	standard	n/a	n/a	n/a	n/a	n/a
1593.446	0	796723	standard_tone	sapo_emerge	standard	n/a	n/a	n/a	n/a	n/a
1594.460	0	797230	distractor_noise	sapo_emerge	distractor	n/a	n/a	n/a	n/a	n/a
1595.476	0	797738	standard_tone	sapo_emerge	standard	n/a	n/a	n/a	n/a	n/a
1596.476	0	798238	standard_tone	sapo_emerge	standard	n/a	n/a	n/a	n/a	n/a
1597.492	0	798746	standard_tone	sapo_emerge	standard	n/a	n/a	n/a	n/a	n/a
1598.508	0	799254	standard_tone	sapo_emerge	standard	n/a	n/a	n/a	n/a	n/a
1599.524	0	799762	standard_tone	sapo_emerge	standard	n/a	n/a	n/a	n/a	n/a
1600.540	0	800270	standard_tone	sapo_emerge	standard	n/a	n/a	n/a	n/a	n/a
1601.554	0	800777	standard_tone	sapo_emerge	standard	n/a	n/a	n/a	n/a	n/a
1602.570	0	801285	standard_tone	sapo_emerge	standard	n/a	n/a	n/a	n/a	n/a
1603.586	0	801793	standard_tone	sapo_emerge	standard	n/a	n/a	n/a	n/a	n/a
1604.602	0	802301	standard_tone	sapo_emerge	standard	n/a	n/a	n/a	n/a	n/a
1605.618	0	802809	standard_tone	sapo_emerge	standard	n/a	n/a	n/a	n/a	n/a
1606.634	0	803317	standard_tone	sapo_emerge	standard	n/a	n/a	n/a	n/a	n/a
1607.650	0	803825	distractor_noise	sapo_emerge	distractor	n/a	n/a	n/a	n/a	n/a
1608.666	0	804333	standard_tone	sapo_emerge	standard	n/a	n/a	n/a	n/a	n/a
1609.682	0	804841	standard_tone	sapo_emerge	standard	n/a	n/a	n/a	n/a	n/a
1610.698	0	805349	standard_tone	sapo_emerge	standard	n/a	n/a	n/a	n/a	n/a
1611.714	0	805857	distractor_noise	sapo_emerge	distractor	n/a	n/a	n/a	n/a	n/a
1612.730	0	806365	standard_tone	sapo_emerge	standard	n/a	n/a	n/a	n/a	n/a
1613.746	0	806873	oddball_tone	sapo_emerge	oddball	n/a	n/a	n/a	n/a	n/a
1614.760	0	807380	standard_tone	sapo_emerge	standard	n/a	n/a	n/a	n/a	n/a
1615.776	0	807888	standard_tone	sapo_emerge	standard	n/a	n/a	n/a	n/a	n/a
1616.794	0	808397	standard_tone	sapo_emerge	standard	n/a	n/a	n/a	n/a	n/a
1617.810	0	808905	standard_tone	sapo_emerge	standard	n/a	n/a	n/a	n/a	n/a
1618.824	0	809412	standard_tone	sapo_emerge	standard	n/a	n/a	n/a	n/a	n/a
1619.840	0	809920	oddball_tone	sapo_emerge	oddball	n/a	n/a	n/a	n/a	n/a
1620.856	0	810428	standard_tone	sapo_emerge	standard	n/a	n/a	n/a	n/a	n/a
1621.872	0	810936	standard_tone	sapo_emerge	standard	n/a	n/a	n/a	n/a	n/a
1622.888	0	811444	standard_tone	sapo_emerge	standard	n/a	n/a	n/a	n/a	n/a
1623.904	0	811952	standard_tone	sapo_emerge	standard	n/a	n/a	n/a	n/a	n/a
1624.920	0	812460	standard_tone	sapo_emerge	standard	n/a	n/a	n/a	n/a	n/a
1625.936	0	812968	standard_tone	sapo_emerge	standard	n/a	n/a	n/a	n/a	n/a
1626.952	0	813476	standard_tone	sapo_emerge	standard	n/a	n/a	n/a	n/a	n/a
1627.966	0	813983	standard_tone	sapo_emerge	standard	n/a	n/a	n/a	n/a	n/a
1628.982	0	814491	standard_tone	sapo_emerge	standard	n/a	n/a	n/a	n/a	n/a
1629.966	0	814983	clicker_press	sapo_emerge	response-received-arrow_up	n/a	n/a	n/a	n/a	arrow_up
1630.066	0	815033	report_window_begin	sapo_emerge	emerge-sapo-emerge-begin	n/a	n/a	n/a	n/a	n/a
1630.914	0	815457	clicker_press	sapo_emerge	response-received-arrow_up	n/a	n/a	n/a	n/a	arrow_up
1634.078	0	817039	depth_rating	sapo_emerge	rating-sapo-emerge-meditation_depth-2	2	n/a	n/a	n/a	n/a
1640.408	0	820204	clicker_press	sapo_emerge	response-received-arrow_up	n/a	n/a	n/a	n/a	arrow_up
1641.190	0	820595	clicker_press	sapo_emerge	response-received-arrow_up	n/a	n/a	n/a	n/a	arrow_up
1642.006	0	821003	clicker_press	sapo_emerge	response-received-arrow_up	n/a	n/a	n/a	n/a	arrow_up
1642.706	0	821353	clicker_press	sapo_emerge	response-received-arrow_up	n/a	n/a	n/a	n/a	arrow_up
1644.186	0	822093	confidence_rating	sapo_emerge	rating-sapo-emerge-confidence_depth-4	n/a	4	n/a	n/a	n/a
1647.716	0	823858	report_window_end	sapo_emerge	emerge-sapo-emerge-end	n/a	n/a	n/a	n/a	n/a
1647.718	0	823859	subblock_begin	sapo_emerge	subblock-begin	n/a	n/a	n/a	n/a	n/a
1647.718	0	823859	silence_begin	sapo_emerge	silence-begin	n/a	n/a	n/a	n/a	n/a
1647.718	0	823859	oddball_tone	sapo_emerge	oddball	n/a	n/a	n/a	n/a	n/a
1648.734	0	824367	standard_tone	sapo_emerge	standard	n/a	n/a	n/a	n/a	n/a
1649.748	0	824874	standard_tone	sapo_emerge	standard	n/a	n/a	n/a	n/a	n/a
1650.748	0	825374	distractor_noise	sapo_emerge	distractor	n/a	n/a	n/a	n/a	n/a
1651.764	0	825882	standard_tone	sapo_emerge	standard	n/a	n/a	n/a	n/a	n/a
1652.780	0	826390	standard_tone	sapo_emerge	standard	n/a	n/a	n/a	n/a	n/a
1653.796	0	826898	oddball_tone	sapo_emerge	oddball	n/a	n/a	n/a	n/a	n/a
1654.810	0	827405	standard_tone	sapo_emerge	standard	n/a	n/a	n/a	n/a	n/a
1655.826	0	827913	standard_tone	sapo_emerge	standard	n/a	n/a	n/a	n/a	n/a
1656.842	0	828421	standard_tone	sapo_emerge	standard	n/a	n/a	n/a	n/a	n/a
1657.858	0	828929	distractor_noise	sapo_emerge	distractor	n/a	n/a	n/a	n/a	n/a
1658.874	0	829437	standard_tone	sapo_emerge	standard	n/a	n/a	n/a	n/a	n/a
1659.890	0	829945	standard_tone	sapo_emerge	standard	n/a	n/a	n/a	n/a	n/a
1660.906	0	830453	standard_tone	sapo_emerge	standard	n/a	n/a	n/a	n/a	n/a
1661.922	0	830961	standard_tone	sapo_emerge	standard	n/a	n/a	n/a	n/a	n/a
1662.938	0	831469	standard_tone	sapo_emerge	standard	n/a	n/a	n/a	n/a	n/a
1663.954	0	831977	oddball_tone	sapo_emerge	oddball	n/a	n/a	n/a	n/a	n/a
1664.970	0	832485	standard_tone	sapo_emerge	standard	n/a	n/a	n/a	n/a	n/a
1665.984	0	832992	oddball_tone	sapo_emerge	oddball	n/a	n/a	n/a	n/a	n/a
1667.000	0	833500	standard_tone	sapo_emerge	standard	n/a	n/a	n/a	n/a	n/a
1668.016	0	834008	standard_tone	sapo_emerge	standard	n/a	n/a	n/a	n/a	n/a
1669.032	0	834516	standard_tone	sapo_emerge	standard	n/a	n/a	n/a	n/a	n/a
1670.032	0	835016	standard_tone	sapo_emerge	standard	n/a	n/a	n/a	n/a	n/a
1671.048	0	835524	distractor_noise	sapo_emerge	distractor	n/a	n/a	n/a	n/a	n/a
1672.064	0	836032	standard_tone	sapo_emerge	standard	n/a	n/a	n/a	n/a	n/a
1673.080	0	836540	standard_tone	sapo_emerge	standard	n/a	n/a	n/a	n/a	n/a
1674.096	0	837048	standard_tone	sapo_emerge	standard	n/a	n/a	n/a	n/a	n/a
1675.094	0	837547	oddball_tone	sapo_emerge	oddball	n/a	n/a	n/a	n/a	n/a
1676.110	0	838055	standard_tone	sapo_emerge	standard	n/a	n/a	n/a	n/a	n/a
1677.126	0	838563	standard_tone	sapo_emerge	standard	n/a	n/a	n/a	n/a	n/a
1678.142	0	839071	standard_tone	sapo_emerge	standard	n/a	n/a	n/a	n/a	n/a
1679.158	0	839579	standard_tone	sapo_emerge	standard	n/a	n/a	n/a	n/a	n/a
1680.174	0	840087	standard_tone	sapo_emerge	standard	n/a	n/a	n/a	n/a	n/a
1681.190	0	840595	standard_tone	sapo_emerge	standard	n/a	n/a	n/a	n/a	n/a
1682.206	0	841103	standard_tone	sapo_emerge	standard	n/a	n/a	n/a	n/a	n/a
1683.220	0	841610	distractor_noise	sapo_emerge	distractor	n/a	n/a	n/a	n/a	n/a
1684.236	0	842118	standard_tone	sapo_emerge	standard	n/a	n/a	n/a	n/a	n/a
1685.252	0	842626	standard_tone	sapo_emerge	standard	n/a	n/a	n/a	n/a	n/a
1686.268	0	843134	standard_tone	sapo_emerge	standard	n/a	n/a	n/a	n/a	n/a
1687.284	0	843642	standard_tone	sapo_emerge	standard	n/a	n/a	n/a	n/a	n/a
1688.300	0	844150	standard_tone	sapo_emerge	standard	n/a	n/a	n/a	n/a	n/a
1688.932	0	844466	clicker_press	sapo_emerge	response-received-arrow_up	n/a	n/a	n/a	n/a	arrow_up
1688.966	0	844483	report_window_begin	sapo_emerge	emerge-sapo-emerge-begin	n/a	n/a	n/a	n/a	n/a
1689.732	0	844866	clicker_press	sapo_emerge	response-received-arrow_up	n/a	n/a	n/a	n/a	arrow_up
1690.464	0	845232	clicker_press	sapo_emerge	response-received-arrow_up	n/a	n/a	n/a	n/a	arrow_up
1690.998	0	845499	clicker_press	sapo_emerge	response-received-arrow_up	n/a	n/a	n/a	n/a	arrow_up
1693.030	0	846515	depth_rating	sapo_emerge	rating-sapo-emerge-meditation_depth-4	4	n/a	n/a	n/a	n/a
1699.274	0	849637	clicker_press	sapo_emerge	response-received-arrow_up	n/a	n/a	n/a	n/a	arrow_up
1699.772	0	849886	clicker_press	sapo_emerge	response-received-arrow_up	n/a	n/a	n/a	n/a	arrow_up
1700.208	0	850104	clicker_press	sapo_emerge	response-received-arrow_up	n/a	n/a	n/a	n/a	arrow_up
1700.606	0	850303	clicker_press	sapo_emerge	response-received-arrow_up	n/a	n/a	n/a	n/a	arrow_up
1703.088	0	851544	confidence_rating	sapo_emerge	rating-sapo-emerge-confidence_depth-4	n/a	4	n/a	n/a	n/a
1706.618	0	853309	report_window_end	sapo_emerge	emerge-sapo-emerge-end	n/a	n/a	n/a	n/a	n/a
1706.620	0	853310	subblock_begin	sapo_emerge	subblock-begin	n/a	n/a	n/a	n/a	n/a
1706.620	0	853310	silence_begin	sapo_emerge	silence-begin	n/a	n/a	n/a	n/a	n/a
1706.620	0	853310	distractor_noise	sapo_emerge	distractor	n/a	n/a	n/a	n/a	n/a
1707.634	0	853817	standard_tone	sapo_emerge	standard	n/a	n/a	n/a	n/a	n/a
1708.650	0	854325	standard_tone	sapo_emerge	standard	n/a	n/a	n/a	n/a	n/a
1709.648	0	854824	oddball_tone	sapo_emerge	oddball	n/a	n/a	n/a	n/a	n/a
1710.666	0	855333	standard_tone	sapo_emerge	standard	n/a	n/a	n/a	n/a	n/a
1711.680	0	855840	standard_tone	sapo_emerge	standard	n/a	n/a	n/a	n/a	n/a
1712.696	0	856348	standard_tone	sapo_emerge	standard	n/a	n/a	n/a	n/a	n/a
1713.712	0	856856	standard_tone	sapo_emerge	standard	n/a	n/a	n/a	n/a	n/a
1714.712	0	857356	standard_tone	sapo_emerge	standard	n/a	n/a	n/a	n/a	n/a
1715.728	0	857864	standard_tone	sapo_emerge	standard	n/a	n/a	n/a	n/a	n/a
1716.742	0	858371	standard_tone	sapo_emerge	standard	n/a	n/a	n/a	n/a	n/a
1717.742	0	858871	standard_tone	sapo_emerge	standard	n/a	n/a	n/a	n/a	n/a
1718.758	0	859379	standard_tone	sapo_emerge	standard	n/a	n/a	n/a	n/a	n/a
1719.774	0	859887	standard_tone	sapo_emerge	standard	n/a	n/a	n/a	n/a	n/a
1720.772	0	860386	standard_tone	sapo_emerge	standard	n/a	n/a	n/a	n/a	n/a
1721.790	0	860895	distractor_noise	sapo_emerge	distractor	n/a	n/a	n/a	n/a	n/a
1722.804	0	861402	standard_tone	sapo_emerge	standard	n/a	n/a	n/a	n/a	n/a
1723.820	0	861910	standard_tone	sapo_emerge	standard	n/a	n/a	n/a	n/a	n/a
1724.836	0	862418	standard_tone	sapo_emerge	standard	n/a	n/a	n/a	n/a	n/a
1725.852	0	862926	standard_tone	sapo_emerge	standard	n/a	n/a	n/a	n/a	n/a
1726.868	0	863434	standard_tone	sapo_emerge	standard	n/a	n/a	n/a	n/a	n/a
1727.884	0	863942	standard_tone	sapo_emerge	standard	n/a	n/a	n/a	n/a	n/a
1728.900	0	864450	standard_tone	sapo_emerge	standard	n/a	n/a	n/a	n/a	n/a
1729.916	0	864958	oddball_tone	sapo_emerge	oddball	n/a	n/a	n/a	n/a	n/a
1730.932	0	865466	standard_tone	sapo_emerge	standard	n/a	n/a	n/a	n/a	n/a
1731.948	0	865974	standard_tone	sapo_emerge	standard	n/a	n/a	n/a	n/a	n/a
1732.962	0	866481	standard_tone	sapo_emerge	standard	n/a	n/a	n/a	n/a	n/a
1733.978	0	866989	standard_tone	sapo_emerge	standard	n/a	n/a	n/a	n/a	n/a
1734.994	0	867497	oddball_tone	sapo_emerge	oddball	n/a	n/a	n/a	n/a	n/a
1735.994	0	867997	standard_tone	sapo_emerge	standard	n/a	n/a	n/a	n/a	n/a
1737.010	0	868505	standard_tone	sapo_emerge	standard	n/a	n/a	n/a	n/a	n/a
1738.026	0	869013	standard_tone	sapo_emerge	standard	n/a	n/a	n/a	n/a	n/a
1739.042	0	869521	standard_tone	sapo_emerge	standard	n/a	n/a	n/a	n/a	n/a
1740.058	0	870029	standard_tone	sapo_emerge	standard	n/a	n/a	n/a	n/a	n/a
1741.072	0	870536	standard_tone	sapo_emerge	standard	n/a	n/a	n/a	n/a	n/a
1742.072	0	871036	standard_tone	sapo_emerge	standard	n/a	n/a	n/a	n/a	n/a
1743.088	0	871544	standard_tone	sapo_emerge	standard	n/a	n/a	n/a	n/a	n/a
1744.104	0	872052	standard_tone	sapo_emerge	standard	n/a	n/a	n/a	n/a	n/a
1745.120	0	872560	standard_tone	sapo_emerge	standard	n/a	n/a	n/a	n/a	n/a
1746.136	0	873068	standard_tone	sapo_emerge	standard	n/a	n/a	n/a	n/a	n/a
1747.152	0	873576	standard_tone	sapo_emerge	standard	n/a	n/a	n/a	n/a	n/a
1748.196	0	874098	standard_tone	sapo_emerge	standard	n/a	n/a	n/a	n/a	n/a
1749.200	0	874600	standard_tone	sapo_emerge	standard	n/a	n/a	n/a	n/a	n/a
1750.216	0	875108	standard_tone	sapo_emerge	standard	n/a	n/a	n/a	n/a	n/a
1751.232	0	875616	standard_tone	sapo_emerge	standard	n/a	n/a	n/a	n/a	n/a
1752.246	0	876123	standard_tone	sapo_emerge	standard	n/a	n/a	n/a	n/a	n/a
1753.246	0	876623	standard_tone	sapo_emerge	standard	n/a	n/a	n/a	n/a	n/a
1754.262	0	877131	standard_tone	sapo_emerge	standard	n/a	n/a	n/a	n/a	n/a
1755.278	0	877639	standard_tone	sapo_emerge	standard	n/a	n/a	n/a	n/a	n/a
1756.294	0	878147	standard_tone	sapo_emerge	standard	n/a	n/a	n/a	n/a	n/a
1757.310	0	878655	standard_tone	sapo_emerge	standard	n/a	n/a	n/a	n/a	n/a
1758.326	0	879163	standard_tone	sapo_emerge	standard	n/a	n/a	n/a	n/a	n/a
1759.342	0	879671	standard_tone	sapo_emerge	standard	n/a	n/a	n/a	n/a	n/a
1760.358	0	880179	distractor_noise	sapo_emerge	distractor	n/a	n/a	n/a	n/a	n/a
1761.374	0	880687	standard_tone	sapo_emerge	standard	n/a	n/a	n/a	n/a	n/a
1762.388	0	881194	standard_tone	sapo_emerge	standard	n/a	n/a	n/a	n/a	n/a
1763.388	0	881694	distractor_noise	sapo_emerge	distractor	n/a	n/a	n/a	n/a	n/a
1764.404	0	882202	standard_tone	sapo_emerge	standard	n/a	n/a	n/a	n/a	n/a
1765.420	0	882710	distractor_noise	sapo_emerge	distractor	n/a	n/a	n/a	n/a	n/a
1766.436	0	883218	standard_tone	sapo_emerge	standard	n/a	n/a	n/a	n/a	n/a
1767.452	0	883726	standard_tone	sapo_emerge	standard	n/a	n/a	n/a	n/a	n/a
1768.466	0	884233	standard_tone	sapo_emerge	standard	n/a	n/a	n/a	n/a	n/a
1769.466	0	884733	oddball_tone	sapo_emerge	oddball	n/a	n/a	n/a	n/a	n/a
1770.482	0	885241	standard_tone	sapo_emerge	standard	n/a	n/a	n/a	n/a	n/a
1771.498	0	885749	standard_tone	sapo_emerge	standard	n/a	n/a	n/a	n/a	n/a
1772.512	0	886256	standard_tone	sapo_emerge	standard	n/a	n/a	n/a	n/a	n/a
1773.530	0	886765	standard_tone	sapo_emerge	standard	n/a	n/a	n/a	n/a	n/a
1774.546	0	887273	standard_tone	sapo_emerge	standard	n/a	n/a	n/a	n/a	n/a
1775.562	0	887781	standard_tone	sapo_emerge	standard	n/a	n/a	n/a	n/a	n/a
1776.578	0	888289	standard_tone	sapo_emerge	standard	n/a	n/a	n/a	n/a	n/a
1777.592	0	888796	standard_tone	sapo_emerge	standard	n/a	n/a	n/a	n/a	n/a
1778.610	0	889305	standard_tone	sapo_emerge	standard	n/a	n/a	n/a	n/a	n/a
1779.626	0	889813	standard_tone	sapo_emerge	standard	n/a	n/a	n/a	n/a	n/a
1780.640	0	890320	standard_tone	sapo_emerge	standard	n/a	n/a	n/a	n/a	n/a
1781.656	0	890828	standard_tone	sapo_emerge	standard	n/a	n/a	n/a	n/a	n/a
1782.672	0	891336	oddball_tone	sapo_emerge	oddball	n/a	n/a	n/a	n/a	n/a
1783.688	0	891844	standard_tone	sapo_emerge	standard	n/a	n/a	n/a	n/a	n/a
1784.704	0	892352	standard_tone	sapo_emerge	standard	n/a	n/a	n/a	n/a	n/a
1785.720	0	892860	standard_tone	sapo_emerge	standard	n/a	n/a	n/a	n/a	n/a
1786.736	0	893368	standard_tone	sapo_emerge	standard	n/a	n/a	n/a	n/a	n/a
1787.752	0	893876	standard_tone	sapo_emerge	standard	n/a	n/a	n/a	n/a	n/a
1788.768	0	894384	standard_tone	sapo_emerge	standard	n/a	n/a	n/a	n/a	n/a
1789.782	0	894891	oddball_tone	sapo_emerge	oddball	n/a	n/a	n/a	n/a	n/a
1790.798	0	895399	standard_tone	sapo_emerge	standard	n/a	n/a	n/a	n/a	n/a
1791.798	0	895899	oddball_tone	sapo_emerge	oddball	n/a	n/a	n/a	n/a	n/a
1792.814	0	896407	standard_tone	sapo_emerge	standard	n/a	n/a	n/a	n/a	n/a
1793.830	0	896915	standard_tone	sapo_emerge	standard	n/a	n/a	n/a	n/a	n/a
1794.846	0	897423	standard_tone	sapo_emerge	standard	n/a	n/a	n/a	n/a	n/a
1795.860	0	897930	distractor_noise	sapo_emerge	distractor	n/a	n/a	n/a	n/a	n/a
1796.860	0	898430	standard_tone	sapo_emerge	standard	n/a	n/a	n/a	n/a	n/a
1797.876	0	898938	standard_tone	sapo_emerge	standard	n/a	n/a	n/a	n/a	n/a
1798.892	0	899446	standard_tone	sapo_emerge	standard	n/a	n/a	n/a	n/a	n/a
1799.908	0	899954	standard_tone	sapo_emerge	standard	n/a	n/a	n/a	n/a	n/a
1800.924	0	900462	standard_tone	sapo_emerge	standard	n/a	n/a	n/a	n/a	n/a
1801.940	0	900970	standard_tone	sapo_emerge	standard	n/a	n/a	n/a	n/a	n/a
1802.956	0	901478	standard_tone	sapo_emerge	standard	n/a	n/a	n/a	n/a	n/a
1803.970	0	901985	standard_tone	sapo_emerge	standard	n/a	n/a	n/a	n/a	n/a
1804.970	0	902485	standard_tone	sapo_emerge	standard	n/a	n/a	n/a	n/a	n/a
1805.986	0	902993	standard_tone	sapo_emerge	standard	n/a	n/a	n/a	n/a	n/a
1807.002	0	903501	standard_tone	sapo_emerge	standard	n/a	n/a	n/a	n/a	n/a
1808.018	0	904009	standard_tone	sapo_emerge	standard	n/a	n/a	n/a	n/a	n/a
1809.034	0	904517	distractor_noise	sapo_emerge	distractor	n/a	n/a	n/a	n/a	n/a
1810.050	0	905025	standard_tone	sapo_emerge	standard	n/a	n/a	n/a	n/a	n/a
1811.066	0	905533	standard_tone	sapo_emerge	standard	n/a	n/a	n/a	n/a	n/a
1812.080	0	906040	standard_tone	sapo_emerge	standard	n/a	n/a	n/a	n/a	n/a
1813.096	0	906548	standard_tone	sapo_emerge	standard	n/a	n/a	n/a	n/a	n/a
1814.112	0	907056	standard_tone	sapo_emerge	standard	n/a	n/a	n/a	n/a	n/a
1815.128	0	907564	standard_tone	sapo_emerge	standard	n/a	n/a	n/a	n/a	n/a
1816.144	0	908072	standard_tone	sapo_emerge	standard	n/a	n/a	n/a	n/a	n/a
1817.160	0	908580	distractor_noise	sapo_emerge	distractor	n/a	n/a	n/a	n/a	n/a
1818.176	0	909088	standard_tone	sapo_emerge	standard	n/a	n/a	n/a	n/a	n/a
1819.192	0	909596	standard_tone	sapo_emerge	standard	n/a	n/a	n/a	n/a	n/a
1820.208	0	910104	standard_tone	sapo_emerge	standard	n/a	n/a	n/a	n/a	n/a
1821.224	0	910612	oddball_tone	sapo_emerge	oddball	n/a	n/a	n/a	n/a	n/a
1822.240	0	911120	distractor_noise	sapo_emerge	distractor	n/a	n/a	n/a	n/a	n/a
1823.254	0	911627	standard_tone	sapo_emerge	standard	n/a	n/a	n/a	n/a	n/a
1823.472	0	911736	silence_end	sapo_emerge	silence-end	n/a	n/a	n/a	n/a	n/a
1823.522	0	911761	gong_begin	sapo_emerge	gong-begin	n/a	n/a	n/a	n/a	n/a
1824.270	0	912135	standard_tone	sapo_emerge	standard	n/a	n/a	n/a	n/a	n/a
1825.286	0	912643	standard_tone	sapo_emerge	standard	n/a	n/a	n/a	n/a	n/a
1826.302	0	913151	standard_tone	sapo_emerge	standard	n/a	n/a	n/a	n/a	n/a
1827.318	0	913659	standard_tone	sapo_emerge	standard	n/a	n/a	n/a	n/a	n/a
1828.334	0	914167	oddball_tone	sapo_emerge	oddball	n/a	n/a	n/a	n/a	n/a
1829.350	0	914675	standard_tone	sapo_emerge	standard	n/a	n/a	n/a	n/a	n/a
1830.366	0	915183	distractor_noise	sapo_emerge	distractor	n/a	n/a	n/a	n/a	n/a
1831.382	0	915691	standard_tone	sapo_emerge	standard	n/a	n/a	n/a	n/a	n/a
1832.398	0	916199	standard_tone	sapo_emerge	standard	n/a	n/a	n/a	n/a	n/a
1833.414	0	916707	standard_tone	sapo_emerge	standard	n/a	n/a	n/a	n/a	n/a
1833.480	0	916740	gong_end	sapo_emerge	gong-end	n/a	n/a	n/a	n/a	n/a
1833.480	0	916740	subblock_end	sapo_emerge	subblock-end-duration-126.861	n/a	n/a	n/a	126.861	n/a
1833.482	0	916741	subblock_begin	sapo_emerge	subblock-begin	n/a	n/a	n/a	n/a	n/a
1833.482	0	916741	silence_begin	sapo_emerge	silence-begin	n/a	n/a	n/a	n/a	n/a
1834.428	0	917214	distractor_noise	sapo_emerge	distractor	n/a	n/a	n/a	n/a	n/a
1835.444	0	917722	standard_tone	sapo_emerge	standard	n/a	n/a	n/a	n/a	n/a
1836.460	0	918230	distractor_noise	sapo_emerge	distractor	n/a	n/a	n/a	n/a	n/a
1837.476	0	918738	standard_tone	sapo_emerge	standard	n/a	n/a	n/a	n/a	n/a
1838.492	0	919246	distractor_noise	sapo_emerge	distractor	n/a	n/a	n/a	n/a	n/a
1839.508	0	919754	standard_tone	sapo_emerge	standard	n/a	n/a	n/a	n/a	n/a
1840.508	0	920254	standard_tone	sapo_emerge	standard	n/a	n/a	n/a	n/a	n/a
1841.524	0	920762	standard_tone	sapo_emerge	standard	n/a	n/a	n/a	n/a	n/a
1842.540	0	921270	standard_tone	sapo_emerge	standard	n/a	n/a	n/a	n/a	n/a
1843.556	0	921778	standard_tone	sapo_emerge	standard	n/a	n/a	n/a	n/a	n/a
1844.570	0	922285	standard_tone	sapo_emerge	standard	n/a	n/a	n/a	n/a	n/a
1845.586	0	922793	standard_tone	sapo_emerge	standard	n/a	n/a	n/a	n/a	n/a
1846.602	0	923301	oddball_tone	sapo_emerge	oddball	n/a	n/a	n/a	n/a	n/a
1847.618	0	923809	standard_tone	sapo_emerge	standard	n/a	n/a	n/a	n/a	n/a
1848.618	0	924309	standard_tone	sapo_emerge	standard	n/a	n/a	n/a	n/a	n/a
1849.634	0	924817	standard_tone	sapo_emerge	standard	n/a	n/a	n/a	n/a	n/a
1850.648	0	925324	standard_tone	sapo_emerge	standard	n/a	n/a	n/a	n/a	n/a
1851.664	0	925832	oddball_tone	sapo_emerge	oddball	n/a	n/a	n/a	n/a	n/a
1852.682	0	926341	standard_tone	sapo_emerge	standard	n/a	n/a	n/a	n/a	n/a
1853.696	0	926848	standard_tone	sapo_emerge	standard	n/a	n/a	n/a	n/a	n/a
1854.712	0	927356	oddball_tone	sapo_emerge	oddball	n/a	n/a	n/a	n/a	n/a
1855.728	0	927864	standard_tone	sapo_emerge	standard	n/a	n/a	n/a	n/a	n/a
1856.744	0	928372	standard_tone	sapo_emerge	standard	n/a	n/a	n/a	n/a	n/a
1857.760	0	928880	standard_tone	sapo_emerge	standard	n/a	n/a	n/a	n/a	n/a
1858.776	0	929388	standard_tone	sapo_emerge	standard	n/a	n/a	n/a	n/a	n/a
1859.792	0	929896	standard_tone	sapo_emerge	standard	n/a	n/a	n/a	n/a	n/a
1860.808	0	930404	standard_tone	sapo_emerge	standard	n/a	n/a	n/a	n/a	n/a
1861.822	0	930911	standard_tone	sapo_emerge	standard	n/a	n/a	n/a	n/a	n/a
1862.840	0	931420	standard_tone	sapo_emerge	standard	n/a	n/a	n/a	n/a	n/a
1863.854	0	931927	oddball_tone	sapo_emerge	oddball	n/a	n/a	n/a	n/a	n/a
1864.870	0	932435	standard_tone	sapo_emerge	standard	n/a	n/a	n/a	n/a	n/a
1865.886	0	932943	standard_tone	sapo_emerge	standard	n/a	n/a	n/a	n/a	n/a
1866.886	0	933443	standard_tone	sapo_emerge	standard	n/a	n/a	n/a	n/a	n/a
1867.902	0	933951	oddball_tone	sapo_emerge	oddball	n/a	n/a	n/a	n/a	n/a
1868.918	0	934459	standard_tone	sapo_emerge	standard	n/a	n/a	n/a	n/a	n/a
1869.932	0	934966	standard_tone	sapo_emerge	standard	n/a	n/a	n/a	n/a	n/a
1870.948	0	935474	standard_tone	sapo_emerge	standard	n/a	n/a	n/a	n/a	n/a
1871.948	0	935974	standard_tone	sapo_emerge	standard	n/a	n/a	n/a	n/a	n/a
1872.964	0	936482	standard_tone	sapo_emerge	standard	n/a	n/a	n/a	n/a	n/a
1873.980	0	936990	standard_tone	sapo_emerge	standard	n/a	n/a	n/a	n/a	n/a
1874.994	0	937497	standard_tone	sapo_emerge	standard	n/a	n/a	n/a	n/a	n/a
1875.994	0	937997	standard_tone	sapo_emerge	standard	n/a	n/a	n/a	n/a	n/a
1877.010	0	938505	standard_tone	sapo_emerge	standard	n/a	n/a	n/a	n/a	n/a
1878.026	0	939013	standard_tone	sapo_emerge	standard	n/a	n/a	n/a	n/a	n/a
1879.042	0	939521	standard_tone	sapo_emerge	standard	n/a	n/a	n/a	n/a	n/a
1880.058	0	940029	standard_tone	sapo_emerge	standard	n/a	n/a	n/a	n/a	n/a
1881.074	0	940537	standard_tone	sapo_emerge	standard	n/a	n/a	n/a	n/a	n/a
1882.074	0	941037	distractor_noise	sapo_emerge	distractor	n/a	n/a	n/a	n/a	n/a
1883.088	0	941544	standard_tone	sapo_emerge	standard	n/a	n/a	n/a	n/a	n/a
1884.104	0	942052	standard_tone	sapo_emerge	standard	n/a	n/a	n/a	n/a	n/a
1885.120	0	942560	distractor_noise	sapo_emerge	distractor	n/a	n/a	n/a	n/a	n/a
1886.136	0	943068	standard_tone	sapo_emerge	standard	n/a	n/a	n/a	n/a	n/a
1887.152	0	943576	standard_tone	sapo_emerge	standard	n/a	n/a	n/a	n/a	n/a
1888.168	0	944084	standard_tone	sapo_emerge	standard	n/a	n/a	n/a	n/a	n/a
1889.184	0	944592	standard_tone	sapo_emerge	standard	n/a	n/a	n/a	n/a	n/a
1890.200	0	945100	standard_tone	sapo_emerge	standard	n/a	n/a	n/a	n/a	n/a
1891.216	0	945608	standard_tone	sapo_emerge	standard	n/a	n/a	n/a	n/a	n/a
1892.232	0	946116	distractor_noise	sapo_emerge	distractor	n/a	n/a	n/a	n/a	n/a
1893.248	0	946624	standard_tone	sapo_emerge	standard	n/a	n/a	n/a	n/a	n/a
1894.262	0	947131	distractor_noise	sapo_emerge	distractor	n/a	n/a	n/a	n/a	n/a
1895.280	0	947640	oddball_tone	sapo_emerge	oddball	n/a	n/a	n/a	n/a	n/a
1896.296	0	948148	standard_tone	sapo_emerge	standard	n/a	n/a	n/a	n/a	n/a
1897.310	0	948655	standard_tone	sapo_emerge	standard	n/a	n/a	n/a	n/a	n/a
1898.326	0	949163	standard_tone	sapo_emerge	standard	n/a	n/a	n/a	n/a	n/a
1899.342	0	949671	standard_tone	sapo_emerge	standard	n/a	n/a	n/a	n/a	n/a
1900.358	0	950179	standard_tone	sapo_emerge	standard	n/a	n/a	n/a	n/a	n/a
1901.356	0	950678	standard_tone	sapo_emerge	standard	n/a	n/a	n/a	n/a	n/a
1902.372	0	951186	standard_tone	sapo_emerge	standard	n/a	n/a	n/a	n/a	n/a
1903.388	0	951694	standard_tone	sapo_emerge	standard	n/a	n/a	n/a	n/a	n/a
1904.404	0	952202	distractor_noise	sapo_emerge	distractor	n/a	n/a	n/a	n/a	n/a
1905.420	0	952710	standard_tone	sapo_emerge	standard	n/a	n/a	n/a	n/a	n/a
1906.436	0	953218	standard_tone	sapo_emerge	standard	n/a	n/a	n/a	n/a	n/a
1907.452	0	953726	standard_tone	sapo_emerge	standard	n/a	n/a	n/a	n/a	n/a
1908.468	0	954234	standard_tone	sapo_emerge	standard	n/a	n/a	n/a	n/a	n/a
1909.484	0	954742	oddball_tone	sapo_emerge	oddball	n/a	n/a	n/a	n/a	n/a
1910.482	0	955241	standard_tone	sapo_emerge	standard	n/a	n/a	n/a	n/a	n/a
1911.498	0	955749	oddball_tone	sapo_emerge	oddball	n/a	n/a	n/a	n/a	n/a
1912.514	0	956257	standard_tone	sapo_emerge	standard	n/a	n/a	n/a	n/a	n/a
1913.066	0	956533	clicker_press	sapo_emerge	response-received-arrow_up	n/a	n/a	n/a	n/a	arrow_up
1913.098	0	956549	report_window_begin	sapo_emerge	emerge-sapo-emerge-begin	n/a	n/a	n/a	n/a	n/a
1913.846	0	956923	clicker_press	sapo_emerge	response-received-arrow_up	n/a	n/a	n/a	n/a	arrow_up
1914.746	0	957373	clicker_press	sapo_emerge	response-received-arrow_up	n/a	n/a	n/a	n/a	arrow_up
1915.496	0	957748	clicker_press	sapo_emerge	response-received-arrow_up	n/a	n/a	n/a	n/a	arrow_up
1917.110	0	958555	depth_rating	sapo_emerge	rating-sapo-emerge-meditation_depth-4	4	n/a	n/a	n/a	n/a
1923.656	0	961828	clicker_press	sapo_emerge	response-received-arrow_up	n/a	n/a	n/a	n/a	arrow_up
1924.106	0	962053	clicker_press	sapo_emerge	response-received-arrow_up	n/a	n/a	n/a	n/a	arrow_up
1924.572	0	962286	clicker_press	sapo_emerge	response-received-arrow_up	n/a	n/a	n/a	n/a	arrow_up
1927.170	0	963585	confidence_rating	sapo_emerge	rating-sapo-emerge-confidence_depth-3	n/a	3	n/a	n/a	n/a
1930.600	0	965300	report_window_end	sapo_emerge	emerge-sapo-emerge-end	n/a	n/a	n/a	n/a	n/a
1930.600	0	965300	subblock_begin	sapo_emerge	subblock-begin	n/a	n/a	n/a	n/a	n/a
1930.602	0	965301	silence_begin	sapo_emerge	silence-begin	n/a	n/a	n/a	n/a	n/a
1930.616	0	965308	standard_tone	sapo_emerge	standard	n/a	n/a	n/a	n/a	n/a
1931.632	0	965816	standard_tone	sapo_emerge	standard	n/a	n/a	n/a	n/a	n/a
1932.648	0	966324	standard_tone	sapo_emerge	standard	n/a	n/a	n/a	n/a	n/a
1933.664	0	966832	standard_tone	sapo_emerge	standard	n/a	n/a	n/a	n/a	n/a
1934.680	0	967340	standard_tone	sapo_emerge	standard	n/a	n/a	n/a	n/a	n/a
1935.696	0	967848	standard_tone	sapo_emerge	standard	n/a	n/a	n/a	n/a	n/a
1936.712	0	968356	distractor_noise	sapo_emerge	distractor	n/a	n/a	n/a	n/a	n/a
1937.726	0	968863	standard_tone	sapo_emerge	standard	n/a	n/a	n/a	n/a	n/a
1938.742	0	969371	standard_tone	sapo_emerge	standard	n/a	n/a	n/a	n/a	n/a
1939.758	0	969879	standard_tone	sapo_emerge	standard	n/a	n/a	n/a	n/a	n/a
1940.774	0	970387	standard_tone	sapo_emerge	standard	n/a	n/a	n/a	n/a	n/a
1941.790	0	970895	standard_tone	sapo_emerge	standard	n/a	n/a	n/a	n/a	n/a
1942.806	0	971403	standard_tone	sapo_emerge	standard	n/a	n/a	n/a	n/a	n/a
1943.822	0	971911	oddball_tone	sapo_emerge	oddball	n/a	n/a	n/a	n/a	n/a
1944.838	0	972419	standard_tone	sapo_emerge	standard	n/a	n/a	n/a	n/a	n/a
1945.854	0	972927	standard_tone	sapo_emerge	standard	n/a	n/a	n/a	n/a	n/a
1946.870	0	973435	oddball_tone	sapo_emerge	oddball	n/a	n/a	n/a	n/a	n/a
1947.886	0	973943	standard_tone	sapo_emerge	standard	n/a	n/a	n/a	n/a	n/a
1948.900	0	974450	distractor_noise	sapo_emerge	distractor	n/a	n/a	n/a	n/a	n/a
1949.916	0	974958	standard_tone	sapo_emerge	standard	n/a	n/a	n/a	n/a	n/a
1950.932	0	975466	standard_tone	sapo_emerge	standard	n/a	n/a	n/a	n/a	n/a
1951.948	0	975974	standard_tone	sapo_emerge	standard	n/a	n/a	n/a	n/a	n/a
1952.964	0	976482	standard_tone	sapo_emerge	standard	n/a	n/a	n/a	n/a	n/a
1953.980	0	976990	standard_tone	sapo_emerge	standard	n/a	n/a	n/a	n/a	n/a
1954.996	0	977498	standard_tone	sapo_emerge	standard	n/a	n/a	n/a	n/a	n/a
1956.012	0	978006	standard_tone	sapo_emerge	standard	n/a	n/a	n/a	n/a	n/a
1957.028	0	978514	standard_tone	sapo_emerge	standard	n/a	n/a	n/a	n/a	n/a
1958.044	0	979022	standard_tone	sapo_emerge	standard	n/a	n/a	n/a	n/a	n/a
1959.060	0	979530	standard_tone	sapo_emerge	standard	n/a	n/a	n/a	n/a	n/a
1960.074	0	980037	oddball_tone	sapo_emerge	oddball	n/a	n/a	n/a	n/a	n/a
1961.090	0	980545	standard_tone	sapo_emerge	standard	n/a	n/a	n/a	n/a	n/a
1962.090	0	981045	standard_tone	sapo_emerge	standard	n/a	n/a	n/a	n/a	n/a
1963.106	0	981553	oddball_tone	sapo_emerge	oddball	n/a	n/a	n/a	n/a	n/a
1964.122	0	982061	standard_tone	sapo_emerge	standard	n/a	n/a	n/a	n/a	n/a
1965.138	0	982569	standard_tone	sapo_emerge	standard	n/a	n/a	n/a	n/a	n/a
1966.154	0	983077	standard_tone	sapo_emerge	standard	n/a	n/a	n/a	n/a	n/a
1967.170	0	983585	standard_tone	sapo_emerge	standard	n/a	n/a	n/a	n/a	n/a
1968.184	0	984092	standard_tone	sapo_emerge	standard	n/a	n/a	n/a	n/a	n/a
1969.204	0	984602	distractor_noise	sapo_emerge	distractor	n/a	n/a	n/a	n/a	n/a
1970.216	0	985108	standard_tone	sapo_emerge	standard	n/a	n/a	n/a	n/a	n/a
1971.232	0	985616	standard_tone	sapo_emerge	standard	n/a	n/a	n/a	n/a	n/a
1972.248	0	986124	standard_tone	sapo_emerge	standard	n/a	n/a	n/a	n/a	n/a
1973.264	0	986632	distractor_noise	sapo_emerge	distractor	n/a	n/a	n/a	n/a	n/a
1974.280	0	987140	standard_tone	sapo_emerge	standard	n/a	n/a	n/a	n/a	n/a
1975.296	0	987648	oddball_tone	sapo_emerge	oddball	n/a	n/a	n/a	n/a	n/a
1976.312	0	988156	standard_tone	sapo_emerge	standard	n/a	n/a	n/a	n/a	n/a
1977.326	0	988663	standard_tone	sapo_emerge	standard	n/a	n/a	n/a	n/a	n/a
1978.326	0	989163	standard_tone	sapo_emerge	standard	n/a	n/a	n/a	n/a	n/a
1979.342	0	989671	standard_tone	sapo_emerge	standard	n/a	n/a	n/a	n/a	n/a
1980.358	0	990179	standard_tone	sapo_emerge	standard	n/a	n/a	n/a	n/a	n/a
1981.374	0	990687	standard_tone	sapo_emerge	standard	n/a	n/a	n/a	n/a	n/a
1982.390	0	991195	standard_tone	sapo_emerge	standard	n/a	n/a	n/a	n/a	n/a
1983.406	0	991703	standard_tone	sapo_emerge	standard	n/a	n/a	n/a	n/a	n/a
1984.422	0	992211	distractor_noise	sapo_emerge	distractor	n/a	n/a	n/a	n/a	n/a
1985.438	0	992719	standard_tone	sapo_emerge	standard	n/a	n/a	n/a	n/a	n/a
1986.452	0	993226	standard_tone	sapo_emerge	standard	n/a	n/a	n/a	n/a	n/a
1987.452	0	993726	standard_tone	sapo_emerge	standard	n/a	n/a	n/a	n/a	n/a
1988.468	0	994234	standard_tone	sapo_emerge	standard	n/a	n/a	n/a	n/a	n/a
1989.484	0	994742	standard_tone	sapo_emerge	standard	n/a	n/a	n/a	n/a	n/a
1990.500	0	995250	standard_tone	sapo_emerge	standard	n/a	n/a	n/a	n/a	n/a
1991.516	0	995758	distractor_noise	sapo_emerge	distractor	n/a	n/a	n/a	n/a	n/a
1992.516	0	996258	standard_tone	sapo_emerge	standard	n/a	n/a	n/a	n/a	n/a
1993.530	0	996765	standard_tone	sapo_emerge	standard	n/a	n/a	n/a	n/a	n/a
1994.546	0	997273	distractor_noise	sapo_emerge	distractor	n/a	n/a	n/a	n/a	n/a
1995.562	0	997781	standard_tone	sapo_emerge	standard	n/a	n/a	n/a	n/a	n/a
1996.578	0	998289	standard_tone	sapo_emerge	standard	n/a	n/a	n/a	n/a	n/a
1997.594	0	998797	standard_tone	sapo_emerge	standard	n/a	n/a	n/a	n/a	n/a
1998.610	0	999305	standard_tone	sapo_emerge	standard	n/a	n/a	n/a	n/a	n/a
1999.626	0	999813	standard_tone	sapo_emerge	standard	n/a	n/a	n/a	n/a	n/a
2000.626	0	1000313	distractor_noise	sapo_emerge	distractor	n/a	n/a	n/a	n/a	n/a
2001.640	0	1000820	standard_tone	sapo_emerge	standard	n/a	n/a	n/a	n/a	n/a
2002.656	0	1001328	standard_tone	sapo_emerge	standard	n/a	n/a	n/a	n/a	n/a
2003.672	0	1001836	standard_tone	sapo_emerge	standard	n/a	n/a	n/a	n/a	n/a
2004.688	0	1002344	standard_tone	sapo_emerge	standard	n/a	n/a	n/a	n/a	n/a
2005.704	0	1002852	standard_tone	sapo_emerge	standard	n/a	n/a	n/a	n/a	n/a
2006.720	0	1003360	standard_tone	sapo_emerge	standard	n/a	n/a	n/a	n/a	n/a
2007.736	0	1003868	standard_tone	sapo_emerge	standard	n/a	n/a	n/a	n/a	n/a
2008.752	0	1004376	standard_tone	sapo_emerge	standard	n/a	n/a	n/a	n/a	n/a
2009.768	0	1004884	standard_tone	sapo_emerge	standard	n/a	n/a	n/a	n/a	n/a
2010.782	0	1005391	standard_tone	sapo_emerge	standard	n/a	n/a	n/a	n/a	n/a
2011.798	0	1005899	standard_tone	sapo_emerge	standard	n/a	n/a	n/a	n/a	n/a
2012.798	0	1006399	standard_tone	sapo_emerge	standard	n/a	n/a	n/a	n/a	n/a
2013.814	0	1006907	standard_tone	sapo_emerge	standard	n/a	n/a	n/a	n/a	n/a
2014.830	0	1007415	standard_tone	sapo_emerge	standard	n/a	n/a	n/a	n/a	n/a
2015.846	0	1007923	standard_tone	sapo_emerge	standard	n/a	n/a	n/a	n/a	n/a
2016.844	0	1008422	standard_tone	sapo_emerge	standard	n/a	n/a	n/a	n/a	n/a
2017.860	0	1008930	standard_tone	sapo_emerge	standard	n/a	n/a	n/a	n/a	n/a
2018.860	0	1009430	standard_tone	sapo_emerge	standard	n/a	n/a	n/a	n/a	n/a
2019.874	0	1009937	standard_tone	sapo_emerge	standard	n/a	n/a	n/a	n/a	n/a
2020.892	0	1010446	standard_tone	sapo_emerge	standard	n/a	n/a	n/a	n/a	n/a
2021.908	0	1010954	standard_tone	sapo_emerge	standard	n/a	n/a	n/a	n/a	n/a
2022.906	0	1011453	standard_tone	sapo_emerge	standard	n/a	n/a	n/a	n/a	n/a
2023.922	0	1011961	standard_tone	sapo_emerge	standard	n/a	n/a	n/a	n/a	n/a
2024.938	0	1012469	standard_tone	sapo_emerge	standard	n/a	n/a	n/a	n/a	n/a
2025.638	0	1012819	clicker_press	sapo_emerge	response-received-arrow_up	n/a	n/a	n/a	n/a	arrow_up
2025.654	0	1012827	report_window_begin	sapo_emerge	emerge-sapo-emerge-begin	n/a	n/a	n/a	n/a	n/a
2026.238	0	1013119	clicker_press	sapo_emerge	response-received-arrow_up	n/a	n/a	n/a	n/a	arrow_up
2026.854	0	1013427	clicker_press	sapo_emerge	response-received-arrow_up	n/a	n/a	n/a	n/a	arrow_up
2029.686	0	1014843	depth_rating	sapo_emerge	rating-sapo-emerge-meditation_depth-3	3	n/a	n/a	n/a	n/a
2036.096	0	1018048	clicker_press	sapo_emerge	response-received-arrow_up	n/a	n/a	n/a	n/a	arrow_up
2036.528	0	1018264	clicker_press	sapo_emerge	response-received-arrow_up	n/a	n/a	n/a	n/a	arrow_up
2036.978	0	1018489	clicker_press	sapo_emerge	response-received-arrow_up	n/a	n/a	n/a	n/a	arrow_up
2039.744	0	1019872	confidence_rating	sapo_emerge	rating-sapo-emerge-confidence_depth-3	n/a	3	n/a	n/a	n/a
2043.206	0	1021603	report_window_end	sapo_emerge	emerge-sapo-emerge-end	n/a	n/a	n/a	n/a	n/a
2043.206	0	1021603	subblock_begin	sapo_emerge	subblock-begin	n/a	n/a	n/a	n/a	n/a
2043.208	0	1021604	silence_begin	sapo_emerge	silence-begin	n/a	n/a	n/a	n/a	n/a
2043.222	0	1021611	standard_tone	sapo_emerge	standard	n/a	n/a	n/a	n/a	n/a
2044.238	0	1022119	standard_tone	sapo_emerge	standard	n/a	n/a	n/a	n/a	n/a
2045.254	0	1022627	standard_tone	sapo_emerge	standard	n/a	n/a	n/a	n/a	n/a
2046.270	0	1023135	oddball_tone	sapo_emerge	oddball	n/a	n/a	n/a	n/a	n/a
2047.286	0	1023643	standard_tone	sapo_emerge	standard	n/a	n/a	n/a	n/a	n/a
2048.302	0	1024151	distractor_noise	sapo_emerge	distractor	n/a	n/a	n/a	n/a	n/a
2049.318	0	1024659	standard_tone	sapo_emerge	standard	n/a	n/a	n/a	n/a	n/a
2050.334	0	1025167	distractor_noise	sapo_emerge	distractor	n/a	n/a	n/a	n/a	n/a
2051.350	0	1025675	standard_tone	sapo_emerge	standard	n/a	n/a	n/a	n/a	n/a
2052.366	0	1026183	oddball_tone	sapo_emerge	oddball	n/a	n/a	n/a	n/a	n/a
2053.364	0	1026682	standard_tone	sapo_emerge	standard	n/a	n/a	n/a	n/a	n/a
2054.380	0	1027190	standard_tone	sapo_emerge	standard	n/a	n/a	n/a	n/a	n/a
2055.396	0	1027698	distractor_noise	sapo_emerge	distractor	n/a	n/a	n/a	n/a	n/a
2056.412	0	1028206	standard_tone	sapo_emerge	standard	n/a	n/a	n/a	n/a	n/a
2057.428	0	1028714	distractor_noise	sapo_emerge	distractor	n/a	n/a	n/a	n/a	n/a
2058.444	0	1029222	oddball_tone	sapo_emerge	oddball	n/a	n/a	n/a	n/a	n/a
2059.460	0	1029730	distractor_noise	sapo_emerge	distractor	n/a	n/a	n/a	n/a	n/a
2060.476	0	1030238	standard_tone	sapo_emerge	standard	n/a	n/a	n/a	n/a	n/a
2061.476	0	1030738	standard_tone	sapo_emerge	standard	n/a	n/a	n/a	n/a	n/a
2062.490	0	1031245	standard_tone	sapo_emerge	standard	n/a	n/a	n/a	n/a	n/a
2063.506	0	1031753	standard_tone	sapo_emerge	standard	n/a	n/a	n/a	n/a	n/a
2064.522	0	1032261	standard_tone	sapo_emerge	standard	n/a	n/a	n/a	n/a	n/a
2065.538	0	1032769	oddball_tone	sapo_emerge	oddball	n/a	n/a	n/a	n/a	n/a
2066.554	0	1033277	standard_tone	sapo_emerge	standard	n/a	n/a	n/a	n/a	n/a
2067.570	0	1033785	distractor_noise	sapo_emerge	distractor	n/a	n/a	n/a	n/a	n/a
2068.586	0	1034293	standard_tone	sapo_emerge	standard	n/a	n/a	n/a	n/a	n/a
2069.602	0	1034801	standard_tone	sapo_emerge	standard	n/a	n/a	n/a	n/a	n/a
2070.616	0	1035308	standard_tone	sapo_emerge	standard	n/a	n/a	n/a	n/a	n/a
2071.632	0	1035816	oddball_tone	sapo_emerge	oddball	n/a	n/a	n/a	n/a	n/a
2072.632	0	1036316	standard_tone	sapo_emerge	standard	n/a	n/a	n/a	n/a	n/a
2073.648	0	1036824	standard_tone	sapo_emerge	standard	n/a	n/a	n/a	n/a	n/a
2074.664	0	1037332	distractor_noise	sapo_emerge	distractor	n/a	n/a	n/a	n/a	n/a
2075.680	0	1037840	standard_tone	sapo_emerge	standard	n/a	n/a	n/a	n/a	n/a
2076.694	0	1038347	oddball_tone	sapo_emerge	oddball	n/a	n/a	n/a	n/a	n/a
2077.712	0	1038856	standard_tone	sapo_emerge	standard	n/a	n/a	n/a	n/a	n/a
2078.726	0	1039363	standard_tone	sapo_emerge	standard	n/a	n/a	n/a	n/a	n/a
2079.742	0	1039871	standard_tone	sapo_emerge	standard	n/a	n/a	n/a	n/a	n/a
2080.758	0	1040379	standard_tone	sapo_emerge	standard	n/a	n/a	n/a	n/a	n/a
2081.774	0	1040887	oddball_tone	sapo_emerge	oddball	n/a	n/a	n/a	n/a	n/a
2082.790	0	1041395	distractor_noise	sapo_emerge	distractor	n/a	n/a	n/a	n/a	n/a
2083.806	0	1041903	standard_tone	sapo_emerge	standard	n/a	n/a	n/a	n/a	n/a
2084.822	0	1042411	standard_tone	sapo_emerge	standard	n/a	n/a	n/a	n/a	n/a
2085.838	0	1042919	oddball_tone	sapo_emerge	oddball	n/a	n/a	n/a	n/a	n/a
2086.854	0	1043427	standard_tone	sapo_emerge	standard	n/a	n/a	n/a	n/a	n/a
2087.870	0	1043935	standard_tone	sapo_emerge	standard	n/a	n/a	n/a	n/a	n/a
2088.884	0	1044442	standard_tone	sapo_emerge	standard	n/a	n/a	n/a	n/a	n/a
2089.900	0	1044950	standard_tone	sapo_emerge	standard	n/a	n/a	n/a	n/a	n/a
2090.918	0	1045459	standard_tone	sapo_emerge	standard	n/a	n/a	n/a	n/a	n/a
2091.932	0	1045966	standard_tone	sapo_emerge	standard	n/a	n/a	n/a	n/a	n/a
2092.948	0	1046474	distractor_noise	sapo_emerge	distractor	n/a	n/a	n/a	n/a	n/a
2093.964	0	1046982	oddball_tone	sapo_emerge	oddball	n/a	n/a	n/a	n/a	n/a
2094.964	0	1047482	distractor_noise	sapo_emerge	distractor	n/a	n/a	n/a	n/a	n/a
2095.980	0	1047990	standard_tone	sapo_emerge	standard	n/a	n/a	n/a	n/a	n/a
2096.996	0	1048498	standard_tone	sapo_emerge	standard	n/a	n/a	n/a	n/a	n/a
2098.010	0	1049005	standard_tone	sapo_emerge	standard	n/a	n/a	n/a	n/a	n/a
2099.026	0	1049513	standard_tone	sapo_emerge	standard	n/a	n/a	n/a	n/a	n/a
2100.042	0	1050021	standard_tone	sapo_emerge	standard	n/a	n/a	n/a	n/a	n/a
2101.058	0	1050529	standard_tone	sapo_emerge	standard	n/a	n/a	n/a	n/a	n/a
2102.058	0	1051029	standard_tone	sapo_emerge	standard	n/a	n/a	n/a	n/a	n/a
2103.074	0	1051537	standard_tone	sapo_emerge	standard	n/a	n/a	n/a	n/a	n/a
2104.090	0	1052045	standard_tone	sapo_emerge	standard	n/a	n/a	n/a	n/a	n/a
2105.106	0	1052553	standard_tone	sapo_emerge	standard	n/a	n/a	n/a	n/a	n/a
2106.120	0	1053060	standard_tone	sapo_emerge	standard	n/a	n/a	n/a	n/a	n/a
2107.136	0	1053568	standard_tone	sapo_emerge	standard	n/a	n/a	n/a	n/a	n/a
2108.152	0	1054076	standard_tone	sapo_emerge	standard	n/a	n/a	n/a	n/a	n/a
2109.168	0	1054584	standard_tone	sapo_emerge	standard	n/a	n/a	n/a	n/a	n/a
2110.184	0	1055092	standard_tone	sapo_emerge	standard	n/a	n/a	n/a	n/a	n/a
2111.200	0	1055600	standard_tone	sapo_emerge	standard	n/a	n/a	n/a	n/a	n/a
2112.216	0	1056108	standard_tone	sapo_emerge	standard	n/a	n/a	n/a	n/a	n/a
2113.232	0	1056616	standard_tone	sapo_emerge	standard	n/a	n/a	n/a	n/a	n/a
2114.248	0	1057124	standard_tone	sapo_emerge	standard	n/a	n/a	n/a	n/a	n/a
2115.264	0	1057632	standard_tone	sapo_emerge	standard	n/a	n/a	n/a	n/a	n/a
2116.278	0	1058139	standard_tone	sapo_emerge	standard	n/a	n/a	n/a	n/a	n/a
2117.294	0	1058647	standard_tone	sapo_emerge	standard	n/a	n/a	n/a	n/a	n/a
2118.310	0	1059155	standard_tone	sapo_emerge	standard	n/a	n/a	n/a	n/a	n/a
2119.326	0	1059663	standard_tone	sapo_emerge	standard	n/a	n/a	n/a	n/a	n/a
2120.342	0	1060171	standard_tone	sapo_emerge	standard	n/a	n/a	n/a	n/a	n/a
2121.358	0	1060679	standard_tone	sapo_emerge	standard	n/a	n/a	n/a	n/a	n/a
2122.374	0	1061187	standard_tone	sapo_emerge	standard	n/a	n/a	n/a	n/a	n/a
2123.374	0	1061687	standard_tone	sapo_emerge	standard	n/a	n/a	n/a	n/a	n/a
2124.388	0	1062194	standard_tone	sapo_emerge	standard	n/a	n/a	n/a	n/a	n/a
2125.404	0	1062702	standard_tone	sapo_emerge	standard	n/a	n/a	n/a	n/a	n/a
2126.420	0	1063210	standard_tone	sapo_emerge	standard	n/a	n/a	n/a	n/a	n/a
2127.436	0	1063718	standard_tone	sapo_emerge	standard	n/a	n/a	n/a	n/a	n/a
2128.452	0	1064226	standard_tone	sapo_emerge	standard	n/a	n/a	n/a	n/a	n/a
2129.452	0	1064726	oddball_tone	sapo_emerge	oddball	n/a	n/a	n/a	n/a	n/a
2130.468	0	1065234	standard_tone	sapo_emerge	standard	n/a	n/a	n/a	n/a	n/a
2131.484	0	1065742	standard_tone	sapo_emerge	standard	n/a	n/a	n/a	n/a	n/a
2132.498	0	1066249	standard_tone	sapo_emerge	standard	n/a	n/a	n/a	n/a	n/a
2133.514	0	1066757	standard_tone	sapo_emerge	standard	n/a	n/a	n/a	n/a	n/a
2134.530	0	1067265	standard_tone	sapo_emerge	standard	n/a	n/a	n/a	n/a	n/a
2135.546	0	1067773	standard_tone	sapo_emerge	standard	n/a	n/a	n/a	n/a	n/a
2136.546	0	1068273	standard_tone	sapo_emerge	standard	n/a	n/a	n/a	n/a	n/a
2137.562	0	1068781	standard_tone	sapo_emerge	standard	n/a	n/a	n/a	n/a	n/a
2138.578	0	1069289	standard_tone	sapo_emerge	standard	n/a	n/a	n/a	n/a	n/a
2139.578	0	1069789	standard_tone	sapo_emerge	standard	n/a	n/a	n/a	n/a	n/a
2140.592	0	1070296	standard_tone	sapo_emerge	standard	n/a	n/a	n/a	n/a	n/a
2141.608	0	1070804	standard_tone	sapo_emerge	standard	n/a	n/a	n/a	n/a	n/a
2142.624	0	1071312	oddball_tone	sapo_emerge	oddball	n/a	n/a	n/a	n/a	n/a
2143.624	0	1071812	standard_tone	sapo_emerge	standard	n/a	n/a	n/a	n/a	n/a
2144.638	0	1072319	standard_tone	sapo_emerge	standard	n/a	n/a	n/a	n/a	n/a
2145.654	0	1072827	standard_tone	sapo_emerge	standard	n/a	n/a	n/a	n/a	n/a
2146.172	0	1073086	silence_end	sapo_emerge	silence-end	n/a	n/a	n/a	n/a	n/a
2146.172	0	1073086	gong_begin	sapo_emerge	gong-begin	n/a	n/a	n/a	n/a	n/a
2146.670	0	1073335	standard_tone	sapo_emerge	standard	n/a	n/a	n/a	n/a	n/a
2147.686	0	1073843	standard_tone	sapo_emerge	standard	n/a	n/a	n/a	n/a	n/a
2148.702	0	1074351	standard_tone	sapo_emerge	standard	n/a	n/a	n/a	n/a	n/a
2149.718	0	1074859	standard_tone	sapo_emerge	standard	n/a	n/a	n/a	n/a	n/a
2150.734	0	1075367	standard_tone	sapo_emerge	standard	n/a	n/a	n/a	n/a	n/a
2151.750	0	1075875	standard_tone	sapo_emerge	standard	n/a	n/a	n/a	n/a	n/a
2152.766	0	1076383	standard_tone	sapo_emerge	standard	n/a	n/a	n/a	n/a	n/a
2153.782	0	1076891	oddball_tone	sapo_emerge	oddball	n/a	n/a	n/a	n/a	n/a
2154.798	0	1077399	distractor_noise	sapo_emerge	distractor	n/a	n/a	n/a	n/a	n/a
2155.814	0	1077907	standard_tone	sapo_emerge	standard	n/a	n/a	n/a	n/a	n/a
2156.180	0	1078090	gong_end	sapo_emerge	gong-end	n/a	n/a	n/a	n/a	n/a
2156.180	0	1078090	subblock_end	sapo_emerge	subblock-end-duration-112.973	n/a	n/a	n/a	112.973	n/a
2156.180	0	1078090	subblock_begin	sapo_emerge	subblock-begin	n/a	n/a	n/a	n/a	n/a
2156.180	0	1078090	silence_begin	sapo_emerge	silence-begin	n/a	n/a	n/a	n/a	n/a
2156.828	0	1078414	standard_tone	sapo_emerge	standard	n/a	n/a	n/a	n/a	n/a
2157.844	0	1078922	standard_tone	sapo_emerge	standard	n/a	n/a	n/a	n/a	n/a
2158.860	0	1079430	standard_tone	sapo_emerge	standard	n/a	n/a	n/a	n/a	n/a
2159.876	0	1079938	oddball_tone	sapo_emerge	oddball	n/a	n/a	n/a	n/a	n/a
2160.892	0	1080446	standard_tone	sapo_emerge	standard	n/a	n/a	n/a	n/a	n/a
2161.908	0	1080954	distractor_noise	sapo_emerge	distractor	n/a	n/a	n/a	n/a	n/a
2162.906	0	1081453	oddball_tone	sapo_emerge	oddball	n/a	n/a	n/a	n/a	n/a
2163.924	0	1081962	distractor_noise	sapo_emerge	distractor	n/a	n/a	n/a	n/a	n/a
2164.938	0	1082469	standard_tone	sapo_emerge	standard	n/a	n/a	n/a	n/a	n/a
2165.954	0	1082977	standard_tone	sapo_emerge	standard	n/a	n/a	n/a	n/a	n/a
2166.970	0	1083485	oddball_tone	sapo_emerge	oddball	n/a	n/a	n/a	n/a	n/a
2167.986	0	1083993	standard_tone	sapo_emerge	standard	n/a	n/a	n/a	n/a	n/a
2169.002	0	1084501	standard_tone	sapo_emerge	standard	n/a	n/a	n/a	n/a	n/a
2170.002	0	1085001	standard_tone	sapo_emerge	standard	n/a	n/a	n/a	n/a	n/a
2171.018	0	1085509	standard_tone	sapo_emerge	standard	n/a	n/a	n/a	n/a	n/a
2172.032	0	1086016	standard_tone	sapo_emerge	standard	n/a	n/a	n/a	n/a	n/a
2173.048	0	1086524	standard_tone	sapo_emerge	standard	n/a	n/a	n/a	n/a	n/a
2174.064	0	1087032	oddball_tone	sapo_emerge	oddball	n/a	n/a	n/a	n/a	n/a
2175.080	0	1087540	standard_tone	sapo_emerge	standard	n/a	n/a	n/a	n/a	n/a
2176.096	0	1088048	standard_tone	sapo_emerge	standard	n/a	n/a	n/a	n/a	n/a
2177.112	0	1088556	oddball_tone	sapo_emerge	oddball	n/a	n/a	n/a	n/a	n/a
2178.112	0	1089056	standard_tone	sapo_emerge	standard	n/a	n/a	n/a	n/a	n/a
2179.128	0	1089564	standard_tone	sapo_emerge	standard	n/a	n/a	n/a	n/a	n/a
2180.140	0	1090070	distractor_noise	sapo_emerge	distractor	n/a	n/a	n/a	n/a	n/a
2181.142	0	1090571	standard_tone	sapo_emerge	standard	n/a	n/a	n/a	n/a	n/a
2182.158	0	1091079	standard_tone	sapo_emerge	standard	n/a	n/a	n/a	n/a	n/a
2183.174	0	1091587	standard_tone	sapo_emerge	standard	n/a	n/a	n/a	n/a	n/a
2184.190	0	1092095	distractor_noise	sapo_emerge	distractor	n/a	n/a	n/a	n/a	n/a
2185.204	0	1092602	standard_tone	sapo_emerge	standard	n/a	n/a	n/a	n/a	n/a
2186.222	0	1093111	standard_tone	sapo_emerge	standard	n/a	n/a	n/a	n/a	n/a
2187.238	0	1093619	standard_tone	sapo_emerge	standard	n/a	n/a	n/a	n/a	n/a
2188.252	0	1094126	standard_tone	sapo_emerge	standard	n/a	n/a	n/a	n/a	n/a
2189.268	0	1094634	standard_tone	sapo_emerge	standard	n/a	n/a	n/a	n/a	n/a
2190.284	0	1095142	standard_tone	sapo_emerge	standard	n/a	n/a	n/a	n/a	n/a
2191.284	0	1095642	standard_tone	sapo_emerge	standard	n/a	n/a	n/a	n/a	n/a
2192.300	0	1096150	standard_tone	sapo_emerge	standard	n/a	n/a	n/a	n/a	n/a
2193.316	0	1096658	standard_tone	sapo_emerge	standard	n/a	n/a	n/a	n/a	n/a
2194.330	0	1097165	standard_tone	sapo_emerge	standard	n/a	n/a	n/a	n/a	n/a
2195.348	0	1097674	standard_tone	sapo_emerge	standard	n/a	n/a	n/a	n/a	n/a
2196.346	0	1098173	standard_tone	sapo_emerge	standard	n/a	n/a	n/a	n/a	n/a
2197.362	0	1098681	oddball_tone	sapo_emerge	oddball	n/a	n/a	n/a	n/a	n/a
2198.378	0	1099189	standard_tone	sapo_emerge	standard	n/a	n/a	n/a	n/a	n/a
2199.394	0	1099697	standard_tone	sapo_emerge	standard	n/a	n/a	n/a	n/a	n/a
2200.410	0	1100205	standard_tone	sapo_emerge	standard	n/a	n/a	n/a	n/a	n/a
2201.426	0	1100713	standard_tone	sapo_emerge	standard	n/a	n/a	n/a	n/a	n/a
2202.440	0	1101220	distractor_noise	sapo_emerge	distractor	n/a	n/a	n/a	n/a	n/a
2203.456	0	1101728	standard_tone	sapo_emerge	standard	n/a	n/a	n/a	n/a	n/a
2204.458	0	1102229	standard_tone	sapo_emerge	standard	n/a	n/a	n/a	n/a	n/a
2205.472	0	1102736	oddball_tone	sapo_emerge	oddball	n/a	n/a	n/a	n/a	n/a
2206.488	0	1103244	standard_tone	sapo_emerge	standard	n/a	n/a	n/a	n/a	n/a
2207.504	0	1103752	standard_tone	sapo_emerge	standard	n/a	n/a	n/a	n/a	n/a
2208.520	0	1104260	standard_tone	sapo_emerge	standard	n/a	n/a	n/a	n/a	n/a
2209.518	0	1104759	standard_tone	sapo_emerge	standard	n/a	n/a	n/a	n/a	n/a
2210.534	0	1105267	standard_tone	sapo_emerge	standard	n/a	n/a	n/a	n/a	n/a
2211.550	0	1105775	standard_tone	sapo_emerge	standard	n/a	n/a	n/a	n/a	n/a
2212.566	0	1106283	standard_tone	sapo_emerge	standard	n/a	n/a	n/a	n/a	n/a
2213.582	0	1106791	oddball_tone	sapo_emerge	oddball	n/a	n/a	n/a	n/a	n/a
2214.598	0	1107299	standard_tone	sapo_emerge	standard	n/a	n/a	n/a	n/a	n/a
2215.614	0	1107807	standard_tone	sapo_emerge	standard	n/a	n/a	n/a	n/a	n/a
2216.630	0	1108315	standard_tone	sapo_emerge	standard	n/a	n/a	n/a	n/a	n/a
2217.646	0	1108823	standard_tone	sapo_emerge	standard	n/a	n/a	n/a	n/a	n/a
2218.662	0	1109331	standard_tone	sapo_emerge	standard	n/a	n/a	n/a	n/a	n/a
2219.676	0	1109838	oddball_tone	sapo_emerge	oddball	n/a	n/a	n/a	n/a	n/a
2220.692	0	1110346	standard_tone	sapo_emerge	standard	n/a	n/a	n/a	n/a	n/a
2221.708	0	1110854	standard_tone	sapo_emerge	standard	n/a	n/a	n/a	n/a	n/a
2222.724	0	1111362	standard_tone	sapo_emerge	standard	n/a	n/a	n/a	n/a	n/a
2223.724	0	1111862	standard_tone	sapo_emerge	standard	n/a	n/a	n/a	n/a	n/a
2224.740	0	1112370	standard_tone	sapo_emerge	standard	n/a	n/a	n/a	n/a	n/a
2225.756	0	1112878	standard_tone	sapo_emerge	standard	n/a	n/a	n/a	n/a	n/a
2226.770	0	1113385	standard_tone	sapo_emerge	standard	n/a	n/a	n/a	n/a	n/a
2227.770	0	1113885	distractor_noise	sapo_emerge	distractor	n/a	n/a	n/a	n/a	n/a
2228.786	0	1114393	standard_tone	sapo_emerge	standard	n/a	n/a	n/a	n/a	n/a
2229.802	0	1114901	standard_tone	sapo_emerge	standard	n/a	n/a	n/a	n/a	n/a
2230.818	0	1115409	standard_tone	sapo_emerge	standard	n/a	n/a	n/a	n/a	n/a
2231.834	0	1115917	standard_tone	sapo_emerge	standard	n/a	n/a	n/a	n/a	n/a
2232.850	0	1116425	standard_tone	sapo_emerge	standard	n/a	n/a	n/a	n/a	n/a
2233.864	0	1116932	distractor_noise	sapo_emerge	distractor	n/a	n/a	n/a	n/a	n/a
2234.880	0	1117440	standard_tone	sapo_emerge	standard	n/a	n/a	n/a	n/a	n/a
2235.048	0	1117524	clicker_press	sapo_emerge	response-received-arrow_up	n/a	n/a	n/a	n/a	arrow_up
2235.064	0	1117532	report_window_begin	sapo_emerge	emerge-sapo-emerge-begin	n/a	n/a	n/a	n/a	n/a
2236.214	0	1118107	clicker_press	sapo_emerge	response-received-arrow_up	n/a	n/a	n/a	n/a	arrow_up
2239.078	0	1119539	depth_rating	sapo_emerge	rating-sapo-emerge-meditation_depth-2	2	n/a	n/a	n/a	n/a
2245.456	0	1122728	clicker_press	sapo_emerge	response-received-arrow_up	n/a	n/a	n/a	n/a	arrow_up
2246.222	0	1123111	clicker_press	sapo_emerge	response-received-arrow_up	n/a	n/a	n/a	n/a	arrow_up
2249.136	0	1124568	confidence_rating	sapo_emerge	rating-sapo-emerge-confidence_depth-2	n/a	2	n/a	n/a	n/a
2252.616	0	1126308	report_window_end	sapo_emerge	emerge-sapo-emerge-end	n/a	n/a	n/a	n/a	n/a
2252.618	0	1126309	subblock_begin	sapo_emerge	subblock-begin	n/a	n/a	n/a	n/a	n/a
2252.618	0	1126309	silence_begin	sapo_emerge	silence-begin	n/a	n/a	n/a	n/a	n/a
2252.618	0	1126309	standard_tone	sapo_emerge	standard	n/a	n/a	n/a	n/a	n/a
2253.632	0	1126816	standard_tone	sapo_emerge	standard	n/a	n/a	n/a	n/a	n/a
2254.648	0	1127324	standard_tone	sapo_emerge	standard	n/a	n/a	n/a	n/a	n/a
2255.648	0	1127824	standard_tone	sapo_emerge	standard	n/a	n/a	n/a	n/a	n/a
2256.662	0	1128331	standard_tone	sapo_emerge	standard	n/a	n/a	n/a	n/a	n/a
2257.678	0	1128839	distractor_noise	sapo_emerge	distractor	n/a	n/a	n/a	n/a	n/a
2258.694	0	1129347	standard_tone	sapo_emerge	standard	n/a	n/a	n/a	n/a	n/a
2259.710	0	1129855	oddball_tone	sapo_emerge	oddball	n/a	n/a	n/a	n/a	n/a
2260.726	0	1130363	standard_tone	sapo_emerge	standard	n/a	n/a	n/a	n/a	n/a
2261.742	0	1130871	distractor_noise	sapo_emerge	distractor	n/a	n/a	n/a	n/a	n/a
2262.758	0	1131379	standard_tone	sapo_emerge	standard	n/a	n/a	n/a	n/a	n/a
2263.774	0	1131887	standard_tone	sapo_emerge	standard	n/a	n/a	n/a	n/a	n/a
2264.790	0	1132395	standard_tone	sapo_emerge	standard	n/a	n/a	n/a	n/a	n/a
2265.806	0	1132903	standard_tone	sapo_emerge	standard	n/a	n/a	n/a	n/a	n/a
2266.822	0	1133411	distractor_noise	sapo_emerge	distractor	n/a	n/a	n/a	n/a	n/a
2267.836	0	1133918	oddball_tone	sapo_emerge	oddball	n/a	n/a	n/a	n/a	n/a
2268.852	0	1134426	standard_tone	sapo_emerge	standard	n/a	n/a	n/a	n/a	n/a
2269.868	0	1134934	standard_tone	sapo_emerge	standard	n/a	n/a	n/a	n/a	n/a
2270.884	0	1135442	oddball_tone	sapo_emerge	oddball	n/a	n/a	n/a	n/a	n/a
2271.900	0	1135950	distractor_noise	sapo_emerge	distractor	n/a	n/a	n/a	n/a	n/a
2272.916	0	1136458	standard_tone	sapo_emerge	standard	n/a	n/a	n/a	n/a	n/a
2273.932	0	1136966	oddball_tone	sapo_emerge	oddball	n/a	n/a	n/a	n/a	n/a
2274.948	0	1137474	standard_tone	sapo_emerge	standard	n/a	n/a	n/a	n/a	n/a
2275.946	0	1137973	standard_tone	sapo_emerge	standard	n/a	n/a	n/a	n/a	n/a
2276.962	0	1138481	distractor_noise	sapo_emerge	distractor	n/a	n/a	n/a	n/a	n/a
2277.978	0	1138989	standard_tone	sapo_emerge	standard	n/a	n/a	n/a	n/a	n/a
2278.994	0	1139497	distractor_noise	sapo_emerge	distractor	n/a	n/a	n/a	n/a	n/a
2279.994	0	1139997	standard_tone	sapo_emerge	standard	n/a	n/a	n/a	n/a	n/a
2281.010	0	1140505	standard_tone	sapo_emerge	standard	n/a	n/a	n/a	n/a	n/a
2282.026	0	1141013	standard_tone	sapo_emerge	standard	n/a	n/a	n/a	n/a	n/a
2283.040	0	1141520	standard_tone	sapo_emerge	standard	n/a	n/a	n/a	n/a	n/a
2284.056	0	1142028	standard_tone	sapo_emerge	standard	n/a	n/a	n/a	n/a	n/a
2285.072	0	1142536	distractor_noise	sapo_emerge	distractor	n/a	n/a	n/a	n/a	n/a
2286.088	0	1143044	standard_tone	sapo_emerge	standard	n/a	n/a	n/a	n/a	n/a
2287.104	0	1143552	standard_tone	sapo_emerge	standard	n/a	n/a	n/a	n/a	n/a
2288.120	0	1144060	standard_tone	sapo_emerge	standard	n/a	n/a	n/a	n/a	n/a
2289.136	0	1144568	standard_tone	sapo_emerge	standard	n/a	n/a	n/a	n/a	n/a
2290.152	0	1145076	standard_tone	sapo_emerge	standard	n/a	n/a	n/a	n/a	n/a
2291.168	0	1145584	standard_tone	sapo_emerge	standard	n/a	n/a	n/a	n/a	n/a
2292.184	0	1146092	standard_tone	sapo_emerge	standard	n/a	n/a	n/a	n/a	n/a
2293.198	0	1146599	oddball_tone	sapo_emerge	oddball	n/a	n/a	n/a	n/a	n/a
2294.198	0	1147099	standard_tone	sapo_emerge	standard	n/a	n/a	n/a	n/a	n/a
2295.214	0	1147607	distractor_noise	sapo_emerge	distractor	n/a	n/a	n/a	n/a	n/a
2296.230	0	1148115	standard_tone	sapo_emerge	standard	n/a	n/a	n/a	n/a	n/a
2297.230	0	1148615	standard_tone	sapo_emerge	standard	n/a	n/a	n/a	n/a	n/a
2298.246	0	1149123	standard_tone	sapo_emerge	standard	n/a	n/a	n/a	n/a	n/a
2299.260	0	1149630	standard_tone	sapo_emerge	standard	n/a	n/a	n/a	n/a	n/a
2300.276	0	1150138	standard_tone	sapo_emerge	standard	n/a	n/a	n/a	n/a	n/a
2301.276	0	1150638	standard_tone	sapo_emerge	standard	n/a	n/a	n/a	n/a	n/a
2302.292	0	1151146	standard_tone	sapo_emerge	standard	n/a	n/a	n/a	n/a	n/a
2303.308	0	1151654	standard_tone	sapo_emerge	standard	n/a	n/a	n/a	n/a	n/a
2304.324	0	1152162	standard_tone	sapo_emerge	standard	n/a	n/a	n/a	n/a	n/a
2305.340	0	1152670	standard_tone	sapo_emerge	standard	n/a	n/a	n/a	n/a	n/a
2306.356	0	1153178	standard_tone	sapo_emerge	standard	n/a	n/a	n/a	n/a	n/a
2307.372	0	1153686	standard_tone	sapo_emerge	standard	n/a	n/a	n/a	n/a	n/a
2308.388	0	1154194	distractor_noise	sapo_emerge	distractor	n/a	n/a	n/a	n/a	n/a
2309.402	0	1154701	standard_tone	sapo_emerge	standard	n/a	n/a	n/a	n/a	n/a
2310.418	0	1155209	standard_tone	sapo_emerge	standard	n/a	n/a	n/a	n/a	n/a
2311.434	0	1155717	standard_tone	sapo_emerge	standard	n/a	n/a	n/a	n/a	n/a
2312.450	0	1156225	standard_tone	sapo_emerge	standard	n/a	n/a	n/a	n/a	n/a
2313.466	0	1156733	standard_tone	sapo_emerge	standard	n/a	n/a	n/a	n/a	n/a
2314.482	0	1157241	oddball_tone	sapo_emerge	oddball	n/a	n/a	n/a	n/a	n/a
2315.480	0	1157740	standard_tone	sapo_emerge	standard	n/a	n/a	n/a	n/a	n/a
2316.496	0	1158248	oddball_tone	sapo_emerge	oddball	n/a	n/a	n/a	n/a	n/a
2317.512	0	1158756	distractor_noise	sapo_emerge	distractor	n/a	n/a	n/a	n/a	n/a
2318.528	0	1159264	standard_tone	sapo_emerge	standard	n/a	n/a	n/a	n/a	n/a
2319.528	0	1159764	standard_tone	sapo_emerge	standard	n/a	n/a	n/a	n/a	n/a
2320.544	0	1160272	distractor_noise	sapo_emerge	distractor	n/a	n/a	n/a	n/a	n/a
2321.542	0	1160771	standard_tone	sapo_emerge	standard	n/a	n/a	n/a	n/a	n/a
2322.558	0	1161279	distractor_noise	sapo_emerge	distractor	n/a	n/a	n/a	n/a	n/a
2323.574	0	1161787	standard_tone	sapo_emerge	standard	n/a	n/a	n/a	n/a	n/a
2324.590	0	1162295	standard_tone	sapo_emerge	standard	n/a	n/a	n/a	n/a	n/a
2325.606	0	1162803	standard_tone	sapo_emerge	standard	n/a	n/a	n/a	n/a	n/a
2326.622	0	1163311	standard_tone	sapo_emerge	standard	n/a	n/a	n/a	n/a	n/a
2327.638	0	1163819	oddball_tone	sapo_emerge	oddball	n/a	n/a	n/a	n/a	n/a
2328.654	0	1164327	distractor_noise	sapo_emerge	distractor	n/a	n/a	n/a	n/a	n/a
2329.670	0	1164835	standard_tone	sapo_emerge	standard	n/a	n/a	n/a	n/a	n/a
2330.686	0	1165343	standard_tone	sapo_emerge	standard	n/a	n/a	n/a	n/a	n/a
2331.700	0	1165850	distractor_noise	sapo_emerge	distractor	n/a	n/a	n/a	n/a	n/a
2332.716	0	1166358	oddball_tone	sapo_emerge	oddball	n/a	n/a	n/a	n/a	n/a
2333.716	0	1166858	standard_tone	sapo_emerge	standard	n/a	n/a	n/a	n/a	n/a
2334.732	0	1167366	standard_tone	sapo_emerge	standard	n/a	n/a	n/a	n/a	n/a
2335.730	0	1167865	standard_tone	sapo_emerge	standard	n/a	n/a	n/a	n/a	n/a
2336.746	0	1168373	standard_tone	sapo_emerge	standard	n/a	n/a	n/a	n/a	n/a
2337.746	0	1168873	standard_tone	sapo_emerge	standard	n/a	n/a	n/a	n/a	n/a
2338.762	0	1169381	standard_tone	sapo_emerge	standard	n/a	n/a	n/a	n/a	n/a
2339.778	0	1169889	standard_tone	sapo_emerge	standard	n/a	n/a	n/a	n/a	n/a
2340.794	0	1170397	standard_tone	sapo_emerge	standard	n/a	n/a	n/a	n/a	n/a
2341.808	0	1170904	standard_tone	sapo_emerge	standard	n/a	n/a	n/a	n/a	n/a
2342.824	0	1171412	standard_tone	sapo_emerge	standard	n/a	n/a	n/a	n/a	n/a
2343.840	0	1171920	oddball_tone	sapo_emerge	oddball	n/a	n/a	n/a	n/a	n/a
2344.840	0	1172420	distractor_noise	sapo_emerge	distractor	n/a	n/a	n/a	n/a	n/a
2345.854	0	1172927	standard_tone	sapo_emerge	standard	n/a	n/a	n/a	n/a	n/a
2346.856	0	1173428	distractor_noise	sapo_emerge	distractor	n/a	n/a	n/a	n/a	n/a
2347.870	0	1173935	standard_tone	sapo_emerge	standard	n/a	n/a	n/a	n/a	n/a
2348.870	0	1174435	standard_tone	sapo_emerge	standard	n/a	n/a	n/a	n/a	n/a
2349.886	0	1174943	standard_tone	sapo_emerge	standard	n/a	n/a	n/a	n/a	n/a
2350.914	0	1175457	standard_tone	sapo_emerge	standard	n/a	n/a	n/a	n/a	n/a
2351.916	0	1175958	standard_tone	sapo_emerge	standard	n/a	n/a	n/a	n/a	n/a
2352.934	0	1176467	oddball_tone	sapo_emerge	oddball	n/a	n/a	n/a	n/a	n/a
2353.948	0	1176974	distractor_noise	sapo_emerge	distractor	n/a	n/a	n/a	n/a	n/a
2354.082	0	1177041	silence_end	sapo_emerge	silence-end	n/a	n/a	n/a	n/a	n/a
2354.216	0	1177108	gong_begin	sapo_emerge	gong-begin	n/a	n/a	n/a	n/a	n/a
2354.964	0	1177482	standard_tone	sapo_emerge	standard	n/a	n/a	n/a	n/a	n/a
2355.980	0	1177990	standard_tone	sapo_emerge	standard	n/a	n/a	n/a	n/a	n/a
2356.996	0	1178498	standard_tone	sapo_emerge	standard	n/a	n/a	n/a	n/a	n/a
2358.012	0	1179006	oddball_tone	sapo_emerge	oddball	n/a	n/a	n/a	n/a	n/a
2359.028	0	1179514	distractor_noise	sapo_emerge	distractor	n/a	n/a	n/a	n/a	n/a
2360.044	0	1180022	standard_tone	sapo_emerge	standard	n/a	n/a	n/a	n/a	n/a
2361.060	0	1180530	standard_tone	sapo_emerge	standard	n/a	n/a	n/a	n/a	n/a
2362.076	0	1181038	standard_tone	sapo_emerge	standard	n/a	n/a	n/a	n/a	n/a
2363.092	0	1181546	standard_tone	sapo_emerge	standard	n/a	n/a	n/a	n/a	n/a
2364.108	0	1182054	gong_end	sapo_emerge	gong-end	n/a	n/a	n/a	n/a	n/a
2364.108	0	1182054	subblock_end	sapo_emerge	subblock-end-duration-111.492	n/a	n/a	n/a	111.492	n/a
2364.110	0	1182055	subblock_begin	sapo_emerge	subblock-begin	n/a	n/a	n/a	n/a	n/a
2364.110	0	1182055	silence_begin	sapo_emerge	silence-begin	n/a	n/a	n/a	n/a	n/a
2364.124	0	1182062	standard_tone	sapo_emerge	standard	n/a	n/a	n/a	n/a	n/a
2365.140	0	1182570	standard_tone	sapo_emerge	standard	n/a	n/a	n/a	n/a	n/a
2366.156	0	1183078	standard_tone	sapo_emerge	standard	n/a	n/a	n/a	n/a	n/a
2367.172	0	1183586	standard_tone	sapo_emerge	standard	n/a	n/a	n/a	n/a	n/a
2368.188	0	1184094	standard_tone	sapo_emerge	standard	n/a	n/a	n/a	n/a	n/a
2369.202	0	1184601	standard_tone	sapo_emerge	standard	n/a	n/a	n/a	n/a	n/a
2370.202	0	1185101	standard_tone	sapo_emerge	standard	n/a	n/a	n/a	n/a	n/a
2371.218	0	1185609	standard_tone	sapo_emerge	standard	n/a	n/a	n/a	n/a	n/a
2372.234	0	1186117	distractor_noise	sapo_emerge	distractor	n/a	n/a	n/a	n/a	n/a
2373.232	0	1186616	oddball_tone	sapo_emerge	oddball	n/a	n/a	n/a	n/a	n/a
2374.248	0	1187124	standard_tone	sapo_emerge	standard	n/a	n/a	n/a	n/a	n/a
2375.264	0	1187632	standard_tone	sapo_emerge	standard	n/a	n/a	n/a	n/a	n/a
2376.280	0	1188140	standard_tone	sapo_emerge	standard	n/a	n/a	n/a	n/a	n/a
2377.296	0	1188648	standard_tone	sapo_emerge	standard	n/a	n/a	n/a	n/a	n/a
2378.312	0	1189156	standard_tone	sapo_emerge	standard	n/a	n/a	n/a	n/a	n/a
2379.328	0	1189664	standard_tone	sapo_emerge	standard	n/a	n/a	n/a	n/a	n/a
2380.328	0	1190164	standard_tone	sapo_emerge	standard	n/a	n/a	n/a	n/a	n/a
2381.342	0	1190671	standard_tone	sapo_emerge	standard	n/a	n/a	n/a	n/a	n/a
2382.358	0	1191179	standard_tone	sapo_emerge	standard	n/a	n/a	n/a	n/a	n/a
2383.374	0	1191687	standard_tone	sapo_emerge	standard	n/a	n/a	n/a	n/a	n/a
2384.374	0	1192187	standard_tone	sapo_emerge	standard	n/a	n/a	n/a	n/a	n/a
2385.390	0	1192695	standard_tone	sapo_emerge	standard	n/a	n/a	n/a	n/a	n/a
2386.406	0	1193203	standard_tone	sapo_emerge	standard	n/a	n/a	n/a	n/a	n/a
2387.404	0	1193702	standard_tone	sapo_emerge	standard	n/a	n/a	n/a	n/a	n/a
2388.422	0	1194211	standard_tone	sapo_emerge	standard	n/a	n/a	n/a	n/a	n/a
2389.436	0	1194718	standard_tone	sapo_emerge	standard	n/a	n/a	n/a	n/a	n/a
2390.452	0	1195226	standard_tone	sapo_emerge	standard	n/a	n/a	n/a	n/a	n/a
2391.468	0	1195734	standard_tone	sapo_emerge	standard	n/a	n/a	n/a	n/a	n/a
2392.484	0	1196242	standard_tone	sapo_emerge	standard	n/a	n/a	n/a	n/a	n/a
2393.500	0	1196750	standard_tone	sapo_emerge	standard	n/a	n/a	n/a	n/a	n/a
2394.516	0	1197258	distractor_noise	sapo_emerge	distractor	n/a	n/a	n/a	n/a	n/a
2395.532	0	1197766	standard_tone	sapo_emerge	standard	n/a	n/a	n/a	n/a	n/a
2396.548	0	1198274	oddball_tone	sapo_emerge	oddball	n/a	n/a	n/a	n/a	n/a
2397.562	0	1198781	standard_tone	sapo_emerge	standard	n/a	n/a	n/a	n/a	n/a
2398.578	0	1199289	standard_tone	sapo_emerge	standard	n/a	n/a	n/a	n/a	n/a
2399.594	0	1199797	standard_tone	sapo_emerge	standard	n/a	n/a	n/a	n/a	n/a
2400.610	0	1200305	standard_tone	sapo_emerge	standard	n/a	n/a	n/a	n/a	n/a
2401.626	0	1200813	standard_tone	sapo_emerge	standard	n/a	n/a	n/a	n/a	n/a
2402.642	0	1201321	oddball_tone	sapo_emerge	oddball	n/a	n/a	n/a	n/a	n/a
2403.658	0	1201829	standard_tone	sapo_emerge	standard	n/a	n/a	n/a	n/a	n/a
2404.674	0	1202337	standard_tone	sapo_emerge	standard	n/a	n/a	n/a	n/a	n/a
2405.674	0	1202837	distractor_noise	sapo_emerge	distractor	n/a	n/a	n/a	n/a	n/a
2406.688	0	1203344	standard_tone	sapo_emerge	standard	n/a	n/a	n/a	n/a	n/a
2407.706	0	1203853	standard_tone	sapo_emerge	standard	n/a	n/a	n/a	n/a	n/a
2408.720	0	1204360	standard_tone	sapo_emerge	standard	n/a	n/a	n/a	n/a	n/a
2409.738	0	1204869	standard_tone	sapo_emerge	standard	n/a	n/a	n/a	n/a	n/a
2410.752	0	1205376	oddball_tone	sapo_emerge	oddball	n/a	n/a	n/a	n/a	n/a
2411.768	0	1205884	standard_tone	sapo_emerge	standard	n/a	n/a	n/a	n/a	n/a
2412.784	0	1206392	standard_tone	sapo_emerge	standard	n/a	n/a	n/a	n/a	n/a
2413.800	0	1206900	standard_tone	sapo_emerge	standard	n/a	n/a	n/a	n/a	n/a
2414.816	0	1207408	standard_tone	sapo_emerge	standard	n/a	n/a	n/a	n/a	n/a
2415.832	0	1207916	distractor_noise	sapo_emerge	distractor	n/a	n/a	n/a	n/a	n/a
2416.846	0	1208423	standard_tone	sapo_emerge	standard	n/a	n/a	n/a	n/a	n/a
2417.862	0	1208931	standard_tone	sapo_emerge	standard	n/a	n/a	n/a	n/a	n/a
2418.862	0	1209431	standard_tone	sapo_emerge	standard	n/a	n/a	n/a	n/a	n/a
2419.878	0	1209939	standard_tone	sapo_emerge	standard	n/a	n/a	n/a	n/a	n/a
2420.894	0	1210447	standard_tone	sapo_emerge	standard	n/a	n/a	n/a	n/a	n/a
2421.910	0	1210955	standard_tone	sapo_emerge	standard	n/a	n/a	n/a	n/a	n/a
2422.926	0	1211463	oddball_tone	sapo_emerge	oddball	n/a	n/a	n/a	n/a	n/a
2423.942	0	1211971	standard_tone	sapo_emerge	standard	n/a	n/a	n/a	n/a	n/a
2424.958	0	1212479	distractor_noise	sapo_emerge	distractor	n/a	n/a	n/a	n/a	n/a
2425.972	0	1212986	standard_tone	sapo_emerge	standard	n/a	n/a	n/a	n/a	n/a
2426.988	0	1213494	standard_tone	sapo_emerge	standard	n/a	n/a	n/a	n/a	n/a
2428.006	0	1214003	standard_tone	sapo_emerge	standard	n/a	n/a	n/a	n/a	n/a
2429.020	0	1214510	standard_tone	sapo_emerge	standard	n/a	n/a	n/a	n/a	n/a
2430.036	0	1215018	standard_tone	sapo_emerge	standard	n/a	n/a	n/a	n/a	n/a
2431.052	0	1215526	standard_tone	sapo_emerge	standard	n/a	n/a	n/a	n/a	n/a
2432.068	0	1216034	standard_tone	sapo_emerge	standard	n/a	n/a	n/a	n/a	n/a
2433.084	0	1216542	standard_tone	sapo_emerge	standard	n/a	n/a	n/a	n/a	n/a
2434.100	0	1217050	standard_tone	sapo_emerge	standard	n/a	n/a	n/a	n/a	n/a
2435.116	0	1217558	standard_tone	sapo_emerge	standard	n/a	n/a	n/a	n/a	n/a
2436.116	0	1218058	distractor_noise	sapo_emerge	distractor	n/a	n/a	n/a	n/a	n/a
2437.130	0	1218565	standard_tone	sapo_emerge	standard	n/a	n/a	n/a	n/a	n/a
2438.146	0	1219073	standard_tone	sapo_emerge	standard	n/a	n/a	n/a	n/a	n/a
2439.162	0	1219581	standard_tone	sapo_emerge	standard	n/a	n/a	n/a	n/a	n/a
2440.178	0	1220089	standard_tone	sapo_emerge	standard	n/a	n/a	n/a	n/a	n/a
2441.194	0	1220597	standard_tone	sapo_emerge	standard	n/a	n/a	n/a	n/a	n/a
2442.210	0	1221105	standard_tone	sapo_emerge	standard	n/a	n/a	n/a	n/a	n/a
2443.224	0	1221612	oddball_tone	sapo_emerge	oddball	n/a	n/a	n/a	n/a	n/a
2444.224	0	1222112	standard_tone	sapo_emerge	standard	n/a	n/a	n/a	n/a	n/a
2445.240	0	1222620	standard_tone	sapo_emerge	standard	n/a	n/a	n/a	n/a	n/a
2446.256	0	1223128	standard_tone	sapo_emerge	standard	n/a	n/a	n/a	n/a	n/a
2447.272	0	1223636	standard_tone	sapo_emerge	standard	n/a	n/a	n/a	n/a	n/a
2448.288	0	1224144	oddball_tone	sapo_emerge	oddball	n/a	n/a	n/a	n/a	n/a
2449.304	0	1224652	distractor_noise	sapo_emerge	distractor	n/a	n/a	n/a	n/a	n/a
2450.318	0	1225159	standard_tone	sapo_emerge	standard	n/a	n/a	n/a	n/a	n/a
2451.334	0	1225667	standard_tone	sapo_emerge	standard	n/a	n/a	n/a	n/a	n/a
2452.352	0	1226176	standard_tone	sapo_emerge	standard	n/a	n/a	n/a	n/a	n/a
2453.366	0	1226683	standard_tone	sapo_emerge	standard	n/a	n/a	n/a	n/a	n/a
2454.382	0	1227191	standard_tone	sapo_emerge	standard	n/a	n/a	n/a	n/a	n/a
2455.398	0	1227699	distractor_noise	sapo_emerge	distractor	n/a	n/a	n/a	n/a	n/a
2456.416	0	1228208	standard_tone	sapo_emerge	standard	n/a	n/a	n/a	n/a	n/a
2457.430	0	1228715	standard_tone	sapo_emerge	standard	n/a	n/a	n/a	n/a	n/a
2458.446	0	1229223	standard_tone	sapo_emerge	standard	n/a	n/a	n/a	n/a	n/a
2459.462	0	1229731	standard_tone	sapo_emerge	standard	n/a	n/a	n/a	n/a	n/a
2460.478	0	1230239	standard_tone	sapo_emerge	standard	n/a	n/a	n/a	n/a	n/a
2461.494	0	1230747	standard_tone	sapo_emerge	standard	n/a	n/a	n/a	n/a	n/a
2462.508	0	1231254	standard_tone	sapo_emerge	standard	n/a	n/a	n/a	n/a	n/a
2463.526	0	1231763	standard_tone	sapo_emerge	standard	n/a	n/a	n/a	n/a	n/a
2464.540	0	1232270	standard_tone	sapo_emerge	standard	n/a	n/a	n/a	n/a	n/a
2465.556	0	1232778	standard_tone	sapo_emerge	standard	n/a	n/a	n/a	n/a	n/a
2466.572	0	1233286	standard_tone	sapo_emerge	standard	n/a	n/a	n/a	n/a	n/a
2467.588	0	1233794	distractor_noise	sapo_emerge	distractor	n/a	n/a	n/a	n/a	n/a
2468.604	0	1234302	standard_tone	sapo_emerge	standard	n/a	n/a	n/a	n/a	n/a
2469.620	0	1234810	oddball_tone	sapo_emerge	oddball	n/a	n/a	n/a	n/a	n/a
2470.636	0	1235318	standard_tone	sapo_emerge	standard	n/a	n/a	n/a	n/a	n/a
2471.652	0	1235826	standard_tone	sapo_emerge	standard	n/a	n/a	n/a	n/a	n/a
2472.668	0	1236334	standard_tone	sapo_emerge	standard	n/a	n/a	n/a	n/a	n/a
2473.684	0	1236842	standard_tone	sapo_emerge	standard	n/a	n/a	n/a	n/a	n/a
2474.698	0	1237349	standard_tone	sapo_emerge	standard	n/a	n/a	n/a	n/a	n/a
2475.714	0	1237857	standard_tone	sapo_emerge	standard	n/a	n/a	n/a	n/a	n/a
2476.730	0	1238365	standard_tone	sapo_emerge	standard	n/a	n/a	n/a	n/a	n/a
2477.746	0	1238873	standard_tone	sapo_emerge	standard	n/a	n/a	n/a	n/a	n/a
2478.746	0	1239373	standard_tone	sapo_emerge	standard	n/a	n/a	n/a	n/a	n/a
2479.762	0	1239881	standard_tone	sapo_emerge	standard	n/a	n/a	n/a	n/a	n/a
2480.612	0	1240306	silence_end	sapo_emerge	silence-end	n/a	n/a	n/a	n/a	n/a
2480.628	0	1240314	gong_begin	sapo_emerge	gong-begin	n/a	n/a	n/a	n/a	n/a
2480.776	0	1240388	standard_tone	sapo_emerge	standard	n/a	n/a	n/a	n/a	n/a
2481.792	0	1240896	standard_tone	sapo_emerge	standard	n/a	n/a	n/a	n/a	n/a
2482.808	0	1241404	standard_tone	sapo_emerge	standard	n/a	n/a	n/a	n/a	n/a
2483.814	0	1241907	standard_tone	sapo_emerge	standard	n/a	n/a	n/a	n/a	n/a
2484.826	0	1242413	standard_tone	sapo_emerge	standard	n/a	n/a	n/a	n/a	n/a
2485.840	0	1242920	standard_tone	sapo_emerge	standard	n/a	n/a	n/a	n/a	n/a
2486.856	0	1243428	standard_tone	sapo_emerge	standard	n/a	n/a	n/a	n/a	n/a
2487.872	0	1243936	distractor_noise	sapo_emerge	distractor	n/a	n/a	n/a	n/a	n/a
2488.888	0	1244444	standard_tone	sapo_emerge	standard	n/a	n/a	n/a	n/a	n/a
2489.886	0	1244943	oddball_tone	sapo_emerge	oddball	n/a	n/a	n/a	n/a	n/a
2490.736	0	1245368	gong_end	sapo_emerge	gong-end	n/a	n/a	n/a	n/a	n/a
2490.736	0	1245368	subblock_end	sapo_emerge	subblock-end-duration-126.627	n/a	n/a	n/a	126.627	n/a
2490.736	0	1245368	subblock_begin	sapo_emerge	subblock-begin	n/a	n/a	n/a	n/a	n/a
2490.738	0	1245369	silence_begin	sapo_emerge	silence-begin	n/a	n/a	n/a	n/a	n/a
2490.902	0	1245451	standard_tone	sapo_emerge	standard	n/a	n/a	n/a	n/a	n/a
2491.918	0	1245959	standard_tone	sapo_emerge	standard	n/a	n/a	n/a	n/a	n/a
2492.934	0	1246467	standard_tone	sapo_emerge	standard	n/a	n/a	n/a	n/a	n/a
2493.950	0	1246975	standard_tone	sapo_emerge	standard	n/a	n/a	n/a	n/a	n/a
2494.966	0	1247483	standard_tone	sapo_emerge	standard	n/a	n/a	n/a	n/a	n/a
2495.982	0	1247991	standard_tone	sapo_emerge	standard	n/a	n/a	n/a	n/a	n/a
2496.996	0	1248498	standard_tone	sapo_emerge	standard	n/a	n/a	n/a	n/a	n/a
2498.012	0	1249006	standard_tone	sapo_emerge	standard	n/a	n/a	n/a	n/a	n/a
2499.030	0	1249515	standard_tone	sapo_emerge	standard	n/a	n/a	n/a	n/a	n/a
2500.044	0	1250022	oddball_tone	sapo_emerge	oddball	n/a	n/a	n/a	n/a	n/a
2501.060	0	1250530	standard_tone	sapo_emerge	standard	n/a	n/a	n/a	n/a	n/a
2502.076	0	1251038	standard_tone	sapo_emerge	standard	n/a	n/a	n/a	n/a	n/a
2503.090	0	1251545	distractor_noise	sapo_emerge	distractor	n/a	n/a	n/a	n/a	n/a
2504.090	0	1252045	oddball_tone	sapo_emerge	oddball	n/a	n/a	n/a	n/a	n/a
2505.108	0	1252554	standard_tone	sapo_emerge	standard	n/a	n/a	n/a	n/a	n/a
2506.106	0	1253053	standard_tone	sapo_emerge	standard	n/a	n/a	n/a	n/a	n/a
2507.122	0	1253561	standard_tone	sapo_emerge	standard	n/a	n/a	n/a	n/a	n/a
2508.138	0	1254069	standard_tone	sapo_emerge	standard	n/a	n/a	n/a	n/a	n/a
2509.154	0	1254577	standard_tone	sapo_emerge	standard	n/a	n/a	n/a	n/a	n/a
2510.170	0	1255085	standard_tone	sapo_emerge	standard	n/a	n/a	n/a	n/a	n/a
2511.186	0	1255593	standard_tone	sapo_emerge	standard	n/a	n/a	n/a	n/a	n/a
2512.202	0	1256101	standard_tone	sapo_emerge	standard	n/a	n/a	n/a	n/a	n/a
2513.218	0	1256609	standard_tone	sapo_emerge	standard	n/a	n/a	n/a	n/a	n/a
2514.234	0	1257117	oddball_tone	sapo_emerge	oddball	n/a	n/a	n/a	n/a	n/a
2515.248	0	1257624	standard_tone	sapo_emerge	standard	n/a	n/a	n/a	n/a	n/a
2516.248	0	1258124	standard_tone	sapo_emerge	standard	n/a	n/a	n/a	n/a	n/a
2517.264	0	1258632	oddball_tone	sapo_emerge	oddball	n/a	n/a	n/a	n/a	n/a
2518.280	0	1259140	standard_tone	sapo_emerge	standard	n/a	n/a	n/a	n/a	n/a
2519.296	0	1259648	standard_tone	sapo_emerge	standard	n/a	n/a	n/a	n/a	n/a
2520.312	0	1260156	standard_tone	sapo_emerge	standard	n/a	n/a	n/a	n/a	n/a
2521.328	0	1260664	standard_tone	sapo_emerge	standard	n/a	n/a	n/a	n/a	n/a
2522.342	0	1261171	distractor_noise	sapo_emerge	distractor	n/a	n/a	n/a	n/a	n/a
2523.358	0	1261679	standard_tone	sapo_emerge	standard	n/a	n/a	n/a	n/a	n/a
2524.374	0	1262187	standard_tone	sapo_emerge	standard	n/a	n/a	n/a	n/a	n/a
2525.390	0	1262695	oddball_tone	sapo_emerge	oddball	n/a	n/a	n/a	n/a	n/a
2526.406	0	1263203	standard_tone	sapo_emerge	standard	n/a	n/a	n/a	n/a	n/a
2527.422	0	1263711	standard_tone	sapo_emerge	standard	n/a	n/a	n/a	n/a	n/a
2528.422	0	1264211	distractor_noise	sapo_emerge	distractor	n/a	n/a	n/a	n/a	n/a
2529.436	0	1264718	standard_tone	sapo_emerge	standard	n/a	n/a	n/a	n/a	n/a
2530.436	0	1265218	standard_tone	sapo_emerge	standard	n/a	n/a	n/a	n/a	n/a
2531.054	0	1265527	clicker_press	sapo_emerge	response-received-arrow_up	n/a	n/a	n/a	n/a	arrow_up
2531.070	0	1265535	report_window_begin	sapo_emerge	emerge-sapo-emerge-begin	n/a	n/a	n/a	n/a	n/a
2531.968	0	1265984	clicker_press	sapo_emerge	response-received-arrow_up	n/a	n/a	n/a	n/a	arrow_up
2535.084	0	1267542	depth_rating	sapo_emerge	rating-sapo-emerge-meditation_depth-2	2	n/a	n/a	n/a	n/a
2541.528	0	1270764	clicker_press	sapo_emerge	response-received-arrow_up	n/a	n/a	n/a	n/a	arrow_up
2542.110	0	1271055	clicker_press	sapo_emerge	response-received-arrow_up	n/a	n/a	n/a	n/a	arrow_up
2542.626	0	1271313	clicker_press	sapo_emerge	response-received-arrow_up	n/a	n/a	n/a	n/a	arrow_up
2543.026	0	1271513	clicker_press	sapo_emerge	response-received-arrow_up	n/a	n/a	n/a	n/a	arrow_up
2545.158	0	1272579	confidence_rating	sapo_emerge	rating-sapo-emerge-confidence_depth-4	n/a	4	n/a	n/a	n/a
2548.688	0	1274344	report_window_end	sapo_emerge	emerge-sapo-emerge-end	n/a	n/a	n/a	n/a	n/a
2548.690	0	1274345	subblock_begin	sapo_emerge	subblock-begin	n/a	n/a	n/a	n/a	n/a
2548.690	0	1274345	silence_begin	sapo_emerge	silence-begin	n/a	n/a	n/a	n/a	n/a
2548.704	0	1274352	oddball_tone	sapo_emerge	oddball	n/a	n/a	n/a	n/a	n/a
2549.720	0	1274860	standard_tone	sapo_emerge	standard	n/a	n/a	n/a	n/a	n/a
2550.736	0	1275368	standard_tone	sapo_emerge	standard	n/a	n/a	n/a	n/a	n/a
2551.752	0	1275876	standard_tone	sapo_emerge	standard	n/a	n/a	n/a	n/a	n/a
2552.768	0	1276384	standard_tone	sapo_emerge	standard	n/a	n/a	n/a	n/a	n/a
2553.784	0	1276892	standard_tone	sapo_emerge	standard	n/a	n/a	n/a	n/a	n/a
2554.800	0	1277400	oddball_tone	sapo_emerge	oddball	n/a	n/a	n/a	n/a	n/a
2555.814	0	1277907	standard_tone	sapo_emerge	standard	n/a	n/a	n/a	n/a	n/a
2556.830	0	1278415	standard_tone	sapo_emerge	standard	n/a	n/a	n/a	n/a	n/a
2557.846	0	1278923	standard_tone	sapo_emerge	standard	n/a	n/a	n/a	n/a	n/a
2558.864	0	1279432	standard_tone	sapo_emerge	standard	n/a	n/a	n/a	n/a	n/a
2559.878	0	1279939	standard_tone	sapo_emerge	standard	n/a	n/a	n/a	n/a	n/a
2560.894	0	1280447	oddball_tone	sapo_emerge	oddball	n/a	n/a	n/a	n/a	n/a
2561.910	0	1280955	standard_tone	sapo_emerge	standard	n/a	n/a	n/a	n/a	n/a
2562.926	0	1281463	standard_tone	sapo_emerge	standard	n/a	n/a	n/a	n/a	n/a
2563.942	0	1281971	standard_tone	sapo_emerge	standard	n/a	n/a	n/a	n/a	n/a
2564.958	0	1282479	standard_tone	sapo_emerge	standard	n/a	n/a	n/a	n/a	n/a
2565.958	0	1282979	standard_tone	sapo_emerge	standard	n/a	n/a	n/a	n/a	n/a
2566.972	0	1283486	distractor_noise	sapo_emerge	distractor	n/a	n/a	n/a	n/a	n/a
2567.988	0	1283994	standard_tone	sapo_emerge	standard	n/a	n/a	n/a	n/a	n/a
2569.004	0	1284502	distractor_noise	sapo_emerge	distractor	n/a	n/a	n/a	n/a	n/a
2570.020	0	1285010	standard_tone	sapo_emerge	standard	n/a	n/a	n/a	n/a	n/a
2571.036	0	1285518	standard_tone	sapo_emerge	standard	n/a	n/a	n/a	n/a	n/a
2572.052	0	1286026	standard_tone	sapo_emerge	standard	n/a	n/a	n/a	n/a	n/a
2573.068	0	1286534	standard_tone	sapo_emerge	standard	n/a	n/a	n/a	n/a	n/a
2574.084	0	1287042	standard_tone	sapo_emerge	standard	n/a	n/a	n/a	n/a	n/a
2575.100	0	1287550	oddball_tone	sapo_emerge	oddball	n/a	n/a	n/a	n/a	n/a
2576.098	0	1288049	standard_tone	sapo_emerge	standard	n/a	n/a	n/a	n/a	n/a
2577.114	0	1288557	standard_tone	sapo_emerge	standard	n/a	n/a	n/a	n/a	n/a
2578.114	0	1289057	oddball_tone	sapo_emerge	oddball	n/a	n/a	n/a	n/a	n/a
2579.130	0	1289565	standard_tone	sapo_emerge	standard	n/a	n/a	n/a	n/a	n/a
2580.144	0	1290072	distractor_noise	sapo_emerge	distractor	n/a	n/a	n/a	n/a	n/a
2581.160	0	1290580	standard_tone	sapo_emerge	standard	n/a	n/a	n/a	n/a	n/a
2582.176	0	1291088	oddball_tone	sapo_emerge	oddball	n/a	n/a	n/a	n/a	n/a
2583.192	0	1291596	standard_tone	sapo_emerge	standard	n/a	n/a	n/a	n/a	n/a
2584.208	0	1292104	standard_tone	sapo_emerge	standard	n/a	n/a	n/a	n/a	n/a
2585.224	0	1292612	standard_tone	sapo_emerge	standard	n/a	n/a	n/a	n/a	n/a
2586.240	0	1293120	oddball_tone	sapo_emerge	oddball	n/a	n/a	n/a	n/a	n/a
2587.256	0	1293628	standard_tone	sapo_emerge	standard	n/a	n/a	n/a	n/a	n/a
2588.272	0	1294136	standard_tone	sapo_emerge	standard	n/a	n/a	n/a	n/a	n/a
2589.270	0	1294635	distractor_noise	sapo_emerge	distractor	n/a	n/a	n/a	n/a	n/a
2590.286	0	1295143	standard_tone	sapo_emerge	standard	n/a	n/a	n/a	n/a	n/a
2591.302	0	1295651	distractor_noise	sapo_emerge	distractor	n/a	n/a	n/a	n/a	n/a
2592.316	0	1296158	oddball_tone	sapo_emerge	oddball	n/a	n/a	n/a	n/a	n/a
2593.334	0	1296667	distractor_noise	sapo_emerge	distractor	n/a	n/a	n/a	n/a	n/a
2594.350	0	1297175	standard_tone	sapo_emerge	standard	n/a	n/a	n/a	n/a	n/a
2595.366	0	1297683	standard_tone	sapo_emerge	standard	n/a	n/a	n/a	n/a	n/a
2596.366	0	1298183	standard_tone	sapo_emerge	standard	n/a	n/a	n/a	n/a	n/a
2597.380	0	1298690	standard_tone	sapo_emerge	standard	n/a	n/a	n/a	n/a	n/a
2598.396	0	1299198	oddball_tone	sapo_emerge	oddball	n/a	n/a	n/a	n/a	n/a
2599.412	0	1299706	standard_tone	sapo_emerge	standard	n/a	n/a	n/a	n/a	n/a
2600.428	0	1300214	standard_tone	sapo_emerge	standard	n/a	n/a	n/a	n/a	n/a
2601.444	0	1300722	standard_tone	sapo_emerge	standard	n/a	n/a	n/a	n/a	n/a
2602.460	0	1301230	standard_tone	sapo_emerge	standard	n/a	n/a	n/a	n/a	n/a
2603.476	0	1301738	standard_tone	sapo_emerge	standard	n/a	n/a	n/a	n/a	n/a
2604.490	0	1302245	standard_tone	sapo_emerge	standard	n/a	n/a	n/a	n/a	n/a
2605.492	0	1302746	standard_tone	sapo_emerge	standard	n/a	n/a	n/a	n/a	n/a
2606.506	0	1303253	standard_tone	sapo_emerge	standard	n/a	n/a	n/a	n/a	n/a
2607.522	0	1303761	standard_tone	sapo_emerge	standard	n/a	n/a	n/a	n/a	n/a
2608.538	0	1304269	standard_tone	sapo_emerge	standard	n/a	n/a	n/a	n/a	n/a
2609.554	0	1304777	standard_tone	sapo_emerge	standard	n/a	n/a	n/a	n/a	n/a
2610.570	0	1305285	standard_tone	sapo_emerge	standard	n/a	n/a	n/a	n/a	n/a
2611.586	0	1305793	distractor_noise	sapo_emerge	distractor	n/a	n/a	n/a	n/a	n/a
2612.602	0	1306301	standard_tone	sapo_emerge	standard	n/a	n/a	n/a	n/a	n/a
2613.616	0	1306808	standard_tone	sapo_emerge	standard	n/a	n/a	n/a	n/a	n/a
2614.632	0	1307316	standard_tone	sapo_emerge	standard	n/a	n/a	n/a	n/a	n/a
2615.648	0	1307824	standard_tone	sapo_emerge	standard	n/a	n/a	n/a	n/a	n/a
2616.664	0	1308332	oddball_tone	sapo_emerge	oddball	n/a	n/a	n/a	n/a	n/a
2617.680	0	1308840	distractor_noise	sapo_emerge	distractor	n/a	n/a	n/a	n/a	n/a
2618.696	0	1309348	oddball_tone	sapo_emerge	oddball	n/a	n/a	n/a	n/a	n/a
2619.712	0	1309856	standard_tone	sapo_emerge	standard	n/a	n/a	n/a	n/a	n/a
2620.728	0	1310364	standard_tone	sapo_emerge	standard	n/a	n/a	n/a	n/a	n/a
2621.744	0	1310872	standard_tone	sapo_emerge	standard	n/a	n/a	n/a	n/a	n/a
2622.760	0	1311380	standard_tone	sapo_emerge	standard	n/a	n/a	n/a	n/a	n/a
2623.776	0	1311888	standard_tone	sapo_emerge	standard	n/a	n/a	n/a	n/a	n/a
2624.792	0	1312396	standard_tone	sapo_emerge	standard	n/a	n/a	n/a	n/a	n/a
2625.808	0	1312904	standard_tone	sapo_emerge	standard	n/a	n/a	n/a	n/a	n/a
2626.824	0	1313412	distractor_noise	sapo_emerge	distractor	n/a	n/a	n/a	n/a	n/a
2627.840	0	1313920	standard_tone	sapo_emerge	standard	n/a	n/a	n/a	n/a	n/a
2628.854	0	1314427	standard_tone	sapo_emerge	standard	n/a	n/a	n/a	n/a	n/a
2629.870	0	1314935	standard_tone	sapo_emerge	standard	n/a	n/a	n/a	n/a	n/a
2630.886	0	1315443	standard_tone	sapo_emerge	standard	n/a	n/a	n/a	n/a	n/a
2631.902	0	1315951	distractor_noise	sapo_emerge	distractor	n/a	n/a	n/a	n/a	n/a
2632.918	0	1316459	standard_tone	sapo_emerge	standard	n/a	n/a	n/a	n/a	n/a
2633.934	0	1316967	standard_tone	sapo_emerge	standard	n/a	n/a	n/a	n/a	n/a
2634.934	0	1317467	standard_tone	sapo_emerge	standard	n/a	n/a	n/a	n/a	n/a
2635.948	0	1317974	standard_tone	sapo_emerge	standard	n/a	n/a	n/a	n/a	n/a
2636.964	0	1318482	standard_tone	sapo_emerge	standard	n/a	n/a	n/a	n/a	n/a
2637.980	0	1318990	standard_tone	sapo_emerge	standard	n/a	n/a	n/a	n/a	n/a
2638.996	0	1319498	distractor_noise	sapo_emerge	distractor	n/a	n/a	n/a	n/a	n/a
2640.012	0	1320006	standard_tone	sapo_emerge	standard	n/a	n/a	n/a	n/a	n/a
2641.028	0	1320514	standard_tone	sapo_emerge	standard	n/a	n/a	n/a	n/a	n/a
2642.044	0	1321022	standard_tone	sapo_emerge	standard	n/a	n/a	n/a	n/a	n/a
2643.060	0	1321530	standard_tone	sapo_emerge	standard	n/a	n/a	n/a	n/a	n/a
2644.076	0	1322038	standard_tone	sapo_emerge	standard	n/a	n/a	n/a	n/a	n/a
2645.092	0	1322546	standard_tone	sapo_emerge	standard	n/a	n/a	n/a	n/a	n/a
2646.090	0	1323045	standard_tone	sapo_emerge	standard	n/a	n/a	n/a	n/a	n/a
2647.106	0	1323553	standard_tone	sapo_emerge	standard	n/a	n/a	n/a	n/a	n/a
2648.106	0	1324053	standard_tone	sapo_emerge	standard	n/a	n/a	n/a	n/a	n/a
2649.122	0	1324561	standard_tone	sapo_emerge	standard	n/a	n/a	n/a	n/a	n/a
2650.136	0	1325068	standard_tone	sapo_emerge	standard	n/a	n/a	n/a	n/a	n/a
2651.154	0	1325577	standard_tone	sapo_emerge	standard	n/a	n/a	n/a	n/a	n/a
2652.186	0	1326093	silence_end	sapo_emerge	silence-end	n/a	n/a	n/a	n/a	n/a
2652.202	0	1326101	standard_tone	sapo_emerge	standard	n/a	n/a	n/a	n/a	n/a
2652.468	0	1326234	gong_begin	sapo_emerge	gong-begin	n/a	n/a	n/a	n/a	n/a
2653.218	0	1326609	standard_tone	sapo_emerge	standard	n/a	n/a	n/a	n/a	n/a
2654.234	0	1327117	standard_tone	sapo_emerge	standard	n/a	n/a	n/a	n/a	n/a
2655.250	0	1327625	standard_tone	sapo_emerge	standard	n/a	n/a	n/a	n/a	n/a
2656.266	0	1328133	standard_tone	sapo_emerge	standard	n/a	n/a	n/a	n/a	n/a
2657.282	0	1328641	standard_tone	sapo_emerge	standard	n/a	n/a	n/a	n/a	n/a
2658.296	0	1329148	standard_tone	sapo_emerge	standard	n/a	n/a	n/a	n/a	n/a
2659.312	0	1329656	distractor_noise	sapo_emerge	distractor	n/a	n/a	n/a	n/a	n/a
2660.328	0	1330164	standard_tone	sapo_emerge	standard	n/a	n/a	n/a	n/a	n/a
2661.344	0	1330672	standard_tone	sapo_emerge	standard	n/a	n/a	n/a	n/a	n/a
2662.210	0	1331105	gong_end	sapo_emerge	gong-end	n/a	n/a	n/a	n/a	n/a
2662.212	0	1331106	subblock_end	sapo_emerge	subblock-end-duration-113.522	n/a	n/a	n/a	113.522	n/a
2662.212	0	1331106	subblock_begin	sapo_emerge	subblock-begin	n/a	n/a	n/a	n/a	n/a
2662.212	0	1331106	silence_begin	sapo_emerge	silence-begin	n/a	n/a	n/a	n/a	n/a
2662.386	0	1331193	standard_tone	sapo_emerge	standard	n/a	n/a	n/a	n/a	n/a
2663.392	0	1331696	standard_tone	sapo_emerge	standard	n/a	n/a	n/a	n/a	n/a
2664.408	0	1332204	standard_tone	sapo_emerge	standard	n/a	n/a	n/a	n/a	n/a
2665.408	0	1332704	standard_tone	sapo_emerge	standard	n/a	n/a	n/a	n/a	n/a
2666.424	0	1333212	standard_tone	sapo_emerge	standard	n/a	n/a	n/a	n/a	n/a
2667.440	0	1333720	standard_tone	sapo_emerge	standard	n/a	n/a	n/a	n/a	n/a
2668.456	0	1334228	standard_tone	sapo_emerge	standard	n/a	n/a	n/a	n/a	n/a
2669.472	0	1334736	standard_tone	sapo_emerge	standard	n/a	n/a	n/a	n/a	n/a
2670.488	0	1335244	distractor_noise	sapo_emerge	distractor	n/a	n/a	n/a	n/a	n/a
2671.502	0	1335751	standard_tone	sapo_emerge	standard	n/a	n/a	n/a	n/a	n/a
2672.518	0	1336259	distractor_noise	sapo_emerge	distractor	n/a	n/a	n/a	n/a	n/a
2673.534	0	1336767	standard_tone	sapo_emerge	standard	n/a	n/a	n/a	n/a	n/a
2674.550	0	1337275	oddball_tone	sapo_emerge	oddball	n/a	n/a	n/a	n/a	n/a
2675.550	0	1337775	standard_tone	sapo_emerge	standard	n/a	n/a	n/a	n/a	n/a
2676.566	0	1338283	standard_tone	sapo_emerge	standard	n/a	n/a	n/a	n/a	n/a
2677.582	0	1338791	distractor_noise	sapo_emerge	distractor	n/a	n/a	n/a	n/a	n/a
2678.596	0	1339298	standard_tone	sapo_emerge	standard	n/a	n/a	n/a	n/a	n/a
2679.612	0	1339806	standard_tone	sapo_emerge	standard	n/a	n/a	n/a	n/a	n/a
2680.628	0	1340314	standard_tone	sapo_emerge	standard	n/a	n/a	n/a	n/a	n/a
2681.644	0	1340822	standard_tone	sapo_emerge	standard	n/a	n/a	n/a	n/a	n/a
2682.660	0	1341330	standard_tone	sapo_emerge	standard	n/a	n/a	n/a	n/a	n/a
2683.676	0	1341838	standard_tone	sapo_emerge	standard	n/a	n/a	n/a	n/a	n/a
2684.676	0	1342338	standard_tone	sapo_emerge	standard	n/a	n/a	n/a	n/a	n/a
2685.690	0	1342845	oddball_tone	sapo_emerge	oddball	n/a	n/a	n/a	n/a	n/a
2686.706	0	1343353	standard_tone	sapo_emerge	standard	n/a	n/a	n/a	n/a	n/a
2687.722	0	1343861	standard_tone	sapo_emerge	standard	n/a	n/a	n/a	n/a	n/a
2688.738	0	1344369	standard_tone	sapo_emerge	standard	n/a	n/a	n/a	n/a	n/a
2689.754	0	1344877	standard_tone	sapo_emerge	standard	n/a	n/a	n/a	n/a	n/a
2690.754	0	1345377	oddball_tone	sapo_emerge	oddball	n/a	n/a	n/a	n/a	n/a
2691.770	0	1345885	standard_tone	sapo_emerge	standard	n/a	n/a	n/a	n/a	n/a
2692.784	0	1346392	standard_tone	sapo_emerge	standard	n/a	n/a	n/a	n/a	n/a
2693.802	0	1346901	standard_tone	sapo_emerge	standard	n/a	n/a	n/a	n/a	n/a
2694.816	0	1347408	standard_tone	sapo_emerge	standard	n/a	n/a	n/a	n/a	n/a
2695.832	0	1347916	standard_tone	sapo_emerge	standard	n/a	n/a	n/a	n/a	n/a
2696.848	0	1348424	standard_tone	sapo_emerge	standard	n/a	n/a	n/a	n/a	n/a
2697.132	0	1348566	clicker_press	sapo_emerge	response-received-arrow_up	n/a	n/a	n/a	n/a	arrow_up
2697.182	0	1348591	report_window_begin	sapo_emerge	emerge-sapo-emerge-begin	n/a	n/a	n/a	n/a	n/a
2697.914	0	1348957	clicker_press	sapo_emerge	response-received-arrow_up	n/a	n/a	n/a	n/a	arrow_up
2698.630	0	1349315	clicker_press	sapo_emerge	response-received-arrow_up	n/a	n/a	n/a	n/a	arrow_up
2699.296	0	1349648	clicker_press	sapo_emerge	response-received-arrow_up	n/a	n/a	n/a	n/a	arrow_up
2701.278	0	1350639	depth_rating	sapo_emerge	rating-sapo-emerge-meditation_depth-4	4	n/a	n/a	n/a	n/a
2707.824	0	1353912	clicker_press	sapo_emerge	response-received-arrow_up	n/a	n/a	n/a	n/a	arrow_up
2708.574	0	1354287	clicker_press	sapo_emerge	response-received-arrow_up	n/a	n/a	n/a	n/a	arrow_up
2709.222	0	1354611	clicker_press	sapo_emerge	response-received-arrow_up	n/a	n/a	n/a	n/a	arrow_up
2709.954	0	1354977	clicker_press	sapo_emerge	response-received-arrow_up	n/a	n/a	n/a	n/a	arrow_up
2711.552	0	1355776	confidence_rating	sapo_emerge	rating-sapo-emerge-confidence_depth-4	n/a	4	n/a	n/a	n/a
2714.984	0	1357492	report_window_end	sapo_emerge	emerge-sapo-emerge-end	n/a	n/a	n/a	n/a	n/a
2714.984	0	1357492	subblock_begin	sapo_emerge	subblock-begin	n/a	n/a	n/a	n/a	n/a
2714.984	0	1357492	silence_begin	sapo_emerge	silence-begin	n/a	n/a	n/a	n/a	n/a
2714.986	0	1357493	standard_tone	sapo_emerge	standard	n/a	n/a	n/a	n/a	n/a
2716.000	0	1358000	oddball_tone	sapo_emerge	oddball	n/a	n/a	n/a	n/a	n/a
2717.016	0	1358508	standard_tone	sapo_emerge	standard	n/a	n/a	n/a	n/a	n/a
2718.030	0	1359015	oddball_tone	sapo_emerge	oddball	n/a	n/a	n/a	n/a	n/a
2719.046	0	1359523	distractor_noise	sapo_emerge	distractor	n/a	n/a	n/a	n/a	n/a
2720.062	0	1360031	standard_tone	sapo_emerge	standard	n/a	n/a	n/a	n/a	n/a
2721.078	0	1360539	standard_tone	sapo_emerge	standard	n/a	n/a	n/a	n/a	n/a
2722.094	0	1361047	standard_tone	sapo_emerge	standard	n/a	n/a	n/a	n/a	n/a
2723.110	0	1361555	standard_tone	sapo_emerge	standard	n/a	n/a	n/a	n/a	n/a
2724.110	0	1362055	standard_tone	sapo_emerge	standard	n/a	n/a	n/a	n/a	n/a
2725.126	0	1362563	standard_tone	sapo_emerge	standard	n/a	n/a	n/a	n/a	n/a
2726.142	0	1363071	standard_tone	sapo_emerge	standard	n/a	n/a	n/a	n/a	n/a
2727.156	0	1363578	standard_tone	sapo_emerge	standard	n/a	n/a	n/a	n/a	n/a
2728.172	0	1364086	oddball_tone	sapo_emerge	oddball	n/a	n/a	n/a	n/a	n/a
2729.188	0	1364594	distractor_noise	sapo_emerge	distractor	n/a	n/a	n/a	n/a	n/a
2730.204	0	1365102	standard_tone	sapo_emerge	standard	n/a	n/a	n/a	n/a	n/a
2731.220	0	1365610	standard_tone	sapo_emerge	standard	n/a	n/a	n/a	n/a	n/a
2732.236	0	1366118	standard_tone	sapo_emerge	standard	n/a	n/a	n/a	n/a	n/a
2733.252	0	1366626	standard_tone	sapo_emerge	standard	n/a	n/a	n/a	n/a	n/a
2734.268	0	1367134	oddball_tone	sapo_emerge	oddball	n/a	n/a	n/a	n/a	n/a
2735.284	0	1367642	standard_tone	sapo_emerge	standard	n/a	n/a	n/a	n/a	n/a
2736.298	0	1368149	standard_tone	sapo_emerge	standard	n/a	n/a	n/a	n/a	n/a
2737.316	0	1368658	standard_tone	sapo_emerge	standard	n/a	n/a	n/a	n/a	n/a
2738.330	0	1369165	standard_tone	sapo_emerge	standard	n/a	n/a	n/a	n/a	n/a
2739.346	0	1369673	standard_tone	sapo_emerge	standard	n/a	n/a	n/a	n/a	n/a
2740.362	0	1370181	standard_tone	sapo_emerge	standard	n/a	n/a	n/a	n/a	n/a
2741.378	0	1370689	standard_tone	sapo_emerge	standard	n/a	n/a	n/a	n/a	n/a
2742.394	0	1371197	distractor_noise	sapo_emerge	distractor	n/a	n/a	n/a	n/a	n/a
2743.410	0	1371705	oddball_tone	sapo_emerge	oddball	n/a	n/a	n/a	n/a	n/a
2744.426	0	1372213	standard_tone	sapo_emerge	standard	n/a	n/a	n/a	n/a	n/a
2745.442	0	1372721	standard_tone	sapo_emerge	standard	n/a	n/a	n/a	n/a	n/a
2746.458	0	1373229	standard_tone	sapo_emerge	standard	n/a	n/a	n/a	n/a	n/a
2747.474	0	1373737	standard_tone	sapo_emerge	standard	n/a	n/a	n/a	n/a	n/a
2748.488	0	1374244	standard_tone	sapo_emerge	standard	n/a	n/a	n/a	n/a	n/a
2749.506	0	1374753	standard_tone	sapo_emerge	standard	n/a	n/a	n/a	n/a	n/a
2750.520	0	1375260	distractor_noise	sapo_emerge	distractor	n/a	n/a	n/a	n/a	n/a
2751.536	0	1375768	standard_tone	sapo_emerge	standard	n/a	n/a	n/a	n/a	n/a
2752.552	0	1376276	distractor_noise	sapo_emerge	distractor	n/a	n/a	n/a	n/a	n/a
2753.568	0	1376784	standard_tone	sapo_emerge	standard	n/a	n/a	n/a	n/a	n/a
2754.584	0	1377292	oddball_tone	sapo_emerge	oddball	n/a	n/a	n/a	n/a	n/a
2755.584	0	1377792	standard_tone	sapo_emerge	standard	n/a	n/a	n/a	n/a	n/a
2756.600	0	1378300	standard_tone	sapo_emerge	standard	n/a	n/a	n/a	n/a	n/a
2757.614	0	1378807	standard_tone	sapo_emerge	standard	n/a	n/a	n/a	n/a	n/a
2758.630	0	1379315	oddball_tone	sapo_emerge	oddball	n/a	n/a	n/a	n/a	n/a
2759.646	0	1379823	standard_tone	sapo_emerge	standard	n/a	n/a	n/a	n/a	n/a
2760.662	0	1380331	standard_tone	sapo_emerge	standard	n/a	n/a	n/a	n/a	n/a
2761.678	0	1380839	standard_tone	sapo_emerge	standard	n/a	n/a	n/a	n/a	n/a
2762.694	0	1381347	standard_tone	sapo_emerge	standard	n/a	n/a	n/a	n/a	n/a
2763.710	0	1381855	standard_tone	sapo_emerge	standard	n/a	n/a	n/a	n/a	n/a
2764.726	0	1382363	standard_tone	sapo_emerge	standard	n/a	n/a	n/a	n/a	n/a
2765.742	0	1382871	standard_tone	sapo_emerge	standard	n/a	n/a	n/a	n/a	n/a
2766.758	0	1383379	standard_tone	sapo_emerge	standard	n/a	n/a	n/a	n/a	n/a
2767.774	0	1383887	distractor_noise	sapo_emerge	distractor	n/a	n/a	n/a	n/a	n/a
2768.788	0	1384394	standard_tone	sapo_emerge	standard	n/a	n/a	n/a	n/a	n/a
2769.804	0	1384902	standard_tone	sapo_emerge	standard	n/a	n/a	n/a	n/a	n/a
2770.820	0	1385410	standard_tone	sapo_emerge	standard	n/a	n/a	n/a	n/a	n/a
2771.836	0	1385918	distractor_noise	sapo_emerge	distractor	n/a	n/a	n/a	n/a	n/a
2772.868	0	1386434	standard_tone	sapo_emerge	standard	n/a	n/a	n/a	n/a	n/a
2773.868	0	1386934	standard_tone	sapo_emerge	standard	n/a	n/a	n/a	n/a	n/a
2774.884	0	1387442	oddball_tone	sapo_emerge	oddball	n/a	n/a	n/a	n/a	n/a
2775.900	0	1387950	standard_tone	sapo_emerge	standard	n/a	n/a	n/a	n/a	n/a
2776.916	0	1388458	standard_tone	sapo_emerge	standard	n/a	n/a	n/a	n/a	n/a
2777.932	0	1388966	standard_tone	sapo_emerge	standard	n/a	n/a	n/a	n/a	n/a
2778.930	0	1389465	standard_tone	sapo_emerge	standard	n/a	n/a	n/a	n/a	n/a
2779.946	0	1389973	standard_tone	sapo_emerge	standard	n/a	n/a	n/a	n/a	n/a
2780.962	0	1390481	standard_tone	sapo_emerge	standard	n/a	n/a	n/a	n/a	n/a
2781.978	0	1390989	standard_tone	sapo_emerge	standard	n/a	n/a	n/a	n/a	n/a
2782.994	0	1391497	standard_tone	sapo_emerge	standard	n/a	n/a	n/a	n/a	n/a
2784.010	0	1392005	standard_tone	sapo_emerge	standard	n/a	n/a	n/a	n/a	n/a
2785.026	0	1392513	standard_tone	sapo_emerge	standard	n/a	n/a	n/a	n/a	n/a
2786.042	0	1393021	standard_tone	sapo_emerge	standard	n/a	n/a	n/a	n/a	n/a
2787.058	0	1393529	standard_tone	sapo_emerge	standard	n/a	n/a	n/a	n/a	n/a
2788.074	0	1394037	standard_tone	sapo_emerge	standard	n/a	n/a	n/a	n/a	n/a
2789.088	0	1394544	standard_tone	sapo_emerge	standard	n/a	n/a	n/a	n/a	n/a
2790.104	0	1395052	standard_tone	sapo_emerge	standard	n/a	n/a	n/a	n/a	n/a
2791.120	0	1395560	standard_tone	sapo_emerge	standard	n/a	n/a	n/a	n/a	n/a
2792.136	0	1396068	standard_tone	sapo_emerge	standard	n/a	n/a	n/a	n/a	n/a
2793.152	0	1396576	standard_tone	sapo_emerge	standard	n/a	n/a	n/a	n/a	n/a
2794.168	0	1397084	standard_tone	sapo_emerge	standard	n/a	n/a	n/a	n/a	n/a
2795.184	0	1397592	standard_tone	sapo_emerge	standard	n/a	n/a	n/a	n/a	n/a
2796.184	0	1398092	standard_tone	sapo_emerge	standard	n/a	n/a	n/a	n/a	n/a
2797.198	0	1398599	standard_tone	sapo_emerge	standard	n/a	n/a	n/a	n/a	n/a
2798.198	0	1399099	oddball_tone	sapo_emerge	oddball	n/a	n/a	n/a	n/a	n/a
2799.214	0	1399607	standard_tone	sapo_emerge	standard	n/a	n/a	n/a	n/a	n/a
2800.230	0	1400115	standard_tone	sapo_emerge	standard	n/a	n/a	n/a	n/a	n/a
2801.246	0	1400623	distractor_noise	sapo_emerge	distractor	n/a	n/a	n/a	n/a	n/a
2802.262	0	1401131	standard_tone	sapo_emerge	standard	n/a	n/a	n/a	n/a	n/a
2803.276	0	1401638	distractor_noise	sapo_emerge	distractor	n/a	n/a	n/a	n/a	n/a
2804.294	0	1402147	standard_tone	sapo_emerge	standard	n/a	n/a	n/a	n/a	n/a
2805.308	0	1402654	standard_tone	sapo_emerge	standard	n/a	n/a	n/a	n/a	n/a
2806.324	0	1403162	distractor_noise	sapo_emerge	distractor	n/a	n/a	n/a	n/a	n/a
2807.340	0	1403670	standard_tone	sapo_emerge	standard	n/a	n/a	n/a	n/a	n/a
2808.356	0	1404178	standard_tone	sapo_emerge	standard	n/a	n/a	n/a	n/a	n/a
2809.372	0	1404686	standard_tone	sapo_emerge	standard	n/a	n/a	n/a	n/a	n/a
2810.388	0	1405194	standard_tone	sapo_emerge	standard	n/a	n/a	n/a	n/a	n/a
2811.404	0	1405702	standard_tone	sapo_emerge	standard	n/a	n/a	n/a	n/a	n/a
2812.420	0	1406210	oddball_tone	sapo_emerge	oddball	n/a	n/a	n/a	n/a	n/a
2813.436	0	1406718	standard_tone	sapo_emerge	standard	n/a	n/a	n/a	n/a	n/a
2814.452	0	1407226	standard_tone	sapo_emerge	standard	n/a	n/a	n/a	n/a	n/a
2815.466	0	1407733	standard_tone	sapo_emerge	standard	n/a	n/a	n/a	n/a	n/a
2816.484	0	1408242	standard_tone	sapo_emerge	standard	n/a	n/a	n/a	n/a	n/a
2817.498	0	1408749	standard_tone	sapo_emerge	standard	n/a	n/a	n/a	n/a	n/a
2818.514	0	1409257	standard_tone	sapo_emerge	standard	n/a	n/a	n/a	n/a	n/a
2819.530	0	1409765	standard_tone	sapo_emerge	standard	n/a	n/a	n/a	n/a	n/a
2820.546	0	1410273	standard_tone	sapo_emerge	standard	n/a	n/a	n/a	n/a	n/a
2821.562	0	1410781	standard_tone	sapo_emerge	standard	n/a	n/a	n/a	n/a	n/a
2822.578	0	1411289	standard_tone	sapo_emerge	standard	n/a	n/a	n/a	n/a	n/a
2823.278	0	1411639	silence_end	sapo_emerge	silence-end	n/a	n/a	n/a	n/a	n/a
2823.294	0	1411647	gong_begin	sapo_emerge	gong-begin	n/a	n/a	n/a	n/a	n/a
2823.576	0	1411788	standard_tone	sapo_emerge	standard	n/a	n/a	n/a	n/a	n/a
2824.592	0	1412296	standard_tone	sapo_emerge	standard	n/a	n/a	n/a	n/a	n/a
2825.608	0	1412804	standard_tone	sapo_emerge	standard	n/a	n/a	n/a	n/a	n/a
2826.624	0	1413312	standard_tone	sapo_emerge	standard	n/a	n/a	n/a	n/a	n/a
2827.640	0	1413820	distractor_noise	sapo_emerge	distractor	n/a	n/a	n/a	n/a	n/a
2828.656	0	1414328	oddball_tone	sapo_emerge	oddball	n/a	n/a	n/a	n/a	n/a
2829.672	0	1414836	standard_tone	sapo_emerge	standard	n/a	n/a	n/a	n/a	n/a
2830.672	0	1415336	standard_tone	sapo_emerge	standard	n/a	n/a	n/a	n/a	n/a
2831.686	0	1415843	oddball_tone	sapo_emerge	oddball	n/a	n/a	n/a	n/a	n/a
2832.702	0	1416351	standard_tone	sapo_emerge	standard	n/a	n/a	n/a	n/a	n/a
2833.286	0	1416643	gong_end	sapo_emerge	gong-end	n/a	n/a	n/a	n/a	n/a
2833.286	0	1416643	subblock_end	sapo_emerge	subblock-end-duration-118.303	n/a	n/a	n/a	118.303	n/a
2833.288	0	1416644	subblock_begin	sapo_emerge	subblock-begin	n/a	n/a	n/a	n/a	n/a
2833.288	0	1416644	silence_begin	sapo_emerge	silence-begin	n/a	n/a	n/a	n/a	n/a
2833.718	0	1416859	standard_tone	sapo_emerge	standard	n/a	n/a	n/a	n/a	n/a
2834.718	0	1417359	oddball_tone	sapo_emerge	oddball	n/a	n/a	n/a	n/a	n/a
2835.734	0	1417867	standard_tone	sapo_emerge	standard	n/a	n/a	n/a	n/a	n/a
2836.748	0	1418374	distractor_noise	sapo_emerge	distractor	n/a	n/a	n/a	n/a	n/a
2837.764	0	1418882	standard_tone	sapo_emerge	standard	n/a	n/a	n/a	n/a	n/a
2838.764	0	1419382	standard_tone	sapo_emerge	standard	n/a	n/a	n/a	n/a	n/a
2839.780	0	1419890	standard_tone	sapo_emerge	standard	n/a	n/a	n/a	n/a	n/a
2840.796	0	1420398	standard_tone	sapo_emerge	standard	n/a	n/a	n/a	n/a	n/a
2841.796	0	1420898	oddball_tone	sapo_emerge	oddball	n/a	n/a	n/a	n/a	n/a
2842.812	0	1421406	standard_tone	sapo_emerge	standard	n/a	n/a	n/a	n/a	n/a
2843.826	0	1421913	standard_tone	sapo_emerge	standard	n/a	n/a	n/a	n/a	n/a
2844.842	0	1422421	standard_tone	sapo_emerge	standard	n/a	n/a	n/a	n/a	n/a
2845.858	0	1422929	standard_tone	sapo_emerge	standard	n/a	n/a	n/a	n/a	n/a
2846.874	0	1423437	standard_tone	sapo_emerge	standard	n/a	n/a	n/a	n/a	n/a
2847.892	0	1423946	oddball_tone	sapo_emerge	oddball	n/a	n/a	n/a	n/a	n/a
2848.906	0	1424453	standard_tone	sapo_emerge	standard	n/a	n/a	n/a	n/a	n/a
2849.922	0	1424961	oddball_tone	sapo_emerge	oddball	n/a	n/a	n/a	n/a	n/a
2850.938	0	1425469	standard_tone	sapo_emerge	standard	n/a	n/a	n/a	n/a	n/a
2851.954	0	1425977	standard_tone	sapo_emerge	standard	n/a	n/a	n/a	n/a	n/a
2852.970	0	1426485	distractor_noise	sapo_emerge	distractor	n/a	n/a	n/a	n/a	n/a
2853.986	0	1426993	oddball_tone	sapo_emerge	oddball	n/a	n/a	n/a	n/a	n/a
2855.002	0	1427501	distractor_noise	sapo_emerge	distractor	n/a	n/a	n/a	n/a	n/a
2856.018	0	1428009	standard_tone	sapo_emerge	standard	n/a	n/a	n/a	n/a	n/a
2857.032	0	1428516	standard_tone	sapo_emerge	standard	n/a	n/a	n/a	n/a	n/a
2858.048	0	1429024	standard_tone	sapo_emerge	standard	n/a	n/a	n/a	n/a	n/a
2859.064	0	1429532	standard_tone	sapo_emerge	standard	n/a	n/a	n/a	n/a	n/a
2860.080	0	1430040	standard_tone	sapo_emerge	standard	n/a	n/a	n/a	n/a	n/a
2861.096	0	1430548	standard_tone	sapo_emerge	standard	n/a	n/a	n/a	n/a	n/a
2862.112	0	1431056	oddball_tone	sapo_emerge	oddball	n/a	n/a	n/a	n/a	n/a
2863.128	0	1431564	standard_tone	sapo_emerge	standard	n/a	n/a	n/a	n/a	n/a
2864.126	0	1432063	standard_tone	sapo_emerge	standard	n/a	n/a	n/a	n/a	n/a
2865.142	0	1432571	oddball_tone	sapo_emerge	oddball	n/a	n/a	n/a	n/a	n/a
2866.158	0	1433079	standard_tone	sapo_emerge	standard	n/a	n/a	n/a	n/a	n/a
2867.158	0	1433579	standard_tone	sapo_emerge	standard	n/a	n/a	n/a	n/a	n/a
2868.174	0	1434087	standard_tone	sapo_emerge	standard	n/a	n/a	n/a	n/a	n/a
2869.188	0	1434594	standard_tone	sapo_emerge	standard	n/a	n/a	n/a	n/a	n/a
2870.188	0	1435094	standard_tone	sapo_emerge	standard	n/a	n/a	n/a	n/a	n/a
2871.204	0	1435602	standard_tone	sapo_emerge	standard	n/a	n/a	n/a	n/a	n/a
2872.220	0	1436110	distractor_noise	sapo_emerge	distractor	n/a	n/a	n/a	n/a	n/a
2873.236	0	1436618	standard_tone	sapo_emerge	standard	n/a	n/a	n/a	n/a	n/a
2874.252	0	1437126	standard_tone	sapo_emerge	standard	n/a	n/a	n/a	n/a	n/a
2875.268	0	1437634	standard_tone	sapo_emerge	standard	n/a	n/a	n/a	n/a	n/a
2876.282	0	1438141	standard_tone	sapo_emerge	standard	n/a	n/a	n/a	n/a	n/a
2877.284	0	1438642	distractor_noise	sapo_emerge	distractor	n/a	n/a	n/a	n/a	n/a
2878.298	0	1439149	oddball_tone	sapo_emerge	oddball	n/a	n/a	n/a	n/a	n/a
2879.314	0	1439657	standard_tone	sapo_emerge	standard	n/a	n/a	n/a	n/a	n/a
2880.330	0	1440165	distractor_noise	sapo_emerge	distractor	n/a	n/a	n/a	n/a	n/a
2881.346	0	1440673	oddball_tone	sapo_emerge	oddball	n/a	n/a	n/a	n/a	n/a
2882.344	0	1441172	standard_tone	sapo_emerge	standard	n/a	n/a	n/a	n/a	n/a
2883.390	0	1441695	standard_tone	sapo_emerge	standard	n/a	n/a	n/a	n/a	n/a
2884.394	0	1442197	oddball_tone	sapo_emerge	oddball	n/a	n/a	n/a	n/a	n/a
2885.408	0	1442704	standard_tone	sapo_emerge	standard	n/a	n/a	n/a	n/a	n/a
2886.424	0	1443212	standard_tone	sapo_emerge	standard	n/a	n/a	n/a	n/a	n/a
2887.440	0	1443720	standard_tone	sapo_emerge	standard	n/a	n/a	n/a	n/a	n/a
2888.458	0	1444229	standard_tone	sapo_emerge	standard	n/a	n/a	n/a	n/a	n/a
2889.472	0	1444736	distractor_noise	sapo_emerge	distractor	n/a	n/a	n/a	n/a	n/a
2890.488	0	1445244	oddball_tone	sapo_emerge	oddball	n/a	n/a	n/a	n/a	n/a
2891.504	0	1445752	standard_tone	sapo_emerge	standard	n/a	n/a	n/a	n/a	n/a
2892.504	0	1446252	standard_tone	sapo_emerge	standard	n/a	n/a	n/a	n/a	n/a
2893.504	0	1446752	oddball_tone	sapo_emerge	oddball	n/a	n/a	n/a	n/a	n/a
2894.518	0	1447259	standard_tone	sapo_emerge	standard	n/a	n/a	n/a	n/a	n/a
2895.534	0	1447767	standard_tone	sapo_emerge	standard	n/a	n/a	n/a	n/a	n/a
2896.550	0	1448275	standard_tone	sapo_emerge	standard	n/a	n/a	n/a	n/a	n/a
2897.566	0	1448783	standard_tone	sapo_emerge	standard	n/a	n/a	n/a	n/a	n/a
2898.582	0	1449291	standard_tone	sapo_emerge	standard	n/a	n/a	n/a	n/a	n/a
2899.580	0	1449790	oddball_tone	sapo_emerge	oddball	n/a	n/a	n/a	n/a	n/a
2900.596	0	1450298	standard_tone	sapo_emerge	standard	n/a	n/a	n/a	n/a	n/a
2901.612	0	1450806	oddball_tone	sapo_emerge	oddball	n/a	n/a	n/a	n/a	n/a
2902.628	0	1451314	standard_tone	sapo_emerge	standard	n/a	n/a	n/a	n/a	n/a
2903.644	0	1451822	standard_tone	sapo_emerge	standard	n/a	n/a	n/a	n/a	n/a
2904.660	0	1452330	oddball_tone	sapo_emerge	oddball	n/a	n/a	n/a	n/a	n/a
2905.676	0	1452838	standard_tone	sapo_emerge	standard	n/a	n/a	n/a	n/a	n/a
2906.692	0	1453346	oddball_tone	sapo_emerge	oddball	n/a	n/a	n/a	n/a	n/a
2907.708	0	1453854	standard_tone	sapo_emerge	standard	n/a	n/a	n/a	n/a	n/a
2908.722	0	1454361	standard_tone	sapo_emerge	standard	n/a	n/a	n/a	n/a	n/a
2909.722	0	1454861	standard_tone	sapo_emerge	standard	n/a	n/a	n/a	n/a	n/a
2910.738	0	1455369	standard_tone	sapo_emerge	standard	n/a	n/a	n/a	n/a	n/a
2911.754	0	1455877	standard_tone	sapo_emerge	standard	n/a	n/a	n/a	n/a	n/a
2912.770	0	1456385	distractor_noise	sapo_emerge	distractor	n/a	n/a	n/a	n/a	n/a
2913.786	0	1456893	standard_tone	sapo_emerge	standard	n/a	n/a	n/a	n/a	n/a
2914.802	0	1457401	standard_tone	sapo_emerge	standard	n/a	n/a	n/a	n/a	n/a
2915.818	0	1457909	standard_tone	sapo_emerge	standard	n/a	n/a	n/a	n/a	n/a
2916.418	0	1458209	clicker_press	sapo_emerge	response-received-arrow_up	n/a	n/a	n/a	n/a	arrow_up
2916.434	0	1458217	report_window_begin	sapo_emerge	emerge-sapo-emerge-begin	n/a	n/a	n/a	n/a	n/a
2917.066	0	1458533	clicker_press	sapo_emerge	response-received-arrow_up	n/a	n/a	n/a	n/a	arrow_up
2917.516	0	1458758	clicker_press	sapo_emerge	response-received-arrow_up	n/a	n/a	n/a	n/a	arrow_up
2917.866	0	1458933	clicker_press	sapo_emerge	response-received-arrow_up	n/a	n/a	n/a	n/a	arrow_up
2920.482	0	1460241	depth_rating	sapo_emerge	rating-sapo-emerge-meditation_depth-4	4	n/a	n/a	n/a	n/a
2926.926	0	1463463	clicker_press	sapo_emerge	response-received-arrow_up	n/a	n/a	n/a	n/a	arrow_up
2927.308	0	1463654	clicker_press	sapo_emerge	response-received-arrow_up	n/a	n/a	n/a	n/a	arrow_up
2927.674	0	1463837	clicker_press	sapo_emerge	response-received-arrow_up	n/a	n/a	n/a	n/a	arrow_up
2930.538	0	1465269	confidence_rating	sapo_emerge	rating-sapo-emerge-confidence_depth-3	n/a	3	n/a	n/a	n/a
2933.986	0	1466993	report_window_end	sapo_emerge	emerge-sapo-emerge-end	n/a	n/a	n/a	n/a	n/a
2933.986	0	1466993	subblock_begin	sapo_emerge	subblock-begin	n/a	n/a	n/a	n/a	n/a
2933.988	0	1466994	silence_begin	sapo_emerge	silence-begin	n/a	n/a	n/a	n/a	n/a
2934.002	0	1467001	standard_tone	sapo_emerge	standard	n/a	n/a	n/a	n/a	n/a
2935.002	0	1467501	standard_tone	sapo_emerge	standard	n/a	n/a	n/a	n/a	n/a
2936.018	0	1468009	standard_tone	sapo_emerge	standard	n/a	n/a	n/a	n/a	n/a
2937.032	0	1468516	standard_tone	sapo_emerge	standard	n/a	n/a	n/a	n/a	n/a
2938.048	0	1469024	oddball_tone	sapo_emerge	oddball	n/a	n/a	n/a	n/a	n/a
2939.064	0	1469532	standard_tone	sapo_emerge	standard	n/a	n/a	n/a	n/a	n/a
2940.064	0	1470032	standard_tone	sapo_emerge	standard	n/a	n/a	n/a	n/a	n/a
2941.080	0	1470540	oddball_tone	sapo_emerge	oddball	n/a	n/a	n/a	n/a	n/a
2942.080	0	1471040	standard_tone	sapo_emerge	standard	n/a	n/a	n/a	n/a	n/a
2943.094	0	1471547	oddball_tone	sapo_emerge	oddball	n/a	n/a	n/a	n/a	n/a
2944.110	0	1472055	standard_tone	sapo_emerge	standard	n/a	n/a	n/a	n/a	n/a
2945.126	0	1472563	standard_tone	sapo_emerge	standard	n/a	n/a	n/a	n/a	n/a
2946.142	0	1473071	standard_tone	sapo_emerge	standard	n/a	n/a	n/a	n/a	n/a
2947.158	0	1473579	standard_tone	sapo_emerge	standard	n/a	n/a	n/a	n/a	n/a
2948.174	0	1474087	standard_tone	sapo_emerge	standard	n/a	n/a	n/a	n/a	n/a
2949.190	0	1474595	standard_tone	sapo_emerge	standard	n/a	n/a	n/a	n/a	n/a
2950.206	0	1475103	standard_tone	sapo_emerge	standard	n/a	n/a	n/a	n/a	n/a
2951.222	0	1475611	standard_tone	sapo_emerge	standard	n/a	n/a	n/a	n/a	n/a
2952.238	0	1476119	standard_tone	sapo_emerge	standard	n/a	n/a	n/a	n/a	n/a
2953.254	0	1476627	distractor_noise	sapo_emerge	distractor	n/a	n/a	n/a	n/a	n/a
2954.268	0	1477134	standard_tone	sapo_emerge	standard	n/a	n/a	n/a	n/a	n/a
2955.284	0	1477642	standard_tone	sapo_emerge	standard	n/a	n/a	n/a	n/a	n/a
2956.284	0	1478142	standard_tone	sapo_emerge	standard	n/a	n/a	n/a	n/a	n/a
2957.300	0	1478650	standard_tone	sapo_emerge	standard	n/a	n/a	n/a	n/a	n/a
2958.316	0	1479158	distractor_noise	sapo_emerge	distractor	n/a	n/a	n/a	n/a	n/a
2959.332	0	1479666	standard_tone	sapo_emerge	standard	n/a	n/a	n/a	n/a	n/a
2960.330	0	1480165	standard_tone	sapo_emerge	standard	n/a	n/a	n/a	n/a	n/a
2961.346	0	1480673	standard_tone	sapo_emerge	standard	n/a	n/a	n/a	n/a	n/a
2962.362	0	1481181	standard_tone	sapo_emerge	standard	n/a	n/a	n/a	n/a	n/a
2963.378	0	1481689	standard_tone	sapo_emerge	standard	n/a	n/a	n/a	n/a	n/a
2964.394	0	1482197	standard_tone	sapo_emerge	standard	n/a	n/a	n/a	n/a	n/a
2965.410	0	1482705	standard_tone	sapo_emerge	standard	n/a	n/a	n/a	n/a	n/a
2966.426	0	1483213	standard_tone	sapo_emerge	standard	n/a	n/a	n/a	n/a	n/a
2967.440	0	1483720	standard_tone	sapo_emerge	standard	n/a	n/a	n/a	n/a	n/a
2968.456	0	1484228	standard_tone	sapo_emerge	standard	n/a	n/a	n/a	n/a	n/a
2969.472	0	1484736	standard_tone	sapo_emerge	standard	n/a	n/a	n/a	n/a	n/a
2970.488	0	1485244	standard_tone	sapo_emerge	standard	n/a	n/a	n/a	n/a	n/a
2971.488	0	1485744	oddball_tone	sapo_emerge	oddball	n/a	n/a	n/a	n/a	n/a
2972.504	0	1486252	standard_tone	sapo_emerge	standard	n/a	n/a	n/a	n/a	n/a
2973.520	0	1486760	standard_tone	sapo_emerge	standard	n/a	n/a	n/a	n/a	n/a
2974.536	0	1487268	standard_tone	sapo_emerge	standard	n/a	n/a	n/a	n/a	n/a
2975.534	0	1487767	standard_tone	sapo_emerge	standard	n/a	n/a	n/a	n/a	n/a
2976.550	0	1488275	standard_tone	sapo_emerge	standard	n/a	n/a	n/a	n/a	n/a
2977.566	0	1488783	standard_tone	sapo_emerge	standard	n/a	n/a	n/a	n/a	n/a
2978.582	0	1489291	standard_tone	sapo_emerge	standard	n/a	n/a	n/a	n/a	n/a
2979.598	0	1489799	distractor_noise	sapo_emerge	distractor	n/a	n/a	n/a	n/a	n/a
2980.614	0	1490307	standard_tone	sapo_emerge	standard	n/a	n/a	n/a	n/a	n/a
2981.630	0	1490815	standard_tone	sapo_emerge	standard	n/a	n/a	n/a	n/a	n/a
2982.646	0	1491323	standard_tone	sapo_emerge	standard	n/a	n/a	n/a	n/a	n/a
2983.662	0	1491831	distractor_noise	sapo_emerge	distractor	n/a	n/a	n/a	n/a	n/a
2984.676	0	1492338	standard_tone	sapo_emerge	standard	n/a	n/a	n/a	n/a	n/a
2985.692	0	1492846	standard_tone	sapo_emerge	standard	n/a	n/a	n/a	n/a	n/a
2986.692	0	1493346	oddball_tone	sapo_emerge	oddball	n/a	n/a	n/a	n/a	n/a
2987.692	0	1493846	standard_tone	sapo_emerge	standard	n/a	n/a	n/a	n/a	n/a
2988.706	0	1494353	distractor_noise	sapo_emerge	distractor	n/a	n/a	n/a	n/a	n/a
2989.722	0	1494861	standard_tone	sapo_emerge	standard	n/a	n/a	n/a	n/a	n/a
2990.740	0	1495370	standard_tone	sapo_emerge	standard	n/a	n/a	n/a	n/a	n/a
2991.754	0	1495877	standard_tone	sapo_emerge	standard	n/a	n/a	n/a	n/a	n/a
2992.770	0	1496385	oddball_tone	sapo_emerge	oddball	n/a	n/a	n/a	n/a	n/a
2993.786	0	1496893	standard_tone	sapo_emerge	standard	n/a	n/a	n/a	n/a	n/a
2994.784	0	1497392	oddball_tone	sapo_emerge	oddball	n/a	n/a	n/a	n/a	n/a
2995.800	0	1497900	standard_tone	sapo_emerge	standard	n/a	n/a	n/a	n/a	n/a
2996.816	0	1498408	standard_tone	sapo_emerge	standard	n/a	n/a	n/a	n/a	n/a
2997.832	0	1498916	standard_tone	sapo_emerge	standard	n/a	n/a	n/a	n/a	n/a
2998.850	0	1499425	oddball_tone	sapo_emerge	oddball	n/a	n/a	n/a	n/a	n/a
2999.864	0	1499932	standard_tone	sapo_emerge	standard	n/a	n/a	n/a	n/a	n/a
3000.880	0	1500440	oddball_tone	sapo_emerge	oddball	n/a	n/a	n/a	n/a	n/a
3001.896	0	1500948	standard_tone	sapo_emerge	standard	n/a	n/a	n/a	n/a	n/a
3002.912	0	1501456	oddball_tone	sapo_emerge	oddball	n/a	n/a	n/a	n/a	n/a
3003.914	0	1501957	standard_tone	sapo_emerge	standard	n/a	n/a	n/a	n/a	n/a
3004.926	0	1502463	standard_tone	sapo_emerge	standard	n/a	n/a	n/a	n/a	n/a
3005.942	0	1502971	standard_tone	sapo_emerge	standard	n/a	n/a	n/a	n/a	n/a
3006.958	0	1503479	distractor_noise	sapo_emerge	distractor	n/a	n/a	n/a	n/a	n/a
3007.958	0	1503979	standard_tone	sapo_emerge	standard	n/a	n/a	n/a	n/a	n/a
3008.972	0	1504486	distractor_noise	sapo_emerge	distractor	n/a	n/a	n/a	n/a	n/a
3009.988	0	1504994	standard_tone	sapo_emerge	standard	n/a	n/a	n/a	n/a	n/a
3011.004	0	1505502	standard_tone	sapo_emerge	standard	n/a	n/a	n/a	n/a	n/a
3012.004	0	1506002	distractor_noise	sapo_emerge	distractor	n/a	n/a	n/a	n/a	n/a
3013.020	0	1506510	standard_tone	sapo_emerge	standard	n/a	n/a	n/a	n/a	n/a
3014.036	0	1507018	standard_tone	sapo_emerge	standard	n/a	n/a	n/a	n/a	n/a
3015.052	0	1507526	standard_tone	sapo_emerge	standard	n/a	n/a	n/a	n/a	n/a
3016.068	0	1508034	standard_tone	sapo_emerge	standard	n/a	n/a	n/a	n/a	n/a
3017.066	0	1508533	standard_tone	sapo_emerge	standard	n/a	n/a	n/a	n/a	n/a
3018.082	0	1509041	standard_tone	sapo_emerge	standard	n/a	n/a	n/a	n/a	n/a
3019.098	0	1509549	oddball_tone	sapo_emerge	oddball	n/a	n/a	n/a	n/a	n/a
3020.098	0	1510049	standard_tone	sapo_emerge	standard	n/a	n/a	n/a	n/a	n/a
3021.114	0	1510557	oddball_tone	sapo_emerge	oddball	n/a	n/a	n/a	n/a	n/a
3022.128	0	1511064	standard_tone	sapo_emerge	standard	n/a	n/a	n/a	n/a	n/a
3023.144	0	1511572	standard_tone	sapo_emerge	standard	n/a	n/a	n/a	n/a	n/a
3024.160	0	1512080	distractor_noise	sapo_emerge	distractor	n/a	n/a	n/a	n/a	n/a
3025.176	0	1512588	standard_tone	sapo_emerge	standard	n/a	n/a	n/a	n/a	n/a
3026.192	0	1513096	standard_tone	sapo_emerge	standard	n/a	n/a	n/a	n/a	n/a
3027.192	0	1513596	standard_tone	sapo_emerge	standard	n/a	n/a	n/a	n/a	n/a
3028.208	0	1514104	oddball_tone	sapo_emerge	oddball	n/a	n/a	n/a	n/a	n/a
3029.224	0	1514612	standard_tone	sapo_emerge	standard	n/a	n/a	n/a	n/a	n/a
3030.240	0	1515120	oddball_tone	sapo_emerge	oddball	n/a	n/a	n/a	n/a	n/a
3031.256	0	1515628	standard_tone	sapo_emerge	standard	n/a	n/a	n/a	n/a	n/a
3032.272	0	1516136	standard_tone	sapo_emerge	standard	n/a	n/a	n/a	n/a	n/a
3033.286	0	1516643	standard_tone	sapo_emerge	standard	n/a	n/a	n/a	n/a	n/a
3034.302	0	1517151	standard_tone	sapo_emerge	standard	n/a	n/a	n/a	n/a	n/a
3035.318	0	1517659	distractor_noise	sapo_emerge	distractor	n/a	n/a	n/a	n/a	n/a
3036.334	0	1518167	oddball_tone	sapo_emerge	oddball	n/a	n/a	n/a	n/a	n/a
3037.350	0	1518675	standard_tone	sapo_emerge	standard	n/a	n/a	n/a	n/a	n/a
3038.366	0	1519183	distractor_noise	sapo_emerge	distractor	n/a	n/a	n/a	n/a	n/a
3039.382	0	1519691	oddball_tone	sapo_emerge	oddball	n/a	n/a	n/a	n/a	n/a
3040.398	0	1520199	standard_tone	sapo_emerge	standard	n/a	n/a	n/a	n/a	n/a
3041.396	0	1520698	oddball_tone	sapo_emerge	oddball	n/a	n/a	n/a	n/a	n/a
3042.412	0	1521206	standard_tone	sapo_emerge	standard	n/a	n/a	n/a	n/a	n/a
3043.428	0	1521714	standard_tone	sapo_emerge	standard	n/a	n/a	n/a	n/a	n/a
3044.444	0	1522222	standard_tone	sapo_emerge	standard	n/a	n/a	n/a	n/a	n/a
3045.460	0	1522730	standard_tone	sapo_emerge	standard	n/a	n/a	n/a	n/a	n/a
3046.476	0	1523238	standard_tone	sapo_emerge	standard	n/a	n/a	n/a	n/a	n/a
3046.542	0	1523271	silence_end	sapo_emerge	silence-end	n/a	n/a	n/a	n/a	n/a
3046.742	0	1523371	gong_begin	sapo_emerge	gong-begin	n/a	n/a	n/a	n/a	n/a
3047.492	0	1523746	distractor_noise	sapo_emerge	distractor	n/a	n/a	n/a	n/a	n/a
3048.508	0	1524254	standard_tone	sapo_emerge	standard	n/a	n/a	n/a	n/a	n/a
3049.524	0	1524762	standard_tone	sapo_emerge	standard	n/a	n/a	n/a	n/a	n/a
3050.538	0	1525269	standard_tone	sapo_emerge	standard	n/a	n/a	n/a	n/a	n/a
3051.554	0	1525777	distractor_noise	sapo_emerge	distractor	n/a	n/a	n/a	n/a	n/a
3052.570	0	1526285	oddball_tone	sapo_emerge	oddball	n/a	n/a	n/a	n/a	n/a
3053.586	0	1526793	standard_tone	sapo_emerge	standard	n/a	n/a	n/a	n/a	n/a
3054.602	0	1527301	standard_tone	sapo_emerge	standard	n/a	n/a	n/a	n/a	n/a
3055.618	0	1527809	standard_tone	sapo_emerge	standard	n/a	n/a	n/a	n/a	n/a
3056.552	0	1528276	gong_end	sapo_emerge	gong-end	n/a	n/a	n/a	n/a	n/a
3056.552	0	1528276	subblock_end	sapo_emerge	subblock-end-duration-122.565	n/a	n/a	n/a	122.565	n/a
3056.552	0	1528276	subblock_begin	sapo_emerge	subblock-begin	n/a	n/a	n/a	n/a	n/a
3056.552	0	1528276	silence_begin	sapo_emerge	silence-begin	n/a	n/a	n/a	n/a	n/a
3056.634	0	1528317	standard_tone	sapo_emerge	standard	n/a	n/a	n/a	n/a	n/a
3057.634	0	1528817	standard_tone	sapo_emerge	standard	n/a	n/a	n/a	n/a	n/a
3058.648	0	1529324	standard_tone	sapo_emerge	standard	n/a	n/a	n/a	n/a	n/a
3059.664	0	1529832	oddball_tone	sapo_emerge	oddball	n/a	n/a	n/a	n/a	n/a
3060.680	0	1530340	distractor_noise	sapo_emerge	distractor	n/a	n/a	n/a	n/a	n/a
3061.696	0	1530848	standard_tone	sapo_emerge	standard	n/a	n/a	n/a	n/a	n/a
3062.712	0	1531356	standard_tone	sapo_emerge	standard	n/a	n/a	n/a	n/a	n/a
3063.728	0	1531864	oddball_tone	sapo_emerge	oddball	n/a	n/a	n/a	n/a	n/a
3064.744	0	1532372	standard_tone	sapo_emerge	standard	n/a	n/a	n/a	n/a	n/a
3065.760	0	1532880	standard_tone	sapo_emerge	standard	n/a	n/a	n/a	n/a	n/a
3066.776	0	1533388	standard_tone	sapo_emerge	standard	n/a	n/a	n/a	n/a	n/a
3067.792	0	1533896	standard_tone	sapo_emerge	standard	n/a	n/a	n/a	n/a	n/a
3068.808	0	1534404	oddball_tone	sapo_emerge	oddball	n/a	n/a	n/a	n/a	n/a
3069.824	0	1534912	standard_tone	sapo_emerge	standard	n/a	n/a	n/a	n/a	n/a
3070.840	0	1535420	standard_tone	sapo_emerge	standard	n/a	n/a	n/a	n/a	n/a
3071.838	0	1535919	standard_tone	sapo_emerge	standard	n/a	n/a	n/a	n/a	n/a
3072.854	0	1536427	standard_tone	sapo_emerge	standard	n/a	n/a	n/a	n/a	n/a
3073.868	0	1536934	standard_tone	sapo_emerge	standard	n/a	n/a	n/a	n/a	n/a
3074.868	0	1537434	standard_tone	sapo_emerge	standard	n/a	n/a	n/a	n/a	n/a
3075.884	0	1537942	standard_tone	sapo_emerge	standard	n/a	n/a	n/a	n/a	n/a
3076.900	0	1538450	oddball_tone	sapo_emerge	oddball	n/a	n/a	n/a	n/a	n/a
3077.916	0	1538958	standard_tone	sapo_emerge	standard	n/a	n/a	n/a	n/a	n/a
3078.932	0	1539466	standard_tone	sapo_emerge	standard	n/a	n/a	n/a	n/a	n/a
3079.948	0	1539974	standard_tone	sapo_emerge	standard	n/a	n/a	n/a	n/a	n/a
3080.948	0	1540474	standard_tone	sapo_emerge	standard	n/a	n/a	n/a	n/a	n/a
3081.962	0	1540981	oddball_tone	sapo_emerge	oddball	n/a	n/a	n/a	n/a	n/a
3082.978	0	1541489	standard_tone	sapo_emerge	standard	n/a	n/a	n/a	n/a	n/a
3083.996	0	1541998	standard_tone	sapo_emerge	standard	n/a	n/a	n/a	n/a	n/a
3085.010	0	1542505	standard_tone	sapo_emerge	standard	n/a	n/a	n/a	n/a	n/a
3086.026	0	1543013	oddball_tone	sapo_emerge	oddball	n/a	n/a	n/a	n/a	n/a
3087.042	0	1543521	standard_tone	sapo_emerge	standard	n/a	n/a	n/a	n/a	n/a
3088.042	0	1544021	standard_tone	sapo_emerge	standard	n/a	n/a	n/a	n/a	n/a
3089.058	0	1544529	standard_tone	sapo_emerge	standard	n/a	n/a	n/a	n/a	n/a
3090.072	0	1545036	standard_tone	sapo_emerge	standard	n/a	n/a	n/a	n/a	n/a
3091.088	0	1545544	standard_tone	sapo_emerge	standard	n/a	n/a	n/a	n/a	n/a
3092.104	0	1546052	distractor_noise	sapo_emerge	distractor	n/a	n/a	n/a	n/a	n/a
3093.120	0	1546560	standard_tone	sapo_emerge	standard	n/a	n/a	n/a	n/a	n/a
3094.136	0	1547068	standard_tone	sapo_emerge	standard	n/a	n/a	n/a	n/a	n/a
3095.136	0	1547568	oddball_tone	sapo_emerge	oddball	n/a	n/a	n/a	n/a	n/a
3096.152	0	1548076	standard_tone	sapo_emerge	standard	n/a	n/a	n/a	n/a	n/a
3097.168	0	1548584	distractor_noise	sapo_emerge	distractor	n/a	n/a	n/a	n/a	n/a
3098.184	0	1549092	oddball_tone	sapo_emerge	oddball	n/a	n/a	n/a	n/a	n/a
3099.198	0	1549599	standard_tone	sapo_emerge	standard	n/a	n/a	n/a	n/a	n/a
3100.298	0	1550149	sapo_emerge_end	sapo_emerge	block-sapo-emerge-end	n/a	n/a	n/a	n/a	n/a
3100.300	0	1550150	block_duration	sapo_emerge	block-sapo-emerge-duration-2100	n/a	n/a	n/a	2100.000	n/a
3100.300	0	1550150	prompt_window_begin	sapo_emerge	probe-sapo-emerge-begin	n/a	n/a	n/a	n/a	n/a
3108.108	0	1554054	clicker_press	n/a	response-received-arrow_up	n/a	n/a	n/a	n/a	arrow_up
3109.174	0	1554587	clicker_press	n/a	response-received-arrow_up	n/a	n/a	n/a	n/a	arrow_up
3109.374	0	1554687	depth_rating	sapo_emerge	rating-sapo-emerge-meditation_depth-2	2	n/a	n/a	n/a	n/a
3115.368	0	1557684	clicker_press	n/a	response-received-arrow_up	n/a	n/a	n/a	n/a	arrow_up
3115.786	0	1557893	clicker_press	n/a	response-received-arrow_up	n/a	n/a	n/a	n/a	arrow_up
3116.134	0	1558067	clicker_press	n/a	response-received-arrow_up	n/a	n/a	n/a	n/a	arrow_up
3116.500	0	1558250	clicker_press	n/a	response-received-arrow_up	n/a	n/a	n/a	n/a	arrow_up
3119.448	0	1559724	confidence_rating	sapo_emerge	rating-sapo-emerge-confidence_depth-4	n/a	4	n/a	n/a	n/a
3120.464	0	1560232	prompt_window_end	sapo_emerge	probe-sapo-emerge-end	n/a	n/a	n/a	n/a	n/a
3120.466	0	1560233	break_begin	break	break-begin	n/a	n/a	n/a	n/a	n/a
3283.012	0	1641506	clicker_press	break	response-received-enter	n/a	n/a	n/a	n/a	enter
3283.030	0	1641515	break_end	break	break-end	n/a	n/a	n/a	n/a	n/a
3385.528	0	1692764	clicker_press	n/a	response-received-arrow_up	n/a	n/a	n/a	n/a	arrow_up
3385.546	0	1692773	active_oddball_begin	active_oddball	active-oddball-begin	n/a	n/a	n/a	n/a	n/a
3385.554	0	1692777	standard_tone	active_oddball	standard	n/a	n/a	n/a	n/a	n/a
3386.562	0	1693281	standard_tone	active_oddball	standard	n/a	n/a	n/a	n/a	n/a
3387.594	0	1693797	standard_tone	active_oddball	standard	n/a	n/a	n/a	n/a	n/a
3388.610	0	1694305	standard_tone	active_oddball	standard	n/a	n/a	n/a	n/a	n/a
3389.676	0	1694838	standard_tone	active_oddball	standard	n/a	n/a	n/a	n/a	n/a
3390.690	0	1695345	distractor_noise	active_oddball	distractor	n/a	n/a	n/a	n/a	n/a
3391.724	0	1695862	standard_tone	active_oddball	standard	n/a	n/a	n/a	n/a	n/a
3392.822	0	1696411	standard_tone	active_oddball	standard	n/a	n/a	n/a	n/a	n/a
3393.854	0	1696927	standard_tone	active_oddball	standard	n/a	n/a	n/a	n/a	n/a
3394.888	0	1697444	standard_tone	active_oddball	standard	n/a	n/a	n/a	n/a	n/a
3395.904	0	1697952	standard_tone	active_oddball	standard	n/a	n/a	n/a	n/a	n/a
3396.968	0	1698484	distractor_noise	active_oddball	distractor	n/a	n/a	n/a	n/a	n/a
3398.002	0	1699001	standard_tone	active_oddball	standard	n/a	n/a	n/a	n/a	n/a
3399.034	0	1699517	standard_tone	active_oddball	standard	n/a	n/a	n/a	n/a	n/a
3400.066	0	1700033	standard_tone	active_oddball	standard	n/a	n/a	n/a	n/a	n/a
3401.116	0	1700558	standard_tone	active_oddball	standard	n/a	n/a	n/a	n/a	n/a
3402.148	0	1701074	standard_tone	active_oddball	standard	n/a	n/a	n/a	n/a	n/a
3403.164	0	1701582	standard_tone	active_oddball	standard	n/a	n/a	n/a	n/a	n/a
3404.180	0	1702090	standard_tone	active_oddball	standard	n/a	n/a	n/a	n/a	n/a
3405.196	0	1702598	distractor_noise	active_oddball	distractor	n/a	n/a	n/a	n/a	n/a
3406.244	0	1703122	standard_tone	active_oddball	standard	n/a	n/a	n/a	n/a	n/a
3407.260	0	1703630	standard_tone	active_oddball	standard	n/a	n/a	n/a	n/a	n/a
3408.276	0	1704138	standard_tone	active_oddball	standard	n/a	n/a	n/a	n/a	n/a
3409.292	0	1704646	standard_tone	active_oddball	standard	n/a	n/a	n/a	n/a	n/a
3410.308	0	1705154	standard_tone	active_oddball	standard	n/a	n/a	n/a	n/a	n/a
3411.340	0	1705670	standard_tone	active_oddball	standard	n/a	n/a	n/a	n/a	n/a
3412.406	0	1706203	standard_tone	active_oddball	standard	n/a	n/a	n/a	n/a	n/a
3413.438	0	1706719	distractor_noise	active_oddball	distractor	n/a	n/a	n/a	n/a	n/a
3414.488	0	1707244	standard_tone	active_oddball	standard	n/a	n/a	n/a	n/a	n/a
3415.504	0	1707752	oddball_tone	active_oddball	oddball	n/a	n/a	n/a	n/a	n/a
3416.570	0	1708285	standard_tone	active_oddball	standard	n/a	n/a	n/a	n/a	n/a
3417.602	0	1708801	oddball_tone	active_oddball	oddball	n/a	n/a	n/a	n/a	n/a
3418.634	0	1709317	standard_tone	active_oddball	standard	n/a	n/a	n/a	n/a	n/a
3419.666	0	1709833	oddball_tone	active_oddball	oddball	n/a	n/a	n/a	n/a	n/a
3420.682	0	1710341	standard_tone	active_oddball	standard	n/a	n/a	n/a	n/a	n/a
3421.716	0	1710858	standard_tone	active_oddball	standard	n/a	n/a	n/a	n/a	n/a
3422.732	0	1711366	standard_tone	active_oddball	standard	n/a	n/a	n/a	n/a	n/a
3423.746	0	1711873	standard_tone	active_oddball	standard	n/a	n/a	n/a	n/a	n/a
3424.880	0	1712440	standard_tone	active_oddball	standard	n/a	n/a	n/a	n/a	n/a
3425.894	0	1712947	standard_tone	active_oddball	standard	n/a	n/a	n/a	n/a	n/a
3426.960	0	1713480	standard_tone	active_oddball	standard	n/a	n/a	n/a	n/a	n/a
3427.994	0	1713997	standard_tone	active_oddball	standard	n/a	n/a	n/a	n/a	n/a
3429.010	0	1714505	oddball_tone	active_oddball	oddball	n/a	n/a	n/a	n/a	n/a
3429.858	0	1714929	clicker_press	active_oddball	response-received-arrow_up	n/a	n/a	n/a	n/a	arrow_up
3429.876	0	1714938	oddball_response	active_oddball	active-oddball-button-press-843ms	n/a	n/a	0.843	n/a	n/a
3430.058	0	1715029	distractor_noise	active_oddball	distractor	n/a	n/a	n/a	n/a	n/a
3431.074	0	1715537	standard_tone	active_oddball	standard	n/a	n/a	n/a	n/a	n/a
3432.090	0	1716045	standard_tone	active_oddball	standard	n/a	n/a	n/a	n/a	n/a
3433.106	0	1716553	standard_tone	active_oddball	standard	n/a	n/a	n/a	n/a	n/a
3434.122	0	1717061	standard_tone	active_oddball	standard	n/a	n/a	n/a	n/a	n/a
3435.138	0	1717569	standard_tone	active_oddball	standard	n/a	n/a	n/a	n/a	n/a
3436.152	0	1718076	standard_tone	active_oddball	standard	n/a	n/a	n/a	n/a	n/a
3437.186	0	1718593	standard_tone	active_oddball	standard	n/a	n/a	n/a	n/a	n/a
3438.202	0	1719101	standard_tone	active_oddball	standard	n/a	n/a	n/a	n/a	n/a
3439.252	0	1719626	standard_tone	active_oddball	standard	n/a	n/a	n/a	n/a	n/a
3440.266	0	1720133	standard_tone	active_oddball	standard	n/a	n/a	n/a	n/a	n/a
3441.284	0	1720642	standard_tone	active_oddball	standard	n/a	n/a	n/a	n/a	n/a
3442.332	0	1721166	standard_tone	active_oddball	standard	n/a	n/a	n/a	n/a	n/a
3443.448	0	1721724	standard_tone	active_oddball	standard	n/a	n/a	n/a	n/a	n/a
3444.462	0	1722231	distractor_noise	active_oddball	distractor	n/a	n/a	n/a	n/a	n/a
3445.496	0	1722748	standard_tone	active_oddball	standard	n/a	n/a	n/a	n/a	n/a
3446.528	0	1723264	standard_tone	active_oddball	standard	n/a	n/a	n/a	n/a	n/a
3447.560	0	1723780	standard_tone	active_oddball	standard	n/a	n/a	n/a	n/a	n/a
3448.576	0	1724288	standard_tone	active_oddball	standard	n/a	n/a	n/a	n/a	n/a
3449.660	0	1724830	oddball_tone	active_oddball	oddball	n/a	n/a	n/a	n/a	n/a
3450.592	0	1725296	clicker_press	active_oddball	response-received-arrow_up	n/a	n/a	n/a	n/a	arrow_up
3450.624	0	1725312	oddball_response	active_oddball	active-oddball-button-press-925ms	n/a	n/a	0.925	n/a	n/a
3450.674	0	1725337	standard_tone	active_oddball	standard	n/a	n/a	n/a	n/a	n/a
3451.690	0	1725845	standard_tone	active_oddball	standard	n/a	n/a	n/a	n/a	n/a
3452.790	0	1726395	standard_tone	active_oddball	standard	n/a	n/a	n/a	n/a	n/a
3453.838	0	1726919	standard_tone	active_oddball	standard	n/a	n/a	n/a	n/a	n/a
3454.854	0	1727427	oddball_tone	active_oddball	oddball	n/a	n/a	n/a	n/a	n/a
3455.870	0	1727935	clicker_press	active_oddball	response-received-arrow_up	n/a	n/a	n/a	n/a	arrow_up
3455.872	0	1727936	oddball_response	active_oddball	active-oddball-button-press-1010ms	n/a	n/a	1.010	n/a	n/a
3455.872	0	1727936	standard_tone	active_oddball	standard	n/a	n/a	n/a	n/a	n/a
3456.936	0	1728468	standard_tone	active_oddball	standard	n/a	n/a	n/a	n/a	n/a
3457.984	0	1728992	oddball_tone	active_oddball	oddball	n/a	n/a	n/a	n/a	n/a
3458.902	0	1729451	clicker_press	active_oddball	response-received-arrow_up	n/a	n/a	n/a	n/a	arrow_up
3458.918	0	1729459	oddball_response	active_oddball	active-oddball-button-press-910ms	n/a	n/a	0.910	n/a	n/a
3459.034	0	1729517	standard_tone	active_oddball	standard	n/a	n/a	n/a	n/a	n/a
3460.050	0	1730025	oddball_tone	active_oddball	oddball	n/a	n/a	n/a	n/a	n/a
3460.850	0	1730425	clicker_press	active_oddball	response-received-arrow_up	n/a	n/a	n/a	n/a	arrow_up
3460.868	0	1730434	oddball_response	active_oddball	active-oddball-button-press-794ms	n/a	n/a	0.794	n/a	n/a
3461.116	0	1730558	standard_tone	active_oddball	standard	n/a	n/a	n/a	n/a	n/a
3462.148	0	1731074	standard_tone	active_oddball	standard	n/a	n/a	n/a	n/a	n/a
3463.164	0	1731582	distractor_noise	active_oddball	distractor	n/a	n/a	n/a	n/a	n/a
3464.196	0	1732098	standard_tone	active_oddball	standard	n/a	n/a	n/a	n/a	n/a
3465.230	0	1732615	standard_tone	active_oddball	standard	n/a	n/a	n/a	n/a	n/a
3466.262	0	1733131	standard_tone	active_oddball	standard	n/a	n/a	n/a	n/a	n/a
3467.278	0	1733639	standard_tone	active_oddball	standard	n/a	n/a	n/a	n/a	n/a
3468.310	0	1734155	standard_tone	active_oddball	standard	n/a	n/a	n/a	n/a	n/a
3469.326	0	1734663	standard_tone	active_oddball	standard	n/a	n/a	n/a	n/a	n/a
3470.358	0	1735179	oddball_tone	active_oddball	oddball	n/a	n/a	n/a	n/a	n/a
3471.424	0	1735712	standard_tone	active_oddball	standard	n/a	n/a	n/a	n/a	n/a
3472.440	0	1736220	standard_tone	active_oddball	standard	n/a	n/a	n/a	n/a	n/a
3473.472	0	1736736	standard_tone	active_oddball	standard	n/a	n/a	n/a	n/a	n/a
3474.588	0	1737294	standard_tone	active_oddball	standard	n/a	n/a	n/a	n/a	n/a
3475.620	0	1737810	standard_tone	active_oddball	standard	n/a	n/a	n/a	n/a	n/a
3476.652	0	1738326	oddball_tone	active_oddball	oddball	n/a	n/a	n/a	n/a	n/a
3477.518	0	1738759	clicker_press	active_oddball	response-received-arrow_up	n/a	n/a	n/a	n/a	arrow_up
3477.552	0	1738776	oddball_response	active_oddball	active-oddball-button-press-860ms	n/a	n/a	0.860	n/a	n/a
3477.668	0	1738834	standard_tone	active_oddball	standard	n/a	n/a	n/a	n/a	n/a
3478.718	0	1739359	standard_tone	active_oddball	standard	n/a	n/a	n/a	n/a	n/a
3479.734	0	1739867	oddball_tone	active_oddball	oddball	n/a	n/a	n/a	n/a	n/a
3480.734	0	1740367	clicker_press	active_oddball	response-received-arrow_up	n/a	n/a	n/a	n/a	arrow_up
3480.750	0	1740375	oddball_response	active_oddball	active-oddball-button-press-993ms	n/a	n/a	0.993	n/a	n/a
3480.750	0	1740375	standard_tone	active_oddball	standard	n/a	n/a	n/a	n/a	n/a
3481.782	0	1740891	standard_tone	active_oddball	standard	n/a	n/a	n/a	n/a	n/a
3482.832	0	1741416	distractor_noise	active_oddball	distractor	n/a	n/a	n/a	n/a	n/a
3483.864	0	1741932	standard_tone	active_oddball	standard	n/a	n/a	n/a	n/a	n/a
3484.946	0	1742473	standard_tone	active_oddball	standard	n/a	n/a	n/a	n/a	n/a
3485.996	0	1742998	standard_tone	active_oddball	standard	n/a	n/a	n/a	n/a	n/a
3487.028	0	1743514	standard_tone	active_oddball	standard	n/a	n/a	n/a	n/a	n/a
3488.060	0	1744030	standard_tone	active_oddball	standard	n/a	n/a	n/a	n/a	n/a
3489.076	0	1744538	standard_tone	active_oddball	standard	n/a	n/a	n/a	n/a	n/a
3490.092	0	1745046	standard_tone	active_oddball	standard	n/a	n/a	n/a	n/a	n/a
3491.174	0	1745587	standard_tone	active_oddball	standard	n/a	n/a	n/a	n/a	n/a
3492.190	0	1746095	standard_tone	active_oddball	standard	n/a	n/a	n/a	n/a	n/a
3493.240	0	1746620	standard_tone	active_oddball	standard	n/a	n/a	n/a	n/a	n/a
3494.256	0	1747128	oddball_tone	active_oddball	oddball	n/a	n/a	n/a	n/a	n/a
3495.188	0	1747594	clicker_press	active_oddball	response-received-arrow_up	n/a	n/a	n/a	n/a	arrow_up
3495.222	0	1747611	oddball_response	active_oddball	active-oddball-button-press-927ms	n/a	n/a	0.927	n/a	n/a
3495.304	0	1747652	standard_tone	active_oddball	standard	n/a	n/a	n/a	n/a	n/a
3496.386	0	1748193	standard_tone	active_oddball	standard	n/a	n/a	n/a	n/a	n/a
3497.402	0	1748701	standard_tone	active_oddball	standard	n/a	n/a	n/a	n/a	n/a
3498.418	0	1749209	standard_tone	active_oddball	standard	n/a	n/a	n/a	n/a	n/a
3499.450	0	1749725	standard_tone	active_oddball	standard	n/a	n/a	n/a	n/a	n/a
3500.466	0	1750233	standard_tone	active_oddball	standard	n/a	n/a	n/a	n/a	n/a
3501.516	0	1750758	standard_tone	active_oddball	standard	n/a	n/a	n/a	n/a	n/a
3502.548	0	1751274	standard_tone	active_oddball	standard	n/a	n/a	n/a	n/a	n/a
3503.564	0	1751782	standard_tone	active_oddball	standard	n/a	n/a	n/a	n/a	n/a
3504.596	0	1752298	standard_tone	active_oddball	standard	n/a	n/a	n/a	n/a	n/a
3505.612	0	1752806	standard_tone	active_oddball	standard	n/a	n/a	n/a	n/a	n/a
3506.628	0	1753314	distractor_noise	active_oddball	distractor	n/a	n/a	n/a	n/a	n/a
3507.644	0	1753822	standard_tone	active_oddball	standard	n/a	n/a	n/a	n/a	n/a
3508.676	0	1754338	oddball_tone	active_oddball	oddball	n/a	n/a	n/a	n/a	n/a
3509.692	0	1754846	standard_tone	active_oddball	standard	n/a	n/a	n/a	n/a	n/a
3509.792	0	1754896	clicker_press	active_oddball	response-received-arrow_up	n/a	n/a	n/a	n/a	arrow_up
3509.810	0	1754905	oddball_response	active_oddball	active-oddball-button-press-93ms	n/a	n/a	0.093	n/a	n/a
3510.824	0	1755412	standard_tone	active_oddball	standard	n/a	n/a	n/a	n/a	n/a
3511.840	0	1755920	standard_tone	active_oddball	standard	n/a	n/a	n/a	n/a	n/a
3512.890	0	1756445	distractor_noise	active_oddball	distractor	n/a	n/a	n/a	n/a	n/a
3513.922	0	1756961	standard_tone	active_oddball	standard	n/a	n/a	n/a	n/a	n/a
3514.938	0	1757469	standard_tone	active_oddball	standard	n/a	n/a	n/a	n/a	n/a
3515.970	0	1757985	standard_tone	active_oddball	standard	n/a	n/a	n/a	n/a	n/a
3516.986	0	1758493	standard_tone	active_oddball	standard	n/a	n/a	n/a	n/a	n/a
3518.002	0	1759001	standard_tone	active_oddball	standard	n/a	n/a	n/a	n/a	n/a
3519.068	0	1759534	standard_tone	active_oddball	standard	n/a	n/a	n/a	n/a	n/a
3520.084	0	1760042	standard_tone	active_oddball	standard	n/a	n/a	n/a	n/a	n/a
3521.116	0	1760558	standard_tone	active_oddball	standard	n/a	n/a	n/a	n/a	n/a
3522.132	0	1761066	standard_tone	active_oddball	standard	n/a	n/a	n/a	n/a	n/a
3523.164	0	1761582	standard_tone	active_oddball	standard	n/a	n/a	n/a	n/a	n/a
3524.198	0	1762099	standard_tone	active_oddball	standard	n/a	n/a	n/a	n/a	n/a
3525.214	0	1762607	oddball_tone	active_oddball	oddball	n/a	n/a	n/a	n/a	n/a
3526.230	0	1763115	standard_tone	active_oddball	standard	n/a	n/a	n/a	n/a	n/a
3526.274	0	1763137	clicker_press	active_oddball	response-received-arrow_up	n/a	n/a	n/a	n/a	arrow_up
3526.312	0	1763156	oddball_response	active_oddball	active-oddball-button-press-39ms	n/a	n/a	0.039	n/a	n/a
3527.260	0	1763630	standard_tone	active_oddball	standard	n/a	n/a	n/a	n/a	n/a
3528.310	0	1764155	standard_tone	active_oddball	standard	n/a	n/a	n/a	n/a	n/a
3529.342	0	1764671	distractor_noise	active_oddball	distractor	n/a	n/a	n/a	n/a	n/a
3530.392	0	1765196	oddball_tone	active_oddball	oddball	n/a	n/a	n/a	n/a	n/a
3531.358	0	1765679	clicker_press	active_oddball	response-received-arrow_up	n/a	n/a	n/a	n/a	arrow_up
3531.392	0	1765696	oddball_response	active_oddball	active-oddball-button-press-959ms	n/a	n/a	0.959	n/a	n/a
3531.408	0	1765704	standard_tone	active_oddball	standard	n/a	n/a	n/a	n/a	n/a
3532.490	0	1766245	standard_tone	active_oddball	standard	n/a	n/a	n/a	n/a	n/a
3533.506	0	1766753	standard_tone	active_oddball	standard	n/a	n/a	n/a	n/a	n/a
3534.606	0	1767303	standard_tone	active_oddball	standard	n/a	n/a	n/a	n/a	n/a
3535.620	0	1767810	standard_tone	active_oddball	standard	n/a	n/a	n/a	n/a	n/a
3536.636	0	1768318	distractor_noise	active_oddball	distractor	n/a	n/a	n/a	n/a	n/a
3537.654	0	1768827	oddball_tone	active_oddball	oddball	n/a	n/a	n/a	n/a	n/a
3538.684	0	1769342	standard_tone	active_oddball	standard	n/a	n/a	n/a	n/a	n/a
3538.736	0	1769368	clicker_press	active_oddball	response-received-arrow_up	n/a	n/a	n/a	n/a	arrow_up
3538.770	0	1769385	oddball_response	active_oddball	active-oddball-button-press-44ms	n/a	n/a	0.044	n/a	n/a
3539.718	0	1769859	standard_tone	active_oddball	standard	n/a	n/a	n/a	n/a	n/a
3540.734	0	1770367	oddball_tone	active_oddball	oddball	n/a	n/a	n/a	n/a	n/a
3541.550	0	1770775	clicker_press	active_oddball	response-received-arrow_up	n/a	n/a	n/a	n/a	arrow_up
3541.566	0	1770783	oddball_response	active_oddball	active-oddball-button-press-810ms	n/a	n/a	0.810	n/a	n/a
3541.798	0	1770899	standard_tone	active_oddball	standard	n/a	n/a	n/a	n/a	n/a
3542.882	0	1771441	standard_tone	active_oddball	standard	n/a	n/a	n/a	n/a	n/a
3543.930	0	1771965	standard_tone	active_oddball	standard	n/a	n/a	n/a	n/a	n/a
3544.946	0	1772473	standard_tone	active_oddball	standard	n/a	n/a	n/a	n/a	n/a
3545.996	0	1772998	oddball_tone	active_oddball	oddball	n/a	n/a	n/a	n/a	n/a
3546.812	0	1773406	clicker_press	active_oddball	response-received-arrow_up	n/a	n/a	n/a	n/a	arrow_up
3546.878	0	1773439	oddball_response	active_oddball	active-oddball-button-press-811ms	n/a	n/a	0.811	n/a	n/a
3547.078	0	1773539	standard_tone	active_oddball	standard	n/a	n/a	n/a	n/a	n/a
3548.110	0	1774055	standard_tone	active_oddball	standard	n/a	n/a	n/a	n/a	n/a
3549.126	0	1774563	oddball_tone	active_oddball	oddball	n/a	n/a	n/a	n/a	n/a
3550.060	0	1775030	clicker_press	active_oddball	response-received-arrow_up	n/a	n/a	n/a	n/a	arrow_up
3550.076	0	1775038	oddball_response	active_oddball	active-oddball-button-press-926ms	n/a	n/a	0.926	n/a	n/a
3550.142	0	1775071	standard_tone	active_oddball	standard	n/a	n/a	n/a	n/a	n/a
3551.158	0	1775579	distractor_noise	active_oddball	distractor	n/a	n/a	n/a	n/a	n/a
3552.174	0	1776087	standard_tone	active_oddball	standard	n/a	n/a	n/a	n/a	n/a
3553.190	0	1776595	standard_tone	active_oddball	standard	n/a	n/a	n/a	n/a	n/a
3554.206	0	1777103	standard_tone	active_oddball	standard	n/a	n/a	n/a	n/a	n/a
3555.254	0	1777627	standard_tone	active_oddball	standard	n/a	n/a	n/a	n/a	n/a
3556.388	0	1778194	standard_tone	active_oddball	standard	n/a	n/a	n/a	n/a	n/a
3557.420	0	1778710	distractor_noise	active_oddball	distractor	n/a	n/a	n/a	n/a	n/a
3558.436	0	1779218	standard_tone	active_oddball	standard	n/a	n/a	n/a	n/a	n/a
3559.468	0	1779734	standard_tone	active_oddball	standard	n/a	n/a	n/a	n/a	n/a
3560.484	0	1780242	distractor_noise	active_oddball	distractor	n/a	n/a	n/a	n/a	n/a
3561.500	0	1780750	standard_tone	active_oddball	standard	n/a	n/a	n/a	n/a	n/a
3562.566	0	1781283	standard_tone	active_oddball	standard	n/a	n/a	n/a	n/a	n/a
3563.598	0	1781799	standard_tone	active_oddball	standard	n/a	n/a	n/a	n/a	n/a
3564.614	0	1782307	standard_tone	active_oddball	standard	n/a	n/a	n/a	n/a	n/a
3565.646	0	1782823	standard_tone	active_oddball	standard	n/a	n/a	n/a	n/a	n/a
3566.678	0	1783339	standard_tone	active_oddball	standard	n/a	n/a	n/a	n/a	n/a
3567.712	0	1783856	standard_tone	active_oddball	standard	n/a	n/a	n/a	n/a	n/a
3568.760	0	1784380	standard_tone	active_oddball	standard	n/a	n/a	n/a	n/a	n/a
3569.810	0	1784905	standard_tone	active_oddball	standard	n/a	n/a	n/a	n/a	n/a
3570.824	0	1785412	oddball_tone	active_oddball	oddball	n/a	n/a	n/a	n/a	n/a
3571.840	0	1785920	clicker_press	active_oddball	response-received-arrow_up	n/a	n/a	n/a	n/a	arrow_up
3571.842	0	1785921	oddball_response	active_oddball	active-oddball-button-press-1010ms	n/a	n/a	1.010	n/a	n/a
3571.842	0	1785921	standard_tone	active_oddball	standard	n/a	n/a	n/a	n/a	n/a
3572.856	0	1786428	standard_tone	active_oddball	standard	n/a	n/a	n/a	n/a	n/a
3573.890	0	1786945	standard_tone	active_oddball	standard	n/a	n/a	n/a	n/a	n/a
3574.904	0	1787452	standard_tone	active_oddball	standard	n/a	n/a	n/a	n/a	n/a
3575.920	0	1787960	standard_tone	active_oddball	standard	n/a	n/a	n/a	n/a	n/a
3576.970	0	1788485	standard_tone	active_oddball	standard	n/a	n/a	n/a	n/a	n/a
3578.002	0	1789001	oddball_tone	active_oddball	oddball	n/a	n/a	n/a	n/a	n/a
3578.852	0	1789426	clicker_press	active_oddball	response-received-arrow_up	n/a	n/a	n/a	n/a	arrow_up
3578.920	0	1789460	oddball_response	active_oddball	active-oddball-button-press-847ms	n/a	n/a	0.847	n/a	n/a
3579.018	0	1789509	standard_tone	active_oddball	standard	n/a	n/a	n/a	n/a	n/a
3580.100	0	1790050	standard_tone	active_oddball	standard	n/a	n/a	n/a	n/a	n/a
3581.184	0	1790592	oddball_tone	active_oddball	oddball	n/a	n/a	n/a	n/a	n/a
3582.100	0	1791050	clicker_press	active_oddball	response-received-arrow_up	n/a	n/a	n/a	n/a	arrow_up
3582.132	0	1791066	oddball_response	active_oddball	active-oddball-button-press-909ms	n/a	n/a	0.909	n/a	n/a
3582.198	0	1791099	standard_tone	active_oddball	standard	n/a	n/a	n/a	n/a	n/a
3583.214	0	1791607	standard_tone	active_oddball	standard	n/a	n/a	n/a	n/a	n/a
3584.264	0	1792132	standard_tone	active_oddball	standard	n/a	n/a	n/a	n/a	n/a
3585.280	0	1792640	standard_tone	active_oddball	standard	n/a	n/a	n/a	n/a	n/a
3586.296	0	1793148	standard_tone	active_oddball	standard	n/a	n/a	n/a	n/a	n/a
3587.312	0	1793656	distractor_noise	active_oddball	distractor	n/a	n/a	n/a	n/a	n/a
3588.344	0	1794172	standard_tone	active_oddball	standard	n/a	n/a	n/a	n/a	n/a
3589.394	0	1794697	standard_tone	active_oddball	standard	n/a	n/a	n/a	n/a	n/a
3590.442	0	1795221	standard_tone	active_oddball	standard	n/a	n/a	n/a	n/a	n/a
3591.474	0	1795737	standard_tone	active_oddball	standard	n/a	n/a	n/a	n/a	n/a
3592.524	0	1796262	standard_tone	active_oddball	standard	n/a	n/a	n/a	n/a	n/a
3593.538	0	1796769	standard_tone	active_oddball	standard	n/a	n/a	n/a	n/a	n/a
3594.590	0	1797295	standard_tone	active_oddball	standard	n/a	n/a	n/a	n/a	n/a
3595.604	0	1797802	standard_tone	active_oddball	standard	n/a	n/a	n/a	n/a	n/a
3596.608	0	1798304	standard_tone	active_oddball	standard	n/a	n/a	n/a	n/a	n/a
3597.686	0	1798843	standard_tone	active_oddball	standard	n/a	n/a	n/a	n/a	n/a
3598.752	0	1799376	distractor_noise	active_oddball	distractor	n/a	n/a	n/a	n/a	n/a
3599.802	0	1799901	standard_tone	active_oddball	standard	n/a	n/a	n/a	n/a	n/a
3600.818	0	1800409	standard_tone	active_oddball	standard	n/a	n/a	n/a	n/a	n/a
3601.932	0	1800966	standard_tone	active_oddball	standard	n/a	n/a	n/a	n/a	n/a
3602.982	0	1801491	standard_tone	active_oddball	standard	n/a	n/a	n/a	n/a	n/a
3603.998	0	1801999	oddball_tone	active_oddball	oddball	n/a	n/a	n/a	n/a	n/a
3604.864	0	1802432	clicker_press	active_oddball	response-received-arrow_up	n/a	n/a	n/a	n/a	arrow_up
3604.882	0	1802441	oddball_response	active_oddball	active-oddball-button-press-857ms	n/a	n/a	0.857	n/a	n/a
3605.014	0	1802507	standard_tone	active_oddball	standard	n/a	n/a	n/a	n/a	n/a
3606.062	0	1803031	distractor_noise	active_oddball	distractor	n/a	n/a	n/a	n/a	n/a
3607.080	0	1803540	standard_tone	active_oddball	standard	n/a	n/a	n/a	n/a	n/a
3608.094	0	1804047	distractor_noise	active_oddball	distractor	n/a	n/a	n/a	n/a	n/a
3609.110	0	1804555	standard_tone	active_oddball	standard	n/a	n/a	n/a	n/a	n/a
3610.126	0	1805063	standard_tone	active_oddball	standard	n/a	n/a	n/a	n/a	n/a
3611.142	0	1805571	standard_tone	active_oddball	standard	n/a	n/a	n/a	n/a	n/a
3612.174	0	1806087	standard_tone	active_oddball	standard	n/a	n/a	n/a	n/a	n/a
3613.190	0	1806595	standard_tone	active_oddball	standard	n/a	n/a	n/a	n/a	n/a
3614.290	0	1807145	standard_tone	active_oddball	standard	n/a	n/a	n/a	n/a	n/a
3615.354	0	1807677	standard_tone	active_oddball	standard	n/a	n/a	n/a	n/a	n/a
3616.370	0	1808185	standard_tone	active_oddball	standard	n/a	n/a	n/a	n/a	n/a
3617.420	0	1808710	standard_tone	active_oddball	standard	n/a	n/a	n/a	n/a	n/a
3618.436	0	1809218	standard_tone	active_oddball	standard	n/a	n/a	n/a	n/a	n/a
3619.468	0	1809734	oddball_tone	active_oddball	oddball	n/a	n/a	n/a	n/a	n/a
3620.434	0	1810217	clicker_press	active_oddball	response-received-arrow_up	n/a	n/a	n/a	n/a	arrow_up
3620.452	0	1810226	oddball_response	active_oddball	active-oddball-button-press-959ms	n/a	n/a	0.959	n/a	n/a
3620.484	0	1810242	distractor_noise	active_oddball	distractor	n/a	n/a	n/a	n/a	n/a
3621.516	0	1810758	standard_tone	active_oddball	standard	n/a	n/a	n/a	n/a	n/a
3622.548	0	1811274	distractor_noise	active_oddball	distractor	n/a	n/a	n/a	n/a	n/a
3623.564	0	1811782	standard_tone	active_oddball	standard	n/a	n/a	n/a	n/a	n/a
3624.596	0	1812298	standard_tone	active_oddball	standard	n/a	n/a	n/a	n/a	n/a
3625.630	0	1812815	distractor_noise	active_oddball	distractor	n/a	n/a	n/a	n/a	n/a
3626.646	0	1813323	standard_tone	active_oddball	standard	n/a	n/a	n/a	n/a	n/a
3627.678	0	1813839	standard_tone	active_oddball	standard	n/a	n/a	n/a	n/a	n/a
3628.710	0	1814355	standard_tone	active_oddball	standard	n/a	n/a	n/a	n/a	n/a
3629.742	0	1814871	standard_tone	active_oddball	standard	n/a	n/a	n/a	n/a	n/a
3630.760	0	1815380	oddball_tone	active_oddball	oddball	n/a	n/a	n/a	n/a	n/a
3631.592	0	1815796	clicker_press	active_oddball	response-received-arrow_up	n/a	n/a	n/a	n/a	arrow_up
3631.624	0	1815812	oddball_response	active_oddball	active-oddball-button-press-826ms	n/a	n/a	0.826	n/a	n/a
3631.774	0	1815887	standard_tone	active_oddball	standard	n/a	n/a	n/a	n/a	n/a
3632.874	0	1816437	standard_tone	active_oddball	standard	n/a	n/a	n/a	n/a	n/a
3633.890	0	1816945	standard_tone	active_oddball	standard	n/a	n/a	n/a	n/a	n/a
3634.906	0	1817453	standard_tone	active_oddball	standard	n/a	n/a	n/a	n/a	n/a
3635.972	0	1817986	standard_tone	active_oddball	standard	n/a	n/a	n/a	n/a	n/a
3636.988	0	1818494	distractor_noise	active_oddball	distractor	n/a	n/a	n/a	n/a	n/a
3638.020	0	1819010	standard_tone	active_oddball	standard	n/a	n/a	n/a	n/a	n/a
3639.052	0	1819526	standard_tone	active_oddball	standard	n/a	n/a	n/a	n/a	n/a
3640.068	0	1820034	standard_tone	active_oddball	standard	n/a	n/a	n/a	n/a	n/a
3641.084	0	1820542	standard_tone	active_oddball	standard	n/a	n/a	n/a	n/a	n/a
3642.134	0	1821067	standard_tone	active_oddball	standard	n/a	n/a	n/a	n/a	n/a
3643.150	0	1821575	standard_tone	active_oddball	standard	n/a	n/a	n/a	n/a	n/a
3644.180	0	1822090	standard_tone	active_oddball	standard	n/a	n/a	n/a	n/a	n/a
3645.196	0	1822598	standard_tone	active_oddball	standard	n/a	n/a	n/a	n/a	n/a
3646.212	0	1823106	standard_tone	active_oddball	standard	n/a	n/a	n/a	n/a	n/a
3647.262	0	1823631	standard_tone	active_oddball	standard	n/a	n/a	n/a	n/a	n/a
3648.278	0	1824139	distractor_noise	active_oddball	distractor	n/a	n/a	n/a	n/a	n/a
3649.294	0	1824647	standard_tone	active_oddball	standard	n/a	n/a	n/a	n/a	n/a
3650.310	0	1825155	standard_tone	active_oddball	standard	n/a	n/a	n/a	n/a	n/a
3651.358	0	1825679	standard_tone	active_oddball	standard	n/a	n/a	n/a	n/a	n/a
3652.408	0	1826204	standard_tone	active_oddball	standard	n/a	n/a	n/a	n/a	n/a
3653.524	0	1826762	standard_tone	active_oddball	standard	n/a	n/a	n/a	n/a	n/a
3654.540	0	1827270	oddball_tone	active_oddball	oddball	n/a	n/a	n/a	n/a	n/a
3655.506	0	1827753	clicker_press	active_oddball	response-received-arrow_up	n/a	n/a	n/a	n/a	arrow_up
3655.522	0	1827761	oddball_response	active_oddball	active-oddball-button-press-961ms	n/a	n/a	0.961	n/a	n/a
3655.604	0	1827802	standard_tone	active_oddball	standard	n/a	n/a	n/a	n/a	n/a
3656.638	0	1828319	standard_tone	active_oddball	standard	n/a	n/a	n/a	n/a	n/a
3657.670	0	1828835	standard_tone	active_oddball	standard	n/a	n/a	n/a	n/a	n/a
3658.686	0	1829343	standard_tone	active_oddball	standard	n/a	n/a	n/a	n/a	n/a
3659.702	0	1829851	oddball_tone	active_oddball	oddball	n/a	n/a	n/a	n/a	n/a
3660.568	0	1830284	clicker_press	active_oddball	response-received-arrow_up	n/a	n/a	n/a	n/a	arrow_up
3660.584	0	1830292	oddball_response	active_oddball	active-oddball-button-press-860ms	n/a	n/a	0.860	n/a	n/a
3660.750	0	1830375	distractor_noise	active_oddball	distractor	n/a	n/a	n/a	n/a	n/a
3661.818	0	1830909	standard_tone	active_oddball	standard	n/a	n/a	n/a	n/a	n/a
3662.832	0	1831416	standard_tone	active_oddball	standard	n/a	n/a	n/a	n/a	n/a
3663.882	0	1831941	standard_tone	active_oddball	standard	n/a	n/a	n/a	n/a	n/a
3664.898	0	1832449	oddball_tone	active_oddball	oddball	n/a	n/a	n/a	n/a	n/a
3665.630	0	1832815	clicker_press	active_oddball	response-received-arrow_up	n/a	n/a	n/a	n/a	arrow_up
3665.664	0	1832832	oddball_response	active_oddball	active-oddball-button-press-727ms	n/a	n/a	0.727	n/a	n/a
3665.930	0	1832965	standard_tone	active_oddball	standard	n/a	n/a	n/a	n/a	n/a
3666.946	0	1833473	standard_tone	active_oddball	standard	n/a	n/a	n/a	n/a	n/a
3667.962	0	1833981	standard_tone	active_oddball	standard	n/a	n/a	n/a	n/a	n/a
3669.028	0	1834514	standard_tone	active_oddball	standard	n/a	n/a	n/a	n/a	n/a
3670.042	0	1835021	distractor_noise	active_oddball	distractor	n/a	n/a	n/a	n/a	n/a
3671.076	0	1835538	standard_tone	active_oddball	standard	n/a	n/a	n/a	n/a	n/a
3672.142	0	1836071	oddball_tone	active_oddball	oddball	n/a	n/a	n/a	n/a	n/a
3672.974	0	1836487	clicker_press	active_oddball	response-received-arrow_up	n/a	n/a	n/a	n/a	arrow_up
3673.008	0	1836504	oddball_response	active_oddball	active-oddball-button-press-826ms	n/a	n/a	0.826	n/a	n/a
3673.158	0	1836579	standard_tone	active_oddball	standard	n/a	n/a	n/a	n/a	n/a
3674.240	0	1837120	standard_tone	active_oddball	standard	n/a	n/a	n/a	n/a	n/a
3675.256	0	1837628	oddball_tone	active_oddball	oddball	n/a	n/a	n/a	n/a	n/a
3676.270	0	1838135	standard_tone	active_oddball	standard	n/a	n/a	n/a	n/a	n/a
3676.372	0	1838186	clicker_press	active_oddball	response-received-arrow_up	n/a	n/a	n/a	n/a	arrow_up
3676.420	0	1838210	oddball_response	active_oddball	active-oddball-button-press-95ms	n/a	n/a	0.095	n/a	n/a
3677.286	0	1838643	standard_tone	active_oddball	standard	n/a	n/a	n/a	n/a	n/a
3678.302	0	1839151	standard_tone	active_oddball	standard	n/a	n/a	n/a	n/a	n/a
3679.318	0	1839659	standard_tone	active_oddball	standard	n/a	n/a	n/a	n/a	n/a
3680.418	0	1840209	standard_tone	active_oddball	standard	n/a	n/a	n/a	n/a	n/a
3681.434	0	1840717	standard_tone	active_oddball	standard	n/a	n/a	n/a	n/a	n/a
3682.450	0	1841225	standard_tone	active_oddball	standard	n/a	n/a	n/a	n/a	n/a
3683.464	0	1841732	standard_tone	active_oddball	standard	n/a	n/a	n/a	n/a	n/a
3684.548	0	1842274	standard_tone	active_oddball	standard	n/a	n/a	n/a	n/a	n/a
3685.596	0	1842798	standard_tone	active_oddball	standard	n/a	n/a	n/a	n/a	n/a
3686.646	0	1843323	standard_tone	active_oddball	standard	n/a	n/a	n/a	n/a	n/a
3687.662	0	1843831	standard_tone	active_oddball	standard	n/a	n/a	n/a	n/a	n/a
3688.710	0	1844355	distractor_noise	active_oddball	distractor	n/a	n/a	n/a	n/a	n/a
3689.760	0	1844880	standard_tone	active_oddball	standard	n/a	n/a	n/a	n/a	n/a
3690.876	0	1845438	distractor_noise	active_oddball	distractor	n/a	n/a	n/a	n/a	n/a
3691.890	0	1845945	standard_tone	active_oddball	standard	n/a	n/a	n/a	n/a	n/a
3692.908	0	1846454	distractor_noise	active_oddball	distractor	n/a	n/a	n/a	n/a	n/a
3693.940	0	1846970	standard_tone	active_oddball	standard	n/a	n/a	n/a	n/a	n/a
3694.954	0	1847477	distractor_noise	active_oddball	distractor	n/a	n/a	n/a	n/a	n/a
3696.020	0	1848010	active_oddball_end	active_oddball	active-oddball-end	n/a	n/a	n/a	n/a	n/a
3696.022	0	1848011	prompt_window_begin	active_oddball	probe-oddball-begin	n/a	n/a	n/a	n/a	n/a
3702.482	0	1851241	clicker_press	n/a	response-received-arrow_up	n/a	n/a	n/a	n/a	arrow_up
3703.132	0	1851566	clicker_press	n/a	response-received-arrow_up	n/a	n/a	n/a	n/a	arrow_up
3705.048	0	1852524	depth_rating	active_oddball	rating-oddball-meditation_depth-2	2	n/a	n/a	n/a	n/a
3711.092	0	1855546	clicker_press	n/a	response-received-arrow_up	n/a	n/a	n/a	n/a	arrow_up
3711.458	0	1855729	clicker_press	n/a	response-received-arrow_up	n/a	n/a	n/a	n/a	arrow_up
3711.774	0	1855887	clicker_press	n/a	response-received-arrow_up	n/a	n/a	n/a	n/a	arrow_up
3712.042	0	1856021	clicker_press	n/a	response-received-arrow_up	n/a	n/a	n/a	n/a	arrow_up
3715.156	0	1857578	confidence_rating	active_oddball	rating-oddball-confidence_depth-4	n/a	4	n/a	n/a	n/a
3716.172	0	1858086	prompt_window_end	active_oddball	probe-oddball-end	n/a	n/a	n/a	n/a	n/a
3781.650	0	1890825	clicker_press	n/a	response-received-arrow_up	n/a	n/a	n/a	n/a	arrow_up
3781.688	0	1890844	silent_probe_begin	silent_probe	block-nosapo-probe-begin	n/a	n/a	n/a	n/a	n/a
3781.688	0	1890844	subblock_begin	silent_probe	subblock-begin	n/a	n/a	n/a	n/a	n/a
3781.688	0	1890844	silence_begin	silent_probe	silence-begin	n/a	n/a	n/a	n/a	n/a
3901.468	0	1950734	silence_end	silent_probe	silence-end	n/a	n/a	n/a	n/a	n/a
3901.470	0	1950735	subblock_end	silent_probe	subblock-end-duration-119.781	n/a	n/a	n/a	119.781	n/a
3901.470	0	1950735	subblock_begin	silent_probe	subblock-begin	n/a	n/a	n/a	n/a	n/a
3901.470	0	1950735	silence_begin	silent_probe	silence-begin	n/a	n/a	n/a	n/a	n/a
3995.690	0	1997845	prompt_window_begin	silent_probe	probe-nosapo-probe-begin	n/a	n/a	n/a	n/a	n/a
4000.070	0	2000035	clicker_press	silent_probe	response-received-arrow_up	n/a	n/a	n/a	n/a	arrow_up
4000.870	0	2000435	clicker_press	silent_probe	response-received-arrow_up	n/a	n/a	n/a	n/a	arrow_up
4003.052	0	2001526	clicker_press	silent_probe	response-received-arrow_up	n/a	n/a	n/a	n/a	arrow_up
4003.352	0	2001676	clicker_press	silent_probe	response-received-arrow_up	n/a	n/a	n/a	n/a	arrow_up
4004.850	0	2002425	depth_rating	silent_probe	rating-nosapo-probe-meditation_depth-4	4	n/a	n/a	n/a	n/a
4011.010	0	2005505	clicker_press	silent_probe	response-received-arrow_up	n/a	n/a	n/a	n/a	arrow_up
4011.328	0	2005664	clicker_press	silent_probe	response-received-arrow_up	n/a	n/a	n/a	n/a	arrow_up
4011.694	0	2005847	clicker_press	silent_probe	response-received-arrow_up	n/a	n/a	n/a	n/a	arrow_up
4014.940	0	2007470	confidence_rating	silent_probe	rating-nosapo-probe-confidence_depth-3	n/a	3	n/a	n/a	n/a
4018.422	0	2009211	prompt_window_end	silent_probe	probe-nosapo-probe-end	n/a	n/a	n/a	n/a	n/a
4027.496	0	2013748	silence_end	silent_probe	silence-end	n/a	n/a	n/a	n/a	n/a
4027.498	0	2013749	subblock_end	silent_probe	subblock-end-duration-126.029	n/a	n/a	n/a	126.029	n/a
4027.498	0	2013749	subblock_begin	silent_probe	subblock-begin	n/a	n/a	n/a	n/a	n/a
4027.500	0	2013750	silence_begin	silent_probe	silence-begin	n/a	n/a	n/a	n/a	n/a
4133.126	0	2066563	silence_end	silent_probe	silence-end	n/a	n/a	n/a	n/a	n/a
4133.126	0	2066563	gong_begin	silent_probe	gong-begin	n/a	n/a	n/a	n/a	n/a
4143.268	0	2071634	gong_end	silent_probe	gong-end	n/a	n/a	n/a	n/a	n/a
4143.268	0	2071634	subblock_end	silent_probe	subblock-end-duration-115.771	n/a	n/a	n/a	115.771	n/a
4143.270	0	2071635	subblock_begin	silent_probe	subblock-begin	n/a	n/a	n/a	n/a	n/a
4143.270	0	2071635	silence_begin	silent_probe	silence-begin	n/a	n/a	n/a	n/a	n/a
4234.426	0	2117213	prompt_window_begin	silent_probe	probe-nosapo-probe-begin	n/a	n/a	n/a	n/a	n/a
4240.838	0	2120419	clicker_press	silent_probe	response-received-arrow_up	n/a	n/a	n/a	n/a	arrow_up
4241.536	0	2120768	clicker_press	silent_probe	response-received-arrow_up	n/a	n/a	n/a	n/a	arrow_up
4242.170	0	2121085	clicker_press	silent_probe	response-received-arrow_up	n/a	n/a	n/a	n/a	arrow_up
4243.486	0	2121743	depth_rating	silent_probe	rating-nosapo-probe-meditation_depth-3	3	n/a	n/a	n/a	n/a
4249.464	0	2124732	clicker_press	silent_probe	response-received-arrow_up	n/a	n/a	n/a	n/a	arrow_up
4249.930	0	2124965	clicker_press	silent_probe	response-received-arrow_up	n/a	n/a	n/a	n/a	arrow_up
4250.396	0	2125198	clicker_press	silent_probe	response-received-arrow_up	n/a	n/a	n/a	n/a	arrow_up
4253.526	0	2126763	confidence_rating	silent_probe	rating-nosapo-probe-confidence_depth-3	n/a	3	n/a	n/a	n/a
4257.040	0	2128520	prompt_window_end	silent_probe	probe-nosapo-probe-end	n/a	n/a	n/a	n/a	n/a
4269.846	0	2134923	silence_end	silent_probe	silence-end	n/a	n/a	n/a	n/a	n/a
4269.848	0	2134924	subblock_end	silent_probe	subblock-end-duration-126.579	n/a	n/a	n/a	126.579	n/a
4269.848	0	2134924	subblock_begin	silent_probe	subblock-begin	n/a	n/a	n/a	n/a	n/a
4269.848	0	2134924	silence_begin	silent_probe	silence-begin	n/a	n/a	n/a	n/a	n/a
4374.310	0	2187155	silence_end	silent_probe	silence-end	n/a	n/a	n/a	n/a	n/a
4374.312	0	2187156	subblock_end	silent_probe	subblock-end-duration-104.463	n/a	n/a	n/a	104.463	n/a
4374.312	0	2187156	subblock_begin	silent_probe	subblock-begin	n/a	n/a	n/a	n/a	n/a
4374.312	0	2187156	silence_begin	silent_probe	silence-begin	n/a	n/a	n/a	n/a	n/a
4465.052	0	2232526	prompt_window_begin	silent_probe	probe-nosapo-probe-begin	n/a	n/a	n/a	n/a	n/a
4471.496	0	2235748	clicker_press	silent_probe	response-received-arrow_up	n/a	n/a	n/a	n/a	arrow_up
4472.080	0	2236040	clicker_press	silent_probe	response-received-arrow_up	n/a	n/a	n/a	n/a	arrow_up
4472.712	0	2236356	clicker_press	silent_probe	response-received-arrow_up	n/a	n/a	n/a	n/a	arrow_up
4473.312	0	2236656	clicker_press	silent_probe	response-received-arrow_up	n/a	n/a	n/a	n/a	arrow_up
4474.094	0	2237047	depth_rating	silent_probe	rating-nosapo-probe-meditation_depth-4	4	n/a	n/a	n/a	n/a
4480.206	0	2240103	clicker_press	silent_probe	response-received-arrow_up	n/a	n/a	n/a	n/a	arrow_up
4480.788	0	2240394	clicker_press	silent_probe	response-received-arrow_up	n/a	n/a	n/a	n/a	arrow_up
4481.388	0	2240694	clicker_press	silent_probe	response-received-arrow_up	n/a	n/a	n/a	n/a	arrow_up
4482.004	0	2241002	clicker_press	silent_probe	response-received-arrow_up	n/a	n/a	n/a	n/a	arrow_up
4482.788	0	2241394	clicker_press	silent_probe	response-received-arrow_up	n/a	n/a	n/a	n/a	arrow_up
4484.202	0	2242101	confidence_rating	silent_probe	rating-nosapo-probe-confidence_depth-5	n/a	5	n/a	n/a	n/a
4487.666	0	2243833	prompt_window_end	silent_probe	probe-nosapo-probe-end	n/a	n/a	n/a	n/a	n/a
4506.168	0	2253084	silence_end	silent_probe	silence-end	n/a	n/a	n/a	n/a	n/a
4506.170	0	2253085	subblock_end	silent_probe	subblock-end-duration-131.858	n/a	n/a	n/a	131.858	n/a
4506.170	0	2253085	subblock_begin	silent_probe	subblock-begin	n/a	n/a	n/a	n/a	n/a
4506.170	0	2253085	silence_begin	silent_probe	silence-begin	n/a	n/a	n/a	n/a	n/a
4624.270	0	2312135	silence_end	silent_probe	silence-end	n/a	n/a	n/a	n/a	n/a
4624.270	0	2312135	gong_begin	silent_probe	gong-begin	n/a	n/a	n/a	n/a	n/a
4634.344	0	2317172	gong_end	silent_probe	gong-end	n/a	n/a	n/a	n/a	n/a
4634.346	0	2317173	subblock_end	silent_probe	subblock-end-duration-128.176	n/a	n/a	n/a	128.176	n/a
4634.346	0	2317173	subblock_begin	silent_probe	subblock-begin	n/a	n/a	n/a	n/a	n/a
4634.346	0	2317173	silence_begin	silent_probe	silence-begin	n/a	n/a	n/a	n/a	n/a
4682.720	0	2341360	prompt_window_begin	silent_probe	probe-nosapo-probe-begin	n/a	n/a	n/a	n/a	n/a
4689.566	0	2344783	clicker_press	silent_probe	response-received-arrow_up	n/a	n/a	n/a	n/a	arrow_up
4690.448	0	2345224	clicker_press	silent_probe	response-received-arrow_up	n/a	n/a	n/a	n/a	arrow_up
4691.414	0	2345707	clicker_press	silent_probe	response-received-arrow_up	n/a	n/a	n/a	n/a	arrow_up
4691.780	0	2345890	depth_rating	silent_probe	rating-nosapo-probe-meditation_depth-3	3	n/a	n/a	n/a	n/a
4697.676	0	2348838	clicker_press	silent_probe	response-received-arrow_up	n/a	n/a	n/a	n/a	arrow_up
4698.458	0	2349229	clicker_press	silent_probe	response-received-arrow_up	n/a	n/a	n/a	n/a	arrow_up
4699.242	0	2349621	clicker_press	silent_probe	response-received-arrow_up	n/a	n/a	n/a	n/a	arrow_up
4701.838	0	2350919	confidence_rating	silent_probe	rating-nosapo-probe-confidence_depth-3	n/a	3	n/a	n/a	n/a
4705.270	0	2352635	prompt_window_end	silent_probe	probe-nosapo-probe-end	n/a	n/a	n/a	n/a	n/a
4758.824	0	2379412	silence_end	silent_probe	silence-end	n/a	n/a	n/a	n/a	n/a
4758.826	0	2379413	subblock_end	silent_probe	subblock-end-duration-124.48	n/a	n/a	n/a	124.480	n/a
4758.826	0	2379413	subblock_begin	silent_probe	subblock-begin	n/a	n/a	n/a	n/a	n/a
4758.826	0	2379413	silence_begin	silent_probe	silence-begin	n/a	n/a	n/a	n/a	n/a
4875.878	0	2437939	silence_end	silent_probe	silence-end	n/a	n/a	n/a	n/a	n/a
4875.880	0	2437940	subblock_end	silent_probe	subblock-end-duration-117.052	n/a	n/a	n/a	117.052	n/a
4875.880	0	2437940	subblock_begin	silent_probe	subblock-begin	n/a	n/a	n/a	n/a	n/a
4875.880	0	2437940	silence_begin	silent_probe	silence-begin	n/a	n/a	n/a	n/a	n/a
4911.282	0	2455641	prompt_window_begin	silent_probe	probe-nosapo-probe-begin	n/a	n/a	n/a	n/a	n/a
4917.594	0	2458797	clicker_press	silent_probe	response-received-arrow_up	n/a	n/a	n/a	n/a	arrow_up
4918.294	0	2459147	clicker_press	silent_probe	response-received-arrow_up	n/a	n/a	n/a	n/a	arrow_up
4920.308	0	2460154	depth_rating	silent_probe	rating-nosapo-probe-meditation_depth-2	2	n/a	n/a	n/a	n/a
4926.320	0	2463160	clicker_press	silent_probe	response-received-arrow_up	n/a	n/a	n/a	n/a	arrow_up
4926.952	0	2463476	clicker_press	silent_probe	response-received-arrow_up	n/a	n/a	n/a	n/a	arrow_up
4927.586	0	2463793	clicker_press	silent_probe	response-received-arrow_up	n/a	n/a	n/a	n/a	arrow_up
4928.234	0	2464117	clicker_press	silent_probe	response-received-arrow_up	n/a	n/a	n/a	n/a	arrow_up
4930.350	0	2465175	confidence_rating	silent_probe	rating-nosapo-probe-confidence_depth-4	n/a	4	n/a	n/a	n/a
4933.796	0	2466898	prompt_window_end	silent_probe	probe-nosapo-probe-end	n/a	n/a	n/a	n/a	n/a
5011.250	0	2505625	silence_end	silent_probe	silence-end	n/a	n/a	n/a	n/a	n/a
5011.250	0	2505625	subblock_end	silent_probe	subblock-end-duration-135.371	n/a	n/a	n/a	135.371	n/a
5011.250	0	2505625	subblock_begin	silent_probe	subblock-begin	n/a	n/a	n/a	n/a	n/a
5011.252	0	2505626	silence_begin	silent_probe	silence-begin	n/a	n/a	n/a	n/a	n/a
5120.360	0	2560180	silence_end	silent_probe	silence-end	n/a	n/a	n/a	n/a	n/a
5120.360	0	2560180	gong_begin	silent_probe	gong-begin	n/a	n/a	n/a	n/a	n/a
5130.484	0	2565242	gong_end	silent_probe	gong-end	n/a	n/a	n/a	n/a	n/a
5130.486	0	2565243	subblock_end	silent_probe	subblock-end-duration-119.235	n/a	n/a	n/a	119.235	n/a
5130.486	0	2565243	subblock_begin	silent_probe	subblock-begin	n/a	n/a	n/a	n/a	n/a
5130.486	0	2565243	silence_begin	silent_probe	silence-begin	n/a	n/a	n/a	n/a	n/a
5149.818	0	2574909	prompt_window_begin	silent_probe	probe-nosapo-probe-begin	n/a	n/a	n/a	n/a	n/a
5156.062	0	2578031	clicker_press	silent_probe	response-received-arrow_up	n/a	n/a	n/a	n/a	arrow_up
5157.012	0	2578506	clicker_press	silent_probe	response-received-arrow_up	n/a	n/a	n/a	n/a	arrow_up
5158.878	0	2579439	depth_rating	silent_probe	rating-nosapo-probe-meditation_depth-2	2	n/a	n/a	n/a	n/a
5164.772	0	2582386	clicker_press	silent_probe	response-received-arrow_up	n/a	n/a	n/a	n/a	arrow_up
5165.222	0	2582611	clicker_press	silent_probe	response-received-arrow_up	n/a	n/a	n/a	n/a	arrow_up
5165.588	0	2582794	clicker_press	silent_probe	response-received-arrow_up	n/a	n/a	n/a	n/a	arrow_up
5165.906	0	2582953	clicker_press	silent_probe	response-received-arrow_up	n/a	n/a	n/a	n/a	arrow_up
5168.918	0	2584459	confidence_rating	silent_probe	rating-nosapo-probe-confidence_depth-4	n/a	4	n/a	n/a	n/a
5172.366	0	2586183	prompt_window_end	silent_probe	probe-nosapo-probe-end	n/a	n/a	n/a	n/a	n/a
5261.076	0	2630538	silence_end	silent_probe	silence-end	n/a	n/a	n/a	n/a	n/a
5261.076	0	2630538	gong_begin	silent_probe	gong-begin	n/a	n/a	n/a	n/a	n/a
5271.184	0	2635592	gong_end	silent_probe	gong-end	n/a	n/a	n/a	n/a	n/a
5271.184	0	2635592	subblock_end	silent_probe	subblock-end-duration-140.699	n/a	n/a	n/a	140.699	n/a
5271.186	0	2635593	subblock_begin	silent_probe	subblock-begin	n/a	n/a	n/a	n/a	n/a
5271.186	0	2635593	silence_begin	silent_probe	silence-begin	n/a	n/a	n/a	n/a	n/a
5366.456	0	2683228	prompt_window_begin	silent_probe	probe-nosapo-probe-begin	n/a	n/a	n/a	n/a	n/a
5372.816	0	2686408	clicker_press	silent_probe	response-received-arrow_up	n/a	n/a	n/a	n/a	arrow_up
5373.416	0	2686708	clicker_press	silent_probe	response-received-arrow_up	n/a	n/a	n/a	n/a	arrow_up
5374.048	0	2687024	clicker_press	silent_probe	response-received-arrow_up	n/a	n/a	n/a	n/a	arrow_up
5374.598	0	2687299	clicker_press	silent_probe	response-received-arrow_up	n/a	n/a	n/a	n/a	arrow_up
5375.482	0	2687741	depth_rating	silent_probe	rating-nosapo-probe-meditation_depth-4	4	n/a	n/a	n/a	n/a
5381.558	0	2690779	clicker_press	silent_probe	response-received-arrow_up	n/a	n/a	n/a	n/a	arrow_up
5382.242	0	2691121	clicker_press	silent_probe	response-received-arrow_up	n/a	n/a	n/a	n/a	arrow_up
5382.858	0	2691429	clicker_press	silent_probe	response-received-arrow_up	n/a	n/a	n/a	n/a	arrow_up
5383.742	0	2691871	clicker_press	silent_probe	response-received-arrow_up	n/a	n/a	n/a	n/a	arrow_up
5385.522	0	2692761	confidence_rating	silent_probe	rating-nosapo-probe-confidence_depth-4	n/a	4	n/a	n/a	n/a
5388.986	0	2694493	prompt_window_end	silent_probe	probe-nosapo-probe-end	n/a	n/a	n/a	n/a	n/a
5399.694	0	2699847	silence_end	silent_probe	silence-end	n/a	n/a	n/a	n/a	n/a
5399.694	0	2699847	gong_begin	silent_probe	gong-begin	n/a	n/a	n/a	n/a	n/a
5409.936	0	2704968	gong_end	silent_probe	gong-end	n/a	n/a	n/a	n/a	n/a
5409.936	0	2704968	subblock_end	silent_probe	subblock-end-duration-138.751	n/a	n/a	n/a	138.751	n/a
5409.938	0	2704969	subblock_begin	silent_probe	subblock-begin	n/a	n/a	n/a	n/a	n/a
5409.938	0	2704969	silence_begin	silent_probe	silence-begin	n/a	n/a	n/a	n/a	n/a
5513.350	0	2756675	silence_end	silent_probe	silence-end	n/a	n/a	n/a	n/a	n/a
5513.352	0	2756676	gong_begin	silent_probe	gong-begin	n/a	n/a	n/a	n/a	n/a
5523.476	0	2761738	gong_end	silent_probe	gong-end	n/a	n/a	n/a	n/a	n/a
5523.476	0	2761738	subblock_end	silent_probe	subblock-end-duration-113.54	n/a	n/a	n/a	113.540	n/a
5523.478	0	2761739	subblock_begin	silent_probe	subblock-begin	n/a	n/a	n/a	n/a	n/a
5523.478	0	2761739	silence_begin	silent_probe	silence-begin	n/a	n/a	n/a	n/a	n/a
5595.998	0	2797999	prompt_window_begin	silent_probe	probe-nosapo-probe-begin	n/a	n/a	n/a	n/a	n/a
5602.044	0	2801022	clicker_press	silent_probe	response-received-arrow_up	n/a	n/a	n/a	n/a	arrow_up
5602.510	0	2801255	clicker_press	silent_probe	response-received-arrow_up	n/a	n/a	n/a	n/a	arrow_up
5602.942	0	2801471	clicker_press	silent_probe	response-received-arrow_up	n/a	n/a	n/a	n/a	arrow_up
5605.024	0	2802512	depth_rating	silent_probe	rating-nosapo-probe-meditation_depth-3	3	n/a	n/a	n/a	n/a
5611.052	0	2805526	clicker_press	silent_probe	response-received-arrow_up	n/a	n/a	n/a	n/a	arrow_up
5611.536	0	2805768	clicker_press	silent_probe	response-received-arrow_up	n/a	n/a	n/a	n/a	arrow_up
5611.986	0	2805993	clicker_press	silent_probe	response-received-arrow_up	n/a	n/a	n/a	n/a	arrow_up
5615.082	0	2807541	confidence_rating	silent_probe	rating-nosapo-probe-confidence_depth-3	n/a	3	n/a	n/a	n/a
5618.530	0	2809265	prompt_window_end	silent_probe	probe-nosapo-probe-end	n/a	n/a	n/a	n/a	n/a
5659.612	0	2829806	silence_end	silent_probe	silence-end	n/a	n/a	n/a	n/a	n/a
5659.614	0	2829807	subblock_end	silent_probe	subblock-end-duration-136.137	n/a	n/a	n/a	136.137	n/a
5659.614	0	2829807	subblock_begin	silent_probe	subblock-begin	n/a	n/a	n/a	n/a	n/a
5659.614	0	2829807	silence_begin	silent_probe	silence-begin	n/a	n/a	n/a	n/a	n/a
5775.184	0	2887592	silence_end	silent_probe	silence-end	n/a	n/a	n/a	n/a	n/a
5775.184	0	2887592	gong_begin	silent_probe	gong-begin	n/a	n/a	n/a	n/a	n/a
5785.276	0	2892638	gong_end	silent_probe	gong-end	n/a	n/a	n/a	n/a	n/a
5785.276	0	2892638	subblock_end	silent_probe	subblock-end-duration-125.662	n/a	n/a	n/a	125.662	n/a
5785.276	0	2892638	subblock_begin	silent_probe	subblock-begin	n/a	n/a	n/a	n/a	n/a
5785.278	0	2892639	silence_begin	silent_probe	silence-begin	n/a	n/a	n/a	n/a	n/a
5803.626	0	2901813	prompt_window_begin	silent_probe	probe-nosapo-probe-begin	n/a	n/a	n/a	n/a	n/a
5810.304	0	2905152	clicker_press	silent_probe	response-received-arrow_up	n/a	n/a	n/a	n/a	arrow_up
5811.438	0	2905719	clicker_press	silent_probe	response-received-arrow_up	n/a	n/a	n/a	n/a	arrow_up
5812.486	0	2906243	clicker_press	silent_probe	response-received-arrow_up	n/a	n/a	n/a	n/a	arrow_up
5812.670	0	2906335	depth_rating	silent_probe	rating-nosapo-probe-meditation_depth-3	3	n/a	n/a	n/a	n/a
5818.882	0	2909441	clicker_press	silent_probe	response-received-arrow_up	n/a	n/a	n/a	n/a	arrow_up
5819.764	0	2909882	clicker_press	silent_probe	response-received-arrow_up	n/a	n/a	n/a	n/a	arrow_up
5822.728	0	2911364	confidence_rating	silent_probe	rating-nosapo-probe-confidence_depth-2	n/a	2	n/a	n/a	n/a
5826.192	0	2913096	prompt_window_end	silent_probe	probe-nosapo-probe-end	n/a	n/a	n/a	n/a	n/a
5881.762	0	2940881	silence_end	silent_probe	silence-end	n/a	n/a	n/a	n/a	n/a
5881.764	0	2940882	subblock_end	silent_probe	subblock-end-duration-96.486	n/a	n/a	n/a	96.486	n/a
5881.764	0	2940882	subblock_begin	silent_probe	subblock-begin	n/a	n/a	n/a	n/a	n/a
5881.764	0	2940882	silence_begin	silent_probe	silence-begin	n/a	n/a	n/a	n/a	n/a
5881.828	0	2940914	silent_probe_end	silent_probe	block-nosapo-probe-end	n/a	n/a	n/a	n/a	n/a
5881.830	0	2940915	block_duration	silent_probe	block-nosapo-probe-duration-2100	n/a	n/a	n/a	2100.000	n/a
5881.830	0	2940915	break_begin	break	break-begin	n/a	n/a	n/a	n/a	n/a
6006.142	0	3003071	clicker_press	break	response-received-enter	n/a	n/a	n/a	n/a	enter
6006.174	0	3003087	break_end	break	break-end	n/a	n/a	n/a	n/a	n/a
6035.834	0	3017917	clicker_press	n/a	response-received-arrow_up	n/a	n/a	n/a	n/a	arrow_up
6035.852	0	3017926	post_meditation_begin	post_meditation	post-meditation-begin	n/a	n/a	n/a	n/a	n/a
6335.886	0	3167943	post_meditation_end	post_meditation	post-meditation-end	n/a	n/a	n/a	n/a	n/a
6335.886	0	3167943	prompt_window_begin	post_meditation	probe-post-meditation-begin	n/a	n/a	n/a	n/a	n/a
6343.414	0	3171707	clicker_press	n/a	response-received-arrow_up	n/a	n/a	n/a	n/a	arrow_up
6344.162	0	3172081	clicker_press	n/a	response-received-arrow_up	n/a	n/a	n/a	n/a	arrow_up
6344.912	0	3172456	depth_rating	post_meditation	rating-post-meditation-meditation_depth-2	2	n/a	n/a	n/a	n/a
6351.090	0	3175545	clicker_press	n/a	response-received-arrow_up	n/a	n/a	n/a	n/a	arrow_up
6351.656	0	3175828	clicker_press	n/a	response-received-arrow_up	n/a	n/a	n/a	n/a	arrow_up
6352.256	0	3176128	clicker_press	n/a	response-received-arrow_up	n/a	n/a	n/a	n/a	arrow_up
6352.822	0	3176411	clicker_press	n/a	response-received-arrow_up	n/a	n/a	n/a	n/a	arrow_up
6355.020	0	3177510	confidence_rating	post_meditation	rating-post-meditation-confidence_depth-4	n/a	4	n/a	n/a	n/a
6356.070	0	3178035	prompt_window_end	post_meditation	probe-post-meditation-end	n/a	n/a	n/a	n/a	n/a
6365.244	0	3182622	task_end	n/a	task-end	n/a	n/a	n/a	n/a	n/a
